res_x,res_y,res_z,res_norm,reproj,area_px,obliq_deg,cam_range,gripper_perp,gripper_dz,cx,cy,obj_yaw,det_x,det_y,det_z
-0.019406781020621183,0.0037058311183185144,-0.004717561871419584,0.020312846276937958,0.10909542441368103,337.5,47.19358403408651,0.3904016793536229,0.08972244756483566,0.17054719544422703,299.25,79.5,-3.09843153353542,0.12610946270434018,-0.37429444915449045,0.8497175618714197
-0.021213210193115978,0.00425511686560931,-0.004326282083232047,0.022064066327424938,0.08285501599311829,386.0,48.92655787025629,0.38685623790903806,0.09684732107493643,0.15807985888093912,297.5,39.0,-1.8947778204853747,0.13961417133501153,-0.36569657935984573,0.8493262820832321
-0.019300122883151027,0.0018026643654220076,-0.0021263494589638388,0.019500402666117644,0.3061743974685669,369.0,32.85908140378271,0.3322532163696671,0.0772131900190582,0.17405086994908514,249.5,98.0,2.0142431886915357,0.10581175433476578,-0.25048251937030164,0.8471263494589639
-0.026761213467628525,-0.00324199215331325,0.0010524398807473245,0.026977410718686746,0.22307266294956207,318.0,37.941494740854736,0.3508998904813311,0.09180592834101321,0.17318226533365122,178.0,32.25,0.8880111664355301,0.21454122768979472,-0.1550153151098922,0.8439475601192528
-0.01874232956277745,0.0034695788133521366,-0.0022954850739963506,0.019198493334289638,0.17447137832641602,469.0,35.06277135899532,0.3211418459437963,0.08209568434754796,0.15494447018544255,274.0,97.75,-2.8401713487074964,0.06943118836228498,-0.26290432584835804,0.8472954850739964
-0.016715946108337543,-0.003898032218096509,-0.00942729578852508,0.019582936841916896,0.07938709110021591,492.0,28.194960050011282,0.27096881720564425,0.0762285401153382,0.14364647107166173,215.5,86.5,-0.32025640257791765,0.06851409698338487,-0.20806795853869234,0.8544272957885252
-0.021818255929964003,-0.003910626620974203,-0.0025451447918085623,0.022311590136190468,0.048651669174432755,416.0,29.97206922128851,0.2989069250432953,0.0850848186112386,0.1569701171047454,181.0,55.5,-1.8492117330652154,0.1379813241726294,-0.10857355143292459,0.8475451447918086
-0.020215075442035685,0.000603749729439329,-0.0065242936549751995,0.02125041638555212,0.06505332142114639,363.0,47.47021345125913,0.391912443676486,0.09551855984746783,0.16570783345026696,292.5,45.5,1.4261161402810165,0.18228279655035715,-0.30645723109353573,0.8515242936549753
-0.016824901337378927,-0.0024129742068754734,-0.0026373548424067916,0.017200447380819724,0.12276393920183182,430.5,16.41081892567764,0.2822388679790392,0.05797926861690208,0.16672464445214807,204.5,122.25,0.901088783820322,0.03912709429548488,-0.18348811653871358,0.8476373548424069
-0.02309839021479737,0.0011721435100494615,-0.005177194573550148,0.023700483003002176,0.19660614430904388,334.0,50.54314782352087,0.4071171783372246,0.09860201613968544,0.16134756271623607,283.0,22.25,-1.469684146758769,0.23775414010935125,-0.2688376677599774,0.8501771945735502
-0.025366093829760822,0.004802785395927045,-0.001713448041323229,0.025873565040981008,0.05954138562083244,359.0,48.69713812143384,0.396435861224515,0.09834528163411159,0.1644258304514602,281.0,23.5,0.8989598840266212,0.2049708675327601,-0.2799986363712903,0.8467134480413233
-0.015607374951134602,-0.00455097335315674,-0.012774009340896786,0.020675512713540258,0.062076013535261154,435.0,40.86866152720613,0.32053874594652154,0.07780644448556977,0.15188090313918423,278.5,116.0,2.9183909610982184,0.04616936942550438,-0.29491425209623173,0.8577740093408969
-0.017504064686644567,-0.004811149558086328,-0.001717331005500089,0.018234271754225987,0.15519700944423676,410.5,7.249278506093299,0.28279531158913623,0.06134383052343461,0.17168262758972064,174.25,108.25,-0.20452311124612307,0.05832946236566768,-0.08374373196036307,0.8467173310055002
-0.017991789438703124,-0.004829376606567182,-0.006029359038676185,0.019580105618508648,0.1778028905391693,451.0,24.553113866107534,0.273259781171297,0.07527684827170601,0.15453027396824026,175.75,80.75,-2.0240371667183754,0.07751942441238309,-0.11359984798201536,0.8510293590386763
-0.01815730992613878,-0.005861295302240166,-0.006381843200483739,0.020118911725276818,0.24788717925548553,624.5,19.900584130939208,0.24340648919145985,0.07972000985591912,0.12793632657830856,150.75,71.25,-1.282073845459744,0.05735681685332918,-0.1012535653403894,0.8513818432004838
-0.017703494552239546,-0.0035227307328879187,-0.00999133560709975,0.020631290274515254,0.058530937880277634,582.0,36.16660489176485,0.27729103505678765,0.09285868273888716,0.1291815797920428,216.5,35.5,-2.893278874006173,0.11988391807157582,-0.18003442834540132,0.8549913356070998
-0.015436503233401792,-0.005402922969672139,-0.009205121920195403,0.018767298107524606,0.09864947944879532,462.5,18.843104923995952,0.26555219960739906,0.04043742021598689,0.15988672105617863,175.75,145.5,0.36189518256547604,0.017378532572363842,-0.10805496153251563,0.8542051219201955
-0.024296637372239444,0.00911292700935551,0.0008151142552936808,0.025962211722523304,0.1816467046737671,393.5,46.663393177460556,0.3862918826887299,0.0949925656524466,0.16020518229659098,301.75,52.5,0.78521764568814,0.14739083375612855,-0.34386277809627297,0.8441848857447064
-0.019199681978736033,-0.0020269501009918256,-0.007050573849029962,0.020553513237330914,0.05483872815966606,512.0,36.33856314826756,0.29100925306732933,0.09026210345097893,0.13925428186501776,229.0,48.0,0.05992247792161328,0.10731871929119172,-0.20431044635380027,0.85205057384903
-0.019869367925904796,-0.002180716094921903,-0.007145899238438669,0.021227604207435753,0.07723172754049301,452.0,39.81673199995504,0.3134124362898287,0.09300570115427038,0.14527489359966483,228.0,36.5,0.14698604223671444,0.15054783413328987,-0.1963566858801608,0.8521458992384388
-0.018434094335113782,-0.0012475637426236363,-0.009580578530194117,0.020812489861162686,0.12893560528755188,352.5,51.19502813780691,0.39696942865978546,0.09629336222595059,0.15584809516927944,302.25,44.5,-2.9841936580063826,0.16994108942207625,-0.37096128740770196,0.8545805785301942
-0.01953612922079198,-0.004484019161592093,-0.007510231795866851,0.021404914258194466,0.0792245864868164,449.0,37.99833612266736,0.2969927824125327,0.09144954266793397,0.14245480347966366,183.5,35.5,-0.07848135616078139,0.14815901520439662,-0.09527848938607332,0.8525102317958669
-0.026120890141984848,-0.0006283612377382397,0.003932568167416273,0.02642273324329088,0.11052189022302628,285.0,35.381417959171834,0.35734028315509,0.08647894625156596,0.18673924417371024,197.0,51.25,-2.3333851815364377,0.19347467160576992,-0.2091635826667824,0.8410674318325838
-0.015811699056090478,-0.0007300574903708057,-0.00768684537309372,0.017596317875324695,0.1313031166791916,562.5,34.31648105111792,0.2846076016856286,0.07515555530483944,0.13827988784653344,270.25,119.5,2.692959401742336,0.005668273643134811,-0.26533880208866467,0.8526868453730938
-0.01620356681796107,0.002023792642788569,-0.0051916220728567275,0.01713488412661455,0.030484026297926903,514.0,38.85404303957839,0.314916532872381,0.08021279242550736,0.146756432696307,290.5,117.0,-0.29104469157880614,0.02019830882056118,-0.3043562094840037,0.8501916220728568
-0.018089276086338833,0.002556322873497885,-0.001115455787835229,0.01830303083032899,0.12003328651189804,432.0,31.78597574966055,0.32135391229431715,0.07749852654136725,0.16814340731281574,261.75,105.0,-2.983518810197169,0.052550679020947726,-0.25574945920210573,0.8461154557878353
-0.017727333757449643,-0.0036904601729028097,-0.00721470865148488,0.01949179005021361,0.13594336807727814,447.0,23.766725945524623,0.2798617597792802,0.07511314732874233,0.15470473928288098,198.25,84.0,-2.0335160370791994,0.08462304948651339,-0.1774321827552844,0.852214708651485
-0.018515233964357072,0.00011292407871574262,-0.0062522744857054224,0.01954271160425386,0.13961024582386017,377.5,40.56398382409716,0.3394483789879895,0.0827394171318552,0.16525072062534119,268.25,91.5,-2.8196581339914357,0.10725876790930394,-0.24925495829539204,0.8512522744857055
-0.019863665334507064,-0.003134365493563024,-0.005322445616470661,0.02080187190876879,0.12480001151561737,352.5,32.79999454278509,0.3174401498811505,0.08191770556149837,0.17002357975651072,205.5,67.75,-0.7128344148170791,0.14675066016297555,-0.18535024790199542,0.8503224456164707
-0.015135527855200703,-0.004800707377953864,-0.003049941316422,0.016168894112397268,0.1165539100766182,409.0,12.62171545322794,0.2892755964086177,0.031369578572757385,0.18421039078249313,172.25,159.25,-0.6761936438108637,0.009746717776069008,-0.10855995223138527,0.8480499413164221
-0.01983854019204967,-0.004568269651989823,-0.006462746185011081,0.021358929112123965,0.04430799186229706,511.0,33.98491650768639,0.28442866307070785,0.09145756519128764,0.13612867653477378,173.5,35.0,-1.8673976890781878,0.13785134961252832,-0.11420123403882611,0.8514627461850112
-0.01577639785287075,-0.002390367520354264,-0.008569614471986453,0.01811206444039191,0.08725009113550186,428.0,30.52095869230162,0.3030724488181674,0.06566440965492368,0.16550920901702304,245.5,129.0,0.28811698773216315,0.0364311818748834,-0.23125061847733377,0.8535696144719865
-0.016495670902976267,-0.0019906597237006607,-0.009733232723327268,0.01925631594883379,0.06289069354534149,405.0,39.79998892393374,0.3327977525209927,0.08165727954553836,0.16360661901194995,273.5,98.0,1.9196094903011873,0.0767637587899064,-0.2769612802131404,0.8547332327233274
-0.020513988692724083,0.0014806652763035277,-0.005632577266583394,0.02132468120300265,0.12904533743858337,342.0,46.04710462584993,0.3871548712469494,0.09235797716118314,0.17176805097586012,287.25,60.0,-2.997406310218489,0.17061809138961223,-0.29770257318932314,0.8506325772665835
-0.019598184966034993,-0.003654139890294672,-0.007266948167151455,0.021219098189245195,0.08456975966691971,380.0,38.36359956346432,0.3129443166007084,0.08863710689938005,0.1560063016834038,198.0,46.5,-1.7577146073809637,0.16300872216775708,-0.1457203427417231,0.8522669481671515
-0.01924107486380776,-0.0017954598478768236,-0.004691223934078836,0.019885930201518527,0.08801630884408951,364.0,30.76517164361736,0.3091831430493258,0.07581176607665681,0.17134763966885103,214.0,86.0,-0.8132604475578672,0.1036247164291809,-0.19844010545147353,0.8496912239340789
-0.022862118887448546,-0.0026575609572712655,-0.0019242804932793067,0.0230963626071782,0.20003950595855713,343.5,34.75547649133901,0.32957778198475174,0.08749466083408808,0.16955429476479555,191.25,48.5,-0.6844831916293604,0.1723791048237772,-0.15916469506530354,0.8469242804932794
-0.015815421084763193,-0.0006563619093596929,-0.0074475973962856434,0.01749357202007615,0.1105206161737442,444.5,36.472201089372426,0.3255653940485153,0.07241205185225141,0.1624247703381798,276.5,134.75,-2.7025639748623007,0.03005188857491596,-0.27895694299255663,0.8524475973962857
-0.017297648920024944,-0.0004219874338404761,-0.004955398561687918,0.0179984084424134,0.0414116196334362,497.0,30.70712948529915,0.2898960937438406,0.07812241098416038,0.1485722633203318,248.5,96.0,-1.2481064737904113,0.04525087828927524,-0.22538744589073176,0.849955398561688
-0.032523874827668386,-0.005680983309102827,0.00988281496842558,0.03446369157336867,0.22242559492588043,264.5,34.98330146217224,0.37054362858057893,0.08792317252668601,0.1946119617384331,159.25,44.75,2.3615250188741506,0.2327844161403503,-0.10040108917076898,0.8351171850315745
-0.02849278208489356,0.008105018837656297,0.002348795418098071,0.02971610339886563,0.19596104323863983,245.5,48.85577617220565,0.4366065823580597,0.09482261929480565,0.18774903647833396,269.5,38.75,-0.06283496802646932,0.23995754073286474,-0.3231494724409008,0.842651204581902
-0.01731725186409567,-0.0007480106061642233,-0.0014309171148635391,0.017392361995458478,0.16208936274051666,492.5,21.48645607308655,0.27565670405177073,0.06632550618184976,0.1520634901111596,224.75,114.25,2.9451296046884488,0.04276660274458057,-0.1996006438028712,0.8464309171148636
-0.026530849991614286,-0.000696435914736171,-0.0006462543043818103,0.026547856201335845,0.2220306396484375,327.0,43.44371765510173,0.36153043070337165,0.09574193387263052,0.16323307315855184,204.75,18.75,0.6634395077296494,0.2309048062914201,-0.1915020699138516,0.8456462543043819
-0.018793192850518545,0.0007616507113559767,-0.005046736973362109,0.019473925218126686,0.20435823500156403,423.5,37.321289696809245,0.3261393891159935,0.08560614978837486,0.15974094869817623,262.25,76.75,2.5293238267890508,0.08499734777371497,-0.29776292551458167,0.8500467369733622
-0.01680790349227433,-0.0034295705676587462,-0.0061470040157105554,0.01822232785495093,0.07085556536912918,406.0,20.342099044616102,0.28710284253337054,0.05915797349416177,0.16881453306792749,204.0,119.5,1.4199847489981152,0.05326738738914942,-0.18369162528614805,0.8511470040157106
-0.018404268183502118,-0.004770657929407812,-0.0012006564442650358,0.019050402629520593,0.008914357051253319,433.0,10.266253726159798,0.27720222750298246,0.06574708268872344,0.1650603011891486,167.5,99.5,-2.215767546799063,0.0683267616505115,-0.11886918494180404,0.8462006564442651
-0.02395004897354397,0.005693952295875382,-0.0009657177423290086,0.02463652875996755,0.3123486638069153,302.5,47.282876819642524,0.4126245228686295,0.09424389287787566,0.1790213986560728,284.75,48.75,-2.809269347080695,0.19529893388196257,-0.3371816516870748,0.8459657177423291
-0.016478580521840216,0.0017374152050977365,-0.004574772463484811,0.01718984498773434,0.14916349947452545,447.0,37.36627780590001,0.32139894723193413,0.07651561244984607,0.15755015041923504,276.75,120.0,-0.6489796498978103,0.03420120002212741,-0.2883357555570568,0.8495747724634849
-0.015661257448588393,0.0014537244640278335,-0.0010197108174410108,0.0157616023880659,0.0483795702457428,480.0,22.477413609288266,0.2944739038218173,0.06263079858685545,0.16186314261231216,243.5,137.0,-2.510956157985262,0.007453676409175639,-0.22911516774497168,0.8460197108174411
-0.020867598059438608,0.002378831205474996,-0.001384621247142559,0.021048341090747894,0.30426549911499023,462.0,33.69046212246459,0.31889666133941696,0.08595417811843022,0.15664130963766887,259.5,75.0,0.2831011517152762,0.10318951033508449,-0.24072470985691694,0.8463846212471426
-0.01669964844758688,0.00035910300441324705,-0.0022100952229493487,0.01684908704159585,0.19342096149921417,448.5,24.158264557260637,0.2937933851349673,0.06700805986905119,0.16324344063984786,235.25,118.5,-0.5549285848550369,0.035503407581292404,-0.20961667925825012,0.8472100952229494
-0.016060992753738748,-0.002372284915127365,-0.0057631271689988495,0.017227793205174077,0.09146048128604889,454.0,22.079749647506546,0.27909611184154415,0.06021705851923783,0.1611135511038414,217.0,124.0,2.410647129115831,0.03781171269449403,-0.17365350471158572,0.8507631271689989
-0.019702460556906554,8.6428071982253e-05,-0.004578782095419065,0.020227695550541967,0.23549988865852356,366.5,37.918567320721856,0.33943351058620713,0.08367674636700834,0.16597973044429948,255.25,80.5,-1.9307345742778477,0.1415360167539415,-0.22398905421193574,0.8495787820954191
-0.01965281649890971,-0.0016835367750645536,-0.008632900081762429,0.021531243722425934,0.06969665735960007,368.0,47.68870368318177,0.36510036258033507,0.09662154397827205,0.1542680626726597,260.0,27.0,-1.7470984437716581,0.20587295318784568,-0.24442476724224518,0.8536329000817625
-0.0216531320039636,0.0027015421992215294,-0.004236329128461835,0.022228426402242277,0.05147995799779892,387.0,46.63091847088568,0.37746881352903383,0.09503378953587793,0.15883930822097247,290.0,47.5,2.529113960353583,0.16572332951868504,-0.29042115107229044,0.8492363291284619
-0.016486531605565943,-0.004943674158416483,-0.01201390631857091,0.02098998769883674,0.07684237509965897,486.5,28.529643297313708,0.26347505701847407,0.07758108366683565,0.13898729004896637,177.25,75.5,2.9797962209651567,0.10048906587505486,-0.12538832442994619,0.857013906318571
-0.018604662797899477,-0.005429399252053033,0.0023131212358207254,0.019518257706909795,0.017333034425973892,401.0,5.226563512558154,0.28478535630984014,0.058617617909084166,0.17465300573368403,160.5,112.5,1.5778951254589286,0.06698170084220165,-0.09474871430233932,0.8426868787641794
-0.017976449113911774,-0.005686051251306168,-0.0019422362314789332,0.018954054530796554,0.24716229736804962,462.5,10.107023702054285,0.2691402159357579,0.06611623254045247,0.15873275284016508,150.75,99.75,-1.5701114481947867,0.05442996146730958,-0.10887408700069925,0.846942236231479
-0.023422324092754465,-0.005381660038085656,-4.472290840995541e-06,0.024032635117126454,0.13297051191329956,279.0,31.28289756352929,0.3425046347242292,0.07950962996409992,0.18914830759001033,158.0,67.75,0.9529508428305596,0.17798916394807351,-0.14874817988511888,0.8450044722908411
-0.023396104893433578,0.003190034145677534,-0.0017514094260088209,0.023677446589796116,0.057938192039728165,318.0,42.41580855203238,0.38123191314906096,0.0920852226126244,0.17390055168749985,257.5,48.0,-0.38735123238705016,0.19101082135353045,-0.294770101544937,0.8467514094260089
-0.023270167102132977,0.005623382489120865,-0.002517299754838831,0.024071973447057776,0.1217208281159401,337.0,50.8219163033589,0.40690677380457685,0.096915785864621,0.16304047624628948,298.0,38.75,-0.6149762618068422,0.1799455374259478,-0.3602716262278876,0.8475172997548389
-0.014097814791216192,0.005115055513937872,0.0016303382536446698,0.015085429315050912,0.07540303468704224,426.0,31.625622836125178,0.3390615610406668,0.0639462547584972,0.1822956625733202,270.0,159.5,2.5229204499135345,6.688350058248367e-05,-0.2888406797948041,0.8433696617463554
-0.015447650943195904,0.0006954355895723019,-0.005934108709399366,0.016562825740103482,0.13261668384075165,421.0,36.368511340908846,0.32879981066057506,0.06905148209770837,0.16931072280544834,272.0,142.25,1.7776755587227473,0.027147349624058265,-0.29034265048594965,0.8509341087093995
-0.015510370463616087,0.0024134044850760428,-0.0009311166717228536,0.015724601469784844,0.2120528519153595,484.0,25.285093021886425,0.2957754817489566,0.06477525713421728,0.15875343148837162,249.25,134.75,0.32930819292844715,0.0034433019977969815,-0.24521872613332296,0.8459311166717229
-0.029445523110293248,-0.006766993341075389,0.002499132906213841,0.030316277729957108,0.15917447209358215,315.0,38.96432366168661,0.35942738512074346,0.09358892615316983,0.17152279147237037,152.75,25.0,-0.9116485117039543,0.23519982546590423,-0.08118772152556766,0.8425008670937862
-0.017645449222145948,-0.003399713331265264,-0.0017809872740025545,0.01805801330867471,0.13178113102912903,365.5,16.82001837600453,0.2949314115724378,0.0536869857104494,0.18247949054813795,185.25,123.5,-1.73286091807962,0.06768225309381017,-0.12974109167772865,0.8467809872740026
-0.015823847885519604,0.0045973003363711795,0.0011325250044982305,0.016517019863543047,0.08101169764995575,422.0,31.503522783232544,0.32961978659946967,0.06714206860730579,0.17503578385681673,265.5,143.0,2.6631627226575376,0.01546771592368214,-0.27024422797366093,0.8438674749955019
-0.021904400877291952,0.004267776069908524,-1.5710552296432923e-05,0.022316293088177654,0.22039851546287537,373.0,39.28984094769341,0.3521885293720172,0.08788196219691898,0.17049055774298238,265.25,70.0,-3.052816740056274,0.13452001201264815,-0.26028868764196783,0.8450157105522965
-0.018989455894068058,-0.00011067077462328934,-0.006577456856685537,0.020096632102784572,0.04472474008798599,432.0,39.4151150546819,0.3260536349431614,0.09003268874468488,0.15392562756678574,256.0,57.0,-0.5433826115423923,0.11398934580231519,-0.26929373685553043,0.8515774568566856
-0.021048432216294904,-0.0025473143301093237,-0.0068419932839611786,0.022278648548736332,0.15439777076244354,462.0,42.594378700770726,0.3268570720247127,0.09690247192222928,0.1441712542109811,234.0,19.25,-1.935453989507391,0.17792051412288618,-0.20300375327732714,0.8518419932839613
-0.01891031627898125,-0.0006080106468543955,-0.0069537575073984614,0.020157491961786615,0.24509204924106598,434.0,42.78118729151081,0.32888207150553295,0.08991587877620569,0.14488349897351382,270.0,63.25,-1.0391220725597619,0.12170636552199539,-0.28582523487848904,0.8519537575073985
-0.01971772290786733,-0.0009320874656960076,-0.005194945744136925,0.020411879996699717,0.08960247784852982,298.0,38.14849104897987,0.34753730025688123,0.08120551570763972,0.18090122893567429,231.0,76.5,0.6774236955582438,0.14005587652554785,-0.27335608733475886,0.850194945744137
-0.02088131955239425,-0.0036142789128762037,0.0004542238087920092,0.02119667043612599,0.2007683664560318,357.0,20.962016413357485,0.3127177133286385,0.07798056832932419,0.17817663326458,178.0,72.75,2.508669035181512,0.130893369667004,-0.12188056679794358,0.8445457761912081
-0.021128395151717813,0.0017581778013902039,-0.0013165350134636267,0.02124225824412531,0.05073158070445061,398.0,35.177473944953725,0.32310582815871497,0.08432786211920305,0.16188264500687588,244.0,73.0,-1.990711923726253,0.11907867589832499,-0.235815473418818,0.8463165350134637
-0.026151019822802296,0.0024566649835897347,0.00379530277389839,0.02653894051690375,0.033780161291360855,355.0,34.22524553564729,0.3436993567523778,0.08970562074667537,0.17433891513013144,218.5,46.0,-2.034222523355146,0.16365474333912683,-0.2350280479597222,0.8412046972261017
-0.025167828112590745,-0.004918869721638963,0.0018110248597793532,0.025707871601634166,0.11726931482553482,315.0,32.63470236000116,0.332872159956455,0.08423249757554505,0.17512285142922102,162.0,55.75,-2.47857417949134,0.1810304604811921,-0.11691125480847939,0.8431889751402207
-0.016206498894738172,-0.004622914400170541,-0.007471861588393858,0.018435038908897625,0.1830824911594391,438.5,21.860503977008232,0.27537566461474006,0.053378168163452436,0.16442809117632295,200.5,129.75,1.0411342560920684,0.025399027013047873,-0.1488111728604776,0.8524718615883939
-0.019559457043319795,0.0006416493194913442,-0.006370848086878489,0.0205808595307572,0.09217387437820435,323.0,44.2340950427294,0.37500829643880884,0.08897762741087925,0.17276275822297638,272.0,67.5,-1.617150310331834,0.1520057311559178,-0.3191976065323738,0.8513708480868786
-0.019590736947763962,0.007831233994814113,-7.19208332677912e-05,0.021098113011458492,0.1989898532629013,376.5,44.33224764514872,0.37625328359200044,0.0874668499993033,0.16574724809116892,300.75,91.5,2.3114071547729313,0.10015300489970717,-0.3693994752945964,0.8450719208332679
-0.024000241575363845,-0.0031273217926956753,-0.004141837549897831,0.024554970078593787,0.11355122923851013,325.5,42.93366089959298,0.3483086471890129,0.09333574620730574,0.16143509887185192,200.5,28.75,2.4452461055945576,0.22348749750583896,-0.15540061928395704,0.8491418375498979
-0.026111299735173538,-1.4198432387091398e-05,-0.001291333971307429,0.02614321554210592,0.21370235085487366,315.0,42.381661319958894,0.367962745515361,0.09369171089238713,0.16673555230385284,224.0,31.25,1.469998061835708,0.22376765338127128,-0.21212207858738114,0.8462913339713075
-0.020649103696949125,-0.00011959752113227529,0.0013619517705716344,0.020694315636903344,0.23884856700897217,370.0,27.03124690499365,0.30992479957517205,0.0760070781092638,0.1745259133850975,211.25,85.25,-1.0995605668130686,0.10720921178895328,-0.183949999395254,0.8436380482294284
-0.025225804036894256,0.013388263194551053,0.004535097291736401,0.02891632563310691,0.2561626732349396,406.0,44.1485129874407,0.3937777230692479,0.09610549268354442,0.16510820435002993,301.25,45.25,-0.9833582729685157,0.13923068502185623,-0.37645431677012625,0.8404649027082637
-0.01868400754584698,-5.417663032358799e-05,-0.0037909680687120417,0.019064797716695933,0.1979694962501526,458.0,29.875995215279445,0.2980111389149325,0.08062467106929543,0.15267143768558855,237.0,82.25,-0.40837318567714875,0.10356970724746112,-0.20476059507992986,0.8487909680687121
-0.02685234731333136,0.0026584510707071407,0.0013543969950616797,0.027017592593555594,0.19424031674861908,327.0,42.56896256858924,0.3669812398376555,0.09341599073293916,0.1703574622734365,237.75,36.25,-2.685295958110296,0.20895036737594316,-0.24442304087793695,0.8436456030049384
-0.015224097942286812,-0.0052806809185685505,-0.013455348800097022,0.020992978837038538,0.09417667984962463,469.0,16.39863836800108,0.2623796219328342,0.04111995317489716,0.15848431042226185,180.5,146.0,-1.8295887679206706,0.005900801755622799,-0.10971384940321201,0.8584553488000971
-0.01615031400684854,-0.0007982122681440551,-0.00536343987693233,0.017036322157622276,0.20649240911006927,472.5,30.917910170678553,0.29013573313039226,0.06424475747912452,0.15258348620680406,247.75,135.5,2.2238080840606282,0.019324298330041713,-0.24013401065569678,0.8503634398769324
-0.02177506833056078,-0.0014371976036502143,-0.005140362793649489,0.022419689279801917,0.17725147306919098,300.5,41.200672827557746,0.3659289469808599,0.08970360773470576,0.17709015636774283,233.75,49.5,0.6119143086612907,0.1892907449667326,-0.24085717165476192,0.8501403627936496
-0.017496637225461742,-0.0016537475499192322,-0.006420072889441908,0.018710545985193068,0.08203930407762527,371.0,33.23080844536724,0.31868057947599326,0.07249248075488154,0.1710341208934546,241.5,107.0,0.5137558742871131,0.09061671274226314,-0.21895680284537813,0.851420072889442
-0.029608217435178885,0.0021304024789538245,0.0030434783918500408,0.029840373910740826,0.17428764700889587,352.5,41.12605239756052,0.3653069141027954,0.09602088252032298,0.1624440850160792,223.75,20.5,-2.1924198451946335,0.22204523062338355,-0.21103739221041154,0.84195652160815
-0.016105792176484376,-0.001095202782984639,-0.006334919599869648,0.017341488318618307,0.20579813420772552,419.5,29.90407897967337,0.3112933711115114,0.06743226624748416,0.16892403082129792,249.75,127.25,3.1048234563591275,0.03537654620320374,-0.2555498202907783,0.8513349195998697
-0.021833294202845438,-0.0027586448651382434,-0.007049001150949419,0.023108251220420036,0.16181202232837677,320.5,44.879424381767286,0.35869238520508895,0.09474230092823654,0.15925695244202986,214.25,24.5,2.1144370416944454,0.23332880945230544,-0.20871686674363168,0.8520490011509495
-0.017603699774092887,-0.004190812178494874,-0.0050005537070731965,0.018773883184603615,0.1322394162416458,417.0,19.584412536643818,0.2756017157947755,0.05920747657993913,0.1636615759964145,177.75,112.75,2.763960814195331,0.06961350744664374,-0.13696611134491346,0.8500005537070733
-0.018088711687652845,0.0038105008808356766,-0.0023011334099254377,0.018628382174846886,0.16968485713005066,460.0,36.93426478410803,0.3267631274428193,0.08264393867371088,0.15973461188415106,280.25,99.0,0.8768147608622189,0.05441783077896564,-0.2865762980328246,0.8473011334099255
-0.027681443037036596,0.008755235182673626,0.0021536222007516592,0.029112789634457882,0.21424460411071777,246.0,47.98766233172085,0.4464888343206218,0.09348842644141217,0.1938357475565301,282.25,51.25,1.671930704849861,0.23241116983078106,-0.35512100082445985,0.8428463777992484
-0.014839509921459723,-0.0008185706528581194,-0.005742100988944898,0.015932759848502835,0.0833374559879303,451.5,29.836268458714866,0.30257517897834546,0.0575981574013623,0.16664267927613385,247.25,154.5,1.2710490921971502,0.0009999208611930575,-0.2528091219348913,0.850742100988945
-0.01988664162603157,-0.0021499868239584496,-0.00855302151671955,0.021754427953197805,0.1716747134923935,385.5,47.93097992068885,0.3584489450037669,0.09708981082479397,0.150928507770412,258.75,24.25,-2.0080526892416155,0.19533317747522375,-0.2355877520723532,0.8535530215167196
-0.020907344422028268,-0.0010702434771792668,-0.003575965949915827,0.021237937855562123,0.27174803614616394,318.0,36.632978009157746,0.3404394830660202,0.08386093799867417,0.17648569753707322,222.25,66.25,-2.8409740581886958,0.15503626918721494,-0.20288217657719806,0.8485759659499159
-0.019196015761917887,-0.005589782289901354,-0.004224721179033386,0.020434797679959253,0.1732499748468399,366.0,22.999524144802738,0.2964439453523285,0.07030790267876487,0.17312994933540116,165.75,89.75,2.587838918052371,0.11693602206149915,-0.09291830994500698,0.8492247211790335
-0.015737809407584034,0.0009262541392110468,-0.0026949696935940626,0.01599373168867218,0.08784309774637222,441.0,29.011415351270802,0.30559137947421217,0.06508197232230628,0.16667280629852577,249.5,134.0,-2.715416474811308,0.025980815507718698,-0.24112144167119295,0.8476949696935941
-0.02302828998413836,0.0014105120568711493,-0.0032232423905973473,0.02329551406096654,0.05608447268605232,330.0,44.55634076565616,0.379322460728873,0.09473159262179758,0.17277218778028136,255.0,35.5,-1.9504814676573063,0.19830178911142535,-0.2621610931552578,0.8482232423905974
-0.020776269807238124,-0.0033368638543732065,-0.004476013560058889,0.021513315524939618,0.08001420646905899,388.0,35.56646042842104,0.3066826094046131,0.08590943632754533,0.15582860834281553,198.0,55.0,-2.0919196921216874,0.1406578711328329,-0.1358284697123913,0.849476013560059
-0.018731071436977803,-0.0029390803428774592,0.00023657823546041623,0.018961729870994048,0.1624709516763687,465.5,15.038314007235023,0.27101718250452095,0.06949260060694733,0.15327945628961614,188.5,94.25,-0.8100951735811108,0.07134607479385124,-0.1348466395918705,0.8447634217645397
-0.02416913779458707,0.002656842239969648,-0.0019123927347508562,0.024389819154593005,0.2385694533586502,313.5,43.38586314394623,0.37816354045343403,0.09282279841737905,0.17213787970269456,251.25,42.75,1.9138499427511333,0.20727698634324182,-0.2861377022618327,0.8469123927347509
-0.016510171309745476,0.0036601058385658247,0.003623871364489384,0.017294929172824398,0.205611914396286,400.0,22.25806247176858,0.3206886791046017,0.06316401440996754,0.18260829465960027,242.0,132.75,0.10646355562895607,0.03421310111216893,-0.2452444218475703,0.8413761286355107
-0.023083627113860777,0.005972251374077142,-0.002673825335072544,0.023993144210990993,0.0687451884150505,275.0,51.7595200110852,0.44718743337318856,0.09610276525313266,0.17991878606431677,303.5,46.0,2.3436112896943135,0.21200278601485145,-0.39276004055667574,0.8476738253350726
-0.02269415971710459,0.003984042677268873,-0.00023445844021519058,0.023042405518520426,0.051646314561367035,355.0,40.527747583536694,0.35754891643722103,0.08924607154930778,0.16751480495934212,260.5,61.5,2.05362839301411,0.14415247725454772,-0.3014090005364098,0.8452344584402153
-0.016205915735156146,-0.003258983968388307,-0.011536034452731991,0.020157697592131225,0.07244475185871124,434.0,45.354191660197806,0.34760600249584017,0.08673788271138425,0.15290348396406162,302.0,96.0,-1.3064187183301965,0.07010357516205505,-0.34285305153327106,0.8565360344527321
-0.027741748062601684,-0.004868581743268194,0.006638731842188883,0.028937526401408974,0.20286588370800018,232.0,35.127384853285704,0.3661931053668347,0.07930560183124624,0.20568706325593222,164.75,68.0,-2.4383699577370743,0.20531205692518734,-0.09647413205261372,0.8383612681578112
-0.01726263647733997,0.003430470879263736,-0.0021609394439522367,0.01773235483185168,0.03165404871106148,461.0,35.6182351232648,0.32331293719575016,0.07956165003013363,0.15940388438210729,278.0,109.5,-1.412208544031653,0.03635697426062484,-0.30226798615733425,0.8471609394439523
-0.016765187551913203,0.0018497691924118098,-0.001879100741112416,0.016971275123315588,0.14378896355628967,446.0,28.394826841177927,0.30516757597461974,0.06805210369620496,0.1627689220849633,250.25,126.0,-2.693283994655253,0.04463105287578766,-0.24994775912137404,0.8468791007411125
-0.01686358294109641,-0.0004785264565117797,0.0006883167759199615,0.01688440692369242,0.11949842423200607,376.0,22.32234407436978,0.306235776460884,0.05472242614670571,0.18327567278786583,216.0,135.0,-1.372148428152238,0.03977484728515135,-0.20354047317174268,0.8443116832240801
-0.026046249493821644,0.00023492668261967942,0.006102334928142272,0.026752584824944227,0.23151877522468567,313.5,29.753641960917445,0.3389873187343535,0.0798250038206357,0.18382830621296353,209.25,73.75,-2.8407243988100066,0.16239178267341703,-0.1573302969750076,0.8388976650718578
-0.021133203968048214,-0.0026999024577868957,-0.006233580227587465,0.02219818248619607,0.25213319063186646,347.5,39.558384872492624,0.3394913643114756,0.09211090855107433,0.16235890984850843,200.75,33.75,-1.946547204450809,0.19350590327626754,-0.17842988570067356,0.8512335802275875
-0.021856849351604368,0.01272495342282548,0.005059942377774185,0.025792427572025888,0.30276116728782654,322.5,43.20071610924991,0.40878275992861013,0.085486081448246,0.18871831209119938,301.75,101.75,1.5671852379941533,0.11955189024658432,-0.3706034318699157,0.8399400576222259
-0.017242261964519986,-0.004404111073012362,-0.004617868195418984,0.01838522500995908,0.10119802504777908,470.0,18.334184894210956,0.2625934148714051,0.06510087360841821,0.15190304861705306,175.25,102.0,-0.3550995304591516,0.052311084428990656,-0.1390402211410374,0.8496178681954191
-0.029083517681421867,0.006306177011390857,0.002569959399812083,0.029870111491945513,0.045893654227256775,320.0,46.20270172950362,0.4050049459864129,0.09750696675607415,0.1723999379798783,263.0,22.5,-1.1069510222179104,0.231295627162576,-0.2958335878381038,0.842430040600188
-0.017680697639509538,-0.0027599928289661624,-0.008761927889080923,0.019924758712946987,0.12105726450681686,508.0,35.49531952783695,0.29013596004528225,0.08629830171765056,0.14263982106108763,243.0,67.25,0.925909114000808,0.0857776785210618,-0.2104787119100832,0.853761927889081
-0.02630882148768285,0.002690591204623005,0.0013607970458000551,0.02648103354669178,0.243101567029953,379.0,39.28569877932493,0.3545154209978712,0.09498855427408896,0.1651098465444113,232.25,27.75,-0.5718092877999754,0.1896939978977042,-0.24882689694969543,0.8436392029542
-0.02536234133904705,-0.0006809056203053443,-0.0011469639046269853,0.02539739193028716,0.10959002375602722,350.0,43.035783328074125,0.3414303956070592,0.0936833006536062,0.15918538575909102,211.0,29.25,-2.3347306578325586,0.19132984910490514,-0.1918024409153867,0.8461469639046271
-0.02207308330147538,0.0036369523246475577,-0.0008467915594899678,0.022386725633527872,0.14796984195709229,412.0,37.47352697202961,0.3399401496131626,0.0898121274846973,0.16178653975931145,258.75,59.0,-0.3110398519682262,0.11971322613360559,-0.2783429443873272,0.84584679155949
-0.016714573659208032,-0.003935385793018581,-0.007842332074263658,0.018877669514852938,0.07991430908441544,490.0,20.794042471657573,0.2612246242147947,0.06368157586424947,0.1486035400316792,199.5,110.0,-3.034669916369271,0.04417681837877467,-0.1564866965182395,0.8528423320742637
-0.018984891136067716,0.00166173587913937,-0.005743307069317916,0.019904095901920257,0.1101752519607544,375.5,43.16819128470697,0.3720333499005418,0.08696490223611755,0.17008712277833515,294.25,89.5,0.2713917005165041,0.11407710933219972,-0.3111333482223227,0.850743307069318
-0.021335491851278143,0.002966963432808667,-0.005238839804579065,0.022168706030023987,0.1175779178738594,327.5,49.27395360661992,0.39735770920602004,0.09404308148432151,0.16700011539401205,292.75,53.5,-1.959385488268571,0.18821621281733725,-0.33040090419045376,0.8502388398045791
-0.015060587004286956,-0.0056261409236302296,-0.008454599113397188,0.018164663189129064,0.035592496395111084,559.5,8.78197086668106,0.24467484040451226,0.05118635937417558,0.1399583903842383,135.75,131.5,0.5404176613949736,0.00794723463024746,-0.0859955146024435,0.8534545991133973
-0.019489678094047433,-0.002384943716287724,-0.0015141678043572027,0.01969335453596478,0.1972135603427887,444.5,23.000551337142838,0.280443385714451,0.07539324725535175,0.1561539909170262,193.5,82.25,-3.0246800813485546,0.08387122596717828,-0.15508569365956779,0.8465141678043573
-0.029655687064739977,0.0015518451836879221,0.0036736346450438884,0.029922626727297657,0.18562233448028564,343.5,41.11760970006389,0.36643630723183857,0.09567298277925956,0.17023088392632857,222.25,22.5,-2.2124843313241853,0.21693686473992319,-0.1944037634596215,0.8413263653549562
-0.02003700447580606,0.0005522508912115809,-0.0049719013053795,0.020652029730773448,0.06596893817186356,377.0,39.09396103658204,0.3407957638341685,0.08837984481723457,0.1625953232077345,252.0,61.5,0.21059636776424115,0.1444113606032908,-0.29310884819447286,0.8499719013053796
-0.018361625025506603,-0.0034669628470994085,-0.003320740937203581,0.018978841517134224,0.17670363187789917,372.0,19.90798339446772,0.29624446888870815,0.061224354298064124,0.1786758003529284,194.25,111.75,0.5085322295209979,0.07343212626631081,-0.14086298332067906,0.8483207409372037
-0.020507149305804412,-0.004796932966415632,-0.0012853935090140212,0.02109990462082364,0.06655286252498627,384.0,24.73609073608074,0.29581040596616137,0.07578503064906893,0.1687713247715793,172.0,78.5,0.1317783776923404,0.11448333505206022,-0.10241989444653336,0.8462853935090141
-0.030706063126516553,0.01714242732382265,0.008541695463823995,0.03618957983562219,0.0508376844227314,228.0,49.45645902806476,0.48007447950379323,0.09476743584812264,0.2059403329073929,294.5,49.5,0.1599108142796708,0.2312215798572987,-0.41850652953293993,0.8364583045361761
-0.021180643632602414,-0.0041534638796252715,0.00010189642611413419,0.021584283860538615,0.13080202043056488,386.0,23.218052309484612,0.2964990580394506,0.0760160648505568,0.16674963239131568,165.0,77.25,-2.5462047432682504,0.11480304008409599,-0.12368380575543701,0.844898103573886
-0.017317729196544784,0.0009753787560681793,-0.006972787629570876,0.018694247124977924,0.21926219761371613,389.0,44.4398783051915,0.36207902263425307,0.08811396409118961,0.16285990838659437,294.25,84.0,-1.3657110910714096,0.08631660859898192,-0.35684853558813073,0.851972787629571
-0.016219842161174725,0.009593766592360276,0.0038379525476230913,0.019231576038378027,0.13100072741508484,352.0,37.721999319063855,0.40621742390428395,0.07435720879884837,0.20774297482026716,300.0,151.75,2.7976245911944218,0.03851968436013317,-0.3468624631479212,0.841162047452377
-0.0210448879937557,-0.0003050856095320187,-0.006037642533699983,0.021895970297376856,0.07461840659379959,404.0,45.620176055677256,0.34085911782546463,0.09487504651684085,0.14966805306022568,254.0,34.5,-2.4081067295928307,0.17038946430396162,-0.2479354057856871,0.8510376425337001
-0.018345418589570894,-0.004992535509915144,-0.004971146874091614,0.01965177079268247,0.15473514795303345,360.0,30.304681638279302,0.299782501984556,0.07869222310545597,0.16476150545670054,171.25,70.75,-1.1990903314139485,0.12791066556358655,-0.1073502473650297,0.8499711468740917
-0.021353980196133243,-0.0026414679268998986,-0.0015883089126222938,0.021575276318684937,0.050784558057785034,405.0,26.66643769049192,0.30682618850598975,0.0830239470185934,0.1657431181525436,200.5,64.0,-1.3347068899714367,0.1260647060317535,-0.13877968368489454,0.8465883089126224
-0.017484780941030398,-0.005320859456851859,-0.009901282250953214,0.020786161264851933,0.12074054777622223,361.0,30.622348608716436,0.2942270238093574,0.07367675821172427,0.16466150393846302,162.5,82.5,0.05636802851070424,0.1279234919430844,-0.08899200478221438,0.8549012822509533
-0.016644885960180156,-0.0010268217163889592,-0.00824508678681013,0.01860344182098252,0.06113177910447121,487.0,38.95567709058348,0.3142468101316664,0.08226863215909684,0.15001185722221022,280.5,101.5,0.07035589336727528,0.05781772003574895,-0.2581603399241457,0.8532450867868102
-0.019703635954410825,-0.0037423514495326105,-0.006442024816685876,0.021065093114785098,0.09106102585792542,325.0,35.924899488386274,0.32184215387724613,0.0833878041879782,0.16928109153868032,184.0,59.5,-0.12768853771554223,0.15791773426342,-0.15410451103646147,0.851442024816686
-0.01614227708937089,-0.0007350410432239718,-0.0054936399733287455,0.017067321849716422,0.1404203325510025,423.5,30.0246276582162,0.30305625063674857,0.06700262884332182,0.1668124382344517,244.25,124.5,-0.6315662280557341,0.029187009579250835,-0.25153859701792236,0.8504936399733288
-0.016278693824796027,-0.003292891820071364,-0.0025856717657329886,0.016808471306464904,0.12732307612895966,450.5,15.089432984054394,0.27336164131373986,0.053657880511420245,0.16206202897392097,194.75,126.75,0.7055339151085324,0.03004297449782308,-0.17795773906342913,0.8475856717657331
-0.01586708949751405,-0.001364224703335415,-0.005699771363025574,0.016914876049030858,0.0772411897778511,490.0,25.511752704081005,0.27698628515140644,0.06846393268469814,0.15099239724779412,231.0,112.0,-2.184883769167049,0.025152856003766343,-0.22512984338525555,0.8506997713630257
-0.021612944999469114,0.0018173462055895706,0.001747990224307161,0.021759540634060298,0.03828854113817215,291.0,29.057875578677496,0.35069965980403356,0.0746028252737676,0.1982446201116349,223.0,91.5,-1.679528419849716,0.14281187178726495,-0.22835948743337872,0.8432520097756929
-0.0181073314123259,-0.006341039424121411,-0.0007900152776557645,0.019201780021471857,0.13446968793869019,424.0,16.5700799800673,0.2760070815029722,0.058795162355433146,0.16366186113392622,143.75,114.0,0.9894644082114921,0.06567264454144113,-0.08503689122687892,0.8457900152776558
-0.021116821539716668,-0.0036710959528123976,-0.0036001984804168163,0.02173381067676336,0.05736061930656433,336.0,32.29782441304985,0.32665665347038936,0.084040405137959,0.17697834082323627,191.0,59.0,-1.2588695533706347,0.16473728529675707,-0.13232302959703116,0.8486001984804169
-0.026027562521016095,-0.004973734508337532,0.000495446100337471,0.026503160426318385,0.12051810324192047,322.0,36.14925465849156,0.34287224125396487,0.08983305073551326,0.1714341377076215,168.75,39.0,-0.10242480338817855,0.19584902979259045,-0.1017604093588778,0.8445045538996626
-0.01619744675511076,0.0039470706976287295,-0.0008505730693941782,0.016693116036950863,0.20137271285057068,409.0,36.24980635696484,0.3374211544197257,0.07115407049659801,0.1737886689605962,275.0,138.25,-1.5667278092574386,0.029666458619521555,-0.2831402168394757,0.8458505730693943
-0.018131520180881475,0.0013810492745018887,-0.003415658647630604,0.018502055160588192,0.037334952503442764,466.0,31.149225020711743,0.30865723310270365,0.07988326725623386,0.15702729142488037,257.5,95.0,2.265076455027433,0.056508436838683326,-0.2619422755866476,0.8484156586476307
-0.02262680333961932,-0.0025943511021860044,0.0030548840217354822,0.022979016588998678,0.13440729677677155,371.0,23.72409579002266,0.30484635842175184,0.0755270180934742,0.17242170053262285,190.25,81.0,-1.5461594071286813,0.12882039980805127,-0.11741672207170356,0.8419451159782646
-0.019754885204167516,-0.0017015378726846497,-0.0025562175315083646,0.019992122664449805,0.2551533281803131,420.5,25.897519756978877,0.2942273308266008,0.07819096495639372,0.1595150280199028,205.25,77.75,2.250387912628493,0.10346258580235959,-0.18171021784513905,0.8475562175315084
-0.01595465764569305,-7.271172112527369e-05,-0.006451597517114216,0.017209866301296332,0.09909823536872864,396.0,36.92598472705149,0.34705667015552594,0.07083721400155914,0.179655422816417,278.0,141.5,0.4549426065925656,0.025083861082917394,-0.30071029401777594,0.8514515975171143
-0.01668964115835532,0.0009735046762068822,-0.004245251667697181,0.017248594002739766,0.19291909039020538,553.5,30.711796479169475,0.2882605166893834,0.07586589853070407,0.1427111090122396,265.25,113.75,-0.25717282582528184,0.01809045030201334,-0.25135956174737417,0.8492452516676973
-0.016050025853410275,-0.0053066632958711085,-0.009025926072485868,0.01916328120904309,0.16843140125274658,498.0,20.016934858854103,0.2507354360467318,0.05554052772676676,0.14610375337302706,163.0,119.5,-0.24461143135944588,0.024002526351805088,-0.08692214257769744,0.854025926072486
-0.01690097261844216,-0.004326861346805766,-0.0030026991860601093,0.01770256498267354,5.676680666510947e-05,493.0,5.06494772496908,0.2579623711552951,0.05597071931954872,0.15211018788797281,174.5,118.5,-0.6913525127112073,0.03359652753435989,-0.13099740941263419,0.8480026991860602
-0.025183691276111975,0.00743200523805676,-0.0003283795877725426,0.026259490499678153,0.04588983207941055,377.0,48.02278831144228,0.4019193386762844,0.09778796941988091,0.1619562804880217,298.0,33.5,0.2587507355356648,0.18761955987251056,-0.34887664076577385,0.8453283795877726
-0.01919240744514794,-0.0056032035142285636,-0.00839509880047995,0.021684604608621604,0.09363289177417755,356.0,35.059593459422736,0.3074919406931336,0.08321069594522192,0.16251628978686294,155.0,59.5,-0.6553603457178211,0.14186391019663244,-0.09731944423498103,0.85339509880048
-0.017566129509800826,-0.004306763931978375,-0.00834024074076778,0.019916745144095405,0.08535920828580856,530.0,28.25257405157819,0.2606068856877215,0.08095946084466905,0.13570771467454856,193.5,69.5,-2.6622401166834098,0.08536429747452245,-0.1497548467196537,0.8533402407407679
-0.02360415548577413,-0.0002643154790388791,9.632578273843784e-05,0.023605831854130465,0.21394211053848267,361.0,30.794888308807085,0.33004933311589807,0.0848824512066684,0.16977875000359066,216.25,61.25,2.617793750319572,0.1561009540156731,-0.20354402145775793,0.8449036742172616
-0.021159499913194282,0.0008563779967529495,-0.0021906234239994493,0.021289825054132468,0.17324070632457733,483.5,36.80435540516003,0.3115096703203729,0.09157852780587873,0.14784634922681517,244.5,47.25,-0.1798264074597146,0.1223051779909692,-0.24251453739394935,0.8471906234239995
-0.018709883995643564,-0.000508494067627624,-0.0037933958797591316,0.019097334307379792,0.05963214859366417,414.0,30.658543711187615,0.31005011040918184,0.07623307853475406,0.1621435503370453,241.5,97.5,-0.3641427461199685,0.08982317387554468,-0.19581608256931468,0.8487933958797592
-0.01818961354261585,-0.0010938101419205315,0.0010878385436738913,0.018254913151077565,0.1728714406490326,385.5,19.949561551564774,0.29276439345015304,0.06395615914198578,0.17401339213353462,197.75,107.5,-1.0537634658308914,0.07100371917811411,-0.18260257574098998,0.8439121614563262
-0.020817203496729275,-0.001183700223790607,-0.007288466109176439,0.02208797966923759,0.22579728066921234,326.0,48.06852643489736,0.38393759281426054,0.09726833436421707,0.16179138229527035,252.25,20.75,-0.7591670838202459,0.21254263489200692,-0.2656441189629071,0.8522884661091765
-0.01950457079961923,-0.002527475425407044,-0.007844954036152041,0.02117450632087402,0.1675030142068863,427.0,42.27478068528671,0.3274113960794169,0.09492145089542624,0.1462579480291707,232.0,28.25,-3.006004051499049,0.1716492846536759,-0.2360512239034436,0.8528449540361521
-0.02559168072356352,-0.004152048605224334,0.0012140443428683145,0.025954720833470904,0.07145998626947403,237.0,37.70311613153681,0.3736369451783182,0.084685601742158,0.19917113901711414,176.0,54.5,2.0225064659527296,0.2207008238976137,-0.11035326854308383,0.8437859556571318
-0.01630536035375691,-0.00470867079670538,-0.008947666973543766,0.019185856801484255,0.1577252745628357,430.5,17.82403406805723,0.2742996742474539,0.059570206497065674,0.1622451379959452,189.25,114.5,1.6212261767557616,0.04957389871807335,-0.1204755874929062,0.8539476669735439
-0.017277952851002337,-0.0022386436661360753,-0.00636909288674814,0.018550054565564404,0.12222413718700409,420.0,27.955032059409966,0.2878380946846801,0.06745432953958379,0.16156883109285436,219.5,109.0,2.512198150271621,0.04943676373240925,-0.19528366050110965,0.8513690928867482
-0.02349009992679274,0.006514434320322837,-0.002319268846440403,0.024486764936728113,0.1900315284729004,299.0,50.03817403817885,0.41856313041689447,0.09449256695249172,0.17313696286845282,296.25,52.25,0.7513060396532008,0.19392181307738582,-0.3827301196869785,0.8473192688464405
-0.020051152617747856,-0.004621759503945971,-0.0026868813535683156,0.02075159544759594,0.12365427613258362,357.0,20.869000450609477,0.30439436781940904,0.07178090467677312,0.17594999014409873,170.0,86.25,1.0154064577207458,0.1260138769472776,-0.14045763904319353,0.8476868813535684
-0.021094103632260053,0.004459004014164603,0.00032865003816373584,0.02156274415964832,0.13327307999134064,353.0,38.09931137320025,0.35498438505995145,0.08375738892078695,0.17518427232479294,265.25,85.0,2.75147099485398,0.125377535765397,-0.2837220868515988,0.8446713499618363
-0.015884108882476593,-0.003894749074489029,-0.007542952439353656,0.01801027808907892,0.14465950429439545,441.0,16.341886991385614,0.27650091610731076,0.05111987919702745,0.1649255394227327,200.75,134.0,0.08813979921717906,0.021068054770339205,-0.18337531884108152,0.8525429524393537
-0.017277539523597188,-0.002095519191788381,-0.0020047497167750006,0.017519234974722093,0.20882676541805267,432.0,16.93846603909611,0.28331644228501857,0.06350219699983771,0.16593491562197593,205.0,111.25,3.0394055619293603,0.056420576516561266,-0.16287425943713424,0.8470047497167751
-0.019903294524266896,-0.003884496269718374,-0.008000947628555855,0.021800128603842273,0.06454706192016602,337.0,38.767747882602734,0.3411767153820429,0.09066798481510459,0.16520443159298137,203.5,39.5,1.1810329738581475,0.19367319250180057,-0.15500840267307506,0.8530009476285559
-0.014828853839574743,-0.001894558365208826,-0.0012223756031518596,0.014999281973142388,0.22233416140079498,409.0,17.47793145880818,0.3052446875976588,0.04603157199086092,0.18824993991610728,216.0,153.75,0.20908525403597614,0.010734968219695242,-0.18288267728786253,0.8462223756031519
-0.02932690730581644,0.003096622830910306,0.006567842277153901,0.030212466255809617,0.05953776463866234,280.0,37.214220694305865,0.37461953391329234,0.08829653416817923,0.19102993099013488,220.0,51.0,2.8057778571698293,0.21208452657993943,-0.21497746658051517,0.8384321577228462
-0.019296792328762608,-0.0007088897802245975,-0.002448277799958376,0.019464397835167346,0.31816914677619934,412.0,26.224723289485713,0.29995367790831806,0.07529502171055126,0.16391390474210976,220.75,89.5,-0.3620543686405139,0.08354665429520512,-0.22116885242842646,0.8474482777999585
-0.016667903023293476,-0.0016869538981978682,-0.005971814275371856,0.01778559446260079,0.12358386069536209,412.0,26.137262662984227,0.3033988702718443,0.06226676951102993,0.17275250605220172,234.25,130.0,0.24081119990330457,0.04927978199967409,-0.2077611432768978,0.8509718142753719
-0.015551092364828576,-0.004332297209897834,-0.009324656750932303,0.01864281353168093,0.17224735021591187,467.0,17.702767813773583,0.2672406854344259,0.049349662864084064,0.15655740136056373,199.0,137.25,-0.7159305850291741,0.025036345039148592,-0.17009102698359913,0.8543246567509324
-0.021668788944538497,0.0010337675116017797,-0.005121898445888284,0.022289884102008918,0.043908387422561646,352.0,45.34063026971014,0.379991253957208,0.09455752484134827,0.16665758987575774,273.0,43.0,0.48197420899904686,0.1901882404722166,-0.2596583004961429,0.8501218984458884
-0.018358806247277107,-0.005709618876909531,-0.006692846747938241,0.020357792418040078,0.11555048823356628,359.0,30.8812634355917,0.29737205021249424,0.07552802092025379,0.16763906117086713,166.5,78.5,1.8616892499619309,0.1241397950655041,-0.10711967988346284,0.8516928467479383
-0.015704953302409043,-0.0004410206490466084,-0.0029025079247542163,0.01597700252541118,0.09225410968065262,385.0,26.03378856923831,0.3157129549286414,0.056227659499322326,0.18290618937586645,233.5,144.5,2.885181496989631,0.041337659671842504,-0.20860526782063796,0.8479025079247543
-0.029072708350701415,0.005871395665500823,0.005102241133734919,0.030095323930680366,0.1992112249135971,279.0,43.425129847380276,0.39129163833693104,0.09217818524498059,0.18484917182475924,243.75,43.0,-2.5445713250804296,0.21660239906371806,-0.2801445998841799,0.8398977588662652
-0.015629975082285245,-0.00520154546373143,-0.004618684442722731,0.0171080227456469,0.17528080940246582,456.0,18.406556627030835,0.26261921257295,0.04882810327735074,0.15984746094496172,168.75,131.0,-0.5991229860060449,0.016617351454425743,-0.0939788747208778,0.8496186844427228
-0.01605571787319273,-0.0025252770878188557,-0.0075012692447093965,0.017900618455110606,0.16440966725349426,419.0,23.906465944808186,0.29717625281742904,0.05984105479508919,0.17139932325565133,227.25,130.0,-2.211158265545221,0.0429149527286749,-0.21125347252375679,0.8525012692447095
-0.02512668224585174,0.00933906148234026,0.0021446708452186325,0.026891780214207895,0.07492807507514954,286.0,48.2776361573639,0.42623780861841504,0.09317733734237105,0.18498971147152365,294.0,58.5,-0.08392762567140882,0.18519563776818904,-0.3639307286759013,0.8428553291547815
-0.016151276341318355,-0.004953951697240222,-0.009316662030535161,0.01929262958394824,0.0778840184211731,613.5,15.42794627200101,0.2309543375483175,0.06330969472312481,0.12733733905281563,157.75,106.5,0.8434965204969872,0.02513341373424298,-0.08630149548659846,0.8543166620305352
-0.02516104497928348,0.005887520415414904,0.0003400318209656472,0.02584292364905184,0.21021433174610138,278.0,46.631660181776354,0.41660961198616653,0.09232405917270782,0.18359134845653802,278.75,55.75,-1.4473508264244257,0.2119701564625709,-0.31629908527063827,0.8446599681790344
-0.014967107267235383,0.0011571209712253616,-0.0022081581947202,0.01517330522674245,0.2797144055366516,470.0,23.62625627382453,0.3037135341924361,0.05963485842066616,0.1676318640887765,247.25,148.75,-0.2820845100589717,0.004851859512404747,-0.22507321816838818,0.8472081581947203
-0.015499134138004758,-0.006018566732806027,-0.004787481823903983,0.017302204679153315,0.10203336924314499,443.0,9.89562676064476,0.2714082868438927,0.045660590722791855,0.1636965133505094,144.25,137.0,-1.351501285630835,0.042033407199210504,-0.09202211446072932,0.8497874818239041
-0.023679754494547622,-0.0045696843372455415,-0.00048766163706703836,0.024121579586262223,0.11439216881990433,317.5,34.14682426721364,0.33539957925407016,0.08598386483081624,0.17370042318943135,176.25,51.5,-0.05054729362069848,0.1857079485551552,-0.11310710700253591,0.8454876616370671
-0.021582606138307314,-0.002182370640587822,-0.0051279386246427805,0.02229052228801074,0.21149063110351562,397.0,41.61351341305611,0.33291145684240164,0.09405729902027109,0.1535265172335979,225.0,30.75,1.8291377964674456,0.17586457913000159,-0.18916158511964512,0.8501279386246429
-0.017599751244352084,-0.00011574715994011608,-0.0006197263448712853,0.017611039208707546,0.07340160012245178,396.0,25.867457646236513,0.2990746613830018,0.06415321312278886,0.17184299424731175,223.0,118.0,-0.906264018410273,0.059553421191523244,-0.20076944494846077,0.8456197263448714
-0.016021391408274438,0.003064747227688902,6.284775716880464e-05,0.016312008094264113,0.0753462165594101,463.5,28.249438755707395,0.3103634671551312,0.06510264394005373,0.16678180682130872,257.5,141.75,-0.8784159519685482,0.010792266403577151,-0.25534589560313026,0.8449371522428313
-0.023472897726996095,-0.00552065722487427,-0.004426153977460157,0.02451622774671424,0.1710900366306305,303.5,40.27402558536418,0.35509097249747934,0.0921949989395294,0.17053862481151894,172.75,30.5,0.6929615380098533,0.22997348056476213,-0.09711723451643997,0.8494261539774602
-0.017147145866717298,-0.0037563812213323167,-0.003792212072540657,0.017958727228219187,0.09753138571977615,414.0,18.551530946904094,0.27926192414939743,0.05779965635140526,0.16761724286369317,189.0,117.5,-2.684311167290582,0.04520909788132489,-0.15475288840123538,0.8487922120725407
-0.020255756920948484,-0.002092525912476717,-0.0025483710547560268,0.020522391385207946,0.2620415687561035,337.0,30.91612195871362,0.31397964498805553,0.07388425911450598,0.17699016759157338,206.5,88.0,0.7252720761944824,0.12458884930316448,-0.18251440599126015,0.8475483710547561
-0.015898163438014097,-0.0011492411831804938,-0.00838701752818527,0.01801150796066263,0.18612124025821686,496.5,38.4174471740787,0.3149742523911719,0.07394696671585664,0.153102534118973,285.25,137.25,-1.0692607154260505,0.006522344337154115,-0.2859438521895157,0.8533870175281854
-0.01724773230759606,-0.0004376054026698495,-0.007710665449163101,0.01889788691658029,0.13672217726707458,399.0,40.95642556373567,0.3409280051750867,0.08193619264303871,0.16080361288043798,280.0,101.25,2.664758414962728,0.08108590270354665,-0.2991230789083975,0.8527106654491632
-0.01896693441483152,0.003248573355009776,-0.0017875833467630997,0.019325974339241596,0.12683819234371185,377.5,38.1986923796009,0.3478925387424396,0.07785266672871466,0.1749082426293761,275.25,113.5,-1.3087230593615777,0.08381852735697971,-0.2702256426879139,0.8467875833467632
-0.016591336812200194,0.003499640519171676,-0.00359262832044116,0.017332827790875135,0.251989483833313,471.0,39.62169604556179,0.3336564347829491,0.07792850495920992,0.15817204415292374,293.75,130.75,2.0352307385961868,0.03790427162885103,-0.2727861366662588,0.8485926283204412
-0.024103728653113554,0.0032682841665153672,-0.0023319577351188503,0.02443582295021805,0.046365201473236084,399.0,45.36363360099082,0.3688930160025782,0.09733012971198703,0.15469757548847463,267.5,25.5,2.4725124117780286,0.187883112924509,-0.2620443076282256,0.8473319577351189
-0.015785434547606576,-0.0041563005181285695,-0.008262997393079674,0.018295679921003442,0.15044188499450684,510.0,17.54418586644818,0.2571580056668231,0.052832306403618086,0.14982892402252357,199.0,131.0,2.615503085518747,0.0008019077300628792,-0.17104942960255334,0.8532629973930798
-0.018279588033249874,-0.001960043281229118,-0.005365229653148673,0.01915126099139817,0.20920449495315552,484.5,29.37192181732945,0.28547765744746684,0.08238625284814072,0.14824577548477513,223.25,72.5,2.875920453342378,0.09101268275349701,-0.17282970575781706,0.8503652296531488
-0.01895626116686233,-0.0038664289343243036,-0.001796214684604891,0.01942975803564376,0.31344538927078247,349.5,18.22745040216294,0.3012576062422721,0.0596371450102029,0.18331948698379386,178.75,111.0,-2.64259544440538,0.09274308550072811,-0.11877586777062908,0.846796214684605
-0.015810504975449773,-0.0048954927410841675,-0.0055733584005137615,0.017464256085425085,0.044554416090250015,510.5,12.846168186726464,0.2557636262708825,0.0572918937770552,0.15095654012138826,189.75,119.75,2.725307327215463,0.01583141779384007,-0.13273756327254949,0.8505733584005138
-0.02572004413336834,-0.0002137386525610796,-0.000140202216354246,0.025721314334525843,0.13016505539417267,322.0,37.95012168365414,0.3554217597517602,0.09127540910858052,0.17051443671384559,209.75,38.0,-1.7716022873052812,0.19931111751341754,-0.2120661921028383,0.8451402022163543
-0.023926587187956205,0.00025683866206521744,0.0018253905229798084,0.023997491350609673,0.3371701240539551,347.5,31.86658988605113,0.32995724968344586,0.08217254099103778,0.17273701392925433,220.25,71.0,1.2926938590669295,0.14735142519173725,-0.1729412056506137,0.8431746094770203
-0.019121552599322217,0.00106329976900435,-0.00314338391312341,0.01940735022182817,0.05129550024867058,436.0,34.72217986824056,0.31679326395079727,0.08241004507492093,0.15632510047052361,256.5,86.5,2.84331162025477,0.10342594527279018,-0.22274040141831877,0.8481433839131235
-0.01702586124670824,-0.003020644673788264,-0.00890569822794074,0.01945033949227092,0.21997474133968353,452.5,36.77667613465371,0.30215902498780345,0.08258442329935697,0.15130604731450725,250.5,83.25,1.7218027504660538,0.10394991610886332,-0.1838284627224161,0.8539056982279408
-0.016809414551162374,-0.0060111754055648114,-0.009537296153052988,0.020239828685548106,0.0856250748038292,507.0,22.764388066852558,0.2596247106111959,0.07354024257758965,0.139113733886286,142.0,85.5,1.5314781911559145,0.06887822262991722,-0.08720127462845134,0.8545372961530531
-0.0264128135597633,0.003161290758310231,0.00046850679176291266,0.02660545015622404,0.05151619762182236,376.0,43.12849311491401,0.3560815125311933,0.09560257546830093,0.1591684423343026,242.0,27.0,2.458412372991599,0.19090893856414673,-0.24990913913134885,0.8445314932082372
-0.014912423143355337,-0.0036166149626638,-0.005859639600388045,0.016425457194278622,0.1952139139175415,466.5,18.568812720331916,0.26721635503026797,0.043952718396309785,0.16050035475655322,194.25,145.5,0.6725819367947565,0.0011695544881655823,-0.15977200003684752,0.8508596396003881
-0.019776058398098206,-0.0016634153728220247,-0.004787285605948988,0.020415130172018438,0.18240535259246826,480.5,32.537771692550535,0.29805849963763903,0.08774055570542373,0.14849038268447334,228.5,57.25,-1.4152745361371593,0.10578955823464493,-0.20239129584564144,0.8497872856059491
-0.021537657140285327,-0.004377513939496355,-0.0010862334437071741,0.022004845068238865,0.06350793689489365,358.0,24.972233344760685,0.30498125268189247,0.0751898385731894,0.16908966028074623,170.5,79.0,-0.17879786535702574,0.14547563877497965,-0.09567572411915996,0.8460862334437073
-0.0196632680854259,0.0012397557119029345,-0.0012889829064280933,0.019744431694976396,0.22562743723392487,484.5,30.68367943658404,0.29469861659539937,0.08036022117321881,0.15129762350758513,244.75,87.75,1.6722054269663054,0.07203583724284203,-0.19260059685084804,0.8462889829064282
-0.02424423415815058,-0.0032905683277204556,-0.0018105350613508708,0.024533421429613383,0.24955026805400848,504.5,33.73160630146908,0.30456093499611264,0.0949943499336546,0.1447139862244331,189.25,21.75,-0.2939611611592595,0.15899199131291222,-0.13171777399078607,0.846810535061351
-0.016850279337896262,6.410675696261192e-05,-0.005926355882913903,0.01786218680599803,0.1016690656542778,462.0,35.36480771834779,0.3150909724194191,0.07800103461826825,0.15394973082656616,270.0,109.0,2.7065673089005076,0.06660890359429344,-0.2596331996452182,0.850926355882914
-0.016616109778685627,0.0003981901000043586,-0.005888640378217791,0.01763320007931205,0.1260998398065567,461.5,32.75222664871999,0.3132579806458751,0.07385179338275102,0.16075289355918065,267.25,121.5,2.9355181257445264,0.032833988189053705,-0.27029891445994464,0.8508886403782179
-0.016538224278569318,0.00011360860107770265,-0.003913645286866663,0.01699536373938234,0.04298768565058708,435.0,29.454221116205666,0.2978918356877873,0.06671883193553498,0.16108349185024073,242.5,124.0,2.3601591587915616,0.027212867862541658,-0.24323977677744338,0.8489136452868667
-0.015915308431807364,0.0036128355080042307,-0.004264268886719824,0.01686812414068919,0.3239014744758606,460.5,40.84191655384547,0.33850304444510393,0.08197163400012573,0.15785122896436088,297.75,114.25,2.3579091523809335,0.026496416595307277,-0.3526591192266774,0.8492642688867199
-0.031036622351348797,0.004598041416805088,0.013274273483031007,0.03406787707435259,0.06820178031921387,240.0,32.70820730787471,0.3843116050318037,0.08020389202176398,0.21150244474847946,214.0,73.0,-0.35703445401844464,0.21006230663382713,-0.20293393218360914,0.8317257265169691
-0.015550844665748298,-0.0025554493697335645,-0.010000942324260853,0.0186648851770563,0.12380708009004593,475.0,36.08683291492051,0.30103252138097,0.07153399189705907,0.15106485008891124,266.25,129.0,2.704958452769409,0.02489379268566233,-0.2623795009495586,0.8550009423242609
-0.016057037949168455,-0.003943747113231422,-0.009561474390826663,0.019099827264155853,0.10591470450162888,478.5,26.454408886635154,0.2648893720184356,0.06773602438904704,0.14659798676257796,208.5,103.75,-2.9841797870528217,0.04855717239717313,-0.1811569864364951,0.8545614743908267
-0.021705936066856057,-0.003863481878857669,-0.00020444976391587044,0.022048037383691762,0.06018049642443657,310.0,24.58864387486836,0.32379594956155033,0.07284956092902233,0.18791649773915964,175.5,84.0,0.9579195904347821,0.13358344150594728,-0.12185339709630545,0.845204449763916
-0.019847392566876093,-3.133300384777771e-05,-0.004543745845943525,0.020360884061684247,0.11504904180765152,407.0,37.27094589690841,0.32350518139666545,0.08488867731195562,0.15892014206794114,252.25,75.0,-1.8207123929139266,0.12367836060210176,-0.24852440244480897,0.8495437458459436
-0.019127363111929543,-0.002836293411357327,-0.005953047622012653,0.020232136711698608,0.04808054119348526,444.0,28.576121239809858,0.2939681641192578,0.08268994410342344,0.1544035834626304,211.0,67.5,-2.001933306002006,0.10920390163892245,-0.18904014803003075,0.8509530476220127
-0.01956000392418837,-0.005944689354559871,0.0014264577432205883,0.02049311754540231,0.0019410265376791358,369.0,9.14343866182403,0.2991971205773844,0.06379078801634956,0.17958116272421842,152.5,102.5,-2.4977480246755093,0.09536644567163215,-0.09029846365358939,0.8435735422567795
-0.023465109935735,-0.00562706854752737,-0.0035193109296139946,0.024385668622246177,0.1369340717792511,353.5,37.45279043893157,0.33466614459532507,0.09194806175573168,0.16108136399616702,159.25,31.5,0.32689080637829016,0.2049387817919621,-0.08678997423713933,0.8485193109296141
-0.017334396036242886,-0.002480344498796777,-0.006569689307630577,0.018702786219513393,0.1502171754837036,546.0,25.333543478793576,0.2611227259624577,0.07655067061078001,0.1364682573896696,217.75,87.0,-2.0589639532225097,0.06092697515182481,-0.19977265070259567,0.8515696893076307
-0.02661727820227064,0.0031027610494434588,0.0010210495224509675,0.026816956709408927,0.2364148497581482,287.0,42.6037672625899,0.3841580412942697,0.09249828656510925,0.18190083890305753,235.75,39.25,-0.28690550898480627,0.2189099315325022,-0.264836024184218,0.8439789504775491
-0.015178027157393088,0.000985973304858001,0.003806948492733331,0.0156792062482378,0.09434127807617188,438.0,16.62381195298776,0.2921882626821779,0.052997882667258266,0.17426279585962168,219.5,141.5,0.9492315645334267,0.004527251915247367,-0.18651111795167133,0.8411930515072668
-0.019476521133285088,-0.004963827801347423,-0.004416596610058887,0.020578648826215823,0.06739065051078796,466.0,25.2610076172211,0.272130352849796,0.07797533441691518,0.14781276996470183,171.5,74.0,-0.8144263373395733,0.1045049669839976,-0.11317054094156888,0.849416596610059
-0.022698636765078967,-0.0027697033137988325,-0.004642402662739742,0.023333479593118465,0.1223849505186081,322.5,41.98138104462586,0.3440593418705742,0.09168838586860284,0.16850827387913636,201.75,35.5,2.67492575745094,0.1940262929685857,-0.16149815513103297,0.8496424026627398
-0.01487080089455224,-0.005518083765568255,-0.0016010605090446273,0.015942188132212775,0.24730445444583893,452.5,6.814288043132378,0.26979790625702726,0.037572762087707816,0.16748479890184054,161.75,148.75,-0.4241738224146525,0.0006461013767361783,-0.09357223065047632,0.8466010605090447
-0.01877409613324714,0.0011264984930647315,-0.004493883067327564,0.019337287025280866,0.12941832840442657,465.0,38.07344807533434,0.318354494323244,0.08711822014868859,0.15056989457758008,266.75,74.0,1.7135478480501594,0.10078828305633235,-0.2631011868050041,0.8494938830673276
-0.021155761229787268,-0.0008772948097250377,0.0016439692930184657,0.02123766734910706,0.20095184445381165,329.0,31.449086554987048,0.32313511677466306,0.07740959516867936,0.17975449941539146,209.0,79.75,2.0001785056426673,0.12132215123594728,-0.19475520865702192,0.8433560307069816
-0.020326951956708,-0.005015223258536539,-0.005995878334415061,0.021778154127115295,0.08199205994606018,372.0,36.06194520571975,0.31261599944006724,0.0877317172043047,0.15725514301854648,162.0,46.0,0.29050173009162034,0.1699240833835498,-0.11967021350239185,0.8509958783344151
-0.019995900447552825,-0.0006569182090820636,-0.003855323307679237,0.020374766110279687,0.1478542983531952,373.5,34.36135121298754,0.32709297894719397,0.08503247194003054,0.16837651128802367,231.25,65.5,1.9351861793637508,0.1240140131796198,-0.2495264959236321,0.8488553233076793
-0.016961501965264345,-0.0047181002201538425,-0.005607201897263936,0.01847684312110059,0.08480959385633469,443.0,17.35241413772076,0.2673579647119099,0.05189539073508368,0.16061283315275798,171.0,125.25,-0.917939168669627,0.038048563495541796,-0.11046159713929674,0.850607201897264
-0.022381059860342167,-0.0015759204089187684,-0.005100970253598125,0.023009025688532726,0.16703012585639954,380.0,42.94160365136949,0.3436196015940808,0.09527063324066233,0.15600074015251697,226.0,25.25,-2.993614966787111,0.19682898463465492,-0.20584003427569594,0.8501009702535982
-0.014817563182736526,-0.00528496917120283,-0.004911157736707361,0.01648061127900825,0.16917487978935242,445.0,13.22495306910981,0.27186939015517964,0.03900315843601178,0.16840453868236904,165.5,146.5,3.0636340382857705,0.010645647761823362,-0.08546937442028035,0.8499111577367074
-0.022328113329092736,0.0014536821321621818,-0.0012451976723488745,0.022410005663127338,0.21565771102905273,395.5,37.78411988751141,0.3299126614568822,0.08851518184607113,0.1622308740989481,243.25,58.25,-0.7313953600778058,0.13617780759332346,-0.23535119495886223,0.846245197672349
-0.02088103563687893,-0.0008810295065835583,-0.005240647450865055,0.021546652825075573,0.11088342219591141,352.0,39.55612314252924,0.34228043779546796,0.0891312407070486,0.16387535435471923,236.25,53.0,-0.11460379414589762,0.16746717532163546,-0.2443021327053142,0.8502406474508651
-0.01618862481622641,-0.004013859269951708,-0.004408621279352043,0.017251625467308133,0.07999183237552643,460.0,15.040687606444564,0.26415448720298296,0.05281381172574869,0.15719615007470256,179.0,124.75,2.193421682428091,0.04584542601011,-0.12722728960619295,0.8494086212793521
-0.019135670262633644,-0.004863043227153002,-0.006580796980773962,0.020811774425347877,0.162317156791687,346.5,29.33507620360099,0.3054641148333214,0.07642076003298962,0.1737064562478543,163.5,76.25,1.7444009776495775,0.12425087250131657,-0.13900527367474652,0.851580796980774
-0.02736244144944744,0.004971916857413522,0.0027416047696580126,0.02794529577629272,0.050385162234306335,393.0,43.361754935682576,0.3552648026218924,0.0950716600114259,0.15364130510753526,256.5,34.5,2.444821765633139,0.18404368327081896,-0.25175115282703636,0.8422583952303421
-0.01596418146125314,-0.0026703052479786216,-0.003995072567636315,0.016671719307434395,0.0891556516289711,484.0,13.882876048939364,0.2704583050925552,0.049861486416429936,0.1588544815385987,205.5,140.0,1.6120140199880164,0.019004180983975577,-0.15297219524603525,0.8489950725676364
-0.015293235928046716,-0.004381304275905676,-0.008756352611489104,0.018159091479633564,0.09241780638694763,501.0,16.13259563354958,0.2584791604951767,0.04320046438105819,0.15243096053206273,191.5,146.0,-1.1523555252825848,0.003350436696032277,-0.12160220408714646,0.8537563526114892
-0.019250544319934088,-0.00017643560295899086,0.0007373029153185939,0.019265466558707457,0.10158456116914749,368.5,25.30881496009327,0.3136089271248573,0.0694498195896556,0.1790061482305504,222.5,104.75,-0.606834291727677,0.08498931145767911,-0.1926293724588217,0.8442626970846815
-0.01639818359899258,-0.004021783293936043,-0.008055663511670086,0.018707455220390218,0.09931909292936325,470.0,16.713034462689862,0.2622933526260325,0.05842593142215208,0.1531563202655808,185.0,115.75,-2.8144540289638487,0.04687845826549449,-0.13524909770059715,0.8530556635116702
-0.022161312760131863,-0.0016595829454265631,-0.006258347542822618,0.023087765434790086,0.227708101272583,290.5,45.901396035640296,0.3814095983913392,0.09452283285262184,0.17121692433271096,232.25,29.25,-0.18284232016573815,0.2361609695357683,-0.21196985892946404,0.8512583475428227
-0.019178375712288975,-0.006398033777380144,-0.006120064550727444,0.021123449559276145,0.13478951156139374,394.5,28.631824901131807,0.29943914804225386,0.0807171117635262,0.16285479083382715,135.5,68.25,-2.2926053170913896,0.1330803214085913,-0.09105571493669713,0.8511200645507275
-0.017529664661218552,0.002162882897874696,-0.003167838723694638,0.01794442553396549,0.2023288458585739,443.0,36.08550711696215,0.3290942678637652,0.07886340514685121,0.16310317434976873,277.0,111.75,1.7400993393715531,0.06574653258479803,-0.25939729180639226,0.8481678387236947
-0.022281726842740157,0.004082564586283199,-0.0037886876293103944,0.02296729933292442,0.2273951768875122,399.0,47.75073605319888,0.39541216072135826,0.09764377193728087,0.16306142825108205,302.0,36.25,-2.1184533471385376,0.17218620249415878,-0.32750167971257693,0.8487886876293105
-0.01878549675047564,0.0008367728455171142,-0.0037160661850529353,0.019167791339870628,0.03546849265694618,430.0,34.26329880313103,0.31320130479873215,0.0804194933039225,0.15705672392675551,253.5,91.0,2.9130435524365756,0.09195881787505307,-0.2282201377802651,0.848716066185053
-0.01603523246688595,-0.003968019358425362,-0.009312628776594,0.018963093435053216,0.1797058880329132,516.0,17.000917770830362,0.2537435651097886,0.0580295201822234,0.1457179590821156,196.75,120.0,0.3291481226388781,0.011009867235101297,-0.17825387204367124,0.8543126287765941
-0.02502409974860942,0.0014112640881283889,-0.000977340791885939,0.025082911106533847,0.31054210662841797,274.0,43.75748187953607,0.37870632605185484,0.08989135722913982,0.18043036700303672,237.25,50.25,-2.32888005124755,0.21353342638963374,-0.21456810837163762,0.845977340791886
-0.021711360762978527,0.0002611823600769392,0.00021291115987520648,0.02171397553575619,0.21553073823451996,371.5,30.842407340104863,0.32002416154894997,0.08225836248686731,0.1714854134630407,218.5,70.25,-1.6915567016879003,0.12318801928632396,-0.20948855118183599,0.8447870888401249
-0.020105303694105903,0.0032679654201415165,-0.001859048785339601,0.02045382353022881,0.1714337021112442,364.0,37.1027248060716,0.34425770310567155,0.08025189701713403,0.17151320947342386,263.0,96.25,-1.401866923331629,0.11001983927143129,-0.2663316661044783,0.8468590487853397
-0.032122866584116005,0.0002061000445929828,0.006980950631297889,0.0328733129837246,0.21216116845607758,264.5,37.654584585736764,0.38610789424950676,0.09020375182799911,0.1918273361575874,208.75,41.75,-1.3078949683906762,0.24232294556645895,-0.14567381322784947,0.8380190493687022
-0.018657204264537736,0.003763727473129863,-0.0034759899579226428,0.019347853153470453,0.07987256348133087,384.0,42.25235896531317,0.37401930805280464,0.08601718121007446,0.17190753899361122,298.0,97.0,1.66258960800193,0.1152080779196135,-0.3126085303069677,0.8484759899579227
-0.018512595723895825,0.006860207487092873,0.00027162327795893226,0.01974468096494598,0.18057933449745178,389.0,39.32393880301833,0.3687188634710728,0.08128579398429087,0.1777598612714445,294.25,114.75,0.286081648104214,0.07004846017833721,-0.3248017362666858,0.8447283767220412
-0.016125639040885806,-0.0012233758498302882,-0.007023825791902194,0.017631421148105984,0.1501312553882599,478.5,28.653246495479507,0.2894912646430685,0.06674356318616971,0.15495463125373632,245.5,126.75,0.23235662882755104,0.036302406718510524,-0.22029011967297268,0.8520238257919023
-0.01840206137749588,-7.162833641830013e-05,-0.006848794393440327,0.01963535021850446,0.2500959038734436,504.5,39.61206957143398,0.3142391220974721,0.08864425431780171,0.14314582094368267,275.75,72.75,-0.3639777157504309,0.09683835559320204,-0.24997487750765765,0.8518487943934404
-0.019871995810048462,-0.002469233141838223,-0.0015977784362100067,0.020088460013514067,0.4707663357257843,549.0,24.32968451419791,0.2683698320127593,0.08373231877985352,0.13929092100964957,203.5,63.5,-0.6901606657161434,0.08681596504397691,-0.14396236109516933,0.8465977784362101
-0.016202219633208212,0.001455537543515184,-0.005137488269522983,0.01705943423161466,0.18194027245044708,398.0,35.94666111886541,0.34235887564623846,0.07274540469712999,0.1770911430214338,275.75,131.75,-2.22855242355485,0.03052870823320268,-0.30951735056696444,0.8501374882695231
-0.020144583648293357,0.00404760301380136,0.0025616425668313347,0.02070626362144132,0.20867875218391418,378.0,32.88490003049629,0.32871118269957594,0.07507433387929856,0.1743994054386394,251.75,106.25,-0.7496960185827254,0.08878878115275489,-0.2492791707585131,0.8424383574331687
-0.016425141296987522,-0.003698410081519582,-0.010665521948090784,0.019930300102665208,0.1461249440908432,418.0,35.602668300954875,0.3106409697708474,0.07700552411502316,0.15651773338239794,252.75,101.0,-2.754799514759596,0.0809104578562612,-0.24985159043591157,0.8556655219480909
-0.016534860706863816,-0.004840227135714373,-0.004146368999376815,0.017720660066704284,0.07786916196346283,412.5,12.854478338067448,0.2786640271878779,0.05753665598676428,0.16644536455994163,177.5,115.25,1.7827664569097346,0.06440439683730356,-0.10910851555280883,0.8491463689993769
-0.018133813882680705,-0.003676400228586757,-0.008070455391469666,0.020186217446519248,0.14943154156208038,392.0,30.214481393535863,0.3039797249290326,0.07898783878358168,0.16116700588477795,213.75,78.0,0.5011345997752218,0.12614729567819033,-0.19048568366559318,0.8530704553914698
-0.02121194100561896,-0.00031920351866887575,-0.0022696867391299724,0.021335412112400646,0.14943963289260864,536.5,30.801831157138604,0.28344812042428874,0.08670930400832497,0.13970283435051511,229.75,61.5,-1.0149988363071292,0.09505125004075758,-0.16332798109276395,0.8472696867391301
-0.019326446117532967,0.004538666895707422,0.0025439857411382327,0.020014566699661777,0.18721169233322144,394.5,30.76286548495781,0.32810725765029974,0.07496551210016106,0.17472704931060712,254.5,108.25,-1.479723684580806,0.0846112739544983,-0.24421915460769017,0.8424560142588619
-0.01594142047747518,0.005020751364466169,-0.00222106960925772,0.01686030786529778,0.25531381368637085,432.0,39.83894641599663,0.34929994145223303,0.07920583829599721,0.16597869797756515,296.25,125.75,1.0612346233332275,0.016995447459813944,-0.34392254765901675,0.8472210696092578
-0.026279740462714057,-0.004448559775866889,0.0013742729271811749,0.026689006518517217,0.038708921521902084,396.0,34.44334561952465,0.32032367322721744,0.09153859823064592,0.15984270560645375,165.0,33.5,2.896091313794726,0.16925414224020768,-0.1330518620014122,0.8436257270728189
-0.016593708595099947,-0.001484151461711436,-0.00206242198837181,0.016787121699639685,0.18674392998218536,448.5,24.068962499100675,0.2848883518715161,0.0665352305740332,0.16198146190559182,221.25,111.5,0.8327964255674271,0.04647317766923461,-0.19899940898055657,0.8470624219883719
-0.024358957045941765,0.0012811267271503057,-0.003933327752745797,0.024707714205639806,0.13234302401542664,323.0,47.85819454486424,0.3928972479962622,0.09737330275115859,0.16406110466209933,259.0,22.25,-2.6386812997145945,0.23163817325982897,-0.25548180014586164,0.8489333277527459
-0.024417039234002152,-0.0021381062058120903,-0.001994364246180602,0.024591478033021443,0.04553108289837837,384.0,38.19388935921127,0.3314446459458882,0.09334006472835907,0.15921969336108444,198.0,29.0,-1.2335408875140155,0.16744352685235958,-0.18202771797233744,0.8469943642461807
-0.01586586963440137,-0.0017695420953550978,-0.0014710942591786846,0.016031881262111494,0.07113633304834366,434.0,19.72593342356423,0.2795215170346392,0.054127281538106344,0.16659682587328584,207.0,131.5,-0.5702323192883239,0.017234732134212005,-0.19449841899205608,0.8464710942591788
-0.02497318217850486,0.0001781257524994806,-0.0019543102396265555,0.02505016737303776,0.05482989922165871,369.0,44.5201552864302,0.35704253002312053,0.09615804470974336,0.16002062712737586,238.5,24.0,-2.673688606591795,0.20224989359274628,-0.18438134018768818,0.8469543102396266
-0.01826737936490988,-0.0023610269120498684,-0.009778301574318693,0.02085393916312413,0.18937967717647552,494.5,44.26138156052924,0.31920494047246484,0.09636436711034095,0.13379661540142684,253.5,26.75,-1.7109292838782408,0.14186419673417297,-0.27662884769693713,0.8547783015743188
-0.015571392963227074,-0.0031085016718657432,-0.002536997416838882,0.016080031634057097,0.1119663342833519,471.0,13.84734136226248,0.26852831789894566,0.05056389876270511,0.16079854915645986,196.5,134.0,-1.3578194172297973,0.012981844311284841,-0.15394456029436704,0.847536997416839
-0.016436918593495525,-0.004738987896886773,-0.004455706665105308,0.017677206256122662,0.07085413485765457,453.0,14.455568192344163,0.2636490163915923,0.05361162821886416,0.15811666105651478,165.75,122.0,0.9834699817972675,0.03469705044856322,-0.09690840338943808,0.8494557066651054
-0.021110981992204972,-5.197610217905213e-05,-0.0004805295095197115,0.021116514172559817,0.1711658239364624,413.5,29.884670133339334,0.30094508764515526,0.07887965973152383,0.15942853640723387,221.25,80.75,-0.4935631787500097,0.1079050469626834,-0.19660682650599234,0.8454805295095198
-0.015858527212039134,-0.0020461757166096994,-0.006272167623963876,0.01717614063465159,0.18353794515132904,521.5,26.29645148109934,0.2698384473551547,0.06165342910139252,0.14493661353440235,233.75,132.75,-2.6704737353923975,0.01933441227450486,-0.18891246070050313,0.851272167623964
-0.015498321349332378,-0.005595223739676969,-0.010496300551754989,0.019536550837263692,0.2814792990684509,529.0,19.44173471394063,0.2438046573201164,0.05395544221777005,0.14019657839152466,155.25,122.75,-0.779361493271273,0.022289697839980985,-0.10375728942894055,0.8554963005517551
-0.017277157026804477,-0.004825256347577814,-0.0054267987189071665,0.018741221894109032,0.1043366938829422,381.0,19.619296863470915,0.28595171867842567,0.05674974678509529,0.1755391355106769,176.0,116.5,-2.9280994271947587,0.060434168086267746,-0.11594424763770018,0.8504267987189073
-0.025099040706846237,0.005419992310630561,-0.0025011114112045707,0.025799103072441813,0.06435086578130722,286.0,53.189821972551044,0.4414653923887885,0.09904488477347985,0.17174633161167085,294.0,22.5,3.070103631532861,0.22950315277678057,-0.3646676415954507,0.8475011114112047
-0.01714469935448905,0.0009042284797197708,-0.0028468632629841117,0.017402958815600354,0.21513037383556366,423.5,29.905034291046114,0.29907681193184454,0.06939133168092838,0.16138742461968658,239.25,114.75,-1.0730444514262687,0.05072849002093023,-0.22558153250845733,0.8478468632629842
-0.022000329588615836,0.0004549302974933278,-0.004114755002277981,0.022386439473754516,0.1591634601354599,342.0,43.4083309111635,0.3640549087618402,0.09237572150717897,0.17075531460915416,255.0,46.75,1.2150447279326666,0.17277013479975045,-0.24315488870817634,0.8491147550022781
-0.0239432340228585,0.0013856398150110527,-0.002984361797953694,0.02416826159473201,0.036875899881124496,392.0,42.98190082509049,0.361693105878322,0.0970430150779639,0.16024432412656286,247.0,21.0,1.6923333639219316,0.19814669918283664,-0.2479075735008188,0.8479843617979538
-0.018332478653895062,-0.0039177162688531775,-0.00709091045062249,0.020042686580832976,0.053548865020275116,496.0,28.56684085334586,0.2723559110633848,0.08174946725610745,0.14289733164965923,199.0,68.5,-1.3295077384920055,0.09654712700492989,-0.12833571728476287,0.8520909104506226
-0.019563383912209797,-0.00486151066427673,-0.0026814476204251037,0.020335939549882345,0.1013324111700058,332.5,26.738143398350985,0.30560028224540337,0.06892486474258627,0.18206502543267666,172.25,92.5,-2.793596580997918,0.11406239031917922,-0.1299461024683905,0.8476814476204252
-0.020403734591822237,0.001499042076656687,-0.004357029478153862,0.02091753375316058,0.13468223810195923,358.5,42.98165890575512,0.36058299713138825,0.09008379223569325,0.1663032729898396,269.5,61.75,2.642005684975381,0.13305326413448224,-0.306546303354308,0.849357029478154
-0.020888351024946794,-0.0017805322045557903,-0.005545626329866438,0.021685190219672135,0.13769188523292542,352.5,41.50105447842013,0.3452695010678028,0.09176953726168458,0.16261072837707058,231.5,41.25,-1.9963353482371469,0.1734554512769056,-0.22940893054968495,0.8505456263298665
-0.020359947731177205,0.004214267545775974,-0.0012384409701555743,0.020828376283335396,0.0705227255821228,317.0,41.69880726159337,0.3753167590820273,0.08366809532403392,0.18357476378299553,274.0,90.5,1.8548040452679877,0.12958057271984583,-0.2888936441754327,0.8462384409701557
-0.022041375647031264,0.0025434887185949995,0.0033871836585444015,0.02244470067547957,0.14835809171199799,348.0,27.827812547862575,0.32864591067530763,0.07420925865200562,0.1821587576135203,229.0,95.75,-1.1376384466234635,0.11148483427880504,-0.20973328880240372,0.8416128163414557
-0.018109702674046282,-0.004020341981570891,-0.006066745739444546,0.019517425149291823,0.06606332212686539,406.0,23.629799526364284,0.2853764764069385,0.07110553753126012,0.16371890126661837,189.5,91.0,-1.4590794446815385,0.09091874553558071,-0.16154452055437352,0.8510667457394446
-0.02212969749390803,-0.00038519881108001197,0.004130404835365864,0.022515153417197727,0.009415069594979286,369.0,19.456142146085277,0.31268244295423514,0.07425798617517329,0.17596505803716933,203.5,86.5,-2.214690070392615,0.1201830056142374,-0.17956921063758466,0.8408695951646342
-0.021190453289391425,0.0008578575334838856,-0.005799976513513716,0.02198660859966688,0.24071747064590454,442.5,48.69087627001976,0.3551702075837355,0.09716101714709827,0.14610654268250267,286.75,33.75,2.5678793132010767,0.15949541548269155,-0.26860474863479006,0.8507999765135138
-0.01953859010893333,8.445497064618612e-05,-0.007183999427373022,0.020817624356767275,0.13483081758022308,469.0,44.52643804919336,0.33403236911812556,0.09510661431977027,0.14063977164715313,272.75,40.0,2.9108067580435275,0.14322319088377242,-0.27983282995213726,0.8521839994273731
-0.019003687582286183,-0.003218087479642723,-0.009174538053347447,0.02134639026262032,0.0853571817278862,407.0,43.518316878111115,0.32144144511779116,0.09371857545840682,0.14393336368160525,222.5,31.5,0.11555106340476241,0.16740112733580764,-0.19988338536415953,0.8541745380533475
-0.02135823134521278,-0.001081673154540247,-0.004018443879366229,0.021759870271224016,0.14173449575901031,374.5,35.94530756764351,0.3279688183373895,0.08775091373487297,0.16120897944386103,224.25,54.5,1.1247153798335172,0.14712526967807754,-0.2122020710409349,0.8490184438793663
-0.02791960500375215,0.009238148619858166,0.0004994277159323657,0.02941253408891473,0.05282014235854149,328.0,51.53839915880155,0.43676574286650666,0.0998945776282357,0.17018402635595264,301.5,19.5,-1.091225784978472,0.2261742307336359,-0.34804611748147146,0.8445005722840677
-0.017697879278776057,-0.004448293129174316,-0.007112696695223297,0.019585522638097527,0.13916969299316406,397.0,19.53811007093414,0.28576640275133575,0.06733108871047976,0.16678564480165525,172.0,96.25,1.910584817377378,0.09673775335450505,-0.12233239116979848,0.8521126966952234
-0.02531385357338467,-0.0013816637746726923,0.0010366184842531823,0.025372716752505988,0.03542155772447586,384.0,34.57382375374709,0.33361983272386014,0.09136895438132316,0.16467699542071468,209.0,38.5,-1.6355227537442352,0.1833416404809112,-0.14599437414244962,0.8439633815157469
-0.02174755457925101,0.0002425956659223849,-0.004067299762216092,0.02212595557688637,0.09140321612358093,370.0,44.50234635631079,0.33210065284678114,0.0916277619890564,0.15241365411052898,238.0,44.0,-0.7074447312113162,0.1583163484036856,-0.2553364430281137,0.8490672997622162
-0.01507947136637068,-0.003318603848432078,-0.0020854238293328553,0.015580519270549707,0.09860677272081375,469.5,18.315798929280184,0.26932063303278625,0.042575091152042464,0.16234907933319487,193.5,147.75,-0.18712624980640552,0.0030944330239603274,-0.13411706232852802,0.8470854238293329
-0.017131999758638168,-0.005649964264602403,-0.006596469506486735,0.019207834908476065,0.2430853694677353,409.0,20.65073897694118,0.27447568846436476,0.056603157369108544,0.16733382621694215,161.5,116.5,0.8584717637742507,0.03588882358143241,-0.11606608472257282,0.8515964695064868
-0.020955412049489558,-0.0002771832500920446,-0.0008569738388428672,0.02097475932826131,0.14579834043979645,345.0,34.086603404700455,0.33639114598807746,0.08196057157021377,0.17542926745619447,233.25,75.25,-2.4470178278022865,0.14350691426507295,-0.22572309912952998,0.845856973838843
-0.025624382001360302,-0.004525621944597061,-0.0019065518117286073,0.026090709970176394,0.22183875739574432,319.5,40.45266870124335,0.36435335100021626,0.09526318059291145,0.1698484433185259,179.75,18.5,-2.9729244010857334,0.23793750214388018,-0.10205616569018507,0.8469065518117287
-0.023994670369886395,-0.002216861576399748,0.0009601194599674345,0.024115980402750162,0.043945230543613434,380.0,30.451708467956294,0.31745581620033897,0.08633326025017395,0.16572495183140545,191.0,52.5,0.0033667728116104105,0.16187205422150788,-0.14129541148879238,0.8440398805400326
-0.02210483687260767,-0.006081440347105671,-0.0005372272501198427,0.022932429940550822,0.1381593495607376,386.0,26.424125471995836,0.30442702586497344,0.08189060835401099,0.16705151912470095,163.0,63.25,-2.1749203443522127,0.13240726557179375,-0.08267349973920649,0.8455372272501199
-0.028023862073427525,0.01958409479968426,0.011532699168052107,0.036081529412350294,0.06075794994831085,214.0,48.07129612112779,0.4755386710428475,0.0888485699038311,0.21985216964607202,295.0,80.0,-1.2612935569123733,0.18009832054699415,-0.42972080794527306,0.833467300831948
-0.01440009855425734,0.009194796022361895,0.003210099533003441,0.017384241463951063,0.06455720216035843,449.0,38.480454703383636,0.3451284497999487,0.07371982851899725,0.16779830386888128,293.5,148.0,2.5069149289415003,0.007073560751837437,-0.3147054291621766,0.8417899004669966
-0.015911544393752287,-0.005803753777935933,-0.006799781464999488,0.01825096794367373,0.11993829160928726,406.0,15.277176448411165,0.27886281933513163,0.05286889375971758,0.16962737399337158,143.0,124.5,-2.116952954345171,0.04106172941018774,-0.08683221831357707,0.8517997814649996
-0.015630926598754195,-0.005407165033258554,-0.003770614797941496,0.01696410433789508,0.01850668340921402,365.0,7.040496759138112,0.2997271675994021,0.037949899780121636,0.19281920635298777,164.5,146.5,1.6816884937194663,0.039522582728382515,-0.10671667228511175,0.8487706147979416
-0.025380934496512714,0.0011184034322293257,-0.0015517712290769037,0.025452910562465784,0.13572010397911072,397.0,41.551071466566995,0.3469177598030586,0.09596091054018444,0.15688730509705262,231.75,23.0,-1.7804166574631584,0.18144297688971434,-0.23963553400051693,0.846551771229077
-0.027811282963495082,-0.0001059004177491607,0.003322036201240941,0.028009187769309316,0.17808441817760468,318.0,36.81366293575194,0.3489323748413395,0.08955815900328473,0.17405371658441038,201.75,43.0,2.1922590546102483,0.19474403064354984,-0.2024235348099512,0.8416779637987591
-0.020053497476382603,0.008871793542042039,0.0009725269907703282,0.02194988133078808,0.056491732597351074,404.0,43.617854744889094,0.3686397115341303,0.08749952842879424,0.16453914978339357,303.0,93.5,-0.29379958312794774,0.07961871638483478,-0.34799887334389235,0.8440274730092298
-0.026851889480241364,-0.003931441608786598,0.001532856637185942,0.027181424746553672,0.10932223498821259,328.5,38.474848676144966,0.3359574559049148,0.08998675009086143,0.16901595102152422,173.5,38.75,-0.704848819356966,0.19404544118745728,-0.12427453183934066,0.8434671433628141
-0.022052448421102377,-0.0015185059437212989,-0.004638113860257698,0.022586023152543083,0.17067541182041168,313.0,41.84229727663015,0.34744869985690613,0.08898347770235408,0.16927994653283562,222.25,49.25,0.9347842908162772,0.1825304404071812,-0.21912733624335332,0.8496381138602578
-0.015270190758592053,-0.005596799838155989,-0.005071062237649082,0.017035802489178006,0.07724643498659134,438.0,11.73887203503502,0.27400124440464607,0.04054300223043779,0.16948108700340125,148.0,145.25,-1.10104561839017,0.021347332426779275,-0.09897848523306159,0.8500710622376492
-0.017020672949405097,0.0014042981023208445,-0.005741249095251311,0.018017694136168376,0.23413525521755219,439.5,39.2981031591748,0.3380546404631965,0.08279140686144118,0.158893523036444,287.75,103.25,0.11370043620084065,0.05289345717259518,-0.3338253069692149,0.8507412490952514
-0.017951104196919726,-0.004431323995804759,-0.006701787518367253,0.01966704680895958,0.07062402367591858,405.0,23.502479844378456,0.28752429850647787,0.07327733300375229,0.163537812415948,182.5,85.0,-1.8654954825770826,0.10759654896389123,-0.15055112140507956,0.8517017875183673
-0.015755601905138125,0.0005785466602039047,-0.006134294209703128,0.016917543352461744,0.22451892495155334,489.0,34.6062861796015,0.30461691908883504,0.0724109884364129,0.15097649308803185,270.0,129.75,2.601682929025752,0.017115714188474476,-0.2568525572394706,0.8511342942097032
-0.01773892839982294,-0.005293330420435227,-0.006463405880228756,0.019607767422287665,0.09402228146791458,466.0,21.607140129559284,0.26577162708901897,0.06968259558833362,0.14812700065379458,174.0,92.5,1.6915239843880685,0.07096268093244891,-0.11303824752122313,0.8514634058802288
-0.015773564433261257,-0.0032874662249064712,-0.008819352360373012,0.018368280952951538,0.08475330471992493,477.5,21.617448580953894,0.27836778590009,0.05076075328801712,0.15983077274553958,220.75,147.5,2.9907627420104936,0.013958854940302986,-0.18377586053319547,0.8538193523603731
-0.016930277699413396,-0.004448717108355996,-0.004623284988250154,0.01810525202729896,0.21637095510959625,432.0,15.794533225636254,0.2726757757527689,0.0557260476581608,0.16300211443042956,179.0,119.25,3.0750710946772513,0.04905977865434512,-0.11963328120712487,0.8496232849882502
-0.015559457053562256,0.0013436392372728756,-0.0025614053896608757,0.015826018696177863,0.16934913396835327,441.0,29.163651495013863,0.31420360687425386,0.06167387466870127,0.17042001742389234,254.25,149.75,1.8765806809768302,0.011739812650414577,-0.24996503813904905,0.847561405389661
-0.021547663921169358,-0.0004710829895153146,-0.005642825489236225,0.022279255354357073,0.12707071006298065,427.0,42.33973376209167,0.34245558885588473,0.0957942082844695,0.1478004504966005,248.25,28.0,-2.7589554023739313,0.18151593650368225,-0.24164766453459227,0.8506428254892363
-0.0185891080998955,-0.0035746741552375727,-0.0074543788521950205,0.020344556995367982,0.08185338228940964,371.0,35.51486214040891,0.31382043737291093,0.08395217201719482,0.15983041660106945,212.0,63.5,-2.600377621534037,0.14974582329342673,-0.1617618731975651,0.8524543788521951
-0.0169437788485571,-0.001013199941284293,-0.00740411287787035,0.0185186150480557,0.11823854595422745,468.0,35.723194737270994,0.3093006756817645,0.07544973670695153,0.1534507172031513,268.75,118.0,0.30354399760742284,0.04516998631549506,-0.24810571846195564,0.8524041128778704
-0.01675947320664943,0.004736889273808387,0.0020735295066108828,0.0175390303828777,0.1891995221376419,409.5,27.95188043334123,0.3262118989842457,0.06694240642843727,0.1785793937705651,255.75,133.75,1.7939503899988813,0.04055004505441108,-0.26955463673045005,0.8429264704933892
-0.016921920677920407,-0.00245334848093795,-0.006875966072492967,0.018429574808682514,0.2443014681339264,479.0,29.873263440554286,0.2826662180583771,0.07429389821508552,0.14642321760811494,234.75,99.25,-2.101279065155308,0.06059489236190481,-0.2186078196745824,0.851875966072493
-0.02089915911116516,-0.004938529186665069,-0.005628075511614927,0.022199980992013937,0.12273821234703064,391.5,34.07288464710643,0.30838667155585964,0.08774893778841787,0.1559467045124342,162.5,46.25,-0.8463985612125239,0.15959307352793728,-0.11930649555151662,0.850628075511615
-0.022191651139652394,0.007117193964947088,0.0055398292561141815,0.02395440540747387,0.1751280277967453,303.5,34.503843802728255,0.37250049524515705,0.07703332854822016,0.199765610971944,257.75,103.25,-0.6171310997715902,0.11929066308893377,-0.2754559592085895,0.8394601707438859
-0.026949810943266816,0.006407634002341955,0.0012330022018156583,0.027728512001466556,0.1709035187959671,304.0,45.830610522151034,0.40608057513664336,0.09543069386394193,0.17693967555143042,268.0,35.75,-0.2037166911610857,0.21491559554462977,-0.3078477527765133,0.8437669977981844
-0.025881520329169544,-0.0063175932724217065,0.008190498374122779,0.027872017202231206,0.07107119262218475,266.0,28.032639293984392,0.342890031501969,0.07250476415709022,0.20230181429181437,153.0,84.0,-0.7355977023994389,0.16170311119239889,-0.0904023898190601,0.8368095016258773
-0.02521111064327705,-0.00390131321521317,-0.00032497719236135314,0.025513250573894135,0.14891831576824188,352.5,35.28292949778392,0.32659307019187894,0.08899807982697121,0.1608455453984854,163.75,41.5,0.9236883641730741,0.19049367396295225,-0.1371084468129236,0.8453249771923614
-0.01967176161557592,-0.003075794685041086,-0.0025815951708330065,0.020077433890580774,0.06489187479019165,396.0,23.159607227671334,0.295774868879145,0.07411884877597785,0.16920570956832826,195.0,85.5,2.958114300670259,0.09472884380131034,-0.12211687437367462,0.8475815951708331
-0.01791606878393496,0.0010772009667065208,-0.0029491999150020876,0.018189108354507388,0.20516212284564972,469.0,30.75798948369543,0.29945025895894517,0.07791732029438651,0.15558994545663185,250.0,97.25,-1.3223407833416325,0.05080211883677913,-0.2390359215292789,0.8479491999150022
-0.016143098892287336,0.000830560644963535,0.0006989255015622531,0.016179554063319078,0.103727787733078,392.5,22.996807809463625,0.31048024841306615,0.05416418074788882,0.18310926399218208,227.75,144.5,-1.5099354669888614,0.037005959183429374,-0.20947572617735813,0.8443010744984378
-0.02241888915108471,0.003831467999547755,0.0032752207215536178,0.022978551054735293,0.1662931591272354,366.0,33.53696522345868,0.3290015485500809,0.08096578989021692,0.17084306707082886,239.25,81.25,2.775739580495256,0.10955354158187039,-0.2591533176995508,0.8417247792784465
-0.019765390744186206,-0.0028053562910051733,-0.004767140148643101,0.02052477333338054,0.09741926938295364,353.0,32.76160540672068,0.3198962760096055,0.08170841518013951,0.1695142336612706,209.5,69.0,0.2344227588931787,0.14968296534545947,-0.17482207109766432,0.8497671401486432
-0.01615889650839094,-0.0031388956402876866,-0.00882676343947586,0.0186781785789186,0.22833536565303802,475.5,29.109777160578737,0.2797890562124554,0.07093503268181038,0.15048932643932778,232.25,107.5,-1.234544564858847,0.05394714898291491,-0.17806391329603635,0.8538267634394759
-0.0326792008162364,0.015813044200622517,0.00853360832811223,0.037293498146143036,0.05305073782801628,290.0,49.43634273022612,0.44442303599275745,0.09827449314466624,0.1848698325815673,289.0,26.0,0.5132597867085726,0.21968969180338094,-0.360991516064318,0.8364663916718879
-0.02115841453660837,-0.0012525514264166149,7.238816853549768e-05,0.02119558045503172,0.1310095638036728,316.0,28.20718587431371,0.32495183560731933,0.0728428082255012,0.18550676951601597,203.0,89.25,-2.0082963838725343,0.12844781841365674,-0.17319963357176485,0.8449276118314646
-0.017948233751184386,-0.0006657776349792144,-0.005807446038720743,0.01887614325382826,0.24188458919525146,429.5,33.916787464162475,0.3113222978562423,0.07840622621784844,0.16055790615316423,252.5,96.75,-0.39225386730899975,0.08946126362436231,-0.20607238793458796,0.8508074460387208
-0.023896448833554268,0.0037409895261505954,-6.380996865185118e-05,0.02418758651047154,0.19056621193885803,330.0,39.301206849264524,0.36247791718523387,0.08820486795498637,0.17459865932276297,251.25,61.75,0.3122141038539373,0.16179546588896057,-0.2624439387198788,0.8450638099686519
-0.015837019935973227,-0.002020660393545204,-0.0038110848762824556,0.016413976873770858,0.06453315913677216,445.0,20.48192924100184,0.2811911382951795,0.05223230266165594,0.16610106286289283,213.5,140.0,2.5513003227811377,0.002309583067575203,-0.16073184798309445,0.8488110848762825
-0.022465642241268957,-0.003867268231059748,-0.003506444401728648,0.02306417128851731,0.12238836288452148,382.5,34.023290791247454,0.31767781905000897,0.08845146561013743,0.15773845813704512,189.25,45.5,-1.1260053955623048,0.16899658107973364,-0.12151926356434771,0.8485064444017287
-0.024196399879190922,0.0018699618090212422,0.0006789136765138482,0.02427804456831452,0.1713147610425949,371.0,36.99406475363264,0.3390706853067138,0.08826420858010062,0.16600151270730246,239.0,57.25,-2.8538738032235997,0.16236944750720556,-0.1961407367225517,0.8443210863234862
-0.0226905196145549,0.0009024762198431013,-0.00352261792887254,0.022980056152644562,0.1265389770269394,339.0,43.74962127686741,0.3557155099110165,0.09248726169391251,0.16153529051440152,242.0,41.25,-2.743879871046834,0.18573544308397,-0.22648709411133292,0.8485226179288726
-0.017155575004849523,0.006530410311696988,-0.00013236432501173567,0.0183569478100438,0.10936339944601059,409.0,38.27648106754429,0.35977409021321366,0.07764463618021568,0.17439109991571577,293.25,130.0,-0.07091450219703131,0.03831161383741057,-0.31885595839906705,0.8451323643250118
-0.015607197111473323,-0.00279115829663959,-0.0013942363886770837,0.01591600017029381,0.17547275125980377,388.0,16.597891249110397,0.29109980740271063,0.04335855067288616,0.18270692634164099,189.75,143.75,-2.5147903041593627,0.01565298599951898,-0.1330816652115558,0.8463942363886772
-0.019084598439609315,-0.005879154983058979,-0.0050156532796270525,0.020589879522168144,0.2005959153175354,395.0,22.46032095249166,0.2926755108539257,0.07473980255456245,0.16581302091309624,151.0,80.75,-3.074308245010825,0.10794302718034941,-0.09551981737810851,0.8500156532796271
-0.03170195983046467,0.0028519189208512097,0.0062980359794340135,0.03244707931111443,0.19747087359428406,259.5,39.935264631221095,0.3954265299006659,0.09173919958940124,0.18982958839354847,216.75,37.25,2.8032211065072223,0.24443553186370787,-0.22806007662210792,0.8387019640205661
-0.028974775631137845,0.006440368771787608,0.0034563665659274045,0.029882477183618115,0.04295697435736656,295.0,43.926418987449026,0.4086833855866717,0.09530319242951282,0.18063841899727695,257.5,32.5,2.443272663134873,0.22104543537553045,-0.28889813182104856,0.8415436334340727
-0.0182794035635125,0.0021182567564837496,-0.0005937363356405267,0.018411304385089134,0.09617510437965393,363.5,30.60475380615854,0.3268663453543447,0.06686235109816317,0.17898350128475704,244.5,124.25,-2.424344419815235,0.0761068294481685,-0.27063816525194445,0.8455937363356406
-0.0249303810604464,0.005637934246243148,-0.00044674607879668926,0.0255638374357792,0.2264697253704071,330.0,48.00249462939176,0.3957001472261862,0.09504742988864072,0.1667587415701931,283.25,44.0,2.65738623643211,0.18824585747164327,-0.29637226718852383,0.8454467460787968
-0.02087796189436314,0.00037943819880001395,-0.0022631022866326234,0.02100368772784793,0.07283275574445724,409.0,35.23382218082036,0.30635827484144673,0.08314097104067232,0.1543977112715732,229.5,71.5,-1.0259995194564966,0.11661308028252694,-0.22086643817535664,0.8472631022866327
-0.01764119585052004,-0.0035814245233362907,-0.008134260739616428,0.019753596898611284,0.11562762409448624,380.0,31.966369261720576,0.29566205061984235,0.07561506676579265,0.16159384436271262,202.0,83.5,1.3597197924513873,0.11256634939837398,-0.14074944769235576,0.8531342607396165
-0.01639108974384474,-0.0021640056337605407,-0.004621186862897364,0.01716700647741285,0.1622794270515442,404.5,19.713996700194432,0.2962676866577192,0.05821785122145506,0.1773358502138488,215.75,127.25,1.0488424544698487,0.035568379857652675,-0.19452240465841286,0.8496211868628974
-0.021993176958584076,-0.006094626504818082,-0.0018404596266531348,0.022896104397957414,0.3964071571826935,435.5,26.442918719764414,0.29186278570139973,0.08386684960409005,0.1537619050638388,156.0,58.25,-2.801804669677107,0.12383139763366686,-0.08564829548900939,0.8468404596266532
-0.017647096411216867,-0.004791981614500382,-0.00829127417215303,0.020078055855543005,0.14478853344917297,453.0,21.04872595390496,0.27181212013763695,0.07236368491070043,0.15106950045136747,170.0,86.25,1.788919093397668,0.0853794230955577,-0.12063032178219334,0.8532912741721531
-0.019919762664662166,-0.0018574752020638075,-0.00322386704653832,0.02026426602363151,0.18915331363677979,347.5,33.881886565826605,0.33021832423528485,0.08456162897295735,0.17186375102952522,215.75,61.5,0.995525649076465,0.15557674503604255,-0.2277996341374354,0.8482238670465384
-0.01642263744925397,-0.005454340138557737,-0.006541800745358373,0.018499946057453583,0.14487206935882568,416.0,20.04799630335918,0.2727980151459712,0.05449488457750238,0.16487508753568403,163.5,120.0,-2.234158109305046,0.04539883403310678,-0.11552012975588861,0.8515418007453585
-0.02451373181872568,0.004105475471694542,-0.0024854213341577447,0.02497909717618665,0.35008475184440613,338.5,47.535308608668075,0.39171998343353387,0.09592624440171345,0.1606879350416348,278.0,36.75,0.10682721587538656,0.20788102218715196,-0.30048625772256743,0.8474854213341578
-0.02315427789734928,0.008904024663061061,0.0017118247065360803,0.024866294134309287,0.07973972707986832,292.0,46.59793364196611,0.4222694832095352,0.08942640269510002,0.18993967663289846,299.5,81.0,-1.8001867408947596,0.1591565495985299,-0.36139577946148793,0.843288175293464
-0.028309396387392743,0.0006217264370050601,0.0023467734701637655,0.02841330345632589,0.22638718783855438,278.0,42.21618527558802,0.38024402746298136,0.09327867995897778,0.18129740511926018,208.75,29.75,0.6145455251005718,0.22961294691663764,-0.21874832978653982,0.8426532265298363
-0.018286586392048082,0.0008548408380874006,-0.006204278491131476,0.019329331761026216,0.1592881828546524,515.5,38.78743878660319,0.3153085880234608,0.08889553418537754,0.14266683480052977,278.5,72.25,-1.259575152623353,0.061578145500298116,-0.3044607054785931,0.8512042784911316
-0.016599553204239066,-0.0009852795448699603,-0.005546782302323083,0.01752948191679569,0.18249401450157166,421.5,29.500027995940187,0.29997686775177934,0.06781000333339895,0.16464417020798217,239.25,118.25,-0.03696562607261207,0.04076843496846754,-0.24279241299270465,0.8505467823023232
-0.0166810579289459,-0.002558738108158848,-0.0045439702609222365,0.017477199434324103,0.06915831565856934,471.0,19.74399561479885,0.2749628628937506,0.0639744935211623,0.15703884280682712,214.0,114.5,0.47481939967343073,0.045986031547316376,-0.17616583757115642,0.8495439702609223
-0.02599922254115833,-0.002511698823744496,0.0035073259411820823,0.02635468722985654,0.262631356716156,271.5,31.545365205860698,0.3541239578351904,0.0819590981403743,0.1917629556669298,179.75,62.25,1.796648743138496,0.20090756864406245,-0.13802556329838211,0.841492674058818
-0.018392945522565,-0.004287827222928531,-0.003292228909631323,0.019170933166727775,0.08597096800804138,393.0,21.365440583460526,0.2855420883541906,0.06595810045981315,0.16766075696096883,179.0,99.5,0.9196243132185941,0.09022104905169429,-0.14698468306806659,0.8482922289096314
-0.01762191193688993,-0.0025980468731197914,-0.008203020072578227,0.01961048612802734,0.20705588161945343,595.5,33.854429013368645,0.2733133687684954,0.08844197541956239,0.13051818420838213,237.25,58.5,1.5204847644908481,0.08444881280029447,-0.1624741479913546,0.8532030200725783
-0.01704904110830894,0.0068969365563786855,0.005582449378274124,0.019219814713896537,0.12519676983356476,435.0,27.37342872112634,0.3208560622532353,0.06935125720087157,0.17205071496705193,259.0,129.25,0.7802402199340069,0.023530505078133958,-0.27285355629275504,0.839417550621726
-0.024446788607105502,0.005978189351938223,-0.0016413994775693608,0.025220595024168162,0.23815037310123444,360.0,48.30993014326778,0.40126204758846556,0.09634759913804712,0.16414766321435903,298.25,43.0,-3.0058208124694676,0.18798405763091855,-0.3153972660093233,0.8466413994775694
-0.016428169469677283,0.0007373177423684596,-0.0066880511722364755,0.017752701711573417,0.07901734113693237,398.0,40.49679593948738,0.35609826096077685,0.07800099628187897,0.17195201313340724,291.5,126.0,1.4808001952104393,0.0625389198768079,-0.30754876255654584,0.8516880511722366
-0.022829889139993315,-0.0011828880440864498,-0.004719200109647659,0.023342534394193912,0.05511579290032387,377.0,44.98772260928518,0.35184201048967967,0.09673182884182498,0.15710341551031382,233.0,19.5,-1.2895233813402558,0.19367098395182192,-0.22706007231719225,0.8497192001096477
-0.01637651145993641,-0.004375470165948497,-0.004939774535964947,0.017656053897649432,0.1408933848142624,476.0,14.726081664172092,0.25807252969888833,0.05385635758311763,0.152899631329536,172.75,122.0,2.9815546337170256,0.026346101548634406,-0.13769720352758663,0.849939774535965
-0.015415568788741492,0.0018238161325865865,-0.003378003552784392,0.01588637700574073,0.2116728574037552,461.5,32.00863342999514,0.31537099877413444,0.06879318463343488,0.16569127047491172,267.25,139.25,-0.027563289073415966,0.0013291402981218375,-0.26462028374517016,0.8483780035527845
-0.023525734378929353,-0.005453581321783266,-0.002750471312798597,0.02430569521210553,0.07125431299209595,296.0,38.89632086978303,0.3466794774721446,0.08882878555451024,0.17617193196072856,162.5,42.0,2.051708111856785,0.2077875167346615,-0.10717730211955774,0.8477504713127987
-0.020272864640119792,-0.005734411923108557,-0.005843552143714348,0.02186365986006957,0.2790359556674957,404.5,32.70206311162862,0.3023787141958653,0.08689862902336253,0.15761433237896016,160.75,49.25,2.0205379659000773,0.14046447629229486,-0.11212833983415021,0.8508435521437144
-0.017903466823996093,0.001832286907092251,-0.004082905537277082,0.018454308907519628,0.159142404794693,435.0,36.91337363752436,0.32492089481936165,0.07960780819081452,0.16176246141510642,273.0,106.25,2.820026996749133,0.0564601846420101,-0.25994578764982845,0.8490829055372772
-0.01945330113933863,0.0009711317426075172,-0.0005955883059705069,0.0194866299679935,0.0836900919675827,330.0,33.51141302301896,0.3274253061069236,0.07341024592496391,0.18313435194301497,231.0,98.5,-2.583284454067034,0.0934471502643066,-0.24042070278980296,0.8455955883059706
-0.015374854255550779,0.0024058673334978464,-0.0041805635936971175,0.01611370388727451,0.2809417247772217,446.5,36.68368418364674,0.33548588160864046,0.07271923293921355,0.1680661168404941,284.25,140.75,-2.906093003580907,0.018696730027960722,-0.2991088418528422,0.8491805635936972
-0.019591890555531177,-0.004867069571818705,-0.0074168886549822455,0.02150676124099674,0.12478692829608917,401.5,35.85189106607925,0.3098471427889309,0.08984932082091321,0.15395083821688593,178.5,40.25,0.9685726311320878,0.16448638929141793,-0.12657607767334375,0.8524168886549823
-0.02117625813223828,0.0003286662292663056,-0.0026662992869226354,0.021345985146178945,0.1436648964881897,400.0,32.923254225271464,0.31922155961649185,0.08277569378722842,0.15979950173676094,238.0,75.75,-2.6530079209225277,0.12363320307402813,-0.20877479438792945,0.8476662992869227
-0.024543088812336383,-0.0009647872215835795,0.0003271775397472032,0.02456422333345138,0.036424197256565094,420.0,35.088047747398356,0.3214002709340556,0.09253593648355005,0.1587928310194775,203.5,33.0,-1.6426014507775437,0.16847773989299336,-0.17790007060123864,0.8446728224602529
-0.019296570314594072,0.0015577711683751327,-0.0037781446357790793,0.019724569800326705,0.030846701934933662,471.0,37.04898764552283,0.3245275634792586,0.08705159835309817,0.15419746189131933,273.5,78.0,-0.9047389024129491,0.08826313501834451,-0.26275032429306516,0.8487781446357792
-0.01628746489158761,0.00026697730145505694,-0.003914329414255957,0.016753350836101435,0.25000324845314026,524.5,27.79731902608332,0.28482009623043225,0.07035864857810642,0.14900788016355904,251.25,121.5,1.2644361085260305,0.03349069974540986,-0.20912928316978913,0.848914329414256
-0.0200079203579078,-0.0026077692762718485,-0.0001865863176211402,0.02017801159927737,0.033258963376283646,450.0,17.31171711263678,0.27971303879615833,0.07373320966447587,0.15972752888527586,187.0,85.0,-1.4652587128474623,0.08101236764632265,-0.13962889182509486,0.8451865863176212
-0.02360687532760447,-0.0048524735717274114,-0.00238868559000327,0.024218523517036766,0.20857493579387665,305.5,37.57130245680058,0.3432276792254183,0.08857835852818127,0.17313960040274579,162.75,42.75,-1.6396726791994185,0.20338027685443447,-0.11450308938707074,0.8473886855900034
-0.016122962729145617,0.0013971925216690328,-0.0007029638024270701,0.01619864908612904,0.12519612908363342,412.0,26.60401099517471,0.30385074170604137,0.06308888483978935,0.17127285124220148,236.25,129.0,0.18821978174198137,0.023011381541547353,-0.23872655049252747,0.8457029638024272
-0.015628616394357222,0.001944523799592368,-0.005534104815317575,0.01669314647740424,0.13960956037044525,452.5,38.422650926367155,0.34034983743101077,0.0760379530228682,0.16342178529419593,292.75,136.5,1.7618460027291045,0.014905014536538457,-0.3214695932378916,0.8505341048153177
-0.02531188483591784,0.0016286889631220158,-0.0026178966882757226,0.025498971052884626,0.05424419417977333,343.0,46.33380493561085,0.38060420264244604,0.09773923221893827,0.16477187981593866,247.5,17.0,-0.31167675923349747,0.21397045784755014,-0.2684291077637096,0.8476178966882758
-0.020054141382532045,0.0024626385376959603,-0.0020679207774814135,0.020310329182459574,0.22270125150680542,346.5,38.40394144700218,0.35043190464641205,0.08317633661566443,0.17622209404607092,259.5,84.25,-1.3036290594621676,0.12178593804637793,-0.2762706300570917,0.8470679207774815
-0.016775990847493726,0.00849458154490168,0.00413382194415346,0.019253058676588043,0.17819319665431976,422.5,35.95125667045762,0.3386012353256669,0.07495771750177618,0.17350930619148408,279.75,128.5,0.8336907297094189,0.04269977298290111,-0.2754749064984899,0.8408661780558466
-0.015549396651924468,-0.0017913711730350723,-0.004430692165881878,0.016267260986019372,0.2583524286746979,511.0,21.597329113662546,0.265121850468218,0.054719473376010186,0.14969119057812819,218.75,138.25,-0.5933995825286962,0.00218256703509845,-0.16213024883935698,0.849430692165882
-0.02108700228798932,0.000925535816657691,-0.004224445065667659,0.021525896454141623,0.029171548783779144,471.0,40.87804979812649,0.3239750136770479,0.09322294341399233,0.14782165133390068,260.0,45.5,1.335130946111659,0.12128330643220082,-0.24582569051879657,0.8492244450656677
-0.020788773314531994,-0.0024335079605570797,-0.0029126650074833282,0.021132408153424213,0.08143982291221619,355.0,33.26825040315726,0.31073373917412705,0.07879022943441362,0.16625656325588378,207.5,76.5,-0.9966179615024626,0.13147648155724467,-0.15157840630837907,0.8479126650074834
-0.022448576905090778,0.004988900863010792,0.0014877282819197868,0.023044328419929032,0.28688010573387146,353.0,37.357768374693116,0.35545145260006883,0.08559231019948814,0.1761624069718437,259.75,75.75,-2.8720106483161443,0.1315817156462205,-0.2487129830876387,0.8435122717180803
-0.017170994931079,0.002251597048637033,-0.0035613154238500755,0.017680376798607098,0.07070936262607574,422.0,38.420884968617315,0.3320351813219569,0.07911775801763225,0.1628175909345656,277.5,111.0,2.6834791085714857,0.06617524341062991,-0.28233248076604295,0.8485613154238502
-0.016051436000776416,0.000685722659667154,-0.00678355217620108,0.017439478013410968,0.14821822941303253,477.0,39.33132879744719,0.33938977930380687,0.07726777229792954,0.16236859897747435,298.75,136.75,-0.5837634786909104,0.014888528803028453,-0.31703246684961417,0.8517835521762012
-0.022825264708022264,-0.00010098966903418494,-0.003980085409031053,0.023169893995608183,0.2166304588317871,403.5,42.23403094298236,0.350942299047163,0.0962315072037374,0.1540809036583647,242.75,24.5,2.949845715855521,0.19190582610343987,-0.21248351318125475,0.8489800854090311
-0.019232548760122453,0.0015407058268864793,0.0023220738448146427,0.019433392220512144,0.07909873127937317,351.0,25.939609029601044,0.32361320899890667,0.068540551694153,0.1857407081495882,227.25,109.0,-1.6199352451522413,0.0808804891362583,-0.23020764903614546,0.8426779261551854
-0.022083160276757607,0.0035238323119093917,-0.001833225541771344,0.022437559534370592,0.10361924022436142,377.0,42.407988906886246,0.36386790837203453,0.09069129371217173,0.1646423675707378,276.75,63.0,-2.9179639748731288,0.15107930486117868,-0.27371858810888866,0.8468332255417714
-0.022420933251493136,0.003755945557780749,-0.003530453401905387,0.023005857430748997,0.10402286052703857,333.0,48.380042370033216,0.39974666076955295,0.09475405129455113,0.17009171530502487,291.25,49.0,1.3952064977586887,0.1738483466928735,-0.3202893190549442,0.8485304534019055
-0.024236873852087504,0.00228911909313545,-0.0002609231512340493,0.024346133188566314,0.06194387748837471,311.0,41.60045424322782,0.36844807704644,0.09051121848147635,0.1739361633985107,243.0,49.5,2.6333871818222785,0.18224916938713204,-0.2704220137396877,0.8452609231512341
-0.018831079573173426,-0.0023249768398758697,-0.00243150804672565,0.019129226502356027,0.08635924011468887,342.0,25.104930795099634,0.3084963660630505,0.06367225877097,0.18321544716257698,203.0,110.0,0.9772496731238183,0.09062120498304702,-0.1672396289975554,0.8474315080467257
-0.030533141265013525,0.00905634214706269,0.0035995010790472737,0.032050685743241096,0.3014501631259918,280.0,48.73047237745326,0.4373662500010633,0.09748485085551145,0.18179406631887896,278.5,27.5,2.429785678515185,0.23819863747226305,-0.32509253609497807,0.8414004989209528
-0.017029559983583048,0.001560223456516796,-0.003913811239229403,0.017543036478473065,0.20371027290821075,464.0,35.40323378580407,0.31160049808961615,0.07907766729169326,0.15600574374586784,268.25,103.75,-2.47125108764075,0.02960567330217427,-0.2821350201989942,0.8489138112392295
-0.016668834755261513,-0.003010560471286533,-0.009044469121187282,0.019201977714120945,0.14253516495227814,422.5,28.417137465150844,0.29407880611972326,0.06848905325140243,0.15962013993483437,229.75,111.5,1.8788522127827,0.07083875787854606,-0.19562496547835498,0.8540444691211874
-0.022841314957579045,0.0013070398183399057,-0.0010104482324595487,0.022900983116637828,0.23097772896289825,427.0,36.1052602043945,0.3184282243363563,0.09071859820722515,0.15391506570583624,226.75,44.75,0.5031670229250209,0.152434831642597,-0.22703673738770083,0.8460104482324596
-0.016008204785934697,-0.003388363743311529,-0.010596589405624579,0.01949439243364116,0.05147027224302292,518.0,36.20873715052891,0.28765416119026815,0.07812731458965552,0.1422645960127813,263.0,105.0,-2.9853864383685056,0.04079167768026789,-0.22969993483119647,0.8555965894056247
-0.017481023831603958,-0.0008694153646755243,-0.0009525220191757278,0.017528530328423258,0.25872403383255005,369.5,18.15941834693245,0.30857333032537687,0.056961332289875224,0.18576320411750713,211.25,127.25,-0.15044234131804934,0.056725909466934406,-0.18210101764724468,0.8459525220191758
-0.023089849764506593,0.00417103709876282,-0.001564042242986119,0.023515631838515117,0.19185929000377655,340.5,43.82639203357727,0.38556191640520115,0.09191661494604393,0.1717635573167392,279.75,58.25,1.4690128406052598,0.1734983717056179,-0.29603381444104176,0.8465640422429862
-0.017933405407437944,-0.0025412662815077203,-0.00650783969530111,0.01924622148165165,0.08446163684129715,364.0,31.34844569596852,0.3065645926457424,0.07171702730040644,0.16942860350552935,220.0,98.0,0.0552622614730001,0.10319419860598893,-0.19543747347040033,0.8515078396953012
-0.02020713072921837,0.00020961101618227618,-0.0053885421241809395,0.02091431221221245,0.11853460222482681,358.5,42.76176822520282,0.3535042790098716,0.0903796635786148,0.16321050906466872,259.25,56.5,-1.919010437507906,0.15468056446034933,-0.2652326701029514,0.850388542124181
-0.02100337815754824,0.004752661698692928,-0.002494820609670656,0.02167841823394029,0.25939956307411194,277.0,46.48701545748832,0.41644365366834857,0.08774987152386948,0.18850555017227133,290.75,83.0,-1.6716160974210383,0.17868488848312253,-0.34417486147861587,0.8474948206096707
-0.018837293392569843,-0.004221363404353667,-0.0068137736956102035,0.020471713248391338,0.23454755544662476,385.5,29.190035085117092,0.3026011262659485,0.07955784465555164,0.16319939965871078,199.25,72.75,-2.905583212528872,0.12634014717396888,-0.16505750206127198,0.8518137736956103
-0.020350345601646308,-0.00246658843083164,-0.004520536440959844,0.02099180493210633,0.06390958279371262,422.0,29.930722485536037,0.3023225451828515,0.08402308583574604,0.15513028755633496,209.0,63.0,0.7043975342105933,0.13466845335579689,-0.18123555867759955,0.8495205364409599
-0.015296379104512304,-0.0022814730554052143,-0.005102680606775545,0.016285628093084523,0.05241352692246437,414.0,21.253531783587206,0.30329082561711745,0.049505432763896615,0.1829962123358423,224.5,153.0,1.006927102028315,0.000685125268193771,-0.19827037275273854,0.8501026806067756
-0.021610925223129462,0.004954510954039426,-0.002711943600138711,0.022336828465198973,0.26137083768844604,342.0,48.69801780824033,0.3957678584387235,0.09398943561381257,0.167489825374312,297.25,55.75,-0.5351437021985824,0.1648558866046013,-0.3446708487890933,0.8477119436001388
-0.027871759404941437,0.006764227677816537,0.0032777123762095517,0.028867510229069603,0.1897314190864563,357.5,43.5793285453261,0.37982103929686933,0.09508241217723222,0.16981291008075006,266.25,37.5,0.9019425466869841,0.1862164018389489,-0.2507866143119578,0.8417222876237905
-0.015485970368925753,-0.0006436655730753527,-0.006958124146700828,0.016989557830564925,0.05078953132033348,518.0,34.83462482437014,0.292478184811505,0.07270130905960961,0.14587913061711377,267.5,126.5,-2.808554259053706,0.018118100388302402,-0.23174708019907955,0.8519581241467009
-0.01877534191684692,-0.005216205853877012,-0.008018927972465839,0.02107191195483041,0.08485911786556244,390.0,28.882758795959827,0.29062644865853127,0.07701115998268361,0.1570218598365326,164.75,75.0,3.0988413410790594,0.12405778994692791,-0.1094995357084665,0.8530189279724659
-0.018463578265492678,-0.006096638917811301,-0.006366296262874438,0.02045977655222153,0.07010689377784729,469.0,25.052218957581815,0.272553291928621,0.07830810628020926,0.14839049149440253,150.0,73.5,1.2455439158853179,0.09098923863046714,-0.0936944305225708,0.8513662962628745
-0.02995874474441046,0.004180222718801113,0.0045275882355659824,0.030585939643410626,0.051926642656326294,255.0,42.2798915800649,0.4021136132270147,0.09060978539495979,0.19254027957706865,239.5,48.0,0.2828160506275086,0.23603449474437393,-0.21808703118543785,0.8404724117644341
-0.021186696275820455,-0.002927073263746763,-0.0036074899508315994,0.021690040127223288,0.06323061883449554,438.0,31.835499575577504,0.29523395043407646,0.08564555325620571,0.15296417912059368,200.0,57.0,-2.484151057146434,0.12644575999180588,-0.10772603411497252,0.8486074899508317
-0.019960888318334424,-0.00397056630310183,-0.005999473515444054,0.02121782603583275,0.10539603978395462,431.5,33.44093892606428,0.29290615215360793,0.08665309066767181,0.1479925887467597,179.25,50.5,1.5748399990020068,0.1360417532714059,-0.12943341873075245,0.8509994735154441
-0.018701584309718786,0.0019541881832554064,-0.003683359292296129,0.019160773544542483,0.04822680726647377,470.0,36.44721944007876,0.31493828214051633,0.08329247551180133,0.15239875317667506,269.5,90.5,-0.4506659350608902,0.078970220742094,-0.247549917009775,0.8486833592922962
-0.016398115350727674,-0.002799809255955271,-0.005609072113204938,0.0175555919551759,0.08141975849866867,538.0,19.407245943674557,0.2560123955822656,0.06742088981234813,0.1430398538663501,206.5,105.0,2.4849372405510914,0.024904831196638846,-0.15251126362857426,0.850609072113205
-0.02205502001706551,0.0040793622280626,-0.00024827571227015177,0.022430486953479354,0.18800021708011627,379.0,38.66175615191736,0.3460646496874826,0.08818655502910883,0.16603066281534262,258.25,64.75,0.29443871869855986,0.1286089576864249,-0.27028845508442956,0.8452482757122702
-0.023306576050150657,0.005981647427555692,0.003709004069954447,0.02434611476847956,0.08804843574762344,331.0,38.319717751321974,0.36014269342745164,0.0828849399683322,0.18108002932586142,260.5,85.5,1.3731150295443635,0.14657988775286124,-0.25204204768565325,0.8412909959300456
-0.015327623972063616,0.0005688219847498899,-0.005912235134366339,0.016438191487002145,0.3115121126174927,443.0,35.62249728516074,0.3336114383529863,0.07113950296974654,0.17030144836186156,280.5,143.5,-1.2504780804086157,0.0031816623157504206,-0.3058915444856188,0.8509122351343664
-0.015506116457087236,0.0013146479584381088,0.001129979463687647,0.01560271772556733,0.12828251719474792,437.0,20.961327302730414,0.3014891071421182,0.05539875752774382,0.17484859612668713,232.75,146.0,1.2674261173300327,0.016847625471258877,-0.20931150218163322,0.8438700205363124
-0.019909124905586884,-0.0037477122170884725,-0.0030157341567509377,0.020482022699737652,0.05579583719372749,388.0,26.304127037961184,0.29768867602667337,0.07705532068082292,0.166324176417591,190.0,77.5,-2.492516980863657,0.11660687064222976,-0.12816491803384164,0.848015734156751
-0.0263350618707327,-0.0009012783108368894,-0.0010862954164412297,0.026372861506872656,0.060053497552871704,308.0,42.92625304472628,0.3718201220545638,0.09540284430619055,0.16918195068862552,205.5,20.0,-1.4131969179673551,0.23261981347933886,-0.2229611667297621,0.8460862954164413
-0.02669871627539422,9.904781975705879e-05,-0.0013366437112206642,0.026732337676218004,0.1553584337234497,335.5,43.81605271804053,0.36902580403988766,0.09633690171631162,0.1680022576648632,224.5,19.75,-2.754188673130292,0.21920453913158047,-0.16813532374337625,0.8463366437112207
-0.01945844943269784,-0.0018639685112650517,0.00012467194366383438,0.019547919992402858,0.131364107131958,373.5,18.963396609685613,0.30360476004217807,0.06584056407235912,0.17923681362752986,204.75,105.5,-0.1425028400337765,0.08511507391163857,-0.1739692171039063,0.8448753280563362
-0.02820233054339824,0.009058586655527223,0.001539595345137812,0.029661419286702368,0.0633724108338356,334.0,48.95207713728455,0.42345353714787454,0.09789818953145894,0.16854032093495686,297.0,32.0,-1.9315728940760093,0.20763908932947056,-0.32325019437206987,0.8434604046548623
-0.01877645528131515,-0.0012296801842966165,-0.002572380059249868,0.018991696223773842,0.21334262192249298,411.0,29.44314246251166,0.3005680720593869,0.07781107274655873,0.16376889314773935,221.25,83.0,-2.196045502702105,0.0977595141792325,-0.20685116539586249,0.84757238005925
-0.020559198611366125,-0.0036189716032178493,-0.003491291833081389,0.021165224347269196,0.2189570516347885,385.5,30.020334383208375,0.29618303405498364,0.07770135885915813,0.15813589348599144,193.75,76.5,-0.8462169771163831,0.12532390127597434,-0.1226581852418759,0.8484912918330815
-0.016276123718955406,-0.004527024028768201,-0.007051776628054562,0.018306657354191236,0.08935201913118362,471.0,17.951700656982638,0.25983126644030463,0.04529888422296397,0.1552851382375955,172.25,136.75,-3.0409573312813922,0.01633768925699216,-0.13752906796532752,0.8520517766280546
-0.029569490046080338,-0.0029325348481799296,0.003662958034718944,0.029939468328364582,0.040662072598934174,278.0,37.66758219161045,0.3766852480960588,0.0918967972520914,0.18546921458898702,184.0,32.0,0.15094598958252076,0.23644797344998303,-0.15554729312909055,0.8413370419652811
-0.019058901855150634,-0.005367660468572247,-0.005617750327744919,0.02058185214151087,0.14160767197608948,357.0,28.826269497264075,0.3014127571852354,0.07575436912781941,0.16711637903106213,154.0,77.75,-0.4730493795388419,0.1287015588055263,-0.12092912353560877,0.850617750327745
-0.016313106787386476,-0.004168455232868351,-0.007362600437907263,0.0183766525051048,0.29220402240753174,452.5,22.144321195350106,0.2658491401731624,0.05808151702700969,0.1547361702210298,188.5,117.25,1.4825506103350132,0.04057797164625609,-0.13372799132465243,0.8523626004379073
-0.019608407981797818,0.004162243776588415,-0.003362741248082113,0.020325401977277946,0.0670771449804306,397.0,43.67037010077123,0.37267053006954387,0.08940951689013354,0.1667254499519123,299.5,82.0,-2.6163908976962604,0.11410458914374585,-0.31071513367134557,0.8483627412480822
-0.028670809804715175,-0.004159986822514422,0.00041256711180315264,0.028973971713304805,0.05906842648983002,285.0,42.509351620978684,0.37237836757655896,0.094441977680483,0.17549425660173512,159.5,21.0,1.8178356773451778,0.23662741004646304,-0.15945396597646316,0.8445874328881969
-0.023869545978571036,-0.000975223985510254,0.005631606387484722,0.024544271786887256,0.0725824236869812,342.0,27.169908078781447,0.31661167639495674,0.07673231156293488,0.18066566357384417,194.5,78.5,0.6253381742724372,0.13376822218274823,-0.15101292968713811,0.8393683936125154
-0.01811170393718259,-0.0017236786108247304,-0.006428941795598053,0.019296014616307623,0.19941042363643646,508.5,32.816249107216315,0.289648078531667,0.08460660219166166,0.14234891201580757,242.25,72.5,-2.114908039915671,0.09554958260320888,-0.2162982026929723,0.8514289417955981
-0.01857617743293602,-0.005862419969586821,-0.009652744104694189,0.02173977471526419,0.12714166939258575,417.0,36.23116475574433,0.3069777626568911,0.090902717710181,0.1480930263688378,161.75,36.0,-2.849229264622113,0.17192818701275644,-0.08716365871179795,0.8546527441046943
-0.01545398463216242,0.002890046668719448,-0.0010277924691004525,0.015755455185999172,0.12185215204954147,441.0,30.87307148471192,0.33108714918898025,0.06714303728040208,0.17770875285439935,269.75,146.75,-2.0699497643523137,0.01450706767001526,-0.26411937230227484,0.8460277924691005
-0.025289310288101274,0.006899951386994341,0.004131936616771803,0.026537359405106035,0.13254286348819733,291.5,42.12226991589934,0.3855640736919337,0.08733393139157349,0.18784117997152505,262.5,69.75,2.6710174048878796,0.17478343167196106,-0.27172061708861656,0.8408680633832283
-0.015608564055142,-0.0014174686894917188,-0.008403667430787909,0.017783647422181022,0.20742018520832062,457.5,37.56441478829569,0.3302975274508041,0.07435309333324185,0.16238399879577348,285.5,135.75,0.051034520569586295,0.020569128710239727,-0.2984010616740374,0.853403667430788
-0.01773182648968459,0.0037344967942231078,-0.0020426059701007526,0.01823557995007107,0.1693725287914276,376.5,35.93291255443745,0.3586746068214419,0.07691696046226942,0.1825188796902466,279.25,119.75,-2.092703938950121,0.07496398254303219,-0.3011961593730039,0.8470426059701008
-0.018358135172338447,-0.00328444726911975,-0.007287670293004922,0.020022958302134693,0.0431271530687809,400.0,30.269017784441996,0.30518810137553926,0.08186643547675969,0.16339472908879527,212.5,70.0,1.5989427247137542,0.13321431921666976,-0.17928309763167044,0.852287670293005
-0.016574353545152277,-0.0037064187472289067,-0.001311552291868301,0.017034286154218987,0.18221309781074524,395.0,13.425196139883237,0.28670623863375216,0.045357837982017764,0.17945472647800587,179.25,137.0,2.44129462154848,0.03414015342309316,-0.1335630054212712,0.8463115522918684
-0.024533499989784685,-0.0003914322740266596,-0.0031451270335091097,0.024737373850730892,0.051451366394758224,303.0,44.17090375968663,0.37857667402086803,0.09555041454918474,0.17182283705523616,220.5,22.0,1.9964473139790748,0.22774472956849762,-0.21764818732205232,0.8481451270335092
-0.024100373880970805,0.003773139759130295,-0.003991011896859131,0.024718268159508682,0.04792274907231331,274.0,51.87119168764932,0.43956388259784,0.09729186173417259,0.17628888133549003,291.0,33.5,-2.8791489174358693,0.2366033582576835,-0.3334612644792027,0.8489910118968592
-0.014402955837599521,-0.004900121338637736,-0.002659773277592259,0.01544443977233907,0.15590038895606995,387.0,12.107377363351754,0.2969909867023025,0.02974889715859841,0.1912430587991636,171.75,161.25,2.72645590400734,-0.00045164754392679717,-0.11268145319917883,0.8476597732775923
-0.019245913771471973,-0.003935300350813353,-0.004520616578407188,0.0201575732666166,0.0659499317407608,393.0,24.10431612459162,0.29172592900203054,0.07343033170417144,0.16231280553336247,184.0,84.5,2.52567513223191,0.11268165731475284,-0.15408060231570472,0.8495206165784073
-0.018389570118838516,-0.00535510410020211,-0.007983614252417004,0.020750699400528066,0.2090606540441513,484.0,27.905449123080434,0.2724908124555948,0.08246553886928583,0.1464921612795459,159.75,62.75,1.5038862356571612,0.09514342305248898,-0.11539408678407968,0.8529836142524171
-0.016070994264930645,0.00208708253000206,-0.0012889094298824677,0.016257123290081596,0.16125079989433289,416.0,28.943064770226414,0.3220745808670575,0.06529684558351637,0.1755822575072702,255.25,138.25,-2.0118373442442046,0.021731154202476184,-0.2696823569822324,0.8462889094298826
-0.024950937788129013,0.0017710461119085918,-0.0023024318649734754,0.025119456469645918,0.2097143530845642,388.0,44.762207008790675,0.37158447345342965,0.09799418118206665,0.15741339939564059,255.75,17.75,-3.0579416195641493,0.20783246480421613,-0.24139751997441575,0.8473024318649736
-0.019948399919186136,-0.0010193891789905818,-0.0038610659307913853,0.02034417960390506,0.1787784844636917,473.5,32.02475740886634,0.2975523696463949,0.08703730380205356,0.15220127835274722,226.5,58.75,1.5701599366369718,0.10342368973992179,-0.20271421986290078,0.8488610659307915
-0.02470854016252158,0.0021092182748922994,-0.003909369682087771,0.02510465952777111,0.12702038884162903,317.0,49.64577826058118,0.4034414178897331,0.0984438470645067,0.16454971193407608,266.0,17.75,-0.9320101863125021,0.22593090482489822,-0.28907236383565105,0.8489093696820879
-0.015471115551778582,-0.0018640378273721558,-0.005157930872177308,0.016414454128009227,0.12757830321788788,475.5,20.813255458779302,0.2869803945481393,0.05502784553609864,0.1612621799439835,230.5,144.75,-1.9517363913113488,0.016056913507886746,-0.22528231440171967,0.8501579308721774
-0.018397038900312662,0.006029408035358452,0.0034875810438581567,0.019671502817373693,0.09409277141094208,348.0,34.072287044154905,0.3505490376473184,0.07155705779415802,0.18958738607542192,261.5,123.5,-2.6318260851890902,0.07198387648866478,-0.2763078175775656,0.8415124189561419
-0.02393165410867687,0.00029391920156984774,-0.0015084333522585869,0.023980947188395375,0.07629483193159103,411.0,39.5380709260637,0.3211370290983482,0.09224350700477724,0.1499048591609503,219.5,37.0,-1.4575282288552747,0.16453869557242473,-0.20835586907093787,0.8465084333522587
-0.030256998552750075,0.006121792114852309,0.005151682564909832,0.03129699879170819,0.2551092803478241,311.0,43.42561462515544,0.3813747429911385,0.09425303293582477,0.1731366398235964,242.75,33.75,-1.1572279541924417,0.2150822750581935,-0.2559783596911433,0.8398483174350903
-0.02085512214896773,-0.003476445077458701,-0.00651335463588909,0.02212341697925095,0.13431598246097565,401.5,38.92987362063217,0.3189410395011797,0.09163111739199657,0.15388729645625887,208.5,37.75,-1.0000087562920583,0.1774125152062173,-0.1597015303794244,0.8515133546358892
-0.0156891424485925,0.001652890766826287,-0.004566153841529252,0.016423489262754092,0.1498209536075592,459.0,35.666890006821724,0.3189102321532082,0.07284563648622522,0.16014001207559225,275.75,132.0,-2.207113490339513,0.011920640122828202,-0.29808939472319085,0.8495661538415293
-0.01625361237110729,-0.0023226593716859922,-0.006627679352545712,0.0177059536672627,0.13409638404846191,475.5,25.6094208683747,0.27654922115157005,0.06428642387767704,0.15431264372409437,226.75,120.5,0.2686240109965582,0.026360991467647026,-0.19838433621027612,0.8516276793525458
-0.01638690448132822,-0.0038657280008951023,-0.007006703360934785,0.018236457535530694,0.18241742253303528,456.0,17.318350191814766,0.2701296578882411,0.053173190552427176,0.15885627061374397,198.25,129.25,-1.9204488926541987,0.020580592061857958,-0.18899548227281823,0.8520067033609349
-0.016892940445450956,-0.0034376634938809714,-0.003687333302450302,0.01762910644570716,0.1340305656194687,455.5,13.704530069043608,0.2709039742721744,0.05529708370732092,0.1603836731040017,193.75,123.5,-0.40030287289245686,0.027952104438668322,-0.18118763981362798,0.8486873333024504
-0.021837618649248547,0.004595378999448507,-0.0027758748353218232,0.022487876234094522,0.20285631716251373,453.5,45.036440255861756,0.35715316485700355,0.09459828169073414,0.14828714057948966,295.5,52.75,-1.6800045811762856,0.12948647141143735,-0.31011728056683024,0.8477758748353219
-0.01613381000338527,-0.004813004138268712,-0.011055761142864995,0.020141864077299544,0.1523953676223755,504.0,22.02306169297519,0.2505185590547115,0.05962046637783097,0.1437719676155471,183.0,114.0,-1.8922616042467129,0.035594659200172955,-0.14084917839856415,0.8560557611428651
-0.01980197727518382,-0.00151579749520106,-0.0031968712626639917,0.020115564419707466,0.1907084882259369,367.0,34.12389865525926,0.32391439891935425,0.08345163219542316,0.17022589570671565,225.0,68.25,-2.5039065717310414,0.13280336137702786,-0.1998677026111775,0.8481968712626641
-0.02498403173319161,-0.00290638381961153,0.002431927849043891,0.02526980770831033,0.04263148456811905,340.0,30.44278715169829,0.32830376463441013,0.08480972206630534,0.17160185706448228,184.0,55.5,-2.160699055560844,0.1720165500930744,-0.1542719535341115,0.8425680721509562
-0.016391801371585232,-0.0026345552156028795,-0.009788808589441533,0.019273110983707018,0.1751159429550171,492.0,37.84948588227877,0.3094845058938549,0.0775520136606834,0.1480136040472685,278.25,118.25,1.0639347221016484,0.04411696520629858,-0.24772421493225186,0.8547888085894416
-0.019277222706291383,0.0018953915567516133,-0.0061820982185145645,0.020332785416777563,0.22494225203990936,411.0,44.9748875128362,0.35732061182473573,0.09161854172895731,0.15273476125604668,290.75,65.25,-0.2539205652890834,0.12344846984739449,-0.32231888212616705,0.8511820982185146
-0.017066868248245957,-0.0015478034129076113,-0.0032585653483260257,0.017443965585190357,0.2033807337284088,484.0,26.769045282197805,0.2790865548748575,0.0705655768917417,0.15146307756827326,228.25,105.25,0.35230143193821534,0.04990694878911641,-0.19923188750426327,0.8482585653483261
-0.018219743657059854,-0.0012477135966156294,-0.00392279697861142,0.018678977067375913,0.10468626022338867,482.5,28.68545875096424,0.28185871176731636,0.07631628941034019,0.15097432414933487,230.5,91.75,2.449627057980275,0.0599668456676251,-0.2113989789039046,0.8489227969786115
-0.017812186784227246,-0.004847138918904384,-0.004008727809633017,0.018890173434542162,0.14452879130840302,477.5,17.316143780351155,0.2660057363730773,0.07309968983236273,0.14597586507714755,165.5,84.25,-0.7418384196976172,0.07641770425487741,-0.11191273717940615,0.8490087278096331
-0.015259286301969512,-0.002855386585764036,-0.005868757658189949,0.01659642634575886,0.11588065326213837,430.0,19.777129979907105,0.28109597333059866,0.0408004048252539,0.17172502547909196,198.25,153.0,-2.2539488686938056,0.000760747973423636,-0.15967781660509028,0.85086875765819
-0.0303242827175203,0.0016871518471715807,0.004191421462103273,0.03065903810559775,0.1853533685207367,264.5,43.363330548159766,0.3858471150052346,0.0931235695461718,0.18629740512283288,209.25,30.25,0.5600209651596225,0.23729203640778157,-0.22311268105764956,0.8408085785378968
-0.01843794885416089,-0.0014910930697077662,-0.005962063960067376,0.019435213483651723,0.16466124355793,360.0,33.15428797249517,0.3228935679386609,0.07775063426650518,0.1724526406789093,235.25,89.0,-1.2540346714720736,0.1140043231079206,-0.23438060696578705,0.8509620639600675
-0.025775708911105755,0.005878654748699197,-1.6875324194254304e-05,0.026437587565831852,0.18342158198356628,277.5,48.98241666025745,0.41369513373940014,0.09522253956495128,0.17438812116760471,270.5,37.25,3.009337680197302,0.22672645443330877,-0.3355820409798542,0.8450168753241943
-0.019946332370592595,-0.0035643247495665276,-0.005439710250471519,0.020979776775924178,0.08770265430212021,348.0,32.900886469996244,0.3153472049790364,0.0813302553350739,0.1664503562558034,196.0,67.0,-1.8824964792425263,0.13729911640457257,-0.15964875011426058,0.8504397102504716
-0.026188600593545913,0.0037014499236420195,0.001985797114129939,0.026523327897607224,0.1428612321615219,276.5,41.44071136225588,0.38325572219964477,0.08989219876634563,0.18419984927829336,236.75,49.5,-2.0955394354832158,0.20101787765045276,-0.2754760339638727,0.8430142028858701
-0.017525779354920584,-0.004489157794029752,-0.009086743829735289,0.02024535485300989,0.2624475061893463,451.5,27.227108597119617,0.27301056605054497,0.07525508200779403,0.14920903415804665,192.75,82.75,-0.8551832430577466,0.09217407066665172,-0.1534023940262643,0.8540867438297354
-0.019982609439430546,0.0012846593165058429,-0.00453867444847722,0.02053179474175514,0.21429669857025146,418.5,39.71002689132471,0.3303415904494266,0.08773097957294702,0.15679325869138017,263.25,69.25,-1.6505659618566098,0.10660727853893744,-0.2687548682059255,0.8495386744484773
-0.022283782947806224,0.0013808226668587387,-0.004366567589232151,0.022749517933652635,0.04968979209661484,424.0,44.47339660886815,0.3478123107348019,0.09563387420907246,0.14821675773476672,264.0,34.0,-2.4682981454139874,0.16941133045847567,-0.25312244486265484,0.8493665675892322
-0.016536932586343832,-0.0024455230354371305,-0.007816258817563537,0.018453851201992333,0.04785740375518799,483.0,28.25437909516403,0.2809432128423586,0.0712466919555799,0.14799445245329856,235.5,108.0,-1.8647427925486992,0.046403186417931584,-0.20851120714241977,0.8528162588175636
-0.021146729277972315,-0.0023097464528025746,-0.0036436808044376656,0.021582295930616675,0.14747875928878784,378.0,33.23738364959284,0.3125978485079005,0.08335656193110082,0.15913416024375437,210.75,65.0,-1.1736335392047326,0.14874247518745976,-0.14925071968990097,0.8486436808044377
-0.03173279301027768,-0.0028805043870035046,0.010029877445912216,0.03340457901750436,0.04648757725954056,292.0,34.944805433089456,0.35732279090364993,0.08840231507761344,0.18966656632390355,181.5,44.5,2.26915386527688,0.2071755656696269,-0.10344875468857996,0.8349701225540879
-0.019145654889540537,-0.004815497097815646,-0.008175546702712033,0.02136784213103148,0.08277605473995209,374.0,39.46586777140343,0.3138489143176513,0.08979675441667172,0.15285982196657677,180.25,40.0,1.6320880585391684,0.175914420253353,-0.13762922757695709,0.8531755467027121
-0.02321298594793217,-0.002911511470430561,-0.005389297046412889,0.024007585016319735,0.14943523705005646,362.5,43.16884973350849,0.35635099392398184,0.0968668007262216,0.16178180590289337,214.75,15.5,-2.5148937495233312,0.22184513466983632,-0.16916610846041194,0.850389297046413
-0.019611879097610252,0.0026028911334329274,-0.0030820441249965747,0.020022483361966156,0.21824528276920319,362.0,38.75499910640907,0.34929703525910555,0.08368053989469539,0.17435827909003343,266.25,85.75,-1.753378558614007,0.10236541381664845,-0.2982652812553208,0.8480820441249967
-0.018670534490981078,-0.00589246196711346,-0.007007468153128249,0.020794580450922768,0.10056111961603165,421.0,30.972883069780245,0.28605466898624526,0.08105100325376074,0.15437291947018428,145.0,66.75,-0.8394315401827116,0.10802630793719688,-0.0901547329193573,0.8520074681531283
-0.02922201512464251,0.000582966096523585,0.008063659716351257,0.030319772846042852,0.036722443997859955,291.0,31.113481351971558,0.3585536605282286,0.0844212605146254,0.19103351271563962,204.0,59.5,-2.0984305565983594,0.1826107215278269,-0.1339289512441509,0.8369363402836488
-0.020257523644860817,0.011514998643726071,0.005967429631786425,0.024053537669071277,0.08209819346666336,310.0,37.99628615878946,0.4017477135326746,0.07992931811709943,0.20314847247534906,286.0,113.0,1.5983730062900192,0.10207797563682632,-0.35715350126640244,0.8390325703682137
-0.01697483128380635,0.0009903597923815455,-0.006304567540770467,0.01813486370249838,0.19481584429740906,380.0,41.33088885592796,0.36528437356097015,0.0787496332323363,0.17691192842301684,293.75,125.75,-0.6965590850928266,0.060613300086874,-0.32572280227460054,0.8513045675407706
-0.015449579652554842,-0.005163437242185431,-0.007265501940481256,0.017836426605174056,0.09888390451669693,462.5,18.62173768183384,0.2696344287813551,0.04299197576748416,0.16281675904195125,191.5,145.75,-0.3435698895596149,0.00855034042651636,-0.15711996408323012,0.8522655019404813
-0.01768131168541115,-0.0011064838162406776,-0.0027088087540432237,0.017921794949676235,0.08751703053712845,412.5,24.714536343749607,0.2926601500161082,0.06593877319571564,0.1655825943628485,218.25,111.5,-3.0666290532347262,0.07961134516825179,-0.17303420555650315,0.8477088087540433
-0.01849281235857419,0.004260126111367224,-0.0010383664977803297,0.019005551515225746,0.22304679453372955,472.5,38.35126824704078,0.32222513985188606,0.08484012110215718,0.15510798612969245,279.5,90.25,-2.5497467008205827,0.05314057651460564,-0.28062248623652436,0.8460383664977804
-0.019156212436501646,-0.003292686377355969,-0.00523221534385554,0.020129042100817496,0.35049381852149963,434.0,26.35109118776635,0.28506790802940196,0.07721209604156913,0.1579708595997592,201.0,80.0,-1.0161369284756883,0.08976716851928454,-0.14901061535450563,0.8502322153438556
-0.01591237841932816,-0.0005922761589693681,-0.002030968281951928,0.01605239577666458,0.0679965689778328,486.0,17.252614812627776,0.2767853327120597,0.05355899397709824,0.15847205992988578,219.0,140.5,1.6680810229395688,0.01678313279241353,-0.17189402592849687,0.847030968281952
-0.03187980491882528,0.0052996199767093854,0.007787865011320005,0.0332424243248659,0.027800647541880608,331.0,38.4249723198547,0.3693738805160195,0.09383965794413472,0.1728559826675582,224.0,30.5,0.8516560467252615,0.20334235510137416,-0.25004301343268004,0.8372121349886801
-0.017704143079098372,-0.0018798567240018715,-0.008091592069675024,0.019556185867647853,0.1537294089794159,347.0,38.247121141535594,0.3479983661439335,0.08040437089249096,0.1767247870416091,261.75,95.0,0.4154910231640557,0.10424792329854408,-0.27731303314897626,0.8530915920696751
-0.01970394889924218,-0.002432228821997756,-0.006412044629210523,0.020863260905081237,0.09978242963552475,351.0,37.64867624377421,0.32383150035610586,0.08524314785306292,0.16326284006167224,216.5,60.5,-2.7640605983075015,0.14766969802254065,-0.19803449258540376,0.8514120446292106
-0.01595065446826921,-0.005075373453650112,-0.008205185562623285,0.018641562804046618,0.16128426790237427,505.5,20.682897852015603,0.25632690577446815,0.058176849840066706,0.14793046201494542,198.5,120.75,1.3716074677452303,0.016762825981885235,-0.14537097582925126,0.8532051855626234
-0.01907887524729257,-0.002701331622351144,-0.002959645257439636,0.019495132040731406,0.08631174266338348,329.0,26.116714790640415,0.3119203407852822,0.0646614241161533,0.18531762031689525,200.0,106.25,-0.9291932150615022,0.10005430816521647,-0.1941796131001595,0.8479596452574397
-0.018981637222328568,0.002156441490796357,-0.005676509936544671,0.01992926382491355,0.040053825825452805,548.0,43.19450437951444,0.3262983422380333,0.09171090284333323,0.13783657575464803,301.5,72.5,1.3062295165730595,0.07562462078707478,-0.28794323725858895,0.8506765099365448
-0.017476306159112005,0.0004894611395538373,-0.005475927370741873,0.018320661280199182,0.18182870745658875,461.5,34.55254566937289,0.3062593894865448,0.07864442576922155,0.15242505010752339,260.75,100.75,0.23412167933201808,0.05925900771475918,-0.27400552557770674,0.850475927370742
-0.020515555036857064,0.006486730363923443,0.006075800245876839,0.022358019096341133,0.17888380587100983,325.0,29.871304517952975,0.35246217047530143,0.07416604126690218,0.1943002532576965,247.0,104.75,1.649922768620175,0.08705793440123243,-0.27848106986832366,0.8389241997541232
-0.020705979749344752,-0.002166748617416725,-0.0012081005229234165,0.020854062046153983,0.17183828353881836,392.0,26.508576064292836,0.30309570157709526,0.07864666971426833,0.1669625774485396,201.0,75.75,0.495957054577939,0.11713386505218205,-0.1588182216016709,0.8462081005229235
-0.021211547315119955,-0.0037938491348143144,-0.005101493731706652,0.022143808819937598,0.1996343433856964,397.5,37.778462948179374,0.32107958177808676,0.09248806200482149,0.15405571844371357,191.25,31.5,-2.251058482822887,0.18767072833447218,-0.14781633283022283,0.8501014937317067
-0.024191658074289468,-0.0013808446590731216,-0.0030068388791084644,0.024416882118746118,0.06005951762199402,383.0,42.42842702113531,0.3402738653630927,0.09489386118386023,0.15281891512495627,222.5,26.0,2.193047060855297,0.1900949970113024,-0.19546151037519946,0.8480068388791085
-0.02018238169121446,0.0009728774529881301,-0.0007425102433689101,0.02021945456064305,0.11797384917736053,333.0,31.54444047293636,0.33596382515359796,0.0762361627913341,0.1812668285722655,233.75,93.0,1.6745442932632526,0.12740396582682248,-0.20889819948082702,0.845742510243369
-0.021562163135760037,-0.005040065559663201,-0.005171475615186383,0.02273924580933369,0.11828738451004028,403.5,37.3766498816962,0.31597494339230886,0.09230105769822196,0.155649481560454,175.25,31.5,3.0327449253587564,0.17497418746026083,-0.10266407563119968,0.8501714756151865
-0.01690918507863582,0.0035492906531335855,0.005468865769226783,0.018122541128820818,0.11834145337343216,363.0,24.776453602817085,0.32740867523966805,0.05565282160958126,0.19445329415699175,234.0,146.25,0.9708516285427696,0.041169337682679046,-0.20800969694132357,0.8395311342307733
-0.016251754878307184,-0.005161518514333385,-0.007259442443957154,0.018532682336766967,0.09216871857643127,461.0,20.02821141823503,0.2604689221820885,0.05197655690427534,0.1544899195613273,169.25,125.25,-0.2248638728306232,0.030299841378753536,-0.11318199822936201,0.8522594424439572
-0.022412091017815966,-0.0001561815747087858,-0.0028821401405249025,0.02259718894607846,0.04688943549990654,432.0,38.09518680849883,0.32240978258482694,0.09204763461491026,0.15077674433604837,233.5,41.5,0.14539007758958486,0.15475831757400826,-0.21318174193466452,0.847882140140525
-0.02159339548552547,-0.003926447414789258,-0.0059942451954394516,0.02275132289249278,0.06771999597549438,378.0,41.82241073069492,0.33421453741629104,0.09529130531161768,0.1584957296862064,187.0,19.5,2.048212085355933,0.20128952881548207,-0.13292480805037313,0.8509942451954395
-0.02229312725923785,0.004645444297118884,-0.002826610532655538,0.022946751465458617,0.042394984513521194,387.0,46.85323151627535,0.37844075336727534,0.09587258090784453,0.15843992559705045,288.5,41.5,1.9098317734192372,0.15840932960115156,-0.3394365061619094,0.8478266105326556
-0.02196208308047748,-0.0012795424856897608,-0.006429176362309885,0.022919525102064492,0.04960628226399422,330.0,46.124766701144964,0.3803282507813246,0.0971930363230106,0.16472110101228477,241.0,18.5,1.8480463263888927,0.22713682027713245,-0.22110154782567465,0.85142917636231
-0.025507747103639927,0.005803355836837054,-0.00030088371631942223,0.026161319391096238,0.06262800842523575,342.0,48.272501090533616,0.39440139080450226,0.09646273733084726,0.16306235951210535,281.5,35.5,-2.7039339038516954,0.19404130487557517,-0.3102843176370537,0.8453008837163195
-0.023406111844110178,0.0035022600970643913,-0.000934024532082578,0.023685107119728557,0.1406954973936081,382.5,40.989196556237005,0.36159479431618186,0.09226853898935872,0.16343518421414271,267.5,51.75,-0.513985031845317,0.15579726688438852,-0.2678661048939503,0.8459340245320827
-0.016937183411163334,-0.0024880125598513714,-0.006366696416950424,0.01826453425814559,0.20665481686592102,424.0,24.373748140137906,0.28905438484825624,0.06605441884565658,0.1629263213869373,219.25,111.75,-0.10203206549853708,0.0628595031464322,-0.17739206669863855,0.8513666964169505
-0.020879957298253246,-0.0023530140371917085,0.0002659499222243955,0.02101380549061096,0.05819430947303772,396.0,25.052006863547717,0.29876020379037915,0.07740316207293918,0.1644470499671401,195.0,77.5,2.9513790633205375,0.12037947788416278,-0.15455603867980955,0.8447340500777757
-0.015742540561447093,0.000527050339987345,-0.006628820964582616,0.01708937192439142,0.20038798451423645,449.5,39.08017014610871,0.3317413918031012,0.07634804946582588,0.16280177510344485,287.75,130.25,-0.3284006975873322,0.015428620929429603,-0.31080799705724144,0.8516288209645827
-0.02364146287177532,-0.0013238461337242435,-0.0025351005520439784,0.023813820989338968,0.13078925013542175,373.5,37.26587585127722,0.3316087926364286,0.090501848318626,0.1588992757822042,215.25,42.5,2.8776699551013545,0.1794521407352278,-0.18665947314073486,0.8475351005520441
-0.022016088033544406,-0.000518660511623803,-0.002510060323439922,0.02216478161079875,0.12308485805988312,412.5,35.21763180933336,0.324687622549751,0.0896057637097077,0.15870832917699418,230.5,50.25,1.0127629149279065,0.14857077542526503,-0.1825704617951328,0.84751006032344
-0.02006019887839816,-0.0011006225351839483,-0.006286979553285166,0.021051105930788228,0.17721439898014069,405.0,39.05125249317204,0.32252453020715444,0.08753777144290151,0.15679874182324005,246.25,63.25,2.600627046280746,0.12897584921360947,-0.23770119707796308,0.8512869795532853
-0.017785999989863382,-0.0021189640539164556,-0.007205309844793617,0.01930669040153413,0.1199023574590683,440.0,33.94744704957578,0.30190011180399107,0.07890516462286687,0.15260605901337043,244.0,91.0,-1.605441947184418,0.08870664641993252,-0.19799106374946404,0.8522053098447937
-0.019449431804595796,0.003913490852862245,-0.002215346642268967,0.019962554168304,0.24950988590717316,429.0,38.84805241476237,0.3372047681863284,0.08698133293259278,0.1614409806840621,275.0,78.25,0.8300186930149808,0.0985779148541057,-0.29287108521726285,0.847215346642269
-0.019681471306215864,0.004955595162052517,-0.0020315667596177978,0.02039719342670311,0.22738227248191833,383.0,43.16539949675502,0.37166387483337116,0.08965089882453559,0.17202013870678645,292.75,76.25,-0.7485153997473913,0.11221844393360343,-0.3306701752374825,0.8470315667596179
-0.03302659443088446,0.009270787222638188,0.008837070276952685,0.03542311740247265,0.06288667023181915,239.0,44.68243449564275,0.42431690866336125,0.09300941978123364,0.19802850508707814,245.5,39.5,1.7368717193909795,0.2443855310435391,-0.296560898847929,0.8361629297230474
-0.01630438693378207,-0.0018795190607102663,-0.010810468798874928,0.019652782521503286,0.2811565697193146,427.0,46.30095903113688,0.3532592922706546,0.08985097966710982,0.1522922720765103,301.75,80.75,0.05326351255355444,0.08421344860380069,-0.33875558098541153,0.855810468798875
-0.025706170222638436,0.001402946878560879,-0.00011422835972985101,0.025744678976003823,0.2626335024833679,296.0,41.16072457479008,0.37598269776208565,0.09142591251645768,0.18190933900166906,233.25,43.25,2.082573104192442,0.20625891255499906,-0.22688389533614467,0.8451142283597299
-0.015295782749705146,-0.005999347070257385,0.00397533671457273,0.016904331906047433,0.0018567045917734504,433.0,4.819476821098483,0.2742554814951699,0.04392827262032633,0.17103732735454635,154.5,138.5,2.165791060324517,0.019657644459173514,-0.0990169733002703,0.8410246632854274
-0.027194469568631918,-0.006783975761208719,0.004136678932675997,0.028331495104211502,0.1480865478515625,285.0,32.408985410192116,0.3442215855982441,0.0819767180545167,0.18453173888085328,149.75,62.0,0.4960033828029674,0.18640304910887628,-0.10133666302163193,0.8408633210673241
-0.020486844193087786,-0.006786913357836752,-0.00498549978943974,0.022150128353333336,0.1859346479177475,483.0,28.458125075753664,0.28578226554324887,0.08624957746833092,0.1461693689214123,131.25,54.0,-2.6058468688787313,0.11994237191722122,-0.0832430382341675,0.8499854997894398
-0.02608385232605981,-0.003889484401778817,-0.0011379453881099622,0.026396786940567164,0.1677054762840271,346.5,40.259859911204856,0.3514844113792977,0.0953567137703234,0.16346983220170264,179.5,18.25,-2.922884860461606,0.23592287311526614,-0.10800887929515439,0.84613794538811
-0.026167907527932133,-0.007205913172283765,0.0011834615612345,0.02716772258220809,0.04739775136113167,296.0,35.07834849750548,0.3544190761677277,0.08814746757030627,0.18131297319857687,141.0,45.0,-2.079205611134944,0.21764482940915975,-0.10205267172558259,0.8438165384387656
-0.017633379960604247,0.004697318358198033,0.002165564594621361,0.018376358687367342,0.20344817638397217,411.0,26.98117466990006,0.32822312092088024,0.06715672262664826,0.17770178366141987,256.0,133.25,1.7671242628912092,0.044965925109154196,-0.25751952166609965,0.8428344354053787
-0.01663832363394962,-0.004422792333198061,-0.005372553856067164,0.0180349449765444,0.07190531492233276,428.0,15.51240846025108,0.27424558126723314,0.05472404849498076,0.1644299004133155,179.25,121.0,0.19406115971683652,0.050311061133348677,-0.12985845705888177,0.8503725538560672
-0.019076470046741414,-0.0005966134035322868,-0.0017370534256531123,0.019164681359236577,0.13718140125274658,400.0,25.442332454453215,0.2973306089991092,0.0705511837599286,0.1675352205156907,216.0,99.75,1.9917392699828445,0.08021594249327074,-0.2168376148756837,0.8467370534256532
-0.020509560706042637,0.001073567816488874,0.0016566678342494479,0.020604348485804776,0.06951151043176651,432.0,27.406848294579717,0.29942827881852596,0.07716514151439313,0.15907320300337857,228.5,88.5,-2.9921662597700887,0.08523407802553572,-0.2007810223759746,0.8433433321657506
-0.02414354647646788,0.004951199587559352,0.005385495530093154,0.025227540029140093,0.07336202263832092,275.0,34.49401541229645,0.37538816336694514,0.08029443361209762,0.20070559280403233,239.5,83.0,2.8181908645485705,0.16710396802154323,-0.2579213679764342,0.8396145044699069
