========================================================================
RANDOM-SPAWN GRASP RETRAINING  |  algo=td3_ln  run=td3_ln_can_warm_s0
========================================================================
  Envs                : 5 (subprocess-parallel, fork)
  Spawn level         : 2.0 (1.0 = full position box, 2.0 = + z-rotation)
  Updates/vec-step    : 2 (0.400 per env-step; historical baseline 0.5)
  Buffer              : 2,000,000
  Actor               : 64 -> 32  (5,216 weights)  [critics 512->256]
  Warm start          : checkpoints/td3_grasp_rand_td3_ln_c2m512_s1/best
  Checkpoints         : /home/fahim/Thesis_fahim/pickandplace/checkpoints/td3_grasp_rand_td3_ln_can_warm_s0
========================================================================

Spawning 5 subprocess environments (fork)...
[robosuite WARNING] No private macro file found! (__init__.py:7)
[robosuite WARNING] It is recommended to use a private macro file (__init__.py:8)
[robosuite WARNING] To setup, run: python /home/fahim/Thesis_fahim/venv/lib/python3.12/site-packages/robosuite/scripts/setup_macros.py (__init__.py:9)
[robosuite WARNING] No private macro file found! (__init__.py:7)
[robosuite WARNING] It is recommended to use a private macro file (__init__.py:8)
[robosuite WARNING] To setup, run: python /home/fahim/Thesis_fahim/venv/lib/python3.12/site-packages/robosuite/scripts/setup_macros.py (__init__.py:9)
[robosuite WARNING] No private macro file found! (__init__.py:7)
[robosuite WARNING] It is recommended to use a private macro file (__init__.py:8)
[robosuite WARNING] To setup, run: python /home/fahim/Thesis_fahim/venv/lib/python3.12/site-packages/robosuite/scripts/setup_macros.py (__init__.py:9)
[robosuite WARNING] No private macro file found! (__init__.py:7)
[robosuite WARNING] It is recommended to use a private macro file (__init__.py:8)
[robosuite WARNING] To setup, run: python /home/fahim/Thesis_fahim/venv/lib/python3.12/site-packages/robosuite/scripts/setup_macros.py (__init__.py:9)
[robosuite WARNING] No private macro file found! (__init__.py:7)
[robosuite WARNING] It is recommended to use a private macro file (__init__.py:8)
[robosuite WARNING] To setup, run: python /home/fahim/Thesis_fahim/venv/lib/python3.12/site-packages/robosuite/scripts/setup_macros.py (__init__.py:9)
Gym has been unmaintained since 2022 and does not support NumPy 2.0 amongst other critical functionality.
Please upgrade to Gymnasium, the maintained drop-in replacement of Gym, or contact the authors of your software and request that they upgrade.
See the migration guide at https://gymnasium.farama.org/introduction/migration_guide/ for additional information.
Gym has been unmaintained since 2022 and does not support NumPy 2.0 amongst other critical functionality.
Please upgrade to Gymnasium, the maintained drop-in replacement of Gym, or contact the authors of your software and request that they upgrade.
See the migration guide at https://gymnasium.farama.org/introduction/migration_guide/ for additional information.
Gym has been unmaintained since 2022 and does not support NumPy 2.0 amongst other critical functionality.
Please upgrade to Gymnasium, the maintained drop-in replacement of Gym, or contact the authors of your software and request that they upgrade.
See the migration guide at https://gymnasium.farama.org/introduction/migration_guide/ for additional information.
Gym has been unmaintained since 2022 and does not support NumPy 2.0 amongst other critical functionality.
Please upgrade to Gymnasium, the maintained drop-in replacement of Gym, or contact the authors of your software and request that they upgrade.
See the migration guide at https://gymnasium.farama.org/introduction/migration_guide/ for additional information.
Gym has been unmaintained since 2022 and does not support NumPy 2.0 amongst other critical functionality.
Please upgrade to Gymnasium, the maintained drop-in replacement of Gym, or contact the authors of your software and request that they upgrade.
See the migration guide at https://gymnasium.farama.org/introduction/migration_guide/ for additional information.
/home/fahim/Thesis_fahim/venv/lib/python3.12/site-packages/gym/spaces/box.py:84: UserWarning: [33mWARN: Box bound precision lowered by casting to float32[0m
  logger.warn(f"Box bound precision lowered by casting to {self.dtype}")
/home/fahim/Thesis_fahim/venv/lib/python3.12/site-packages/gym/spaces/box.py:84: UserWarning: [33mWARN: Box bound precision lowered by casting to float32[0m
  logger.warn(f"Box bound precision lowered by casting to {self.dtype}")
/home/fahim/Thesis_fahim/venv/lib/python3.12/site-packages/gym/spaces/box.py:84: UserWarning: [33mWARN: Box bound precision lowered by casting to float32[0m
  logger.warn(f"Box bound precision lowered by casting to {self.dtype}")
/home/fahim/Thesis_fahim/venv/lib/python3.12/site-packages/gym/spaces/box.py:84: UserWarning: [33mWARN: Box bound precision lowered by casting to float32[0m
  logger.warn(f"Box bound precision lowered by casting to {self.dtype}")
Gym has been unmaintained since 2022 and does not support NumPy 2.0 amongst other critical functionality.
Please upgrade to Gymnasium, the maintained drop-in replacement of Gym, or contact the authors of your software and request that they upgrade.
See the migration guide at https://gymnasium.farama.org/introduction/migration_guide/ for additional information.
5 environments ready.

/home/fahim/Thesis_fahim/venv/lib/python3.12/site-packages/gym/spaces/box.py:84: UserWarning: [33mWARN: Box bound precision lowered by casting to float32[0m
  logger.warn(f"Box bound precision lowered by casting to {self.dtype}")
  Actor QAT           : per-tensor INT8 fake-quant, STE grads
  Actor weight clip   : |w| <= 8.0 * std(w) per Linear tensor (bi_s0 baseline fc1 9.96 / fc2 10.82)
Init: warm-started (actor only, critics fresh) (source: /home/fahim/Thesis_fahim/pickandplace/checkpoints/td3_grasp_rand_td3_ln_c2m512_s1/best)
Fresh replay buffer.

Training...

Ep    50 | score   60.16 | avg100  203.05 | grasp100  88.0% | best 0.000 |     65 st/s
    done(50): success=44 t_flicker=5 t_touched=1
Ep   100 | score  -15.95 | avg100  199.29 | grasp100  87.0% | best 0.000 |     69 st/s
    done(50): success=43 t_flicker=4 t_touched=3
Ep   150 | score  235.02 | avg100  203.24 | grasp100  90.0% | best 0.000 |     68 st/s
    done(50): success=47 t_flicker=1 t_touched=2
Ep   200 | * BEST  level200=2.00 grasp200= 88.5% metric=0.885 | score  212.68
Ep   250 | score  209.35 | avg100  198.65 | grasp100  87.0% | best 0.885 |     68 st/s
    done(50): success=44 t_flicker=4 t_touched=2
Ep   287 | * BEST  level200=2.00 grasp200= 90.0% metric=0.900 | score  255.49
Ep   300 | score  211.34 | avg100  204.96 | grasp100  91.0% | best 0.900 |     67 st/s
    done(50): success=47 t_flicker=3
Ep   350 | score  -27.94 | avg100  149.95 | grasp100  70.0% | best 0.900 |     65 st/s
    done(50): success=23 t_flicker=1 t_touched=1 t_no_reach=25
Ep   400 | score  -27.78 | avg100   30.22 | grasp100  23.0% | best 0.900 |     64 st/s
    done(50): t_no_reach=50
Ep   450 | score  -26.97 | avg100  -27.65 | grasp100   0.0% | best 0.900 |     63 st/s
    done(50): t_no_reach=50
Ep   500 | score  -20.33 | avg100  -26.42 | grasp100   0.0% | best 0.900 |     62 st/s
    done(50): t_no_reach=50
Ep   550 | score  -25.13 | avg100  -24.68 | grasp100   0.0% | best 0.900 |     60 st/s
    done(50): t_no_reach=50
Ep   600 | score  -24.53 | avg100  -21.02 | grasp100   0.0% | best 0.900 |     60 st/s
    done(50): t_touched=7 t_no_reach=43
Ep   650 | score  -23.72 | avg100  -15.42 | grasp100   0.0% | best 0.900 |     60 st/s
    done(50): t_flicker=2 t_touched=9 t_no_reach=39
Ep   700 | score  -14.58 | avg100   -7.40 | grasp100   2.0% | best 0.900 |     59 st/s
    done(50): success=2 t_flicker=1 t_touched=8 t_no_reach=39
Ep   750 | score   -0.33 | avg100   -5.04 | grasp100   2.0% | best 0.900 |     59 st/s
    done(50): t_flicker=2 t_touched=14 t_no_reach=34
Ep   800 | score  -11.32 | avg100   -6.35 | grasp100   1.0% | best 0.900 |     59 st/s
    done(50): success=1 t_flicker=3 t_touched=15 t_no_reach=31
Ep   850 | score    3.83 | avg100  -10.97 | grasp100   1.0% | best 0.900 |     59 st/s
    done(50): t_touched=10 t_no_reach=40
Ep   900 | score  -21.28 | avg100  -17.25 | grasp100   0.0% | best 0.900 |     59 st/s
    done(50): t_flicker=1 t_touched=5 t_no_reach=44
Ep   950 | score  -23.87 | avg100  -12.08 | grasp100   2.0% | best 0.900 |     59 st/s
    done(50): success=2 t_flicker=1 t_touched=7 t_no_reach=40
Ep  1000 | score  -17.11 | avg100   -4.55 | grasp100   4.0% | best 0.900 |     59 st/s
    done(50): success=2 t_flicker=2 t_touched=12 t_no_reach=34
Ep  1050 | score  -22.29 | avg100  -10.02 | grasp100   2.0% | best 0.900 |     58 st/s
    done(50): t_flicker=2 t_touched=3 t_no_reach=45
Ep  1100 | score  -16.45 | avg100  -18.20 | grasp100   0.0% | best 0.900 |     58 st/s
    done(50): t_flicker=1 t_touched=5 t_no_reach=44
Ep  1150 | score  -19.06 | avg100  -16.59 | grasp100   1.0% | best 0.900 |     58 st/s
    done(50): success=1 t_flicker=1 t_touched=5 t_no_reach=43
Ep  1200 | score  -10.06 | avg100  -10.02 | grasp100   2.0% | best 0.900 |     58 st/s
    done(50): success=1 t_flicker=2 t_touched=13 t_no_reach=34
  [primacy-bias reset of critic heads @ 25000 updates]
Ep  1250 | score  -27.86 | avg100  -12.34 | grasp100   1.0% | best 0.900 |     58 st/s
    done(50): t_touched=8 t_no_reach=42
Ep  1300 | score  -27.77 | avg100  -23.56 | grasp100   0.0% | best 0.900 |     58 st/s
    done(50): t_no_reach=50
Ep  1350 | score  -28.00 | avg100  -27.90 | grasp100   0.0% | best 0.900 |     58 st/s
    done(50): t_no_reach=50
Ep  1400 | score  -27.81 | avg100  -27.77 | grasp100   0.0% | best 0.900 |     58 st/s
    done(50): t_no_reach=50
Ep  1450 | score   -0.12 | avg100  -19.07 | grasp100   1.0% | best 0.900 |     58 st/s
    done(50): success=1 t_flicker=3 t_touched=10 t_no_reach=36
Ep  1500 | score  -16.50 | avg100   -4.10 | grasp100   4.0% | best 0.900 |     57 st/s
    done(50): success=3 t_flicker=1 t_touched=10 t_no_reach=36
Ep  1550 | score   20.52 | avg100   -0.14 | grasp100   4.0% | best 0.900 |     57 st/s
    done(50): success=1 t_flicker=2 t_touched=12 t_no_reach=35
Ep  1600 | score    0.65 | avg100    4.10 | grasp100   5.0% | best 0.900 |     57 st/s
    done(50): success=4 t_flicker=1 t_touched=15 t_no_reach=30
Ep  1650 | score  210.98 | avg100   25.87 | grasp100  14.0% | best 0.900 |     57 st/s
    done(50): success=10 t_flicker=6 t_touched=11 t_no_reach=23
Ep  1700 | score   14.95 | avg100   30.42 | grasp100  15.0% | best 0.900 |     57 st/s
    done(50): success=5 t_flicker=1 t_touched=19 t_no_reach=25
Ep  1750 | score  209.26 | avg100   26.86 | grasp100  12.0% | best 0.900 |     57 st/s
    done(50): success=7 t_flicker=6 t_touched=20 t_no_reach=17
Ep  1800 | score    6.75 | avg100   40.51 | grasp100  16.0% | best 0.900 |     57 st/s
    done(50): success=9 t_flicker=6 t_touched=18 t_no_reach=17
Ep  1850 | score   11.61 | avg100   48.63 | grasp100  19.0% | best 0.900 |     56 st/s
    done(50): success=10 t_flicker=8 t_touched=22 t_no_reach=10
Ep  1900 | score  214.81 | avg100   70.27 | grasp100  30.0% | best 0.900 |     56 st/s
    done(50): success=20 t_flicker=3 t_touched=18 t_no_reach=9
Ep  1950 | score   -9.11 | avg100   74.27 | grasp100  33.0% | best 0.900 |     55 st/s
    done(50): success=13 t_flicker=7 t_touched=21 t_no_reach=9
Ep  2000 | score  -10.38 | avg100   42.61 | grasp100  20.0% | best 0.900 |     54 st/s
    done(50): success=7 t_flicker=3 t_touched=29 t_no_reach=11
Ep  2050 | score   -1.88 | avg100   15.15 | grasp100   8.0% | best 0.900 |     54 st/s
    done(50): success=1 t_flicker=2 t_touched=31 t_no_reach=16
Ep  2100 | score  208.47 | avg100   15.50 | grasp100   8.0% | best 0.900 |     53 st/s
    done(50): success=7 t_flicker=3 t_touched=26 t_no_reach=14
Ep  2150 | score   -4.07 | avg100   21.48 | grasp100  12.0% | best 0.900 |     53 st/s
    done(50): success=5 t_flicker=1 t_touched=31 t_no_reach=13
  [primacy-bias reset of critic heads @ 50000 updates]
Ep  2200 | score  -25.28 | avg100   26.76 | grasp100  15.0% | best 0.900 |     52 st/s
    done(50): success=10 t_flicker=3 t_touched=19 t_no_reach=18
Ep  2250 | score  -27.83 | avg100    8.64 | grasp100  10.0% | best 0.900 |     52 st/s
    done(50): t_flicker=3 t_touched=4 t_no_reach=43
Ep  2300 | score   -9.96 | avg100  -16.20 | grasp100   1.0% | best 0.900 |     51 st/s
    done(50): success=1 t_flicker=1 t_touched=18 t_no_reach=30
Ep  2350 | score   18.26 | avg100    1.52 | grasp100   3.0% | best 0.900 |     51 st/s
    done(50): success=2 t_flicker=5 t_touched=33 t_no_reach=10
Ep  2400 | score  209.61 | avg100   34.47 | grasp100  12.0% | best 0.900 |     50 st/s
    done(50): success=10 t_flicker=7 t_touched=30 t_no_reach=3
Ep  2450 | score   22.06 | avg100   53.07 | grasp100  20.0% | best 0.900 |     50 st/s
    done(50): success=10 t_flicker=10 t_touched=23 t_no_reach=7
Ep  2500 | score  211.22 | avg100   64.75 | grasp100  25.0% | best 0.900 |     50 st/s
    done(50): success=15 t_flicker=12 t_touched=22 t_no_reach=1
Ep  2550 | score   22.63 | avg100  100.54 | grasp100  41.0% | best 0.900 |     49 st/s
    done(50): success=26 t_flicker=7 t_touched=17
Ep  2600 | score  204.66 | avg100  130.19 | grasp100  56.0% | best 0.900 |     49 st/s
    done(50): success=30 t_flicker=7 t_touched=13
Ep  2650 | score  209.84 | avg100  140.87 | grasp100  62.0% | best 0.900 |     48 st/s
    done(50): success=32 t_flicker=4 t_touched=14
Ep  2700 | score  210.45 | avg100  134.04 | grasp100  58.0% | best 0.900 |     48 st/s
    done(50): success=26 t_flicker=6 t_touched=18
Ep  2750 | score  228.86 | avg100  121.18 | grasp100  52.0% | best 0.900 |     48 st/s
    done(50): success=26 t_flicker=2 t_touched=22
Ep  2800 | score   32.87 | avg100  117.66 | grasp100  50.0% | best 0.900 |     48 st/s
    done(50): success=24 t_flicker=8 t_touched=18
Ep  2850 | score  213.94 | avg100  102.24 | grasp100  42.0% | best 0.900 |     47 st/s
    done(50): success=18 t_flicker=4 t_touched=28
Ep  2900 | score  267.68 | avg100   98.51 | grasp100  41.0% | best 0.900 |     47 st/s
    done(50): success=23 t_flicker=4 t_touched=23
Ep  2950 | score  212.67 | avg100  121.62 | grasp100  53.0% | best 0.900 |     47 st/s
    done(50): success=30 t_flicker=4 t_touched=15 t_no_reach=1
Ep  3000 | score    5.54 | avg100  143.43 | grasp100  65.0% | best 0.900 |     47 st/s
    done(50): success=35 t_flicker=2 t_touched=12 t_no_reach=1
Ep  3050 | score  209.72 | avg100  138.46 | grasp100  62.0% | best 0.900 |     46 st/s
    done(50): success=27 t_flicker=9 t_touched=14
Ep  3100 | score   40.54 | avg100  133.43 | grasp100  59.0% | best 0.900 |     46 st/s
    done(50): success=32 t_flicker=4 t_touched=14
Ep  3150 | score  209.98 | avg100  155.45 | grasp100  71.0% | best 0.900 |     46 st/s
    done(50): success=39 t_flicker=3 t_touched=7 t_no_reach=1
Ep  3200 | score  208.74 | avg100  168.83 | grasp100  78.0% | best 0.900 |     46 st/s
    done(50): success=39 t_flicker=4 t_touched=7
Ep  3250 | score   -6.65 | avg100  175.58 | grasp100  81.0% | best 0.900 |     45 st/s
    done(50): success=42 t_flicker=3 t_touched=5
Ep  3300 | score  208.32 | avg100  180.73 | grasp100  84.0% | best 0.900 |     45 st/s
    done(50): success=42 t_flicker=2 t_touched=6
Ep  3350 | score  209.83 | avg100  185.37 | grasp100  87.0% | best 0.900 |     45 st/s
    done(50): success=45 t_touched=5
Ep  3400 | score  211.22 | avg100  190.35 | grasp100  89.0% | best 0.900 |     45 st/s
    done(50): success=44 t_flicker=2 t_touched=4
Ep  3450 | score  216.31 | avg100  180.46 | grasp100  83.0% | best 0.900 |     44 st/s
    done(50): success=39 t_flicker=3 t_touched=7 t_no_reach=1
  [primacy-bias reset of critic heads @ 75000 updates]
Ep  3500 | score  -11.98 | avg100  157.65 | grasp100  73.0% | best 0.900 |     44 st/s
    done(50): success=34 t_flicker=2 t_touched=9 t_no_reach=5
Ep  3550 | score  -27.16 | avg100   75.78 | grasp100  39.0% | best 0.900 |     44 st/s
    done(50): success=5 t_flicker=4 t_touched=10 t_no_reach=31
Ep  3600 | score    5.88 | avg100   -6.00 | grasp100   5.0% | best 0.900 |     44 st/s
    done(50): t_touched=8 t_no_reach=42
Ep  3650 | score   16.62 | avg100   20.31 | grasp100  10.0% | best 0.900 |     44 st/s
    done(50): success=10 t_flicker=17 t_touched=21 t_no_reach=2
Ep  3700 | score   36.80 | avg100   93.44 | grasp100  36.0% | best 0.900 |     44 st/s
    done(50): success=26 t_flicker=11 t_touched=13
Ep  3750 | score  208.24 | avg100  130.92 | grasp100  55.0% | best 0.900 |     44 st/s
    done(50): success=29 t_flicker=7 t_touched=14
Ep  3800 | score  211.91 | avg100  131.73 | grasp100  55.0% | best 0.900 |     43 st/s
    done(50): success=26 t_flicker=10 t_touched=14
Ep  3850 | score  211.19 | avg100  118.74 | grasp100  49.0% | best 0.900 |     43 st/s
    done(50): success=23 t_flicker=9 t_touched=18
Ep  3900 | score  211.49 | avg100  142.24 | grasp100  63.0% | best 0.900 |     43 st/s
    done(50): success=40 t_flicker=4 t_touched=6
Ep  3950 | score  208.39 | avg100  176.45 | grasp100  80.0% | best 0.900 |     43 st/s
    done(50): success=40 t_flicker=6 t_touched=4
Ep  4000 | score  214.89 | avg100  184.02 | grasp100  84.0% | best 0.900 |     43 st/s
    done(50): success=44 t_flicker=3 t_touched=3
Ep  4050 | score  207.56 | avg100  197.66 | grasp100  92.0% | best 0.900 |     43 st/s
    done(50): success=48 t_flicker=2
Ep  4100 | score  212.06 | avg100  200.79 | grasp100  94.0% | best 0.900 |     42 st/s
    done(50): success=46 t_flicker=1 t_touched=3
Ep  4141 | * BEST  level200=2.00 grasp200= 91.5% metric=0.915 | score  216.17
Ep  4150 | score  210.88 | avg100  197.55 | grasp100  92.0% | best 0.915 |     42 st/s
    done(50): success=46 t_flicker=1 t_touched=3
Ep  4153 | * BEST  level200=2.00 grasp200= 93.0% metric=0.930 | score  211.83
Ep  4200 | score  210.85 | avg100  197.76 | grasp100  92.0% | best 0.930 |     42 st/s
    done(50): success=46 t_flicker=3 t_touched=1
Ep  4250 | score  208.81 | avg100  203.09 | grasp100  95.0% | best 0.930 |     42 st/s
    done(50): success=49 t_touched=1
Ep  4258 | * BEST  level200=2.00 grasp200= 94.5% metric=0.945 | score  211.49
Ep  4300 | score  235.97 | avg100  206.39 | grasp100  97.0% | best 0.945 |     42 st/s
    done(50): success=48 t_touched=2
Ep  4344 | * BEST  level200=2.00 grasp200= 96.0% metric=0.960 | score  210.05
Ep  4350 | score  212.79 | avg100  206.70 | grasp100  97.0% | best 0.960 |     42 st/s
    done(50): success=49 t_flicker=1
Ep  4400 | score  208.67 | avg100  208.08 | grasp100  97.0% | best 0.960 |     42 st/s
    done(50): success=48 t_flicker=2
Ep  4412 | * BEST  level200=2.00 grasp200= 97.5% metric=0.975 | score  207.37
Ep  4450 | score  202.51 | avg100  203.50 | grasp100  95.0% | best 0.975 |     41 st/s
    done(50): success=47 t_flicker=1 t_touched=2
Ep  4500 | score  208.92 | avg100  199.33 | grasp100  94.0% | best 0.975 |     41 st/s
    done(50): success=47 t_touched=3
Ep  4550 | score  208.20 | avg100  203.28 | grasp100  96.0% | best 0.975 |     41 st/s
    done(50): success=49 t_touched=1
Ep  4600 | score  205.19 | avg100  200.50 | grasp100  93.0% | best 0.975 |     41 st/s
    done(50): success=44 t_flicker=2 t_touched=4
Ep  4650 | score  210.81 | avg100  199.69 | grasp100  93.0% | best 0.975 |     41 st/s
    done(50): success=49 t_touched=1
Ep  4700 | score  209.99 | avg100  199.85 | grasp100  94.0% | best 0.975 |     41 st/s
    done(50): success=45 t_flicker=2 t_touched=3
Ep  4750 | score  220.06 | avg100  194.31 | grasp100  91.0% | best 0.975 |     41 st/s
    done(50): success=46 t_flicker=1 t_touched=3
Ep  4800 | score  211.02 | avg100  197.58 | grasp100  93.0% | best 0.975 |     40 st/s
    done(50): success=47 t_flicker=2 t_touched=1
Ep  4850 | score  210.10 | avg100  192.76 | grasp100  91.0% | best 0.975 |     40 st/s
    done(50): success=44 t_flicker=1 t_touched=5
Ep  4900 | score  209.32 | avg100  190.48 | grasp100  89.0% | best 0.975 |     40 st/s
    done(50): success=45 t_flicker=4 t_touched=1
Ep  4950 | score  211.96 | avg100  193.62 | grasp100  90.0% | best 0.975 |     40 st/s
    done(50): success=45 t_flicker=2 t_touched=2 t_no_reach=1
Ep  5000 | score  208.29 | avg100  191.59 | grasp100  90.0% | best 0.975 |     40 st/s
    done(50): success=45 t_flicker=1 t_touched=2 t_no_reach=2
Ep  5050 | score  221.85 | avg100  194.50 | grasp100  92.0% | best 0.975 |     40 st/s
    done(50): success=47 t_no_reach=3
Ep  5100 | score  207.00 | avg100  204.86 | grasp100  97.0% | best 0.975 |     40 st/s
    done(50): success=50
Ep  5150 | score  208.78 | avg100  207.35 | grasp100  98.0% | best 0.975 |     40 st/s
    done(50): success=48 t_touched=2
Ep  5200 | score  208.68 | avg100  204.53 | grasp100  97.0% | best 0.975 |     40 st/s
    done(50): success=49 t_no_reach=1
  [primacy-bias reset of critic heads @ 100000 updates]
Ep  5250 | score  -13.12 | avg100  192.39 | grasp100  92.0% | best 0.975 |     40 st/s
    done(50): success=43 t_flicker=1 t_touched=1 t_no_reach=5
Ep  5300 | score  -26.08 | avg100   78.25 | grasp100  43.0% | best 0.975 |     40 st/s
    done(50): t_touched=1 t_no_reach=49
Ep  5350 | score   18.50 | avg100   -9.30 | grasp100   3.0% | best 0.975 |     40 st/s
    done(50): success=3 t_touched=19 t_no_reach=28
Ep  5400 | score  215.77 | avg100   59.17 | grasp100  28.0% | best 0.975 |     40 st/s
    done(50): success=25 t_flicker=7 t_touched=15 t_no_reach=3
Ep  5450 | score  209.96 | avg100  148.63 | grasp100  67.0% | best 0.975 |     39 st/s
    done(50): success=42 t_flicker=3 t_touched=5
Ep  5500 | score  206.66 | avg100  184.00 | grasp100  84.0% | best 0.975 |     39 st/s
    done(50): success=42 t_flicker=5 t_touched=3
Ep  5550 | score   15.64 | avg100  179.17 | grasp100  81.0% | best 0.975 |     39 st/s
    done(50): success=39 t_flicker=8 t_touched=3
Ep  5600 | score  208.90 | avg100  178.71 | grasp100  82.0% | best 0.975 |     39 st/s
    done(50): success=43 t_flicker=3 t_touched=4
Ep  5650 | score  207.65 | avg100  189.81 | grasp100  89.0% | best 0.975 |     39 st/s
    done(50): success=46 t_flicker=3 t_touched=1
Ep  5700 | score  214.60 | avg100  195.25 | grasp100  91.0% | best 0.975 |     39 st/s
    done(50): success=45 t_flicker=3 t_touched=2
Ep  5750 | score  209.88 | avg100  203.18 | grasp100  95.0% | best 0.975 |     39 st/s
    done(50): success=50
Ep  5800 | score  207.34 | avg100  209.40 | grasp100  99.0% | best 0.975 |     39 st/s
    done(50): success=49 t_flicker=1
Ep  5850 | score   23.19 | avg100  206.76 | grasp100  97.0% | best 0.975 |     39 st/s
    done(50): success=48 t_flicker=1 t_touched=1
Ep  5900 | score  209.82 | avg100  206.86 | grasp100  97.0% | best 0.975 |     39 st/s
    done(50): success=49 t_flicker=1
Ep  5950 | score  207.68 | avg100  209.31 | grasp100  99.0% | best 0.975 |     39 st/s
    done(50): success=50
Ep  6000 | score  209.73 | avg100  210.28 | grasp100 100.0% | best 0.975 |     38 st/s
    done(50): success=50
Ep  6050 | score  209.42 | avg100  206.49 | grasp100  98.0% | best 0.975 |     38 st/s
    done(50): success=48 t_flicker=1 t_touched=1
Ep  6072 | * BEST  level200=2.00 grasp200= 99.0% metric=0.990 | score  206.11
Ep  6100 | score  207.81 | avg100  205.66 | grasp100  97.0% | best 0.990 |     38 st/s
    done(50): success=49 t_flicker=1
Ep  6150 | score  209.25 | avg100  206.99 | grasp100  98.0% | best 0.990 |     38 st/s
    done(50): success=49 t_touched=1
Ep  6200 | score  208.84 | avg100  204.42 | grasp100  97.0% | best 0.990 |     38 st/s
    done(50): success=48 t_flicker=2
Ep  6250 | score  207.11 | avg100  200.28 | grasp100  95.0% | best 0.990 |     38 st/s
    done(50): success=47 t_touched=3
Ep  6300 | score  211.09 | avg100  201.32 | grasp100  96.0% | best 0.990 |     38 st/s
    done(50): success=49 t_touched=1
Ep  6350 | score  208.73 | avg100  201.68 | grasp100  96.0% | best 0.990 |     38 st/s
    done(50): success=47 t_flicker=1 t_touched=2
Ep  6400 | score  211.56 | avg100  203.80 | grasp100  97.0% | best 0.990 |     38 st/s
    done(50): success=50
Ep  6450 | score  205.78 | avg100  209.51 | grasp100 100.0% | best 0.990 |     38 st/s
    done(50): success=50
Ep  6500 | score  214.89 | avg100  208.10 | grasp100  99.0% | best 0.990 |     38 st/s
    done(50): success=49 t_flicker=1
Ep  6550 | score  207.92 | avg100  207.97 | grasp100  99.0% | best 0.990 |     38 st/s
    done(50): success=50
Ep  6600 | score  206.42 | avg100  204.83 | grasp100  97.0% | best 0.990 |     38 st/s
    done(50): success=47 t_flicker=2 t_touched=1
Ep  6650 | score  206.66 | avg100  202.45 | grasp100  96.0% | best 0.990 |     37 st/s
    done(50): success=49 t_flicker=1
Ep  6700 | score  208.60 | avg100  206.51 | grasp100  99.0% | best 0.990 |     37 st/s
    done(50): success=50
Ep  6750 | score  207.79 | avg100  208.97 | grasp100 100.0% | best 0.990 |     37 st/s
    done(50): success=50
Ep  6800 | score  232.71 | avg100  209.54 | grasp100 100.0% | best 0.990 |     37 st/s
    done(50): success=50
Ep  6850 | score  206.44 | avg100  207.27 | grasp100  99.0% | best 0.990 |     37 st/s
    done(50): success=49 t_flicker=1
Ep  6900 | score  206.31 | avg100  202.76 | grasp100  97.0% | best 0.990 |     37 st/s
    done(50): success=48 t_flicker=1 t_touched=1
Ep  6950 | score  206.55 | avg100  200.74 | grasp100  96.0% | best 0.990 |     37 st/s
    done(50): success=48 t_flicker=2
Ep  7000 | score  208.73 | avg100  203.86 | grasp100  97.0% | best 0.990 |     37 st/s
    done(50): success=49 t_flicker=1
Ep  7050 | score  208.41 | avg100  206.97 | grasp100  98.0% | best 0.990 |     37 st/s
    done(50): success=49 t_flicker=1
Ep  7100 | score  206.80 | avg100  200.49 | grasp100  95.0% | best 0.990 |     37 st/s
    done(50): success=46 t_flicker=2 t_touched=2
Ep  7150 | score  206.85 | avg100  194.10 | grasp100  92.0% | best 0.990 |     37 st/s
    done(50): success=46 t_flicker=3 t_touched=1
Ep  7200 | score  209.48 | avg100  197.77 | grasp100  94.0% | best 0.990 |     37 st/s
    done(50): success=48 t_flicker=2
Ep  7250 | score  207.02 | avg100  203.69 | grasp100  96.0% | best 0.990 |     37 st/s
    done(50): success=48 t_flicker=2
  [primacy-bias reset of critic heads @ 125000 updates]
Ep  7300 | score  208.55 | avg100  204.41 | grasp100  96.0% | best 0.990 |     37 st/s
    done(50): success=48 t_flicker=2
Ep  7350 | score  -27.87 | avg100   95.60 | grasp100  50.0% | best 0.990 |     37 st/s
    done(50): success=2 t_flicker=2 t_touched=2 t_no_reach=44
Ep  7400 | score  -27.88 | avg100  -19.66 | grasp100   2.0% | best 0.990 |     37 st/s
    done(50): t_no_reach=50
Ep  7450 | score    2.90 | avg100    7.20 | grasp100   8.0% | best 0.990 |     37 st/s
    done(50): success=8 t_flicker=16 t_touched=12 t_no_reach=14
Ep  7500 | score  213.47 | avg100   82.82 | grasp100  34.0% | best 0.990 |     37 st/s
    done(50): success=26 t_flicker=15 t_touched=7 t_no_reach=2
Ep  7550 | score  205.01 | avg100  148.54 | grasp100  66.0% | best 0.990 |     37 st/s
    done(50): success=40 t_flicker=8 t_touched=2
Ep  7600 | score  206.97 | avg100  187.29 | grasp100  88.0% | best 0.990 |     37 st/s
    done(50): success=48 t_flicker=2
Ep  7650 | score  206.47 | avg100  198.62 | grasp100  94.0% | best 0.990 |     37 st/s
    done(50): success=46 t_flicker=3 t_touched=1
Ep  7700 | score  209.25 | avg100  202.80 | grasp100  96.0% | best 0.990 |     36 st/s
    done(50): success=50
Ep  7750 | score  207.93 | avg100  205.02 | grasp100  98.0% | best 0.990 |     36 st/s
    done(50): success=48 t_touched=2
Ep  7800 | score  208.49 | avg100  203.73 | grasp100  97.0% | best 0.990 |     36 st/s
    done(50): success=49 t_flicker=1
Ep  7850 | score  208.06 | avg100  207.73 | grasp100  99.0% | best 0.990 |     36 st/s
    done(50): success=50
Ep  7900 | score  208.33 | avg100  207.55 | grasp100  99.0% | best 0.990 |     36 st/s
    done(50): success=49 t_touched=1
Ep  7950 | score  207.16 | avg100  201.17 | grasp100  95.0% | best 0.990 |     36 st/s
    done(50): success=46 t_flicker=4
Ep  8000 | score  206.68 | avg100  201.09 | grasp100  95.0% | best 0.990 |     36 st/s
    done(50): success=49 t_flicker=1
Ep  8050 | score  208.86 | avg100  207.34 | grasp100  99.0% | best 0.990 |     36 st/s
    done(50): success=50
Ep  8100 | score  207.26 | avg100  208.73 | grasp100 100.0% | best 0.990 |     36 st/s
    done(50): success=50
Ep  8150 | score  208.00 | avg100  207.31 | grasp100  99.0% | best 0.990 |     36 st/s
    done(50): success=49 t_flicker=1
Ep  8200 | score  209.36 | avg100  205.19 | grasp100  98.0% | best 0.990 |     36 st/s
    done(50): success=49 t_touched=1
Ep  8250 | score  205.74 | avg100  206.84 | grasp100  99.0% | best 0.990 |     36 st/s
    done(50): success=50
Ep  8300 | score  207.89 | avg100  209.46 | grasp100 100.0% | best 0.990 |     36 st/s
    done(50): success=50
Ep  8350 | score  206.30 | avg100  207.75 | grasp100  99.0% | best 0.990 |     36 st/s
    done(50): success=49 t_flicker=1
Ep  8400 | score  208.73 | avg100  205.42 | grasp100  98.0% | best 0.990 |     36 st/s
    done(50): success=49 t_touched=1
Ep  8450 | score  210.57 | avg100  205.54 | grasp100  98.0% | best 0.990 |     36 st/s
    done(50): success=49 t_flicker=1
Ep  8500 | score  226.22 | avg100  207.25 | grasp100  99.0% | best 0.990 |     36 st/s
    done(50): success=50
Ep  8550 | score  206.43 | avg100  205.73 | grasp100  98.0% | best 0.990 |     36 st/s
    done(50): success=48 t_flicker=2
Ep  8600 | score  212.14 | avg100  205.43 | grasp100  98.0% | best 0.990 |     35 st/s
    done(50): success=50
Ep  8650 | score  206.87 | avg100  207.00 | grasp100  99.0% | best 0.990 |     35 st/s
    done(50): success=49 t_flicker=1
Ep  8700 | score  210.87 | avg100  207.15 | grasp100  99.0% | best 0.990 |     35 st/s
    done(50): success=50
Ep  8750 | score  204.98 | avg100  209.17 | grasp100 100.0% | best 0.990 |     35 st/s
    done(50): success=50
Ep  8800 | score  206.46 | avg100  209.27 | grasp100 100.0% | best 0.990 |     35 st/s
    done(50): success=50
Ep  8850 | score  206.18 | avg100  204.16 | grasp100  97.0% | best 0.990 |     35 st/s
    done(50): success=47 t_flicker=3
Ep  8900 | score   11.58 | avg100  201.31 | grasp100  95.0% | best 0.990 |     35 st/s
    done(50): success=48 t_flicker=1 t_touched=1
Ep  8950 | score  208.38 | avg100  204.46 | grasp100  97.0% | best 0.990 |     35 st/s
    done(50): success=49 t_flicker=1
Ep  9000 | score   74.39 | avg100  204.83 | grasp100  97.0% | best 0.990 |     35 st/s
    done(50): success=48 t_flicker=2
Ep  9050 | score  209.46 | avg100  202.92 | grasp100  96.0% | best 0.990 |     35 st/s
    done(50): success=48 t_flicker=1 t_touched=1
Ep  9100 | score  207.10 | avg100  205.77 | grasp100  98.0% | best 0.990 |     35 st/s
    done(50): success=50
Ep  9150 | score  209.82 | avg100  203.51 | grasp100  97.0% | best 0.990 |     35 st/s
    done(50): success=47 t_flicker=2 t_touched=1
Ep  9200 | score  209.42 | avg100  203.03 | grasp100  97.0% | best 0.990 |     35 st/s
    done(50): success=50
Ep  9250 | score  208.67 | avg100  206.82 | grasp100  99.0% | best 0.990 |     35 st/s
    done(50): success=49 t_touched=1
Ep  9300 | score  207.79 | avg100  206.85 | grasp100  99.0% | best 0.990 |     35 st/s
    done(50): success=50
Ep  9350 | score  208.70 | avg100  208.61 | grasp100 100.0% | best 0.990 |     35 st/s
    done(50): success=50
Ep  9400 | score  206.25 | avg100  208.47 | grasp100 100.0% | best 0.990 |     35 st/s
    done(50): success=50
  [primacy-bias reset of critic heads @ 150000 updates]
Ep  9450 | score  208.18 | avg100  205.40 | grasp100  98.0% | best 0.990 |     35 st/s
    done(50): success=48 t_touched=2
Ep  9500 | score  -27.89 | avg100   98.45 | grasp100  52.0% | best 0.990 |     35 st/s
    done(50): success=4 t_touched=3 t_no_reach=43
Ep  9550 | score  -27.96 | avg100  -16.84 | grasp100   4.0% | best 0.990 |     35 st/s
    done(50): t_no_reach=50
Ep  9600 | score   22.50 | avg100   38.27 | grasp100  25.0% | best 0.990 |     35 st/s
    done(50): success=25 t_flicker=3 t_touched=13 t_no_reach=9
Ep  9650 | score  205.97 | avg100  152.79 | grasp100  73.0% | best 0.990 |     35 st/s
    done(50): success=48 t_flicker=2
Ep  9700 | score  205.13 | avg100  195.26 | grasp100  92.0% | best 0.990 |     35 st/s
    done(50): success=44 t_flicker=4 t_touched=2
Ep  9750 | score  208.87 | avg100  198.63 | grasp100  94.0% | best 0.990 |     35 st/s
    done(50): success=50
Ep  9800 | score  207.78 | avg100  207.97 | grasp100 100.0% | best 0.990 |     35 st/s
    done(50): success=50
Ep  9850 | score  207.24 | avg100  208.29 | grasp100 100.0% | best 0.990 |     35 st/s
    done(50): success=50
Ep  9900 | score  210.74 | avg100  206.39 | grasp100  99.0% | best 0.990 |     35 st/s
    done(50): success=49 t_touched=1
Ep  9950 | score  211.80 | avg100  206.41 | grasp100  99.0% | best 0.990 |     35 st/s
    done(50): success=50
Ep 10000 | score  210.02 | avg100  204.96 | grasp100  97.0% | best 0.990 |     35 st/s
    done(50): success=47 t_flicker=3
Ep 10050 | score  209.84 | avg100  205.59 | grasp100  97.0% | best 0.990 |     34 st/s
    done(50): success=50
Ep 10100 | score  207.28 | avg100  209.56 | grasp100 100.0% | best 0.990 |     34 st/s
    done(50): success=50
Ep 10150 | score  207.90 | avg100  208.74 | grasp100 100.0% | best 0.990 |     34 st/s
    done(50): success=50
Ep 10200 | score  207.60 | avg100  208.95 | grasp100 100.0% | best 0.990 |     34 st/s
    done(50): success=50
Ep 10250 | score  209.82 | avg100  210.12 | grasp100 100.0% | best 0.990 |     34 st/s
    done(50): success=50
Ep 10300 | score  209.24 | avg100  209.42 | grasp100  99.0% | best 0.990 |     34 st/s
    done(50): success=49 t_flicker=1
Ep 10350 | score  209.66 | avg100  208.51 | grasp100  99.0% | best 0.990 |     34 st/s
    done(50): success=50
Ep 10400 | score  207.80 | avg100  207.99 | grasp100  99.0% | best 0.990 |     34 st/s
    done(50): success=49 t_touched=1
Ep 10450 | score   97.10 | avg100  207.39 | grasp100  98.0% | best 0.990 |     34 st/s
    done(50): success=49 t_flicker=1
Ep 10500 | score  211.47 | avg100  207.63 | grasp100  98.0% | best 0.990 |     34 st/s
    done(50): success=49 t_flicker=1
Ep 10550 | score  207.89 | avg100  207.47 | grasp100  98.0% | best 0.990 |     34 st/s
    done(50): success=49 t_flicker=1
Ep 10600 | score  208.20 | avg100  206.56 | grasp100  98.0% | best 0.990 |     34 st/s
    done(50): success=49 t_flicker=1
Ep 10650 | score  208.03 | avg100  204.70 | grasp100  97.0% | best 0.990 |     34 st/s
    done(50): success=48 t_flicker=2
Ep 10700 | score  210.23 | avg100  206.55 | grasp100  98.0% | best 0.990 |     34 st/s
    done(50): success=50
Ep 10750 | score  209.64 | avg100  209.51 | grasp100 100.0% | best 0.990 |     34 st/s
    done(50): success=50
Ep 10800 | score  209.52 | avg100  205.92 | grasp100  98.0% | best 0.990 |     34 st/s
    done(50): success=48 t_flicker=2
Ep 10850 | score  208.47 | avg100  205.68 | grasp100  98.0% | best 0.990 |     34 st/s
    done(50): success=50
Ep 10900 | score  206.73 | avg100  208.69 | grasp100 100.0% | best 0.990 |     34 st/s
    done(50): success=50
Ep 10950 | score  210.14 | avg100  208.78 | grasp100 100.0% | best 0.990 |     34 st/s
    done(50): success=50
Ep 11000 | score  208.96 | avg100  209.11 | grasp100 100.0% | best 0.990 |     34 st/s
    done(50): success=50
Ep 11050 | score  209.05 | avg100  210.30 | grasp100 100.0% | best 0.990 |     34 st/s
    done(50): success=50
Ep 11100 | score  206.80 | avg100  209.60 | grasp100  99.0% | best 0.990 |     34 st/s
    done(50): success=49 t_flicker=1
Ep 11150 | score  207.57 | avg100  208.99 | grasp100  99.0% | best 0.990 |     34 st/s
    done(50): success=50
Ep 11200 | score  207.06 | avg100  209.71 | grasp100 100.0% | best 0.990 |     34 st/s
    done(50): success=50
Ep 11250 | score  207.40 | avg100  208.42 | grasp100 100.0% | best 0.990 |     34 st/s
    done(50): success=50
Ep 11300 | score  208.80 | avg100  208.52 | grasp100 100.0% | best 0.990 |     34 st/s
    done(50): success=50
Ep 11350 | score  210.97 | avg100  209.74 | grasp100 100.0% | best 0.990 |     34 st/s
    done(50): success=50
Ep 11400 | score  207.15 | avg100  211.04 | grasp100 100.0% | best 0.990 |     34 st/s
    done(50): success=50
Ep 11450 | score  206.88 | avg100  208.59 | grasp100  99.0% | best 0.990 |     34 st/s
    done(50): success=49 t_flicker=1
Ep 11500 | score  207.95 | avg100  208.91 | grasp100  99.0% | best 0.990 |     34 st/s
    done(50): success=50
Ep 11550 | score  210.59 | avg100  210.57 | grasp100 100.0% | best 0.990 |     33 st/s
    done(50): success=50
Ep 11600 | score  208.79 | avg100  207.84 | grasp100  99.0% | best 0.990 |     33 st/s
    done(50): success=49 t_flicker=1
Ep 11650 | score  208.19 | avg100  208.30 | grasp100  99.0% | best 0.990 |     33 st/s
    done(50): success=50
Ep 11700 | score  207.37 | avg100  209.07 | grasp100 100.0% | best 0.990 |     33 st/s
    done(50): success=50
  [primacy-bias reset of critic heads @ 175000 updates]
Ep 11750 | score  -27.92 | avg100  181.71 | grasp100  88.0% | best 0.990 |     33 st/s
    done(50): success=38 t_flicker=1 t_no_reach=11
Ep 11800 | score  -27.99 | avg100   63.41 | grasp100  38.0% | best 0.990 |     33 st/s
    done(50): t_no_reach=50
Ep 11850 | score  -27.98 | avg100  -27.93 | grasp100   0.0% | best 0.990 |     34 st/s
    done(50): t_no_reach=50
Ep 11900 | score   21.88 | avg100   50.31 | grasp100  31.0% | best 0.990 |     34 st/s
    done(50): success=31 t_flicker=5 t_touched=6 t_no_reach=8
Ep 11950 | score  206.55 | avg100  160.71 | grasp100  77.0% | best 0.990 |     34 st/s
    done(50): success=46 t_flicker=3 t_touched=1
Ep 12000 | score  206.81 | avg100  198.41 | grasp100  95.0% | best 0.990 |     33 st/s
    done(50): success=49 t_flicker=1
Ep 12050 | score  210.25 | avg100  203.99 | grasp100  98.0% | best 0.990 |     33 st/s
    done(50): success=49 t_touched=1
Ep 12100 | score   16.82 | avg100  202.89 | grasp100  97.0% | best 0.990 |     33 st/s
    done(50): success=48 t_flicker=1 t_touched=1
Ep 12150 | score  208.86 | avg100  203.88 | grasp100  97.0% | best 0.990 |     33 st/s
    done(50): success=49 t_flicker=1
Ep 12200 | score  212.50 | avg100  205.84 | grasp100  98.0% | best 0.990 |     33 st/s
    done(50): success=49 t_touched=1
Ep 12250 | score  210.11 | avg100  207.52 | grasp100  99.0% | best 0.990 |     33 st/s
    done(50): success=50
Ep 12300 | score  208.14 | avg100  208.17 | grasp100  99.0% | best 0.990 |     33 st/s
    done(50): success=49 t_flicker=1
Ep 12350 | score  208.68 | avg100  206.75 | grasp100  98.0% | best 0.990 |     33 st/s
    done(50): success=49 t_flicker=1
Ep 12400 | score  209.63 | avg100  208.41 | grasp100  99.0% | best 0.990 |     33 st/s
    done(50): success=50
Ep 12450 | score  207.93 | avg100  210.34 | grasp100 100.0% | best 0.990 |     33 st/s
    done(50): success=50
Ep 12500 | score  207.44 | avg100  207.75 | grasp100  98.0% | best 0.990 |     33 st/s
    done(50): success=48 t_flicker=2
Ep 12550 | score  209.51 | avg100  207.42 | grasp100  98.0% | best 0.990 |     33 st/s
    done(50): success=50
Ep 12600 | score  208.16 | avg100  210.06 | grasp100 100.0% | best 0.990 |     33 st/s
    done(50): success=50
Ep 12650 | score  208.44 | avg100  209.70 | grasp100 100.0% | best 0.990 |     33 st/s
    done(50): success=50
Ep 12700 | score  208.59 | avg100  209.29 | grasp100 100.0% | best 0.990 |     33 st/s
    done(50): success=50
Ep 12750 | score  208.08 | avg100  208.80 | grasp100  99.0% | best 0.990 |     33 st/s
    done(50): success=49 t_flicker=1
Ep 12800 | score  207.10 | avg100  209.08 | grasp100  99.0% | best 0.990 |     33 st/s
    done(50): success=50
Ep 12850 | score  208.80 | avg100  208.16 | grasp100  99.0% | best 0.990 |     33 st/s
    done(50): success=49 t_flicker=1
Ep 12900 | score  209.47 | avg100  207.20 | grasp100  99.0% | best 0.990 |     33 st/s
    done(50): success=50
Ep 12950 | score  233.93 | avg100  206.17 | grasp100  98.0% | best 0.990 |     33 st/s
    done(50): success=48 t_flicker=2
Ep 13000 | score  208.62 | avg100  206.80 | grasp100  98.0% | best 0.990 |     33 st/s
    done(50): success=50
Ep 13050 | score  209.84 | avg100  208.94 | grasp100 100.0% | best 0.990 |     33 st/s
    done(50): success=50
Ep 13100 | score  210.07 | avg100  207.15 | grasp100  99.0% | best 0.990 |     33 st/s
    done(50): success=49 t_touched=1
Ep 13150 | score  206.13 | avg100  207.88 | grasp100  99.0% | best 0.990 |     33 st/s
    done(50): success=50
Ep 13200 | score  208.69 | avg100  209.76 | grasp100 100.0% | best 0.990 |     33 st/s
    done(50): success=50
Ep 13250 | score  209.58 | avg100  207.53 | grasp100  99.0% | best 0.990 |     33 st/s
    done(50): success=49 t_flicker=1
Ep 13300 | score  207.69 | avg100  207.21 | grasp100  99.0% | best 0.990 |     33 st/s
    done(50): success=50
Ep 13350 | score  207.46 | avg100  206.85 | grasp100  99.0% | best 0.990 |     33 st/s
    done(50): success=49 t_flicker=1
Ep 13400 | score  206.52 | avg100  204.29 | grasp100  97.0% | best 0.990 |     33 st/s
    done(50): success=48 t_flicker=1 t_touched=1
Ep 13450 | score  207.13 | avg100  204.81 | grasp100  97.0% | best 0.990 |     33 st/s
    done(50): success=49 t_flicker=1
Ep 13500 | score  241.38 | avg100  207.37 | grasp100  98.0% | best 0.990 |     33 st/s
    done(50): success=49 t_flicker=1
Ep 13550 | score  206.35 | avg100  208.50 | grasp100  98.0% | best 0.990 |     33 st/s
    done(50): success=49 t_flicker=1
Ep 13600 | score  208.38 | avg100  208.37 | grasp100  99.0% | best 0.990 |     33 st/s
    done(50): success=50
Ep 13650 | score  205.39 | avg100  209.01 | grasp100 100.0% | best 0.990 |     33 st/s
    done(50): success=50
Ep 13700 | score  208.18 | avg100  208.68 | grasp100 100.0% | best 0.990 |     33 st/s
    done(50): success=50
Ep 13750 | score  208.42 | avg100  203.25 | grasp100  96.0% | best 0.990 |     33 st/s
    done(50): success=46 t_flicker=4
Ep 13800 | score  208.60 | avg100  203.86 | grasp100  96.0% | best 0.990 |     33 st/s
    done(50): success=50
Ep 13850 | score  208.50 | avg100  210.43 | grasp100 100.0% | best 0.990 |     33 st/s
    done(50): success=50
Ep 13900 | score  208.68 | avg100  210.82 | grasp100 100.0% | best 0.990 |     33 st/s
    done(50): success=50
Ep 13950 | score  209.45 | avg100  209.49 | grasp100 100.0% | best 0.990 |     32 st/s
    done(50): success=50
Ep 14000 | score  207.18 | avg100  207.25 | grasp100  99.0% | best 0.990 |     32 st/s
    done(50): success=49 t_touched=1
  [primacy-bias reset of critic heads @ 200000 updates]
Ep 14050 | score  -27.82 | avg100  141.35 | grasp100  71.0% | best 0.990 |     32 st/s
    done(50): success=22 t_flicker=1 t_touched=2 t_no_reach=25
Ep 14100 | score  -27.47 | avg100   35.98 | grasp100  26.0% | best 0.990 |     32 st/s
    done(50): success=4 t_flicker=1 t_touched=3 t_no_reach=42
Ep 14150 | score  206.56 | avg100   57.77 | grasp100  34.0% | best 0.990 |     33 st/s
    done(50): success=30 t_flicker=1 t_touched=9 t_no_reach=10
Ep 14200 | score  207.01 | avg100  143.14 | grasp100  68.0% | best 0.990 |     33 st/s
    done(50): success=38 t_flicker=6 t_touched=6
Ep 14250 | score  209.95 | avg100  182.81 | grasp100  86.0% | best 0.990 |     32 st/s
    done(50): success=48 t_flicker=1 t_touched=1
Ep 14300 | score  206.65 | avg100  203.69 | grasp100  98.0% | best 0.990 |     32 st/s
    done(50): success=50
Ep 14350 | score  206.27 | avg100  205.14 | grasp100  98.0% | best 0.990 |     32 st/s
    done(50): success=48 t_flicker=2
Ep 14400 | score  210.13 | avg100  205.24 | grasp100  98.0% | best 0.990 |     32 st/s
    done(50): success=50
Ep 14450 | score  210.95 | avg100  207.90 | grasp100 100.0% | best 0.990 |     32 st/s
    done(50): success=50
Ep 14500 | score  210.75 | avg100  208.03 | grasp100 100.0% | best 0.990 |     32 st/s
    done(50): success=50
Ep 14550 | score  208.98 | avg100  208.17 | grasp100 100.0% | best 0.990 |     32 st/s
    done(50): success=50
Ep 14600 | score  206.29 | avg100  208.61 | grasp100 100.0% | best 0.990 |     32 st/s
    done(50): success=50
Ep 14650 | score  207.52 | avg100  208.88 | grasp100 100.0% | best 0.990 |     32 st/s
    done(50): success=50
Ep 14700 | score  207.54 | avg100  207.34 | grasp100  99.0% | best 0.990 |     32 st/s
    done(50): success=49 t_touched=1
Ep 14750 | score  210.01 | avg100  207.63 | grasp100  99.0% | best 0.990 |     32 st/s
    done(50): success=50
Ep 14800 | score  207.36 | avg100  209.28 | grasp100 100.0% | best 0.990 |     32 st/s
    done(50): success=50
Ep 14850 | score  206.24 | avg100  208.70 | grasp100 100.0% | best 0.990 |     32 st/s
    done(50): success=50
Ep 14900 | score  207.96 | avg100  208.30 | grasp100  99.0% | best 0.990 |     32 st/s
    done(50): success=49 t_flicker=1
Ep 14950 | score  209.58 | avg100  207.63 | grasp100  98.0% | best 0.990 |     32 st/s
    done(50): success=49 t_flicker=1
Ep 15000 | score  206.08 | avg100  207.31 | grasp100  98.0% | best 0.990 |     32 st/s
    done(50): success=49 t_flicker=1
Ep 15050 | score  206.06 | avg100  205.15 | grasp100  97.0% | best 0.990 |     32 st/s
    done(50): success=48 t_flicker=2
Ep 15100 | score  206.87 | avg100  204.11 | grasp100  97.0% | best 0.990 |     32 st/s
    done(50): success=49 t_flicker=1
Ep 15150 | score  210.45 | avg100  206.88 | grasp100  99.0% | best 0.990 |     32 st/s
    done(50): success=50
Ep 15200 | score  208.05 | avg100  208.44 | grasp100 100.0% | best 0.990 |     32 st/s
    done(50): success=50
Ep 15250 | score  207.05 | avg100  207.70 | grasp100  99.0% | best 0.990 |     32 st/s
    done(50): success=49 t_flicker=1
Ep 15300 | score  206.38 | avg100  208.61 | grasp100  99.0% | best 0.990 |     32 st/s
    done(50): success=50
Ep 15350 | score  208.56 | avg100  209.58 | grasp100 100.0% | best 0.990 |     32 st/s
    done(50): success=50
Ep 15400 | score  206.27 | avg100  207.56 | grasp100  99.0% | best 0.990 |     32 st/s
    done(50): success=49 t_flicker=1
Ep 15450 | score  222.60 | avg100  207.38 | grasp100  99.0% | best 0.990 |     32 st/s
    done(50): success=50
Ep 15500 | score  207.79 | avg100  207.23 | grasp100  99.0% | best 0.990 |     32 st/s
    done(50): success=49 t_flicker=1
Ep 15550 | score  204.84 | avg100  207.69 | grasp100  99.0% | best 0.990 |     32 st/s
    done(50): success=50
Ep 15600 | score  207.29 | avg100  209.19 | grasp100 100.0% | best 0.990 |     32 st/s
    done(50): success=50
Ep 15650 | score  209.40 | avg100  208.95 | grasp100 100.0% | best 0.990 |     32 st/s
    done(50): success=50
Ep 15700 | score  207.78 | avg100  209.26 | grasp100 100.0% | best 0.990 |     32 st/s
    done(50): success=50
Ep 15750 | score  206.75 | avg100  206.92 | grasp100  98.0% | best 0.990 |     32 st/s
    done(50): success=48 t_flicker=2
Ep 15800 | score  247.02 | avg100  207.00 | grasp100  98.0% | best 0.990 |     32 st/s
    done(50): success=50
Ep 15850 | score  205.76 | avg100  209.07 | grasp100 100.0% | best 0.990 |     32 st/s
    done(50): success=50
Ep 15900 | score  206.46 | avg100  206.82 | grasp100  99.0% | best 0.990 |     32 st/s
    done(50): success=49 t_flicker=1
Ep 15950 | score  207.13 | avg100  206.79 | grasp100  99.0% | best 0.990 |     32 st/s
    done(50): success=50
Ep 16000 | score  205.17 | avg100  208.06 | grasp100 100.0% | best 0.990 |     32 st/s
    done(50): success=50
Ep 16050 | score  209.63 | avg100  207.78 | grasp100 100.0% | best 0.990 |     32 st/s
    done(50): success=50
Ep 16100 | score  206.08 | avg100  207.82 | grasp100 100.0% | best 0.990 |     32 st/s
    done(50): success=50
Ep 16150 | score  207.68 | avg100  208.19 | grasp100 100.0% | best 0.990 |     32 st/s
    done(50): success=50
Ep 16200 | score  208.00 | avg100  206.52 | grasp100  99.0% | best 0.990 |     32 st/s
    done(50): success=49 t_touched=1
Ep 16250 | score  209.93 | avg100  206.53 | grasp100  99.0% | best 0.990 |     32 st/s
    done(50): success=50
Ep 16300 | score  209.07 | avg100  208.80 | grasp100 100.0% | best 0.990 |     32 st/s
    done(50): success=50
Ep 16350 | score  207.34 | avg100  207.04 | grasp100  99.0% | best 0.990 |     32 st/s
    done(50): success=49 t_flicker=1
  [primacy-bias reset of critic heads @ 225000 updates]
Ep 16400 | score  -27.55 | avg100  172.32 | grasp100  84.0% | best 0.990 |     32 st/s
    done(50): success=35 t_touched=4 t_no_reach=11
Ep 16450 | score  -27.99 | avg100   55.85 | grasp100  35.0% | best 0.990 |     32 st/s
    done(50): t_no_reach=50
Ep 16500 | score  205.70 | avg100  -10.53 | grasp100   6.0% | best 0.990 |     32 st/s
    done(50): success=6 t_flicker=1 t_touched=8 t_no_reach=35
Ep 16550 | score  207.19 | avg100   86.02 | grasp100  45.0% | best 0.990 |     32 st/s
    done(50): success=39 t_flicker=1 t_touched=9 t_no_reach=1
Ep 16600 | score  206.73 | avg100  184.19 | grasp100  88.0% | best 0.990 |     32 st/s
    done(50): success=49 t_touched=1
Ep 16650 | score  207.20 | avg100  203.47 | grasp100  98.0% | best 0.990 |     32 st/s
    done(50): success=49 t_touched=1
Ep 16700 | score  205.68 | avg100  205.36 | grasp100  99.0% | best 0.990 |     32 st/s
    done(50): success=50
Ep 16750 | score  206.14 | avg100  207.24 | grasp100 100.0% | best 0.990 |     32 st/s
    done(50): success=50
Ep 16800 | score  206.65 | avg100  207.59 | grasp100 100.0% | best 0.990 |     32 st/s
    done(50): success=50
Ep 16850 | score  207.56 | avg100  207.95 | grasp100 100.0% | best 0.990 |     32 st/s
    done(50): success=50
Ep 16900 | score  205.65 | avg100  208.77 | grasp100 100.0% | best 0.990 |     32 st/s
    done(50): success=50
Ep 16950 | score  214.57 | avg100  206.94 | grasp100  99.0% | best 0.990 |     32 st/s
    done(50): success=49 t_touched=1
Ep 17000 | score  206.77 | avg100  204.98 | grasp100  98.0% | best 0.990 |     32 st/s
    done(50): success=49 t_flicker=1
Ep 17050 | score  209.33 | avg100  205.99 | grasp100  98.0% | best 0.990 |     32 st/s
    done(50): success=49 t_flicker=1
Ep 17100 | score  206.42 | avg100  207.35 | grasp100  99.0% | best 0.990 |     32 st/s
    done(50): success=50
Ep 17150 | score  210.23 | avg100  208.50 | grasp100 100.0% | best 0.990 |     32 st/s
    done(50): success=50
Ep 17200 | score  253.22 | avg100  208.81 | grasp100 100.0% | best 0.990 |     31 st/s
    done(50): success=50
Ep 17250 | score  205.98 | avg100  209.32 | grasp100 100.0% | best 0.990 |     31 st/s
    done(50): success=50
Ep 17300 | score  207.70 | avg100  209.19 | grasp100 100.0% | best 0.990 |     31 st/s
    done(50): success=50
Ep 17350 | score  210.34 | avg100  208.74 | grasp100 100.0% | best 0.990 |     31 st/s
    done(50): success=50
Ep 17400 | score  206.41 | avg100  209.10 | grasp100 100.0% | best 0.990 |     31 st/s
    done(50): success=50
Ep 17450 | score  208.90 | avg100  209.61 | grasp100 100.0% | best 0.990 |     31 st/s
    done(50): success=50
Ep 17500 | score  209.32 | avg100  208.69 | grasp100  99.0% | best 0.990 |     31 st/s
    done(50): success=49 t_flicker=1
Ep 17550 | score  206.93 | avg100  203.10 | grasp100  95.0% | best 0.990 |     31 st/s
    done(50): success=46 t_flicker=4
Ep 17600 | score  210.85 | avg100  204.40 | grasp100  96.0% | best 0.990 |     31 st/s
    done(50): success=50
Ep 17650 | score  206.59 | avg100  209.48 | grasp100 100.0% | best 0.990 |     31 st/s
    done(50): success=50
Ep 17700 | score  208.96 | avg100  210.30 | grasp100 100.0% | best 0.990 |     31 st/s
    done(50): success=50
Ep 17750 | score  210.22 | avg100  211.13 | grasp100 100.0% | best 0.990 |     31 st/s
    done(50): success=50
Ep 17800 | score  206.37 | avg100  208.41 | grasp100  99.0% | best 0.990 |     31 st/s
    done(50): success=49 t_flicker=1
Ep 17850 | score  211.09 | avg100  206.56 | grasp100  98.0% | best 0.990 |     31 st/s
    done(50): success=49 t_flicker=1
Ep 17900 | score  207.17 | avg100  207.61 | grasp100  98.0% | best 0.990 |     31 st/s
    done(50): success=49 t_flicker=1
Ep 17950 | score  208.08 | avg100  208.57 | grasp100  99.0% | best 0.990 |     31 st/s
    done(50): success=50
Ep 18000 | score  206.54 | avg100  209.01 | grasp100 100.0% | best 0.990 |     31 st/s
    done(50): success=50
Ep 18050 | score  212.63 | avg100  206.33 | grasp100  98.0% | best 0.990 |     31 st/s
    done(50): success=48 t_flicker=1 t_touched=1
Ep 18100 | score  218.54 | avg100  206.40 | grasp100  98.0% | best 0.990 |     31 st/s
    done(50): success=50
Ep 18150 | score  206.98 | avg100  207.61 | grasp100  99.0% | best 0.990 |     31 st/s
    done(50): success=49 t_flicker=1
Ep 18200 | score  204.60 | avg100  207.52 | grasp100  99.0% | best 0.990 |     31 st/s
    done(50): success=50
Ep 18250 | score  205.82 | avg100  208.72 | grasp100 100.0% | best 0.990 |     31 st/s
    done(50): success=50
Ep 18300 | score  208.22 | avg100  208.36 | grasp100 100.0% | best 0.990 |     31 st/s
    done(50): success=50
Ep 18350 | score  209.08 | avg100  208.60 | grasp100 100.0% | best 0.990 |     31 st/s
    done(50): success=50
Ep 18400 | score  206.30 | avg100  207.11 | grasp100  99.0% | best 0.990 |     31 st/s
    done(50): success=49 t_flicker=1
Ep 18450 | score  208.55 | avg100  206.94 | grasp100  99.0% | best 0.990 |     31 st/s
    done(50): success=50
Ep 18500 | score  210.30 | avg100  208.85 | grasp100 100.0% | best 0.990 |     31 st/s
    done(50): success=50
Ep 18550 | score  224.17 | avg100  209.75 | grasp100 100.0% | best 0.990 |     31 st/s
    done(50): success=50
Ep 18600 | score  209.96 | avg100  209.22 | grasp100 100.0% | best 0.990 |     31 st/s
    done(50): success=50
Ep 18650 | score  207.21 | avg100  208.69 | grasp100 100.0% | best 0.990 |     31 st/s
    done(50): success=50
Ep 18700 | score  209.46 | avg100  209.09 | grasp100 100.0% | best 0.990 |     31 st/s
    done(50): success=50
  [primacy-bias reset of critic heads @ 250000 updates]
Ep 18750 | score  210.18 | avg100  208.83 | grasp100 100.0% | best 0.990 |     31 st/s
    done(50): success=50
Ep 18800 | score  -27.99 | avg100   93.48 | grasp100  51.0% | best 0.990 |     31 st/s
    done(50): success=1 t_touched=2 t_no_reach=47
Ep 18850 | score  -15.19 | avg100  -23.05 | grasp100   1.0% | best 0.990 |     31 st/s
    done(50): t_touched=5 t_no_reach=45
========================================================================
RANDOM-SPAWN GRASP RETRAINING  |  algo=td3_ln  run=td3_ln_can_warm_s0
========================================================================
  Envs                : 5 (subprocess-parallel, fork)
  Spawn level         : 2.0 (1.0 = full position box, 2.0 = + z-rotation)
  Updates/vec-step    : 2 (0.400 per env-step; historical baseline 0.5)
  Buffer              : 2,000,000
  Actor               : 64 -> 32  (5,216 weights)  [critics 512->256]
  Warm start          : checkpoints/td3_grasp_rand_td3_ln_c2m512_s1/best
  Checkpoints         : /home/fahim/Thesis_fahim/pickandplace/checkpoints/td3_grasp_rand_td3_ln_can_warm_s0
========================================================================

Spawning 5 subprocess environments (fork)...
[robosuite WARNING] No private macro file found! (__init__.py:7)
[robosuite WARNING] It is recommended to use a private macro file (__init__.py:8)
[robosuite WARNING] To setup, run: python /home/fahim/Thesis_fahim/venv/lib/python3.12/site-packages/robosuite/scripts/setup_macros.py (__init__.py:9)
[robosuite WARNING] No private macro file found! (__init__.py:7)
[robosuite WARNING] It is recommended to use a private macro file (__init__.py:8)
[robosuite WARNING] To setup, run: python /home/fahim/Thesis_fahim/venv/lib/python3.12/site-packages/robosuite/scripts/setup_macros.py (__init__.py:9)
[robosuite WARNING] No private macro file found! (__init__.py:7)
[robosuite WARNING] It is recommended to use a private macro file (__init__.py:8)
[robosuite WARNING] To setup, run: python /home/fahim/Thesis_fahim/venv/lib/python3.12/site-packages/robosuite/scripts/setup_macros.py (__init__.py:9)
[robosuite WARNING] No private macro file found! (__init__.py:7)
[robosuite WARNING] It is recommended to use a private macro file (__init__.py:8)
[robosuite WARNING] To setup, run: python /home/fahim/Thesis_fahim/venv/lib/python3.12/site-packages/robosuite/scripts/setup_macros.py (__init__.py:9)
[robosuite WARNING] No private macro file found! (__init__.py:7)
[robosuite WARNING] It is recommended to use a private macro file (__init__.py:8)
[robosuite WARNING] To setup, run: python /home/fahim/Thesis_fahim/venv/lib/python3.12/site-packages/robosuite/scripts/setup_macros.py (__init__.py:9)
Gym has been unmaintained since 2022 and does not support NumPy 2.0 amongst other critical functionality.
Please upgrade to Gymnasium, the maintained drop-in replacement of Gym, or contact the authors of your software and request that they upgrade.
See the migration guide at https://gymnasium.farama.org/introduction/migration_guide/ for additional information.
Gym has been unmaintained since 2022 and does not support NumPy 2.0 amongst other critical functionality.
Please upgrade to Gymnasium, the maintained drop-in replacement of Gym, or contact the authors of your software and request that they upgrade.
See the migration guide at https://gymnasium.farama.org/introduction/migration_guide/ for additional information.
Gym has been unmaintained since 2022 and does not support NumPy 2.0 amongst other critical functionality.
Please upgrade to Gymnasium, the maintained drop-in replacement of Gym, or contact the authors of your software and request that they upgrade.
See the migration guide at https://gymnasium.farama.org/introduction/migration_guide/ for additional information.
Gym has been unmaintained since 2022 and does not support NumPy 2.0 amongst other critical functionality.
Please upgrade to Gymnasium, the maintained drop-in replacement of Gym, or contact the authors of your software and request that they upgrade.
See the migration guide at https://gymnasium.farama.org/introduction/migration_guide/ for additional information.
Gym has been unmaintained since 2022 and does not support NumPy 2.0 amongst other critical functionality.
Please upgrade to Gymnasium, the maintained drop-in replacement of Gym, or contact the authors of your software and request that they upgrade.
See the migration guide at https://gymnasium.farama.org/introduction/migration_guide/ for additional information.
/home/fahim/Thesis_fahim/venv/lib/python3.12/site-packages/gym/spaces/box.py:84: UserWarning: [33mWARN: Box bound precision lowered by casting to float32[0m
  logger.warn(f"Box bound precision lowered by casting to {self.dtype}")
/home/fahim/Thesis_fahim/venv/lib/python3.12/site-packages/gym/spaces/box.py:84: UserWarning: [33mWARN: Box bound precision lowered by casting to float32[0m
  logger.warn(f"Box bound precision lowered by casting to {self.dtype}")
/home/fahim/Thesis_fahim/venv/lib/python3.12/site-packages/gym/spaces/box.py:84: UserWarning: [33mWARN: Box bound precision lowered by casting to float32[0m
  logger.warn(f"Box bound precision lowered by casting to {self.dtype}")
/home/fahim/Thesis_fahim/venv/lib/python3.12/site-packages/gym/spaces/box.py:84: UserWarning: [33mWARN: Box bound precision lowered by casting to float32[0m
  logger.warn(f"Box bound precision lowered by casting to {self.dtype}")
/home/fahim/Thesis_fahim/venv/lib/python3.12/site-packages/gym/spaces/box.py:84: UserWarning: [33mWARN: Box bound precision lowered by casting to float32[0m
  logger.warn(f"Box bound precision lowered by casting to {self.dtype}")
Gym has been unmaintained since 2022 and does not support NumPy 2.0 amongst other critical functionality.
Please upgrade to Gymnasium, the maintained drop-in replacement of Gym, or contact the authors of your software and request that they upgrade.
See the migration guide at https://gymnasium.farama.org/introduction/migration_guide/ for additional information.
5 environments ready.

  Actor QAT           : per-tensor INT8 fake-quant, STE grads
  Actor weight clip   : |w| <= 8.0 * std(w) per Linear tensor (bi_s0 baseline fc1 9.96 / fc2 10.82)
Init: resumed (source: /home/fahim/Thesis_fahim/pickandplace/checkpoints/td3_grasp_rand_td3_ln_c2m512_s1/best)
Resumed replay buffer (629,335 transitions).

Training...

Ep    50 | score  247.53 | avg100  208.78 | grasp100 100.0% | best 0.000 |     16 st/s
    done(50): success=50
Ep   100 | score  205.07 | avg100  209.12 | grasp100 100.0% | best 0.000 |     17 st/s
    done(50): success=50
Ep   150 | score  205.87 | avg100  207.40 | grasp100  99.0% | best 0.000 |     16 st/s
    done(50): success=49 t_touched=1
Ep   200 | * BEST  level200=2.00 grasp200= 99.5% metric=0.995 | score  207.33
Ep   250 | score  208.11 | avg100  208.21 | grasp100  99.0% | best 0.995 |     17 st/s
    done(50): success=49 t_flicker=1
Ep   300 | score  205.56 | avg100  207.56 | grasp100  99.0% | best 0.995 |     17 st/s
    done(50): success=50
Ep   350 | score  207.21 | avg100  208.04 | grasp100 100.0% | best 0.995 |     17 st/s
    done(50): success=50
Ep   400 | score  209.35 | avg100  208.16 | grasp100 100.0% | best 0.995 |     17 st/s
    done(50): success=50
Ep   450 | score  208.89 | avg100  208.47 | grasp100 100.0% | best 0.995 |     17 st/s
    done(50): success=50
Ep   500 | score  206.14 | avg100  207.35 | grasp100  99.0% | best 0.995 |     17 st/s
    done(50): success=49 t_flicker=1
Ep   550 | score  208.35 | avg100  207.85 | grasp100  99.0% | best 0.995 |     17 st/s
    done(50): success=50
Ep   600 | score  208.61 | avg100  209.06 | grasp100 100.0% | best 0.995 |     17 st/s
    done(50): success=50
Ep   650 | score  208.72 | avg100  209.44 | grasp100 100.0% | best 0.995 |     18 st/s
    done(50): success=50
Ep   700 | score  207.03 | avg100  207.85 | grasp100  99.0% | best 0.995 |     18 st/s
    done(50): success=49 t_flicker=1
Ep   750 | score  206.12 | avg100  207.63 | grasp100  99.0% | best 0.995 |     19 st/s
    done(50): success=50
Ep   800 | score  206.70 | avg100  208.99 | grasp100 100.0% | best 0.995 |     19 st/s
    done(50): success=50
Ep   850 | score  209.78 | avg100  207.38 | grasp100  99.0% | best 0.995 |     20 st/s
    done(50): success=49 t_flicker=1
Ep   900 | score  207.52 | avg100  207.56 | grasp100  99.0% | best 0.995 |     20 st/s
    done(50): success=50
Ep   950 | score  208.96 | avg100  210.07 | grasp100 100.0% | best 0.995 |     21 st/s
    done(50): success=50
Ep  1000 | score   59.17 | avg100  209.67 | grasp100  99.0% | best 0.995 |     21 st/s
    done(50): success=49 t_flicker=1
Ep  1050 | score  209.10 | avg100  207.68 | grasp100  98.0% | best 0.995 |     21 st/s
    done(50): success=49 t_flicker=1
Ep  1100 | score  207.39 | avg100  208.45 | grasp100  99.0% | best 0.995 |     21 st/s
    done(50): success=50
Ep  1150 | score  249.89 | avg100  209.55 | grasp100 100.0% | best 0.995 |     22 st/s
    done(50): success=50
Ep  1200 | score  205.35 | avg100  207.96 | grasp100  99.0% | best 0.995 |     22 st/s
    done(50): success=49 t_flicker=1
Ep  1250 | score  208.29 | avg100  200.04 | grasp100  94.0% | best 0.995 |     22 st/s
    done(50): success=45 t_flicker=4 t_touched=1
Ep  1300 | score  208.07 | avg100  202.14 | grasp100  95.0% | best 0.995 |     22 st/s
    done(50): success=50
Ep  1350 | score  207.82 | avg100  209.63 | grasp100  99.0% | best 0.995 |     23 st/s
    done(50): success=49 t_flicker=1
Ep  1400 | score  207.58 | avg100  207.80 | grasp100  98.0% | best 0.995 |     23 st/s
    done(50): success=49 t_flicker=1
Ep  1450 | score  207.23 | avg100  207.77 | grasp100  99.0% | best 0.995 |     23 st/s
    done(50): success=50
Ep  1500 | score  207.51 | avg100  209.36 | grasp100 100.0% | best 0.995 |     23 st/s
    done(50): success=50
Ep  1550 | score  205.94 | avg100  210.80 | grasp100 100.0% | best 0.995 |     23 st/s
    done(50): success=50
Ep  1600 | score  207.83 | avg100  211.63 | grasp100 100.0% | best 0.995 |     23 st/s
    done(50): success=50
Ep  1650 | score  207.97 | avg100  211.33 | grasp100 100.0% | best 0.995 |     23 st/s
    done(50): success=50
Ep  1700 | score  214.08 | avg100  210.28 | grasp100 100.0% | best 0.995 |     24 st/s
    done(50): success=50
Ep  1750 | score  208.35 | avg100  210.09 | grasp100 100.0% | best 0.995 |     24 st/s
    done(50): success=50
Ep  1800 | score  204.75 | avg100  207.77 | grasp100  99.0% | best 0.995 |     24 st/s
    done(50): success=49 t_flicker=1
Ep  1850 | score  206.56 | avg100  206.57 | grasp100  99.0% | best 0.995 |     24 st/s
    done(50): success=50
Ep  1900 | score  208.01 | avg100  206.73 | grasp100  99.0% | best 0.995 |     24 st/s
    done(50): success=49 t_touched=1
Ep  1950 | score  205.76 | avg100  207.73 | grasp100  99.0% | best 0.995 |     24 st/s
    done(50): success=50
Ep  2000 | score  209.46 | avg100  205.02 | grasp100  97.0% | best 0.995 |     24 st/s
    done(50): success=47 t_flicker=3
Ep  2050 | score  211.07 | avg100  202.44 | grasp100  96.0% | best 0.995 |     24 st/s
    done(50): success=49 t_flicker=1
Ep  2100 | score  209.31 | avg100  206.86 | grasp100  99.0% | best 0.995 |     24 st/s
    done(50): success=50
Ep  2150 | score  205.02 | avg100  208.48 | grasp100  99.0% | best 0.995 |     25 st/s
    done(50): success=49 t_flicker=1
Ep  2200 | score  210.15 | avg100  208.31 | grasp100  99.0% | best 0.995 |     25 st/s
    done(50): success=50
Ep  2250 | score  205.29 | avg100  208.10 | grasp100 100.0% | best 0.995 |     25 st/s
    done(50): success=50
Ep  2300 | score  204.63 | avg100  208.82 | grasp100 100.0% | best 0.995 |     25 st/s
    done(50): success=50
Ep  2350 | score  209.79 | avg100  209.17 | grasp100 100.0% | best 0.995 |     25 st/s
    done(50): success=50
Ep  2400 | score  205.99 | avg100  208.47 | grasp100 100.0% | best 0.995 |     25 st/s
    done(50): success=50
Ep  2450 | score  207.82 | avg100  208.82 | grasp100 100.0% | best 0.995 |     25 st/s
    done(50): success=50
Ep  2500 | score  208.65 | avg100  206.81 | grasp100  99.0% | best 0.995 |     25 st/s
    done(50): success=49 t_touched=1
Ep  2550 | score  206.84 | avg100  206.18 | grasp100  99.0% | best 0.995 |     25 st/s
    done(50): success=50
  [primacy-bias reset of critic heads @ 25000 updates]
Ep  2600 | score  -26.46 | avg100  140.84 | grasp100  71.0% | best 0.995 |     26 st/s
    done(50): success=21 t_touched=1 t_no_reach=28
Ep  2650 | score  -18.05 | avg100   24.46 | grasp100  21.0% | best 0.995 |     26 st/s
    done(50): t_touched=2 t_no_reach=48
Ep  2700 | score  208.90 | avg100   19.35 | grasp100  16.0% | best 0.995 |     27 st/s
    done(50): success=16 t_flicker=4 t_touched=19 t_no_reach=11
Ep  2750 | score  206.36 | avg100  121.34 | grasp100  58.0% | best 0.995 |     27 st/s
    done(50): success=42 t_flicker=4 t_touched=4
Ep  2800 | score  208.81 | avg100  188.48 | grasp100  89.0% | best 0.995 |     27 st/s
    done(50): success=47 t_flicker=3
Ep  2850 | score  209.44 | avg100  200.80 | grasp100  96.0% | best 0.995 |     27 st/s
    done(50): success=49 t_touched=1
Ep  2900 | score  207.45 | avg100  204.24 | grasp100  98.0% | best 0.995 |     27 st/s
    done(50): success=49 t_touched=1
Ep  2950 | score  207.47 | avg100  204.15 | grasp100  98.0% | best 0.995 |     27 st/s
    done(50): success=49 t_touched=1
Ep  3000 | score  204.76 | avg100  206.09 | grasp100  99.0% | best 0.995 |     27 st/s
    done(50): success=50
Ep  3050 | score  209.19 | avg100  208.03 | grasp100 100.0% | best 0.995 |     27 st/s
    done(50): success=50
Ep  3100 | score  207.50 | avg100  207.64 | grasp100 100.0% | best 0.995 |     27 st/s
    done(50): success=50
Ep  3150 | score  208.64 | avg100  205.83 | grasp100  99.0% | best 0.995 |     27 st/s
    done(50): success=49 t_flicker=1
Ep  3200 | score  209.71 | avg100  206.52 | grasp100  99.0% | best 0.995 |     27 st/s
    done(50): success=50
Ep  3250 | score  207.14 | avg100  208.77 | grasp100 100.0% | best 0.995 |     27 st/s
    done(50): success=50
Ep  3300 | score  207.66 | avg100  209.18 | grasp100 100.0% | best 0.995 |     27 st/s
    done(50): success=50
Ep  3350 | score  207.49 | avg100  207.68 | grasp100  99.0% | best 0.995 |     27 st/s
    done(50): success=49 t_flicker=1
Ep  3400 | score  212.31 | avg100  205.56 | grasp100  98.0% | best 0.995 |     27 st/s
    done(50): success=49 t_flicker=1
Ep  3450 | score  208.62 | avg100  207.35 | grasp100  99.0% | best 0.995 |     27 st/s
    done(50): success=50
Ep  3500 | score  206.82 | avg100  208.30 | grasp100 100.0% | best 0.995 |     27 st/s
    done(50): success=50
Ep  3550 | score  205.64 | avg100  207.23 | grasp100  99.0% | best 0.995 |     27 st/s
    done(50): success=49 t_flicker=1
Ep  3600 | score  208.08 | avg100  207.50 | grasp100  99.0% | best 0.995 |     27 st/s
    done(50): success=50
Ep  3650 | score  207.48 | avg100  208.25 | grasp100 100.0% | best 0.995 |     27 st/s
    done(50): success=50
Ep  3700 | score  212.10 | avg100  208.65 | grasp100 100.0% | best 0.995 |     28 st/s
    done(50): success=50
Ep  3750 | score  205.69 | avg100  210.26 | grasp100 100.0% | best 0.995 |     28 st/s
    done(50): success=50
Ep  3800 | score  206.20 | avg100  206.56 | grasp100  97.0% | best 0.995 |     28 st/s
    done(50): success=47 t_flicker=3
Ep  3850 | score  207.63 | avg100  203.94 | grasp100  96.0% | best 0.995 |     28 st/s
    done(50): success=49 t_flicker=1
Ep  3900 | score  206.26 | avg100  208.51 | grasp100  99.0% | best 0.995 |     28 st/s
    done(50): success=50
Ep  3950 | score  206.53 | avg100  209.17 | grasp100 100.0% | best 0.995 |     28 st/s
    done(50): success=50
Ep  4000 | score  207.26 | avg100  208.10 | grasp100 100.0% | best 0.995 |     28 st/s
    done(50): success=50
Ep  4050 | score  208.88 | avg100  209.26 | grasp100 100.0% | best 0.995 |     28 st/s
    done(50): success=50
Ep  4100 | score  208.65 | avg100  208.08 | grasp100  99.0% | best 0.995 |     28 st/s
    done(50): success=49 t_flicker=1
Ep  4150 | score  206.48 | avg100  207.38 | grasp100  99.0% | best 0.995 |     28 st/s
    done(50): success=50
Ep  4200 | score  208.32 | avg100  208.98 | grasp100 100.0% | best 0.995 |     28 st/s
    done(50): success=50
Ep  4250 | score  205.26 | avg100  207.27 | grasp100  99.0% | best 0.995 |     28 st/s
    done(50): success=49 t_flicker=1
Ep  4300 | score  210.65 | avg100  207.53 | grasp100  99.0% | best 0.995 |     28 st/s
    done(50): success=50
Ep  4350 | score   59.50 | avg100  208.04 | grasp100  99.0% | best 0.995 |     28 st/s
    done(50): success=49 t_flicker=1
Ep  4400 | score  207.18 | avg100  208.79 | grasp100  99.0% | best 0.995 |     28 st/s
    done(50): success=50
Ep  4450 | score  210.55 | avg100  209.45 | grasp100 100.0% | best 0.995 |     28 st/s
    done(50): success=50
Ep  4500 | score  208.25 | avg100  207.85 | grasp100 100.0% | best 0.995 |     28 st/s
    done(50): success=50
Ep  4550 | score  205.90 | avg100  206.97 | grasp100  99.0% | best 0.995 |     28 st/s
    done(50): success=49 t_flicker=1
Ep  4600 | score   58.41 | avg100  201.83 | grasp100  96.0% | best 0.995 |     28 st/s
    done(50): success=47 t_flicker=3
Ep  4650 | score  208.89 | avg100  203.37 | grasp100  97.0% | best 0.995 |     28 st/s
    done(50): success=50
Ep  4700 | score  209.77 | avg100  209.25 | grasp100 100.0% | best 0.995 |     28 st/s
    done(50): success=50
Ep  4750 | score  205.74 | avg100  208.55 | grasp100 100.0% | best 0.995 |     28 st/s
    done(50): success=50
Ep  4800 | score  206.78 | avg100  208.03 | grasp100 100.0% | best 0.995 |     27 st/s
    done(50): success=50
Ep  4850 | score  205.84 | avg100  208.89 | grasp100 100.0% | best 0.995 |     27 st/s
    done(50): success=50
Ep  4900 | score  209.26 | avg100  208.54 | grasp100 100.0% | best 0.995 |     26 st/s
    done(50): success=50
Ep  4950 | score  208.67 | avg100  208.55 | grasp100 100.0% | best 0.995 |     26 st/s
    done(50): success=50
  [primacy-bias reset of critic heads @ 50000 updates]
Ep  5000 | score  -27.69 | avg100  109.93 | grasp100  58.0% | best 0.995 |     27 st/s
    done(50): success=8 t_no_reach=42
Ep  5050 | score  -27.47 | avg100   -8.51 | grasp100   8.0% | best 0.995 |     27 st/s
    done(50): t_no_reach=50
Ep  5100 | score   74.37 | avg100   -6.81 | grasp100   5.0% | best 0.995 |     27 st/s
    done(50): success=5 t_flicker=4 t_touched=9 t_no_reach=32
Ep  5150 | score  208.15 | avg100   95.39 | grasp100  47.0% | best 0.995 |     27 st/s
    done(50): success=42 t_flicker=2 t_touched=6
Ep  5200 | score  206.29 | avg100  188.42 | grasp100  90.0% | best 0.995 |     27 st/s
    done(50): success=48 t_flicker=1 t_touched=1
Ep  5250 | score  204.14 | avg100  201.68 | grasp100  97.0% | best 0.995 |     27 st/s
    done(50): success=49 t_touched=1
Ep  5300 | score  206.50 | avg100  204.08 | grasp100  98.0% | best 0.995 |     27 st/s
    done(50): success=49 t_flicker=1
Ep  5350 | score  207.77 | avg100  206.08 | grasp100  99.0% | best 0.995 |     27 st/s
    done(50): success=50
Ep  5400 | score  207.27 | avg100  207.88 | grasp100 100.0% | best 0.995 |     27 st/s
    done(50): success=50
Ep  5450 | score  207.87 | avg100  207.82 | grasp100 100.0% | best 0.995 |     27 st/s
    done(50): success=50
Ep  5500 | score  207.12 | avg100  207.83 | grasp100 100.0% | best 0.995 |     27 st/s
    done(50): success=50
Ep  5550 | score  207.60 | avg100  208.24 | grasp100 100.0% | best 0.995 |     27 st/s
    done(50): success=50
Ep  5600 | score  207.24 | avg100  208.19 | grasp100 100.0% | best 0.995 |     27 st/s
    done(50): success=50
Ep  5650 | score  206.63 | avg100  208.86 | grasp100 100.0% | best 0.995 |     27 st/s
    done(50): success=50
Ep  5700 | score  204.48 | avg100  208.83 | grasp100 100.0% | best 0.995 |     27 st/s
    done(50): success=50
Ep  5750 | score  209.12 | avg100  209.28 | grasp100 100.0% | best 0.995 |     27 st/s
    done(50): success=50
Ep  5800 | score  220.42 | avg100  207.56 | grasp100  99.0% | best 0.995 |     27 st/s
    done(50): success=49 t_flicker=1
Ep  5850 | score  208.50 | avg100  207.42 | grasp100  99.0% | best 0.995 |     27 st/s
    done(50): success=50
Ep  5900 | score  207.85 | avg100  205.62 | grasp100  98.0% | best 0.995 |     27 st/s
    done(50): success=48 t_flicker=1 t_touched=1
Ep  5950 | score  208.10 | avg100  205.09 | grasp100  98.0% | best 0.995 |     27 st/s
    done(50): success=50
Ep  6000 | score  206.41 | avg100  209.55 | grasp100 100.0% | best 0.995 |     27 st/s
    done(50): success=50
Ep  6050 | score  208.01 | avg100  207.84 | grasp100  99.0% | best 0.995 |     27 st/s
    done(50): success=49 t_flicker=1
Ep  6100 | score  207.69 | avg100  206.20 | grasp100  98.0% | best 0.995 |     27 st/s
    done(50): success=49 t_flicker=1
Ep  6150 | score  209.51 | avg100  207.87 | grasp100  99.0% | best 0.995 |     27 st/s
    done(50): success=50
Ep  6200 | score  205.84 | avg100  206.99 | grasp100  99.0% | best 0.995 |     27 st/s
    done(50): success=49 t_flicker=1
Ep  6250 | score  206.51 | avg100  206.64 | grasp100  99.0% | best 0.995 |     27 st/s
    done(50): success=50
Ep  6300 | score  209.46 | avg100  207.36 | grasp100  99.0% | best 0.995 |     27 st/s
    done(50): success=49 t_flicker=1
Ep  6350 | score  207.08 | avg100  204.56 | grasp100  97.0% | best 0.995 |     27 st/s
    done(50): success=48 t_flicker=2
Ep  6400 | score  207.69 | avg100  204.31 | grasp100  97.0% | best 0.995 |     27 st/s
    done(50): success=49 t_flicker=1
Ep  6450 | score  206.76 | avg100  207.86 | grasp100  99.0% | best 0.995 |     27 st/s
    done(50): success=50
Ep  6500 | score  207.66 | avg100  209.20 | grasp100 100.0% | best 0.995 |     27 st/s
    done(50): success=50
Ep  6550 | score  206.43 | avg100  206.65 | grasp100  98.0% | best 0.995 |     27 st/s
    done(50): success=48 t_flicker=2
Ep  6600 | score  205.16 | avg100  206.41 | grasp100  98.0% | best 0.995 |     27 st/s
    done(50): success=50
Ep  6650 | score  209.69 | avg100  207.18 | grasp100  99.0% | best 0.995 |     27 st/s
    done(50): success=49 t_flicker=1
Ep  6700 | score  209.38 | avg100  206.54 | grasp100  98.0% | best 0.995 |     27 st/s
    done(50): success=49 t_flicker=1
Ep  6750 | score  208.58 | avg100  206.42 | grasp100  98.0% | best 0.995 |     27 st/s
    done(50): success=49 t_flicker=1
Ep  6800 | score  206.25 | avg100  207.09 | grasp100  99.0% | best 0.995 |     27 st/s
    done(50): success=50
Ep  6850 | score  205.46 | avg100  206.02 | grasp100  99.0% | best 0.995 |     27 st/s
    done(50): success=49 t_flicker=1
Ep  6900 | score  206.81 | avg100  206.70 | grasp100  99.0% | best 0.995 |     27 st/s
    done(50): success=50
Ep  6950 | score  207.45 | avg100  207.57 | grasp100  99.0% | best 0.995 |     27 st/s
    done(50): success=49 t_flicker=1
Ep  7000 | score  208.39 | avg100  205.97 | grasp100  98.0% | best 0.995 |     27 st/s
    done(50): success=49 t_flicker=1
Ep  7050 | score  205.71 | avg100  204.19 | grasp100  97.0% | best 0.995 |     27 st/s
    done(50): success=48 t_flicker=1 t_touched=1
Ep  7100 | score  208.37 | avg100  203.93 | grasp100  97.0% | best 0.995 |     27 st/s
    done(50): success=49 t_flicker=1
Ep  7150 | score  206.58 | avg100  207.58 | grasp100  99.0% | best 0.995 |     27 st/s
    done(50): success=50
Ep  7200 | score  206.49 | avg100  208.80 | grasp100 100.0% | best 0.995 |     27 st/s
    done(50): success=50
Ep  7250 | score  206.68 | avg100  207.82 | grasp100  99.0% | best 0.995 |     27 st/s
    done(50): success=49 t_flicker=1
  [primacy-bias reset of critic heads @ 75000 updates]
Ep  7300 | score  207.14 | avg100  208.50 | grasp100  99.0% | best 0.995 |     27 st/s
    done(50): success=50
Ep  7350 | score  -27.95 | avg100   98.87 | grasp100  53.0% | best 0.995 |     27 st/s
    done(50): success=3 t_flicker=1 t_no_reach=46
Ep  7400 | score  208.75 | avg100  -13.43 | grasp100   5.0% | best 0.995 |     28 st/s
    done(50): success=2 t_flicker=1 t_touched=4 t_no_reach=43
Ep  7450 | score   30.58 | avg100   59.35 | grasp100  34.0% | best 0.995 |     28 st/s
    done(50): success=32 t_flicker=5 t_touched=11 t_no_reach=2
Ep  7500 | score  206.03 | avg100  162.17 | grasp100  77.0% | best 0.995 |     28 st/s
    done(50): success=45 t_flicker=5
Ep  7550 | score  206.77 | avg100  196.85 | grasp100  93.0% | best 0.995 |     28 st/s
    done(50): success=48 t_flicker=2
Ep  7600 | score  209.82 | avg100  205.40 | grasp100  98.0% | best 0.995 |     28 st/s
    done(50): success=50
Ep  7650 | score  207.83 | avg100  207.46 | grasp100 100.0% | best 0.995 |     28 st/s
    done(50): success=50
Ep  7700 | score  208.68 | avg100  205.98 | grasp100  99.0% | best 0.995 |     28 st/s
    done(50): success=49 t_flicker=1
Ep  7750 | score  207.15 | avg100  206.04 | grasp100  99.0% | best 0.995 |     28 st/s
    done(50): success=50
Ep  7800 | score  207.84 | avg100  206.52 | grasp100  99.0% | best 0.995 |     28 st/s
    done(50): success=49 t_flicker=1
Ep  7850 | score  207.77 | avg100  203.10 | grasp100  97.0% | best 0.995 |     28 st/s
    done(50): success=48 t_flicker=1 t_touched=1
Ep  7900 | score  207.33 | avg100  203.10 | grasp100  97.0% | best 0.995 |     28 st/s
    done(50): success=49 t_flicker=1
Ep  7950 | score  205.22 | avg100  200.99 | grasp100  95.0% | best 0.995 |     28 st/s
    done(50): success=46 t_flicker=2 t_touched=2
Ep  8000 | score  208.46 | avg100  198.82 | grasp100  94.0% | best 0.995 |     28 st/s
    done(50): success=48 t_flicker=2
Ep  8050 | score  238.60 | avg100  205.33 | grasp100  98.0% | best 0.995 |     28 st/s
    done(50): success=50
Ep  8100 | score  211.22 | avg100  203.38 | grasp100  96.0% | best 0.995 |     28 st/s
    done(50): success=46 t_flicker=3 t_touched=1
Ep  8150 | score  227.43 | avg100  202.68 | grasp100  96.0% | best 0.995 |     28 st/s
    done(50): success=50
Ep  8200 | score  207.70 | avg100  209.17 | grasp100 100.0% | best 0.995 |     28 st/s
    done(50): success=50
Ep  8250 | score  208.58 | avg100  210.23 | grasp100  99.0% | best 0.995 |     28 st/s
    done(50): success=49 t_flicker=1
Ep  8300 | score  209.56 | avg100  208.52 | grasp100  98.0% | best 0.995 |     28 st/s
    done(50): success=49 t_flicker=1
Ep  8350 | score  207.62 | avg100  208.18 | grasp100  99.0% | best 0.995 |     28 st/s
    done(50): success=50
Ep  8400 | score  207.37 | avg100  207.90 | grasp100  99.0% | best 0.995 |     28 st/s
    done(50): success=49 t_flicker=1
Ep  8450 | score  208.13 | avg100  207.94 | grasp100  99.0% | best 0.995 |     28 st/s
    done(50): success=50
Ep  8500 | score  210.71 | avg100  207.89 | grasp100  99.0% | best 0.995 |     28 st/s
    done(50): success=49 t_flicker=1
Ep  8550 | score  208.47 | avg100  208.00 | grasp100  99.0% | best 0.995 |     28 st/s
    done(50): success=50
Ep  8600 | score  209.45 | avg100  207.43 | grasp100  99.0% | best 0.995 |     28 st/s
    done(50): success=49 t_flicker=1
Ep  8650 | score  211.35 | avg100  206.68 | grasp100  98.0% | best 0.995 |     28 st/s
    done(50): success=49 t_flicker=1
Ep  8700 | score  206.00 | avg100  206.65 | grasp100  98.0% | best 0.995 |     28 st/s
    done(50): success=49 t_flicker=1
Ep  8750 | score  207.95 | avg100  206.82 | grasp100  99.0% | best 0.995 |     28 st/s
    done(50): success=50
Ep  8800 | score  207.82 | avg100  209.14 | grasp100 100.0% | best 0.995 |     28 st/s
    done(50): success=50
Ep  8850 | score  206.29 | avg100  209.08 | grasp100 100.0% | best 0.995 |     28 st/s
    done(50): success=50
Ep  8900 | score  207.68 | avg100  206.54 | grasp100  99.0% | best 0.995 |     28 st/s
    done(50): success=49 t_flicker=1
Ep  8950 | score  206.20 | avg100  207.28 | grasp100  99.0% | best 0.995 |     28 st/s
    done(50): success=50
Ep  9000 | score   83.11 | avg100  205.81 | grasp100  97.0% | best 0.995 |     28 st/s
    done(50): success=47 t_flicker=3
Ep  9050 | score  209.33 | avg100  205.24 | grasp100  97.0% | best 0.995 |     28 st/s
    done(50): success=50
Ep  9100 | score  206.90 | avg100  205.47 | grasp100  98.0% | best 0.995 |     28 st/s
    done(50): success=48 t_flicker=2
Ep  9150 | score  209.21 | avg100  202.59 | grasp100  96.0% | best 0.995 |     28 st/s
    done(50): success=48 t_flicker=2
Ep  9200 | score  207.06 | avg100  205.44 | grasp100  98.0% | best 0.995 |     28 st/s
    done(50): success=50
Ep  9250 | score  206.57 | avg100  207.26 | grasp100  99.0% | best 0.995 |     28 st/s
    done(50): success=49 t_flicker=1
Ep  9300 | score  209.06 | avg100  206.32 | grasp100  98.0% | best 0.995 |     28 st/s
    done(50): success=49 t_flicker=1
Ep  9350 | score  208.79 | avg100  207.50 | grasp100  99.0% | best 0.995 |     28 st/s
    done(50): success=50
Ep  9400 | score  206.20 | avg100  205.70 | grasp100  98.0% | best 0.995 |     28 st/s
    done(50): success=48 t_flicker=2
Ep  9450 | score  209.44 | avg100  203.84 | grasp100  97.0% | best 0.995 |     28 st/s
    done(50): success=49 t_flicker=1
Ep  9500 | score  206.66 | avg100  205.41 | grasp100  97.0% | best 0.995 |     28 st/s
    done(50): success=48 t_flicker=2
Ep  9550 | score  207.77 | avg100  206.49 | grasp100  97.0% | best 0.995 |     28 st/s
    done(50): success=49 t_flicker=1
Ep  9600 | score  207.08 | avg100  205.63 | grasp100  97.0% | best 0.995 |     28 st/s
    done(50): success=48 t_flicker=2
Ep  9650 | score  207.29 | avg100  201.26 | grasp100  94.0% | best 0.995 |     28 st/s
    done(50): success=46 t_flicker=4
  [primacy-bias reset of critic heads @ 100000 updates]
Ep  9700 | score  208.10 | avg100  203.73 | grasp100  96.0% | best 0.995 |     28 st/s
    done(50): success=50
Ep  9750 | score  -27.68 | avg100   98.71 | grasp100  53.0% | best 0.995 |     28 st/s
    done(50): success=3 t_touched=2 t_no_reach=45
Ep  9800 | score    1.52 | avg100  -15.10 | grasp100   3.0% | best 0.995 |     28 st/s
    done(50): t_touched=15 t_no_reach=35
Ep  9850 | score  208.00 | avg100   50.95 | grasp100  27.0% | best 0.995 |     28 st/s
    done(50): success=27 t_flicker=15 t_touched=7 t_no_reach=1
Ep  9900 | score  206.16 | avg100  157.46 | grasp100  73.0% | best 0.995 |     28 st/s
    done(50): success=46 t_flicker=4
Ep  9950 | score  208.88 | avg100  200.77 | grasp100  96.0% | best 0.995 |     28 st/s
    done(50): success=50
Ep 10000 | score  205.64 | avg100  206.06 | grasp100  99.0% | best 0.995 |     28 st/s
    done(50): success=49 t_flicker=1
Ep 10050 | score  206.00 | avg100  206.15 | grasp100  99.0% | best 0.995 |     28 st/s
    done(50): success=50
Ep 10100 | score  206.58 | avg100  207.36 | grasp100 100.0% | best 0.995 |     28 st/s
    done(50): success=50
Ep 10150 | score  231.25 | avg100  207.70 | grasp100 100.0% | best 0.995 |     28 st/s
    done(50): success=50
Ep 10200 | score  207.46 | avg100  206.05 | grasp100  99.0% | best 0.995 |     28 st/s
    done(50): success=49 t_touched=1
Ep 10250 | score  208.08 | avg100  205.84 | grasp100  99.0% | best 0.995 |     28 st/s
    done(50): success=50
Ep 10300 | score  207.92 | avg100  208.68 | grasp100 100.0% | best 0.995 |     28 st/s
    done(50): success=50
Ep 10350 | score  206.93 | avg100  209.44 | grasp100 100.0% | best 0.995 |     28 st/s
    done(50): success=50
Ep 10400 | score  205.92 | avg100  207.88 | grasp100  99.0% | best 0.995 |     28 st/s
    done(50): success=49 t_flicker=1
Ep 10450 | score  205.70 | avg100  205.63 | grasp100  98.0% | best 0.995 |     28 st/s
    done(50): success=49 t_touched=1
Ep 10500 | score  206.86 | avg100  206.81 | grasp100  99.0% | best 0.995 |     28 st/s
    done(50): success=50
Ep 10550 | score  207.47 | avg100  208.67 | grasp100 100.0% | best 0.995 |     28 st/s
    done(50): success=50
Ep 10600 | score  209.90 | avg100  208.83 | grasp100 100.0% | best 0.995 |     28 st/s
    done(50): success=50
Ep 10650 | score  206.98 | avg100  206.62 | grasp100  98.0% | best 0.995 |     28 st/s
    done(50): success=48 t_flicker=2
Ep 10700 | score  209.31 | avg100  207.10 | grasp100  98.0% | best 0.995 |     28 st/s
    done(50): success=50
Ep 10750 | score  211.19 | avg100  210.07 | grasp100 100.0% | best 0.995 |     28 st/s
    done(50): success=50
Ep 10800 | score  205.67 | avg100  207.54 | grasp100  99.0% | best 0.995 |     28 st/s
    done(50): success=49 t_flicker=1
Ep 10850 | score  211.05 | avg100  206.00 | grasp100  98.0% | best 0.995 |     28 st/s
    done(50): success=49 t_touched=1
Ep 10900 | score  205.95 | avg100  207.03 | grasp100  99.0% | best 0.995 |     28 st/s
    done(50): success=50
Ep 10950 | score  205.22 | avg100  208.28 | grasp100 100.0% | best 0.995 |     28 st/s
    done(50): success=50
Ep 11000 | score  209.06 | avg100  208.43 | grasp100 100.0% | best 0.995 |     28 st/s
    done(50): success=50
Ep 11050 | score  205.35 | avg100  206.74 | grasp100  99.0% | best 0.995 |     28 st/s
    done(50): success=49 t_flicker=1
Ep 11100 | score  209.37 | avg100  207.46 | grasp100  99.0% | best 0.995 |     28 st/s
    done(50): success=50
Ep 11150 | score  205.85 | avg100  209.38 | grasp100 100.0% | best 0.995 |     28 st/s
    done(50): success=50
Ep 11200 | score  206.88 | avg100  207.66 | grasp100  99.0% | best 0.995 |     28 st/s
    done(50): success=49 t_flicker=1
Ep 11250 | score  206.00 | avg100  205.60 | grasp100  98.0% | best 0.995 |     28 st/s
    done(50): success=49 t_flicker=1
Ep 11300 | score  209.21 | avg100  205.51 | grasp100  98.0% | best 0.995 |     28 st/s
    done(50): success=49 t_flicker=1
Ep 11350 | score  205.75 | avg100  206.67 | grasp100  99.0% | best 0.995 |     28 st/s
    done(50): success=50
Ep 11400 | score  206.91 | avg100  208.01 | grasp100 100.0% | best 0.995 |     28 st/s
    done(50): success=50
Ep 11450 | score  208.69 | avg100  206.13 | grasp100  98.0% | best 0.995 |     28 st/s
    done(50): success=48 t_flicker=2
Ep 11500 | score  205.04 | avg100  202.66 | grasp100  96.0% | best 0.995 |     28 st/s
    done(50): success=48 t_flicker=2
Ep 11550 | score  207.53 | avg100  205.55 | grasp100  98.0% | best 0.995 |     28 st/s
    done(50): success=50
Ep 11600 | score  231.62 | avg100  209.49 | grasp100 100.0% | best 0.995 |     28 st/s
    done(50): success=50
Ep 11650 | score  207.28 | avg100  207.11 | grasp100  99.0% | best 0.995 |     28 st/s
    done(50): success=49 t_flicker=1
Ep 11700 | score   57.23 | avg100  204.99 | grasp100  98.0% | best 0.995 |     28 st/s
    done(50): success=49 t_flicker=1
Ep 11750 | score  210.00 | avg100  204.88 | grasp100  98.0% | best 0.995 |     28 st/s
    done(50): success=49 t_flicker=1
Ep 11800 | score  207.94 | avg100  205.82 | grasp100  98.0% | best 0.995 |     28 st/s
    done(50): success=49 t_flicker=1
Ep 11850 | score  205.50 | avg100  206.52 | grasp100  98.0% | best 0.995 |     28 st/s
    done(50): success=49 t_flicker=1
Ep 11900 | score  206.09 | avg100  207.75 | grasp100  99.0% | best 0.995 |     28 st/s
    done(50): success=50
Ep 11950 | score  205.60 | avg100  203.08 | grasp100  97.0% | best 0.995 |     28 st/s
    done(50): success=47 t_flicker=2 t_touched=1
Ep 12000 | score  205.40 | avg100  201.43 | grasp100  96.0% | best 0.995 |     28 st/s
    done(50): success=49 t_flicker=1
Ep 12050 | score  206.70 | avg100  204.98 | grasp100  98.0% | best 0.995 |     28 st/s
    done(50): success=49 t_flicker=1
  [primacy-bias reset of critic heads @ 125000 updates]
Ep 12100 | score  209.47 | avg100  207.48 | grasp100  99.0% | best 0.995 |     28 st/s
    done(50): success=50
Ep 12150 | score  -27.94 | avg100   96.80 | grasp100  52.0% | best 0.995 |     28 st/s
    done(50): success=2 t_no_reach=48
Ep 12200 | score  -15.75 | avg100  -14.61 | grasp100   5.0% | best 0.995 |     28 st/s
    done(50): success=3 t_touched=3 t_no_reach=44
Ep 12250 | score  210.94 | avg100   41.57 | grasp100  26.0% | best 0.995 |     28 st/s
    done(50): success=23 t_flicker=6 t_touched=6 t_no_reach=15
Ep 12300 | score  207.73 | avg100  134.82 | grasp100  65.0% | best 0.995 |     28 st/s
    done(50): success=42 t_flicker=2 t_touched=3 t_no_reach=3
Ep 12350 | score  208.22 | avg100  190.70 | grasp100  92.0% | best 0.995 |     28 st/s
    done(50): success=50
Ep 12400 | score  207.56 | avg100  207.05 | grasp100 100.0% | best 0.995 |     28 st/s
    done(50): success=50
Ep 12450 | score  207.05 | avg100  207.52 | grasp100 100.0% | best 0.995 |     28 st/s
    done(50): success=50
Ep 12500 | score  225.04 | avg100  206.50 | grasp100  99.0% | best 0.995 |     28 st/s
    done(50): success=49 t_touched=1
Ep 12550 | score  209.03 | avg100  206.19 | grasp100  99.0% | best 0.995 |     28 st/s
    done(50): success=50
Ep 12600 | score  206.75 | avg100  207.87 | grasp100 100.0% | best 0.995 |     28 st/s
    done(50): success=50
Ep 12650 | score  245.96 | avg100  209.28 | grasp100 100.0% | best 0.995 |     28 st/s
    done(50): success=50
Ep 12700 | score  207.80 | avg100  207.83 | grasp100  99.0% | best 0.995 |     28 st/s
    done(50): success=49 t_flicker=1
Ep 12750 | score  209.05 | avg100  206.66 | grasp100  99.0% | best 0.995 |     28 st/s
    done(50): success=50
Ep 12800 | score  207.61 | avg100  208.85 | grasp100 100.0% | best 0.995 |     28 st/s
    done(50): success=50
Ep 12850 | score  209.87 | avg100  209.65 | grasp100 100.0% | best 0.995 |     28 st/s
    done(50): success=50
Ep 12900 | score  208.47 | avg100  209.26 | grasp100 100.0% | best 0.995 |     28 st/s
    done(50): success=50
Ep 12950 | score  206.47 | avg100  209.93 | grasp100 100.0% | best 0.995 |     28 st/s
    done(50): success=50
Ep 13000 | score  206.99 | avg100  206.63 | grasp100  98.0% | best 0.995 |     28 st/s
    done(50): success=48 t_flicker=2
Ep 13050 | score  205.18 | avg100  204.40 | grasp100  97.0% | best 0.995 |     28 st/s
    done(50): success=49 t_flicker=1
Ep 13100 | score  207.20 | avg100  207.98 | grasp100  99.0% | best 0.995 |     28 st/s
    done(50): success=50
Ep 13150 | score  206.62 | avg100  209.86 | grasp100 100.0% | best 0.995 |     28 st/s
    done(50): success=50
Ep 13200 | score  207.56 | avg100  209.45 | grasp100 100.0% | best 0.995 |     28 st/s
    done(50): success=50
Ep 13250 | score  208.49 | avg100  209.01 | grasp100 100.0% | best 0.995 |     28 st/s
    done(50): success=50
Ep 13300 | score  207.76 | avg100  209.71 | grasp100 100.0% | best 0.995 |     28 st/s
    done(50): success=50
Ep 13350 | score  205.88 | avg100  209.82 | grasp100 100.0% | best 0.995 |     28 st/s
    done(50): success=50
Ep 13400 | score  205.64 | avg100  209.37 | grasp100 100.0% | best 0.995 |     28 st/s
    done(50): success=50
Ep 13450 | score  206.00 | avg100  208.32 | grasp100  99.0% | best 0.995 |     28 st/s
    done(50): success=49 t_flicker=1
Ep 13500 | score  208.04 | avg100  206.95 | grasp100  98.0% | best 0.995 |     28 st/s
    done(50): success=49 t_flicker=1
Ep 13550 | score  209.27 | avg100  207.49 | grasp100  99.0% | best 0.995 |     28 st/s
    done(50): success=50
Ep 13600 | score  207.42 | avg100  208.32 | grasp100 100.0% | best 0.995 |     28 st/s
    done(50): success=50
Ep 13650 | score  208.55 | avg100  208.55 | grasp100 100.0% | best 0.995 |     28 st/s
    done(50): success=50
Ep 13700 | score  208.35 | avg100  208.36 | grasp100 100.0% | best 0.995 |     28 st/s
    done(50): success=50
Ep 13750 | score  204.75 | avg100  205.06 | grasp100  98.0% | best 0.995 |     28 st/s
    done(50): success=48 t_flicker=2
Ep 13800 | score  210.54 | avg100  204.96 | grasp100  97.0% | best 0.995 |     28 st/s
    done(50): success=49 t_flicker=1
Ep 13850 | score  211.15 | avg100  204.58 | grasp100  96.0% | best 0.995 |     28 st/s
    done(50): success=47 t_flicker=3
Ep 13900 | score  206.83 | avg100  206.03 | grasp100  97.0% | best 0.995 |     28 st/s
    done(50): success=50
Ep 13950 | score  208.64 | avg100  210.31 | grasp100 100.0% | best 0.995 |     28 st/s
    done(50): success=50
Ep 14000 | score  272.48 | avg100  207.07 | grasp100  98.0% | best 0.995 |     28 st/s
    done(50): success=48 t_flicker=2
Ep 14050 | score  207.88 | avg100  201.82 | grasp100  95.0% | best 0.995 |     28 st/s
    done(50): success=47 t_flicker=3
Ep 14100 | score  206.39 | avg100  201.36 | grasp100  95.0% | best 0.995 |     28 st/s
    done(50): success=48 t_flicker=2
Ep 14150 | score  205.08 | avg100  205.80 | grasp100  98.0% | best 0.995 |     28 st/s
    done(50): success=50
Ep 14200 | score  206.00 | avg100  209.10 | grasp100 100.0% | best 0.995 |     28 st/s
    done(50): success=50
Ep 14250 | score  205.74 | avg100  208.78 | grasp100  99.0% | best 0.995 |     28 st/s
    done(50): success=49 t_flicker=1
Ep 14300 | score  208.49 | avg100  208.46 | grasp100  99.0% | best 0.995 |     28 st/s
    done(50): success=50
Ep 14350 | score   95.87 | avg100  204.58 | grasp100  97.0% | best 0.995 |     28 st/s
    done(50): success=47 t_flicker=3
Ep 14400 | score  207.17 | avg100  204.19 | grasp100  97.0% | best 0.995 |     28 st/s
    done(50): success=50
Ep 14450 | score  209.57 | avg100  208.25 | grasp100  98.0% | best 0.995 |     28 st/s
    done(50): success=48 t_flicker=2
Ep 14500 | score  205.92 | avg100  208.14 | grasp100  98.0% | best 0.995 |     28 st/s
    done(50): success=50
  [primacy-bias reset of critic heads @ 150000 updates]
Ep 14550 | score  -27.83 | avg100  131.25 | grasp100  67.0% | best 0.995 |     28 st/s
    done(50): success=17 t_no_reach=33
Ep 14600 | score  -23.15 | avg100   13.44 | grasp100  17.0% | best 0.995 |     28 st/s
    done(50): t_no_reach=50
Ep 14650 | score   21.17 | avg100  -12.89 | grasp100   2.0% | best 0.995 |     28 st/s
    done(50): success=2 t_flicker=10 t_touched=12 t_no_reach=26
Ep 14700 | score  205.95 | avg100   90.74 | grasp100  44.0% | best 0.995 |     28 st/s
    done(50): success=42 t_flicker=4 t_touched=3 t_no_reach=1
Ep 14750 | score  206.31 | avg100  193.85 | grasp100  92.0% | best 0.995 |     28 st/s
    done(50): success=50
Ep 14800 | score  205.23 | avg100  207.59 | grasp100 100.0% | best 0.995 |     28 st/s
    done(50): success=50
Ep 14850 | score  206.11 | avg100  207.26 | grasp100 100.0% | best 0.995 |     28 st/s
    done(50): success=50
Ep 14900 | score  210.53 | avg100  207.15 | grasp100 100.0% | best 0.995 |     28 st/s
    done(50): success=50
Ep 14950 | score  208.48 | avg100  207.36 | grasp100 100.0% | best 0.995 |     28 st/s
    done(50): success=50
Ep 15000 | score  207.02 | avg100  207.55 | grasp100 100.0% | best 0.995 |     28 st/s
    done(50): success=50
Ep 15050 | score  208.09 | avg100  204.67 | grasp100  98.0% | best 0.995 |     28 st/s
    done(50): success=48 t_flicker=1 t_touched=1
Ep 15100 | score  211.89 | avg100  205.39 | grasp100  98.0% | best 0.995 |     28 st/s
    done(50): success=50
Ep 15150 | score  206.35 | avg100  209.20 | grasp100 100.0% | best 0.995 |     28 st/s
    done(50): success=50
Ep 15200 | score  208.79 | avg100  208.44 | grasp100 100.0% | best 0.995 |     28 st/s
    done(50): success=50
Ep 15250 | score  210.43 | avg100  208.72 | grasp100 100.0% | best 0.995 |     28 st/s
    done(50): success=50
Ep 15300 | score  207.15 | avg100  208.90 | grasp100  99.0% | best 0.995 |     28 st/s
    done(50): success=49 t_flicker=1
Ep 15350 | score  206.72 | avg100  208.17 | grasp100  99.0% | best 0.995 |     28 st/s
    done(50): success=50
Ep 15400 | score  254.34 | avg100  209.48 | grasp100 100.0% | best 0.995 |     28 st/s
    done(50): success=50
Ep 15450 | score  209.10 | avg100  209.95 | grasp100 100.0% | best 0.995 |     28 st/s
    done(50): success=50
Ep 15500 | score  206.18 | avg100  202.16 | grasp100  96.0% | best 0.995 |     28 st/s
    done(50): success=46 t_flicker=3 t_touched=1
Ep 15550 | score  208.80 | avg100  200.70 | grasp100  95.0% | best 0.995 |     28 st/s
    done(50): success=49 t_flicker=1
Ep 15600 | score  212.46 | avg100  207.23 | grasp100  99.0% | best 0.995 |     28 st/s
    done(50): success=50
Ep 15650 | score  205.87 | avg100  208.12 | grasp100 100.0% | best 0.995 |     28 st/s
    done(50): success=50
Ep 15700 | score  206.66 | avg100  208.76 | grasp100 100.0% | best 0.995 |     28 st/s
    done(50): success=50
Ep 15750 | score  205.92 | avg100  208.82 | grasp100 100.0% | best 0.995 |     28 st/s
    done(50): success=50
Ep 15800 | score  238.47 | avg100  208.44 | grasp100  99.0% | best 0.995 |     28 st/s
    done(50): success=49 t_flicker=1
Ep 15850 | score  206.51 | avg100  208.87 | grasp100  99.0% | best 0.995 |     28 st/s
    done(50): success=50
Ep 15900 | score  205.99 | avg100  208.76 | grasp100 100.0% | best 0.995 |     28 st/s
    done(50): success=50
Ep 15950 | score  206.71 | avg100  207.92 | grasp100 100.0% | best 0.995 |     28 st/s
    done(50): success=50
Ep 16000 | score  207.23 | avg100  206.27 | grasp100  99.0% | best 0.995 |     28 st/s
    done(50): success=49 t_flicker=1
Ep 16050 | score  208.64 | avg100  207.41 | grasp100  99.0% | best 0.995 |     28 st/s
    done(50): success=50
Ep 16100 | score  207.79 | avg100  209.34 | grasp100 100.0% | best 0.995 |     28 st/s
    done(50): success=50
Ep 16150 | score  210.20 | avg100  208.70 | grasp100 100.0% | best 0.995 |     28 st/s
    done(50): success=50
Ep 16200 | score  207.86 | avg100  209.37 | grasp100 100.0% | best 0.995 |     28 st/s
    done(50): success=50
Ep 16250 | score  208.08 | avg100  209.04 | grasp100 100.0% | best 0.995 |     28 st/s
    done(50): success=50
Ep 16300 | score  205.58 | avg100  207.96 | grasp100 100.0% | best 0.995 |     28 st/s
    done(50): success=50
Ep 16350 | score  206.48 | avg100  208.20 | grasp100 100.0% | best 0.995 |     28 st/s
    done(50): success=50
Ep 16400 | score  207.82 | avg100  204.57 | grasp100  98.0% | best 0.995 |     28 st/s
    done(50): success=48 t_touched=2
Ep 16450 | score  206.02 | avg100  204.46 | grasp100  98.0% | best 0.995 |     28 st/s
    done(50): success=50
Ep 16500 | score  204.97 | avg100  205.11 | grasp100  98.0% | best 0.995 |     28 st/s
    done(50): success=48 t_flicker=2
Ep 16550 | score  208.03 | avg100  205.73 | grasp100  98.0% | best 0.995 |     28 st/s
    done(50): success=50
Ep 16600 | score  206.18 | avg100  206.80 | grasp100  99.0% | best 0.995 |     28 st/s
    done(50): success=49 t_touched=1
Ep 16650 | score  210.77 | avg100  207.54 | grasp100  99.0% | best 0.995 |     28 st/s
    done(50): success=50
Ep 16700 | score  208.78 | avg100  209.49 | grasp100 100.0% | best 0.995 |     28 st/s
    done(50): success=50
Ep 16750 | score  206.77 | avg100  207.96 | grasp100 100.0% | best 0.995 |     28 st/s
    done(50): success=50
Ep 16800 | score  205.51 | avg100  207.67 | grasp100 100.0% | best 0.995 |     28 st/s
    done(50): success=50
Ep 16850 | score  207.20 | avg100  207.63 | grasp100 100.0% | best 0.995 |     28 st/s
    done(50): success=50
  [primacy-bias reset of critic heads @ 175000 updates]
Ep 16900 | score  207.87 | avg100  208.17 | grasp100 100.0% | best 0.995 |     28 st/s
    done(50): success=50
Ep 16950 | score  -25.96 | avg100   98.26 | grasp100  53.0% | best 0.995 |     28 st/s
    done(50): success=3 t_no_reach=47
Ep 17000 | score  207.89 | avg100   50.08 | grasp100  32.0% | best 0.995 |     28 st/s
    done(50): success=29 t_touched=11 t_no_reach=10
Ep 17050 | score  210.05 | avg100  111.61 | grasp100  56.0% | best 0.995 |     28 st/s
    done(50): success=27 t_flicker=10 t_touched=9 t_no_reach=4
Ep 17100 | score  205.31 | avg100  147.91 | grasp100  70.0% | best 0.995 |     28 st/s
    done(50): success=43 t_flicker=5 t_touched=2
Ep 17150 | score  207.27 | avg100  193.96 | grasp100  92.0% | best 0.995 |     28 st/s
    done(50): success=49 t_touched=1
Ep 17200 | score  207.04 | avg100  203.10 | grasp100  98.0% | best 0.995 |     28 st/s
    done(50): success=49 t_touched=1
Ep 17250 | score  206.85 | avg100  205.03 | grasp100  99.0% | best 0.995 |     28 st/s
    done(50): success=50
Ep 17300 | score  206.51 | avg100  205.29 | grasp100  99.0% | best 0.995 |     28 st/s
    done(50): success=49 t_touched=1
Ep 17350 | score  205.70 | avg100  205.44 | grasp100  99.0% | best 0.995 |     28 st/s
    done(50): success=50
Ep 17400 | score  209.21 | avg100  207.22 | grasp100 100.0% | best 0.995 |     28 st/s
    done(50): success=50
Ep 17450 | score  231.54 | avg100  207.86 | grasp100 100.0% | best 0.995 |     28 st/s
    done(50): success=50
Ep 17500 | score  207.87 | avg100  208.37 | grasp100 100.0% | best 0.995 |     28 st/s
    done(50): success=50
Ep 17550 | score  207.92 | avg100  207.92 | grasp100 100.0% | best 0.995 |     28 st/s
    done(50): success=50
Ep 17600 | score  207.67 | avg100  207.83 | grasp100 100.0% | best 0.995 |     28 st/s
    done(50): success=50
Ep 17650 | score  208.51 | avg100  208.11 | grasp100 100.0% | best 0.995 |     28 st/s
    done(50): success=50
Ep 17700 | score  207.61 | avg100  208.75 | grasp100 100.0% | best 0.995 |     28 st/s
    done(50): success=50
Ep 17750 | score  208.48 | avg100  209.93 | grasp100 100.0% | best 0.995 |     28 st/s
    done(50): success=50
Ep 17800 | score  216.46 | avg100  208.36 | grasp100  99.0% | best 0.995 |     28 st/s
    done(50): success=49 t_flicker=1
Ep 17850 | score  206.13 | avg100  204.98 | grasp100  97.0% | best 0.995 |     28 st/s
    done(50): success=48 t_flicker=2
Ep 17900 | score  208.58 | avg100  205.77 | grasp100  98.0% | best 0.995 |     28 st/s
    done(50): success=50
Ep 17950 | score  205.98 | avg100  208.48 | grasp100 100.0% | best 0.995 |     28 st/s
    done(50): success=50
Ep 18000 | score  211.55 | avg100  207.04 | grasp100  99.0% | best 0.995 |     28 st/s
    done(50): success=49 t_flicker=1
Ep 18050 | score  206.50 | avg100  204.11 | grasp100  97.0% | best 0.995 |     28 st/s
    done(50): success=48 t_flicker=1 t_touched=1
Ep 18100 | score  205.87 | avg100  205.09 | grasp100  97.0% | best 0.995 |     28 st/s
    done(50): success=49 t_flicker=1
Ep 18150 | score  206.33 | avg100  206.66 | grasp100  98.0% | best 0.995 |     28 st/s
    done(50): success=49 t_flicker=1
Ep 18200 | score  205.72 | avg100  208.69 | grasp100  99.0% | best 0.995 |     28 st/s
    done(50): success=50
Ep 18250 | score  208.94 | avg100  209.70 | grasp100 100.0% | best 0.995 |     28 st/s
    done(50): success=50
Ep 18300 | score  205.55 | avg100  208.56 | grasp100 100.0% | best 0.995 |     28 st/s
    done(50): success=50
Ep 18350 | score  209.08 | avg100  206.77 | grasp100  99.0% | best 0.995 |     28 st/s
    done(50): success=49 t_flicker=1
Ep 18400 | score  208.64 | avg100  206.29 | grasp100  99.0% | best 0.995 |     28 st/s
    done(50): success=50
Ep 18450 | score  208.55 | avg100  208.45 | grasp100 100.0% | best 0.995 |     28 st/s
    done(50): success=50
Ep 18500 | score  207.79 | avg100  208.94 | grasp100 100.0% | best 0.995 |     28 st/s
    done(50): success=50
Ep 18550 | score  206.57 | avg100  208.88 | grasp100 100.0% | best 0.995 |     28 st/s
    done(50): success=50
Ep 18600 | score  207.60 | avg100  209.11 | grasp100 100.0% | best 0.995 |     28 st/s
    done(50): success=50
Ep 18650 | score  208.93 | avg100  208.69 | grasp100 100.0% | best 0.995 |     28 st/s
    done(50): success=50
Ep 18700 | score  207.65 | avg100  208.37 | grasp100 100.0% | best 0.995 |     28 st/s
    done(50): success=50
Ep 18750 | score  206.19 | avg100  208.90 | grasp100 100.0% | best 0.995 |     28 st/s
    done(50): success=50
Ep 18800 | score  211.09 | avg100  208.73 | grasp100 100.0% | best 0.995 |     28 st/s
    done(50): success=50
Ep 18850 | score  205.26 | avg100  208.67 | grasp100 100.0% | best 0.995 |     28 st/s
    done(50): success=50
Ep 18900 | score  206.25 | avg100  208.84 | grasp100 100.0% | best 0.995 |     28 st/s
    done(50): success=50
Ep 18950 | score  207.33 | avg100  207.60 | grasp100  99.0% | best 0.995 |     28 st/s
    done(50): success=49 t_flicker=1
Ep 19000 | score  244.41 | avg100  208.08 | grasp100  99.0% | best 0.995 |     28 st/s
    done(50): success=50
Ep 19050 | score  208.94 | avg100  208.00 | grasp100  99.0% | best 0.995 |     28 st/s
    done(50): success=49 t_flicker=1
Ep 19100 | score  211.09 | avg100  206.95 | grasp100  99.0% | best 0.995 |     28 st/s
    done(50): success=50
Ep 19150 | score  210.22 | avg100  208.32 | grasp100 100.0% | best 0.995 |     28 st/s
    done(50): success=50
Ep 19200 | score  211.49 | avg100  208.78 | grasp100 100.0% | best 0.995 |     28 st/s
    done(50): success=50
Ep 19250 | score  205.03 | avg100  208.73 | grasp100 100.0% | best 0.995 |     28 st/s
    done(50): success=50
Ep 19300 | score  205.47 | avg100  209.20 | grasp100 100.0% | best 0.995 |     28 st/s
    done(50): success=50
Ep 19350 | score  206.31 | avg100  208.63 | grasp100 100.0% | best 0.995 |     28 st/s
    done(50): success=50
  [primacy-bias reset of critic heads @ 200000 updates]
Ep 19400 | score  -20.36 | avg100  197.89 | grasp100  95.0% | best 0.995 |     28 st/s
    done(50): success=45 t_flicker=2 t_no_reach=3
Ep 19450 | score  184.59 | avg100  118.33 | grasp100  58.0% | best 0.995 |     28 st/s
    done(50): success=13 t_flicker=7 t_touched=9 t_no_reach=21
Ep 19500 | score   11.13 | avg100   73.64 | grasp100  37.0% | best 0.995 |     28 st/s
    done(50): success=24 t_flicker=4 t_touched=16 t_no_reach=6
Ep 19550 | score  210.11 | avg100  119.18 | grasp100  56.0% | best 0.995 |     28 st/s
    done(50): success=32 t_flicker=7 t_touched=11
Ep 19600 | score  214.51 | avg100  169.24 | grasp100  79.0% | best 0.995 |     28 st/s
    done(50): success=47 t_flicker=1 t_touched=2
Ep 19650 | score  205.26 | avg100  200.93 | grasp100  96.0% | best 0.995 |     28 st/s
    done(50): success=49 t_touched=1
Ep 19700 | score  207.59 | avg100  203.39 | grasp100  98.0% | best 0.995 |     28 st/s
    done(50): success=49 t_touched=1
Ep 19750 | score  208.58 | avg100  204.00 | grasp100  98.0% | best 0.995 |     28 st/s
    done(50): success=49 t_flicker=1
Ep 19800 | score  206.14 | avg100  206.17 | grasp100  99.0% | best 0.995 |     28 st/s
    done(50): success=50
Ep 19850 | score  207.41 | avg100  207.09 | grasp100 100.0% | best 0.995 |     28 st/s
    done(50): success=50
Ep 19900 | score  207.58 | avg100  206.80 | grasp100 100.0% | best 0.995 |     28 st/s
    done(50): success=50
Ep 19950 | score  207.01 | avg100  206.93 | grasp100 100.0% | best 0.995 |     28 st/s
    done(50): success=50
Ep 20000 | score  206.51 | avg100  207.34 | grasp100 100.0% | best 0.995 |     28 st/s
    done(50): success=50
Ep 20050 | score  218.02 | avg100  207.58 | grasp100 100.0% | best 0.995 |     28 st/s
    done(50): success=50
Ep 20100 | score  208.18 | avg100  207.33 | grasp100 100.0% | best 0.995 |     28 st/s
    done(50): success=50
Ep 20150 | score  208.30 | avg100  207.52 | grasp100 100.0% | best 0.995 |     28 st/s
    done(50): success=50
Ep 20200 | score  207.52 | avg100  208.26 | grasp100 100.0% | best 0.995 |     28 st/s
    done(50): success=50
Ep 20250 | score  206.09 | avg100  206.69 | grasp100  99.0% | best 0.995 |     28 st/s
    done(50): success=49 t_flicker=1
Ep 20300 | score  208.28 | avg100  203.41 | grasp100  97.0% | best 0.995 |     28 st/s
    done(50): success=48 t_flicker=2
Ep 20350 | score  206.61 | avg100  205.58 | grasp100  98.0% | best 0.995 |     28 st/s
    done(50): success=50
Ep 20400 | score  208.72 | avg100  208.56 | grasp100 100.0% | best 0.995 |     28 st/s
    done(50): success=50
Ep 20450 | score  208.23 | avg100  207.85 | grasp100  99.0% | best 0.995 |     28 st/s
    done(50): success=49 t_flicker=1
Ep 20500 | score  207.66 | avg100  207.63 | grasp100  99.0% | best 0.995 |     28 st/s
    done(50): success=50
Ep 20550 | score  208.74 | avg100  208.47 | grasp100 100.0% | best 0.995 |     28 st/s
    done(50): success=50
Ep 20600 | score  206.45 | avg100  209.29 | grasp100 100.0% | best 0.995 |     28 st/s
    done(50): success=50
Ep 20650 | score  208.39 | avg100  209.51 | grasp100 100.0% | best 0.995 |     28 st/s
    done(50): success=50
Ep 20700 | score  205.43 | avg100  209.47 | grasp100 100.0% | best 0.995 |     28 st/s
    done(50): success=50
Ep 20750 | score  206.64 | avg100  207.69 | grasp100  99.0% | best 0.995 |     28 st/s
    done(50): success=49 t_flicker=1
Ep 20800 | score  207.01 | avg100  208.17 | grasp100  99.0% | best 0.995 |     28 st/s
    done(50): success=50
Ep 20850 | score  207.61 | avg100  207.71 | grasp100  99.0% | best 0.995 |     28 st/s
    done(50): success=49 t_flicker=1
Ep 20900 | score  208.44 | avg100  203.72 | grasp100  96.0% | best 0.995 |     28 st/s
    done(50): success=47 t_flicker=3
Ep 20950 | score  210.72 | avg100  205.43 | grasp100  96.0% | best 0.995 |     28 st/s
    done(50): success=49 t_flicker=1
Ep 21000 | score  207.41 | avg100  209.11 | grasp100  99.0% | best 0.995 |     28 st/s
    done(50): success=50
Ep 21050 | score  253.86 | avg100  206.80 | grasp100  98.0% | best 0.995 |     28 st/s
    done(50): success=48 t_flicker=2
Ep 21100 | score  207.04 | avg100  204.51 | grasp100  97.0% | best 0.995 |     28 st/s
    done(50): success=49 t_flicker=1
Ep 21150 | score  209.96 | avg100  204.21 | grasp100  97.0% | best 0.995 |     28 st/s
    done(50): success=48 t_flicker=2
Ep 21200 | score  204.74 | avg100  206.45 | grasp100  98.0% | best 0.995 |     28 st/s
    done(50): success=50
Ep 21250 | score  239.02 | avg100  208.39 | grasp100  99.0% | best 0.995 |     28 st/s
    done(50): success=49 t_flicker=1
Ep 21300 | score  206.37 | avg100  206.03 | grasp100  97.0% | best 0.995 |     28 st/s
    done(50): success=48 t_flicker=2
Ep 21350 | score  242.65 | avg100  207.63 | grasp100  98.0% | best 0.995 |     28 st/s
    done(50): success=50
Ep 21400 | score  208.77 | avg100  208.79 | grasp100  99.0% | best 0.995 |     28 st/s
    done(50): success=49 t_flicker=1
Ep 21450 | score  211.30 | avg100  207.73 | grasp100  98.0% | best 0.995 |     28 st/s
    done(50): success=49 t_flicker=1
Ep 21500 | score  208.78 | avg100  209.35 | grasp100  99.0% | best 0.995 |     28 st/s
    done(50): success=50
Ep 21550 | score  207.33 | avg100  209.44 | grasp100 100.0% | best 0.995 |     28 st/s
    done(50): success=50
Ep 21600 | score  205.80 | avg100  208.87 | grasp100 100.0% | best 0.995 |     28 st/s
    done(50): success=50
Ep 21650 | score  208.55 | avg100  207.44 | grasp100  99.0% | best 0.995 |     28 st/s
    done(50): success=49 t_flicker=1
Ep 21700 | score  205.29 | avg100  206.64 | grasp100  99.0% | best 0.995 |     28 st/s
    done(50): success=50
Ep 21750 | score  207.59 | avg100  206.54 | grasp100  99.0% | best 0.995 |     28 st/s
    done(50): success=49 t_flicker=1
Ep 21800 | score  205.20 | avg100  206.84 | grasp100  99.0% | best 0.995 |     28 st/s
    done(50): success=50
Ep 21850 | score  206.76 | avg100  206.72 | grasp100  99.0% | best 0.995 |     28 st/s
    done(50): success=49 t_flicker=1
  [primacy-bias reset of critic heads @ 225000 updates]
Ep 21900 | score  -19.90 | avg100  200.04 | grasp100  96.0% | best 0.995 |     28 st/s
    done(50): success=47 t_touched=2 t_no_reach=1
Ep 21950 | score  -27.95 | avg100   83.52 | grasp100  47.0% | best 0.995 |     28 st/s
    done(50): t_no_reach=50
Ep 22000 | score   -7.39 | avg100  -20.48 | grasp100   3.0% | best 0.995 |     28 st/s
    done(50): success=3 t_no_reach=47
Ep 22050 | score  205.53 | avg100   69.62 | grasp100  40.0% | best 0.995 |     28 st/s
    done(50): success=37 t_flicker=2 t_touched=8 t_no_reach=3
Ep 22100 | score    6.22 | avg100  173.35 | grasp100  83.0% | best 0.995 |     28 st/s
    done(50): success=46 t_flicker=3 t_touched=1
Ep 22150 | score  205.86 | avg100  200.72 | grasp100  96.0% | best 0.995 |     28 st/s
    done(50): success=50
Ep 22200 | score  206.49 | avg100  207.19 | grasp100 100.0% | best 0.995 |     28 st/s
    done(50): success=50
Ep 22250 | score  208.53 | avg100  207.23 | grasp100 100.0% | best 0.995 |     28 st/s
    done(50): success=50
Ep 22300 | score  205.18 | avg100  207.07 | grasp100 100.0% | best 0.995 |     28 st/s
    done(50): success=50
Ep 22350 | score  209.19 | avg100  207.11 | grasp100 100.0% | best 0.995 |     28 st/s
    done(50): success=50
Ep 22400 | score  211.29 | avg100  205.91 | grasp100  99.0% | best 0.995 |     28 st/s
    done(50): success=49 t_touched=1
Ep 22450 | score  209.68 | avg100  205.83 | grasp100  99.0% | best 0.995 |     28 st/s
    done(50): success=50
Ep 22500 | score  207.77 | avg100  207.72 | grasp100 100.0% | best 0.995 |     28 st/s
    done(50): success=50
Ep 22550 | score  223.40 | avg100  208.03 | grasp100 100.0% | best 0.995 |     28 st/s
    done(50): success=50
Ep 22600 | score  206.19 | avg100  207.69 | grasp100 100.0% | best 0.995 |     28 st/s
    done(50): success=50
Ep 22650 | score   32.42 | avg100  206.00 | grasp100  99.0% | best 0.995 |     28 st/s
    done(50): success=49 t_flicker=1
Ep 22700 | score  207.95 | avg100  206.28 | grasp100  99.0% | best 0.995 |     28 st/s
    done(50): success=50
Ep 22750 | score  207.48 | avg100  207.78 | grasp100 100.0% | best 0.995 |     28 st/s
    done(50): success=50
Ep 22800 | score  204.36 | avg100  207.27 | grasp100 100.0% | best 0.995 |     28 st/s
    done(50): success=50
Ep 22850 | score  207.70 | avg100  206.10 | grasp100  99.0% | best 0.995 |     28 st/s
    done(50): success=49 t_flicker=1
Ep 22900 | score  206.39 | avg100  202.35 | grasp100  96.0% | best 0.995 |     28 st/s
    done(50): success=47 t_flicker=3
Ep 22950 | score  207.82 | avg100  203.85 | grasp100  97.0% | best 0.995 |     28 st/s
    done(50): success=50
Ep 23000 | score  207.96 | avg100  208.15 | grasp100 100.0% | best 0.995 |     28 st/s
    done(50): success=50
Ep 23050 | score  206.57 | avg100  208.21 | grasp100 100.0% | best 0.995 |     28 st/s
    done(50): success=50
Ep 23100 | score  209.01 | avg100  208.56 | grasp100 100.0% | best 0.995 |     28 st/s
    done(50): success=50
Ep 23150 | score  207.37 | avg100  209.48 | grasp100 100.0% | best 0.995 |     28 st/s
    done(50): success=50
Ep 23200 | score  225.76 | avg100  209.72 | grasp100 100.0% | best 0.995 |     28 st/s
    done(50): success=50
Ep 23250 | score  208.99 | avg100  209.55 | grasp100 100.0% | best 0.995 |     28 st/s
    done(50): success=50
Ep 23300 | score  227.35 | avg100  209.65 | grasp100 100.0% | best 0.995 |     28 st/s
    done(50): success=50
Ep 23350 | score  205.25 | avg100  207.76 | grasp100  99.0% | best 0.995 |     28 st/s
    done(50): success=49 t_flicker=1
Ep 23400 | score  208.92 | avg100  206.70 | grasp100  99.0% | best 0.995 |     28 st/s
    done(50): success=50
Ep 23450 | score  227.59 | avg100  208.03 | grasp100  99.0% | best 0.995 |     28 st/s
    done(50): success=49 t_flicker=1
Ep 23500 | score  206.08 | avg100  208.67 | grasp100  99.0% | best 0.995 |     28 st/s
    done(50): success=50
Ep 23550 | score  208.53 | avg100  205.83 | grasp100  98.0% | best 0.995 |     28 st/s
    done(50): success=48 t_flicker=2
Ep 23600 | score  208.20 | avg100  206.01 | grasp100  98.0% | best 0.995 |     28 st/s
    done(50): success=50
Ep 23650 | score  206.87 | avg100  208.49 | grasp100 100.0% | best 0.995 |     28 st/s
    done(50): success=50
Ep 23700 | score  209.33 | avg100  207.81 | grasp100 100.0% | best 0.995 |     28 st/s
    done(50): success=50
Ep 23750 | score  204.83 | avg100  205.57 | grasp100  98.0% | best 0.995 |     28 st/s
    done(50): success=48 t_flicker=2
Ep 23800 | score  205.80 | avg100  205.20 | grasp100  98.0% | best 0.995 |     28 st/s
    done(50): success=50
Ep 23850 | score  206.29 | avg100  206.16 | grasp100  99.0% | best 0.995 |     28 st/s
    done(50): success=49 t_flicker=1
Ep 23900 | score  205.60 | avg100  206.46 | grasp100  99.0% | best 0.995 |     28 st/s
    done(50): success=50
Ep 23950 | score  211.67 | avg100  206.37 | grasp100  99.0% | best 0.995 |     28 st/s
    done(50): success=49 t_flicker=1
Ep 24000 | score  210.08 | avg100  206.05 | grasp100  98.0% | best 0.995 |     28 st/s
    done(50): success=49 t_flicker=1
Ep 24050 | score  206.84 | avg100  208.54 | grasp100  99.0% | best 0.995 |     28 st/s
    done(50): success=50
Ep 24100 | score  205.09 | avg100  209.92 | grasp100 100.0% | best 0.995 |     28 st/s
    done(50): success=50
Ep 24150 | score  207.60 | avg100  209.63 | grasp100 100.0% | best 0.995 |     28 st/s
    done(50): success=50
Ep 24200 | score  208.01 | avg100  208.32 | grasp100 100.0% | best 0.995 |     28 st/s
    done(50): success=50
Ep 24250 | score  206.25 | avg100  207.78 | grasp100 100.0% | best 0.995 |     28 st/s
    done(50): success=50
Ep 24300 | score  206.54 | avg100  206.85 | grasp100  99.0% | best 0.995 |     28 st/s
    done(50): success=49 t_flicker=1
Ep 24350 | score  207.81 | avg100  206.28 | grasp100  99.0% | best 0.995 |     28 st/s
    done(50): success=50
  [primacy-bias reset of critic heads @ 250000 updates]
Ep 24400 | score  -27.81 | avg100  133.11 | grasp100  68.0% | best 0.995 |     28 st/s
    done(50): success=18 t_flicker=1 t_touched=1 t_no_reach=30
Ep 24450 | score  206.99 | avg100   32.16 | grasp100  23.0% | best 0.995 |     28 st/s
    done(50): success=5 t_flicker=4 t_touched=10 t_no_reach=31
Ep 24500 | score  207.31 | avg100   56.63 | grasp100  32.0% | best 0.995 |     28 st/s
    done(50): success=27 t_flicker=2 t_touched=11 t_no_reach=10
Ep 24550 | score  207.96 | avg100  132.20 | grasp100  64.0% | best 0.995 |     28 st/s
    done(50): success=37 t_flicker=5 t_touched=8
Ep 24600 | score  208.40 | avg100  178.26 | grasp100  85.0% | best 0.995 |     28 st/s
    done(50): success=48 t_flicker=1 t_touched=1
Ep 24650 | score  205.75 | avg100  203.63 | grasp100  98.0% | best 0.995 |     28 st/s
    done(50): success=50
Ep 24700 | score  207.10 | avg100  207.47 | grasp100 100.0% | best 0.995 |     28 st/s
    done(50): success=50
Ep 24750 | score  208.07 | avg100  205.43 | grasp100  99.0% | best 0.995 |     28 st/s
    done(50): success=49 t_touched=1
Ep 24800 | score  206.99 | avg100  205.28 | grasp100  99.0% | best 0.995 |     28 st/s
    done(50): success=50
Ep 24850 | score  207.55 | avg100  207.47 | grasp100 100.0% | best 0.995 |     28 st/s
    done(50): success=50
Ep 24900 | score  207.87 | avg100  207.25 | grasp100 100.0% | best 0.995 |     28 st/s
    done(50): success=50
Ep 24950 | score  206.48 | avg100  207.46 | grasp100 100.0% | best 0.995 |     28 st/s
    done(50): success=50
Ep 25000 | score  206.27 | avg100  207.69 | grasp100 100.0% | best 0.995 |     28 st/s
    done(50): success=50
Ep 25050 | score  207.97 | avg100  207.43 | grasp100 100.0% | best 0.995 |     28 st/s
    done(50): success=50
Ep 25100 | score  206.07 | avg100  207.79 | grasp100 100.0% | best 0.995 |     28 st/s
    done(50): success=50
Ep 25150 | score  206.87 | avg100  206.33 | grasp100  99.0% | best 0.995 |     28 st/s
    done(50): success=49 t_flicker=1
Ep 25200 | score  243.42 | avg100  206.61 | grasp100  99.0% | best 0.995 |     28 st/s
    done(50): success=50
Ep 25250 | score  206.91 | avg100  208.50 | grasp100 100.0% | best 0.995 |     28 st/s
    done(50): success=50
Ep 25300 | score  208.91 | avg100  209.05 | grasp100 100.0% | best 0.995 |     28 st/s
    done(50): success=50
Ep 25350 | score  208.66 | avg100  209.69 | grasp100 100.0% | best 0.995 |     28 st/s
    done(50): success=50
Ep 25400 | score  206.96 | avg100  210.40 | grasp100 100.0% | best 0.995 |     28 st/s
    done(50): success=50
Ep 25450 | score  206.07 | avg100  210.67 | grasp100 100.0% | best 0.995 |     28 st/s
    done(50): success=50
Ep 25500 | score  210.81 | avg100  208.29 | grasp100  99.0% | best 0.995 |     28 st/s
    done(50): success=49 t_flicker=1
Ep 25550 | score  206.10 | avg100  206.94 | grasp100  99.0% | best 0.995 |     28 st/s
    done(50): success=50
Ep 25600 | score  210.63 | avg100  208.07 | grasp100  99.0% | best 0.995 |     28 st/s
    done(50): success=49 t_flicker=1
Ep 25650 | score  207.43 | avg100  208.96 | grasp100  99.0% | best 0.995 |     28 st/s
    done(50): success=50
Ep 25700 | score  208.53 | avg100  206.63 | grasp100  98.0% | best 0.995 |     28 st/s
    done(50): success=48 t_flicker=2
Ep 25750 | score  219.46 | avg100  205.76 | grasp100  97.0% | best 0.995 |     28 st/s
    done(50): success=49 t_flicker=1
Ep 25800 | score  208.74 | avg100  208.70 | grasp100  99.0% | best 0.995 |     28 st/s
    done(50): success=50
Ep 25850 | score  261.96 | avg100  205.92 | grasp100  97.0% | best 0.995 |     28 st/s
    done(50): success=47 t_flicker=3
Ep 25900 | score  207.12 | avg100  205.02 | grasp100  97.0% | best 0.995 |     28 st/s
    done(50): success=50
Ep 25950 | score  208.26 | avg100  209.34 | grasp100 100.0% | best 0.995 |     28 st/s
    done(50): success=50
Ep 26000 | score  209.39 | avg100  209.87 | grasp100 100.0% | best 0.995 |     28 st/s
    done(50): success=50
Ep 26050 | score  216.30 | avg100  207.53 | grasp100  99.0% | best 0.995 |     28 st/s
    done(50): success=49 t_flicker=1
Ep 26100 | score  205.34 | avg100  206.86 | grasp100  99.0% | best 0.995 |     28 st/s
    done(50): success=50
Ep 26150 | score  209.93 | avg100  209.84 | grasp100 100.0% | best 0.995 |     28 st/s
    done(50): success=50
Ep 26200 | score  208.34 | avg100  208.24 | grasp100  98.0% | best 0.995 |     28 st/s
    done(50): success=48 t_flicker=2
Ep 26250 | score  206.59 | avg100  206.50 | grasp100  98.0% | best 0.995 |     28 st/s
    done(50): success=50
Ep 26300 | score  204.81 | avg100  208.63 | grasp100 100.0% | best 0.995 |     28 st/s
    done(50): success=50
Ep 26350 | score   57.53 | avg100  208.17 | grasp100  99.0% | best 0.995 |     28 st/s
    done(50): success=49 t_flicker=1
Ep 26400 | score  205.30 | avg100  209.20 | grasp100  99.0% | best 0.995 |     28 st/s
    done(50): success=50
Ep 26450 | score  208.64 | avg100  208.80 | grasp100  99.0% | best 0.995 |     28 st/s
    done(50): success=49 t_flicker=1
Ep 26500 | score  236.70 | avg100  209.13 | grasp100  99.0% | best 0.995 |     28 st/s
    done(50): success=50
Ep 26550 | score  209.81 | avg100  209.95 | grasp100 100.0% | best 0.995 |     28 st/s
    done(50): success=50
Ep 26600 | score  206.40 | avg100  207.03 | grasp100  99.0% | best 0.995 |     28 st/s
    done(50): success=49 t_flicker=1
Ep 26650 | score  206.08 | avg100  206.65 | grasp100  98.0% | best 0.995 |     28 st/s
    done(50): success=49 t_flicker=1
Ep 26700 | score  211.42 | avg100  208.38 | grasp100  99.0% | best 0.995 |     28 st/s
    done(50): success=50
Ep 26750 | score  204.53 | avg100  207.66 | grasp100  98.0% | best 0.995 |     28 st/s
    done(50): success=48 t_flicker=2
Ep 26800 | score  204.79 | avg100  207.12 | grasp100  97.0% | best 0.995 |     28 st/s
    done(50): success=49 t_flicker=1
  [primacy-bias reset of critic heads @ 275000 updates]
Ep 26850 | score  -25.91 | avg100  129.21 | grasp100  65.0% | best 0.995 |     28 st/s
    done(50): success=16 t_flicker=1 t_no_reach=33
Ep 26900 | score  212.91 | avg100   25.06 | grasp100  20.0% | best 0.995 |     28 st/s
    done(50): success=4 t_flicker=2 t_touched=2 t_no_reach=42
Ep 26950 | score  210.91 | avg100   67.80 | grasp100  35.0% | best 0.995 |     28 st/s
    done(50): success=31 t_flicker=7 t_touched=11 t_no_reach=1
Ep 27000 | score  206.26 | avg100  157.46 | grasp100  73.0% | best 0.995 |     28 st/s
    done(50): success=42 t_flicker=4 t_touched=4
Ep 27050 | score  207.05 | avg100  189.23 | grasp100  90.0% | best 0.995 |     28 st/s
    done(50): success=48 t_flicker=1 t_touched=1
Ep 27100 | score  205.76 | avg100  203.25 | grasp100  98.0% | best 0.995 |     28 st/s
    done(50): success=50
Ep 27150 | score  207.54 | avg100  204.12 | grasp100  98.0% | best 0.995 |     28 st/s
    done(50): success=48 t_flicker=1 t_touched=1
Ep 27200 | score  206.79 | avg100  201.86 | grasp100  97.0% | best 0.995 |     28 st/s
    done(50): success=49 t_touched=1
Ep 27250 | score  205.94 | avg100  204.81 | grasp100  99.0% | best 0.995 |     28 st/s
    done(50): success=50
Ep 27300 | score  206.20 | avg100  207.15 | grasp100 100.0% | best 0.995 |     28 st/s
    done(50): success=50
Ep 27350 | score  207.97 | avg100  207.63 | grasp100 100.0% | best 0.995 |     28 st/s
    done(50): success=50
Ep 27400 | score  206.04 | avg100  207.79 | grasp100 100.0% | best 0.995 |     28 st/s
    done(50): success=50
Ep 27450 | score  208.35 | avg100  207.59 | grasp100 100.0% | best 0.995 |     28 st/s
    done(50): success=50
Ep 27500 | score  205.10 | avg100  205.34 | grasp100  99.0% | best 0.995 |     29 st/s
    done(50): success=49 t_no_reach=1
Ep 27550 | score  206.44 | avg100  206.77 | grasp100  99.0% | best 0.995 |     28 st/s
    done(50): success=50
Ep 27600 | score  206.29 | avg100  206.72 | grasp100  98.0% | best 0.995 |     28 st/s
    done(50): success=48 t_flicker=2
Ep 27650 | score  206.54 | avg100  205.49 | grasp100  97.0% | best 0.995 |     28 st/s
    done(50): success=49 t_flicker=1
Ep 27700 | score  208.24 | avg100  206.40 | grasp100  98.0% | best 0.995 |     28 st/s
    done(50): success=49 t_flicker=1
Ep 27750 | score  206.53 | avg100  207.34 | grasp100  99.0% | best 0.995 |     29 st/s
    done(50): success=50
Ep 27800 | score  206.87 | avg100  208.62 | grasp100  99.0% | best 0.995 |     29 st/s
    done(50): success=49 t_flicker=1
Ep 27850 | score  208.59 | avg100  208.07 | grasp100  99.0% | best 0.995 |     29 st/s
    done(50): success=50
Ep 27900 | score  209.66 | avg100  207.93 | grasp100  99.0% | best 0.995 |     29 st/s
    done(50): success=49 t_flicker=1
Ep 27950 | score  208.03 | avg100  207.83 | grasp100  99.0% | best 0.995 |     29 st/s
    done(50): success=50
Ep 28000 | score   13.62 | avg100  204.58 | grasp100  98.0% | best 0.995 |     29 st/s
    done(50): success=48 t_flicker=1 t_touched=1
Ep 28050 | score  206.56 | avg100  204.26 | grasp100  97.0% | best 0.995 |     29 st/s
    done(50): success=49 t_flicker=1
Ep 28100 | score  207.75 | avg100  208.69 | grasp100  99.0% | best 0.995 |     29 st/s
    done(50): success=50
Ep 28150 | score  206.85 | avg100  208.57 | grasp100 100.0% | best 0.995 |     29 st/s
    done(50): success=50
Ep 28200 | score  207.44 | avg100  208.93 | grasp100 100.0% | best 0.995 |     29 st/s
    done(50): success=50
Ep 28250 | score  217.37 | avg100  208.29 | grasp100  99.0% | best 0.995 |     29 st/s
    done(50): success=49 t_flicker=1
Ep 28300 | score  245.26 | avg100  207.53 | grasp100  98.0% | best 0.995 |     29 st/s
    done(50): success=49 t_flicker=1
Ep 28350 | score  208.48 | avg100  209.33 | grasp100  99.0% | best 0.995 |     29 st/s
    done(50): success=50
Ep 28400 | score  205.01 | avg100  210.12 | grasp100 100.0% | best 0.995 |     29 st/s
    done(50): success=50
Ep 28450 | score  209.79 | avg100  211.12 | grasp100 100.0% | best 0.995 |     29 st/s
    done(50): success=50
Ep 28500 | score  244.43 | avg100  211.28 | grasp100 100.0% | best 0.995 |     29 st/s
    done(50): success=50
Ep 28550 | score  205.28 | avg100  210.53 | grasp100 100.0% | best 0.995 |     29 st/s
    done(50): success=50
Ep 28600 | score  205.76 | avg100  206.92 | grasp100  98.0% | best 0.995 |     29 st/s
    done(50): success=48 t_flicker=2
========================================================================
RANDOM-SPAWN GRASP RETRAINING  |  algo=td3_ln  run=td3_ln_can_warm_s0
========================================================================
  Envs                : 5 (subprocess-parallel, fork)
  Spawn level         : 2.0 (1.0 = full position box, 2.0 = + z-rotation)
  Updates/vec-step    : 2 (0.400 per env-step; historical baseline 0.5)
  Buffer              : 2,000,000
  Actor               : 64 -> 32  (5,216 weights)  [critics 512->256]
  Warm start          : checkpoints/td3_grasp_rand_td3_ln_c2m512_s1/best
  Checkpoints         : /home/fahim/Thesis_fahim/pickandplace/checkpoints/td3_grasp_rand_td3_ln_can_warm_s0
========================================================================

Spawning 5 subprocess environments (fork)...
[robosuite WARNING] No private macro file found! (__init__.py:7)
[robosuite WARNING] No private macro file found! (__init__.py:7)
[robosuite WARNING] No private macro file found! (__init__.py:7)
[robosuite WARNING] It is recommended to use a private macro file (__init__.py:8)
[robosuite WARNING] It is recommended to use a private macro file (__init__.py:8)
[robosuite WARNING] No private macro file found! (__init__.py:7)
[robosuite WARNING] To setup, run: python /home/fahim/Thesis_fahim/venv/lib/python3.12/site-packages/robosuite/scripts/setup_macros.py (__init__.py:9)
[robosuite WARNING] To setup, run: python /home/fahim/Thesis_fahim/venv/lib/python3.12/site-packages/robosuite/scripts/setup_macros.py (__init__.py:9)
[robosuite WARNING] It is recommended to use a private macro file (__init__.py:8)
[robosuite WARNING] It is recommended to use a private macro file (__init__.py:8)
[robosuite WARNING] To setup, run: python /home/fahim/Thesis_fahim/venv/lib/python3.12/site-packages/robosuite/scripts/setup_macros.py (__init__.py:9)
[robosuite WARNING] To setup, run: python /home/fahim/Thesis_fahim/venv/lib/python3.12/site-packages/robosuite/scripts/setup_macros.py (__init__.py:9)
[robosuite WARNING] No private macro file found! (__init__.py:7)
[robosuite WARNING] It is recommended to use a private macro file (__init__.py:8)
[robosuite WARNING] To setup, run: python /home/fahim/Thesis_fahim/venv/lib/python3.12/site-packages/robosuite/scripts/setup_macros.py (__init__.py:9)
Gym has been unmaintained since 2022 and does not support NumPy 2.0 amongst other critical functionality.
Please upgrade to Gymnasium, the maintained drop-in replacement of Gym, or contact the authors of your software and request that they upgrade.
See the migration guide at https://gymnasium.farama.org/introduction/migration_guide/ for additional information.Gym has been unmaintained since 2022 and does not support NumPy 2.0 amongst other critical functionality.
Please upgrade to Gymnasium, the maintained drop-in replacement of Gym, or contact the authors of your software and request that they upgrade.
See the migration guide at https://gymnasium.farama.org/introduction/migration_guide/ for additional information.

Gym has been unmaintained since 2022 and does not support NumPy 2.0 amongst other critical functionality.
Please upgrade to Gymnasium, the maintained drop-in replacement of Gym, or contact the authors of your software and request that they upgrade.
See the migration guide at https://gymnasium.farama.org/introduction/migration_guide/ for additional information.
Gym has been unmaintained since 2022 and does not support NumPy 2.0 amongst other critical functionality.
Please upgrade to Gymnasium, the maintained drop-in replacement of Gym, or contact the authors of your software and request that they upgrade.
See the migration guide at https://gymnasium.farama.org/introduction/migration_guide/ for additional information.
Gym has been unmaintained since 2022 and does not support NumPy 2.0 amongst other critical functionality.
Please upgrade to Gymnasium, the maintained drop-in replacement of Gym, or contact the authors of your software and request that they upgrade.
See the migration guide at https://gymnasium.farama.org/introduction/migration_guide/ for additional information.
/home/fahim/Thesis_fahim/venv/lib/python3.12/site-packages/gym/spaces/box.py:84: UserWarning: [33mWARN: Box bound precision lowered by casting to float32[0m
  logger.warn(f"Box bound precision lowered by casting to {self.dtype}")
/home/fahim/Thesis_fahim/venv/lib/python3.12/site-packages/gym/spaces/box.py:84: UserWarning: [33mWARN: Box bound precision lowered by casting to float32[0m
  logger.warn(f"Box bound precision lowered by casting to {self.dtype}")
/home/fahim/Thesis_fahim/venv/lib/python3.12/site-packages/gym/spaces/box.py:84: UserWarning: [33mWARN: Box bound precision lowered by casting to float32[0m
  logger.warn(f"Box bound precision lowered by casting to {self.dtype}")
/home/fahim/Thesis_fahim/venv/lib/python3.12/site-packages/gym/spaces/box.py:84: UserWarning: [33mWARN: Box bound precision lowered by casting to float32[0m
  logger.warn(f"Box bound precision lowered by casting to {self.dtype}")
/home/fahim/Thesis_fahim/venv/lib/python3.12/site-packages/gym/spaces/box.py:84: UserWarning: [33mWARN: Box bound precision lowered by casting to float32[0m
  logger.warn(f"Box bound precision lowered by casting to {self.dtype}")
Gym has been unmaintained since 2022 and does not support NumPy 2.0 amongst other critical functionality.
Please upgrade to Gymnasium, the maintained drop-in replacement of Gym, or contact the authors of your software and request that they upgrade.
See the migration guide at https://gymnasium.farama.org/introduction/migration_guide/ for additional information.
5 environments ready.

  Actor QAT           : per-tensor INT8 fake-quant, STE grads
  Actor weight clip   : |w| <= 8.0 * std(w) per Linear tensor (bi_s0 baseline fc1 9.96 / fc2 10.82)
Init: resumed (source: /home/fahim/Thesis_fahim/pickandplace/checkpoints/td3_grasp_rand_td3_ln_c2m512_s1/best)
Resumed replay buffer (1,360,587 transitions).

Training...

========================================================================
RANDOM-SPAWN GRASP RETRAINING  |  algo=td3_ln  run=td3_ln_can_warm_s0
========================================================================
  Envs                : 5 (subprocess-parallel, fork)
  Spawn level         : 2.0 (1.0 = full position box, 2.0 = + z-rotation)
  Updates/vec-step    : 2 (0.400 per env-step; historical baseline 0.5)
  Buffer              : 2,000,000
  Actor               : 64 -> 32  (5,216 weights)  [critics 512->256]
  Warm start          : checkpoints/td3_grasp_rand_td3_ln_c2m512_s1/best
  Checkpoints         : /home/fahim/Thesis_fahim/pickandplace/checkpoints/td3_grasp_rand_td3_ln_can_warm_s0
========================================================================

Spawning 5 subprocess environments (fork)...
[robosuite WARNING] No private macro file found! (__init__.py:7)
[robosuite WARNING] It is recommended to use a private macro file (__init__.py:8)
[robosuite WARNING] To setup, run: python /home/fahim/Thesis_fahim/venv/lib/python3.12/site-packages/robosuite/scripts/setup_macros.py (__init__.py:9)
[robosuite WARNING] No private macro file found! (__init__.py:7)
[robosuite WARNING] It is recommended to use a private macro file (__init__.py:8)
[robosuite WARNING] To setup, run: python /home/fahim/Thesis_fahim/venv/lib/python3.12/site-packages/robosuite/scripts/setup_macros.py (__init__.py:9)
[robosuite WARNING] No private macro file found! (__init__.py:7)
[robosuite WARNING] It is recommended to use a private macro file (__init__.py:8)
[robosuite WARNING] To setup, run: python /home/fahim/Thesis_fahim/venv/lib/python3.12/site-packages/robosuite/scripts/setup_macros.py (__init__.py:9)
[robosuite WARNING] No private macro file found! (__init__.py:7)
[robosuite WARNING] It is recommended to use a private macro file (__init__.py:8)
[robosuite WARNING] To setup, run: python /home/fahim/Thesis_fahim/venv/lib/python3.12/site-packages/robosuite/scripts/setup_macros.py (__init__.py:9)
[robosuite WARNING] No private macro file found! (__init__.py:7)
[robosuite WARNING] It is recommended to use a private macro file (__init__.py:8)
[robosuite WARNING] To setup, run: python /home/fahim/Thesis_fahim/venv/lib/python3.12/site-packages/robosuite/scripts/setup_macros.py (__init__.py:9)
Gym has been unmaintained since 2022 and does not support NumPy 2.0 amongst other critical functionality.
Please upgrade to Gymnasium, the maintained drop-in replacement of Gym, or contact the authors of your software and request that they upgrade.
See the migration guide at https://gymnasium.farama.org/introduction/migration_guide/ for additional information.
Gym has been unmaintained since 2022 and does not support NumPy 2.0 amongst other critical functionality.
Please upgrade to Gymnasium, the maintained drop-in replacement of Gym, or contact the authors of your software and request that they upgrade.
See the migration guide at https://gymnasium.farama.org/introduction/migration_guide/ for additional information.
Gym has been unmaintained since 2022 and does not support NumPy 2.0 amongst other critical functionality.
Please upgrade to Gymnasium, the maintained drop-in replacement of Gym, or contact the authors of your software and request that they upgrade.
See the migration guide at https://gymnasium.farama.org/introduction/migration_guide/ for additional information.
Gym has been unmaintained since 2022 and does not support NumPy 2.0 amongst other critical functionality.
Please upgrade to Gymnasium, the maintained drop-in replacement of Gym, or contact the authors of your software and request that they upgrade.
See the migration guide at https://gymnasium.farama.org/introduction/migration_guide/ for additional information.
Gym has been unmaintained since 2022 and does not support NumPy 2.0 amongst other critical functionality.
Please upgrade to Gymnasium, the maintained drop-in replacement of Gym, or contact the authors of your software and request that they upgrade.
See the migration guide at https://gymnasium.farama.org/introduction/migration_guide/ for additional information.
/home/fahim/Thesis_fahim/venv/lib/python3.12/site-packages/gym/spaces/box.py:84: UserWarning: [33mWARN: Box bound precision lowered by casting to float32[0m
  logger.warn(f"Box bound precision lowered by casting to {self.dtype}")
/home/fahim/Thesis_fahim/venv/lib/python3.12/site-packages/gym/spaces/box.py:84: UserWarning: [33mWARN: Box bound precision lowered by casting to float32[0m
  logger.warn(f"Box bound precision lowered by casting to {self.dtype}")
/home/fahim/Thesis_fahim/venv/lib/python3.12/site-packages/gym/spaces/box.py:84: UserWarning: [33mWARN: Box bound precision lowered by casting to float32[0m
  logger.warn(f"Box bound precision lowered by casting to {self.dtype}")
/home/fahim/Thesis_fahim/venv/lib/python3.12/site-packages/gym/spaces/box.py:84: UserWarning: [33mWARN: Box bound precision lowered by casting to float32[0m
  logger.warn(f"Box bound precision lowered by casting to {self.dtype}")
/home/fahim/Thesis_fahim/venv/lib/python3.12/site-packages/gym/spaces/box.py:84: UserWarning: [33mWARN: Box bound precision lowered by casting to float32[0m
  logger.warn(f"Box bound precision lowered by casting to {self.dtype}")
Gym has been unmaintained since 2022 and does not support NumPy 2.0 amongst other critical functionality.
Please upgrade to Gymnasium, the maintained drop-in replacement of Gym, or contact the authors of your software and request that they upgrade.
See the migration guide at https://gymnasium.farama.org/introduction/migration_guide/ for additional information.
5 environments ready.

  Actor QAT           : per-tensor INT8 fake-quant, STE grads
  Actor weight clip   : |w| <= 8.0 * std(w) per Linear tensor (bi_s0 baseline fc1 9.96 / fc2 10.82)
Init: resumed (source: /home/fahim/Thesis_fahim/pickandplace/checkpoints/td3_grasp_rand_td3_ln_c2m512_s1/best)
Resumed replay buffer (1,360,587 transitions).

Training...

Ep    50 | score  213.95 | avg100  209.83 | grasp100  98.0% | best 0.000 |     20 st/s
    done(50): success=49 t_flicker=1
Ep   100 | score   63.03 | avg100  207.73 | grasp100  98.0% | best 0.000 |     20 st/s
    done(50): success=49 t_flicker=1
Ep   150 | score  227.93 | avg100  207.52 | grasp100  99.0% | best 0.000 |     20 st/s
    done(50): success=50
Ep   200 | * BEST  level200=2.00 grasp200= 98.0% metric=0.980 | score  208.74
Ep   250 | score  207.56 | avg100  205.82 | grasp100  96.0% | best 0.980 |     20 st/s
    done(50): success=48 t_flicker=2
Ep   300 | score  206.63 | avg100  209.14 | grasp100  96.0% | best 0.980 |     20 st/s
    done(50): success=48 t_flicker=2
Ep   350 | score  211.68 | avg100  210.18 | grasp100  98.0% | best 0.980 |     20 st/s
    done(50): success=50
Ep   400 | score  208.11 | avg100  208.32 | grasp100  98.0% | best 0.980 |     20 st/s
    done(50): success=48 t_flicker=2
Ep   450 | score  205.37 | avg100  208.39 | grasp100  97.0% | best 0.980 |     21 st/s
    done(50): success=49 t_flicker=1
Ep   500 | score  205.93 | avg100  211.86 | grasp100  98.0% | best 0.980 |     21 st/s
    done(50): success=49 t_flicker=1
Ep   550 | score  205.69 | avg100  207.77 | grasp100  96.0% | best 0.980 |     19 st/s
    done(50): success=47 t_flicker=3
Ep   600 | score  207.36 | avg100  198.80 | grasp100  93.0% | best 0.980 |     19 st/s
    done(50): success=46 t_flicker=3 t_touched=1
Ep   650 | score  205.96 | avg100  202.78 | grasp100  95.0% | best 0.980 |     19 st/s
    done(50): success=49 t_flicker=1
Ep   700 | score  206.46 | avg100  204.94 | grasp100  96.0% | best 0.980 |     19 st/s
    done(50): success=47 t_flicker=3
Ep   750 | score  207.78 | avg100  201.98 | grasp100  95.0% | best 0.980 |     19 st/s
    done(50): success=48 t_flicker=2
Ep   800 | score  207.69 | avg100  206.74 | grasp100  98.0% | best 0.980 |     20 st/s
    done(50): success=50
Ep   850 | score  208.09 | avg100  206.73 | grasp100  98.0% | best 0.980 |     20 st/s
    done(50): success=48 t_flicker=2
Ep   900 | score    0.66 | avg100  203.84 | grasp100  96.0% | best 0.980 |     20 st/s
    done(50): success=48 t_flicker=1 t_touched=1
Ep   950 | score  237.25 | avg100  207.27 | grasp100  98.0% | best 0.980 |     21 st/s
    done(50): success=50
Ep  1000 | score  205.63 | avg100  209.55 | grasp100 100.0% | best 0.980 |     21 st/s
    done(50): success=50
Ep  1050 | score  207.58 | avg100  208.11 | grasp100  99.0% | best 0.980 |     21 st/s
    done(50): success=49 t_flicker=1
Ep  1100 | score  206.97 | avg100  208.50 | grasp100  98.0% | best 0.980 |     21 st/s
    done(50): success=49 t_flicker=1
Ep  1150 | score  206.03 | avg100  207.30 | grasp100  97.0% | best 0.980 |     21 st/s
    done(50): success=48 t_flicker=2
Ep  1200 | score  206.72 | avg100  206.14 | grasp100  97.0% | best 0.980 |     22 st/s
    done(50): success=49 t_flicker=1
Ep  1250 | score  209.58 | avg100  207.24 | grasp100  98.0% | best 0.980 |     22 st/s
    done(50): success=49 t_flicker=1
Ep  1300 | score  208.39 | avg100  208.47 | grasp100  99.0% | best 0.980 |     22 st/s
    done(50): success=50
Ep  1350 | score  207.42 | avg100  209.03 | grasp100 100.0% | best 0.980 |     23 st/s
    done(50): success=50
Ep  1353 | * BEST  level200=2.00 grasp200= 99.5% metric=0.995 | score  204.73
Ep  1400 | score  206.67 | avg100  209.08 | grasp100 100.0% | best 0.995 |     23 st/s
    done(50): success=50
Ep  1450 | score  207.05 | avg100  206.86 | grasp100  99.0% | best 0.995 |     23 st/s
    done(50): success=49 t_flicker=1
Ep  1500 | score  205.54 | avg100  204.59 | grasp100  98.0% | best 0.995 |     23 st/s
    done(50): success=49 t_flicker=1
Ep  1550 | score  207.19 | avg100  207.23 | grasp100  99.0% | best 0.995 |     23 st/s
    done(50): success=50
Ep  1600 | score  210.03 | avg100  209.25 | grasp100 100.0% | best 0.995 |     23 st/s
    done(50): success=50
Ep  1650 | score  217.43 | avg100  210.14 | grasp100 100.0% | best 0.995 |     24 st/s
    done(50): success=50
Ep  1700 | score  207.72 | avg100  209.94 | grasp100 100.0% | best 0.995 |     24 st/s
    done(50): success=50
Ep  1750 | score  208.62 | avg100  208.16 | grasp100 100.0% | best 0.995 |     24 st/s
    done(50): success=50
Ep  1800 | score  205.92 | avg100  207.78 | grasp100 100.0% | best 0.995 |     24 st/s
    done(50): success=50
Ep  1850 | score  208.80 | avg100  208.25 | grasp100 100.0% | best 0.995 |     24 st/s
    done(50): success=50
Ep  1900 | score  205.40 | avg100  206.43 | grasp100  99.0% | best 0.995 |     24 st/s
    done(50): success=49 t_flicker=1
Ep  1950 | score  206.76 | avg100  207.51 | grasp100  99.0% | best 0.995 |     25 st/s
    done(50): success=50
Ep  2000 | score  241.61 | avg100  209.61 | grasp100 100.0% | best 0.995 |     25 st/s
    done(50): success=50
Ep  2050 | score  204.27 | avg100  205.95 | grasp100  99.0% | best 0.995 |     25 st/s
    done(50): success=49 t_touched=1
Ep  2100 | score  212.56 | avg100  205.82 | grasp100  99.0% | best 0.995 |     25 st/s
    done(50): success=50
Ep  2150 | score  240.92 | avg100  208.70 | grasp100 100.0% | best 0.995 |     25 st/s
    done(50): success=50
Ep  2200 | score   57.85 | avg100  208.01 | grasp100  99.0% | best 0.995 |     25 st/s
    done(50): success=49 t_flicker=1
Ep  2250 | score  204.81 | avg100  207.20 | grasp100  99.0% | best 0.995 |     25 st/s
    done(50): success=50
Ep  2300 | score  208.40 | avg100  208.12 | grasp100 100.0% | best 0.995 |     25 st/s
    done(50): success=50
Ep  2350 | score  208.37 | avg100  208.10 | grasp100 100.0% | best 0.995 |     25 st/s
    done(50): success=50
Ep  2400 | score  207.32 | avg100  208.45 | grasp100 100.0% | best 0.995 |     26 st/s
    done(50): success=50
Ep  2450 | score  208.94 | avg100  207.48 | grasp100  99.0% | best 0.995 |     26 st/s
    done(50): success=49 t_flicker=1
Ep  2500 | score  205.90 | avg100  207.36 | grasp100  99.0% | best 0.995 |     26 st/s
    done(50): success=50
Ep  2550 | score  206.46 | avg100  207.93 | grasp100 100.0% | best 0.995 |     26 st/s
    done(50): success=50
Ep  2600 | score  206.84 | avg100  207.59 | grasp100 100.0% | best 0.995 |     26 st/s
    done(50): success=50
  [primacy-bias reset of critic heads @ 25000 updates]
Ep  2650 | score  -19.74 | avg100  205.14 | grasp100  98.0% | best 0.995 |     26 st/s
    done(50): success=48 t_flicker=1 t_touched=1
Ep  2700 | score  -27.70 | avg100   87.50 | grasp100  48.0% | best 0.995 |     27 st/s
    done(50): t_touched=1 t_no_reach=49
Ep  2750 | score  -13.28 | avg100  -13.40 | grasp100   5.0% | best 0.995 |     27 st/s
    done(50): success=5 t_touched=4 t_no_reach=41
Ep  2800 | score  207.02 | avg100   67.12 | grasp100  37.0% | best 0.995 |     27 st/s
    done(50): success=32 t_flicker=6 t_touched=12
Ep  2850 | score  207.37 | avg100  158.61 | grasp100  75.0% | best 0.995 |     28 st/s
    done(50): success=43 t_flicker=2 t_touched=5
Ep  2900 | score  206.29 | avg100  191.76 | grasp100  91.0% | best 0.995 |     28 st/s
    done(50): success=48 t_touched=2
Ep  2950 | score  207.93 | avg100  200.16 | grasp100  96.0% | best 0.995 |     28 st/s
    done(50): success=48 t_flicker=1 t_touched=1
Ep  3000 | score  208.50 | avg100  203.81 | grasp100  98.0% | best 0.995 |     28 st/s
    done(50): success=50
Ep  3050 | score  209.68 | avg100  207.39 | grasp100 100.0% | best 0.995 |     28 st/s
    done(50): success=50
Ep  3100 | score  206.95 | avg100  203.35 | grasp100  98.0% | best 0.995 |     28 st/s
    done(50): success=48 t_touched=2
Ep  3150 | score  207.48 | avg100  203.85 | grasp100  98.0% | best 0.995 |     28 st/s
    done(50): success=50
Ep  3200 | score  206.29 | avg100  205.74 | grasp100  99.0% | best 0.995 |     28 st/s
    done(50): success=49 t_touched=1
Ep  3250 | score  206.68 | avg100  205.20 | grasp100  99.0% | best 0.995 |     28 st/s
    done(50): success=50
Ep  3300 | score  206.54 | avg100  207.56 | grasp100 100.0% | best 0.995 |     28 st/s
    done(50): success=50
Ep  3350 | score  206.54 | avg100  207.61 | grasp100 100.0% | best 0.995 |     28 st/s
    done(50): success=50
Ep  3400 | score  206.13 | avg100  208.30 | grasp100 100.0% | best 0.995 |     28 st/s
    done(50): success=50
Ep  3450 | score  208.68 | avg100  207.94 | grasp100  99.0% | best 0.995 |     28 st/s
    done(50): success=49 t_flicker=1
Ep  3500 | score  206.03 | avg100  207.72 | grasp100  99.0% | best 0.995 |     28 st/s
    done(50): success=50
Ep  3550 | score  228.88 | avg100  207.63 | grasp100  98.0% | best 0.995 |     28 st/s
    done(50): success=48 t_flicker=2
Ep  3600 | score  206.05 | avg100  208.63 | grasp100  98.0% | best 0.995 |     28 st/s
    done(50): success=50
Ep  3650 | score  234.47 | avg100  207.29 | grasp100  98.0% | best 0.995 |     28 st/s
    done(50): success=48 t_flicker=2
Ep  3700 | score  206.92 | avg100  205.95 | grasp100  98.0% | best 0.995 |     28 st/s
    done(50): success=50
Ep  3750 | score  210.98 | avg100  204.54 | grasp100  97.0% | best 0.995 |     28 st/s
    done(50): success=47 t_flicker=3
Ep  3800 | score  208.08 | avg100  203.03 | grasp100  96.0% | best 0.995 |     28 st/s
    done(50): success=49 t_flicker=1
Ep  3850 | score  205.99 | avg100  207.73 | grasp100  99.0% | best 0.995 |     28 st/s
    done(50): success=50
Ep  3900 | score  206.36 | avg100  209.82 | grasp100 100.0% | best 0.995 |     28 st/s
    done(50): success=50
Ep  3950 | score  208.53 | avg100  206.23 | grasp100  98.0% | best 0.995 |     28 st/s
    done(50): success=48 t_flicker=2
Ep  4000 | score  205.45 | avg100  204.08 | grasp100  96.0% | best 0.995 |     28 st/s
    done(50): success=48 t_flicker=2
Ep  4050 | score  215.03 | avg100  206.83 | grasp100  98.0% | best 0.995 |     28 st/s
    done(50): success=50
Ep  4100 | score  211.66 | avg100  208.83 | grasp100 100.0% | best 0.995 |     28 st/s
    done(50): success=50
Ep  4150 | score  205.42 | avg100  207.94 | grasp100  99.0% | best 0.995 |     28 st/s
    done(50): success=49 t_flicker=1
Ep  4200 | score  206.37 | avg100  208.94 | grasp100  99.0% | best 0.995 |     28 st/s
    done(50): success=50
Ep  4250 | score  209.59 | avg100  209.08 | grasp100 100.0% | best 0.995 |     28 st/s
    done(50): success=50
Ep  4300 | score  212.03 | avg100  208.50 | grasp100 100.0% | best 0.995 |     28 st/s
    done(50): success=50
Ep  4350 | score  208.91 | avg100  209.28 | grasp100 100.0% | best 0.995 |     28 st/s
    done(50): success=50
Ep  4400 | score  207.89 | avg100  202.85 | grasp100  97.0% | best 0.995 |     28 st/s
    done(50): success=47 t_flicker=2 t_touched=1
Ep  4450 | score  205.47 | avg100  201.47 | grasp100  96.0% | best 0.995 |     28 st/s
    done(50): success=49 t_flicker=1
Ep  4500 | score  205.78 | avg100  208.12 | grasp100  99.0% | best 0.995 |     28 st/s
    done(50): success=50
Ep  4550 | score  207.11 | avg100  205.97 | grasp100  98.0% | best 0.995 |     28 st/s
    done(50): success=48 t_flicker=2
Ep  4600 | score  206.37 | avg100  205.58 | grasp100  98.0% | best 0.995 |     28 st/s
    done(50): success=50
Ep  4650 | score  218.75 | avg100  208.96 | grasp100 100.0% | best 0.995 |     28 st/s
    done(50): success=50
Ep  4700 | score  208.55 | avg100  207.14 | grasp100  99.0% | best 0.995 |     28 st/s
    done(50): success=49 t_flicker=1
Ep  4750 | score  205.21 | avg100  205.76 | grasp100  98.0% | best 0.995 |     28 st/s
    done(50): success=49 t_flicker=1
Ep  4800 | score  209.03 | avg100  207.08 | grasp100  99.0% | best 0.995 |     28 st/s
    done(50): success=50
Ep  4850 | score  208.21 | avg100  208.68 | grasp100 100.0% | best 0.995 |     29 st/s
    done(50): success=50
Ep  4900 | score  219.28 | avg100  209.15 | grasp100 100.0% | best 0.995 |     29 st/s
    done(50): success=50
Ep  4950 | score  206.66 | avg100  207.66 | grasp100  99.0% | best 0.995 |     29 st/s
    done(50): success=49 t_flicker=1
Ep  5000 | score  208.31 | avg100  206.89 | grasp100  99.0% | best 0.995 |     29 st/s
    done(50): success=50
Ep  5050 | score  206.79 | avg100  207.92 | grasp100 100.0% | best 0.995 |     28 st/s
    done(50): success=50
  [primacy-bias reset of critic heads @ 50000 updates]
Ep  5100 | score  -27.73 | avg100  166.40 | grasp100  82.0% | best 0.995 |     28 st/s
    done(50): success=32 t_touched=1 t_no_reach=17
Ep  5150 | score  -27.99 | avg100   48.55 | grasp100  32.0% | best 0.995 |     29 st/s
    done(50): t_no_reach=50
Ep  5200 | score  -20.83 | avg100  -15.51 | grasp100   5.0% | best 0.995 |     29 st/s
    done(50): success=5 t_flicker=1 t_touched=1 t_no_reach=43
Ep  5250 | score  207.31 | avg100   60.06 | grasp100  35.0% | best 0.995 |     29 st/s
    done(50): success=30 t_flicker=4 t_touched=9 t_no_reach=7
Ep  5300 | score  217.26 | avg100  163.46 | grasp100  79.0% | best 0.995 |     29 st/s
    done(50): success=49 t_flicker=1
Ep  5350 | score  207.80 | avg100  202.36 | grasp100  97.0% | best 0.995 |     29 st/s
    done(50): success=48 t_flicker=2
Ep  5400 | score  207.34 | avg100  204.28 | grasp100  98.0% | best 0.995 |     29 st/s
    done(50): success=50
Ep  5450 | score  207.39 | avg100  207.30 | grasp100 100.0% | best 0.995 |     29 st/s
    done(50): success=50
Ep  5500 | score  224.54 | avg100  207.36 | grasp100 100.0% | best 0.995 |     29 st/s
    done(50): success=50
Ep  5550 | score  205.00 | avg100  208.07 | grasp100 100.0% | best 0.995 |     29 st/s
    done(50): success=50
Ep  5600 | score  207.88 | avg100  209.08 | grasp100 100.0% | best 0.995 |     29 st/s
    done(50): success=50
Ep  5650 | score  206.45 | avg100  207.11 | grasp100  99.0% | best 0.995 |     29 st/s
    done(50): success=49 t_flicker=1
Ep  5700 | score  206.17 | avg100  206.31 | grasp100  99.0% | best 0.995 |     29 st/s
    done(50): success=50
Ep  5750 | score  208.02 | avg100  207.19 | grasp100  99.0% | best 0.995 |     29 st/s
    done(50): success=49 t_flicker=1
Ep  5800 | score  206.76 | avg100  206.37 | grasp100  98.0% | best 0.995 |     29 st/s
    done(50): success=49 t_flicker=1
Ep  5850 | score  207.31 | avg100  208.69 | grasp100  99.0% | best 0.995 |     29 st/s
    done(50): success=50
Ep  5900 | score  207.49 | avg100  206.04 | grasp100  98.0% | best 0.995 |     29 st/s
    done(50): success=48 t_touched=2
Ep  5950 | score  208.52 | avg100  205.31 | grasp100  98.0% | best 0.995 |     29 st/s
    done(50): success=50
Ep  6000 | score  243.29 | avg100  207.75 | grasp100  99.0% | best 0.995 |     29 st/s
    done(50): success=49 t_touched=1
Ep  6050 | score  208.05 | avg100  207.60 | grasp100  99.0% | best 0.995 |     29 st/s
    done(50): success=50
Ep  6100 | score  205.50 | avg100  206.26 | grasp100  98.0% | best 0.995 |     29 st/s
    done(50): success=48 t_flicker=1 t_touched=1
Ep  6150 | score  228.12 | avg100  201.89 | grasp100  96.0% | best 0.995 |     29 st/s
    done(50): success=48 t_flicker=1 t_touched=1
Ep  6200 | score  250.90 | avg100  205.00 | grasp100  98.0% | best 0.995 |     29 st/s
    done(50): success=50
Ep  6250 | score  206.75 | avg100  207.82 | grasp100  99.0% | best 0.995 |     29 st/s
    done(50): success=49 t_flicker=1
Ep  6300 | score  206.69 | avg100  205.36 | grasp100  98.0% | best 0.995 |     29 st/s
    done(50): success=49 t_flicker=1
Ep  6350 | score  210.11 | avg100  205.87 | grasp100  99.0% | best 0.995 |     29 st/s
    done(50): success=50
Ep  6400 | score  207.89 | avg100  204.83 | grasp100  98.0% | best 0.995 |     29 st/s
    done(50): success=48 t_flicker=1 t_touched=1
Ep  6450 | score  206.10 | avg100  203.51 | grasp100  97.0% | best 0.995 |     29 st/s
    done(50): success=49 t_flicker=1
Ep  6500 | score  206.22 | avg100  204.22 | grasp100  98.0% | best 0.995 |     29 st/s
    done(50): success=49 t_flicker=1
Ep  6550 | score  206.19 | avg100  202.82 | grasp100  97.0% | best 0.995 |     28 st/s
    done(50): success=48 t_flicker=2
Ep  6600 | score  211.19 | avg100  200.37 | grasp100  95.0% | best 0.995 |     28 st/s
    done(50): success=47 t_flicker=3
Ep  6650 | score  207.89 | avg100  199.08 | grasp100  94.0% | best 0.995 |     28 st/s
    done(50): success=47 t_flicker=2 t_touched=1
Ep  6700 | score  205.20 | avg100  204.01 | grasp100  97.0% | best 0.995 |     28 st/s
    done(50): success=50
Ep  6750 | score  207.33 | avg100  208.68 | grasp100 100.0% | best 0.995 |     28 st/s
    done(50): success=50
Ep  6800 | score  208.80 | avg100  207.50 | grasp100  99.0% | best 0.995 |     28 st/s
    done(50): success=49 t_flicker=1
Ep  6850 | score  206.59 | avg100  207.73 | grasp100  99.0% | best 0.995 |     29 st/s
    done(50): success=50
Ep  6900 | score  205.10 | avg100  206.86 | grasp100  99.0% | best 0.995 |     29 st/s
    done(50): success=49 t_flicker=1
Ep  6950 | score  206.47 | avg100  203.87 | grasp100  98.0% | best 0.995 |     29 st/s
    done(50): success=49 t_touched=1
Ep  7000 | score  211.16 | avg100  205.02 | grasp100  98.0% | best 0.995 |     29 st/s
    done(50): success=49 t_flicker=1
Ep  7050 | score  204.81 | avg100  207.53 | grasp100  99.0% | best 0.995 |     28 st/s
    done(50): success=50
Ep  7100 | score  208.73 | avg100  206.04 | grasp100  99.0% | best 0.995 |     28 st/s
    done(50): success=49 t_flicker=1
Ep  7150 | score  207.53 | avg100  206.12 | grasp100  99.0% | best 0.995 |     28 st/s
    done(50): success=50
Ep  7200 | score  206.36 | avg100  208.73 | grasp100 100.0% | best 0.995 |     28 st/s
    done(50): success=50
Ep  7250 | score  211.14 | avg100  206.43 | grasp100  99.0% | best 0.995 |     28 st/s
    done(50): success=49 t_touched=1
Ep  7300 | score  207.32 | avg100  206.00 | grasp100  99.0% | best 0.995 |     28 st/s
    done(50): success=50
Ep  7350 | score  208.29 | avg100  207.19 | grasp100  99.0% | best 0.995 |     28 st/s
    done(50): success=49 t_flicker=1
Ep  7400 | score  208.60 | avg100  203.83 | grasp100  97.0% | best 0.995 |     28 st/s
    done(50): success=48 t_flicker=1 t_touched=1
Ep  7450 | score  223.54 | avg100  205.46 | grasp100  98.0% | best 0.995 |     28 st/s
    done(50): success=50
  [primacy-bias reset of critic heads @ 75000 updates]
Ep  7500 | score  -27.97 | avg100  164.02 | grasp100  80.0% | best 0.995 |     29 st/s
    done(50): success=30 t_flicker=1 t_no_reach=19
Ep  7550 | score  -27.71 | avg100   45.46 | grasp100  30.0% | best 0.995 |     29 st/s
    done(50): t_no_reach=50

========================================================================
DONE  td3_ln_can_warm_s0
  Episodes     : 7550
  Env steps    : 192,460  (6782s)
  Best metric  : 0.995  (policy in /home/fahim/Thesis_fahim/pickandplace/checkpoints/td3_grasp_rand_td3_ln_can_warm_s0/best)
  Final grasp% : 30.0
  CSV          : /home/fahim/Thesis_fahim/pickandplace/logs/grasp_rand_td3_ln_can_warm_s0/episodes.csv
  Probe CSV    : /home/fahim/Thesis_fahim/pickandplace/logs/grasp_rand_td3_ln_can_warm_s0/probe.csv
  Manifest     : /home/fahim/Thesis_fahim/pickandplace/logs/grasp_rand_td3_ln_can_warm_s0/manifest.json
========================================================================

