========================================================================
RANDOM-SPAWN GRASP RETRAINING  |  algo=td3_ln  run=td3_ln_can_warm_s1
========================================================================
  Envs                : 5 (subprocess-parallel, fork)
  Spawn level         : 2.0 (1.0 = full position box, 2.0 = + z-rotation)
  Updates/vec-step    : 2 (0.400 per env-step; historical baseline 0.5)
  Buffer              : 2,000,000
  Actor               : 64 -> 32  (5,216 weights)  [critics 512->256]
  Warm start          : checkpoints/td3_grasp_rand_td3_ln_c2m512_s1/best
  Checkpoints         : /home/fahim/Thesis_fahim/pickandplace/checkpoints/td3_grasp_rand_td3_ln_can_warm_s1
========================================================================

Spawning 5 subprocess environments (fork)...
[robosuite WARNING] No private macro file found! (__init__.py:7)
[robosuite WARNING] It is recommended to use a private macro file (__init__.py:8)
[robosuite WARNING] To setup, run: python /home/fahim/Thesis_fahim/venv/lib/python3.12/site-packages/robosuite/scripts/setup_macros.py (__init__.py:9)
[robosuite WARNING] No private macro file found! (__init__.py:7)
[robosuite WARNING] It is recommended to use a private macro file (__init__.py:8)
[robosuite WARNING] To setup, run: python /home/fahim/Thesis_fahim/venv/lib/python3.12/site-packages/robosuite/scripts/setup_macros.py (__init__.py:9)
[robosuite WARNING] No private macro file found! (__init__.py:7)
[robosuite WARNING] It is recommended to use a private macro file (__init__.py:8)
[robosuite WARNING] To setup, run: python /home/fahim/Thesis_fahim/venv/lib/python3.12/site-packages/robosuite/scripts/setup_macros.py (__init__.py:9)
[robosuite WARNING] No private macro file found! (__init__.py:7)
[robosuite WARNING] It is recommended to use a private macro file (__init__.py:8)
[robosuite WARNING] To setup, run: python /home/fahim/Thesis_fahim/venv/lib/python3.12/site-packages/robosuite/scripts/setup_macros.py (__init__.py:9)
[robosuite WARNING] No private macro file found! (__init__.py:7)
[robosuite WARNING] It is recommended to use a private macro file (__init__.py:8)
[robosuite WARNING] To setup, run: python /home/fahim/Thesis_fahim/venv/lib/python3.12/site-packages/robosuite/scripts/setup_macros.py (__init__.py:9)
Gym has been unmaintained since 2022 and does not support NumPy 2.0 amongst other critical functionality.
Please upgrade to Gymnasium, the maintained drop-in replacement of Gym, or contact the authors of your software and request that they upgrade.
See the migration guide at https://gymnasium.farama.org/introduction/migration_guide/ for additional information.
Gym has been unmaintained since 2022 and does not support NumPy 2.0 amongst other critical functionality.
Please upgrade to Gymnasium, the maintained drop-in replacement of Gym, or contact the authors of your software and request that they upgrade.
See the migration guide at https://gymnasium.farama.org/introduction/migration_guide/ for additional information.
Gym has been unmaintained since 2022 and does not support NumPy 2.0 amongst other critical functionality.
Please upgrade to Gymnasium, the maintained drop-in replacement of Gym, or contact the authors of your software and request that they upgrade.
See the migration guide at https://gymnasium.farama.org/introduction/migration_guide/ for additional information.
Gym has been unmaintained since 2022 and does not support NumPy 2.0 amongst other critical functionality.
Please upgrade to Gymnasium, the maintained drop-in replacement of Gym, or contact the authors of your software and request that they upgrade.
See the migration guide at https://gymnasium.farama.org/introduction/migration_guide/ for additional information.
Gym has been unmaintained since 2022 and does not support NumPy 2.0 amongst other critical functionality.
Please upgrade to Gymnasium, the maintained drop-in replacement of Gym, or contact the authors of your software and request that they upgrade.
See the migration guide at https://gymnasium.farama.org/introduction/migration_guide/ for additional information.
/home/fahim/Thesis_fahim/venv/lib/python3.12/site-packages/gym/spaces/box.py:84: UserWarning: [33mWARN: Box bound precision lowered by casting to float32[0m
  logger.warn(f"Box bound precision lowered by casting to {self.dtype}")
/home/fahim/Thesis_fahim/venv/lib/python3.12/site-packages/gym/spaces/box.py:84: UserWarning: [33mWARN: Box bound precision lowered by casting to float32[0m
  logger.warn(f"Box bound precision lowered by casting to {self.dtype}")
/home/fahim/Thesis_fahim/venv/lib/python3.12/site-packages/gym/spaces/box.py:84: UserWarning: [33mWARN: Box bound precision lowered by casting to float32[0m
  logger.warn(f"Box bound precision lowered by casting to {self.dtype}")
/home/fahim/Thesis_fahim/venv/lib/python3.12/site-packages/gym/spaces/box.py:84: UserWarning: [33mWARN: Box bound precision lowered by casting to float32[0m
  logger.warn(f"Box bound precision lowered by casting to {self.dtype}")
/home/fahim/Thesis_fahim/venv/lib/python3.12/site-packages/gym/spaces/box.py:84: UserWarning: [33mWARN: Box bound precision lowered by casting to float32[0m
  logger.warn(f"Box bound precision lowered by casting to {self.dtype}")
Gym has been unmaintained since 2022 and does not support NumPy 2.0 amongst other critical functionality.
Please upgrade to Gymnasium, the maintained drop-in replacement of Gym, or contact the authors of your software and request that they upgrade.
See the migration guide at https://gymnasium.farama.org/introduction/migration_guide/ for additional information.
5 environments ready.

  Actor QAT           : per-tensor INT8 fake-quant, STE grads
  Actor weight clip   : |w| <= 8.0 * std(w) per Linear tensor (bi_s0 baseline fc1 9.96 / fc2 10.82)
Init: warm-started (actor only, critics fresh) (source: /home/fahim/Thesis_fahim/pickandplace/checkpoints/td3_grasp_rand_td3_ln_c2m512_s1/best)
Fresh replay buffer.

Training...

Ep    50 | score  220.33 | avg100  203.15 | grasp100  90.0% | best 0.000 |     71 st/s
    done(50): success=45 t_flicker=2 t_touched=3
Ep   100 | score  212.96 | avg100  200.37 | grasp100  89.0% | best 0.000 |     69 st/s
    done(50): success=44 t_flicker=2 t_touched=4
Ep   150 | score  211.77 | avg100  199.81 | grasp100  88.0% | best 0.000 |     69 st/s
    done(50): success=44 t_flicker=4 t_touched=2
Ep   200 | * BEST  level200=2.00 grasp200= 87.5% metric=0.875 | score  212.35
Ep   250 | score  210.72 | avg100  193.90 | grasp100  83.0% | best 0.875 |     67 st/s
    done(50): success=41 t_flicker=8 t_touched=1
Ep   300 | score  243.05 | avg100  196.50 | grasp100  84.0% | best 0.875 |     68 st/s
    done(50): success=43 t_flicker=4 t_touched=3
Ep   350 | score  -27.99 | avg100  107.31 | grasp100  51.0% | best 0.875 |     65 st/s
    done(50): success=8 t_flicker=1 t_touched=1 t_no_reach=40
Ep   400 | score  -27.81 | avg100   -5.70 | grasp100   8.0% | best 0.875 |     64 st/s
    done(50): t_no_reach=50
Ep   450 | score  -27.79 | avg100  -27.87 | grasp100   0.0% | best 0.875 |     63 st/s
    done(50): t_no_reach=50
Ep   500 | score  -24.46 | avg100  -27.35 | grasp100   0.0% | best 0.875 |     62 st/s
    done(50): t_no_reach=50
Ep   550 | score    2.43 | avg100  -21.59 | grasp100   0.0% | best 0.875 |     61 st/s
    done(50): t_flicker=1 t_touched=3 t_no_reach=46
Ep   600 | score  -19.12 | avg100  -12.32 | grasp100   2.0% | best 0.875 |     60 st/s
    done(50): success=2 t_flicker=2 t_touched=6 t_no_reach=40
Ep   650 | score   -6.47 | avg100   -7.07 | grasp100   4.0% | best 0.875 |     60 st/s
    done(50): success=2 t_flicker=3 t_touched=6 t_no_reach=39
Ep   700 | score  -15.81 | avg100  -10.25 | grasp100   2.0% | best 0.875 |     59 st/s
    done(50): t_touched=6 t_no_reach=44
Ep   750 | score  -18.19 | avg100   -4.77 | grasp100   4.0% | best 0.875 |     59 st/s
    done(50): success=4 t_flicker=2 t_touched=14 t_no_reach=30
Ep   800 | score  -17.94 | avg100    0.52 | grasp100   6.0% | best 0.875 |     59 st/s
    done(50): success=2 t_flicker=3 t_touched=5 t_no_reach=40
Ep   850 | score   -9.78 | avg100  -10.62 | grasp100   2.0% | best 0.875 |     59 st/s
    done(50): t_flicker=1 t_touched=7 t_no_reach=42
Ep   900 | score  -27.02 | avg100  -20.81 | grasp100   0.0% | best 0.875 |     59 st/s
    done(50): t_touched=3 t_no_reach=47
Ep   950 | score   14.10 | avg100  -22.80 | grasp100   0.0% | best 0.875 |     59 st/s
    done(50): t_touched=4 t_no_reach=46
Ep  1000 | score   -9.04 | avg100  -11.84 | grasp100   2.0% | best 0.875 |     58 st/s
    done(50): success=2 t_flicker=3 t_touched=15 t_no_reach=30
Ep  1050 | score   -9.37 | avg100   -1.92 | grasp100   4.0% | best 0.875 |     58 st/s
    done(50): success=2 t_flicker=5 t_touched=10 t_no_reach=33
Ep  1100 | score   -3.44 | avg100   10.09 | grasp100   9.0% | best 0.875 |     58 st/s
    done(50): success=7 t_flicker=3 t_touched=9 t_no_reach=31
Ep  1150 | score  -27.93 | avg100   16.13 | grasp100  12.0% | best 0.875 |     58 st/s
    done(50): success=5 t_flicker=8 t_touched=8 t_no_reach=29
Ep  1200 | score   -4.68 | avg100    8.10 | grasp100   7.0% | best 0.875 |     57 st/s
    done(50): success=2 t_flicker=6 t_touched=22 t_no_reach=20
  [primacy-bias reset of critic heads @ 25000 updates]
Ep  1250 | score  -19.37 | avg100   -4.68 | grasp100   2.0% | best 0.875 |     57 st/s
    done(50): t_flicker=1 t_touched=11 t_no_reach=38
Ep  1300 | score  -27.96 | avg100  -20.97 | grasp100   0.0% | best 0.875 |     57 st/s
    done(50): t_no_reach=50
Ep  1350 | score  -26.64 | avg100  -26.84 | grasp100   0.0% | best 0.875 |     57 st/s
    done(50): t_touched=1 t_no_reach=49
Ep  1400 | score  -25.98 | avg100  -25.73 | grasp100   0.0% | best 0.875 |     57 st/s
    done(50): t_touched=1 t_no_reach=49
Ep  1450 | score  -22.08 | avg100  -23.83 | grasp100   0.0% | best 0.875 |     57 st/s
    done(50): t_no_reach=50
Ep  1500 | score   -3.84 | avg100  -19.53 | grasp100   0.0% | best 0.875 |     57 st/s
    done(50): t_flicker=2 t_touched=4 t_no_reach=44
Ep  1550 | score    1.79 | avg100  -10.26 | grasp100   1.0% | best 0.875 |     57 st/s
    done(50): success=1 t_touched=12 t_no_reach=37
Ep  1600 | score   -2.83 | avg100   -2.78 | grasp100   1.0% | best 0.875 |     57 st/s
    done(50): t_touched=18 t_no_reach=32
Ep  1650 | score  -17.04 | avg100   18.42 | grasp100   8.0% | best 0.875 |     57 st/s
    done(50): success=8 t_flicker=5 t_touched=20 t_no_reach=17
Ep  1700 | score   14.00 | avg100   44.15 | grasp100  19.0% | best 0.875 |     57 st/s
    done(50): success=11 t_flicker=3 t_touched=27 t_no_reach=9
Ep  1750 | score  208.46 | avg100   56.81 | grasp100  24.0% | best 0.875 |     56 st/s
    done(50): success=13 t_flicker=4 t_touched=27 t_no_reach=6
Ep  1800 | score  207.48 | avg100   65.56 | grasp100  27.0% | best 0.875 |     56 st/s
    done(50): success=14 t_flicker=5 t_touched=26 t_no_reach=5
Ep  1850 | score   11.43 | avg100   78.28 | grasp100  33.0% | best 0.875 |     55 st/s
    done(50): success=19 t_flicker=8 t_touched=18 t_no_reach=5
Ep  1900 | score   -0.48 | avg100   86.46 | grasp100  38.0% | best 0.875 |     55 st/s
    done(50): success=19 t_touched=28 t_no_reach=3
Ep  1950 | score    5.48 | avg100   81.77 | grasp100  36.0% | best 0.875 |     54 st/s
    done(50): success=17 t_flicker=4 t_touched=27 t_no_reach=2
Ep  2000 | score  -10.56 | avg100   62.76 | grasp100  27.0% | best 0.875 |     54 st/s
    done(50): success=10 t_flicker=5 t_touched=30 t_no_reach=5
Ep  2050 | score   55.06 | avg100   27.95 | grasp100  12.0% | best 0.875 |     53 st/s
    done(50): success=2 t_flicker=6 t_touched=33 t_no_reach=9
Ep  2100 | score   -2.63 | avg100    8.48 | grasp100   6.0% | best 0.875 |     52 st/s
    done(50): success=4 t_flicker=2 t_touched=17 t_no_reach=27
Ep  2150 | score  -27.14 | avg100    1.09 | grasp100   7.0% | best 0.875 |     52 st/s
    done(50): success=3 t_flicker=2 t_touched=15 t_no_reach=30
  [primacy-bias reset of critic heads @ 50000 updates]
Ep  2200 | score  -26.01 | avg100   22.03 | grasp100  17.0% | best 0.875 |     51 st/s
    done(50): success=14 t_flicker=2 t_touched=14 t_no_reach=20
Ep  2250 | score  -27.24 | avg100   11.38 | grasp100  14.0% | best 0.875 |     51 st/s
    done(50): t_touched=1 t_no_reach=49
Ep  2300 | score  -20.73 | avg100  -23.06 | grasp100   0.0% | best 0.875 |     50 st/s
    done(50): t_touched=4 t_no_reach=46
Ep  2350 | score   18.74 | avg100   -6.27 | grasp100   3.0% | best 0.875 |     50 st/s
    done(50): success=3 t_flicker=2 t_touched=21 t_no_reach=24
Ep  2400 | score  209.30 | avg100   19.48 | grasp100  10.0% | best 0.875 |     50 st/s
    done(50): success=7 t_flicker=6 t_touched=30 t_no_reach=7
Ep  2450 | score   -3.27 | avg100   49.77 | grasp100  20.0% | best 0.875 |     49 st/s
    done(50): success=13 t_flicker=14 t_touched=21 t_no_reach=2
Ep  2500 | score  213.71 | avg100   82.63 | grasp100  33.0% | best 0.875 |     49 st/s
    done(50): success=20 t_flicker=12 t_touched=16 t_no_reach=2
Ep  2550 | score  211.36 | avg100  106.70 | grasp100  45.0% | best 0.875 |     49 st/s
    done(50): success=25 t_flicker=8 t_touched=17
Ep  2600 | score  207.84 | avg100  131.13 | grasp100  56.0% | best 0.875 |     48 st/s
    done(50): success=31 t_flicker=6 t_touched=11 t_no_reach=2
Ep  2650 | score  211.52 | avg100  155.64 | grasp100  69.0% | best 0.875 |     48 st/s
    done(50): success=38 t_flicker=3 t_touched=9
Ep  2700 | score   10.65 | avg100  169.43 | grasp100  78.0% | best 0.875 |     47 st/s
    done(50): success=40 t_touched=10
Ep  2750 | score   16.60 | avg100  166.05 | grasp100  76.0% | best 0.875 |     47 st/s
    done(50): success=36 t_flicker=4 t_touched=8 t_no_reach=2
Ep  2800 | score  229.04 | avg100  164.73 | grasp100  76.0% | best 0.875 |     47 st/s
    done(50): success=40 t_flicker=2 t_touched=6 t_no_reach=2
Ep  2850 | score   -6.81 | avg100  178.61 | grasp100  84.0% | best 0.875 |     47 st/s
    done(50): success=44 t_flicker=1 t_touched=5
Ep  2900 | score  212.15 | avg100  172.05 | grasp100  81.0% | best 0.875 |     46 st/s
    done(50): success=37 t_flicker=3 t_touched=10
Ep  2950 | score  210.98 | avg100  167.88 | grasp100  79.0% | best 0.875 |     46 st/s
    done(50): success=42 t_flicker=1 t_touched=7
Ep  3000 | score  208.90 | avg100  169.94 | grasp100  80.0% | best 0.875 |     46 st/s
    done(50): success=38 t_touched=12
Ep  3050 | score  212.79 | avg100  172.07 | grasp100  81.0% | best 0.875 |     45 st/s
    done(50): success=43 t_touched=7
Ep  3100 | score   64.33 | avg100  176.28 | grasp100  83.0% | best 0.875 |     45 st/s
    done(50): success=40 t_flicker=2 t_touched=8
Ep  3150 | score  212.72 | avg100  172.61 | grasp100  81.0% | best 0.875 |     45 st/s
    done(50): success=41 t_flicker=1 t_touched=8
Ep  3200 | score  210.40 | avg100  166.99 | grasp100  78.0% | best 0.875 |     45 st/s
    done(50): success=37 t_flicker=2 t_touched=11
Ep  3250 | score   18.84 | avg100  146.37 | grasp100  68.0% | best 0.875 |     44 st/s
    done(50): success=31 t_flicker=1 t_touched=18
Ep  3300 | score  214.35 | avg100  157.20 | grasp100  73.0% | best 0.875 |     44 st/s
    done(50): success=42 t_flicker=3 t_touched=5
Ep  3350 | score  213.56 | avg100  179.06 | grasp100  83.0% | best 0.875 |     44 st/s
    done(50): success=41 t_flicker=1 t_touched=8
Ep  3400 | score    6.18 | avg100  177.53 | grasp100  82.0% | best 0.875 |     44 st/s
    done(50): success=41 t_flicker=3 t_touched=6
Ep  3450 | score  208.60 | avg100  173.22 | grasp100  80.0% | best 0.875 |     44 st/s
    done(50): success=39 t_flicker=2 t_touched=9
Ep  3500 | score  209.43 | avg100  175.40 | grasp100  81.0% | best 0.875 |     43 st/s
    done(50): success=42 t_flicker=3 t_touched=5
Ep  3550 | score  209.74 | avg100  166.84 | grasp100  77.0% | best 0.875 |     43 st/s
    done(50): success=35 t_flicker=2 t_touched=13
Ep  3600 | score  211.83 | avg100  155.47 | grasp100  71.0% | best 0.875 |     43 st/s
    done(50): success=36 t_flicker=4 t_touched=9 t_no_reach=1
  [primacy-bias reset of critic heads @ 75000 updates]
Ep  3650 | score  210.97 | avg100  172.44 | grasp100  80.0% | best 0.875 |     43 st/s
    done(50): success=44 t_flicker=1 t_touched=4 t_no_reach=1
Ep  3700 | score  -17.82 | avg100  106.66 | grasp100  51.0% | best 0.875 |     43 st/s
    done(50): success=7 t_flicker=4 t_touched=15 t_no_reach=24
Ep  3750 | score  -27.84 | avg100    9.73 | grasp100  10.0% | best 0.875 |     43 st/s
    done(50): success=3 t_touched=4 t_no_reach=43
Ep  3800 | score  216.32 | avg100    4.22 | grasp100   9.0% | best 0.875 |     43 st/s
    done(50): success=6 t_flicker=2 t_touched=19 t_no_reach=23
Ep  3850 | score  -12.26 | avg100   38.28 | grasp100  18.0% | best 0.875 |     42 st/s
    done(50): success=12 t_flicker=7 t_touched=28 t_no_reach=3
Ep  3900 | score  220.02 | avg100   94.18 | grasp100  40.0% | best 0.875 |     42 st/s
    done(50): success=28 t_flicker=9 t_touched=12 t_no_reach=1
Ep  3950 | score  208.80 | avg100  141.58 | grasp100  63.0% | best 0.875 |     42 st/s
    done(50): success=35 t_flicker=9 t_touched=6
Ep  4000 | score  211.41 | avg100  168.76 | grasp100  77.0% | best 0.875 |     42 st/s
    done(50): success=42 t_flicker=5 t_touched=3
Ep  4050 | score  209.00 | avg100  183.53 | grasp100  85.0% | best 0.875 |     42 st/s
    done(50): success=43 t_flicker=3 t_touched=4
Ep  4100 | score    9.61 | avg100  173.88 | grasp100  81.0% | best 0.875 |     42 st/s
    done(50): success=38 t_flicker=6 t_touched=6
Ep  4150 | score  211.24 | avg100  176.09 | grasp100  82.0% | best 0.875 |     42 st/s
    done(50): success=44 t_flicker=3 t_touched=3
Ep  4200 | score  211.95 | avg100  179.24 | grasp100  83.0% | best 0.875 |     41 st/s
    done(50): success=39 t_flicker=5 t_touched=6
Ep  4250 | score  207.26 | avg100  180.67 | grasp100  84.0% | best 0.875 |     41 st/s
    done(50): success=45 t_flicker=1 t_touched=4
Ep  4300 | score  210.61 | avg100  199.16 | grasp100  94.0% | best 0.875 |     41 st/s
    done(50): success=49 t_flicker=1
Ep  4312 | * BEST  level200=2.00 grasp200= 89.0% metric=0.890 | score  209.05
Ep  4323 | * BEST  level200=2.00 grasp200= 90.5% metric=0.905 | score  214.02
Ep  4350 | score    8.97 | avg100  199.40 | grasp100  94.0% | best 0.905 |     41 st/s
    done(50): success=45 t_flicker=2 t_touched=3
Ep  4386 | * BEST  level200=2.00 grasp200= 92.0% metric=0.920 | score  208.72
Ep  4400 | score  207.97 | avg100  190.06 | grasp100  89.0% | best 0.920 |     41 st/s
    done(50): success=44 t_flicker=1 t_touched=5
Ep  4450 | score  205.72 | avg100  185.02 | grasp100  86.0% | best 0.920 |     41 st/s
    done(50): success=42 t_flicker=3 t_touched=5
Ep  4500 | score  210.26 | avg100  186.97 | grasp100  87.0% | best 0.920 |     41 st/s
    done(50): success=45 t_flicker=3 t_touched=2
Ep  4550 | score  219.32 | avg100  196.86 | grasp100  92.0% | best 0.920 |     40 st/s
    done(50): success=47 t_flicker=3
Ep  4600 | score  216.57 | avg100  198.89 | grasp100  92.0% | best 0.920 |     40 st/s
    done(50): success=45 t_flicker=4 t_touched=1
Ep  4650 | score  212.44 | avg100  188.85 | grasp100  87.0% | best 0.920 |     40 st/s
    done(50): success=42 t_flicker=6 t_touched=2
Ep  4700 | score   97.95 | avg100  189.18 | grasp100  88.0% | best 0.920 |     40 st/s
    done(50): success=46 t_flicker=1 t_touched=3
Ep  4750 | score  210.08 | avg100  191.83 | grasp100  89.0% | best 0.920 |     40 st/s
    done(50): success=43 t_flicker=7
Ep  4800 | score  210.22 | avg100  188.70 | grasp100  88.0% | best 0.920 |     40 st/s
    done(50): success=45 t_flicker=1 t_touched=4
Ep  4850 | score  213.98 | avg100  188.61 | grasp100  89.0% | best 0.920 |     40 st/s
    done(50): success=44 t_flicker=3 t_touched=3
Ep  4900 | score  205.48 | avg100  186.23 | grasp100  88.0% | best 0.920 |     40 st/s
    done(50): success=44 t_flicker=3 t_touched=3
Ep  4950 | score  214.49 | avg100  182.67 | grasp100  86.0% | best 0.920 |     40 st/s
    done(50): success=42 t_flicker=4 t_touched=3 t_no_reach=1
Ep  5000 | score  209.07 | avg100  184.36 | grasp100  86.0% | best 0.920 |     39 st/s
    done(50): success=44 t_flicker=3 t_touched=3
Ep  5050 | score  211.46 | avg100  195.39 | grasp100  92.0% | best 0.920 |     39 st/s
    done(50): success=48 t_flicker=1 t_touched=1
Ep  5100 | score  209.73 | avg100  198.82 | grasp100  94.0% | best 0.920 |     39 st/s
    done(50): success=46 t_flicker=2 t_touched=2
Ep  5150 | score  211.57 | avg100  195.12 | grasp100  92.0% | best 0.920 |     39 st/s
    done(50): success=46 t_flicker=2 t_touched=2
Ep  5173 | * BEST  level200=2.00 grasp200= 93.5% metric=0.935 | score  207.66
Ep  5200 | score  209.27 | avg100  200.46 | grasp100  95.0% | best 0.935 |     39 st/s
    done(50): success=49 t_touched=1
Ep  5228 | * BEST  level200=2.00 grasp200= 95.0% metric=0.950 | score  206.74
Ep  5250 | score  227.35 | avg100  204.07 | grasp100  97.0% | best 0.950 |     39 st/s
    done(50): success=48 t_touched=2
Ep  5300 | score  209.17 | avg100  201.44 | grasp100  96.0% | best 0.950 |     39 st/s
    done(50): success=48 t_touched=1 t_no_reach=1
Ep  5316 | * BEST  level200=2.00 grasp200= 96.5% metric=0.965 | score  209.10
Ep  5350 | score    3.90 | avg100  197.22 | grasp100  94.0% | best 0.965 |     39 st/s
    done(50): success=46 t_flicker=1 t_touched=3
  [primacy-bias reset of critic heads @ 100000 updates]
Ep  5400 | score  -27.87 | avg100  173.57 | grasp100  84.0% | best 0.965 |     39 st/s
    done(50): success=38 t_touched=4 t_no_reach=8
Ep  5450 | score  -27.99 | avg100   63.44 | grasp100  38.0% | best 0.965 |     39 st/s
    done(50): t_no_reach=50
Ep  5500 | score  -16.90 | avg100  -23.77 | grasp100   1.0% | best 0.965 |     39 st/s
    done(50): success=1 t_no_reach=49
Ep  5550 | score  211.95 | avg100   15.03 | grasp100  14.0% | best 0.965 |     39 st/s
    done(50): success=13 t_flicker=4 t_touched=16 t_no_reach=17
Ep  5600 | score   12.35 | avg100   96.13 | grasp100  45.0% | best 0.965 |     39 st/s
    done(50): success=32 t_flicker=6 t_touched=11 t_no_reach=1
Ep  5650 | score  210.64 | avg100  152.82 | grasp100  69.0% | best 0.965 |     39 st/s
    done(50): success=37 t_flicker=9 t_touched=4
Ep  5700 | score  210.05 | avg100  174.77 | grasp100  80.0% | best 0.965 |     39 st/s
    done(50): success=43 t_flicker=2 t_touched=5
Ep  5750 | score  209.38 | avg100  194.50 | grasp100  91.0% | best 0.965 |     38 st/s
    done(50): success=48 t_flicker=1 t_touched=1
Ep  5800 | score  210.62 | avg100  200.06 | grasp100  94.0% | best 0.965 |     38 st/s
    done(50): success=46 t_flicker=2 t_touched=2
Ep  5850 | score  219.14 | avg100  199.91 | grasp100  94.0% | best 0.965 |     38 st/s
    done(50): success=48 t_touched=1 t_no_reach=1
Ep  5900 | score  248.06 | avg100  193.62 | grasp100  91.0% | best 0.965 |     38 st/s
    done(50): success=43 t_flicker=2 t_touched=4 t_no_reach=1
Ep  5950 | score  210.81 | avg100  191.32 | grasp100  90.0% | best 0.965 |     38 st/s
    done(50): success=47 t_flicker=1 t_touched=2
Ep  6000 | score  208.93 | avg100  204.37 | grasp100  97.0% | best 0.965 |     38 st/s
    done(50): success=50
Ep  6050 | score  211.47 | avg100  206.27 | grasp100  98.0% | best 0.965 |     38 st/s
    done(50): success=48 t_touched=2
Ep  6100 | score    5.04 | avg100  199.41 | grasp100  94.0% | best 0.965 |     38 st/s
    done(50): success=46 t_flicker=2 t_touched=2
Ep  6150 | score  210.98 | avg100  196.81 | grasp100  92.0% | best 0.965 |     38 st/s
    done(50): success=46 t_flicker=2 t_touched=2
Ep  6200 | score  208.35 | avg100  203.53 | grasp100  96.0% | best 0.965 |     38 st/s
    done(50): success=50
Ep  6250 | score  211.31 | avg100  208.40 | grasp100  99.0% | best 0.965 |     38 st/s
    done(50): success=49 t_touched=1
Ep  6300 | score  209.27 | avg100  209.21 | grasp100  99.0% | best 0.965 |     38 st/s
    done(50): success=50
Ep  6309 | * BEST  level200=2.00 grasp200= 98.0% metric=0.980 | score  210.31
Ep  6338 | * BEST  level200=2.00 grasp200= 99.5% metric=0.995 | score  212.18
Ep  6350 | score  207.62 | avg100  211.80 | grasp100 100.0% | best 0.995 |     38 st/s
    done(50): success=50
Ep  6400 | score  212.41 | avg100  210.29 | grasp100  99.0% | best 0.995 |     37 st/s
    done(50): success=49 t_touched=1
Ep  6450 | score  208.66 | avg100  204.14 | grasp100  96.0% | best 0.995 |     37 st/s
    done(50): success=47 t_flicker=2 t_touched=1
Ep  6500 | score  212.40 | avg100  201.73 | grasp100  95.0% | best 0.995 |     37 st/s
    done(50): success=48 t_flicker=1 t_touched=1
Ep  6550 | score  210.85 | avg100  205.11 | grasp100  97.0% | best 0.995 |     37 st/s
    done(50): success=49 t_touched=1
Ep  6600 | score  209.81 | avg100  207.11 | grasp100  98.0% | best 0.995 |     37 st/s
    done(50): success=49 t_touched=1
Ep  6650 | score  209.09 | avg100  208.89 | grasp100  97.0% | best 0.995 |     37 st/s
    done(50): success=48 t_flicker=1 t_touched=1
Ep  6700 | score  212.75 | avg100  210.16 | grasp100  97.0% | best 0.995 |     37 st/s
    done(50): success=49 t_touched=1
Ep  6750 | score  214.17 | avg100  212.64 | grasp100  99.0% | best 0.995 |     37 st/s
    done(50): success=50
Ep  6800 | score  209.28 | avg100  210.52 | grasp100  99.0% | best 0.995 |     37 st/s
    done(50): success=49 t_flicker=1
Ep  6850 | score  208.93 | avg100  209.47 | grasp100  99.0% | best 0.995 |     37 st/s
    done(50): success=50
Ep  6900 | score  210.12 | avg100  212.70 | grasp100 100.0% | best 0.995 |     37 st/s
    done(50): success=50
Ep  6950 | score  216.45 | avg100  211.05 | grasp100  99.0% | best 0.995 |     37 st/s
    done(50): success=49 t_flicker=1
Ep  7000 | score  208.30 | avg100  203.62 | grasp100  95.0% | best 0.995 |     37 st/s
    done(50): success=46 t_flicker=1 t_touched=3
Ep  7050 | score  225.31 | avg100  203.60 | grasp100  95.0% | best 0.995 |     37 st/s
    done(50): success=49 t_touched=1
Ep  7100 | score  209.36 | avg100  208.43 | grasp100  98.0% | best 0.995 |     37 st/s
    done(50): success=49 t_flicker=1
Ep  7150 | score  210.97 | avg100  210.54 | grasp100  99.0% | best 0.995 |     37 st/s
    done(50): success=50
Ep  7200 | score  212.85 | avg100  213.77 | grasp100 100.0% | best 0.995 |     36 st/s
    done(50): success=50
Ep  7250 | score  207.34 | avg100  211.99 | grasp100  99.0% | best 0.995 |     36 st/s
    done(50): success=49 t_flicker=1
  [primacy-bias reset of critic heads @ 125000 updates]
Ep  7300 | score  208.29 | avg100  207.32 | grasp100  97.0% | best 0.995 |     36 st/s
    done(50): success=48 t_touched=2
Ep  7350 | score  -27.70 | avg100   88.85 | grasp100  48.0% | best 0.995 |     36 st/s
    done(50): t_touched=2 t_no_reach=48
Ep  7400 | score  -13.54 | avg100  -26.83 | grasp100   0.0% | best 0.995 |     36 st/s
    done(50): t_touched=1 t_no_reach=49
Ep  7450 | score  210.79 | avg100   27.86 | grasp100  20.0% | best 0.995 |     36 st/s
    done(50): success=20 t_flicker=3 t_touched=12 t_no_reach=15
Ep  7500 | score  211.55 | avg100  113.33 | grasp100  53.0% | best 0.995 |     36 st/s
    done(50): success=33 t_flicker=5 t_touched=12
Ep  7550 | score   29.19 | avg100  160.48 | grasp100  73.0% | best 0.995 |     36 st/s
    done(50): success=40 t_flicker=8 t_touched=2
Ep  7600 | score  207.36 | avg100  181.88 | grasp100  83.0% | best 0.995 |     36 st/s
    done(50): success=43 t_flicker=5 t_touched=2
Ep  7650 | score  209.18 | avg100  192.37 | grasp100  90.0% | best 0.995 |     36 st/s
    done(50): success=47 t_touched=3
Ep  7700 | score  210.33 | avg100  204.84 | grasp100  97.0% | best 0.995 |     36 st/s
    done(50): success=50
Ep  7750 | score  220.95 | avg100  209.21 | grasp100  99.0% | best 0.995 |     36 st/s
    done(50): success=49 t_touched=1
Ep  7800 | score  210.18 | avg100  206.33 | grasp100  98.0% | best 0.995 |     36 st/s
    done(50): success=49 t_touched=1
Ep  7850 | score  213.37 | avg100  206.40 | grasp100  98.0% | best 0.995 |     36 st/s
    done(50): success=49 t_touched=1
Ep  7900 | score  208.74 | avg100  205.39 | grasp100  97.0% | best 0.995 |     36 st/s
    done(50): success=48 t_flicker=1 t_touched=1
Ep  7950 | score  208.23 | avg100  203.42 | grasp100  96.0% | best 0.995 |     36 st/s
    done(50): success=48 t_flicker=2
Ep  8000 | score  239.66 | avg100  207.39 | grasp100  98.0% | best 0.995 |     36 st/s
    done(50): success=50
Ep  8050 | score  212.04 | avg100  209.86 | grasp100  99.0% | best 0.995 |     36 st/s
    done(50): success=49 t_touched=1
Ep  8100 | score  208.64 | avg100  208.39 | grasp100  98.0% | best 0.995 |     36 st/s
    done(50): success=49 t_flicker=1
Ep  8150 | score  213.70 | avg100  208.24 | grasp100  98.0% | best 0.995 |     36 st/s
    done(50): success=49 t_touched=1
Ep  8200 | score  213.93 | avg100  207.91 | grasp100  98.0% | best 0.995 |     36 st/s
    done(50): success=49 t_touched=1
Ep  8250 | score  207.24 | avg100  210.37 | grasp100  99.0% | best 0.995 |     36 st/s
    done(50): success=50
Ep  8300 | score  207.36 | avg100  211.46 | grasp100 100.0% | best 0.995 |     36 st/s
    done(50): success=50
Ep  8350 | score  209.64 | avg100  207.05 | grasp100  97.0% | best 0.995 |     36 st/s
    done(50): success=47 t_flicker=2 t_touched=1
Ep  8400 | score   58.76 | avg100  204.82 | grasp100  95.0% | best 0.995 |     35 st/s
    done(50): success=48 t_flicker=2
Ep  8450 | score  208.56 | avg100  207.62 | grasp100  97.0% | best 0.995 |     35 st/s
    done(50): success=49 t_flicker=1
Ep  8500 | score  208.41 | avg100  210.32 | grasp100  99.0% | best 0.995 |     35 st/s
    done(50): success=50
Ep  8550 | score  207.95 | avg100  209.62 | grasp100  99.0% | best 0.995 |     35 st/s
    done(50): success=49 t_no_reach=1
Ep  8600 | score  212.22 | avg100  205.49 | grasp100  96.0% | best 0.995 |     35 st/s
    done(50): success=47 t_flicker=3
Ep  8650 | score  208.79 | avg100  206.60 | grasp100  97.0% | best 0.995 |     35 st/s
    done(50): success=50
Ep  8700 | score  207.08 | avg100  210.33 | grasp100 100.0% | best 0.995 |     35 st/s
    done(50): success=50
Ep  8750 | score  207.49 | avg100  211.76 | grasp100 100.0% | best 0.995 |     35 st/s
    done(50): success=50
Ep  8800 | score  225.65 | avg100  208.23 | grasp100  97.0% | best 0.995 |     35 st/s
    done(50): success=47 t_flicker=3
Ep  8850 | score  209.74 | avg100  207.30 | grasp100  97.0% | best 0.995 |     35 st/s
    done(50): success=50
Ep  8900 | score  207.48 | avg100  211.00 | grasp100  99.0% | best 0.995 |     35 st/s
    done(50): success=49 t_flicker=1
Ep  8950 | score  209.34 | avg100  209.60 | grasp100  98.0% | best 0.995 |     35 st/s
    done(50): success=49 t_flicker=1
Ep  9000 | score  211.69 | avg100  205.77 | grasp100  96.0% | best 0.995 |     35 st/s
    done(50): success=47 t_flicker=3
Ep  9050 | score  206.01 | avg100  208.03 | grasp100  97.0% | best 0.995 |     35 st/s
    done(50): success=50
Ep  9100 | score  210.09 | avg100  211.35 | grasp100  99.0% | best 0.995 |     35 st/s
    done(50): success=49 t_flicker=1
Ep  9150 | score  208.71 | avg100  206.60 | grasp100  96.0% | best 0.995 |     35 st/s
    done(50): success=47 t_flicker=3
Ep  9200 | score  206.56 | avg100  205.40 | grasp100  96.0% | best 0.995 |     35 st/s
    done(50): success=49 t_flicker=1
Ep  9250 | score  207.95 | avg100  209.67 | grasp100  99.0% | best 0.995 |     35 st/s
    done(50): success=50
Ep  9300 | score  209.94 | avg100  212.04 | grasp100 100.0% | best 0.995 |     35 st/s
    done(50): success=50
  [primacy-bias reset of critic heads @ 150000 updates]
Ep  9350 | score  -27.92 | avg100  135.51 | grasp100  68.0% | best 0.995 |     35 st/s
    done(50): success=18 t_touched=2 t_no_reach=30
Ep  9400 | score  -27.47 | avg100   15.40 | grasp100  18.0% | best 0.995 |     35 st/s
    done(50): t_no_reach=50
Ep  9450 | score   72.56 | avg100    5.84 | grasp100  10.0% | best 0.995 |     35 st/s
    done(50): success=10 t_flicker=3 t_touched=10 t_no_reach=27
Ep  9500 | score   -2.18 | avg100   90.20 | grasp100  43.0% | best 0.995 |     35 st/s
    done(50): success=33 t_flicker=6 t_touched=10 t_no_reach=1
Ep  9550 | score  211.21 | avg100  158.02 | grasp100  73.0% | best 0.995 |     35 st/s
    done(50): success=40 t_flicker=8 t_touched=1 t_no_reach=1
Ep  9600 | score  212.58 | avg100  174.86 | grasp100  80.0% | best 0.995 |     35 st/s
    done(50): success=40 t_flicker=4 t_touched=6
Ep  9650 | score  209.84 | avg100  186.80 | grasp100  87.0% | best 0.995 |     35 st/s
    done(50): success=47 t_flicker=1 t_touched=2
Ep  9700 | score   14.48 | avg100  196.70 | grasp100  93.0% | best 0.995 |     35 st/s
    done(50): success=46 t_flicker=1 t_touched=3
Ep  9750 | score  208.48 | avg100  199.13 | grasp100  94.0% | best 0.995 |     35 st/s
    done(50): success=48 t_flicker=2
Ep  9800 | score  208.72 | avg100  205.27 | grasp100  97.0% | best 0.995 |     35 st/s
    done(50): success=49 t_flicker=1
Ep  9850 | score    6.31 | avg100  206.79 | grasp100  98.0% | best 0.995 |     35 st/s
    done(50): success=49 t_touched=1
Ep  9900 | score  207.84 | avg100  208.38 | grasp100  99.0% | best 0.995 |     35 st/s
    done(50): success=50
Ep  9950 | score  207.74 | avg100  210.29 | grasp100 100.0% | best 0.995 |     34 st/s
    done(50): success=50
Ep 10000 | score  209.46 | avg100  209.98 | grasp100 100.0% | best 0.995 |     34 st/s
    done(50): success=50
Ep 10050 | score  206.42 | avg100  208.96 | grasp100 100.0% | best 0.995 |     34 st/s
    done(50): success=50
Ep 10100 | score  205.95 | avg100  209.22 | grasp100 100.0% | best 0.995 |     34 st/s
    done(50): success=50
Ep 10150 | score  211.72 | avg100  209.22 | grasp100 100.0% | best 0.995 |     34 st/s
    done(50): success=50
Ep 10200 | score  206.70 | avg100  209.54 | grasp100 100.0% | best 0.995 |     34 st/s
    done(50): success=50
Ep 10250 | score  211.76 | avg100  204.38 | grasp100  97.0% | best 0.995 |     34 st/s
    done(50): success=47 t_flicker=1 t_touched=2
Ep 10300 | score  207.11 | avg100  204.25 | grasp100  97.0% | best 0.995 |     34 st/s
    done(50): success=50
Ep 10350 | score  208.84 | avg100  210.50 | grasp100 100.0% | best 0.995 |     34 st/s
    done(50): success=50
Ep 10400 | score  210.41 | avg100  208.98 | grasp100  99.0% | best 0.995 |     34 st/s
    done(50): success=49 t_flicker=1
Ep 10450 | score  213.00 | avg100  208.13 | grasp100  99.0% | best 0.995 |     34 st/s
    done(50): success=50
Ep 10500 | score  208.37 | avg100  208.74 | grasp100 100.0% | best 0.995 |     34 st/s
    done(50): success=50
Ep 10550 | score  210.93 | avg100  207.53 | grasp100  99.0% | best 0.995 |     34 st/s
    done(50): success=49 t_flicker=1
Ep 10600 | score  209.77 | avg100  207.87 | grasp100  99.0% | best 0.995 |     34 st/s
    done(50): success=50
Ep 10650 | score  213.34 | avg100  209.07 | grasp100 100.0% | best 0.995 |     34 st/s
    done(50): success=50
Ep 10700 | score  207.10 | avg100  207.43 | grasp100  99.0% | best 0.995 |     34 st/s
    done(50): success=49 t_touched=1
Ep 10750 | score  206.94 | avg100  206.38 | grasp100  98.0% | best 0.995 |     34 st/s
    done(50): success=49 t_flicker=1
Ep 10800 | score  208.06 | avg100  207.89 | grasp100  99.0% | best 0.995 |     34 st/s
    done(50): success=50
Ep 10850 | score  207.05 | avg100  209.51 | grasp100 100.0% | best 0.995 |     34 st/s
    done(50): success=50
Ep 10900 | score  208.91 | avg100  210.66 | grasp100 100.0% | best 0.995 |     34 st/s
    done(50): success=50
Ep 10950 | score  207.19 | avg100  211.06 | grasp100 100.0% | best 0.995 |     34 st/s
    done(50): success=50
Ep 11000 | score  208.80 | avg100  209.04 | grasp100  99.0% | best 0.995 |     34 st/s
    done(50): success=49 t_flicker=1
Ep 11050 | score  206.52 | avg100  205.57 | grasp100  97.0% | best 0.995 |     34 st/s
    done(50): success=48 t_flicker=2
Ep 11100 | score  242.80 | avg100  205.68 | grasp100  97.0% | best 0.995 |     34 st/s
    done(50): success=49 t_flicker=1
Ep 11150 | score  206.44 | avg100  208.62 | grasp100  98.0% | best 0.995 |     34 st/s
    done(50): success=49 t_flicker=1
Ep 11200 | score  210.64 | avg100  208.48 | grasp100  98.0% | best 0.995 |     34 st/s
    done(50): success=49 t_flicker=1
Ep 11250 | score  207.77 | avg100  202.41 | grasp100  95.0% | best 0.995 |     34 st/s
    done(50): success=46 t_flicker=4
Ep 11300 | score  206.49 | avg100  198.06 | grasp100  92.0% | best 0.995 |     34 st/s
    done(50): success=46 t_flicker=4
Ep 11350 | score  211.45 | avg100  200.58 | grasp100  94.0% | best 0.995 |     34 st/s
    done(50): success=48 t_flicker=2
Ep 11400 | score  206.00 | avg100  204.19 | grasp100  96.0% | best 0.995 |     34 st/s
    done(50): success=48 t_flicker=2
  [primacy-bias reset of critic heads @ 175000 updates]
Ep 11450 | score  -27.99 | avg100  174.31 | grasp100  84.0% | best 0.995 |     34 st/s
    done(50): success=36 t_flicker=1 t_touched=2 t_no_reach=11
Ep 11500 | score  -27.78 | avg100   57.59 | grasp100  36.0% | best 0.995 |     34 st/s
    done(50): t_no_reach=50
Ep 11550 | score   -7.77 | avg100  -25.04 | grasp100   1.0% | best 0.995 |     34 st/s
    done(50): success=1 t_flicker=1 t_touched=1 t_no_reach=47
Ep 11600 | score   10.49 | avg100   44.42 | grasp100  27.0% | best 0.995 |     34 st/s
    done(50): success=26 t_flicker=5 t_touched=14 t_no_reach=5
Ep 11650 | score   57.55 | avg100  131.14 | grasp100  61.0% | best 0.995 |     34 st/s
    done(50): success=35 t_flicker=8 t_touched=6 t_no_reach=1
Ep 11700 | score   -9.09 | avg100  162.32 | grasp100  76.0% | best 0.995 |     34 st/s
    done(50): success=41 t_flicker=3 t_touched=6
Ep 11750 | score  210.83 | avg100  184.23 | grasp100  87.0% | best 0.995 |     34 st/s
    done(50): success=46 t_flicker=1 t_touched=3
Ep 11800 | score  207.05 | avg100  202.45 | grasp100  96.0% | best 0.995 |     34 st/s
    done(50): success=50
Ep 11850 | score  206.65 | avg100  209.54 | grasp100 100.0% | best 0.995 |     34 st/s
    done(50): success=50
Ep 11900 | score  211.38 | avg100  207.16 | grasp100  99.0% | best 0.995 |     33 st/s
    done(50): success=49 t_flicker=1
Ep 11950 | score  207.84 | avg100  202.87 | grasp100  97.0% | best 0.995 |     33 st/s
    done(50): success=48 t_flicker=1 t_touched=1
Ep 12000 | score  210.47 | avg100  205.30 | grasp100  98.0% | best 0.995 |     33 st/s
    done(50): success=50
Ep 12050 | score  209.05 | avg100  209.08 | grasp100 100.0% | best 0.995 |     33 st/s
    done(50): success=50
Ep 12100 | score  206.29 | avg100  206.00 | grasp100  98.0% | best 0.995 |     33 st/s
    done(50): success=48 t_flicker=2
Ep 12150 | score  206.77 | avg100  206.11 | grasp100  98.0% | best 0.995 |     33 st/s
    done(50): success=50
Ep 12200 | score  213.03 | avg100  208.69 | grasp100 100.0% | best 0.995 |     33 st/s
    done(50): success=50
Ep 12250 | score  207.42 | avg100  209.00 | grasp100 100.0% | best 0.995 |     33 st/s
    done(50): success=50
Ep 12300 | score  206.22 | avg100  208.10 | grasp100  99.0% | best 0.995 |     33 st/s
    done(50): success=49 t_flicker=1
Ep 12350 | score  211.65 | avg100  208.05 | grasp100  99.0% | best 0.995 |     33 st/s
    done(50): success=50
Ep 12400 | score  210.33 | avg100  208.66 | grasp100 100.0% | best 0.995 |     33 st/s
    done(50): success=50
Ep 12450 | score  207.99 | avg100  207.22 | grasp100  99.0% | best 0.995 |     33 st/s
    done(50): success=49 t_flicker=1
Ep 12500 | score  211.31 | avg100  207.41 | grasp100  99.0% | best 0.995 |     33 st/s
    done(50): success=50
Ep 12550 | score  220.22 | avg100  209.03 | grasp100 100.0% | best 0.995 |     33 st/s
    done(50): success=50
Ep 12600 | score  205.39 | avg100  209.03 | grasp100 100.0% | best 0.995 |     33 st/s
    done(50): success=50
Ep 12650 | score  206.52 | avg100  208.54 | grasp100 100.0% | best 0.995 |     33 st/s
    done(50): success=50
Ep 12700 | score  210.12 | avg100  209.32 | grasp100 100.0% | best 0.995 |     33 st/s
    done(50): success=50
Ep 12750 | score  219.80 | avg100  208.41 | grasp100  99.0% | best 0.995 |     33 st/s
    done(50): success=49 t_flicker=1
Ep 12800 | score  212.01 | avg100  207.55 | grasp100  99.0% | best 0.995 |     33 st/s
    done(50): success=50
Ep 12850 | score  205.99 | avg100  208.76 | grasp100 100.0% | best 0.995 |     33 st/s
    done(50): success=50
Ep 12900 | score  210.23 | avg100  208.16 | grasp100  99.0% | best 0.995 |     33 st/s
    done(50): success=49 t_flicker=1
Ep 12950 | score  217.02 | avg100  207.82 | grasp100  98.0% | best 0.995 |     33 st/s
    done(50): success=49 t_flicker=1
Ep 13000 | score  212.24 | avg100  207.81 | grasp100  98.0% | best 0.995 |     33 st/s
    done(50): success=49 t_flicker=1
Ep 13050 | score  210.67 | avg100  205.19 | grasp100  97.0% | best 0.995 |     33 st/s
    done(50): success=48 t_flicker=2
Ep 13100 | score  205.74 | avg100  204.81 | grasp100  97.0% | best 0.995 |     33 st/s
    done(50): success=49 t_flicker=1
Ep 13150 | score  206.72 | avg100  207.32 | grasp100  99.0% | best 0.995 |     33 st/s
    done(50): success=50
Ep 13200 | score  206.28 | avg100  207.96 | grasp100  99.0% | best 0.995 |     33 st/s
    done(50): success=49 t_touched=1
Ep 13250 | score  231.10 | avg100  207.24 | grasp100  98.0% | best 0.995 |     33 st/s
    done(50): success=49 t_flicker=1
Ep 13300 | score  210.05 | avg100  207.08 | grasp100  98.0% | best 0.995 |     33 st/s
    done(50): success=49 t_flicker=1
Ep 13350 | score  212.48 | avg100  205.82 | grasp100  97.0% | best 0.995 |     33 st/s
    done(50): success=48 t_flicker=2
Ep 13400 | score  207.95 | avg100  208.22 | grasp100  98.0% | best 0.995 |     33 st/s
    done(50): success=50
Ep 13450 | score  207.98 | avg100  208.97 | grasp100  99.0% | best 0.995 |     33 st/s
    done(50): success=49 t_flicker=1
Ep 13500 | score  205.23 | avg100  206.46 | grasp100  98.0% | best 0.995 |     33 st/s
    done(50): success=49 t_flicker=1
Ep 13550 | score  209.50 | avg100  210.06 | grasp100  99.0% | best 0.995 |     33 st/s
    done(50): success=50
Ep 13600 | score  211.60 | avg100  209.83 | grasp100  99.0% | best 0.995 |     33 st/s
    done(50): success=49 t_flicker=1
  [primacy-bias reset of critic heads @ 200000 updates]
Ep 13650 | score  -27.53 | avg100  163.76 | grasp100  80.0% | best 0.995 |     33 st/s
    done(50): success=31 t_flicker=1 t_touched=1 t_no_reach=17
Ep 13700 | score  -27.96 | avg100   46.39 | grasp100  31.0% | best 0.995 |     33 st/s
    done(50): t_no_reach=50
Ep 13750 | score  209.78 | avg100  -14.75 | grasp100   5.0% | best 0.995 |     33 st/s
    done(50): success=5 t_flicker=1 t_touched=1 t_no_reach=43
Ep 13800 | score  206.51 | avg100   63.78 | grasp100  35.0% | best 0.995 |     33 st/s
    done(50): success=30 t_flicker=5 t_touched=15
Ep 13850 | score   20.12 | avg100  148.04 | grasp100  69.0% | best 0.995 |     33 st/s
    done(50): success=39 t_flicker=6 t_touched=5
Ep 13900 | score  207.92 | avg100  171.52 | grasp100  80.0% | best 0.995 |     33 st/s
    done(50): success=41 t_flicker=3 t_touched=6
Ep 13950 | score  207.67 | avg100  190.55 | grasp100  90.0% | best 0.995 |     33 st/s
    done(50): success=49 t_touched=1
Ep 14000 | score  208.32 | avg100  207.17 | grasp100  99.0% | best 0.995 |     33 st/s
    done(50): success=50
Ep 14050 | score  207.43 | avg100  209.10 | grasp100 100.0% | best 0.995 |     33 st/s
    done(50): success=50
Ep 14100 | score  209.27 | avg100  207.86 | grasp100  99.0% | best 0.995 |     33 st/s
    done(50): success=49 t_flicker=1
Ep 14150 | score  208.70 | avg100  208.07 | grasp100  99.0% | best 0.995 |     33 st/s
    done(50): success=50
Ep 14200 | score  209.60 | avg100  208.77 | grasp100 100.0% | best 0.995 |     33 st/s
    done(50): success=50
Ep 14250 | score  206.93 | avg100  208.29 | grasp100 100.0% | best 0.995 |     32 st/s
    done(50): success=50
Ep 14300 | score  210.53 | avg100  208.44 | grasp100 100.0% | best 0.995 |     32 st/s
    done(50): success=50
Ep 14350 | score  209.75 | avg100  205.39 | grasp100  98.0% | best 0.995 |     32 st/s
    done(50): success=48 t_flicker=2
Ep 14400 | score  207.84 | avg100  205.38 | grasp100  98.0% | best 0.995 |     32 st/s
    done(50): success=50
Ep 14450 | score  205.15 | avg100  208.98 | grasp100 100.0% | best 0.995 |     32 st/s
    done(50): success=50
Ep 14500 | score  207.71 | avg100  206.73 | grasp100  99.0% | best 0.995 |     32 st/s
    done(50): success=49 t_touched=1
Ep 14550 | score  207.43 | avg100  206.10 | grasp100  99.0% | best 0.995 |     32 st/s
    done(50): success=50
Ep 14600 | score  207.17 | avg100  208.86 | grasp100 100.0% | best 0.995 |     32 st/s
    done(50): success=50
Ep 14650 | score  205.54 | avg100  206.78 | grasp100  99.0% | best 0.995 |     32 st/s
    done(50): success=49 t_touched=1
Ep 14700 | score  208.77 | avg100  202.20 | grasp100  96.0% | best 0.995 |     32 st/s
    done(50): success=47 t_flicker=2 t_touched=1
Ep 14750 | score  206.45 | avg100  204.30 | grasp100  97.0% | best 0.995 |     32 st/s
    done(50): success=50
Ep 14800 | score  212.40 | avg100  208.34 | grasp100 100.0% | best 0.995 |     32 st/s
    done(50): success=50
Ep 14850 | score  212.18 | avg100  209.07 | grasp100 100.0% | best 0.995 |     32 st/s
    done(50): success=50
Ep 14900 | score  205.71 | avg100  207.52 | grasp100  99.0% | best 0.995 |     32 st/s
    done(50): success=49 t_touched=1
Ep 14950 | score  205.95 | avg100  205.29 | grasp100  98.0% | best 0.995 |     32 st/s
    done(50): success=49 t_flicker=1
Ep 15000 | score  206.87 | avg100  207.46 | grasp100  99.0% | best 0.995 |     32 st/s
    done(50): success=50
Ep 15050 | score  247.75 | avg100  209.99 | grasp100 100.0% | best 0.995 |     32 st/s
    done(50): success=50
Ep 15100 | score  207.33 | avg100  209.73 | grasp100 100.0% | best 0.995 |     32 st/s
    done(50): success=50
Ep 15150 | score  206.50 | avg100  209.52 | grasp100 100.0% | best 0.995 |     32 st/s
    done(50): success=50
Ep 15200 | score  210.64 | avg100  209.14 | grasp100 100.0% | best 0.995 |     32 st/s
    done(50): success=50
Ep 15250 | score  207.32 | avg100  208.48 | grasp100 100.0% | best 0.995 |     32 st/s
    done(50): success=50
Ep 15300 | score  206.83 | avg100  209.14 | grasp100 100.0% | best 0.995 |     32 st/s
    done(50): success=50
Ep 15350 | score  210.15 | avg100  207.09 | grasp100  98.0% | best 0.995 |     32 st/s
    done(50): success=48 t_flicker=1 t_touched=1
Ep 15400 | score  210.78 | avg100  202.66 | grasp100  95.0% | best 0.995 |     32 st/s
    done(50): success=47 t_flicker=3
Ep 15450 | score  220.58 | avg100  207.08 | grasp100  97.0% | best 0.995 |     32 st/s
    done(50): success=50
Ep 15500 | score  206.21 | avg100  211.29 | grasp100 100.0% | best 0.995 |     32 st/s
    done(50): success=50
Ep 15550 | score  212.39 | avg100  208.76 | grasp100 100.0% | best 0.995 |     32 st/s
    done(50): success=50
Ep 15600 | score  205.45 | avg100  208.09 | grasp100 100.0% | best 0.995 |     32 st/s
    done(50): success=50
Ep 15650 | score  208.73 | avg100  208.74 | grasp100 100.0% | best 0.995 |     32 st/s
    done(50): success=50
Ep 15700 | score  210.36 | avg100  209.11 | grasp100 100.0% | best 0.995 |     32 st/s
    done(50): success=50
Ep 15750 | score  208.96 | avg100  210.33 | grasp100 100.0% | best 0.995 |     32 st/s
    done(50): success=50
Ep 15800 | score  216.21 | avg100  208.34 | grasp100  99.0% | best 0.995 |     32 st/s
    done(50): success=49 t_touched=1
  [primacy-bias reset of critic heads @ 225000 updates]
Ep 15850 | score  -27.88 | avg100  172.02 | grasp100  84.0% | best 0.995 |     32 st/s
    done(50): success=35 t_touched=1 t_no_reach=14
Ep 15900 | score  -19.80 | avg100   89.17 | grasp100  47.0% | best 0.995 |     32 st/s
    done(50): success=12 t_flicker=3 t_touched=11 t_no_reach=24
Ep 15950 | score  215.52 | avg100   35.88 | grasp100  21.0% | best 0.995 |     32 st/s
    done(50): success=9 t_flicker=8 t_touched=15 t_no_reach=18
Ep 16000 | score  205.97 | avg100   91.44 | grasp100  43.0% | best 0.995 |     32 st/s
    done(50): success=34 t_flicker=12 t_touched=4
Ep 16050 | score  208.22 | avg100  164.45 | grasp100  76.0% | best 0.995 |     32 st/s
    done(50): success=42 t_flicker=5 t_touched=3
Ep 16100 | score  209.50 | avg100  193.24 | grasp100  92.0% | best 0.995 |     32 st/s
    done(50): success=50
Ep 16150 | score  209.93 | avg100  206.22 | grasp100  99.0% | best 0.995 |     32 st/s
    done(50): success=49 t_touched=1
Ep 16200 | score  206.09 | avg100  204.49 | grasp100  98.0% | best 0.995 |     32 st/s
    done(50): success=49 t_touched=1
Ep 16250 | score  209.79 | avg100  206.33 | grasp100  99.0% | best 0.995 |     32 st/s
    done(50): success=50
Ep 16300 | score  212.04 | avg100  207.99 | grasp100 100.0% | best 0.995 |     32 st/s
    done(50): success=50
Ep 16350 | score  205.44 | avg100  203.62 | grasp100  98.0% | best 0.995 |     32 st/s
    done(50): success=48 t_touched=2
Ep 16400 | score  207.39 | avg100  199.65 | grasp100  96.0% | best 0.995 |     32 st/s
    done(50): success=48 t_flicker=1 t_touched=1
Ep 16450 | score  206.13 | avg100  204.14 | grasp100  98.0% | best 0.995 |     32 st/s
    done(50): success=50
Ep 16500 | score  206.29 | avg100  204.66 | grasp100  98.0% | best 0.995 |     32 st/s
    done(50): success=48 t_flicker=2
Ep 16550 | score  212.22 | avg100  204.58 | grasp100  98.0% | best 0.995 |     32 st/s
    done(50): success=50
Ep 16600 | score  216.04 | avg100  207.59 | grasp100  99.0% | best 0.995 |     32 st/s
    done(50): success=49 t_flicker=1
Ep 16650 | score  206.18 | avg100  208.50 | grasp100  99.0% | best 0.995 |     32 st/s
    done(50): success=50
Ep 16700 | score  206.00 | avg100  208.63 | grasp100  99.0% | best 0.995 |     32 st/s
    done(50): success=49 t_flicker=1
Ep 16750 | score  208.92 | avg100  205.15 | grasp100  97.0% | best 0.995 |     32 st/s
    done(50): success=48 t_flicker=1 t_touched=1
Ep 16800 | score  205.99 | avg100  207.16 | grasp100  98.0% | best 0.995 |     32 st/s
    done(50): success=50
Ep 16850 | score  205.86 | avg100  210.36 | grasp100 100.0% | best 0.995 |     32 st/s
    done(50): success=50
Ep 16900 | score  207.51 | avg100  208.39 | grasp100  99.0% | best 0.995 |     32 st/s
    done(50): success=49 t_flicker=1
Ep 16950 | score  208.27 | avg100  203.07 | grasp100  96.0% | best 0.995 |     32 st/s
    done(50): success=47 t_flicker=3
Ep 17000 | score  205.68 | avg100  202.25 | grasp100  96.0% | best 0.995 |     32 st/s
    done(50): success=49 t_flicker=1
Ep 17050 | score  204.94 | avg100  205.98 | grasp100  97.0% | best 0.995 |     32 st/s
    done(50): success=48 t_flicker=2
Ep 17100 | score  209.70 | avg100  207.03 | grasp100  96.0% | best 0.995 |     32 st/s
    done(50): success=48 t_flicker=2
Ep 17150 | score  209.15 | avg100  206.81 | grasp100  97.0% | best 0.995 |     32 st/s
    done(50): success=49 t_touched=1
Ep 17200 | score  208.78 | avg100  207.86 | grasp100  99.0% | best 0.995 |     32 st/s
    done(50): success=50
Ep 17250 | score  206.84 | avg100  208.65 | grasp100  99.0% | best 0.995 |     32 st/s
    done(50): success=49 t_flicker=1
Ep 17300 | score  205.72 | avg100  203.11 | grasp100  95.0% | best 0.995 |     32 st/s
    done(50): success=46 t_flicker=4
Ep 17350 | score  206.71 | avg100  205.55 | grasp100  96.0% | best 0.995 |     32 st/s
    done(50): success=50
Ep 17400 | score  207.00 | avg100  212.46 | grasp100 100.0% | best 0.995 |     31 st/s
    done(50): success=50
Ep 17450 | score  208.09 | avg100  207.26 | grasp100  97.0% | best 0.995 |     31 st/s
    done(50): success=47 t_flicker=3
Ep 17500 | score  207.78 | avg100  204.50 | grasp100  96.0% | best 0.995 |     31 st/s
    done(50): success=49 t_flicker=1
Ep 17550 | score  208.88 | avg100  206.38 | grasp100  98.0% | best 0.995 |     31 st/s
    done(50): success=49 t_flicker=1
Ep 17600 | score  205.55 | avg100  207.95 | grasp100  99.0% | best 0.995 |     31 st/s
    done(50): success=50
Ep 17650 | score  212.11 | avg100  208.95 | grasp100  99.0% | best 0.995 |     31 st/s
    done(50): success=49 t_flicker=1
Ep 17700 | score  215.15 | avg100  210.13 | grasp100  99.0% | best 0.995 |     31 st/s
    done(50): success=50
Ep 17750 | score  206.60 | avg100  212.09 | grasp100  99.0% | best 0.995 |     31 st/s
    done(50): success=49 t_flicker=1
Ep 17800 | score  209.10 | avg100  210.75 | grasp100  98.0% | best 0.995 |     31 st/s
    done(50): success=49 t_flicker=1
Ep 17850 | score  211.34 | avg100  209.28 | grasp100  98.0% | best 0.995 |     31 st/s
    done(50): success=49 t_flicker=1
Ep 17900 | score  205.60 | avg100  210.43 | grasp100  99.0% | best 0.995 |     31 st/s
    done(50): success=50
Ep 17950 | score  211.07 | avg100  211.93 | grasp100 100.0% | best 0.995 |     31 st/s
    done(50): success=50
Ep 18000 | score  210.12 | avg100  208.28 | grasp100  98.0% | best 0.995 |     31 st/s
    done(50): success=48 t_flicker=1 t_touched=1
Ep 18050 | score  210.27 | avg100  206.09 | grasp100  97.0% | best 0.995 |     31 st/s
    done(50): success=49 t_flicker=1
  [primacy-bias reset of critic heads @ 250000 updates]
Ep 18100 | score  -27.91 | avg100  190.70 | grasp100  91.0% | best 0.995 |     31 st/s
    done(50): success=42 t_flicker=1 t_touched=5 t_no_reach=2
Ep 18150 | score  -27.93 | avg100   72.97 | grasp100  42.0% | best 0.995 |     31 st/s
    done(50): t_no_reach=50
Ep 18200 | score  -27.90 | avg100  -27.88 | grasp100   0.0% | best 0.995 |     31 st/s
    done(50): t_no_reach=50
Ep 18250 | score  207.31 | avg100    9.67 | grasp100  11.0% | best 0.995 |     31 st/s
    done(50): success=11 t_flicker=10 t_touched=20 t_no_reach=9
Ep 18300 | score  205.98 | avg100  110.31 | grasp100  51.0% | best 0.995 |     31 st/s
    done(50): success=40 t_flicker=5 t_touched=5
Ep 18350 | score  204.98 | avg100  189.46 | grasp100  89.0% | best 0.995 |     31 st/s
    done(50): success=49 t_flicker=1
========================================================================
RANDOM-SPAWN GRASP RETRAINING  |  algo=td3_ln  run=td3_ln_can_warm_s1
========================================================================
  Envs                : 5 (subprocess-parallel, fork)
  Spawn level         : 2.0 (1.0 = full position box, 2.0 = + z-rotation)
  Updates/vec-step    : 2 (0.400 per env-step; historical baseline 0.5)
  Buffer              : 2,000,000
  Actor               : 64 -> 32  (5,216 weights)  [critics 512->256]
  Warm start          : checkpoints/td3_grasp_rand_td3_ln_c2m512_s1/best
  Checkpoints         : /home/fahim/Thesis_fahim/pickandplace/checkpoints/td3_grasp_rand_td3_ln_can_warm_s1
========================================================================

Spawning 5 subprocess environments (fork)...
[robosuite WARNING] No private macro file found! (__init__.py:7)
[robosuite WARNING] It is recommended to use a private macro file (__init__.py:8)
[robosuite WARNING] To setup, run: python /home/fahim/Thesis_fahim/venv/lib/python3.12/site-packages/robosuite/scripts/setup_macros.py (__init__.py:9)
[robosuite WARNING] No private macro file found! (__init__.py:7)
[robosuite WARNING] It is recommended to use a private macro file (__init__.py:8)
[robosuite WARNING] To setup, run: python /home/fahim/Thesis_fahim/venv/lib/python3.12/site-packages/robosuite/scripts/setup_macros.py (__init__.py:9)
[robosuite WARNING] No private macro file found! (__init__.py:7)
[robosuite WARNING] It is recommended to use a private macro file (__init__.py:8)
[robosuite WARNING] To setup, run: python /home/fahim/Thesis_fahim/venv/lib/python3.12/site-packages/robosuite/scripts/setup_macros.py (__init__.py:9)
[robosuite WARNING] No private macro file found! (__init__.py:7)
[robosuite WARNING] It is recommended to use a private macro file (__init__.py:8)
[robosuite WARNING] To setup, run: python /home/fahim/Thesis_fahim/venv/lib/python3.12/site-packages/robosuite/scripts/setup_macros.py (__init__.py:9)
[robosuite WARNING] No private macro file found! (__init__.py:7)
[robosuite WARNING] It is recommended to use a private macro file (__init__.py:8)
[robosuite WARNING] To setup, run: python /home/fahim/Thesis_fahim/venv/lib/python3.12/site-packages/robosuite/scripts/setup_macros.py (__init__.py:9)
Gym has been unmaintained since 2022 and does not support NumPy 2.0 amongst other critical functionality.
Please upgrade to Gymnasium, the maintained drop-in replacement of Gym, or contact the authors of your software and request that they upgrade.
See the migration guide at https://gymnasium.farama.org/introduction/migration_guide/ for additional information.
Gym has been unmaintained since 2022 and does not support NumPy 2.0 amongst other critical functionality.
Please upgrade to Gymnasium, the maintained drop-in replacement of Gym, or contact the authors of your software and request that they upgrade.
See the migration guide at https://gymnasium.farama.org/introduction/migration_guide/ for additional information.
Gym has been unmaintained since 2022 and does not support NumPy 2.0 amongst other critical functionality.
Please upgrade to Gymnasium, the maintained drop-in replacement of Gym, or contact the authors of your software and request that they upgrade.
See the migration guide at https://gymnasium.farama.org/introduction/migration_guide/ for additional information.
Gym has been unmaintained since 2022 and does not support NumPy 2.0 amongst other critical functionality.
Please upgrade to Gymnasium, the maintained drop-in replacement of Gym, or contact the authors of your software and request that they upgrade.
See the migration guide at https://gymnasium.farama.org/introduction/migration_guide/ for additional information.
Gym has been unmaintained since 2022 and does not support NumPy 2.0 amongst other critical functionality.
Please upgrade to Gymnasium, the maintained drop-in replacement of Gym, or contact the authors of your software and request that they upgrade.
See the migration guide at https://gymnasium.farama.org/introduction/migration_guide/ for additional information.
/home/fahim/Thesis_fahim/venv/lib/python3.12/site-packages/gym/spaces/box.py:84: UserWarning: [33mWARN: Box bound precision lowered by casting to float32[0m
  logger.warn(f"Box bound precision lowered by casting to {self.dtype}")
/home/fahim/Thesis_fahim/venv/lib/python3.12/site-packages/gym/spaces/box.py:84: UserWarning: [33mWARN: Box bound precision lowered by casting to float32[0m
  logger.warn(f"Box bound precision lowered by casting to {self.dtype}")
Gym has been unmaintained since 2022 and does not support NumPy 2.0 amongst other critical functionality.
Please upgrade to Gymnasium, the maintained drop-in replacement of Gym, or contact the authors of your software and request that they upgrade.
See the migration guide at https://gymnasium.farama.org/introduction/migration_guide/ for additional information.
5 environments ready.

/home/fahim/Thesis_fahim/venv/lib/python3.12/site-packages/gym/spaces/box.py:84: UserWarning: [33mWARN: Box bound precision lowered by casting to float32[0m
  logger.warn(f"Box bound precision lowered by casting to {self.dtype}")
/home/fahim/Thesis_fahim/venv/lib/python3.12/site-packages/gym/spaces/box.py:84: UserWarning: [33mWARN: Box bound precision lowered by casting to float32[0m
  logger.warn(f"Box bound precision lowered by casting to {self.dtype}")
/home/fahim/Thesis_fahim/venv/lib/python3.12/site-packages/gym/spaces/box.py:84: UserWarning: [33mWARN: Box bound precision lowered by casting to float32[0m
  logger.warn(f"Box bound precision lowered by casting to {self.dtype}")
  Actor QAT           : per-tensor INT8 fake-quant, STE grads
  Actor weight clip   : |w| <= 8.0 * std(w) per Linear tensor (bi_s0 baseline fc1 9.96 / fc2 10.82)
Init: resumed (source: /home/fahim/Thesis_fahim/pickandplace/checkpoints/td3_grasp_rand_td3_ln_c2m512_s1/best)
Resumed replay buffer (632,950 transitions).

Training...

Ep    50 | score  210.94 | avg100  208.37 | grasp100  98.0% | best 0.000 |     17 st/s
    done(50): success=49 t_flicker=1
Ep   100 | score  205.37 | avg100  210.08 | grasp100  99.0% | best 0.000 |     17 st/s
    done(50): success=50
Ep   150 | score  205.23 | avg100  211.34 | grasp100 100.0% | best 0.000 |     17 st/s
    done(50): success=50
Ep   200 | * BEST  level200=2.00 grasp200= 99.0% metric=0.990 | score  206.79
Ep   250 | score  204.93 | avg100  208.00 | grasp100  99.0% | best 0.990 |     17 st/s
    done(50): success=50
Ep   300 | score  206.37 | avg100  208.77 | grasp100 100.0% | best 0.990 |     17 st/s
    done(50): success=50
Ep   350 | score  205.68 | avg100  208.14 | grasp100 100.0% | best 0.990 |     17 st/s
    done(50): success=50
Ep   400 | score  207.58 | avg100  207.82 | grasp100  99.0% | best 0.990 |     17 st/s
    done(50): success=49 t_flicker=1
Ep   450 | score  205.87 | avg100  208.87 | grasp100  99.0% | best 0.990 |     17 st/s
    done(50): success=50
Ep   500 | score  207.86 | avg100  209.66 | grasp100 100.0% | best 0.990 |     17 st/s
    done(50): success=50
Ep   550 | score  206.80 | avg100  209.79 | grasp100 100.0% | best 0.990 |     18 st/s
    done(50): success=50
Ep   600 | score  210.40 | avg100  210.71 | grasp100 100.0% | best 0.990 |     18 st/s
    done(50): success=50
Ep   650 | score  221.60 | avg100  209.20 | grasp100  99.0% | best 0.990 |     19 st/s
    done(50): success=49 t_flicker=1
Ep   700 | score  207.98 | avg100  206.78 | grasp100  98.0% | best 0.990 |     19 st/s
    done(50): success=49 t_flicker=1
Ep   750 | score  210.26 | avg100  207.16 | grasp100  99.0% | best 0.990 |     20 st/s
    done(50): success=50
Ep   800 | score  207.47 | avg100  207.86 | grasp100  99.0% | best 0.990 |     20 st/s
    done(50): success=49 t_flicker=1
Ep   850 | score  209.80 | avg100  207.35 | grasp100  99.0% | best 0.990 |     21 st/s
    done(50): success=50
Ep   900 | score  241.32 | avg100  208.37 | grasp100 100.0% | best 0.990 |     21 st/s
    done(50): success=50
Ep   950 | score  207.59 | avg100  208.83 | grasp100 100.0% | best 0.990 |     21 st/s
    done(50): success=50
Ep  1000 | score  216.83 | avg100  207.28 | grasp100  99.0% | best 0.990 |     22 st/s
    done(50): success=49 t_flicker=1
Ep  1050 | score  208.20 | avg100  207.78 | grasp100  99.0% | best 0.990 |     22 st/s
    done(50): success=50
Ep  1100 | score  207.87 | avg100  210.06 | grasp100 100.0% | best 0.990 |     22 st/s
    done(50): success=50
Ep  1150 | score  205.92 | avg100  206.57 | grasp100  98.0% | best 0.990 |     22 st/s
    done(50): success=48 t_flicker=2
Ep  1200 | score  210.38 | avg100  205.89 | grasp100  98.0% | best 0.990 |     23 st/s
    done(50): success=50
Ep  1250 | score  211.02 | avg100  209.05 | grasp100 100.0% | best 0.990 |     23 st/s
    done(50): success=50
Ep  1300 | score  206.77 | avg100  207.12 | grasp100  99.0% | best 0.990 |     23 st/s
    done(50): success=49 t_flicker=1
Ep  1350 | score  208.35 | avg100  207.09 | grasp100  99.0% | best 0.990 |     23 st/s
    done(50): success=50
Ep  1400 | score  207.13 | avg100  209.02 | grasp100 100.0% | best 0.990 |     24 st/s
    done(50): success=50
Ep  1450 | score  205.38 | avg100  210.57 | grasp100 100.0% | best 0.990 |     24 st/s
    done(50): success=50
Ep  1500 | score  252.90 | avg100  211.37 | grasp100 100.0% | best 0.990 |     24 st/s
    done(50): success=50
Ep  1550 | score  210.13 | avg100  209.52 | grasp100 100.0% | best 0.990 |     24 st/s
    done(50): success=50
Ep  1600 | score  209.95 | avg100  207.03 | grasp100  99.0% | best 0.990 |     24 st/s
    done(50): success=49 t_flicker=1
Ep  1650 | score  236.24 | avg100  207.44 | grasp100  99.0% | best 0.990 |     24 st/s
    done(50): success=50
Ep  1700 | score  211.66 | avg100  208.43 | grasp100 100.0% | best 0.990 |     24 st/s
    done(50): success=50
Ep  1750 | score  206.69 | avg100  206.89 | grasp100  99.0% | best 0.990 |     25 st/s
    done(50): success=49 t_flicker=1
Ep  1800 | score  207.44 | avg100  205.99 | grasp100  98.0% | best 0.990 |     25 st/s
    done(50): success=49 t_flicker=1
Ep  1850 | score  211.12 | avg100  207.36 | grasp100  99.0% | best 0.990 |     25 st/s
    done(50): success=50
Ep  1900 | score  210.37 | avg100  208.41 | grasp100 100.0% | best 0.990 |     25 st/s
    done(50): success=50
Ep  1950 | score  207.39 | avg100  207.14 | grasp100  99.0% | best 0.990 |     25 st/s
    done(50): success=49 t_flicker=1
Ep  2000 | score  211.29 | avg100  206.11 | grasp100  98.0% | best 0.990 |     25 st/s
    done(50): success=49 t_flicker=1
Ep  2050 | score  207.80 | avg100  206.11 | grasp100  98.0% | best 0.990 |     25 st/s
    done(50): success=49 t_flicker=1
Ep  2100 | score  204.64 | avg100  205.44 | grasp100  98.0% | best 0.990 |     25 st/s
    done(50): success=49 t_flicker=1
Ep  2150 | score  206.70 | avg100  207.09 | grasp100  99.0% | best 0.990 |     25 st/s
    done(50): success=50
Ep  2200 | score  205.47 | avg100  209.27 | grasp100 100.0% | best 0.990 |     26 st/s
    done(50): success=50
Ep  2250 | score  205.65 | avg100  207.61 | grasp100  99.0% | best 0.990 |     26 st/s
    done(50): success=49 t_flicker=1
Ep  2300 | score  207.87 | avg100  206.23 | grasp100  98.0% | best 0.990 |     26 st/s
    done(50): success=49 t_touched=1
Ep  2350 | score  214.90 | avg100  207.63 | grasp100  99.0% | best 0.990 |     26 st/s
    done(50): success=50
Ep  2400 | score  206.71 | avg100  209.04 | grasp100 100.0% | best 0.990 |     26 st/s
    done(50): success=50
  [primacy-bias reset of critic heads @ 25000 updates]
Ep  2450 | score  -24.74 | avg100  195.96 | grasp100  93.0% | best 0.990 |     26 st/s
    done(50): success=43 t_flicker=3 t_touched=2 t_no_reach=2
Ep  2500 | score  -27.15 | avg100   77.55 | grasp100  43.0% | best 0.990 |     27 st/s
    done(50): t_no_reach=50
Ep  2550 | score  207.82 | avg100  -12.46 | grasp100   6.0% | best 0.990 |     27 st/s
    done(50): success=6 t_flicker=1 t_touched=3 t_no_reach=40
Ep  2600 | score  210.18 | avg100   61.82 | grasp100  35.0% | best 0.990 |     28 st/s
    done(50): success=29 t_flicker=5 t_touched=15 t_no_reach=1
Ep  2650 | score  213.57 | avg100  158.97 | grasp100  76.0% | best 0.990 |     28 st/s
    done(50): success=47 t_flicker=3
Ep  2700 | score  211.23 | avg100  201.23 | grasp100  96.0% | best 0.990 |     28 st/s
    done(50): success=49 t_flicker=1
Ep  2750 | score  210.89 | avg100  206.51 | grasp100  99.0% | best 0.990 |     28 st/s
    done(50): success=50
Ep  2800 | score  210.57 | avg100  205.69 | grasp100  99.0% | best 0.990 |     28 st/s
    done(50): success=49 t_touched=1
Ep  2850 | score  210.37 | avg100  203.74 | grasp100  98.0% | best 0.990 |     28 st/s
    done(50): success=49 t_touched=1
Ep  2900 | score  206.11 | avg100  206.09 | grasp100  99.0% | best 0.990 |     28 st/s
    done(50): success=50
Ep  2950 | score  206.24 | avg100  208.24 | grasp100 100.0% | best 0.990 |     28 st/s
    done(50): success=50
Ep  3000 | score  206.45 | avg100  208.15 | grasp100 100.0% | best 0.990 |     28 st/s
    done(50): success=50
Ep  3050 | score  209.35 | avg100  207.89 | grasp100 100.0% | best 0.990 |     28 st/s
    done(50): success=50
Ep  3100 | score  208.81 | avg100  208.61 | grasp100 100.0% | best 0.990 |     28 st/s
    done(50): success=50
Ep  3150 | score   55.36 | avg100  204.17 | grasp100  96.0% | best 0.990 |     28 st/s
    done(50): success=46 t_flicker=4
Ep  3200 | score  212.90 | avg100  202.93 | grasp100  95.0% | best 0.990 |     28 st/s
    done(50): success=49 t_flicker=1
Ep  3250 | score  207.14 | avg100  205.91 | grasp100  97.0% | best 0.990 |     28 st/s
    done(50): success=48 t_flicker=2
Ep  3300 | score  208.57 | avg100  206.77 | grasp100  97.0% | best 0.990 |     28 st/s
    done(50): success=49 t_flicker=1
Ep  3350 | score  206.86 | avg100  207.77 | grasp100  98.0% | best 0.990 |     28 st/s
    done(50): success=49 t_flicker=1
Ep  3400 | score  209.67 | avg100  206.09 | grasp100  98.0% | best 0.990 |     28 st/s
    done(50): success=49 t_flicker=1
Ep  3450 | score  205.44 | avg100  207.68 | grasp100  99.0% | best 0.990 |     28 st/s
    done(50): success=50
Ep  3500 | score  207.64 | avg100  207.29 | grasp100  98.0% | best 0.990 |     28 st/s
    done(50): success=48 t_flicker=2
Ep  3550 | score  207.89 | avg100  204.90 | grasp100  96.0% | best 0.990 |     28 st/s
    done(50): success=48 t_flicker=2
Ep  3600 | score  207.76 | avg100  206.90 | grasp100  97.0% | best 0.990 |     28 st/s
    done(50): success=49 t_flicker=1
Ep  3650 | score  206.01 | avg100  204.85 | grasp100  96.0% | best 0.990 |     28 st/s
    done(50): success=47 t_flicker=2 t_touched=1
Ep  3700 | score  208.72 | avg100  203.21 | grasp100  95.0% | best 0.990 |     28 st/s
    done(50): success=48 t_flicker=2
Ep  3750 | score  207.39 | avg100  202.95 | grasp100  95.0% | best 0.990 |     29 st/s
    done(50): success=47 t_flicker=3
Ep  3800 | score  205.88 | avg100  202.94 | grasp100  95.0% | best 0.990 |     29 st/s
    done(50): success=48 t_flicker=2
Ep  3850 | score  208.10 | avg100  204.78 | grasp100  96.0% | best 0.990 |     29 st/s
    done(50): success=48 t_flicker=2
Ep  3900 | score  205.06 | avg100  206.11 | grasp100  97.0% | best 0.990 |     29 st/s
    done(50): success=49 t_flicker=1
Ep  3950 | score  244.89 | avg100  202.80 | grasp100  95.0% | best 0.990 |     29 st/s
    done(50): success=46 t_flicker=2 t_touched=2
Ep  4000 | score  209.13 | avg100  199.80 | grasp100  94.0% | best 0.990 |     29 st/s
    done(50): success=48 t_flicker=1 t_touched=1
Ep  4050 | score   64.27 | avg100  198.35 | grasp100  93.0% | best 0.990 |     29 st/s
    done(50): success=45 t_flicker=5
Ep  4100 | score  216.93 | avg100  197.15 | grasp100  92.0% | best 0.990 |     29 st/s
    done(50): success=47 t_flicker=2 t_touched=1
Ep  4150 | score   66.11 | avg100  199.45 | grasp100  93.0% | best 0.990 |     29 st/s
    done(50): success=46 t_flicker=4
Ep  4200 | score  206.49 | avg100  204.49 | grasp100  96.0% | best 0.990 |     29 st/s
    done(50): success=50
Ep  4250 | score   65.70 | avg100  199.75 | grasp100  93.0% | best 0.990 |     29 st/s
    done(50): success=43 t_flicker=7
Ep  4300 | score  209.88 | avg100  195.79 | grasp100  91.0% | best 0.990 |     29 st/s
    done(50): success=48 t_flicker=2
Ep  4350 | score  206.45 | avg100  205.10 | grasp100  97.0% | best 0.990 |     29 st/s
    done(50): success=49 t_flicker=1
Ep  4400 | score  207.30 | avg100  208.92 | grasp100  99.0% | best 0.990 |     29 st/s
    done(50): success=50
Ep  4450 | score  207.11 | avg100  209.66 | grasp100 100.0% | best 0.990 |     29 st/s
    done(50): success=50
Ep  4500 | score  210.19 | avg100  208.42 | grasp100  99.0% | best 0.990 |     29 st/s
    done(50): success=49 t_flicker=1
Ep  4550 | score  207.86 | avg100  205.27 | grasp100  97.0% | best 0.990 |     29 st/s
    done(50): success=48 t_flicker=2
Ep  4600 | score  209.99 | avg100  206.44 | grasp100  98.0% | best 0.990 |     29 st/s
    done(50): success=50
Ep  4650 | score  211.15 | avg100  207.93 | grasp100  99.0% | best 0.990 |     29 st/s
    done(50): success=49 t_flicker=1
  [primacy-bias reset of critic heads @ 50000 updates]
Ep  4700 | score  207.37 | avg100  208.21 | grasp100  99.0% | best 0.990 |     29 st/s
    done(50): success=50
Ep  4750 | score  -27.94 | avg100   91.77 | grasp100  50.0% | best 0.990 |     28 st/s
    done(50): t_touched=1 t_no_reach=49
Ep  4800 | score  184.47 | avg100  -13.78 | grasp100   5.0% | best 0.990 |     28 st/s
    done(50): success=5 t_touched=6 t_no_reach=39
Ep  4850 | score  206.34 | avg100   46.37 | grasp100  29.0% | best 0.990 |     28 st/s
    done(50): success=24 t_flicker=3 t_touched=21 t_no_reach=2
Ep  4900 | score  208.22 | avg100  150.70 | grasp100  74.0% | best 0.990 |     28 st/s
    done(50): success=50
Ep  4950 | score  206.70 | avg100  207.65 | grasp100 100.0% | best 0.990 |     28 st/s
    done(50): success=50
Ep  5000 | score  211.36 | avg100  208.31 | grasp100 100.0% | best 0.990 |     28 st/s
    done(50): success=50
Ep  5050 | score  206.78 | avg100  208.23 | grasp100 100.0% | best 0.990 |     28 st/s
    done(50): success=50
Ep  5100 | score  208.62 | avg100  205.83 | grasp100  99.0% | best 0.990 |     28 st/s
    done(50): success=49 t_flicker=1
Ep  5150 | score  211.68 | avg100  206.40 | grasp100  99.0% | best 0.990 |     28 st/s
    done(50): success=50
Ep  5200 | score  207.08 | avg100  207.55 | grasp100  99.0% | best 0.990 |     28 st/s
    done(50): success=49 t_flicker=1
Ep  5250 | score  207.69 | avg100  207.26 | grasp100  99.0% | best 0.990 |     28 st/s
    done(50): success=50
Ep  5300 | score  205.88 | avg100  208.03 | grasp100 100.0% | best 0.990 |     28 st/s
    done(50): success=50
Ep  5350 | score  208.75 | avg100  208.95 | grasp100 100.0% | best 0.990 |     28 st/s
    done(50): success=50
Ep  5400 | score  207.23 | avg100  209.37 | grasp100 100.0% | best 0.990 |     28 st/s
    done(50): success=50
Ep  5450 | score  207.75 | avg100  208.51 | grasp100 100.0% | best 0.990 |     28 st/s
    done(50): success=50
Ep  5500 | score  207.35 | avg100  208.06 | grasp100 100.0% | best 0.990 |     28 st/s
    done(50): success=50
Ep  5550 | score  207.03 | avg100  207.77 | grasp100 100.0% | best 0.990 |     28 st/s
    done(50): success=50
Ep  5600 | score  208.80 | avg100  207.48 | grasp100 100.0% | best 0.990 |     28 st/s
    done(50): success=50
Ep  5650 | score  206.29 | avg100  207.49 | grasp100 100.0% | best 0.990 |     28 st/s
    done(50): success=50
Ep  5700 | score  227.88 | avg100  205.64 | grasp100  98.0% | best 0.990 |     28 st/s
    done(50): success=48 t_flicker=2
Ep  5750 | score  207.53 | avg100  202.99 | grasp100  96.0% | best 0.990 |     28 st/s
    done(50): success=48 t_flicker=2
Ep  5800 | score  207.39 | avg100  203.27 | grasp100  96.0% | best 0.990 |     28 st/s
    done(50): success=48 t_flicker=2
Ep  5850 | score  211.71 | avg100  203.95 | grasp100  97.0% | best 0.990 |     28 st/s
    done(50): success=49 t_touched=1
Ep  5900 | score  210.84 | avg100  205.99 | grasp100  99.0% | best 0.990 |     28 st/s
    done(50): success=50
Ep  5950 | score  206.60 | avg100  209.28 | grasp100 100.0% | best 0.990 |     28 st/s
    done(50): success=50
Ep  6000 | score  205.89 | avg100  210.05 | grasp100 100.0% | best 0.990 |     28 st/s
    done(50): success=50
Ep  6050 | score  207.41 | avg100  207.94 | grasp100  99.0% | best 0.990 |     28 st/s
    done(50): success=49 t_flicker=1
Ep  6100 | score  208.75 | avg100  207.16 | grasp100  99.0% | best 0.990 |     28 st/s
    done(50): success=50
Ep  6150 | score  205.48 | avg100  208.92 | grasp100 100.0% | best 0.990 |     28 st/s
    done(50): success=50
Ep  6200 | score  225.70 | avg100  209.61 | grasp100 100.0% | best 0.990 |     28 st/s
    done(50): success=50
Ep  6250 | score  208.09 | avg100  208.33 | grasp100  99.0% | best 0.990 |     28 st/s
    done(50): success=49 t_flicker=1
Ep  6300 | score  212.03 | avg100  206.92 | grasp100  98.0% | best 0.990 |     28 st/s
    done(50): success=49 t_flicker=1
Ep  6350 | score  208.65 | avg100  207.49 | grasp100  98.0% | best 0.990 |     28 st/s
    done(50): success=49 t_flicker=1
Ep  6400 | score  207.60 | avg100  209.21 | grasp100  99.0% | best 0.990 |     28 st/s
    done(50): success=50
Ep  6450 | score  206.69 | avg100  209.45 | grasp100  99.0% | best 0.990 |     28 st/s
    done(50): success=49 t_flicker=1
Ep  6500 | score  205.45 | avg100  209.33 | grasp100  99.0% | best 0.990 |     28 st/s
    done(50): success=50
Ep  6550 | score  205.99 | avg100  210.28 | grasp100 100.0% | best 0.990 |     28 st/s
    done(50): success=50
Ep  6600 | score  232.75 | avg100  210.14 | grasp100 100.0% | best 0.990 |     28 st/s
    done(50): success=50
Ep  6650 | score  206.73 | avg100  209.23 | grasp100 100.0% | best 0.990 |     28 st/s
    done(50): success=50
Ep  6700 | score  206.19 | avg100  208.52 | grasp100 100.0% | best 0.990 |     28 st/s
    done(50): success=50
Ep  6750 | score  208.74 | avg100  208.88 | grasp100 100.0% | best 0.990 |     28 st/s
    done(50): success=50
Ep  6800 | score  208.94 | avg100  209.75 | grasp100 100.0% | best 0.990 |     28 st/s
    done(50): success=50
Ep  6850 | score  208.69 | avg100  208.97 | grasp100 100.0% | best 0.990 |     28 st/s
    done(50): success=50
Ep  6900 | score  205.13 | avg100  208.49 | grasp100 100.0% | best 0.990 |     28 st/s
    done(50): success=50
Ep  6950 | score  205.74 | avg100  208.93 | grasp100 100.0% | best 0.990 |     28 st/s
    done(50): success=50
Ep  7000 | score  206.57 | avg100  208.55 | grasp100 100.0% | best 0.990 |     28 st/s
    done(50): success=50
  [primacy-bias reset of critic heads @ 75000 updates]
Ep  7050 | score  -26.97 | avg100  204.44 | grasp100  98.0% | best 0.990 |     28 st/s
    done(50): success=48 t_no_reach=2
Ep  7100 | score  -27.45 | avg100   87.09 | grasp100  48.0% | best 0.990 |     28 st/s
    done(50): t_no_reach=50
Ep  7150 | score   -4.15 | avg100  -22.08 | grasp100   1.0% | best 0.990 |     28 st/s
    done(50): success=1 t_flicker=2 t_touched=2 t_no_reach=45
Ep  7200 | score  206.25 | avg100   56.73 | grasp100  32.0% | best 0.990 |     28 st/s
    done(50): success=31 t_flicker=4 t_touched=14 t_no_reach=1
Ep  7250 | score  208.53 | avg100  169.96 | grasp100  81.0% | best 0.990 |     28 st/s
    done(50): success=50
Ep  7300 | score  207.80 | avg100  204.67 | grasp100  98.0% | best 0.990 |     28 st/s
    done(50): success=48 t_flicker=1 t_touched=1
Ep  7350 | score  209.20 | avg100  202.25 | grasp100  97.0% | best 0.990 |     28 st/s
    done(50): success=49 t_touched=1
Ep  7400 | score  204.81 | avg100  205.64 | grasp100  99.0% | best 0.990 |     28 st/s
    done(50): success=50
Ep  7450 | score  205.72 | avg100  205.76 | grasp100  99.0% | best 0.990 |     28 st/s
    done(50): success=49 t_flicker=1
Ep  7500 | score  209.34 | avg100  204.47 | grasp100  98.0% | best 0.990 |     28 st/s
    done(50): success=49 t_flicker=1
Ep  7550 | score  206.47 | avg100  206.07 | grasp100  99.0% | best 0.990 |     28 st/s
    done(50): success=50
Ep  7600 | score  208.20 | avg100  206.07 | grasp100  99.0% | best 0.990 |     28 st/s
    done(50): success=49 t_flicker=1
Ep  7650 | score  208.65 | avg100  204.39 | grasp100  98.0% | best 0.990 |     28 st/s
    done(50): success=49 t_touched=1
Ep  7700 | score  208.15 | avg100  203.05 | grasp100  97.0% | best 0.990 |     28 st/s
    done(50): success=48 t_flicker=2
Ep  7750 | score  205.43 | avg100  199.36 | grasp100  95.0% | best 0.990 |     28 st/s
    done(50): success=47 t_flicker=2 t_touched=1
Ep  7800 | score  203.88 | avg100  197.04 | grasp100  94.0% | best 0.990 |     28 st/s
    done(50): success=47 t_flicker=2 t_touched=1
Ep  7850 | score  206.20 | avg100  202.08 | grasp100  96.0% | best 0.990 |     28 st/s
    done(50): success=49 t_flicker=1
Ep  7900 | score  227.51 | avg100  203.68 | grasp100  96.0% | best 0.990 |     28 st/s
    done(50): success=47 t_flicker=2 t_touched=1
Ep  7950 | score  205.60 | avg100  203.52 | grasp100  95.0% | best 0.990 |     28 st/s
    done(50): success=48 t_flicker=1 t_touched=1
Ep  8000 | score  205.52 | avg100  209.02 | grasp100  98.0% | best 0.990 |     28 st/s
    done(50): success=50
Ep  8050 | score   78.97 | avg100  204.92 | grasp100  97.0% | best 0.990 |     28 st/s
    done(50): success=47 t_flicker=2 t_touched=1
Ep  8100 | score  207.31 | avg100  200.93 | grasp100  95.0% | best 0.990 |     28 st/s
    done(50): success=48 t_flicker=2
Ep  8150 | score  206.07 | avg100  203.33 | grasp100  96.0% | best 0.990 |     28 st/s
    done(50): success=48 t_flicker=1 t_touched=1
Ep  8200 | score  206.30 | avg100  203.71 | grasp100  96.0% | best 0.990 |     28 st/s
    done(50): success=48 t_flicker=2
Ep  8250 | score  207.04 | avg100  206.35 | grasp100  97.0% | best 0.990 |     28 st/s
    done(50): success=49 t_flicker=1
Ep  8300 | score  206.64 | avg100  206.69 | grasp100  97.0% | best 0.990 |     28 st/s
    done(50): success=48 t_flicker=2
Ep  8350 | score  212.29 | avg100  200.18 | grasp100  94.0% | best 0.990 |     28 st/s
    done(50): success=46 t_flicker=4
Ep  8400 | score  206.06 | avg100  198.22 | grasp100  93.0% | best 0.990 |     28 st/s
    done(50): success=47 t_flicker=1 t_touched=2
Ep  8450 | score  205.03 | avg100  201.21 | grasp100  94.0% | best 0.990 |     28 st/s
    done(50): success=47 t_flicker=3
Ep  8500 | score  206.35 | avg100  201.05 | grasp100  94.0% | best 0.990 |     28 st/s
    done(50): success=47 t_flicker=3
Ep  8550 | score  211.00 | avg100  201.50 | grasp100  95.0% | best 0.990 |     28 st/s
    done(50): success=48 t_flicker=2
Ep  8600 | score  204.63 | avg100  202.41 | grasp100  96.0% | best 0.990 |     28 st/s
    done(50): success=48 t_flicker=2
Ep  8650 | score  207.17 | avg100  206.42 | grasp100  98.0% | best 0.990 |     28 st/s
    done(50): success=50
Ep  8700 | score  205.08 | avg100  208.23 | grasp100  98.0% | best 0.990 |     28 st/s
    done(50): success=48 t_flicker=2
Ep  8750 | score  206.76 | avg100  207.55 | grasp100  97.0% | best 0.990 |     28 st/s
    done(50): success=49 t_flicker=1
Ep  8800 | score  204.64 | avg100  209.40 | grasp100  99.0% | best 0.990 |     28 st/s
    done(50): success=50
Ep  8850 | score  206.93 | avg100  208.78 | grasp100 100.0% | best 0.990 |     28 st/s
    done(50): success=50
Ep  8900 | score  205.21 | avg100  208.40 | grasp100 100.0% | best 0.990 |     28 st/s
    done(50): success=50
Ep  8950 | score  211.21 | avg100  208.38 | grasp100 100.0% | best 0.990 |     28 st/s
    done(50): success=50
Ep  9000 | score  211.75 | avg100  208.27 | grasp100 100.0% | best 0.990 |     28 st/s
    done(50): success=50
Ep  9050 | score  204.82 | avg100  208.22 | grasp100 100.0% | best 0.990 |     28 st/s
    done(50): success=50
Ep  9100 | score  206.06 | avg100  208.10 | grasp100 100.0% | best 0.990 |     28 st/s
    done(50): success=50
Ep  9150 | score  209.34 | avg100  208.89 | grasp100 100.0% | best 0.990 |     28 st/s
    done(50): success=50
Ep  9200 | score  207.04 | avg100  208.77 | grasp100 100.0% | best 0.990 |     28 st/s
    done(50): success=50
Ep  9250 | score  206.25 | avg100  207.28 | grasp100  99.0% | best 0.990 |     28 st/s
    done(50): success=49 t_flicker=1
Ep  9300 | score  204.99 | avg100  206.79 | grasp100  98.0% | best 0.990 |     28 st/s
    done(50): success=49 t_flicker=1
  [primacy-bias reset of critic heads @ 100000 updates]
Ep  9350 | score  209.15 | avg100  207.86 | grasp100  99.0% | best 0.990 |     28 st/s
    done(50): success=50
Ep  9400 | score  -27.98 | avg100   92.92 | grasp100  51.0% | best 0.990 |     28 st/s
    done(50): success=1 t_touched=2 t_no_reach=47
Ep  9450 | score  -11.60 | avg100  -23.74 | grasp100   1.0% | best 0.990 |     29 st/s
    done(50): t_touched=3 t_no_reach=47
Ep  9500 | score  213.37 | avg100   69.44 | grasp100  38.0% | best 0.990 |     29 st/s
    done(50): success=38 t_flicker=3 t_touched=8 t_no_reach=1
Ep  9550 | score  205.41 | avg100  178.07 | grasp100  83.0% | best 0.990 |     29 st/s
    done(50): success=45 t_flicker=4 t_touched=1
Ep  9600 | score   15.29 | avg100  194.21 | grasp100  92.0% | best 0.990 |     29 st/s
    done(50): success=47 t_touched=3
Ep  9650 | score  206.66 | avg100  196.79 | grasp100  94.0% | best 0.990 |     29 st/s
    done(50): success=47 t_flicker=1 t_touched=2
Ep  9700 | score  205.36 | avg100  200.17 | grasp100  96.0% | best 0.990 |     29 st/s
    done(50): success=49 t_touched=1
Ep  9750 | score  205.20 | avg100  205.55 | grasp100  99.0% | best 0.990 |     29 st/s
    done(50): success=50
Ep  9800 | score  206.52 | avg100  207.87 | grasp100 100.0% | best 0.990 |     29 st/s
    done(50): success=50
Ep  9850 | score  206.55 | avg100  207.63 | grasp100 100.0% | best 0.990 |     29 st/s
    done(50): success=50
Ep  9900 | score  208.82 | avg100  207.75 | grasp100 100.0% | best 0.990 |     29 st/s
    done(50): success=50
Ep  9950 | score  206.86 | avg100  204.96 | grasp100  98.0% | best 0.990 |     29 st/s
    done(50): success=48 t_flicker=2
Ep 10000 | score  209.25 | avg100  205.02 | grasp100  98.0% | best 0.990 |     29 st/s
    done(50): success=50
Ep 10050 | score  207.58 | avg100  207.92 | grasp100 100.0% | best 0.990 |     28 st/s
    done(50): success=50
Ep 10100 | score  209.93 | avg100  207.44 | grasp100  99.0% | best 0.990 |     28 st/s
    done(50): success=49 t_flicker=1
Ep 10150 | score  211.20 | avg100  205.97 | grasp100  97.0% | best 0.990 |     28 st/s
    done(50): success=48 t_flicker=2
Ep 10200 | score  205.71 | avg100  205.89 | grasp100  97.0% | best 0.990 |     28 st/s
    done(50): success=49 t_flicker=1
Ep 10250 | score  206.11 | avg100  205.22 | grasp100  97.0% | best 0.990 |     28 st/s
    done(50): success=48 t_flicker=2
Ep 10300 | score  208.35 | avg100  204.82 | grasp100  97.0% | best 0.990 |     28 st/s
    done(50): success=49 t_touched=1
Ep 10350 | score  209.82 | avg100  208.44 | grasp100  99.0% | best 0.990 |     28 st/s
    done(50): success=50
Ep 10400 | score  210.15 | avg100  207.58 | grasp100  98.0% | best 0.990 |     28 st/s
    done(50): success=48 t_flicker=2
Ep 10450 | score  209.73 | avg100  206.30 | grasp100  97.0% | best 0.990 |     28 st/s
    done(50): success=49 t_flicker=1
Ep 10500 | score  212.22 | avg100  206.42 | grasp100  97.0% | best 0.990 |     28 st/s
    done(50): success=48 t_flicker=2
Ep 10550 | score  210.83 | avg100  206.58 | grasp100  97.0% | best 0.990 |     28 st/s
    done(50): success=49 t_flicker=1
Ep 10600 | score  204.54 | avg100  206.50 | grasp100  98.0% | best 0.990 |     28 st/s
    done(50): success=49 t_flicker=1
Ep 10650 | score  211.91 | avg100  206.32 | grasp100  99.0% | best 0.990 |     28 st/s
    done(50): success=50
Ep 10700 | score  209.66 | avg100  205.44 | grasp100  97.0% | best 0.990 |     28 st/s
    done(50): success=47 t_flicker=3
Ep 10750 | score  209.21 | avg100  203.17 | grasp100  95.0% | best 0.990 |     28 st/s
    done(50): success=48 t_flicker=2
Ep 10800 | score  207.16 | avg100  205.80 | grasp100  97.0% | best 0.990 |     28 st/s
    done(50): success=49 t_flicker=1
Ep 10850 | score  204.88 | avg100  203.55 | grasp100  95.0% | best 0.990 |     28 st/s
    done(50): success=46 t_flicker=4
Ep 10900 | score  206.93 | avg100  204.19 | grasp100  96.0% | best 0.990 |     28 st/s
    done(50): success=50
Ep 10950 | score  204.10 | avg100  209.20 | grasp100 100.0% | best 0.990 |     28 st/s
    done(50): success=50
Ep 11000 | score  205.59 | avg100  207.90 | grasp100  99.0% | best 0.990 |     28 st/s
    done(50): success=49 t_flicker=1
Ep 11050 | score  206.11 | avg100  204.51 | grasp100  96.0% | best 0.990 |     28 st/s
    done(50): success=47 t_flicker=3
Ep 11100 | score  210.90 | avg100  206.24 | grasp100  97.0% | best 0.990 |     28 st/s
    done(50): success=50
Ep 11150 | score  207.79 | avg100  211.03 | grasp100 100.0% | best 0.990 |     28 st/s
    done(50): success=50
Ep 11200 | score  215.59 | avg100  210.81 | grasp100  99.0% | best 0.990 |     28 st/s
    done(50): success=49 t_flicker=1
Ep 11250 | score  207.64 | avg100  210.62 | grasp100  99.0% | best 0.990 |     28 st/s
    done(50): success=50
Ep 11300 | score  206.23 | avg100  211.91 | grasp100 100.0% | best 0.990 |     28 st/s
    done(50): success=50
Ep 11350 | score  207.31 | avg100  210.85 | grasp100 100.0% | best 0.990 |     28 st/s
    done(50): success=50
Ep 11400 | score  208.28 | avg100  209.89 | grasp100 100.0% | best 0.990 |     28 st/s
    done(50): success=50
Ep 11450 | score  207.56 | avg100  208.23 | grasp100  99.0% | best 0.990 |     28 st/s
    done(50): success=49 t_flicker=1
Ep 11500 | score  206.54 | avg100  205.61 | grasp100  98.0% | best 0.990 |     28 st/s
    done(50): success=49 t_flicker=1
Ep 11550 | score  211.13 | avg100  207.26 | grasp100  99.0% | best 0.990 |     28 st/s
    done(50): success=50
Ep 11600 | score  -15.73 | avg100  205.28 | grasp100  98.0% | best 0.990 |     28 st/s
    done(50): success=48 t_flicker=1 t_touched=1
Ep 11650 | score  204.86 | avg100  205.42 | grasp100  98.0% | best 0.990 |     28 st/s
    done(50): success=50
  [primacy-bias reset of critic heads @ 125000 updates]
Ep 11700 | score  -27.86 | avg100  172.09 | grasp100  83.0% | best 0.990 |     28 st/s
    done(50): success=33 t_flicker=2 t_no_reach=15
Ep 11750 | score  -27.96 | avg100   53.42 | grasp100  33.0% | best 0.990 |     29 st/s
    done(50): t_no_reach=50
Ep 11800 | score  -11.96 | avg100  -18.63 | grasp100   3.0% | best 0.990 |     29 st/s
    done(50): success=3 t_flicker=1 t_touched=7 t_no_reach=39
Ep 11850 | score  207.26 | avg100   53.54 | grasp100  31.0% | best 0.990 |     29 st/s
    done(50): success=28 t_flicker=5 t_touched=14 t_no_reach=3
Ep 11900 | score  204.92 | avg100  154.32 | grasp100  73.0% | best 0.990 |     29 st/s
    done(50): success=45 t_flicker=3 t_touched=2
Ep 11950 | score  209.40 | avg100  199.96 | grasp100  95.0% | best 0.990 |     29 st/s
    done(50): success=50
Ep 12000 | score  207.06 | avg100  207.76 | grasp100 100.0% | best 0.990 |     29 st/s
    done(50): success=50
Ep 12050 | score  220.62 | avg100  207.98 | grasp100 100.0% | best 0.990 |     29 st/s
    done(50): success=50
Ep 12100 | score  206.71 | avg100  208.05 | grasp100 100.0% | best 0.990 |     29 st/s
    done(50): success=50
Ep 12150 | score  208.07 | avg100  207.83 | grasp100 100.0% | best 0.990 |     29 st/s
    done(50): success=50
Ep 12200 | score  230.16 | avg100  208.01 | grasp100 100.0% | best 0.990 |     29 st/s
    done(50): success=50
Ep 12250 | score  208.62 | avg100  208.16 | grasp100 100.0% | best 0.990 |     29 st/s
    done(50): success=50
Ep 12300 | score  209.64 | avg100  208.83 | grasp100 100.0% | best 0.990 |     29 st/s
    done(50): success=50
Ep 12350 | score  210.15 | avg100  207.51 | grasp100  99.0% | best 0.990 |     29 st/s
    done(50): success=49 t_touched=1
Ep 12400 | score  206.92 | avg100  207.62 | grasp100  98.0% | best 0.990 |     29 st/s
    done(50): success=49 t_flicker=1
Ep 12450 | score  210.24 | avg100  206.28 | grasp100  97.0% | best 0.990 |     29 st/s
    done(50): success=48 t_flicker=1 t_touched=1
Ep 12500 | score  207.31 | avg100  204.58 | grasp100  97.0% | best 0.990 |     29 st/s
    done(50): success=49 t_flicker=1
Ep 12550 | score  209.59 | avg100  205.97 | grasp100  98.0% | best 0.990 |     29 st/s
    done(50): success=49 t_flicker=1
Ep 12600 | score  209.33 | avg100  205.79 | grasp100  98.0% | best 0.990 |     29 st/s
    done(50): success=49 t_flicker=1
Ep 12650 | score  207.30 | avg100  205.08 | grasp100  97.0% | best 0.990 |     29 st/s
    done(50): success=48 t_flicker=2
Ep 12700 | score  206.41 | avg100  205.41 | grasp100  97.0% | best 0.990 |     29 st/s
    done(50): success=49 t_flicker=1
Ep 12750 | score  207.20 | avg100  205.77 | grasp100  97.0% | best 0.990 |     29 st/s
    done(50): success=48 t_flicker=1 t_touched=1
Ep 12800 | score  206.30 | avg100  201.37 | grasp100  94.0% | best 0.990 |     29 st/s
    done(50): success=46 t_flicker=3 t_touched=1
Ep 12850 | score  204.82 | avg100  203.73 | grasp100  96.0% | best 0.990 |     29 st/s
    done(50): success=50
Ep 12900 | score  206.51 | avg100  209.43 | grasp100 100.0% | best 0.990 |     29 st/s
    done(50): success=50
Ep 12950 | score  241.84 | avg100  208.32 | grasp100  99.0% | best 0.990 |     29 st/s
    done(50): success=49 t_flicker=1
Ep 13000 | score  211.71 | avg100  206.36 | grasp100  98.0% | best 0.990 |     29 st/s
    done(50): success=49 t_flicker=1
Ep 13050 | score  210.61 | avg100  206.59 | grasp100  98.0% | best 0.990 |     29 st/s
    done(50): success=49 t_flicker=1
Ep 13100 | score   58.83 | avg100  206.90 | grasp100  98.0% | best 0.990 |     29 st/s
    done(50): success=49 t_flicker=1
Ep 13150 | score  204.99 | avg100  203.53 | grasp100  96.0% | best 0.990 |     29 st/s
    done(50): success=47 t_flicker=3
Ep 13200 | score  209.99 | avg100  203.87 | grasp100  95.0% | best 0.990 |     29 st/s
    done(50): success=48 t_flicker=2
Ep 13250 | score  247.30 | avg100  206.56 | grasp100  97.0% | best 0.990 |     29 st/s
    done(50): success=49 t_flicker=1
Ep 13300 | score  207.42 | avg100  205.74 | grasp100  97.0% | best 0.990 |     29 st/s
    done(50): success=48 t_flicker=2
Ep 13350 | score  205.80 | avg100  207.09 | grasp100  98.0% | best 0.990 |     29 st/s
    done(50): success=50
Ep 13400 | score  207.07 | avg100  208.29 | grasp100  99.0% | best 0.990 |     29 st/s
    done(50): success=49 t_flicker=1
Ep 13450 | score  206.08 | avg100  206.85 | grasp100  98.0% | best 0.990 |     29 st/s
    done(50): success=49 t_flicker=1
Ep 13500 | score  206.63 | avg100  204.07 | grasp100  97.0% | best 0.990 |     29 st/s
    done(50): success=48 t_flicker=1 t_touched=1
Ep 13550 | score  208.41 | avg100  206.01 | grasp100  98.0% | best 0.990 |     29 st/s
    done(50): success=50
Ep 13600 | score  217.09 | avg100  209.92 | grasp100 100.0% | best 0.990 |     29 st/s
    done(50): success=50
Ep 13650 | score  204.38 | avg100  208.16 | grasp100  99.0% | best 0.990 |     29 st/s
    done(50): success=49 t_flicker=1
Ep 13700 | score  204.98 | avg100  208.02 | grasp100  99.0% | best 0.990 |     29 st/s
    done(50): success=50
Ep 13750 | score  205.21 | avg100  209.07 | grasp100 100.0% | best 0.990 |     29 st/s
    done(50): success=50
Ep 13800 | score  206.62 | avg100  208.33 | grasp100 100.0% | best 0.990 |     29 st/s
    done(50): success=50
Ep 13850 | score  206.35 | avg100  205.43 | grasp100  99.0% | best 0.990 |     29 st/s
    done(50): success=49 t_touched=1
Ep 13900 | score  206.72 | avg100  205.29 | grasp100  99.0% | best 0.990 |     29 st/s
    done(50): success=50
Ep 13950 | score  207.72 | avg100  207.31 | grasp100 100.0% | best 0.990 |     29 st/s
    done(50): success=50
Ep 14000 | score  209.23 | avg100  205.54 | grasp100  99.0% | best 0.990 |     29 st/s
    done(50): success=49 t_flicker=1
  [primacy-bias reset of critic heads @ 150000 updates]
Ep 14050 | score  -27.61 | avg100  101.09 | grasp100  54.0% | best 0.990 |     29 st/s
    done(50): success=5 t_touched=3 t_no_reach=42
Ep 14100 | score  209.88 | avg100   15.83 | grasp100  17.0% | best 0.990 |     29 st/s
    done(50): success=12 t_touched=8 t_no_reach=30
Ep 14150 | score  205.74 | avg100  101.61 | grasp100  51.0% | best 0.990 |     29 st/s
    done(50): success=39 t_flicker=6 t_touched=5
Ep 14200 | score  206.91 | avg100  184.73 | grasp100  87.0% | best 0.990 |     29 st/s
    done(50): success=48 t_flicker=1 t_touched=1
Ep 14250 | score   97.25 | avg100  200.20 | grasp100  95.0% | best 0.990 |     29 st/s
    done(50): success=47 t_flicker=3
Ep 14300 | score  208.09 | avg100  204.42 | grasp100  97.0% | best 0.990 |     29 st/s
    done(50): success=50
Ep 14350 | score  208.26 | avg100  206.37 | grasp100  99.0% | best 0.990 |     29 st/s
    done(50): success=49 t_flicker=1
Ep 14400 | score  207.91 | avg100  206.01 | grasp100  99.0% | best 0.990 |     29 st/s
    done(50): success=50
Ep 14450 | score  210.22 | avg100  206.68 | grasp100  99.0% | best 0.990 |     29 st/s
    done(50): success=49 t_flicker=1
Ep 14500 | score  205.84 | avg100  206.78 | grasp100  99.0% | best 0.990 |     29 st/s
    done(50): success=50
Ep 14550 | score  207.97 | avg100  207.55 | grasp100 100.0% | best 0.990 |     29 st/s
    done(50): success=50
Ep 14600 | score  210.96 | avg100  207.49 | grasp100 100.0% | best 0.990 |     29 st/s
    done(50): success=50
Ep 14650 | score  208.22 | avg100  203.65 | grasp100  98.0% | best 0.990 |     29 st/s
    done(50): success=48 t_touched=2
Ep 14700 | score  207.44 | avg100  203.69 | grasp100  98.0% | best 0.990 |     29 st/s
    done(50): success=50
Ep 14750 | score  207.55 | avg100  208.52 | grasp100 100.0% | best 0.990 |     29 st/s
    done(50): success=50
Ep 14800 | score  209.09 | avg100  209.32 | grasp100 100.0% | best 0.990 |     29 st/s
    done(50): success=50
Ep 14850 | score  209.25 | avg100  208.87 | grasp100 100.0% | best 0.990 |     29 st/s
    done(50): success=50
Ep 14900 | score  205.99 | avg100  205.88 | grasp100  98.0% | best 0.990 |     29 st/s
    done(50): success=48 t_flicker=2
Ep 14950 | score  209.65 | avg100  203.77 | grasp100  97.0% | best 0.990 |     29 st/s
    done(50): success=49 t_flicker=1
Ep 15000 | score  208.41 | avg100  206.17 | grasp100  99.0% | best 0.990 |     29 st/s
    done(50): success=50
Ep 15050 | score  -14.36 | avg100  205.00 | grasp100  98.0% | best 0.990 |     29 st/s
    done(50): success=48 t_flicker=2
Ep 15100 | score  206.85 | avg100  205.33 | grasp100  98.0% | best 0.990 |     29 st/s
    done(50): success=50
Ep 15150 | score  205.33 | avg100  208.55 | grasp100 100.0% | best 0.990 |     29 st/s
    done(50): success=50
Ep 15200 | score  209.56 | avg100  208.31 | grasp100 100.0% | best 0.990 |     29 st/s
    done(50): success=50
Ep 15250 | score  210.05 | avg100  209.71 | grasp100 100.0% | best 0.990 |     29 st/s
    done(50): success=50
Ep 15300 | score  205.50 | avg100  210.02 | grasp100 100.0% | best 0.990 |     29 st/s
    done(50): success=50
Ep 15350 | score  206.77 | avg100  208.37 | grasp100 100.0% | best 0.990 |     29 st/s
    done(50): success=50
Ep 15400 | score  206.36 | avg100  206.77 | grasp100  99.0% | best 0.990 |     29 st/s
    done(50): success=49 t_flicker=1
Ep 15450 | score  205.38 | avg100  207.93 | grasp100  99.0% | best 0.990 |     29 st/s
    done(50): success=50
Ep 15500 | score  209.03 | avg100  209.53 | grasp100 100.0% | best 0.990 |     29 st/s
    done(50): success=50
Ep 15550 | score  205.43 | avg100  208.23 | grasp100 100.0% | best 0.990 |     29 st/s
    done(50): success=50
Ep 15600 | score  205.47 | avg100  205.26 | grasp100  98.0% | best 0.990 |     29 st/s
    done(50): success=48 t_flicker=2
Ep 15650 | score  206.70 | avg100  204.21 | grasp100  97.0% | best 0.990 |     29 st/s
    done(50): success=49 t_flicker=1
Ep 15700 | score  207.30 | avg100  207.11 | grasp100  99.0% | best 0.990 |     29 st/s
    done(50): success=50
Ep 15750 | score  225.18 | avg100  207.87 | grasp100  99.0% | best 0.990 |     29 st/s
    done(50): success=49 t_flicker=1
Ep 15800 | score  204.70 | avg100  207.52 | grasp100  99.0% | best 0.990 |     29 st/s
    done(50): success=50
Ep 15850 | score  203.72 | avg100  207.77 | grasp100 100.0% | best 0.990 |     29 st/s
    done(50): success=50
Ep 15900 | score  208.30 | avg100  207.70 | grasp100 100.0% | best 0.990 |     29 st/s
    done(50): success=50
Ep 15950 | score  209.14 | avg100  207.80 | grasp100 100.0% | best 0.990 |     29 st/s
    done(50): success=50
Ep 16000 | score  205.59 | avg100  206.79 | grasp100  99.0% | best 0.990 |     29 st/s
    done(50): success=49 t_flicker=1
Ep 16050 | score  205.09 | avg100  207.23 | grasp100  99.0% | best 0.990 |     28 st/s
    done(50): success=50
Ep 16100 | score  209.75 | avg100  206.44 | grasp100  99.0% | best 0.990 |     28 st/s
    done(50): success=49 t_flicker=1
Ep 16150 | score  208.49 | avg100  206.46 | grasp100  99.0% | best 0.990 |     28 st/s
    done(50): success=50
Ep 16200 | score  205.64 | avg100  206.59 | grasp100  99.0% | best 0.990 |     28 st/s
    done(50): success=49 t_flicker=1
Ep 16250 | score  208.16 | avg100  204.97 | grasp100  98.0% | best 0.990 |     28 st/s
    done(50): success=49 t_flicker=1
Ep 16300 | score  209.20 | avg100  200.74 | grasp100  95.0% | best 0.990 |     28 st/s
    done(50): success=46 t_flicker=4
Ep 16350 | score  211.72 | avg100  201.18 | grasp100  95.0% | best 0.990 |     29 st/s
    done(50): success=49 t_flicker=1
Ep 16400 | score  207.28 | avg100  203.76 | grasp100  97.0% | best 0.990 |     29 st/s
    done(50): success=48 t_flicker=2
  [primacy-bias reset of critic heads @ 175000 updates]
Ep 16450 | score  -27.68 | avg100  188.90 | grasp100  91.0% | best 0.990 |     29 st/s
    done(50): success=43 t_touched=1 t_no_reach=6
Ep 16500 | score  -27.97 | avg100   74.27 | grasp100  43.0% | best 0.990 |     29 st/s
    done(50): t_no_reach=50
Ep 16550 | score   -6.91 | avg100  -25.40 | grasp100   0.0% | best 0.990 |     29 st/s
    done(50): t_touched=1 t_no_reach=49
Ep 16600 | score  208.65 | avg100   16.28 | grasp100  12.0% | best 0.990 |     29 st/s
    done(50): success=12 t_flicker=10 t_touched=20 t_no_reach=8
Ep 16650 | score  207.03 | avg100  123.23 | grasp100  57.0% | best 0.990 |     29 st/s
    done(50): success=45 t_flicker=4 t_touched=1
Ep 16700 | score  207.53 | avg100  197.12 | grasp100  93.0% | best 0.990 |     29 st/s
    done(50): success=48 t_flicker=2
Ep 16750 | score  208.65 | avg100  205.38 | grasp100  98.0% | best 0.990 |     29 st/s
    done(50): success=50
Ep 16800 | score  206.18 | avg100  205.69 | grasp100  99.0% | best 0.990 |     29 st/s
    done(50): success=49 t_flicker=1
Ep 16850 | score  206.95 | avg100  205.60 | grasp100  99.0% | best 0.990 |     29 st/s
    done(50): success=50
Ep 16900 | score  209.23 | avg100  207.38 | grasp100 100.0% | best 0.990 |     29 st/s
    done(50): success=50
Ep 16950 | score  205.39 | avg100  207.28 | grasp100 100.0% | best 0.990 |     29 st/s
    done(50): success=50
Ep 17000 | score  206.42 | avg100  206.01 | grasp100  99.0% | best 0.990 |     29 st/s
    done(50): success=49 t_flicker=1
Ep 17050 | score  207.75 | avg100  205.56 | grasp100  98.0% | best 0.990 |     29 st/s
    done(50): success=49 t_flicker=1
Ep 17100 | score  209.52 | avg100  206.71 | grasp100  99.0% | best 0.990 |     29 st/s
    done(50): success=50
Ep 17150 | score  207.02 | avg100  207.53 | grasp100 100.0% | best 0.990 |     29 st/s
    done(50): success=50
Ep 17200 | score  207.16 | avg100  208.01 | grasp100 100.0% | best 0.990 |     29 st/s
    done(50): success=50
Ep 17250 | score  205.21 | avg100  206.97 | grasp100  99.0% | best 0.990 |     29 st/s
    done(50): success=49 t_touched=1
Ep 17300 | score  205.58 | avg100  206.96 | grasp100  98.0% | best 0.990 |     29 st/s
    done(50): success=49 t_flicker=1
Ep 17350 | score  208.95 | avg100  210.18 | grasp100  99.0% | best 0.990 |     29 st/s
    done(50): success=50
Ep 17400 | score  206.21 | avg100  210.76 | grasp100 100.0% | best 0.990 |     29 st/s
    done(50): success=50
Ep 17450 | score  207.03 | avg100  207.11 | grasp100  99.0% | best 0.990 |     29 st/s
    done(50): success=49 t_touched=1
Ep 17500 | score  207.05 | avg100  206.44 | grasp100  98.0% | best 0.990 |     29 st/s
    done(50): success=49 t_flicker=1
Ep 17550 | score  206.29 | avg100  208.54 | grasp100  99.0% | best 0.990 |     29 st/s
    done(50): success=50
Ep 17600 | score  207.49 | avg100  209.49 | grasp100 100.0% | best 0.990 |     29 st/s
    done(50): success=50
Ep 17650 | score   57.07 | avg100  207.11 | grasp100  98.0% | best 0.990 |     29 st/s
    done(50): success=48 t_flicker=2
Ep 17700 | score  207.93 | avg100  207.35 | grasp100  98.0% | best 0.990 |     29 st/s
    done(50): success=50
Ep 17750 | score  209.15 | avg100  206.60 | grasp100  98.0% | best 0.990 |     29 st/s
    done(50): success=48 t_flicker=1 t_touched=1
Ep 17800 | score  206.75 | avg100  207.09 | grasp100  98.0% | best 0.990 |     29 st/s
    done(50): success=50
Ep 17850 | score  208.53 | avg100  210.48 | grasp100 100.0% | best 0.990 |     29 st/s
    done(50): success=50
Ep 17900 | score  227.72 | avg100  210.05 | grasp100 100.0% | best 0.990 |     29 st/s
    done(50): success=50
Ep 17950 | score  205.27 | avg100  206.65 | grasp100  98.0% | best 0.990 |     29 st/s
    done(50): success=48 t_flicker=2
Ep 18000 | score  205.79 | avg100  204.98 | grasp100  97.0% | best 0.990 |     29 st/s
    done(50): success=49 t_flicker=1
Ep 18050 | score  213.97 | avg100  209.61 | grasp100  99.0% | best 0.990 |     29 st/s
    done(50): success=50
Ep 18100 | score  209.48 | avg100  209.99 | grasp100  99.0% | best 0.990 |     29 st/s
    done(50): success=49 t_flicker=1
Ep 18150 | score  205.25 | avg100  206.85 | grasp100  98.0% | best 0.990 |     29 st/s
    done(50): success=49 t_flicker=1
Ep 18200 | score  208.22 | avg100  205.79 | grasp100  97.0% | best 0.990 |     29 st/s
    done(50): success=48 t_flicker=2
Ep 18250 | score   56.44 | avg100  202.26 | grasp100  94.0% | best 0.990 |     29 st/s
    done(50): success=46 t_flicker=4
Ep 18300 | score  204.90 | avg100  203.26 | grasp100  96.0% | best 0.990 |     29 st/s
    done(50): success=50
Ep 18350 | score  207.66 | avg100  209.36 | grasp100  99.0% | best 0.990 |     29 st/s
    done(50): success=49 t_flicker=1
Ep 18400 | score  217.44 | avg100  210.39 | grasp100  99.0% | best 0.990 |     29 st/s
    done(50): success=50
Ep 18450 | score  209.31 | avg100  209.53 | grasp100  99.0% | best 0.990 |     29 st/s
    done(50): success=49 t_flicker=1
Ep 18500 | score  208.30 | avg100  208.78 | grasp100  99.0% | best 0.990 |     29 st/s
    done(50): success=50
Ep 18550 | score  206.71 | avg100  207.79 | grasp100  99.0% | best 0.990 |     29 st/s
    done(50): success=49 t_flicker=1
Ep 18600 | score  205.77 | avg100  208.31 | grasp100  99.0% | best 0.990 |     29 st/s
    done(50): success=50
Ep 18650 | score  206.41 | avg100  207.86 | grasp100  99.0% | best 0.990 |     29 st/s
    done(50): success=49 t_flicker=1
Ep 18700 | score  206.29 | avg100  208.99 | grasp100  99.0% | best 0.990 |     29 st/s
    done(50): success=50
  [primacy-bias reset of critic heads @ 200000 updates]
Ep 18750 | score  208.55 | avg100  208.88 | grasp100  99.0% | best 0.990 |     29 st/s
    done(50): success=49 t_flicker=1
Ep 18800 | score  -27.93 | avg100   94.45 | grasp100  51.0% | best 0.990 |     29 st/s
    done(50): success=2 t_no_reach=48
Ep 18850 | score   -4.47 | avg100  -20.86 | grasp100   2.0% | best 0.990 |     29 st/s
    done(50): t_flicker=1 t_touched=1 t_no_reach=48
Ep 18900 | score  206.43 | avg100   12.39 | grasp100  10.0% | best 0.990 |     29 st/s
    done(50): success=10 t_flicker=17 t_touched=12 t_no_reach=11
Ep 18950 | score  208.86 | avg100  104.38 | grasp100  47.0% | best 0.990 |     29 st/s
    done(50): success=37 t_flicker=9 t_touched=4
Ep 19000 | score  208.82 | avg100  181.70 | grasp100  86.0% | best 0.990 |     29 st/s
    done(50): success=49 t_touched=1
Ep 19050 | score  208.07 | avg100  205.74 | grasp100  99.0% | best 0.990 |     29 st/s
    done(50): success=50
Ep 19100 | score  209.57 | avg100  207.63 | grasp100 100.0% | best 0.990 |     29 st/s
    done(50): success=50
Ep 19150 | score  207.58 | avg100  207.73 | grasp100 100.0% | best 0.990 |     29 st/s
    done(50): success=50
Ep 19200 | score  210.15 | avg100  206.69 | grasp100  99.0% | best 0.990 |     29 st/s
    done(50): success=49 t_flicker=1
Ep 19250 | score  209.68 | avg100  207.08 | grasp100  99.0% | best 0.990 |     29 st/s
    done(50): success=50
Ep 19300 | score  206.65 | avg100  208.75 | grasp100 100.0% | best 0.990 |     29 st/s
    done(50): success=50
Ep 19350 | score  206.20 | avg100  208.71 | grasp100 100.0% | best 0.990 |     29 st/s
    done(50): success=50
Ep 19400 | score  206.80 | avg100  207.30 | grasp100  99.0% | best 0.990 |     29 st/s
    done(50): success=49 t_flicker=1
Ep 19450 | score  206.54 | avg100  207.30 | grasp100  99.0% | best 0.990 |     29 st/s
    done(50): success=50
Ep 19500 | score  207.78 | avg100  208.00 | grasp100 100.0% | best 0.990 |     29 st/s
    done(50): success=50
Ep 19550 | score  208.46 | avg100  208.36 | grasp100 100.0% | best 0.990 |     29 st/s
    done(50): success=50
Ep 19600 | score  208.68 | avg100  208.92 | grasp100 100.0% | best 0.990 |     29 st/s
    done(50): success=50
Ep 19650 | score  207.98 | avg100  208.31 | grasp100 100.0% | best 0.990 |     29 st/s
    done(50): success=50
Ep 19700 | score  207.79 | avg100  207.61 | grasp100 100.0% | best 0.990 |     29 st/s
    done(50): success=50
Ep 19750 | score  206.28 | avg100  207.42 | grasp100 100.0% | best 0.990 |     29 st/s
    done(50): success=50
Ep 19800 | score  208.40 | avg100  207.78 | grasp100 100.0% | best 0.990 |     29 st/s
    done(50): success=50
Ep 19850 | score  206.99 | avg100  207.33 | grasp100  99.0% | best 0.990 |     29 st/s
    done(50): success=49 t_flicker=1
Ep 19900 | score  207.21 | avg100  207.67 | grasp100  99.0% | best 0.990 |     29 st/s
    done(50): success=50
Ep 19950 | score  207.27 | avg100  208.56 | grasp100 100.0% | best 0.990 |     29 st/s
    done(50): success=50
Ep 20000 | score  206.74 | avg100  208.04 | grasp100 100.0% | best 0.990 |     29 st/s
    done(50): success=50
Ep 20050 | score  209.07 | avg100  206.48 | grasp100  99.0% | best 0.990 |     29 st/s
    done(50): success=49 t_flicker=1
Ep 20100 | score  206.71 | avg100  207.14 | grasp100  99.0% | best 0.990 |     29 st/s
    done(50): success=50
Ep 20150 | score  208.26 | avg100  208.67 | grasp100 100.0% | best 0.990 |     29 st/s
    done(50): success=50
Ep 20200 | score  206.08 | avg100  207.64 | grasp100  99.0% | best 0.990 |     29 st/s
    done(50): success=49 t_flicker=1
Ep 20250 | score  207.78 | avg100  207.05 | grasp100  99.0% | best 0.990 |     29 st/s
    done(50): success=50
Ep 20300 | score  207.81 | avg100  206.08 | grasp100  99.0% | best 0.990 |     29 st/s
    done(50): success=49 t_flicker=1
Ep 20350 | score  206.85 | avg100  206.19 | grasp100  98.0% | best 0.990 |     29 st/s
    done(50): success=49 t_flicker=1
Ep 20400 | score  210.51 | avg100  208.56 | grasp100  99.0% | best 0.990 |     29 st/s
    done(50): success=50
Ep 20450 | score  223.27 | avg100  206.41 | grasp100  98.0% | best 0.990 |     29 st/s
    done(50): success=48 t_flicker=1 t_touched=1
Ep 20500 | score  208.22 | avg100  204.25 | grasp100  96.0% | best 0.990 |     29 st/s
    done(50): success=48 t_flicker=2
Ep 20550 | score  206.68 | avg100  207.39 | grasp100  98.0% | best 0.990 |     29 st/s
    done(50): success=50
Ep 20600 | score  208.04 | avg100  206.99 | grasp100  99.0% | best 0.990 |     29 st/s
    done(50): success=49 t_flicker=1
Ep 20650 | score  207.04 | avg100  206.55 | grasp100  98.0% | best 0.990 |     29 st/s
    done(50): success=49 t_flicker=1
Ep 20700 | score  206.04 | avg100  209.57 | grasp100  99.0% | best 0.990 |     29 st/s
    done(50): success=50
Ep 20750 | score  208.37 | avg100  209.51 | grasp100  99.0% | best 0.990 |     29 st/s
    done(50): success=49 t_flicker=1
Ep 20800 | score  206.48 | avg100  208.27 | grasp100  99.0% | best 0.990 |     29 st/s
    done(50): success=50
Ep 20850 | score  207.89 | avg100  209.66 | grasp100 100.0% | best 0.990 |     29 st/s
    done(50): success=50
Ep 20900 | score   66.69 | avg100  208.86 | grasp100  98.0% | best 0.990 |     29 st/s
    done(50): success=48 t_flicker=2
Ep 20950 | score  250.78 | avg100  206.97 | grasp100  97.0% | best 0.990 |     29 st/s
    done(50): success=49 t_flicker=1
Ep 21000 | score  204.54 | avg100  208.62 | grasp100  99.0% | best 0.990 |     29 st/s
    done(50): success=50
Ep 21050 | score  206.51 | avg100  209.99 | grasp100 100.0% | best 0.990 |     29 st/s
    done(50): success=50
  [primacy-bias reset of critic heads @ 225000 updates]
Ep 21100 | score  -27.70 | avg100  162.99 | grasp100  80.0% | best 0.990 |     29 st/s
    done(50): success=30 t_flicker=1 t_no_reach=19
Ep 21150 | score  182.04 | avg100   62.56 | grasp100  37.0% | best 0.990 |     29 st/s
    done(50): success=7 t_touched=7 t_no_reach=36
Ep 21200 | score  209.20 | avg100   66.55 | grasp100  38.0% | best 0.990 |     29 st/s
    done(50): success=31 t_flicker=4 t_touched=9 t_no_reach=6
Ep 21250 | score    0.42 | avg100  130.91 | grasp100  64.0% | best 0.990 |     29 st/s
    done(50): success=33 t_flicker=2 t_touched=14 t_no_reach=1
Ep 21300 | score  210.82 | avg100  158.34 | grasp100  76.0% | best 0.990 |     29 st/s
    done(50): success=43 t_flicker=4 t_touched=2 t_no_reach=1
Ep 21350 | score  206.60 | avg100  193.01 | grasp100  93.0% | best 0.990 |     29 st/s
    done(50): success=50
Ep 21400 | score  205.39 | avg100  204.18 | grasp100  98.0% | best 0.990 |     29 st/s
    done(50): success=48 t_flicker=1 t_touched=1
Ep 21450 | score  207.23 | avg100  204.13 | grasp100  98.0% | best 0.990 |     29 st/s
    done(50): success=50
Ep 21500 | score  207.69 | avg100  207.47 | grasp100 100.0% | best 0.990 |     29 st/s
    done(50): success=50
Ep 21550 | score  206.12 | avg100  207.53 | grasp100 100.0% | best 0.990 |     29 st/s
    done(50): success=50
Ep 21600 | score  209.29 | avg100  207.44 | grasp100 100.0% | best 0.990 |     29 st/s
    done(50): success=50
Ep 21650 | score  207.62 | avg100  207.60 | grasp100 100.0% | best 0.990 |     29 st/s
    done(50): success=50
Ep 21700 | score  207.77 | avg100  207.51 | grasp100 100.0% | best 0.990 |     29 st/s
    done(50): success=50
Ep 21750 | score  206.68 | avg100  207.82 | grasp100 100.0% | best 0.990 |     29 st/s
    done(50): success=50
Ep 21800 | score  206.93 | avg100  208.85 | grasp100 100.0% | best 0.990 |     29 st/s
    done(50): success=50
Ep 21850 | score  208.95 | avg100  204.84 | grasp100  97.0% | best 0.990 |     29 st/s
    done(50): success=47 t_flicker=2 t_touched=1
Ep 21900 | score  205.52 | avg100  204.70 | grasp100  97.0% | best 0.990 |     29 st/s
    done(50): success=50
Ep 21950 | score  205.92 | avg100  208.99 | grasp100 100.0% | best 0.990 |     29 st/s
    done(50): success=50
Ep 22000 | score  205.36 | avg100  207.51 | grasp100  99.0% | best 0.990 |     29 st/s
    done(50): success=49 t_flicker=1
Ep 22050 | score  207.88 | avg100  208.46 | grasp100  99.0% | best 0.990 |     29 st/s
    done(50): success=50
Ep 22100 | score  252.13 | avg100  210.75 | grasp100 100.0% | best 0.990 |     29 st/s
    done(50): success=50
Ep 22150 | score  205.68 | avg100  208.06 | grasp100  99.0% | best 0.990 |     29 st/s
    done(50): success=49 t_flicker=1
Ep 22200 | score  207.18 | avg100  208.31 | grasp100  99.0% | best 0.990 |     29 st/s
    done(50): success=50
Ep 22250 | score  206.30 | avg100  209.80 | grasp100 100.0% | best 0.990 |     29 st/s
    done(50): success=50
Ep 22300 | score  205.86 | avg100  206.77 | grasp100  98.0% | best 0.990 |     29 st/s
    done(50): success=48 t_flicker=2
Ep 22350 | score  208.84 | avg100  206.36 | grasp100  97.0% | best 0.990 |     29 st/s
    done(50): success=49 t_flicker=1
Ep 22400 | score  209.40 | avg100  205.48 | grasp100  97.0% | best 0.990 |     29 st/s
    done(50): success=48 t_flicker=2
Ep 22450 | score  210.67 | avg100  206.12 | grasp100  97.0% | best 0.990 |     29 st/s
    done(50): success=49 t_flicker=1
Ep 22500 | score  209.27 | avg100  210.50 | grasp100  99.0% | best 0.990 |     29 st/s
    done(50): success=50
Ep 22550 | score  207.26 | avg100  210.83 | grasp100 100.0% | best 0.990 |     29 st/s
    done(50): success=50
Ep 22600 | score  256.39 | avg100  210.56 | grasp100 100.0% | best 0.990 |     29 st/s
    done(50): success=50
Ep 22650 | score  209.19 | avg100  210.83 | grasp100 100.0% | best 0.990 |     29 st/s
    done(50): success=50
Ep 22700 | score  208.48 | avg100  208.48 | grasp100  99.0% | best 0.990 |     29 st/s
    done(50): success=49 t_flicker=1
Ep 22750 | score  218.17 | avg100  204.68 | grasp100  97.0% | best 0.990 |     29 st/s
    done(50): success=48 t_flicker=2
Ep 22800 | score  205.81 | avg100  205.60 | grasp100  98.0% | best 0.990 |     29 st/s
    done(50): success=50
Ep 22850 | score  237.54 | avg100  209.25 | grasp100  99.0% | best 0.990 |     29 st/s
    done(50): success=49 t_flicker=1
Ep 22900 | score  207.31 | avg100  209.07 | grasp100  98.0% | best 0.990 |     29 st/s
    done(50): success=49 t_flicker=1
Ep 22950 | score  206.74 | avg100  209.13 | grasp100  99.0% | best 0.990 |     29 st/s
    done(50): success=50
Ep 23000 | score  208.10 | avg100  208.83 | grasp100  99.0% | best 0.990 |     29 st/s
    done(50): success=49 t_flicker=1
Ep 23050 | score  205.74 | avg100  209.30 | grasp100  99.0% | best 0.990 |     29 st/s
    done(50): success=50
Ep 23100 | score  203.59 | avg100  207.72 | grasp100  98.0% | best 0.990 |     29 st/s
    done(50): success=48 t_flicker=2
Ep 23150 | score  238.70 | avg100  204.90 | grasp100  96.0% | best 0.990 |     29 st/s
    done(50): success=48 t_flicker=2
Ep 23200 | score  206.81 | avg100  206.14 | grasp100  97.0% | best 0.990 |     29 st/s
    done(50): success=49 t_flicker=1
Ep 23250 | score  207.53 | avg100  208.73 | grasp100  98.0% | best 0.990 |     29 st/s
    done(50): success=49 t_flicker=1
Ep 23300 | score  206.86 | avg100  206.91 | grasp100  96.0% | best 0.990 |     29 st/s
    done(50): success=47 t_flicker=3
Ep 23350 | score  207.35 | avg100  208.35 | grasp100  97.0% | best 0.990 |     29 st/s
    done(50): success=50
Ep 23400 | score  204.01 | avg100  209.64 | grasp100  98.0% | best 0.990 |     29 st/s
    done(50): success=48 t_flicker=2
Ep 23450 | score  207.09 | avg100  201.23 | grasp100  93.0% | best 0.990 |     29 st/s
    done(50): success=45 t_flicker=5
  [primacy-bias reset of critic heads @ 250000 updates]
Ep 23500 | score  -27.96 | avg100  153.27 | grasp100  74.0% | best 0.990 |     29 st/s
    done(50): success=29 t_flicker=1 t_no_reach=20
Ep 23550 | score  -27.98 | avg100   41.14 | grasp100  29.0% | best 0.990 |     29 st/s
    done(50): t_no_reach=50
Ep 23600 | score  -19.42 | avg100  -25.12 | grasp100   0.0% | best 0.990 |     29 st/s
    done(50): t_touched=5 t_no_reach=45
Ep 23650 | score  246.97 | avg100   49.59 | grasp100  29.0% | best 0.990 |     29 st/s
    done(50): success=29 t_flicker=3 t_touched=18
Ep 23700 | score  205.61 | avg100  155.67 | grasp100  74.0% | best 0.990 |     29 st/s
    done(50): success=45 t_flicker=2 t_touched=3
Ep 23750 | score  205.66 | avg100  195.33 | grasp100  93.0% | best 0.990 |     29 st/s
    done(50): success=48 t_flicker=1 t_touched=1
Ep 23800 | score  206.74 | avg100  204.26 | grasp100  98.0% | best 0.990 |     29 st/s
    done(50): success=50
Ep 23850 | score  208.12 | avg100  207.55 | grasp100 100.0% | best 0.990 |     29 st/s
    done(50): success=50
Ep 23900 | score  205.59 | avg100  203.67 | grasp100  98.0% | best 0.990 |     29 st/s
    done(50): success=48 t_flicker=1 t_touched=1
Ep 23950 | score  206.77 | avg100  203.59 | grasp100  98.0% | best 0.990 |     29 st/s
    done(50): success=50
Ep 24000 | score  207.47 | avg100  207.41 | grasp100 100.0% | best 0.990 |     29 st/s
    done(50): success=50
Ep 24050 | score  207.17 | avg100  208.78 | grasp100 100.0% | best 0.990 |     29 st/s
    done(50): success=50
Ep 24100 | score  206.93 | avg100  207.72 | grasp100  99.0% | best 0.990 |     29 st/s
    done(50): success=49 t_flicker=1
Ep 24150 | score  208.65 | avg100  204.47 | grasp100  97.0% | best 0.990 |     29 st/s
    done(50): success=48 t_flicker=2
Ep 24200 | score  206.78 | avg100  204.34 | grasp100  97.0% | best 0.990 |     29 st/s
    done(50): success=49 t_flicker=1
Ep 24250 | score  207.21 | avg100  205.79 | grasp100  98.0% | best 0.990 |     29 st/s
    done(50): success=49 t_flicker=1
Ep 24300 | score  209.68 | avg100  204.36 | grasp100  97.0% | best 0.990 |     29 st/s
    done(50): success=48 t_flicker=2
Ep 24350 | score  210.22 | avg100  206.01 | grasp100  98.0% | best 0.990 |     29 st/s
    done(50): success=50
Ep 24400 | score  209.29 | avg100  207.74 | grasp100  99.0% | best 0.990 |     29 st/s
    done(50): success=49 t_flicker=1
Ep 24450 | score  205.84 | avg100  205.46 | grasp100  97.0% | best 0.990 |     29 st/s
    done(50): success=48 t_flicker=2
Ep 24500 | score  207.08 | avg100  205.53 | grasp100  97.0% | best 0.990 |     29 st/s
    done(50): success=49 t_flicker=1
Ep 24550 | score  206.39 | avg100  207.29 | grasp100  99.0% | best 0.990 |     29 st/s
    done(50): success=50
Ep 24600 | score  206.08 | avg100  209.50 | grasp100 100.0% | best 0.990 |     29 st/s
    done(50): success=50
Ep 24650 | score  207.03 | avg100  208.51 | grasp100  99.0% | best 0.990 |     29 st/s
    done(50): success=49 t_flicker=1
Ep 24700 | score  208.61 | avg100  205.35 | grasp100  97.0% | best 0.990 |     29 st/s
    done(50): success=48 t_flicker=2
Ep 24750 | score  209.32 | avg100  206.65 | grasp100  98.0% | best 0.990 |     29 st/s
    done(50): success=50
Ep 24800 | score  207.74 | avg100  209.47 | grasp100 100.0% | best 0.990 |     29 st/s
    done(50): success=50
Ep 24850 | score  206.76 | avg100  207.46 | grasp100  99.0% | best 0.990 |     29 st/s
    done(50): success=49 t_flicker=1
Ep 24900 | score  205.35 | avg100  207.67 | grasp100  99.0% | best 0.990 |     29 st/s
    done(50): success=50
Ep 24950 | score  207.80 | avg100  207.95 | grasp100  99.0% | best 0.990 |     29 st/s
    done(50): success=49 t_flicker=1
Ep 25000 | score  206.11 | avg100  206.59 | grasp100  99.0% | best 0.990 |     29 st/s
    done(50): success=50
Ep 25050 | score  207.72 | avg100  208.16 | grasp100 100.0% | best 0.990 |     29 st/s
    done(50): success=50
Ep 25100 | score  209.97 | avg100  208.55 | grasp100 100.0% | best 0.990 |     29 st/s
    done(50): success=50
Ep 25150 | score  205.86 | avg100  206.39 | grasp100  99.0% | best 0.990 |     29 st/s
    done(50): success=49 t_flicker=1
Ep 25200 | score  205.76 | avg100  204.60 | grasp100  98.0% | best 0.990 |     29 st/s
    done(50): success=49 t_flicker=1
Ep 25250 | score  206.06 | avg100  206.78 | grasp100  99.0% | best 0.990 |     29 st/s
    done(50): success=50
Ep 25300 | score  239.60 | avg100  206.84 | grasp100  99.0% | best 0.990 |     29 st/s
    done(50): success=49 t_flicker=1
Ep 25350 | score  207.41 | avg100  202.15 | grasp100  96.0% | best 0.990 |     29 st/s
    done(50): success=47 t_flicker=3
Ep 25400 | score  207.73 | avg100  203.21 | grasp100  96.0% | best 0.990 |     29 st/s
    done(50): success=49 t_flicker=1
Ep 25450 | score  206.16 | avg100  205.32 | grasp100  98.0% | best 0.990 |     29 st/s
    done(50): success=49 t_flicker=1
Ep 25500 | score  205.82 | avg100  204.60 | grasp100  98.0% | best 0.990 |     29 st/s
    done(50): success=49 t_flicker=1
Ep 25550 | score  206.41 | avg100  205.58 | grasp100  98.0% | best 0.990 |     29 st/s
    done(50): success=49 t_flicker=1
Ep 25600 | score  208.78 | avg100  203.26 | grasp100  96.0% | best 0.990 |     29 st/s
    done(50): success=47 t_flicker=3
Ep 25650 | score  206.02 | avg100  204.35 | grasp100  96.0% | best 0.990 |     29 st/s
    done(50): success=49 t_flicker=1
Ep 25700 | score  206.75 | avg100  207.20 | grasp100  98.0% | best 0.990 |     29 st/s
    done(50): success=49 t_flicker=1
Ep 25750 | score  206.02 | avg100  207.71 | grasp100  99.0% | best 0.990 |     29 st/s
    done(50): success=50
Ep 25800 | score  206.58 | avg100  206.19 | grasp100  98.0% | best 0.990 |     29 st/s
    done(50): success=48 t_flicker=2
  [primacy-bias reset of critic heads @ 275000 updates]
Ep 25850 | score  -25.68 | avg100  139.06 | grasp100  68.0% | best 0.990 |     29 st/s
    done(50): success=20 t_flicker=2 t_touched=4 t_no_reach=24
Ep 25900 | score    4.40 | avg100   28.14 | grasp100  20.0% | best 0.990 |     29 st/s
    done(50): t_flicker=2 t_touched=4 t_no_reach=44
Ep 25950 | score  205.08 | avg100   29.37 | grasp100  19.0% | best 0.990 |     29 st/s
    done(50): success=19 t_flicker=6 t_touched=20 t_no_reach=5
Ep 26000 | score  205.84 | avg100  123.91 | grasp100  59.0% | best 0.990 |     29 st/s
    done(50): success=40 t_flicker=6 t_touched=4
Ep 26050 | score  205.49 | avg100  189.65 | grasp100  90.0% | best 0.990 |     29 st/s
    done(50): success=50
Ep 26100 | score  208.13 | avg100  204.94 | grasp100  98.0% | best 0.990 |     29 st/s
    done(50): success=48 t_flicker=2
Ep 26150 | score  206.08 | avg100  204.31 | grasp100  98.0% | best 0.990 |     29 st/s
    done(50): success=50
Ep 26200 | score  208.64 | avg100  207.50 | grasp100 100.0% | best 0.990 |     29 st/s
    done(50): success=50
Ep 26250 | score  208.79 | avg100  207.83 | grasp100 100.0% | best 0.990 |     29 st/s
    done(50): success=50
Ep 26300 | score  206.32 | avg100  208.14 | grasp100 100.0% | best 0.990 |     29 st/s
    done(50): success=50
Ep 26350 | score  209.00 | avg100  208.46 | grasp100 100.0% | best 0.990 |     29 st/s
    done(50): success=50
Ep 26400 | score  208.20 | avg100  206.84 | grasp100  99.0% | best 0.990 |     29 st/s
    done(50): success=49 t_flicker=1
Ep 26450 | score  206.70 | avg100  203.48 | grasp100  97.0% | best 0.990 |     29 st/s
    done(50): success=48 t_flicker=1 t_touched=1
Ep 26500 | score  208.32 | avg100  205.22 | grasp100  98.0% | best 0.990 |     29 st/s
    done(50): success=50
Ep 26550 | score  208.70 | avg100  207.68 | grasp100  99.0% | best 0.990 |     29 st/s
    done(50): success=49 t_flicker=1
Ep 26600 | score  207.44 | avg100  207.71 | grasp100  99.0% | best 0.990 |     29 st/s
    done(50): success=50
Ep 26650 | score  208.74 | avg100  208.11 | grasp100 100.0% | best 0.990 |     29 st/s
    done(50): success=50
Ep 26700 | score  207.75 | avg100  207.76 | grasp100 100.0% | best 0.990 |     29 st/s
    done(50): success=50
Ep 26750 | score  208.07 | avg100  208.16 | grasp100 100.0% | best 0.990 |     29 st/s
    done(50): success=50
Ep 26800 | score  207.01 | avg100  209.43 | grasp100 100.0% | best 0.990 |     29 st/s
    done(50): success=50
Ep 26850 | score  210.07 | avg100  208.58 | grasp100  99.0% | best 0.990 |     29 st/s
    done(50): success=49 t_flicker=1
Ep 26900 | score  209.47 | avg100  204.78 | grasp100  97.0% | best 0.990 |     29 st/s
    done(50): success=48 t_flicker=1 t_touched=1
Ep 26950 | score  207.03 | avg100  204.55 | grasp100  97.0% | best 0.990 |     29 st/s
    done(50): success=49 t_touched=1
Ep 27000 | score  206.72 | avg100  208.50 | grasp100  99.0% | best 0.990 |     29 st/s
    done(50): success=50
Ep 27050 | score  206.30 | avg100  207.10 | grasp100  98.0% | best 0.990 |     29 st/s
    done(50): success=48 t_flicker=2
Ep 27100 | score  206.78 | avg100  204.85 | grasp100  97.0% | best 0.990 |     29 st/s
    done(50): success=49 t_flicker=1
Ep 27150 | score  205.44 | avg100  206.58 | grasp100  99.0% | best 0.990 |     29 st/s
    done(50): success=50
Ep 27200 | score  205.29 | avg100  206.79 | grasp100  99.0% | best 0.990 |     29 st/s
    done(50): success=49 t_flicker=1
Ep 27250 | score  206.09 | avg100  207.48 | grasp100  98.0% | best 0.990 |     29 st/s
    done(50): success=49 t_flicker=1
Ep 27300 | score  205.14 | avg100  207.32 | grasp100  98.0% | best 0.990 |     29 st/s
    done(50): success=49 t_flicker=1
Ep 27350 | score  206.17 | avg100  205.83 | grasp100  98.0% | best 0.990 |     29 st/s
    done(50): success=49 t_flicker=1
Ep 27400 | score  232.04 | avg100  205.66 | grasp100  97.0% | best 0.990 |     29 st/s
    done(50): success=48 t_flicker=2
Ep 27450 | score  208.17 | avg100  207.93 | grasp100  98.0% | best 0.990 |     29 st/s
    done(50): success=50
Ep 27500 | score  208.04 | avg100  207.02 | grasp100  98.0% | best 0.990 |     29 st/s
    done(50): success=48 t_flicker=2
Ep 27550 | score  309.52 | avg100  205.87 | grasp100  97.0% | best 0.990 |     29 st/s
    done(50): success=49 t_flicker=1
Ep 27600 | score  207.37 | avg100  207.29 | grasp100  98.0% | best 0.990 |     29 st/s
    done(50): success=49 t_flicker=1
Ep 27650 | score  207.05 | avg100  203.47 | grasp100  96.0% | best 0.990 |     29 st/s
    done(50): success=47 t_flicker=3
Ep 27700 | score  205.58 | avg100  203.63 | grasp100  96.0% | best 0.990 |     29 st/s
    done(50): success=49 t_flicker=1
Ep 27750 | score  208.05 | avg100  204.45 | grasp100  97.0% | best 0.990 |     29 st/s
    done(50): success=48 t_flicker=2
Ep 27800 | score  204.74 | avg100  204.68 | grasp100  98.0% | best 0.990 |     29 st/s
    done(50): success=50
Ep 27850 | score  206.97 | avg100  206.21 | grasp100  99.0% | best 0.990 |     29 st/s
    done(50): success=49 t_flicker=1
Ep 27900 | score  206.09 | avg100  203.42 | grasp100  97.0% | best 0.990 |     29 st/s
    done(50): success=48 t_flicker=2
Ep 27950 | score  206.80 | avg100  200.35 | grasp100  94.0% | best 0.990 |     29 st/s
    done(50): success=46 t_flicker=4
Ep 28000 | score  208.88 | avg100  202.19 | grasp100  95.0% | best 0.990 |     29 st/s
    done(50): success=49 t_flicker=1
Ep 28050 | score  206.97 | avg100  206.87 | grasp100  99.0% | best 0.990 |     29 st/s
    done(50): success=50
Ep 28100 | score  205.70 | avg100  208.76 | grasp100 100.0% | best 0.990 |     29 st/s
    done(50): success=50
Ep 28150 | score  205.95 | avg100  208.07 | grasp100 100.0% | best 0.990 |     29 st/s
    done(50): success=50
Ep 28200 | score  205.40 | avg100  203.12 | grasp100  97.0% | best 0.990 |     29 st/s
    done(50): success=47 t_flicker=3
  [primacy-bias reset of critic heads @ 300000 updates]
========================================================================
RANDOM-SPAWN GRASP RETRAINING  |  algo=td3_ln  run=td3_ln_can_warm_s1
========================================================================
  Envs                : 5 (subprocess-parallel, fork)
  Spawn level         : 2.0 (1.0 = full position box, 2.0 = + z-rotation)
  Updates/vec-step    : 2 (0.400 per env-step; historical baseline 0.5)
  Buffer              : 2,000,000
  Actor               : 64 -> 32  (5,216 weights)  [critics 512->256]
  Warm start          : checkpoints/td3_grasp_rand_td3_ln_c2m512_s1/best
  Checkpoints         : /home/fahim/Thesis_fahim/pickandplace/checkpoints/td3_grasp_rand_td3_ln_can_warm_s1
========================================================================

Spawning 5 subprocess environments (fork)...
[robosuite WARNING] No private macro file found! (__init__.py:7)
[robosuite WARNING] No private macro file found! (__init__.py:7)
[robosuite WARNING] No private macro file found! (__init__.py:7)
[robosuite WARNING] No private macro file found! (__init__.py:7)
[robosuite WARNING] It is recommended to use a private macro file (__init__.py:8)
[robosuite WARNING] It is recommended to use a private macro file (__init__.py:8)
[robosuite WARNING] It is recommended to use a private macro file (__init__.py:8)
[robosuite WARNING] To setup, run: python /home/fahim/Thesis_fahim/venv/lib/python3.12/site-packages/robosuite/scripts/setup_macros.py (__init__.py:9)
[robosuite WARNING] No private macro file found! (__init__.py:7)
[robosuite WARNING] To setup, run: python /home/fahim/Thesis_fahim/venv/lib/python3.12/site-packages/robosuite/scripts/setup_macros.py (__init__.py:9)
[robosuite WARNING] It is recommended to use a private macro file (__init__.py:8)
[robosuite WARNING] To setup, run: python /home/fahim/Thesis_fahim/venv/lib/python3.12/site-packages/robosuite/scripts/setup_macros.py (__init__.py:9)
[robosuite WARNING] To setup, run: python /home/fahim/Thesis_fahim/venv/lib/python3.12/site-packages/robosuite/scripts/setup_macros.py (__init__.py:9)
[robosuite WARNING] It is recommended to use a private macro file (__init__.py:8)
[robosuite WARNING] To setup, run: python /home/fahim/Thesis_fahim/venv/lib/python3.12/site-packages/robosuite/scripts/setup_macros.py (__init__.py:9)
Gym has been unmaintained since 2022 and does not support NumPy 2.0 amongst other critical functionality.
Please upgrade to Gymnasium, the maintained drop-in replacement of Gym, or contact the authors of your software and request that they upgrade.
See the migration guide at https://gymnasium.farama.org/introduction/migration_guide/ for additional information.Gym has been unmaintained since 2022 and does not support NumPy 2.0 amongst other critical functionality.
Please upgrade to Gymnasium, the maintained drop-in replacement of Gym, or contact the authors of your software and request that they upgrade.
See the migration guide at https://gymnasium.farama.org/introduction/migration_guide/ for additional information.Gym has been unmaintained since 2022 and does not support NumPy 2.0 amongst other critical functionality.
Please upgrade to Gymnasium, the maintained drop-in replacement of Gym, or contact the authors of your software and request that they upgrade.
See the migration guide at https://gymnasium.farama.org/introduction/migration_guide/ for additional information.


Gym has been unmaintained since 2022 and does not support NumPy 2.0 amongst other critical functionality.
Please upgrade to Gymnasium, the maintained drop-in replacement of Gym, or contact the authors of your software and request that they upgrade.
See the migration guide at https://gymnasium.farama.org/introduction/migration_guide/ for additional information.
Gym has been unmaintained since 2022 and does not support NumPy 2.0 amongst other critical functionality.
Please upgrade to Gymnasium, the maintained drop-in replacement of Gym, or contact the authors of your software and request that they upgrade.
See the migration guide at https://gymnasium.farama.org/introduction/migration_guide/ for additional information.
/home/fahim/Thesis_fahim/venv/lib/python3.12/site-packages/gym/spaces/box.py:84: UserWarning: [33mWARN: Box bound precision lowered by casting to float32[0m
  logger.warn(f"Box bound precision lowered by casting to {self.dtype}")
/home/fahim/Thesis_fahim/venv/lib/python3.12/site-packages/gym/spaces/box.py:84: UserWarning: [33mWARN: Box bound precision lowered by casting to float32[0m
  logger.warn(f"Box bound precision lowered by casting to {self.dtype}")
/home/fahim/Thesis_fahim/venv/lib/python3.12/site-packages/gym/spaces/box.py:84: UserWarning: [33mWARN: Box bound precision lowered by casting to float32[0m
  logger.warn(f"Box bound precision lowered by casting to {self.dtype}")
/home/fahim/Thesis_fahim/venv/lib/python3.12/site-packages/gym/spaces/box.py:84: UserWarning: [33mWARN: Box bound precision lowered by casting to float32[0m
  logger.warn(f"Box bound precision lowered by casting to {self.dtype}")
/home/fahim/Thesis_fahim/venv/lib/python3.12/site-packages/gym/spaces/box.py:84: UserWarning: [33mWARN: Box bound precision lowered by casting to float32[0m
  logger.warn(f"Box bound precision lowered by casting to {self.dtype}")
Gym has been unmaintained since 2022 and does not support NumPy 2.0 amongst other critical functionality.
Please upgrade to Gymnasium, the maintained drop-in replacement of Gym, or contact the authors of your software and request that they upgrade.
See the migration guide at https://gymnasium.farama.org/introduction/migration_guide/ for additional information.
5 environments ready.

  Actor QAT           : per-tensor INT8 fake-quant, STE grads
  Actor weight clip   : |w| <= 8.0 * std(w) per Linear tensor (bi_s0 baseline fc1 9.96 / fc2 10.82)
Init: resumed (source: /home/fahim/Thesis_fahim/pickandplace/checkpoints/td3_grasp_rand_td3_ln_c2m512_s1/best)
Resumed replay buffer (1,378,098 transitions).

Training...

========================================================================
RANDOM-SPAWN GRASP RETRAINING  |  algo=td3_ln  run=td3_ln_can_warm_s1
========================================================================
  Envs                : 5 (subprocess-parallel, fork)
  Spawn level         : 2.0 (1.0 = full position box, 2.0 = + z-rotation)
  Updates/vec-step    : 2 (0.400 per env-step; historical baseline 0.5)
  Buffer              : 2,000,000
  Actor               : 64 -> 32  (5,216 weights)  [critics 512->256]
  Warm start          : checkpoints/td3_grasp_rand_td3_ln_c2m512_s1/best
  Checkpoints         : /home/fahim/Thesis_fahim/pickandplace/checkpoints/td3_grasp_rand_td3_ln_can_warm_s1
========================================================================

Spawning 5 subprocess environments (fork)...
[robosuite WARNING] No private macro file found! (__init__.py:7)
[robosuite WARNING] It is recommended to use a private macro file (__init__.py:8)
[robosuite WARNING] To setup, run: python /home/fahim/Thesis_fahim/venv/lib/python3.12/site-packages/robosuite/scripts/setup_macros.py (__init__.py:9)
[robosuite WARNING] No private macro file found! (__init__.py:7)
[robosuite WARNING] It is recommended to use a private macro file (__init__.py:8)
[robosuite WARNING] To setup, run: python /home/fahim/Thesis_fahim/venv/lib/python3.12/site-packages/robosuite/scripts/setup_macros.py (__init__.py:9)
[robosuite WARNING] No private macro file found! (__init__.py:7)
[robosuite WARNING] It is recommended to use a private macro file (__init__.py:8)
[robosuite WARNING] To setup, run: python /home/fahim/Thesis_fahim/venv/lib/python3.12/site-packages/robosuite/scripts/setup_macros.py (__init__.py:9)
[robosuite WARNING] No private macro file found! (__init__.py:7)
[robosuite WARNING] It is recommended to use a private macro file (__init__.py:8)
[robosuite WARNING] To setup, run: python /home/fahim/Thesis_fahim/venv/lib/python3.12/site-packages/robosuite/scripts/setup_macros.py (__init__.py:9)
[robosuite WARNING] No private macro file found! (__init__.py:7)
[robosuite WARNING] It is recommended to use a private macro file (__init__.py:8)
[robosuite WARNING] To setup, run: python /home/fahim/Thesis_fahim/venv/lib/python3.12/site-packages/robosuite/scripts/setup_macros.py (__init__.py:9)
Gym has been unmaintained since 2022 and does not support NumPy 2.0 amongst other critical functionality.
Please upgrade to Gymnasium, the maintained drop-in replacement of Gym, or contact the authors of your software and request that they upgrade.
See the migration guide at https://gymnasium.farama.org/introduction/migration_guide/ for additional information.
Gym has been unmaintained since 2022 and does not support NumPy 2.0 amongst other critical functionality.
Please upgrade to Gymnasium, the maintained drop-in replacement of Gym, or contact the authors of your software and request that they upgrade.
See the migration guide at https://gymnasium.farama.org/introduction/migration_guide/ for additional information.
Gym has been unmaintained since 2022 and does not support NumPy 2.0 amongst other critical functionality.
Please upgrade to Gymnasium, the maintained drop-in replacement of Gym, or contact the authors of your software and request that they upgrade.
See the migration guide at https://gymnasium.farama.org/introduction/migration_guide/ for additional information.
Gym has been unmaintained since 2022 and does not support NumPy 2.0 amongst other critical functionality.
Please upgrade to Gymnasium, the maintained drop-in replacement of Gym, or contact the authors of your software and request that they upgrade.
See the migration guide at https://gymnasium.farama.org/introduction/migration_guide/ for additional information.
Gym has been unmaintained since 2022 and does not support NumPy 2.0 amongst other critical functionality.
Please upgrade to Gymnasium, the maintained drop-in replacement of Gym, or contact the authors of your software and request that they upgrade.
See the migration guide at https://gymnasium.farama.org/introduction/migration_guide/ for additional information.
/home/fahim/Thesis_fahim/venv/lib/python3.12/site-packages/gym/spaces/box.py:84: UserWarning: [33mWARN: Box bound precision lowered by casting to float32[0m
  logger.warn(f"Box bound precision lowered by casting to {self.dtype}")
/home/fahim/Thesis_fahim/venv/lib/python3.12/site-packages/gym/spaces/box.py:84: UserWarning: [33mWARN: Box bound precision lowered by casting to float32[0m
  logger.warn(f"Box bound precision lowered by casting to {self.dtype}")
/home/fahim/Thesis_fahim/venv/lib/python3.12/site-packages/gym/spaces/box.py:84: UserWarning: [33mWARN: Box bound precision lowered by casting to float32[0m
  logger.warn(f"Box bound precision lowered by casting to {self.dtype}")
/home/fahim/Thesis_fahim/venv/lib/python3.12/site-packages/gym/spaces/box.py:84: UserWarning: [33mWARN: Box bound precision lowered by casting to float32[0m
  logger.warn(f"Box bound precision lowered by casting to {self.dtype}")
/home/fahim/Thesis_fahim/venv/lib/python3.12/site-packages/gym/spaces/box.py:84: UserWarning: [33mWARN: Box bound precision lowered by casting to float32[0m
  logger.warn(f"Box bound precision lowered by casting to {self.dtype}")
Gym has been unmaintained since 2022 and does not support NumPy 2.0 amongst other critical functionality.
Please upgrade to Gymnasium, the maintained drop-in replacement of Gym, or contact the authors of your software and request that they upgrade.
See the migration guide at https://gymnasium.farama.org/introduction/migration_guide/ for additional information.
5 environments ready.

  Actor QAT           : per-tensor INT8 fake-quant, STE grads
  Actor weight clip   : |w| <= 8.0 * std(w) per Linear tensor (bi_s0 baseline fc1 9.96 / fc2 10.82)
Init: resumed (source: /home/fahim/Thesis_fahim/pickandplace/checkpoints/td3_grasp_rand_td3_ln_c2m512_s1/best)
Resumed replay buffer (1,378,098 transitions).

Training...

Ep    50 | score  206.85 | avg100  204.26 | grasp100  98.0% | best 0.000 |     21 st/s
    done(50): success=49 t_flicker=1
Ep   100 | score  205.04 | avg100  202.80 | grasp100  97.0% | best 0.000 |     21 st/s
    done(50): success=48 t_flicker=2
Ep   150 | score  208.03 | avg100  203.06 | grasp100  97.0% | best 0.000 |     21 st/s
    done(50): success=49 t_flicker=1
Ep   200 | * BEST  level200=2.00 grasp200= 98.0% metric=0.980 | score  205.27
Ep   250 | score  207.65 | avg100  207.20 | grasp100  99.0% | best 0.980 |     21 st/s
    done(50): success=49 t_flicker=1
Ep   300 | score  205.39 | avg100  204.89 | grasp100  98.0% | best 0.980 |     21 st/s
    done(50): success=49 t_flicker=1
Ep   350 | score  206.59 | avg100  206.20 | grasp100  99.0% | best 0.980 |     21 st/s
    done(50): success=50
Ep   400 | score  206.88 | avg100  207.64 | grasp100 100.0% | best 0.980 |     21 st/s
    done(50): success=50
Ep   450 | score  207.25 | avg100  204.49 | grasp100  98.0% | best 0.980 |     21 st/s
    done(50): success=48 t_flicker=2
Ep   500 | score  207.30 | avg100  204.30 | grasp100  98.0% | best 0.980 |     21 st/s
    done(50): success=50
Ep   550 | score  205.27 | avg100  204.77 | grasp100  98.0% | best 0.980 |     19 st/s
    done(50): success=48 t_flicker=2
Ep   600 | score   60.04 | avg100  199.90 | grasp100  95.0% | best 0.980 |     19 st/s
    done(50): success=47 t_flicker=2 t_touched=1
Ep   650 | score  207.00 | avg100  204.62 | grasp100  97.0% | best 0.980 |     19 st/s
    done(50): success=50
Ep   700 | score  209.05 | avg100  209.70 | grasp100  99.0% | best 0.980 |     20 st/s
    done(50): success=49 t_flicker=1
Ep   750 | score  207.07 | avg100  206.17 | grasp100  97.0% | best 0.980 |     20 st/s
    done(50): success=48 t_flicker=2
Ep   800 | score  206.29 | avg100  206.27 | grasp100  98.0% | best 0.980 |     20 st/s
    done(50): success=50
Ep   850 | score  209.14 | avg100  208.30 | grasp100 100.0% | best 0.980 |     20 st/s
    done(50): success=50
Ep   900 | score  207.14 | avg100  207.74 | grasp100 100.0% | best 0.980 |     20 st/s
    done(50): success=50
Ep   919 | * BEST  level200=2.00 grasp200= 99.5% metric=0.995 | score  207.21
Ep   950 | score  206.49 | avg100  207.56 | grasp100  99.0% | best 0.995 |     21 st/s
    done(50): success=49 t_flicker=1
Ep  1000 | score  206.96 | avg100  206.94 | grasp100  98.0% | best 0.995 |     21 st/s
    done(50): success=49 t_flicker=1
Ep  1050 | score  209.01 | avg100  205.06 | grasp100  98.0% | best 0.995 |     21 st/s
    done(50): success=49 t_flicker=1
Ep  1100 | score  206.58 | avg100  206.05 | grasp100  99.0% | best 0.995 |     21 st/s
    done(50): success=50
Ep  1150 | score  207.53 | avg100  208.08 | grasp100 100.0% | best 0.995 |     22 st/s
    done(50): success=50
Ep  1200 | score  204.72 | avg100  208.45 | grasp100 100.0% | best 0.995 |     22 st/s
    done(50): success=50
Ep  1250 | score  207.82 | avg100  208.19 | grasp100 100.0% | best 0.995 |     22 st/s
    done(50): success=50
Ep  1300 | score  232.20 | avg100  208.37 | grasp100 100.0% | best 0.995 |     23 st/s
    done(50): success=50
Ep  1350 | score  205.55 | avg100  207.61 | grasp100  99.0% | best 0.995 |     23 st/s
    done(50): success=49 t_flicker=1
Ep  1400 | score  206.00 | avg100  207.21 | grasp100  99.0% | best 0.995 |     23 st/s
    done(50): success=50
Ep  1450 | score  208.21 | avg100  208.94 | grasp100 100.0% | best 0.995 |     23 st/s
    done(50): success=50
Ep  1500 | score  204.62 | avg100  209.28 | grasp100 100.0% | best 0.995 |     24 st/s
    done(50): success=50
Ep  1550 | score  206.89 | avg100  209.36 | grasp100 100.0% | best 0.995 |     23 st/s
    done(50): success=50
Ep  1600 | score  205.80 | avg100  209.57 | grasp100 100.0% | best 0.995 |     24 st/s
    done(50): success=50
Ep  1650 | score  206.76 | avg100  208.23 | grasp100 100.0% | best 0.995 |     24 st/s
    done(50): success=50
Ep  1700 | score  209.41 | avg100  206.31 | grasp100  99.0% | best 0.995 |     24 st/s
    done(50): success=49 t_flicker=1
Ep  1750 | score  207.91 | avg100  203.33 | grasp100  97.0% | best 0.995 |     24 st/s
    done(50): success=48 t_flicker=2
Ep  1800 | score  205.82 | avg100  205.19 | grasp100  98.0% | best 0.995 |     25 st/s
    done(50): success=50
Ep  1850 | score  204.57 | avg100  205.20 | grasp100  98.0% | best 0.995 |     25 st/s
    done(50): success=48 t_flicker=2
Ep  1900 | score  206.53 | avg100  205.04 | grasp100  98.0% | best 0.995 |     25 st/s
    done(50): success=50
Ep  1950 | score  206.63 | avg100  208.49 | grasp100 100.0% | best 0.995 |     25 st/s
    done(50): success=50
Ep  2000 | score  206.99 | avg100  206.98 | grasp100  99.0% | best 0.995 |     25 st/s
    done(50): success=49 t_flicker=1
Ep  2050 | score  208.02 | avg100  205.72 | grasp100  98.0% | best 0.995 |     25 st/s
    done(50): success=49 t_flicker=1
Ep  2100 | score  208.02 | avg100  207.65 | grasp100  99.0% | best 0.995 |     25 st/s
    done(50): success=50
Ep  2150 | score  204.42 | avg100  209.22 | grasp100 100.0% | best 0.995 |     25 st/s
    done(50): success=50
Ep  2200 | score  205.57 | avg100  208.87 | grasp100 100.0% | best 0.995 |     26 st/s
    done(50): success=50
Ep  2250 | score  208.41 | avg100  210.35 | grasp100 100.0% | best 0.995 |     26 st/s
    done(50): success=50
Ep  2300 | score  207.84 | avg100  210.54 | grasp100 100.0% | best 0.995 |     26 st/s
    done(50): success=50
Ep  2350 | score  208.22 | avg100  209.64 | grasp100 100.0% | best 0.995 |     26 st/s
    done(50): success=50
Ep  2400 | score  205.78 | avg100  210.07 | grasp100 100.0% | best 0.995 |     26 st/s
    done(50): success=50
Ep  2450 | score  207.39 | avg100  208.57 | grasp100  99.0% | best 0.995 |     26 st/s
    done(50): success=49 t_flicker=1
Ep  2500 | score  206.32 | avg100  204.50 | grasp100  97.0% | best 0.995 |     26 st/s
    done(50): success=48 t_flicker=2
Ep  2550 | score  206.30 | avg100  201.85 | grasp100  96.0% | best 0.995 |     26 st/s
    done(50): success=48 t_flicker=2
Ep  2600 | score  207.50 | avg100  205.92 | grasp100  98.0% | best 0.995 |     26 st/s
    done(50): success=50
  [primacy-bias reset of critic heads @ 25000 updates]
Ep  2650 | score  -27.87 | avg100  110.96 | grasp100  58.0% | best 0.995 |     27 st/s
    done(50): success=8 t_touched=2 t_no_reach=40
Ep  2700 | score   20.39 | avg100   40.07 | grasp100  27.0% | best 0.995 |     27 st/s
    done(50): success=19 t_flicker=2 t_touched=6 t_no_reach=23
Ep  2750 | score  204.80 | avg100  129.57 | grasp100  65.0% | best 0.995 |     28 st/s
    done(50): success=46 t_flicker=2 t_touched=2
Ep  2800 | score  187.00 | avg100  191.62 | grasp100  93.0% | best 0.995 |     28 st/s
    done(50): success=47 t_flicker=1 t_touched=2
Ep  2850 | score  204.24 | avg100  194.96 | grasp100  95.0% | best 0.995 |     28 st/s
    done(50): success=48 t_touched=2
Ep  2900 | score  208.06 | avg100  202.26 | grasp100  98.0% | best 0.995 |     28 st/s
    done(50): success=50
Ep  2950 | score  206.36 | avg100  206.84 | grasp100 100.0% | best 0.995 |     28 st/s
    done(50): success=50
Ep  3000 | score  206.14 | avg100  206.14 | grasp100  99.0% | best 0.995 |     28 st/s
    done(50): success=49 t_flicker=1
Ep  3050 | score  205.48 | avg100  204.57 | grasp100  98.0% | best 0.995 |     28 st/s
    done(50): success=49 t_touched=1
Ep  3100 | score  209.38 | avg100  205.40 | grasp100  99.0% | best 0.995 |     28 st/s
    done(50): success=50
Ep  3150 | score  207.62 | avg100  207.30 | grasp100 100.0% | best 0.995 |     28 st/s
    done(50): success=50
Ep  3200 | score  207.68 | avg100  207.34 | grasp100 100.0% | best 0.995 |     28 st/s
    done(50): success=50
Ep  3250 | score  204.60 | avg100  207.39 | grasp100 100.0% | best 0.995 |     28 st/s
    done(50): success=50
Ep  3300 | score  204.94 | avg100  207.64 | grasp100 100.0% | best 0.995 |     28 st/s
    done(50): success=50
Ep  3350 | score  207.43 | avg100  207.90 | grasp100 100.0% | best 0.995 |     28 st/s
    done(50): success=50
Ep  3400 | score  206.49 | avg100  208.91 | grasp100 100.0% | best 0.995 |     28 st/s
    done(50): success=50
Ep  3450 | score  209.18 | avg100  209.08 | grasp100 100.0% | best 0.995 |     28 st/s
    done(50): success=50
Ep  3500 | score  207.62 | avg100  208.15 | grasp100 100.0% | best 0.995 |     28 st/s
    done(50): success=50
Ep  3550 | score  206.47 | avg100  208.02 | grasp100 100.0% | best 0.995 |     28 st/s
    done(50): success=50
Ep  3600 | score  208.16 | avg100  208.10 | grasp100 100.0% | best 0.995 |     28 st/s
    done(50): success=50
Ep  3650 | score  207.81 | avg100  208.34 | grasp100 100.0% | best 0.995 |     28 st/s
    done(50): success=50
Ep  3700 | score  205.95 | avg100  208.13 | grasp100  99.0% | best 0.995 |     28 st/s
    done(50): success=49 t_flicker=1
Ep  3750 | score  249.08 | avg100  209.56 | grasp100  99.0% | best 0.995 |     28 st/s
    done(50): success=50
Ep  3800 | score  205.70 | avg100  209.66 | grasp100 100.0% | best 0.995 |     28 st/s
    done(50): success=50
Ep  3850 | score  206.73 | avg100  208.74 | grasp100 100.0% | best 0.995 |     28 st/s
    done(50): success=50
Ep  3900 | score  237.44 | avg100  209.30 | grasp100 100.0% | best 0.995 |     28 st/s
    done(50): success=50
Ep  3950 | score  205.14 | avg100  207.46 | grasp100  99.0% | best 0.995 |     28 st/s
    done(50): success=49 t_flicker=1
Ep  4000 | score  205.39 | avg100  207.10 | grasp100  98.0% | best 0.995 |     28 st/s
    done(50): success=49 t_flicker=1
Ep  4050 | score  207.96 | avg100  206.99 | grasp100  98.0% | best 0.995 |     28 st/s
    done(50): success=49 t_flicker=1
Ep  4100 | score  205.87 | avg100  207.05 | grasp100  99.0% | best 0.995 |     28 st/s
    done(50): success=50
Ep  4150 | score  207.41 | avg100  208.98 | grasp100 100.0% | best 0.995 |     28 st/s
    done(50): success=50
Ep  4200 | score  204.96 | avg100  209.67 | grasp100 100.0% | best 0.995 |     28 st/s
    done(50): success=50
Ep  4250 | score  208.06 | avg100  209.25 | grasp100 100.0% | best 0.995 |     28 st/s
    done(50): success=50
Ep  4300 | score  206.62 | avg100  209.63 | grasp100 100.0% | best 0.995 |     28 st/s
    done(50): success=50
Ep  4350 | score  204.39 | avg100  208.92 | grasp100 100.0% | best 0.995 |     28 st/s
    done(50): success=50
Ep  4400 | score  205.87 | avg100  208.32 | grasp100 100.0% | best 0.995 |     28 st/s
    done(50): success=50
Ep  4450 | score  206.63 | avg100  207.31 | grasp100  99.0% | best 0.995 |     28 st/s
    done(50): success=49 t_flicker=1
Ep  4500 | score  207.03 | avg100  206.89 | grasp100  99.0% | best 0.995 |     29 st/s
    done(50): success=50
Ep  4550 | score  207.03 | avg100  206.82 | grasp100  99.0% | best 0.995 |     28 st/s
    done(50): success=49 t_flicker=1
Ep  4600 | score  206.03 | avg100  207.28 | grasp100  99.0% | best 0.995 |     28 st/s
    done(50): success=50
Ep  4650 | score  205.78 | avg100  208.52 | grasp100 100.0% | best 0.995 |     28 st/s
    done(50): success=50
Ep  4700 | score  209.60 | avg100  206.11 | grasp100  99.0% | best 0.995 |     28 st/s
    done(50): success=49 t_flicker=1
Ep  4750 | score  206.58 | avg100  206.34 | grasp100  99.0% | best 0.995 |     28 st/s
    done(50): success=50
Ep  4800 | score  222.93 | avg100  208.88 | grasp100 100.0% | best 0.995 |     29 st/s
    done(50): success=50
Ep  4850 | score  206.25 | avg100  208.61 | grasp100 100.0% | best 0.995 |     29 st/s
    done(50): success=50
Ep  4900 | score  205.51 | avg100  208.24 | grasp100 100.0% | best 0.995 |     29 st/s
    done(50): success=50
Ep  4950 | score  208.71 | avg100  207.00 | grasp100  99.0% | best 0.995 |     29 st/s
    done(50): success=49 t_flicker=1
Ep  5000 | score  207.60 | avg100  206.39 | grasp100  99.0% | best 0.995 |     29 st/s
    done(50): success=50
Ep  5050 | score  209.06 | avg100  207.90 | grasp100 100.0% | best 0.995 |     28 st/s
    done(50): success=50
  [primacy-bias reset of critic heads @ 50000 updates]
Ep  5100 | score  -27.16 | avg100  168.04 | grasp100  83.0% | best 0.995 |     28 st/s
    done(50): success=33 t_no_reach=17
Ep  5150 | score  -27.28 | avg100   50.09 | grasp100  33.0% | best 0.995 |     29 st/s
    done(50): t_no_reach=50
Ep  5200 | score  204.66 | avg100  -14.07 | grasp100   4.0% | best 0.995 |     29 st/s
    done(50): success=4 t_flicker=5 t_touched=11 t_no_reach=30
Ep  5250 | score  206.79 | avg100   76.08 | grasp100  40.0% | best 0.995 |     29 st/s
    done(50): success=36 t_flicker=4 t_touched=10
Ep  5300 | score  206.83 | avg100  169.09 | grasp100  80.0% | best 0.995 |     29 st/s
    done(50): success=44 t_flicker=2 t_touched=4
Ep  5350 | score  208.39 | avg100  194.81 | grasp100  93.0% | best 0.995 |     29 st/s
    done(50): success=49 t_flicker=1
Ep  5400 | score  206.39 | avg100  203.81 | grasp100  98.0% | best 0.995 |     29 st/s
    done(50): success=49 t_touched=1
Ep  5450 | score  207.21 | avg100  205.72 | grasp100  99.0% | best 0.995 |     29 st/s
    done(50): success=50
Ep  5500 | score  207.80 | avg100  207.71 | grasp100 100.0% | best 0.995 |     29 st/s
    done(50): success=50
Ep  5550 | score  206.69 | avg100  207.43 | grasp100 100.0% | best 0.995 |     29 st/s
    done(50): success=50
Ep  5600 | score  205.90 | avg100  207.60 | grasp100 100.0% | best 0.995 |     29 st/s
    done(50): success=50
Ep  5650 | score  208.41 | avg100  208.14 | grasp100 100.0% | best 0.995 |     29 st/s
    done(50): success=50
Ep  5700 | score  206.45 | avg100  208.41 | grasp100 100.0% | best 0.995 |     29 st/s
    done(50): success=50
Ep  5750 | score  208.04 | avg100  207.93 | grasp100 100.0% | best 0.995 |     29 st/s
    done(50): success=50
Ep  5800 | score  207.28 | avg100  207.84 | grasp100 100.0% | best 0.995 |     29 st/s
    done(50): success=50
Ep  5850 | score  205.96 | avg100  207.08 | grasp100  99.0% | best 0.995 |     29 st/s
    done(50): success=49 t_flicker=1
Ep  5900 | score  205.75 | avg100  207.11 | grasp100  99.0% | best 0.995 |     29 st/s
    done(50): success=50
Ep  5950 | score  206.00 | avg100  209.46 | grasp100 100.0% | best 0.995 |     29 st/s
    done(50): success=50
Ep  6000 | score  207.63 | avg100  209.25 | grasp100  99.0% | best 0.995 |     29 st/s
    done(50): success=49 t_touched=1
Ep  6050 | score  207.07 | avg100  209.98 | grasp100  99.0% | best 0.995 |     29 st/s
    done(50): success=50
Ep  6100 | score  208.28 | avg100  210.53 | grasp100  99.0% | best 0.995 |     29 st/s
    done(50): success=49 t_flicker=1
Ep  6150 | score  205.84 | avg100  210.26 | grasp100  99.0% | best 0.995 |     29 st/s
    done(50): success=50
Ep  6200 | score  205.69 | avg100  210.18 | grasp100 100.0% | best 0.995 |     29 st/s
    done(50): success=50
Ep  6250 | score  205.56 | avg100  208.57 | grasp100 100.0% | best 0.995 |     29 st/s
    done(50): success=50
Ep  6300 | score  207.58 | avg100  208.96 | grasp100  99.0% | best 0.995 |     29 st/s
    done(50): success=49 t_flicker=1
Ep  6350 | score  207.27 | avg100  208.78 | grasp100  99.0% | best 0.995 |     29 st/s
    done(50): success=50
Ep  6400 | score  244.97 | avg100  208.64 | grasp100 100.0% | best 0.995 |     29 st/s
    done(50): success=50
Ep  6450 | score  242.79 | avg100  210.61 | grasp100 100.0% | best 0.995 |     29 st/s
    done(50): success=50
Ep  6500 | score  206.55 | avg100  210.86 | grasp100 100.0% | best 0.995 |     29 st/s
    done(50): success=50
Ep  6550 | score  205.50 | avg100  208.77 | grasp100  99.0% | best 0.995 |     28 st/s
    done(50): success=49 t_flicker=1
Ep  6600 | score  205.01 | avg100  208.08 | grasp100  98.0% | best 0.995 |     28 st/s
    done(50): success=49 t_flicker=1
Ep  6650 | score  208.08 | avg100  209.06 | grasp100  99.0% | best 0.995 |     28 st/s
    done(50): success=50
Ep  6700 | score  207.34 | avg100  209.16 | grasp100 100.0% | best 0.995 |     29 st/s
    done(50): success=50
Ep  6750 | score  207.55 | avg100  206.07 | grasp100  98.0% | best 0.995 |     29 st/s
    done(50): success=48 t_flicker=2
Ep  6800 | score  209.14 | avg100  205.69 | grasp100  98.0% | best 0.995 |     29 st/s
    done(50): success=50
Ep  6850 | score  207.10 | avg100  207.53 | grasp100 100.0% | best 0.995 |     29 st/s
    done(50): success=50
Ep  6900 | score  209.38 | avg100  208.22 | grasp100 100.0% | best 0.995 |     29 st/s
    done(50): success=50
Ep  6950 | score  205.81 | avg100  205.99 | grasp100  98.0% | best 0.995 |     29 st/s
    done(50): success=48 t_flicker=2
Ep  7000 | score  207.15 | avg100  208.34 | grasp100  98.0% | best 0.995 |     29 st/s
    done(50): success=50
Ep  7050 | score  208.89 | avg100  211.74 | grasp100 100.0% | best 0.995 |     28 st/s
    done(50): success=50
Ep  7100 | score  205.44 | avg100  209.35 | grasp100 100.0% | best 0.995 |     28 st/s
    done(50): success=50
Ep  7150 | score  204.20 | avg100  210.01 | grasp100 100.0% | best 0.995 |     28 st/s
    done(50): success=50
Ep  7200 | score  206.12 | avg100  210.88 | grasp100 100.0% | best 0.995 |     28 st/s
    done(50): success=50
Ep  7250 | score  261.53 | avg100  210.45 | grasp100 100.0% | best 0.995 |     28 st/s
    done(50): success=50
Ep  7300 | score  204.09 | avg100  209.93 | grasp100 100.0% | best 0.995 |     28 st/s
    done(50): success=50
Ep  7350 | score  205.60 | avg100  210.36 | grasp100 100.0% | best 0.995 |     28 st/s
    done(50): success=50
Ep  7400 | score  208.14 | avg100  209.99 | grasp100 100.0% | best 0.995 |     28 st/s
    done(50): success=50
Ep  7450 | score  204.40 | avg100  209.34 | grasp100 100.0% | best 0.995 |     28 st/s
    done(50): success=50
  [primacy-bias reset of critic heads @ 75000 updates]
Ep  7500 | score  -26.90 | avg100  157.48 | grasp100  77.0% | best 0.995 |     29 st/s
    done(50): success=27 t_flicker=2 t_touched=4 t_no_reach=17
Ep  7550 | score  204.43 | avg100   49.87 | grasp100  31.0% | best 0.995 |     29 st/s
    done(50): success=4 t_touched=3 t_no_reach=43
Ep  7600 | score   -6.60 | avg100   38.99 | grasp100  26.0% | best 0.995 |     29 st/s
    done(50): success=22 t_flicker=1 t_touched=23 t_no_reach=4
Ep  7650 | score  204.18 | avg100  128.17 | grasp100  63.0% | best 0.995 |     29 st/s
    done(50): success=41 t_flicker=3 t_touched=6
Ep  7700 | score  208.82 | avg100  185.84 | grasp100  89.0% | best 0.995 |     29 st/s
    done(50): success=48 t_touched=2
Ep  7750 | score  207.01 | avg100  203.17 | grasp100  98.0% | best 0.995 |     29 st/s
    done(50): success=50
Ep  7800 | score  206.13 | avg100  205.62 | grasp100  99.0% | best 0.995 |     29 st/s
    done(50): success=49 t_touched=1
Ep  7850 | score  207.22 | avg100  204.11 | grasp100  98.0% | best 0.995 |     29 st/s
    done(50): success=49 t_flicker=1
Ep  7900 | score  207.93 | avg100  206.01 | grasp100  99.0% | best 0.995 |     29 st/s
    done(50): success=50
Ep  7950 | score  206.27 | avg100  208.42 | grasp100 100.0% | best 0.995 |     29 st/s
    done(50): success=50
Ep  8000 | score  208.34 | avg100  208.46 | grasp100 100.0% | best 0.995 |     29 st/s
    done(50): success=50
Ep  8050 | score  209.28 | avg100  207.58 | grasp100 100.0% | best 0.995 |     29 st/s
    done(50): success=50
Ep  8100 | score  208.78 | avg100  207.67 | grasp100 100.0% | best 0.995 |     29 st/s
    done(50): success=50
Ep  8150 | score  208.55 | avg100  207.78 | grasp100 100.0% | best 0.995 |     29 st/s
    done(50): success=50
Ep  8200 | score  206.35 | avg100  207.44 | grasp100 100.0% | best 0.995 |     29 st/s
    done(50): success=50
Ep  8250 | score  205.52 | avg100  207.83 | grasp100 100.0% | best 0.995 |     29 st/s
    done(50): success=50
Ep  8300 | score  209.10 | avg100  206.73 | grasp100  99.0% | best 0.995 |     29 st/s
    done(50): success=49 t_flicker=1
Ep  8350 | score  205.85 | avg100  205.01 | grasp100  98.0% | best 0.995 |     29 st/s
    done(50): success=49 t_flicker=1
Ep  8400 | score  205.47 | avg100  204.73 | grasp100  98.0% | best 0.995 |     29 st/s
    done(50): success=49 t_flicker=1
Ep  8450 | score  205.28 | avg100  206.31 | grasp100  99.0% | best 0.995 |     29 st/s
    done(50): success=50

========================================================================
DONE  td3_ln_can_warm_s1
  Episodes     : 8450
  Env steps    : 214,860  (7531s)
  Best metric  : 0.995  (policy in /home/fahim/Thesis_fahim/pickandplace/checkpoints/td3_grasp_rand_td3_ln_can_warm_s1/best)
  Final grasp% : 99.0
  CSV          : /home/fahim/Thesis_fahim/pickandplace/logs/grasp_rand_td3_ln_can_warm_s1/episodes.csv
  Probe CSV    : /home/fahim/Thesis_fahim/pickandplace/logs/grasp_rand_td3_ln_can_warm_s1/probe.csv
  Manifest     : /home/fahim/Thesis_fahim/pickandplace/logs/grasp_rand_td3_ln_can_warm_s1/manifest.json
========================================================================

