========================================================================
RANDOM-SPAWN GRASP RETRAINING  |  algo=td3_ln  run=td3_ln_c2m512_s0
========================================================================
  Envs                : 5 (subprocess-parallel, fork)
  Spawn level         : 2.0 (1.0 = full position box, 2.0 = + z-rotation)
  Updates/vec-step    : 2 (0.400 per env-step; historical baseline 0.5)
  Buffer              : 2,000,000
  Actor               : 64 -> 32  (5,216 weights)  [critics 512->256]
  Warm start          : checkpoints/td3_grasp_rand_td3_ln_buf500k_s1/best
  Checkpoints         : /home/fahim/Thesis_fahim/pickandplace/checkpoints/td3_grasp_rand_td3_ln_c2m512_s0
========================================================================

Spawning 5 subprocess environments (fork)...
[robosuite WARNING] No private macro file found! (__init__.py:7)
[robosuite WARNING] It is recommended to use a private macro file (__init__.py:8)
[robosuite WARNING] To setup, run: python /home/fahim/Thesis_fahim/venv/lib/python3.12/site-packages/robosuite/scripts/setup_macros.py (__init__.py:9)
[robosuite WARNING] No private macro file found! (__init__.py:7)
[robosuite WARNING] It is recommended to use a private macro file (__init__.py:8)
[robosuite WARNING] To setup, run: python /home/fahim/Thesis_fahim/venv/lib/python3.12/site-packages/robosuite/scripts/setup_macros.py (__init__.py:9)
[robosuite WARNING] No private macro file found! (__init__.py:7)
[robosuite WARNING] No private macro file found! (__init__.py:7)
[robosuite WARNING] It is recommended to use a private macro file (__init__.py:8)
[robosuite WARNING] To setup, run: python /home/fahim/Thesis_fahim/venv/lib/python3.12/site-packages/robosuite/scripts/setup_macros.py (__init__.py:9)
[robosuite WARNING] No private macro file found! (__init__.py:7)
[robosuite WARNING] It is recommended to use a private macro file (__init__.py:8)
[robosuite WARNING] To setup, run: python /home/fahim/Thesis_fahim/venv/lib/python3.12/site-packages/robosuite/scripts/setup_macros.py (__init__.py:9)
[robosuite WARNING] It is recommended to use a private macro file (__init__.py:8)
[robosuite WARNING] To setup, run: python /home/fahim/Thesis_fahim/venv/lib/python3.12/site-packages/robosuite/scripts/setup_macros.py (__init__.py:9)
Gym has been unmaintained since 2022 and does not support NumPy 2.0 amongst other critical functionality.
Please upgrade to Gymnasium, the maintained drop-in replacement of Gym, or contact the authors of your software and request that they upgrade.
See the migration guide at https://gymnasium.farama.org/introduction/migration_guide/ for additional information.
Gym has been unmaintained since 2022 and does not support NumPy 2.0 amongst other critical functionality.
Please upgrade to Gymnasium, the maintained drop-in replacement of Gym, or contact the authors of your software and request that they upgrade.
See the migration guide at https://gymnasium.farama.org/introduction/migration_guide/ for additional information.
Gym has been unmaintained since 2022 and does not support NumPy 2.0 amongst other critical functionality.
Please upgrade to Gymnasium, the maintained drop-in replacement of Gym, or contact the authors of your software and request that they upgrade.
See the migration guide at https://gymnasium.farama.org/introduction/migration_guide/ for additional information.
Gym has been unmaintained since 2022 and does not support NumPy 2.0 amongst other critical functionality.
Please upgrade to Gymnasium, the maintained drop-in replacement of Gym, or contact the authors of your software and request that they upgrade.
See the migration guide at https://gymnasium.farama.org/introduction/migration_guide/ for additional information.
Gym has been unmaintained since 2022 and does not support NumPy 2.0 amongst other critical functionality.
Please upgrade to Gymnasium, the maintained drop-in replacement of Gym, or contact the authors of your software and request that they upgrade.
See the migration guide at https://gymnasium.farama.org/introduction/migration_guide/ for additional information.
/home/fahim/Thesis_fahim/venv/lib/python3.12/site-packages/gym/spaces/box.py:84: UserWarning: [33mWARN: Box bound precision lowered by casting to float32[0m
  logger.warn(f"Box bound precision lowered by casting to {self.dtype}")
/home/fahim/Thesis_fahim/venv/lib/python3.12/site-packages/gym/spaces/box.py:84: UserWarning: [33mWARN: Box bound precision lowered by casting to float32[0m
  logger.warn(f"Box bound precision lowered by casting to {self.dtype}")
/home/fahim/Thesis_fahim/venv/lib/python3.12/site-packages/gym/spaces/box.py:84: UserWarning: [33mWARN: Box bound precision lowered by casting to float32[0m
  logger.warn(f"Box bound precision lowered by casting to {self.dtype}")
/home/fahim/Thesis_fahim/venv/lib/python3.12/site-packages/gym/spaces/box.py:84: UserWarning: [33mWARN: Box bound precision lowered by casting to float32[0m
  logger.warn(f"Box bound precision lowered by casting to {self.dtype}")
/home/fahim/Thesis_fahim/venv/lib/python3.12/site-packages/gym/spaces/box.py:84: UserWarning: [33mWARN: Box bound precision lowered by casting to float32[0m
  logger.warn(f"Box bound precision lowered by casting to {self.dtype}")
Gym has been unmaintained since 2022 and does not support NumPy 2.0 amongst other critical functionality.
Please upgrade to Gymnasium, the maintained drop-in replacement of Gym, or contact the authors of your software and request that they upgrade.
See the migration guide at https://gymnasium.farama.org/introduction/migration_guide/ for additional information.
5 environments ready.

  Actor QAT           : per-tensor INT8 fake-quant, STE grads
  Actor weight clip   : |w| <= 8.0 * std(w) per Linear tensor (bi_s0 baseline fc1 9.96 / fc2 10.82)
Init: warm-started (actor only, critics fresh) (source: /home/fahim/Thesis_fahim/pickandplace/checkpoints/td3_grasp_rand_td3_ln_buf500k_s1/best)
Fresh replay buffer.

Training...

Ep    50 | score  212.94 | avg100  204.36 | grasp100  96.0% | best 0.000 |     46 st/s
    done(50): success=48 t_flicker=2
Ep   100 | score   97.92 | avg100  203.11 | grasp100  95.0% | best 0.000 |     48 st/s
    done(50): success=47 t_flicker=3
Ep   150 | score  211.01 | avg100  204.51 | grasp100  96.0% | best 0.000 |     48 st/s
    done(50): success=49 t_flicker=1
Ep   200 | * BEST  level200=2.00 grasp200= 96.0% metric=0.960 | score  207.84
Ep   250 | score  210.16 | avg100  205.37 | grasp100  96.0% | best 0.960 |     49 st/s
    done(50): success=48 t_flicker=2
Ep   300 | score  209.36 | avg100  203.80 | grasp100  94.0% | best 0.960 |     50 st/s
    done(50): success=46 t_flicker=3 t_touched=1
Ep   350 | score  -35.41 | avg100  197.07 | grasp100  91.0% | best 0.960 |     49 st/s
    done(50): success=45 t_flicker=3 t_touched=2
Ep   400 | score  -77.60 | avg100   57.66 | grasp100  45.0% | best 0.960 |     49 st/s
    done(50): t_touched=1 t_no_reach=49
Ep   450 | score  -49.98 | avg100  -77.73 | grasp100   0.0% | best 0.960 |     49 st/s
    done(50): t_touched=1 t_no_reach=49
Ep   500 | score  -78.48 | avg100  -73.89 | grasp100   0.0% | best 0.960 |     48 st/s
    done(50): t_touched=3 t_no_reach=47
Ep   550 | score  -61.15 | avg100  -64.78 | grasp100   0.0% | best 0.960 |     48 st/s
    done(50): t_flicker=2 t_touched=19 t_no_reach=29
Ep   600 | score    0.27 | avg100  -44.40 | grasp100   1.0% | best 0.960 |     48 st/s
    done(50): success=1 t_flicker=3 t_touched=25 t_no_reach=21
Ep   650 | score  -50.97 | avg100  -22.21 | grasp100   2.0% | best 0.960 |     48 st/s
    done(50): success=1 t_flicker=2 t_touched=30 t_no_reach=17
  [primacy-bias reset of critic heads @ 25000 updates]
Ep   700 | score  -74.38 | avg100  -32.53 | grasp100   2.0% | best 0.960 |     48 st/s
    done(50): success=1 t_flicker=3 t_touched=9 t_no_reach=37
Ep   750 | score  -77.16 | avg100  -62.13 | grasp100   1.0% | best 0.960 |     48 st/s
    done(50): t_touched=3 t_no_reach=47
Ep   800 | score  -60.34 | avg100  -62.12 | grasp100   0.0% | best 0.960 |     48 st/s
    done(50): t_flicker=1 t_touched=12 t_no_reach=37
Ep   850 | score   31.60 | avg100  -42.55 | grasp100   0.0% | best 0.960 |     48 st/s
    done(50): t_flicker=3 t_touched=10 t_no_reach=37
Ep   900 | score  -53.96 | avg100  -24.38 | grasp100   4.0% | best 0.960 |     48 st/s
    done(50): success=4 t_flicker=5 t_touched=18 t_no_reach=23
Ep   950 | score   36.39 | avg100   -5.13 | grasp100   7.0% | best 0.960 |     48 st/s
    done(50): success=3 t_flicker=7 t_touched=26 t_no_reach=14
  [primacy-bias reset of critic heads @ 50000 updates]
Ep  1000 | score  -74.26 | avg100   -1.58 | grasp100   6.0% | best 0.960 |     48 st/s
    done(50): success=3 t_flicker=7 t_touched=17 t_no_reach=23
Ep  1050 | score  -11.52 | avg100  -36.25 | grasp100   3.0% | best 0.960 |     48 st/s
    done(50): t_touched=5 t_no_reach=45
Ep  1100 | score   76.01 | avg100   -5.07 | grasp100   6.0% | best 0.960 |     48 st/s
    done(50): success=6 t_flicker=9 t_touched=23 t_no_reach=12
Ep  1150 | score  208.83 | avg100   85.89 | grasp100  26.0% | best 0.960 |     48 st/s
    done(50): success=20 t_flicker=10 t_touched=20
Ep  1200 | score   57.98 | avg100  108.93 | grasp100  36.0% | best 0.960 |     47 st/s
    done(50): success=16 t_flicker=15 t_touched=18 t_no_reach=1
Ep  1250 | score   94.46 | avg100  116.16 | grasp100  38.0% | best 0.960 |     47 st/s
    done(50): success=22 t_flicker=12 t_touched=16
Ep  1300 | score    5.69 | avg100  113.48 | grasp100  39.0% | best 0.960 |     47 st/s
    done(50): success=17 t_flicker=14 t_touched=17 t_no_reach=2
Ep  1350 | score  208.18 | avg100  102.28 | grasp100  37.0% | best 0.960 |     47 st/s
    done(50): success=20 t_flicker=15 t_touched=15
Ep  1400 | score   41.83 | avg100  108.81 | grasp100  41.0% | best 0.960 |     47 st/s
    done(50): success=21 t_flicker=13 t_touched=16
  [primacy-bias reset of critic heads @ 75000 updates]
Ep  1450 | score  -68.14 | avg100   75.61 | grasp100  30.0% | best 0.960 |     47 st/s
    done(50): success=9 t_flicker=7 t_touched=17 t_no_reach=17
Ep  1500 | score  -32.22 | avg100    6.08 | grasp100  10.0% | best 0.960 |     47 st/s
    done(50): success=1 t_flicker=8 t_touched=16 t_no_reach=25
Ep  1550 | score  196.02 | avg100   26.58 | grasp100  15.0% | best 0.960 |     47 st/s
    done(50): success=14 t_flicker=21 t_touched=13 t_no_reach=2
Ep  1600 | score  108.41 | avg100  113.11 | grasp100  44.0% | best 0.960 |     47 st/s
    done(50): success=30 t_flicker=9 t_touched=11
Ep  1650 | score  205.70 | avg100  152.00 | grasp100  65.0% | best 0.960 |     47 st/s
    done(50): success=35 t_flicker=8 t_touched=7
Ep  1700 | score  -19.70 | avg100  158.82 | grasp100  67.0% | best 0.960 |     47 st/s
    done(50): success=32 t_flicker=11 t_touched=7
Ep  1750 | score  210.71 | avg100  167.69 | grasp100  72.0% | best 0.960 |     47 st/s
    done(50): success=40 t_flicker=4 t_touched=6
Ep  1800 | score  210.87 | avg100  179.40 | grasp100  80.0% | best 0.960 |     47 st/s
    done(50): success=40 t_flicker=4 t_touched=6
Ep  1850 | score   98.26 | avg100  184.69 | grasp100  82.0% | best 0.960 |     47 st/s
    done(50): success=42 t_flicker=4 t_touched=4
Ep  1900 | score  211.89 | avg100  188.63 | grasp100  84.0% | best 0.960 |     47 st/s
    done(50): success=42 t_flicker=5 t_touched=3
Ep  1950 | score  210.47 | avg100  181.29 | grasp100  81.0% | best 0.960 |     46 st/s
    done(50): success=39 t_flicker=4 t_touched=7
Ep  2000 | score  206.44 | avg100  175.77 | grasp100  79.0% | best 0.960 |     46 st/s
    done(50): success=40 t_flicker=7 t_touched=3
Ep  2050 | score  210.04 | avg100  176.59 | grasp100  79.0% | best 0.960 |     46 st/s
    done(50): success=39 t_flicker=4 t_touched=6 t_no_reach=1
Ep  2100 | score  209.56 | avg100  177.27 | grasp100  80.0% | best 0.960 |     46 st/s
    done(50): success=41 t_flicker=4 t_touched=5
Ep  2150 | score  205.22 | avg100  181.13 | grasp100  82.0% | best 0.960 |     46 st/s
    done(50): success=41 t_flicker=5 t_touched=4
Ep  2200 | score  212.61 | avg100  178.64 | grasp100  80.0% | best 0.960 |     46 st/s
    done(50): success=39 t_flicker=4 t_touched=6 t_no_reach=1
  [primacy-bias reset of critic heads @ 100000 updates]
Ep  2250 | score  -32.25 | avg100  184.02 | grasp100  85.0% | best 0.960 |     46 st/s
    done(50): success=46 t_flicker=1 t_touched=3
Ep  2300 | score  207.74 | avg100  102.62 | grasp100  53.0% | best 0.960 |     46 st/s
    done(50): success=7 t_flicker=16 t_touched=17 t_no_reach=10
Ep  2350 | score  209.93 | avg100   75.80 | grasp100  38.0% | best 0.960 |     46 st/s
    done(50): success=31 t_flicker=15 t_touched=4
Ep  2400 | score  -16.71 | avg100  150.11 | grasp100  66.0% | best 0.960 |     46 st/s
    done(50): success=35 t_flicker=10 t_touched=5
Ep  2450 | score  210.30 | avg100  156.52 | grasp100  68.0% | best 0.960 |     46 st/s
    done(50): success=33 t_flicker=13 t_touched=4
Ep  2500 | score  210.40 | avg100  163.38 | grasp100  70.0% | best 0.960 |     46 st/s
    done(50): success=37 t_flicker=12 t_touched=1
Ep  2550 | score  208.64 | avg100  183.45 | grasp100  81.0% | best 0.960 |     45 st/s
    done(50): success=44 t_flicker=4 t_touched=2
Ep  2600 | score  209.54 | avg100  199.72 | grasp100  92.0% | best 0.960 |     45 st/s
    done(50): success=48 t_flicker=2
Ep  2650 | score  209.37 | avg100  199.15 | grasp100  92.0% | best 0.960 |     45 st/s
    done(50): success=44 t_flicker=6
Ep  2700 | score  208.88 | avg100  195.82 | grasp100  90.0% | best 0.960 |     45 st/s
    done(50): success=46 t_flicker=3 t_touched=1
Ep  2750 | score  114.37 | avg100  201.85 | grasp100  94.0% | best 0.960 |     45 st/s
    done(50): success=48 t_flicker=2
Ep  2800 | score  209.95 | avg100  201.74 | grasp100  94.0% | best 0.960 |     45 st/s
    done(50): success=46 t_flicker=4
Ep  2850 | score  210.01 | avg100  199.20 | grasp100  93.0% | best 0.960 |     45 st/s
    done(50): success=47 t_flicker=3
Ep  2900 | score  208.93 | avg100  203.47 | grasp100  96.0% | best 0.960 |     45 st/s
    done(50): success=49 t_flicker=1
Ep  2950 | score  209.14 | avg100  201.52 | grasp100  94.0% | best 0.960 |     45 st/s
    done(50): success=45 t_flicker=5
Ep  3000 | score  209.58 | avg100  198.39 | grasp100  92.0% | best 0.960 |     45 st/s
    done(50): success=47 t_flicker=3
Ep  3050 | score  210.33 | avg100  199.77 | grasp100  92.0% | best 0.960 |     44 st/s
    done(50): success=45 t_flicker=5
Ep  3100 | score  213.51 | avg100  202.52 | grasp100  94.0% | best 0.960 |     44 st/s
    done(50): success=49 t_flicker=1
Ep  3150 | score  212.87 | avg100  199.38 | grasp100  94.0% | best 0.960 |     44 st/s
    done(50): success=45 t_flicker=1 t_touched=3 t_no_reach=1
Ep  3200 | score  209.15 | avg100  199.66 | grasp100  94.0% | best 0.960 |     44 st/s
    done(50): success=49 t_flicker=1
Ep  3250 | score  211.70 | avg100  204.37 | grasp100  96.0% | best 0.960 |     44 st/s
    done(50): success=47 t_flicker=3
Ep  3300 | score  207.21 | avg100  205.32 | grasp100  97.0% | best 0.960 |     44 st/s
    done(50): success=50
Ep  3313 | * BEST  level200=2.00 grasp200= 97.5% metric=0.975 | score  207.12
Ep  3350 | score  210.86 | avg100  206.80 | grasp100  97.0% | best 0.975 |     44 st/s
    done(50): success=47 t_flicker=3
Ep  3400 | score  208.53 | avg100  202.52 | grasp100  93.0% | best 0.975 |     44 st/s
    done(50): success=46 t_flicker=4
Ep  3450 | score  208.48 | avg100  199.13 | grasp100  91.0% | best 0.975 |     44 st/s
    done(50): success=45 t_flicker=4 t_touched=1
Ep  3500 | score  205.19 | avg100  198.85 | grasp100  92.0% | best 0.975 |     44 st/s
    done(50): success=47 t_flicker=2 t_touched=1
Ep  3550 | score  212.23 | avg100  195.41 | grasp100  90.0% | best 0.975 |     43 st/s
    done(50): success=43 t_flicker=7
Ep  3600 | score  208.17 | avg100  197.09 | grasp100  91.0% | best 0.975 |     43 st/s
    done(50): success=48 t_flicker=1 t_touched=1
Ep  3650 | score  211.25 | avg100  201.90 | grasp100  94.0% | best 0.975 |     43 st/s
    done(50): success=46 t_flicker=4
  [primacy-bias reset of critic heads @ 125000 updates]
Ep  3700 | score  -73.94 | avg100  179.67 | grasp100  85.0% | best 0.975 |     43 st/s
    done(50): success=39 t_flicker=4 t_touched=3 t_no_reach=4
Ep  3750 | score   73.60 | avg100  115.66 | grasp100  55.0% | best 0.975 |     43 st/s
    done(50): success=16 t_flicker=13 t_touched=8 t_no_reach=13
Ep  3800 | score  209.83 | avg100  110.18 | grasp100  46.0% | best 0.975 |     43 st/s
    done(50): success=30 t_flicker=14 t_touched=6
Ep  3850 | score  208.05 | avg100  169.75 | grasp100  73.0% | best 0.975 |     43 st/s
    done(50): success=43 t_flicker=5 t_touched=2
Ep  3900 | score  207.20 | avg100  192.03 | grasp100  87.0% | best 0.975 |     43 st/s
    done(50): success=44 t_flicker=6
Ep  3950 | score  208.10 | avg100  196.03 | grasp100  90.0% | best 0.975 |     43 st/s
    done(50): success=46 t_flicker=4
Ep  4000 | score  205.93 | avg100  198.98 | grasp100  92.0% | best 0.975 |     43 st/s
    done(50): success=46 t_flicker=4
Ep  4050 | score  208.48 | avg100  204.10 | grasp100  96.0% | best 0.975 |     43 st/s
    done(50): success=50
Ep  4100 | score  209.63 | avg100  202.95 | grasp100  96.0% | best 0.975 |     43 st/s
    done(50): success=46 t_flicker=4
Ep  4150 | score  203.95 | avg100  201.18 | grasp100  94.0% | best 0.975 |     43 st/s
    done(50): success=48 t_flicker=2
Ep  4200 | score  208.95 | avg100  208.13 | grasp100  98.0% | best 0.975 |     43 st/s
    done(50): success=50
Ep  4250 | score  209.14 | avg100  210.25 | grasp100 100.0% | best 0.975 |     43 st/s
    done(50): success=50
Ep  4280 | * BEST  level200=2.00 grasp200= 99.0% metric=0.990 | score  213.12
Ep  4300 | score  209.21 | avg100  210.17 | grasp100 100.0% | best 0.990 |     43 st/s
    done(50): success=50
Ep  4350 | score  207.70 | avg100  209.18 | grasp100  99.0% | best 0.990 |     42 st/s
    done(50): success=49 t_flicker=1
Ep  4400 | score  209.75 | avg100  205.40 | grasp100  97.0% | best 0.990 |     42 st/s
    done(50): success=48 t_flicker=1 t_touched=1
Ep  4450 | score  210.08 | avg100  202.87 | grasp100  95.0% | best 0.990 |     42 st/s
    done(50): success=47 t_flicker=3
Ep  4500 | score  213.27 | avg100  201.10 | grasp100  94.0% | best 0.990 |     42 st/s
    done(50): success=47 t_flicker=3
Ep  4550 | score  209.74 | avg100  200.45 | grasp100  94.0% | best 0.990 |     42 st/s
    done(50): success=47 t_flicker=3
Ep  4600 | score  206.70 | avg100  205.47 | grasp100  97.0% | best 0.990 |     42 st/s
    done(50): success=50
Ep  4650 | score  208.97 | avg100  208.96 | grasp100  99.0% | best 0.990 |     42 st/s
    done(50): success=49 t_flicker=1
Ep  4700 | score  209.02 | avg100  207.42 | grasp100  98.0% | best 0.990 |     42 st/s
    done(50): success=49 t_touched=1
Ep  4750 | score  212.23 | avg100  206.70 | grasp100  98.0% | best 0.990 |     42 st/s
    done(50): success=49 t_flicker=1
Ep  4800 | score  203.83 | avg100  208.32 | grasp100  99.0% | best 0.990 |     42 st/s
    done(50): success=50
Ep  4850 | score  207.26 | avg100  208.35 | grasp100  99.0% | best 0.990 |     42 st/s
    done(50): success=49 t_flicker=1
Ep  4900 | score  212.02 | avg100  209.05 | grasp100  99.0% | best 0.990 |     42 st/s
    done(50): success=50
Ep  4950 | score  209.90 | avg100  210.23 | grasp100 100.0% | best 0.990 |     42 st/s
    done(50): success=50
Ep  5000 | score  212.37 | avg100  209.26 | grasp100  99.0% | best 0.990 |     42 st/s
    done(50): success=49 t_flicker=1
Ep  5050 | score  207.87 | avg100  208.16 | grasp100  98.0% | best 0.990 |     41 st/s
    done(50): success=49 t_flicker=1
Ep  5100 | score  208.34 | avg100  207.32 | grasp100  98.0% | best 0.990 |     41 st/s
    done(50): success=49 t_flicker=1
Ep  5150 | score  208.41 | avg100  207.09 | grasp100  98.0% | best 0.990 |     41 st/s
    done(50): success=49 t_flicker=1
Ep  5200 | score  208.73 | avg100  206.93 | grasp100  98.0% | best 0.990 |     41 st/s
    done(50): success=49 t_flicker=1
Ep  5250 | score  208.32 | avg100  207.23 | grasp100  98.0% | best 0.990 |     41 st/s
    done(50): success=49 t_flicker=1
Ep  5300 | score  209.60 | avg100  206.63 | grasp100  97.0% | best 0.990 |     41 st/s
    done(50): success=48 t_flicker=2
Ep  5350 | score  207.70 | avg100  206.47 | grasp100  97.0% | best 0.990 |     41 st/s
    done(50): success=49 t_flicker=1
Ep  5400 | score  209.86 | avg100  207.44 | grasp100  98.0% | best 0.990 |     41 st/s
    done(50): success=49 t_flicker=1
Ep  5450 | score  208.55 | avg100  209.05 | grasp100  99.0% | best 0.990 |     41 st/s
    done(50): success=50
Ep  5500 | score  211.43 | avg100  206.18 | grasp100  97.0% | best 0.990 |     41 st/s
    done(50): success=47 t_flicker=3
Ep  5550 | score  208.68 | avg100  205.39 | grasp100  97.0% | best 0.990 |     41 st/s
    done(50): success=50
  [primacy-bias reset of critic heads @ 150000 updates]
Ep  5600 | score  -12.78 | avg100  107.35 | grasp100  61.0% | best 0.990 |     41 st/s
    done(50): success=11 t_flicker=6 t_touched=5 t_no_reach=28
Ep  5650 | score  211.21 | avg100   81.22 | grasp100  45.0% | best 0.990 |     41 st/s
    done(50): success=34 t_flicker=13 t_touched=3
Ep  5700 | score  207.07 | avg100  169.81 | grasp100  76.0% | best 0.990 |     41 st/s
    done(50): success=42 t_flicker=4 t_touched=4
Ep  5750 | score  209.10 | avg100  187.86 | grasp100  87.0% | best 0.990 |     41 st/s
    done(50): success=45 t_flicker=3 t_touched=2
Ep  5800 | score  207.98 | avg100  198.11 | grasp100  93.0% | best 0.990 |     41 st/s
    done(50): success=48 t_flicker=1 t_touched=1
Ep  5850 | score  209.33 | avg100  202.70 | grasp100  95.0% | best 0.990 |     41 st/s
    done(50): success=47 t_flicker=3
Ep  5900 | score  207.87 | avg100  204.61 | grasp100  96.0% | best 0.990 |     41 st/s
    done(50): success=49 t_flicker=1
Ep  5950 | score  206.61 | avg100  205.45 | grasp100  97.0% | best 0.990 |     41 st/s
    done(50): success=48 t_flicker=2
Ep  6000 | score  209.13 | avg100  200.01 | grasp100  93.0% | best 0.990 |     41 st/s
    done(50): success=45 t_flicker=5
Ep  6050 | score  207.68 | avg100  201.88 | grasp100  94.0% | best 0.990 |     40 st/s
    done(50): success=49 t_flicker=1
Ep  6100 | score  211.05 | avg100  204.30 | grasp100  95.0% | best 0.990 |     40 st/s
    done(50): success=46 t_flicker=4
Ep  6150 | score  209.49 | avg100  203.87 | grasp100  95.0% | best 0.990 |     40 st/s
    done(50): success=49 t_flicker=1
Ep  6200 | score  209.46 | avg100  205.99 | grasp100  97.0% | best 0.990 |     40 st/s
    done(50): success=48 t_flicker=2
Ep  6250 | score  209.62 | avg100  204.95 | grasp100  96.0% | best 0.990 |     40 st/s
    done(50): success=48 t_flicker=2
Ep  6300 | score  207.54 | avg100  204.61 | grasp100  96.0% | best 0.990 |     40 st/s
    done(50): success=48 t_flicker=2
Ep  6350 | score  208.52 | avg100  202.55 | grasp100  95.0% | best 0.990 |     40 st/s
    done(50): success=47 t_flicker=3
Ep  6400 | score  210.00 | avg100  203.12 | grasp100  96.0% | best 0.990 |     40 st/s
    done(50): success=49 t_touched=1
Ep  6450 | score  197.30 | avg100  203.32 | grasp100  96.0% | best 0.990 |     40 st/s
    done(50): success=47 t_flicker=2 t_touched=1
Ep  6500 | score  210.42 | avg100  202.99 | grasp100  95.0% | best 0.990 |     40 st/s
    done(50): success=48 t_flicker=2
Ep  6550 | score  209.10 | avg100  207.20 | grasp100  98.0% | best 0.990 |     40 st/s
    done(50): success=50
Ep  6600 | score  208.78 | avg100  208.02 | grasp100  98.0% | best 0.990 |     40 st/s
    done(50): success=48 t_flicker=2
Ep  6650 | score  208.57 | avg100  206.53 | grasp100  97.0% | best 0.990 |     40 st/s
    done(50): success=49 t_touched=1
Ep  6700 | score  206.42 | avg100  204.41 | grasp100  97.0% | best 0.990 |     40 st/s
    done(50): success=48 t_touched=2
Ep  6750 | score  209.08 | avg100  204.57 | grasp100  97.0% | best 0.990 |     40 st/s
    done(50): success=49 t_flicker=1
Ep  6800 | score  211.51 | avg100  206.90 | grasp100  98.0% | best 0.990 |     40 st/s
    done(50): success=49 t_flicker=1
Ep  6850 | score  211.93 | avg100  205.30 | grasp100  97.0% | best 0.990 |     40 st/s
    done(50): success=48 t_flicker=2
Ep  6900 | score  208.17 | avg100  206.32 | grasp100  98.0% | best 0.990 |     40 st/s
    done(50): success=50
Ep  6950 | score  207.16 | avg100  209.13 | grasp100 100.0% | best 0.990 |     40 st/s
    done(50): success=50
Ep  7000 | score  207.20 | avg100  203.84 | grasp100  97.0% | best 0.990 |     40 st/s
    done(50): success=47 t_flicker=1 t_touched=2
Ep  7050 | score  212.63 | avg100  204.14 | grasp100  97.0% | best 0.990 |     40 st/s
    done(50): success=50
Ep  7100 | score  210.56 | avg100  209.45 | grasp100 100.0% | best 0.990 |     40 st/s
    done(50): success=50
Ep  7150 | score  209.30 | avg100  205.05 | grasp100  97.0% | best 0.990 |     39 st/s
    done(50): success=47 t_flicker=2 t_touched=1
Ep  7200 | score  210.54 | avg100  203.18 | grasp100  96.0% | best 0.990 |     39 st/s
    done(50): success=49 t_flicker=1
Ep  7250 | score  206.85 | avg100  204.97 | grasp100  97.0% | best 0.990 |     39 st/s
    done(50): success=48 t_flicker=2
Ep  7300 | score  210.38 | avg100  206.88 | grasp100  98.0% | best 0.990 |     39 st/s
    done(50): success=50
Ep  7350 | score  210.66 | avg100  208.13 | grasp100  99.0% | best 0.990 |     39 st/s
    done(50): success=49 t_flicker=1
Ep  7400 | score  205.63 | avg100  207.75 | grasp100  99.0% | best 0.990 |     39 st/s
    done(50): success=50
  [primacy-bias reset of critic heads @ 175000 updates]
Ep  7450 | score  -79.86 | avg100  193.76 | grasp100  94.0% | best 0.990 |     39 st/s
    done(50): success=44 t_flicker=1 t_no_reach=5
Ep  7500 | score  210.57 | avg100   88.00 | grasp100  50.0% | best 0.990 |     39 st/s
    done(50): success=6 t_flicker=5 t_touched=14 t_no_reach=25
Ep  7550 | score  206.15 | avg100   90.05 | grasp100  47.0% | best 0.990 |     39 st/s
    done(50): success=41 t_flicker=9
Ep  7600 | score  206.84 | avg100  191.10 | grasp100  87.0% | best 0.990 |     39 st/s
    done(50): success=46 t_flicker=3 t_touched=1
Ep  7650 | score  209.39 | avg100  201.27 | grasp100  94.0% | best 0.990 |     39 st/s
    done(50): success=48 t_flicker=2
Ep  7700 | score  211.41 | avg100  204.37 | grasp100  96.0% | best 0.990 |     39 st/s
    done(50): success=48 t_flicker=2
Ep  7750 | score  209.29 | avg100  204.47 | grasp100  96.0% | best 0.990 |     39 st/s
    done(50): success=48 t_flicker=1 t_touched=1
Ep  7800 | score   92.31 | avg100  205.19 | grasp100  97.0% | best 0.990 |     39 st/s
    done(50): success=49 t_flicker=1
Ep  7850 | score  209.84 | avg100  208.20 | grasp100  99.0% | best 0.990 |     39 st/s
    done(50): success=50
Ep  7900 | score  208.56 | avg100  208.32 | grasp100  99.0% | best 0.990 |     39 st/s
    done(50): success=49 t_flicker=1
Ep  7950 | score  210.65 | avg100  208.11 | grasp100  99.0% | best 0.990 |     39 st/s
    done(50): success=50
Ep  8000 | score  208.46 | avg100  208.92 | grasp100 100.0% | best 0.990 |     39 st/s
    done(50): success=50
Ep  8050 | score  207.39 | avg100  208.90 | grasp100 100.0% | best 0.990 |     39 st/s
    done(50): success=50
Ep  8100 | score  208.22 | avg100  209.91 | grasp100 100.0% | best 0.990 |     39 st/s
    done(50): success=50
Ep  8150 | score  206.62 | avg100  210.04 | grasp100 100.0% | best 0.990 |     39 st/s
    done(50): success=50
Ep  8200 | score  210.54 | avg100  206.90 | grasp100  98.0% | best 0.990 |     39 st/s
    done(50): success=48 t_flicker=2
Ep  8250 | score  210.04 | avg100  202.76 | grasp100  96.0% | best 0.990 |     39 st/s
    done(50): success=48 t_flicker=1 t_touched=1
Ep  8300 | score  207.89 | avg100  204.16 | grasp100  97.0% | best 0.990 |     39 st/s
    done(50): success=49 t_flicker=1
Ep  8350 | score  205.62 | avg100  206.70 | grasp100  98.0% | best 0.990 |     39 st/s
    done(50): success=49 t_flicker=1
Ep  8400 | score  207.62 | avg100  208.07 | grasp100  99.0% | best 0.990 |     39 st/s
    done(50): success=50
Ep  8450 | score  208.23 | avg100  205.68 | grasp100  97.0% | best 0.990 |     39 st/s
    done(50): success=47 t_flicker=3
Ep  8500 | score  208.67 | avg100  203.34 | grasp100  96.0% | best 0.990 |     39 st/s
    done(50): success=49 t_touched=1
Ep  8550 | score  212.07 | avg100  204.40 | grasp100  96.0% | best 0.990 |     39 st/s
    done(50): success=47 t_flicker=3
Ep  8600 | score  211.78 | avg100  204.66 | grasp100  96.0% | best 0.990 |     39 st/s
    done(50): success=49 t_flicker=1
Ep  8650 | score  206.71 | avg100  206.02 | grasp100  98.0% | best 0.990 |     39 st/s
    done(50): success=49 t_flicker=1
Ep  8700 | score  209.60 | avg100  207.95 | grasp100  99.0% | best 0.990 |     38 st/s
    done(50): success=50
Ep  8750 | score  210.71 | avg100  207.41 | grasp100  98.0% | best 0.990 |     38 st/s
    done(50): success=48 t_flicker=2
Ep  8800 | score  209.96 | avg100  205.63 | grasp100  97.0% | best 0.990 |     38 st/s
    done(50): success=49 t_touched=1
Ep  8850 | score  207.33 | avg100  207.68 | grasp100  99.0% | best 0.990 |     38 st/s
    done(50): success=50
Ep  8900 | score  208.32 | avg100  209.42 | grasp100 100.0% | best 0.990 |     38 st/s
    done(50): success=50
Ep  8950 | score  210.77 | avg100  208.34 | grasp100  99.0% | best 0.990 |     38 st/s
    done(50): success=49 t_flicker=1
Ep  9000 | score  207.98 | avg100  208.15 | grasp100  99.0% | best 0.990 |     38 st/s
    done(50): success=50
Ep  9050 | score  211.14 | avg100  208.24 | grasp100  99.0% | best 0.990 |     38 st/s
    done(50): success=49 t_flicker=1
Ep  9100 | score  209.06 | avg100  204.35 | grasp100  96.0% | best 0.990 |     38 st/s
    done(50): success=47 t_flicker=2 t_touched=1
Ep  9150 | score  203.84 | avg100  204.24 | grasp100  96.0% | best 0.990 |     38 st/s
    done(50): success=49 t_flicker=1
Ep  9200 | score  211.84 | avg100  208.41 | grasp100  99.0% | best 0.990 |     38 st/s
    done(50): success=50
Ep  9250 | score  210.06 | avg100  208.24 | grasp100  99.0% | best 0.990 |     38 st/s
    done(50): success=49 t_flicker=1
Ep  9300 | score  206.87 | avg100  208.03 | grasp100  99.0% | best 0.990 |     38 st/s
    done(50): success=50
  [primacy-bias reset of critic heads @ 200000 updates]
Ep  9350 | score  -74.76 | avg100  172.63 | grasp100  87.0% | best 0.990 |     38 st/s
    done(50): success=37 t_no_reach=13
Ep  9400 | score   -7.63 | avg100   99.91 | grasp100  49.0% | best 0.990 |     38 st/s
    done(50): success=12 t_flicker=16 t_touched=12 t_no_reach=10
Ep  9450 | score  207.21 | avg100  122.27 | grasp100  50.0% | best 0.990 |     38 st/s
    done(50): success=38 t_flicker=10 t_touched=2
Ep  9500 | score  207.19 | avg100  191.21 | grasp100  85.0% | best 0.990 |     38 st/s
    done(50): success=47 t_flicker=3
Ep  9550 | score  208.67 | avg100  201.65 | grasp100  95.0% | best 0.990 |     38 st/s
    done(50): success=48 t_flicker=1 t_touched=1
Ep  9600 | score  209.05 | avg100  200.82 | grasp100  94.0% | best 0.990 |     38 st/s
    done(50): success=46 t_flicker=4
Ep  9650 | score  208.81 | avg100  203.83 | grasp100  95.0% | best 0.990 |     38 st/s
    done(50): success=49 t_flicker=1
Ep  9700 | score  208.32 | avg100  208.40 | grasp100  99.0% | best 0.990 |     38 st/s
    done(50): success=50
Ep  9750 | score  209.97 | avg100  207.88 | grasp100  99.0% | best 0.990 |     38 st/s
    done(50): success=49 t_flicker=1
Ep  9800 | score  209.52 | avg100  207.80 | grasp100  99.0% | best 0.990 |     38 st/s
    done(50): success=50
Ep  9850 | score  208.33 | avg100  209.35 | grasp100 100.0% | best 0.990 |     38 st/s
    done(50): success=50
Ep  9900 | score  209.61 | avg100  206.91 | grasp100  98.0% | best 0.990 |     38 st/s
    done(50): success=48 t_flicker=2
Ep  9950 | score  209.69 | avg100  204.44 | grasp100  96.0% | best 0.990 |     38 st/s
    done(50): success=48 t_flicker=1 t_touched=1
Ep 10000 | score  208.31 | avg100  206.84 | grasp100  98.0% | best 0.990 |     38 st/s
    done(50): success=50
Ep 10050 | score  209.75 | avg100  209.85 | grasp100 100.0% | best 0.990 |     38 st/s
    done(50): success=50
Ep 10100 | score  210.50 | avg100  209.81 | grasp100 100.0% | best 0.990 |     38 st/s
    done(50): success=50
Ep 10150 | score  210.61 | avg100  209.06 | grasp100 100.0% | best 0.990 |     38 st/s
    done(50): success=50
Ep 10200 | score  207.73 | avg100  208.85 | grasp100 100.0% | best 0.990 |     38 st/s
    done(50): success=50
Ep 10250 | score  208.22 | avg100  207.43 | grasp100  99.0% | best 0.990 |     38 st/s
    done(50): success=49 t_flicker=1
Ep 10300 | score  207.18 | avg100  207.58 | grasp100  99.0% | best 0.990 |     38 st/s
    done(50): success=50
Ep 10350 | score  208.69 | avg100  207.93 | grasp100  99.0% | best 0.990 |     38 st/s
    done(50): success=49 t_flicker=1
Ep 10400 | score  209.41 | avg100  203.98 | grasp100  96.0% | best 0.990 |     38 st/s
    done(50): success=47 t_flicker=3
Ep 10450 | score  208.96 | avg100  204.82 | grasp100  97.0% | best 0.990 |     38 st/s
    done(50): success=50
Ep 10500 | score  210.72 | avg100  208.93 | grasp100 100.0% | best 0.990 |     38 st/s
    done(50): success=50
Ep 10550 | score  207.98 | avg100  209.23 | grasp100 100.0% | best 0.990 |     37 st/s
    done(50): success=50
Ep 10600 | score  206.53 | avg100  207.92 | grasp100  99.0% | best 0.990 |     37 st/s
    done(50): success=49 t_flicker=1
Ep 10650 | score   96.97 | avg100  206.75 | grasp100  98.0% | best 0.990 |     37 st/s
    done(50): success=49 t_flicker=1
Ep 10700 | score  207.52 | avg100  206.28 | grasp100  97.0% | best 0.990 |     37 st/s
    done(50): success=48 t_flicker=2
Ep 10750 | score  207.81 | avg100  207.79 | grasp100  98.0% | best 0.990 |     37 st/s
    done(50): success=50
Ep 10800 | score  209.60 | avg100  207.99 | grasp100  99.0% | best 0.990 |     37 st/s
    done(50): success=49 t_flicker=1
Ep 10850 | score  210.25 | avg100  205.42 | grasp100  98.0% | best 0.990 |     37 st/s
    done(50): success=49 t_touched=1
Ep 10900 | score  209.91 | avg100  207.16 | grasp100  99.0% | best 0.990 |     37 st/s
    done(50): success=50
Ep 10950 | score  213.89 | avg100  206.58 | grasp100  98.0% | best 0.990 |     37 st/s
    done(50): success=48 t_flicker=2
Ep 11000 | score  207.52 | avg100  204.84 | grasp100  97.0% | best 0.990 |     37 st/s
    done(50): success=49 t_flicker=1
Ep 11050 | score  209.34 | avg100  207.42 | grasp100  99.0% | best 0.990 |     37 st/s
    done(50): success=50
Ep 11100 | score  209.01 | avg100  208.23 | grasp100  99.0% | best 0.990 |     37 st/s
    done(50): success=49 t_flicker=1
Ep 11150 | score  210.85 | avg100  207.07 | grasp100  98.0% | best 0.990 |     37 st/s
    done(50): success=49 t_flicker=1
Ep 11200 | score  205.78 | avg100  205.18 | grasp100  97.0% | best 0.990 |     37 st/s
    done(50): success=48 t_flicker=2
Ep 11250 | score  208.66 | avg100  206.37 | grasp100  98.0% | best 0.990 |     37 st/s
    done(50): success=50
Ep 11300 | score  206.49 | avg100  207.59 | grasp100  99.0% | best 0.990 |     37 st/s
    done(50): success=49 t_flicker=1
  [primacy-bias reset of critic heads @ 225000 updates]
Ep 11350 | score   56.39 | avg100   92.01 | grasp100  56.0% | best 0.990 |     37 st/s
    done(50): success=7 t_flicker=5 t_touched=3 t_no_reach=35
Ep 11400 | score  238.95 | avg100   74.03 | grasp100  44.0% | best 0.990 |     37 st/s
    done(50): success=37 t_flicker=9 t_touched=4
Ep 11450 | score  208.71 | avg100  175.70 | grasp100  79.0% | best 0.990 |     37 st/s
    done(50): success=42 t_flicker=7 t_touched=1
Ep 11500 | score  206.84 | avg100  191.28 | grasp100  90.0% | best 0.990 |     37 st/s
    done(50): success=48 t_flicker=2
Ep 11550 | score  208.31 | avg100  201.39 | grasp100  95.0% | best 0.990 |     37 st/s
    done(50): success=47 t_flicker=2 t_touched=1
Ep 11600 | score  207.68 | avg100  204.98 | grasp100  97.0% | best 0.990 |     37 st/s
    done(50): success=50
Ep 11650 | score  210.46 | avg100  208.83 | grasp100 100.0% | best 0.990 |     37 st/s
    done(50): success=50
Ep 11700 | score  209.58 | avg100  207.88 | grasp100  99.0% | best 0.990 |     37 st/s
    done(50): success=49 t_flicker=1
Ep 11750 | score  209.31 | avg100  206.87 | grasp100  98.0% | best 0.990 |     37 st/s
    done(50): success=49 t_flicker=1
Ep 11800 | score  208.60 | avg100  207.95 | grasp100  99.0% | best 0.990 |     37 st/s
    done(50): success=50
Ep 11850 | score  209.70 | avg100  208.84 | grasp100 100.0% | best 0.990 |     37 st/s
    done(50): success=50
Ep 11900 | score  205.36 | avg100  207.85 | grasp100  99.0% | best 0.990 |     37 st/s
    done(50): success=49 t_flicker=1
Ep 11950 | score  208.99 | avg100  207.91 | grasp100  98.0% | best 0.990 |     37 st/s
    done(50): success=49 t_flicker=1
Ep 12000 | score  208.10 | avg100  208.76 | grasp100  99.0% | best 0.990 |     37 st/s
    done(50): success=50
Ep 12050 | score  215.10 | avg100  209.04 | grasp100 100.0% | best 0.990 |     37 st/s
    done(50): success=50
Ep 12100 | score  211.34 | avg100  206.48 | grasp100  98.0% | best 0.990 |     37 st/s
    done(50): success=48 t_flicker=2
Ep 12150 | score  209.10 | avg100  202.72 | grasp100  95.0% | best 0.990 |     37 st/s
    done(50): success=47 t_flicker=3
Ep 12200 | score  205.18 | avg100  204.08 | grasp100  96.0% | best 0.990 |     37 st/s
    done(50): success=49 t_touched=1
Ep 12250 | score  209.06 | avg100  207.99 | grasp100  99.0% | best 0.990 |     37 st/s
    done(50): success=50
Ep 12300 | score  209.82 | avg100  207.60 | grasp100  99.0% | best 0.990 |     37 st/s
    done(50): success=49 t_flicker=1
Ep 12350 | score  208.08 | avg100  207.34 | grasp100  99.0% | best 0.990 |     37 st/s
    done(50): success=50
Ep 12400 | score  209.52 | avg100  208.92 | grasp100 100.0% | best 0.990 |     37 st/s
    done(50): success=50
Ep 12450 | score  206.15 | avg100  208.74 | grasp100 100.0% | best 0.990 |     37 st/s
    done(50): success=50
Ep 12500 | score  213.08 | avg100  208.90 | grasp100 100.0% | best 0.990 |     37 st/s
    done(50): success=50
Ep 12550 | score  209.56 | avg100  207.58 | grasp100  99.0% | best 0.990 |     37 st/s
    done(50): success=49 t_flicker=1
Ep 12600 | score  207.31 | avg100  207.63 | grasp100  99.0% | best 0.990 |     37 st/s
    done(50): success=50
Ep 12650 | score  209.32 | avg100  208.78 | grasp100 100.0% | best 0.990 |     37 st/s
    done(50): success=50
Ep 12700 | score  207.76 | avg100  208.51 | grasp100 100.0% | best 0.990 |     37 st/s
    done(50): success=50
Ep 12750 | score  209.96 | avg100  208.24 | grasp100  99.0% | best 0.990 |     37 st/s
    done(50): success=49 t_flicker=1
Ep 12800 | score  207.12 | avg100  207.60 | grasp100  98.0% | best 0.990 |     37 st/s
    done(50): success=49 t_flicker=1
Ep 12850 | score  206.56 | avg100  207.89 | grasp100  99.0% | best 0.990 |     37 st/s
    done(50): success=50
Ep 12900 | score  209.21 | avg100  206.85 | grasp100  99.0% | best 0.990 |     37 st/s
    done(50): success=49 t_flicker=1
Ep 12950 | score  210.72 | avg100  205.89 | grasp100  98.0% | best 0.990 |     37 st/s
    done(50): success=49 t_flicker=1
Ep 13000 | score  208.21 | avg100  208.31 | grasp100  99.0% | best 0.990 |     37 st/s
    done(50): success=50
Ep 13050 | score  206.57 | avg100  208.69 | grasp100  99.0% | best 0.990 |     36 st/s
    done(50): success=49 t_flicker=1
Ep 13100 | score  219.03 | avg100  205.67 | grasp100  97.0% | best 0.990 |     36 st/s
    done(50): success=48 t_flicker=2
Ep 13150 | score  207.77 | avg100  206.10 | grasp100  98.0% | best 0.990 |     36 st/s
    done(50): success=50
Ep 13200 | score  208.01 | avg100  208.33 | grasp100 100.0% | best 0.990 |     36 st/s
    done(50): success=50
Ep 13250 | score  207.27 | avg100  207.76 | grasp100  99.0% | best 0.990 |     36 st/s
    done(50): success=49 t_flicker=1
Ep 13300 | score  208.17 | avg100  208.02 | grasp100  99.0% | best 0.990 |     36 st/s
    done(50): success=50
  [primacy-bias reset of critic heads @ 250000 updates]
Ep 13350 | score  209.44 | avg100  129.36 | grasp100  67.0% | best 0.990 |     36 st/s
    done(50): success=17 t_flicker=4 t_touched=13 t_no_reach=16
Ep 13400 | score  208.84 | avg100  107.29 | grasp100  50.0% | best 0.990 |     36 st/s
    done(50): success=33 t_flicker=14 t_touched=3
Ep 13450 | score  205.24 | avg100  184.99 | grasp100  81.0% | best 0.990 |     36 st/s
    done(50): success=48 t_flicker=2
Ep 13500 | score  211.91 | avg100  201.95 | grasp100  95.0% | best 0.990 |     36 st/s
    done(50): success=47 t_flicker=3
Ep 13550 | score  209.05 | avg100  202.41 | grasp100  96.0% | best 0.990 |     36 st/s
    done(50): success=49 t_flicker=1
Ep 13600 | score  208.80 | avg100  206.09 | grasp100  98.0% | best 0.990 |     36 st/s
    done(50): success=49 t_flicker=1
Ep 13650 | score  210.87 | avg100  207.80 | grasp100  99.0% | best 0.990 |     36 st/s
    done(50): success=50
Ep 13700 | score  209.75 | avg100  209.12 | grasp100 100.0% | best 0.990 |     36 st/s
    done(50): success=50
Ep 13750 | score  205.69 | avg100  207.50 | grasp100  99.0% | best 0.990 |     36 st/s
    done(50): success=49 t_flicker=1
Ep 13800 | score  207.19 | avg100  205.02 | grasp100  97.0% | best 0.990 |     36 st/s
    done(50): success=48 t_flicker=2
Ep 13850 | score  207.76 | avg100  206.91 | grasp100  98.0% | best 0.990 |     36 st/s
    done(50): success=50
Ep 13900 | score  208.17 | avg100  209.61 | grasp100 100.0% | best 0.990 |     36 st/s
    done(50): success=50
Ep 13950 | score  208.10 | avg100  208.95 | grasp100 100.0% | best 0.990 |     36 st/s
    done(50): success=50
Ep 14000 | score  208.24 | avg100  209.12 | grasp100 100.0% | best 0.990 |     36 st/s
    done(50): success=50
Ep 14050 | score  207.46 | avg100  209.39 | grasp100 100.0% | best 0.990 |     36 st/s
    done(50): success=50
Ep 14100 | score  210.81 | avg100  209.05 | grasp100 100.0% | best 0.990 |     36 st/s
    done(50): success=50
Ep 14150 | score  210.72 | avg100  208.65 | grasp100 100.0% | best 0.990 |     36 st/s
    done(50): success=50
Ep 14200 | score  209.50 | avg100  207.68 | grasp100  99.0% | best 0.990 |     36 st/s
    done(50): success=49 t_flicker=1
Ep 14250 | score  216.60 | avg100  208.45 | grasp100  99.0% | best 0.990 |     36 st/s
    done(50): success=50
Ep 14300 | score  205.55 | avg100  209.48 | grasp100 100.0% | best 0.990 |     36 st/s
    done(50): success=50
Ep 14350 | score  207.66 | avg100  208.27 | grasp100  99.0% | best 0.990 |     36 st/s
    done(50): success=49 t_flicker=1
Ep 14400 | score  210.48 | avg100  208.61 | grasp100  99.0% | best 0.990 |     36 st/s
    done(50): success=50
Ep 14450 | score  208.26 | avg100  209.49 | grasp100 100.0% | best 0.990 |     36 st/s
    done(50): success=50
Ep 14500 | score  207.10 | avg100  209.41 | grasp100 100.0% | best 0.990 |     36 st/s
    done(50): success=50
Ep 14550 | score  206.98 | avg100  207.52 | grasp100  99.0% | best 0.990 |     36 st/s
    done(50): success=49 t_flicker=1
Ep 14600 | score  211.84 | avg100  207.13 | grasp100  99.0% | best 0.990 |     36 st/s
    done(50): success=50
Ep 14650 | score  208.93 | avg100  209.12 | grasp100 100.0% | best 0.990 |     36 st/s
    done(50): success=50
Ep 14700 | score  206.82 | avg100  209.26 | grasp100 100.0% | best 0.990 |     36 st/s
    done(50): success=50
Ep 14750 | score  207.98 | avg100  208.83 | grasp100 100.0% | best 0.990 |     36 st/s
    done(50): success=50
Ep 14800 | score  211.43 | avg100  209.11 | grasp100 100.0% | best 0.990 |     36 st/s
    done(50): success=50
Ep 14850 | score  207.49 | avg100  209.64 | grasp100 100.0% | best 0.990 |     36 st/s
    done(50): success=50
Ep 14900 | score  210.67 | avg100  209.12 | grasp100 100.0% | best 0.990 |     36 st/s
    done(50): success=50
Ep 14950 | score  210.40 | avg100  205.85 | grasp100  98.0% | best 0.990 |     36 st/s
    done(50): success=48 t_flicker=2
Ep 15000 | score  213.21 | avg100  205.85 | grasp100  98.0% | best 0.990 |     36 st/s
    done(50): success=50
Ep 15050 | score  208.14 | avg100  208.63 | grasp100 100.0% | best 0.990 |     36 st/s
    done(50): success=50
Ep 15100 | score  209.04 | avg100  206.37 | grasp100  98.0% | best 0.990 |     36 st/s
    done(50): success=48 t_flicker=2
Ep 15150 | score  207.88 | avg100  206.28 | grasp100  98.0% | best 0.990 |     36 st/s
    done(50): success=50
Ep 15200 | score  209.50 | avg100  208.52 | grasp100 100.0% | best 0.990 |     36 st/s
    done(50): success=50
Ep 15250 | score  210.01 | avg100  206.22 | grasp100  98.0% | best 0.990 |     36 st/s
    done(50): success=48 t_flicker=2
Ep 15300 | score  208.26 | avg100  206.59 | grasp100  98.0% | best 0.990 |     36 st/s
    done(50): success=50
Ep 15350 | score  211.43 | avg100  208.91 | grasp100 100.0% | best 0.990 |     36 st/s
    done(50): success=50
  [primacy-bias reset of critic heads @ 275000 updates]
Ep 15400 | score  207.25 | avg100  209.10 | grasp100 100.0% | best 0.990 |     36 st/s
    done(50): success=50
Ep 15450 | score   13.00 | avg100  104.71 | grasp100  61.0% | best 0.990 |     36 st/s
    done(50): success=11 t_flicker=3 t_touched=3 t_no_reach=33
Ep 15500 | score  207.57 | avg100   90.15 | grasp100  53.0% | best 0.990 |     36 st/s
    done(50): success=42 t_flicker=6 t_touched=2
Ep 15550 | score  206.81 | avg100  188.42 | grasp100  87.0% | best 0.990 |     36 st/s
    done(50): success=45 t_flicker=4 t_touched=1
Ep 15600 | score  207.53 | avg100  201.51 | grasp100  94.0% | best 0.990 |     36 st/s
    done(50): success=49 t_flicker=1
Ep 15650 | score  209.78 | avg100  203.75 | grasp100  97.0% | best 0.990 |     36 st/s
    done(50): success=48 t_flicker=1 t_touched=1
Ep 15700 | score  208.18 | avg100  204.78 | grasp100  98.0% | best 0.990 |     36 st/s
    done(50): success=50
Ep 15750 | score  209.13 | avg100  207.53 | grasp100  99.0% | best 0.990 |     36 st/s
    done(50): success=49 t_flicker=1
Ep 15800 | score  208.63 | avg100  207.60 | grasp100  99.0% | best 0.990 |     36 st/s
    done(50): success=50
Ep 15850 | score  207.05 | avg100  208.93 | grasp100 100.0% | best 0.990 |     36 st/s
    done(50): success=50
Ep 15900 | score  208.92 | avg100  208.88 | grasp100 100.0% | best 0.990 |     36 st/s
    done(50): success=50
Ep 15950 | score  208.88 | avg100  208.88 | grasp100 100.0% | best 0.990 |     36 st/s
    done(50): success=50
Ep 16000 | score  209.59 | avg100  207.51 | grasp100  99.0% | best 0.990 |     36 st/s
    done(50): success=49 t_flicker=1
Ep 16050 | score  208.13 | avg100  207.32 | grasp100  99.0% | best 0.990 |     36 st/s
    done(50): success=50
Ep 16100 | score  209.56 | avg100  207.41 | grasp100  99.0% | best 0.990 |     35 st/s
    done(50): success=49 t_flicker=1
Ep 16150 | score  208.46 | avg100  206.64 | grasp100  98.0% | best 0.990 |     35 st/s
    done(50): success=49 t_flicker=1
Ep 16200 | score  209.68 | avg100  207.97 | grasp100  99.0% | best 0.990 |     35 st/s
    done(50): success=50
Ep 16250 | score  208.64 | avg100  208.74 | grasp100 100.0% | best 0.990 |     35 st/s
    done(50): success=50
Ep 16300 | score  209.26 | avg100  208.71 | grasp100 100.0% | best 0.990 |     35 st/s
    done(50): success=50
Ep 16350 | score  208.48 | avg100  208.74 | grasp100 100.0% | best 0.990 |     35 st/s
    done(50): success=50
Ep 16400 | score  213.08 | avg100  208.72 | grasp100 100.0% | best 0.990 |     35 st/s
    done(50): success=50
Ep 16450 | score  207.78 | avg100  209.31 | grasp100 100.0% | best 0.990 |     35 st/s
    done(50): success=50
Ep 16500 | score  208.09 | avg100  208.05 | grasp100  99.0% | best 0.990 |     35 st/s
    done(50): success=49 t_flicker=1
Ep 16550 | score  210.08 | avg100  206.87 | grasp100  98.0% | best 0.990 |     35 st/s
    done(50): success=49 t_flicker=1
Ep 16600 | score  208.70 | avg100  206.56 | grasp100  97.0% | best 0.990 |     35 st/s
    done(50): success=48 t_flicker=2
Ep 16650 | score  211.48 | avg100  207.29 | grasp100  98.0% | best 0.990 |     35 st/s
    done(50): success=50
Ep 16700 | score  212.58 | avg100  208.86 | grasp100 100.0% | best 0.990 |     35 st/s
    done(50): success=50
Ep 16750 | score  209.43 | avg100  208.83 | grasp100 100.0% | best 0.990 |     35 st/s
    done(50): success=50
Ep 16800 | score  212.07 | avg100  208.99 | grasp100 100.0% | best 0.990 |     35 st/s
    done(50): success=50
Ep 16850 | score  213.37 | avg100  205.61 | grasp100  97.0% | best 0.990 |     35 st/s
    done(50): success=47 t_flicker=3
Ep 16900 | score  244.46 | avg100  206.15 | grasp100  97.0% | best 0.990 |     35 st/s
    done(50): success=50
Ep 16950 | score  208.85 | avg100  206.64 | grasp100  98.0% | best 0.990 |     35 st/s
    done(50): success=48 t_flicker=1 t_touched=1
Ep 17000 | score  217.68 | avg100  206.54 | grasp100  98.0% | best 0.990 |     35 st/s
    done(50): success=50
Ep 17050 | score  208.99 | avg100  209.23 | grasp100 100.0% | best 0.990 |     35 st/s
    done(50): success=50
Ep 17100 | score  207.14 | avg100  208.67 | grasp100 100.0% | best 0.990 |     35 st/s
    done(50): success=50
Ep 17150 | score  209.09 | avg100  207.85 | grasp100  99.0% | best 0.990 |     35 st/s
    done(50): success=49 t_flicker=1
Ep 17200 | score  207.96 | avg100  207.95 | grasp100  99.0% | best 0.990 |     35 st/s
    done(50): success=50
Ep 17250 | score  206.36 | avg100  209.25 | grasp100 100.0% | best 0.990 |     35 st/s
    done(50): success=50
Ep 17300 | score  207.74 | avg100  208.03 | grasp100  99.0% | best 0.990 |     35 st/s
    done(50): success=49 t_flicker=1
Ep 17350 | score  205.50 | avg100  207.44 | grasp100  98.0% | best 0.990 |     35 st/s
    done(50): success=49 t_flicker=1
Ep 17400 | score  206.56 | avg100  206.61 | grasp100  97.0% | best 0.990 |     35 st/s
    done(50): success=48 t_flicker=2
Ep 17450 | score  212.61 | avg100  206.95 | grasp100  98.0% | best 0.990 |     35 st/s
    done(50): success=50
  [primacy-bias reset of critic heads @ 300000 updates]
Ep 17500 | score   36.67 | avg100  139.24 | grasp100  74.0% | best 0.990 |     35 st/s
    done(50): success=24 t_flicker=4 t_touched=5 t_no_reach=17
Ep 17550 | score  208.98 | avg100  106.35 | grasp100  58.0% | best 0.990 |     35 st/s
    done(50): success=34 t_flicker=10 t_touched=5 t_no_reach=1
Ep 17600 | score  209.91 | avg100  162.98 | grasp100  77.0% | best 0.990 |     35 st/s
    done(50): success=43 t_flicker=4 t_touched=2 t_no_reach=1
Ep 17650 | score  208.66 | avg100  193.23 | grasp100  91.0% | best 0.990 |     35 st/s
    done(50): success=48 t_flicker=2
Ep 17700 | score  208.91 | avg100  200.64 | grasp100  95.0% | best 0.990 |     35 st/s
    done(50): success=47 t_flicker=3
Ep 17750 | score  209.10 | avg100  201.75 | grasp100  96.0% | best 0.990 |     35 st/s
    done(50): success=49 t_flicker=1
Ep 17800 | score  209.42 | avg100  207.05 | grasp100  99.0% | best 0.990 |     35 st/s
    done(50): success=50
Ep 17850 | score  206.87 | avg100  208.46 | grasp100 100.0% | best 0.990 |     35 st/s
    done(50): success=50
Ep 17900 | score  208.23 | avg100  208.82 | grasp100 100.0% | best 0.990 |     35 st/s
    done(50): success=50
Ep 17950 | score  206.96 | avg100  207.11 | grasp100  99.0% | best 0.990 |     35 st/s
    done(50): success=49 t_flicker=1
Ep 18000 | score  206.92 | avg100  206.85 | grasp100  99.0% | best 0.990 |     35 st/s
    done(50): success=50
Ep 18050 | score  209.32 | avg100  208.63 | grasp100 100.0% | best 0.990 |     35 st/s
    done(50): success=50
Ep 18100 | score  209.19 | avg100  208.10 | grasp100  99.0% | best 0.990 |     35 st/s
    done(50): success=49 t_flicker=1
Ep 18150 | score  208.40 | avg100  207.79 | grasp100  99.0% | best 0.990 |     35 st/s
    done(50): success=50
Ep 18200 | score  206.65 | avg100  208.59 | grasp100 100.0% | best 0.990 |     35 st/s
    done(50): success=50
Ep 18250 | score  210.98 | avg100  207.68 | grasp100  99.0% | best 0.990 |     35 st/s
    done(50): success=49 t_flicker=1
Ep 18300 | score  207.02 | avg100  207.78 | grasp100  99.0% | best 0.990 |     35 st/s
    done(50): success=50
Ep 18350 | score  209.07 | avg100  209.25 | grasp100 100.0% | best 0.990 |     35 st/s
    done(50): success=50
Ep 18400 | score  206.35 | avg100  209.44 | grasp100 100.0% | best 0.990 |     35 st/s
    done(50): success=50
Ep 18450 | score  209.11 | avg100  208.83 | grasp100  99.0% | best 0.990 |     35 st/s
    done(50): success=49 t_flicker=1
Ep 18500 | score  209.36 | avg100  208.37 | grasp100  99.0% | best 0.990 |     35 st/s
    done(50): success=50
Ep 18550 | score  211.50 | avg100  208.87 | grasp100 100.0% | best 0.990 |     35 st/s
    done(50): success=50
Ep 18600 | score  208.64 | avg100  209.03 | grasp100 100.0% | best 0.990 |     35 st/s
    done(50): success=50
Ep 18650 | score  208.30 | avg100  206.80 | grasp100  98.0% | best 0.990 |     35 st/s
    done(50): success=48 t_flicker=2
Ep 18700 | score  209.53 | avg100  206.58 | grasp100  98.0% | best 0.990 |     35 st/s
    done(50): success=50
Ep 18750 | score  209.66 | avg100  205.40 | grasp100  98.0% | best 0.990 |     35 st/s
    done(50): success=48 t_flicker=1 t_touched=1
Ep 18800 | score  206.58 | avg100  206.06 | grasp100  98.0% | best 0.990 |     35 st/s
    done(50): success=50
Ep 18850 | score  209.10 | avg100  207.27 | grasp100  98.0% | best 0.990 |     35 st/s
    done(50): success=48 t_flicker=2
Ep 18900 | score  207.24 | avg100  206.17 | grasp100  97.0% | best 0.990 |     35 st/s
    done(50): success=49 t_flicker=1
Ep 18950 | score  210.30 | avg100  208.68 | grasp100  99.0% | best 0.990 |     35 st/s
    done(50): success=50
Ep 19000 | score  212.17 | avg100  208.92 | grasp100  99.0% | best 0.990 |     35 st/s
    done(50): success=49 t_touched=1
Ep 19050 | score  212.09 | avg100  208.83 | grasp100  99.0% | best 0.990 |     35 st/s
    done(50): success=50
Ep 19100 | score  208.39 | avg100  209.82 | grasp100 100.0% | best 0.990 |     35 st/s
    done(50): success=50
Ep 19150 | score  207.41 | avg100  209.42 | grasp100 100.0% | best 0.990 |     35 st/s
    done(50): success=50
Ep 19200 | score  205.48 | avg100  206.66 | grasp100  98.0% | best 0.990 |     35 st/s
    done(50): success=48 t_flicker=2
Ep 19250 | score  208.14 | avg100  206.68 | grasp100  98.0% | best 0.990 |     35 st/s
    done(50): success=50
Ep 19300 | score  208.77 | avg100  209.00 | grasp100 100.0% | best 0.990 |     35 st/s
    done(50): success=50
Ep 19350 | score  208.78 | avg100  208.98 | grasp100 100.0% | best 0.990 |     35 st/s
    done(50): success=50
Ep 19400 | score  207.07 | avg100  205.96 | grasp100  98.0% | best 0.990 |     35 st/s
    done(50): success=48 t_flicker=2
Ep 19450 | score  208.48 | avg100  206.02 | grasp100  98.0% | best 0.990 |     35 st/s
    done(50): success=50
Ep 19500 | score  207.36 | avg100  208.64 | grasp100 100.0% | best 0.990 |     35 st/s
    done(50): success=50
Ep 19550 | score  210.17 | avg100  208.39 | grasp100 100.0% | best 0.990 |     34 st/s
    done(50): success=50
  [primacy-bias reset of critic heads @ 325000 updates]
Ep 19600 | score  -59.01 | avg100  203.36 | grasp100  98.0% | best 0.990 |     35 st/s
    done(50): success=48 t_touched=2
Ep 19650 | score  208.47 | avg100   94.15 | grasp100  57.0% | best 0.990 |     35 st/s
    done(50): success=9 t_flicker=5 t_touched=6 t_no_reach=30
Ep 19700 | score  205.12 | avg100   86.30 | grasp100  51.0% | best 0.990 |     35 st/s
    done(50): success=42 t_flicker=6 t_touched=2
Ep 19750 | score  207.40 | avg100  193.21 | grasp100  90.0% | best 0.990 |     35 st/s
    done(50): success=48 t_flicker=2
Ep 19800 | score  203.77 | avg100  204.41 | grasp100  97.0% | best 0.990 |     35 st/s
    done(50): success=49 t_flicker=1
Ep 19850 | score  252.77 | avg100  205.42 | grasp100  98.0% | best 0.990 |     35 st/s
    done(50): success=49 t_flicker=1
Ep 19900 | score  209.51 | avg100  206.75 | grasp100  99.0% | best 0.990 |     35 st/s
    done(50): success=50
Ep 19950 | score  206.72 | avg100  207.98 | grasp100 100.0% | best 0.990 |     35 st/s
    done(50): success=50
Ep 20000 | score  209.09 | avg100  208.31 | grasp100 100.0% | best 0.990 |     35 st/s
    done(50): success=50
Ep 20050 | score  205.56 | avg100  208.39 | grasp100 100.0% | best 0.990 |     35 st/s
    done(50): success=50
Ep 20100 | score  209.12 | avg100  208.44 | grasp100 100.0% | best 0.990 |     35 st/s
    done(50): success=50
Ep 20150 | score  208.46 | avg100  208.39 | grasp100 100.0% | best 0.990 |     35 st/s
    done(50): success=50
Ep 20200 | score  208.69 | avg100  208.36 | grasp100 100.0% | best 0.990 |     34 st/s
    done(50): success=50
Ep 20250 | score  210.28 | avg100  208.48 | grasp100 100.0% | best 0.990 |     34 st/s
    done(50): success=50
Ep 20300 | score  207.88 | avg100  208.66 | grasp100 100.0% | best 0.990 |     34 st/s
    done(50): success=50
Ep 20350 | score  207.96 | avg100  203.42 | grasp100  96.0% | best 0.990 |     34 st/s
    done(50): success=46 t_flicker=4
Ep 20400 | score  208.17 | avg100  203.28 | grasp100  96.0% | best 0.990 |     34 st/s
    done(50): success=50
Ep 20450 | score  208.51 | avg100  209.35 | grasp100 100.0% | best 0.990 |     34 st/s
    done(50): success=50
Ep 20500 | score  208.95 | avg100  209.76 | grasp100 100.0% | best 0.990 |     34 st/s
    done(50): success=50
Ep 20550 | score  206.77 | avg100  209.20 | grasp100 100.0% | best 0.990 |     34 st/s
    done(50): success=50
Ep 20600 | score  207.58 | avg100  207.91 | grasp100  99.0% | best 0.990 |     34 st/s
    done(50): success=49 t_flicker=1
Ep 20650 | score  208.50 | avg100  207.58 | grasp100  99.0% | best 0.990 |     34 st/s
    done(50): success=50
Ep 20700 | score  207.37 | avg100  207.44 | grasp100  99.0% | best 0.990 |     34 st/s
    done(50): success=49 t_flicker=1
Ep 20750 | score  208.02 | avg100  206.42 | grasp100  98.0% | best 0.990 |     34 st/s
    done(50): success=49 t_flicker=1
Ep 20800 | score  206.75 | avg100  207.71 | grasp100  99.0% | best 0.990 |     34 st/s
    done(50): success=50
Ep 20850 | score  206.63 | avg100  209.10 | grasp100 100.0% | best 0.990 |     34 st/s
    done(50): success=50
Ep 20900 | score  222.28 | avg100  209.70 | grasp100 100.0% | best 0.990 |     34 st/s
    done(50): success=50
Ep 20950 | score  208.43 | avg100  209.85 | grasp100 100.0% | best 0.990 |     34 st/s
    done(50): success=50
Ep 21000 | score  207.68 | avg100  209.50 | grasp100 100.0% | best 0.990 |     34 st/s
    done(50): success=50
Ep 21050 | score  208.15 | avg100  208.55 | grasp100  99.0% | best 0.990 |     34 st/s
    done(50): success=49 t_flicker=1
Ep 21100 | score  206.55 | avg100  206.15 | grasp100  97.0% | best 0.990 |     34 st/s
    done(50): success=48 t_flicker=2
Ep 21150 | score  209.18 | avg100  205.57 | grasp100  97.0% | best 0.990 |     34 st/s
    done(50): success=49 t_flicker=1
Ep 21200 | score  209.60 | avg100  207.53 | grasp100  99.0% | best 0.990 |     34 st/s
    done(50): success=50
Ep 21250 | score  208.46 | avg100  208.76 | grasp100 100.0% | best 0.990 |     34 st/s
    done(50): success=50
Ep 21300 | score  212.62 | avg100  209.23 | grasp100 100.0% | best 0.990 |     34 st/s
    done(50): success=50
Ep 21350 | score  213.07 | avg100  209.36 | grasp100 100.0% | best 0.990 |     34 st/s
    done(50): success=50
Ep 21400 | score  208.08 | avg100  209.51 | grasp100 100.0% | best 0.990 |     34 st/s
    done(50): success=50
Ep 21450 | score  209.01 | avg100  209.26 | grasp100 100.0% | best 0.990 |     34 st/s
    done(50): success=50
Ep 21500 | score  207.24 | avg100  206.39 | grasp100  98.0% | best 0.990 |     34 st/s
    done(50): success=48 t_flicker=2
Ep 21550 | score  208.85 | avg100  206.36 | grasp100  97.0% | best 0.990 |     34 st/s
    done(50): success=49 t_flicker=1
Ep 21600 | score  208.73 | avg100  209.23 | grasp100  99.0% | best 0.990 |     34 st/s
    done(50): success=50
Ep 21650 | score  205.21 | avg100  207.72 | grasp100  99.0% | best 0.990 |     34 st/s
    done(50): success=49 t_flicker=1
Ep 21700 | score  207.55 | avg100  207.21 | grasp100  99.0% | best 0.990 |     34 st/s
    done(50): success=50
  [primacy-bias reset of critic heads @ 350000 updates]
Ep 21750 | score  -75.72 | avg100  136.18 | grasp100  74.0% | best 0.990 |     34 st/s
    done(50): success=24 t_touched=4 t_no_reach=22
Ep 21800 | score  229.33 | avg100   93.95 | grasp100  53.0% | best 0.990 |     34 st/s
    done(50): success=29 t_flicker=13 t_touched=6 t_no_reach=2
Ep 21850 | score  206.69 | avg100  162.91 | grasp100  75.0% | best 0.990 |     34 st/s
    done(50): success=46 t_flicker=4
Ep 21900 | score  210.11 | avg100  202.98 | grasp100  94.0% | best 0.990 |     34 st/s
    done(50): success=48 t_flicker=2
Ep 21950 | score  206.93 | avg100  203.16 | grasp100  95.0% | best 0.990 |     34 st/s
    done(50): success=47 t_flicker=3
Ep 22000 | score  210.76 | avg100  199.01 | grasp100  92.0% | best 0.990 |     34 st/s
    done(50): success=45 t_flicker=5
Ep 22050 | score  210.15 | avg100  198.17 | grasp100  93.0% | best 0.990 |     34 st/s
    done(50): success=48 t_flicker=1 t_touched=1
Ep 22100 | score  207.49 | avg100  204.25 | grasp100  98.0% | best 0.990 |     34 st/s
    done(50): success=50
Ep 22150 | score  209.78 | avg100  207.27 | grasp100  99.0% | best 0.990 |     34 st/s
    done(50): success=49 t_flicker=1
Ep 22200 | score  206.28 | avg100  202.63 | grasp100  96.0% | best 0.990 |     34 st/s
    done(50): success=47 t_flicker=3
Ep 22250 | score  208.04 | avg100  202.91 | grasp100  96.0% | best 0.990 |     34 st/s
    done(50): success=49 t_flicker=1
Ep 22300 | score  207.73 | avg100  207.51 | grasp100  99.0% | best 0.990 |     34 st/s
    done(50): success=50
Ep 22350 | score  206.52 | avg100  208.67 | grasp100 100.0% | best 0.990 |     34 st/s
    done(50): success=50
Ep 22400 | score  207.36 | avg100  208.63 | grasp100 100.0% | best 0.990 |     34 st/s
    done(50): success=50
Ep 22450 | score  210.60 | avg100  207.24 | grasp100  99.0% | best 0.990 |     34 st/s
    done(50): success=49 t_flicker=1
Ep 22500 | score  209.82 | avg100  207.36 | grasp100  99.0% | best 0.990 |     34 st/s
    done(50): success=50
Ep 22550 | score  208.23 | avg100  208.35 | grasp100 100.0% | best 0.990 |     34 st/s
    done(50): success=50
Ep 22600 | score  208.17 | avg100  208.73 | grasp100 100.0% | best 0.990 |     34 st/s
    done(50): success=50
Ep 22650 | score  209.78 | avg100  208.90 | grasp100 100.0% | best 0.990 |     34 st/s
    done(50): success=50
Ep 22700 | score  206.50 | avg100  207.18 | grasp100  99.0% | best 0.990 |     34 st/s
    done(50): success=49 t_flicker=1
Ep 22750 | score  210.32 | avg100  207.15 | grasp100  99.0% | best 0.990 |     34 st/s
    done(50): success=50
Ep 22800 | score  205.52 | avg100  208.39 | grasp100 100.0% | best 0.990 |     34 st/s
    done(50): success=50
Ep 22850 | score  206.69 | avg100  208.62 | grasp100 100.0% | best 0.990 |     34 st/s
    done(50): success=50
Ep 22900 | score  209.71 | avg100  208.77 | grasp100 100.0% | best 0.990 |     34 st/s
    done(50): success=50
Ep 22950 | score  206.38 | avg100  209.02 | grasp100 100.0% | best 0.990 |     34 st/s
    done(50): success=50
Ep 23000 | score  207.26 | avg100  209.09 | grasp100 100.0% | best 0.990 |     34 st/s
    done(50): success=50
Ep 23050 | score  209.15 | avg100  207.65 | grasp100  99.0% | best 0.990 |     34 st/s
    done(50): success=49 t_touched=1
Ep 23100 | score  208.65 | avg100  204.97 | grasp100  97.0% | best 0.990 |     34 st/s
    done(50): success=48 t_flicker=1 t_touched=1
Ep 23150 | score  208.02 | avg100  205.97 | grasp100  98.0% | best 0.990 |     34 st/s
    done(50): success=50
Ep 23200 | score  206.90 | avg100  208.46 | grasp100 100.0% | best 0.990 |     34 st/s
    done(50): success=50
Ep 23250 | score  208.70 | avg100  208.95 | grasp100 100.0% | best 0.990 |     34 st/s
    done(50): success=50
Ep 23300 | score  206.79 | avg100  209.23 | grasp100 100.0% | best 0.990 |     34 st/s
    done(50): success=50
Ep 23350 | score  205.82 | avg100  207.72 | grasp100  99.0% | best 0.990 |     34 st/s
    done(50): success=49 t_flicker=1
Ep 23400 | score  205.01 | avg100  207.25 | grasp100  99.0% | best 0.990 |     34 st/s
    done(50): success=50
Ep 23450 | score  207.26 | avg100  208.16 | grasp100 100.0% | best 0.990 |     34 st/s
    done(50): success=50
Ep 23500 | score  207.57 | avg100  208.43 | grasp100 100.0% | best 0.990 |     34 st/s
    done(50): success=50
Ep 23550 | score  205.96 | avg100  208.62 | grasp100 100.0% | best 0.990 |     34 st/s
    done(50): success=50
Ep 23600 | score  207.54 | avg100  208.41 | grasp100 100.0% | best 0.990 |     34 st/s
    done(50): success=50
Ep 23650 | score  209.05 | avg100  208.34 | grasp100 100.0% | best 0.990 |     34 st/s
    done(50): success=50
Ep 23700 | score  217.73 | avg100  208.99 | grasp100 100.0% | best 0.990 |     34 st/s
    done(50): success=50
Ep 23750 | score  211.09 | avg100  208.93 | grasp100 100.0% | best 0.990 |     34 st/s
    done(50): success=50
Ep 23800 | score  207.46 | avg100  208.16 | grasp100 100.0% | best 0.990 |     34 st/s
    done(50): success=50
Ep 23850 | score  206.43 | avg100  209.07 | grasp100 100.0% | best 0.990 |     34 st/s
    done(50): success=50
  [primacy-bias reset of critic heads @ 375000 updates]
Ep 23900 | score   90.30 | avg100  134.45 | grasp100  70.0% | best 0.990 |     34 st/s
    done(50): success=20 t_flicker=3 t_touched=12 t_no_reach=15
Ep 23950 | score  209.11 | avg100  107.04 | grasp100  55.0% | best 0.990 |     34 st/s
    done(50): success=35 t_flicker=13 t_touched=2
Ep 24000 | score  206.74 | avg100  169.47 | grasp100  77.0% | best 0.990 |     34 st/s
    done(50): success=42 t_flicker=4 t_touched=4
Ep 24050 | score  209.80 | avg100  190.71 | grasp100  88.0% | best 0.990 |     34 st/s
    done(50): success=46 t_flicker=4
Ep 24100 | score  208.15 | avg100  201.90 | grasp100  95.0% | best 0.990 |     34 st/s
    done(50): success=49 t_flicker=1
Ep 24150 | score  209.36 | avg100  206.38 | grasp100  98.0% | best 0.990 |     34 st/s
    done(50): success=49 t_flicker=1
Ep 24200 | score  210.08 | avg100  205.33 | grasp100  98.0% | best 0.990 |     34 st/s
    done(50): success=49 t_flicker=1
Ep 24250 | score  207.24 | avg100  204.60 | grasp100  98.0% | best 0.990 |     34 st/s
    done(50): success=49 t_flicker=1
Ep 24300 | score  211.71 | avg100  206.91 | grasp100  99.0% | best 0.990 |     34 st/s
    done(50): success=50
Ep 24350 | score  206.33 | avg100  207.05 | grasp100  99.0% | best 0.990 |     34 st/s
    done(50): success=49 t_flicker=1
Ep 24400 | score  205.02 | avg100  207.13 | grasp100  99.0% | best 0.990 |     34 st/s
    done(50): success=50
Ep 24450 | score  208.12 | avg100  207.49 | grasp100  99.0% | best 0.990 |     34 st/s
    done(50): success=49 t_flicker=1
Ep 24500 | score  207.05 | avg100  207.25 | grasp100  99.0% | best 0.990 |     34 st/s
    done(50): success=50
Ep 24550 | score  208.03 | avg100  208.48 | grasp100 100.0% | best 0.990 |     34 st/s
    done(50): success=50
Ep 24600 | score  208.47 | avg100  207.94 | grasp100  99.0% | best 0.990 |     34 st/s
    done(50): success=49 t_flicker=1
Ep 24650 | score  206.10 | avg100  208.11 | grasp100  99.0% | best 0.990 |     34 st/s
    done(50): success=50
Ep 24700 | score  210.23 | avg100  209.11 | grasp100 100.0% | best 0.990 |     34 st/s
    done(50): success=50
Ep 24750 | score  206.26 | avg100  208.84 | grasp100 100.0% | best 0.990 |     34 st/s
    done(50): success=50
Ep 24800 | score  208.42 | avg100  208.92 | grasp100 100.0% | best 0.990 |     34 st/s
    done(50): success=50
Ep 24850 | score  208.60 | avg100  207.29 | grasp100  99.0% | best 0.990 |     34 st/s
    done(50): success=49 t_flicker=1
Ep 24900 | score  208.53 | avg100  206.11 | grasp100  98.0% | best 0.990 |     34 st/s
    done(50): success=49 t_flicker=1
Ep 24950 | score  206.39 | avg100  207.61 | grasp100  99.0% | best 0.990 |     34 st/s
    done(50): success=50
Ep 25000 | score  212.23 | avg100  207.39 | grasp100  99.0% | best 0.990 |     34 st/s
    done(50): success=49 t_flicker=1
Ep 25050 | score  205.54 | avg100  207.71 | grasp100  99.0% | best 0.990 |     34 st/s
    done(50): success=50
Ep 25100 | score  206.03 | avg100  206.22 | grasp100  98.0% | best 0.990 |     33 st/s
    done(50): success=48 t_flicker=2
Ep 25150 | score  208.64 | avg100  206.39 | grasp100  98.0% | best 0.990 |     33 st/s
    done(50): success=50
Ep 25200 | score  208.45 | avg100  206.26 | grasp100  98.0% | best 0.990 |     33 st/s
    done(50): success=48 t_flicker=1 t_touched=1
Ep 25250 | score  205.19 | avg100  205.85 | grasp100  98.0% | best 0.990 |     33 st/s
    done(50): success=50
Ep 25300 | score  208.85 | avg100  208.78 | grasp100 100.0% | best 0.990 |     33 st/s
    done(50): success=50
Ep 25350 | score  207.17 | avg100  208.54 | grasp100 100.0% | best 0.990 |     33 st/s
    done(50): success=50
Ep 25400 | score  208.85 | avg100  203.88 | grasp100  97.0% | best 0.990 |     33 st/s
    done(50): success=47 t_flicker=3
Ep 25450 | score  207.22 | avg100  204.35 | grasp100  97.0% | best 0.990 |     33 st/s
    done(50): success=50
Ep 25500 | score  207.73 | avg100  208.23 | grasp100  99.0% | best 0.990 |     33 st/s
    done(50): success=49 t_flicker=1
Ep 25550 | score  209.24 | avg100  207.91 | grasp100  99.0% | best 0.990 |     33 st/s
    done(50): success=50
Ep 25600 | score  205.75 | avg100  208.28 | grasp100  99.0% | best 0.990 |     33 st/s
    done(50): success=49 t_flicker=1
Ep 25650 | score  207.04 | avg100  208.46 | grasp100  99.0% | best 0.990 |     33 st/s
    done(50): success=50
Ep 25700 | score  209.02 | avg100  209.27 | grasp100 100.0% | best 0.990 |     33 st/s
    done(50): success=50
Ep 25750 | score   91.28 | avg100  206.90 | grasp100  98.0% | best 0.990 |     33 st/s
    done(50): success=48 t_flicker=2
Ep 25800 | score  206.93 | avg100  205.29 | grasp100  97.0% | best 0.990 |     33 st/s
    done(50): success=49 t_flicker=1
Ep 25850 | score  210.93 | avg100  207.69 | grasp100  99.0% | best 0.990 |     33 st/s
    done(50): success=50
Ep 25900 | score  208.48 | avg100  209.22 | grasp100 100.0% | best 0.990 |     33 st/s
    done(50): success=50
Ep 25950 | score  206.67 | avg100  207.86 | grasp100  99.0% | best 0.990 |     33 st/s
    done(50): success=49 t_flicker=1
  [primacy-bias reset of critic heads @ 400000 updates]
Ep 26000 | score  -68.18 | avg100  202.13 | grasp100  97.0% | best 0.990 |     33 st/s
    done(50): success=48 t_touched=1 t_no_reach=1
Ep 26050 | score  145.87 | avg100  103.85 | grasp100  52.0% | best 0.990 |     33 st/s
    done(50): success=4 t_flicker=15 t_touched=7 t_no_reach=24
Ep 26100 | score  207.50 | avg100   84.84 | grasp100  38.0% | best 0.990 |     33 st/s
    done(50): success=34 t_flicker=15 t_touched=1
Ep 26150 | score  210.65 | avg100  179.19 | grasp100  81.0% | best 0.990 |     33 st/s
    done(50): success=47 t_flicker=3
Ep 26200 | score  208.07 | avg100  202.47 | grasp100  96.0% | best 0.990 |     33 st/s
    done(50): success=49 t_flicker=1
Ep 26250 | score  206.76 | avg100  207.63 | grasp100  99.0% | best 0.990 |     33 st/s
    done(50): success=50
Ep 26300 | score   97.61 | avg100  203.81 | grasp100  96.0% | best 0.990 |     33 st/s
    done(50): success=46 t_flicker=4
Ep 26350 | score  207.89 | avg100  203.95 | grasp100  96.0% | best 0.990 |     33 st/s
    done(50): success=50
Ep 26400 | score  207.19 | avg100  207.74 | grasp100  99.0% | best 0.990 |     33 st/s
    done(50): success=49 t_flicker=1
Ep 26450 | score  207.44 | avg100  207.92 | grasp100  99.0% | best 0.990 |     33 st/s
    done(50): success=50
Ep 26500 | score  209.07 | avg100  207.74 | grasp100  99.0% | best 0.990 |     33 st/s
    done(50): success=49 t_flicker=1
Ep 26550 | score  208.59 | avg100  206.96 | grasp100  99.0% | best 0.990 |     33 st/s
    done(50): success=50
Ep 26600 | score  206.93 | avg100  207.96 | grasp100 100.0% | best 0.990 |     33 st/s
    done(50): success=50
Ep 26650 | score  208.96 | avg100  208.36 | grasp100 100.0% | best 0.990 |     33 st/s
    done(50): success=50
Ep 26700 | score  208.38 | avg100  208.80 | grasp100 100.0% | best 0.990 |     33 st/s
    done(50): success=50
Ep 26750 | score  210.27 | avg100  208.87 | grasp100 100.0% | best 0.990 |     33 st/s
    done(50): success=50
Ep 26800 | score  208.88 | avg100  208.92 | grasp100 100.0% | best 0.990 |     33 st/s
    done(50): success=50
Ep 26850 | score  207.42 | avg100  209.23 | grasp100 100.0% | best 0.990 |     33 st/s
    done(50): success=50
Ep 26900 | score  208.29 | avg100  208.96 | grasp100 100.0% | best 0.990 |     33 st/s
    done(50): success=50
Ep 26950 | score  205.90 | avg100  208.73 | grasp100 100.0% | best 0.990 |     33 st/s
    done(50): success=50
Ep 27000 | score  208.67 | avg100  204.78 | grasp100  98.0% | best 0.990 |     33 st/s
    done(50): success=48 t_flicker=1 t_touched=1
Ep 27050 | score  210.26 | avg100  203.77 | grasp100  97.0% | best 0.990 |     33 st/s
    done(50): success=49 t_flicker=1
Ep 27100 | score  207.48 | avg100  206.53 | grasp100  98.0% | best 0.990 |     33 st/s
    done(50): success=49 t_flicker=1
Ep 27150 | score  210.15 | avg100  206.10 | grasp100  98.0% | best 0.990 |     33 st/s
    done(50): success=49 t_flicker=1
Ep 27200 | score  207.27 | avg100  206.90 | grasp100  99.0% | best 0.990 |     33 st/s
    done(50): success=50
Ep 27250 | score  207.42 | avg100  208.78 | grasp100 100.0% | best 0.990 |     33 st/s
    done(50): success=50
Ep 27300 | score  209.53 | avg100  209.21 | grasp100 100.0% | best 0.990 |     33 st/s
    done(50): success=50
Ep 27350 | score  208.55 | avg100  207.36 | grasp100  99.0% | best 0.990 |     33 st/s
    done(50): success=49 t_flicker=1
Ep 27400 | score  208.62 | avg100  207.45 | grasp100  99.0% | best 0.990 |     33 st/s
    done(50): success=50
Ep 27450 | score  207.59 | avg100  208.04 | grasp100  99.0% | best 0.990 |     33 st/s
    done(50): success=49 t_flicker=1
Ep 27500 | score  207.27 | avg100  207.29 | grasp100  98.0% | best 0.990 |     33 st/s
    done(50): success=49 t_flicker=1
Ep 27550 | score  207.67 | avg100  208.18 | grasp100  99.0% | best 0.990 |     33 st/s
    done(50): success=50
Ep 27600 | score  212.77 | avg100  207.95 | grasp100  99.0% | best 0.990 |     33 st/s
    done(50): success=49 t_flicker=1
Ep 27650 | score  209.45 | avg100  207.61 | grasp100  99.0% | best 0.990 |     33 st/s
    done(50): success=50
Ep 27700 | score  209.26 | avg100  209.23 | grasp100 100.0% | best 0.990 |     33 st/s
    done(50): success=50
Ep 27750 | score  207.16 | avg100  208.23 | grasp100  99.0% | best 0.990 |     33 st/s
    done(50): success=49 t_flicker=1
Ep 27800 | score  207.64 | avg100  208.66 | grasp100  99.0% | best 0.990 |     33 st/s
    done(50): success=50
Ep 27850 | score  208.67 | avg100  208.67 | grasp100  99.0% | best 0.990 |     33 st/s
    done(50): success=49 t_flicker=1
Ep 27900 | score  207.02 | avg100  207.93 | grasp100  99.0% | best 0.990 |     33 st/s
    done(50): success=50
Ep 27950 | score  210.00 | avg100  207.85 | grasp100  99.0% | best 0.990 |     33 st/s
    done(50): success=49 t_flicker=1
Ep 28000 | score  207.44 | avg100  206.25 | grasp100  98.0% | best 0.990 |     33 st/s
    done(50): success=49 t_flicker=1
Ep 28050 | score  206.47 | avg100  205.48 | grasp100  98.0% | best 0.990 |     33 st/s
    done(50): success=49 t_touched=1
Ep 28100 | score  208.20 | avg100  207.17 | grasp100  99.0% | best 0.990 |     33 st/s
    done(50): success=50
  [primacy-bias reset of critic heads @ 425000 updates]
Ep 28150 | score  -79.99 | avg100  157.86 | grasp100  82.0% | best 0.990 |     33 st/s
    done(50): success=32 t_touched=1 t_no_reach=17
Ep 28200 | score  208.38 | avg100   92.46 | grasp100  56.0% | best 0.990 |     33 st/s
    done(50): success=24 t_flicker=6 t_touched=3 t_no_reach=17
Ep 28250 | score  209.12 | avg100  133.03 | grasp100  67.0% | best 0.990 |     33 st/s
    done(50): success=43 t_flicker=6 t_touched=1
Ep 28300 | score  207.42 | avg100  193.83 | grasp100  91.0% | best 0.990 |     33 st/s
    done(50): success=48 t_flicker=2
Ep 28350 | score  210.70 | avg100  201.63 | grasp100  96.0% | best 0.990 |     33 st/s
    done(50): success=48 t_flicker=2
Ep 28400 | score  209.48 | avg100  205.50 | grasp100  98.0% | best 0.990 |     33 st/s
    done(50): success=50
Ep 28450 | score  212.12 | avg100  208.24 | grasp100 100.0% | best 0.990 |     33 st/s
    done(50): success=50
Ep 28500 | score  207.05 | avg100  208.13 | grasp100 100.0% | best 0.990 |     33 st/s
    done(50): success=50
Ep 28550 | score  209.38 | avg100  207.07 | grasp100  99.0% | best 0.990 |     33 st/s
    done(50): success=49 t_flicker=1
Ep 28600 | score  205.47 | avg100  205.70 | grasp100  98.0% | best 0.990 |     33 st/s
    done(50): success=49 t_flicker=1
Ep 28650 | score  207.39 | avg100  206.72 | grasp100  99.0% | best 0.990 |     33 st/s
    done(50): success=50
Ep 28700 | score  206.62 | avg100  205.44 | grasp100  98.0% | best 0.990 |     33 st/s
    done(50): success=48 t_flicker=2
Ep 28750 | score  207.59 | avg100  204.07 | grasp100  97.0% | best 0.990 |     33 st/s
    done(50): success=49 t_flicker=1
Ep 28800 | score  206.90 | avg100  207.42 | grasp100  99.0% | best 0.990 |     33 st/s
    done(50): success=50
Ep 28850 | score  212.32 | avg100  207.67 | grasp100  99.0% | best 0.990 |     33 st/s
    done(50): success=49 t_flicker=1
Ep 28900 | score  207.68 | avg100  206.47 | grasp100  98.0% | best 0.990 |     33 st/s
    done(50): success=49 t_flicker=1
Ep 28950 | score  208.49 | avg100  208.12 | grasp100  99.0% | best 0.990 |     33 st/s
    done(50): success=50
Ep 29000 | score  205.45 | avg100  208.68 | grasp100 100.0% | best 0.990 |     33 st/s
    done(50): success=50
Ep 29050 | score  207.32 | avg100  207.82 | grasp100 100.0% | best 0.990 |     33 st/s
    done(50): success=50
Ep 29100 | score  208.51 | avg100  208.58 | grasp100 100.0% | best 0.990 |     33 st/s
    done(50): success=50
Ep 29150 | score  207.70 | avg100  209.20 | grasp100 100.0% | best 0.990 |     33 st/s
    done(50): success=50
Ep 29200 | score  210.85 | avg100  206.92 | grasp100  99.0% | best 0.990 |     33 st/s
    done(50): success=49 t_flicker=1
Ep 29250 | score  207.83 | avg100  206.92 | grasp100  99.0% | best 0.990 |     33 st/s
    done(50): success=50
Ep 29300 | score  207.16 | avg100  208.87 | grasp100 100.0% | best 0.990 |     33 st/s
    done(50): success=50
Ep 29350 | score  209.28 | avg100  208.81 | grasp100 100.0% | best 0.990 |     33 st/s
    done(50): success=50
Ep 29400 | score  208.14 | avg100  208.27 | grasp100 100.0% | best 0.990 |     33 st/s
    done(50): success=50
Ep 29450 | score  206.98 | avg100  208.75 | grasp100 100.0% | best 0.990 |     33 st/s
    done(50): success=50
Ep 29500 | score  207.60 | avg100  208.94 | grasp100 100.0% | best 0.990 |     33 st/s
    done(50): success=50
Ep 29550 | score  207.23 | avg100  208.54 | grasp100 100.0% | best 0.990 |     33 st/s
    done(50): success=50
Ep 29600 | score  209.70 | avg100  207.86 | grasp100  99.0% | best 0.990 |     33 st/s
    done(50): success=49 t_flicker=1
Ep 29650 | score  206.01 | avg100  207.71 | grasp100  98.0% | best 0.990 |     33 st/s
    done(50): success=49 t_flicker=1
Ep 29700 | score  206.59 | avg100  208.54 | grasp100  99.0% | best 0.990 |     33 st/s
    done(50): success=50
Ep 29750 | score  225.58 | avg100  208.54 | grasp100 100.0% | best 0.990 |     33 st/s
    done(50): success=50
Ep 29800 | score  208.78 | avg100  208.43 | grasp100 100.0% | best 0.990 |     33 st/s
    done(50): success=50
Ep 29850 | score  209.70 | avg100  207.95 | grasp100  99.0% | best 0.990 |     33 st/s
    done(50): success=49 t_flicker=1
Ep 29900 | score  209.31 | avg100  208.33 | grasp100  99.0% | best 0.990 |     33 st/s
    done(50): success=50
Ep 29950 | score  210.40 | avg100  208.70 | grasp100 100.0% | best 0.990 |     33 st/s
    done(50): success=50
Ep 30000 | score  209.25 | avg100  208.60 | grasp100 100.0% | best 0.990 |     33 st/s
    done(50): success=50
Ep 30050 | score  207.96 | avg100  207.22 | grasp100  98.0% | best 0.990 |     33 st/s
    done(50): success=48 t_flicker=2
Ep 30100 | score  206.21 | avg100  207.22 | grasp100  98.0% | best 0.990 |     33 st/s
    done(50): success=50
Ep 30150 | score  208.27 | avg100  208.04 | grasp100  99.0% | best 0.990 |     33 st/s
    done(50): success=49 t_flicker=1
Ep 30200 | score  207.65 | avg100  207.70 | grasp100  99.0% | best 0.990 |     33 st/s
    done(50): success=50
Ep 30250 | score  210.53 | avg100  209.27 | grasp100 100.0% | best 0.990 |     33 st/s
    done(50): success=50
  [primacy-bias reset of critic heads @ 450000 updates]
Ep 30300 | score  -67.40 | avg100  178.75 | grasp100  88.0% | best 0.990 |     33 st/s
    done(50): success=38 t_flicker=2 t_touched=2 t_no_reach=8
Ep 30350 | score   78.12 | avg100  134.22 | grasp100  66.0% | best 0.990 |     33 st/s
    done(50): success=28 t_flicker=11 t_touched=6 t_no_reach=5
Ep 30400 | score  211.05 | avg100  146.58 | grasp100  66.0% | best 0.990 |     33 st/s
    done(50): success=38 t_flicker=12
Ep 30450 | score  207.54 | avg100  186.32 | grasp100  84.0% | best 0.990 |     33 st/s
    done(50): success=46 t_flicker=4
Ep 30500 | score  212.24 | avg100  197.39 | grasp100  91.0% | best 0.990 |     33 st/s
    done(50): success=45 t_flicker=3 t_touched=2
Ep 30550 | score  206.55 | avg100  198.64 | grasp100  92.0% | best 0.990 |     33 st/s
    done(50): success=47 t_flicker=3
Ep 30600 | score  207.01 | avg100  204.38 | grasp100  96.0% | best 0.990 |     33 st/s
    done(50): success=49 t_flicker=1
Ep 30650 | score  205.88 | avg100  203.83 | grasp100  98.0% | best 0.990 |     33 st/s
    done(50): success=49 t_flicker=1
Ep 30700 | score  218.17 | avg100  205.17 | grasp100  99.0% | best 0.990 |     33 st/s
    done(50): success=50
Ep 30750 | score  206.41 | avg100  204.14 | grasp100  98.0% | best 0.990 |     33 st/s
    done(50): success=48 t_flicker=1 t_touched=1
Ep 30800 | score  206.80 | avg100  204.95 | grasp100  97.0% | best 0.990 |     33 st/s
    done(50): success=49 t_flicker=1
Ep 30850 | score  206.32 | avg100  209.20 | grasp100  97.0% | best 0.990 |     33 st/s
    done(50): success=48 t_flicker=2
Ep 30900 | score  205.66 | avg100  208.82 | grasp100  98.0% | best 0.990 |     33 st/s
    done(50): success=50
Ep 30950 | score  206.09 | avg100  205.04 | grasp100  97.0% | best 0.990 |     33 st/s
    done(50): success=47 t_flicker=3
Ep 31000 | score  211.65 | avg100  204.80 | grasp100  97.0% | best 0.990 |     33 st/s
    done(50): success=50
Ep 31050 | score  212.30 | avg100  208.86 | grasp100 100.0% | best 0.990 |     33 st/s
    done(50): success=50
Ep 31100 | score  210.79 | avg100  207.96 | grasp100  99.0% | best 0.990 |     33 st/s
    done(50): success=49 t_flicker=1
Ep 31150 | score  207.48 | avg100  206.35 | grasp100  98.0% | best 0.990 |     33 st/s
    done(50): success=49 t_flicker=1
Ep 31200 | score  208.33 | avg100  204.50 | grasp100  97.0% | best 0.990 |     33 st/s
    done(50): success=48 t_flicker=2
Ep 31250 | score  210.25 | avg100  206.13 | grasp100  98.0% | best 0.990 |     33 st/s
    done(50): success=50
Ep 31300 | score  210.69 | avg100  208.58 | grasp100 100.0% | best 0.990 |     33 st/s
    done(50): success=50
Ep 31350 | score  203.95 | avg100  207.98 | grasp100 100.0% | best 0.990 |     33 st/s
    done(50): success=50
Ep 31400 | score  206.99 | avg100  208.83 | grasp100 100.0% | best 0.990 |     33 st/s
    done(50): success=50
Ep 31450 | score  204.66 | avg100  207.89 | grasp100  99.0% | best 0.990 |     33 st/s
    done(50): success=49 t_flicker=1
Ep 31500 | score  208.87 | avg100  207.32 | grasp100  99.0% | best 0.990 |     33 st/s
    done(50): success=50
Ep 31550 | score  208.98 | avg100  208.73 | grasp100  99.0% | best 0.990 |     33 st/s
    done(50): success=49 t_flicker=1
Ep 31600 | score  206.11 | avg100  209.13 | grasp100  99.0% | best 0.990 |     33 st/s
    done(50): success=50
Ep 31650 | score  207.70 | avg100  209.62 | grasp100 100.0% | best 0.990 |     33 st/s
    done(50): success=50
Ep 31700 | score  210.70 | avg100  207.75 | grasp100  99.0% | best 0.990 |     33 st/s
    done(50): success=49 t_flicker=1
Ep 31750 | score  205.66 | avg100  206.34 | grasp100  98.0% | best 0.990 |     33 st/s
    done(50): success=49 t_flicker=1
Ep 31800 | score  208.39 | avg100  208.21 | grasp100  99.0% | best 0.990 |     33 st/s
    done(50): success=50
Ep 31850 | score  207.30 | avg100  209.19 | grasp100 100.0% | best 0.990 |     33 st/s
    done(50): success=50
Ep 31900 | score  204.80 | avg100  207.77 | grasp100  99.0% | best 0.990 |     33 st/s
    done(50): success=49 t_flicker=1
Ep 31950 | score  207.77 | avg100  207.69 | grasp100  99.0% | best 0.990 |     33 st/s
    done(50): success=50
Ep 32000 | score  208.56 | avg100  208.98 | grasp100 100.0% | best 0.990 |     33 st/s
    done(50): success=50
Ep 32050 | score  206.35 | avg100  209.50 | grasp100 100.0% | best 0.990 |     33 st/s
    done(50): success=50
Ep 32100 | score  207.65 | avg100  208.99 | grasp100 100.0% | best 0.990 |     33 st/s
    done(50): success=50
Ep 32150 | score  210.10 | avg100  208.59 | grasp100 100.0% | best 0.990 |     33 st/s
    done(50): success=50
Ep 32200 | score  208.53 | avg100  208.85 | grasp100 100.0% | best 0.990 |     33 st/s
    done(50): success=50
Ep 32250 | score  207.94 | avg100  207.88 | grasp100  99.0% | best 0.990 |     33 st/s
    done(50): success=49 t_flicker=1
Ep 32300 | score  207.26 | avg100  208.74 | grasp100  99.0% | best 0.990 |     33 st/s
    done(50): success=50
Ep 32350 | score  209.70 | avg100  208.60 | grasp100  99.0% | best 0.990 |     33 st/s
    done(50): success=49 t_flicker=1
Ep 32400 | score  208.03 | avg100  206.60 | grasp100  98.0% | best 0.990 |     33 st/s
    done(50): success=49 t_flicker=1
Ep 32450 | score  205.47 | avg100  206.39 | grasp100  98.0% | best 0.990 |     33 st/s
    done(50): success=49 t_flicker=1
  [primacy-bias reset of critic heads @ 475000 updates]
Ep 32500 | score  209.00 | avg100  136.71 | grasp100  73.0% | best 0.990 |     33 st/s
    done(50): success=24 t_flicker=3 t_touched=6 t_no_reach=17
Ep 32550 | score  212.36 | avg100  109.12 | grasp100  56.0% | best 0.990 |     33 st/s
    done(50): success=32 t_flicker=14 t_touched=4
Ep 32600 | score  208.67 | avg100  166.52 | grasp100  74.0% | best 0.990 |     33 st/s
    done(50): success=42 t_flicker=7 t_touched=1
Ep 32650 | score  208.52 | avg100  193.71 | grasp100  90.0% | best 0.990 |     33 st/s
    done(50): success=48 t_flicker=2
Ep 32700 | score  208.73 | avg100  204.61 | grasp100  97.0% | best 0.990 |     33 st/s
    done(50): success=49 t_touched=1
Ep 32750 | score  209.09 | avg100  200.27 | grasp100  95.0% | best 0.990 |     33 st/s
    done(50): success=46 t_flicker=3 t_touched=1
Ep 32800 | score  208.31 | avg100  202.87 | grasp100  96.0% | best 0.990 |     33 st/s
    done(50): success=50
Ep 32850 | score  208.31 | avg100  207.10 | grasp100  99.0% | best 0.990 |     33 st/s
    done(50): success=49 t_flicker=1
Ep 32900 | score  206.41 | avg100  205.61 | grasp100  98.0% | best 0.990 |     33 st/s
    done(50): success=49 t_flicker=1
Ep 32950 | score  207.40 | avg100  205.26 | grasp100  98.0% | best 0.990 |     33 st/s
    done(50): success=49 t_flicker=1
Ep 33000 | score  209.14 | avg100  205.11 | grasp100  98.0% | best 0.990 |     33 st/s
    done(50): success=49 t_flicker=1
Ep 33050 | score  208.50 | avg100  204.91 | grasp100  98.0% | best 0.990 |     33 st/s
    done(50): success=49 t_flicker=1
Ep 33100 | score  206.03 | avg100  207.15 | grasp100  99.0% | best 0.990 |     33 st/s
    done(50): success=50
Ep 33150 | score  209.54 | avg100  204.40 | grasp100  97.0% | best 0.990 |     33 st/s
    done(50): success=47 t_flicker=3
Ep 33200 | score  207.32 | avg100  204.01 | grasp100  97.0% | best 0.990 |     33 st/s
    done(50): success=50
Ep 33250 | score  207.77 | avg100  206.38 | grasp100  97.0% | best 0.990 |     33 st/s
    done(50): success=47 t_flicker=3
Ep 33300 | score  205.90 | avg100  206.14 | grasp100  97.0% | best 0.990 |     33 st/s
    done(50): success=50
Ep 33350 | score  206.62 | avg100  208.39 | grasp100 100.0% | best 0.990 |     33 st/s
    done(50): success=50
Ep 33400 | score  206.55 | avg100  207.74 | grasp100 100.0% | best 0.990 |     33 st/s
    done(50): success=50
Ep 33450 | score  208.44 | avg100  207.83 | grasp100 100.0% | best 0.990 |     33 st/s
    done(50): success=50
Ep 33500 | score  208.38 | avg100  207.20 | grasp100  99.0% | best 0.990 |     33 st/s
    done(50): success=49 t_flicker=1
Ep 33550 | score  207.91 | avg100  204.08 | grasp100  97.0% | best 0.990 |     33 st/s
    done(50): success=48 t_flicker=2
Ep 33600 | score  244.19 | avg100  206.22 | grasp100  98.0% | best 0.990 |     33 st/s
    done(50): success=50
Ep 33650 | score  207.91 | avg100  207.27 | grasp100  99.0% | best 0.990 |     33 st/s
    done(50): success=49 t_flicker=1
Ep 33700 | score  210.28 | avg100  206.02 | grasp100  98.0% | best 0.990 |     33 st/s
    done(50): success=49 t_flicker=1
Ep 33750 | score  207.02 | avg100  208.24 | grasp100  99.0% | best 0.990 |     33 st/s
    done(50): success=50
Ep 33800 | score  209.99 | avg100  209.79 | grasp100 100.0% | best 0.990 |     33 st/s
    done(50): success=50
Ep 33850 | score  206.95 | avg100  210.15 | grasp100 100.0% | best 0.990 |     33 st/s
    done(50): success=50
Ep 33900 | score  209.92 | avg100  209.04 | grasp100 100.0% | best 0.990 |     33 st/s
    done(50): success=50
Ep 33950 | score  206.21 | avg100  208.54 | grasp100 100.0% | best 0.990 |     33 st/s
    done(50): success=50
Ep 34000 | score  209.95 | avg100  207.48 | grasp100  99.0% | best 0.990 |     33 st/s
    done(50): success=49 t_flicker=1
Ep 34050 | score  208.25 | avg100  207.38 | grasp100  99.0% | best 0.990 |     33 st/s
    done(50): success=50
Ep 34100 | score  208.35 | avg100  208.59 | grasp100 100.0% | best 0.990 |     33 st/s
    done(50): success=50
Ep 34150 | score  206.35 | avg100  209.45 | grasp100 100.0% | best 0.990 |     33 st/s
    done(50): success=50
Ep 34200 | score  206.71 | avg100  207.94 | grasp100  99.0% | best 0.990 |     33 st/s
    done(50): success=49 t_flicker=1
Ep 34250 | score  208.86 | avg100  207.30 | grasp100  99.0% | best 0.990 |     33 st/s
    done(50): success=50
Ep 34300 | score  208.25 | avg100  206.94 | grasp100  99.0% | best 0.990 |     33 st/s
    done(50): success=49 t_flicker=1
Ep 34350 | score  205.67 | avg100  207.13 | grasp100  99.0% | best 0.990 |     33 st/s
    done(50): success=50
Ep 34400 | score  246.64 | avg100  208.60 | grasp100 100.0% | best 0.990 |     33 st/s
    done(50): success=50
Ep 34450 | score  207.69 | avg100  207.68 | grasp100  99.0% | best 0.990 |     33 st/s
    done(50): success=49 t_flicker=1
Ep 34500 | score  208.22 | avg100  207.31 | grasp100  98.0% | best 0.990 |     33 st/s
    done(50): success=49 t_flicker=1
Ep 34550 | score  205.05 | avg100  206.48 | grasp100  98.0% | best 0.990 |     32 st/s
    done(50): success=49 t_flicker=1
Ep 34600 | score  210.55 | avg100  206.01 | grasp100  98.0% | best 0.990 |     32 st/s
    done(50): success=49 t_flicker=1
Ep 34650 | score  207.44 | avg100  207.76 | grasp100  99.0% | best 0.990 |     32 st/s
    done(50): success=50
  [primacy-bias reset of critic heads @ 500000 updates]
Ep 34700 | score  -79.29 | avg100  142.80 | grasp100  77.0% | best 0.990 |     33 st/s
    done(50): success=27 t_touched=1 t_no_reach=22
Ep 34750 | score  207.96 | avg100  106.32 | grasp100  58.0% | best 0.990 |     33 st/s
    done(50): success=31 t_flicker=7 t_touched=9 t_no_reach=3
Ep 34800 | score  205.89 | avg100  160.81 | grasp100  75.0% | best 0.990 |     33 st/s
    done(50): success=44 t_flicker=3 t_touched=3
Ep 34850 | score  207.88 | avg100  190.81 | grasp100  90.0% | best 0.990 |     33 st/s
    done(50): success=46 t_flicker=3 t_touched=1
Ep 34900 | score  206.03 | avg100  194.92 | grasp100  91.0% | best 0.990 |     33 st/s
    done(50): success=45 t_flicker=4 t_touched=1
Ep 34950 | score  209.40 | avg100  200.41 | grasp100  94.0% | best 0.990 |     33 st/s
    done(50): success=49 t_flicker=1
Ep 35000 | score  207.28 | avg100  207.63 | grasp100  99.0% | best 0.990 |     33 st/s
    done(50): success=50
Ep 35050 | score  209.45 | avg100  208.10 | grasp100 100.0% | best 0.990 |     33 st/s
    done(50): success=50
Ep 35100 | score  224.13 | avg100  206.56 | grasp100  98.0% | best 0.990 |     33 st/s
    done(50): success=48 t_flicker=2
Ep 35150 | score   56.17 | avg100  204.06 | grasp100  96.0% | best 0.990 |     33 st/s
    done(50): success=48 t_flicker=2
Ep 35200 | score  206.65 | avg100  200.91 | grasp100  95.0% | best 0.990 |     33 st/s
    done(50): success=47 t_flicker=3
Ep 35250 | score  208.48 | avg100  203.84 | grasp100  97.0% | best 0.990 |     33 st/s
    done(50): success=50
Ep 35300 | score  206.09 | avg100  204.24 | grasp100  97.0% | best 0.990 |     33 st/s
    done(50): success=47 t_flicker=3
Ep 35350 | score  205.18 | avg100  201.83 | grasp100  95.0% | best 0.990 |     33 st/s
    done(50): success=48 t_flicker=2
Ep 35400 | score  206.07 | avg100  203.62 | grasp100  96.0% | best 0.990 |     33 st/s
    done(50): success=48 t_flicker=2
Ep 35450 | score  206.98 | avg100  206.48 | grasp100  98.0% | best 0.990 |     33 st/s
    done(50): success=50
Ep 35500 | score  206.41 | avg100  207.09 | grasp100  99.0% | best 0.990 |     33 st/s
    done(50): success=49 t_touched=1
Ep 35550 | score  208.25 | avg100  206.62 | grasp100  99.0% | best 0.990 |     32 st/s
    done(50): success=50
Ep 35600 | score  209.63 | avg100  209.09 | grasp100 100.0% | best 0.990 |     32 st/s
    done(50): success=50
Ep 35650 | score  207.01 | avg100  207.97 | grasp100  99.0% | best 0.990 |     32 st/s
    done(50): success=49 t_flicker=1
Ep 35700 | score  206.54 | avg100  205.98 | grasp100  98.0% | best 0.990 |     32 st/s
    done(50): success=49 t_flicker=1
Ep 35750 | score  206.54 | avg100  206.94 | grasp100  98.0% | best 0.990 |     32 st/s
    done(50): success=49 t_flicker=1
Ep 35800 | score  211.51 | avg100  204.68 | grasp100  97.0% | best 0.990 |     32 st/s
    done(50): success=48 t_flicker=1 t_touched=1
Ep 35850 | score  206.43 | avg100  203.65 | grasp100  97.0% | best 0.990 |     32 st/s
    done(50): success=49 t_flicker=1
Ep 35900 | score  208.83 | avg100  203.86 | grasp100  96.0% | best 0.990 |     32 st/s
    done(50): success=47 t_flicker=3
Ep 35950 | score  208.32 | avg100  205.01 | grasp100  97.0% | best 0.990 |     32 st/s
    done(50): success=50
Ep 36000 | score   86.26 | avg100  207.31 | grasp100  99.0% | best 0.990 |     32 st/s
    done(50): success=49 t_flicker=1
Ep 36050 | score  208.46 | avg100  207.78 | grasp100  99.0% | best 0.990 |     32 st/s
    done(50): success=50
Ep 36100 | score  208.04 | avg100  207.46 | grasp100  99.0% | best 0.990 |     32 st/s
    done(50): success=49 t_flicker=1
Ep 36150 | score  209.30 | avg100  205.59 | grasp100  98.0% | best 0.990 |     32 st/s
    done(50): success=49 t_flicker=1
Ep 36200 | score  208.56 | avg100  206.12 | grasp100  98.0% | best 0.990 |     32 st/s
    done(50): success=49 t_flicker=1
Ep 36250 | score  208.48 | avg100  206.57 | grasp100  98.0% | best 0.990 |     32 st/s
    done(50): success=49 t_flicker=1
Ep 36300 | score  208.36 | avg100  208.71 | grasp100  99.0% | best 0.990 |     32 st/s
    done(50): success=50
Ep 36350 | score  207.81 | avg100  209.30 | grasp100 100.0% | best 0.990 |     32 st/s
    done(50): success=50
Ep 36400 | score  206.46 | avg100  206.66 | grasp100  99.0% | best 0.990 |     32 st/s
    done(50): success=49 t_flicker=1
Ep 36450 | score  209.63 | avg100  207.57 | grasp100  99.0% | best 0.990 |     32 st/s
    done(50): success=50
Ep 36500 | score  206.52 | avg100  207.53 | grasp100  99.0% | best 0.990 |     32 st/s
    done(50): success=49 t_flicker=1
Ep 36550 | score  206.88 | avg100  204.62 | grasp100  97.0% | best 0.990 |     32 st/s
    done(50): success=48 t_flicker=2
Ep 36600 | score  206.19 | avg100  205.92 | grasp100  98.0% | best 0.990 |     32 st/s
    done(50): success=50
Ep 36650 | score  207.72 | avg100  206.87 | grasp100  99.0% | best 0.990 |     32 st/s
    done(50): success=49 t_flicker=1
Ep 36700 | score  211.05 | avg100  206.99 | grasp100  99.0% | best 0.990 |     32 st/s
    done(50): success=50
Ep 36750 | score  210.75 | avg100  207.42 | grasp100  99.0% | best 0.990 |     32 st/s
    done(50): success=49 t_flicker=1
Ep 36800 | score  210.56 | avg100  207.52 | grasp100  99.0% | best 0.990 |     32 st/s
    done(50): success=50
Ep 36850 | score  207.72 | avg100  203.46 | grasp100  96.0% | best 0.990 |     32 st/s
    done(50): success=46 t_flicker=4
  [primacy-bias reset of critic heads @ 525000 updates]
Ep 36900 | score  208.52 | avg100  118.28 | grasp100  64.0% | best 0.990 |     32 st/s
    done(50): success=18 t_flicker=4 t_touched=4 t_no_reach=24
Ep 36950 | score  205.72 | avg100  109.32 | grasp100  59.0% | best 0.990 |     32 st/s
    done(50): success=41 t_flicker=7 t_touched=1 t_no_reach=1
Ep 37000 | score   59.27 | avg100  177.17 | grasp100  79.0% | best 0.990 |     32 st/s
    done(50): success=38 t_flicker=11 t_touched=1
Ep 37050 | score  209.12 | avg100  186.04 | grasp100  84.0% | best 0.990 |     32 st/s
    done(50): success=46 t_flicker=4
Ep 37100 | score  209.02 | avg100  199.23 | grasp100  93.0% | best 0.990 |     32 st/s
    done(50): success=47 t_flicker=3
Ep 37150 | score  208.66 | avg100  201.95 | grasp100  96.0% | best 0.990 |     32 st/s
    done(50): success=49 t_flicker=1
Ep 37200 | score  206.41 | avg100  205.94 | grasp100  99.0% | best 0.990 |     32 st/s
    done(50): success=50
Ep 37250 | score  208.41 | avg100  207.84 | grasp100 100.0% | best 0.990 |     32 st/s
    done(50): success=50
Ep 37300 | score  207.73 | avg100  204.31 | grasp100  98.0% | best 0.990 |     32 st/s
    done(50): success=48 t_flicker=2
Ep 37350 | score  208.21 | avg100  202.11 | grasp100  97.0% | best 0.990 |     32 st/s
    done(50): success=49 t_touched=1
Ep 37400 | score  207.27 | avg100  203.81 | grasp100  97.0% | best 0.990 |     32 st/s
    done(50): success=48 t_flicker=2
Ep 37450 | score  208.68 | avg100  203.92 | grasp100  97.0% | best 0.990 |     32 st/s
    done(50): success=49 t_flicker=1
Ep 37500 | score  208.87 | avg100  205.32 | grasp100  99.0% | best 0.990 |     32 st/s
    done(50): success=50
Ep 37550 | score  208.27 | avg100  207.98 | grasp100 100.0% | best 0.990 |     32 st/s
    done(50): success=50
Ep 37600 | score  209.42 | avg100  206.56 | grasp100  99.0% | best 0.990 |     32 st/s
    done(50): success=49 t_flicker=1
Ep 37650 | score  210.54 | avg100  204.73 | grasp100  98.0% | best 0.990 |     32 st/s
    done(50): success=49 t_flicker=1
Ep 37700 | score  208.54 | avg100  203.63 | grasp100  97.0% | best 0.990 |     32 st/s
    done(50): success=48 t_flicker=2
Ep 37750 | score  206.09 | avg100  205.48 | grasp100  98.0% | best 0.990 |     32 st/s
    done(50): success=50
Ep 37800 | score  210.74 | avg100  208.29 | grasp100 100.0% | best 0.990 |     32 st/s
    done(50): success=50
Ep 37850 | score  204.83 | avg100  208.42 | grasp100 100.0% | best 0.990 |     32 st/s
    done(50): success=50
Ep 37900 | score  207.74 | avg100  207.05 | grasp100  99.0% | best 0.990 |     32 st/s
    done(50): success=49 t_flicker=1
Ep 37950 | score  207.03 | avg100  205.99 | grasp100  98.0% | best 0.990 |     32 st/s
    done(50): success=49 t_flicker=1
Ep 38000 | score  210.15 | avg100  206.38 | grasp100  98.0% | best 0.990 |     32 st/s
    done(50): success=49 t_flicker=1
Ep 38050 | score  207.08 | avg100  205.56 | grasp100  98.0% | best 0.990 |     32 st/s
    done(50): success=49 t_flicker=1
Ep 38100 | score  208.42 | avg100  207.09 | grasp100  99.0% | best 0.990 |     32 st/s
    done(50): success=50
Ep 38150 | score  208.59 | avg100  207.84 | grasp100  99.0% | best 0.990 |     32 st/s
    done(50): success=49 t_flicker=1
Ep 38200 | score  208.00 | avg100  208.27 | grasp100  99.0% | best 0.990 |     32 st/s
    done(50): success=50
Ep 38250 | score  245.70 | avg100  209.82 | grasp100 100.0% | best 0.990 |     32 st/s
    done(50): success=50
Ep 38300 | score  209.58 | avg100  207.71 | grasp100  99.0% | best 0.990 |     32 st/s
    done(50): success=49 t_flicker=1
Ep 38350 | score  210.76 | avg100  207.82 | grasp100  99.0% | best 0.990 |     32 st/s
    done(50): success=50
Ep 38400 | score  209.09 | avg100  209.69 | grasp100 100.0% | best 0.990 |     32 st/s
    done(50): success=50
Ep 38450 | score  207.84 | avg100  208.63 | grasp100 100.0% | best 0.990 |     32 st/s
    done(50): success=50
Ep 38500 | score  206.69 | avg100  202.74 | grasp100  96.0% | best 0.990 |     32 st/s
    done(50): success=46 t_flicker=4
Ep 38550 | score  211.69 | avg100  203.89 | grasp100  96.0% | best 0.990 |     32 st/s
    done(50): success=50
Ep 38600 | score  207.82 | avg100  209.14 | grasp100 100.0% | best 0.990 |     32 st/s
    done(50): success=50
Ep 38650 | score  208.82 | avg100  206.67 | grasp100  99.0% | best 0.990 |     32 st/s
    done(50): success=49 t_flicker=1
Ep 38700 | score  205.25 | avg100  206.66 | grasp100  99.0% | best 0.990 |     32 st/s
    done(50): success=50
Ep 38750 | score  205.81 | avg100  208.09 | grasp100 100.0% | best 0.990 |     32 st/s
    done(50): success=50
Ep 38800 | score  205.48 | avg100  208.28 | grasp100 100.0% | best 0.990 |     32 st/s
    done(50): success=50
Ep 38850 | score  206.50 | avg100  207.68 | grasp100  99.0% | best 0.990 |     32 st/s
    done(50): success=49 t_flicker=1
Ep 38900 | score  206.41 | avg100  207.88 | grasp100  99.0% | best 0.990 |     32 st/s
    done(50): success=50
Ep 38950 | score  206.68 | avg100  208.39 | grasp100 100.0% | best 0.990 |     32 st/s
    done(50): success=50
Ep 39000 | score  208.35 | avg100  208.05 | grasp100 100.0% | best 0.990 |     32 st/s
    done(50): success=50
Ep 39050 | score  206.47 | avg100  207.40 | grasp100  99.0% | best 0.990 |     32 st/s
    done(50): success=49 t_flicker=1
  [primacy-bias reset of critic heads @ 550000 updates]
Ep 39100 | score  -77.65 | avg100  152.66 | grasp100  79.0% | best 0.990 |     32 st/s
    done(50): success=30 t_flicker=4 t_touched=3 t_no_reach=13
Ep 39150 | score  208.90 | avg100  134.32 | grasp100  66.0% | best 0.990 |     32 st/s
    done(50): success=36 t_flicker=11 t_touched=3
Ep 39200 | score  211.89 | avg100  170.17 | grasp100  74.0% | best 0.990 |     32 st/s
    done(50): success=38 t_flicker=11 t_touched=1
Ep 39250 | score  209.21 | avg100  181.86 | grasp100  81.0% | best 0.990 |     32 st/s
    done(50): success=43 t_flicker=7
Ep 39300 | score  208.64 | avg100  195.38 | grasp100  90.0% | best 0.990 |     32 st/s
    done(50): success=47 t_flicker=2 t_touched=1
Ep 39350 | score  210.89 | avg100  200.00 | grasp100  96.0% | best 0.990 |     32 st/s
    done(50): success=49 t_flicker=1
Ep 39400 | score  204.79 | avg100  203.92 | grasp100  98.0% | best 0.990 |     32 st/s
    done(50): success=49 t_flicker=1
Ep 39450 | score  207.96 | avg100  206.61 | grasp100  99.0% | best 0.990 |     32 st/s
    done(50): success=50
Ep 39500 | score  207.93 | avg100  207.82 | grasp100 100.0% | best 0.990 |     32 st/s
    done(50): success=50
Ep 39550 | score  206.72 | avg100  207.85 | grasp100 100.0% | best 0.990 |     32 st/s
    done(50): success=50
Ep 39600 | score  206.93 | avg100  206.71 | grasp100  99.0% | best 0.990 |     32 st/s
    done(50): success=49 t_flicker=1
Ep 39650 | score  208.11 | avg100  207.22 | grasp100  99.0% | best 0.990 |     32 st/s
    done(50): success=50
Ep 39700 | score  207.30 | avg100  207.56 | grasp100  99.0% | best 0.990 |     32 st/s
    done(50): success=49 t_flicker=1
Ep 39750 | score  208.28 | avg100  207.61 | grasp100  99.0% | best 0.990 |     32 st/s
    done(50): success=50
Ep 39800 | score  205.75 | avg100  207.24 | grasp100  99.0% | best 0.990 |     32 st/s
    done(50): success=49 t_flicker=1
Ep 39850 | score  206.43 | avg100  207.47 | grasp100  99.0% | best 0.990 |     32 st/s
    done(50): success=50
Ep 39900 | score  207.34 | avg100  208.65 | grasp100 100.0% | best 0.990 |     32 st/s
    done(50): success=50
Ep 39950 | score  206.89 | avg100  208.68 | grasp100 100.0% | best 0.990 |     32 st/s
    done(50): success=50
Ep 40000 | score  210.63 | avg100  206.40 | grasp100  98.0% | best 0.990 |     32 st/s
    done(50): success=48 t_flicker=2
Ep 40050 | score  207.97 | avg100  206.02 | grasp100  98.0% | best 0.990 |     32 st/s
    done(50): success=50
Ep 40100 | score  211.44 | avg100  206.95 | grasp100  99.0% | best 0.990 |     32 st/s
    done(50): success=49 t_flicker=1
Ep 40150 | score  207.55 | avg100  206.62 | grasp100  99.0% | best 0.990 |     32 st/s
    done(50): success=50
Ep 40200 | score  206.40 | avg100  208.42 | grasp100 100.0% | best 0.990 |     32 st/s
    done(50): success=50
Ep 40250 | score  208.34 | avg100  207.11 | grasp100  99.0% | best 0.990 |     32 st/s
    done(50): success=49 t_flicker=1
Ep 40300 | score  210.89 | avg100  206.43 | grasp100  98.0% | best 0.990 |     32 st/s
    done(50): success=49 t_flicker=1
Ep 40350 | score  207.59 | avg100  205.08 | grasp100  97.0% | best 0.990 |     32 st/s
    done(50): success=48 t_flicker=2
Ep 40400 | score  207.23 | avg100  204.64 | grasp100  97.0% | best 0.990 |     32 st/s
    done(50): success=49 t_flicker=1
Ep 40450 | score  208.89 | avg100  207.42 | grasp100  99.0% | best 0.990 |     32 st/s
    done(50): success=50
Ep 40500 | score  207.94 | avg100  208.28 | grasp100 100.0% | best 0.990 |     32 st/s
    done(50): success=50
Ep 40550 | score  208.57 | avg100  208.30 | grasp100  99.0% | best 0.990 |     32 st/s
    done(50): success=49 t_flicker=1
Ep 40600 | score  226.50 | avg100  202.50 | grasp100  94.0% | best 0.990 |     32 st/s
    done(50): success=45 t_flicker=5
Ep 40650 | score  210.66 | avg100  201.25 | grasp100  94.0% | best 0.990 |     32 st/s
    done(50): success=49 t_flicker=1
Ep 40700 | score  205.75 | avg100  205.92 | grasp100  98.0% | best 0.990 |     32 st/s
    done(50): success=49 t_flicker=1
Ep 40750 | score  207.00 | avg100  205.71 | grasp100  98.0% | best 0.990 |     32 st/s
    done(50): success=49 t_flicker=1
Ep 40800 | score  205.12 | avg100  205.60 | grasp100  98.0% | best 0.990 |     32 st/s
    done(50): success=49 t_flicker=1
Ep 40850 | score  207.04 | avg100  203.91 | grasp100  96.0% | best 0.990 |     32 st/s
    done(50): success=47 t_flicker=3
Ep 40900 | score  206.95 | avg100  203.75 | grasp100  96.0% | best 0.990 |     32 st/s
    done(50): success=49 t_flicker=1
Ep 40950 | score  207.07 | avg100  206.96 | grasp100  99.0% | best 0.990 |     32 st/s
    done(50): success=50
Ep 41000 | score  207.07 | avg100  208.56 | grasp100 100.0% | best 0.990 |     32 st/s
    done(50): success=50
Ep 41050 | score  208.28 | avg100  208.69 | grasp100 100.0% | best 0.990 |     32 st/s
    done(50): success=50
Ep 41100 | score  211.21 | avg100  208.36 | grasp100 100.0% | best 0.990 |     32 st/s
    done(50): success=50
Ep 41150 | score  206.24 | avg100  207.52 | grasp100  99.0% | best 0.990 |     32 st/s
    done(50): success=49 t_flicker=1
Ep 41200 | score  209.86 | avg100  207.81 | grasp100  99.0% | best 0.990 |     32 st/s
    done(50): success=50
Ep 41250 | score  207.50 | avg100  208.33 | grasp100 100.0% | best 0.990 |     32 st/s
    done(50): success=50
Ep 41300 | score  206.13 | avg100  207.67 | grasp100  99.0% | best 0.990 |     32 st/s
    done(50): success=49 t_flicker=1
  [primacy-bias reset of critic heads @ 575000 updates]
Ep 41350 | score  -79.97 | avg100  164.56 | grasp100  84.0% | best 0.990 |     32 st/s
    done(50): success=35 t_no_reach=15
Ep 41400 | score   61.09 | avg100  128.55 | grasp100  68.0% | best 0.990 |     32 st/s
    done(50): success=33 t_flicker=9 t_touched=1 t_no_reach=7
Ep 41450 | score  209.95 | avg100  157.61 | grasp100  74.0% | best 0.990 |     32 st/s
    done(50): success=41 t_flicker=8 t_no_reach=1
Ep 41500 | score  206.03 | avg100  185.54 | grasp100  85.0% | best 0.990 |     32 st/s
    done(50): success=44 t_flicker=5 t_no_reach=1
Ep 41550 | score  205.60 | avg100  198.04 | grasp100  93.0% | best 0.990 |     32 st/s
    done(50): success=49 t_flicker=1
Ep 41600 | score  208.42 | avg100  206.40 | grasp100  99.0% | best 0.990 |     32 st/s
    done(50): success=50
Ep 41650 | score  208.39 | avg100  206.72 | grasp100  99.0% | best 0.990 |     32 st/s
    done(50): success=49 t_flicker=1
Ep 41700 | score  205.79 | avg100  206.65 | grasp100  99.0% | best 0.990 |     32 st/s
    done(50): success=50
Ep 41750 | score  206.80 | avg100  205.18 | grasp100  98.0% | best 0.990 |     32 st/s
    done(50): success=48 t_flicker=2
Ep 41800 | score  207.14 | avg100  205.13 | grasp100  98.0% | best 0.990 |     32 st/s
    done(50): success=50
Ep 41850 | score  207.09 | avg100  207.36 | grasp100 100.0% | best 0.990 |     32 st/s
    done(50): success=50
Ep 41900 | score  206.59 | avg100  206.30 | grasp100  99.0% | best 0.990 |     32 st/s
    done(50): success=49 t_flicker=1
Ep 41950 | score  205.78 | avg100  206.71 | grasp100  99.0% | best 0.990 |     32 st/s
    done(50): success=50
Ep 42000 | score  207.88 | avg100  208.05 | grasp100 100.0% | best 0.990 |     32 st/s
    done(50): success=50
Ep 42050 | score  206.44 | avg100  208.20 | grasp100 100.0% | best 0.990 |     32 st/s
    done(50): success=50
Ep 42100 | score  207.65 | avg100  208.12 | grasp100 100.0% | best 0.990 |     32 st/s
    done(50): success=50
Ep 42150 | score  206.54 | avg100  206.50 | grasp100  99.0% | best 0.990 |     32 st/s
    done(50): success=49 t_flicker=1
Ep 42200 | score  207.40 | avg100  204.48 | grasp100  98.0% | best 0.990 |     32 st/s
    done(50): success=49 t_touched=1
Ep 42250 | score  207.41 | avg100  204.57 | grasp100  98.0% | best 0.990 |     32 st/s
    done(50): success=49 t_flicker=1
Ep 42300 | score  206.12 | avg100  207.01 | grasp100  99.0% | best 0.990 |     32 st/s
    done(50): success=50
Ep 42350 | score  206.97 | avg100  207.55 | grasp100  99.0% | best 0.990 |     32 st/s
    done(50): success=49 t_flicker=1
Ep 42400 | score  205.84 | avg100  207.58 | grasp100  99.0% | best 0.990 |     32 st/s
    done(50): success=50
Ep 42450 | score  244.61 | avg100  208.48 | grasp100  98.0% | best 0.990 |     32 st/s
    done(50): success=48 t_flicker=2
Ep 42500 | score  206.81 | avg100  206.69 | grasp100  97.0% | best 0.990 |     32 st/s
    done(50): success=49 t_flicker=1
Ep 42550 | score  208.06 | avg100  204.45 | grasp100  96.0% | best 0.990 |     32 st/s
    done(50): success=47 t_flicker=3
Ep 42600 | score  208.78 | avg100  206.28 | grasp100  97.0% | best 0.990 |     32 st/s
    done(50): success=50
Ep 42650 | score  207.15 | avg100  208.97 | grasp100 100.0% | best 0.990 |     32 st/s
    done(50): success=50
Ep 42700 | score  211.56 | avg100  206.27 | grasp100  98.0% | best 0.990 |     32 st/s
    done(50): success=48 t_flicker=2
Ep 42750 | score  206.90 | avg100  205.66 | grasp100  98.0% | best 0.990 |     32 st/s
    done(50): success=50
Ep 42800 | score  207.75 | avg100  206.93 | grasp100  99.0% | best 0.990 |     32 st/s
    done(50): success=49 t_flicker=1
Ep 42850 | score  207.26 | avg100  206.08 | grasp100  98.0% | best 0.990 |     32 st/s
    done(50): success=49 t_flicker=1
Ep 42900 | score  207.38 | avg100  205.01 | grasp100  97.0% | best 0.990 |     32 st/s
    done(50): success=48 t_flicker=2
Ep 42950 | score  206.63 | avg100  205.58 | grasp100  97.0% | best 0.990 |     32 st/s
    done(50): success=49 t_flicker=1
Ep 43000 | score  206.82 | avg100  207.98 | grasp100  99.0% | best 0.990 |     32 st/s
    done(50): success=50
Ep 43050 | score  207.55 | avg100  207.88 | grasp100  99.0% | best 0.990 |     32 st/s
    done(50): success=49 t_flicker=1
Ep 43100 | score  206.17 | avg100  207.79 | grasp100  99.0% | best 0.990 |     32 st/s
    done(50): success=50
Ep 43150 | score  207.50 | avg100  207.30 | grasp100  99.0% | best 0.990 |     32 st/s
    done(50): success=49 t_flicker=1
Ep 43200 | score  239.07 | avg100  207.46 | grasp100  98.0% | best 0.990 |     32 st/s
    done(50): success=49 t_flicker=1
Ep 43250 | score  210.02 | avg100  208.37 | grasp100  99.0% | best 0.990 |     32 st/s
    done(50): success=50
Ep 43300 | score  209.72 | avg100  206.74 | grasp100  99.0% | best 0.990 |     32 st/s
    done(50): success=49 t_flicker=1
Ep 43350 | score  206.46 | avg100  205.29 | grasp100  98.0% | best 0.990 |     32 st/s
    done(50): success=49 t_flicker=1
Ep 43400 | score  207.54 | avg100  206.44 | grasp100  99.0% | best 0.990 |     32 st/s
    done(50): success=50
Ep 43450 | score  207.55 | avg100  205.75 | grasp100  98.0% | best 0.990 |     32 st/s
    done(50): success=48 t_flicker=2
Ep 43500 | score  211.20 | avg100  200.67 | grasp100  94.0% | best 0.990 |     32 st/s
    done(50): success=46 t_flicker=4
Ep 43550 | score  207.60 | avg100  203.54 | grasp100  96.0% | best 0.990 |     32 st/s
    done(50): success=50
Ep 43600 | score  205.53 | avg100  207.35 | grasp100  99.0% | best 0.990 |     32 st/s
    done(50): success=49 t_flicker=1
  [primacy-bias reset of critic heads @ 600000 updates]
Ep 43650 | score  -64.19 | avg100  132.13 | grasp100  72.0% | best 0.990 |     32 st/s
    done(50): success=23 t_flicker=2 t_touched=6 t_no_reach=19
Ep 43700 | score  207.26 | avg100   96.62 | grasp100  50.0% | best 0.990 |     32 st/s
    done(50): success=27 t_flicker=18 t_touched=4 t_no_reach=1
Ep 43750 | score  207.93 | avg100  160.85 | grasp100  70.0% | best 0.990 |     32 st/s
    done(50): success=43 t_flicker=6 t_touched=1
Ep 43800 | score  207.76 | avg100  192.24 | grasp100  90.0% | best 0.990 |     32 st/s
    done(50): success=47 t_flicker=2 t_touched=1
Ep 43850 | score  209.93 | avg100  192.84 | grasp100  91.0% | best 0.990 |     32 st/s
    done(50): success=44 t_flicker=5 t_touched=1
Ep 43900 | score  208.32 | avg100  196.59 | grasp100  92.0% | best 0.990 |     32 st/s
    done(50): success=48 t_flicker=2
Ep 43950 | score  209.94 | avg100  206.18 | grasp100  98.0% | best 0.990 |     32 st/s
    done(50): success=50
Ep 44000 | score  208.34 | avg100  208.23 | grasp100 100.0% | best 0.990 |     32 st/s
    done(50): success=50
Ep 44050 | score  204.37 | avg100  206.46 | grasp100  99.0% | best 0.990 |     32 st/s
    done(50): success=49 t_flicker=1
Ep 44100 | score  211.97 | avg100  206.08 | grasp100  99.0% | best 0.990 |     32 st/s
    done(50): success=50
Ep 44150 | score  209.42 | avg100  206.70 | grasp100  99.0% | best 0.990 |     32 st/s
    done(50): success=49 t_flicker=1
Ep 44200 | score  206.07 | avg100  202.42 | grasp100  96.0% | best 0.990 |     32 st/s
    done(50): success=47 t_flicker=2 t_touched=1
Ep 44250 | score  208.38 | avg100  203.29 | grasp100  96.0% | best 0.990 |     32 st/s
    done(50): success=49 t_flicker=1
Ep 44300 | score  206.99 | avg100  207.71 | grasp100  99.0% | best 0.990 |     32 st/s
    done(50): success=50
Ep 44350 | score  206.91 | avg100  207.01 | grasp100  99.0% | best 0.990 |     32 st/s
    done(50): success=49 t_flicker=1
Ep 44400 | score  206.92 | avg100  206.44 | grasp100  98.0% | best 0.990 |     32 st/s
    done(50): success=49 t_flicker=1
Ep 44450 | score  207.29 | avg100  207.28 | grasp100  98.0% | best 0.990 |     32 st/s
    done(50): success=49 t_flicker=1
Ep 44500 | score  204.76 | avg100  208.14 | grasp100  99.0% | best 0.990 |     32 st/s
    done(50): success=50
Ep 44550 | score  207.54 | avg100  207.27 | grasp100  99.0% | best 0.990 |     32 st/s
    done(50): success=49 t_flicker=1
Ep 44600 | score  208.07 | avg100  206.52 | grasp100  98.0% | best 0.990 |     32 st/s
    done(50): success=49 t_flicker=1
Ep 44650 | score  209.55 | avg100  206.89 | grasp100  98.0% | best 0.990 |     32 st/s
    done(50): success=49 t_flicker=1
Ep 44700 | score  211.75 | avg100  207.90 | grasp100  99.0% | best 0.990 |     32 st/s
    done(50): success=50
Ep 44750 | score  208.40 | avg100  207.53 | grasp100  99.0% | best 0.990 |     32 st/s
    done(50): success=49 t_flicker=1
Ep 44800 | score  210.80 | avg100  207.29 | grasp100  99.0% | best 0.990 |     32 st/s
    done(50): success=50
Ep 44850 | score  206.24 | avg100  205.94 | grasp100  98.0% | best 0.990 |     32 st/s
    done(50): success=48 t_flicker=2
Ep 44900 | score  208.45 | avg100  203.84 | grasp100  96.0% | best 0.990 |     32 st/s
    done(50): success=48 t_flicker=2
Ep 44950 | score  206.43 | avg100  206.39 | grasp100  98.0% | best 0.990 |     32 st/s
    done(50): success=50
Ep 45000 | score  206.30 | avg100  208.09 | grasp100  99.0% | best 0.990 |     32 st/s
    done(50): success=49 t_flicker=1
Ep 45050 | score  206.50 | avg100  206.78 | grasp100  98.0% | best 0.990 |     32 st/s
    done(50): success=49 t_flicker=1
Ep 45100 | score  209.90 | avg100  203.27 | grasp100  96.0% | best 0.990 |     32 st/s
    done(50): success=47 t_flicker=3
Ep 45150 | score  205.94 | avg100  204.96 | grasp100  97.0% | best 0.990 |     32 st/s
    done(50): success=50
Ep 45200 | score  208.45 | avg100  207.62 | grasp100  99.0% | best 0.990 |     32 st/s
    done(50): success=49 t_flicker=1
Ep 45250 | score  207.48 | avg100  204.67 | grasp100  97.0% | best 0.990 |     32 st/s
    done(50): success=48 t_flicker=2
Ep 45300 | score  207.16 | avg100  206.32 | grasp100  98.0% | best 0.990 |     32 st/s
    done(50): success=50
Ep 45350 | score  211.22 | avg100  207.42 | grasp100  99.0% | best 0.990 |     32 st/s
    done(50): success=49 t_flicker=1
Ep 45400 | score  208.30 | avg100  206.63 | grasp100  99.0% | best 0.990 |     32 st/s
    done(50): success=50
Ep 45450 | score  207.37 | avg100  208.86 | grasp100 100.0% | best 0.990 |     32 st/s
    done(50): success=50
Ep 45500 | score  205.97 | avg100  209.06 | grasp100 100.0% | best 0.990 |     32 st/s
    done(50): success=50
Ep 45550 | score  209.38 | avg100  207.13 | grasp100  99.0% | best 0.990 |     32 st/s
    done(50): success=49 t_flicker=1
Ep 45600 | score  208.09 | avg100  207.46 | grasp100  99.0% | best 0.990 |     32 st/s
    done(50): success=50
Ep 45650 | score  212.15 | avg100  208.59 | grasp100  99.0% | best 0.990 |     32 st/s
    done(50): success=49 t_flicker=1
Ep 45700 | score  208.70 | avg100  206.71 | grasp100  98.0% | best 0.990 |     32 st/s
    done(50): success=49 t_flicker=1
Ep 45750 | score  206.93 | avg100  206.18 | grasp100  98.0% | best 0.990 |     32 st/s
    done(50): success=49 t_flicker=1
  [primacy-bias reset of critic heads @ 625000 updates]
Ep 45800 | score  -78.13 | avg100  166.96 | grasp100  84.0% | best 0.990 |     32 st/s
    done(50): success=35 t_flicker=1 t_touched=1 t_no_reach=13
Ep 45850 | score  208.28 | avg100  107.62 | grasp100  61.0% | best 0.990 |     32 st/s
    done(50): success=26 t_flicker=7 t_touched=1 t_no_reach=16
Ep 45900 | score  208.88 | avg100  131.52 | grasp100  66.0% | best 0.990 |     32 st/s
    done(50): success=40 t_flicker=9 t_touched=1
Ep 45950 | score  207.73 | avg100  187.99 | grasp100  87.0% | best 0.990 |     32 st/s
    done(50): success=47 t_flicker=3
Ep 46000 | score  209.69 | avg100  203.70 | grasp100  96.0% | best 0.990 |     32 st/s
    done(50): success=49 t_flicker=1
Ep 46050 | score  206.20 | avg100  204.31 | grasp100  97.0% | best 0.990 |     32 st/s
    done(50): success=48 t_flicker=2
Ep 46100 | score  208.47 | avg100  203.71 | grasp100  96.0% | best 0.990 |     32 st/s
    done(50): success=48 t_flicker=2
Ep 46150 | score  206.76 | avg100  204.90 | grasp100  97.0% | best 0.990 |     32 st/s
    done(50): success=49 t_flicker=1
Ep 46200 | score  211.19 | avg100  204.80 | grasp100  98.0% | best 0.990 |     32 st/s
    done(50): success=49 t_flicker=1
Ep 46250 | score  209.76 | avg100  206.44 | grasp100  99.0% | best 0.990 |     32 st/s
    done(50): success=50
Ep 46300 | score  207.28 | avg100  207.90 | grasp100 100.0% | best 0.990 |     32 st/s
    done(50): success=50
Ep 46350 | score  206.08 | avg100  207.47 | grasp100 100.0% | best 0.990 |     32 st/s
    done(50): success=50
Ep 46400 | score  208.14 | avg100  204.90 | grasp100  99.0% | best 0.990 |     32 st/s
    done(50): success=49 t_flicker=1
Ep 46450 | score  205.84 | avg100  205.42 | grasp100  99.0% | best 0.990 |     32 st/s
    done(50): success=50
Ep 46500 | score  205.59 | avg100  207.27 | grasp100  99.0% | best 0.990 |     32 st/s
    done(50): success=49 t_flicker=1
Ep 46550 | score  207.13 | avg100  207.98 | grasp100  99.0% | best 0.990 |     32 st/s
    done(50): success=50
Ep 46600 | score  207.42 | avg100  209.70 | grasp100 100.0% | best 0.990 |     32 st/s
    done(50): success=50
Ep 46650 | score  209.26 | avg100  204.15 | grasp100  96.0% | best 0.990 |     32 st/s
    done(50): success=46 t_flicker=4
Ep 46700 | score  209.16 | avg100  203.07 | grasp100  95.0% | best 0.990 |     32 st/s
    done(50): success=49 t_flicker=1
Ep 46750 | score  211.65 | avg100  207.61 | grasp100  98.0% | best 0.990 |     32 st/s
    done(50): success=49 t_flicker=1
Ep 46800 | score  207.44 | avg100  207.69 | grasp100  99.0% | best 0.990 |     32 st/s
    done(50): success=50
Ep 46850 | score  206.88 | avg100  208.29 | grasp100 100.0% | best 0.990 |     32 st/s
    done(50): success=50
Ep 46900 | score  207.46 | avg100  209.10 | grasp100 100.0% | best 0.990 |     32 st/s
    done(50): success=50
Ep 46950 | score  209.82 | avg100  209.19 | grasp100 100.0% | best 0.990 |     32 st/s
    done(50): success=50
Ep 47000 | score  207.89 | avg100  208.57 | grasp100  99.0% | best 0.990 |     32 st/s
    done(50): success=49 t_flicker=1
Ep 47050 | score  208.07 | avg100  207.24 | grasp100  98.0% | best 0.990 |     32 st/s
    done(50): success=49 t_flicker=1
Ep 47100 | score  208.89 | avg100  205.91 | grasp100  98.0% | best 0.990 |     32 st/s
    done(50): success=49 t_flicker=1
Ep 47150 | score  206.18 | avg100  205.19 | grasp100  98.0% | best 0.990 |     32 st/s
    done(50): success=49 t_flicker=1
Ep 47200 | score  206.92 | avg100  206.96 | grasp100  99.0% | best 0.990 |     32 st/s
    done(50): success=50
Ep 47250 | score  205.22 | avg100  208.32 | grasp100  99.0% | best 0.990 |     32 st/s
    done(50): success=49 t_flicker=1
Ep 47300 | score  207.83 | avg100  206.05 | grasp100  97.0% | best 0.990 |     32 st/s
    done(50): success=48 t_flicker=2
Ep 47350 | score  207.71 | avg100  206.83 | grasp100  98.0% | best 0.990 |     32 st/s
    done(50): success=50
Ep 47400 | score  208.29 | avg100  208.79 | grasp100 100.0% | best 0.990 |     32 st/s
    done(50): success=50
Ep 47450 | score  205.23 | avg100  206.58 | grasp100  99.0% | best 0.990 |     32 st/s
    done(50): success=49 t_flicker=1
Ep 47500 | score  209.92 | avg100  205.40 | grasp100  98.0% | best 0.990 |     32 st/s
    done(50): success=49 t_flicker=1
Ep 47550 | score  206.32 | avg100  207.36 | grasp100  99.0% | best 0.990 |     32 st/s
    done(50): success=50
Ep 47600 | score  207.14 | avg100  206.92 | grasp100  98.0% | best 0.990 |     32 st/s
    done(50): success=48 t_flicker=2
Ep 47650 | score  209.32 | avg100  206.30 | grasp100  98.0% | best 0.990 |     32 st/s
    done(50): success=50
Ep 47700 | score  205.70 | avg100  208.15 | grasp100 100.0% | best 0.990 |     32 st/s
    done(50): success=50
Ep 47750 | score  205.71 | avg100  208.48 | grasp100 100.0% | best 0.990 |     32 st/s
    done(50): success=50
Ep 47800 | score  208.01 | avg100  207.57 | grasp100  99.0% | best 0.990 |     32 st/s
    done(50): success=49 t_flicker=1
Ep 47850 | score  208.26 | avg100  207.45 | grasp100  99.0% | best 0.990 |     32 st/s
    done(50): success=50
Ep 47900 | score  206.70 | avg100  206.71 | grasp100  99.0% | best 0.990 |     32 st/s
    done(50): success=49 t_flicker=1
Ep 47950 | score  207.76 | avg100  206.86 | grasp100  99.0% | best 0.990 |     32 st/s
    done(50): success=50
Ep 48000 | score  209.43 | avg100  206.90 | grasp100  99.0% | best 0.990 |     32 st/s
    done(50): success=49 t_flicker=1
  [primacy-bias reset of critic heads @ 650000 updates]
Ep 48050 | score  210.63 | avg100  177.40 | grasp100  88.0% | best 0.990 |     32 st/s
    done(50): success=39 t_flicker=1 t_touched=3 t_no_reach=7
Ep 48100 | score  209.62 | avg100  154.64 | grasp100  78.0% | best 0.990 |     32 st/s
    done(50): success=39 t_flicker=4 t_touched=7
Ep 48150 | score  208.31 | avg100  173.09 | grasp100  79.0% | best 0.990 |     32 st/s
    done(50): success=40 t_flicker=9 t_touched=1
Ep 48200 | score  205.82 | avg100  195.12 | grasp100  88.0% | best 0.990 |     32 st/s
    done(50): success=48 t_flicker=2
Ep 48250 | score  204.88 | avg100  199.02 | grasp100  93.0% | best 0.990 |     32 st/s
    done(50): success=45 t_flicker=5
Ep 48300 | score  207.84 | avg100  196.73 | grasp100  92.0% | best 0.990 |     32 st/s
    done(50): success=47 t_flicker=3
Ep 48350 | score  210.17 | avg100  202.60 | grasp100  96.0% | best 0.990 |     32 st/s
    done(50): success=49 t_flicker=1
Ep 48400 | score  208.19 | avg100  205.78 | grasp100  98.0% | best 0.990 |     32 st/s
    done(50): success=49 t_flicker=1
Ep 48450 | score  211.56 | avg100  206.96 | grasp100  99.0% | best 0.990 |     32 st/s
    done(50): success=50
Ep 48500 | score  205.93 | avg100  207.70 | grasp100 100.0% | best 0.990 |     32 st/s
    done(50): success=50
Ep 48550 | score  206.67 | avg100  207.33 | grasp100 100.0% | best 0.990 |     32 st/s
    done(50): success=50
Ep 48600 | score  206.50 | avg100  207.81 | grasp100 100.0% | best 0.990 |     32 st/s
    done(50): success=50
Ep 48650 | score  207.73 | avg100  207.57 | grasp100  99.0% | best 0.990 |     32 st/s
    done(50): success=49 t_flicker=1
Ep 48700 | score  208.22 | avg100  206.32 | grasp100  98.0% | best 0.990 |     32 st/s
    done(50): success=49 t_flicker=1
Ep 48750 | score  207.30 | avg100  206.93 | grasp100  99.0% | best 0.990 |     32 st/s
    done(50): success=50
Ep 48800 | score  207.21 | avg100  207.78 | grasp100 100.0% | best 0.990 |     32 st/s
    done(50): success=50
Ep 48850 | score  204.69 | avg100  206.78 | grasp100  99.0% | best 0.990 |     32 st/s
    done(50): success=49 t_flicker=1
Ep 48900 | score  204.51 | avg100  205.81 | grasp100  98.0% | best 0.990 |     32 st/s
    done(50): success=49 t_flicker=1
Ep 48950 | score  208.84 | avg100  207.12 | grasp100  99.0% | best 0.990 |     32 st/s
    done(50): success=50
Ep 49000 | score  206.98 | avg100  209.39 | grasp100 100.0% | best 0.990 |     32 st/s
    done(50): success=50
Ep 49050 | score  207.61 | avg100  207.82 | grasp100  99.0% | best 0.990 |     32 st/s
    done(50): success=49 t_flicker=1
Ep 49100 | score  224.60 | avg100  205.98 | grasp100  98.0% | best 0.990 |     32 st/s
    done(50): success=49 t_flicker=1
Ep 49150 | score  206.75 | avg100  207.69 | grasp100  99.0% | best 0.990 |     32 st/s
    done(50): success=50
Ep 49200 | score  206.72 | avg100  210.09 | grasp100 100.0% | best 0.990 |     32 st/s
    done(50): success=50
Ep 49250 | score  207.05 | avg100  210.21 | grasp100 100.0% | best 0.990 |     32 st/s
    done(50): success=50
Ep 49300 | score  208.77 | avg100  207.46 | grasp100  99.0% | best 0.990 |     32 st/s
    done(50): success=49 t_flicker=1
Ep 49350 | score  206.29 | avg100  206.97 | grasp100  99.0% | best 0.990 |     32 st/s
    done(50): success=50
Ep 49400 | score  207.40 | avg100  208.94 | grasp100 100.0% | best 0.990 |     32 st/s
    done(50): success=50
Ep 49450 | score  206.79 | avg100  207.17 | grasp100  98.0% | best 0.990 |     32 st/s
    done(50): success=48 t_flicker=2
Ep 49500 | score  209.66 | avg100  205.61 | grasp100  97.0% | best 0.990 |     32 st/s
    done(50): success=49 t_flicker=1
Ep 49550 | score  208.56 | avg100  207.52 | grasp100  98.0% | best 0.990 |     31 st/s
    done(50): success=49 t_flicker=1
Ep 49600 | score  207.37 | avg100  207.68 | grasp100  98.0% | best 0.990 |     31 st/s
    done(50): success=49 t_flicker=1
Ep 49650 | score  207.37 | avg100  205.16 | grasp100  97.0% | best 0.990 |     31 st/s
    done(50): success=48 t_flicker=2
Ep 49700 | score  207.06 | avg100  205.88 | grasp100  98.0% | best 0.990 |     31 st/s
    done(50): success=50
Ep 49750 | score  206.95 | avg100  204.76 | grasp100  98.0% | best 0.990 |     31 st/s
    done(50): success=48 t_flicker=1 t_touched=1
Ep 49800 | score  211.41 | avg100  204.86 | grasp100  98.0% | best 0.990 |     31 st/s
    done(50): success=50
Ep 49850 | score  211.16 | avg100  207.20 | grasp100  99.0% | best 0.990 |     31 st/s
    done(50): success=49 t_flicker=1
Ep 49900 | score  209.57 | avg100  206.38 | grasp100  98.0% | best 0.990 |     31 st/s
    done(50): success=49 t_flicker=1
Ep 49950 | score  210.23 | avg100  208.26 | grasp100  99.0% | best 0.990 |     31 st/s
    done(50): success=50
Ep 50000 | score  209.43 | avg100  209.70 | grasp100 100.0% | best 0.990 |     31 st/s
    done(50): success=50
Ep 50050 | score  206.84 | avg100  209.21 | grasp100 100.0% | best 0.990 |     31 st/s
    done(50): success=50
Ep 50100 | score  211.50 | avg100  209.01 | grasp100 100.0% | best 0.990 |     31 st/s
    done(50): success=50
Ep 50150 | score  209.56 | avg100  209.26 | grasp100 100.0% | best 0.990 |     31 st/s
    done(50): success=50
Ep 50200 | score  210.49 | avg100  207.80 | grasp100  99.0% | best 0.990 |     31 st/s
    done(50): success=49 t_flicker=1
Ep 50250 | score  218.61 | avg100  207.52 | grasp100  99.0% | best 0.990 |     31 st/s
    done(50): success=50
Ep 50300 | score  206.43 | avg100  207.84 | grasp100  99.0% | best 0.990 |     31 st/s
    done(50): success=49 t_flicker=1
  [primacy-bias reset of critic heads @ 675000 updates]
Ep 50350 | score  -79.97 | avg100  186.61 | grasp100  91.0% | best 0.990 |     31 st/s
    done(50): success=42 t_flicker=1 t_touched=1 t_no_reach=6
Ep 50400 | score  208.36 | avg100   86.32 | grasp100  54.0% | best 0.990 |     32 st/s
    done(50): success=12 t_flicker=5 t_touched=1 t_no_reach=32
Ep 50450 | score  208.66 | avg100   98.98 | grasp100  57.0% | best 0.990 |     32 st/s
    done(50): success=45 t_flicker=2 t_touched=2 t_no_reach=1
Ep 50500 | score  206.99 | avg100  190.74 | grasp100  88.0% | best 0.990 |     32 st/s
    done(50): success=43 t_flicker=7
Ep 50550 | score   64.35 | avg100  194.92 | grasp100  90.0% | best 0.990 |     31 st/s
    done(50): success=47 t_flicker=3
Ep 50600 | score  205.60 | avg100  203.74 | grasp100  97.0% | best 0.990 |     31 st/s
    done(50): success=50
Ep 50650 | score  211.51 | avg100  206.37 | grasp100  99.0% | best 0.990 |     31 st/s
    done(50): success=49 t_flicker=1
Ep 50700 | score  206.39 | avg100  205.32 | grasp100  98.0% | best 0.990 |     31 st/s
    done(50): success=49 t_flicker=1
Ep 50750 | score  208.28 | avg100  204.96 | grasp100  98.0% | best 0.990 |     31 st/s
    done(50): success=49 t_flicker=1
Ep 50800 | score  206.69 | avg100  205.36 | grasp100  98.0% | best 0.990 |     31 st/s
    done(50): success=49 t_flicker=1
Ep 50850 | score  204.75 | avg100  204.63 | grasp100  97.0% | best 0.990 |     31 st/s
    done(50): success=48 t_flicker=2
Ep 50900 | score  207.52 | avg100  203.06 | grasp100  96.0% | best 0.990 |     31 st/s
    done(50): success=48 t_flicker=2
Ep 50950 | score  204.99 | avg100  204.08 | grasp100  97.0% | best 0.990 |     31 st/s
    done(50): success=49 t_flicker=1
Ep 51000 | score  208.91 | avg100  203.40 | grasp100  97.0% | best 0.990 |     31 st/s
    done(50): success=48 t_flicker=2
Ep 51050 | score  211.18 | avg100  202.76 | grasp100  96.0% | best 0.990 |     31 st/s
    done(50): success=48 t_flicker=2
Ep 51100 | score  206.10 | avg100  205.42 | grasp100  97.0% | best 0.990 |     31 st/s
    done(50): success=49 t_flicker=1
Ep 51150 | score  205.61 | avg100  206.24 | grasp100  98.0% | best 0.990 |     31 st/s
    done(50): success=49 t_flicker=1
Ep 51200 | score  210.22 | avg100  206.47 | grasp100  98.0% | best 0.990 |     31 st/s
    done(50): success=49 t_flicker=1
Ep 51250 | score  206.17 | avg100  205.39 | grasp100  97.0% | best 0.990 |     31 st/s
    done(50): success=48 t_flicker=2
Ep 51300 | score  205.99 | avg100  203.84 | grasp100  97.0% | best 0.990 |     31 st/s
    done(50): success=49 t_flicker=1
Ep 51350 | score  207.46 | avg100  204.91 | grasp100  97.0% | best 0.990 |     31 st/s
    done(50): success=48 t_flicker=2
Ep 51400 | score  207.78 | avg100  206.64 | grasp100  98.0% | best 0.990 |     31 st/s
    done(50): success=50
Ep 51450 | score  206.61 | avg100  206.65 | grasp100  99.0% | best 0.990 |     31 st/s
    done(50): success=49 t_flicker=1
Ep 51500 | score  207.53 | avg100  206.28 | grasp100  98.0% | best 0.990 |     31 st/s
    done(50): success=49 t_flicker=1
Ep 51550 | score  206.67 | avg100  207.94 | grasp100  99.0% | best 0.990 |     31 st/s
    done(50): success=50
Ep 51600 | score  207.10 | avg100  207.61 | grasp100  99.0% | best 0.990 |     31 st/s
    done(50): success=49 t_flicker=1
Ep 51650 | score  207.31 | avg100  205.12 | grasp100  97.0% | best 0.990 |     31 st/s
    done(50): success=48 t_flicker=2
Ep 51700 | score  206.88 | avg100  206.19 | grasp100  98.0% | best 0.990 |     31 st/s
    done(50): success=50
Ep 51750 | score  207.24 | avg100  209.02 | grasp100 100.0% | best 0.990 |     31 st/s
    done(50): success=50
Ep 51800 | score  205.50 | avg100  208.65 | grasp100 100.0% | best 0.990 |     31 st/s
    done(50): success=50
Ep 51850 | score  206.52 | avg100  203.43 | grasp100  96.0% | best 0.990 |     31 st/s
    done(50): success=46 t_flicker=4
Ep 51900 | score  207.63 | avg100  204.23 | grasp100  96.0% | best 0.990 |     31 st/s
    done(50): success=50
Ep 51950 | score  205.38 | avg100  207.70 | grasp100  99.0% | best 0.990 |     31 st/s
    done(50): success=49 t_flicker=1
Ep 52000 | score  207.76 | avg100  206.23 | grasp100  98.0% | best 0.990 |     31 st/s
    done(50): success=49 t_flicker=1
Ep 52050 | score  207.09 | avg100  205.66 | grasp100  98.0% | best 0.990 |     31 st/s
    done(50): success=49 t_flicker=1
Ep 52100 | score  207.95 | avg100  204.16 | grasp100  97.0% | best 0.990 |     31 st/s
    done(50): success=48 t_flicker=2
Ep 52150 | score  209.56 | avg100  206.54 | grasp100  98.0% | best 0.990 |     31 st/s
    done(50): success=50
Ep 52200 | score  209.62 | avg100  207.68 | grasp100  99.0% | best 0.990 |     31 st/s
    done(50): success=49 t_flicker=1
Ep 52250 | score  210.26 | avg100  206.13 | grasp100  98.0% | best 0.990 |     31 st/s
    done(50): success=49 t_flicker=1
Ep 52300 | score  208.18 | avg100  205.94 | grasp100  98.0% | best 0.990 |     31 st/s
    done(50): success=49 t_flicker=1
Ep 52350 | score  208.29 | avg100  207.30 | grasp100  99.0% | best 0.990 |     31 st/s
    done(50): success=50
Ep 52400 | score  208.34 | avg100  207.96 | grasp100  99.0% | best 0.990 |     31 st/s
    done(50): success=49 t_flicker=1
Ep 52450 | score  207.23 | avg100  207.69 | grasp100  99.0% | best 0.990 |     31 st/s
    done(50): success=50
Ep 52500 | score  211.24 | avg100  208.82 | grasp100 100.0% | best 0.990 |     31 st/s
    done(50): success=50
  [primacy-bias reset of critic heads @ 700000 updates]
Ep 52550 | score  -78.40 | avg100  154.50 | grasp100  81.0% | best 0.990 |     31 st/s
    done(50): success=31 t_flicker=1 t_no_reach=18
Ep 52600 | score  206.64 | avg100   80.06 | grasp100  53.0% | best 0.990 |     31 st/s
    done(50): success=22 t_flicker=4 t_no_reach=24
Ep 52650 | score  209.20 | avg100  127.97 | grasp100  66.0% | best 0.990 |     31 st/s
    done(50): success=44 t_flicker=5 t_touched=1
Ep 52700 | score  207.14 | avg100  198.97 | grasp100  92.0% | best 0.990 |     31 st/s
    done(50): success=48 t_flicker=2
Ep 52750 | score  210.61 | avg100  205.09 | grasp100  98.0% | best 0.990 |     31 st/s
    done(50): success=50
Ep 52800 | score  208.01 | avg100  205.24 | grasp100  99.0% | best 0.990 |     31 st/s
    done(50): success=49 t_flicker=1
Ep 52850 | score  209.45 | avg100  205.37 | grasp100  99.0% | best 0.990 |     31 st/s
    done(50): success=50
Ep 52900 | score  209.52 | avg100  206.91 | grasp100  99.0% | best 0.990 |     31 st/s
    done(50): success=49 t_flicker=1
Ep 52950 | score  209.09 | avg100  206.77 | grasp100  99.0% | best 0.990 |     31 st/s
    done(50): success=50
Ep 53000 | score  207.42 | avg100  204.48 | grasp100  97.0% | best 0.990 |     31 st/s
    done(50): success=47 t_flicker=3
Ep 53050 | score  209.78 | avg100  204.77 | grasp100  97.0% | best 0.990 |     31 st/s
    done(50): success=50
Ep 53100 | score  207.23 | avg100  208.53 | grasp100 100.0% | best 0.990 |     31 st/s
    done(50): success=50
Ep 53150 | score  206.66 | avg100  206.11 | grasp100  98.0% | best 0.990 |     31 st/s
    done(50): success=48 t_flicker=2
Ep 53200 | score  206.75 | avg100  206.98 | grasp100  98.0% | best 0.990 |     31 st/s
    done(50): success=50
Ep 53250 | score  205.47 | avg100  206.31 | grasp100  98.0% | best 0.990 |     31 st/s
    done(50): success=48 t_flicker=2
Ep 53300 | score  208.60 | avg100  205.35 | grasp100  98.0% | best 0.990 |     31 st/s
    done(50): success=50
Ep 53350 | score  208.57 | avg100  208.13 | grasp100 100.0% | best 0.990 |     31 st/s
    done(50): success=50
Ep 53400 | score  206.93 | avg100  206.29 | grasp100  99.0% | best 0.990 |     31 st/s
    done(50): success=49 t_flicker=1
Ep 53450 | score  206.54 | avg100  203.00 | grasp100  97.0% | best 0.990 |     31 st/s
    done(50): success=48 t_flicker=1 t_touched=1
Ep 53500 | score  211.87 | avg100  204.66 | grasp100  98.0% | best 0.990 |     31 st/s
    done(50): success=50
Ep 53550 | score  206.29 | avg100  208.56 | grasp100 100.0% | best 0.990 |     31 st/s
    done(50): success=50
Ep 53600 | score   57.24 | avg100  207.68 | grasp100  99.0% | best 0.990 |     31 st/s
    done(50): success=49 t_flicker=1
Ep 53650 | score  207.31 | avg100  207.59 | grasp100  99.0% | best 0.990 |     31 st/s
    done(50): success=50
Ep 53700 | score  206.32 | avg100  209.23 | grasp100 100.0% | best 0.990 |     31 st/s
    done(50): success=50
Ep 53750 | score  210.11 | avg100  207.16 | grasp100  98.0% | best 0.990 |     31 st/s
    done(50): success=48 t_flicker=2
Ep 53800 | score  206.87 | avg100  206.99 | grasp100  98.0% | best 0.990 |     31 st/s
    done(50): success=50
Ep 53850 | score  209.68 | avg100  207.52 | grasp100  99.0% | best 0.990 |     31 st/s
    done(50): success=49 t_flicker=1
Ep 53900 | score  246.58 | avg100  205.80 | grasp100  97.0% | best 0.990 |     31 st/s
    done(50): success=48 t_flicker=2
Ep 53950 | score  209.53 | avg100  207.72 | grasp100  98.0% | best 0.990 |     31 st/s
    done(50): success=50
Ep 54000 | score  207.60 | avg100  208.35 | grasp100  99.0% | best 0.990 |     31 st/s
    done(50): success=49 t_flicker=1
Ep 54050 | score  208.10 | avg100  208.10 | grasp100  99.0% | best 0.990 |     31 st/s
    done(50): success=50
Ep 54100 | score  208.99 | avg100  208.95 | grasp100 100.0% | best 0.990 |     31 st/s
    done(50): success=50
Ep 54150 | score  210.77 | avg100  208.44 | grasp100 100.0% | best 0.990 |     31 st/s
    done(50): success=50
Ep 54200 | score  210.11 | avg100  208.97 | grasp100 100.0% | best 0.990 |     31 st/s
    done(50): success=50
Ep 54250 | score  209.60 | avg100  209.28 | grasp100 100.0% | best 0.990 |     31 st/s
    done(50): success=50
Ep 54300 | score   63.27 | avg100  207.18 | grasp100  99.0% | best 0.990 |     31 st/s
    done(50): success=49 t_flicker=1
Ep 54350 | score  206.86 | avg100  207.03 | grasp100  99.0% | best 0.990 |     31 st/s
    done(50): success=50
Ep 54400 | score  209.59 | avg100  207.85 | grasp100  99.0% | best 0.990 |     31 st/s
    done(50): success=49 t_flicker=1
Ep 54450 | score  208.15 | avg100  208.05 | grasp100  99.0% | best 0.990 |     31 st/s
    done(50): success=50
Ep 54500 | score   59.11 | avg100  205.90 | grasp100  98.0% | best 0.990 |     31 st/s
    done(50): success=48 t_flicker=2
Ep 54550 | score  208.52 | avg100  206.12 | grasp100  98.0% | best 0.990 |     31 st/s
    done(50): success=50
Ep 54600 | score  209.17 | avg100  207.52 | grasp100  99.0% | best 0.990 |     31 st/s
    done(50): success=49 t_flicker=1
Ep 54650 | score   93.58 | avg100  205.61 | grasp100  97.0% | best 0.990 |     31 st/s
    done(50): success=48 t_flicker=2
  [primacy-bias reset of critic heads @ 725000 updates]
Ep 54700 | score  -54.98 | avg100  158.26 | grasp100  80.0% | best 0.990 |     31 st/s
    done(50): success=32 t_flicker=1 t_touched=2 t_no_reach=15
Ep 54750 | score  213.18 | avg100  129.15 | grasp100  66.0% | best 0.990 |     31 st/s
    done(50): success=34 t_flicker=6 t_touched=8 t_no_reach=2
Ep 54800 | score  204.80 | avg100  172.16 | grasp100  79.0% | best 0.990 |     31 st/s
    done(50): success=45 t_flicker=5
Ep 54850 | score  206.57 | avg100  202.35 | grasp100  95.0% | best 0.990 |     31 st/s
    done(50): success=50
Ep 54900 | score  206.74 | avg100  206.16 | grasp100  99.0% | best 0.990 |     31 st/s
    done(50): success=49 t_flicker=1
Ep 54950 | score  207.14 | avg100  198.37 | grasp100  93.0% | best 0.990 |     31 st/s
    done(50): success=44 t_flicker=6
Ep 55000 | score  206.16 | avg100  195.18 | grasp100  90.0% | best 0.990 |     31 st/s
    done(50): success=46 t_flicker=2 t_touched=2

========================================================================
DONE  td3_ln_c2m512_s0
  Episodes     : 55000
  Env steps    : 1,836,425  (58841s)
  Best metric  : 0.990  (policy in /home/fahim/Thesis_fahim/pickandplace/checkpoints/td3_grasp_rand_td3_ln_c2m512_s0/best)
  Final grasp% : 90.0
  CSV          : /home/fahim/Thesis_fahim/pickandplace/logs/grasp_rand_td3_ln_c2m512_s0/episodes.csv
  Probe CSV    : /home/fahim/Thesis_fahim/pickandplace/logs/grasp_rand_td3_ln_c2m512_s0/probe.csv
  Manifest     : /home/fahim/Thesis_fahim/pickandplace/logs/grasp_rand_td3_ln_c2m512_s0/manifest.json
========================================================================

