========================================================================
RANDOM-SPAWN GRASP RETRAINING  |  algo=td3_ln  run=td3_ln_c2m64_s1
========================================================================
  Envs                : 5 (subprocess-parallel, fork)
  Spawn level         : 2.0 (1.0 = full position box, 2.0 = + z-rotation)
  Updates/vec-step    : 2 (0.400 per env-step; historical baseline 0.5)
  Buffer              : 2,000,000
  Actor               : 64 -> 32  (5,216 weights)
  Warm start          : checkpoints/td3_grasp_rand_td3_ln_buf500k_s1/best
  Checkpoints         : /home/fahim/Thesis_fahim/pickandplace/checkpoints/td3_grasp_rand_td3_ln_c2m64_s1
========================================================================

Spawning 5 subprocess environments (fork)...
[robosuite WARNING] No private macro file found! (__init__.py:7)
[robosuite WARNING] It is recommended to use a private macro file (__init__.py:8)
[robosuite WARNING] To setup, run: python /home/fahim/Thesis_fahim/venv/lib/python3.12/site-packages/robosuite/scripts/setup_macros.py (__init__.py:9)
[robosuite WARNING] No private macro file found! (__init__.py:7)
[robosuite WARNING] No private macro file found! (__init__.py:7)
[robosuite WARNING] It is recommended to use a private macro file (__init__.py:8)
[robosuite WARNING] It is recommended to use a private macro file (__init__.py:8)
[robosuite WARNING] To setup, run: python /home/fahim/Thesis_fahim/venv/lib/python3.12/site-packages/robosuite/scripts/setup_macros.py (__init__.py:9)
[robosuite WARNING] To setup, run: python /home/fahim/Thesis_fahim/venv/lib/python3.12/site-packages/robosuite/scripts/setup_macros.py (__init__.py:9)
[robosuite WARNING] No private macro file found! (__init__.py:7)
[robosuite WARNING] No private macro file found! (__init__.py:7)
[robosuite WARNING] It is recommended to use a private macro file (__init__.py:8)
[robosuite WARNING] It is recommended to use a private macro file (__init__.py:8)
[robosuite WARNING] To setup, run: python /home/fahim/Thesis_fahim/venv/lib/python3.12/site-packages/robosuite/scripts/setup_macros.py (__init__.py:9)
[robosuite WARNING] To setup, run: python /home/fahim/Thesis_fahim/venv/lib/python3.12/site-packages/robosuite/scripts/setup_macros.py (__init__.py:9)
Gym has been unmaintained since 2022 and does not support NumPy 2.0 amongst other critical functionality.
Please upgrade to Gymnasium, the maintained drop-in replacement of Gym, or contact the authors of your software and request that they upgrade.
See the migration guide at https://gymnasium.farama.org/introduction/migration_guide/ for additional information.
Gym has been unmaintained since 2022 and does not support NumPy 2.0 amongst other critical functionality.
Please upgrade to Gymnasium, the maintained drop-in replacement of Gym, or contact the authors of your software and request that they upgrade.
See the migration guide at https://gymnasium.farama.org/introduction/migration_guide/ for additional information.
Gym has been unmaintained since 2022 and does not support NumPy 2.0 amongst other critical functionality.
Please upgrade to Gymnasium, the maintained drop-in replacement of Gym, or contact the authors of your software and request that they upgrade.
See the migration guide at https://gymnasium.farama.org/introduction/migration_guide/ for additional information.
Gym has been unmaintained since 2022 and does not support NumPy 2.0 amongst other critical functionality.
Please upgrade to Gymnasium, the maintained drop-in replacement of Gym, or contact the authors of your software and request that they upgrade.
See the migration guide at https://gymnasium.farama.org/introduction/migration_guide/ for additional information.
Gym has been unmaintained since 2022 and does not support NumPy 2.0 amongst other critical functionality.
Please upgrade to Gymnasium, the maintained drop-in replacement of Gym, or contact the authors of your software and request that they upgrade.
See the migration guide at https://gymnasium.farama.org/introduction/migration_guide/ for additional information.
/home/fahim/Thesis_fahim/venv/lib/python3.12/site-packages/gym/spaces/box.py:84: UserWarning: [33mWARN: Box bound precision lowered by casting to float32[0m
  logger.warn(f"Box bound precision lowered by casting to {self.dtype}")
/home/fahim/Thesis_fahim/venv/lib/python3.12/site-packages/gym/spaces/box.py:84: UserWarning: [33mWARN: Box bound precision lowered by casting to float32[0m
  logger.warn(f"Box bound precision lowered by casting to {self.dtype}")
/home/fahim/Thesis_fahim/venv/lib/python3.12/site-packages/gym/spaces/box.py:84: UserWarning: [33mWARN: Box bound precision lowered by casting to float32[0m
  logger.warn(f"Box bound precision lowered by casting to {self.dtype}")
/home/fahim/Thesis_fahim/venv/lib/python3.12/site-packages/gym/spaces/box.py:84: UserWarning: [33mWARN: Box bound precision lowered by casting to float32[0m
  logger.warn(f"Box bound precision lowered by casting to {self.dtype}")
Gym has been unmaintained since 2022 and does not support NumPy 2.0 amongst other critical functionality.
Please upgrade to Gymnasium, the maintained drop-in replacement of Gym, or contact the authors of your software and request that they upgrade.
See the migration guide at https://gymnasium.farama.org/introduction/migration_guide/ for additional information.
5 environments ready.

/home/fahim/Thesis_fahim/venv/lib/python3.12/site-packages/gym/spaces/box.py:84: UserWarning: [33mWARN: Box bound precision lowered by casting to float32[0m
  logger.warn(f"Box bound precision lowered by casting to {self.dtype}")
  Actor QAT           : per-tensor INT8 fake-quant, STE grads
  Actor weight clip   : |w| <= 8.0 * std(w) per Linear tensor (bi_s0 baseline fc1 9.96 / fc2 10.82)
Init: warm-started (actor only, critics fresh) (source: /home/fahim/Thesis_fahim/pickandplace/checkpoints/td3_grasp_rand_td3_ln_buf500k_s1/best)
Fresh replay buffer.

Training...

Ep    50 | score  208.66 | avg100  209.75 | grasp100 100.0% | best 0.000 |     49 st/s
    done(50): success=50
Ep   100 | score  204.88 | avg100  209.01 | grasp100  99.0% | best 0.000 |     49 st/s
    done(50): success=49 t_flicker=1
Ep   150 | score  209.83 | avg100  206.86 | grasp100  97.0% | best 0.000 |     49 st/s
    done(50): success=48 t_flicker=2
Ep   200 | * BEST  level200=2.00 grasp200= 98.5% metric=0.985 | score  208.98
Ep   250 | score  211.16 | avg100  206.71 | grasp100  98.0% | best 0.985 |     50 st/s
    done(50): success=48 t_flicker=1 t_touched=1
Ep   300 | score  210.05 | avg100  201.83 | grasp100  95.0% | best 0.985 |     51 st/s
    done(50): success=47 t_flicker=3
Ep   350 | score  -75.66 | avg100  160.59 | grasp100  79.0% | best 0.985 |     50 st/s
    done(50): success=32 t_flicker=4 t_touched=4 t_no_reach=10
Ep   400 | score  -79.90 | avg100   20.68 | grasp100  32.0% | best 0.985 |     50 st/s
    done(50): t_no_reach=50
Ep   450 | score  -78.28 | avg100  -77.91 | grasp100   0.0% | best 0.985 |     49 st/s
    done(50): t_no_reach=50
Ep   500 | score  -58.70 | avg100  -68.20 | grasp100   0.0% | best 0.985 |     49 st/s
    done(50): t_flicker=1 t_touched=8 t_no_reach=41
Ep   550 | score  -57.88 | avg100  -41.29 | grasp100   0.0% | best 0.985 |     48 st/s
    done(50): t_flicker=3 t_touched=23 t_no_reach=24
Ep   600 | score  -16.52 | avg100  -21.38 | grasp100   0.0% | best 0.985 |     48 st/s
    done(50): t_flicker=6 t_touched=22 t_no_reach=22
Ep   650 | score   53.06 | avg100  -12.11 | grasp100   1.0% | best 0.985 |     48 st/s
    done(50): success=1 t_flicker=5 t_touched=23 t_no_reach=21
  [primacy-bias reset of critic heads @ 25000 updates]
Ep   700 | score  -71.42 | avg100  -33.91 | grasp100   2.0% | best 0.985 |     48 st/s
    done(50): success=1 t_flicker=1 t_touched=4 t_no_reach=44
Ep   750 | score  -52.80 | avg100  -36.74 | grasp100   7.0% | best 0.985 |     48 st/s
    done(50): success=6 t_flicker=3 t_touched=14 t_no_reach=27
Ep   800 | score  197.04 | avg100   38.40 | grasp100  21.0% | best 0.985 |     48 st/s
    done(50): success=15 t_flicker=17 t_touched=14 t_no_reach=4
Ep   850 | score  208.57 | avg100  108.21 | grasp100  40.0% | best 0.985 |     47 st/s
    done(50): success=25 t_flicker=14 t_touched=11
Ep   900 | score   32.23 | avg100  129.95 | grasp100  51.0% | best 0.985 |     47 st/s
    done(50): success=26 t_flicker=15 t_touched=9
Ep   950 | score   83.81 | avg100  112.94 | grasp100  39.0% | best 0.985 |     47 st/s
    done(50): success=13 t_flicker=16 t_touched=18 t_no_reach=3
Ep  1000 | score   60.74 | avg100   95.23 | grasp100  30.0% | best 0.985 |     47 st/s
    done(50): success=17 t_flicker=19 t_touched=11 t_no_reach=3
Ep  1050 | score  211.66 | avg100  113.16 | grasp100  42.0% | best 0.985 |     47 st/s
    done(50): success=25 t_flicker=9 t_touched=16
Ep  1100 | score  200.34 | avg100  152.50 | grasp100  63.0% | best 0.985 |     47 st/s
    done(50): success=38 t_flicker=6 t_touched=5 t_no_reach=1
Ep  1150 | score  192.62 | avg100  160.03 | grasp100  69.0% | best 0.985 |     46 st/s
    done(50): success=31 t_flicker=12 t_touched=7
  [primacy-bias reset of critic heads @ 50000 updates]
Ep  1200 | score  -44.47 | avg100  114.86 | grasp100  55.0% | best 0.985 |     46 st/s
    done(50): success=24 t_flicker=3 t_touched=11 t_no_reach=12
Ep  1250 | score  107.09 | avg100   44.14 | grasp100  26.0% | best 0.985 |     46 st/s
    done(50): success=2 t_flicker=5 t_touched=26 t_no_reach=17
Ep  1300 | score  -39.74 | avg100   37.92 | grasp100  19.0% | best 0.985 |     46 st/s
    done(50): success=17 t_flicker=9 t_touched=15 t_no_reach=9
Ep  1350 | score  214.32 | avg100  103.47 | grasp100  46.0% | best 0.985 |     46 st/s
    done(50): success=29 t_flicker=7 t_touched=12 t_no_reach=2
Ep  1400 | score   98.97 | avg100  136.33 | grasp100  58.0% | best 0.985 |     46 st/s
    done(50): success=29 t_flicker=14 t_touched=7
Ep  1450 | score  101.39 | avg100  150.31 | grasp100  65.0% | best 0.985 |     46 st/s
    done(50): success=36 t_flicker=7 t_touched=7
Ep  1500 | score  204.59 | avg100  170.17 | grasp100  74.0% | best 0.985 |     46 st/s
    done(50): success=38 t_flicker=5 t_touched=7
Ep  1550 | score  207.69 | avg100  173.38 | grasp100  73.0% | best 0.985 |     45 st/s
    done(50): success=35 t_flicker=12 t_touched=3
Ep  1600 | score  208.24 | avg100  166.37 | grasp100  68.0% | best 0.985 |     45 st/s
    done(50): success=33 t_flicker=11 t_touched=6
Ep  1650 | score   98.74 | avg100  160.34 | grasp100  62.0% | best 0.985 |     45 st/s
    done(50): success=29 t_flicker=15 t_touched=6
Ep  1700 | score  235.63 | avg100  167.30 | grasp100  69.0% | best 0.985 |     45 st/s
    done(50): success=40 t_flicker=7 t_touched=3
Ep  1750 | score   -4.89 | avg100  171.28 | grasp100  77.0% | best 0.985 |     45 st/s
    done(50): success=37 t_flicker=9 t_touched=3 t_no_reach=1
Ep  1800 | score   26.57 | avg100  164.91 | grasp100  74.0% | best 0.985 |     45 st/s
    done(50): success=37 t_flicker=5 t_touched=6 t_no_reach=2
Ep  1850 | score   75.48 | avg100  168.47 | grasp100  75.0% | best 0.985 |     45 st/s
    done(50): success=38 t_flicker=5 t_touched=5 t_no_reach=2
Ep  1900 | score  205.82 | avg100  179.16 | grasp100  80.0% | best 0.985 |     45 st/s
    done(50): success=42 t_flicker=4 t_touched=4
  [primacy-bias reset of critic heads @ 75000 updates]
Ep  1950 | score  211.78 | avg100  184.64 | grasp100  84.0% | best 0.985 |     45 st/s
    done(50): success=42 t_flicker=3 t_touched=5
Ep  2000 | score  -78.18 | avg100   67.29 | grasp100  46.0% | best 0.985 |     45 st/s
    done(50): success=4 t_flicker=1 t_touched=3 t_no_reach=42
Ep  2050 | score   33.42 | avg100    7.51 | grasp100  14.0% | best 0.985 |     45 st/s
    done(50): success=10 t_flicker=14 t_touched=21 t_no_reach=5
Ep  2100 | score  104.15 | avg100   95.96 | grasp100  36.0% | best 0.985 |     45 st/s
    done(50): success=26 t_flicker=13 t_touched=11
Ep  2150 | score  209.72 | avg100  139.19 | grasp100  58.0% | best 0.985 |     45 st/s
    done(50): success=32 t_flicker=14 t_touched=4
Ep  2200 | score  207.13 | avg100  162.18 | grasp100  71.0% | best 0.985 |     45 st/s
    done(50): success=39 t_flicker=7 t_touched=4
Ep  2250 | score  206.91 | avg100  173.85 | grasp100  79.0% | best 0.985 |     45 st/s
    done(50): success=40 t_flicker=8 t_touched=2
Ep  2300 | score   72.89 | avg100  171.41 | grasp100  75.0% | best 0.985 |     44 st/s
    done(50): success=35 t_flicker=13 t_touched=1 t_no_reach=1
Ep  2350 | score  210.45 | avg100  168.77 | grasp100  74.0% | best 0.985 |     44 st/s
    done(50): success=39 t_flicker=6 t_touched=5
Ep  2400 | score  205.21 | avg100  177.16 | grasp100  82.0% | best 0.985 |     44 st/s
    done(50): success=43 t_flicker=3 t_touched=4
Ep  2450 | score  195.74 | avg100  187.45 | grasp100  87.0% | best 0.985 |     44 st/s
    done(50): success=44 t_flicker=2 t_touched=4
Ep  2500 | score   52.57 | avg100  183.88 | grasp100  84.0% | best 0.985 |     44 st/s
    done(50): success=40 t_flicker=6 t_touched=4
Ep  2550 | score  206.70 | avg100  172.56 | grasp100  79.0% | best 0.985 |     44 st/s
    done(50): success=39 t_flicker=4 t_touched=7
Ep  2600 | score  214.25 | avg100  189.05 | grasp100  89.0% | best 0.985 |     44 st/s
    done(50): success=50
Ep  2650 | score  211.58 | avg100  203.09 | grasp100  96.0% | best 0.985 |     44 st/s
    done(50): success=46 t_flicker=3 t_touched=1
Ep  2700 | score  210.40 | avg100  195.68 | grasp100  93.0% | best 0.985 |     44 st/s
    done(50): success=47 t_flicker=2 t_touched=1
Ep  2750 | score  209.72 | avg100  189.52 | grasp100  90.0% | best 0.985 |     44 st/s
    done(50): success=43 t_flicker=3 t_touched=4
Ep  2800 | score   65.24 | avg100  186.76 | grasp100  87.0% | best 0.985 |     44 st/s
    done(50): success=44 t_flicker=6
Ep  2850 | score  209.16 | avg100  192.19 | grasp100  89.0% | best 0.985 |     44 st/s
    done(50): success=45 t_flicker=4 t_touched=1
Ep  2900 | score  209.37 | avg100  196.51 | grasp100  92.0% | best 0.985 |     43 st/s
    done(50): success=47 t_flicker=2 t_touched=1
Ep  2950 | score  207.52 | avg100  198.51 | grasp100  94.0% | best 0.985 |     43 st/s
    done(50): success=47 t_flicker=2 t_touched=1
  [primacy-bias reset of critic heads @ 100000 updates]
Ep  3000 | score  -56.22 | avg100  136.05 | grasp100  66.0% | best 0.985 |     43 st/s
    done(50): success=19 t_flicker=6 t_touched=20 t_no_reach=5
Ep  3050 | score   79.94 | avg100   98.24 | grasp100  42.0% | best 0.985 |     43 st/s
    done(50): success=23 t_flicker=22 t_touched=4 t_no_reach=1
Ep  3100 | score  205.48 | avg100  139.22 | grasp100  57.0% | best 0.985 |     43 st/s
    done(50): success=34 t_flicker=11 t_touched=5
Ep  3150 | score  206.80 | avg100  162.70 | grasp100  73.0% | best 0.985 |     43 st/s
    done(50): success=39 t_flicker=7 t_touched=3 t_no_reach=1
Ep  3200 | score  208.23 | avg100  177.50 | grasp100  83.0% | best 0.985 |     43 st/s
    done(50): success=44 t_flicker=4 t_touched=2
Ep  3250 | score  213.55 | avg100  192.12 | grasp100  91.0% | best 0.985 |     43 st/s
    done(50): success=47 t_flicker=2 t_touched=1
Ep  3300 | score  209.50 | avg100  190.47 | grasp100  89.0% | best 0.985 |     43 st/s
    done(50): success=42 t_flicker=8
Ep  3350 | score  209.31 | avg100  189.62 | grasp100  88.0% | best 0.985 |     43 st/s
    done(50): success=46 t_flicker=3 t_touched=1
Ep  3400 | score  208.71 | avg100  198.00 | grasp100  93.0% | best 0.985 |     43 st/s
    done(50): success=47 t_flicker=3
Ep  3450 | score  208.46 | avg100  201.88 | grasp100  96.0% | best 0.985 |     43 st/s
    done(50): success=49 t_touched=1
Ep  3500 | score  206.87 | avg100  205.48 | grasp100  98.0% | best 0.985 |     43 st/s
    done(50): success=49 t_flicker=1
Ep  3550 | score  212.66 | avg100  198.53 | grasp100  92.0% | best 0.985 |     43 st/s
    done(50): success=43 t_flicker=7
Ep  3600 | score  206.17 | avg100  196.02 | grasp100  90.0% | best 0.985 |     43 st/s
    done(50): success=47 t_flicker=3
Ep  3650 | score  193.46 | avg100  197.96 | grasp100  93.0% | best 0.985 |     42 st/s
    done(50): success=46 t_flicker=2 t_touched=2
Ep  3700 | score  208.83 | avg100  197.32 | grasp100  93.0% | best 0.985 |     42 st/s
    done(50): success=47 t_flicker=3
Ep  3750 | score  208.00 | avg100  197.54 | grasp100  92.0% | best 0.985 |     42 st/s
    done(50): success=45 t_flicker=4 t_touched=1
Ep  3800 | score  208.99 | avg100  201.47 | grasp100  95.0% | best 0.985 |     42 st/s
    done(50): success=50
Ep  3850 | score  199.57 | avg100  200.20 | grasp100  95.0% | best 0.985 |     42 st/s
    done(50): success=45 t_flicker=4 t_touched=1
Ep  3900 | score  209.57 | avg100  190.62 | grasp100  88.0% | best 0.985 |     42 st/s
    done(50): success=43 t_flicker=7
Ep  3950 | score   80.06 | avg100  194.35 | grasp100  90.0% | best 0.985 |     42 st/s
    done(50): success=47 t_flicker=2 t_touched=1
Ep  4000 | score  207.08 | avg100  198.61 | grasp100  92.0% | best 0.985 |     42 st/s
    done(50): success=45 t_flicker=5
Ep  4050 | score  208.32 | avg100  189.34 | grasp100  86.0% | best 0.985 |     42 st/s
    done(50): success=41 t_flicker=7 t_touched=2
Ep  4100 | score  206.48 | avg100  191.11 | grasp100  88.0% | best 0.985 |     42 st/s
    done(50): success=47 t_flicker=3
Ep  4150 | score  209.62 | avg100  195.03 | grasp100  92.0% | best 0.985 |     42 st/s
    done(50): success=45 t_flicker=3 t_touched=2
Ep  4200 | score  208.78 | avg100  192.71 | grasp100  91.0% | best 0.985 |     42 st/s
    done(50): success=46 t_flicker=4
Ep  4250 | score  206.45 | avg100  195.63 | grasp100  92.0% | best 0.985 |     42 st/s
    done(50): success=46 t_flicker=2 t_touched=2
Ep  4300 | score  210.68 | avg100  194.79 | grasp100  91.0% | best 0.985 |     42 st/s
    done(50): success=45 t_flicker=5
Ep  4350 | score  -27.37 | avg100  184.36 | grasp100  85.0% | best 0.985 |     42 st/s
    done(50): success=40 t_flicker=6 t_touched=4
Ep  4400 | score  207.45 | avg100  184.96 | grasp100  84.0% | best 0.985 |     41 st/s
    done(50): success=44 t_flicker=5 t_touched=1
Ep  4450 | score  206.37 | avg100  196.98 | grasp100  90.0% | best 0.985 |     41 st/s
    done(50): success=46 t_flicker=1 t_touched=3
  [primacy-bias reset of critic heads @ 125000 updates]
Ep  4500 | score  -69.01 | avg100   86.91 | grasp100  52.0% | best 0.985 |     42 st/s
    done(50): success=6 t_flicker=8 t_touched=6 t_no_reach=30
Ep  4550 | score  212.78 | avg100   34.51 | grasp100  30.0% | best 0.985 |     42 st/s
    done(50): success=24 t_flicker=15 t_touched=6 t_no_reach=5
Ep  4600 | score  209.37 | avg100  122.90 | grasp100  56.0% | best 0.985 |     42 st/s
    done(50): success=32 t_flicker=11 t_touched=7
Ep  4650 | score  205.58 | avg100  173.73 | grasp100  77.0% | best 0.985 |     42 st/s
    done(50): success=45 t_flicker=5
Ep  4700 | score  208.14 | avg100  188.21 | grasp100  86.0% | best 0.985 |     42 st/s
    done(50): success=41 t_flicker=8 t_touched=1
Ep  4750 | score  205.36 | avg100  186.64 | grasp100  86.0% | best 0.985 |     41 st/s
    done(50): success=45 t_flicker=5
Ep  4800 | score   77.61 | avg100  195.45 | grasp100  91.0% | best 0.985 |     41 st/s
    done(50): success=46 t_flicker=4
Ep  4850 | score  207.06 | avg100  197.84 | grasp100  92.0% | best 0.985 |     41 st/s
    done(50): success=46 t_flicker=3 t_touched=1
Ep  4900 | score  208.98 | avg100  200.80 | grasp100  94.0% | best 0.985 |     41 st/s
    done(50): success=48 t_flicker=1 t_touched=1
Ep  4950 | score  208.96 | avg100  200.68 | grasp100  94.0% | best 0.985 |     41 st/s
    done(50): success=46 t_flicker=4
Ep  5000 | score   70.31 | avg100  193.37 | grasp100  90.0% | best 0.985 |     41 st/s
    done(50): success=44 t_flicker=5 t_touched=1
Ep  5050 | score  210.49 | avg100  198.03 | grasp100  93.0% | best 0.985 |     41 st/s
    done(50): success=49 t_flicker=1
Ep  5100 | score  205.95 | avg100  200.28 | grasp100  95.0% | best 0.985 |     41 st/s
    done(50): success=46 t_flicker=2 t_touched=2
Ep  5150 | score  208.46 | avg100  192.27 | grasp100  89.0% | best 0.985 |     41 st/s
    done(50): success=43 t_flicker=7
Ep  5200 | score  208.85 | avg100  192.20 | grasp100  89.0% | best 0.985 |     41 st/s
    done(50): success=46 t_flicker=3 t_touched=1
Ep  5250 | score  208.65 | avg100  195.85 | grasp100  93.0% | best 0.985 |     41 st/s
    done(50): success=47 t_flicker=3
Ep  5300 | score   53.36 | avg100  195.68 | grasp100  92.0% | best 0.985 |     41 st/s
    done(50): success=45 t_flicker=4 t_touched=1
Ep  5350 | score  205.70 | avg100  200.00 | grasp100  94.0% | best 0.985 |     41 st/s
    done(50): success=49 t_flicker=1
Ep  5400 | score  210.65 | avg100  205.52 | grasp100  98.0% | best 0.985 |     41 st/s
    done(50): success=49 t_flicker=1
Ep  5450 | score  207.54 | avg100  200.11 | grasp100  95.0% | best 0.985 |     41 st/s
    done(50): success=46 t_flicker=2 t_touched=2
Ep  5500 | score  208.97 | avg100  198.59 | grasp100  94.0% | best 0.985 |     41 st/s
    done(50): success=48 t_flicker=2
Ep  5550 | score  210.57 | avg100  201.38 | grasp100  95.0% | best 0.985 |     41 st/s
    done(50): success=47 t_flicker=2 t_touched=1
Ep  5600 | score  206.96 | avg100  197.84 | grasp100  93.0% | best 0.985 |     41 st/s
    done(50): success=46 t_flicker=2 t_touched=2
Ep  5650 | score  207.81 | avg100  194.67 | grasp100  91.0% | best 0.985 |     40 st/s
    done(50): success=45 t_flicker=4 t_touched=1
Ep  5700 | score  208.16 | avg100  200.83 | grasp100  94.0% | best 0.985 |     40 st/s
    done(50): success=49 t_flicker=1
Ep  5750 | score  230.88 | avg100  205.52 | grasp100  97.0% | best 0.985 |     40 st/s
    done(50): success=48 t_flicker=2
Ep  5800 | score   95.92 | avg100  201.96 | grasp100  95.0% | best 0.985 |     40 st/s
    done(50): success=47 t_flicker=3
Ep  5850 | score  206.48 | avg100  201.87 | grasp100  95.0% | best 0.985 |     40 st/s
    done(50): success=48 t_flicker=1 t_touched=1
Ep  5900 | score  204.18 | avg100  204.41 | grasp100  97.0% | best 0.985 |     40 st/s
    done(50): success=49 t_flicker=1
Ep  5950 | score  204.59 | avg100  205.34 | grasp100  98.0% | best 0.985 |     40 st/s
    done(50): success=49 t_touched=1
Ep  6000 | score  206.45 | avg100  206.97 | grasp100  99.0% | best 0.985 |     40 st/s
    done(50): success=50
Ep  6050 | score  207.57 | avg100  206.15 | grasp100  98.0% | best 0.985 |     40 st/s
    done(50): success=48 t_flicker=2
  [primacy-bias reset of critic heads @ 150000 updates]
Ep  6100 | score  207.47 | avg100  201.77 | grasp100  95.0% | best 0.985 |     40 st/s
    done(50): success=47 t_flicker=2 t_no_reach=1
Ep  6150 | score  -79.29 | avg100   65.58 | grasp100  47.0% | best 0.985 |     40 st/s
    done(50): t_flicker=5 t_touched=7 t_no_reach=38
Ep  6200 | score  210.54 | avg100   37.01 | grasp100  31.0% | best 0.985 |     40 st/s
    done(50): success=31 t_flicker=13 t_touched=4 t_no_reach=2
Ep  6250 | score  208.95 | avg100  157.73 | grasp100  71.0% | best 0.985 |     40 st/s
    done(50): success=40 t_flicker=6 t_touched=4
Ep  6300 | score  209.24 | avg100  177.51 | grasp100  83.0% | best 0.985 |     40 st/s
    done(50): success=43 t_flicker=4 t_touched=2 t_no_reach=1
Ep  6350 | score  210.70 | avg100  189.54 | grasp100  89.0% | best 0.985 |     40 st/s
    done(50): success=46 t_flicker=2 t_touched=2
Ep  6400 | score  210.96 | avg100  196.90 | grasp100  91.0% | best 0.985 |     40 st/s
    done(50): success=45 t_flicker=5
Ep  6450 | score  219.62 | avg100  196.95 | grasp100  92.0% | best 0.985 |     40 st/s
    done(50): success=47 t_flicker=2 t_touched=1
Ep  6500 | score  206.58 | avg100  197.60 | grasp100  92.0% | best 0.985 |     40 st/s
    done(50): success=45 t_flicker=5
Ep  6550 | score  208.94 | avg100  195.93 | grasp100  91.0% | best 0.985 |     40 st/s
    done(50): success=46 t_flicker=3 t_touched=1
Ep  6600 | score  209.11 | avg100  201.26 | grasp100  96.0% | best 0.985 |     40 st/s
    done(50): success=50
Ep  6650 | score  209.63 | avg100  207.25 | grasp100  99.0% | best 0.985 |     40 st/s
    done(50): success=49 t_flicker=1
Ep  6700 | score  207.47 | avg100  204.37 | grasp100  97.0% | best 0.985 |     40 st/s
    done(50): success=48 t_flicker=2
Ep  6750 | score  208.13 | avg100  204.52 | grasp100  97.0% | best 0.985 |     40 st/s
    done(50): success=49 t_flicker=1
Ep  6800 | score  206.63 | avg100  204.55 | grasp100  97.0% | best 0.985 |     40 st/s
    done(50): success=48 t_flicker=2
Ep  6850 | score  210.77 | avg100  201.72 | grasp100  95.0% | best 0.985 |     40 st/s
    done(50): success=47 t_flicker=2 t_touched=1
Ep  6900 | score  210.13 | avg100  204.13 | grasp100  97.0% | best 0.985 |     40 st/s
    done(50): success=50
Ep  6950 | score  210.57 | avg100  202.67 | grasp100  96.0% | best 0.985 |     40 st/s
    done(50): success=46 t_flicker=3 t_no_reach=1
Ep  7000 | score  210.41 | avg100  199.99 | grasp100  94.0% | best 0.985 |     40 st/s
    done(50): success=48 t_flicker=1 t_touched=1
Ep  7050 | score  209.72 | avg100  198.63 | grasp100  94.0% | best 0.985 |     39 st/s
    done(50): success=46 t_flicker=3 t_touched=1
Ep  7100 | score  212.94 | avg100  198.40 | grasp100  94.0% | best 0.985 |     39 st/s
    done(50): success=48 t_flicker=2
Ep  7150 | score  209.06 | avg100  200.56 | grasp100  94.0% | best 0.985 |     39 st/s
    done(50): success=46 t_flicker=4
Ep  7200 | score  206.02 | avg100  200.85 | grasp100  95.0% | best 0.985 |     39 st/s
    done(50): success=49 t_touched=1
Ep  7250 | score  208.00 | avg100  197.99 | grasp100  95.0% | best 0.985 |     39 st/s
    done(50): success=46 t_flicker=2 t_touched=2
Ep  7300 | score  209.55 | avg100  197.99 | grasp100  94.0% | best 0.985 |     39 st/s
    done(50): success=48 t_flicker=2
Ep  7350 | score   65.42 | avg100  197.26 | grasp100  93.0% | best 0.985 |     39 st/s
    done(50): success=45 t_flicker=3 t_touched=2
Ep  7400 | score  205.29 | avg100  193.00 | grasp100  90.0% | best 0.985 |     39 st/s
    done(50): success=45 t_flicker=5
Ep  7450 | score  207.56 | avg100  195.44 | grasp100  91.0% | best 0.985 |     39 st/s
    done(50): success=46 t_flicker=3 t_touched=1
Ep  7500 | score  208.93 | avg100  198.75 | grasp100  93.0% | best 0.985 |     39 st/s
    done(50): success=47 t_flicker=3
Ep  7550 | score  210.55 | avg100  195.97 | grasp100  91.0% | best 0.985 |     39 st/s
    done(50): success=44 t_flicker=5 t_touched=1
Ep  7600 | score   19.07 | avg100  187.95 | grasp100  87.0% | best 0.985 |     39 st/s
    done(50): success=43 t_flicker=7
Ep  7650 | score  207.82 | avg100  192.57 | grasp100  91.0% | best 0.985 |     39 st/s
    done(50): success=48 t_flicker=1 t_touched=1
Ep  7700 | score  207.85 | avg100  197.96 | grasp100  94.0% | best 0.985 |     39 st/s
    done(50): success=46 t_flicker=3 t_touched=1
Ep  7750 | score  207.47 | avg100  198.39 | grasp100  94.0% | best 0.985 |     39 st/s
    done(50): success=48 t_flicker=1 t_touched=1
  [primacy-bias reset of critic heads @ 175000 updates]
Ep  7800 | score   47.08 | avg100  114.73 | grasp100  61.0% | best 0.985 |     39 st/s
    done(50): success=13 t_flicker=17 t_touched=5 t_no_reach=15
Ep  7850 | score  207.25 | avg100   76.08 | grasp100  39.0% | best 0.985 |     39 st/s
    done(50): success=26 t_flicker=15 t_touched=9
Ep  7900 | score   83.60 | avg100  159.27 | grasp100  71.0% | best 0.985 |     39 st/s
    done(50): success=45 t_flicker=4 t_touched=1
Ep  7950 | score  210.12 | avg100  190.62 | grasp100  86.0% | best 0.985 |     39 st/s
    done(50): success=41 t_flicker=7 t_touched=2
Ep  8000 | score  208.55 | avg100  192.65 | grasp100  87.0% | best 0.985 |     39 st/s
    done(50): success=46 t_flicker=3 t_touched=1
Ep  8050 | score  209.41 | avg100  197.93 | grasp100  93.0% | best 0.985 |     39 st/s
    done(50): success=47 t_flicker=2 t_touched=1
Ep  8100 | score  208.76 | avg100  199.53 | grasp100  94.0% | best 0.985 |     39 st/s
    done(50): success=47 t_flicker=3
Ep  8150 | score  211.07 | avg100  202.13 | grasp100  94.0% | best 0.985 |     39 st/s
    done(50): success=47 t_flicker=3
Ep  8200 | score   96.45 | avg100  205.25 | grasp100  96.0% | best 0.985 |     39 st/s
    done(50): success=49 t_flicker=1
Ep  8250 | score  207.18 | avg100  205.39 | grasp100  97.0% | best 0.985 |     39 st/s
    done(50): success=48 t_flicker=1 t_touched=1
Ep  8300 | score  208.73 | avg100  201.68 | grasp100  95.0% | best 0.985 |     39 st/s
    done(50): success=47 t_flicker=2 t_touched=1
Ep  8350 | score  205.34 | avg100  199.90 | grasp100  92.0% | best 0.985 |     39 st/s
    done(50): success=45 t_flicker=3 t_touched=2
Ep  8400 | score  208.33 | avg100  201.79 | grasp100  92.0% | best 0.985 |     39 st/s
    done(50): success=47 t_flicker=2 t_touched=1
Ep  8450 | score  205.98 | avg100  202.85 | grasp100  94.0% | best 0.985 |     39 st/s
    done(50): success=47 t_flicker=2 t_touched=1
Ep  8500 | score  208.41 | avg100  204.80 | grasp100  97.0% | best 0.985 |     39 st/s
    done(50): success=50
Ep  8550 | score  207.01 | avg100  207.17 | grasp100  99.0% | best 0.985 |     39 st/s
    done(50): success=49 t_flicker=1
Ep  8600 | score  206.70 | avg100  203.16 | grasp100  96.0% | best 0.985 |     39 st/s
    done(50): success=47 t_flicker=2 t_touched=1
Ep  8650 | score  208.09 | avg100  199.60 | grasp100  94.0% | best 0.985 |     39 st/s
    done(50): success=47 t_flicker=3
Ep  8700 | score  206.75 | avg100  204.17 | grasp100  97.0% | best 0.985 |     39 st/s
    done(50): success=50
Ep  8750 | score  208.87 | avg100  207.32 | grasp100  99.0% | best 0.985 |     39 st/s
    done(50): success=49 t_touched=1
Ep  8800 | score  208.13 | avg100  205.67 | grasp100  98.0% | best 0.985 |     39 st/s
    done(50): success=49 t_flicker=1
Ep  8850 | score  207.79 | avg100  207.85 | grasp100  99.0% | best 0.985 |     38 st/s
    done(50): success=50
Ep  8900 | score  207.78 | avg100  208.01 | grasp100  99.0% | best 0.985 |     38 st/s
    done(50): success=49 t_flicker=1
Ep  8950 | score  206.61 | avg100  205.44 | grasp100  98.0% | best 0.985 |     38 st/s
    done(50): success=49 t_flicker=1
Ep  9000 | score  210.75 | avg100  199.10 | grasp100  92.0% | best 0.985 |     38 st/s
    done(50): success=43 t_flicker=7
Ep  9050 | score  207.59 | avg100  195.60 | grasp100  89.0% | best 0.985 |     38 st/s
    done(50): success=46 t_flicker=2 t_touched=2
Ep  9100 | score  206.92 | avg100  203.40 | grasp100  96.0% | best 0.985 |     38 st/s
    done(50): success=50
Ep  9150 | score  209.00 | avg100  205.63 | grasp100  97.0% | best 0.985 |     38 st/s
    done(50): success=47 t_flicker=3
Ep  9200 | score  207.53 | avg100  201.70 | grasp100  94.0% | best 0.985 |     38 st/s
    done(50): success=47 t_flicker=3
Ep  9250 | score  208.05 | avg100  200.38 | grasp100  95.0% | best 0.985 |     38 st/s
    done(50): success=48 t_touched=1 t_no_reach=1
Ep  9300 | score  213.22 | avg100  204.07 | grasp100  98.0% | best 0.985 |     38 st/s
    done(50): success=50
Ep  9350 | score  209.54 | avg100  206.15 | grasp100  98.0% | best 0.985 |     38 st/s
    done(50): success=48 t_flicker=1 t_touched=1
Ep  9400 | score  208.59 | avg100  201.28 | grasp100  95.0% | best 0.985 |     38 st/s
    done(50): success=47 t_flicker=3
Ep  9450 | score  207.23 | avg100  197.46 | grasp100  94.0% | best 0.985 |     38 st/s
    done(50): success=47 t_flicker=1 t_touched=1 t_no_reach=1
Ep  9500 | score  208.12 | avg100  199.57 | grasp100  95.0% | best 0.985 |     38 st/s
    done(50): success=48 t_flicker=2
Ep  9550 | score  207.23 | avg100  203.57 | grasp100  97.0% | best 0.985 |     38 st/s
    done(50): success=49 t_touched=1
  [primacy-bias reset of critic heads @ 200000 updates]
Ep  9600 | score  -79.88 | avg100  164.76 | grasp100  82.0% | best 0.985 |     38 st/s
    done(50): success=33 t_flicker=4 t_touched=1 t_no_reach=12
Ep  9650 | score   84.08 | avg100   64.20 | grasp100  44.0% | best 0.985 |     38 st/s
    done(50): success=11 t_flicker=6 t_touched=6 t_no_reach=27
Ep  9700 | score  210.33 | avg100   90.68 | grasp100  52.0% | best 0.985 |     38 st/s
    done(50): success=41 t_flicker=6 t_touched=3
Ep  9750 | score   82.19 | avg100  183.77 | grasp100  84.0% | best 0.985 |     38 st/s
    done(50): success=43 t_flicker=5 t_touched=2
Ep  9800 | score  212.70 | avg100  194.45 | grasp100  89.0% | best 0.985 |     38 st/s
    done(50): success=46 t_flicker=4
Ep  9850 | score  208.99 | avg100  201.12 | grasp100  93.0% | best 0.985 |     38 st/s
    done(50): success=47 t_flicker=3
Ep  9900 | score  209.76 | avg100  196.76 | grasp100  91.0% | best 0.985 |     38 st/s
    done(50): success=44 t_flicker=5 t_touched=1
Ep  9950 | score  206.18 | avg100  194.62 | grasp100  89.0% | best 0.985 |     38 st/s
    done(50): success=45 t_flicker=5
Ep 10000 | score  211.03 | avg100  199.03 | grasp100  92.0% | best 0.985 |     38 st/s
    done(50): success=47 t_flicker=2 t_touched=1
Ep 10050 | score  206.66 | avg100  200.13 | grasp100  94.0% | best 0.985 |     38 st/s
    done(50): success=47 t_flicker=3
Ep 10100 | score  207.36 | avg100  201.55 | grasp100  95.0% | best 0.985 |     38 st/s
    done(50): success=48 t_flicker=2
Ep 10150 | score  206.51 | avg100  205.14 | grasp100  97.0% | best 0.985 |     38 st/s
    done(50): success=49 t_flicker=1
Ep 10200 | score  204.97 | avg100  204.10 | grasp100  96.0% | best 0.985 |     38 st/s
    done(50): success=47 t_flicker=3
Ep 10250 | score  204.89 | avg100  195.47 | grasp100  89.0% | best 0.985 |     38 st/s
    done(50): success=42 t_flicker=7 t_touched=1
Ep 10300 | score  206.56 | avg100  199.06 | grasp100  92.0% | best 0.985 |     38 st/s
    done(50): success=50
Ep 10350 | score  208.33 | avg100  200.69 | grasp100  95.0% | best 0.985 |     38 st/s
    done(50): success=45 t_flicker=4 t_no_reach=1
Ep 10400 | score  208.47 | avg100  191.94 | grasp100  89.0% | best 0.985 |     38 st/s
    done(50): success=44 t_flicker=6
Ep 10450 | score  207.39 | avg100  191.66 | grasp100  89.0% | best 0.985 |     38 st/s
    done(50): success=45 t_flicker=3 t_no_reach=2
Ep 10500 | score  207.03 | avg100  196.64 | grasp100  93.0% | best 0.985 |     38 st/s
    done(50): success=48 t_flicker=1 t_touched=1
Ep 10550 | score  206.12 | avg100  201.77 | grasp100  96.0% | best 0.985 |     38 st/s
    done(50): success=48 t_flicker=2
Ep 10600 | score  204.70 | avg100  198.26 | grasp100  92.0% | best 0.985 |     38 st/s
    done(50): success=44 t_flicker=6
Ep 10650 | score  205.97 | avg100  194.76 | grasp100  91.0% | best 0.985 |     38 st/s
    done(50): success=47 t_flicker=2 t_touched=1
Ep 10700 | score  209.44 | avg100  202.81 | grasp100  96.0% | best 0.985 |     38 st/s
    done(50): success=49 t_flicker=1
Ep 10750 | score   94.63 | avg100  206.80 | grasp100  97.0% | best 0.985 |     38 st/s
    done(50): success=48 t_flicker=1 t_no_reach=1
Ep 10800 | score  205.22 | avg100  197.64 | grasp100  92.0% | best 0.985 |     38 st/s
    done(50): success=44 t_flicker=5 t_no_reach=1
Ep 10850 | score  212.61 | avg100  196.75 | grasp100  91.0% | best 0.985 |     38 st/s
    done(50): success=47 t_flicker=3
Ep 10900 | score  238.23 | avg100  204.40 | grasp100  95.0% | best 0.985 |     38 st/s
    done(50): success=48 t_flicker=2
Ep 10950 | score   96.79 | avg100  202.31 | grasp100  94.0% | best 0.985 |     38 st/s
    done(50): success=46 t_flicker=4
Ep 11000 | score  208.73 | avg100  200.28 | grasp100  93.0% | best 0.985 |     38 st/s
    done(50): success=47 t_flicker=3
Ep 11050 | score  207.51 | avg100  204.06 | grasp100  96.0% | best 0.985 |     37 st/s
    done(50): success=49 t_touched=1
Ep 11100 | score  204.17 | avg100  201.98 | grasp100  96.0% | best 0.985 |     37 st/s
    done(50): success=47 t_flicker=2 t_touched=1
Ep 11150 | score  205.97 | avg100  201.63 | grasp100  95.0% | best 0.985 |     37 st/s
    done(50): success=48 t_flicker=2
Ep 11200 | score  207.76 | avg100  205.49 | grasp100  97.0% | best 0.985 |     37 st/s
    done(50): success=49 t_flicker=1
Ep 11250 | score  205.13 | avg100  204.99 | grasp100  97.0% | best 0.985 |     37 st/s
    done(50): success=48 t_flicker=2
Ep 11300 | score  206.51 | avg100  200.75 | grasp100  94.0% | best 0.985 |     37 st/s
    done(50): success=46 t_flicker=4
Ep 11350 | score  226.11 | avg100  201.03 | grasp100  94.0% | best 0.985 |     37 st/s
    done(50): success=48 t_flicker=2
Ep 11400 | score  208.85 | avg100  206.38 | grasp100  98.0% | best 0.985 |     37 st/s
    done(50): success=50
  [primacy-bias reset of critic heads @ 225000 updates]
Ep 11450 | score  -54.36 | avg100  146.25 | grasp100  74.0% | best 0.985 |     37 st/s
    done(50): success=24 t_flicker=7 t_touched=9 t_no_reach=10
Ep 11500 | score  206.59 | avg100  126.56 | grasp100  63.0% | best 0.985 |     37 st/s
    done(50): success=39 t_flicker=9 t_touched=2
Ep 11550 | score  208.01 | avg100  171.02 | grasp100  78.0% | best 0.985 |     37 st/s
    done(50): success=39 t_flicker=8 t_touched=3
Ep 11600 | score  217.53 | avg100  173.72 | grasp100  77.0% | best 0.985 |     37 st/s
    done(50): success=38 t_flicker=10 t_touched=2
Ep 11650 | score   60.15 | avg100  180.04 | grasp100  79.0% | best 0.985 |     37 st/s
    done(50): success=41 t_flicker=9
Ep 11700 | score  209.56 | avg100  194.81 | grasp100  89.0% | best 0.985 |     37 st/s
    done(50): success=48 t_flicker=2
Ep 11750 | score  205.29 | avg100  199.60 | grasp100  93.0% | best 0.985 |     37 st/s
    done(50): success=45 t_flicker=5
Ep 11800 | score  209.39 | avg100  194.54 | grasp100  90.0% | best 0.985 |     37 st/s
    done(50): success=45 t_flicker=4 t_touched=1
Ep 11850 | score  210.01 | avg100  198.83 | grasp100  93.0% | best 0.985 |     37 st/s
    done(50): success=48 t_flicker=2
Ep 11900 | score  207.57 | avg100  202.00 | grasp100  95.0% | best 0.985 |     37 st/s
    done(50): success=47 t_flicker=3
Ep 11950 | score  234.51 | avg100  200.97 | grasp100  95.0% | best 0.985 |     37 st/s
    done(50): success=48 t_flicker=1 t_touched=1
Ep 12000 | score  206.81 | avg100  201.61 | grasp100  96.0% | best 0.985 |     37 st/s
    done(50): success=48 t_flicker=1 t_touched=1
Ep 12050 | score  206.56 | avg100  201.69 | grasp100  95.0% | best 0.985 |     37 st/s
    done(50): success=47 t_flicker=3
Ep 12100 | score  206.86 | avg100  202.50 | grasp100  94.0% | best 0.985 |     37 st/s
    done(50): success=47 t_flicker=3
Ep 12150 | score  207.10 | avg100  203.56 | grasp100  95.0% | best 0.985 |     37 st/s
    done(50): success=48 t_flicker=2
Ep 12200 | score  210.85 | avg100  203.85 | grasp100  95.0% | best 0.985 |     37 st/s
    done(50): success=47 t_flicker=3
Ep 12250 | score  208.38 | avg100  203.87 | grasp100  95.0% | best 0.985 |     37 st/s
    done(50): success=48 t_flicker=2
Ep 12300 | score  208.74 | avg100  203.57 | grasp100  96.0% | best 0.985 |     37 st/s
    done(50): success=48 t_flicker=2
Ep 12350 | score  208.60 | avg100  200.06 | grasp100  94.0% | best 0.985 |     37 st/s
    done(50): success=46 t_flicker=3 t_touched=1
Ep 12400 | score  205.66 | avg100  201.71 | grasp100  95.0% | best 0.985 |     37 st/s
    done(50): success=49 t_flicker=1
Ep 12450 | score  206.27 | avg100  198.84 | grasp100  92.0% | best 0.985 |     37 st/s
    done(50): success=43 t_flicker=6 t_touched=1
Ep 12500 | score  208.60 | avg100  194.83 | grasp100  89.0% | best 0.985 |     37 st/s
    done(50): success=46 t_flicker=3 t_touched=1
Ep 12550 | score   96.67 | avg100  197.72 | grasp100  92.0% | best 0.985 |     37 st/s
    done(50): success=46 t_flicker=4
Ep 12600 | score  205.89 | avg100  197.57 | grasp100  92.0% | best 0.985 |     37 st/s
    done(50): success=46 t_flicker=4
Ep 12650 | score   88.65 | avg100  195.47 | grasp100  90.0% | best 0.985 |     37 st/s
    done(50): success=44 t_flicker=6
Ep 12700 | score  206.74 | avg100  198.72 | grasp100  92.0% | best 0.985 |     37 st/s
    done(50): success=48 t_flicker=2
Ep 12750 | score   54.94 | avg100  198.41 | grasp100  92.0% | best 0.985 |     37 st/s
    done(50): success=44 t_flicker=6
Ep 12800 | score  207.60 | avg100  198.02 | grasp100  92.0% | best 0.985 |     37 st/s
    done(50): success=48 t_flicker=2
Ep 12850 | score   96.65 | avg100  198.70 | grasp100  93.0% | best 0.985 |     37 st/s
    done(50): success=45 t_flicker=3 t_touched=2
Ep 12900 | score  205.43 | avg100  194.39 | grasp100  90.0% | best 0.985 |     37 st/s
    done(50): success=45 t_flicker=5
Ep 12950 | score  207.21 | avg100  197.31 | grasp100  92.0% | best 0.985 |     37 st/s
    done(50): success=47 t_flicker=3
Ep 13000 | score   49.07 | avg100  200.82 | grasp100  95.0% | best 0.985 |     37 st/s
    done(50): success=48 t_flicker=2
Ep 13050 | score  207.68 | avg100  203.03 | grasp100  96.0% | best 0.985 |     37 st/s
    done(50): success=48 t_flicker=2
Ep 13100 | score  207.80 | avg100  204.46 | grasp100  96.0% | best 0.985 |     37 st/s
    done(50): success=48 t_flicker=2
Ep 13150 | score  206.76 | avg100  202.84 | grasp100  95.0% | best 0.985 |     37 st/s
    done(50): success=47 t_flicker=3
Ep 13200 | score  207.80 | avg100  203.01 | grasp100  96.0% | best 0.985 |     37 st/s
    done(50): success=49 t_flicker=1
Ep 13250 | score  203.24 | avg100  203.61 | grasp100  96.0% | best 0.985 |     37 st/s
    done(50): success=47 t_flicker=3
Ep 13300 | score  197.86 | avg100  202.77 | grasp100  95.0% | best 0.985 |     37 st/s
    done(50): success=48 t_flicker=2
Ep 13350 | score  206.47 | avg100  203.48 | grasp100  93.0% | best 0.985 |     37 st/s
    done(50): success=45 t_flicker=5
Ep 13400 | score  206.71 | avg100  200.11 | grasp100  90.0% | best 0.985 |     37 st/s
    done(50): success=45 t_flicker=5
  [primacy-bias reset of critic heads @ 250000 updates]
Ep 13450 | score  -79.92 | avg100  136.84 | grasp100  71.0% | best 0.985 |     37 st/s
    done(50): success=26 t_flicker=2 t_touched=4 t_no_reach=18
Ep 13500 | score  208.45 | avg100   76.50 | grasp100  48.0% | best 0.985 |     37 st/s
    done(50): success=22 t_flicker=9 t_touched=2 t_no_reach=17
Ep 13550 | score  210.06 | avg100  127.80 | grasp100  64.0% | best 0.985 |     37 st/s
    done(50): success=42 t_flicker=5 t_touched=3
Ep 13600 | score  204.59 | avg100  184.06 | grasp100  84.0% | best 0.985 |     37 st/s
    done(50): success=42 t_flicker=4 t_touched=4
Ep 13650 | score  199.78 | avg100  197.57 | grasp100  90.0% | best 0.985 |     37 st/s
    done(50): success=48 t_flicker=2
Ep 13700 | score   99.84 | avg100  204.12 | grasp100  95.0% | best 0.985 |     37 st/s
    done(50): success=47 t_flicker=3
Ep 13750 | score    3.15 | avg100  202.61 | grasp100  95.0% | best 0.985 |     37 st/s
    done(50): success=48 t_flicker=1 t_touched=1
Ep 13800 | score  209.09 | avg100  203.06 | grasp100  95.0% | best 0.985 |     37 st/s
    done(50): success=47 t_flicker=3
Ep 13850 | score  206.90 | avg100  202.77 | grasp100  94.0% | best 0.985 |     37 st/s
    done(50): success=47 t_flicker=2 t_touched=1
Ep 13900 | score  206.61 | avg100  201.14 | grasp100  93.0% | best 0.985 |     37 st/s
    done(50): success=46 t_flicker=3 t_touched=1
Ep 13950 | score  204.44 | avg100  198.14 | grasp100  91.0% | best 0.985 |     37 st/s
    done(50): success=45 t_flicker=4 t_touched=1
Ep 14000 | score  210.47 | avg100  198.03 | grasp100  91.0% | best 0.985 |     37 st/s
    done(50): success=46 t_flicker=2 t_touched=2
Ep 14050 | score  205.48 | avg100  202.09 | grasp100  94.0% | best 0.985 |     36 st/s
    done(50): success=48 t_flicker=1 t_touched=1
Ep 14100 | score  237.54 | avg100  206.03 | grasp100  97.0% | best 0.985 |     36 st/s
    done(50): success=49 t_flicker=1
Ep 14150 | score  211.80 | avg100  206.61 | grasp100  97.0% | best 0.985 |     36 st/s
    done(50): success=48 t_flicker=2
Ep 14200 | score  208.85 | avg100  200.51 | grasp100  93.0% | best 0.985 |     36 st/s
    done(50): success=45 t_flicker=3 t_touched=2
Ep 14250 | score  206.98 | avg100  192.79 | grasp100  90.0% | best 0.985 |     36 st/s
    done(50): success=45 t_flicker=5
Ep 14300 | score  245.21 | avg100  196.53 | grasp100  93.0% | best 0.985 |     36 st/s
    done(50): success=48 t_flicker=2
Ep 14350 | score  205.20 | avg100  203.30 | grasp100  96.0% | best 0.985 |     36 st/s
    done(50): success=48 t_flicker=2
Ep 14400 | score  215.95 | avg100  203.68 | grasp100  96.0% | best 0.985 |     36 st/s
    done(50): success=48 t_flicker=2
Ep 14450 | score  208.85 | avg100  205.96 | grasp100  97.0% | best 0.985 |     36 st/s
    done(50): success=49 t_flicker=1
Ep 14500 | score  208.00 | avg100  204.75 | grasp100  96.0% | best 0.985 |     36 st/s
    done(50): success=47 t_flicker=3
Ep 14550 | score  209.91 | avg100  199.81 | grasp100  94.0% | best 0.985 |     36 st/s
    done(50): success=47 t_flicker=3
Ep 14600 | score  205.05 | avg100  195.28 | grasp100  91.0% | best 0.985 |     36 st/s
    done(50): success=44 t_flicker=5 t_touched=1
Ep 14650 | score  238.12 | avg100  199.85 | grasp100  91.0% | best 0.985 |     36 st/s
    done(50): success=47 t_flicker=2 t_touched=1
Ep 14700 | score  209.69 | avg100  208.48 | grasp100  96.0% | best 0.985 |     36 st/s
    done(50): success=49 t_flicker=1
Ep 14750 | score  207.07 | avg100  208.72 | grasp100  97.0% | best 0.985 |     36 st/s
    done(50): success=48 t_flicker=2
Ep 14800 | score   74.34 | avg100  207.99 | grasp100  96.0% | best 0.985 |     36 st/s
    done(50): success=48 t_flicker=2
Ep 14850 | score  119.45 | avg100  198.18 | grasp100  90.0% | best 0.985 |     36 st/s
    done(50): success=42 t_flicker=6 t_touched=2
Ep 14900 | score  209.78 | avg100  196.86 | grasp100  90.0% | best 0.985 |     36 st/s
    done(50): success=48 t_flicker=2
Ep 14950 | score  209.95 | avg100  203.14 | grasp100  94.0% | best 0.985 |     36 st/s
    done(50): success=46 t_flicker=3 t_touched=1
Ep 15000 | score  209.89 | avg100  199.56 | grasp100  91.0% | best 0.985 |     36 st/s
    done(50): success=45 t_flicker=4 t_touched=1
Ep 15050 | score  209.25 | avg100  197.51 | grasp100  92.0% | best 0.985 |     36 st/s
    done(50): success=47 t_flicker=1 t_touched=2
Ep 15100 | score  207.01 | avg100  199.95 | grasp100  95.0% | best 0.985 |     36 st/s
    done(50): success=48 t_flicker=2
  [primacy-bias reset of critic heads @ 275000 updates]
Ep 15150 | score  -79.35 | avg100  153.20 | grasp100  79.0% | best 0.985 |     36 st/s
    done(50): success=31 t_flicker=1 t_touched=3 t_no_reach=15
Ep 15200 | score  253.35 | avg100   70.73 | grasp100  43.0% | best 0.985 |     36 st/s
    done(50): success=12 t_flicker=15 t_touched=7 t_no_reach=16
Ep 15250 | score  210.41 | avg100  106.55 | grasp100  52.0% | best 0.985 |     36 st/s
    done(50): success=40 t_flicker=6 t_touched=4
Ep 15300 | score  208.94 | avg100  181.41 | grasp100  83.0% | best 0.985 |     36 st/s
    done(50): success=43 t_flicker=4 t_touched=2 t_no_reach=1
Ep 15350 | score  210.23 | avg100  193.61 | grasp100  89.0% | best 0.985 |     36 st/s
    done(50): success=46 t_flicker=4
Ep 15400 | score  206.52 | avg100  202.59 | grasp100  94.0% | best 0.985 |     36 st/s
    done(50): success=48 t_flicker=2
Ep 15450 | score  209.67 | avg100  204.92 | grasp100  96.0% | best 0.985 |     36 st/s
    done(50): success=48 t_flicker=2
Ep 15500 | score  208.84 | avg100  205.45 | grasp100  97.0% | best 0.985 |     36 st/s
    done(50): success=49 t_flicker=1
Ep 15550 | score  208.39 | avg100  205.83 | grasp100  98.0% | best 0.985 |     36 st/s
    done(50): success=49 t_touched=1
Ep 15600 | score  224.15 | avg100  205.55 | grasp100  97.0% | best 0.985 |     36 st/s
    done(50): success=48 t_flicker=2
Ep 15650 | score  207.78 | avg100  204.68 | grasp100  96.0% | best 0.985 |     36 st/s
    done(50): success=48 t_flicker=2
Ep 15700 | score  207.46 | avg100  203.60 | grasp100  96.0% | best 0.985 |     36 st/s
    done(50): success=48 t_flicker=2
Ep 15750 | score  207.01 | avg100  204.08 | grasp100  96.0% | best 0.985 |     36 st/s
    done(50): success=48 t_flicker=2
Ep 15800 | score  210.04 | avg100  202.45 | grasp100  95.0% | best 0.985 |     36 st/s
    done(50): success=47 t_flicker=3
Ep 15850 | score  211.11 | avg100  201.31 | grasp100  94.0% | best 0.985 |     36 st/s
    done(50): success=47 t_flicker=3
Ep 15900 | score  252.58 | avg100  206.03 | grasp100  97.0% | best 0.985 |     36 st/s
    done(50): success=50
Ep 15950 | score  209.29 | avg100  208.01 | grasp100  99.0% | best 0.985 |     36 st/s
    done(50): success=49 t_flicker=1
Ep 16000 | score  208.65 | avg100  207.00 | grasp100  99.0% | best 0.985 |     36 st/s
    done(50): success=50
Ep 16050 | score  208.72 | avg100  200.42 | grasp100  96.0% | best 0.985 |     36 st/s
    done(50): success=46 t_flicker=3 t_touched=1
Ep 16100 | score  204.96 | avg100  198.47 | grasp100  95.0% | best 0.985 |     36 st/s
    done(50): success=49 t_touched=1
Ep 16150 | score  206.11 | avg100  203.16 | grasp100  96.0% | best 0.985 |     36 st/s
    done(50): success=47 t_flicker=2 t_touched=1
Ep 16200 | score  207.98 | avg100  201.00 | grasp100  93.0% | best 0.985 |     36 st/s
    done(50): success=46 t_flicker=4
Ep 16250 | score  210.11 | avg100  202.82 | grasp100  95.0% | best 0.985 |     36 st/s
    done(50): success=49 t_flicker=1
Ep 16300 | score  205.81 | avg100  205.69 | grasp100  98.0% | best 0.985 |     36 st/s
    done(50): success=49 t_flicker=1
Ep 16350 | score  225.03 | avg100  201.63 | grasp100  95.0% | best 0.985 |     36 st/s
    done(50): success=46 t_flicker=3 t_touched=1
Ep 16400 | score   93.50 | avg100  196.58 | grasp100  91.0% | best 0.985 |     36 st/s
    done(50): success=45 t_flicker=5
Ep 16450 | score  207.05 | avg100  196.56 | grasp100  91.0% | best 0.985 |     36 st/s
    done(50): success=46 t_flicker=3 t_touched=1
Ep 16500 | score  207.40 | avg100  199.63 | grasp100  93.0% | best 0.985 |     36 st/s
    done(50): success=47 t_flicker=3
Ep 16550 | score  207.78 | avg100  205.38 | grasp100  97.0% | best 0.985 |     36 st/s
    done(50): success=50
Ep 16600 | score  209.85 | avg100  207.74 | grasp100  99.0% | best 0.985 |     36 st/s
    done(50): success=49 t_flicker=1
Ep 16650 | score  209.24 | avg100  207.92 | grasp100  98.0% | best 0.985 |     36 st/s
    done(50): success=49 t_flicker=1
Ep 16700 | score  204.86 | avg100  202.37 | grasp100  95.0% | best 0.985 |     36 st/s
    done(50): success=46 t_flicker=4
Ep 16750 | score  208.72 | avg100  200.30 | grasp100  95.0% | best 0.985 |     36 st/s
    done(50): success=49 t_flicker=1
Ep 16800 | score  209.71 | avg100  203.27 | grasp100  96.0% | best 0.985 |     36 st/s
    done(50): success=47 t_flicker=3
Ep 16850 | score  206.77 | avg100  203.74 | grasp100  96.0% | best 0.985 |     36 st/s
    done(50): success=49 t_flicker=1
Ep 16900 | score  211.92 | avg100  204.66 | grasp100  97.0% | best 0.985 |     36 st/s
    done(50): success=48 t_flicker=2
Ep 16950 | score  212.67 | avg100  205.02 | grasp100  97.0% | best 0.985 |     36 st/s
    done(50): success=49 t_flicker=1
  [primacy-bias reset of critic heads @ 300000 updates]
Ep 17000 | score  -79.90 | avg100  155.49 | grasp100  79.0% | best 0.985 |     36 st/s
    done(50): success=30 t_flicker=3 t_no_reach=17
Ep 17050 | score  -61.14 | avg100   42.06 | grasp100  39.0% | best 0.985 |     36 st/s
    done(50): success=9 t_flicker=2 t_touched=7 t_no_reach=32
Ep 17100 | score  208.42 | avg100   57.83 | grasp100  43.0% | best 0.985 |     36 st/s
    done(50): success=34 t_flicker=5 t_touched=3 t_no_reach=8
Ep 17150 | score  209.47 | avg100  163.30 | grasp100  79.0% | best 0.985 |     36 st/s
    done(50): success=45 t_flicker=3 t_touched=2
Ep 17200 | score   62.08 | avg100  195.37 | grasp100  92.0% | best 0.985 |     36 st/s
    done(50): success=47 t_flicker=3
Ep 17250 | score  210.96 | avg100  201.05 | grasp100  94.0% | best 0.985 |     36 st/s
    done(50): success=47 t_flicker=3
Ep 17300 | score  224.80 | avg100  205.61 | grasp100  97.0% | best 0.985 |     36 st/s
    done(50): success=50
Ep 17350 | score  214.15 | avg100  209.88 | grasp100 100.0% | best 0.985 |     36 st/s
    done(50): success=50
Ep 17400 | score  208.06 | avg100  209.02 | grasp100  99.0% | best 0.985 |     36 st/s
    done(50): success=49 t_flicker=1
Ep 17450 | score  207.01 | avg100  207.42 | grasp100  98.0% | best 0.985 |     36 st/s
    done(50): success=49 t_touched=1
Ep 17500 | score  208.27 | avg100  207.56 | grasp100  98.0% | best 0.985 |     36 st/s
    done(50): success=49 t_flicker=1
Ep 17550 | score  209.67 | avg100  208.30 | grasp100  99.0% | best 0.985 |     36 st/s
    done(50): success=50
Ep 17600 | score  207.31 | avg100  204.99 | grasp100  98.0% | best 0.985 |     36 st/s
    done(50): success=48 t_flicker=1 t_touched=1
Ep 17650 | score  208.77 | avg100  202.43 | grasp100  97.0% | best 0.985 |     36 st/s
    done(50): success=49 t_no_reach=1
Ep 17700 | score  209.96 | avg100  205.24 | grasp100  98.0% | best 0.985 |     36 st/s
    done(50): success=49 t_flicker=1
Ep 17750 | score  206.14 | avg100  208.06 | grasp100  99.0% | best 0.985 |     36 st/s
    done(50): success=50
Ep 17800 | score  206.25 | avg100  205.73 | grasp100  98.0% | best 0.985 |     36 st/s
    done(50): success=48 t_flicker=1 t_no_reach=1
Ep 17850 | score  208.71 | avg100  202.64 | grasp100  96.0% | best 0.985 |     36 st/s
    done(50): success=48 t_flicker=1 t_touched=1
Ep 17900 | score  210.93 | avg100  203.37 | grasp100  95.0% | best 0.985 |     36 st/s
    done(50): success=47 t_flicker=3
Ep 17950 | score   96.29 | avg100  197.38 | grasp100  91.0% | best 0.985 |     36 st/s
    done(50): success=44 t_flicker=5 t_no_reach=1
Ep 18000 | score  208.20 | avg100  198.45 | grasp100  93.0% | best 0.985 |     36 st/s
    done(50): success=49 t_flicker=1
Ep 18050 | score  210.49 | avg100  207.51 | grasp100  99.0% | best 0.985 |     36 st/s
    done(50): success=50
Ep 18100 | score  207.47 | avg100  204.77 | grasp100  98.0% | best 0.985 |     36 st/s
    done(50): success=48 t_flicker=1 t_touched=1
Ep 18150 | score  207.32 | avg100  202.14 | grasp100  96.0% | best 0.985 |     36 st/s
    done(50): success=48 t_flicker=2
Ep 18200 | score  210.20 | avg100  203.53 | grasp100  96.0% | best 0.985 |     36 st/s
    done(50): success=48 t_flicker=1 t_touched=1
Ep 18250 | score  235.83 | avg100  201.24 | grasp100  95.0% | best 0.985 |     36 st/s
    done(50): success=47 t_flicker=2 t_touched=1
Ep 18300 | score  207.88 | avg100  204.57 | grasp100  97.0% | best 0.985 |     36 st/s
    done(50): success=50
Ep 18350 | score  208.94 | avg100  206.07 | grasp100  98.0% | best 0.985 |     36 st/s
    done(50): success=48 t_flicker=2
Ep 18400 | score  211.17 | avg100  205.55 | grasp100  97.0% | best 0.985 |     36 st/s
    done(50): success=49 t_flicker=1
Ep 18450 | score  204.69 | avg100  208.58 | grasp100  99.0% | best 0.985 |     36 st/s
    done(50): success=50
Ep 18500 | score  206.63 | avg100  205.18 | grasp100  97.0% | best 0.985 |     36 st/s
    done(50): success=47 t_flicker=3
Ep 18550 | score  217.08 | avg100  202.82 | grasp100  96.0% | best 0.985 |     35 st/s
    done(50): success=49 t_touched=1
Ep 18600 | score  209.26 | avg100  203.86 | grasp100  97.0% | best 0.985 |     35 st/s
    done(50): success=48 t_flicker=2
Ep 18650 | score  207.16 | avg100  204.75 | grasp100  96.0% | best 0.985 |     35 st/s
    done(50): success=48 t_flicker=2
Ep 18700 | score  207.33 | avg100  203.95 | grasp100  96.0% | best 0.985 |     35 st/s
    done(50): success=48 t_flicker=1 t_touched=1
Ep 18750 | score  206.06 | avg100  205.25 | grasp100  98.0% | best 0.985 |     35 st/s
    done(50): success=50
  [primacy-bias reset of critic heads @ 325000 updates]
Ep 18800 | score  -69.69 | avg100  126.14 | grasp100  70.0% | best 0.985 |     36 st/s
    done(50): success=20 t_flicker=1 t_touched=2 t_no_reach=27
Ep 18850 | score  206.15 | avg100  103.74 | grasp100  58.0% | best 0.985 |     36 st/s
    done(50): success=38 t_flicker=8 t_touched=2 t_no_reach=2
Ep 18900 | score   56.90 | avg100  171.92 | grasp100  79.0% | best 0.985 |     36 st/s
    done(50): success=41 t_flicker=7 t_touched=2
Ep 18950 | score  209.18 | avg100  183.68 | grasp100  85.0% | best 0.985 |     36 st/s
    done(50): success=44 t_flicker=3 t_touched=3
Ep 19000 | score   70.61 | avg100  186.29 | grasp100  87.0% | best 0.985 |     36 st/s
    done(50): success=43 t_flicker=6 t_touched=1
Ep 19050 | score  209.79 | avg100  196.05 | grasp100  92.0% | best 0.985 |     35 st/s
    done(50): success=49 t_flicker=1
Ep 19100 | score  209.46 | avg100  205.55 | grasp100  97.0% | best 0.985 |     35 st/s
    done(50): success=48 t_flicker=2
Ep 19150 | score  208.16 | avg100  202.41 | grasp100  95.0% | best 0.985 |     35 st/s
    done(50): success=47 t_flicker=3
Ep 19200 | score  253.41 | avg100  203.75 | grasp100  96.0% | best 0.985 |     35 st/s
    done(50): success=49 t_flicker=1
Ep 19250 | score  204.45 | avg100  205.19 | grasp100  96.0% | best 0.985 |     35 st/s
    done(50): success=47 t_flicker=3
Ep 19300 | score  211.64 | avg100  206.37 | grasp100  97.0% | best 0.985 |     35 st/s
    done(50): success=50
Ep 19350 | score  207.95 | avg100  207.83 | grasp100  99.0% | best 0.985 |     35 st/s
    done(50): success=49 t_flicker=1
Ep 19400 | score  210.53 | avg100  207.61 | grasp100  99.0% | best 0.985 |     35 st/s
    done(50): success=50
Ep 19450 | score  205.26 | avg100  206.19 | grasp100  98.0% | best 0.985 |     35 st/s
    done(50): success=48 t_flicker=2
Ep 19500 | score  206.60 | avg100  205.19 | grasp100  97.0% | best 0.985 |     35 st/s
    done(50): success=49 t_flicker=1
Ep 19550 | score  205.89 | avg100  204.95 | grasp100  96.0% | best 0.985 |     35 st/s
    done(50): success=47 t_flicker=3
Ep 19600 | score  204.39 | avg100  201.30 | grasp100  94.0% | best 0.985 |     35 st/s
    done(50): success=47 t_flicker=3
Ep 19650 | score  201.29 | avg100  201.02 | grasp100  94.0% | best 0.985 |     35 st/s
    done(50): success=47 t_flicker=3
Ep 19700 | score  208.77 | avg100  205.29 | grasp100  96.0% | best 0.985 |     35 st/s
    done(50): success=49 t_flicker=1
Ep 19750 | score  210.07 | avg100  209.33 | grasp100  99.0% | best 0.985 |     35 st/s
    done(50): success=50
Ep 19800 | score  207.97 | avg100  207.17 | grasp100  98.0% | best 0.985 |     35 st/s
    done(50): success=48 t_flicker=1 t_touched=1
Ep 19850 | score  211.40 | avg100  203.12 | grasp100  96.0% | best 0.985 |     35 st/s
    done(50): success=48 t_flicker=1 t_touched=1
Ep 19900 | score  212.60 | avg100  204.63 | grasp100  96.0% | best 0.985 |     35 st/s
    done(50): success=48 t_flicker=2
Ep 19950 | score  210.50 | avg100  208.08 | grasp100  97.0% | best 0.985 |     35 st/s
    done(50): success=49 t_flicker=1
Ep 20000 | score  209.28 | avg100  201.50 | grasp100  94.0% | best 0.985 |     35 st/s
    done(50): success=45 t_flicker=4 t_touched=1
Ep 20050 | score  206.99 | avg100  199.74 | grasp100  94.0% | best 0.985 |     35 st/s
    done(50): success=49 t_flicker=1
Ep 20100 | score  212.29 | avg100  204.17 | grasp100  97.0% | best 0.985 |     35 st/s
    done(50): success=48 t_flicker=1 t_touched=1
Ep 20150 | score  211.22 | avg100  204.40 | grasp100  97.0% | best 0.985 |     35 st/s
    done(50): success=49 t_flicker=1
Ep 20200 | score  209.69 | avg100  206.27 | grasp100  98.0% | best 0.985 |     35 st/s
    done(50): success=49 t_flicker=1
Ep 20250 | score  208.32 | avg100  204.20 | grasp100  97.0% | best 0.985 |     35 st/s
    done(50): success=48 t_flicker=1 t_touched=1
Ep 20300 | score  210.11 | avg100  201.94 | grasp100  95.0% | best 0.985 |     35 st/s
    done(50): success=47 t_flicker=3
Ep 20350 | score  206.87 | avg100  203.57 | grasp100  95.0% | best 0.985 |     35 st/s
    done(50): success=48 t_flicker=2
Ep 20400 | score  207.29 | avg100  205.24 | grasp100  97.0% | best 0.985 |     35 st/s
    done(50): success=49 t_flicker=1
Ep 20450 | score  210.18 | avg100  204.85 | grasp100  97.0% | best 0.985 |     35 st/s
    done(50): success=48 t_flicker=2
Ep 20500 | score  210.19 | avg100  207.29 | grasp100  98.0% | best 0.985 |     35 st/s
    done(50): success=50
Ep 20550 | score  208.14 | avg100  210.39 | grasp100 100.0% | best 0.985 |     35 st/s
    done(50): success=50
Ep 20600 | score  204.90 | avg100  210.31 | grasp100 100.0% | best 0.985 |     35 st/s
    done(50): success=50
Ep 20631 | * BEST  level200=2.00 grasp200=100.0% metric=1.000 | score  205.81
Ep 20650 | score  207.82 | avg100  209.70 | grasp100 100.0% | best 1.000 |     35 st/s
    done(50): success=50
Ep 20700 | score  209.55 | avg100  207.08 | grasp100  98.0% | best 1.000 |     35 st/s
    done(50): success=48 t_flicker=2
  [primacy-bias reset of critic heads @ 350000 updates]
Ep 20750 | score  208.16 | avg100  202.97 | grasp100  95.0% | best 1.000 |     35 st/s
    done(50): success=47 t_flicker=2 t_touched=1
Ep 20800 | score  106.06 | avg100   84.41 | grasp100  53.0% | best 1.000 |     35 st/s
    done(50): success=6 t_flicker=5 t_touched=5 t_no_reach=34
Ep 20850 | score  -20.84 | avg100   11.22 | grasp100  25.0% | best 1.000 |     35 st/s
    done(50): success=19 t_flicker=6 t_touched=17 t_no_reach=8
Ep 20900 | score  209.29 | avg100  122.05 | grasp100  64.0% | best 1.000 |     35 st/s
    done(50): success=45 t_flicker=3 t_touched=1 t_no_reach=1
Ep 20950 | score  207.88 | avg100  192.16 | grasp100  90.0% | best 1.000 |     35 st/s
    done(50): success=45 t_flicker=5
Ep 21000 | score  212.63 | avg100  198.48 | grasp100  92.0% | best 1.000 |     35 st/s
    done(50): success=47 t_flicker=3
Ep 21050 | score  207.92 | avg100  205.22 | grasp100  97.0% | best 1.000 |     35 st/s
    done(50): success=50
Ep 21100 | score  210.19 | avg100  207.91 | grasp100  99.0% | best 1.000 |     35 st/s
    done(50): success=49 t_touched=1
Ep 21150 | score  208.22 | avg100  205.12 | grasp100  96.0% | best 1.000 |     35 st/s
    done(50): success=47 t_flicker=2 t_touched=1
Ep 21200 | score  209.45 | avg100  202.27 | grasp100  94.0% | best 1.000 |     35 st/s
    done(50): success=47 t_flicker=3
Ep 21250 | score  211.60 | avg100  199.83 | grasp100  93.0% | best 1.000 |     35 st/s
    done(50): success=46 t_flicker=4
Ep 21300 | score  209.27 | avg100  202.06 | grasp100  95.0% | best 1.000 |     35 st/s
    done(50): success=49 t_flicker=1
Ep 21350 | score  207.46 | avg100  200.03 | grasp100  95.0% | best 1.000 |     35 st/s
    done(50): success=46 t_flicker=4
Ep 21400 | score  208.77 | avg100  198.07 | grasp100  93.0% | best 1.000 |     35 st/s
    done(50): success=47 t_flicker=3
Ep 21450 | score  210.29 | avg100  200.17 | grasp100  94.0% | best 1.000 |     35 st/s
    done(50): success=47 t_flicker=3
Ep 21500 | score  209.39 | avg100  199.48 | grasp100  94.0% | best 1.000 |     35 st/s
    done(50): success=47 t_flicker=3
Ep 21550 | score  207.69 | avg100  204.77 | grasp100  97.0% | best 1.000 |     35 st/s
    done(50): success=50
Ep 21600 | score  209.17 | avg100  204.46 | grasp100  97.0% | best 1.000 |     35 st/s
    done(50): success=47 t_flicker=3
Ep 21650 | score  209.06 | avg100  204.46 | grasp100  97.0% | best 1.000 |     35 st/s
    done(50): success=50
Ep 21700 | score  207.98 | avg100  204.78 | grasp100  97.0% | best 1.000 |     35 st/s
    done(50): success=47 t_flicker=3
Ep 21750 | score  206.56 | avg100  199.78 | grasp100  93.0% | best 1.000 |     35 st/s
    done(50): success=46 t_flicker=4
Ep 21800 | score  209.12 | avg100  203.16 | grasp100  94.0% | best 1.000 |     35 st/s
    done(50): success=48 t_flicker=2
Ep 21850 | score  208.18 | avg100  208.03 | grasp100  98.0% | best 1.000 |     35 st/s
    done(50): success=50
Ep 21900 | score  208.79 | avg100  203.40 | grasp100  96.0% | best 1.000 |     35 st/s
    done(50): success=46 t_flicker=4
Ep 21950 | score  207.51 | avg100  203.85 | grasp100  96.0% | best 1.000 |     35 st/s
    done(50): success=50
Ep 22000 | score  208.60 | avg100  206.68 | grasp100  98.0% | best 1.000 |     35 st/s
    done(50): success=48 t_flicker=2
Ep 22050 | score  211.01 | avg100  206.06 | grasp100  97.0% | best 1.000 |     35 st/s
    done(50): success=49 t_flicker=1
Ep 22100 | score  210.79 | avg100  207.61 | grasp100  98.0% | best 1.000 |     35 st/s
    done(50): success=49 t_flicker=1
Ep 22150 | score  208.27 | avg100  205.83 | grasp100  97.0% | best 1.000 |     35 st/s
    done(50): success=48 t_flicker=2
Ep 22200 | score  210.94 | avg100  205.25 | grasp100  96.0% | best 1.000 |     35 st/s
    done(50): success=48 t_flicker=2
Ep 22250 | score  205.38 | avg100  206.30 | grasp100  97.0% | best 1.000 |     35 st/s
    done(50): success=49 t_flicker=1
Ep 22300 | score  197.94 | avg100  205.87 | grasp100  97.0% | best 1.000 |     35 st/s
    done(50): success=48 t_flicker=2
Ep 22350 | score  208.31 | avg100  205.94 | grasp100  97.0% | best 1.000 |     35 st/s
    done(50): success=49 t_flicker=1
Ep 22400 | score  213.89 | avg100  208.03 | grasp100  99.0% | best 1.000 |     35 st/s
    done(50): success=50
Ep 22450 | score  247.63 | avg100  206.54 | grasp100  98.0% | best 1.000 |     35 st/s
    done(50): success=48 t_flicker=2
Ep 22500 | score  207.59 | avg100  204.57 | grasp100  96.0% | best 1.000 |     35 st/s
    done(50): success=48 t_flicker=2
  [primacy-bias reset of critic heads @ 375000 updates]
Ep 22550 | score  238.24 | avg100  207.08 | grasp100  97.0% | best 1.000 |     35 st/s
    done(50): success=49 t_flicker=1
Ep 22600 | score   62.22 | avg100  118.24 | grasp100  63.0% | best 1.000 |     35 st/s
    done(50): success=14 t_flicker=5 t_touched=8 t_no_reach=23
Ep 22650 | score  -55.25 | avg100   85.09 | grasp100  41.0% | best 1.000 |     35 st/s
    done(50): success=27 t_flicker=18 t_touched=4 t_no_reach=1
Ep 22700 | score   98.85 | avg100  154.42 | grasp100  65.0% | best 1.000 |     35 st/s
    done(50): success=38 t_flicker=10 t_touched=1 t_no_reach=1
Ep 22750 | score  205.69 | avg100  173.78 | grasp100  78.0% | best 1.000 |     35 st/s
    done(50): success=40 t_flicker=8 t_touched=1 t_no_reach=1
Ep 22800 | score   74.94 | avg100  189.32 | grasp100  87.0% | best 1.000 |     35 st/s
    done(50): success=47 t_flicker=2 t_touched=1
Ep 22850 | score  206.29 | avg100  196.92 | grasp100  93.0% | best 1.000 |     35 st/s
    done(50): success=46 t_flicker=4
Ep 22900 | score  207.78 | avg100  201.82 | grasp100  94.0% | best 1.000 |     35 st/s
    done(50): success=48 t_flicker=2
Ep 22950 | score  215.07 | avg100  206.87 | grasp100  95.0% | best 1.000 |     35 st/s
    done(50): success=47 t_flicker=3
Ep 23000 | score  207.25 | avg100  202.50 | grasp100  93.0% | best 1.000 |     35 st/s
    done(50): success=46 t_flicker=4
Ep 23050 | score  208.80 | avg100  196.69 | grasp100  90.0% | best 1.000 |     35 st/s
    done(50): success=44 t_flicker=5 t_touched=1
Ep 23100 | score  241.71 | avg100  200.08 | grasp100  92.0% | best 1.000 |     35 st/s
    done(50): success=48 t_flicker=2
Ep 23150 | score  205.88 | avg100  205.91 | grasp100  96.0% | best 1.000 |     35 st/s
    done(50): success=48 t_flicker=2
Ep 23200 | score  205.11 | avg100  206.79 | grasp100  97.0% | best 1.000 |     35 st/s
    done(50): success=49 t_flicker=1
Ep 23250 | score  210.70 | avg100  208.97 | grasp100  99.0% | best 1.000 |     35 st/s
    done(50): success=50
Ep 23300 | score  225.81 | avg100  208.95 | grasp100  99.0% | best 1.000 |     35 st/s
    done(50): success=49 t_flicker=1
Ep 23350 | score  207.70 | avg100  206.26 | grasp100  97.0% | best 1.000 |     35 st/s
    done(50): success=48 t_flicker=2
Ep 23400 | score  211.32 | avg100  206.74 | grasp100  97.0% | best 1.000 |     35 st/s
    done(50): success=49 t_flicker=1
Ep 23450 | score  206.70 | avg100  208.32 | grasp100  99.0% | best 1.000 |     35 st/s
    done(50): success=50
Ep 23500 | score  207.65 | avg100  206.32 | grasp100  98.0% | best 1.000 |     35 st/s
    done(50): success=48 t_flicker=2
Ep 23550 | score  207.81 | avg100  205.43 | grasp100  97.0% | best 1.000 |     35 st/s
    done(50): success=49 t_flicker=1
Ep 23600 | score  206.28 | avg100  202.68 | grasp100  95.0% | best 1.000 |     35 st/s
    done(50): success=46 t_flicker=4
Ep 23650 | score  208.10 | avg100  199.41 | grasp100  93.0% | best 1.000 |     35 st/s
    done(50): success=47 t_flicker=3
Ep 23700 | score  208.13 | avg100  199.35 | grasp100  93.0% | best 1.000 |     35 st/s
    done(50): success=46 t_flicker=4
Ep 23750 | score  209.57 | avg100  200.88 | grasp100  94.0% | best 1.000 |     35 st/s
    done(50): success=48 t_flicker=2
Ep 23800 | score  207.04 | avg100  201.09 | grasp100  94.0% | best 1.000 |     35 st/s
    done(50): success=46 t_flicker=4
Ep 23850 | score  208.59 | avg100  200.97 | grasp100  93.0% | best 1.000 |     35 st/s
    done(50): success=47 t_flicker=3
Ep 23900 | score  204.41 | avg100  203.55 | grasp100  95.0% | best 1.000 |     35 st/s
    done(50): success=48 t_flicker=2
Ep 23950 | score  204.75 | avg100  205.77 | grasp100  97.0% | best 1.000 |     35 st/s
    done(50): success=49 t_flicker=1
Ep 24000 | score  208.73 | avg100  207.22 | grasp100  98.0% | best 1.000 |     35 st/s
    done(50): success=49 t_flicker=1
Ep 24050 | score  208.38 | avg100  206.30 | grasp100  97.0% | best 1.000 |     35 st/s
    done(50): success=48 t_flicker=2
Ep 24100 | score  208.68 | avg100  203.24 | grasp100  95.0% | best 1.000 |     35 st/s
    done(50): success=47 t_flicker=3
Ep 24150 | score  207.47 | avg100  199.90 | grasp100  94.0% | best 1.000 |     35 st/s
    done(50): success=47 t_flicker=2 t_touched=1
Ep 24200 | score  208.03 | avg100  203.12 | grasp100  95.0% | best 1.000 |     35 st/s
    done(50): success=48 t_flicker=2
Ep 24250 | score  207.53 | avg100  204.39 | grasp100  95.0% | best 1.000 |     35 st/s
    done(50): success=47 t_flicker=3
Ep 24300 | score  209.70 | avg100  205.00 | grasp100  95.0% | best 1.000 |     35 st/s
    done(50): success=48 t_flicker=2
Ep 24350 | score  209.86 | avg100  206.01 | grasp100  95.0% | best 1.000 |     35 st/s
    done(50): success=47 t_flicker=2 t_touched=1
Ep 24400 | score  208.91 | avg100  206.95 | grasp100  97.0% | best 1.000 |     35 st/s
    done(50): success=50
  [primacy-bias reset of critic heads @ 400000 updates]
Ep 24450 | score  206.11 | avg100  141.09 | grasp100  74.0% | best 1.000 |     35 st/s
    done(50): success=24 t_flicker=4 t_touched=1 t_no_reach=21
Ep 24500 | score  208.37 | avg100  120.45 | grasp100  61.0% | best 1.000 |     35 st/s
    done(50): success=37 t_flicker=12 t_touched=1
Ep 24550 | score  207.02 | avg100  172.51 | grasp100  75.0% | best 1.000 |     35 st/s
    done(50): success=38 t_flicker=10 t_touched=2
Ep 24600 | score  208.59 | avg100  190.22 | grasp100  86.0% | best 1.000 |     35 st/s
    done(50): success=48 t_flicker=1 t_touched=1
Ep 24650 | score  208.47 | avg100  202.73 | grasp100  94.0% | best 1.000 |     35 st/s
    done(50): success=46 t_flicker=4
Ep 24700 | score  207.48 | avg100  200.18 | grasp100  91.0% | best 1.000 |     35 st/s
    done(50): success=45 t_flicker=2 t_touched=3
Ep 24750 | score  207.20 | avg100  202.40 | grasp100  94.0% | best 1.000 |     35 st/s
    done(50): success=49 t_flicker=1
Ep 24800 | score  208.00 | avg100  203.24 | grasp100  96.0% | best 1.000 |     35 st/s
    done(50): success=47 t_flicker=1 t_touched=2
Ep 24850 | score  207.16 | avg100  203.00 | grasp100  95.0% | best 1.000 |     35 st/s
    done(50): success=48 t_flicker=2
Ep 24900 | score  204.44 | avg100  205.39 | grasp100  97.0% | best 1.000 |     35 st/s
    done(50): success=49 t_flicker=1
Ep 24950 | score  207.88 | avg100  207.47 | grasp100  99.0% | best 1.000 |     35 st/s
    done(50): success=50
Ep 25000 | score  208.23 | avg100  206.56 | grasp100  99.0% | best 1.000 |     35 st/s
    done(50): success=49 t_touched=1
Ep 25050 | score  208.77 | avg100  204.89 | grasp100  98.0% | best 1.000 |     35 st/s
    done(50): success=49 t_flicker=1
Ep 25100 | score  208.85 | avg100  207.96 | grasp100  99.0% | best 1.000 |     35 st/s
    done(50): success=50
Ep 25150 | score  206.68 | avg100  208.67 | grasp100  99.0% | best 1.000 |     35 st/s
    done(50): success=49 t_flicker=1
Ep 25200 | score  209.16 | avg100  208.24 | grasp100  99.0% | best 1.000 |     35 st/s
    done(50): success=50
Ep 25250 | score  211.32 | avg100  207.78 | grasp100  99.0% | best 1.000 |     35 st/s
    done(50): success=49 t_flicker=1
Ep 25300 | score  208.19 | avg100  204.90 | grasp100  97.0% | best 1.000 |     34 st/s
    done(50): success=48 t_flicker=1 t_touched=1
Ep 25350 | score  209.07 | avg100  205.54 | grasp100  98.0% | best 1.000 |     34 st/s
    done(50): success=50
Ep 25400 | score  211.69 | avg100  209.41 | grasp100 100.0% | best 1.000 |     34 st/s
    done(50): success=50
Ep 25450 | score  207.83 | avg100  209.71 | grasp100 100.0% | best 1.000 |     34 st/s
    done(50): success=50
Ep 25500 | score  208.02 | avg100  206.47 | grasp100  98.0% | best 1.000 |     34 st/s
    done(50): success=48 t_flicker=2
Ep 25550 | score  207.85 | avg100  205.57 | grasp100  97.0% | best 1.000 |     34 st/s
    done(50): success=49 t_flicker=1
Ep 25600 | score   83.83 | avg100  203.94 | grasp100  96.0% | best 1.000 |     34 st/s
    done(50): success=47 t_flicker=3
Ep 25650 | score  210.83 | avg100  205.00 | grasp100  97.0% | best 1.000 |     34 st/s
    done(50): success=50
Ep 25700 | score  239.88 | avg100  208.12 | grasp100  99.0% | best 1.000 |     34 st/s
    done(50): success=49 t_flicker=1
Ep 25750 | score  207.25 | avg100  208.26 | grasp100  98.0% | best 1.000 |     34 st/s
    done(50): success=49 t_flicker=1
Ep 25800 | score  206.67 | avg100  207.64 | grasp100  98.0% | best 1.000 |     34 st/s
    done(50): success=49 t_flicker=1
Ep 25850 | score  208.33 | avg100  205.22 | grasp100  96.0% | best 1.000 |     34 st/s
    done(50): success=47 t_flicker=3
Ep 25900 | score  225.90 | avg100  205.13 | grasp100  96.0% | best 1.000 |     34 st/s
    done(50): success=49 t_flicker=1
Ep 25950 | score  207.30 | avg100  198.65 | grasp100  93.0% | best 1.000 |     34 st/s
    done(50): success=44 t_flicker=6
Ep 26000 | score  254.58 | avg100  200.39 | grasp100  94.0% | best 1.000 |     34 st/s
    done(50): success=50
Ep 26050 | score  205.85 | avg100  208.56 | grasp100  99.0% | best 1.000 |     34 st/s
    done(50): success=49 t_flicker=1
Ep 26100 | score  207.37 | avg100  208.04 | grasp100  98.0% | best 1.000 |     34 st/s
    done(50): success=49 t_flicker=1
Ep 26150 | score  208.77 | avg100  207.43 | grasp100  98.0% | best 1.000 |     34 st/s
    done(50): success=49 t_flicker=1
Ep 26200 | score  206.74 | avg100  208.14 | grasp100  99.0% | best 1.000 |     34 st/s
    done(50): success=50
Ep 26250 | score  208.45 | avg100  207.36 | grasp100  98.0% | best 1.000 |     34 st/s
    done(50): success=48 t_flicker=2
Ep 26300 | score  207.25 | avg100  204.42 | grasp100  96.0% | best 1.000 |     34 st/s
    done(50): success=48 t_flicker=2
Ep 26350 | score  207.70 | avg100  206.02 | grasp100  97.0% | best 1.000 |     34 st/s
    done(50): success=49 t_flicker=1
Ep 26400 | score  214.47 | avg100  204.70 | grasp100  96.0% | best 1.000 |     34 st/s
    done(50): success=47 t_flicker=3
  [primacy-bias reset of critic heads @ 425000 updates]
Ep 26450 | score   32.83 | avg100   96.08 | grasp100  57.0% | best 1.000 |     34 st/s
    done(50): success=10 t_flicker=3 t_touched=5 t_no_reach=32
Ep 26500 | score  209.00 | avg100   73.18 | grasp100  44.0% | best 1.000 |     34 st/s
    done(50): success=34 t_flicker=11 t_touched=3 t_no_reach=2
Ep 26550 | score  211.71 | avg100  177.12 | grasp100  81.0% | best 1.000 |     34 st/s
    done(50): success=47 t_flicker=2 t_touched=1
Ep 26600 | score  207.88 | avg100  202.39 | grasp100  95.0% | best 1.000 |     34 st/s
    done(50): success=48 t_flicker=2
Ep 26650 | score  210.68 | avg100  205.83 | grasp100  97.0% | best 1.000 |     34 st/s
    done(50): success=49 t_flicker=1
Ep 26700 | score  207.46 | avg100  206.29 | grasp100  98.0% | best 1.000 |     34 st/s
    done(50): success=49 t_flicker=1
Ep 26750 | score  208.86 | avg100  202.16 | grasp100  95.0% | best 1.000 |     34 st/s
    done(50): success=46 t_flicker=3 t_touched=1
Ep 26800 | score  206.29 | avg100  202.77 | grasp100  95.0% | best 1.000 |     34 st/s
    done(50): success=49 t_flicker=1
Ep 26850 | score  207.14 | avg100  207.28 | grasp100  98.0% | best 1.000 |     34 st/s
    done(50): success=49 t_flicker=1
Ep 26900 | score   94.47 | avg100  200.40 | grasp100  95.0% | best 1.000 |     34 st/s
    done(50): success=46 t_flicker=4
Ep 26950 | score  208.09 | avg100  200.49 | grasp100  95.0% | best 1.000 |     34 st/s
    done(50): success=49 t_flicker=1
Ep 27000 | score  209.38 | avg100  203.74 | grasp100  96.0% | best 1.000 |     34 st/s
    done(50): success=47 t_flicker=3
Ep 27050 | score   54.45 | avg100  201.62 | grasp100  95.0% | best 1.000 |     34 st/s
    done(50): success=48 t_flicker=2
Ep 27100 | score  207.29 | avg100  200.23 | grasp100  95.0% | best 1.000 |     34 st/s
    done(50): success=47 t_flicker=2 t_touched=1
Ep 27150 | score  209.01 | avg100  202.64 | grasp100  96.0% | best 1.000 |     34 st/s
    done(50): success=49 t_flicker=1
Ep 27200 | score  208.51 | avg100  206.83 | grasp100  98.0% | best 1.000 |     34 st/s
    done(50): success=49 t_flicker=1
Ep 27250 | score  210.26 | avg100  201.84 | grasp100  94.0% | best 1.000 |     34 st/s
    done(50): success=45 t_flicker=5
Ep 27300 | score  210.91 | avg100  200.33 | grasp100  93.0% | best 1.000 |     34 st/s
    done(50): success=48 t_flicker=2
Ep 27350 | score  208.46 | avg100  204.76 | grasp100  96.0% | best 1.000 |     34 st/s
    done(50): success=48 t_flicker=2
Ep 27400 | score  206.53 | avg100  206.11 | grasp100  97.0% | best 1.000 |     34 st/s
    done(50): success=49 t_flicker=1
Ep 27450 | score  207.15 | avg100  207.91 | grasp100  99.0% | best 1.000 |     34 st/s
    done(50): success=50
Ep 27500 | score  208.34 | avg100  208.40 | grasp100  99.0% | best 1.000 |     34 st/s
    done(50): success=49 t_flicker=1
Ep 27550 | score  206.36 | avg100  207.38 | grasp100  98.0% | best 1.000 |     34 st/s
    done(50): success=49 t_flicker=1
Ep 27600 | score  205.27 | avg100  207.30 | grasp100  98.0% | best 1.000 |     34 st/s
    done(50): success=49 t_flicker=1
Ep 27650 | score  211.75 | avg100  206.15 | grasp100  97.0% | best 1.000 |     34 st/s
    done(50): success=48 t_flicker=2
Ep 27700 | score  209.37 | avg100  203.13 | grasp100  95.0% | best 1.000 |     34 st/s
    done(50): success=47 t_flicker=2 t_touched=1
Ep 27750 | score  206.40 | avg100  201.73 | grasp100  94.0% | best 1.000 |     34 st/s
    done(50): success=47 t_flicker=3
Ep 27800 | score  205.84 | avg100  205.16 | grasp100  96.0% | best 1.000 |     34 st/s
    done(50): success=49 t_flicker=1
Ep 27850 | score  206.79 | avg100  206.73 | grasp100  97.0% | best 1.000 |     34 st/s
    done(50): success=48 t_flicker=2
Ep 27900 | score  205.45 | avg100  206.81 | grasp100  97.0% | best 1.000 |     34 st/s
    done(50): success=49 t_flicker=1
Ep 27950 | score  204.87 | avg100  206.84 | grasp100  97.0% | best 1.000 |     34 st/s
    done(50): success=48 t_flicker=2
Ep 28000 | score  208.20 | avg100  206.47 | grasp100  97.0% | best 1.000 |     34 st/s
    done(50): success=49 t_flicker=1
Ep 28050 | score  205.91 | avg100  204.59 | grasp100  97.0% | best 1.000 |     34 st/s
    done(50): success=48 t_flicker=2
Ep 28100 | score  205.62 | avg100  205.75 | grasp100  98.0% | best 1.000 |     34 st/s
    done(50): success=50
Ep 28150 | score  208.16 | avg100  207.72 | grasp100  98.0% | best 1.000 |     34 st/s
    done(50): success=48 t_flicker=2
Ep 28200 | score  213.90 | avg100  207.92 | grasp100  98.0% | best 1.000 |     34 st/s
    done(50): success=50
Ep 28250 | score  210.17 | avg100  206.36 | grasp100  97.0% | best 1.000 |     34 st/s
    done(50): success=47 t_flicker=3
Ep 28300 | score  229.33 | avg100  203.11 | grasp100  94.0% | best 1.000 |     34 st/s
    done(50): success=47 t_flicker=3
Ep 28350 | score  255.12 | avg100  205.82 | grasp100  96.0% | best 1.000 |     34 st/s
    done(50): success=49 t_flicker=1
  [primacy-bias reset of critic heads @ 450000 updates]
Ep 28400 | score  -79.83 | avg100   85.47 | grasp100  56.0% | best 1.000 |     34 st/s
    done(50): success=7 t_flicker=1 t_touched=2 t_no_reach=40
Ep 28450 | score  209.25 | avg100   38.50 | grasp100  35.0% | best 1.000 |     34 st/s
    done(50): success=28 t_flicker=6 t_touched=8 t_no_reach=8
Ep 28500 | score  205.75 | avg100  152.59 | grasp100  72.0% | best 1.000 |     34 st/s
    done(50): success=44 t_flicker=4 t_touched=2
Ep 28550 | score   57.43 | avg100  194.63 | grasp100  90.0% | best 1.000 |     34 st/s
    done(50): success=46 t_flicker=3 t_touched=1
Ep 28600 | score  209.02 | avg100  197.76 | grasp100  92.0% | best 1.000 |     34 st/s
    done(50): success=46 t_flicker=4
Ep 28650 | score  208.68 | avg100  202.31 | grasp100  95.0% | best 1.000 |     34 st/s
    done(50): success=49 t_flicker=1
Ep 28700 | score  206.16 | avg100  207.69 | grasp100  97.0% | best 1.000 |     34 st/s
    done(50): success=48 t_flicker=2
Ep 28750 | score  208.24 | avg100  208.81 | grasp100  97.0% | best 1.000 |     34 st/s
    done(50): success=49 t_flicker=1
Ep 28800 | score  209.92 | avg100  205.79 | grasp100  96.0% | best 1.000 |     34 st/s
    done(50): success=47 t_flicker=3
Ep 28850 | score  209.00 | avg100  203.38 | grasp100  95.0% | best 1.000 |     34 st/s
    done(50): success=48 t_flicker=2
Ep 28900 | score   11.93 | avg100  204.24 | grasp100  97.0% | best 1.000 |     34 st/s
    done(50): success=49 t_flicker=1
Ep 28950 | score  206.90 | avg100  205.51 | grasp100  98.0% | best 1.000 |     34 st/s
    done(50): success=49 t_flicker=1
Ep 29000 | score   94.96 | avg100  204.94 | grasp100  97.0% | best 1.000 |     34 st/s
    done(50): success=48 t_flicker=2
Ep 29050 | score  207.17 | avg100  203.62 | grasp100  96.0% | best 1.000 |     34 st/s
    done(50): success=48 t_flicker=2
Ep 29100 | score   59.78 | avg100  202.86 | grasp100  95.0% | best 1.000 |     34 st/s
    done(50): success=47 t_flicker=3
Ep 29150 | score   94.56 | avg100  202.17 | grasp100  94.0% | best 1.000 |     34 st/s
    done(50): success=47 t_flicker=3
Ep 29200 | score  207.22 | avg100  203.28 | grasp100  95.0% | best 1.000 |     34 st/s
    done(50): success=48 t_flicker=2
Ep 29250 | score  208.87 | avg100  205.29 | grasp100  96.0% | best 1.000 |     34 st/s
    done(50): success=48 t_flicker=2
Ep 29300 | score  214.84 | avg100  208.17 | grasp100  97.0% | best 1.000 |     34 st/s
    done(50): success=49 t_flicker=1
Ep 29350 | score  211.13 | avg100  202.38 | grasp100  94.0% | best 1.000 |     34 st/s
    done(50): success=45 t_flicker=5
Ep 29400 | score  206.76 | avg100  200.18 | grasp100  93.0% | best 1.000 |     34 st/s
    done(50): success=48 t_flicker=2
Ep 29450 | score  208.03 | avg100  206.14 | grasp100  97.0% | best 1.000 |     34 st/s
    done(50): success=49 t_flicker=1
Ep 29500 | score  207.22 | avg100  205.17 | grasp100  96.0% | best 1.000 |     34 st/s
    done(50): success=47 t_flicker=1 t_touched=2
Ep 29550 | score  207.77 | avg100  201.98 | grasp100  94.0% | best 1.000 |     34 st/s
    done(50): success=47 t_flicker=3
Ep 29600 | score  209.33 | avg100  200.71 | grasp100  94.0% | best 1.000 |     34 st/s
    done(50): success=47 t_flicker=2 t_touched=1
Ep 29650 | score  207.93 | avg100  204.07 | grasp100  96.0% | best 1.000 |     34 st/s
    done(50): success=49 t_touched=1
Ep 29700 | score  208.36 | avg100  203.78 | grasp100  95.0% | best 1.000 |     34 st/s
    done(50): success=46 t_flicker=4
Ep 29750 | score  213.34 | avg100  202.84 | grasp100  94.0% | best 1.000 |     34 st/s
    done(50): success=48 t_flicker=2
Ep 29800 | score  207.78 | avg100  204.19 | grasp100  95.0% | best 1.000 |     34 st/s
    done(50): success=47 t_flicker=3
Ep 29850 | score  208.52 | avg100  202.52 | grasp100  94.0% | best 1.000 |     34 st/s
    done(50): success=47 t_flicker=3
Ep 29900 | score  208.29 | avg100  203.58 | grasp100  95.0% | best 1.000 |     34 st/s
    done(50): success=48 t_flicker=2
Ep 29950 | score  215.06 | avg100  206.57 | grasp100  98.0% | best 1.000 |     34 st/s
    done(50): success=50
Ep 30000 | score  211.17 | avg100  205.46 | grasp100  98.0% | best 1.000 |     34 st/s
    done(50): success=48 t_flicker=2
Ep 30050 | score  206.18 | avg100  203.58 | grasp100  97.0% | best 1.000 |     34 st/s
    done(50): success=49 t_flicker=1
Ep 30100 | score  206.37 | avg100  207.27 | grasp100  99.0% | best 1.000 |     34 st/s
    done(50): success=50
Ep 30150 | score  210.20 | avg100  207.69 | grasp100  99.0% | best 1.000 |     34 st/s
    done(50): success=49 t_flicker=1
  [primacy-bias reset of critic heads @ 475000 updates]
Ep 30200 | score  -77.79 | avg100  160.41 | grasp100  82.0% | best 1.000 |     34 st/s
    done(50): success=33 t_flicker=1 t_touched=1 t_no_reach=15
Ep 30250 | score  208.67 | avg100   82.67 | grasp100  51.0% | best 1.000 |     34 st/s
    done(50): success=18 t_flicker=6 t_touched=5 t_no_reach=21
Ep 30300 | score  206.24 | avg100  115.23 | grasp100  59.0% | best 1.000 |     34 st/s
    done(50): success=41 t_flicker=3 t_touched=6
Ep 30350 | score  208.96 | avg100  190.36 | grasp100  87.0% | best 1.000 |     34 st/s
    done(50): success=46 t_flicker=3 t_touched=1
Ep 30400 | score  209.23 | avg100  204.49 | grasp100  96.0% | best 1.000 |     34 st/s
    done(50): success=50
Ep 30450 | score  208.31 | avg100  204.97 | grasp100  95.0% | best 1.000 |     34 st/s
    done(50): success=45 t_flicker=5
Ep 30500 | score  209.84 | avg100  204.02 | grasp100  94.0% | best 1.000 |     34 st/s
    done(50): success=49 t_flicker=1
Ep 30550 | score  207.31 | avg100  206.53 | grasp100  98.0% | best 1.000 |     34 st/s
    done(50): success=49 t_flicker=1
Ep 30600 | score  208.19 | avg100  206.70 | grasp100  98.0% | best 1.000 |     34 st/s
    done(50): success=49 t_flicker=1
Ep 30650 | score  207.46 | avg100  206.80 | grasp100  98.0% | best 1.000 |     34 st/s
    done(50): success=49 t_flicker=1
Ep 30700 | score  209.24 | avg100  207.91 | grasp100  99.0% | best 1.000 |     34 st/s
    done(50): success=50
Ep 30750 | score  209.58 | avg100  209.50 | grasp100 100.0% | best 1.000 |     34 st/s
    done(50): success=50
Ep 30800 | score  209.48 | avg100  206.71 | grasp100  98.0% | best 1.000 |     34 st/s
    done(50): success=48 t_flicker=2
Ep 30850 | score  207.84 | avg100  205.05 | grasp100  97.0% | best 1.000 |     34 st/s
    done(50): success=49 t_flicker=1
Ep 30900 | score  206.39 | avg100  207.31 | grasp100  99.0% | best 1.000 |     34 st/s
    done(50): success=50
Ep 30950 | score  205.70 | avg100  206.54 | grasp100  98.0% | best 1.000 |     34 st/s
    done(50): success=48 t_flicker=2
Ep 31000 | score  216.02 | avg100  205.15 | grasp100  96.0% | best 1.000 |     34 st/s
    done(50): success=48 t_flicker=2
Ep 31050 | score  207.23 | avg100  205.77 | grasp100  96.0% | best 1.000 |     34 st/s
    done(50): success=48 t_flicker=2
Ep 31100 | score  211.71 | avg100  205.57 | grasp100  96.0% | best 1.000 |     34 st/s
    done(50): success=48 t_flicker=2
Ep 31150 | score  205.54 | avg100  205.51 | grasp100  96.0% | best 1.000 |     34 st/s
    done(50): success=48 t_flicker=2
Ep 31200 | score  208.85 | avg100  202.97 | grasp100  94.0% | best 1.000 |     34 st/s
    done(50): success=46 t_flicker=4
Ep 31250 | score  205.95 | avg100  201.28 | grasp100  94.0% | best 1.000 |     34 st/s
    done(50): success=48 t_flicker=2
Ep 31300 | score  211.25 | avg100  205.24 | grasp100  97.0% | best 1.000 |     34 st/s
    done(50): success=49 t_flicker=1
Ep 31350 | score  203.76 | avg100  206.61 | grasp100  98.0% | best 1.000 |     34 st/s
    done(50): success=49 t_flicker=1
Ep 31400 | score  207.77 | avg100  205.69 | grasp100  98.0% | best 1.000 |     34 st/s
    done(50): success=49 t_flicker=1
Ep 31450 | score  209.56 | avg100  207.18 | grasp100  98.0% | best 1.000 |     34 st/s
    done(50): success=49 t_flicker=1
Ep 31500 | score  206.85 | avg100  207.95 | grasp100  98.0% | best 1.000 |     34 st/s
    done(50): success=49 t_flicker=1
Ep 31550 | score  206.84 | avg100  205.79 | grasp100  97.0% | best 1.000 |     34 st/s
    done(50): success=48 t_flicker=2
Ep 31600 | score  206.94 | avg100  204.76 | grasp100  97.0% | best 1.000 |     34 st/s
    done(50): success=49 t_flicker=1
Ep 31650 | score  207.97 | avg100  203.99 | grasp100  96.0% | best 1.000 |     34 st/s
    done(50): success=47 t_flicker=3
Ep 31700 | score  205.50 | avg100  201.44 | grasp100  94.0% | best 1.000 |     34 st/s
    done(50): success=47 t_flicker=3
Ep 31750 | score  214.96 | avg100  205.24 | grasp100  97.0% | best 1.000 |     34 st/s
    done(50): success=50
Ep 31800 | score  208.07 | avg100  206.32 | grasp100  98.0% | best 1.000 |     34 st/s
    done(50): success=48 t_flicker=2
Ep 31850 | score  208.76 | avg100  203.90 | grasp100  96.0% | best 1.000 |     34 st/s
    done(50): success=48 t_flicker=2
Ep 31900 | score  209.74 | avg100  208.03 | grasp100  98.0% | best 1.000 |     34 st/s
    done(50): success=50
Ep 31950 | score  209.96 | avg100  206.01 | grasp100  97.0% | best 1.000 |     34 st/s
    done(50): success=47 t_flicker=3
Ep 32000 | score  209.77 | avg100  201.87 | grasp100  94.0% | best 1.000 |     34 st/s
    done(50): success=47 t_flicker=3
Ep 32050 | score  218.98 | avg100  202.46 | grasp100  95.0% | best 1.000 |     34 st/s
    done(50): success=48 t_flicker=2
Ep 32100 | score  206.05 | avg100  205.33 | grasp100  97.0% | best 1.000 |     34 st/s
    done(50): success=49 t_flicker=1
  [primacy-bias reset of critic heads @ 500000 updates]
Ep 32150 | score  -79.97 | avg100  146.69 | grasp100  77.0% | best 1.000 |     34 st/s
    done(50): success=28 t_no_reach=22
Ep 32200 | score   98.80 | avg100   42.64 | grasp100  36.0% | best 1.000 |     34 st/s
    done(50): success=8 t_flicker=7 t_touched=6 t_no_reach=29
Ep 32250 | score  206.15 | avg100   82.33 | grasp100  44.0% | best 1.000 |     34 st/s
    done(50): success=36 t_flicker=10 t_touched=4
Ep 32300 | score  209.42 | avg100  179.85 | grasp100  81.0% | best 1.000 |     34 st/s
    done(50): success=45 t_flicker=5
Ep 32350 | score  122.90 | avg100  194.23 | grasp100  88.0% | best 1.000 |     34 st/s
    done(50): success=43 t_flicker=7
Ep 32400 | score  211.31 | avg100  191.85 | grasp100  86.0% | best 1.000 |     34 st/s
    done(50): success=43 t_flicker=7
Ep 32450 | score  231.23 | avg100  196.69 | grasp100  90.0% | best 1.000 |     34 st/s
    done(50): success=47 t_flicker=3
Ep 32500 | score  231.17 | avg100  204.75 | grasp100  96.0% | best 1.000 |     34 st/s
    done(50): success=49 t_flicker=1
Ep 32550 | score  205.40 | avg100  202.23 | grasp100  94.0% | best 1.000 |     34 st/s
    done(50): success=45 t_flicker=5
Ep 32600 | score  206.17 | avg100  197.34 | grasp100  90.0% | best 1.000 |     34 st/s
    done(50): success=45 t_flicker=5
Ep 32650 | score  206.51 | avg100  202.38 | grasp100  94.0% | best 1.000 |     34 st/s
    done(50): success=49 t_flicker=1
Ep 32700 | score  208.63 | avg100  200.57 | grasp100  94.0% | best 1.000 |     34 st/s
    done(50): success=45 t_flicker=4 t_touched=1
Ep 32750 | score  202.69 | avg100  200.68 | grasp100  94.0% | best 1.000 |     34 st/s
    done(50): success=49 t_flicker=1
Ep 32800 | score  258.82 | avg100  203.00 | grasp100  94.0% | best 1.000 |     34 st/s
    done(50): success=45 t_flicker=4 t_touched=1
Ep 32850 | score  206.08 | avg100  196.71 | grasp100  90.0% | best 1.000 |     34 st/s
    done(50): success=45 t_flicker=5
Ep 32900 | score  208.35 | avg100  198.97 | grasp100  93.0% | best 1.000 |     34 st/s
    done(50): success=48 t_flicker=1 t_touched=1
Ep 32950 | score  206.32 | avg100  201.91 | grasp100  94.0% | best 1.000 |     34 st/s
    done(50): success=46 t_flicker=4
Ep 33000 | score  210.25 | avg100  204.45 | grasp100  95.0% | best 1.000 |     34 st/s
    done(50): success=49 t_flicker=1
Ep 33050 | score  207.69 | avg100  198.77 | grasp100  93.0% | best 1.000 |     34 st/s
    done(50): success=44 t_flicker=6
Ep 33100 | score  207.90 | avg100  196.97 | grasp100  92.0% | best 1.000 |     34 st/s
    done(50): success=48 t_flicker=2
Ep 33150 | score  209.34 | avg100  199.13 | grasp100  94.0% | best 1.000 |     34 st/s
    done(50): success=46 t_flicker=2 t_touched=1 t_no_reach=1
Ep 33200 | score  216.61 | avg100  193.71 | grasp100  90.0% | best 1.000 |     34 st/s
    done(50): success=44 t_flicker=6
Ep 33250 | score  207.75 | avg100  199.56 | grasp100  93.0% | best 1.000 |     34 st/s
    done(50): success=49 t_flicker=1
Ep 33300 | score  206.12 | avg100  206.59 | grasp100  97.0% | best 1.000 |     34 st/s
    done(50): success=48 t_flicker=2
Ep 33350 | score  197.63 | avg100  203.53 | grasp100  94.0% | best 1.000 |     34 st/s
    done(50): success=46 t_flicker=3 t_touched=1
Ep 33400 | score  205.52 | avg100  202.32 | grasp100  94.0% | best 1.000 |     34 st/s
    done(50): success=48 t_flicker=2
Ep 33450 | score  206.33 | avg100  204.79 | grasp100  96.0% | best 1.000 |     34 st/s
    done(50): success=48 t_flicker=2
Ep 33500 | score  207.23 | avg100  195.59 | grasp100  89.0% | best 1.000 |     34 st/s
    done(50): success=41 t_flicker=8 t_touched=1
Ep 33550 | score  208.02 | avg100  190.10 | grasp100  86.0% | best 1.000 |     34 st/s
    done(50): success=45 t_flicker=5
Ep 33600 | score  206.70 | avg100  200.84 | grasp100  94.0% | best 1.000 |     34 st/s
    done(50): success=49 t_flicker=1
Ep 33650 | score  209.35 | avg100  198.25 | grasp100  92.0% | best 1.000 |     34 st/s
    done(50): success=43 t_flicker=7
Ep 33700 | score  209.66 | avg100  189.58 | grasp100  86.0% | best 1.000 |     34 st/s
    done(50): success=43 t_flicker=6 t_touched=1
Ep 33750 | score  200.31 | avg100  191.23 | grasp100  86.0% | best 1.000 |     34 st/s
    done(50): success=43 t_flicker=7
  [primacy-bias reset of critic heads @ 525000 updates]
Ep 33800 | score  -60.10 | avg100  195.16 | grasp100  90.0% | best 1.000 |     34 st/s
    done(50): success=47 t_flicker=3
Ep 33850 | score  207.92 | avg100   64.82 | grasp100  48.0% | best 1.000 |     34 st/s
    done(50): success=1 t_flicker=2 t_touched=4 t_no_reach=43
Ep 33900 | score  208.95 | avg100   43.60 | grasp100  34.0% | best 1.000 |     34 st/s
    done(50): success=33 t_flicker=9 t_touched=8
Ep 33950 | score  207.69 | avg100  173.92 | grasp100  77.0% | best 1.000 |     34 st/s
    done(50): success=44 t_flicker=4 t_touched=2
Ep 34000 | score  208.70 | avg100  194.24 | grasp100  87.0% | best 1.000 |     34 st/s
    done(50): success=43 t_flicker=7
Ep 34050 | score  207.21 | avg100  200.78 | grasp100  91.0% | best 1.000 |     34 st/s
    done(50): success=48 t_flicker=2
Ep 34100 | score  208.88 | avg100  206.10 | grasp100  97.0% | best 1.000 |     34 st/s
    done(50): success=49 t_flicker=1
Ep 34150 | score  201.62 | avg100  204.42 | grasp100  96.0% | best 1.000 |     34 st/s
    done(50): success=47 t_flicker=3
Ep 34200 | score   56.55 | avg100  207.35 | grasp100  96.0% | best 1.000 |     34 st/s
    done(50): success=49 t_flicker=1
Ep 34250 | score  207.67 | avg100  209.34 | grasp100  98.0% | best 1.000 |     34 st/s
    done(50): success=49 t_flicker=1
Ep 34300 | score  209.06 | avg100  206.12 | grasp100  98.0% | best 1.000 |     34 st/s
    done(50): success=49 t_flicker=1
Ep 34350 | score  204.23 | avg100  201.53 | grasp100  94.0% | best 1.000 |     34 st/s
    done(50): success=45 t_flicker=5
Ep 34400 | score  204.75 | avg100  197.04 | grasp100  91.0% | best 1.000 |     34 st/s
    done(50): success=46 t_flicker=4
Ep 34450 | score  207.77 | avg100  201.82 | grasp100  95.0% | best 1.000 |     34 st/s
    done(50): success=49 t_flicker=1
Ep 34500 | score  208.86 | avg100  207.66 | grasp100  99.0% | best 1.000 |     34 st/s
    done(50): success=50
Ep 34550 | score  207.08 | avg100  205.19 | grasp100  96.0% | best 1.000 |     34 st/s
    done(50): success=46 t_flicker=4
Ep 34600 | score  209.09 | avg100  199.71 | grasp100  93.0% | best 1.000 |     34 st/s
    done(50): success=47 t_flicker=2 t_touched=1
Ep 34650 | score  205.70 | avg100  198.29 | grasp100  93.0% | best 1.000 |     34 st/s
    done(50): success=46 t_flicker=4
Ep 34700 | score  196.86 | avg100  201.64 | grasp100  94.0% | best 1.000 |     34 st/s
    done(50): success=48 t_flicker=2
Ep 34750 | score  207.03 | avg100  198.64 | grasp100  92.0% | best 1.000 |     34 st/s
    done(50): success=44 t_flicker=5 t_touched=1
Ep 34800 | score  203.40 | avg100  197.33 | grasp100  92.0% | best 1.000 |     34 st/s
    done(50): success=48 t_flicker=1 t_touched=1
Ep 34850 | score  209.37 | avg100  200.80 | grasp100  94.0% | best 1.000 |     34 st/s
    done(50): success=46 t_flicker=4
Ep 34900 | score  208.88 | avg100  201.49 | grasp100  94.0% | best 1.000 |     34 st/s
    done(50): success=48 t_flicker=2
Ep 34950 | score  208.42 | avg100  200.73 | grasp100  94.0% | best 1.000 |     34 st/s
    done(50): success=46 t_flicker=4
Ep 35000 | score  210.92 | avg100  204.25 | grasp100  96.0% | best 1.000 |     34 st/s
    done(50): success=50
Ep 35050 | score  210.13 | avg100  204.85 | grasp100  98.0% | best 1.000 |     34 st/s
    done(50): success=48 t_flicker=1 t_no_reach=1
Ep 35100 | score  206.00 | avg100  202.10 | grasp100  96.0% | best 1.000 |     34 st/s
    done(50): success=48 t_flicker=2
Ep 35150 | score  214.13 | avg100  205.79 | grasp100  96.0% | best 1.000 |     34 st/s
    done(50): success=48 t_flicker=2
Ep 35200 | score   99.81 | avg100  203.88 | grasp100  96.0% | best 1.000 |     34 st/s
    done(50): success=48 t_flicker=2
Ep 35250 | score  206.09 | avg100  197.12 | grasp100  92.0% | best 1.000 |     34 st/s
    done(50): success=44 t_flicker=6
Ep 35300 | score  209.26 | avg100  201.29 | grasp100  93.0% | best 1.000 |     34 st/s
    done(50): success=49 t_flicker=1
Ep 35350 | score  206.06 | avg100  207.98 | grasp100  98.0% | best 1.000 |     34 st/s
    done(50): success=49 t_flicker=1
Ep 35400 | score  202.08 | avg100  204.36 | grasp100  96.0% | best 1.000 |     34 st/s
    done(50): success=47 t_flicker=3
Ep 35450 | score  207.11 | avg100  203.58 | grasp100  95.0% | best 1.000 |     34 st/s
    done(50): success=48 t_flicker=2
Ep 35500 | score  206.65 | avg100  204.73 | grasp100  96.0% | best 1.000 |     34 st/s
    done(50): success=48 t_flicker=2
Ep 35550 | score  205.70 | avg100  203.19 | grasp100  96.0% | best 1.000 |     34 st/s
    done(50): success=48 t_flicker=1 t_touched=1
  [primacy-bias reset of critic heads @ 550000 updates]
Ep 35600 | score   89.77 | avg100   77.51 | grasp100  52.0% | best 1.000 |     34 st/s
    done(50): success=4 t_flicker=1 t_touched=3 t_no_reach=42
Ep 35650 | score  231.45 | avg100   47.62 | grasp100  36.0% | best 1.000 |     34 st/s
    done(50): success=32 t_flicker=9 t_touched=6 t_no_reach=3
Ep 35700 | score   95.48 | avg100  164.93 | grasp100  75.0% | best 1.000 |     34 st/s
    done(50): success=43 t_flicker=6 t_touched=1
Ep 35750 | score  209.16 | avg100  191.66 | grasp100  88.0% | best 1.000 |     34 st/s
    done(50): success=45 t_flicker=4 t_touched=1
Ep 35800 | score   81.72 | avg100  193.96 | grasp100  88.0% | best 1.000 |     34 st/s
    done(50): success=43 t_flicker=5 t_touched=2
Ep 35850 | score  208.94 | avg100  197.26 | grasp100  90.0% | best 1.000 |     34 st/s
    done(50): success=47 t_flicker=3
Ep 35900 | score  222.88 | avg100  205.53 | grasp100  96.0% | best 1.000 |     34 st/s
    done(50): success=49 t_flicker=1
Ep 35950 | score  209.63 | avg100  207.64 | grasp100  98.0% | best 1.000 |     34 st/s
    done(50): success=49 t_flicker=1
Ep 36000 | score  209.34 | avg100  206.21 | grasp100  98.0% | best 1.000 |     34 st/s
    done(50): success=49 t_flicker=1
Ep 36050 | score  209.89 | avg100  207.37 | grasp100  99.0% | best 1.000 |     34 st/s
    done(50): success=50
Ep 36100 | score  206.82 | avg100  207.21 | grasp100  99.0% | best 1.000 |     34 st/s
    done(50): success=49 t_flicker=1
Ep 36150 | score  208.44 | avg100  205.01 | grasp100  97.0% | best 1.000 |     34 st/s
    done(50): success=48 t_flicker=2
Ep 36200 | score  205.85 | avg100  202.74 | grasp100  95.0% | best 1.000 |     34 st/s
    done(50): success=47 t_flicker=3
Ep 36250 | score  205.84 | avg100  204.08 | grasp100  96.0% | best 1.000 |     34 st/s
    done(50): success=49 t_flicker=1
Ep 36300 | score  210.01 | avg100  206.52 | grasp100  98.0% | best 1.000 |     34 st/s
    done(50): success=49 t_flicker=1
Ep 36350 | score  209.24 | avg100  203.63 | grasp100  96.0% | best 1.000 |     34 st/s
    done(50): success=47 t_flicker=3
Ep 36400 | score  206.76 | avg100  205.90 | grasp100  97.0% | best 1.000 |     34 st/s
    done(50): success=50
Ep 36450 | score  206.68 | avg100  210.53 | grasp100 100.0% | best 1.000 |     34 st/s
    done(50): success=50
Ep 36500 | score  211.59 | avg100  208.50 | grasp100  99.0% | best 1.000 |     34 st/s
    done(50): success=49 t_flicker=1
Ep 36550 | score  209.25 | avg100  205.77 | grasp100  97.0% | best 1.000 |     34 st/s
    done(50): success=48 t_flicker=2
Ep 36600 | score  203.93 | avg100  202.12 | grasp100  95.0% | best 1.000 |     34 st/s
    done(50): success=47 t_flicker=2 t_touched=1
Ep 36650 | score  208.84 | avg100  200.77 | grasp100  95.0% | best 1.000 |     34 st/s
    done(50): success=48 t_flicker=2
Ep 36700 | score  211.28 | avg100  203.33 | grasp100  96.0% | best 1.000 |     34 st/s
    done(50): success=48 t_flicker=2
Ep 36750 | score  231.26 | avg100  204.37 | grasp100  95.0% | best 1.000 |     34 st/s
    done(50): success=47 t_flicker=3
Ep 36800 | score  206.01 | avg100  202.22 | grasp100  94.0% | best 1.000 |     34 st/s
    done(50): success=47 t_flicker=2 t_touched=1
Ep 36850 | score  210.15 | avg100  204.31 | grasp100  96.0% | best 1.000 |     34 st/s
    done(50): success=49 t_flicker=1
Ep 36900 | score  208.84 | avg100  205.17 | grasp100  96.0% | best 1.000 |     34 st/s
    done(50): success=47 t_flicker=2 t_touched=1
Ep 36950 | score  208.30 | avg100  200.56 | grasp100  94.0% | best 1.000 |     34 st/s
    done(50): success=47 t_flicker=3
Ep 37000 | score  206.00 | avg100  200.73 | grasp100  95.0% | best 1.000 |     34 st/s
    done(50): success=48 t_flicker=1 t_touched=1
Ep 37050 | score  208.43 | avg100  201.39 | grasp100  95.0% | best 1.000 |     34 st/s
    done(50): success=47 t_flicker=3
Ep 37100 | score  235.06 | avg100  201.12 | grasp100  93.0% | best 1.000 |     34 st/s
    done(50): success=46 t_flicker=4
Ep 37150 | score  216.28 | avg100  202.54 | grasp100  94.0% | best 1.000 |     34 st/s
    done(50): success=48 t_flicker=2
Ep 37200 | score  206.88 | avg100  202.54 | grasp100  95.0% | best 1.000 |     34 st/s
    done(50): success=47 t_flicker=2 t_touched=1
Ep 37250 | score  208.93 | avg100  206.44 | grasp100  97.0% | best 1.000 |     34 st/s
    done(50): success=50
Ep 37300 | score  211.77 | avg100  209.19 | grasp100  99.0% | best 1.000 |     34 st/s
    done(50): success=49 t_flicker=1
Ep 37350 | score  211.28 | avg100  204.53 | grasp100  97.0% | best 1.000 |     34 st/s
    done(50): success=48 t_flicker=2
Ep 37400 | score  207.75 | avg100  205.34 | grasp100  98.0% | best 1.000 |     34 st/s
    done(50): success=50
  [primacy-bias reset of critic heads @ 575000 updates]
Ep 37450 | score  -79.10 | avg100  126.71 | grasp100  69.0% | best 1.000 |     34 st/s
    done(50): success=19 t_flicker=5 t_no_reach=26
Ep 37500 | score  207.50 | avg100   22.25 | grasp100  27.0% | best 1.000 |     34 st/s
    done(50): success=8 t_flicker=11 t_touched=5 t_no_reach=26
Ep 37550 | score   58.92 | avg100   98.83 | grasp100  53.0% | best 1.000 |     34 st/s
    done(50): success=45 t_flicker=3 t_touched=2
Ep 37600 | score  208.33 | avg100  195.07 | grasp100  90.0% | best 1.000 |     34 st/s
    done(50): success=45 t_flicker=3 t_touched=2
Ep 37650 | score  208.51 | avg100  193.29 | grasp100  90.0% | best 1.000 |     34 st/s
    done(50): success=45 t_flicker=5
Ep 37700 | score  210.00 | avg100  197.46 | grasp100  92.0% | best 1.000 |     34 st/s
    done(50): success=47 t_flicker=2 t_touched=1
Ep 37750 | score  209.48 | avg100  205.13 | grasp100  97.0% | best 1.000 |     34 st/s
    done(50): success=50
Ep 37800 | score  209.92 | avg100  206.12 | grasp100  98.0% | best 1.000 |     34 st/s
    done(50): success=48 t_flicker=1 t_touched=1
Ep 37850 | score  207.39 | avg100  205.70 | grasp100  98.0% | best 1.000 |     34 st/s
    done(50): success=50
Ep 37900 | score  208.06 | avg100  208.22 | grasp100 100.0% | best 1.000 |     34 st/s
    done(50): success=50
Ep 37950 | score  209.12 | avg100  208.40 | grasp100 100.0% | best 1.000 |     34 st/s
    done(50): success=50
Ep 38000 | score  207.97 | avg100  207.39 | grasp100  99.0% | best 1.000 |     34 st/s
    done(50): success=49 t_flicker=1
Ep 38050 | score  210.31 | avg100  202.37 | grasp100  95.0% | best 1.000 |     34 st/s
    done(50): success=46 t_flicker=4
Ep 38100 | score  208.46 | avg100  202.81 | grasp100  95.0% | best 1.000 |     34 st/s
    done(50): success=49 t_flicker=1
Ep 38150 | score  209.19 | avg100  204.79 | grasp100  96.0% | best 1.000 |     34 st/s
    done(50): success=47 t_flicker=3
Ep 38200 | score  210.35 | avg100  201.93 | grasp100  93.0% | best 1.000 |     34 st/s
    done(50): success=46 t_flicker=4
Ep 38250 | score  225.61 | avg100  204.68 | grasp100  96.0% | best 1.000 |     34 st/s
    done(50): success=50
Ep 38300 | score  209.49 | avg100  201.31 | grasp100  95.0% | best 1.000 |     34 st/s
    done(50): success=45 t_flicker=4 t_touched=1
Ep 38350 | score  206.67 | avg100  199.47 | grasp100  93.0% | best 1.000 |     34 st/s
    done(50): success=48 t_flicker=2
Ep 38400 | score  206.95 | avg100  202.06 | grasp100  94.0% | best 1.000 |     34 st/s
    done(50): success=46 t_flicker=4
Ep 38450 | score  206.97 | avg100  199.41 | grasp100  93.0% | best 1.000 |     34 st/s
    done(50): success=47 t_flicker=3
Ep 38500 | score  208.43 | avg100  203.89 | grasp100  96.0% | best 1.000 |     34 st/s
    done(50): success=49 t_flicker=1
Ep 38550 | score   60.42 | avg100  207.63 | grasp100  97.0% | best 1.000 |     34 st/s
    done(50): success=48 t_flicker=2
Ep 38600 | score  209.24 | avg100  206.65 | grasp100  97.0% | best 1.000 |     34 st/s
    done(50): success=49 t_flicker=1
Ep 38650 | score  210.55 | avg100  202.74 | grasp100  95.0% | best 1.000 |     34 st/s
    done(50): success=46 t_flicker=4
Ep 38700 | score  210.38 | avg100  201.92 | grasp100  94.0% | best 1.000 |     34 st/s
    done(50): success=48 t_flicker=2
Ep 38750 | score  208.08 | avg100  205.48 | grasp100  97.0% | best 1.000 |     34 st/s
    done(50): success=49 t_flicker=1
Ep 38800 | score  210.87 | avg100  207.77 | grasp100  99.0% | best 1.000 |     34 st/s
    done(50): success=50
Ep 38850 | score  206.47 | avg100  199.50 | grasp100  94.0% | best 1.000 |     34 st/s
    done(50): success=44 t_flicker=4 t_touched=2
Ep 38900 | score  208.88 | avg100  194.29 | grasp100  89.0% | best 1.000 |     34 st/s
    done(50): success=45 t_flicker=5
Ep 38950 | score  209.23 | avg100  202.73 | grasp100  94.0% | best 1.000 |     34 st/s
    done(50): success=49 t_flicker=1
Ep 39000 | score  207.46 | avg100  204.28 | grasp100  96.0% | best 1.000 |     34 st/s
    done(50): success=47 t_flicker=3
Ep 39050 | score  210.53 | avg100  203.89 | grasp100  96.0% | best 1.000 |     34 st/s
    done(50): success=49 t_flicker=1
Ep 39100 | score  208.76 | avg100  204.28 | grasp100  96.0% | best 1.000 |     34 st/s
    done(50): success=47 t_flicker=3
Ep 39150 | score  210.50 | avg100  202.90 | grasp100  95.0% | best 1.000 |     34 st/s
    done(50): success=48 t_flicker=2
Ep 39200 | score  207.60 | avg100  203.18 | grasp100  95.0% | best 1.000 |     34 st/s
    done(50): success=47 t_flicker=3
Ep 39250 | score  208.47 | avg100  200.77 | grasp100  93.0% | best 1.000 |     34 st/s
    done(50): success=46 t_flicker=4
  [primacy-bias reset of critic heads @ 600000 updates]
Ep 39300 | score  -63.56 | avg100  108.14 | grasp100  58.0% | best 1.000 |     34 st/s
    done(50): success=12 t_flicker=5 t_touched=13 t_no_reach=20
Ep 39350 | score  209.12 | avg100   76.12 | grasp100  42.0% | best 1.000 |     34 st/s
    done(50): success=30 t_flicker=5 t_touched=13 t_no_reach=2
Ep 39400 | score   60.92 | avg100  154.73 | grasp100  70.0% | best 1.000 |     34 st/s
    done(50): success=40 t_flicker=7 t_touched=3
Ep 39450 | score  208.81 | avg100  187.26 | grasp100  87.0% | best 1.000 |     34 st/s
    done(50): success=47 t_flicker=2 t_touched=1
Ep 39500 | score  208.21 | avg100  204.31 | grasp100  97.0% | best 1.000 |     34 st/s
    done(50): success=50
Ep 39550 | score  207.86 | avg100  205.58 | grasp100  97.0% | best 1.000 |     34 st/s
    done(50): success=47 t_flicker=3
Ep 39600 | score  209.55 | avg100  204.47 | grasp100  96.0% | best 1.000 |     34 st/s
    done(50): success=49 t_flicker=1
Ep 39650 | score  211.52 | avg100  207.02 | grasp100  98.0% | best 1.000 |     34 st/s
    done(50): success=49 t_touched=1
Ep 39700 | score  228.13 | avg100  203.43 | grasp100  96.0% | best 1.000 |     34 st/s
    done(50): success=47 t_flicker=2 t_touched=1
Ep 39750 | score  212.08 | avg100  201.76 | grasp100  94.0% | best 1.000 |     34 st/s
    done(50): success=47 t_flicker=3
Ep 39800 | score  207.75 | avg100  204.49 | grasp100  95.0% | best 1.000 |     34 st/s
    done(50): success=48 t_flicker=2
Ep 39850 | score  246.90 | avg100  202.95 | grasp100  94.0% | best 1.000 |     34 st/s
    done(50): success=46 t_flicker=4
Ep 39900 | score  208.66 | avg100  202.02 | grasp100  94.0% | best 1.000 |     34 st/s
    done(50): success=48 t_flicker=2
Ep 39950 | score  207.42 | avg100  205.10 | grasp100  97.0% | best 1.000 |     34 st/s
    done(50): success=49 t_flicker=1
Ep 40000 | score  207.39 | avg100  205.06 | grasp100  97.0% | best 1.000 |     34 st/s
    done(50): success=48 t_flicker=2
Ep 40050 | score  203.90 | avg100  204.44 | grasp100  96.0% | best 1.000 |     34 st/s
    done(50): success=48 t_flicker=1 t_touched=1
Ep 40100 | score  206.47 | avg100  204.46 | grasp100  96.0% | best 1.000 |     34 st/s
    done(50): success=48 t_flicker=2
Ep 40150 | score  209.08 | avg100  203.27 | grasp100  96.0% | best 1.000 |     34 st/s
    done(50): success=48 t_flicker=2
Ep 40200 | score  252.82 | avg100  204.45 | grasp100  97.0% | best 1.000 |     34 st/s
    done(50): success=49 t_flicker=1
Ep 40250 | score  209.17 | avg100  206.96 | grasp100  98.0% | best 1.000 |     34 st/s
    done(50): success=49 t_flicker=1
Ep 40300 | score  208.24 | avg100  204.43 | grasp100  96.0% | best 1.000 |     34 st/s
    done(50): success=47 t_flicker=3
Ep 40350 | score  209.43 | avg100  202.90 | grasp100  96.0% | best 1.000 |     34 st/s
    done(50): success=49 t_flicker=1
Ep 40400 | score  226.26 | avg100  202.21 | grasp100  96.0% | best 1.000 |     34 st/s
    done(50): success=47 t_flicker=2 t_touched=1
Ep 40450 | score  209.17 | avg100  201.34 | grasp100  94.0% | best 1.000 |     34 st/s
    done(50): success=47 t_flicker=3
Ep 40500 | score  209.06 | avg100  201.06 | grasp100  94.0% | best 1.000 |     34 st/s
    done(50): success=47 t_flicker=2 t_touched=1
Ep 40550 | score  210.43 | avg100  200.97 | grasp100  95.0% | best 1.000 |     34 st/s
    done(50): success=48 t_flicker=2
Ep 40600 | score  213.26 | avg100  202.29 | grasp100  95.0% | best 1.000 |     34 st/s
    done(50): success=47 t_flicker=3
Ep 40650 | score  227.74 | avg100  202.91 | grasp100  95.0% | best 1.000 |     34 st/s
    done(50): success=48 t_flicker=2
Ep 40700 | score  209.63 | avg100  203.33 | grasp100  95.0% | best 1.000 |     34 st/s
    done(50): success=47 t_flicker=3
Ep 40750 | score  207.29 | avg100  206.73 | grasp100  97.0% | best 1.000 |     34 st/s
    done(50): success=50
Ep 40800 | score  208.08 | avg100  208.44 | grasp100  98.0% | best 1.000 |     34 st/s
    done(50): success=48 t_flicker=2
Ep 40850 | score  207.42 | avg100  205.03 | grasp100  96.0% | best 1.000 |     34 st/s
    done(50): success=48 t_flicker=2
Ep 40900 | score  210.83 | avg100  205.47 | grasp100  97.0% | best 1.000 |     34 st/s
    done(50): success=49 t_flicker=1
Ep 40950 | score  206.09 | avg100  202.94 | grasp100  95.0% | best 1.000 |     34 st/s
    done(50): success=46 t_flicker=4
Ep 41000 | score  206.74 | avg100  201.15 | grasp100  94.0% | best 1.000 |     34 st/s
    done(50): success=48 t_flicker=2
Ep 41050 | score  207.81 | avg100  200.75 | grasp100  94.0% | best 1.000 |     34 st/s
    done(50): success=46 t_flicker=3 t_touched=1
Ep 41100 | score  204.97 | avg100  201.82 | grasp100  94.0% | best 1.000 |     34 st/s
    done(50): success=48 t_flicker=2
  [primacy-bias reset of critic heads @ 625000 updates]
Ep 41150 | score  -73.17 | avg100  195.34 | grasp100  94.0% | best 1.000 |     34 st/s
    done(50): success=46 t_touched=1 t_no_reach=3
Ep 41200 | score  -60.63 | avg100   54.46 | grasp100  46.0% | best 1.000 |     34 st/s
    done(50): t_flicker=1 t_touched=2 t_no_reach=47
Ep 41250 | score  205.48 | avg100   42.46 | grasp100  37.0% | best 1.000 |     34 st/s
    done(50): success=37 t_flicker=6 t_touched=6 t_no_reach=1
Ep 41300 | score  208.07 | avg100  174.78 | grasp100  81.0% | best 1.000 |     34 st/s
    done(50): success=44 t_flicker=4 t_touched=2
Ep 41350 | score  213.97 | avg100  190.87 | grasp100  87.0% | best 1.000 |     34 st/s
    done(50): success=43 t_flicker=7
Ep 41400 | score  208.36 | avg100  197.14 | grasp100  88.0% | best 1.000 |     34 st/s
    done(50): success=45 t_flicker=5
Ep 41450 | score  207.13 | avg100  202.32 | grasp100  93.0% | best 1.000 |     34 st/s
    done(50): success=48 t_flicker=2
Ep 41500 | score  208.40 | avg100  204.35 | grasp100  96.0% | best 1.000 |     34 st/s
    done(50): success=48 t_flicker=2
Ep 41550 | score  206.91 | avg100  207.67 | grasp100  98.0% | best 1.000 |     34 st/s
    done(50): success=50
Ep 41600 | score  208.55 | avg100  209.42 | grasp100 100.0% | best 1.000 |     34 st/s
    done(50): success=50
Ep 41650 | score   94.77 | avg100  206.30 | grasp100  98.0% | best 1.000 |     34 st/s
    done(50): success=48 t_flicker=2
Ep 41700 | score  210.95 | avg100  201.24 | grasp100  95.0% | best 1.000 |     34 st/s
    done(50): success=47 t_flicker=2 t_touched=1
Ep 41750 | score  224.64 | avg100  202.79 | grasp100  95.0% | best 1.000 |     34 st/s
    done(50): success=48 t_flicker=2
Ep 41800 | score  210.36 | avg100  204.84 | grasp100  95.0% | best 1.000 |     34 st/s
    done(50): success=47 t_flicker=3
Ep 41850 | score  205.70 | avg100  203.89 | grasp100  95.0% | best 1.000 |     34 st/s
    done(50): success=48 t_flicker=2
Ep 41900 | score  207.83 | avg100  201.08 | grasp100  93.0% | best 1.000 |     34 st/s
    done(50): success=45 t_flicker=5
Ep 41950 | score  211.60 | avg100  199.28 | grasp100  91.0% | best 1.000 |     34 st/s
    done(50): success=46 t_flicker=4
Ep 42000 | score  208.34 | avg100  202.33 | grasp100  94.0% | best 1.000 |     34 st/s
    done(50): success=48 t_flicker=1 t_touched=1
Ep 42050 | score  229.43 | avg100  202.97 | grasp100  96.0% | best 1.000 |     34 st/s
    done(50): success=48 t_flicker=2
Ep 42100 | score  210.32 | avg100  205.04 | grasp100  97.0% | best 1.000 |     34 st/s
    done(50): success=49 t_flicker=1
Ep 42150 | score  202.68 | avg100  204.75 | grasp100  96.0% | best 1.000 |     34 st/s
    done(50): success=47 t_flicker=3
Ep 42200 | score  206.07 | avg100  202.80 | grasp100  94.0% | best 1.000 |     34 st/s
    done(50): success=47 t_flicker=3
Ep 42250 | score  208.86 | avg100  203.36 | grasp100  95.0% | best 1.000 |     34 st/s
    done(50): success=48 t_flicker=2
Ep 42300 | score  208.37 | avg100  203.50 | grasp100  96.0% | best 1.000 |     34 st/s
    done(50): success=48 t_flicker=2
Ep 42350 | score  224.60 | avg100  199.36 | grasp100  93.0% | best 1.000 |     34 st/s
    done(50): success=45 t_flicker=4 t_touched=1
Ep 42400 | score  207.35 | avg100  198.55 | grasp100  92.0% | best 1.000 |     34 st/s
    done(50): success=47 t_flicker=3
Ep 42450 | score  210.11 | avg100  203.01 | grasp100  94.0% | best 1.000 |     34 st/s
    done(50): success=47 t_flicker=3
Ep 42500 | score  207.43 | avg100  205.35 | grasp100  96.0% | best 1.000 |     34 st/s
    done(50): success=49 t_flicker=1
Ep 42550 | score  211.10 | avg100  206.82 | grasp100  98.0% | best 1.000 |     34 st/s
    done(50): success=49 t_touched=1
Ep 42600 | score   98.71 | avg100  203.74 | grasp100  96.0% | best 1.000 |     34 st/s
    done(50): success=47 t_flicker=3
Ep 42650 | score  207.63 | avg100  197.20 | grasp100  91.0% | best 1.000 |     34 st/s
    done(50): success=44 t_flicker=6
Ep 42700 | score  206.05 | avg100  192.92 | grasp100  87.0% | best 1.000 |     34 st/s
    done(50): success=43 t_flicker=7
Ep 42750 | score  206.91 | avg100  199.57 | grasp100  92.0% | best 1.000 |     34 st/s
    done(50): success=49 t_flicker=1
Ep 42800 | score  206.78 | avg100  205.65 | grasp100  97.0% | best 1.000 |     34 st/s
    done(50): success=48 t_flicker=2
Ep 42850 | score  239.62 | avg100  204.02 | grasp100  96.0% | best 1.000 |     34 st/s
    done(50): success=48 t_flicker=2
Ep 42900 | score  209.92 | avg100  203.74 | grasp100  96.0% | best 1.000 |     34 st/s
    done(50): success=48 t_flicker=2
  [primacy-bias reset of critic heads @ 650000 updates]
Ep 42950 | score  -35.82 | avg100  202.35 | grasp100  96.0% | best 1.000 |     34 st/s
    done(50): success=48 t_flicker=1 t_touched=1
Ep 43000 | score   22.04 | avg100  106.77 | grasp100  61.0% | best 1.000 |     34 st/s
    done(50): success=13 t_flicker=4 t_touched=7 t_no_reach=26
Ep 43050 | score  206.28 | avg100   96.39 | grasp100  52.0% | best 1.000 |     34 st/s
    done(50): success=39 t_flicker=9 t_touched=2
Ep 43100 | score  207.21 | avg100  186.33 | grasp100  83.0% | best 1.000 |     34 st/s
    done(50): success=44 t_flicker=6
Ep 43150 | score  205.55 | avg100  199.32 | grasp100  93.0% | best 1.000 |     34 st/s
    done(50): success=49 t_flicker=1
Ep 43200 | score   65.56 | avg100  206.36 | grasp100  98.0% | best 1.000 |     34 st/s
    done(50): success=49 t_flicker=1
Ep 43250 | score   88.58 | avg100  203.74 | grasp100  96.0% | best 1.000 |     34 st/s
    done(50): success=47 t_flicker=3
Ep 43300 | score  209.89 | avg100  202.54 | grasp100  95.0% | best 1.000 |     34 st/s
    done(50): success=48 t_flicker=2
Ep 43350 | score  207.49 | avg100  203.92 | grasp100  96.0% | best 1.000 |     34 st/s
    done(50): success=48 t_flicker=2
Ep 43400 | score  209.04 | avg100  203.93 | grasp100  96.0% | best 1.000 |     34 st/s
    done(50): success=48 t_flicker=2
Ep 43450 | score  207.95 | avg100  203.45 | grasp100  95.0% | best 1.000 |     34 st/s
    done(50): success=47 t_flicker=3
Ep 43500 | score  206.32 | avg100  203.49 | grasp100  95.0% | best 1.000 |     34 st/s
    done(50): success=48 t_flicker=2
Ep 43550 | score   94.38 | avg100  201.64 | grasp100  95.0% | best 1.000 |     34 st/s
    done(50): success=47 t_flicker=2 t_touched=1
Ep 43600 | score  209.77 | avg100  199.94 | grasp100  94.0% | best 1.000 |     34 st/s
    done(50): success=47 t_flicker=3
Ep 43650 | score  211.04 | avg100  202.78 | grasp100  95.0% | best 1.000 |     34 st/s
    done(50): success=48 t_flicker=2
Ep 43700 | score  211.51 | avg100  203.15 | grasp100  96.0% | best 1.000 |     34 st/s
    done(50): success=48 t_flicker=2
Ep 43750 | score  209.16 | avg100  203.01 | grasp100  96.0% | best 1.000 |     34 st/s
    done(50): success=48 t_flicker=2
Ep 43800 | score  208.54 | avg100  204.93 | grasp100  97.0% | best 1.000 |     34 st/s
    done(50): success=49 t_flicker=1
Ep 43850 | score  207.14 | avg100  203.59 | grasp100  96.0% | best 1.000 |     34 st/s
    done(50): success=47 t_flicker=3
Ep 43900 | score  208.10 | avg100  204.90 | grasp100  96.0% | best 1.000 |     34 st/s
    done(50): success=49 t_flicker=1
Ep 43950 | score  206.04 | avg100  205.83 | grasp100  97.0% | best 1.000 |     34 st/s
    done(50): success=48 t_flicker=1 t_touched=1
Ep 44000 | score  210.49 | avg100  207.38 | grasp100  98.0% | best 1.000 |     34 st/s
    done(50): success=50
Ep 44050 | score  210.49 | avg100  208.81 | grasp100  99.0% | best 1.000 |     33 st/s
    done(50): success=49 t_flicker=1
Ep 44100 | score  208.07 | avg100  205.28 | grasp100  97.0% | best 1.000 |     33 st/s
    done(50): success=48 t_flicker=2
Ep 44150 | score  206.29 | avg100  205.03 | grasp100  97.0% | best 1.000 |     33 st/s
    done(50): success=49 t_flicker=1
Ep 44200 | score  210.24 | avg100  206.59 | grasp100  98.0% | best 1.000 |     33 st/s
    done(50): success=49 t_flicker=1
Ep 44250 | score  206.59 | avg100  202.95 | grasp100  96.0% | best 1.000 |     33 st/s
    done(50): success=47 t_flicker=3
Ep 44300 | score  209.74 | avg100  203.77 | grasp100  96.0% | best 1.000 |     33 st/s
    done(50): success=49 t_touched=1
Ep 44350 | score  206.80 | avg100  207.79 | grasp100  98.0% | best 1.000 |     33 st/s
    done(50): success=49 t_flicker=1
Ep 44400 | score  214.14 | avg100  207.34 | grasp100  98.0% | best 1.000 |     33 st/s
    done(50): success=49 t_flicker=1
Ep 44450 | score  207.95 | avg100  204.92 | grasp100  96.0% | best 1.000 |     33 st/s
    done(50): success=47 t_flicker=3
Ep 44500 | score  210.78 | avg100  203.20 | grasp100  95.0% | best 1.000 |     33 st/s
    done(50): success=48 t_flicker=2
Ep 44550 | score  210.21 | avg100  203.23 | grasp100  95.0% | best 1.000 |     33 st/s
    done(50): success=47 t_flicker=3
Ep 44600 | score  209.05 | avg100  202.46 | grasp100  95.0% | best 1.000 |     33 st/s
    done(50): success=48 t_flicker=2
Ep 44650 | score  206.44 | avg100  200.86 | grasp100  94.0% | best 1.000 |     33 st/s
    done(50): success=46 t_flicker=4
Ep 44700 | score  206.23 | avg100  200.90 | grasp100  93.0% | best 1.000 |     33 st/s
    done(50): success=47 t_flicker=2 t_touched=1
Ep 44750 | score  207.31 | avg100  201.27 | grasp100  94.0% | best 1.000 |     33 st/s
    done(50): success=47 t_flicker=3
Ep 44800 | score  207.04 | avg100  203.03 | grasp100  96.0% | best 1.000 |     33 st/s
    done(50): success=49 t_flicker=1
Ep 44850 | score  207.22 | avg100  206.93 | grasp100  99.0% | best 1.000 |     33 st/s
    done(50): success=50
Ep 44900 | score  206.73 | avg100  202.68 | grasp100  96.0% | best 1.000 |     33 st/s
    done(50): success=46 t_flicker=4
Ep 44950 | score  205.98 | avg100  198.40 | grasp100  93.0% | best 1.000 |     33 st/s
    done(50): success=47 t_flicker=3
Ep 45000 | score  206.19 | avg100  201.47 | grasp100  95.0% | best 1.000 |     33 st/s
    done(50): success=48 t_flicker=2
  [primacy-bias reset of critic heads @ 675000 updates]
Ep 45050 | score  -77.39 | avg100  135.81 | grasp100  72.0% | best 1.000 |     33 st/s
    done(50): success=24 t_flicker=2 t_touched=1 t_no_reach=23
Ep 45100 | score   95.30 | avg100   71.83 | grasp100  41.0% | best 1.000 |     33 st/s
    done(50): success=17 t_flicker=14 t_touched=4 t_no_reach=15
Ep 45150 | score  209.16 | avg100  129.58 | grasp100  57.0% | best 1.000 |     33 st/s
    done(50): success=40 t_flicker=9 t_touched=1
Ep 45200 | score  313.94 | avg100  190.45 | grasp100  86.0% | best 1.000 |     33 st/s
    done(50): success=46 t_flicker=3 t_touched=1
Ep 45250 | score  206.43 | avg100  196.87 | grasp100  91.0% | best 1.000 |     33 st/s
    done(50): success=45 t_flicker=4 t_touched=1
Ep 45300 | score  209.09 | avg100  199.69 | grasp100  93.0% | best 1.000 |     33 st/s
    done(50): success=48 t_flicker=2
Ep 45350 | score  217.90 | avg100  203.90 | grasp100  96.0% | best 1.000 |     33 st/s
    done(50): success=48 t_flicker=2
Ep 45400 | score  207.72 | avg100  201.94 | grasp100  93.0% | best 1.000 |     33 st/s
    done(50): success=45 t_flicker=4 t_touched=1
Ep 45450 | score  206.56 | avg100  204.32 | grasp100  95.0% | best 1.000 |     33 st/s
    done(50): success=50
Ep 45500 | score  208.87 | avg100  211.26 | grasp100 100.0% | best 1.000 |     33 st/s
    done(50): success=50
Ep 45550 | score  208.18 | avg100  211.22 | grasp100 100.0% | best 1.000 |     33 st/s
    done(50): success=50
Ep 45600 | score  227.15 | avg100  205.38 | grasp100  97.0% | best 1.000 |     33 st/s
    done(50): success=47 t_flicker=2 t_touched=1
Ep 45650 | score  207.56 | avg100  204.00 | grasp100  96.0% | best 1.000 |     33 st/s
    done(50): success=49 t_flicker=1
Ep 45700 | score  236.52 | avg100  207.65 | grasp100  97.0% | best 1.000 |     33 st/s
    done(50): success=48 t_flicker=2
Ep 45750 | score  205.20 | avg100  207.93 | grasp100  96.0% | best 1.000 |     33 st/s
    done(50): success=48 t_flicker=2
Ep 45800 | score  205.27 | avg100  206.51 | grasp100  97.0% | best 1.000 |     33 st/s
    done(50): success=49 t_flicker=1
Ep 45850 | score  205.59 | avg100  206.21 | grasp100  98.0% | best 1.000 |     33 st/s
    done(50): success=49 t_flicker=1
Ep 45900 | score  207.58 | avg100  205.26 | grasp100  97.0% | best 1.000 |     33 st/s
    done(50): success=48 t_flicker=2
Ep 45950 | score  246.66 | avg100  203.28 | grasp100  96.0% | best 1.000 |     33 st/s
    done(50): success=48 t_flicker=2
Ep 46000 | score  212.73 | avg100  203.29 | grasp100  96.0% | best 1.000 |     33 st/s
    done(50): success=48 t_flicker=2
Ep 46050 | score  208.38 | avg100  207.64 | grasp100  98.0% | best 1.000 |     33 st/s
    done(50): success=50
Ep 46100 | score  206.74 | avg100  210.85 | grasp100 100.0% | best 1.000 |     33 st/s
    done(50): success=50
Ep 46150 | score  213.83 | avg100  206.53 | grasp100  97.0% | best 1.000 |     33 st/s
    done(50): success=47 t_flicker=3
Ep 46200 | score  206.30 | avg100  202.98 | grasp100  95.0% | best 1.000 |     33 st/s
    done(50): success=48 t_flicker=2
Ep 46250 | score  208.49 | avg100  205.82 | grasp100  98.0% | best 1.000 |     33 st/s
    done(50): success=50
Ep 46300 | score  205.94 | avg100  207.20 | grasp100  98.0% | best 1.000 |     33 st/s
    done(50): success=48 t_flicker=2
Ep 46350 | score  206.00 | avg100  206.33 | grasp100  97.0% | best 1.000 |     33 st/s
    done(50): success=49 t_flicker=1
Ep 46400 | score  207.28 | avg100  208.40 | grasp100  99.0% | best 1.000 |     33 st/s
    done(50): success=50
Ep 46450 | score  209.68 | avg100  207.52 | grasp100  98.0% | best 1.000 |     33 st/s
    done(50): success=48 t_flicker=2
Ep 46500 | score  209.56 | avg100  205.57 | grasp100  97.0% | best 1.000 |     33 st/s
    done(50): success=49 t_flicker=1
Ep 46550 | score  207.88 | avg100  207.75 | grasp100  99.0% | best 1.000 |     33 st/s
    done(50): success=50
Ep 46600 | score  207.28 | avg100  207.95 | grasp100  99.0% | best 1.000 |     33 st/s
    done(50): success=49 t_flicker=1
Ep 46650 | score  205.77 | avg100  205.52 | grasp100  97.0% | best 1.000 |     33 st/s
    done(50): success=48 t_flicker=2
Ep 46700 | score  205.75 | avg100  206.67 | grasp100  98.0% | best 1.000 |     33 st/s
    done(50): success=50
Ep 46750 | score  205.77 | avg100  207.20 | grasp100  99.0% | best 1.000 |     33 st/s
    done(50): success=49 t_flicker=1
Ep 46800 | score  207.16 | avg100  207.39 | grasp100  99.0% | best 1.000 |     33 st/s
    done(50): success=50
Ep 46850 | score  207.97 | avg100  206.74 | grasp100  98.0% | best 1.000 |     33 st/s
    done(50): success=48 t_flicker=2
Ep 46900 | score  207.43 | avg100  205.19 | grasp100  97.0% | best 1.000 |     33 st/s
    done(50): success=49 t_flicker=1
  [primacy-bias reset of critic heads @ 700000 updates]
Ep 46950 | score  -79.98 | avg100  160.57 | grasp100  81.0% | best 1.000 |     33 st/s
    done(50): success=32 t_flicker=4 t_no_reach=14
Ep 47000 | score  206.80 | avg100   95.06 | grasp100  56.0% | best 1.000 |     33 st/s
    done(50): success=24 t_flicker=6 t_touched=6 t_no_reach=14
Ep 47050 | score  205.61 | avg100  132.52 | grasp100  67.0% | best 1.000 |     33 st/s
    done(50): success=43 t_flicker=5 t_touched=2
Ep 47100 | score  207.08 | avg100  186.84 | grasp100  85.0% | best 1.000 |     33 st/s
    done(50): success=42 t_flicker=5 t_touched=3
Ep 47150 | score  207.46 | avg100  193.51 | grasp100  90.0% | best 1.000 |     33 st/s
    done(50): success=48 t_flicker=2
Ep 47200 | score  206.88 | avg100  205.15 | grasp100  97.0% | best 1.000 |     33 st/s
    done(50): success=49 t_flicker=1
Ep 47250 | score  208.48 | avg100  207.22 | grasp100  98.0% | best 1.000 |     33 st/s
    done(50): success=49 t_flicker=1
Ep 47300 | score  206.33 | avg100  206.81 | grasp100  98.0% | best 1.000 |     33 st/s
    done(50): success=49 t_flicker=1
Ep 47350 | score  211.35 | avg100  207.35 | grasp100  98.0% | best 1.000 |     33 st/s
    done(50): success=49 t_flicker=1
Ep 47400 | score  208.14 | avg100  202.67 | grasp100  94.0% | best 1.000 |     33 st/s
    done(50): success=45 t_flicker=5
Ep 47450 | score  210.50 | avg100  197.64 | grasp100  91.0% | best 1.000 |     33 st/s
    done(50): success=46 t_flicker=3 t_touched=1
Ep 47500 | score  208.60 | avg100  198.43 | grasp100  93.0% | best 1.000 |     33 st/s
    done(50): success=47 t_flicker=3
Ep 47550 | score  210.89 | avg100  201.81 | grasp100  95.0% | best 1.000 |     33 st/s
    done(50): success=48 t_flicker=2
Ep 47600 | score  208.18 | avg100  203.70 | grasp100  95.0% | best 1.000 |     33 st/s
    done(50): success=47 t_flicker=3
Ep 47650 | score  206.68 | avg100  203.14 | grasp100  95.0% | best 1.000 |     33 st/s
    done(50): success=48 t_flicker=2
Ep 47700 | score  237.32 | avg100  204.85 | grasp100  96.0% | best 1.000 |     33 st/s
    done(50): success=48 t_flicker=2
Ep 47750 | score  231.53 | avg100  207.39 | grasp100  97.0% | best 1.000 |     33 st/s
    done(50): success=49 t_flicker=1
Ep 47800 | score   58.05 | avg100  204.01 | grasp100  96.0% | best 1.000 |     33 st/s
    done(50): success=47 t_flicker=3
Ep 47850 | score  208.03 | avg100  204.40 | grasp100  97.0% | best 1.000 |     33 st/s
    done(50): success=50
Ep 47900 | score  205.42 | avg100  208.71 | grasp100  99.0% | best 1.000 |     33 st/s
    done(50): success=49 t_flicker=1
Ep 47950 | score  209.11 | avg100  205.37 | grasp100  97.0% | best 1.000 |     33 st/s
    done(50): success=48 t_flicker=2
Ep 48000 | score  205.17 | avg100  204.94 | grasp100  97.0% | best 1.000 |     33 st/s
    done(50): success=49 t_flicker=1
Ep 48050 | score  209.35 | avg100  207.20 | grasp100  98.0% | best 1.000 |     33 st/s
    done(50): success=49 t_flicker=1
Ep 48100 | score  211.27 | avg100  208.25 | grasp100  99.0% | best 1.000 |     33 st/s
    done(50): success=50
Ep 48150 | score  208.62 | avg100  207.48 | grasp100  99.0% | best 1.000 |     33 st/s
    done(50): success=49 t_flicker=1
Ep 48200 | score  208.85 | avg100  201.56 | grasp100  94.0% | best 1.000 |     33 st/s
    done(50): success=45 t_flicker=5
Ep 48250 | score  207.16 | avg100  194.35 | grasp100  90.0% | best 1.000 |     33 st/s
    done(50): success=45 t_flicker=3 t_touched=2
Ep 48300 | score  206.46 | avg100  199.65 | grasp100  94.0% | best 1.000 |     33 st/s
    done(50): success=49 t_flicker=1
Ep 48350 | score  206.88 | avg100  207.56 | grasp100  98.0% | best 1.000 |     33 st/s
    done(50): success=49 t_flicker=1
Ep 48400 | score  210.00 | avg100  201.45 | grasp100  94.0% | best 1.000 |     33 st/s
    done(50): success=45 t_flicker=5
Ep 48450 | score  206.92 | avg100  198.62 | grasp100  92.0% | best 1.000 |     33 st/s
    done(50): success=47 t_flicker=3
Ep 48500 | score  209.15 | avg100  203.89 | grasp100  96.0% | best 1.000 |     33 st/s
    done(50): success=49 t_flicker=1
Ep 48550 | score  209.29 | avg100  204.82 | grasp100  97.0% | best 1.000 |     33 st/s
    done(50): success=48 t_flicker=2
Ep 48600 | score  207.46 | avg100  207.00 | grasp100  98.0% | best 1.000 |     33 st/s
    done(50): success=50
Ep 48650 | score  209.06 | avg100  209.09 | grasp100 100.0% | best 1.000 |     33 st/s
    done(50): success=50
Ep 48700 | score  208.52 | avg100  208.00 | grasp100 100.0% | best 1.000 |     33 st/s
    done(50): success=50
Ep 48750 | score  207.63 | avg100  208.09 | grasp100 100.0% | best 1.000 |     33 st/s
    done(50): success=50
Ep 48800 | score  207.73 | avg100  208.07 | grasp100 100.0% | best 1.000 |     33 st/s
    done(50): success=50
Ep 48850 | score  207.41 | avg100  204.59 | grasp100  97.0% | best 1.000 |     33 st/s
    done(50): success=47 t_flicker=3
Ep 48900 | score  209.50 | avg100  201.42 | grasp100  95.0% | best 1.000 |     33 st/s
    done(50): success=48 t_touched=2
Ep 48950 | score  211.02 | avg100  206.25 | grasp100  98.0% | best 1.000 |     33 st/s
    done(50): success=50
  [primacy-bias reset of critic heads @ 725000 updates]
Ep 49000 | score  -78.97 | avg100  111.06 | grasp100  65.0% | best 1.000 |     33 st/s
    done(50): success=15 t_flicker=1 t_no_reach=34
Ep 49050 | score  208.19 | avg100   17.01 | grasp100  23.0% | best 1.000 |     33 st/s
    done(50): success=8 t_flicker=16 t_touched=4 t_no_reach=22
Ep 49100 | score  209.91 | avg100  109.50 | grasp100  53.0% | best 1.000 |     33 st/s
    done(50): success=45 t_flicker=4 t_touched=1
Ep 49150 | score  207.07 | avg100  201.00 | grasp100  94.0% | best 1.000 |     33 st/s
    done(50): success=49 t_flicker=1
Ep 49200 | score  208.50 | avg100  205.38 | grasp100  97.0% | best 1.000 |     33 st/s
    done(50): success=48 t_flicker=2
Ep 49250 | score  207.25 | avg100  206.02 | grasp100  97.0% | best 1.000 |     33 st/s
    done(50): success=49 t_flicker=1
Ep 49300 | score  206.99 | avg100  208.71 | grasp100  99.0% | best 1.000 |     33 st/s
    done(50): success=50
Ep 49350 | score  218.12 | avg100  210.05 | grasp100 100.0% | best 1.000 |     33 st/s
    done(50): success=50
Ep 49400 | score  207.97 | avg100  208.86 | grasp100 100.0% | best 1.000 |     33 st/s
    done(50): success=50
Ep 49450 | score  194.61 | avg100  208.34 | grasp100 100.0% | best 1.000 |     33 st/s
    done(50): success=50
Ep 49500 | score  209.73 | avg100  206.96 | grasp100  99.0% | best 1.000 |     33 st/s
    done(50): success=49 t_flicker=1
Ep 49550 | score  208.77 | avg100  205.74 | grasp100  97.0% | best 1.000 |     33 st/s
    done(50): success=48 t_flicker=1 t_touched=1
Ep 49600 | score  206.67 | avg100  206.14 | grasp100  97.0% | best 1.000 |     33 st/s
    done(50): success=49 t_flicker=1
Ep 49650 | score  206.36 | avg100  205.89 | grasp100  97.0% | best 1.000 |     33 st/s
    done(50): success=48 t_flicker=2
Ep 49700 | score  205.08 | avg100  207.73 | grasp100  98.0% | best 1.000 |     33 st/s
    done(50): success=50
Ep 49750 | score  206.10 | avg100  205.54 | grasp100  98.0% | best 1.000 |     33 st/s
    done(50): success=48 t_flicker=2
Ep 49800 | score  209.47 | avg100  206.04 | grasp100  98.0% | best 1.000 |     33 st/s
    done(50): success=50
Ep 49850 | score  207.83 | avg100  209.93 | grasp100 100.0% | best 1.000 |     33 st/s
    done(50): success=50
Ep 49900 | score  206.45 | avg100  208.97 | grasp100 100.0% | best 1.000 |     33 st/s
    done(50): success=50
Ep 49950 | score  206.89 | avg100  207.63 | grasp100  99.0% | best 1.000 |     33 st/s
    done(50): success=49 t_flicker=1
Ep 50000 | score  208.54 | avg100  207.29 | grasp100  98.0% | best 1.000 |     33 st/s
    done(50): success=49 t_flicker=1
Ep 50050 | score  206.53 | avg100  206.02 | grasp100  97.0% | best 1.000 |     33 st/s
    done(50): success=48 t_flicker=2
Ep 50100 | score   99.88 | avg100  204.56 | grasp100  96.0% | best 1.000 |     33 st/s
    done(50): success=48 t_flicker=2
Ep 50150 | score  208.63 | avg100  206.07 | grasp100  97.0% | best 1.000 |     33 st/s
    done(50): success=49 t_flicker=1
Ep 50200 | score  206.29 | avg100  207.27 | grasp100  99.0% | best 1.000 |     33 st/s
    done(50): success=50
Ep 50250 | score  208.35 | avg100  207.84 | grasp100  99.0% | best 1.000 |     33 st/s
    done(50): success=49 t_flicker=1
Ep 50300 | score  206.80 | avg100  209.17 | grasp100  99.0% | best 1.000 |     33 st/s
    done(50): success=50
Ep 50350 | score  208.49 | avg100  207.72 | grasp100  98.0% | best 1.000 |     33 st/s
    done(50): success=48 t_flicker=2
Ep 50400 | score  210.50 | avg100  203.68 | grasp100  95.0% | best 1.000 |     33 st/s
    done(50): success=47 t_flicker=3
Ep 50450 | score  210.27 | avg100  206.06 | grasp100  97.0% | best 1.000 |     33 st/s
    done(50): success=50
Ep 50500 | score  208.76 | avg100  207.54 | grasp100  99.0% | best 1.000 |     33 st/s
    done(50): success=49 t_flicker=1
Ep 50550 | score  206.15 | avg100  204.71 | grasp100  97.0% | best 1.000 |     33 st/s
    done(50): success=48 t_flicker=2
Ep 50600 | score  202.28 | avg100  206.35 | grasp100  98.0% | best 1.000 |     33 st/s
    done(50): success=50
Ep 50650 | score  206.27 | avg100  206.51 | grasp100  98.0% | best 1.000 |     33 st/s
    done(50): success=48 t_flicker=2
Ep 50700 | score  208.83 | avg100  206.66 | grasp100  98.0% | best 1.000 |     33 st/s
    done(50): success=50
Ep 50750 | score  206.02 | avg100  208.43 | grasp100  99.0% | best 1.000 |     33 st/s
    done(50): success=49 t_flicker=1
Ep 50800 | score  206.77 | avg100  206.51 | grasp100  97.0% | best 1.000 |     33 st/s
    done(50): success=48 t_flicker=2
  [primacy-bias reset of critic heads @ 750000 updates]
Ep 50850 | score  -79.70 | avg100  149.54 | grasp100  78.0% | best 1.000 |     33 st/s
    done(50): success=30 t_touched=2 t_no_reach=18
Ep 50900 | score  -44.28 | avg100   37.77 | grasp100  38.0% | best 1.000 |     33 st/s
    done(50): success=8 t_flicker=5 t_touched=1 t_no_reach=36
Ep 50950 | score  208.20 | avg100   82.81 | grasp100  51.0% | best 1.000 |     33 st/s
    done(50): success=43 t_flicker=6 t_touched=1
Ep 51000 | score  211.48 | avg100  186.42 | grasp100  85.0% | best 1.000 |     33 st/s
    done(50): success=42 t_flicker=7 t_touched=1
Ep 51050 | score  207.11 | avg100  194.93 | grasp100  88.0% | best 1.000 |     33 st/s
    done(50): success=46 t_flicker=3 t_touched=1
Ep 51100 | score  208.32 | avg100  201.01 | grasp100  93.0% | best 1.000 |     33 st/s
    done(50): success=47 t_flicker=3
Ep 51150 | score  200.43 | avg100  202.96 | grasp100  95.0% | best 1.000 |     33 st/s
    done(50): success=48 t_flicker=2
Ep 51200 | score  210.76 | avg100  203.59 | grasp100  96.0% | best 1.000 |     33 st/s
    done(50): success=48 t_flicker=1 t_touched=1
Ep 51250 | score  207.43 | avg100  203.92 | grasp100  97.0% | best 1.000 |     33 st/s
    done(50): success=49 t_flicker=1
Ep 51300 | score  205.44 | avg100  208.27 | grasp100  99.0% | best 1.000 |     33 st/s
    done(50): success=50
Ep 51350 | score  207.68 | avg100  208.29 | grasp100  99.0% | best 1.000 |     33 st/s
    done(50): success=49 t_flicker=1
Ep 51400 | score  220.89 | avg100  205.85 | grasp100  97.0% | best 1.000 |     33 st/s
    done(50): success=48 t_flicker=2
Ep 51450 | score  208.69 | avg100  202.18 | grasp100  93.0% | best 1.000 |     33 st/s
    done(50): success=45 t_flicker=5
Ep 51500 | score  207.74 | avg100  197.85 | grasp100  89.0% | best 1.000 |     33 st/s
    done(50): success=44 t_flicker=6
Ep 51550 | score  206.57 | avg100  196.29 | grasp100  88.0% | best 1.000 |     33 st/s
    done(50): success=44 t_flicker=6
Ep 51600 | score  203.60 | avg100  193.80 | grasp100  88.0% | best 1.000 |     33 st/s
    done(50): success=44 t_flicker=5 t_touched=1
Ep 51650 | score  209.83 | avg100  200.71 | grasp100  94.0% | best 1.000 |     33 st/s
    done(50): success=50
Ep 51700 | score  206.69 | avg100  208.16 | grasp100  98.0% | best 1.000 |     33 st/s
    done(50): success=48 t_flicker=2
Ep 51750 | score  208.53 | avg100  205.41 | grasp100  96.0% | best 1.000 |     33 st/s
    done(50): success=48 t_flicker=2
Ep 51800 | score  211.80 | avg100  204.95 | grasp100  96.0% | best 1.000 |     33 st/s
    done(50): success=48 t_flicker=2
Ep 51850 | score  206.82 | avg100  204.69 | grasp100  95.0% | best 1.000 |     33 st/s
    done(50): success=47 t_flicker=3
Ep 51900 | score  208.07 | avg100  200.89 | grasp100  94.0% | best 1.000 |     33 st/s
    done(50): success=47 t_flicker=3
Ep 51950 | score   77.92 | avg100  195.85 | grasp100  92.0% | best 1.000 |     33 st/s
    done(50): success=45 t_flicker=5
Ep 52000 | score  206.98 | avg100  200.43 | grasp100  94.0% | best 1.000 |     33 st/s
    done(50): success=49 t_flicker=1
Ep 52050 | score  203.90 | avg100  208.78 | grasp100  98.0% | best 1.000 |     33 st/s
    done(50): success=49 t_flicker=1
Ep 52100 | score  208.92 | avg100  209.67 | grasp100  99.0% | best 1.000 |     33 st/s
    done(50): success=50
Ep 52150 | score  208.57 | avg100  207.72 | grasp100  98.0% | best 1.000 |     33 st/s
    done(50): success=48 t_flicker=1 t_touched=1
Ep 52200 | score  209.85 | avg100  203.03 | grasp100  95.0% | best 1.000 |     33 st/s
    done(50): success=47 t_flicker=2 t_touched=1
Ep 52250 | score  212.70 | avg100  203.28 | grasp100  95.0% | best 1.000 |     33 st/s
    done(50): success=48 t_flicker=2
Ep 52300 | score  210.35 | avg100  200.19 | grasp100  92.0% | best 1.000 |     33 st/s
    done(50): success=44 t_flicker=6
Ep 52350 | score  251.80 | avg100  199.64 | grasp100  91.0% | best 1.000 |     33 st/s
    done(50): success=47 t_flicker=3
Ep 52400 | score   68.13 | avg100  201.91 | grasp100  92.0% | best 1.000 |     33 st/s
    done(50): success=45 t_flicker=5
Ep 52450 | score  208.38 | avg100  200.62 | grasp100  92.0% | best 1.000 |     33 st/s
    done(50): success=47 t_flicker=3
Ep 52500 | score  254.72 | avg100  205.05 | grasp100  95.0% | best 1.000 |     33 st/s
    done(50): success=48 t_flicker=2
Ep 52550 | score  207.21 | avg100  207.79 | grasp100  97.0% | best 1.000 |     33 st/s
    done(50): success=49 t_flicker=1
  [primacy-bias reset of critic heads @ 775000 updates]
Ep 52600 | score  -79.67 | avg100  101.43 | grasp100  61.0% | best 1.000 |     33 st/s
    done(50): success=12 t_flicker=2 t_no_reach=36
Ep 52650 | score  209.37 | avg100   19.23 | grasp100  31.0% | best 1.000 |     33 st/s
    done(50): success=19 t_flicker=3 t_touched=5 t_no_reach=23
Ep 52700 | score  209.30 | avg100  116.39 | grasp100  63.0% | best 1.000 |     33 st/s
    done(50): success=44 t_flicker=5 t_touched=1
Ep 52750 | score  208.20 | avg100  193.46 | grasp100  91.0% | best 1.000 |     33 st/s
    done(50): success=47 t_flicker=1 t_touched=2
Ep 52800 | score  206.63 | avg100  195.78 | grasp100  93.0% | best 1.000 |     33 st/s
    done(50): success=46 t_flicker=3 t_touched=1
Ep 52850 | score  208.39 | avg100  198.31 | grasp100  94.0% | best 1.000 |     33 st/s
    done(50): success=48 t_flicker=1 t_touched=1
Ep 52900 | score  207.77 | avg100  204.81 | grasp100  97.0% | best 1.000 |     33 st/s
    done(50): success=49 t_flicker=1
Ep 52950 | score  208.28 | avg100  203.92 | grasp100  96.0% | best 1.000 |     33 st/s
    done(50): success=47 t_flicker=3
Ep 53000 | score  207.36 | avg100  202.57 | grasp100  95.0% | best 1.000 |     33 st/s
    done(50): success=48 t_flicker=1 t_touched=1
Ep 53050 | score  -21.09 | avg100  201.96 | grasp100  95.0% | best 1.000 |     33 st/s
    done(50): success=47 t_flicker=3
Ep 53100 | score  205.92 | avg100  198.79 | grasp100  92.0% | best 1.000 |     33 st/s
    done(50): success=45 t_flicker=5
Ep 53150 | score  208.21 | avg100  198.57 | grasp100  91.0% | best 1.000 |     33 st/s
    done(50): success=46 t_flicker=3 t_touched=1
Ep 53200 | score  206.02 | avg100  198.21 | grasp100  91.0% | best 1.000 |     33 st/s
    done(50): success=45 t_flicker=5
Ep 53250 | score  210.97 | avg100  199.25 | grasp100  92.0% | best 1.000 |     33 st/s
    done(50): success=47 t_flicker=3
Ep 53300 | score  208.69 | avg100  202.86 | grasp100  95.0% | best 1.000 |     33 st/s
    done(50): success=48 t_flicker=2
Ep 53350 | score  206.47 | avg100  205.61 | grasp100  97.0% | best 1.000 |     33 st/s
    done(50): success=49 t_flicker=1
Ep 53400 | score  210.01 | avg100  204.43 | grasp100  95.0% | best 1.000 |     33 st/s
    done(50): success=46 t_flicker=3 t_touched=1
Ep 53450 | score  209.85 | avg100  205.99 | grasp100  96.0% | best 1.000 |     33 st/s
    done(50): success=50
Ep 53500 | score  207.90 | avg100  209.06 | grasp100  99.0% | best 1.000 |     33 st/s
    done(50): success=49 t_flicker=1
Ep 53550 | score  208.21 | avg100  208.92 | grasp100  99.0% | best 1.000 |     33 st/s
    done(50): success=50
Ep 53600 | score  208.00 | avg100  205.39 | grasp100  97.0% | best 1.000 |     33 st/s
    done(50): success=47 t_flicker=3
Ep 53650 | score  238.45 | avg100  201.86 | grasp100  94.0% | best 1.000 |     33 st/s
    done(50): success=47 t_flicker=3
Ep 53700 | score  206.81 | avg100  200.49 | grasp100  93.0% | best 1.000 |     33 st/s
    done(50): success=46 t_flicker=4
Ep 53750 | score  209.06 | avg100  200.43 | grasp100  93.0% | best 1.000 |     33 st/s
    done(50): success=47 t_flicker=3
Ep 53800 | score  201.99 | avg100  201.88 | grasp100  94.0% | best 1.000 |     33 st/s
    done(50): success=47 t_flicker=3
Ep 53850 | score  209.48 | avg100  203.89 | grasp100  96.0% | best 1.000 |     33 st/s
    done(50): success=49 t_flicker=1
Ep 53900 | score  202.39 | avg100  208.05 | grasp100  99.0% | best 1.000 |     33 st/s
    done(50): success=50
Ep 53950 | score  213.34 | avg100  205.52 | grasp100  97.0% | best 1.000 |     33 st/s
    done(50): success=47 t_flicker=3
Ep 54000 | score  215.61 | avg100  202.62 | grasp100  95.0% | best 1.000 |     33 st/s
    done(50): success=48 t_flicker=2
Ep 54050 | score  232.39 | avg100  203.38 | grasp100  96.0% | best 1.000 |     33 st/s
    done(50): success=48 t_flicker=2
Ep 54100 | score  209.32 | avg100  204.75 | grasp100  97.0% | best 1.000 |     33 st/s
    done(50): success=49 t_flicker=1
Ep 54150 | score  210.18 | avg100  209.44 | grasp100  99.0% | best 1.000 |     33 st/s
    done(50): success=50
Ep 54200 | score  237.23 | avg100  209.80 | grasp100  99.0% | best 1.000 |     33 st/s
    done(50): success=49 t_flicker=1
Ep 54250 | score  208.85 | avg100  205.99 | grasp100  97.0% | best 1.000 |     33 st/s
    done(50): success=48 t_flicker=2
Ep 54300 | score  210.03 | avg100  200.24 | grasp100  92.0% | best 1.000 |     33 st/s
    done(50): success=44 t_flicker=5 t_touched=1
  [primacy-bias reset of critic heads @ 800000 updates]
Ep 54350 | score  -74.22 | avg100   97.59 | grasp100  57.0% | best 1.000 |     33 st/s
    done(50): success=13 t_flicker=2 t_touched=2 t_no_reach=33
Ep 54400 | score  206.28 | avg100   48.47 | grasp100  37.0% | best 1.000 |     33 st/s
    done(50): success=24 t_flicker=11 t_touched=5 t_no_reach=10
Ep 54450 | score  210.79 | avg100  147.84 | grasp100  69.0% | best 1.000 |     33 st/s
    done(50): success=45 t_flicker=3 t_touched=2
Ep 54500 | score  208.91 | avg100  197.50 | grasp100  91.0% | best 1.000 |     33 st/s
    done(50): success=46 t_flicker=2 t_touched=2
Ep 54550 | score  210.90 | avg100  197.87 | grasp100  92.0% | best 1.000 |     33 st/s
    done(50): success=46 t_flicker=4
Ep 54600 | score  207.12 | avg100  200.98 | grasp100  93.0% | best 1.000 |     33 st/s
    done(50): success=47 t_flicker=2 t_touched=1
Ep 54650 | score  -17.13 | avg100  197.68 | grasp100  92.0% | best 1.000 |     33 st/s
    done(50): success=45 t_flicker=3 t_touched=2
Ep 54700 | score  206.17 | avg100  189.47 | grasp100  86.0% | best 1.000 |     33 st/s
    done(50): success=41 t_flicker=8 t_touched=1
Ep 54750 | score  205.41 | avg100  194.35 | grasp100  88.0% | best 1.000 |     33 st/s
    done(50): success=47 t_flicker=2 t_touched=1
Ep 54800 | score  206.09 | avg100  203.30 | grasp100  94.0% | best 1.000 |     33 st/s
    done(50): success=47 t_flicker=3
Ep 54850 | score  206.48 | avg100  203.99 | grasp100  94.0% | best 1.000 |     33 st/s
    done(50): success=47 t_flicker=3
Ep 54900 | score  207.23 | avg100  204.41 | grasp100  96.0% | best 1.000 |     33 st/s
    done(50): success=49 t_flicker=1
Ep 54950 | score  234.61 | avg100  207.36 | grasp100  99.0% | best 1.000 |     33 st/s
    done(50): success=50
Ep 55000 | score  243.51 | avg100  208.19 | grasp100  99.0% | best 1.000 |     33 st/s
    done(50): success=49 t_flicker=1

========================================================================
DONE  td3_ln_c2m64_s1
  Episodes     : 55000
  Env steps    : 2,041,475  (61488s)
  Best metric  : 1.000  (policy in /home/fahim/Thesis_fahim/pickandplace/checkpoints/td3_grasp_rand_td3_ln_c2m64_s1/best)
  Final grasp% : 99.0
  CSV          : /home/fahim/Thesis_fahim/pickandplace/logs/grasp_rand_td3_ln_c2m64_s1/episodes.csv
  Probe CSV    : /home/fahim/Thesis_fahim/pickandplace/logs/grasp_rand_td3_ln_c2m64_s1/probe.csv
  Manifest     : /home/fahim/Thesis_fahim/pickandplace/logs/grasp_rand_td3_ln_c2m64_s1/manifest.json
========================================================================

