========================================================================
RANDOM-SPAWN GRASP RETRAINING  |  algo=td3_ln  run=td3_ln_cereal_basewarm_s3
========================================================================
  Envs                : 5 (subprocess-parallel, fork)
  Spawn level         : 2.0 (1.0 = full position box, 2.0 = + z-rotation)
  Updates/vec-step    : 2 (0.400 per env-step; historical baseline 0.5)
  Buffer              : 2,000,000
  Actor               : 64 -> 32  (5,216 weights)  [critics 512->256]
  Warm start          : checkpoints/td3_grasp_rand_td3_ln_c2m512_s1/best
  Checkpoints         : /home/fahim/Thesis_fahim/pickandplace/checkpoints/td3_grasp_rand_td3_ln_cereal_basewarm_s3
========================================================================

Spawning 5 subprocess environments (fork)...
[robosuite WARNING] No private macro file found! (__init__.py:7)
[robosuite WARNING] It is recommended to use a private macro file (__init__.py:8)
[robosuite WARNING] To setup, run: python /home/fahim/Thesis_fahim/venv/lib/python3.12/site-packages/robosuite/scripts/setup_macros.py (__init__.py:9)
[robosuite WARNING] No private macro file found! (__init__.py:7)
[robosuite WARNING] It is recommended to use a private macro file (__init__.py:8)
[robosuite WARNING] To setup, run: python /home/fahim/Thesis_fahim/venv/lib/python3.12/site-packages/robosuite/scripts/setup_macros.py (__init__.py:9)
[robosuite WARNING] No private macro file found! (__init__.py:7)
[robosuite WARNING] It is recommended to use a private macro file (__init__.py:8)
[robosuite WARNING] To setup, run: python /home/fahim/Thesis_fahim/venv/lib/python3.12/site-packages/robosuite/scripts/setup_macros.py (__init__.py:9)
[robosuite WARNING] No private macro file found! (__init__.py:7)
[robosuite WARNING] It is recommended to use a private macro file (__init__.py:8)
[robosuite WARNING] To setup, run: python /home/fahim/Thesis_fahim/venv/lib/python3.12/site-packages/robosuite/scripts/setup_macros.py (__init__.py:9)
[robosuite WARNING] No private macro file found! (__init__.py:7)
[robosuite WARNING] It is recommended to use a private macro file (__init__.py:8)
[robosuite WARNING] To setup, run: python /home/fahim/Thesis_fahim/venv/lib/python3.12/site-packages/robosuite/scripts/setup_macros.py (__init__.py:9)
Gym has been unmaintained since 2022 and does not support NumPy 2.0 amongst other critical functionality.
Please upgrade to Gymnasium, the maintained drop-in replacement of Gym, or contact the authors of your software and request that they upgrade.
See the migration guide at https://gymnasium.farama.org/introduction/migration_guide/ for additional information.
Gym has been unmaintained since 2022 and does not support NumPy 2.0 amongst other critical functionality.
Please upgrade to Gymnasium, the maintained drop-in replacement of Gym, or contact the authors of your software and request that they upgrade.
See the migration guide at https://gymnasium.farama.org/introduction/migration_guide/ for additional information.
Gym has been unmaintained since 2022 and does not support NumPy 2.0 amongst other critical functionality.
Please upgrade to Gymnasium, the maintained drop-in replacement of Gym, or contact the authors of your software and request that they upgrade.
See the migration guide at https://gymnasium.farama.org/introduction/migration_guide/ for additional information.
Gym has been unmaintained since 2022 and does not support NumPy 2.0 amongst other critical functionality.
Please upgrade to Gymnasium, the maintained drop-in replacement of Gym, or contact the authors of your software and request that they upgrade.
See the migration guide at https://gymnasium.farama.org/introduction/migration_guide/ for additional information.
Gym has been unmaintained since 2022 and does not support NumPy 2.0 amongst other critical functionality.
Please upgrade to Gymnasium, the maintained drop-in replacement of Gym, or contact the authors of your software and request that they upgrade.
See the migration guide at https://gymnasium.farama.org/introduction/migration_guide/ for additional information.
/home/fahim/Thesis_fahim/venv/lib/python3.12/site-packages/gym/spaces/box.py:84: UserWarning: [33mWARN: Box bound precision lowered by casting to float32[0m
  logger.warn(f"Box bound precision lowered by casting to {self.dtype}")
/home/fahim/Thesis_fahim/venv/lib/python3.12/site-packages/gym/spaces/box.py:84: UserWarning: [33mWARN: Box bound precision lowered by casting to float32[0m
  logger.warn(f"Box bound precision lowered by casting to {self.dtype}")
/home/fahim/Thesis_fahim/venv/lib/python3.12/site-packages/gym/spaces/box.py:84: UserWarning: [33mWARN: Box bound precision lowered by casting to float32[0m
  logger.warn(f"Box bound precision lowered by casting to {self.dtype}")
/home/fahim/Thesis_fahim/venv/lib/python3.12/site-packages/gym/spaces/box.py:84: UserWarning: [33mWARN: Box bound precision lowered by casting to float32[0m
  logger.warn(f"Box bound precision lowered by casting to {self.dtype}")
/home/fahim/Thesis_fahim/venv/lib/python3.12/site-packages/gym/spaces/box.py:84: UserWarning: [33mWARN: Box bound precision lowered by casting to float32[0m
  logger.warn(f"Box bound precision lowered by casting to {self.dtype}")
Gym has been unmaintained since 2022 and does not support NumPy 2.0 amongst other critical functionality.
Please upgrade to Gymnasium, the maintained drop-in replacement of Gym, or contact the authors of your software and request that they upgrade.
See the migration guide at https://gymnasium.farama.org/introduction/migration_guide/ for additional information.
5 environments ready.

  Actor QAT           : per-tensor INT8 fake-quant, STE grads
  Actor weight clip   : |w| <= 8.0 * std(w) per Linear tensor (bi_s0 baseline fc1 9.96 / fc2 10.82)
Init: warm-started (actor only, critics fresh) (source: /home/fahim/Thesis_fahim/pickandplace/checkpoints/td3_grasp_rand_td3_ln_c2m512_s1/best)
Fresh replay buffer.

Training...

Ep    50 | score    9.64 | avg100   -1.34 | grasp100   8.0% | best 0.000 |    128 st/s
    done(50): success=4 t_flicker=7 t_touched=17 t_no_reach=22
Ep   100 | score  -50.71 | avg100  -17.85 | grasp100   7.0% | best 0.000 |     55 st/s
    done(50): success=3 t_flicker=4 t_touched=20 t_no_reach=23
Ep   150 | score  -73.79 | avg100  -46.73 | grasp100   3.0% | best 0.000 |     45 st/s
    done(50): t_flicker=1 t_touched=4 t_no_reach=45
Ep   200 | * BEST  level200=2.00 grasp200=  4.5% metric=0.045 | score  -61.01
Ep   250 | score  -23.52 | avg100  -55.51 | grasp100   2.0% | best 0.045 |     39 st/s
    done(50): t_flicker=3 t_touched=5 t_no_reach=42
Ep   300 | score  -62.03 | avg100  -52.36 | grasp100   1.0% | best 0.045 |     38 st/s
    done(50): success=1 t_touched=4 t_no_reach=45
Ep   350 | score  -79.10 | avg100  -54.17 | grasp100   1.0% | best 0.045 |     37 st/s
    done(50): t_touched=3 t_no_reach=47
  [primacy-bias reset of critic heads @ 25000 updates]
Ep   400 | score  -74.48 | avg100  -59.62 | grasp100   1.0% | best 0.045 |     37 st/s
    done(50): success=1 t_flicker=1 t_touched=4 t_no_reach=44
Ep   450 | score  -55.62 | avg100  -62.53 | grasp100   1.0% | best 0.045 |     36 st/s
    done(50): t_touched=3 t_no_reach=47
Ep   500 | score  -75.96 | avg100  -62.50 | grasp100   0.0% | best 0.045 |     36 st/s
    done(50): t_flicker=4 t_touched=7 t_no_reach=39
Ep   550 | score  -64.78 | avg100  -60.00 | grasp100   0.0% | best 0.045 |     36 st/s
    done(50): t_flicker=4 t_touched=5 t_no_reach=41
Ep   600 | score  -56.23 | avg100  -54.43 | grasp100   1.0% | best 0.045 |     35 st/s
    done(50): success=1 t_flicker=3 t_touched=3 t_no_reach=43
Ep   650 | score  -79.70 | avg100  -38.20 | grasp100   3.0% | best 0.045 |     35 st/s
    done(50): success=2 t_flicker=8 t_touched=9 t_no_reach=31
  [primacy-bias reset of critic heads @ 50000 updates]
Ep   700 | score  -50.07 | avg100  -30.39 | grasp100   2.0% | best 0.045 |     35 st/s
    done(50): t_flicker=6 t_touched=11 t_no_reach=33
Ep   750 | score  -68.12 | avg100  -40.34 | grasp100   1.0% | best 0.045 |     35 st/s
    done(50): success=1 t_flicker=4 t_touched=1 t_no_reach=44
Ep   800 | score  -35.27 | avg100  -49.06 | grasp100   1.0% | best 0.045 |     35 st/s
    done(50): t_flicker=6 t_touched=7 t_no_reach=37
Ep   850 | score  -13.31 | avg100  -45.55 | grasp100   1.0% | best 0.045 |     35 st/s
    done(50): success=1 t_flicker=3 t_touched=10 t_no_reach=36
Ep   900 | score  -57.85 | avg100  -25.04 | grasp100   2.0% | best 0.045 |     34 st/s
    done(50): success=1 t_flicker=10 t_touched=11 t_no_reach=28
Ep   950 | score  -64.04 | avg100  -14.37 | grasp100   1.0% | best 0.045 |     34 st/s
    done(50): t_flicker=10 t_touched=11 t_no_reach=29
Ep  1000 | score  -59.82 | avg100  -18.12 | grasp100   1.0% | best 0.045 |     34 st/s
    done(50): success=1 t_flicker=9 t_touched=10 t_no_reach=30
  [primacy-bias reset of critic heads @ 75000 updates]
Ep  1050 | score  -46.78 | avg100  -23.86 | grasp100   2.0% | best 0.045 |     34 st/s
    done(50): success=1 t_flicker=3 t_touched=8 t_no_reach=38
Ep  1100 | score  -50.24 | avg100  -27.47 | grasp100   1.0% | best 0.045 |     34 st/s
    done(50): t_flicker=11 t_touched=13 t_no_reach=26
Ep  1150 | score    8.25 | avg100  -10.22 | grasp100   0.0% | best 0.045 |     34 st/s
    done(50): t_flicker=10 t_touched=23 t_no_reach=17
Ep  1200 | score  -45.62 | avg100    9.88 | grasp100   1.0% | best 0.045 |     34 st/s
    done(50): success=1 t_flicker=13 t_touched=20 t_no_reach=16
Ep  1250 | score   54.82 | avg100   21.25 | grasp100   5.0% | best 0.045 |     34 st/s
    done(50): success=4 t_flicker=15 t_touched=21 t_no_reach=10
Ep  1300 | score  -68.21 | avg100   21.41 | grasp100   6.0% | best 0.045 |     34 st/s
    done(50): success=2 t_flicker=12 t_touched=17 t_no_reach=19
Ep  1334 | * BEST  level200=2.00 grasp200=  6.0% metric=0.060 | score  214.18
Ep  1350 | score  150.10 | avg100   34.88 | grasp100   8.0% | best 0.060 |     34 st/s
    done(50): success=6 t_flicker=16 t_touched=18 t_no_reach=10
  [primacy-bias reset of critic heads @ 100000 updates]
Ep  1400 | score  -79.65 | avg100    5.86 | grasp100   6.0% | best 0.060 |     34 st/s
    done(50): t_flicker=5 t_touched=7 t_no_reach=38
Ep  1450 | score  -31.79 | avg100  -28.26 | grasp100   0.0% | best 0.060 |     34 st/s
    done(50): t_flicker=11 t_touched=13 t_no_reach=26
Ep  1500 | score  -34.09 | avg100   18.77 | grasp100   7.0% | best 0.060 |     34 st/s
    done(50): success=7 t_flicker=16 t_touched=15 t_no_reach=12
Ep  1550 | score  -31.58 | avg100   46.90 | grasp100  11.0% | best 0.060 |     34 st/s
    done(50): success=4 t_flicker=12 t_touched=27 t_no_reach=7
Ep  1600 | score   21.46 | avg100   37.68 | grasp100   6.0% | best 0.060 |     34 st/s
    done(50): success=2 t_flicker=19 t_touched=18 t_no_reach=11
Ep  1624 | * BEST  level200=2.00 grasp200=  7.0% metric=0.070 | score  275.53
Ep  1650 | score  -66.49 | avg100   31.88 | grasp100   4.0% | best 0.070 |     33 st/s
    done(50): success=2 t_flicker=18 t_touched=17 t_no_reach=13
Ep  1700 | score  -25.58 | avg100   32.16 | grasp100   3.0% | best 0.070 |     33 st/s
    done(50): success=1 t_flicker=12 t_touched=26 t_no_reach=11
  [primacy-bias reset of critic heads @ 125000 updates]
Ep  1750 | score   22.06 | avg100    9.31 | grasp100   1.0% | best 0.070 |     33 st/s
    done(50): t_flicker=13 t_touched=17 t_no_reach=20
Ep  1800 | score   60.19 | avg100    1.12 | grasp100   0.0% | best 0.070 |     33 st/s
    done(50): t_flicker=16 t_touched=23 t_no_reach=11
Ep  1850 | score  -49.76 | avg100   28.61 | grasp100   1.0% | best 0.070 |     33 st/s
    done(50): success=1 t_flicker=23 t_touched=19 t_no_reach=7
Ep  1900 | score   69.56 | avg100   45.48 | grasp100   3.0% | best 0.070 |     33 st/s
    done(50): success=2 t_flicker=25 t_touched=16 t_no_reach=7
Ep  1950 | score   51.62 | avg100   54.00 | grasp100   7.0% | best 0.070 |     33 st/s
    done(50): success=5 t_flicker=24 t_touched=16 t_no_reach=5
Ep  2000 | score  -66.20 | avg100   59.36 | grasp100  10.0% | best 0.070 |     33 st/s
    done(50): success=5 t_flicker=17 t_touched=21 t_no_reach=7
Ep  2048 | * BEST  level200=2.00 grasp200=  8.5% metric=0.085 | score  209.36
Ep  2050 | score  106.67 | avg100   61.15 | grasp100  11.0% | best 0.085 |     33 st/s
    done(50): success=6 t_flicker=19 t_touched=18 t_no_reach=7
  [primacy-bias reset of critic heads @ 150000 updates]
Ep  2090 | * BEST  level200=2.00 grasp200= 10.0% metric=0.100 | score  258.84
Ep  2100 | score  -41.29 | avg100   49.01 | grasp100  11.0% | best 0.100 |     33 st/s
    done(50): success=5 t_flicker=16 t_touched=17 t_no_reach=12
Ep  2150 | score  217.29 | avg100   34.94 | grasp100   8.0% | best 0.100 |     33 st/s
    done(50): success=3 t_flicker=13 t_touched=20 t_no_reach=14
Ep  2200 | score   81.36 | avg100   36.55 | grasp100   6.0% | best 0.100 |     33 st/s
    done(50): success=3 t_flicker=19 t_touched=18 t_no_reach=10
Ep  2250 | score  -68.63 | avg100   46.81 | grasp100   8.0% | best 0.100 |     33 st/s
    done(50): success=5 t_flicker=23 t_touched=18 t_no_reach=4
Ep  2300 | score   82.07 | avg100   59.76 | grasp100   9.0% | best 0.100 |     33 st/s
    done(50): success=4 t_flicker=29 t_touched=10 t_no_reach=7
Ep  2350 | score  -69.89 | avg100   59.35 | grasp100   5.0% | best 0.100 |     33 st/s
    done(50): success=1 t_flicker=22 t_touched=21 t_no_reach=6
Ep  2400 | score  114.68 | avg100   60.68 | grasp100   5.0% | best 0.100 |     33 st/s
    done(50): success=4 t_flicker=19 t_touched=25 t_no_reach=2
  [primacy-bias reset of critic heads @ 175000 updates]
Ep  2450 | score   88.26 | avg100   74.20 | grasp100   8.0% | best 0.100 |     33 st/s
    done(50): success=4 t_flicker=22 t_touched=17 t_no_reach=7
Ep  2500 | score   34.19 | avg100   50.86 | grasp100   4.0% | best 0.100 |     33 st/s
    done(50): t_flicker=23 t_touched=9 t_no_reach=18
Ep  2550 | score   40.36 | avg100   34.36 | grasp100   3.0% | best 0.100 |     33 st/s
    done(50): success=3 t_flicker=22 t_touched=15 t_no_reach=10
Ep  2600 | score   63.88 | avg100   51.09 | grasp100   5.0% | best 0.100 |     33 st/s
    done(50): success=2 t_flicker=23 t_touched=18 t_no_reach=7
Ep  2650 | score   27.62 | avg100   66.08 | grasp100   8.0% | best 0.100 |     33 st/s
    done(50): success=6 t_flicker=27 t_touched=14 t_no_reach=3
Ep  2700 | score  116.09 | avg100   75.99 | grasp100  12.0% | best 0.100 |     33 st/s
    done(50): success=6 t_flicker=24 t_touched=17 t_no_reach=3
Ep  2750 | score   93.40 | avg100   73.22 | grasp100  10.0% | best 0.100 |     33 st/s
    done(50): success=4 t_flicker=25 t_touched=20 t_no_reach=1
Ep  2800 | score  207.90 | avg100   81.38 | grasp100  10.0% | best 0.100 |     33 st/s
    done(50): success=6 t_flicker=25 t_touched=16 t_no_reach=3
Ep  2805 | * BEST  level200=2.00 grasp200= 11.5% metric=0.115 | score  212.02
  [primacy-bias reset of critic heads @ 200000 updates]
Ep  2850 | score  -71.68 | avg100   76.39 | grasp100  12.0% | best 0.115 |     33 st/s
    done(50): success=6 t_flicker=18 t_touched=19 t_no_reach=7
Ep  2900 | score   44.52 | avg100   53.72 | grasp100   9.0% | best 0.115 |     33 st/s
    done(50): success=3 t_flicker=25 t_touched=18 t_no_reach=4
Ep  2950 | score  118.20 | avg100   60.26 | grasp100   7.0% | best 0.115 |     33 st/s
    done(50): success=4 t_flicker=26 t_touched=17 t_no_reach=3
Ep  3000 | score   24.05 | avg100   87.43 | grasp100  14.0% | best 0.115 |     33 st/s
    done(50): success=10 t_flicker=27 t_touched=13
Ep  3050 | score  100.97 | avg100   95.05 | grasp100  17.0% | best 0.115 |     33 st/s
    done(50): success=7 t_flicker=19 t_touched=19 t_no_reach=5
Ep  3064 | * BEST  level200=2.00 grasp200= 13.0% metric=0.130 | score  225.45
Ep  3094 | * BEST  level200=2.00 grasp200= 14.5% metric=0.145 | score  214.83
Ep  3099 | * BEST  level200=2.00 grasp200= 16.0% metric=0.160 | score  213.89
Ep  3100 | score  140.39 | avg100   95.26 | grasp100  18.0% | best 0.160 |     33 st/s
    done(50): success=11 t_flicker=21 t_touched=18
Ep  3126 | * BEST  level200=2.00 grasp200= 17.5% metric=0.175 | score  210.53
Ep  3142 | * BEST  level200=2.00 grasp200= 19.0% metric=0.190 | score  222.85
Ep  3150 | * BEST  level200=2.00 grasp200= 20.5% metric=0.205 | score  207.84
Ep  3200 | score   33.38 | avg100  103.40 | grasp100  22.0% | best 0.205 |     33 st/s
    done(50): success=9 t_flicker=19 t_touched=19 t_no_reach=3
  [primacy-bias reset of critic heads @ 225000 updates]
Ep  3250 | score  127.76 | avg100   95.57 | grasp100  18.0% | best 0.205 |     33 st/s
    done(50): success=9 t_flicker=24 t_touched=17
Ep  3253 | * BEST  level200=2.00 grasp200= 22.0% metric=0.220 | score  206.01
Ep  3300 | score   19.42 | avg100   72.68 | grasp100  12.0% | best 0.220 |     33 st/s
    done(50): success=3 t_flicker=20 t_touched=22 t_no_reach=5
Ep  3350 | score  -57.15 | avg100   49.62 | grasp100   7.0% | best 0.220 |     33 st/s
    done(50): success=4 t_flicker=19 t_touched=19 t_no_reach=8
Ep  3400 | score  119.21 | avg100   62.63 | grasp100  13.0% | best 0.220 |     33 st/s
    done(50): success=9 t_flicker=22 t_touched=16 t_no_reach=3
Ep  3450 | score  -59.42 | avg100   83.02 | grasp100  20.0% | best 0.220 |     33 st/s
    done(50): success=11 t_flicker=17 t_touched=21 t_no_reach=1
Ep  3500 | score  207.62 | avg100   97.85 | grasp100  25.0% | best 0.220 |     33 st/s
    done(50): success=14 t_flicker=17 t_touched=16 t_no_reach=3
Ep  3542 | * BEST  level200=2.00 grasp200= 23.5% metric=0.235 | score  210.50
Ep  3549 | * BEST  level200=2.00 grasp200= 25.0% metric=0.250 | score  209.14
Ep  3550 | score  -72.13 | avg100  109.47 | grasp100  30.0% | best 0.250 |     33 st/s
    done(50): success=16 t_flicker=17 t_touched=14 t_no_reach=3
Ep  3557 | * BEST  level200=2.00 grasp200= 26.5% metric=0.265 | score  206.88
Ep  3571 | * BEST  level200=2.00 grasp200= 28.0% metric=0.280 | score  211.55
Ep  3587 | * BEST  level200=2.00 grasp200= 29.5% metric=0.295 | score  218.91
Ep  3600 | score  -69.88 | avg100  114.39 | grasp100  35.0% | best 0.295 |     33 st/s
    done(50): success=19 t_flicker=18 t_touched=8 t_no_reach=5
Ep  3604 | * BEST  level200=2.00 grasp200= 31.0% metric=0.310 | score  207.82
Ep  3620 | * BEST  level200=2.00 grasp200= 32.5% metric=0.325 | score  221.17
Ep  3650 | score   70.43 | avg100  111.92 | grasp100  34.0% | best 0.325 |     33 st/s
    done(50): success=15 t_flicker=24 t_touched=7 t_no_reach=4
  [primacy-bias reset of critic heads @ 250000 updates]
Ep  3700 | score  221.84 | avg100   99.65 | grasp100  25.0% | best 0.325 |     33 st/s
    done(50): success=10 t_flicker=23 t_touched=17
Ep  3750 | score   77.06 | avg100   77.05 | grasp100  18.0% | best 0.325 |     33 st/s
    done(50): success=8 t_flicker=24 t_touched=17 t_no_reach=1
Ep  3800 | score   11.42 | avg100   74.70 | grasp100  20.0% | best 0.325 |     33 st/s
    done(50): success=12 t_flicker=24 t_touched=13 t_no_reach=1
Ep  3850 | score  206.35 | avg100   90.58 | grasp100  20.0% | best 0.325 |     33 st/s
    done(50): success=8 t_flicker=23 t_touched=16 t_no_reach=3
Ep  3900 | score  -11.83 | avg100  104.77 | grasp100  21.0% | best 0.325 |     33 st/s
    done(50): success=13 t_flicker=20 t_touched=14 t_no_reach=3
Ep  3950 | score  119.42 | avg100  107.69 | grasp100  25.0% | best 0.325 |     33 st/s
    done(50): success=12 t_flicker=26 t_touched=9 t_no_reach=3
Ep  4000 | score   63.30 | avg100   93.09 | grasp100  20.0% | best 0.325 |     33 st/s
    done(50): success=8 t_flicker=25 t_touched=15 t_no_reach=2
Ep  4050 | score  160.18 | avg100   96.75 | grasp100  19.0% | best 0.325 |     33 st/s
    done(50): success=11 t_flicker=26 t_touched=11 t_no_reach=2
Ep  4100 | score   99.75 | avg100  108.25 | grasp100  28.0% | best 0.325 |     33 st/s
    done(50): success=17 t_flicker=21 t_touched=12
  [primacy-bias reset of critic heads @ 275000 updates]
Ep  4150 | score   51.63 | avg100   96.86 | grasp100  24.0% | best 0.325 |     33 st/s
    done(50): success=7 t_flicker=25 t_touched=16 t_no_reach=2
Ep  4200 | score  -69.27 | avg100   59.32 | grasp100  12.0% | best 0.325 |     33 st/s
    done(50): success=5 t_flicker=19 t_touched=19 t_no_reach=7
Ep  4250 | score  108.06 | avg100   52.28 | grasp100  14.0% | best 0.325 |     33 st/s
    done(50): success=9 t_flicker=25 t_touched=11 t_no_reach=5
Ep  4300 | score   -8.10 | avg100   88.91 | grasp100  22.0% | best 0.325 |     33 st/s
    done(50): success=13 t_flicker=24 t_touched=12 t_no_reach=1
Ep  4350 | score  119.46 | avg100  100.60 | grasp100  21.0% | best 0.325 |     33 st/s
    done(50): success=8 t_flicker=25 t_touched=17
Ep  4400 | score   68.32 | avg100  101.18 | grasp100  19.0% | best 0.325 |     33 st/s
    done(50): success=11 t_flicker=29 t_touched=9 t_no_reach=1
Ep  4450 | score   74.09 | avg100  104.08 | grasp100  25.0% | best 0.325 |     33 st/s
    done(50): success=14 t_flicker=21 t_touched=14 t_no_reach=1
Ep  4500 | score   57.36 | avg100  104.35 | grasp100  28.0% | best 0.325 |     33 st/s
    done(50): success=14 t_flicker=24 t_touched=10 t_no_reach=2
Ep  4550 | score  213.99 | avg100  110.19 | grasp100  28.0% | best 0.325 |     33 st/s
    done(50): success=14 t_flicker=27 t_touched=9
Ep  4600 | score  166.00 | avg100  104.65 | grasp100  24.0% | best 0.325 |     33 st/s
    done(50): success=10 t_flicker=23 t_touched=16 t_no_reach=1
  [primacy-bias reset of critic heads @ 300000 updates]
Ep  4650 | score  -53.05 | avg100   75.51 | grasp100  16.0% | best 0.325 |     33 st/s
    done(50): success=6 t_flicker=18 t_touched=13 t_no_reach=13
Ep  4700 | score   86.94 | avg100   54.71 | grasp100  13.0% | best 0.325 |     33 st/s
    done(50): success=7 t_flicker=21 t_touched=19 t_no_reach=3
Ep  4750 | score  208.64 | avg100   67.85 | grasp100  17.0% | best 0.325 |     33 st/s
    done(50): success=10 t_flicker=26 t_touched=12 t_no_reach=2
Ep  4800 | score   78.70 | avg100   81.86 | grasp100  18.0% | best 0.325 |     33 st/s
    done(50): success=8 t_flicker=25 t_touched=17
Ep  4850 | score   74.06 | avg100  103.23 | grasp100  26.0% | best 0.325 |     33 st/s
    done(50): success=18 t_flicker=22 t_touched=10
Ep  4900 | score  209.88 | avg100  121.55 | grasp100  38.0% | best 0.325 |     33 st/s
    done(50): success=20 t_flicker=21 t_touched=9
Ep  4950 | score   59.99 | avg100  120.44 | grasp100  38.0% | best 0.325 |     33 st/s
    done(50): success=18 t_flicker=21 t_touched=11
Ep  4962 | * BEST  level200=2.00 grasp200= 34.0% metric=0.340 | score  206.38
Ep  4984 | * BEST  level200=2.00 grasp200= 35.5% metric=0.355 | score  209.35
Ep  5000 | score    6.70 | avg100  118.63 | grasp100  35.0% | best 0.355 |     33 st/s
    done(50): success=17 t_flicker=21 t_touched=10 t_no_reach=2
Ep  5003 | * BEST  level200=2.00 grasp200= 37.0% metric=0.370 | score  239.37
Ep  5050 | score   54.83 | avg100  112.72 | grasp100  31.0% | best 0.370 |     33 st/s
    done(50): success=14 t_flicker=23 t_touched=10 t_no_reach=3
Ep  5100 | score  193.55 | avg100  111.05 | grasp100  31.0% | best 0.370 |     32 st/s
    done(50): success=17 t_flicker=25 t_touched=8
  [primacy-bias reset of critic heads @ 325000 updates]
Ep  5150 | score   43.22 | avg100  100.18 | grasp100  30.0% | best 0.370 |     32 st/s
    done(50): success=13 t_flicker=22 t_touched=11 t_no_reach=4
Ep  5200 | score  -47.15 | avg100   67.73 | grasp100  19.0% | best 0.370 |     32 st/s
    done(50): success=6 t_flicker=26 t_touched=10 t_no_reach=8
Ep  5250 | score  223.18 | avg100   61.90 | grasp100  14.0% | best 0.370 |     32 st/s
    done(50): success=8 t_flicker=22 t_touched=18 t_no_reach=2
Ep  5300 | score   56.80 | avg100   83.74 | grasp100  18.0% | best 0.370 |     32 st/s
    done(50): success=10 t_flicker=24 t_touched=15 t_no_reach=1
Ep  5350 | score  103.23 | avg100  108.93 | grasp100  30.0% | best 0.370 |     32 st/s
    done(50): success=20 t_flicker=24 t_touched=4 t_no_reach=2
Ep  5400 | score  -12.41 | avg100  112.62 | grasp100  35.0% | best 0.370 |     32 st/s
    done(50): success=15 t_flicker=25 t_touched=5 t_no_reach=5
Ep  5450 | score  207.90 | avg100  111.46 | grasp100  37.0% | best 0.370 |     32 st/s
    done(50): success=22 t_flicker=18 t_touched=8 t_no_reach=2
Ep  5488 | * BEST  level200=2.00 grasp200= 38.5% metric=0.385 | score  207.89
Ep  5500 | score   60.30 | avg100  125.35 | grasp100  43.0% | best 0.385 |     32 st/s
    done(50): success=21 t_flicker=18 t_touched=11
Ep  5511 | * BEST  level200=2.00 grasp200= 40.0% metric=0.400 | score  208.62
Ep  5528 | * BEST  level200=2.00 grasp200= 41.5% metric=0.415 | score  207.62
Ep  5550 | score  208.15 | avg100  134.17 | grasp100  43.0% | best 0.415 |     32 st/s
    done(50): success=22 t_flicker=19 t_touched=8 t_no_reach=1
Ep  5564 | * BEST  level200=2.00 grasp200= 43.0% metric=0.430 | score  240.35
Ep  5600 | score  115.94 | avg100  132.19 | grasp100  41.0% | best 0.430 |     32 st/s
    done(50): success=19 t_flicker=20 t_touched=9 t_no_reach=2
Ep  5650 | score   61.86 | avg100  123.45 | grasp100  40.0% | best 0.430 |     32 st/s
    done(50): success=21 t_flicker=20 t_touched=9
  [primacy-bias reset of critic heads @ 350000 updates]
Ep  5700 | score   31.45 | avg100  101.08 | grasp100  32.0% | best 0.430 |     32 st/s
    done(50): success=11 t_flicker=15 t_touched=17 t_no_reach=7
Ep  5750 | score  129.71 | avg100   67.07 | grasp100  12.0% | best 0.430 |     32 st/s
    done(50): success=1 t_flicker=35 t_touched=11 t_no_reach=3
Ep  5800 | score  275.88 | avg100   73.65 | grasp100  10.0% | best 0.430 |     32 st/s
    done(50): success=9 t_flicker=33 t_touched=8
Ep  5850 | score   56.61 | avg100  104.18 | grasp100  21.0% | best 0.430 |     32 st/s
    done(50): success=12 t_flicker=25 t_touched=12 t_no_reach=1
Ep  5900 | score  211.30 | avg100  127.83 | grasp100  39.0% | best 0.430 |     32 st/s
    done(50): success=27 t_flicker=16 t_touched=3 t_no_reach=4
Ep  5950 | score  209.25 | avg100  135.72 | grasp100  53.0% | best 0.430 |     32 st/s
    done(50): success=26 t_flicker=14 t_touched=4 t_no_reach=6
Ep  5982 | * BEST  level200=2.00 grasp200= 44.5% metric=0.445 | score  208.30
Ep  6000 | score   61.32 | avg100  133.77 | grasp100  51.0% | best 0.445 |     32 st/s
    done(50): success=25 t_flicker=15 t_touched=8 t_no_reach=2
Ep  6036 | * BEST  level200=2.00 grasp200= 46.0% metric=0.460 | score  204.92
Ep  6045 | * BEST  level200=2.00 grasp200= 47.5% metric=0.475 | score  206.14
Ep  6049 | * BEST  level200=2.00 grasp200= 49.0% metric=0.490 | score  207.36
Ep  6050 | score  148.09 | avg100  132.69 | grasp100  45.0% | best 0.490 |     32 st/s
    done(50): success=20 t_flicker=24 t_touched=5 t_no_reach=1
Ep  6100 | score  206.36 | avg100  128.21 | grasp100  39.0% | best 0.490 |     32 st/s
    done(50): success=19 t_flicker=23 t_touched=8
Ep  6150 | score  207.59 | avg100  124.17 | grasp100  37.0% | best 0.490 |     32 st/s
    done(50): success=18 t_flicker=24 t_touched=8
Ep  6200 | score  207.73 | avg100  123.00 | grasp100  39.0% | best 0.490 |     32 st/s
    done(50): success=21 t_flicker=22 t_touched=6 t_no_reach=1
  [primacy-bias reset of critic heads @ 375000 updates]
Ep  6250 | score   -9.44 | avg100  119.60 | grasp100  42.0% | best 0.490 |     32 st/s
    done(50): success=21 t_flicker=14 t_touched=8 t_no_reach=7
Ep  6300 | score  214.24 | avg100   99.18 | grasp100  34.0% | best 0.490 |     32 st/s
    done(50): success=13 t_flicker=20 t_touched=16 t_no_reach=1
Ep  6350 | score  206.03 | avg100   99.77 | grasp100  29.0% | best 0.490 |     32 st/s
    done(50): success=16 t_flicker=27 t_touched=6 t_no_reach=1
Ep  6400 | score   93.22 | avg100  114.57 | grasp100  34.0% | best 0.490 |     32 st/s
    done(50): success=18 t_flicker=21 t_touched=8 t_no_reach=3
Ep  6450 | score   59.44 | avg100  115.07 | grasp100  37.0% | best 0.490 |     32 st/s
    done(50): success=19 t_flicker=23 t_touched=7 t_no_reach=1
Ep  6500 | score  -69.52 | avg100  120.58 | grasp100  41.0% | best 0.490 |     32 st/s
    done(50): success=22 t_flicker=20 t_touched=7 t_no_reach=1
Ep  6550 | score 1089.89 | avg100  131.13 | grasp100  39.0% | best 0.490 |     32 st/s
    done(50): success=17 t_flicker=25 t_touched=4 t_no_reach=4
Ep  6600 | score  105.90 | avg100  140.21 | grasp100  40.0% | best 0.490 |     32 st/s
    done(50): success=23 t_flicker=23 t_touched=3 t_no_reach=1
Ep  6650 | score  209.10 | avg100  147.82 | grasp100  50.0% | best 0.490 |     32 st/s
    done(50): success=27 t_flicker=20 t_touched=3
Ep  6700 | score  -28.81 | avg100  135.44 | grasp100  46.0% | best 0.490 |     32 st/s
    done(50): success=19 t_flicker=19 t_touched=10 t_no_reach=2
Ep  6750 | score    5.65 | avg100  118.51 | grasp100  36.0% | best 0.490 |     32 st/s
    done(50): success=17 t_flicker=23 t_touched=9 t_no_reach=1
Ep  6800 | score   93.93 | avg100  127.23 | grasp100  39.0% | best 0.490 |     32 st/s
    done(50): success=22 t_flicker=21 t_touched=6 t_no_reach=1
  [primacy-bias reset of critic heads @ 400000 updates]
Ep  6850 | score  -69.99 | avg100  104.19 | grasp100  35.0% | best 0.490 |     32 st/s
    done(50): success=13 t_flicker=18 t_touched=10 t_no_reach=9
Ep  6900 | score  -52.18 | avg100   67.52 | grasp100  23.0% | best 0.490 |     32 st/s
    done(50): success=10 t_flicker=24 t_touched=11 t_no_reach=5
Ep  6950 | score   97.64 | avg100   80.34 | grasp100  23.0% | best 0.490 |     32 st/s
    done(50): success=13 t_flicker=24 t_touched=10 t_no_reach=3
Ep  7000 | score  106.99 | avg100  103.76 | grasp100  32.0% | best 0.490 |     32 st/s
    done(50): success=19 t_flicker=19 t_touched=9 t_no_reach=3
Ep  7050 | score   43.92 | avg100  123.52 | grasp100  41.0% | best 0.490 |     32 st/s
    done(50): success=22 t_flicker=23 t_touched=4 t_no_reach=1
Ep  7100 | score   82.89 | avg100  127.29 | grasp100  39.0% | best 0.490 |     32 st/s
    done(50): success=17 t_flicker=24 t_touched=8 t_no_reach=1
Ep  7150 | score   99.29 | avg100  126.42 | grasp100  40.0% | best 0.490 |     32 st/s
    done(50): success=23 t_flicker=24 t_touched=2 t_no_reach=1
Ep  7200 | score  208.52 | avg100  133.34 | grasp100  43.0% | best 0.490 |     32 st/s
    done(50): success=20 t_flicker=24 t_touched=4 t_no_reach=2
Ep  7250 | score   94.04 | avg100  133.59 | grasp100  40.0% | best 0.490 |     32 st/s
    done(50): success=20 t_flicker=23 t_touched=7
Ep  7300 | score  205.90 | avg100  122.67 | grasp100  34.0% | best 0.490 |     32 st/s
    done(50): success=14 t_flicker=23 t_touched=10 t_no_reach=3
Ep  7350 | score  -38.04 | avg100  118.11 | grasp100  36.0% | best 0.490 |     32 st/s
    done(50): success=22 t_flicker=16 t_touched=6 t_no_reach=6
  [primacy-bias reset of critic heads @ 425000 updates]
Ep  7400 | score   45.05 | avg100  109.37 | grasp100  34.0% | best 0.490 |     32 st/s
    done(50): success=12 t_flicker=19 t_touched=13 t_no_reach=6
Ep  7450 | score  207.52 | avg100   87.32 | grasp100  25.0% | best 0.490 |     32 st/s
    done(50): success=13 t_flicker=20 t_touched=10 t_no_reach=7
Ep  7500 | score   17.57 | avg100   85.44 | grasp100  23.0% | best 0.490 |     32 st/s
    done(50): success=10 t_flicker=25 t_touched=12 t_no_reach=3
Ep  7550 | score   56.09 | avg100   98.13 | grasp100  27.0% | best 0.490 |     32 st/s
    done(50): success=17 t_flicker=25 t_touched=6 t_no_reach=2
Ep  7600 | score   86.40 | avg100  126.99 | grasp100  43.0% | best 0.490 |     32 st/s
    done(50): success=26 t_flicker=22 t_touched=2
Ep  7650 | score  153.08 | avg100  137.41 | grasp100  46.0% | best 0.490 |     32 st/s
    done(50): success=20 t_flicker=21 t_touched=9
Ep  7700 | score  205.86 | avg100  134.17 | grasp100  46.0% | best 0.490 |     32 st/s
    done(50): success=26 t_flicker=15 t_touched=8 t_no_reach=1
Ep  7750 | score  207.24 | avg100  130.40 | grasp100  47.0% | best 0.490 |     32 st/s
    done(50): success=21 t_flicker=22 t_touched=4 t_no_reach=3
Ep  7800 | score  133.11 | avg100  125.84 | grasp100  40.0% | best 0.490 |     32 st/s
    done(50): success=19 t_flicker=26 t_touched=4 t_no_reach=1
Ep  7850 | score  205.53 | avg100  128.95 | grasp100  41.0% | best 0.490 |     32 st/s
    done(50): success=22 t_flicker=21 t_touched=4 t_no_reach=3
Ep  7900 | score  212.60 | avg100  125.36 | grasp100  43.0% | best 0.490 |     32 st/s
    done(50): success=21 t_flicker=18 t_touched=7 t_no_reach=4
Ep  7950 | score   59.16 | avg100  117.29 | grasp100  37.0% | best 0.490 |     32 st/s
    done(50): success=16 t_flicker=25 t_touched=9
  [primacy-bias reset of critic heads @ 450000 updates]
Ep  8000 | score  205.76 | avg100  115.68 | grasp100  37.0% | best 0.490 |     32 st/s
    done(50): success=21 t_flicker=18 t_touched=11
Ep  8050 | score  206.09 | avg100  118.88 | grasp100  41.0% | best 0.490 |     32 st/s
    done(50): success=20 t_flicker=20 t_touched=10
Ep  8100 | score   93.53 | avg100  119.58 | grasp100  39.0% | best 0.490 |     32 st/s
    done(50): success=19 t_flicker=23 t_touched=7 t_no_reach=1
Ep  8150 | score  177.19 | avg100  101.96 | grasp100  31.0% | best 0.490 |     32 st/s
    done(50): success=12 t_flicker=24 t_touched=13 t_no_reach=1
Ep  8200 | score  206.75 | avg100  112.97 | grasp100  35.0% | best 0.490 |     32 st/s
    done(50): success=23 t_flicker=23 t_touched=3 t_no_reach=1
Ep  8250 | score  206.45 | avg100  136.14 | grasp100  44.0% | best 0.490 |     32 st/s
    done(50): success=21 t_flicker=19 t_touched=9 t_no_reach=1
Ep  8300 | score  206.58 | avg100  144.19 | grasp100  44.0% | best 0.490 |     32 st/s
    done(50): success=23 t_flicker=19 t_touched=6 t_no_reach=2
Ep  8350 | score   50.69 | avg100  153.41 | grasp100  50.0% | best 0.490 |     32 st/s
    done(50): success=27 t_flicker=18 t_touched=4 t_no_reach=1
Ep  8400 | score  -48.35 | avg100  147.95 | grasp100  51.0% | best 0.490 |     32 st/s
    done(50): success=24 t_flicker=20 t_touched=5 t_no_reach=1
Ep  8450 | score  206.33 | avg100  135.01 | grasp100  43.0% | best 0.490 |     32 st/s
    done(50): success=19 t_flicker=24 t_touched=6 t_no_reach=1
Ep  8487 | * BEST  level200=2.00 grasp200= 50.5% metric=0.505 | score  205.34
Ep  8500 | score  142.52 | avg100  134.38 | grasp100  47.0% | best 0.505 |     32 st/s
    done(50): success=28 t_flicker=14 t_touched=8
Ep  8550 | score  204.39 | avg100  146.33 | grasp100  54.0% | best 0.505 |     32 st/s
    done(50): success=26 t_flicker=16 t_touched=5 t_no_reach=3
Ep  8600 | score   58.27 | avg100  142.82 | grasp100  49.0% | best 0.505 |     32 st/s
    done(50): success=23 t_flicker=23 t_touched=3 t_no_reach=1
  [primacy-bias reset of critic heads @ 475000 updates]
Ep  8650 | score  206.44 | avg100  121.08 | grasp100  42.0% | best 0.505 |     32 st/s
    done(50): success=19 t_flicker=17 t_touched=11 t_no_reach=3
Ep  8700 | score   40.36 | avg100   96.52 | grasp100  36.0% | best 0.505 |     32 st/s
    done(50): success=17 t_flicker=14 t_touched=16 t_no_reach=3
Ep  8750 | score   59.63 | avg100  100.65 | grasp100  34.0% | best 0.505 |     32 st/s
    done(50): success=17 t_flicker=22 t_touched=8 t_no_reach=3
Ep  8800 | score  112.14 | avg100  111.93 | grasp100  34.0% | best 0.505 |     32 st/s
    done(50): success=17 t_flicker=24 t_touched=6 t_no_reach=3
Ep  8850 | score  205.71 | avg100  123.00 | grasp100  38.0% | best 0.505 |     32 st/s
    done(50): success=21 t_flicker=21 t_touched=6 t_no_reach=2
Ep  8900 | score  206.85 | avg100  126.77 | grasp100  43.0% | best 0.505 |     32 st/s
    done(50): success=22 t_flicker=15 t_touched=10 t_no_reach=3
Ep  8950 | score  206.42 | avg100  128.83 | grasp100  48.0% | best 0.505 |     32 st/s
    done(50): success=26 t_flicker=21 t_touched=2 t_no_reach=1
Ep  9000 | score   94.82 | avg100  130.42 | grasp100  47.0% | best 0.505 |     32 st/s
    done(50): success=21 t_flicker=21 t_touched=7 t_no_reach=1
Ep  9050 | score   57.72 | avg100  117.16 | grasp100  38.0% | best 0.505 |     32 st/s
    done(50): success=17 t_flicker=27 t_touched=5 t_no_reach=1
Ep  9100 | score   94.79 | avg100  138.33 | grasp100  51.0% | best 0.505 |     32 st/s
    done(50): success=34 t_flicker=15 t_touched=1
Ep  9150 | score  138.44 | avg100  155.48 | grasp100  59.0% | best 0.505 |     32 st/s
    done(50): success=25 t_flicker=20 t_touched=5
Ep  9200 | score  204.19 | avg100  142.95 | grasp100  49.0% | best 0.505 |     32 st/s
    done(50): success=24 t_flicker=21 t_touched=4 t_no_reach=1
Ep  9215 | * BEST  level200=2.00 grasp200= 52.0% metric=0.520 | score  207.33
Ep  9218 | * BEST  level200=2.00 grasp200= 53.5% metric=0.535 | score  204.98
Ep  9250 | score  206.07 | avg100  138.53 | grasp100  49.0% | best 0.535 |     32 st/s
    done(50): success=25 t_flicker=16 t_touched=8 t_no_reach=1
  [primacy-bias reset of critic heads @ 500000 updates]
Ep  9300 | score   63.96 | avg100  133.36 | grasp100  44.0% | best 0.535 |     32 st/s
    done(50): success=19 t_flicker=28 t_touched=3
Ep  9350 | score   68.13 | avg100   92.76 | grasp100  24.0% | best 0.535 |     32 st/s
    done(50): success=5 t_flicker=25 t_touched=15 t_no_reach=5
Ep  9400 | score  -50.51 | avg100   74.54 | grasp100  18.0% | best 0.535 |     32 st/s
    done(50): success=13 t_flicker=25 t_touched=11 t_no_reach=1
Ep  9450 | score   59.58 | avg100  108.66 | grasp100  32.0% | best 0.535 |     32 st/s
    done(50): success=19 t_flicker=18 t_touched=11 t_no_reach=2
Ep  9500 | score  206.24 | avg100  127.12 | grasp100  45.0% | best 0.535 |     32 st/s
    done(50): success=26 t_flicker=14 t_touched=7 t_no_reach=3
Ep  9550 | score  152.79 | avg100  124.96 | grasp100  44.0% | best 0.535 |     32 st/s
    done(50): success=18 t_flicker=21 t_touched=8 t_no_reach=3
Ep  9600 | score  200.45 | avg100  136.12 | grasp100  48.0% | best 0.535 |     32 st/s
    done(50): success=30 t_flicker=13 t_touched=4 t_no_reach=3
Ep  9650 | score  -43.65 | avg100  146.25 | grasp100  54.0% | best 0.535 |     32 st/s
    done(50): success=24 t_flicker=21 t_touched=5
Ep  9700 | score   -2.67 | avg100  142.83 | grasp100  47.0% | best 0.535 |     32 st/s
    done(50): success=23 t_flicker=16 t_touched=8 t_no_reach=3
Ep  9750 | score  206.20 | avg100  144.69 | grasp100  49.0% | best 0.535 |     32 st/s
    done(50): success=26 t_flicker=19 t_touched=5
Ep  9800 | score  135.12 | avg100  145.46 | grasp100  52.0% | best 0.535 |     32 st/s
    done(50): success=26 t_flicker=22 t_touched=2
Ep  9850 | score   54.80 | avg100  142.99 | grasp100  50.0% | best 0.535 |     32 st/s
    done(50): success=24 t_flicker=15 t_touched=9 t_no_reach=2
Ep  9900 | score  106.04 | avg100  140.70 | grasp100  52.0% | best 0.535 |     32 st/s
    done(50): success=28 t_flicker=16 t_touched=4 t_no_reach=2
Ep  9950 | score  -70.54 | avg100  134.51 | grasp100  51.0% | best 0.535 |     32 st/s
    done(50): success=23 t_flicker=22 t_touched=3 t_no_reach=2
  [primacy-bias reset of critic heads @ 525000 updates]
Ep 10000 | score  -30.92 | avg100  131.77 | grasp100  50.0% | best 0.535 |     32 st/s
    done(50): success=27 t_flicker=19 t_touched=3 t_no_reach=1
Ep 10050 | score  -31.48 | avg100  103.72 | grasp100  39.0% | best 0.535 |     32 st/s
    done(50): success=12 t_flicker=25 t_touched=9 t_no_reach=4
Ep 10100 | score   51.91 | avg100   76.76 | grasp100  22.0% | best 0.535 |     32 st/s
    done(50): success=10 t_flicker=25 t_touched=14 t_no_reach=1
Ep 10150 | score  122.03 | avg100   92.60 | grasp100  24.0% | best 0.535 |     32 st/s
    done(50): success=14 t_flicker=25 t_touched=8 t_no_reach=3
Ep 10200 | score  139.52 | avg100  109.11 | grasp100  36.0% | best 0.535 |     32 st/s
    done(50): success=22 t_flicker=21 t_touched=7
Ep 10250 | score  206.43 | avg100  126.76 | grasp100  44.0% | best 0.535 |     32 st/s
    done(50): success=22 t_flicker=22 t_touched=4 t_no_reach=2
Ep 10300 | score  208.02 | avg100  136.29 | grasp100  45.0% | best 0.535 |     32 st/s
    done(50): success=23 t_flicker=23 t_touched=4
Ep 10350 | score  210.58 | avg100  138.44 | grasp100  48.0% | best 0.535 |     32 st/s
    done(50): success=25 t_flicker=18 t_touched=6 t_no_reach=1
Ep 10400 | score   58.06 | avg100  134.71 | grasp100  46.0% | best 0.535 |     32 st/s
    done(50): success=21 t_flicker=23 t_touched=6
Ep 10450 | score  273.54 | avg100  141.58 | grasp100  51.0% | best 0.535 |     32 st/s
    done(50): success=30 t_flicker=15 t_touched=5
Ep 10500 | score  175.10 | avg100  146.31 | grasp100  55.0% | best 0.535 |     32 st/s
    done(50): success=25 t_flicker=20 t_touched=4 t_no_reach=1
Ep 10550 | score   59.54 | avg100  142.02 | grasp100  51.0% | best 0.535 |     32 st/s
    done(50): success=26 t_flicker=19 t_touched=4 t_no_reach=1
Ep 10600 | score  206.20 | avg100  132.54 | grasp100  44.0% | best 0.535 |     32 st/s
    done(50): success=18 t_flicker=27 t_touched=3 t_no_reach=2
Ep 10650 | score   50.43 | avg100  127.34 | grasp100  40.0% | best 0.535 |     32 st/s
    done(50): success=22 t_flicker=24 t_touched=3 t_no_reach=1
Ep 10700 | score  208.15 | avg100  142.54 | grasp100  51.0% | best 0.535 |     32 st/s
    done(50): success=29 t_flicker=18 t_touched=2 t_no_reach=1
  [primacy-bias reset of critic heads @ 550000 updates]
Ep 10750 | score   83.23 | avg100  142.70 | grasp100  53.0% | best 0.535 |     32 st/s
    done(50): success=24 t_flicker=20 t_touched=5 t_no_reach=1
Ep 10800 | score  -63.19 | avg100  117.60 | grasp100  44.0% | best 0.535 |     32 st/s
    done(50): success=20 t_flicker=19 t_touched=6 t_no_reach=5
Ep 10850 | score  -67.38 | avg100  112.18 | grasp100  40.0% | best 0.535 |     32 st/s
    done(50): success=20 t_flicker=21 t_touched=7 t_no_reach=2
Ep 10900 | score  115.21 | avg100  115.45 | grasp100  37.0% | best 0.535 |     32 st/s
    done(50): success=17 t_flicker=23 t_touched=8 t_no_reach=2
Ep 10950 | score  -65.82 | avg100  119.54 | grasp100  39.0% | best 0.535 |     32 st/s
    done(50): success=22 t_flicker=19 t_touched=9
Ep 11000 | score   57.88 | avg100  142.62 | grasp100  50.0% | best 0.535 |     32 st/s
    done(50): success=28 t_flicker=19 t_touched=2 t_no_reach=1
Ep 11050 | score   97.60 | avg100  146.96 | grasp100  52.0% | best 0.535 |     32 st/s
    done(50): success=24 t_flicker=23 t_touched=3
Ep 11100 | score   67.35 | avg100  150.92 | grasp100  55.0% | best 0.535 |     32 st/s
    done(50): success=31 t_flicker=16 t_touched=3
Ep 11150 | score  114.58 | avg100  147.97 | grasp100  56.0% | best 0.535 |     32 st/s
    done(50): success=25 t_flicker=21 t_touched=3 t_no_reach=1
Ep 11154 | * BEST  level200=2.00 grasp200= 55.0% metric=0.550 | score  207.98
Ep 11200 | score  205.28 | avg100  133.84 | grasp100  47.0% | best 0.550 |     32 st/s
    done(50): success=22 t_flicker=22 t_touched=5 t_no_reach=1
Ep 11250 | score   77.31 | avg100  137.09 | grasp100  46.0% | best 0.550 |     32 st/s
    done(50): success=24 t_flicker=20 t_touched=6
Ep 11300 | score   64.98 | avg100  143.20 | grasp100  52.0% | best 0.550 |     32 st/s
    done(50): success=28 t_flicker=19 t_touched=1 t_no_reach=2
Ep 11350 | score   64.96 | avg100  149.44 | grasp100  59.0% | best 0.550 |     32 st/s
    done(50): success=31 t_flicker=15 t_touched=3 t_no_reach=1
Ep 11400 | score   63.22 | avg100  140.34 | grasp100  50.0% | best 0.550 |     32 st/s
    done(50): success=19 t_flicker=25 t_touched=4 t_no_reach=2
Ep 11450 | score   88.70 | avg100  136.31 | grasp100  44.0% | best 0.550 |     32 st/s
    done(50): success=25 t_flicker=19 t_touched=4 t_no_reach=2
Ep 11500 | score  167.31 | avg100  146.26 | grasp100  52.0% | best 0.550 |     32 st/s
    done(50): success=27 t_flicker=16 t_touched=5 t_no_reach=2
  [primacy-bias reset of critic heads @ 575000 updates]
Ep 11550 | score  132.67 | avg100  110.97 | grasp100  39.0% | best 0.550 |     32 st/s
    done(50): success=12 t_flicker=17 t_touched=14 t_no_reach=7
Ep 11600 | score  106.31 | avg100   81.46 | grasp100  27.0% | best 0.550 |     32 st/s
    done(50): success=15 t_flicker=19 t_touched=10 t_no_reach=6
Ep 11650 | score  221.52 | avg100  109.82 | grasp100  38.0% | best 0.550 |     32 st/s
    done(50): success=23 t_flicker=18 t_touched=7 t_no_reach=2
Ep 11700 | score   62.02 | avg100  142.51 | grasp100  51.0% | best 0.550 |     32 st/s
    done(50): success=28 t_flicker=14 t_touched=7 t_no_reach=1
Ep 11750 | score  137.73 | avg100  150.89 | grasp100  54.0% | best 0.550 |     32 st/s
    done(50): success=26 t_flicker=18 t_touched=6
Ep 11800 | score   57.05 | avg100  140.77 | grasp100  48.0% | best 0.550 |     32 st/s
    done(50): success=22 t_flicker=21 t_touched=7
Ep 11850 | score  213.49 | avg100  137.24 | grasp100  46.0% | best 0.550 |     32 st/s
    done(50): success=24 t_flicker=23 t_touched=3
Ep 11900 | score  209.60 | avg100  146.60 | grasp100  55.0% | best 0.550 |     32 st/s
    done(50): success=31 t_flicker=14 t_touched=2 t_no_reach=3
Ep 11950 | score  206.70 | avg100  146.20 | grasp100  55.0% | best 0.550 |     32 st/s
    done(50): success=24 t_flicker=23 t_touched=2 t_no_reach=1
Ep 12000 | score  -33.15 | avg100  144.82 | grasp100  52.0% | best 0.550 |     32 st/s
    done(50): success=28 t_flicker=14 t_touched=5 t_no_reach=3
Ep 12050 | score   63.49 | avg100  150.68 | grasp100  56.0% | best 0.550 |     32 st/s
    done(50): success=28 t_flicker=19 t_touched=2 t_no_reach=1
Ep 12100 | score  206.15 | avg100  151.47 | grasp100  56.0% | best 0.550 |     32 st/s
    done(50): success=28 t_flicker=17 t_touched=4 t_no_reach=1
Ep 12150 | score  208.02 | avg100  144.55 | grasp100  51.0% | best 0.550 |     32 st/s
    done(50): success=23 t_flicker=25 t_touched=2
Ep 12200 | score  206.64 | avg100  143.58 | grasp100  50.0% | best 0.550 |     32 st/s
    done(50): success=27 t_flicker=18 t_touched=4 t_no_reach=1
  [primacy-bias reset of critic heads @ 600000 updates]
Ep 12250 | score  206.44 | avg100  118.64 | grasp100  42.0% | best 0.550 |     32 st/s
    done(50): success=15 t_flicker=20 t_touched=11 t_no_reach=4
Ep 12300 | score  113.61 | avg100   87.94 | grasp100  28.0% | best 0.550 |     32 st/s
    done(50): success=13 t_flicker=16 t_touched=16 t_no_reach=5
Ep 12350 | score  204.87 | avg100  110.31 | grasp100  38.0% | best 0.550 |     32 st/s
    done(50): success=25 t_flicker=17 t_touched=4 t_no_reach=4
Ep 12400 | score  149.94 | avg100  131.60 | grasp100  48.0% | best 0.550 |     32 st/s
    done(50): success=23 t_flicker=20 t_touched=5 t_no_reach=2
Ep 12450 | score  207.10 | avg100  132.59 | grasp100  48.0% | best 0.550 |     32 st/s
    done(50): success=25 t_flicker=15 t_touched=9 t_no_reach=1
Ep 12500 | score  207.90 | avg100  143.79 | grasp100  54.0% | best 0.550 |     32 st/s
    done(50): success=29 t_flicker=15 t_touched=5 t_no_reach=1
Ep 12550 | score  207.87 | avg100  152.29 | grasp100  59.0% | best 0.550 |     32 st/s
    done(50): success=30 t_flicker=18 t_touched=2
Ep 12600 | score  206.85 | avg100  145.01 | grasp100  52.0% | best 0.550 |     32 st/s
    done(50): success=22 t_flicker=27 t_touched=1
Ep 12626 | * BEST  level200=2.00 grasp200= 56.5% metric=0.565 | score  206.53
Ep 12650 | score  127.59 | avg100  146.56 | grasp100  53.0% | best 0.565 |     32 st/s
    done(50): success=31 t_flicker=14 t_touched=5
Ep 12700 | score  -21.87 | avg100  147.88 | grasp100  56.0% | best 0.565 |     32 st/s
    done(50): success=25 t_flicker=21 t_touched=3 t_no_reach=1
Ep 12750 | score   58.31 | avg100  143.02 | grasp100  53.0% | best 0.565 |     32 st/s
    done(50): success=28 t_flicker=20 t_touched=1 t_no_reach=1
Ep 12800 | score  206.37 | avg100  139.72 | grasp100  50.0% | best 0.565 |     32 st/s
    done(50): success=22 t_flicker=26 t_no_reach=2
Ep 12850 | score   57.09 | avg100  139.20 | grasp100  48.0% | best 0.565 |     32 st/s
    done(50): success=26 t_flicker=19 t_touched=2 t_no_reach=3
Ep 12900 | score   -2.86 | avg100  145.36 | grasp100  52.0% | best 0.565 |     32 st/s
    done(50): success=26 t_flicker=21 t_touched=2 t_no_reach=1
Ep 12950 | score  209.01 | avg100  149.44 | grasp100  56.0% | best 0.565 |     32 st/s
    done(50): success=30 t_flicker=17 t_touched=3
Ep 13000 | score  104.06 | avg100  152.30 | grasp100  56.0% | best 0.565 |     32 st/s
    done(50): success=26 t_flicker=19 t_touched=5
  [primacy-bias reset of critic heads @ 625000 updates]
========================================================================
RANDOM-SPAWN GRASP RETRAINING  |  algo=td3_ln  run=td3_ln_cereal_basewarm_s3
========================================================================
  Envs                : 5 (subprocess-parallel, fork)
  Spawn level         : 2.0 (1.0 = full position box, 2.0 = + z-rotation)
  Updates/vec-step    : 2 (0.400 per env-step; historical baseline 0.5)
  Buffer              : 2,000,000
  Actor               : 64 -> 32  (5,216 weights)  [critics 512->256]
  Warm start          : checkpoints/td3_grasp_rand_td3_ln_c2m512_s1/best
  Checkpoints         : /home/fahim/Thesis_fahim/pickandplace/checkpoints/td3_grasp_rand_td3_ln_cereal_basewarm_s3
========================================================================

Spawning 5 subprocess environments (fork)...
[robosuite WARNING] No private macro file found! (__init__.py:7)
[robosuite WARNING] It is recommended to use a private macro file (__init__.py:8)
[robosuite WARNING] To setup, run: python /home/fahim/Thesis_fahim/venv/lib/python3.12/site-packages/robosuite/scripts/setup_macros.py (__init__.py:9)
[robosuite WARNING] No private macro file found! (__init__.py:7)
[robosuite WARNING] No private macro file found! (__init__.py:7)
[robosuite WARNING] It is recommended to use a private macro file (__init__.py:8)
[robosuite WARNING] To setup, run: python /home/fahim/Thesis_fahim/venv/lib/python3.12/site-packages/robosuite/scripts/setup_macros.py (__init__.py:9)
[robosuite WARNING] It is recommended to use a private macro file (__init__.py:8)
[robosuite WARNING] To setup, run: python /home/fahim/Thesis_fahim/venv/lib/python3.12/site-packages/robosuite/scripts/setup_macros.py (__init__.py:9)
[robosuite WARNING] No private macro file found! (__init__.py:7)
[robosuite WARNING] It is recommended to use a private macro file (__init__.py:8)
[robosuite WARNING] To setup, run: python /home/fahim/Thesis_fahim/venv/lib/python3.12/site-packages/robosuite/scripts/setup_macros.py (__init__.py:9)
[robosuite WARNING] No private macro file found! (__init__.py:7)
[robosuite WARNING] It is recommended to use a private macro file (__init__.py:8)
[robosuite WARNING] To setup, run: python /home/fahim/Thesis_fahim/venv/lib/python3.12/site-packages/robosuite/scripts/setup_macros.py (__init__.py:9)
Gym has been unmaintained since 2022 and does not support NumPy 2.0 amongst other critical functionality.
Please upgrade to Gymnasium, the maintained drop-in replacement of Gym, or contact the authors of your software and request that they upgrade.
See the migration guide at https://gymnasium.farama.org/introduction/migration_guide/ for additional information.
Gym has been unmaintained since 2022 and does not support NumPy 2.0 amongst other critical functionality.
Please upgrade to Gymnasium, the maintained drop-in replacement of Gym, or contact the authors of your software and request that they upgrade.
See the migration guide at https://gymnasium.farama.org/introduction/migration_guide/ for additional information.
Gym has been unmaintained since 2022 and does not support NumPy 2.0 amongst other critical functionality.
Please upgrade to Gymnasium, the maintained drop-in replacement of Gym, or contact the authors of your software and request that they upgrade.
See the migration guide at https://gymnasium.farama.org/introduction/migration_guide/ for additional information.
Gym has been unmaintained since 2022 and does not support NumPy 2.0 amongst other critical functionality.
Please upgrade to Gymnasium, the maintained drop-in replacement of Gym, or contact the authors of your software and request that they upgrade.
See the migration guide at https://gymnasium.farama.org/introduction/migration_guide/ for additional information.
Gym has been unmaintained since 2022 and does not support NumPy 2.0 amongst other critical functionality.
Please upgrade to Gymnasium, the maintained drop-in replacement of Gym, or contact the authors of your software and request that they upgrade.
See the migration guide at https://gymnasium.farama.org/introduction/migration_guide/ for additional information.
/home/fahim/Thesis_fahim/venv/lib/python3.12/site-packages/gym/spaces/box.py:84: UserWarning: [33mWARN: Box bound precision lowered by casting to float32[0m
  logger.warn(f"Box bound precision lowered by casting to {self.dtype}")
/home/fahim/Thesis_fahim/venv/lib/python3.12/site-packages/gym/spaces/box.py:84: UserWarning: [33mWARN: Box bound precision lowered by casting to float32[0m
  logger.warn(f"Box bound precision lowered by casting to {self.dtype}")
/home/fahim/Thesis_fahim/venv/lib/python3.12/site-packages/gym/spaces/box.py:84: UserWarning: [33mWARN: Box bound precision lowered by casting to float32[0m
  logger.warn(f"Box bound precision lowered by casting to {self.dtype}")
/home/fahim/Thesis_fahim/venv/lib/python3.12/site-packages/gym/spaces/box.py:84: UserWarning: [33mWARN: Box bound precision lowered by casting to float32[0m
  logger.warn(f"Box bound precision lowered by casting to {self.dtype}")
/home/fahim/Thesis_fahim/venv/lib/python3.12/site-packages/gym/spaces/box.py:84: UserWarning: [33mWARN: Box bound precision lowered by casting to float32[0m
  logger.warn(f"Box bound precision lowered by casting to {self.dtype}")
Gym has been unmaintained since 2022 and does not support NumPy 2.0 amongst other critical functionality.
Please upgrade to Gymnasium, the maintained drop-in replacement of Gym, or contact the authors of your software and request that they upgrade.
See the migration guide at https://gymnasium.farama.org/introduction/migration_guide/ for additional information.
5 environments ready.

========================================================================
RANDOM-SPAWN GRASP RETRAINING  |  algo=td3_ln  run=td3_ln_cereal_basewarm_s3
========================================================================
  Envs                : 5 (subprocess-parallel, fork)
  Spawn level         : 2.0 (1.0 = full position box, 2.0 = + z-rotation)
  Updates/vec-step    : 2 (0.400 per env-step; historical baseline 0.5)
  Buffer              : 2,000,000
  Actor               : 64 -> 32  (5,216 weights)  [critics 512->256]
  Warm start          : checkpoints/td3_grasp_rand_td3_ln_c2m512_s1/best
  Checkpoints         : /home/fahim/Thesis_fahim/pickandplace/checkpoints/td3_grasp_rand_td3_ln_cereal_basewarm_s3
========================================================================

Spawning 5 subprocess environments (fork)...
[robosuite WARNING] No private macro file found! (__init__.py:7)
[robosuite WARNING] It is recommended to use a private macro file (__init__.py:8)
[robosuite WARNING] To setup, run: python /home/fahim/Thesis_fahim/venv/lib/python3.12/site-packages/robosuite/scripts/setup_macros.py (__init__.py:9)
[robosuite WARNING] No private macro file found! (__init__.py:7)
[robosuite WARNING] It is recommended to use a private macro file (__init__.py:8)
[robosuite WARNING] To setup, run: python /home/fahim/Thesis_fahim/venv/lib/python3.12/site-packages/robosuite/scripts/setup_macros.py (__init__.py:9)
[robosuite WARNING] No private macro file found! (__init__.py:7)
[robosuite WARNING] It is recommended to use a private macro file (__init__.py:8)
[robosuite WARNING] To setup, run: python /home/fahim/Thesis_fahim/venv/lib/python3.12/site-packages/robosuite/scripts/setup_macros.py (__init__.py:9)
[robosuite WARNING] No private macro file found! (__init__.py:7)
[robosuite WARNING] It is recommended to use a private macro file (__init__.py:8)
[robosuite WARNING] To setup, run: python /home/fahim/Thesis_fahim/venv/lib/python3.12/site-packages/robosuite/scripts/setup_macros.py (__init__.py:9)
[robosuite WARNING] No private macro file found! (__init__.py:7)
[robosuite WARNING] It is recommended to use a private macro file (__init__.py:8)
[robosuite WARNING] To setup, run: python /home/fahim/Thesis_fahim/venv/lib/python3.12/site-packages/robosuite/scripts/setup_macros.py (__init__.py:9)
Gym has been unmaintained since 2022 and does not support NumPy 2.0 amongst other critical functionality.
Please upgrade to Gymnasium, the maintained drop-in replacement of Gym, or contact the authors of your software and request that they upgrade.
See the migration guide at https://gymnasium.farama.org/introduction/migration_guide/ for additional information.
Gym has been unmaintained since 2022 and does not support NumPy 2.0 amongst other critical functionality.
Please upgrade to Gymnasium, the maintained drop-in replacement of Gym, or contact the authors of your software and request that they upgrade.
See the migration guide at https://gymnasium.farama.org/introduction/migration_guide/ for additional information.
Gym has been unmaintained since 2022 and does not support NumPy 2.0 amongst other critical functionality.
Please upgrade to Gymnasium, the maintained drop-in replacement of Gym, or contact the authors of your software and request that they upgrade.
See the migration guide at https://gymnasium.farama.org/introduction/migration_guide/ for additional information.
Gym has been unmaintained since 2022 and does not support NumPy 2.0 amongst other critical functionality.
Please upgrade to Gymnasium, the maintained drop-in replacement of Gym, or contact the authors of your software and request that they upgrade.
See the migration guide at https://gymnasium.farama.org/introduction/migration_guide/ for additional information.
Gym has been unmaintained since 2022 and does not support NumPy 2.0 amongst other critical functionality.
Please upgrade to Gymnasium, the maintained drop-in replacement of Gym, or contact the authors of your software and request that they upgrade.
See the migration guide at https://gymnasium.farama.org/introduction/migration_guide/ for additional information.
/home/fahim/Thesis_fahim/venv/lib/python3.12/site-packages/gym/spaces/box.py:84: UserWarning: [33mWARN: Box bound precision lowered by casting to float32[0m
  logger.warn(f"Box bound precision lowered by casting to {self.dtype}")
/home/fahim/Thesis_fahim/venv/lib/python3.12/site-packages/gym/spaces/box.py:84: UserWarning: [33mWARN: Box bound precision lowered by casting to float32[0m
  logger.warn(f"Box bound precision lowered by casting to {self.dtype}")
/home/fahim/Thesis_fahim/venv/lib/python3.12/site-packages/gym/spaces/box.py:84: UserWarning: [33mWARN: Box bound precision lowered by casting to float32[0m
  logger.warn(f"Box bound precision lowered by casting to {self.dtype}")
/home/fahim/Thesis_fahim/venv/lib/python3.12/site-packages/gym/spaces/box.py:84: UserWarning: [33mWARN: Box bound precision lowered by casting to float32[0m
  logger.warn(f"Box bound precision lowered by casting to {self.dtype}")
/home/fahim/Thesis_fahim/venv/lib/python3.12/site-packages/gym/spaces/box.py:84: UserWarning: [33mWARN: Box bound precision lowered by casting to float32[0m
  logger.warn(f"Box bound precision lowered by casting to {self.dtype}")
Gym has been unmaintained since 2022 and does not support NumPy 2.0 amongst other critical functionality.
Please upgrade to Gymnasium, the maintained drop-in replacement of Gym, or contact the authors of your software and request that they upgrade.
See the migration guide at https://gymnasium.farama.org/introduction/migration_guide/ for additional information.
5 environments ready.

  Actor QAT           : per-tensor INT8 fake-quant, STE grads
  Actor weight clip   : |w| <= 8.0 * std(w) per Linear tensor (bi_s0 baseline fc1 9.96 / fc2 10.82)
Init: resumed (source: /home/fahim/Thesis_fahim/pickandplace/checkpoints/td3_grasp_rand_td3_ln_c2m512_s1/best)
Resumed replay buffer (1,571,582 transitions).

Training...

Ep    50 | score   -6.64 | avg100  149.74 | grasp100  52.0% | best 0.000 |     35 st/s
    done(50): success=26 t_flicker=15 t_touched=7 t_no_reach=2
Ep   100 | score  205.47 | avg100  150.80 | grasp100  56.0% | best 0.000 |     33 st/s
    done(50): success=30 t_flicker=17 t_touched=2 t_no_reach=1
Ep   150 | score  206.16 | avg100  137.92 | grasp100  47.0% | best 0.000 |     33 st/s
    done(50): success=17 t_flicker=29 t_touched=3 t_no_reach=1
Ep   200 | * BEST  level200=2.00 grasp200= 52.0% metric=0.520 | score  205.61
Ep   250 | score  204.35 | avg100  149.57 | grasp100  52.0% | best 0.520 |     32 st/s
    done(50): success=21 t_flicker=22 t_touched=7
Ep   300 | score   74.52 | avg100  134.49 | grasp100  44.0% | best 0.520 |     33 st/s
    done(50): success=23 t_flicker=20 t_touched=5 t_no_reach=2
Ep   341 | * BEST  level200=2.00 grasp200= 53.5% metric=0.535 | score  209.94
Ep   350 | score  152.61 | avg100  153.76 | grasp100  56.0% | best 0.535 |     32 st/s
    done(50): success=33 t_flicker=17
Ep   360 | * BEST  level200=2.00 grasp200= 55.0% metric=0.550 | score  205.59
Ep   400 | score   63.90 | avg100  158.82 | grasp100  60.0% | best 0.550 |     32 st/s
    done(50): success=27 t_flicker=17 t_touched=4 t_no_reach=2
Ep   450 | score   -5.94 | avg100  147.20 | grasp100  55.0% | best 0.550 |     32 st/s
    done(50): success=28 t_flicker=17 t_touched=4 t_no_reach=1
Ep   453 | * BEST  level200=2.00 grasp200= 56.5% metric=0.565 | score  224.89
Ep   464 | * BEST  level200=2.00 grasp200= 58.0% metric=0.580 | score  206.97
Ep   473 | * BEST  level200=2.00 grasp200= 59.5% metric=0.595 | score  207.11
Ep   500 | score  204.71 | avg100  154.81 | grasp100  60.0% | best 0.595 |     32 st/s
    done(50): success=32 t_flicker=14 t_touched=3 t_no_reach=1
Ep   502 | * BEST  level200=2.00 grasp200= 61.0% metric=0.610 | score  207.39
Ep   550 | score  205.52 | avg100  161.20 | grasp100  67.0% | best 0.610 |     31 st/s
    done(50): success=35 t_flicker=11 t_touched=2 t_no_reach=2
Ep   600 | score   64.48 | avg100  152.15 | grasp100  59.0% | best 0.610 |     31 st/s
    done(50): success=24 t_flicker=23 t_touched=2 t_no_reach=1
Ep   650 | score  205.82 | avg100  142.39 | grasp100  47.0% | best 0.610 |     31 st/s
    done(50): success=23 t_flicker=17 t_touched=9 t_no_reach=1
Ep   700 | score   93.42 | avg100  142.96 | grasp100  48.0% | best 0.610 |     32 st/s
    done(50): success=25 t_flicker=22 t_touched=1 t_no_reach=2
Ep   750 | score   76.68 | avg100  153.32 | grasp100  56.0% | best 0.610 |     32 st/s
    done(50): success=31 t_flicker=17 t_touched=2
Ep   800 | score  -70.36 | avg100  153.87 | grasp100  60.0% | best 0.610 |     33 st/s
    done(50): success=29 t_flicker=17 t_touched=4
  [primacy-bias reset of critic heads @ 25000 updates]
Ep   850 | score  205.28 | avg100  144.64 | grasp100  55.0% | best 0.610 |     33 st/s
    done(50): success=26 t_flicker=18 t_touched=5 t_no_reach=1
Ep   900 | score   17.44 | avg100  142.09 | grasp100  52.0% | best 0.610 |     34 st/s
    done(50): success=26 t_flicker=15 t_touched=7 t_no_reach=2
Ep   950 | score   -8.03 | avg100  110.55 | grasp100  36.0% | best 0.610 |     34 st/s
    done(50): success=10 t_flicker=28 t_touched=8 t_no_reach=4
Ep  1000 | score   51.84 | avg100  112.47 | grasp100  35.0% | best 0.610 |     35 st/s
    done(50): success=25 t_flicker=18 t_touched=6 t_no_reach=1
Ep  1050 | score  186.12 | avg100  146.72 | grasp100  53.0% | best 0.610 |     34 st/s
    done(50): success=28 t_flicker=18 t_touched=4
Ep  1100 | score  162.66 | avg100  151.49 | grasp100  55.0% | best 0.610 |     35 st/s
    done(50): success=27 t_flicker=21 t_touched=1 t_no_reach=1
Ep  1150 | score   86.84 | avg100  141.03 | grasp100  48.0% | best 0.610 |     35 st/s
    done(50): success=21 t_flicker=27 t_touched=2
Ep  1200 | score  232.31 | avg100  139.84 | grasp100  47.0% | best 0.610 |     35 st/s
    done(50): success=26 t_flicker=21 t_touched=3
Ep  1250 | score  148.03 | avg100  148.42 | grasp100  52.0% | best 0.610 |     35 st/s
    done(50): success=26 t_flicker=21 t_touched=1 t_no_reach=2
Ep  1300 | score  122.42 | avg100  157.58 | grasp100  56.0% | best 0.610 |     35 st/s
    done(50): success=30 t_flicker=19 t_no_reach=1
Ep  1350 | score   54.37 | avg100  165.81 | grasp100  61.0% | best 0.610 |     35 st/s
    done(50): success=31 t_flicker=16 t_touched=3
Ep  1400 | score  171.92 | avg100  158.11 | grasp100  56.0% | best 0.610 |     36 st/s
    done(50): success=25 t_flicker=21 t_touched=3 t_no_reach=1
Ep  1450 | score  207.97 | avg100  148.36 | grasp100  48.0% | best 0.610 |     36 st/s
    done(50): success=23 t_flicker=24 t_touched=3
Ep  1500 | score  206.25 | avg100  151.25 | grasp100  55.0% | best 0.610 |     36 st/s
    done(50): success=32 t_flicker=15 t_touched=2 t_no_reach=1
Ep  1550 | score  207.22 | avg100  156.15 | grasp100  62.0% | best 0.610 |     36 st/s
    done(50): success=30 t_flicker=15 t_touched=3 t_no_reach=2
Ep  1600 | score  208.37 | avg100  164.43 | grasp100  65.0% | best 0.610 |     36 st/s
    done(50): success=35 t_flicker=15
Ep  1625 | * BEST  level200=2.00 grasp200= 62.5% metric=0.625 | score  207.22
Ep  1641 | * BEST  level200=2.00 grasp200= 64.0% metric=0.640 | score  207.87
Ep  1649 | * BEST  level200=2.00 grasp200= 65.5% metric=0.655 | score  206.70
Ep  1650 | score   64.88 | avg100  173.20 | grasp100  68.0% | best 0.655 |     36 st/s
    done(50): success=33 t_flicker=17
  [primacy-bias reset of critic heads @ 50000 updates]
Ep  1700 | score   59.75 | avg100  146.71 | grasp100  51.0% | best 0.655 |     36 st/s
    done(50): success=18 t_flicker=24 t_touched=8
Ep  1750 | score  204.91 | avg100  107.58 | grasp100  37.0% | best 0.655 |     36 st/s
    done(50): success=19 t_flicker=17 t_touched=7 t_no_reach=7
Ep  1800 | score  119.18 | avg100  111.93 | grasp100  39.0% | best 0.655 |     36 st/s
    done(50): success=20 t_flicker=20 t_touched=9 t_no_reach=1
Ep  1850 | score   60.23 | avg100  131.13 | grasp100  38.0% | best 0.655 |     37 st/s
    done(50): success=18 t_flicker=23 t_touched=8 t_no_reach=1
========================================================================
RANDOM-SPAWN GRASP RETRAINING  |  algo=td3_ln  run=td3_ln_cereal_basewarm_s3
========================================================================
  Envs                : 5 (subprocess-parallel, fork)
  Spawn level         : 2.0 (1.0 = full position box, 2.0 = + z-rotation)
  Updates/vec-step    : 2 (0.400 per env-step; historical baseline 0.5)
  Buffer              : 2,000,000
  Actor               : 64 -> 32  (5,216 weights)  [critics 512->256]
  Warm start          : checkpoints/td3_grasp_rand_td3_ln_c2m512_s1/best
  Checkpoints         : /home/fahim/Thesis_fahim/pickandplace/checkpoints/td3_grasp_rand_td3_ln_cereal_basewarm_s3
========================================================================

Spawning 5 subprocess environments (fork)...
[robosuite WARNING] No private macro file found! (__init__.py:7)
[robosuite WARNING] It is recommended to use a private macro file (__init__.py:8)
[robosuite WARNING] To setup, run: python /home/fahim/Thesis_fahim/venv/lib/python3.12/site-packages/robosuite/scripts/setup_macros.py (__init__.py:9)
[robosuite WARNING] No private macro file found! (__init__.py:7)
[robosuite WARNING] It is recommended to use a private macro file (__init__.py:8)
[robosuite WARNING] To setup, run: python /home/fahim/Thesis_fahim/venv/lib/python3.12/site-packages/robosuite/scripts/setup_macros.py (__init__.py:9)
[robosuite WARNING] No private macro file found! (__init__.py:7)
[robosuite WARNING] It is recommended to use a private macro file (__init__.py:8)
[robosuite WARNING] To setup, run: python /home/fahim/Thesis_fahim/venv/lib/python3.12/site-packages/robosuite/scripts/setup_macros.py (__init__.py:9)
[robosuite WARNING] No private macro file found! (__init__.py:7)
[robosuite WARNING] It is recommended to use a private macro file (__init__.py:8)
[robosuite WARNING] To setup, run: python /home/fahim/Thesis_fahim/venv/lib/python3.12/site-packages/robosuite/scripts/setup_macros.py (__init__.py:9)
[robosuite WARNING] No private macro file found! (__init__.py:7)
[robosuite WARNING] It is recommended to use a private macro file (__init__.py:8)
[robosuite WARNING] To setup, run: python /home/fahim/Thesis_fahim/venv/lib/python3.12/site-packages/robosuite/scripts/setup_macros.py (__init__.py:9)
Gym has been unmaintained since 2022 and does not support NumPy 2.0 amongst other critical functionality.
Please upgrade to Gymnasium, the maintained drop-in replacement of Gym, or contact the authors of your software and request that they upgrade.
See the migration guide at https://gymnasium.farama.org/introduction/migration_guide/ for additional information.
Gym has been unmaintained since 2022 and does not support NumPy 2.0 amongst other critical functionality.
Please upgrade to Gymnasium, the maintained drop-in replacement of Gym, or contact the authors of your software and request that they upgrade.
See the migration guide at https://gymnasium.farama.org/introduction/migration_guide/ for additional information.
Gym has been unmaintained since 2022 and does not support NumPy 2.0 amongst other critical functionality.
Please upgrade to Gymnasium, the maintained drop-in replacement of Gym, or contact the authors of your software and request that they upgrade.
See the migration guide at https://gymnasium.farama.org/introduction/migration_guide/ for additional information.
Gym has been unmaintained since 2022 and does not support NumPy 2.0 amongst other critical functionality.
Please upgrade to Gymnasium, the maintained drop-in replacement of Gym, or contact the authors of your software and request that they upgrade.
See the migration guide at https://gymnasium.farama.org/introduction/migration_guide/ for additional information.
Gym has been unmaintained since 2022 and does not support NumPy 2.0 amongst other critical functionality.
Please upgrade to Gymnasium, the maintained drop-in replacement of Gym, or contact the authors of your software and request that they upgrade.
See the migration guide at https://gymnasium.farama.org/introduction/migration_guide/ for additional information.
/home/fahim/Thesis_fahim/venv/lib/python3.12/site-packages/gym/spaces/box.py:84: UserWarning: [33mWARN: Box bound precision lowered by casting to float32[0m
  logger.warn(f"Box bound precision lowered by casting to {self.dtype}")
/home/fahim/Thesis_fahim/venv/lib/python3.12/site-packages/gym/spaces/box.py:84: UserWarning: [33mWARN: Box bound precision lowered by casting to float32[0m
  logger.warn(f"Box bound precision lowered by casting to {self.dtype}")
/home/fahim/Thesis_fahim/venv/lib/python3.12/site-packages/gym/spaces/box.py:84: UserWarning: [33mWARN: Box bound precision lowered by casting to float32[0m
  logger.warn(f"Box bound precision lowered by casting to {self.dtype}")
/home/fahim/Thesis_fahim/venv/lib/python3.12/site-packages/gym/spaces/box.py:84: UserWarning: [33mWARN: Box bound precision lowered by casting to float32[0m
  logger.warn(f"Box bound precision lowered by casting to {self.dtype}")
/home/fahim/Thesis_fahim/venv/lib/python3.12/site-packages/gym/spaces/box.py:84: UserWarning: [33mWARN: Box bound precision lowered by casting to float32[0m
  logger.warn(f"Box bound precision lowered by casting to {self.dtype}")
Gym has been unmaintained since 2022 and does not support NumPy 2.0 amongst other critical functionality.
Please upgrade to Gymnasium, the maintained drop-in replacement of Gym, or contact the authors of your software and request that they upgrade.
See the migration guide at https://gymnasium.farama.org/introduction/migration_guide/ for additional information.
5 environments ready.

  Actor QAT           : per-tensor INT8 fake-quant, STE grads
  Actor weight clip   : |w| <= 8.0 * std(w) per Linear tensor (bi_s0 baseline fc1 9.96 / fc2 10.82)
Init: resumed (source: /home/fahim/Thesis_fahim/pickandplace/checkpoints/td3_grasp_rand_td3_ln_c2m512_s1/best)
Resumed replay buffer (1,684,477 transitions).

Training...

Ep    50 | score   59.56 | avg100  133.21 | grasp100  50.0% | best 0.000 |     36 st/s
    done(50): success=25 t_flicker=23 t_touched=1 t_no_reach=1
Ep   100 | score  205.87 | avg100  134.24 | grasp100  51.0% | best 0.000 |     36 st/s
    done(50): success=26 t_flicker=21 t_touched=2 t_no_reach=1
Ep   150 | score   56.62 | avg100  126.32 | grasp100  48.0% | best 0.000 |     37 st/s
    done(50): success=22 t_flicker=21 t_touched=5 t_no_reach=2
Ep   200 | * BEST  level200=2.00 grasp200= 49.5% metric=0.495 | score  206.44
Ep   250 | score  236.69 | avg100  121.47 | grasp100  44.0% | best 0.495 |     37 st/s
    done(50): success=18 t_flicker=25 t_touched=6 t_no_reach=1
Ep   300 | score   56.48 | avg100  133.99 | grasp100  50.0% | best 0.495 |     37 st/s
    done(50): success=32 t_flicker=14 t_touched=3 t_no_reach=1
Ep   321 | * BEST  level200=2.00 grasp200= 51.0% metric=0.510 | score  207.04
Ep   350 | score  215.15 | avg100  146.42 | grasp100  59.0% | best 0.510 |     37 st/s
    done(50): success=27 t_flicker=18 t_touched=4 t_no_reach=1
Ep   400 | score  119.46 | avg100  135.64 | grasp100  53.0% | best 0.510 |     37 st/s
    done(50): success=26 t_flicker=19 t_touched=5
Ep   416 | * BEST  level200=2.00 grasp200= 52.5% metric=0.525 | score  207.56
Ep   424 | * BEST  level200=2.00 grasp200= 54.0% metric=0.540 | score  206.89
Ep   430 | * BEST  level200=2.00 grasp200= 55.5% metric=0.555 | score  209.55
Ep   441 | * BEST  level200=2.00 grasp200= 57.0% metric=0.570 | score  208.27
Ep   449 | * BEST  level200=2.00 grasp200= 58.5% metric=0.585 | score  210.90
Ep   450 | score  205.33 | avg100  142.88 | grasp100  58.0% | best 0.585 |     37 st/s
    done(50): success=32 t_flicker=13 t_touched=5
Ep   500 | score  207.77 | avg100  145.74 | grasp100  59.0% | best 0.585 |     38 st/s
    done(50): success=27 t_flicker=19 t_touched=4
Ep   550 | score  206.93 | avg100  143.70 | grasp100  58.0% | best 0.585 |     35 st/s
    done(50): success=31 t_flicker=15 t_touched=2 t_no_reach=2
Ep   556 | * BEST  level200=2.00 grasp200= 60.0% metric=0.600 | score  208.96
Ep   564 | * BEST  level200=2.00 grasp200= 61.5% metric=0.615 | score  208.80
Ep   600 | score  209.39 | avg100  149.19 | grasp100  61.0% | best 0.615 |     35 st/s
    done(50): success=30 t_flicker=18 t_touched=1 t_no_reach=1
Ep   650 | score  106.26 | avg100  140.56 | grasp100  53.0% | best 0.615 |     35 st/s
    done(50): success=23 t_flicker=22 t_touched=4 t_no_reach=1
Ep   700 | score   66.35 | avg100  131.07 | grasp100  49.0% | best 0.615 |     35 st/s
    done(50): success=26 t_flicker=15 t_touched=6 t_no_reach=3
Ep   750 | score   41.96 | avg100  140.97 | grasp100  58.0% | best 0.615 |     35 st/s
    done(50): success=32 t_flicker=14 t_touched=4
Ep   800 | score  112.83 | avg100  156.29 | grasp100  66.0% | best 0.615 |     35 st/s
    done(50): success=34 t_flicker=14 t_touched=2
Ep   850 | score  205.71 | avg100  155.54 | grasp100  64.0% | best 0.615 |     35 st/s
    done(50): success=30 t_flicker=19 t_touched=1
Ep   880 | * BEST  level200=2.00 grasp200= 63.0% metric=0.630 | score  204.95
Ep   900 | score  206.03 | avg100  150.40 | grasp100  62.0% | best 0.630 |     35 st/s
    done(50): success=32 t_flicker=13 t_touched=5
Ep   950 | score   58.63 | avg100  144.47 | grasp100  60.0% | best 0.630 |     35 st/s
    done(50): success=28 t_flicker=17 t_touched=5
Ep  1000 | score  214.83 | avg100  134.01 | grasp100  55.0% | best 0.630 |     36 st/s
    done(50): success=27 t_flicker=14 t_touched=7 t_no_reach=2
Ep  1050 | score   31.51 | avg100  140.40 | grasp100  58.0% | best 0.630 |     34 st/s
    done(50): success=31 t_flicker=16 t_touched=3
Ep  1100 | score  209.81 | avg100  139.63 | grasp100  56.0% | best 0.630 |     34 st/s
    done(50): success=25 t_flicker=20 t_touched=4 t_no_reach=1
Ep  1150 | score   31.03 | avg100  123.50 | grasp100  47.0% | best 0.630 |     35 st/s
    done(50): success=22 t_flicker=22 t_touched=5 t_no_reach=1
Ep  1200 | score   82.95 | avg100  129.41 | grasp100  50.0% | best 0.630 |     35 st/s
    done(50): success=28 t_flicker=16 t_touched=5 t_no_reach=1
Ep  1250 | score   38.18 | avg100  145.86 | grasp100  59.0% | best 0.630 |     35 st/s
    done(50): success=31 t_flicker=14 t_touched=5
Ep  1300 | score  205.89 | avg100  139.26 | grasp100  56.0% | best 0.630 |     35 st/s
    done(50): success=25 t_flicker=18 t_touched=6 t_no_reach=1
Ep  1350 | score  206.01 | avg100  134.71 | grasp100  54.0% | best 0.630 |     35 st/s
    done(50): success=29 t_flicker=13 t_touched=5 t_no_reach=3
Ep  1400 | score   50.06 | avg100  144.35 | grasp100  59.0% | best 0.630 |     35 st/s
    done(50): success=30 t_flicker=16 t_touched=4
Ep  1450 | score   80.32 | avg100  131.33 | grasp100  52.0% | best 0.630 |     35 st/s
    done(50): success=22 t_flicker=21 t_touched=4 t_no_reach=3
Ep  1500 | score  207.29 | avg100  136.85 | grasp100  54.0% | best 0.630 |     35 st/s
    done(50): success=32 t_flicker=16 t_touched=2
  [primacy-bias reset of critic heads @ 25000 updates]
Ep  1550 | score  210.30 | avg100  153.24 | grasp100  63.0% | best 0.630 |     34 st/s
    done(50): success=31 t_flicker=14 t_touched=4 t_no_reach=1
Ep  1600 | score   56.75 | avg100  127.10 | grasp100  54.0% | best 0.630 |     34 st/s
    done(50): success=23 t_flicker=12 t_touched=8 t_no_reach=7
========================================================================
RANDOM-SPAWN GRASP RETRAINING  |  algo=td3_ln  run=td3_ln_cereal_basewarm_s3
========================================================================
  Envs                : 5 (subprocess-parallel, fork)
  Spawn level         : 2.0 (1.0 = full position box, 2.0 = + z-rotation)
  Updates/vec-step    : 2 (0.400 per env-step; historical baseline 0.5)
  Buffer              : 2,000,000
  Actor               : 64 -> 32  (5,216 weights)  [critics 512->256]
  Warm start          : checkpoints/td3_grasp_rand_td3_ln_c2m512_s1/best
  Checkpoints         : /home/fahim/Thesis_fahim/pickandplace/checkpoints/td3_grasp_rand_td3_ln_cereal_basewarm_s3
========================================================================

Spawning 5 subprocess environments (fork)...
[robosuite WARNING] No private macro file found! (__init__.py:7)
[robosuite WARNING] No private macro file found! (__init__.py:7)
[robosuite WARNING] It is recommended to use a private macro file (__init__.py:8)
[robosuite WARNING] It is recommended to use a private macro file (__init__.py:8)
[robosuite WARNING] To setup, run: python /home/fahim/Thesis_fahim/venv/lib/python3.12/site-packages/robosuite/scripts/setup_macros.py (__init__.py:9)
[robosuite WARNING] To setup, run: python /home/fahim/Thesis_fahim/venv/lib/python3.12/site-packages/robosuite/scripts/setup_macros.py (__init__.py:9)
[robosuite WARNING] No private macro file found! (__init__.py:7)
[robosuite WARNING] It is recommended to use a private macro file (__init__.py:8)
[robosuite WARNING] To setup, run: python /home/fahim/Thesis_fahim/venv/lib/python3.12/site-packages/robosuite/scripts/setup_macros.py (__init__.py:9)
[robosuite WARNING] No private macro file found! (__init__.py:7)
[robosuite WARNING] It is recommended to use a private macro file (__init__.py:8)
[robosuite WARNING] To setup, run: python /home/fahim/Thesis_fahim/venv/lib/python3.12/site-packages/robosuite/scripts/setup_macros.py (__init__.py:9)
[robosuite WARNING] No private macro file found! (__init__.py:7)
[robosuite WARNING] It is recommended to use a private macro file (__init__.py:8)
[robosuite WARNING] To setup, run: python /home/fahim/Thesis_fahim/venv/lib/python3.12/site-packages/robosuite/scripts/setup_macros.py (__init__.py:9)
Gym has been unmaintained since 2022 and does not support NumPy 2.0 amongst other critical functionality.
Please upgrade to Gymnasium, the maintained drop-in replacement of Gym, or contact the authors of your software and request that they upgrade.
See the migration guide at https://gymnasium.farama.org/introduction/migration_guide/ for additional information.
Gym has been unmaintained since 2022 and does not support NumPy 2.0 amongst other critical functionality.
Please upgrade to Gymnasium, the maintained drop-in replacement of Gym, or contact the authors of your software and request that they upgrade.
See the migration guide at https://gymnasium.farama.org/introduction/migration_guide/ for additional information.
Gym has been unmaintained since 2022 and does not support NumPy 2.0 amongst other critical functionality.
Please upgrade to Gymnasium, the maintained drop-in replacement of Gym, or contact the authors of your software and request that they upgrade.
See the migration guide at https://gymnasium.farama.org/introduction/migration_guide/ for additional information.
Gym has been unmaintained since 2022 and does not support NumPy 2.0 amongst other critical functionality.
Please upgrade to Gymnasium, the maintained drop-in replacement of Gym, or contact the authors of your software and request that they upgrade.
See the migration guide at https://gymnasium.farama.org/introduction/migration_guide/ for additional information.
Gym has been unmaintained since 2022 and does not support NumPy 2.0 amongst other critical functionality.
Please upgrade to Gymnasium, the maintained drop-in replacement of Gym, or contact the authors of your software and request that they upgrade.
See the migration guide at https://gymnasium.farama.org/introduction/migration_guide/ for additional information.
/home/fahim/Thesis_fahim/venv/lib/python3.12/site-packages/gym/spaces/box.py:84: UserWarning: [33mWARN: Box bound precision lowered by casting to float32[0m
  logger.warn(f"Box bound precision lowered by casting to {self.dtype}")
/home/fahim/Thesis_fahim/venv/lib/python3.12/site-packages/gym/spaces/box.py:84: UserWarning: [33mWARN: Box bound precision lowered by casting to float32[0m
  logger.warn(f"Box bound precision lowered by casting to {self.dtype}")
/home/fahim/Thesis_fahim/venv/lib/python3.12/site-packages/gym/spaces/box.py:84: UserWarning: [33mWARN: Box bound precision lowered by casting to float32[0m
  logger.warn(f"Box bound precision lowered by casting to {self.dtype}")
/home/fahim/Thesis_fahim/venv/lib/python3.12/site-packages/gym/spaces/box.py:84: UserWarning: [33mWARN: Box bound precision lowered by casting to float32[0m
  logger.warn(f"Box bound precision lowered by casting to {self.dtype}")
/home/fahim/Thesis_fahim/venv/lib/python3.12/site-packages/gym/spaces/box.py:84: UserWarning: [33mWARN: Box bound precision lowered by casting to float32[0m
  logger.warn(f"Box bound precision lowered by casting to {self.dtype}")
Gym has been unmaintained since 2022 and does not support NumPy 2.0 amongst other critical functionality.
Please upgrade to Gymnasium, the maintained drop-in replacement of Gym, or contact the authors of your software and request that they upgrade.
See the migration guide at https://gymnasium.farama.org/introduction/migration_guide/ for additional information.
5 environments ready.

  Actor QAT           : per-tensor INT8 fake-quant, STE grads
  Actor weight clip   : |w| <= 8.0 * std(w) per Linear tensor (bi_s0 baseline fc1 9.96 / fc2 10.82)
Init: resumed (source: /home/fahim/Thesis_fahim/pickandplace/checkpoints/td3_grasp_rand_td3_ln_c2m512_s1/best)
Resumed replay buffer (1,746,392 transitions).

Training...

Ep    50 | score   57.85 | avg100  126.40 | grasp100  48.0% | best 0.000 |     38 st/s
    done(50): success=24 t_flicker=22 t_touched=4
Ep   100 | score   64.16 | avg100  131.11 | grasp100  51.0% | best 0.000 |     39 st/s
    done(50): success=27 t_flicker=13 t_touched=8 t_no_reach=2
Ep   150 | score  207.93 | avg100  128.29 | grasp100  48.0% | best 0.000 |     39 st/s
    done(50): success=21 t_flicker=24 t_touched=4 t_no_reach=1
Ep   200 | * BEST  level200=2.00 grasp200= 49.0% metric=0.490 | score   50.33
Ep   250 | score    4.28 | avg100  121.22 | grasp100  46.0% | best 0.490 |     40 st/s
    done(50): success=20 t_flicker=20 t_touched=9 t_no_reach=1
Ep   300 | score  203.79 | avg100  129.57 | grasp100  50.0% | best 0.490 |     39 st/s
    done(50): success=30 t_flicker=15 t_touched=3 t_no_reach=2
Ep   313 | * BEST  level200=2.00 grasp200= 50.5% metric=0.505 | score  206.22
Ep   325 | * BEST  level200=2.00 grasp200= 52.0% metric=0.520 | score  205.84
Ep   329 | * BEST  level200=2.00 grasp200= 53.5% metric=0.535 | score  207.25
Ep   334 | * BEST  level200=2.00 grasp200= 55.0% metric=0.550 | score  208.22
Ep   350 | score   58.73 | avg100  142.18 | grasp100  59.0% | best 0.550 |     39 st/s
    done(50): success=29 t_flicker=14 t_touched=5 t_no_reach=2
Ep   400 | score   12.55 | avg100  138.23 | grasp100  58.0% | best 0.550 |     39 st/s
    done(50): success=29 t_flicker=13 t_touched=6 t_no_reach=2
Ep   427 | * BEST  level200=2.00 grasp200= 56.5% metric=0.565 | score  205.50
Ep   447 | * BEST  level200=2.00 grasp200= 58.0% metric=0.580 | score  205.03
Ep   450 | score   48.48 | avg100  136.96 | grasp100  56.0% | best 0.580 |     39 st/s
    done(50): success=27 t_flicker=19 t_touched=3 t_no_reach=1
Ep   500 | score  207.42 | avg100  144.76 | grasp100  59.0% | best 0.580 |     39 st/s
    done(50): success=32 t_flicker=14 t_touched=1 t_no_reach=3
Ep   540 | * BEST  level200=2.00 grasp200= 59.5% metric=0.595 | score  207.63
Ep   550 | * BEST  level200=2.00 grasp200= 61.0% metric=0.610 | score  208.70
Ep   600 | score   56.66 | avg100  151.67 | grasp100  62.0% | best 0.610 |     36 st/s
    done(50): success=28 t_flicker=18 t_touched=3 t_no_reach=1
Ep   650 | score   30.60 | avg100  134.10 | grasp100  52.0% | best 0.610 |     36 st/s
    done(50): success=24 t_flicker=19 t_touched=6 t_no_reach=1
Ep   700 | score   69.45 | avg100  127.93 | grasp100  49.0% | best 0.610 |     36 st/s
    done(50): success=25 t_flicker=23 t_touched=1 t_no_reach=1
Ep   750 | score  206.82 | avg100  144.16 | grasp100  59.0% | best 0.610 |     36 st/s
    done(50): success=34 t_flicker=14 t_touched=2
Ep   800 | score  205.17 | avg100  151.62 | grasp100  66.0% | best 0.610 |     36 st/s
    done(50): success=32 t_flicker=11 t_touched=6 t_no_reach=1
Ep   850 | score  207.46 | avg100  144.49 | grasp100  61.0% | best 0.610 |     36 st/s
    done(50): success=29 t_flicker=19 t_touched=1 t_no_reach=1
Ep   886 | * BEST  level200=2.00 grasp200= 62.5% metric=0.625 | score  209.12
Ep   900 | score   19.94 | avg100  138.95 | grasp100  57.0% | best 0.625 |     36 st/s
    done(50): success=28 t_flicker=17 t_touched=3 t_no_reach=2
========================================================================
RANDOM-SPAWN GRASP RETRAINING  |  algo=td3_ln  run=td3_ln_cereal_basewarm_s3
========================================================================
  Envs                : 5 (subprocess-parallel, fork)
  Spawn level         : 2.0 (1.0 = full position box, 2.0 = + z-rotation)
  Updates/vec-step    : 2 (0.400 per env-step; historical baseline 0.5)
  Buffer              : 2,000,000
  Actor               : 64 -> 32  (5,216 weights)  [critics 512->256]
  Warm start          : checkpoints/td3_grasp_rand_td3_ln_c2m512_s1/best
  Checkpoints         : /home/fahim/Thesis_fahim/pickandplace/checkpoints/td3_grasp_rand_td3_ln_cereal_basewarm_s3
========================================================================

Spawning 5 subprocess environments (fork)...
[robosuite WARNING] No private macro file found! (__init__.py:7)
[robosuite WARNING] It is recommended to use a private macro file (__init__.py:8)
[robosuite WARNING] To setup, run: python /home/fahim/Thesis_fahim/venv/lib/python3.12/site-packages/robosuite/scripts/setup_macros.py (__init__.py:9)
[robosuite WARNING] No private macro file found! (__init__.py:7)
[robosuite WARNING] It is recommended to use a private macro file (__init__.py:8)
[robosuite WARNING] To setup, run: python /home/fahim/Thesis_fahim/venv/lib/python3.12/site-packages/robosuite/scripts/setup_macros.py (__init__.py:9)
[robosuite WARNING] No private macro file found! (__init__.py:7)
[robosuite WARNING] It is recommended to use a private macro file (__init__.py:8)
[robosuite WARNING] To setup, run: python /home/fahim/Thesis_fahim/venv/lib/python3.12/site-packages/robosuite/scripts/setup_macros.py (__init__.py:9)
[robosuite WARNING] No private macro file found! (__init__.py:7)
[robosuite WARNING] It is recommended to use a private macro file (__init__.py:8)
[robosuite WARNING] To setup, run: python /home/fahim/Thesis_fahim/venv/lib/python3.12/site-packages/robosuite/scripts/setup_macros.py (__init__.py:9)
[robosuite WARNING] No private macro file found! (__init__.py:7)
[robosuite WARNING] It is recommended to use a private macro file (__init__.py:8)
[robosuite WARNING] To setup, run: python /home/fahim/Thesis_fahim/venv/lib/python3.12/site-packages/robosuite/scripts/setup_macros.py (__init__.py:9)
Gym has been unmaintained since 2022 and does not support NumPy 2.0 amongst other critical functionality.
Please upgrade to Gymnasium, the maintained drop-in replacement of Gym, or contact the authors of your software and request that they upgrade.
See the migration guide at https://gymnasium.farama.org/introduction/migration_guide/ for additional information.
Gym has been unmaintained since 2022 and does not support NumPy 2.0 amongst other critical functionality.
Please upgrade to Gymnasium, the maintained drop-in replacement of Gym, or contact the authors of your software and request that they upgrade.
See the migration guide at https://gymnasium.farama.org/introduction/migration_guide/ for additional information.
Gym has been unmaintained since 2022 and does not support NumPy 2.0 amongst other critical functionality.
Please upgrade to Gymnasium, the maintained drop-in replacement of Gym, or contact the authors of your software and request that they upgrade.
See the migration guide at https://gymnasium.farama.org/introduction/migration_guide/ for additional information.
Gym has been unmaintained since 2022 and does not support NumPy 2.0 amongst other critical functionality.
Please upgrade to Gymnasium, the maintained drop-in replacement of Gym, or contact the authors of your software and request that they upgrade.
See the migration guide at https://gymnasium.farama.org/introduction/migration_guide/ for additional information.
Gym has been unmaintained since 2022 and does not support NumPy 2.0 amongst other critical functionality.
Please upgrade to Gymnasium, the maintained drop-in replacement of Gym, or contact the authors of your software and request that they upgrade.
See the migration guide at https://gymnasium.farama.org/introduction/migration_guide/ for additional information.
/home/fahim/Thesis_fahim/venv/lib/python3.12/site-packages/gym/spaces/box.py:84: UserWarning: [33mWARN: Box bound precision lowered by casting to float32[0m
  logger.warn(f"Box bound precision lowered by casting to {self.dtype}")
/home/fahim/Thesis_fahim/venv/lib/python3.12/site-packages/gym/spaces/box.py:84: UserWarning: [33mWARN: Box bound precision lowered by casting to float32[0m
  logger.warn(f"Box bound precision lowered by casting to {self.dtype}")
/home/fahim/Thesis_fahim/venv/lib/python3.12/site-packages/gym/spaces/box.py:84: UserWarning: [33mWARN: Box bound precision lowered by casting to float32[0m
  logger.warn(f"Box bound precision lowered by casting to {self.dtype}")
/home/fahim/Thesis_fahim/venv/lib/python3.12/site-packages/gym/spaces/box.py:84: UserWarning: [33mWARN: Box bound precision lowered by casting to float32[0m
  logger.warn(f"Box bound precision lowered by casting to {self.dtype}")
/home/fahim/Thesis_fahim/venv/lib/python3.12/site-packages/gym/spaces/box.py:84: UserWarning: [33mWARN: Box bound precision lowered by casting to float32[0m
  logger.warn(f"Box bound precision lowered by casting to {self.dtype}")
Gym has been unmaintained since 2022 and does not support NumPy 2.0 amongst other critical functionality.
Please upgrade to Gymnasium, the maintained drop-in replacement of Gym, or contact the authors of your software and request that they upgrade.
See the migration guide at https://gymnasium.farama.org/introduction/migration_guide/ for additional information.
5 environments ready.

  Actor QAT           : per-tensor INT8 fake-quant, STE grads
  Actor weight clip   : |w| <= 8.0 * std(w) per Linear tensor (bi_s0 baseline fc1 9.96 / fc2 10.82)
Init: resumed (source: /home/fahim/Thesis_fahim/pickandplace/checkpoints/td3_grasp_rand_td3_ln_c2m512_s1/best)
Resumed replay buffer (1,767,745 transitions).

Training...

Ep    50 | score   53.87 | avg100  130.12 | grasp100  50.0% | best 0.000 |     34 st/s
    done(50): success=25 t_flicker=19 t_touched=5 t_no_reach=1
Ep   100 | score  206.46 | avg100  134.53 | grasp100  54.0% | best 0.000 |     32 st/s
    done(50): success=29 t_flicker=14 t_touched=6 t_no_reach=1
Ep   150 | score   54.60 | avg100  126.79 | grasp100  50.0% | best 0.000 |     32 st/s
    done(50): success=21 t_flicker=22 t_touched=5 t_no_reach=2
Ep   200 | * BEST  level200=2.00 grasp200= 51.0% metric=0.510 | score  206.43
Ep   250 | score  207.00 | avg100  127.25 | grasp100  48.0% | best 0.510 |     31 st/s
    done(50): success=21 t_flicker=23 t_touched=6
Ep   300 | score  207.20 | avg100  127.06 | grasp100  48.0% | best 0.510 |     31 st/s
    done(50): success=27 t_flicker=15 t_touched=7 t_no_reach=1
Ep   332 | * BEST  level200=2.00 grasp200= 52.5% metric=0.525 | score  214.52
Ep   350 | score  197.67 | avg100  143.63 | grasp100  59.0% | best 0.525 |     31 st/s
    done(50): success=32 t_flicker=12 t_touched=5 t_no_reach=1
Ep   387 | * BEST  level200=2.00 grasp200= 54.0% metric=0.540 | score  208.78
Ep   400 | score   58.71 | avg100  143.99 | grasp100  59.0% | best 0.540 |     31 st/s
    done(50): success=27 t_flicker=14 t_touched=6 t_no_reach=3
Ep   431 | * BEST  level200=2.00 grasp200= 55.5% metric=0.555 | score  205.19
Ep   442 | * BEST  level200=2.00 grasp200= 57.0% metric=0.570 | score  208.37
Ep   450 | score  205.40 | avg100  137.69 | grasp100  55.0% | best 0.570 |     31 st/s
    done(50): success=28 t_flicker=16 t_touched=4 t_no_reach=2
Ep   463 | * BEST  level200=2.00 grasp200= 58.5% metric=0.585 | score  209.36
Ep   500 | score  207.39 | avg100  140.99 | grasp100  57.0% | best 0.585 |     31 st/s
    done(50): success=29 t_flicker=14 t_touched=6 t_no_reach=1
Ep   530 | * BEST  level200=2.00 grasp200= 60.0% metric=0.600 | score  208.55
Ep   550 | score   30.97 | avg100  146.34 | grasp100  60.0% | best 0.600 |     28 st/s
    done(50): success=31 t_flicker=16 t_touched=2 t_no_reach=1
Ep   566 | * BEST  level200=2.00 grasp200= 61.5% metric=0.615 | score  206.67
Ep   600 | score   55.05 | avg100  150.09 | grasp100  62.0% | best 0.615 |     28 st/s
    done(50): success=31 t_flicker=16 t_touched=2 t_no_reach=1
Ep   650 | score  207.22 | avg100  135.09 | grasp100  53.0% | best 0.615 |     29 st/s
    done(50): success=22 t_flicker=22 t_touched=5 t_no_reach=1
Ep   700 | score   62.31 | avg100  125.91 | grasp100  48.0% | best 0.615 |     29 st/s
    done(50): success=26 t_flicker=18 t_touched=4 t_no_reach=2
Ep   750 | score  207.06 | avg100  141.41 | grasp100  58.0% | best 0.615 |     29 st/s
    done(50): success=32 t_flicker=13 t_touched=3 t_no_reach=2
Ep   800 | score  207.57 | avg100  151.62 | grasp100  65.0% | best 0.615 |     29 st/s
    done(50): success=33 t_flicker=13 t_touched=4
Ep   850 | score   57.95 | avg100  152.19 | grasp100  64.0% | best 0.615 |     29 st/s
    done(50): success=31 t_flicker=16 t_touched=3
Ep   887 | * BEST  level200=2.00 grasp200= 63.0% metric=0.630 | score  206.01
Ep   900 | score  207.09 | avg100  149.32 | grasp100  62.0% | best 0.630 |     29 st/s
    done(50): success=31 t_flicker=16 t_touched=3
Ep   950 | score   35.31 | avg100  136.65 | grasp100  56.0% | best 0.630 |     29 st/s
    done(50): success=25 t_flicker=19 t_touched=6
Ep  1000 | score   -1.46 | avg100  135.03 | grasp100  55.0% | best 0.630 |     29 st/s
    done(50): success=30 t_flicker=15 t_touched=3 t_no_reach=2
Ep  1050 | score  206.34 | avg100  148.20 | grasp100  63.0% | best 0.630 |     28 st/s
    done(50): success=33 t_flicker=12 t_touched=4 t_no_reach=1
Ep  1100 | score   92.72 | avg100  139.53 | grasp100  57.0% | best 0.630 |     28 st/s
    done(50): success=24 t_flicker=19 t_touched=5 t_no_reach=2
Ep  1150 | score  206.21 | avg100  131.59 | grasp100  51.0% | best 0.630 |     28 st/s
    done(50): success=27 t_flicker=20 t_touched=3
Ep  1200 | score  -16.12 | avg100  139.32 | grasp100  57.0% | best 0.630 |     28 st/s
    done(50): success=30 t_flicker=15 t_touched=5
Ep  1250 | score  206.74 | avg100  141.57 | grasp100  58.0% | best 0.630 |     28 st/s
    done(50): success=28 t_flicker=20 t_touched=2
Ep  1300 | score   32.47 | avg100  132.25 | grasp100  51.0% | best 0.630 |     28 st/s
    done(50): success=23 t_flicker=24 t_touched=3
Ep  1350 | score  207.33 | avg100  138.82 | grasp100  56.0% | best 0.630 |     28 st/s
    done(50): success=33 t_flicker=13 t_touched=4
Ep  1400 | score   36.89 | avg100  148.51 | grasp100  62.0% | best 0.630 |     29 st/s
    done(50): success=29 t_flicker=13 t_touched=7 t_no_reach=1
Ep  1450 | score   37.08 | avg100  137.41 | grasp100  55.0% | best 0.630 |     29 st/s
    done(50): success=26 t_flicker=22 t_touched=1 t_no_reach=1
Ep  1500 | score  208.56 | avg100  138.49 | grasp100  56.0% | best 0.630 |     29 st/s
    done(50): success=30 t_flicker=16 t_touched=4
  [primacy-bias reset of critic heads @ 25000 updates]
Ep  1550 | score  206.75 | avg100  156.36 | grasp100  68.0% | best 0.630 |     28 st/s
    done(50): success=38 t_flicker=9 t_touched=3
Ep  1600 | score  198.44 | avg100  123.42 | grasp100  56.0% | best 0.630 |     28 st/s
    done(50): success=18 t_flicker=9 t_touched=4 t_no_reach=19
Ep  1650 | score  -22.54 | avg100   61.01 | grasp100  28.0% | best 0.630 |     28 st/s
    done(50): success=10 t_flicker=11 t_touched=11 t_no_reach=18
Ep  1700 | score   33.20 | avg100   53.86 | grasp100  22.0% | best 0.630 |     29 st/s
    done(50): success=12 t_flicker=15 t_touched=14 t_no_reach=9
Ep  1750 | score   60.88 | avg100   78.91 | grasp100  29.0% | best 0.630 |     29 st/s
    done(50): success=17 t_flicker=19 t_touched=10 t_no_reach=4
Ep  1800 | score  205.98 | avg100   98.91 | grasp100  36.0% | best 0.630 |     29 st/s
    done(50): success=19 t_flicker=23 t_touched=4 t_no_reach=4
Ep  1850 | score  206.38 | avg100  104.92 | grasp100  39.0% | best 0.630 |     29 st/s
    done(50): success=20 t_flicker=20 t_touched=8 t_no_reach=2
Ep  1900 | score  207.54 | avg100  108.60 | grasp100  41.0% | best 0.630 |     29 st/s
    done(50): success=21 t_flicker=22 t_touched=3 t_no_reach=4
Ep  1950 | score   32.19 | avg100  126.77 | grasp100  51.0% | best 0.630 |     29 st/s
    done(50): success=30 t_flicker=17 t_touched=2 t_no_reach=1
Ep  2000 | score   26.53 | avg100  138.08 | grasp100  57.0% | best 0.630 |     29 st/s
    done(50): success=27 t_flicker=14 t_touched=6 t_no_reach=3
Ep  2050 | score   93.00 | avg100  132.50 | grasp100  53.0% | best 0.630 |     29 st/s
    done(50): success=26 t_flicker=17 t_touched=6 t_no_reach=1
Ep  2100 | score  207.00 | avg100  137.95 | grasp100  55.0% | best 0.630 |     29 st/s
    done(50): success=29 t_flicker=20 t_touched=1
Ep  2150 | score  205.44 | avg100  143.81 | grasp100  58.0% | best 0.630 |     29 st/s
    done(50): success=29 t_flicker=18 t_touched=1 t_no_reach=2
Ep  2200 | score   38.10 | avg100  142.44 | grasp100  57.0% | best 0.630 |     29 st/s
    done(50): success=28 t_flicker=19 t_touched=2 t_no_reach=1
Ep  2250 | score  205.64 | avg100  147.57 | grasp100  60.0% | best 0.630 |     29 st/s
    done(50): success=32 t_flicker=12 t_touched=5 t_no_reach=1
Ep  2300 | score    4.30 | avg100  146.07 | grasp100  61.0% | best 0.630 |     29 st/s
    done(50): success=29 t_flicker=13 t_touched=6 t_no_reach=2
Ep  2350 | score  207.81 | avg100  142.23 | grasp100  58.0% | best 0.630 |     29 st/s
    done(50): success=29 t_flicker=18 t_touched=3
Ep  2400 | score   37.94 | avg100  134.83 | grasp100  54.0% | best 0.630 |     29 st/s
    done(50): success=25 t_flicker=20 t_touched=5
Ep  2450 | score   33.01 | avg100  137.12 | grasp100  58.0% | best 0.630 |     29 st/s
    done(50): success=33 t_flicker=11 t_touched=3 t_no_reach=3
Ep  2500 | score  205.89 | avg100  148.76 | grasp100  64.0% | best 0.630 |     29 st/s
    done(50): success=31 t_flicker=16 t_touched=1 t_no_reach=2
Ep  2550 | score   60.83 | avg100  146.48 | grasp100  63.0% | best 0.630 |     28 st/s
    done(50): success=32 t_flicker=15 t_touched=2 t_no_reach=1
Ep  2600 | score  205.77 | avg100  145.42 | grasp100  63.0% | best 0.630 |     28 st/s
    done(50): success=31 t_flicker=13 t_touched=6
Ep  2650 | score   32.75 | avg100  142.35 | grasp100  60.0% | best 0.630 |     28 st/s
    done(50): success=29 t_flicker=17 t_touched=4
Ep  2700 | score  206.33 | avg100  146.39 | grasp100  62.0% | best 0.630 |     28 st/s
    done(50): success=33 t_flicker=13 t_touched=1 t_no_reach=3
Ep  2750 | score  115.06 | avg100  152.63 | grasp100  64.0% | best 0.630 |     28 st/s
    done(50): success=31 t_flicker=14 t_touched=4 t_no_reach=1
Ep  2800 | score   51.27 | avg100  139.14 | grasp100  55.0% | best 0.630 |     28 st/s
    done(50): success=24 t_flicker=18 t_touched=7 t_no_reach=1
Ep  2850 | score  205.68 | avg100  139.67 | grasp100  56.0% | best 0.630 |     29 st/s
    done(50): success=32 t_flicker=15 t_touched=3
Ep  2900 | score  205.62 | avg100  156.10 | grasp100  67.0% | best 0.630 |     29 st/s
    done(50): success=35 t_flicker=12 t_touched=2 t_no_reach=1
Ep  2950 | score   57.38 | avg100  147.47 | grasp100  62.0% | best 0.630 |     29 st/s
    done(50): success=27 t_flicker=18 t_touched=3 t_no_reach=2
Ep  3000 | score   25.65 | avg100  145.64 | grasp100  60.0% | best 0.630 |     29 st/s
    done(50): success=33 t_flicker=13 t_touched=4
Ep  3006 | * BEST  level200=2.00 grasp200= 64.5% metric=0.645 | score  206.69
Ep  3025 | * BEST  level200=2.00 grasp200= 66.0% metric=0.660 | score  205.53
Ep  3029 | * BEST  level200=2.00 grasp200= 67.5% metric=0.675 | score  207.14
  [primacy-bias reset of critic heads @ 50000 updates]
Ep  3050 | score  207.39 | avg100  161.61 | grasp100  70.0% | best 0.675 |     28 st/s
    done(50): success=37 t_flicker=12 t_touched=1
Ep  3100 | score  -24.37 | avg100  120.54 | grasp100  52.0% | best 0.675 |     28 st/s
    done(50): success=15 t_flicker=11 t_touched=13 t_no_reach=11
Ep  3150 | score  -23.33 | avg100   30.50 | grasp100  15.0% | best 0.675 |     28 st/s
    done(50): t_flicker=6 t_touched=3 t_no_reach=41
Ep  3200 | score   19.04 | avg100    2.40 | grasp100   2.0% | best 0.675 |     29 st/s
    done(50): success=2 t_flicker=14 t_touched=13 t_no_reach=21
Ep  3250 | score  208.23 | avg100   54.05 | grasp100  18.0% | best 0.675 |     29 st/s
    done(50): success=16 t_flicker=17 t_touched=14 t_no_reach=3
Ep  3300 | score  208.63 | avg100   93.76 | grasp100  32.0% | best 0.675 |     29 st/s
    done(50): success=16 t_flicker=26 t_touched=4 t_no_reach=4
Ep  3350 | score   70.23 | avg100  114.46 | grasp100  42.0% | best 0.675 |     29 st/s
    done(50): success=26 t_flicker=20 t_touched=3 t_no_reach=1
Ep  3400 | score  206.02 | avg100  146.22 | grasp100  61.0% | best 0.675 |     29 st/s
    done(50): success=35 t_flicker=11 t_touched=3 t_no_reach=1
Ep  3450 | score  206.63 | avg100  150.69 | grasp100  63.0% | best 0.675 |     29 st/s
    done(50): success=28 t_flicker=16 t_touched=6
Ep  3500 | score  206.89 | avg100  139.13 | grasp100  56.0% | best 0.675 |     29 st/s
    done(50): success=28 t_flicker=14 t_touched=5 t_no_reach=3
Ep  3550 | score  207.19 | avg100  142.25 | grasp100  58.0% | best 0.675 |     28 st/s
    done(50): success=30 t_flicker=18 t_touched=2
Ep  3600 | score  205.26 | avg100  143.90 | grasp100  58.0% | best 0.675 |     28 st/s
    done(50): success=28 t_flicker=18 t_touched=3 t_no_reach=1
Ep  3650 | score   76.15 | avg100  137.18 | grasp100  55.0% | best 0.675 |     28 st/s
    done(50): success=27 t_flicker=15 t_touched=7 t_no_reach=1
Ep  3700 | score  208.32 | avg100  140.52 | grasp100  59.0% | best 0.675 |     28 st/s
    done(50): success=32 t_flicker=14 t_touched=2 t_no_reach=2
Ep  3750 | score   58.62 | avg100  154.11 | grasp100  68.0% | best 0.675 |     28 st/s
    done(50): success=36 t_flicker=11 t_touched=2 t_no_reach=1
Ep  3800 | score  206.25 | avg100  145.61 | grasp100  62.0% | best 0.675 |     29 st/s
    done(50): success=26 t_flicker=16 t_touched=6 t_no_reach=2
Ep  3850 | score  205.52 | avg100  137.28 | grasp100  55.0% | best 0.675 |     29 st/s
    done(50): success=29 t_flicker=18 t_touched=3
Ep  3900 | score   73.91 | avg100  141.25 | grasp100  56.0% | best 0.675 |     29 st/s
    done(50): success=27 t_flicker=18 t_touched=4 t_no_reach=1
Ep  3950 | score  207.62 | avg100  138.96 | grasp100  55.0% | best 0.675 |     29 st/s
    done(50): success=28 t_flicker=20 t_touched=2
Ep  4000 | score  207.56 | avg100  136.64 | grasp100  55.0% | best 0.675 |     29 st/s
    done(50): success=27 t_flicker=17 t_touched=3 t_no_reach=3
Ep  4050 | score  205.23 | avg100  136.79 | grasp100  53.0% | best 0.675 |     28 st/s
    done(50): success=26 t_flicker=20 t_touched=4
Ep  4100 | score  208.48 | avg100  145.09 | grasp100  58.0% | best 0.675 |     28 st/s
    done(50): success=32 t_flicker=12 t_touched=6
Ep  4150 | score  208.48 | avg100  141.80 | grasp100  60.0% | best 0.675 |     28 st/s
    done(50): success=28 t_flicker=15 t_touched=5 t_no_reach=2
Ep  4200 | score  207.39 | avg100  136.16 | grasp100  56.0% | best 0.675 |     28 st/s
    done(50): success=28 t_flicker=17 t_touched=4 t_no_reach=1
Ep  4250 | score  210.31 | avg100  139.23 | grasp100  56.0% | best 0.675 |     29 st/s
    done(50): success=28 t_flicker=17 t_touched=4 t_no_reach=1
Ep  4300 | score  205.04 | avg100  148.95 | grasp100  63.0% | best 0.675 |     29 st/s
    done(50): success=35 t_flicker=8 t_touched=6 t_no_reach=1
Ep  4350 | score  242.66 | avg100  157.26 | grasp100  68.0% | best 0.675 |     29 st/s
    done(50): success=33 t_flicker=13 t_touched=4
Ep  4400 | score  273.99 | avg100  150.76 | grasp100  63.0% | best 0.675 |     29 st/s
    done(50): success=30 t_flicker=18 t_no_reach=2
Ep  4434 | * BEST  level200=2.00 grasp200= 69.0% metric=0.690 | score  208.38
Ep  4450 | score   68.69 | avg100  152.91 | grasp100  65.0% | best 0.690 |     29 st/s
    done(50): success=35 t_flicker=12 t_touched=3
Ep  4500 | score  207.14 | avg100  160.50 | grasp100  69.0% | best 0.690 |     29 st/s
    done(50): success=34 t_flicker=14 t_touched=2
  [primacy-bias reset of critic heads @ 75000 updates]
Ep  4550 | score   37.63 | avg100  129.28 | grasp100  54.0% | best 0.690 |     28 st/s
    done(50): success=20 t_flicker=13 t_touched=7 t_no_reach=10
Ep  4600 | score  207.21 | avg100  110.71 | grasp100  47.0% | best 0.690 |     28 st/s
    done(50): success=27 t_flicker=8 t_touched=11 t_no_reach=4
Ep  4650 | score    3.62 | avg100  110.81 | grasp100  46.0% | best 0.690 |     28 st/s
    done(50): success=19 t_flicker=19 t_touched=6 t_no_reach=6
Ep  4700 | score  222.45 | avg100   93.56 | grasp100  35.0% | best 0.690 |     29 st/s
    done(50): success=16 t_flicker=15 t_touched=15 t_no_reach=4
Ep  4750 | score   60.78 | avg100   91.83 | grasp100  31.0% | best 0.690 |     29 st/s
    done(50): success=15 t_flicker=24 t_touched=9 t_no_reach=2
Ep  4800 | score  207.04 | avg100  111.04 | grasp100  37.0% | best 0.690 |     29 st/s
    done(50): success=22 t_flicker=24 t_touched=2 t_no_reach=2
Ep  4850 | score   74.40 | avg100  124.80 | grasp100  46.0% | best 0.690 |     29 st/s
    done(50): success=24 t_flicker=16 t_touched=8 t_no_reach=2
Ep  4900 | score   83.96 | avg100  120.06 | grasp100  45.0% | best 0.690 |     29 st/s
    done(50): success=21 t_flicker=23 t_touched=5 t_no_reach=1
Ep  4950 | score   33.22 | avg100  132.62 | grasp100  51.0% | best 0.690 |     29 st/s
    done(50): success=30 t_flicker=12 t_touched=6 t_no_reach=2
Ep  5000 | score   58.77 | avg100  143.47 | grasp100  57.0% | best 0.690 |     29 st/s
    done(50): success=27 t_flicker=17 t_touched=4 t_no_reach=2
Ep  5050 | score  208.15 | avg100  139.82 | grasp100  56.0% | best 0.690 |     28 st/s
    done(50): success=29 t_flicker=18 t_touched=3
Ep  5100 | score   87.59 | avg100  144.07 | grasp100  59.0% | best 0.690 |     28 st/s
    done(50): success=30 t_flicker=15 t_touched=3 t_no_reach=2
Ep  5150 | score  204.67 | avg100  150.26 | grasp100  62.0% | best 0.690 |     28 st/s
    done(50): success=32 t_flicker=14 t_touched=3 t_no_reach=1
Ep  5200 | score   68.48 | avg100  148.74 | grasp100  62.0% | best 0.690 |     29 st/s
    done(50): success=30 t_flicker=19 t_touched=1
Ep  5250 | score   51.60 | avg100  145.72 | grasp100  61.0% | best 0.690 |     29 st/s
    done(50): success=31 t_flicker=15 t_touched=2 t_no_reach=2
Ep  5300 | score  206.33 | avg100  145.04 | grasp100  61.0% | best 0.690 |     29 st/s
    done(50): success=30 t_flicker=16 t_touched=2 t_no_reach=2
Ep  5350 | score   57.95 | avg100  142.52 | grasp100  59.0% | best 0.690 |     29 st/s
    done(50): success=29 t_flicker=19 t_touched=2
Ep  5400 | score   62.02 | avg100  145.64 | grasp100  60.0% | best 0.690 |     29 st/s
    done(50): success=31 t_flicker=14 t_touched=3 t_no_reach=2
Ep  5450 | score   12.77 | avg100  147.17 | grasp100  60.0% | best 0.690 |     29 st/s
    done(50): success=29 t_flicker=16 t_touched=4 t_no_reach=1
Ep  5500 | score  205.55 | avg100  152.96 | grasp100  63.0% | best 0.690 |     29 st/s
    done(50): success=34 t_flicker=14 t_touched=2
Ep  5550 | score   30.38 | avg100  151.94 | grasp100  62.0% | best 0.690 |     28 st/s
    done(50): success=28 t_flicker=19 t_touched=3
Ep  5600 | score  206.04 | avg100  145.58 | grasp100  59.0% | best 0.690 |     28 st/s
    done(50): success=31 t_flicker=16 t_touched=2 t_no_reach=1
Ep  5650 | score  207.15 | avg100  156.38 | grasp100  67.0% | best 0.690 |     28 st/s
    done(50): success=36 t_flicker=12 t_touched=2
Ep  5700 | score  209.78 | avg100  163.59 | grasp100  71.0% | best 0.690 |     28 st/s
    done(50): success=35 t_flicker=14 t_no_reach=1
Ep  5750 | score   18.57 | avg100  165.24 | grasp100  71.0% | best 0.690 |     28 st/s
    done(50): success=36 t_flicker=11 t_touched=2 t_no_reach=1
Ep  5800 | score   17.54 | avg100  144.79 | grasp100  61.0% | best 0.690 |     28 st/s
    done(50): success=25 t_flicker=17 t_touched=8
Ep  5850 | score   46.08 | avg100  142.73 | grasp100  61.0% | best 0.690 |     28 st/s
    done(50): success=36 t_flicker=10 t_touched=3 t_no_reach=1
Ep  5900 | score   68.68 | avg100  162.31 | grasp100  71.0% | best 0.690 |     29 st/s
    done(50): success=35 t_flicker=11 t_touched=4
Ep  5950 | score  205.93 | avg100  158.48 | grasp100  68.0% | best 0.690 |     29 st/s
    done(50): success=33 t_flicker=14 t_touched=3
Ep  6000 | score  205.53 | avg100  160.36 | grasp100  69.0% | best 0.690 |     29 st/s
    done(50): success=36 t_flicker=13 t_touched=1
Ep  6014 | * BEST  level200=2.00 grasp200= 70.5% metric=0.705 | score  207.95
Ep  6050 | score  208.54 | avg100  157.63 | grasp100  68.0% | best 0.705 |     28 st/s
    done(50): success=32 t_flicker=14 t_touched=4
  [primacy-bias reset of critic heads @ 100000 updates]
Ep  6100 | score  -14.69 | avg100  118.40 | grasp100  49.0% | best 0.705 |     28 st/s
    done(50): success=17 t_flicker=15 t_touched=6 t_no_reach=12
Ep  6150 | score   59.17 | avg100   49.29 | grasp100  19.0% | best 0.705 |     28 st/s
    done(50): success=2 t_flicker=14 t_touched=11 t_no_reach=23
Ep  6200 | score   11.86 | avg100   19.86 | grasp100   5.0% | best 0.705 |     29 st/s
    done(50): success=3 t_flicker=17 t_touched=17 t_no_reach=13
Ep  6250 | score  101.39 | avg100   50.74 | grasp100  14.0% | best 0.705 |     29 st/s
    done(50): success=11 t_flicker=24 t_touched=9 t_no_reach=6
Ep  6300 | score  204.60 | avg100   82.74 | grasp100  28.0% | best 0.705 |     29 st/s
    done(50): success=17 t_flicker=20 t_touched=11 t_no_reach=2
Ep  6350 | score  205.94 | avg100  107.45 | grasp100  42.0% | best 0.705 |     29 st/s
    done(50): success=25 t_flicker=11 t_touched=12 t_no_reach=2
Ep  6400 | score   58.72 | avg100  139.03 | grasp100  58.0% | best 0.705 |     29 st/s
    done(50): success=33 t_flicker=15 t_touched=2
Ep  6450 | score  218.75 | avg100  149.29 | grasp100  63.0% | best 0.705 |     29 st/s
    done(50): success=30 t_flicker=15 t_touched=3 t_no_reach=2
Ep  6500 | score   34.75 | avg100  138.72 | grasp100  56.0% | best 0.705 |     29 st/s
    done(50): success=26 t_flicker=18 t_touched=4 t_no_reach=2
Ep  6550 | score  208.69 | avg100  130.62 | grasp100  50.0% | best 0.705 |     28 st/s
    done(50): success=24 t_flicker=20 t_touched=5 t_no_reach=1
Ep  6600 | score  208.77 | avg100  139.63 | grasp100  55.0% | best 0.705 |     28 st/s
    done(50): success=31 t_flicker=17 t_touched=1 t_no_reach=1
Ep  6650 | score   57.01 | avg100  155.28 | grasp100  65.0% | best 0.705 |     28 st/s
    done(50): success=34 t_flicker=13 t_touched=3
Ep  6700 | score  206.38 | avg100  146.16 | grasp100  60.0% | best 0.705 |     29 st/s
    done(50): success=26 t_flicker=18 t_touched=4 t_no_reach=2
Ep  6750 | score  205.32 | avg100  137.12 | grasp100  55.0% | best 0.705 |     29 st/s
    done(50): success=29 t_flicker=15 t_touched=5 t_no_reach=1
Ep  6800 | score   63.34 | avg100  145.01 | grasp100  60.0% | best 0.705 |     29 st/s
    done(50): success=31 t_flicker=15 t_touched=4
Ep  6850 | score  209.34 | avg100  155.44 | grasp100  65.0% | best 0.705 |     29 st/s
    done(50): success=34 t_flicker=14 t_touched=2
Ep  6900 | score  205.43 | avg100  148.58 | grasp100  61.0% | best 0.705 |     29 st/s
    done(50): success=27 t_flicker=17 t_touched=5 t_no_reach=1
Ep  6950 | score  204.39 | avg100  144.35 | grasp100  60.0% | best 0.705 |     29 st/s
    done(50): success=33 t_flicker=14 t_touched=2 t_no_reach=1
Ep  7000 | score  205.29 | avg100  144.56 | grasp100  61.0% | best 0.705 |     29 st/s
    done(50): success=28 t_flicker=18 t_touched=3 t_no_reach=1
Ep  7050 | score  206.70 | avg100  138.36 | grasp100  58.0% | best 0.705 |     28 st/s
    done(50): success=30 t_flicker=14 t_touched=5 t_no_reach=1
Ep  7100 | score  205.53 | avg100  137.36 | grasp100  58.0% | best 0.705 |     28 st/s
    done(50): success=28 t_flicker=15 t_touched=4 t_no_reach=3
Ep  7150 | score  205.20 | avg100  146.32 | grasp100  62.0% | best 0.705 |     28 st/s
    done(50): success=34 t_flicker=15 t_no_reach=1
Ep  7200 | score  206.69 | avg100  147.72 | grasp100  61.0% | best 0.705 |     28 st/s
    done(50): success=27 t_flicker=18 t_touched=3 t_no_reach=2
Ep  7250 | score  207.66 | avg100  146.55 | grasp100  62.0% | best 0.705 |     28 st/s
    done(50): success=35 t_flicker=14 t_no_reach=1
Ep  7300 | score  206.08 | avg100  147.52 | grasp100  63.0% | best 0.705 |     29 st/s
    done(50): success=28 t_flicker=16 t_touched=4 t_no_reach=2
Ep  7350 | score  204.14 | avg100  146.46 | grasp100  62.0% | best 0.705 |     29 st/s
    done(50): success=34 t_flicker=10 t_touched=5 t_no_reach=1
Ep  7400 | score  -19.70 | avg100  146.09 | grasp100  63.0% | best 0.705 |     29 st/s
    done(50): success=29 t_flicker=16 t_touched=5
Ep  7450 | score  209.30 | avg100  146.25 | grasp100  63.0% | best 0.705 |     29 st/s
    done(50): success=34 t_flicker=12 t_touched=3 t_no_reach=1
Ep  7500 | score   86.74 | avg100  144.92 | grasp100  62.0% | best 0.705 |     29 st/s
    done(50): success=28 t_flicker=15 t_touched=6 t_no_reach=1
  [primacy-bias reset of critic heads @ 125000 updates]
Ep  7550 | score  208.36 | avg100  133.45 | grasp100  54.0% | best 0.705 |     28 st/s
    done(50): success=26 t_flicker=18 t_touched=6
Ep  7600 | score   -6.54 | avg100   72.31 | grasp100  29.0% | best 0.705 |     28 st/s
    done(50): success=3 t_flicker=10 t_touched=4 t_no_reach=33
Ep  7650 | score   24.42 | avg100   24.72 | grasp100  11.0% | best 0.705 |     29 st/s
    done(50): success=8 t_flicker=12 t_touched=7 t_no_reach=23
Ep  7700 | score  -20.24 | avg100   53.70 | grasp100  20.0% | best 0.705 |     29 st/s
    done(50): success=12 t_flicker=20 t_touched=10 t_no_reach=8
Ep  7750 | score   -4.30 | avg100   70.10 | grasp100  22.0% | best 0.705 |     29 st/s
    done(50): success=10 t_flicker=24 t_touched=11 t_no_reach=5
Ep  7800 | score  206.68 | avg100   84.63 | grasp100  27.0% | best 0.705 |     29 st/s
    done(50): success=17 t_flicker=22 t_touched=10 t_no_reach=1
Ep  7850 | score  -19.19 | avg100   95.90 | grasp100  33.0% | best 0.705 |     29 st/s
    done(50): success=16 t_flicker=20 t_touched=10 t_no_reach=4
Ep  7900 | score   37.94 | avg100  113.83 | grasp100  43.0% | best 0.705 |     29 st/s
    done(50): success=27 t_flicker=17 t_touched=5 t_no_reach=1
Ep  7950 | score    9.53 | avg100  129.60 | grasp100  51.0% | best 0.705 |     29 st/s
    done(50): success=24 t_flicker=18 t_touched=8
Ep  8000 | score   56.79 | avg100  135.06 | grasp100  55.0% | best 0.705 |     29 st/s
    done(50): success=31 t_flicker=14 t_touched=5
Ep  8050 | score   46.05 | avg100  139.76 | grasp100  57.0% | best 0.705 |     29 st/s
    done(50): success=26 t_flicker=20 t_touched=3 t_no_reach=1
Ep  8100 | score  206.99 | avg100  139.34 | grasp100  56.0% | best 0.705 |     29 st/s
    done(50): success=30 t_flicker=17 t_touched=1 t_no_reach=2
Ep  8150 | score  208.01 | avg100  146.28 | grasp100  61.0% | best 0.705 |     29 st/s
    done(50): success=31 t_flicker=12 t_touched=6 t_no_reach=1
Ep  8200 | score   25.45 | avg100  145.72 | grasp100  60.0% | best 0.705 |     29 st/s
    done(50): success=29 t_flicker=17 t_touched=3 t_no_reach=1
Ep  8250 | score  207.08 | avg100  150.27 | grasp100  61.0% | best 0.705 |     29 st/s
    done(50): success=32 t_flicker=17 t_touched=1
Ep  8300 | score  208.46 | avg100  148.65 | grasp100  63.0% | best 0.705 |     29 st/s
    done(50): success=31 t_flicker=11 t_touched=5 t_no_reach=3
Ep  8350 | score  205.32 | avg100  151.64 | grasp100  67.0% | best 0.705 |     29 st/s
    done(50): success=36 t_flicker=11 t_touched=1 t_no_reach=2
Ep  8400 | score  225.05 | avg100  164.25 | grasp100  72.0% | best 0.705 |     29 st/s
    done(50): success=36 t_flicker=11 t_touched=3
Ep  8450 | score  129.19 | avg100  155.07 | grasp100  66.0% | best 0.705 |     29 st/s
    done(50): success=30 t_flicker=13 t_touched=5 t_no_reach=2
Ep  8500 | score  205.17 | avg100  151.48 | grasp100  65.0% | best 0.705 |     29 st/s
    done(50): success=35 t_flicker=12 t_touched=3
Ep  8550 | score  212.74 | avg100  162.60 | grasp100  71.0% | best 0.705 |     28 st/s
    done(50): success=36 t_flicker=12 t_touched=2
Ep  8600 | score   53.50 | avg100  157.26 | grasp100  67.0% | best 0.705 |     28 st/s
    done(50): success=31 t_flicker=17 t_touched=2
Ep  8650 | score  205.41 | avg100  156.70 | grasp100  67.0% | best 0.705 |     28 st/s
    done(50): success=36 t_flicker=10 t_touched=3 t_no_reach=1
Ep  8700 | score  208.05 | avg100  163.34 | grasp100  71.0% | best 0.705 |     28 st/s
    done(50): success=35 t_flicker=12 t_touched=3
Ep  8750 | score  205.43 | avg100  161.11 | grasp100  69.0% | best 0.705 |     28 st/s
    done(50): success=34 t_flicker=14 t_touched=2
Ep  8800 | score   27.09 | avg100  146.95 | grasp100  62.0% | best 0.705 |     29 st/s
    done(50): success=28 t_flicker=16 t_touched=2 t_no_reach=4
Ep  8850 | score  107.22 | avg100  137.63 | grasp100  57.0% | best 0.705 |     29 st/s
    done(50): success=29 t_flicker=17 t_touched=3 t_no_reach=1
Ep  8900 | score  207.26 | avg100  148.15 | grasp100  62.0% | best 0.705 |     29 st/s
    done(50): success=33 t_flicker=16 t_touched=1
Ep  8950 | score  208.13 | avg100  165.74 | grasp100  72.0% | best 0.705 |     29 st/s
    done(50): success=39 t_flicker=11
Ep  9000 | score  205.70 | avg100  167.40 | grasp100  74.0% | best 0.705 |     29 st/s
    done(50): success=35 t_flicker=9 t_touched=4 t_no_reach=2
Ep  9050 | score  207.70 | avg100  159.74 | grasp100  70.0% | best 0.705 |     28 st/s
    done(50): success=35 t_flicker=13 t_touched=1 t_no_reach=1
Ep  9075 | * BEST  level200=2.00 grasp200= 72.0% metric=0.720 | score  207.32
Ep  9084 | * BEST  level200=2.00 grasp200= 73.5% metric=0.735 | score  209.63
Ep  9100 | score  205.93 | avg100  161.79 | grasp100  71.0% | best 0.735 |     28 st/s
    done(50): success=36 t_flicker=11 t_touched=2 t_no_reach=1
  [primacy-bias reset of critic heads @ 150000 updates]
Ep  9150 | score   16.06 | avg100  115.31 | grasp100  49.0% | best 0.735 |     28 st/s
    done(50): success=13 t_flicker=15 t_touched=14 t_no_reach=8
Ep  9200 | score   53.84 | avg100   56.20 | grasp100  21.0% | best 0.735 |     28 st/s
    done(50): success=8 t_flicker=10 t_touched=22 t_no_reach=10
Ep  9250 | score  204.97 | avg100   62.01 | grasp100  21.0% | best 0.735 |     29 st/s
    done(50): success=13 t_flicker=17 t_touched=16 t_no_reach=4
Ep  9300 | score  205.01 | avg100   66.99 | grasp100  18.0% | best 0.735 |     29 st/s
    done(50): success=5 t_flicker=25 t_touched=16 t_no_reach=4
Ep  9350 | score  206.19 | avg100   75.82 | grasp100  23.0% | best 0.735 |     29 st/s
    done(50): success=18 t_flicker=19 t_touched=11 t_no_reach=2
Ep  9400 | score  -19.51 | avg100  109.40 | grasp100  40.0% | best 0.735 |     29 st/s
    done(50): success=22 t_flicker=25 t_touched=2 t_no_reach=1
Ep  9450 | score  205.86 | avg100  128.47 | grasp100  50.0% | best 0.735 |     29 st/s
    done(50): success=28 t_flicker=18 t_touched=4
Ep  9500 | score  236.99 | avg100  131.46 | grasp100  52.0% | best 0.735 |     29 st/s
    done(50): success=24 t_flicker=19 t_touched=6 t_no_reach=1
Ep  9550 | score   55.41 | avg100  131.06 | grasp100  51.0% | best 0.735 |     28 st/s
    done(50): success=27 t_flicker=20 t_touched=1 t_no_reach=2
Ep  9600 | score   32.86 | avg100  144.08 | grasp100  61.0% | best 0.735 |     29 st/s
    done(50): success=34 t_flicker=11 t_touched=4 t_no_reach=1
Ep  9650 | score   70.42 | avg100  150.54 | grasp100  65.0% | best 0.735 |     29 st/s
    done(50): success=31 t_flicker=17 t_touched=2
Ep  9700 | score  205.97 | avg100  156.92 | grasp100  68.0% | best 0.735 |     29 st/s
    done(50): success=37 t_flicker=10 t_touched=2 t_no_reach=1
Ep  9750 | score  205.61 | avg100  163.41 | grasp100  72.0% | best 0.735 |     29 st/s
    done(50): success=35 t_flicker=12 t_touched=3
Ep  9800 | score   63.59 | avg100  154.65 | grasp100  66.0% | best 0.735 |     29 st/s
    done(50): success=31 t_flicker=13 t_touched=5 t_no_reach=1
Ep  9850 | score  206.03 | avg100  153.61 | grasp100  65.0% | best 0.735 |     29 st/s
    done(50): success=34 t_flicker=14 t_touched=2
Ep  9900 | score   65.26 | avg100  143.99 | grasp100  60.0% | best 0.735 |     29 st/s
    done(50): success=26 t_flicker=15 t_touched=5 t_no_reach=4
Ep  9950 | score  242.66 | avg100  142.14 | grasp100  60.0% | best 0.735 |     29 st/s
    done(50): success=34 t_flicker=11 t_touched=5
Ep 10000 | score  206.17 | avg100  150.70 | grasp100  66.0% | best 0.735 |     29 st/s
    done(50): success=32 t_flicker=12 t_touched=4 t_no_reach=2
Ep 10050 | score  205.73 | avg100  153.26 | grasp100  68.0% | best 0.735 |     28 st/s
    done(50): success=36 t_flicker=7 t_touched=5 t_no_reach=2
Ep 10100 | score  205.45 | avg100  153.48 | grasp100  67.0% | best 0.735 |     28 st/s
    done(50): success=31 t_flicker=13 t_touched=3 t_no_reach=3
Ep 10150 | score  117.33 | avg100  146.79 | grasp100  61.0% | best 0.735 |     28 st/s
    done(50): success=30 t_flicker=15 t_touched=1 t_no_reach=4
Ep 10200 | score   55.07 | avg100  144.60 | grasp100  59.0% | best 0.735 |     28 st/s
    done(50): success=29 t_flicker=17 t_touched=3 t_no_reach=1
Ep 10250 | score  206.00 | avg100  160.03 | grasp100  68.0% | best 0.735 |     28 st/s
    done(50): success=39 t_flicker=10 t_touched=1
Ep 10300 | score  208.10 | avg100  172.78 | grasp100  76.0% | best 0.735 |     28 st/s
    done(50): success=37 t_flicker=9 t_touched=4
Ep 10350 | score   -5.59 | avg100  169.00 | grasp100  75.0% | best 0.735 |     28 st/s
    done(50): success=38 t_flicker=10 t_touched=1 t_no_reach=1
Ep 10400 | score   41.66 | avg100  160.48 | grasp100  70.0% | best 0.735 |     28 st/s
    done(50): success=32 t_flicker=15 t_touched=3
Ep 10450 | score    3.89 | avg100  156.70 | grasp100  69.0% | best 0.735 |     28 st/s
    done(50): success=37 t_flicker=8 t_touched=5
Ep 10500 | score   35.58 | avg100  157.39 | grasp100  69.0% | best 0.735 |     28 st/s
    done(50): success=32 t_flicker=16 t_touched=1 t_no_reach=1
Ep 10550 | score  206.88 | avg100  149.80 | grasp100  62.0% | best 0.735 |     28 st/s
    done(50): success=30 t_flicker=15 t_touched=5
Ep 10600 | score  204.59 | avg100  138.36 | grasp100  55.0% | best 0.735 |     28 st/s
    done(50): success=25 t_flicker=20 t_touched=3 t_no_reach=2
Ep 10650 | score  222.24 | avg100  147.17 | grasp100  60.0% | best 0.735 |     28 st/s
    done(50): success=35 t_flicker=12 t_touched=2 t_no_reach=1
  [primacy-bias reset of critic heads @ 175000 updates]
Ep 10700 | score   32.14 | avg100  162.40 | grasp100  71.0% | best 0.735 |     28 st/s
    done(50): success=36 t_flicker=9 t_touched=3 t_no_reach=2
Ep 10750 | score   26.51 | avg100  109.78 | grasp100  48.0% | best 0.735 |     28 st/s
    done(50): success=12 t_flicker=12 t_touched=8 t_no_reach=18
Ep 10800 | score   23.29 | avg100   49.16 | grasp100  18.0% | best 0.735 |     28 st/s
    done(50): success=6 t_flicker=17 t_touched=9 t_no_reach=18
Ep 10850 | score  206.53 | avg100   64.02 | grasp100  23.0% | best 0.735 |     28 st/s
    done(50): success=17 t_flicker=16 t_touched=10 t_no_reach=7
Ep 10900 | score   39.29 | avg100   80.89 | grasp100  29.0% | best 0.735 |     29 st/s
    done(50): success=12 t_flicker=22 t_touched=11 t_no_reach=5
Ep 10950 | score   33.17 | avg100   97.23 | grasp100  36.0% | best 0.735 |     29 st/s
    done(50): success=24 t_flicker=15 t_touched=8 t_no_reach=3
Ep 11000 | score  207.86 | avg100  119.00 | grasp100  46.0% | best 0.735 |     29 st/s
    done(50): success=22 t_flicker=23 t_touched=5
Ep 11050 | score   57.19 | avg100  120.09 | grasp100  46.0% | best 0.735 |     28 st/s
    done(50): success=24 t_flicker=19 t_touched=7
Ep 11100 | score  206.31 | avg100  128.42 | grasp100  50.0% | best 0.735 |     28 st/s
    done(50): success=26 t_flicker=16 t_touched=6 t_no_reach=2
Ep 11150 | score  208.97 | avg100  141.66 | grasp100  58.0% | best 0.735 |     28 st/s
    done(50): success=32 t_flicker=13 t_touched=2 t_no_reach=3
Ep 11200 | score   61.13 | avg100  145.02 | grasp100  60.0% | best 0.735 |     28 st/s
    done(50): success=28 t_flicker=17 t_touched=4 t_no_reach=1
Ep 11250 | score  207.17 | avg100  141.94 | grasp100  57.0% | best 0.735 |     28 st/s
    done(50): success=29 t_flicker=15 t_touched=5 t_no_reach=1
Ep 11300 | score  208.16 | avg100  151.29 | grasp100  64.0% | best 0.735 |     28 st/s
    done(50): success=35 t_flicker=10 t_touched=4 t_no_reach=1
Ep 11350 | score   64.41 | avg100  147.79 | grasp100  63.0% | best 0.735 |     28 st/s
    done(50): success=28 t_flicker=17 t_touched=4 t_no_reach=1
Ep 11400 | score   19.36 | avg100  135.84 | grasp100  57.0% | best 0.735 |     29 st/s
    done(50): success=29 t_flicker=12 t_touched=7 t_no_reach=2
Ep 11450 | score   88.47 | avg100  142.11 | grasp100  62.0% | best 0.735 |     29 st/s
    done(50): success=33 t_flicker=9 t_touched=5 t_no_reach=3
Ep 11500 | score  206.95 | avg100  152.66 | grasp100  67.0% | best 0.735 |     29 st/s
    done(50): success=34 t_flicker=13 t_touched=3
Ep 11550 | score  207.96 | avg100  157.06 | grasp100  68.0% | best 0.735 |     28 st/s
    done(50): success=34 t_flicker=15 t_touched=1
Ep 11600 | score  207.73 | avg100  163.74 | grasp100  72.0% | best 0.735 |     28 st/s
    done(50): success=38 t_flicker=10 t_touched=2
Ep 11650 | score  207.97 | avg100  166.27 | grasp100  75.0% | best 0.735 |     28 st/s
    done(50): success=37 t_flicker=9 t_touched=3 t_no_reach=1
Ep 11700 | score  204.62 | avg100  162.84 | grasp100  72.0% | best 0.735 |     28 st/s
    done(50): success=35 t_flicker=12 t_touched=3
Ep 11722 | * BEST  level200=2.00 grasp200= 75.0% metric=0.750 | score  204.41
Ep 11750 | score  206.29 | avg100  169.49 | grasp100  75.0% | best 0.750 |     28 st/s
    done(50): success=40 t_flicker=9 t_no_reach=1
Ep 11800 | score  207.85 | avg100  160.40 | grasp100  70.0% | best 0.750 |     28 st/s
    done(50): success=30 t_flicker=14 t_touched=3 t_no_reach=3
Ep 11850 | score  206.70 | avg100  148.83 | grasp100  64.0% | best 0.750 |     28 st/s
    done(50): success=34 t_flicker=11 t_touched=4 t_no_reach=1
Ep 11900 | score   56.81 | avg100  154.23 | grasp100  67.0% | best 0.750 |     28 st/s
    done(50): success=33 t_flicker=14 t_touched=3
Ep 11950 | score  207.84 | avg100  165.89 | grasp100  74.0% | best 0.750 |     28 st/s
    done(50): success=41 t_flicker=6 t_touched=3
Ep 12000 | score  206.56 | avg100  167.00 | grasp100  75.0% | best 0.750 |     28 st/s
    done(50): success=34 t_flicker=12 t_touched=3 t_no_reach=1
Ep 12050 | score  207.28 | avg100  155.46 | grasp100  68.0% | best 0.750 |     28 st/s
    done(50): success=34 t_flicker=12 t_touched=2 t_no_reach=2
Ep 12100 | score  206.98 | avg100  160.57 | grasp100  71.0% | best 0.750 |     28 st/s
    done(50): success=37 t_flicker=9 t_touched=3 t_no_reach=1
Ep 12150 | score  206.61 | avg100  161.30 | grasp100  72.0% | best 0.750 |     28 st/s
    done(50): success=35 t_flicker=9 t_touched=5 t_no_reach=1
Ep 12200 | score  207.96 | avg100  160.55 | grasp100  72.0% | best 0.750 |     28 st/s
    done(50): success=37 t_flicker=11 t_touched=2
  [primacy-bias reset of critic heads @ 200000 updates]
Ep 12250 | score  204.78 | avg100  169.20 | grasp100  76.0% | best 0.750 |     28 st/s
    done(50): success=39 t_flicker=7 t_touched=4
Ep 12300 | score  201.79 | avg100  151.45 | grasp100  68.0% | best 0.750 |     28 st/s
    done(50): success=29 t_flicker=11 t_touched=5 t_no_reach=5
Ep 12350 | score   -0.10 | avg100   92.50 | grasp100  41.0% | best 0.750 |     28 st/s
    done(50): success=12 t_flicker=9 t_touched=14 t_no_reach=15
Ep 12400 | score   26.74 | avg100   64.02 | grasp100  26.0% | best 0.750 |     28 st/s
    done(50): success=14 t_flicker=13 t_touched=12 t_no_reach=11
Ep 12450 | score  207.61 | avg100   84.13 | grasp100  31.0% | best 0.750 |     28 st/s
    done(50): success=17 t_flicker=19 t_touched=9 t_no_reach=5
Ep 12500 | score  214.38 | avg100  116.75 | grasp100  45.0% | best 0.750 |     28 st/s
    done(50): success=28 t_flicker=14 t_touched=6 t_no_reach=2
Ep 12550 | score   63.62 | avg100  129.37 | grasp100  52.0% | best 0.750 |     28 st/s
    done(50): success=24 t_flicker=15 t_touched=10 t_no_reach=1
Ep 12600 | score   57.73 | avg100  128.90 | grasp100  51.0% | best 0.750 |     28 st/s
    done(50): success=27 t_flicker=17 t_touched=5 t_no_reach=1
Ep 12650 | score  208.85 | avg100  140.29 | grasp100  57.0% | best 0.750 |     28 st/s
    done(50): success=30 t_flicker=12 t_touched=6 t_no_reach=2
Ep 12700 | score  -10.66 | avg100  148.48 | grasp100  63.0% | best 0.750 |     28 st/s
    done(50): success=33 t_flicker=13 t_touched=4
Ep 12750 | score  208.77 | avg100  144.25 | grasp100  62.0% | best 0.750 |     28 st/s
    done(50): success=29 t_flicker=11 t_touched=7 t_no_reach=3
Ep 12800 | score  205.36 | avg100  143.56 | grasp100  63.0% | best 0.750 |     28 st/s
    done(50): success=34 t_flicker=10 t_touched=5 t_no_reach=1
Ep 12850 | score  206.68 | avg100  156.29 | grasp100  69.0% | best 0.750 |     28 st/s
    done(50): success=35 t_flicker=10 t_touched=5
Ep 12900 | score  205.36 | avg100  148.62 | grasp100  64.0% | best 0.750 |     28 st/s
    done(50): success=29 t_flicker=16 t_touched=3 t_no_reach=2
Ep 12950 | score  205.20 | avg100  136.98 | grasp100  59.0% | best 0.750 |     28 st/s
    done(50): success=30 t_flicker=12 t_touched=5 t_no_reach=3
Ep 13000 | score  205.09 | avg100  146.65 | grasp100  64.0% | best 0.750 |     28 st/s
    done(50): success=34 t_flicker=13 t_touched=2 t_no_reach=1
Ep 13050 | score  206.13 | avg100  157.48 | grasp100  69.0% | best 0.750 |     28 st/s
    done(50): success=35 t_flicker=10 t_touched=3 t_no_reach=2
Ep 13100 | score  205.12 | avg100  157.17 | grasp100  68.0% | best 0.750 |     28 st/s
    done(50): success=33 t_flicker=13 t_touched=3 t_no_reach=1
Ep 13150 | score  206.16 | avg100  153.27 | grasp100  65.0% | best 0.750 |     28 st/s
    done(50): success=32 t_flicker=16 t_touched=1 t_no_reach=1
Ep 13200 | score  208.02 | avg100  145.36 | grasp100  61.0% | best 0.750 |     28 st/s
    done(50): success=29 t_flicker=15 t_touched=5 t_no_reach=1
Ep 13250 | score   12.59 | avg100  140.52 | grasp100  59.0% | best 0.750 |     28 st/s
    done(50): success=30 t_flicker=15 t_touched=3 t_no_reach=2
Ep 13300 | score  208.83 | avg100  146.47 | grasp100  63.0% | best 0.750 |     28 st/s
    done(50): success=33 t_flicker=13 t_touched=2 t_no_reach=2
Ep 13350 | score  206.95 | avg100  163.68 | grasp100  72.0% | best 0.750 |     28 st/s
    done(50): success=39 t_flicker=11
Ep 13400 | score  205.11 | avg100  172.03 | grasp100  77.0% | best 0.750 |     28 st/s
    done(50): success=38 t_flicker=12
Ep 13450 | score   41.12 | avg100  156.93 | grasp100  67.0% | best 0.750 |     28 st/s
    done(50): success=29 t_flicker=19 t_touched=1 t_no_reach=1
Ep 13500 | score  205.32 | avg100  166.06 | grasp100  72.0% | best 0.750 |     28 st/s
    done(50): success=43 t_flicker=5 t_touched=2
Ep 13550 | score  208.44 | avg100  180.57 | grasp100  82.0% | best 0.750 |     28 st/s
    done(50): success=39 t_flicker=10 t_touched=1
Ep 13600 | score   50.55 | avg100  169.38 | grasp100  76.0% | best 0.750 |     28 st/s
    done(50): success=37 t_flicker=8 t_touched=3 t_no_reach=2
Ep 13639 | * BEST  level200=2.00 grasp200= 76.5% metric=0.765 | score  204.48
Ep 13642 | * BEST  level200=2.00 grasp200= 78.0% metric=0.780 | score  206.27
Ep 13650 | score  205.38 | avg100  168.58 | grasp100  76.0% | best 0.780 |     28 st/s
    done(50): success=39 t_flicker=11
Ep 13653 | * BEST  level200=2.00 grasp200= 79.5% metric=0.795 | score  208.51
Ep 13700 | score  205.55 | avg100  170.86 | grasp100  77.0% | best 0.795 |     28 st/s
    done(50): success=38 t_flicker=9 t_touched=1 t_no_reach=2
Ep 13750 | score  215.14 | avg100  166.31 | grasp100  75.0% | best 0.795 |     28 st/s
    done(50): success=37 t_flicker=9 t_touched=4
Ep 13800 | score   26.16 | avg100  162.82 | grasp100  73.0% | best 0.795 |     28 st/s
    done(50): success=36 t_flicker=11 t_touched=2 t_no_reach=1
  [primacy-bias reset of critic heads @ 225000 updates]
Ep 13850 | score    2.67 | avg100  159.69 | grasp100  70.0% | best 0.795 |     28 st/s
    done(50): success=34 t_flicker=15 t_touched=1
Ep 13900 | score  -14.18 | avg100  113.64 | grasp100  49.0% | best 0.795 |     28 st/s
    done(50): success=15 t_flicker=9 t_touched=15 t_no_reach=11
Ep 13950 | score  -27.18 | avg100   40.66 | grasp100  19.0% | best 0.795 |     28 st/s
    done(50): success=4 t_flicker=12 t_touched=10 t_no_reach=24
Ep 14000 | score    2.44 | avg100   19.82 | grasp100   8.0% | best 0.795 |     28 st/s
    done(50): success=4 t_flicker=12 t_touched=14 t_no_reach=20
Ep 14050 | score  -19.16 | avg100   45.95 | grasp100  13.0% | best 0.795 |     28 st/s
    done(50): success=9 t_flicker=20 t_touched=16 t_no_reach=5
Ep 14100 | score  208.07 | avg100   96.57 | grasp100  36.0% | best 0.795 |     28 st/s
    done(50): success=27 t_flicker=15 t_touched=3 t_no_reach=5
Ep 14150 | score   62.06 | avg100  113.27 | grasp100  45.0% | best 0.795 |     28 st/s
    done(50): success=18 t_flicker=19 t_touched=9 t_no_reach=4
Ep 14200 | score  205.90 | avg100  115.01 | grasp100  46.0% | best 0.795 |     28 st/s
    done(50): success=28 t_flicker=15 t_touched=6 t_no_reach=1
Ep 14250 | score  207.16 | avg100  139.66 | grasp100  61.0% | best 0.795 |     28 st/s
    done(50): success=33 t_flicker=11 t_touched=5 t_no_reach=1
Ep 14300 | score  206.49 | avg100  161.52 | grasp100  72.0% | best 0.795 |     28 st/s
    done(50): success=39 t_flicker=10 t_touched=1
Ep 14350 | score  205.78 | avg100  167.10 | grasp100  73.0% | best 0.795 |     28 st/s
    done(50): success=34 t_flicker=10 t_touched=5 t_no_reach=1
Ep 14400 | score  207.08 | avg100  158.83 | grasp100  70.0% | best 0.795 |     28 st/s
    done(50): success=36 t_flicker=10 t_touched=2 t_no_reach=2
Ep 14450 | score  207.85 | avg100  162.63 | grasp100  72.0% | best 0.795 |     28 st/s
    done(50): success=36 t_flicker=11 t_touched=3
Ep 14500 | score  203.87 | avg100  161.24 | grasp100  70.0% | best 0.795 |     28 st/s
    done(50): success=34 t_flicker=12 t_touched=4
Ep 14550 | score  206.79 | avg100  166.22 | grasp100  74.0% | best 0.795 |     28 st/s
    done(50): success=40 t_flicker=8 t_touched=2
Ep 14600 | score  206.66 | avg100  159.24 | grasp100  70.0% | best 0.795 |     28 st/s
    done(50): success=30 t_flicker=13 t_touched=6 t_no_reach=1
Ep 14650 | score  206.47 | avg100  145.61 | grasp100  62.0% | best 0.795 |     28 st/s
    done(50): success=32 t_flicker=13 t_touched=3 t_no_reach=2
Ep 14700 | score  208.35 | avg100  142.51 | grasp100  59.0% | best 0.795 |     28 st/s
    done(50): success=27 t_flicker=19 t_touched=3 t_no_reach=1
Ep 14750 | score   32.90 | avg100  148.53 | grasp100  63.0% | best 0.795 |     28 st/s
    done(50): success=36 t_flicker=10 t_touched=3 t_no_reach=1
Ep 14800 | score  206.24 | avg100  167.10 | grasp100  75.0% | best 0.795 |     28 st/s
    done(50): success=39 t_flicker=11
Ep 14850 | score  204.44 | avg100  177.50 | grasp100  81.0% | best 0.795 |     28 st/s
    done(50): success=42 t_flicker=7 t_no_reach=1
Ep 14900 | score  205.39 | avg100  166.07 | grasp100  75.0% | best 0.795 |     28 st/s
    done(50): success=33 t_flicker=10 t_touched=6 t_no_reach=1
Ep 14950 | score  207.71 | avg100  150.41 | grasp100  64.0% | best 0.795 |     28 st/s
    done(50): success=31 t_flicker=17 t_touched=1 t_no_reach=1
Ep 15000 | score  232.73 | avg100  147.83 | grasp100  61.0% | best 0.795 |     28 st/s
    done(50): success=30 t_flicker=18 t_touched=2
Ep 15050 | score  206.83 | avg100  163.84 | grasp100  71.0% | best 0.795 |     28 st/s
    done(50): success=41 t_flicker=7 t_touched=1 t_no_reach=1
Ep 15100 | score   89.18 | avg100  165.86 | grasp100  74.0% | best 0.795 |     28 st/s
    done(50): success=33 t_flicker=9 t_touched=6 t_no_reach=2
Ep 15150 | score  205.99 | avg100  162.90 | grasp100  73.0% | best 0.795 |     28 st/s
    done(50): success=40 t_flicker=7 t_touched=3
Ep 15200 | score   60.60 | avg100  173.95 | grasp100  79.0% | best 0.795 |     28 st/s
    done(50): success=39 t_flicker=8 t_touched=3
Ep 15250 | score  208.51 | avg100  161.49 | grasp100  71.0% | best 0.795 |     28 st/s
    done(50): success=32 t_flicker=13 t_touched=4 t_no_reach=1
Ep 15300 | score  206.45 | avg100  156.59 | grasp100  68.0% | best 0.795 |     28 st/s
    done(50): success=36 t_flicker=9 t_touched=4 t_no_reach=1
Ep 15350 | score  204.41 | avg100  161.50 | grasp100  70.0% | best 0.795 |     28 st/s
    done(50): success=34 t_flicker=13 t_touched=3
  [primacy-bias reset of critic heads @ 250000 updates]
Ep 15400 | score  206.85 | avg100  164.09 | grasp100  73.0% | best 0.795 |     28 st/s
    done(50): success=39 t_flicker=5 t_touched=5 t_no_reach=1
Ep 15450 | score  205.21 | avg100  141.58 | grasp100  66.0% | best 0.795 |     28 st/s
    done(50): success=27 t_flicker=9 t_touched=9 t_no_reach=5
Ep 15500 | score    7.61 | avg100  109.72 | grasp100  49.0% | best 0.795 |     28 st/s
    done(50): success=22 t_flicker=14 t_touched=9 t_no_reach=5
Ep 15550 | score    5.87 | avg100   89.49 | grasp100  36.0% | best 0.795 |     28 st/s
    done(50): success=14 t_flicker=17 t_touched=11 t_no_reach=8
Ep 15600 | score  204.38 | avg100  100.33 | grasp100  41.0% | best 0.795 |     28 st/s
    done(50): success=27 t_flicker=12 t_touched=8 t_no_reach=3
Ep 15650 | score    2.25 | avg100  130.97 | grasp100  56.0% | best 0.795 |     28 st/s
    done(50): success=29 t_flicker=16 t_touched=4 t_no_reach=1
Ep 15700 | score   57.82 | avg100  125.53 | grasp100  51.0% | best 0.795 |     28 st/s
    done(50): success=22 t_flicker=17 t_touched=8 t_no_reach=3
Ep 15750 | score  206.96 | avg100  133.70 | grasp100  54.0% | best 0.795 |     28 st/s
    done(50): success=32 t_flicker=15 t_touched=3
Ep 15800 | score   36.94 | avg100  150.92 | grasp100  64.0% | best 0.795 |     28 st/s
    done(50): success=32 t_flicker=14 t_touched=3 t_no_reach=1
Ep 15850 | score  207.95 | avg100  141.63 | grasp100  58.0% | best 0.795 |     28 st/s
    done(50): success=26 t_flicker=21 t_touched=3
Ep 15900 | score  208.13 | avg100  140.17 | grasp100  57.0% | best 0.795 |     28 st/s
    done(50): success=31 t_flicker=12 t_touched=7
Ep 15950 | score  205.65 | avg100  144.81 | grasp100  62.0% | best 0.795 |     28 st/s
    done(50): success=31 t_flicker=14 t_touched=3 t_no_reach=2
Ep 16000 | score  207.53 | avg100  155.59 | grasp100  68.0% | best 0.795 |     28 st/s
    done(50): success=37 t_flicker=10 t_touched=2 t_no_reach=1
Ep 16050 | score  210.66 | avg100  164.68 | grasp100  72.0% | best 0.795 |     28 st/s
    done(50): success=35 t_flicker=11 t_touched=3 t_no_reach=1
Ep 16100 | score  206.95 | avg100  164.60 | grasp100  73.0% | best 0.795 |     28 st/s
    done(50): success=38 t_flicker=8 t_touched=3 t_no_reach=1
Ep 16150 | score  205.40 | avg100  165.19 | grasp100  73.0% | best 0.795 |     28 st/s
    done(50): success=35 t_flicker=11 t_touched=2 t_no_reach=2
Ep 16200 | score  206.98 | avg100  162.05 | grasp100  71.0% | best 0.795 |     28 st/s
    done(50): success=36 t_flicker=9 t_touched=5
Ep 16250 | score   38.18 | avg100  163.49 | grasp100  73.0% | best 0.795 |     28 st/s
    done(50): success=37 t_flicker=8 t_touched=4 t_no_reach=1
Ep 16300 | score  208.48 | avg100  169.95 | grasp100  76.0% | best 0.795 |     28 st/s
    done(50): success=39 t_flicker=9 t_touched=1 t_no_reach=1
Ep 16350 | score  205.65 | avg100  162.96 | grasp100  71.0% | best 0.795 |     28 st/s
    done(50): success=32 t_flicker=15 t_touched=1 t_no_reach=2
Ep 16400 | score   19.46 | avg100  157.67 | grasp100  68.0% | best 0.795 |     28 st/s
    done(50): success=36 t_flicker=11 t_touched=2 t_no_reach=1
Ep 16450 | score  208.92 | avg100  163.17 | grasp100  72.0% | best 0.795 |     28 st/s
    done(50): success=36 t_flicker=11 t_touched=2 t_no_reach=1
Ep 16500 | score  204.11 | avg100  162.46 | grasp100  72.0% | best 0.795 |     28 st/s
    done(50): success=36 t_flicker=10 t_touched=3 t_no_reach=1
Ep 16550 | score  209.79 | avg100  176.68 | grasp100  82.0% | best 0.795 |     28 st/s
    done(50): success=46 t_flicker=1 t_touched=1 t_no_reach=2
Ep 16600 | score  204.36 | avg100  174.15 | grasp100  79.0% | best 0.795 |     28 st/s
    done(50): success=33 t_flicker=16 t_no_reach=1
Ep 16650 | score  254.35 | avg100  162.43 | grasp100  70.0% | best 0.795 |     28 st/s
    done(50): success=37 t_flicker=11 t_touched=2
Ep 16700 | score   61.53 | avg100  152.84 | grasp100  66.0% | best 0.795 |     28 st/s
    done(50): success=29 t_flicker=19 t_no_reach=2
Ep 16750 | score  205.91 | avg100  156.73 | grasp100  69.0% | best 0.795 |     28 st/s
    done(50): success=40 t_flicker=9 t_touched=1
Ep 16800 | score  208.97 | avg100  177.19 | grasp100  82.0% | best 0.795 |     28 st/s
    done(50): success=42 t_flicker=6 t_touched=1 t_no_reach=1
Ep 16850 | score   25.29 | avg100  169.65 | grasp100  79.0% | best 0.795 |     28 st/s
    done(50): success=37 t_flicker=7 t_touched=3 t_no_reach=3
Ep 16900 | score  203.62 | avg100  163.93 | grasp100  74.0% | best 0.795 |     28 st/s
    done(50): success=37 t_flicker=12 t_touched=1
Ep 16950 | score  203.51 | avg100  168.34 | grasp100  76.0% | best 0.795 |     28 st/s
    done(50): success=39 t_flicker=7 t_touched=3 t_no_reach=1
Ep 17000 | score   80.56 | avg100  157.61 | grasp100  70.0% | best 0.795 |     28 st/s
    done(50): success=31 t_flicker=17 t_touched=2
  [primacy-bias reset of critic heads @ 275000 updates]
Ep 17050 | score  -27.54 | avg100  139.68 | grasp100  60.0% | best 0.795 |     28 st/s
    done(50): success=29 t_flicker=12 t_touched=3 t_no_reach=6
Ep 17100 | score  -15.66 | avg100   99.69 | grasp100  45.0% | best 0.795 |     28 st/s
    done(50): success=16 t_flicker=7 t_touched=5 t_no_reach=22
Ep 17150 | score  205.75 | avg100   51.86 | grasp100  22.0% | best 0.795 |     28 st/s
    done(50): success=6 t_flicker=14 t_touched=13 t_no_reach=17
Ep 17200 | score   37.30 | avg100   57.57 | grasp100  20.0% | best 0.795 |     28 st/s
    done(50): success=14 t_flicker=16 t_touched=12 t_no_reach=8
Ep 17250 | score   57.30 | avg100   87.53 | grasp100  34.0% | best 0.795 |     28 st/s
    done(50): success=20 t_flicker=14 t_touched=10 t_no_reach=6
Ep 17300 | score  207.14 | avg100  116.16 | grasp100  49.0% | best 0.795 |     28 st/s
    done(50): success=29 t_flicker=9 t_touched=9 t_no_reach=3
Ep 17350 | score  206.45 | avg100  128.94 | grasp100  53.0% | best 0.795 |     28 st/s
    done(50): success=24 t_flicker=22 t_touched=2 t_no_reach=2
Ep 17400 | score   28.37 | avg100  125.99 | grasp100  50.0% | best 0.795 |     28 st/s
    done(50): success=26 t_flicker=18 t_touched=4 t_no_reach=2
Ep 17450 | score  206.61 | avg100  130.00 | grasp100  51.0% | best 0.795 |     28 st/s
    done(50): success=25 t_flicker=20 t_touched=4 t_no_reach=1
Ep 17500 | score  208.00 | avg100  134.17 | grasp100  52.0% | best 0.795 |     28 st/s
    done(50): success=27 t_flicker=17 t_touched=5 t_no_reach=1
Ep 17550 | score    8.40 | avg100  148.86 | grasp100  62.0% | best 0.795 |     28 st/s
    done(50): success=35 t_flicker=12 t_touched=3
Ep 17600 | score   -1.22 | avg100  157.15 | grasp100  68.0% | best 0.795 |     28 st/s
    done(50): success=33 t_flicker=16 t_no_reach=1
Ep 17650 | score  207.46 | avg100  159.60 | grasp100  69.0% | best 0.795 |     28 st/s
    done(50): success=36 t_flicker=8 t_touched=4 t_no_reach=2
Ep 17700 | score  205.56 | avg100  169.33 | grasp100  75.0% | best 0.795 |     28 st/s
    done(50): success=39 t_flicker=10 t_no_reach=1
Ep 17750 | score  214.52 | avg100  158.97 | grasp100  69.0% | best 0.795 |     28 st/s
    done(50): success=30 t_flicker=16 t_touched=2 t_no_reach=2
Ep 17800 | score  206.02 | avg100  145.30 | grasp100  60.0% | best 0.795 |     28 st/s
    done(50): success=30 t_flicker=16 t_touched=2 t_no_reach=2
Ep 17850 | score  206.40 | avg100  159.40 | grasp100  69.0% | best 0.795 |     28 st/s
    done(50): success=39 t_flicker=10 t_touched=1
Ep 17900 | score  204.56 | avg100  170.70 | grasp100  77.0% | best 0.795 |     28 st/s
    done(50): success=38 t_flicker=6 t_touched=3 t_no_reach=3
Ep 17950 | score  209.65 | avg100  166.18 | grasp100  74.0% | best 0.795 |     28 st/s
    done(50): success=36 t_flicker=11 t_touched=2 t_no_reach=1
Ep 18000 | score  210.81 | avg100  158.75 | grasp100  70.0% | best 0.795 |     28 st/s
    done(50): success=34 t_flicker=12 t_touched=3 t_no_reach=1
Ep 18050 | score  205.86 | avg100  167.35 | grasp100  75.0% | best 0.795 |     28 st/s
    done(50): success=41 t_flicker=7 t_touched=1 t_no_reach=1
Ep 18100 | score  206.92 | avg100  178.92 | grasp100  81.0% | best 0.795 |     28 st/s
    done(50): success=40 t_flicker=8 t_touched=1 t_no_reach=1
Ep 18150 | score  205.04 | avg100  167.15 | grasp100  74.0% | best 0.795 |     28 st/s
    done(50): success=34 t_flicker=12 t_touched=2 t_no_reach=2
Ep 18200 | score  208.32 | avg100  168.23 | grasp100  74.0% | best 0.795 |     28 st/s
    done(50): success=40 t_flicker=10
Ep 18250 | score  209.04 | avg100  174.97 | grasp100  79.0% | best 0.795 |     28 st/s
    done(50): success=39 t_flicker=7 t_touched=4
Ep 18300 | score  204.62 | avg100  172.16 | grasp100  78.0% | best 0.795 |     28 st/s
    done(50): success=39 t_flicker=10 t_no_reach=1
Ep 18350 | score  206.43 | avg100  164.72 | grasp100  73.0% | best 0.795 |     28 st/s
    done(50): success=34 t_flicker=14 t_touched=2
Ep 18400 | score  207.51 | avg100  161.47 | grasp100  70.0% | best 0.795 |     28 st/s
    done(50): success=36 t_flicker=13 t_touched=1
Ep 18450 | score  205.68 | avg100  170.69 | grasp100  76.0% | best 0.795 |     28 st/s
    done(50): success=40 t_flicker=6 t_touched=3 t_no_reach=1
Ep 18500 | score   61.85 | avg100  175.82 | grasp100  80.0% | best 0.795 |     28 st/s
    done(50): success=40 t_flicker=7 t_touched=3
Ep 18550 | score  206.71 | avg100  177.22 | grasp100  81.0% | best 0.795 |     28 st/s
    done(50): success=41 t_flicker=6 t_touched=2 t_no_reach=1
Ep 18600 | score   56.22 | avg100  167.16 | grasp100  75.0% | best 0.795 |     28 st/s
    done(50): success=34 t_flicker=12 t_touched=3 t_no_reach=1
Ep 18650 | score   81.38 | avg100  160.16 | grasp100  71.0% | best 0.795 |     28 st/s
    done(50): success=37 t_flicker=11 t_no_reach=2
  [primacy-bias reset of critic heads @ 300000 updates]
Ep 18700 | score  -27.96 | avg100  152.55 | grasp100  71.0% | best 0.795 |     28 st/s
    done(50): success=34 t_flicker=5 t_touched=1 t_no_reach=10
Ep 18750 | score  -26.30 | avg100   57.13 | grasp100  34.0% | best 0.795 |     28 st/s
    done(50): t_no_reach=50
Ep 18800 | score   11.41 | avg100   -9.25 | grasp100   3.0% | best 0.795 |     28 st/s
    done(50): success=3 t_flicker=10 t_touched=7 t_no_reach=30
Ep 18850 | score   53.40 | avg100   35.71 | grasp100  13.0% | best 0.795 |     28 st/s
    done(50): success=10 t_flicker=18 t_touched=11 t_no_reach=11
Ep 18900 | score  208.12 | avg100   80.96 | grasp100  28.0% | best 0.795 |     28 st/s
    done(50): success=18 t_flicker=20 t_touched=9 t_no_reach=3
Ep 18950 | score  207.29 | avg100  108.29 | grasp100  40.0% | best 0.795 |     28 st/s
    done(50): success=22 t_flicker=19 t_touched=6 t_no_reach=3
Ep 19000 | score  206.90 | avg100  124.24 | grasp100  49.0% | best 0.795 |     28 st/s
    done(50): success=27 t_flicker=17 t_touched=4 t_no_reach=2
Ep 19050 | score  207.74 | avg100  132.93 | grasp100  56.0% | best 0.795 |     28 st/s
    done(50): success=29 t_flicker=15 t_touched=5 t_no_reach=1
Ep 19100 | score   78.88 | avg100  141.17 | grasp100  59.0% | best 0.795 |     28 st/s
    done(50): success=30 t_flicker=16 t_touched=3 t_no_reach=1
Ep 19150 | score  205.68 | avg100  150.94 | grasp100  63.0% | best 0.795 |     28 st/s
    done(50): success=33 t_flicker=12 t_touched=4 t_no_reach=1
Ep 19200 | score  231.81 | avg100  155.35 | grasp100  65.0% | best 0.795 |     28 st/s
    done(50): success=32 t_flicker=15 t_touched=2 t_no_reach=1
Ep 19250 | score   54.93 | avg100  152.72 | grasp100  63.0% | best 0.795 |     28 st/s
    done(50): success=31 t_flicker=16 t_touched=2 t_no_reach=1
Ep 19300 | score  205.82 | avg100  150.98 | grasp100  64.0% | best 0.795 |     28 st/s
    done(50): success=33 t_flicker=12 t_touched=4 t_no_reach=1
Ep 19350 | score  205.76 | avg100  151.37 | grasp100  64.0% | best 0.795 |     28 st/s
    done(50): success=31 t_flicker=16 t_touched=2 t_no_reach=1
Ep 19400 | score  205.75 | avg100  159.17 | grasp100  69.0% | best 0.795 |     28 st/s
    done(50): success=38 t_flicker=7 t_touched=3 t_no_reach=2
Ep 19450 | score   -5.22 | avg100  169.51 | grasp100  77.0% | best 0.795 |     28 st/s
    done(50): success=39 t_flicker=7 t_touched=3 t_no_reach=1
Ep 19500 | score  206.35 | avg100  173.24 | grasp100  79.0% | best 0.795 |     28 st/s
    done(50): success=40 t_flicker=8 t_touched=2
Ep 19550 | score  207.23 | avg100  172.19 | grasp100  77.0% | best 0.795 |     28 st/s
    done(50): success=37 t_flicker=11 t_touched=1 t_no_reach=1
Ep 19600 | score  277.97 | avg100  166.32 | grasp100  73.0% | best 0.795 |     28 st/s
    done(50): success=36 t_flicker=11 t_touched=2 t_no_reach=1
Ep 19650 | score   14.88 | avg100  165.10 | grasp100  73.0% | best 0.795 |     28 st/s
    done(50): success=37 t_flicker=9 t_touched=2 t_no_reach=2
Ep 19700 | score  205.60 | avg100  167.75 | grasp100  75.0% | best 0.795 |     28 st/s
    done(50): success=38 t_flicker=9 t_touched=3
Ep 19750 | score  117.94 | avg100  158.93 | grasp100  68.0% | best 0.795 |     28 st/s
    done(50): success=30 t_flicker=18 t_touched=1 t_no_reach=1
Ep 19800 | score  205.70 | avg100  156.43 | grasp100  67.0% | best 0.795 |     28 st/s
    done(50): success=37 t_flicker=8 t_touched=4 t_no_reach=1
Ep 19850 | score  207.59 | avg100  166.70 | grasp100  76.0% | best 0.795 |     28 st/s
    done(50): success=39 t_flicker=9 t_touched=2
Ep 19900 | score  204.17 | avg100  163.72 | grasp100  75.0% | best 0.795 |     28 st/s
    done(50): success=36 t_flicker=11 t_touched=1 t_no_reach=2
Ep 19950 | score  207.07 | avg100  157.69 | grasp100  70.0% | best 0.795 |     28 st/s
    done(50): success=34 t_flicker=14 t_touched=1 t_no_reach=1
Ep 20000 | score  202.04 | avg100  161.44 | grasp100  71.0% | best 0.795 |     28 st/s
    done(50): success=37 t_flicker=10 t_touched=2 t_no_reach=1
Ep 20050 | score  201.94 | avg100  162.75 | grasp100  73.0% | best 0.795 |     28 st/s
    done(50): success=36 t_flicker=10 t_touched=2 t_no_reach=2
Ep 20100 | score    7.58 | avg100  160.39 | grasp100  72.0% | best 0.795 |     28 st/s
    done(50): success=36 t_flicker=13 t_touched=1
Ep 20150 | score  204.75 | avg100  166.35 | grasp100  74.0% | best 0.795 |     28 st/s
    done(50): success=38 t_flicker=11 t_no_reach=1
Ep 20200 | score  205.26 | avg100  168.17 | grasp100  75.0% | best 0.795 |     28 st/s
    done(50): success=37 t_flicker=10 t_touched=1 t_no_reach=2
Ep 20250 | score  205.51 | avg100  172.89 | grasp100  79.0% | best 0.795 |     28 st/s
    done(50): success=42 t_flicker=4 t_touched=3 t_no_reach=1
  [primacy-bias reset of critic heads @ 325000 updates]
Ep 20300 | score   34.33 | avg100  162.95 | grasp100  73.0% | best 0.795 |     28 st/s
    done(50): success=31 t_flicker=16 t_touched=3
Ep 20350 | score  -26.54 | avg100   65.41 | grasp100  32.0% | best 0.795 |     28 st/s
    done(50): success=1 t_flicker=3 t_touched=3 t_no_reach=43
Ep 20400 | score   35.90 | avg100   -4.75 | grasp100   1.0% | best 0.795 |     28 st/s
    done(50): t_flicker=13 t_touched=14 t_no_reach=23
Ep 20450 | score  207.66 | avg100   40.11 | grasp100  14.0% | best 0.795 |     28 st/s
    done(50): success=14 t_flicker=20 t_touched=7 t_no_reach=9
Ep 20500 | score   54.89 | avg100   88.61 | grasp100  34.0% | best 0.795 |     28 st/s
    done(50): success=20 t_flicker=19 t_touched=6 t_no_reach=5
Ep 20550 | score  205.17 | avg100  104.68 | grasp100  41.0% | best 0.795 |     28 st/s
    done(50): success=21 t_flicker=17 t_touched=6 t_no_reach=6
Ep 20600 | score  206.22 | avg100  113.79 | grasp100  45.0% | best 0.795 |     28 st/s
    done(50): success=24 t_flicker=16 t_touched=9 t_no_reach=1
Ep 20650 | score  205.70 | avg100  135.10 | grasp100  56.0% | best 0.795 |     28 st/s
    done(50): success=32 t_flicker=13 t_touched=5
Ep 20700 | score  239.22 | avg100  145.59 | grasp100  62.0% | best 0.795 |     28 st/s
    done(50): success=30 t_flicker=14 t_touched=4 t_no_reach=2
Ep 20750 | score  101.70 | avg100  150.31 | grasp100  64.0% | best 0.795 |     28 st/s
    done(50): success=34 t_flicker=13 t_touched=2 t_no_reach=1
Ep 20800 | score  208.30 | avg100  158.03 | grasp100  68.0% | best 0.795 |     28 st/s
    done(50): success=34 t_flicker=11 t_touched=3 t_no_reach=2
Ep 20850 | score   23.15 | avg100  153.06 | grasp100  67.0% | best 0.795 |     28 st/s
    done(50): success=33 t_flicker=9 t_touched=5 t_no_reach=3
Ep 20900 | score  205.25 | avg100  154.24 | grasp100  66.0% | best 0.795 |     28 st/s
    done(50): success=33 t_flicker=17
Ep 20950 | score   74.88 | avg100  156.91 | grasp100  65.0% | best 0.795 |     28 st/s
    done(50): success=32 t_flicker=15 t_touched=2 t_no_reach=1
Ep 21000 | score   76.62 | avg100  160.85 | grasp100  68.0% | best 0.795 |     28 st/s
    done(50): success=36 t_flicker=13 t_touched=1
Ep 21050 | score  205.23 | avg100  164.94 | grasp100  71.0% | best 0.795 |     28 st/s
    done(50): success=35 t_flicker=12 t_touched=2 t_no_reach=1
Ep 21100 | score  208.58 | avg100  161.98 | grasp100  70.0% | best 0.795 |     28 st/s
    done(50): success=35 t_flicker=10 t_touched=2 t_no_reach=3
Ep 21150 | score   47.01 | avg100  154.07 | grasp100  66.0% | best 0.795 |     28 st/s
    done(50): success=31 t_flicker=14 t_touched=4 t_no_reach=1
Ep 21200 | score  205.50 | avg100  163.06 | grasp100  72.0% | best 0.795 |     28 st/s
    done(50): success=41 t_flicker=8 t_touched=1
Ep 21250 | score  208.54 | avg100  176.51 | grasp100  81.0% | best 0.795 |     28 st/s
    done(50): success=40 t_flicker=7 t_touched=3
Ep 21300 | score   79.80 | avg100  161.85 | grasp100  72.0% | best 0.795 |     28 st/s
    done(50): success=32 t_flicker=16 t_touched=2
Ep 21350 | score  237.85 | avg100  150.52 | grasp100  65.0% | best 0.795 |     28 st/s
    done(50): success=33 t_flicker=13 t_touched=3 t_no_reach=1
Ep 21400 | score  206.40 | avg100  157.10 | grasp100  69.0% | best 0.795 |     28 st/s
    done(50): success=36 t_flicker=12 t_touched=2
Ep 21450 | score  189.70 | avg100  166.83 | grasp100  75.0% | best 0.795 |     28 st/s
    done(50): success=39 t_flicker=9 t_no_reach=2
Ep 21500 | score  200.02 | avg100  170.52 | grasp100  77.0% | best 0.795 |     28 st/s
    done(50): success=38 t_flicker=9 t_no_reach=3
Ep 21550 | score   81.40 | avg100  165.38 | grasp100  73.0% | best 0.795 |     28 st/s
    done(50): success=35 t_flicker=13 t_no_reach=2
Ep 21600 | score   73.71 | avg100  165.97 | grasp100  72.0% | best 0.795 |     28 st/s
    done(50): success=37 t_flicker=13
Ep 21650 | score  207.72 | avg100  180.23 | grasp100  80.0% | best 0.795 |     28 st/s
    done(50): success=43 t_flicker=6 t_no_reach=1
Ep 21700 | score  202.08 | avg100  186.51 | grasp100  86.0% | best 0.795 |     28 st/s
    done(50): success=43 t_flicker=5 t_touched=1 t_no_reach=1
Ep 21714 | * BEST  level200=2.00 grasp200= 81.0% metric=0.810 | score  205.68
Ep 21749 | * BEST  level200=2.00 grasp200= 82.5% metric=0.825 | score  204.11
Ep 21750 | score  206.05 | avg100  185.25 | grasp100  86.0% | best 0.825 |     28 st/s
    done(50): success=43 t_flicker=7
Ep 21765 | * BEST  level200=2.00 grasp200= 84.0% metric=0.840 | score  207.16
Ep 21800 | score   21.62 | avg100  178.17 | grasp100  81.0% | best 0.840 |     28 st/s
    done(50): success=38 t_flicker=9 t_touched=2 t_no_reach=1
Ep 21850 | score  205.86 | avg100  177.02 | grasp100  81.0% | best 0.840 |     28 st/s
    done(50): success=43 t_flicker=4 t_touched=2 t_no_reach=1
Ep 21900 | score  206.70 | avg100  179.23 | grasp100  83.0% | best 0.840 |     28 st/s
    done(50): success=40 t_flicker=8 t_no_reach=2
  [primacy-bias reset of critic heads @ 350000 updates]
Ep 21950 | score  -27.99 | avg100  136.99 | grasp100  64.0% | best 0.840 |     28 st/s
    done(50): success=24 t_flicker=7 t_touched=1 t_no_reach=18
Ep 22000 | score   13.82 | avg100   37.38 | grasp100  24.0% | best 0.840 |     28 st/s
    done(50): t_flicker=1 t_touched=1 t_no_reach=48
Ep 22050 | score  206.31 | avg100    6.95 | grasp100  10.0% | best 0.840 |     28 st/s
    done(50): success=10 t_flicker=8 t_touched=3 t_no_reach=29
Ep 22100 | score   -8.53 | avg100   60.16 | grasp100  26.0% | best 0.840 |     28 st/s
    done(50): success=16 t_flicker=16 t_touched=7 t_no_reach=11
Ep 22150 | score  206.66 | avg100   93.04 | grasp100  37.0% | best 0.840 |     28 st/s
    done(50): success=21 t_flicker=18 t_touched=6 t_no_reach=5
Ep 22200 | score  207.84 | avg100  107.37 | grasp100  42.0% | best 0.840 |     28 st/s
    done(50): success=21 t_flicker=18 t_touched=6 t_no_reach=5
Ep 22250 | score    9.44 | avg100  127.82 | grasp100  52.0% | best 0.840 |     28 st/s
    done(50): success=31 t_flicker=12 t_touched=5 t_no_reach=2
Ep 22300 | score  237.30 | avg100  136.86 | grasp100  57.0% | best 0.840 |     28 st/s
    done(50): success=26 t_flicker=18 t_touched=5 t_no_reach=1
Ep 22350 | score  208.02 | avg100  134.53 | grasp100  55.0% | best 0.840 |     28 st/s
    done(50): success=29 t_flicker=18 t_touched=1 t_no_reach=2
Ep 22400 | score  206.30 | avg100  149.10 | grasp100  64.0% | best 0.840 |     28 st/s
    done(50): success=35 t_flicker=11 t_touched=3 t_no_reach=1
Ep 22450 | score  251.02 | avg100  170.91 | grasp100  76.0% | best 0.840 |     28 st/s
    done(50): success=41 t_flicker=8 t_touched=1
Ep 22500 | score  207.37 | avg100  173.51 | grasp100  77.0% | best 0.840 |     28 st/s
    done(50): success=36 t_flicker=9 t_touched=3 t_no_reach=2
Ep 22550 | score  208.91 | avg100  155.52 | grasp100  68.0% | best 0.840 |     28 st/s
    done(50): success=32 t_flicker=12 t_touched=3 t_no_reach=3
Ep 22600 | score  207.68 | avg100  156.07 | grasp100  68.0% | best 0.840 |     28 st/s
    done(50): success=36 t_flicker=10 t_touched=4
Ep 22650 | score  205.21 | avg100  176.42 | grasp100  80.0% | best 0.840 |     28 st/s
    done(50): success=44 t_flicker=4 t_touched=2
Ep 22700 | score  221.48 | avg100  186.33 | grasp100  86.0% | best 0.840 |     28 st/s
    done(50): success=42 t_flicker=7 t_no_reach=1
Ep 22750 | score  207.66 | avg100  181.46 | grasp100  83.0% | best 0.840 |     28 st/s
    done(50): success=41 t_flicker=8 t_no_reach=1
Ep 22800 | score  207.73 | avg100  173.46 | grasp100  78.0% | best 0.840 |     28 st/s
    done(50): success=37 t_flicker=12 t_touched=1
Ep 22850 | score  204.62 | avg100  178.13 | grasp100  81.0% | best 0.840 |     28 st/s
    done(50): success=44 t_flicker=5 t_no_reach=1
Ep 22900 | score  207.18 | avg100  179.76 | grasp100  82.0% | best 0.840 |     28 st/s
    done(50): success=38 t_flicker=11 t_no_reach=1
Ep 22950 | score   58.27 | avg100  168.33 | grasp100  75.0% | best 0.840 |     28 st/s
    done(50): success=37 t_flicker=11 t_touched=2
Ep 23000 | score  206.80 | avg100  172.89 | grasp100  78.0% | best 0.840 |     28 st/s
    done(50): success=41 t_flicker=8 t_no_reach=1
Ep 23050 | score  205.47 | avg100  171.94 | grasp100  79.0% | best 0.840 |     28 st/s
    done(50): success=38 t_flicker=6 t_touched=4 t_no_reach=2
Ep 23100 | score  207.47 | avg100  169.33 | grasp100  77.0% | best 0.840 |     28 st/s
    done(50): success=39 t_flicker=8 t_touched=1 t_no_reach=2
Ep 23150 | score  205.10 | avg100  172.49 | grasp100  78.0% | best 0.840 |     28 st/s
    done(50): success=39 t_flicker=8 t_touched=3
Ep 23200 | score  206.75 | avg100  166.22 | grasp100  74.0% | best 0.840 |     28 st/s
    done(50): success=35 t_flicker=14 t_touched=1
Ep 23250 | score  205.20 | avg100  174.63 | grasp100  79.0% | best 0.840 |     28 st/s
    done(50): success=44 t_flicker=5 t_no_reach=1
Ep 23300 | score   19.73 | avg100  176.58 | grasp100  82.0% | best 0.840 |     28 st/s
    done(50): success=38 t_flicker=7 t_touched=4 t_no_reach=1
Ep 23350 | score  206.09 | avg100  167.53 | grasp100  76.0% | best 0.840 |     28 st/s
    done(50): success=38 t_flicker=11 t_touched=1
Ep 23400 | score  206.82 | avg100  167.31 | grasp100  75.0% | best 0.840 |     28 st/s
    done(50): success=37 t_flicker=9 t_touched=4
Ep 23450 | score  206.74 | avg100  166.12 | grasp100  74.0% | best 0.840 |     28 st/s
    done(50): success=37 t_flicker=9 t_touched=3 t_no_reach=1
Ep 23500 | score  204.98 | avg100  173.82 | grasp100  78.0% | best 0.840 |     28 st/s
    done(50): success=41 t_flicker=9
Ep 23550 | score  205.09 | avg100  172.97 | grasp100  78.0% | best 0.840 |     28 st/s
    done(50): success=37 t_flicker=9 t_touched=2 t_no_reach=2
Ep 23600 | score  205.82 | avg100  165.34 | grasp100  75.0% | best 0.840 |     28 st/s
    done(50): success=38 t_flicker=10 t_touched=1 t_no_reach=1
  [primacy-bias reset of critic heads @ 375000 updates]
Ep 23650 | score  -27.51 | avg100   90.12 | grasp100  45.0% | best 0.840 |     28 st/s
    done(50): success=7 t_flicker=3 t_touched=2 t_no_reach=38
Ep 23700 | score  -24.56 | avg100    0.98 | grasp100   7.0% | best 0.840 |     28 st/s
    done(50): t_flicker=7 t_touched=3 t_no_reach=40
Ep 23750 | score   -4.07 | avg100   14.22 | grasp100   6.0% | best 0.840 |     28 st/s
    done(50): success=6 t_flicker=18 t_touched=7 t_no_reach=19
Ep 23800 | score  204.87 | avg100   62.35 | grasp100  21.0% | best 0.840 |     28 st/s
    done(50): success=15 t_flicker=20 t_touched=12 t_no_reach=3
Ep 23850 | score  206.48 | avg100  100.13 | grasp100  39.0% | best 0.840 |     28 st/s
    done(50): success=24 t_flicker=13 t_touched=7 t_no_reach=6
Ep 23900 | score   94.82 | avg100  122.68 | grasp100  49.0% | best 0.840 |     28 st/s
    done(50): success=25 t_flicker=14 t_touched=9 t_no_reach=2
Ep 23950 | score   36.57 | avg100  132.45 | grasp100  54.0% | best 0.840 |     28 st/s
    done(50): success=29 t_flicker=15 t_touched=5 t_no_reach=1
Ep 24000 | score   52.58 | avg100  134.20 | grasp100  54.0% | best 0.840 |     28 st/s
    done(50): success=25 t_flicker=22 t_touched=2 t_no_reach=1
Ep 24050 | score  206.01 | avg100  141.28 | grasp100  56.0% | best 0.840 |     28 st/s
    done(50): success=31 t_flicker=16 t_touched=1 t_no_reach=2
Ep 24100 | score  208.81 | avg100  142.46 | grasp100  60.0% | best 0.840 |     28 st/s
    done(50): success=29 t_flicker=15 t_touched=2 t_no_reach=4
Ep 24150 | score   61.15 | avg100  148.75 | grasp100  65.0% | best 0.840 |     28 st/s
    done(50): success=36 t_flicker=11 t_touched=1 t_no_reach=2
Ep 24200 | score  206.39 | avg100  174.45 | grasp100  79.0% | best 0.840 |     28 st/s
    done(50): success=43 t_flicker=6 t_no_reach=1
Ep 24250 | score   16.74 | avg100  171.90 | grasp100  76.0% | best 0.840 |     28 st/s
    done(50): success=33 t_flicker=15 t_touched=1 t_no_reach=1
Ep 24300 | score  211.17 | avg100  160.22 | grasp100  69.0% | best 0.840 |     28 st/s
    done(50): success=36 t_flicker=11 t_touched=2 t_no_reach=1
Ep 24350 | score  214.35 | avg100  163.66 | grasp100  72.0% | best 0.840 |     28 st/s
    done(50): success=36 t_flicker=11 t_touched=3
Ep 24400 | score  207.68 | avg100  166.01 | grasp100  73.0% | best 0.840 |     28 st/s
    done(50): success=37 t_flicker=10 t_touched=3
Ep 24450 | score   63.42 | avg100  168.45 | grasp100  74.0% | best 0.840 |     28 st/s
    done(50): success=37 t_flicker=11 t_touched=1 t_no_reach=1
Ep 24500 | score   93.89 | avg100  175.40 | grasp100  79.0% | best 0.840 |     28 st/s
    done(50): success=42 t_flicker=7 t_no_reach=1
Ep 24550 | score   16.27 | avg100  173.42 | grasp100  79.0% | best 0.840 |     28 st/s
    done(50): success=37 t_flicker=12 t_no_reach=1
Ep 24600 | score  202.86 | avg100  169.04 | grasp100  75.0% | best 0.840 |     28 st/s
    done(50): success=38 t_flicker=10 t_touched=2
Ep 24650 | score  206.03 | avg100  171.21 | grasp100  76.0% | best 0.840 |     28 st/s
    done(50): success=38 t_flicker=10 t_touched=1 t_no_reach=1
Ep 24700 | score   43.50 | avg100  164.69 | grasp100  72.0% | best 0.840 |     28 st/s
    done(50): success=34 t_flicker=15 t_no_reach=1
Ep 24750 | score  203.79 | avg100  171.47 | grasp100  76.0% | best 0.840 |     28 st/s
    done(50): success=42 t_flicker=7 t_touched=1
Ep 24800 | score  204.86 | avg100  181.85 | grasp100  83.0% | best 0.840 |     28 st/s
    done(50): success=41 t_flicker=9
Ep 24850 | score  205.87 | avg100  183.16 | grasp100  85.0% | best 0.840 |     28 st/s
    done(50): success=44 t_flicker=3 t_touched=1 t_no_reach=2
Ep 24900 | score  207.26 | avg100  177.69 | grasp100  81.0% | best 0.840 |     28 st/s
    done(50): success=37 t_flicker=13
Ep 24950 | score  207.16 | avg100  178.29 | grasp100  81.0% | best 0.840 |     28 st/s
    done(50): success=44 t_flicker=3 t_no_reach=3
Ep 25000 | score  207.28 | avg100  171.78 | grasp100  78.0% | best 0.840 |     28 st/s
    done(50): success=34 t_flicker=14 t_touched=2
Ep 25050 | score  207.31 | avg100  164.83 | grasp100  72.0% | best 0.840 |     28 st/s
    done(50): success=38 t_flicker=11 t_touched=1
Ep 25100 | score  208.12 | avg100  177.74 | grasp100  79.0% | best 0.840 |     28 st/s
    done(50): success=41 t_flicker=8 t_touched=1
Ep 25150 | score   23.08 | avg100  176.20 | grasp100  79.0% | best 0.840 |     28 st/s
    done(50): success=38 t_flicker=8 t_touched=3 t_no_reach=1
Ep 25200 | score  204.17 | avg100  175.51 | grasp100  79.0% | best 0.840 |     28 st/s
    done(50): success=41 t_flicker=7 t_touched=2
Ep 25250 | score  206.00 | avg100  169.64 | grasp100  77.0% | best 0.840 |     28 st/s
    done(50): success=36 t_flicker=11 t_touched=3
  [primacy-bias reset of critic heads @ 400000 updates]
Ep 25300 | score  -27.78 | avg100  107.04 | grasp100  51.0% | best 0.840 |     28 st/s
    done(50): success=15 t_flicker=7 t_touched=3 t_no_reach=25
Ep 25350 | score  -22.64 | avg100   20.06 | grasp100  15.0% | best 0.840 |     28 st/s
    done(50): t_flicker=5 t_touched=4 t_no_reach=41
Ep 25400 | score   -9.29 | avg100   12.97 | grasp100   6.0% | best 0.840 |     28 st/s
    done(50): success=6 t_flicker=18 t_touched=14 t_no_reach=12
Ep 25450 | score   43.73 | avg100   53.07 | grasp100  16.0% | best 0.840 |     28 st/s
    done(50): success=10 t_flicker=19 t_touched=16 t_no_reach=5
Ep 25500 | score   29.47 | avg100   87.42 | grasp100  30.0% | best 0.840 |     28 st/s
    done(50): success=20 t_flicker=24 t_touched=5 t_no_reach=1
Ep 25550 | score  206.18 | avg100  126.35 | grasp100  51.0% | best 0.840 |     28 st/s
    done(50): success=31 t_flicker=14 t_touched=5
Ep 25600 | score   29.74 | avg100  147.54 | grasp100  62.0% | best 0.840 |     28 st/s
    done(50): success=31 t_flicker=16 t_touched=2 t_no_reach=1
Ep 25650 | score  250.73 | avg100  142.48 | grasp100  56.0% | best 0.840 |     28 st/s
    done(50): success=25 t_flicker=22 t_touched=3
Ep 25700 | score  208.98 | avg100  150.72 | grasp100  62.0% | best 0.840 |     28 st/s
    done(50): success=37 t_flicker=11 t_touched=1 t_no_reach=1
Ep 25750 | score   -1.22 | avg100  167.93 | grasp100  75.0% | best 0.840 |     28 st/s
    done(50): success=38 t_flicker=7 t_touched=4 t_no_reach=1
Ep 25800 | score   57.18 | avg100  164.38 | grasp100  72.0% | best 0.840 |     28 st/s
    done(50): success=34 t_flicker=12 t_touched=4
Ep 25850 | score  206.75 | avg100  162.16 | grasp100  69.0% | best 0.840 |     28 st/s
    done(50): success=35 t_flicker=14 t_touched=1
Ep 25900 | score   67.96 | avg100  150.55 | grasp100  63.0% | best 0.840 |     28 st/s
    done(50): success=28 t_flicker=18 t_touched=3 t_no_reach=1
Ep 25950 | score  205.01 | avg100  151.64 | grasp100  65.0% | best 0.840 |     28 st/s
    done(50): success=37 t_flicker=8 t_touched=4 t_no_reach=1
Ep 26000 | score  203.65 | avg100  167.20 | grasp100  75.0% | best 0.840 |     28 st/s
    done(50): success=38 t_flicker=8 t_touched=3 t_no_reach=1
Ep 26050 | score  207.87 | avg100  172.61 | grasp100  77.0% | best 0.840 |     28 st/s
    done(50): success=39 t_flicker=10 t_touched=1
Ep 26100 | score   89.48 | avg100  176.16 | grasp100  79.0% | best 0.840 |     28 st/s
    done(50): success=40 t_flicker=9 t_touched=1
Ep 26150 | score  205.14 | avg100  171.32 | grasp100  77.0% | best 0.840 |     28 st/s
    done(50): success=37 t_flicker=10 t_touched=2 t_no_reach=1
Ep 26200 | score  207.90 | avg100  167.83 | grasp100  74.0% | best 0.840 |     28 st/s
    done(50): success=37 t_flicker=11 t_touched=1 t_no_reach=1
Ep 26250 | score  207.35 | avg100  177.94 | grasp100  80.0% | best 0.840 |     28 st/s
    done(50): success=43 t_flicker=6 t_touched=1
Ep 26300 | score  209.91 | avg100  180.11 | grasp100  83.0% | best 0.840 |     28 st/s
    done(50): success=40 t_flicker=6 t_touched=2 t_no_reach=2
Ep 26350 | score   82.83 | avg100  179.83 | grasp100  82.0% | best 0.840 |     28 st/s
    done(50): success=42 t_flicker=8
Ep 26397 | * BEST  level200=2.00 grasp200= 85.5% metric=0.855 | score  203.63
Ep 26400 | score  207.33 | avg100  188.95 | grasp100  87.0% | best 0.855 |     28 st/s
    done(50): success=45 t_flicker=4 t_no_reach=1
Ep 26450 | score   32.02 | avg100  179.69 | grasp100  83.0% | best 0.855 |     28 st/s
    done(50): success=38 t_flicker=7 t_touched=3 t_no_reach=2
Ep 26500 | score  204.72 | avg100  177.11 | grasp100  81.0% | best 0.855 |     28 st/s
    done(50): success=43 t_flicker=6 t_no_reach=1
Ep 26550 | score  206.15 | avg100  183.22 | grasp100  85.0% | best 0.855 |     28 st/s
    done(50): success=42 t_flicker=5 t_touched=1 t_no_reach=2
Ep 26600 | score  204.23 | avg100  172.80 | grasp100  79.0% | best 0.855 |     28 st/s
    done(50): success=37 t_flicker=10 t_touched=2 t_no_reach=1
Ep 26650 | score  208.85 | avg100  173.12 | grasp100  79.0% | best 0.855 |     28 st/s
    done(50): success=42 t_flicker=7 t_touched=1
Ep 26700 | score  206.44 | avg100  179.89 | grasp100  83.0% | best 0.855 |     28 st/s
    done(50): success=41 t_flicker=8 t_no_reach=1
Ep 26750 | score  199.49 | avg100  174.24 | grasp100  79.0% | best 0.855 |     28 st/s
    done(50): success=38 t_flicker=9 t_no_reach=3
Ep 26800 | score  205.41 | avg100  176.66 | grasp100  81.0% | best 0.855 |     28 st/s
    done(50): success=43 t_flicker=6 t_touched=1
Ep 26850 | score  201.81 | avg100  183.50 | grasp100  84.0% | best 0.855 |     28 st/s
    done(50): success=41 t_flicker=9
Ep 26900 | score  206.42 | avg100  182.17 | grasp100  83.0% | best 0.855 |     28 st/s
    done(50): success=42 t_flicker=8
Ep 26950 | score  205.33 | avg100  169.21 | grasp100  76.0% | best 0.855 |     28 st/s
    done(50): success=34 t_flicker=14 t_touched=1 t_no_reach=1
  [primacy-bias reset of critic heads @ 425000 updates]
Ep 27000 | score  -24.31 | avg100  122.61 | grasp100  55.0% | best 0.855 |     28 st/s
    done(50): success=21 t_flicker=7 t_touched=2 t_no_reach=20
Ep 27050 | score  -27.27 | avg100   31.39 | grasp100  21.0% | best 0.855 |     28 st/s
    done(50): t_touched=1 t_no_reach=49
Ep 27100 | score  184.76 | avg100   -5.57 | grasp100   6.0% | best 0.855 |     28 st/s
    done(50): success=6 t_flicker=2 t_touched=14 t_no_reach=28
Ep 27150 | score  206.91 | avg100   42.10 | grasp100  18.0% | best 0.855 |     28 st/s
    done(50): success=12 t_flicker=18 t_touched=10 t_no_reach=10
Ep 27200 | score  206.28 | avg100   87.58 | grasp100  32.0% | best 0.855 |     28 st/s
    done(50): success=20 t_flicker=20 t_touched=3 t_no_reach=7
Ep 27250 | score   27.10 | avg100  116.22 | grasp100  46.0% | best 0.855 |     28 st/s
    done(50): success=26 t_flicker=18 t_touched=6
Ep 27300 | score   14.06 | avg100  130.61 | grasp100  54.0% | best 0.855 |     28 st/s
    done(50): success=28 t_flicker=16 t_touched=4 t_no_reach=2
Ep 27350 | score  208.97 | avg100  143.00 | grasp100  61.0% | best 0.855 |     28 st/s
    done(50): success=33 t_flicker=14 t_touched=3
Ep 27400 | score  205.69 | avg100  154.30 | grasp100  66.0% | best 0.855 |     28 st/s
    done(50): success=33 t_flicker=15 t_touched=2
Ep 27450 | score  207.11 | avg100  156.43 | grasp100  67.0% | best 0.855 |     28 st/s
    done(50): success=34 t_flicker=13 t_touched=1 t_no_reach=2
Ep 27500 | score   81.01 | avg100  152.82 | grasp100  66.0% | best 0.855 |     28 st/s
    done(50): success=32 t_flicker=14 t_touched=4
Ep 27550 | score  205.15 | avg100  155.31 | grasp100  67.0% | best 0.855 |     28 st/s
    done(50): success=35 t_flicker=11 t_touched=3 t_no_reach=1
Ep 27600 | score  205.02 | avg100  162.62 | grasp100  71.0% | best 0.855 |     28 st/s
    done(50): success=36 t_flicker=11 t_touched=3
Ep 27650 | score  208.45 | avg100  167.72 | grasp100  74.0% | best 0.855 |     28 st/s
    done(50): success=38 t_flicker=12
Ep 27700 | score  216.80 | avg100  173.85 | grasp100  77.0% | best 0.855 |     28 st/s
    done(50): success=39 t_flicker=10 t_touched=1
Ep 27750 | score  203.71 | avg100  172.25 | grasp100  76.0% | best 0.855 |     28 st/s
    done(50): success=37 t_flicker=10 t_touched=2 t_no_reach=1
Ep 27800 | score  203.51 | avg100  165.06 | grasp100  74.0% | best 0.855 |     28 st/s
    done(50): success=37 t_flicker=10 t_touched=2 t_no_reach=1
Ep 27850 | score  -14.07 | avg100  166.98 | grasp100  76.0% | best 0.855 |     28 st/s
    done(50): success=39 t_flicker=8 t_touched=1 t_no_reach=2
Ep 27900 | score  207.40 | avg100  163.96 | grasp100  73.0% | best 0.855 |     28 st/s
    done(50): success=34 t_flicker=10 t_touched=4 t_no_reach=2
Ep 27950 | score  208.56 | avg100  165.53 | grasp100  74.0% | best 0.855 |     28 st/s
    done(50): success=40 t_flicker=7 t_touched=1 t_no_reach=2
Ep 28000 | score  205.09 | avg100  176.15 | grasp100  80.0% | best 0.855 |     28 st/s
    done(50): success=40 t_flicker=10
Ep 28050 | score  211.87 | avg100  180.25 | grasp100  82.0% | best 0.855 |     28 st/s
    done(50): success=42 t_flicker=8
Ep 28100 | score  205.71 | avg100  178.81 | grasp100  82.0% | best 0.855 |     28 st/s
    done(50): success=40 t_flicker=8 t_touched=1 t_no_reach=1
Ep 28150 | score  206.77 | avg100  170.85 | grasp100  79.0% | best 0.855 |     28 st/s
    done(50): success=39 t_flicker=5 t_touched=2 t_no_reach=4
Ep 28200 | score    8.24 | avg100  161.94 | grasp100  74.0% | best 0.855 |     28 st/s
    done(50): success=35 t_flicker=11 t_touched=2 t_no_reach=2
Ep 28250 | score  205.66 | avg100  164.10 | grasp100  74.0% | best 0.855 |     28 st/s
    done(50): success=39 t_flicker=8 t_touched=2 t_no_reach=1
Ep 28300 | score  204.57 | avg100  173.55 | grasp100  79.0% | best 0.855 |     28 st/s
    done(50): success=40 t_flicker=9 t_no_reach=1
Ep 28350 | score   61.79 | avg100  174.47 | grasp100  77.0% | best 0.855 |     28 st/s
    done(50): success=37 t_flicker=13
Ep 28400 | score  207.65 | avg100  177.81 | grasp100  79.0% | best 0.855 |     28 st/s
    done(50): success=42 t_flicker=8
Ep 28450 | score  204.94 | avg100  186.45 | grasp100  86.0% | best 0.855 |     28 st/s
    done(50): success=44 t_flicker=5 t_touched=1
Ep 28500 | score  204.83 | avg100  178.25 | grasp100  82.0% | best 0.855 |     28 st/s
    done(50): success=38 t_flicker=8 t_touched=1 t_no_reach=3
Ep 28550 | score  206.88 | avg100  167.90 | grasp100  76.0% | best 0.855 |     28 st/s
    done(50): success=38 t_flicker=10 t_touched=2
Ep 28600 | score  246.36 | avg100  177.40 | grasp100  80.0% | best 0.855 |     28 st/s
    done(50): success=42 t_flicker=8
Ep 28650 | score  207.39 | avg100  177.51 | grasp100  81.0% | best 0.855 |     28 st/s
    done(50): success=39 t_flicker=8 t_touched=2 t_no_reach=1
  [primacy-bias reset of critic heads @ 450000 updates]
Ep 28700 | score   79.29 | avg100  168.55 | grasp100  75.0% | best 0.855 |     28 st/s
    done(50): success=36 t_flicker=11 t_touched=2 t_no_reach=1
Ep 28750 | score  -27.13 | avg100   77.91 | grasp100  38.0% | best 0.855 |     28 st/s
    done(50): success=2 t_flicker=5 t_touched=1 t_no_reach=42
Ep 28800 | score  -16.50 | avg100   -8.16 | grasp100   3.0% | best 0.855 |     28 st/s
    done(50): success=1 t_flicker=6 t_touched=9 t_no_reach=34
Ep 28850 | score  205.93 | avg100   37.70 | grasp100  18.0% | best 0.855 |     28 st/s
    done(50): success=17 t_flicker=16 t_touched=12 t_no_reach=5
Ep 28900 | score   38.16 | avg100   84.54 | grasp100  34.0% | best 0.855 |     28 st/s
    done(50): success=17 t_flicker=20 t_touched=8 t_no_reach=5
Ep 28950 | score   14.87 | avg100  106.63 | grasp100  43.0% | best 0.855 |     28 st/s
    done(50): success=26 t_flicker=16 t_touched=5 t_no_reach=3
Ep 29000 | score  208.55 | avg100  145.82 | grasp100  63.0% | best 0.855 |     28 st/s
    done(50): success=37 t_flicker=12 t_touched=1
Ep 29050 | score  207.48 | avg100  154.67 | grasp100  67.0% | best 0.855 |     28 st/s
    done(50): success=30 t_flicker=15 t_touched=4 t_no_reach=1
Ep 29100 | score  206.37 | avg100  145.26 | grasp100  62.0% | best 0.855 |     28 st/s
    done(50): success=32 t_flicker=14 t_touched=3 t_no_reach=1
Ep 29150 | score   95.89 | avg100  149.00 | grasp100  62.0% | best 0.855 |     28 st/s
    done(50): success=30 t_flicker=19 t_no_reach=1
Ep 29200 | score  208.51 | avg100  153.40 | grasp100  65.0% | best 0.855 |     28 st/s
    done(50): success=35 t_flicker=11 t_touched=3 t_no_reach=1
Ep 29250 | score   89.51 | avg100  161.66 | grasp100  72.0% | best 0.855 |     28 st/s
    done(50): success=37 t_flicker=9 t_touched=4
Ep 29300 | score  206.18 | avg100  168.17 | grasp100  75.0% | best 0.855 |     28 st/s
    done(50): success=38 t_flicker=11 t_touched=1
Ep 29350 | score  204.70 | avg100  173.56 | grasp100  78.0% | best 0.855 |     28 st/s
    done(50): success=40 t_flicker=8 t_touched=1 t_no_reach=1
Ep 29400 | score  205.59 | avg100  178.42 | grasp100  81.0% | best 0.855 |     28 st/s
    done(50): success=41 t_flicker=8 t_touched=1
Ep 29450 | score  208.38 | avg100  175.48 | grasp100  80.0% | best 0.855 |     28 st/s
    done(50): success=39 t_flicker=8 t_touched=1 t_no_reach=2
Ep 29500 | score  208.78 | avg100  174.12 | grasp100  79.0% | best 0.855 |     28 st/s
    done(50): success=40 t_flicker=9 t_touched=1
Ep 29550 | score  208.56 | avg100  168.55 | grasp100  74.0% | best 0.855 |     28 st/s
    done(50): success=34 t_flicker=14 t_touched=2
Ep 29600 | score  204.48 | avg100  163.95 | grasp100  72.0% | best 0.855 |     28 st/s
    done(50): success=38 t_flicker=7 t_touched=1 t_no_reach=4
Ep 29650 | score  206.81 | avg100  172.35 | grasp100  78.0% | best 0.855 |     28 st/s
    done(50): success=40 t_flicker=10
Ep 29700 | score  206.65 | avg100  183.85 | grasp100  85.0% | best 0.855 |     28 st/s
    done(50): success=45 t_flicker=2 t_touched=3
Ep 29750 | score  206.78 | avg100  188.08 | grasp100  88.0% | best 0.855 |     28 st/s
    done(50): success=43 t_flicker=5 t_touched=2
Ep 29791 | * BEST  level200=2.00 grasp200= 87.0% metric=0.870 | score  204.94
Ep 29800 | score   56.95 | avg100  184.71 | grasp100  85.0% | best 0.870 |     28 st/s
    done(50): success=42 t_flicker=7 t_touched=1
Ep 29850 | score  205.61 | avg100  183.93 | grasp100  85.0% | best 0.870 |     28 st/s
    done(50): success=43 t_flicker=6 t_no_reach=1
Ep 29900 | score  205.31 | avg100  176.88 | grasp100  82.0% | best 0.870 |     28 st/s
    done(50): success=39 t_flicker=8 t_touched=3
Ep 29950 | score  206.63 | avg100  178.74 | grasp100  83.0% | best 0.870 |     28 st/s
    done(50): success=44 t_flicker=4 t_touched=1 t_no_reach=1
Ep 30000 | score  204.33 | avg100  183.27 | grasp100  84.0% | best 0.870 |     28 st/s
    done(50): success=40 t_flicker=9 t_no_reach=1
Ep 30050 | score  204.22 | avg100  180.66 | grasp100  80.0% | best 0.870 |     28 st/s
    done(50): success=40 t_flicker=9 t_touched=1
Ep 30100 | score   21.33 | avg100  180.16 | grasp100  80.0% | best 0.870 |     28 st/s
    done(50): success=40 t_flicker=7 t_touched=2 t_no_reach=1
Ep 30150 | score  265.78 | avg100  181.61 | grasp100  82.0% | best 0.870 |     28 st/s
    done(50): success=42 t_flicker=8
Ep 30200 | score  204.88 | avg100  184.75 | grasp100  85.0% | best 0.870 |     28 st/s
    done(50): success=43 t_flicker=6 t_touched=1
Ep 30250 | score  206.24 | avg100  172.69 | grasp100  79.0% | best 0.870 |     28 st/s
    done(50): success=36 t_flicker=10 t_touched=4
Ep 30300 | score  205.60 | avg100  163.05 | grasp100  72.0% | best 0.870 |     28 st/s
    done(50): success=36 t_flicker=12 t_touched=2
Ep 30350 | score  205.52 | avg100  164.32 | grasp100  71.0% | best 0.870 |     28 st/s
    done(50): success=35 t_flicker=14 t_touched=1
Ep 30400 | score  204.75 | avg100  162.67 | grasp100  71.0% | best 0.870 |     28 st/s
    done(50): success=36 t_flicker=13 t_touched=1
  [primacy-bias reset of critic heads @ 475000 updates]
Ep 30450 | score  -11.70 | avg100   97.51 | grasp100  45.0% | best 0.870 |     28 st/s
    done(50): success=9 t_flicker=6 t_touched=7 t_no_reach=28
Ep 30500 | score  -12.45 | avg100   34.79 | grasp100  16.0% | best 0.870 |     28 st/s
    done(50): success=7 t_flicker=14 t_touched=9 t_no_reach=20
Ep 30550 | score  205.84 | avg100   47.46 | grasp100  15.0% | best 0.870 |     28 st/s
    done(50): success=8 t_flicker=21 t_touched=16 t_no_reach=5
Ep 30600 | score    1.00 | avg100   65.64 | grasp100  21.0% | best 0.870 |     28 st/s
    done(50): success=13 t_flicker=23 t_touched=10 t_no_reach=4
Ep 30650 | score   25.74 | avg100   94.71 | grasp100  36.0% | best 0.870 |     28 st/s
    done(50): success=23 t_flicker=20 t_touched=5 t_no_reach=2
Ep 30700 | score  207.44 | avg100  130.50 | grasp100  55.0% | best 0.870 |     28 st/s
    done(50): success=32 t_flicker=14 t_touched=1 t_no_reach=3
Ep 30750 | score  214.93 | avg100  144.89 | grasp100  63.0% | best 0.870 |     28 st/s
    done(50): success=31 t_flicker=13 t_touched=4 t_no_reach=2
Ep 30800 | score  207.02 | avg100  156.04 | grasp100  68.0% | best 0.870 |     28 st/s
    done(50): success=37 t_flicker=9 t_touched=2 t_no_reach=2
Ep 30850 | score  206.68 | avg100  162.38 | grasp100  72.0% | best 0.870 |     28 st/s
    done(50): success=35 t_flicker=13 t_touched=2
Ep 30900 | score  206.69 | avg100  154.18 | grasp100  65.0% | best 0.870 |     28 st/s
    done(50): success=30 t_flicker=19 t_touched=1
Ep 30950 | score  204.88 | avg100  159.02 | grasp100  67.0% | best 0.870 |     28 st/s
    done(50): success=37 t_flicker=7 t_touched=6
Ep 31000 | score  206.37 | avg100  170.47 | grasp100  76.0% | best 0.870 |     28 st/s
    done(50): success=39 t_flicker=9 t_touched=1 t_no_reach=1
Ep 31050 | score  207.77 | avg100  174.16 | grasp100  79.0% | best 0.870 |     28 st/s
    done(50): success=40 t_flicker=8 t_touched=1 t_no_reach=1
Ep 31100 | score   42.10 | avg100  171.74 | grasp100  77.0% | best 0.870 |     28 st/s
    done(50): success=37 t_flicker=11 t_touched=2
Ep 31150 | score  206.81 | avg100  170.26 | grasp100  76.0% | best 0.870 |     28 st/s
    done(50): success=39 t_flicker=8 t_touched=2 t_no_reach=1
Ep 31200 | score  204.79 | avg100  168.81 | grasp100  76.0% | best 0.870 |     28 st/s
    done(50): success=37 t_flicker=11 t_touched=2
Ep 31250 | score  204.45 | avg100  176.57 | grasp100  80.0% | best 0.870 |     28 st/s
    done(50): success=43 t_flicker=6 t_touched=1
Ep 31300 | score  202.26 | avg100  183.86 | grasp100  84.0% | best 0.870 |     28 st/s
    done(50): success=41 t_flicker=8 t_touched=1
Ep 31350 | score  204.91 | avg100  176.80 | grasp100  81.0% | best 0.870 |     28 st/s
    done(50): success=40 t_flicker=7 t_touched=3
Ep 31400 | score   58.79 | avg100  172.82 | grasp100  78.0% | best 0.870 |     28 st/s
    done(50): success=38 t_flicker=11 t_no_reach=1
Ep 31450 | score   32.12 | avg100  175.80 | grasp100  79.0% | best 0.870 |     28 st/s
    done(50): success=41 t_flicker=8 t_touched=1
Ep 31500 | score  251.83 | avg100  170.96 | grasp100  76.0% | best 0.870 |     28 st/s
    done(50): success=35 t_flicker=11 t_touched=4
Ep 31550 | score  221.73 | avg100  173.59 | grasp100  77.0% | best 0.870 |     28 st/s
    done(50): success=42 t_flicker=7 t_touched=1
Ep 31600 | score  196.28 | avg100  183.91 | grasp100  84.0% | best 0.870 |     28 st/s
    done(50): success=42 t_flicker=6 t_touched=2
Ep 31650 | score  201.48 | avg100  179.86 | grasp100  82.0% | best 0.870 |     28 st/s
    done(50): success=40 t_flicker=10
Ep 31700 | score  208.10 | avg100  183.35 | grasp100  85.0% | best 0.870 |     28 st/s
    done(50): success=45 t_flicker=4 t_touched=1
Ep 31750 | score  204.99 | avg100  183.69 | grasp100  85.0% | best 0.870 |     28 st/s
    done(50): success=40 t_flicker=8 t_touched=2
Ep 31800 | score  204.23 | avg100  177.36 | grasp100  81.0% | best 0.870 |     28 st/s
    done(50): success=41 t_flicker=7 t_touched=2
Ep 31850 | score   -0.94 | avg100  181.39 | grasp100  84.0% | best 0.870 |     28 st/s
    done(50): success=43 t_flicker=5 t_touched=1 t_no_reach=1
Ep 31900 | score  204.46 | avg100  186.11 | grasp100  87.0% | best 0.870 |     28 st/s
    done(50): success=44 t_flicker=3 t_touched=1 t_no_reach=2
Ep 31950 | score  206.21 | avg100  178.97 | grasp100  84.0% | best 0.870 |     28 st/s
    done(50): success=40 t_flicker=5 t_touched=3 t_no_reach=2
Ep 32000 | score  204.16 | avg100  179.79 | grasp100  84.0% | best 0.870 |     28 st/s
    done(50): success=44 t_flicker=5 t_no_reach=1
Ep 32050 | score  211.50 | avg100  182.39 | grasp100  84.0% | best 0.870 |     28 st/s
    done(50): success=40 t_flicker=6 t_touched=4
Ep 32100 | score  208.45 | avg100  180.66 | grasp100  84.0% | best 0.870 |     28 st/s
    done(50): success=44 t_flicker=4 t_touched=1 t_no_reach=1
  [primacy-bias reset of critic heads @ 500000 updates]
Ep 32150 | score  -24.16 | avg100  168.85 | grasp100  79.0% | best 0.870 |     28 st/s
    done(50): success=35 t_flicker=10 t_no_reach=5
Ep 32200 | score  -27.54 | avg100   66.60 | grasp100  35.0% | best 0.870 |     28 st/s
    done(50): t_flicker=3 t_touched=3 t_no_reach=44
Ep 32250 | score   32.32 | avg100   -8.69 | grasp100   3.0% | best 0.870 |     28 st/s
    done(50): success=3 t_flicker=5 t_touched=4 t_no_reach=38
Ep 32300 | score   63.22 | avg100   26.01 | grasp100  13.0% | best 0.870 |     28 st/s
    done(50): success=10 t_flicker=16 t_touched=12 t_no_reach=12
Ep 32350 | score    3.01 | avg100   65.20 | grasp100  24.0% | best 0.870 |     28 st/s
    done(50): success=14 t_flicker=19 t_touched=8 t_no_reach=9
Ep 32400 | score   31.68 | avg100   98.50 | grasp100  38.0% | best 0.870 |     28 st/s
    done(50): success=24 t_flicker=17 t_touched=4 t_no_reach=5
Ep 32450 | score  207.65 | avg100  126.78 | grasp100  52.0% | best 0.870 |     28 st/s
    done(50): success=28 t_flicker=16 t_touched=2 t_no_reach=4
Ep 32500 | score  204.83 | avg100  147.08 | grasp100  62.0% | best 0.870 |     28 st/s
    done(50): success=34 t_flicker=10 t_touched=6
Ep 32550 | score   71.26 | avg100  159.38 | grasp100  70.0% | best 0.870 |     28 st/s
    done(50): success=36 t_flicker=9 t_touched=5
Ep 32600 | score  205.47 | avg100  161.16 | grasp100  71.0% | best 0.870 |     28 st/s
    done(50): success=35 t_flicker=13 t_touched=2
Ep 32650 | score  205.22 | avg100  168.64 | grasp100  75.0% | best 0.870 |     28 st/s
    done(50): success=40 t_flicker=9 t_touched=1
Ep 32700 | score  206.62 | avg100  176.63 | grasp100  81.0% | best 0.870 |     28 st/s
    done(50): success=41 t_flicker=7 t_touched=1 t_no_reach=1
Ep 32750 | score  207.90 | avg100  172.48 | grasp100  78.0% | best 0.870 |     28 st/s
    done(50): success=37 t_flicker=11 t_touched=2
Ep 32800 | score  206.02 | avg100  174.56 | grasp100  78.0% | best 0.870 |     28 st/s
    done(50): success=41 t_flicker=8 t_touched=1
Ep 32850 | score  205.56 | avg100  182.57 | grasp100  84.0% | best 0.870 |     28 st/s
    done(50): success=43 t_flicker=6 t_touched=1
Ep 32900 | score  206.86 | avg100  188.52 | grasp100  88.0% | best 0.870 |     28 st/s
    done(50): success=45 t_flicker=5
Ep 32950 | score  -18.14 | avg100  179.03 | grasp100  82.0% | best 0.870 |     28 st/s
    done(50): success=37 t_flicker=10 t_touched=2 t_no_reach=1
Ep 33000 | score   81.65 | avg100  173.37 | grasp100  78.0% | best 0.870 |     28 st/s
    done(50): success=41 t_flicker=9
Ep 33050 | score  240.67 | avg100  174.56 | grasp100  79.0% | best 0.870 |     28 st/s
    done(50): success=38 t_flicker=11 t_no_reach=1
Ep 33100 | score  201.97 | avg100  163.81 | grasp100  72.0% | best 0.870 |     28 st/s
    done(50): success=34 t_flicker=15 t_touched=1
Ep 33150 | score   76.96 | avg100  169.53 | grasp100  74.0% | best 0.870 |     28 st/s
    done(50): success=40 t_flicker=10
Ep 33200 | score  207.27 | avg100  182.81 | grasp100  84.0% | best 0.870 |     28 st/s
    done(50): success=44 t_flicker=5 t_no_reach=1
Ep 33250 | score  231.42 | avg100  183.25 | grasp100  85.0% | best 0.870 |     28 st/s
    done(50): success=41 t_flicker=7 t_touched=2
Ep 33300 | score  207.87 | avg100  185.63 | grasp100  86.0% | best 0.870 |     28 st/s
    done(50): success=45 t_flicker=4 t_no_reach=1
Ep 33350 | score  206.66 | avg100  182.98 | grasp100  84.0% | best 0.870 |     28 st/s
    done(50): success=39 t_flicker=10 t_touched=1
Ep 33400 | score  217.43 | avg100  175.51 | grasp100  79.0% | best 0.870 |     28 st/s
    done(50): success=40 t_flicker=9 t_touched=1
Ep 33450 | score  208.60 | avg100  177.76 | grasp100  81.0% | best 0.870 |     28 st/s
    done(50): success=41 t_flicker=7 t_touched=1 t_no_reach=1
Ep 33500 | score  206.05 | avg100  177.11 | grasp100  79.0% | best 0.870 |     28 st/s
    done(50): success=38 t_flicker=12
Ep 33550 | score  206.83 | avg100  175.11 | grasp100  79.0% | best 0.870 |     28 st/s
    done(50): success=41 t_flicker=8 t_touched=1
Ep 33600 | score  206.84 | avg100  183.50 | grasp100  87.0% | best 0.870 |     28 st/s
    done(50): success=46 t_flicker=3 t_touched=1
Ep 33650 | score  205.31 | avg100  180.23 | grasp100  84.0% | best 0.870 |     28 st/s
    done(50): success=38 t_flicker=10 t_touched=1 t_no_reach=1
Ep 33700 | score  207.40 | avg100  172.97 | grasp100  78.0% | best 0.870 |     28 st/s
    done(50): success=40 t_flicker=9 t_touched=1
Ep 33750 | score  215.95 | avg100  179.23 | grasp100  81.0% | best 0.870 |     28 st/s
    done(50): success=41 t_flicker=8 t_touched=1
Ep 33800 | score  207.69 | avg100  187.04 | grasp100  86.0% | best 0.870 |     28 st/s
    done(50): success=45 t_flicker=4 t_touched=1
Ep 33850 | score  224.14 | avg100  185.37 | grasp100  86.0% | best 0.870 |     28 st/s
    done(50): success=41 t_flicker=8 t_no_reach=1
  [primacy-bias reset of critic heads @ 525000 updates]
Ep 33900 | score   -9.91 | avg100  113.94 | grasp100  55.0% | best 0.870 |     28 st/s
    done(50): success=14 t_flicker=5 t_touched=3 t_no_reach=28
Ep 33950 | score    7.99 | avg100   25.20 | grasp100  15.0% | best 0.870 |     28 st/s
    done(50): success=1 t_flicker=8 t_touched=7 t_no_reach=34
Ep 34000 | score   10.09 | avg100   14.83 | grasp100   6.0% | best 0.870 |     28 st/s
    done(50): success=5 t_flicker=13 t_touched=18 t_no_reach=14
Ep 34050 | score   20.62 | avg100   62.54 | grasp100  25.0% | best 0.870 |     28 st/s
    done(50): success=20 t_flicker=16 t_touched=11 t_no_reach=3
Ep 34100 | score   59.66 | avg100  112.83 | grasp100  47.0% | best 0.870 |     28 st/s
    done(50): success=27 t_flicker=15 t_touched=5 t_no_reach=3
Ep 34150 | score  207.47 | avg100  120.52 | grasp100  50.0% | best 0.870 |     28 st/s
    done(50): success=23 t_flicker=15 t_touched=7 t_no_reach=5
Ep 34200 | score  205.33 | avg100  124.99 | grasp100  52.0% | best 0.870 |     28 st/s
    done(50): success=29 t_flicker=17 t_touched=3 t_no_reach=1
Ep 34250 | score  206.46 | avg100  145.69 | grasp100  62.0% | best 0.870 |     28 st/s
    done(50): success=33 t_flicker=12 t_touched=5
Ep 34300 | score   33.17 | avg100  139.03 | grasp100  56.0% | best 0.870 |     28 st/s
    done(50): success=23 t_flicker=22 t_touched=4 t_no_reach=1
Ep 34350 | score  205.35 | avg100  135.77 | grasp100  54.0% | best 0.870 |     28 st/s
    done(50): success=31 t_flicker=15 t_touched=4
Ep 34400 | score  206.37 | avg100  162.87 | grasp100  71.0% | best 0.870 |     28 st/s
    done(50): success=40 t_flicker=10
Ep 34450 | score  109.80 | avg100  177.17 | grasp100  79.0% | best 0.870 |     28 st/s
    done(50): success=39 t_flicker=10 t_no_reach=1
Ep 34500 | score  205.95 | avg100  175.88 | grasp100  80.0% | best 0.870 |     28 st/s
    done(50): success=41 t_flicker=7 t_no_reach=2
Ep 34550 | score  207.25 | avg100  171.90 | grasp100  77.0% | best 0.870 |     28 st/s
    done(50): success=36 t_flicker=13 t_touched=1
Ep 34600 | score   55.03 | avg100  166.96 | grasp100  73.0% | best 0.870 |     28 st/s
    done(50): success=37 t_flicker=12 t_no_reach=1
Ep 34650 | score   60.45 | avg100  168.96 | grasp100  74.0% | best 0.870 |     28 st/s
    done(50): success=37 t_flicker=12 t_no_reach=1
Ep 34700 | score  206.36 | avg100  176.54 | grasp100  78.0% | best 0.870 |     28 st/s
    done(50): success=41 t_flicker=8 t_touched=1
Ep 34750 | score  205.30 | avg100  178.42 | grasp100  80.0% | best 0.870 |     28 st/s
    done(50): success=39 t_flicker=10 t_no_reach=1
Ep 34800 | score  204.36 | avg100  174.28 | grasp100  78.0% | best 0.870 |     28 st/s
    done(50): success=39 t_flicker=10 t_touched=1
Ep 34850 | score  204.42 | avg100  180.48 | grasp100  82.0% | best 0.870 |     28 st/s
    done(50): success=43 t_flicker=7
Ep 34900 | score  206.78 | avg100  180.35 | grasp100  82.0% | best 0.870 |     28 st/s
    done(50): success=39 t_flicker=10 t_no_reach=1
Ep 34950 | score  207.33 | avg100  176.99 | grasp100  80.0% | best 0.870 |     28 st/s
    done(50): success=41 t_flicker=8 t_no_reach=1
Ep 35000 | score  237.37 | avg100  182.98 | grasp100  84.0% | best 0.870 |     28 st/s
    done(50): success=43 t_flicker=6 t_no_reach=1
Ep 35050 | score  206.43 | avg100  179.37 | grasp100  82.0% | best 0.870 |     28 st/s
    done(50): success=39 t_flicker=8 t_touched=3
Ep 35100 | score   -8.50 | avg100  174.12 | grasp100  79.0% | best 0.870 |     28 st/s
    done(50): success=40 t_flicker=6 t_touched=1 t_no_reach=3
Ep 35150 | score  205.53 | avg100  186.85 | grasp100  87.0% | best 0.870 |     28 st/s
    done(50): success=47 t_flicker=3
Ep 35200 | score   58.24 | avg100  190.17 | grasp100  89.0% | best 0.870 |     28 st/s
    done(50): success=42 t_flicker=8
Ep 35250 | score  205.78 | avg100  182.46 | grasp100  84.0% | best 0.870 |     28 st/s
    done(50): success=42 t_flicker=8
Ep 35279 | * BEST  level200=2.00 grasp200= 88.5% metric=0.885 | score  205.28
Ep 35300 | score  185.26 | avg100  189.17 | grasp100  88.0% | best 0.885 |     28 st/s
    done(50): success=46 t_flicker=3 t_touched=1
Ep 35350 | score  207.81 | avg100  189.57 | grasp100  88.0% | best 0.885 |     28 st/s
    done(50): success=42 t_flicker=8
Ep 35400 | score  202.97 | avg100  181.94 | grasp100  83.0% | best 0.885 |     28 st/s
    done(50): success=41 t_flicker=8 t_touched=1
Ep 35450 | score  207.47 | avg100  174.67 | grasp100  80.0% | best 0.885 |     28 st/s
    done(50): success=39 t_flicker=11
Ep 35500 | score  206.08 | avg100  170.33 | grasp100  78.0% | best 0.885 |     28 st/s
    done(50): success=39 t_flicker=10 t_touched=1
Ep 35550 | score  208.87 | avg100  178.26 | grasp100  82.0% | best 0.885 |     28 st/s
    done(50): success=43 t_flicker=5 t_touched=1 t_no_reach=1
Ep 35600 | score  207.26 | avg100  178.28 | grasp100  83.0% | best 0.885 |     28 st/s
    done(50): success=40 t_flicker=5 t_touched=3 t_no_reach=2
  [primacy-bias reset of critic heads @ 550000 updates]
Ep 35650 | score  -16.37 | avg100  107.85 | grasp100  52.0% | best 0.885 |     28 st/s
    done(50): success=12 t_flicker=8 t_touched=8 t_no_reach=22
Ep 35700 | score   59.76 | avg100   24.02 | grasp100  14.0% | best 0.885 |     28 st/s
    done(50): success=2 t_flicker=6 t_touched=6 t_no_reach=36
Ep 35750 | score   -2.38 | avg100   15.77 | grasp100   6.0% | best 0.885 |     28 st/s
    done(50): success=4 t_flicker=16 t_touched=12 t_no_reach=18
Ep 35800 | score  205.47 | avg100   71.89 | grasp100  27.0% | best 0.885 |     28 st/s
    done(50): success=23 t_flicker=17 t_touched=6 t_no_reach=4
Ep 35850 | score   24.89 | avg100  127.35 | grasp100  54.0% | best 0.885 |     28 st/s
    done(50): success=31 t_flicker=8 t_touched=5 t_no_reach=6
Ep 35900 | score   72.24 | avg100  129.76 | grasp100  56.0% | best 0.885 |     28 st/s
    done(50): success=25 t_flicker=15 t_touched=6 t_no_reach=4
Ep 35950 | score   59.32 | avg100  131.72 | grasp100  55.0% | best 0.885 |     28 st/s
    done(50): success=30 t_flicker=17 t_touched=3
Ep 36000 | score   27.09 | avg100  152.41 | grasp100  66.0% | best 0.885 |     28 st/s
    done(50): success=36 t_flicker=11 t_touched=1 t_no_reach=2
Ep 36050 | score   60.78 | avg100  157.40 | grasp100  69.0% | best 0.885 |     28 st/s
    done(50): success=33 t_flicker=12 t_touched=3 t_no_reach=2
Ep 36100 | score   19.79 | avg100  159.97 | grasp100  70.0% | best 0.885 |     28 st/s
    done(50): success=37 t_flicker=12 t_touched=1
Ep 36150 | score  204.86 | avg100  168.69 | grasp100  75.0% | best 0.885 |     28 st/s
    done(50): success=38 t_flicker=10 t_touched=2
Ep 36200 | score  206.78 | avg100  173.18 | grasp100  78.0% | best 0.885 |     28 st/s
    done(50): success=40 t_flicker=9 t_touched=1
Ep 36250 | score  206.79 | avg100  177.38 | grasp100  81.0% | best 0.885 |     28 st/s
    done(50): success=41 t_flicker=6 t_touched=2 t_no_reach=1
Ep 36300 | score  205.34 | avg100  179.10 | grasp100  82.0% | best 0.885 |     28 st/s
    done(50): success=41 t_flicker=8 t_touched=1
Ep 36350 | score  205.65 | avg100  176.40 | grasp100  80.0% | best 0.885 |     28 st/s
    done(50): success=39 t_flicker=8 t_touched=3
Ep 36400 | score  204.18 | avg100  165.38 | grasp100  74.0% | best 0.885 |     28 st/s
    done(50): success=35 t_flicker=12 t_touched=3
Ep 36450 | score  206.35 | avg100  175.39 | grasp100  80.0% | best 0.885 |     28 st/s
    done(50): success=45 t_flicker=5
Ep 36500 | score   62.06 | avg100  185.10 | grasp100  86.0% | best 0.885 |     28 st/s
    done(50): success=41 t_flicker=6 t_touched=2 t_no_reach=1
Ep 36550 | score  223.57 | avg100  179.02 | grasp100  82.0% | best 0.885 |     28 st/s
    done(50): success=41 t_flicker=8 t_no_reach=1
Ep 36600 | score  202.37 | avg100  180.52 | grasp100  81.0% | best 0.885 |     28 st/s
    done(50): success=40 t_flicker=9 t_touched=1
Ep 36650 | score  206.28 | avg100  179.97 | grasp100  81.0% | best 0.885 |     28 st/s
    done(50): success=41 t_flicker=7 t_touched=2
Ep 36700 | score  222.64 | avg100  182.04 | grasp100  83.0% | best 0.885 |     28 st/s
    done(50): success=42 t_flicker=8
Ep 36750 | score  206.28 | avg100  182.25 | grasp100  84.0% | best 0.885 |     28 st/s
    done(50): success=42 t_flicker=6 t_touched=2
Ep 36800 | score  207.00 | avg100  179.85 | grasp100  83.0% | best 0.885 |     28 st/s
    done(50): success=41 t_flicker=6 t_touched=1 t_no_reach=2
Ep 36850 | score  203.28 | avg100  176.82 | grasp100  80.0% | best 0.885 |     28 st/s
    done(50): success=39 t_flicker=10 t_touched=1
Ep 36900 | score  205.64 | avg100  178.96 | grasp100  83.0% | best 0.885 |     28 st/s
    done(50): success=44 t_flicker=3 t_no_reach=3
Ep 36950 | score  206.35 | avg100  181.75 | grasp100  85.0% | best 0.885 |     28 st/s
    done(50): success=41 t_flicker=7 t_touched=2
Ep 37000 | score  214.03 | avg100  183.75 | grasp100  85.0% | best 0.885 |     28 st/s
    done(50): success=44 t_flicker=5 t_no_reach=1
Ep 37050 | score  218.75 | avg100  181.27 | grasp100  83.0% | best 0.885 |     28 st/s
    done(50): success=39 t_flicker=10 t_touched=1
Ep 37100 | score  204.92 | avg100  178.43 | grasp100  81.0% | best 0.885 |     28 st/s
    done(50): success=42 t_flicker=7 t_no_reach=1
Ep 37150 | score  209.23 | avg100  183.45 | grasp100  85.0% | best 0.885 |     28 st/s
    done(50): success=43 t_flicker=6 t_touched=1
Ep 37200 | score  203.31 | avg100  185.05 | grasp100  86.0% | best 0.885 |     28 st/s
    done(50): success=43 t_flicker=5 t_touched=2
Ep 37250 | score  204.30 | avg100  182.72 | grasp100  84.0% | best 0.885 |     28 st/s
    done(50): success=41 t_flicker=8 t_no_reach=1
Ep 37300 | score  207.03 | avg100  182.36 | grasp100  84.0% | best 0.885 |     28 st/s
    done(50): success=43 t_flicker=6 t_touched=1
Ep 37350 | score  205.59 | avg100  186.45 | grasp100  87.0% | best 0.885 |     28 st/s
    done(50): success=44 t_flicker=6
  [primacy-bias reset of critic heads @ 575000 updates]
Ep 37400 | score  -13.05 | avg100  177.01 | grasp100  83.0% | best 0.885 |     28 st/s
    done(50): success=39 t_flicker=6 t_no_reach=5
Ep 37450 | score   56.39 | avg100   88.84 | grasp100  42.0% | best 0.885 |     28 st/s
    done(50): success=3 t_flicker=13 t_touched=3 t_no_reach=31
Ep 37500 | score  -16.23 | avg100   12.55 | grasp100   8.0% | best 0.885 |     28 st/s
    done(50): success=5 t_flicker=6 t_touched=10 t_no_reach=29
Ep 37550 | score   -7.74 | avg100   49.45 | grasp100  25.0% | best 0.885 |     28 st/s
    done(50): success=20 t_flicker=9 t_touched=4 t_no_reach=17
Ep 37600 | score    5.09 | avg100   87.37 | grasp100  38.0% | best 0.885 |     28 st/s
    done(50): success=18 t_flicker=17 t_touched=7 t_no_reach=8
Ep 37650 | score  206.61 | avg100  110.17 | grasp100  46.0% | best 0.885 |     28 st/s
    done(50): success=28 t_flicker=13 t_touched=6 t_no_reach=3
Ep 37700 | score  205.28 | avg100  144.89 | grasp100  62.0% | best 0.885 |     28 st/s
    done(50): success=34 t_flicker=14 t_touched=1 t_no_reach=1
Ep 37750 | score   41.97 | avg100  164.73 | grasp100  73.0% | best 0.885 |     28 st/s
    done(50): success=39 t_flicker=10 t_touched=1
Ep 37800 | score  206.56 | avg100  167.82 | grasp100  76.0% | best 0.885 |     28 st/s
    done(50): success=37 t_flicker=8 t_touched=2 t_no_reach=3
Ep 37850 | score  206.46 | avg100  162.94 | grasp100  72.0% | best 0.885 |     28 st/s
    done(50): success=35 t_flicker=12 t_touched=3
Ep 37900 | score  208.04 | avg100  164.97 | grasp100  73.0% | best 0.885 |     28 st/s
    done(50): success=38 t_flicker=10 t_touched=1 t_no_reach=1
Ep 37950 | score  -19.88 | avg100  172.20 | grasp100  78.0% | best 0.885 |     28 st/s
    done(50): success=40 t_flicker=8 t_touched=1 t_no_reach=1
Ep 38000 | score  207.07 | avg100  177.26 | grasp100  81.0% | best 0.885 |     28 st/s
    done(50): success=41 t_flicker=7 t_touched=2
Ep 38050 | score  206.78 | avg100  174.04 | grasp100  77.0% | best 0.885 |     28 st/s
    done(50): success=36 t_flicker=14
Ep 38100 | score   34.90 | avg100  167.94 | grasp100  72.0% | best 0.885 |     28 st/s
    done(50): success=36 t_flicker=13 t_touched=1
Ep 38150 | score  207.02 | avg100  174.07 | grasp100  78.0% | best 0.885 |     28 st/s
    done(50): success=42 t_flicker=6 t_no_reach=2
Ep 38200 | score   59.72 | avg100  176.15 | grasp100  80.0% | best 0.885 |     28 st/s
    done(50): success=38 t_flicker=11 t_touched=1
Ep 38250 | score  206.14 | avg100  178.19 | grasp100  81.0% | best 0.885 |     28 st/s
    done(50): success=43 t_flicker=7
Ep 38300 | score  207.00 | avg100  183.24 | grasp100  84.0% | best 0.885 |     28 st/s
    done(50): success=41 t_flicker=6 t_touched=2 t_no_reach=1
Ep 38350 | score  205.62 | avg100  177.86 | grasp100  80.0% | best 0.885 |     28 st/s
    done(50): success=39 t_flicker=9 t_no_reach=2
Ep 38400 | score  223.91 | avg100  170.29 | grasp100  75.0% | best 0.885 |     28 st/s
    done(50): success=36 t_flicker=14
Ep 38450 | score  209.64 | avg100  171.56 | grasp100  77.0% | best 0.885 |     28 st/s
    done(50): success=41 t_flicker=8 t_no_reach=1
Ep 38500 | score  204.85 | avg100  185.64 | grasp100  86.0% | best 0.885 |     28 st/s
    done(50): success=45 t_flicker=5
Ep 38550 | score   56.94 | avg100  183.65 | grasp100  83.0% | best 0.885 |     28 st/s
    done(50): success=38 t_flicker=12
Ep 38600 | score  206.59 | avg100  174.86 | grasp100  78.0% | best 0.885 |     28 st/s
    done(50): success=40 t_flicker=8 t_touched=1 t_no_reach=1
Ep 38650 | score  203.57 | avg100  181.15 | grasp100  83.0% | best 0.885 |     28 st/s
    done(50): success=43 t_flicker=5 t_touched=1 t_no_reach=1
Ep 38700 | score  204.05 | avg100  183.28 | grasp100  85.0% | best 0.885 |     28 st/s
    done(50): success=42 t_flicker=6 t_touched=1 t_no_reach=1
Ep 38750 | score  204.14 | avg100  179.99 | grasp100  83.0% | best 0.885 |     28 st/s
    done(50): success=41 t_flicker=8 t_no_reach=1
Ep 38800 | score  204.46 | avg100  184.17 | grasp100  85.0% | best 0.885 |     28 st/s
    done(50): success=44 t_flicker=5 t_touched=1
Ep 38850 | score  213.94 | avg100  186.91 | grasp100  86.0% | best 0.885 |     28 st/s
    done(50): success=42 t_flicker=6 t_no_reach=2
Ep 38900 | score  205.55 | avg100  183.22 | grasp100  83.0% | best 0.885 |     28 st/s
    done(50): success=41 t_flicker=8 t_touched=1
Ep 38950 | score   64.76 | avg100  179.95 | grasp100  82.0% | best 0.885 |     28 st/s
    done(50): success=41 t_flicker=7 t_touched=2
Ep 39000 | score  205.71 | avg100  187.83 | grasp100  87.0% | best 0.885 |     28 st/s
    done(50): success=46 t_flicker=3 t_touched=1
Ep 39050 | score  208.60 | avg100  183.57 | grasp100  84.0% | best 0.885 |     28 st/s
    done(50): success=38 t_flicker=11 t_touched=1
Ep 39100 | score  201.19 | avg100  169.54 | grasp100  76.0% | best 0.885 |     28 st/s
    done(50): success=38 t_flicker=11 t_no_reach=1
Ep 39150 | score  205.52 | avg100  176.42 | grasp100  81.0% | best 0.885 |     28 st/s
    done(50): success=43 t_flicker=5 t_touched=1 t_no_reach=1
  [primacy-bias reset of critic heads @ 600000 updates]
Ep 39200 | score  -27.74 | avg100  142.66 | grasp100  68.0% | best 0.885 |     28 st/s
    done(50): success=25 t_flicker=6 t_no_reach=19
Ep 39250 | score  -17.65 | avg100   42.86 | grasp100  26.0% | best 0.885 |     28 st/s
    done(50): success=1 t_flicker=2 t_touched=2 t_no_reach=45
Ep 39300 | score    9.49 | avg100   10.74 | grasp100  11.0% | best 0.885 |     28 st/s
    done(50): success=10 t_flicker=11 t_touched=3 t_no_reach=26
Ep 39350 | score   -4.29 | avg100   37.89 | grasp100  18.0% | best 0.885 |     28 st/s
    done(50): success=8 t_flicker=13 t_touched=14 t_no_reach=15
Ep 39400 | score   14.14 | avg100   76.67 | grasp100  32.0% | best 0.885 |     28 st/s
    done(50): success=24 t_flicker=13 t_touched=7 t_no_reach=6
Ep 39450 | score  205.75 | avg100  141.69 | grasp100  62.0% | best 0.885 |     28 st/s
    done(50): success=38 t_flicker=9 t_touched=1 t_no_reach=2
Ep 39500 | score  -18.88 | avg100  159.26 | grasp100  71.0% | best 0.885 |     28 st/s
    done(50): success=33 t_flicker=10 t_touched=5 t_no_reach=2
Ep 39550 | score  210.92 | avg100  162.43 | grasp100  73.0% | best 0.885 |     28 st/s
    done(50): success=40 t_flicker=6 t_touched=3 t_no_reach=1
Ep 39600 | score  205.21 | avg100  167.92 | grasp100  75.0% | best 0.885 |     28 st/s
    done(50): success=35 t_flicker=13 t_touched=2
Ep 39650 | score   66.75 | avg100  161.49 | grasp100  71.0% | best 0.885 |     28 st/s
    done(50): success=36 t_flicker=11 t_touched=2 t_no_reach=1
Ep 39700 | score  206.74 | avg100  170.25 | grasp100  76.0% | best 0.885 |     28 st/s
    done(50): success=40 t_flicker=8 t_touched=2
Ep 39750 | score  207.63 | avg100  170.94 | grasp100  76.0% | best 0.885 |     28 st/s
    done(50): success=36 t_flicker=10 t_touched=4
Ep 39800 | score  206.95 | avg100  167.73 | grasp100  75.0% | best 0.885 |     28 st/s
    done(50): success=39 t_flicker=8 t_touched=2 t_no_reach=1
Ep 39850 | score  204.41 | avg100  176.60 | grasp100  80.0% | best 0.885 |     28 st/s
    done(50): success=41 t_flicker=8 t_touched=1
Ep 39900 | score  206.44 | avg100  184.41 | grasp100  84.0% | best 0.885 |     28 st/s
    done(50): success=43 t_flicker=6 t_touched=1
Ep 39950 | score  205.73 | avg100  172.07 | grasp100  77.0% | best 0.885 |     28 st/s
    done(50): success=34 t_flicker=12 t_touched=2 t_no_reach=2
Ep 40000 | score  205.65 | avg100  173.44 | grasp100  78.0% | best 0.885 |     28 st/s
    done(50): success=44 t_flicker=6
Ep 40050 | score  199.32 | avg100  193.59 | grasp100  91.0% | best 0.885 |     28 st/s
    done(50): success=47 t_flicker=3
Ep 40100 | score  204.04 | avg100  184.15 | grasp100  86.0% | best 0.885 |     28 st/s
    done(50): success=39 t_flicker=10 t_touched=1
Ep 40150 | score   58.42 | avg100  178.68 | grasp100  81.0% | best 0.885 |     28 st/s
    done(50): success=42 t_flicker=8
Ep 40200 | score  207.08 | avg100  183.43 | grasp100  83.0% | best 0.885 |     28 st/s
    done(50): success=41 t_flicker=9
Ep 40250 | score  205.80 | avg100  185.42 | grasp100  85.0% | best 0.885 |     28 st/s
    done(50): success=44 t_flicker=5 t_touched=1
Ep 40300 | score  205.93 | avg100  187.25 | grasp100  87.0% | best 0.885 |     28 st/s
    done(50): success=43 t_flicker=6 t_no_reach=1
Ep 40350 | score  205.62 | avg100  180.04 | grasp100  83.0% | best 0.885 |     28 st/s
    done(50): success=40 t_flicker=9 t_no_reach=1
Ep 40400 | score  199.83 | avg100  175.73 | grasp100  80.0% | best 0.885 |     28 st/s
    done(50): success=40 t_flicker=9 t_no_reach=1
Ep 40450 | score   56.64 | avg100  175.67 | grasp100  79.0% | best 0.885 |     28 st/s
    done(50): success=39 t_flicker=11
Ep 40500 | score  207.71 | avg100  184.94 | grasp100  84.0% | best 0.885 |     28 st/s
    done(50): success=45 t_flicker=5
Ep 40550 | score  224.83 | avg100  190.66 | grasp100  88.0% | best 0.885 |     28 st/s
    done(50): success=43 t_flicker=7
Ep 40600 | score  200.81 | avg100  186.55 | grasp100  86.0% | best 0.885 |     28 st/s
    done(50): success=43 t_flicker=7
Ep 40650 | score  229.66 | avg100  177.77 | grasp100  80.0% | best 0.885 |     28 st/s
    done(50): success=37 t_flicker=12 t_touched=1
Ep 40700 | score  203.92 | avg100  176.25 | grasp100  79.0% | best 0.885 |     28 st/s
    done(50): success=42 t_flicker=7 t_touched=1
Ep 40750 | score  205.11 | avg100  186.83 | grasp100  87.0% | best 0.885 |     28 st/s
    done(50): success=45 t_flicker=5
Ep 40800 | score  204.05 | avg100  184.77 | grasp100  87.0% | best 0.885 |     28 st/s
    done(50): success=42 t_flicker=8
Ep 40850 | score   95.74 | avg100  180.12 | grasp100  84.0% | best 0.885 |     28 st/s
    done(50): success=42 t_flicker=4 t_touched=3 t_no_reach=1
Ep 40900 | score  205.37 | avg100  181.65 | grasp100  85.0% | best 0.885 |     28 st/s
    done(50): success=43 t_flicker=5 t_touched=1 t_no_reach=1
Ep 40950 | score  207.07 | avg100  180.34 | grasp100  85.0% | best 0.885 |     28 st/s
    done(50): success=42 t_flicker=5 t_touched=1 t_no_reach=2
  [primacy-bias reset of critic heads @ 625000 updates]
Ep 41000 | score    9.16 | avg100  181.29 | grasp100  86.0% | best 0.885 |     28 st/s
    done(50): success=44 t_flicker=4 t_touched=1 t_no_reach=1
Ep 41050 | score  -27.86 | avg100   80.27 | grasp100  44.0% | best 0.885 |     28 st/s
    done(50): t_flicker=2 t_touched=1 t_no_reach=47
Ep 41100 | score   28.47 | avg100   12.01 | grasp100  14.0% | best 0.885 |     28 st/s
    done(50): success=14 t_flicker=5 t_touched=3 t_no_reach=28
Ep 41150 | score  209.72 | avg100   68.86 | grasp100  34.0% | best 0.885 |     28 st/s
    done(50): success=20 t_flicker=14 t_touched=4 t_no_reach=12
Ep 41200 | score  207.24 | avg100   93.80 | grasp100  40.0% | best 0.885 |     28 st/s
    done(50): success=20 t_flicker=17 t_touched=6 t_no_reach=7
Ep 41250 | score  205.70 | avg100  116.56 | grasp100  50.0% | best 0.885 |     28 st/s
    done(50): success=30 t_flicker=11 t_touched=5 t_no_reach=4
Ep 41300 | score  205.91 | avg100  139.03 | grasp100  59.0% | best 0.885 |     28 st/s
    done(50): success=29 t_flicker=17 t_touched=4
Ep 41350 | score   58.52 | avg100  149.77 | grasp100  63.0% | best 0.885 |     28 st/s
    done(50): success=34 t_flicker=13 t_touched=3
Ep 41400 | score   61.97 | avg100  153.28 | grasp100  66.0% | best 0.885 |     28 st/s
    done(50): success=32 t_flicker=15 t_touched=3
Ep 41450 | score  204.38 | avg100  158.95 | grasp100  68.0% | best 0.885 |     28 st/s
    done(50): success=36 t_flicker=13 t_touched=1
Ep 41500 | score  204.91 | avg100  170.78 | grasp100  75.0% | best 0.885 |     28 st/s
    done(50): success=39 t_flicker=8 t_touched=3
Ep 41550 | score  207.64 | avg100  172.88 | grasp100  77.0% | best 0.885 |     28 st/s
    done(50): success=38 t_flicker=10 t_touched=1 t_no_reach=1
Ep 41600 | score   55.19 | avg100  167.94 | grasp100  74.0% | best 0.885 |     28 st/s
    done(50): success=36 t_flicker=12 t_touched=1 t_no_reach=1
Ep 41650 | score  205.94 | avg100  172.21 | grasp100  77.0% | best 0.885 |     28 st/s
    done(50): success=41 t_flicker=8 t_touched=1
Ep 41700 | score  204.74 | avg100  173.37 | grasp100  78.0% | best 0.885 |     28 st/s
    done(50): success=37 t_flicker=9 t_touched=2 t_no_reach=2
Ep 41750 | score  205.71 | avg100  169.70 | grasp100  76.0% | best 0.885 |     28 st/s
    done(50): success=39 t_flicker=10 t_touched=1
Ep 41800 | score   57.26 | avg100  176.61 | grasp100  80.0% | best 0.885 |     28 st/s
    done(50): success=41 t_flicker=7 t_touched=1 t_no_reach=1
Ep 41850 | score  236.09 | avg100  181.78 | grasp100  83.0% | best 0.885 |     28 st/s
    done(50): success=42 t_flicker=6 t_touched=2
Ep 41900 | score  208.09 | avg100  180.16 | grasp100  82.0% | best 0.885 |     28 st/s
    done(50): success=40 t_flicker=8 t_touched=1 t_no_reach=1
Ep 41950 | score  203.32 | avg100  177.99 | grasp100  81.0% | best 0.885 |     28 st/s
    done(50): success=41 t_flicker=6 t_touched=2 t_no_reach=1
Ep 42000 | score  204.21 | avg100  182.87 | grasp100  84.0% | best 0.885 |     28 st/s
    done(50): success=43 t_flicker=7
Ep 42050 | score  205.72 | avg100  174.42 | grasp100  78.0% | best 0.885 |     28 st/s
    done(50): success=35 t_flicker=11 t_touched=3 t_no_reach=1
Ep 42100 | score  205.44 | avg100  181.03 | grasp100  82.0% | best 0.885 |     28 st/s
    done(50): success=47 t_flicker=3
Ep 42150 | score  203.91 | avg100  185.39 | grasp100  85.0% | best 0.885 |     28 st/s
    done(50): success=38 t_flicker=10 t_touched=2
Ep 42200 | score   58.93 | avg100  180.44 | grasp100  81.0% | best 0.885 |     28 st/s
    done(50): success=43 t_flicker=7
Ep 42250 | score  105.97 | avg100  188.34 | grasp100  86.0% | best 0.885 |     28 st/s
    done(50): success=43 t_flicker=6 t_no_reach=1
Ep 42300 | score  207.40 | avg100  189.00 | grasp100  88.0% | best 0.885 |     28 st/s
    done(50): success=45 t_flicker=5
Ep 42350 | score   92.09 | avg100  186.33 | grasp100  86.0% | best 0.885 |     28 st/s
    done(50): success=41 t_flicker=7 t_touched=1 t_no_reach=1
Ep 42400 | score  205.05 | avg100  178.58 | grasp100  81.0% | best 0.885 |     28 st/s
    done(50): success=40 t_flicker=9 t_no_reach=1
Ep 42450 | score   38.25 | avg100  175.74 | grasp100  79.0% | best 0.885 |     28 st/s
    done(50): success=39 t_flicker=9 t_touched=2
Ep 42500 | score   77.87 | avg100  178.00 | grasp100  79.0% | best 0.885 |     28 st/s
    done(50): success=40 t_flicker=10
Ep 42550 | score  201.73 | avg100  182.45 | grasp100  82.0% | best 0.885 |     28 st/s
    done(50): success=42 t_flicker=8
Ep 42600 | score   43.31 | avg100  187.74 | grasp100  87.0% | best 0.885 |     28 st/s
    done(50): success=45 t_flicker=4 t_no_reach=1
Ep 42650 | score  184.69 | avg100  187.93 | grasp100  89.0% | best 0.885 |     28 st/s
    done(50): success=44 t_flicker=4 t_touched=1 t_no_reach=1
Ep 42700 | score  205.30 | avg100  186.72 | grasp100  89.0% | best 0.885 |     28 st/s
    done(50): success=45 t_flicker=4 t_touched=1
Ep 42750 | score  209.66 | avg100  186.70 | grasp100  89.0% | best 0.885 |     28 st/s
    done(50): success=44 t_flicker=5 t_touched=1
  [primacy-bias reset of critic heads @ 650000 updates]
Ep 42800 | score   13.10 | avg100  142.33 | grasp100  64.0% | best 0.885 |     28 st/s
    done(50): success=20 t_flicker=11 t_touched=8 t_no_reach=11
Ep 42850 | score  -23.95 | avg100   45.77 | grasp100  21.0% | best 0.885 |     28 st/s
    done(50): success=1 t_flicker=6 t_touched=9 t_no_reach=34
Ep 42900 | score   13.49 | avg100   22.39 | grasp100  14.0% | best 0.885 |     28 st/s
    done(50): success=13 t_flicker=7 t_touched=11 t_no_reach=19
Ep 42950 | score    0.71 | avg100   59.05 | grasp100  27.0% | best 0.885 |     28 st/s
    done(50): success=14 t_flicker=14 t_touched=7 t_no_reach=15
Ep 43000 | score  238.42 | avg100   89.22 | grasp100  39.0% | best 0.885 |     28 st/s
    done(50): success=25 t_flicker=10 t_touched=7 t_no_reach=8
Ep 43050 | score  206.12 | avg100  131.37 | grasp100  56.0% | best 0.885 |     28 st/s
    done(50): success=31 t_flicker=18 t_touched=1
Ep 43100 | score   25.80 | avg100  155.63 | grasp100  67.0% | best 0.885 |     28 st/s
    done(50): success=36 t_flicker=11 t_touched=2 t_no_reach=1
Ep 43150 | score  103.11 | avg100  153.61 | grasp100  67.0% | best 0.885 |     28 st/s
    done(50): success=31 t_flicker=18 t_touched=1
Ep 43200 | score   59.74 | avg100  154.66 | grasp100  68.0% | best 0.885 |     28 st/s
    done(50): success=37 t_flicker=9 t_touched=3 t_no_reach=1
Ep 43250 | score  205.59 | avg100  162.56 | grasp100  72.0% | best 0.885 |     28 st/s
    done(50): success=35 t_flicker=13 t_touched=2
Ep 43300 | score  243.89 | avg100  164.69 | grasp100  71.0% | best 0.885 |     28 st/s
    done(50): success=36 t_flicker=13 t_no_reach=1
Ep 43350 | score  221.50 | avg100  163.73 | grasp100  71.0% | best 0.885 |     28 st/s
    done(50): success=35 t_flicker=11 t_touched=4
Ep 43400 | score   19.58 | avg100  166.57 | grasp100  74.0% | best 0.885 |     28 st/s
    done(50): success=39 t_flicker=11
Ep 43450 | score  231.34 | avg100  183.78 | grasp100  84.0% | best 0.885 |     28 st/s
    done(50): success=45 t_flicker=4 t_touched=1
Ep 43500 | score  207.68 | avg100  184.15 | grasp100  84.0% | best 0.885 |     28 st/s
    done(50): success=39 t_flicker=8 t_touched=2 t_no_reach=1
Ep 43550 | score  205.67 | avg100  183.41 | grasp100  85.0% | best 0.885 |     28 st/s
    done(50): success=46 t_flicker=2 t_no_reach=2
Ep 43600 | score  203.45 | avg100  188.26 | grasp100  88.0% | best 0.885 |     28 st/s
    done(50): success=42 t_flicker=5 t_touched=3
Ep 43650 | score  207.11 | avg100  184.20 | grasp100  84.0% | best 0.885 |     28 st/s
    done(50): success=42 t_flicker=7 t_touched=1
Ep 43700 | score   59.26 | avg100  182.39 | grasp100  83.0% | best 0.885 |     28 st/s
    done(50): success=41 t_flicker=8 t_touched=1
Ep 43750 | score  206.69 | avg100  184.77 | grasp100  85.0% | best 0.885 |     28 st/s
    done(50): success=44 t_flicker=5 t_no_reach=1
Ep 43800 | score  205.29 | avg100  185.03 | grasp100  85.0% | best 0.885 |     28 st/s
    done(50): success=41 t_flicker=9
Ep 43850 | score  207.79 | avg100  171.37 | grasp100  76.0% | best 0.885 |     28 st/s
    done(50): success=35 t_flicker=14 t_no_reach=1
Ep 43900 | score  205.74 | avg100  177.14 | grasp100  80.0% | best 0.885 |     28 st/s
    done(50): success=45 t_flicker=5
Ep 43950 | score  209.52 | avg100  183.47 | grasp100  84.0% | best 0.885 |     28 st/s
    done(50): success=39 t_flicker=10 t_no_reach=1
Ep 44000 | score  205.29 | avg100  170.72 | grasp100  78.0% | best 0.885 |     28 st/s
    done(50): success=39 t_flicker=6 t_touched=2 t_no_reach=3
Ep 44050 | score  209.27 | avg100  171.06 | grasp100  78.0% | best 0.885 |     28 st/s
    done(50): success=39 t_flicker=8 t_touched=3
Ep 44100 | score  208.80 | avg100  180.38 | grasp100  83.0% | best 0.885 |     28 st/s
    done(50): success=44 t_flicker=3 t_touched=1 t_no_reach=2
Ep 44150 | score  216.33 | avg100  188.84 | grasp100  89.0% | best 0.885 |     28 st/s
    done(50): success=45 t_flicker=5
Ep 44200 | score  203.55 | avg100  192.27 | grasp100  90.0% | best 0.885 |     28 st/s
    done(50): success=45 t_flicker=5
Ep 44231 | * BEST  level200=2.00 grasp200= 90.0% metric=0.900 | score  205.82
Ep 44250 | score  206.14 | avg100  190.92 | grasp100  90.0% | best 0.900 |     28 st/s
    done(50): success=45 t_flicker=3 t_no_reach=2
Ep 44300 | score  206.63 | avg100  185.80 | grasp100  86.0% | best 0.900 |     28 st/s
    done(50): success=41 t_flicker=9
Ep 44350 | score   55.48 | avg100  183.14 | grasp100  83.0% | best 0.900 |     28 st/s
    done(50): success=42 t_flicker=8
Ep 44400 | score  205.96 | avg100  188.22 | grasp100  86.0% | best 0.900 |     28 st/s
    done(50): success=44 t_flicker=6
Ep 44450 | score   60.19 | avg100  192.56 | grasp100  89.0% | best 0.900 |     28 st/s
    done(50): success=45 t_flicker=5
Ep 44500 | score  208.91 | avg100  191.72 | grasp100  89.0% | best 0.900 |     28 st/s
    done(50): success=44 t_flicker=5 t_no_reach=1
Ep 44550 | score  203.39 | avg100  186.23 | grasp100  85.0% | best 0.900 |     28 st/s
    done(50): success=41 t_flicker=8 t_touched=1
  [primacy-bias reset of critic heads @ 675000 updates]
Ep 44600 | score   17.94 | avg100  157.12 | grasp100  72.0% | best 0.900 |     28 st/s
    done(50): success=31 t_flicker=6 t_no_reach=13
Ep 44650 | score  -25.41 | avg100   57.21 | grasp100  31.0% | best 0.900 |     28 st/s
    done(50): t_flicker=2 t_touched=5 t_no_reach=43
Ep 44700 | score  -16.51 | avg100   10.30 | grasp100  11.0% | best 0.900 |     28 st/s
    done(50): success=11 t_flicker=4 t_touched=10 t_no_reach=25
Ep 44750 | score  206.47 | avg100   53.00 | grasp100  27.0% | best 0.900 |     28 st/s
    done(50): success=16 t_flicker=13 t_touched=4 t_no_reach=17
Ep 44800 | score   28.45 | avg100   87.84 | grasp100  39.0% | best 0.900 |     28 st/s
    done(50): success=23 t_flicker=14 t_touched=9 t_no_reach=4
Ep 44850 | score   56.08 | avg100  124.53 | grasp100  54.0% | best 0.900 |     28 st/s
    done(50): success=31 t_flicker=14 t_touched=4 t_no_reach=1
Ep 44900 | score  204.90 | avg100  141.13 | grasp100  60.0% | best 0.900 |     28 st/s
    done(50): success=29 t_flicker=16 t_touched=5
Ep 44950 | score   47.07 | avg100  148.79 | grasp100  62.0% | best 0.900 |     28 st/s
    done(50): success=33 t_flicker=15 t_touched=1 t_no_reach=1
Ep 45000 | score  205.38 | avg100  158.98 | grasp100  69.0% | best 0.900 |     28 st/s
    done(50): success=36 t_flicker=10 t_touched=3 t_no_reach=1
Ep 45050 | score   14.84 | avg100  166.15 | grasp100  75.0% | best 0.900 |     28 st/s
    done(50): success=39 t_flicker=9 t_touched=2
Ep 45100 | score  203.76 | avg100  173.57 | grasp100  78.0% | best 0.900 |     28 st/s
    done(50): success=39 t_flicker=10 t_touched=1
Ep 45150 | score  215.16 | avg100  176.92 | grasp100  79.0% | best 0.900 |     28 st/s
    done(50): success=40 t_flicker=8 t_no_reach=2
Ep 45200 | score   67.56 | avg100  174.77 | grasp100  79.0% | best 0.900 |     28 st/s
    done(50): success=39 t_flicker=7 t_touched=4
Ep 45250 | score   55.65 | avg100  168.96 | grasp100  75.0% | best 0.900 |     28 st/s
    done(50): success=36 t_flicker=11 t_touched=3
Ep 45300 | score  207.36 | avg100  180.98 | grasp100  82.0% | best 0.900 |     28 st/s
    done(50): success=46 t_flicker=4
Ep 45350 | score  205.99 | avg100  190.19 | grasp100  87.0% | best 0.900 |     28 st/s
    done(50): success=41 t_flicker=9
Ep 45400 | score  203.59 | avg100  179.78 | grasp100  80.0% | best 0.900 |     28 st/s
    done(50): success=39 t_flicker=10 t_touched=1
Ep 45450 | score  204.83 | avg100  174.50 | grasp100  78.0% | best 0.900 |     28 st/s
    done(50): success=39 t_flicker=9 t_touched=2
Ep 45500 | score  207.85 | avg100  182.09 | grasp100  82.0% | best 0.900 |     28 st/s
    done(50): success=43 t_flicker=7
Ep 45550 | score   86.22 | avg100  188.87 | grasp100  85.0% | best 0.900 |     28 st/s
    done(50): success=42 t_flicker=6 t_touched=1 t_no_reach=1
Ep 45600 | score  263.87 | avg100  181.73 | grasp100  82.0% | best 0.900 |     28 st/s
    done(50): success=40 t_flicker=9 t_no_reach=1
Ep 45650 | score  204.79 | avg100  184.30 | grasp100  84.0% | best 0.900 |     28 st/s
    done(50): success=44 t_flicker=6
Ep 45700 | score  216.14 | avg100  182.04 | grasp100  81.0% | best 0.900 |     28 st/s
    done(50): success=37 t_flicker=11 t_touched=1 t_no_reach=1
Ep 45750 | score  205.08 | avg100  170.04 | grasp100  74.0% | best 0.900 |     28 st/s
    done(50): success=37 t_flicker=10 t_touched=2 t_no_reach=1
Ep 45800 | score    6.68 | avg100  174.01 | grasp100  77.0% | best 0.900 |     28 st/s
    done(50): success=40 t_flicker=9 t_no_reach=1
Ep 45850 | score  217.02 | avg100  179.41 | grasp100  80.0% | best 0.900 |     28 st/s
    done(50): success=40 t_flicker=9 t_touched=1
Ep 45900 | score    0.38 | avg100  181.42 | grasp100  82.0% | best 0.900 |     28 st/s
    done(50): success=42 t_flicker=7 t_no_reach=1
Ep 45950 | score  204.44 | avg100  190.32 | grasp100  89.0% | best 0.900 |     28 st/s
    done(50): success=47 t_flicker=3
Ep 46000 | score  206.55 | avg100  195.37 | grasp100  92.0% | best 0.900 |     28 st/s
    done(50): success=45 t_flicker=5
Ep 46050 | score  205.43 | avg100  185.81 | grasp100  86.0% | best 0.900 |     28 st/s
    done(50): success=41 t_flicker=7 t_no_reach=2
Ep 46100 | score  206.11 | avg100  182.43 | grasp100  85.0% | best 0.900 |     28 st/s
    done(50): success=44 t_flicker=4 t_touched=1 t_no_reach=1
Ep 46150 | score  203.84 | avg100  190.92 | grasp100  90.0% | best 0.900 |     28 st/s
    done(50): success=46 t_flicker=2 t_touched=1 t_no_reach=1
Ep 46200 | score  204.64 | avg100  191.74 | grasp100  89.0% | best 0.900 |     28 st/s
    done(50): success=43 t_flicker=7
Ep 46250 | score  204.19 | avg100  188.14 | grasp100  86.0% | best 0.900 |     28 st/s
    done(50): success=43 t_flicker=7
Ep 46300 | score   34.09 | avg100  181.87 | grasp100  84.0% | best 0.900 |     28 st/s
    done(50): success=41 t_flicker=4 t_touched=4 t_no_reach=1
  [primacy-bias reset of critic heads @ 700000 updates]
Ep 46350 | score    0.49 | avg100  178.01 | grasp100  82.0% | best 0.900 |     28 st/s
    done(50): success=41 t_flicker=9
Ep 46400 | score  -27.18 | avg100   85.56 | grasp100  44.0% | best 0.900 |     28 st/s
    done(50): success=3 t_flicker=1 t_no_reach=46
Ep 46450 | score  -11.97 | avg100    3.32 | grasp100   8.0% | best 0.900 |     28 st/s
    done(50): success=5 t_flicker=7 t_touched=6 t_no_reach=32
Ep 46500 | score  208.31 | avg100   51.18 | grasp100  26.0% | best 0.900 |     28 st/s
    done(50): success=21 t_flicker=6 t_touched=10 t_no_reach=13
Ep 46550 | score    7.79 | avg100   97.61 | grasp100  43.0% | best 0.900 |     28 st/s
    done(50): success=22 t_flicker=14 t_touched=8 t_no_reach=6
Ep 46600 | score   30.62 | avg100  122.97 | grasp100  51.0% | best 0.900 |     28 st/s
    done(50): success=29 t_flicker=13 t_touched=4 t_no_reach=4
Ep 46650 | score  205.97 | avg100  145.90 | grasp100  63.0% | best 0.900 |     28 st/s
    done(50): success=34 t_flicker=14 t_touched=1 t_no_reach=1
Ep 46700 | score    7.56 | avg100  145.37 | grasp100  61.0% | best 0.900 |     28 st/s
    done(50): success=27 t_flicker=19 t_touched=2 t_no_reach=2
Ep 46750 | score  206.74 | avg100  145.93 | grasp100  61.0% | best 0.900 |     28 st/s
    done(50): success=34 t_flicker=14 t_touched=1 t_no_reach=1
Ep 46800 | score  207.18 | avg100  159.19 | grasp100  69.0% | best 0.900 |     28 st/s
    done(50): success=35 t_flicker=14 t_touched=1
Ep 46850 | score  204.96 | avg100  167.27 | grasp100  73.0% | best 0.900 |     28 st/s
    done(50): success=38 t_flicker=8 t_touched=4
Ep 46900 | score   17.17 | avg100  173.47 | grasp100  77.0% | best 0.900 |     28 st/s
    done(50): success=39 t_flicker=10 t_touched=1
Ep 46950 | score   59.34 | avg100  173.33 | grasp100  77.0% | best 0.900 |     28 st/s
    done(50): success=38 t_flicker=10 t_touched=1 t_no_reach=1
Ep 47000 | score  206.03 | avg100  178.71 | grasp100  81.0% | best 0.900 |     28 st/s
    done(50): success=43 t_flicker=7
Ep 47050 | score  118.83 | avg100  188.90 | grasp100  87.0% | best 0.900 |     28 st/s
    done(50): success=44 t_flicker=5 t_touched=1
Ep 47100 | score  205.83 | avg100  176.37 | grasp100  79.0% | best 0.900 |     28 st/s
    done(50): success=35 t_flicker=12 t_touched=2 t_no_reach=1
Ep 47150 | score  205.47 | avg100  173.08 | grasp100  77.0% | best 0.900 |     28 st/s
    done(50): success=42 t_flicker=8
Ep 47200 | score  206.72 | avg100  176.08 | grasp100  78.0% | best 0.900 |     28 st/s
    done(50): success=36 t_flicker=13 t_no_reach=1
Ep 47250 | score  204.23 | avg100  166.98 | grasp100  71.0% | best 0.900 |     28 st/s
    done(50): success=35 t_flicker=13 t_touched=1 t_no_reach=1
Ep 47300 | score   99.37 | avg100  172.64 | grasp100  75.0% | best 0.900 |     28 st/s
    done(50): success=40 t_flicker=9 t_no_reach=1
Ep 47350 | score  206.39 | avg100  187.53 | grasp100  85.0% | best 0.900 |     28 st/s
    done(50): success=45 t_flicker=5
Ep 47400 | score  207.25 | avg100  181.70 | grasp100  83.0% | best 0.900 |     28 st/s
    done(50): success=38 t_flicker=7 t_touched=3 t_no_reach=2
Ep 47450 | score  204.52 | avg100  171.94 | grasp100  78.0% | best 0.900 |     28 st/s
    done(50): success=40 t_flicker=9 t_no_reach=1
Ep 47500 | score  204.98 | avg100  179.38 | grasp100  81.0% | best 0.900 |     28 st/s
    done(50): success=41 t_flicker=8 t_no_reach=1
Ep 47550 | score   61.84 | avg100  174.08 | grasp100  78.0% | best 0.900 |     28 st/s
    done(50): success=37 t_flicker=12 t_no_reach=1
Ep 47600 | score  208.40 | avg100  175.46 | grasp100  77.0% | best 0.900 |     28 st/s
    done(50): success=40 t_flicker=10
Ep 47650 | score   56.14 | avg100  183.96 | grasp100  82.0% | best 0.900 |     28 st/s
    done(50): success=42 t_flicker=7 t_touched=1
Ep 47700 | score  209.77 | avg100  184.74 | grasp100  85.0% | best 0.900 |     28 st/s
    done(50): success=43 t_flicker=6 t_no_reach=1
Ep 47750 | score  210.11 | avg100  186.67 | grasp100  87.0% | best 0.900 |     28 st/s
    done(50): success=44 t_flicker=4 t_touched=2
Ep 47800 | score  205.12 | avg100  184.19 | grasp100  85.0% | best 0.900 |     28 st/s
    done(50): success=41 t_flicker=9
Ep 47850 | score  205.40 | avg100  183.01 | grasp100  83.0% | best 0.900 |     28 st/s
    done(50): success=42 t_flicker=6 t_touched=2
Ep 47900 | score  204.92 | avg100  180.70 | grasp100  83.0% | best 0.900 |     28 st/s
    done(50): success=41 t_flicker=6 t_touched=2 t_no_reach=1
Ep 47950 | score  205.87 | avg100  181.37 | grasp100  85.0% | best 0.900 |     28 st/s
    done(50): success=44 t_flicker=5 t_no_reach=1
Ep 48000 | score  206.11 | avg100  186.95 | grasp100  86.0% | best 0.900 |     28 st/s
    done(50): success=42 t_flicker=8
Ep 48050 | score  204.00 | avg100  189.00 | grasp100  86.0% | best 0.900 |     28 st/s
    done(50): success=44 t_flicker=5 t_no_reach=1
Ep 48100 | score  215.72 | avg100  185.17 | grasp100  85.0% | best 0.900 |     28 st/s
    done(50): success=41 t_flicker=7 t_touched=2
Ep 48150 | score  204.90 | avg100  178.05 | grasp100  82.0% | best 0.900 |     28 st/s
    done(50): success=41 t_flicker=7 t_no_reach=2
  [primacy-bias reset of critic heads @ 725000 updates]
Ep 48200 | score  -27.57 | avg100  122.51 | grasp100  60.0% | best 0.900 |     28 st/s
    done(50): success=19 t_flicker=2 t_no_reach=29
Ep 48250 | score   19.44 | avg100   65.00 | grasp100  36.0% | best 0.900 |     28 st/s
    done(50): success=17 t_flicker=5 t_touched=4 t_no_reach=24
Ep 48300 | score  208.51 | avg100   70.46 | grasp100  35.0% | best 0.900 |     28 st/s
    done(50): success=18 t_flicker=9 t_touched=9 t_no_reach=14
Ep 48350 | score  207.09 | avg100   80.14 | grasp100  33.0% | best 0.900 |     28 st/s
    done(50): success=15 t_flicker=21 t_touched=4 t_no_reach=10
Ep 48400 | score  206.18 | avg100  105.85 | grasp100  43.0% | best 0.900 |     28 st/s
    done(50): success=28 t_flicker=16 t_touched=4 t_no_reach=2
Ep 48450 | score  206.60 | avg100  136.07 | grasp100  58.0% | best 0.900 |     28 st/s
    done(50): success=30 t_flicker=19 t_touched=1
Ep 48500 | score  205.30 | avg100  144.96 | grasp100  62.0% | best 0.900 |     28 st/s
    done(50): success=32 t_flicker=13 t_touched=2 t_no_reach=3
Ep 48550 | score  230.43 | avg100  156.83 | grasp100  69.0% | best 0.900 |     28 st/s
    done(50): success=37 t_flicker=11 t_touched=1 t_no_reach=1
Ep 48600 | score  205.60 | avg100  164.50 | grasp100  73.0% | best 0.900 |     28 st/s
    done(50): success=36 t_flicker=11 t_touched=2 t_no_reach=1
Ep 48650 | score  205.46 | avg100  166.56 | grasp100  72.0% | best 0.900 |     28 st/s
    done(50): success=36 t_flicker=14
Ep 48700 | score  208.45 | avg100  173.76 | grasp100  76.0% | best 0.900 |     28 st/s
    done(50): success=40 t_flicker=9 t_touched=1
Ep 48750 | score  205.00 | avg100  174.84 | grasp100  79.0% | best 0.900 |     28 st/s
    done(50): success=39 t_flicker=9 t_touched=1 t_no_reach=1
Ep 48800 | score  204.98 | avg100  182.08 | grasp100  84.0% | best 0.900 |     28 st/s
    done(50): success=45 t_flicker=4 t_touched=1
Ep 48850 | score  204.90 | avg100  181.72 | grasp100  82.0% | best 0.900 |     28 st/s
    done(50): success=37 t_flicker=12 t_touched=1
Ep 48900 | score   60.95 | avg100  171.19 | grasp100  75.0% | best 0.900 |     28 st/s
    done(50): success=38 t_flicker=10 t_touched=2
Ep 48950 | score  206.65 | avg100  181.21 | grasp100  81.0% | best 0.900 |     28 st/s
    done(50): success=43 t_flicker=7
Ep 49000 | score  206.20 | avg100  186.53 | grasp100  85.0% | best 0.900 |     28 st/s
    done(50): success=42 t_flicker=7 t_touched=1
Ep 49050 | score  203.54 | avg100  188.64 | grasp100  87.0% | best 0.900 |     28 st/s
    done(50): success=45 t_flicker=4 t_touched=1
Ep 49100 | score   13.49 | avg100  185.40 | grasp100  85.0% | best 0.900 |     28 st/s
    done(50): success=40 t_flicker=7 t_touched=3
Ep 49150 | score  225.62 | avg100  166.03 | grasp100  72.0% | best 0.900 |     28 st/s
    done(50): success=32 t_flicker=16 t_touched=1 t_no_reach=1
Ep 49200 | score   55.60 | avg100  169.35 | grasp100  74.0% | best 0.900 |     28 st/s
    done(50): success=42 t_flicker=8
Ep 49250 | score  205.73 | avg100  189.52 | grasp100  88.0% | best 0.900 |     28 st/s
    done(50): success=46 t_flicker=4
Ep 49300 | score  204.77 | avg100  192.99 | grasp100  90.0% | best 0.900 |     28 st/s
    done(50): success=44 t_flicker=5 t_no_reach=1
Ep 49350 | score  208.14 | avg100  179.27 | grasp100  81.0% | best 0.900 |     28 st/s
    done(50): success=37 t_flicker=12 t_no_reach=1
Ep 49400 | score  208.07 | avg100  175.48 | grasp100  79.0% | best 0.900 |     28 st/s
    done(50): success=42 t_flicker=8
Ep 49450 | score  200.42 | avg100  185.70 | grasp100  86.0% | best 0.900 |     28 st/s
    done(50): success=44 t_flicker=6
Ep 49500 | score  206.32 | avg100  192.41 | grasp100  89.0% | best 0.900 |     28 st/s
    done(50): success=45 t_flicker=5
Ep 49550 | score  204.07 | avg100  189.82 | grasp100  86.0% | best 0.900 |     28 st/s
    done(50): success=41 t_flicker=9
Ep 49600 | score   97.56 | avg100  182.49 | grasp100  82.0% | best 0.900 |     28 st/s
    done(50): success=41 t_flicker=9
Ep 49650 | score  207.84 | avg100  182.56 | grasp100  82.0% | best 0.900 |     28 st/s
    done(50): success=41 t_flicker=9
Ep 49700 | score  208.36 | avg100  182.20 | grasp100  81.0% | best 0.900 |     28 st/s
    done(50): success=40 t_flicker=10
Ep 49750 | score  204.90 | avg100  181.56 | grasp100  81.0% | best 0.900 |     28 st/s
    done(50): success=41 t_flicker=8 t_touched=1
Ep 49800 | score  210.21 | avg100  180.27 | grasp100  81.0% | best 0.900 |     28 st/s
    done(50): success=40 t_flicker=7 t_touched=3
Ep 49850 | score  207.23 | avg100  181.84 | grasp100  82.0% | best 0.900 |     28 st/s
    done(50): success=42 t_flicker=8
Ep 49900 | score  206.48 | avg100  189.07 | grasp100  87.0% | best 0.900 |     28 st/s
    done(50): success=45 t_flicker=4 t_touched=1
Ep 49950 | score  -10.43 | avg100  190.44 | grasp100  89.0% | best 0.900 |     28 st/s
    done(50): success=44 t_flicker=5 t_no_reach=1
Ep 50000 | score  206.64 | avg100  184.82 | grasp100  85.0% | best 0.900 |     28 st/s
    done(50): success=41 t_flicker=8 t_touched=1
  [primacy-bias reset of critic heads @ 750000 updates]
Ep 50050 | score  -27.99 | avg100  121.65 | grasp100  57.0% | best 0.900 |     28 st/s
    done(50): success=16 t_flicker=6 t_no_reach=28
Ep 50100 | score  -27.99 | avg100   17.71 | grasp100  16.0% | best 0.900 |     28 st/s
    done(50): t_no_reach=50
Ep 50150 | score  -19.89 | avg100  -20.68 | grasp100   0.0% | best 0.900 |     28 st/s
    done(50): t_flicker=4 t_touched=8 t_no_reach=38
Ep 50200 | score   92.93 | avg100   28.92 | grasp100  14.0% | best 0.900 |     28 st/s
    done(50): success=14 t_flicker=19 t_touched=10 t_no_reach=7
Ep 50250 | score  208.19 | avg100  101.06 | grasp100  41.0% | best 0.900 |     28 st/s
    done(50): success=27 t_flicker=15 t_touched=7 t_no_reach=1
Ep 50300 | score  205.03 | avg100  134.15 | grasp100  56.0% | best 0.900 |     28 st/s
    done(50): success=29 t_flicker=14 t_touched=7
Ep 50350 | score  207.05 | avg100  140.30 | grasp100  60.0% | best 0.900 |     28 st/s
    done(50): success=31 t_flicker=14 t_touched=3 t_no_reach=2
Ep 50400 | score  205.68 | avg100  157.76 | grasp100  70.0% | best 0.900 |     28 st/s
    done(50): success=39 t_flicker=9 t_touched=2
Ep 50450 | score  205.00 | avg100  176.97 | grasp100  80.0% | best 0.900 |     28 st/s
    done(50): success=41 t_flicker=8 t_touched=1
Ep 50500 | score  205.12 | avg100  176.64 | grasp100  79.0% | best 0.900 |     28 st/s
    done(50): success=38 t_flicker=10 t_touched=2
Ep 50550 | score  246.42 | avg100  178.07 | grasp100  78.0% | best 0.900 |     28 st/s
    done(50): success=40 t_flicker=9 t_touched=1
Ep 50600 | score  207.89 | avg100  180.41 | grasp100  78.0% | best 0.900 |     28 st/s
    done(50): success=38 t_flicker=12
Ep 50650 | score    0.27 | avg100  177.26 | grasp100  78.0% | best 0.900 |     28 st/s
    done(50): success=40 t_flicker=9 t_touched=1
Ep 50700 | score  206.59 | avg100  182.82 | grasp100  83.0% | best 0.900 |     28 st/s
    done(50): success=43 t_flicker=5 t_touched=1 t_no_reach=1
Ep 50750 | score  206.74 | avg100  191.03 | grasp100  88.0% | best 0.900 |     28 st/s
    done(50): success=45 t_flicker=3 t_touched=2
Ep 50800 | score  205.16 | avg100  184.99 | grasp100  85.0% | best 0.900 |     28 st/s
    done(50): success=40 t_flicker=9 t_no_reach=1
Ep 50850 | score  211.43 | avg100  172.64 | grasp100  77.0% | best 0.900 |     28 st/s
    done(50): success=37 t_flicker=10 t_touched=2 t_no_reach=1
Ep 50900 | score   56.95 | avg100  177.63 | grasp100  80.0% | best 0.900 |     28 st/s
    done(50): success=43 t_flicker=4 t_touched=1 t_no_reach=2
Ep 50950 | score  208.54 | avg100  184.77 | grasp100  84.0% | best 0.900 |     28 st/s
    done(50): success=41 t_flicker=9
Ep 51000 | score  206.16 | avg100  185.94 | grasp100  84.0% | best 0.900 |     28 st/s
    done(50): success=43 t_flicker=6 t_no_reach=1
Ep 51050 | score  208.77 | avg100  192.87 | grasp100  89.0% | best 0.900 |     28 st/s
    done(50): success=46 t_flicker=4
Ep 51100 | score  206.63 | avg100  195.47 | grasp100  91.0% | best 0.900 |     28 st/s
    done(50): success=45 t_flicker=4 t_touched=1
Ep 51150 | score  236.19 | avg100  194.69 | grasp100  91.0% | best 0.900 |     28 st/s
    done(50): success=46 t_flicker=3 t_no_reach=1
Ep 51200 | score  205.65 | avg100  190.89 | grasp100  87.0% | best 0.900 |     28 st/s
    done(50): success=41 t_flicker=9
Ep 51250 | score  207.42 | avg100  183.40 | grasp100  82.0% | best 0.900 |     28 st/s
    done(50): success=41 t_flicker=8 t_touched=1
Ep 51300 | score  208.32 | avg100  183.56 | grasp100  84.0% | best 0.900 |     28 st/s
    done(50): success=43 t_flicker=6 t_touched=1
Ep 51350 | score  208.62 | avg100  191.12 | grasp100  88.0% | best 0.900 |     28 st/s
    done(50): success=45 t_flicker=5
Ep 51400 | score  200.91 | avg100  187.69 | grasp100  86.0% | best 0.900 |     28 st/s
    done(50): success=41 t_flicker=8 t_touched=1
Ep 51450 | score  206.04 | avg100  182.18 | grasp100  83.0% | best 0.900 |     28 st/s
    done(50): success=42 t_flicker=7 t_no_reach=1
Ep 51500 | score  221.74 | avg100  188.38 | grasp100  87.0% | best 0.900 |     28 st/s
    done(50): success=45 t_flicker=4 t_no_reach=1
Ep 51550 | score  195.12 | avg100  197.14 | grasp100  93.0% | best 0.900 |     28 st/s
    done(50): success=48 t_flicker=1 t_no_reach=1
Ep 51600 | score  207.01 | avg100  193.77 | grasp100  91.0% | best 0.900 |     28 st/s
    done(50): success=43 t_flicker=6 t_no_reach=1
Ep 51650 | score  207.46 | avg100  181.83 | grasp100  83.0% | best 0.900 |     28 st/s
    done(50): success=40 t_flicker=10
Ep 51700 | score  206.17 | avg100  181.66 | grasp100  83.0% | best 0.900 |     28 st/s
    done(50): success=43 t_flicker=5 t_touched=1 t_no_reach=1
Ep 51750 | score  205.69 | avg100  185.85 | grasp100  87.0% | best 0.900 |     28 st/s
    done(50): success=44 t_flicker=4 t_touched=1 t_no_reach=1
Ep 51800 | score  204.66 | avg100  182.98 | grasp100  86.0% | best 0.900 |     28 st/s
    done(50): success=42 t_flicker=6 t_no_reach=2
  [primacy-bias reset of critic heads @ 775000 updates]
Ep 51850 | score  -18.83 | avg100  133.85 | grasp100  63.0% | best 0.900 |     28 st/s
    done(50): success=21 t_flicker=6 t_touched=4 t_no_reach=19
Ep 51900 | score  -10.63 | avg100   52.16 | grasp100  24.0% | best 0.900 |     28 st/s
    done(50): success=3 t_flicker=11 t_touched=10 t_no_reach=26
Ep 51950 | score  206.32 | avg100   47.12 | grasp100  19.0% | best 0.900 |     28 st/s
    done(50): success=16 t_flicker=16 t_touched=4 t_no_reach=14
Ep 52000 | score  208.01 | avg100   86.78 | grasp100  37.0% | best 0.900 |     28 st/s
    done(50): success=21 t_flicker=13 t_touched=4 t_no_reach=12
Ep 52050 | score  205.25 | avg100  113.25 | grasp100  51.0% | best 0.900 |     28 st/s
    done(50): success=30 t_flicker=11 t_touched=2 t_no_reach=7
Ep 52100 | score  205.96 | avg100  145.04 | grasp100  66.0% | best 0.900 |     28 st/s
    done(50): success=36 t_flicker=11 t_touched=2 t_no_reach=1
Ep 52150 | score   37.74 | avg100  155.90 | grasp100  68.0% | best 0.900 |     28 st/s
    done(50): success=32 t_flicker=17 t_touched=1
Ep 52200 | score  206.62 | avg100  158.51 | grasp100  68.0% | best 0.900 |     28 st/s
    done(50): success=36 t_flicker=10 t_touched=4
Ep 52250 | score   71.31 | avg100  159.57 | grasp100  70.0% | best 0.900 |     28 st/s
    done(50): success=34 t_flicker=13 t_touched=3
Ep 52300 | score  208.62 | avg100  161.30 | grasp100  71.0% | best 0.900 |     28 st/s
    done(50): success=37 t_flicker=9 t_touched=4
Ep 52350 | score  206.24 | avg100  171.78 | grasp100  77.0% | best 0.900 |     28 st/s
    done(50): success=40 t_flicker=10
Ep 52400 | score   56.69 | avg100  173.98 | grasp100  79.0% | best 0.900 |     28 st/s
    done(50): success=39 t_flicker=10 t_touched=1
Ep 52450 | score  206.34 | avg100  176.67 | grasp100  81.0% | best 0.900 |     28 st/s
    done(50): success=42 t_flicker=7 t_no_reach=1
Ep 52500 | score  102.39 | avg100  181.18 | grasp100  83.0% | best 0.900 |     28 st/s
    done(50): success=41 t_flicker=9
Ep 52550 | score  207.96 | avg100  183.86 | grasp100  83.0% | best 0.900 |     28 st/s
    done(50): success=42 t_flicker=8
Ep 52600 | score  206.01 | avg100  179.33 | grasp100  81.0% | best 0.900 |     28 st/s
    done(50): success=39 t_flicker=8 t_touched=1 t_no_reach=2
Ep 52650 | score  207.90 | avg100  178.11 | grasp100  81.0% | best 0.900 |     28 st/s
    done(50): success=42 t_flicker=7 t_no_reach=1
Ep 52700 | score   98.48 | avg100  187.49 | grasp100  86.0% | best 0.900 |     28 st/s
    done(50): success=44 t_flicker=6
Ep 52750 | score   60.19 | avg100  179.23 | grasp100  81.0% | best 0.900 |     28 st/s
    done(50): success=37 t_flicker=11 t_touched=1 t_no_reach=1
Ep 52800 | score  207.75 | avg100  180.38 | grasp100  82.0% | best 0.900 |     28 st/s
    done(50): success=45 t_flicker=4 t_touched=1
Ep 52850 | score   56.10 | avg100  188.73 | grasp100  87.0% | best 0.900 |     28 st/s
    done(50): success=42 t_flicker=8
Ep 52900 | score  216.45 | avg100  180.26 | grasp100  81.0% | best 0.900 |     28 st/s
    done(50): success=39 t_flicker=11
Ep 52950 | score   59.64 | avg100  177.03 | grasp100  79.0% | best 0.900 |     28 st/s
    done(50): success=40 t_flicker=9 t_touched=1
Ep 53000 | score  206.16 | avg100  185.40 | grasp100  85.0% | best 0.900 |     28 st/s
    done(50): success=45 t_flicker=4 t_no_reach=1
Ep 53050 | score   73.05 | avg100  189.72 | grasp100  88.0% | best 0.900 |     28 st/s
    done(50): success=43 t_flicker=5 t_no_reach=2
Ep 53100 | score  207.86 | avg100  183.25 | grasp100  82.0% | best 0.900 |     28 st/s
    done(50): success=39 t_flicker=10 t_touched=1
Ep 53150 | score  205.03 | avg100  186.20 | grasp100  84.0% | best 0.900 |     28 st/s
    done(50): success=45 t_flicker=4 t_touched=1
Ep 53200 | score  217.09 | avg100  195.01 | grasp100  90.0% | best 0.900 |     28 st/s
    done(50): success=45 t_flicker=5
Ep 53250 | score  205.50 | avg100  196.08 | grasp100  90.0% | best 0.900 |     28 st/s
    done(50): success=45 t_flicker=5
Ep 53295 | * BEST  level200=2.00 grasp200= 91.5% metric=0.915 | score  206.30
Ep 53300 | score  205.47 | avg100  198.35 | grasp100  93.0% | best 0.915 |     28 st/s
    done(50): success=48 t_flicker=2
Ep 53333 | * BEST  level200=2.00 grasp200= 93.0% metric=0.930 | score  214.72
Ep 53350 | score  207.53 | avg100  198.49 | grasp100  94.0% | best 0.930 |     28 st/s
    done(50): success=46 t_flicker=3 t_touched=1
Ep 53400 | score  203.20 | avg100  194.77 | grasp100  91.0% | best 0.930 |     28 st/s
    done(50): success=45 t_flicker=4 t_touched=1
Ep 53450 | score  205.06 | avg100  188.81 | grasp100  85.0% | best 0.930 |     28 st/s
    done(50): success=40 t_flicker=9 t_no_reach=1
Ep 53500 | score   57.01 | avg100  189.66 | grasp100  86.0% | best 0.930 |     28 st/s
    done(50): success=46 t_flicker=4
Ep 53550 | score  203.33 | avg100  194.38 | grasp100  91.0% | best 0.930 |     28 st/s
    done(50): success=45 t_flicker=4 t_no_reach=1
Ep 53600 | score  208.76 | avg100  180.92 | grasp100  83.0% | best 0.930 |     28 st/s
    done(50): success=38 t_flicker=10 t_touched=1 t_no_reach=1
Ep 53650 | score  249.35 | avg100  178.68 | grasp100  81.0% | best 0.930 |     28 st/s
    done(50): success=43 t_flicker=6 t_touched=1
  [primacy-bias reset of critic heads @ 800000 updates]
Ep 53700 | score  208.04 | avg100  168.87 | grasp100  78.0% | best 0.930 |     28 st/s
    done(50): success=35 t_flicker=7 t_no_reach=8
Ep 53750 | score  -17.92 | avg100   70.38 | grasp100  35.0% | best 0.930 |     28 st/s
    done(50): t_flicker=5 t_touched=6 t_no_reach=39
Ep 53800 | score   -7.39 | avg100   28.53 | grasp100  15.0% | best 0.930 |     28 st/s
    done(50): success=15 t_flicker=10 t_touched=6 t_no_reach=19
Ep 53850 | score  208.26 | avg100   83.60 | grasp100  37.0% | best 0.930 |     28 st/s
    done(50): success=22 t_flicker=11 t_touched=7 t_no_reach=10
Ep 53900 | score  205.46 | avg100  110.59 | grasp100  47.0% | best 0.930 |     28 st/s
    done(50): success=25 t_flicker=15 t_touched=4 t_no_reach=6
Ep 53950 | score  206.46 | avg100  139.45 | grasp100  60.0% | best 0.930 |     28 st/s
    done(50): success=35 t_flicker=10 t_touched=2 t_no_reach=3
Ep 54000 | score  205.67 | avg100  147.68 | grasp100  63.0% | best 0.930 |     28 st/s
    done(50): success=28 t_flicker=15 t_touched=6 t_no_reach=1
Ep 54050 | score  204.60 | avg100  148.28 | grasp100  64.0% | best 0.930 |     28 st/s
    done(50): success=36 t_flicker=13 t_no_reach=1
Ep 54100 | score    1.17 | avg100  159.70 | grasp100  71.0% | best 0.930 |     28 st/s
    done(50): success=35 t_flicker=13 t_touched=1 t_no_reach=1
Ep 54150 | score  207.37 | avg100  160.98 | grasp100  69.0% | best 0.930 |     28 st/s
    done(50): success=34 t_flicker=15 t_touched=1
Ep 54200 | score  204.57 | avg100  177.67 | grasp100  79.0% | best 0.930 |     28 st/s
    done(50): success=45 t_flicker=5
Ep 54250 | score  203.50 | avg100  186.42 | grasp100  87.0% | best 0.930 |     28 st/s
    done(50): success=42 t_flicker=4 t_touched=2 t_no_reach=2
Ep 54300 | score  207.48 | avg100  178.64 | grasp100  82.0% | best 0.930 |     28 st/s
    done(50): success=40 t_flicker=10
Ep 54350 | score   21.49 | avg100  174.25 | grasp100  78.0% | best 0.930 |     28 st/s
    done(50): success=38 t_flicker=11 t_touched=1
Ep 54400 | score  206.15 | avg100  177.90 | grasp100  80.0% | best 0.930 |     28 st/s
    done(50): success=42 t_flicker=8
Ep 54450 | score   66.15 | avg100  176.07 | grasp100  79.0% | best 0.930 |     28 st/s
    done(50): success=37 t_flicker=10 t_touched=3
Ep 54500 | score  204.41 | avg100  168.74 | grasp100  75.0% | best 0.930 |     28 st/s
    done(50): success=38 t_flicker=9 t_touched=3
Ep 54550 | score  203.61 | avg100  178.60 | grasp100  81.0% | best 0.930 |     28 st/s
    done(50): success=43 t_flicker=7
Ep 54600 | score  205.69 | avg100  186.60 | grasp100  85.0% | best 0.930 |     28 st/s
    done(50): success=42 t_flicker=7 t_touched=1
Ep 54650 | score  203.03 | avg100  182.32 | grasp100  83.0% | best 0.930 |     28 st/s
    done(50): success=41 t_flicker=7 t_touched=2
Ep 54700 | score  206.22 | avg100  178.11 | grasp100  80.0% | best 0.930 |     28 st/s
    done(50): success=39 t_flicker=11
Ep 54750 | score  202.71 | avg100  184.94 | grasp100  83.0% | best 0.930 |     28 st/s
    done(50): success=44 t_flicker=6
Ep 54800 | score  206.31 | avg100  191.49 | grasp100  88.0% | best 0.930 |     28 st/s
    done(50): success=44 t_flicker=6
Ep 54850 | score    8.20 | avg100  186.26 | grasp100  86.0% | best 0.930 |     28 st/s
    done(50): success=42 t_flicker=6 t_no_reach=2
Ep 54900 | score   62.20 | avg100  182.98 | grasp100  84.0% | best 0.930 |     28 st/s
    done(50): success=42 t_flicker=7 t_touched=1
Ep 54950 | score  204.00 | avg100  183.32 | grasp100  85.0% | best 0.930 |     28 st/s
    done(50): success=43 t_flicker=5 t_no_reach=2
Ep 55000 | score  202.64 | avg100  187.52 | grasp100  87.0% | best 0.930 |     28 st/s
    done(50): success=44 t_flicker=5 t_no_reach=1

========================================================================
DONE  td3_ln_cereal_basewarm_s3
  Episodes     : 55000
  Env steps    : 2,044,890  (72859s)
  Best metric  : 0.930  (policy in /home/fahim/Thesis_fahim/pickandplace/checkpoints/td3_grasp_rand_td3_ln_cereal_basewarm_s3/best)
  Final grasp% : 87.0
  CSV          : /home/fahim/Thesis_fahim/pickandplace/logs/grasp_rand_td3_ln_cereal_basewarm_s3/episodes.csv
  Probe CSV    : /home/fahim/Thesis_fahim/pickandplace/logs/grasp_rand_td3_ln_cereal_basewarm_s3/probe.csv
  Manifest     : /home/fahim/Thesis_fahim/pickandplace/logs/grasp_rand_td3_ln_cereal_basewarm_s3/manifest.json
========================================================================

