========================================================================
RANDOM-SPAWN GRASP RETRAINING  |  algo=td3_ln  run=td3_ln_cereal_alignwarm_s3
========================================================================
  Envs                : 5 (subprocess-parallel, fork)
  Spawn level         : 2.0 (1.0 = full position box, 2.0 = + z-rotation)
  Updates/vec-step    : 2 (0.400 per env-step; historical baseline 0.5)
  Buffer              : 2,000,000
  Actor               : 64 -> 32  (5,216 weights)  [critics 512->256]
  Warm start          : checkpoints/td3_grasp_rand_td3_ln_c2m512_s1/best
  Checkpoints         : /home/fahim/Thesis_fahim/pickandplace/checkpoints/td3_grasp_rand_td3_ln_cereal_alignwarm_s3
========================================================================

Spawning 5 subprocess environments (fork)...
[robosuite WARNING] No private macro file found! (__init__.py:7)
[robosuite WARNING] It is recommended to use a private macro file (__init__.py:8)
[robosuite WARNING] To setup, run: python /home/fahim/Thesis_fahim/venv/lib/python3.12/site-packages/robosuite/scripts/setup_macros.py (__init__.py:9)
[robosuite WARNING] No private macro file found! (__init__.py:7)
[robosuite WARNING] It is recommended to use a private macro file (__init__.py:8)
[robosuite WARNING] To setup, run: python /home/fahim/Thesis_fahim/venv/lib/python3.12/site-packages/robosuite/scripts/setup_macros.py (__init__.py:9)
[robosuite WARNING] No private macro file found! (__init__.py:7)
[robosuite WARNING] It is recommended to use a private macro file (__init__.py:8)
[robosuite WARNING] To setup, run: python /home/fahim/Thesis_fahim/venv/lib/python3.12/site-packages/robosuite/scripts/setup_macros.py (__init__.py:9)
[robosuite WARNING] No private macro file found! (__init__.py:7)
[robosuite WARNING] It is recommended to use a private macro file (__init__.py:8)
[robosuite WARNING] To setup, run: python /home/fahim/Thesis_fahim/venv/lib/python3.12/site-packages/robosuite/scripts/setup_macros.py (__init__.py:9)
[robosuite WARNING] No private macro file found! (__init__.py:7)
[robosuite WARNING] It is recommended to use a private macro file (__init__.py:8)
[robosuite WARNING] To setup, run: python /home/fahim/Thesis_fahim/venv/lib/python3.12/site-packages/robosuite/scripts/setup_macros.py (__init__.py:9)
Gym has been unmaintained since 2022 and does not support NumPy 2.0 amongst other critical functionality.
Please upgrade to Gymnasium, the maintained drop-in replacement of Gym, or contact the authors of your software and request that they upgrade.
See the migration guide at https://gymnasium.farama.org/introduction/migration_guide/ for additional information.
Gym has been unmaintained since 2022 and does not support NumPy 2.0 amongst other critical functionality.
Please upgrade to Gymnasium, the maintained drop-in replacement of Gym, or contact the authors of your software and request that they upgrade.
See the migration guide at https://gymnasium.farama.org/introduction/migration_guide/ for additional information.
Gym has been unmaintained since 2022 and does not support NumPy 2.0 amongst other critical functionality.
Please upgrade to Gymnasium, the maintained drop-in replacement of Gym, or contact the authors of your software and request that they upgrade.
See the migration guide at https://gymnasium.farama.org/introduction/migration_guide/ for additional information.
Gym has been unmaintained since 2022 and does not support NumPy 2.0 amongst other critical functionality.
Please upgrade to Gymnasium, the maintained drop-in replacement of Gym, or contact the authors of your software and request that they upgrade.
See the migration guide at https://gymnasium.farama.org/introduction/migration_guide/ for additional information.
Gym has been unmaintained since 2022 and does not support NumPy 2.0 amongst other critical functionality.
Please upgrade to Gymnasium, the maintained drop-in replacement of Gym, or contact the authors of your software and request that they upgrade.
See the migration guide at https://gymnasium.farama.org/introduction/migration_guide/ for additional information.
/home/fahim/Thesis_fahim/venv/lib/python3.12/site-packages/gym/spaces/box.py:84: UserWarning: [33mWARN: Box bound precision lowered by casting to float32[0m
  logger.warn(f"Box bound precision lowered by casting to {self.dtype}")
/home/fahim/Thesis_fahim/venv/lib/python3.12/site-packages/gym/spaces/box.py:84: UserWarning: [33mWARN: Box bound precision lowered by casting to float32[0m
  logger.warn(f"Box bound precision lowered by casting to {self.dtype}")
/home/fahim/Thesis_fahim/venv/lib/python3.12/site-packages/gym/spaces/box.py:84: UserWarning: [33mWARN: Box bound precision lowered by casting to float32[0m
  logger.warn(f"Box bound precision lowered by casting to {self.dtype}")
/home/fahim/Thesis_fahim/venv/lib/python3.12/site-packages/gym/spaces/box.py:84: UserWarning: [33mWARN: Box bound precision lowered by casting to float32[0m
  logger.warn(f"Box bound precision lowered by casting to {self.dtype}")
/home/fahim/Thesis_fahim/venv/lib/python3.12/site-packages/gym/spaces/box.py:84: UserWarning: [33mWARN: Box bound precision lowered by casting to float32[0m
  logger.warn(f"Box bound precision lowered by casting to {self.dtype}")
Gym has been unmaintained since 2022 and does not support NumPy 2.0 amongst other critical functionality.
Please upgrade to Gymnasium, the maintained drop-in replacement of Gym, or contact the authors of your software and request that they upgrade.
See the migration guide at https://gymnasium.farama.org/introduction/migration_guide/ for additional information.
5 environments ready.

  Actor QAT           : per-tensor INT8 fake-quant, STE grads
  Actor weight clip   : |w| <= 8.0 * std(w) per Linear tensor (bi_s0 baseline fc1 9.96 / fc2 10.82)
Init: warm-started (actor only, critics fresh) (source: /home/fahim/Thesis_fahim/pickandplace/checkpoints/td3_grasp_rand_td3_ln_c2m512_s1/best)
Fresh replay buffer.

Training...

Ep    50 | score    9.64 | avg100   -3.35 | grasp100   8.0% | best 0.000 |    127 st/s
    done(50): success=4 t_flicker=7 t_touched=17 t_no_reach=22
Ep   100 | score  -51.37 | avg100  -31.68 | grasp100   4.0% | best 0.000 |     54 st/s
    done(50): t_flicker=2 t_touched=8 t_no_reach=40
Ep   150 | score  -71.68 | avg100  -61.48 | grasp100   0.0% | best 0.000 |     45 st/s
    done(50): t_touched=5 t_no_reach=45
Ep   200 | * BEST  level200=2.00 grasp200=  2.0% metric=0.020 | score  -78.27
Ep   250 | score  -73.86 | avg100  -54.36 | grasp100   0.0% | best 0.020 |     39 st/s
    done(50): t_flicker=6 t_touched=1 t_no_reach=43
Ep   300 | score  -62.21 | avg100  -52.19 | grasp100   0.0% | best 0.020 |     38 st/s
    done(50): t_flicker=2 t_touched=5 t_no_reach=43
Ep   350 | score  -56.53 | avg100  -54.42 | grasp100   0.0% | best 0.020 |     37 st/s
    done(50): t_flicker=1 t_touched=5 t_no_reach=44
  [primacy-bias reset of critic heads @ 25000 updates]
Ep   400 | score  -79.35 | avg100  -59.45 | grasp100   0.0% | best 0.020 |     37 st/s
    done(50): t_flicker=1 t_touched=3 t_no_reach=46
Ep   450 | score  -71.64 | avg100  -71.02 | grasp100   0.0% | best 0.020 |     37 st/s
    done(50): t_touched=1 t_no_reach=49
Ep   500 | score  -71.72 | avg100  -65.20 | grasp100   0.0% | best 0.020 |     36 st/s
    done(50): t_flicker=4 t_touched=8 t_no_reach=38
Ep   550 | score  -55.22 | avg100  -51.84 | grasp100   0.0% | best 0.020 |     36 st/s
    done(50): t_flicker=3 t_touched=8 t_no_reach=39
Ep   600 | score  -76.28 | avg100  -43.46 | grasp100   1.0% | best 0.020 |     36 st/s
    done(50): success=1 t_flicker=4 t_touched=7 t_no_reach=38
Ep   650 | score    8.07 | avg100  -43.83 | grasp100   1.0% | best 0.020 |     35 st/s
    done(50): t_flicker=4 t_touched=10 t_no_reach=36
  [primacy-bias reset of critic heads @ 50000 updates]
Ep   700 | score  -79.27 | avg100  -47.85 | grasp100   2.0% | best 0.020 |     35 st/s
    done(50): success=2 t_flicker=4 t_touched=8 t_no_reach=36
Ep   750 | score  -55.22 | avg100  -55.18 | grasp100   3.0% | best 0.020 |     35 st/s
    done(50): success=1 t_touched=5 t_no_reach=44
Ep   800 | score   17.75 | avg100  -51.47 | grasp100   1.0% | best 0.020 |     35 st/s
    done(50): t_flicker=6 t_touched=17 t_no_reach=27
Ep   850 | score  -25.14 | avg100  -37.55 | grasp100   0.0% | best 0.020 |     35 st/s
    done(50): t_flicker=9 t_touched=6 t_no_reach=35
Ep   900 | score  -38.91 | avg100  -36.26 | grasp100   0.0% | best 0.020 |     34 st/s
    done(50): t_flicker=7 t_touched=11 t_no_reach=32
Ep   950 | score  -43.63 | avg100  -27.63 | grasp100   1.0% | best 0.020 |     34 st/s
    done(50): success=1 t_flicker=9 t_touched=17 t_no_reach=23
Ep  1000 | score  -29.89 | avg100   -9.94 | grasp100   3.0% | best 0.020 |     34 st/s
    done(50): success=2 t_flicker=9 t_touched=22 t_no_reach=17
  [primacy-bias reset of critic heads @ 75000 updates]
Ep  1047 | * BEST  level200=2.00 grasp200=  3.5% metric=0.035 | score  161.57
Ep  1050 | score  -46.35 | avg100  -15.39 | grasp100   6.0% | best 0.035 |     34 st/s
    done(50): success=4 t_flicker=4 t_touched=4 t_no_reach=38
Ep  1100 | score  -24.34 | avg100  -32.59 | grasp100   4.0% | best 0.035 |     34 st/s
    done(50): t_flicker=5 t_touched=15 t_no_reach=30
Ep  1150 | score  -32.40 | avg100  -19.98 | grasp100   2.0% | best 0.035 |     34 st/s
    done(50): success=2 t_flicker=9 t_touched=18 t_no_reach=21
Ep  1200 | score   57.56 | avg100    6.14 | grasp100   5.0% | best 0.035 |     34 st/s
    done(50): success=3 t_flicker=7 t_touched=25 t_no_reach=15
Ep  1250 | score  -10.47 | avg100    6.38 | grasp100   3.0% | best 0.035 |     34 st/s
    done(50): t_flicker=9 t_touched=17 t_no_reach=24
Ep  1300 | score   40.62 | avg100    2.78 | grasp100   0.0% | best 0.035 |     34 st/s
    done(50): t_flicker=14 t_touched=25 t_no_reach=11
  [primacy-bias reset of critic heads @ 100000 updates]
Ep  1350 | score  -26.86 | avg100   20.41 | grasp100   6.0% | best 0.035 |     34 st/s
    done(50): success=6 t_flicker=12 t_touched=21 t_no_reach=11
Ep  1400 | score   -1.91 | avg100   14.63 | grasp100   8.0% | best 0.035 |     34 st/s
    done(50): success=2 t_flicker=13 t_touched=16 t_no_reach=19
Ep  1417 | * BEST  level200=2.00 grasp200=  5.0% metric=0.050 | score  155.65
Ep  1450 | score  -56.63 | avg100    4.08 | grasp100   4.0% | best 0.050 |     34 st/s
    done(50): success=2 t_flicker=21 t_touched=13 t_no_reach=14
Ep  1478 | * BEST  level200=2.00 grasp200=  6.5% metric=0.065 | score  190.35
Ep  1500 | score  -72.01 | avg100   15.50 | grasp100   6.0% | best 0.065 |     34 st/s
    done(50): success=4 t_flicker=19 t_touched=15 t_no_reach=12
Ep  1550 | score   32.45 | avg100   20.74 | grasp100   9.0% | best 0.065 |     34 st/s
    done(50): success=5 t_flicker=15 t_touched=14 t_no_reach=16
Ep  1600 | score   43.31 | avg100   19.57 | grasp100   6.0% | best 0.065 |     34 st/s
    done(50): success=1 t_flicker=19 t_touched=18 t_no_reach=12
Ep  1650 | score   58.27 | avg100   28.55 | grasp100   2.0% | best 0.065 |     34 st/s
    done(50): success=1 t_flicker=18 t_touched=21 t_no_reach=10
  [primacy-bias reset of critic heads @ 125000 updates]
Ep  1700 | score  149.92 | avg100   21.76 | grasp100   5.0% | best 0.065 |     34 st/s
    done(50): success=4 t_flicker=8 t_touched=16 t_no_reach=22
Ep  1750 | score  119.41 | avg100   -1.72 | grasp100   4.0% | best 0.065 |     33 st/s
    done(50): t_flicker=10 t_touched=12 t_no_reach=28
Ep  1800 | score  -24.31 | avg100    4.31 | grasp100   2.0% | best 0.065 |     33 st/s
    done(50): success=2 t_flicker=19 t_touched=14 t_no_reach=15
Ep  1850 | score   58.06 | avg100   34.91 | grasp100   9.0% | best 0.065 |     33 st/s
    done(50): success=7 t_flicker=21 t_touched=10 t_no_reach=12
Ep  1900 | score   29.58 | avg100   44.67 | grasp100  11.0% | best 0.065 |     33 st/s
    done(50): success=4 t_flicker=21 t_touched=17 t_no_reach=8
Ep  1924 | * BEST  level200=2.00 grasp200=  8.0% metric=0.080 | score  177.70
Ep  1950 | * BEST  level200=2.00 grasp200=  9.5% metric=0.095 | score  145.69
Ep  1977 | * BEST  level200=2.00 grasp200= 11.0% metric=0.110 | score  194.12
Ep  2000 | score   84.93 | avg100   59.46 | grasp100  12.0% | best 0.110 |     33 st/s
    done(50): success=6 t_flicker=15 t_touched=25 t_no_reach=4
Ep  2050 | score   22.83 | avg100   59.38 | grasp100  11.0% | best 0.110 |     33 st/s
    done(50): success=5 t_flicker=28 t_touched=13 t_no_reach=4
  [primacy-bias reset of critic heads @ 150000 updates]
Ep  2100 | score   33.60 | avg100   27.52 | grasp100   7.0% | best 0.110 |     33 st/s
    done(50): success=2 t_flicker=12 t_touched=20 t_no_reach=16
Ep  2150 | score   61.33 | avg100    4.44 | grasp100   3.0% | best 0.110 |     33 st/s
    done(50): success=1 t_flicker=19 t_touched=18 t_no_reach=12
Ep  2200 | score   59.37 | avg100   27.75 | grasp100   7.0% | best 0.110 |     33 st/s
    done(50): success=6 t_flicker=22 t_touched=18 t_no_reach=4
Ep  2250 | score   61.46 | avg100   45.69 | grasp100  13.0% | best 0.110 |     33 st/s
    done(50): success=7 t_flicker=16 t_touched=20 t_no_reach=7
Ep  2300 | score  -33.13 | avg100   49.64 | grasp100  13.0% | best 0.110 |     33 st/s
    done(50): success=6 t_flicker=18 t_touched=24 t_no_reach=2
Ep  2348 | * BEST  level200=2.00 grasp200= 12.5% metric=0.125 | score  170.90
Ep  2350 | score   29.59 | avg100   56.14 | grasp100  12.0% | best 0.125 |     33 st/s
    done(50): success=6 t_flicker=21 t_touched=18 t_no_reach=5
Ep  2400 | score  -21.84 | avg100   57.75 | grasp100   9.0% | best 0.125 |     33 st/s
    done(50): success=3 t_flicker=21 t_touched=21 t_no_reach=5
  [primacy-bias reset of critic heads @ 175000 updates]
Ep  2450 | score   57.45 | avg100   47.85 | grasp100   4.0% | best 0.125 |     33 st/s
    done(50): success=1 t_flicker=26 t_touched=16 t_no_reach=7
Ep  2500 | score  195.54 | avg100   38.51 | grasp100   2.0% | best 0.125 |     33 st/s
    done(50): success=1 t_flicker=19 t_touched=24 t_no_reach=6
Ep  2550 | score  125.99 | avg100   51.04 | grasp100   2.0% | best 0.125 |     33 st/s
    done(50): success=1 t_flicker=26 t_touched=18 t_no_reach=5
Ep  2600 | score  169.23 | avg100   61.97 | grasp100   5.0% | best 0.125 |     33 st/s
    done(50): success=4 t_flicker=18 t_touched=23 t_no_reach=5
Ep  2650 | score   65.15 | avg100   60.39 | grasp100  10.0% | best 0.125 |     33 st/s
    done(50): success=6 t_flicker=28 t_touched=13 t_no_reach=3
Ep  2700 | score   19.11 | avg100   66.31 | grasp100  13.0% | best 0.125 |     33 st/s
    done(50): success=7 t_flicker=23 t_touched=18 t_no_reach=2
Ep  2750 | score  113.82 | avg100   72.34 | grasp100  12.0% | best 0.125 |     33 st/s
    done(50): success=5 t_flicker=27 t_touched=14 t_no_reach=4
Ep  2800 | score  139.84 | avg100   75.29 | grasp100  11.0% | best 0.125 |     33 st/s
    done(50): success=6 t_flicker=20 t_touched=20 t_no_reach=4
  [primacy-bias reset of critic heads @ 200000 updates]
Ep  2850 | score  125.83 | avg100   65.67 | grasp100  11.0% | best 0.125 |     33 st/s
    done(50): success=5 t_flicker=23 t_touched=17 t_no_reach=5
Ep  2900 | score   80.18 | avg100   60.44 | grasp100  13.0% | best 0.125 |     33 st/s
    done(50): success=8 t_flicker=21 t_touched=17 t_no_reach=4
Ep  2950 | score   76.45 | avg100   61.24 | grasp100  13.0% | best 0.125 |     33 st/s
    done(50): success=5 t_flicker=24 t_touched=15 t_no_reach=6
Ep  3000 | score  121.79 | avg100   58.58 | grasp100  10.0% | best 0.125 |     33 st/s
    done(50): success=5 t_flicker=23 t_touched=18 t_no_reach=4
Ep  3050 | score    8.31 | avg100   70.22 | grasp100  12.0% | best 0.125 |     33 st/s
    done(50): success=7 t_flicker=29 t_touched=11 t_no_reach=3
Ep  3094 | * BEST  level200=2.00 grasp200= 14.0% metric=0.140 | score  202.90
Ep  3100 | score   80.57 | avg100   87.05 | grasp100  18.0% | best 0.140 |     33 st/s
    done(50): success=11 t_flicker=22 t_touched=15 t_no_reach=2
Ep  3142 | * BEST  level200=2.00 grasp200= 15.5% metric=0.155 | score  150.95
Ep  3150 | score   22.09 | avg100   83.82 | grasp100  19.0% | best 0.155 |     33 st/s
    done(50): success=8 t_flicker=20 t_touched=17 t_no_reach=5
Ep  3200 | score   61.17 | avg100   73.39 | grasp100  13.0% | best 0.155 |     33 st/s
    done(50): success=5 t_flicker=30 t_touched=12 t_no_reach=3
  [primacy-bias reset of critic heads @ 225000 updates]
Ep  3250 | score   86.97 | avg100   78.43 | grasp100  14.0% | best 0.155 |     33 st/s
    done(50): success=9 t_flicker=28 t_touched=12 t_no_reach=1
Ep  3300 | score   29.84 | avg100   71.54 | grasp100  13.0% | best 0.155 |     33 st/s
    done(50): success=4 t_flicker=22 t_touched=19 t_no_reach=5
Ep  3350 | score   -4.37 | avg100   53.48 | grasp100   7.0% | best 0.155 |     33 st/s
    done(50): success=3 t_flicker=26 t_touched=19 t_no_reach=2
Ep  3400 | score  117.72 | avg100   70.01 | grasp100  14.0% | best 0.155 |     33 st/s
    done(50): success=11 t_flicker=24 t_touched=14 t_no_reach=1
Ep  3450 | score   14.26 | avg100   90.54 | grasp100  21.0% | best 0.155 |     33 st/s
    done(50): success=10 t_flicker=21 t_touched=14 t_no_reach=5
Ep  3500 | score  197.41 | avg100   83.93 | grasp100  18.0% | best 0.155 |     33 st/s
    done(50): success=8 t_flicker=28 t_touched=13 t_no_reach=1
Ep  3504 | * BEST  level200=2.00 grasp200= 17.0% metric=0.170 | score  155.81
Ep  3523 | * BEST  level200=2.00 grasp200= 18.5% metric=0.185 | score  180.94
Ep  3550 | score  -70.47 | avg100   85.30 | grasp100  17.0% | best 0.185 |     33 st/s
    done(50): success=9 t_flicker=26 t_touched=12 t_no_reach=3
Ep  3555 | * BEST  level200=2.00 grasp200= 20.0% metric=0.200 | score  178.49
Ep  3573 | * BEST  level200=2.00 grasp200= 21.5% metric=0.215 | score  191.33
Ep  3577 | * BEST  level200=2.00 grasp200= 23.0% metric=0.230 | score  166.62
Ep  3600 | score  155.85 | avg100   95.50 | grasp100  25.0% | best 0.230 |     33 st/s
    done(50): success=16 t_flicker=21 t_touched=12 t_no_reach=1
Ep  3650 | score  112.53 | avg100   92.68 | grasp100  26.0% | best 0.230 |     33 st/s
    done(50): success=10 t_flicker=28 t_touched=10 t_no_reach=2
Ep  3700 | score   61.79 | avg100   88.03 | grasp100  21.0% | best 0.230 |     33 st/s
    done(50): success=11 t_flicker=24 t_touched=13 t_no_reach=2
  [primacy-bias reset of critic heads @ 250000 updates]
Ep  3750 | score    8.89 | avg100   82.45 | grasp100  16.0% | best 0.230 |     33 st/s
    done(50): success=5 t_flicker=26 t_touched=15 t_no_reach=4
Ep  3800 | score    8.01 | avg100   73.30 | grasp100  14.0% | best 0.230 |     33 st/s
    done(50): success=9 t_flicker=23 t_touched=12 t_no_reach=6
Ep  3850 | score   44.36 | avg100   69.18 | grasp100  13.0% | best 0.230 |     33 st/s
    done(50): success=4 t_flicker=26 t_touched=15 t_no_reach=5
Ep  3900 | score   69.36 | avg100   69.18 | grasp100   9.0% | best 0.230 |     33 st/s
    done(50): success=5 t_flicker=34 t_touched=7 t_no_reach=4
Ep  3950 | score  196.75 | avg100   76.81 | grasp100  13.0% | best 0.230 |     33 st/s
    done(50): success=8 t_flicker=27 t_touched=10 t_no_reach=5
Ep  4000 | score   94.18 | avg100   87.75 | grasp100  17.0% | best 0.230 |     33 st/s
    done(50): success=9 t_flicker=29 t_touched=8 t_no_reach=4
Ep  4050 | score  207.18 | avg100   89.67 | grasp100  17.0% | best 0.230 |     33 st/s
    done(50): success=8 t_flicker=32 t_touched=6 t_no_reach=4
Ep  4100 | score  187.50 | avg100   98.06 | grasp100  25.0% | best 0.230 |     33 st/s
    done(50): success=17 t_flicker=18 t_touched=14 t_no_reach=1
Ep  4140 | * BEST  level200=2.00 grasp200= 24.5% metric=0.245 | score  222.36
Ep  4148 | * BEST  level200=2.00 grasp200= 26.0% metric=0.260 | score  191.73
Ep  4150 | score  130.96 | avg100  112.72 | grasp100  34.0% | best 0.260 |     33 st/s
    done(50): success=17 t_flicker=20 t_touched=11 t_no_reach=2
  [primacy-bias reset of critic heads @ 275000 updates]
Ep  4200 | score   16.29 | avg100  104.33 | grasp100  27.0% | best 0.260 |     33 st/s
    done(50): success=10 t_flicker=28 t_touched=9 t_no_reach=3
Ep  4250 | score  -29.03 | avg100   51.52 | grasp100  11.0% | best 0.260 |     33 st/s
    done(50): success=1 t_flicker=12 t_touched=21 t_no_reach=16
Ep  4300 | score   72.70 | avg100   38.68 | grasp100   8.0% | best 0.260 |     33 st/s
    done(50): success=7 t_flicker=27 t_touched=15 t_no_reach=1
Ep  4350 | score  -47.74 | avg100   65.79 | grasp100  13.0% | best 0.260 |     33 st/s
    done(50): success=6 t_flicker=28 t_touched=9 t_no_reach=7
Ep  4400 | score  156.91 | avg100   72.78 | grasp100  13.0% | best 0.260 |     33 st/s
    done(50): success=7 t_flicker=29 t_touched=10 t_no_reach=4
Ep  4450 | score   80.82 | avg100   86.09 | grasp100  16.0% | best 0.260 |     33 st/s
    done(50): success=9 t_flicker=29 t_touched=7 t_no_reach=5
Ep  4500 | score  106.58 | avg100   98.91 | grasp100  25.0% | best 0.260 |     33 st/s
    done(50): success=16 t_flicker=25 t_touched=9
Ep  4550 | score   26.78 | avg100  106.68 | grasp100  28.0% | best 0.260 |     33 st/s
    done(50): success=12 t_flicker=21 t_touched=16 t_no_reach=1
Ep  4600 | score  208.28 | avg100   97.05 | grasp100  22.0% | best 0.260 |     33 st/s
    done(50): success=10 t_flicker=28 t_touched=10 t_no_reach=2
  [primacy-bias reset of critic heads @ 300000 updates]
Ep  4650 | score  122.01 | avg100   98.73 | grasp100  19.0% | best 0.260 |     33 st/s
    done(50): success=9 t_flicker=25 t_touched=14 t_no_reach=2
Ep  4700 | score  102.16 | avg100   76.14 | grasp100  12.0% | best 0.260 |     33 st/s
    done(50): success=3 t_flicker=19 t_touched=18 t_no_reach=10
Ep  4750 | score   93.60 | avg100   66.34 | grasp100  13.0% | best 0.260 |     33 st/s
    done(50): success=10 t_flicker=22 t_touched=16 t_no_reach=2
Ep  4800 | score  209.83 | avg100   90.92 | grasp100  22.0% | best 0.260 |     33 st/s
    done(50): success=12 t_flicker=29 t_touched=6 t_no_reach=3
Ep  4850 | score   28.66 | avg100   94.54 | grasp100  26.0% | best 0.260 |     33 st/s
    done(50): success=14 t_flicker=25 t_touched=8 t_no_reach=3
Ep  4900 | score   61.93 | avg100   99.22 | grasp100  24.0% | best 0.260 |     33 st/s
    done(50): success=10 t_flicker=29 t_touched=9 t_no_reach=2
Ep  4950 | score   61.42 | avg100  109.67 | grasp100  28.0% | best 0.260 |     33 st/s
    done(50): success=18 t_flicker=19 t_touched=11 t_no_reach=2
Ep  4953 | * BEST  level200=2.00 grasp200= 27.5% metric=0.275 | score  209.00
Ep  4986 | * BEST  level200=2.00 grasp200= 29.0% metric=0.290 | score  192.59
Ep  5000 | score   73.16 | avg100  116.22 | grasp100  35.0% | best 0.290 |     33 st/s
    done(50): success=17 t_flicker=24 t_touched=8 t_no_reach=1
Ep  5050 | score  197.11 | avg100  111.19 | grasp100  28.0% | best 0.290 |     32 st/s
    done(50): success=11 t_flicker=27 t_touched=12
Ep  5100 | score   58.44 | avg100   99.73 | grasp100  17.0% | best 0.290 |     32 st/s
    done(50): success=6 t_flicker=34 t_touched=9 t_no_reach=1
  [primacy-bias reset of critic heads @ 325000 updates]
Ep  5150 | score   95.72 | avg100   85.66 | grasp100  12.0% | best 0.290 |     32 st/s
    done(50): success=6 t_flicker=29 t_touched=11 t_no_reach=4
Ep  5200 | score  -51.90 | avg100   75.22 | grasp100  14.0% | best 0.290 |     32 st/s
    done(50): success=8 t_flicker=25 t_touched=11 t_no_reach=6
Ep  5250 | score  119.28 | avg100   77.02 | grasp100  13.0% | best 0.290 |     32 st/s
    done(50): success=5 t_flicker=26 t_touched=14 t_no_reach=5
Ep  5300 | score   91.08 | avg100   95.31 | grasp100  21.0% | best 0.290 |     32 st/s
    done(50): success=16 t_flicker=25 t_touched=7 t_no_reach=2
Ep  5350 | score  153.46 | avg100  110.77 | grasp100  33.0% | best 0.290 |     32 st/s
    done(50): success=17 t_flicker=20 t_touched=12 t_no_reach=1
Ep  5400 | score  168.84 | avg100  111.95 | grasp100  35.0% | best 0.290 |     32 st/s
    done(50): success=18 t_flicker=21 t_touched=7 t_no_reach=4
Ep  5431 | * BEST  level200=2.00 grasp200= 30.5% metric=0.305 | score  153.48
Ep  5441 | * BEST  level200=2.00 grasp200= 32.0% metric=0.320 | score  149.97
Ep  5447 | * BEST  level200=2.00 grasp200= 33.5% metric=0.335 | score  168.97
Ep  5450 | score   75.29 | avg100  114.22 | grasp100  35.0% | best 0.335 |     32 st/s
    done(50): success=17 t_flicker=27 t_touched=6
Ep  5470 | * BEST  level200=2.00 grasp200= 35.0% metric=0.350 | score  177.33
Ep  5500 | score  118.64 | avg100  116.20 | grasp100  35.0% | best 0.350 |     32 st/s
    done(50): success=18 t_flicker=24 t_touched=7 t_no_reach=1
Ep  5542 | * BEST  level200=2.00 grasp200= 36.5% metric=0.365 | score  173.70
Ep  5550 | score    9.83 | avg100  117.45 | grasp100  37.0% | best 0.365 |     32 st/s
    done(50): success=19 t_flicker=23 t_touched=6 t_no_reach=2
Ep  5600 | score  116.34 | avg100  116.40 | grasp100  33.0% | best 0.365 |     32 st/s
    done(50): success=14 t_flicker=27 t_touched=8 t_no_reach=1
  [primacy-bias reset of critic heads @ 350000 updates]
Ep  5650 | score   46.63 | avg100  102.23 | grasp100  26.0% | best 0.365 |     32 st/s
    done(50): success=12 t_flicker=24 t_touched=11 t_no_reach=3
Ep  5700 | score   82.34 | avg100   77.32 | grasp100  16.0% | best 0.365 |     32 st/s
    done(50): success=4 t_flicker=25 t_touched=18 t_no_reach=3
Ep  5750 | score   65.35 | avg100   71.28 | grasp100  16.0% | best 0.365 |     32 st/s
    done(50): success=12 t_flicker=22 t_touched=14 t_no_reach=2
Ep  5800 | score  172.57 | avg100   80.39 | grasp100  17.0% | best 0.365 |     32 st/s
    done(50): success=5 t_flicker=29 t_touched=14 t_no_reach=2
Ep  5850 | score  -61.70 | avg100   92.57 | grasp100  20.0% | best 0.365 |     32 st/s
    done(50): success=15 t_flicker=20 t_touched=13 t_no_reach=2
Ep  5900 | score  182.23 | avg100  104.94 | grasp100  31.0% | best 0.365 |     32 st/s
    done(50): success=16 t_flicker=26 t_touched=8
Ep  5950 | score  147.20 | avg100  104.98 | grasp100  31.0% | best 0.365 |     32 st/s
    done(50): success=15 t_flicker=24 t_touched=7 t_no_reach=4
Ep  6000 | score  -19.22 | avg100  106.47 | grasp100  30.0% | best 0.365 |     32 st/s
    done(50): success=15 t_flicker=20 t_touched=11 t_no_reach=4
Ep  6050 | score  -45.72 | avg100  114.88 | grasp100  34.0% | best 0.365 |     32 st/s
    done(50): success=19 t_flicker=18 t_touched=13
Ep  6100 | score   86.90 | avg100  113.18 | grasp100  32.0% | best 0.365 |     32 st/s
    done(50): success=13 t_flicker=28 t_touched=8 t_no_reach=1
  [primacy-bias reset of critic heads @ 375000 updates]
Ep  6150 | score   60.06 | avg100  107.87 | grasp100  32.0% | best 0.365 |     32 st/s
    done(50): success=19 t_flicker=13 t_touched=15 t_no_reach=3
Ep  6200 | score  143.58 | avg100   82.32 | grasp100  27.0% | best 0.365 |     32 st/s
    done(50): success=8 t_flicker=20 t_touched=13 t_no_reach=9
Ep  6250 | score  197.71 | avg100   83.07 | grasp100  25.0% | best 0.365 |     32 st/s
    done(50): success=17 t_flicker=23 t_touched=9 t_no_reach=1
Ep  6300 | score  178.62 | avg100  119.03 | grasp100  38.0% | best 0.365 |     32 st/s
    done(50): success=21 t_flicker=20 t_touched=5 t_no_reach=4
Ep  6350 | score   69.42 | avg100  124.45 | grasp100  40.0% | best 0.365 |     32 st/s
    done(50): success=19 t_flicker=21 t_touched=9 t_no_reach=1
Ep  6400 | score  196.75 | avg100  108.11 | grasp100  32.0% | best 0.365 |     32 st/s
    done(50): success=13 t_flicker=26 t_touched=9 t_no_reach=2
Ep  6448 | * BEST  level200=2.00 grasp200= 38.0% metric=0.380 | score  185.20
Ep  6450 | score  107.83 | avg100  107.06 | grasp100  35.0% | best 0.380 |     32 st/s
    done(50): success=22 t_flicker=18 t_touched=9 t_no_reach=1
Ep  6500 | score   22.96 | avg100  104.27 | grasp100  35.0% | best 0.380 |     32 st/s
    done(50): success=13 t_flicker=17 t_touched=16 t_no_reach=4
Ep  6550 | score  203.02 | avg100  104.72 | grasp100  34.0% | best 0.380 |     32 st/s
    done(50): success=21 t_flicker=19 t_touched=8 t_no_reach=2
Ep  6600 | score   70.43 | avg100  108.38 | grasp100  33.0% | best 0.380 |     32 st/s
    done(50): success=12 t_flicker=25 t_touched=10 t_no_reach=3
Ep  6650 | score  214.36 | avg100  109.84 | grasp100  33.0% | best 0.380 |     32 st/s
    done(50): success=21 t_flicker=24 t_touched=4 t_no_reach=1
  [primacy-bias reset of critic heads @ 400000 updates]
Ep  6700 | score  120.24 | avg100  112.21 | grasp100  36.0% | best 0.380 |     32 st/s
    done(50): success=15 t_flicker=19 t_touched=11 t_no_reach=5
Ep  6750 | score   53.56 | avg100   85.73 | grasp100  22.0% | best 0.380 |     32 st/s
    done(50): success=7 t_flicker=21 t_touched=17 t_no_reach=5
Ep  6800 | score  210.66 | avg100   76.18 | grasp100  18.0% | best 0.380 |     32 st/s
    done(50): success=11 t_flicker=26 t_touched=10 t_no_reach=3
Ep  6850 | score   27.88 | avg100   78.52 | grasp100  19.0% | best 0.380 |     32 st/s
    done(50): success=8 t_flicker=30 t_touched=8 t_no_reach=4
Ep  6900 | score  100.50 | avg100   96.35 | grasp100  28.0% | best 0.380 |     32 st/s
    done(50): success=20 t_flicker=21 t_touched=5 t_no_reach=4
Ep  6950 | score  -71.55 | avg100  124.54 | grasp100  41.0% | best 0.380 |     32 st/s
    done(50): success=21 t_flicker=19 t_touched=10
Ep  7000 | score  185.27 | avg100  123.23 | grasp100  41.0% | best 0.380 |     32 st/s
    done(50): success=20 t_flicker=21 t_touched=6 t_no_reach=3
Ep  7050 | score  174.83 | avg100  112.87 | grasp100  36.0% | best 0.380 |     32 st/s
    done(50): success=16 t_flicker=24 t_touched=10
Ep  7059 | * BEST  level200=2.00 grasp200= 39.5% metric=0.395 | score  166.17
Ep  7100 | score  122.19 | avg100  116.55 | grasp100  36.0% | best 0.395 |     32 st/s
    done(50): success=20 t_flicker=21 t_touched=9
Ep  7150 | score  132.08 | avg100  122.98 | grasp100  38.0% | best 0.395 |     32 st/s
    done(50): success=18 t_flicker=23 t_touched=8 t_no_reach=1
Ep  7200 | score   97.02 | avg100  123.52 | grasp100  39.0% | best 0.395 |     32 st/s
    done(50): success=21 t_flicker=18 t_touched=8 t_no_reach=3
  [primacy-bias reset of critic heads @ 425000 updates]
Ep  7250 | score   37.96 | avg100  115.22 | grasp100  41.0% | best 0.395 |     32 st/s
    done(50): success=20 t_flicker=16 t_touched=9 t_no_reach=5
Ep  7300 | score   47.03 | avg100   90.31 | grasp100  28.0% | best 0.395 |     32 st/s
    done(50): success=8 t_flicker=25 t_touched=13 t_no_reach=4
Ep  7350 | score   50.57 | avg100   83.26 | grasp100  24.0% | best 0.395 |     32 st/s
    done(50): success=16 t_flicker=21 t_touched=12 t_no_reach=1
Ep  7400 | score  117.96 | avg100   87.36 | grasp100  29.0% | best 0.395 |     32 st/s
    done(50): success=13 t_flicker=21 t_touched=11 t_no_reach=5
Ep  7450 | score  192.73 | avg100   94.19 | grasp100  30.0% | best 0.395 |     32 st/s
    done(50): success=17 t_flicker=24 t_touched=8 t_no_reach=1
Ep  7500 | score   59.36 | avg100  107.41 | grasp100  33.0% | best 0.395 |     32 st/s
    done(50): success=16 t_flicker=26 t_touched=8
Ep  7550 | score   59.11 | avg100  108.26 | grasp100  34.0% | best 0.395 |     32 st/s
    done(50): success=18 t_flicker=24 t_touched=8
Ep  7600 | score  119.47 | avg100  114.28 | grasp100  38.0% | best 0.395 |     32 st/s
    done(50): success=20 t_flicker=24 t_touched=5 t_no_reach=1
Ep  7650 | score  190.86 | avg100  119.88 | grasp100  39.0% | best 0.395 |     32 st/s
    done(50): success=19 t_flicker=22 t_touched=8 t_no_reach=1
Ep  7700 | score   23.13 | avg100  119.80 | grasp100  38.0% | best 0.395 |     32 st/s
    done(50): success=19 t_flicker=19 t_touched=10 t_no_reach=2
Ep  7750 | score   58.22 | avg100  114.43 | grasp100  39.0% | best 0.395 |     32 st/s
    done(50): success=20 t_flicker=21 t_touched=7 t_no_reach=2
Ep  7763 | * BEST  level200=2.00 grasp200= 41.0% metric=0.410 | score  183.69
Ep  7800 | score   -8.91 | avg100  112.19 | grasp100  41.0% | best 0.410 |     32 st/s
    done(50): success=21 t_flicker=21 t_touched=7 t_no_reach=1
  [primacy-bias reset of critic heads @ 450000 updates]
Ep  7850 | score  201.67 | avg100  100.22 | grasp100  38.0% | best 0.410 |     32 st/s
    done(50): success=17 t_flicker=11 t_touched=17 t_no_reach=5
Ep  7900 | score  187.85 | avg100   87.96 | grasp100  30.0% | best 0.410 |     32 st/s
    done(50): success=13 t_flicker=24 t_touched=9 t_no_reach=4
Ep  7950 | score  274.22 | avg100  105.39 | grasp100  32.0% | best 0.410 |     32 st/s
    done(50): success=19 t_flicker=24 t_touched=7
Ep  8000 | score   38.15 | avg100  116.56 | grasp100  34.0% | best 0.410 |     32 st/s
    done(50): success=15 t_flicker=28 t_touched=7
Ep  8050 | score   58.58 | avg100  110.55 | grasp100  33.0% | best 0.410 |     32 st/s
    done(50): success=18 t_flicker=24 t_touched=7 t_no_reach=1
Ep  8100 | score  178.18 | avg100  113.39 | grasp100  40.0% | best 0.410 |     32 st/s
    done(50): success=22 t_flicker=16 t_touched=11 t_no_reach=1
Ep  8150 | score  200.64 | avg100  116.22 | grasp100  41.0% | best 0.410 |     32 st/s
    done(50): success=19 t_flicker=24 t_touched=4 t_no_reach=3
Ep  8200 | score  150.05 | avg100  122.25 | grasp100  40.0% | best 0.410 |     32 st/s
    done(50): success=21 t_flicker=24 t_touched=4 t_no_reach=1
Ep  8250 | score  110.99 | avg100  125.24 | grasp100  41.0% | best 0.410 |     32 st/s
    done(50): success=20 t_flicker=23 t_touched=6 t_no_reach=1
Ep  8270 | * BEST  level200=2.00 grasp200= 42.5% metric=0.425 | score  193.20
Ep  8300 | score   49.93 | avg100  124.54 | grasp100  44.0% | best 0.425 |     32 st/s
    done(50): success=24 t_flicker=22 t_touched=3 t_no_reach=1
Ep  8307 | * BEST  level200=2.00 grasp200= 44.0% metric=0.440 | score  187.88
Ep  8350 | score  131.40 | avg100  121.63 | grasp100  45.0% | best 0.440 |     32 st/s
    done(50): success=21 t_flicker=16 t_touched=11 t_no_reach=2
Ep  8400 | score  183.28 | avg100  112.71 | grasp100  41.0% | best 0.440 |     32 st/s
    done(50): success=20 t_flicker=20 t_touched=6 t_no_reach=4
  [primacy-bias reset of critic heads @ 475000 updates]
Ep  8440 | * BEST  level200=2.00 grasp200= 45.5% metric=0.455 | score  205.84
Ep  8450 | score   17.63 | avg100  115.78 | grasp100  45.0% | best 0.455 |     32 st/s
    done(50): success=25 t_flicker=18 t_touched=5 t_no_reach=2
Ep  8500 | score   61.73 | avg100   97.53 | grasp100  36.0% | best 0.455 |     32 st/s
    done(50): success=11 t_flicker=25 t_touched=9 t_no_reach=5
Ep  8550 | score  -59.43 | avg100   82.44 | grasp100  26.0% | best 0.455 |     32 st/s
    done(50): success=15 t_flicker=21 t_touched=11 t_no_reach=3
Ep  8600 | score  203.84 | avg100  100.36 | grasp100  33.0% | best 0.455 |     32 st/s
    done(50): success=18 t_flicker=26 t_touched=4 t_no_reach=2
Ep  8650 | score  207.29 | avg100  120.99 | grasp100  42.0% | best 0.455 |     32 st/s
    done(50): success=24 t_flicker=17 t_touched=8 t_no_reach=1
Ep  8700 | score  208.10 | avg100  122.40 | grasp100  39.0% | best 0.455 |     32 st/s
    done(50): success=15 t_flicker=28 t_touched=5 t_no_reach=2
Ep  8750 | score  154.10 | avg100  116.30 | grasp100  38.0% | best 0.455 |     32 st/s
    done(50): success=23 t_flicker=14 t_touched=9 t_no_reach=4
Ep  8800 | score   85.51 | avg100  111.21 | grasp100  42.0% | best 0.455 |     32 st/s
    done(50): success=19 t_flicker=17 t_touched=8 t_no_reach=6
Ep  8850 | score  181.60 | avg100  116.78 | grasp100  40.0% | best 0.455 |     32 st/s
    done(50): success=21 t_flicker=23 t_touched=6
Ep  8900 | score  126.20 | avg100  128.75 | grasp100  40.0% | best 0.455 |     32 st/s
    done(50): success=19 t_flicker=24 t_touched=7
Ep  8950 | score  181.78 | avg100  127.66 | grasp100  40.0% | best 0.455 |     32 st/s
    done(50): success=21 t_flicker=22 t_touched=6 t_no_reach=1
Ep  9000 | score  175.05 | avg100  118.46 | grasp100  40.0% | best 0.455 |     32 st/s
    done(50): success=19 t_flicker=19 t_touched=10 t_no_reach=2
  [primacy-bias reset of critic heads @ 500000 updates]
Ep  9050 | score  -34.44 | avg100  116.97 | grasp100  39.0% | best 0.455 |     32 st/s
    done(50): success=20 t_flicker=22 t_touched=6 t_no_reach=2
Ep  9100 | score   60.49 | avg100   90.83 | grasp100  26.0% | best 0.455 |     32 st/s
    done(50): success=6 t_flicker=29 t_touched=10 t_no_reach=5
Ep  9150 | score  186.65 | avg100   83.71 | grasp100  24.0% | best 0.455 |     32 st/s
    done(50): success=18 t_flicker=23 t_touched=9
Ep  9200 | score  -58.58 | avg100  101.07 | grasp100  33.0% | best 0.455 |     32 st/s
    done(50): success=15 t_flicker=22 t_touched=10 t_no_reach=3
Ep  9250 | score  195.40 | avg100  108.27 | grasp100  39.0% | best 0.455 |     32 st/s
    done(50): success=24 t_flicker=16 t_touched=8 t_no_reach=2
Ep  9300 | score   94.49 | avg100  123.99 | grasp100  42.0% | best 0.455 |     32 st/s
    done(50): success=18 t_flicker=23 t_touched=8 t_no_reach=1
Ep  9350 | score  102.00 | avg100  118.76 | grasp100  36.0% | best 0.455 |     32 st/s
    done(50): success=18 t_flicker=20 t_touched=10 t_no_reach=2
Ep  9400 | score  -47.44 | avg100  116.58 | grasp100  41.0% | best 0.455 |     32 st/s
    done(50): success=23 t_flicker=17 t_touched=7 t_no_reach=3
Ep  9450 | score  186.96 | avg100  113.76 | grasp100  39.0% | best 0.455 |     32 st/s
    done(50): success=16 t_flicker=25 t_touched=8 t_no_reach=1
Ep  9500 | score  190.69 | avg100  121.24 | grasp100  40.0% | best 0.455 |     32 st/s
    done(50): success=24 t_flicker=21 t_touched=5
Ep  9550 | score   65.78 | avg100  130.27 | grasp100  49.0% | best 0.455 |     32 st/s
    done(50): success=25 t_flicker=16 t_touched=6 t_no_reach=3
Ep  9600 | score  214.48 | avg100  124.04 | grasp100  48.0% | best 0.455 |     32 st/s
    done(50): success=23 t_flicker=19 t_touched=7 t_no_reach=1
Ep  9638 | * BEST  level200=2.00 grasp200= 47.0% metric=0.470 | score  207.45
  [primacy-bias reset of critic heads @ 525000 updates]
Ep  9649 | * BEST  level200=2.00 grasp200= 48.5% metric=0.485 | score  194.74
Ep  9650 | score  203.87 | avg100  127.71 | grasp100  48.0% | best 0.485 |     32 st/s
    done(50): success=25 t_flicker=20 t_touched=5
Ep  9700 | score  184.57 | avg100  104.66 | grasp100  36.0% | best 0.485 |     32 st/s
    done(50): success=11 t_flicker=21 t_touched=14 t_no_reach=4
Ep  9750 | score  -65.16 | avg100   78.13 | grasp100  24.0% | best 0.485 |     32 st/s
    done(50): success=13 t_flicker=24 t_touched=9 t_no_reach=4
Ep  9800 | score  185.57 | avg100   93.21 | grasp100  29.0% | best 0.485 |     32 st/s
    done(50): success=16 t_flicker=24 t_touched=8 t_no_reach=2
Ep  9850 | score  131.86 | avg100  106.91 | grasp100  33.0% | best 0.485 |     32 st/s
    done(50): success=17 t_flicker=20 t_touched=11 t_no_reach=2
Ep  9900 | score  182.21 | avg100  117.16 | grasp100  40.0% | best 0.485 |     32 st/s
    done(50): success=23 t_flicker=18 t_touched=6 t_no_reach=3
Ep  9950 | score  190.35 | avg100  125.22 | grasp100  42.0% | best 0.485 |     32 st/s
    done(50): success=19 t_flicker=22 t_touched=7 t_no_reach=2
Ep 10000 | score  170.91 | avg100  121.68 | grasp100  41.0% | best 0.485 |     32 st/s
    done(50): success=22 t_flicker=16 t_touched=12
Ep 10050 | score   53.46 | avg100  120.66 | grasp100  43.0% | best 0.485 |     32 st/s
    done(50): success=21 t_flicker=19 t_touched=7 t_no_reach=3
Ep 10100 | score   68.00 | avg100  127.76 | grasp100  48.0% | best 0.485 |     32 st/s
    done(50): success=27 t_flicker=18 t_touched=3 t_no_reach=2
Ep 10150 | score  187.94 | avg100  129.24 | grasp100  46.0% | best 0.485 |     32 st/s
    done(50): success=19 t_flicker=21 t_touched=9 t_no_reach=1
Ep 10200 | score  157.79 | avg100  122.79 | grasp100  42.0% | best 0.485 |     32 st/s
    done(50): success=23 t_flicker=18 t_touched=5 t_no_reach=4
Ep 10250 | score  185.67 | avg100  126.85 | grasp100  51.0% | best 0.485 |     32 st/s
    done(50): success=28 t_flicker=15 t_touched=7
  [primacy-bias reset of critic heads @ 550000 updates]
Ep 10300 | score  -35.86 | avg100  113.52 | grasp100  43.0% | best 0.485 |     32 st/s
    done(50): success=15 t_flicker=15 t_touched=14 t_no_reach=6
Ep 10350 | score  193.37 | avg100   95.19 | grasp100  32.0% | best 0.485 |     32 st/s
    done(50): success=17 t_flicker=17 t_touched=12 t_no_reach=4
Ep 10400 | score   60.62 | avg100   92.96 | grasp100  30.0% | best 0.485 |     32 st/s
    done(50): success=13 t_flicker=24 t_touched=11 t_no_reach=2
Ep 10450 | score  204.88 | avg100  105.83 | grasp100  34.0% | best 0.485 |     32 st/s
    done(50): success=21 t_flicker=21 t_touched=6 t_no_reach=2
Ep 10500 | score  197.93 | avg100  123.66 | grasp100  43.0% | best 0.485 |     32 st/s
    done(50): success=22 t_flicker=18 t_touched=6 t_no_reach=4
Ep 10550 | score  119.32 | avg100  124.88 | grasp100  45.0% | best 0.485 |     32 st/s
    done(50): success=23 t_flicker=19 t_touched=8
Ep 10600 | score  197.05 | avg100  124.86 | grasp100  41.0% | best 0.485 |     32 st/s
    done(50): success=18 t_flicker=26 t_touched=6
Ep 10650 | score  202.90 | avg100  134.55 | grasp100  48.0% | best 0.485 |     32 st/s
    done(50): success=30 t_flicker=17 t_touched=2 t_no_reach=1
Ep 10700 | score  -47.13 | avg100  138.82 | grasp100  56.0% | best 0.485 |     32 st/s
    done(50): success=26 t_flicker=16 t_touched=4 t_no_reach=4
Ep 10705 | * BEST  level200=2.00 grasp200= 50.0% metric=0.500 | score  215.24
Ep 10712 | * BEST  level200=2.00 grasp200= 51.5% metric=0.515 | score  149.64
Ep 10719 | * BEST  level200=2.00 grasp200= 53.0% metric=0.530 | score  199.48
Ep 10745 | * BEST  level200=2.00 grasp200= 54.5% metric=0.545 | score  199.50
Ep 10750 | score  205.25 | avg100  142.46 | grasp100  62.0% | best 0.545 |     32 st/s
    done(50): success=36 t_flicker=12 t_touched=1 t_no_reach=1
Ep 10773 | * BEST  level200=2.00 grasp200= 56.0% metric=0.560 | score  181.52
Ep 10796 | * BEST  level200=2.00 grasp200= 57.5% metric=0.575 | score  191.13
Ep 10800 | score  177.51 | avg100  143.27 | grasp100  59.0% | best 0.575 |     32 st/s
    done(50): success=23 t_flicker=21 t_touched=5 t_no_reach=1
Ep 10850 | score  201.14 | avg100  126.79 | grasp100  41.0% | best 0.575 |     32 st/s
    done(50): success=18 t_flicker=22 t_touched=7 t_no_reach=3
Ep 10900 | score  151.58 | avg100  127.07 | grasp100  48.0% | best 0.575 |     32 st/s
    done(50): success=30 t_flicker=17 t_touched=3
Ep 10950 | score  171.20 | avg100  128.56 | grasp100  52.0% | best 0.575 |     32 st/s
    done(50): success=22 t_flicker=18 t_touched=8 t_no_reach=2
  [primacy-bias reset of critic heads @ 575000 updates]
Ep 11000 | score    1.03 | avg100  112.68 | grasp100  42.0% | best 0.575 |     32 st/s
    done(50): success=20 t_flicker=18 t_touched=6 t_no_reach=6
Ep 11050 | score  182.40 | avg100   88.94 | grasp100  26.0% | best 0.575 |     32 st/s
    done(50): success=6 t_flicker=29 t_touched=11 t_no_reach=4
Ep 11100 | score  164.65 | avg100   94.22 | grasp100  27.0% | best 0.575 |     32 st/s
    done(50): success=21 t_flicker=21 t_touched=7 t_no_reach=1
Ep 11150 | score  201.13 | avg100  124.98 | grasp100  50.0% | best 0.575 |     32 st/s
    done(50): success=29 t_flicker=14 t_touched=6 t_no_reach=1
Ep 11200 | score  173.41 | avg100  128.41 | grasp100  56.0% | best 0.575 |     32 st/s
    done(50): success=27 t_flicker=18 t_touched=3 t_no_reach=2
Ep 11250 | score  209.42 | avg100  132.08 | grasp100  54.0% | best 0.575 |     32 st/s
    done(50): success=27 t_flicker=17 t_touched=4 t_no_reach=2
Ep 11300 | score  187.23 | avg100  142.82 | grasp100  57.0% | best 0.575 |     32 st/s
    done(50): success=30 t_flicker=14 t_touched=5 t_no_reach=1
Ep 11350 | score   48.03 | avg100  125.58 | grasp100  52.0% | best 0.575 |     32 st/s
    done(50): success=22 t_flicker=13 t_touched=10 t_no_reach=5
Ep 11400 | score  177.66 | avg100  126.02 | grasp100  53.0% | best 0.575 |     32 st/s
    done(50): success=31 t_flicker=15 t_touched=4
Ep 11450 | score  194.48 | avg100  142.50 | grasp100  60.0% | best 0.575 |     32 st/s
    done(50): success=29 t_flicker=16 t_touched=4 t_no_reach=1
Ep 11500 | score  -33.69 | avg100  142.72 | grasp100  57.0% | best 0.575 |     32 st/s
    done(50): success=28 t_flicker=15 t_touched=6 t_no_reach=1
Ep 11550 | score   80.43 | avg100  136.88 | grasp100  53.0% | best 0.575 |     32 st/s
    done(50): success=25 t_flicker=19 t_touched=5 t_no_reach=1
Ep 11600 | score   62.95 | avg100  135.90 | grasp100  54.0% | best 0.575 |     32 st/s
    done(50): success=29 t_flicker=17 t_touched=4
Ep 11650 | score  194.82 | avg100  143.51 | grasp100  63.0% | best 0.575 |     32 st/s
    done(50): success=34 t_flicker=13 t_touched=3
Ep 11656 | * BEST  level200=2.00 grasp200= 59.0% metric=0.590 | score  193.17
Ep 11673 | * BEST  level200=2.00 grasp200= 60.5% metric=0.605 | score  188.47
Ep 11700 | score  -16.21 | avg100  143.65 | grasp100  64.0% | best 0.605 |     32 st/s
    done(50): success=30 t_flicker=12 t_touched=8
Ep 11745 | * BEST  level200=2.00 grasp200= 62.0% metric=0.620 | score  256.92
  [primacy-bias reset of critic heads @ 600000 updates]
Ep 11750 | score   90.11 | avg100  152.78 | grasp100  62.0% | best 0.620 |     32 st/s
    done(50): success=32 t_flicker=15 t_touched=3
Ep 11800 | score  206.94 | avg100  118.90 | grasp100  44.0% | best 0.620 |     32 st/s
    done(50): success=12 t_flicker=21 t_touched=9 t_no_reach=8
Ep 11850 | score   90.00 | avg100   90.69 | grasp100  32.0% | best 0.620 |     32 st/s
    done(50): success=20 t_flicker=17 t_touched=11 t_no_reach=2
Ep 11900 | score  192.53 | avg100  111.49 | grasp100  42.0% | best 0.620 |     32 st/s
    done(50): success=22 t_flicker=20 t_touched=6 t_no_reach=2
Ep 11950 | score  199.59 | avg100  124.70 | grasp100  44.0% | best 0.620 |     32 st/s
    done(50): success=22 t_flicker=19 t_touched=7 t_no_reach=2
Ep 12000 | score  206.24 | avg100  134.77 | grasp100  49.0% | best 0.620 |     32 st/s
    done(50): success=27 t_flicker=15 t_touched=6 t_no_reach=2
Ep 12050 | score   56.72 | avg100  134.92 | grasp100  50.0% | best 0.620 |     32 st/s
    done(50): success=23 t_flicker=19 t_touched=7 t_no_reach=1
Ep 12100 | score  123.87 | avg100  137.46 | grasp100  52.0% | best 0.620 |     32 st/s
    done(50): success=29 t_flicker=17 t_touched=4
Ep 12150 | score   22.64 | avg100  137.49 | grasp100  53.0% | best 0.620 |     32 st/s
    done(50): success=24 t_flicker=21 t_touched=3 t_no_reach=2
Ep 12200 | score  183.23 | avg100  131.95 | grasp100  50.0% | best 0.620 |     32 st/s
    done(50): success=26 t_flicker=18 t_touched=4 t_no_reach=2
Ep 12250 | score  207.71 | avg100  133.22 | grasp100  51.0% | best 0.620 |     32 st/s
    done(50): success=25 t_flicker=19 t_touched=6
Ep 12300 | score   94.34 | avg100  138.70 | grasp100  56.0% | best 0.620 |     32 st/s
    done(50): success=31 t_flicker=14 t_touched=5
Ep 12350 | score   41.57 | avg100  146.61 | grasp100  60.0% | best 0.620 |     32 st/s
    done(50): success=29 t_flicker=18 t_touched=3
Ep 12400 | score   81.91 | avg100  149.81 | grasp100  61.0% | best 0.620 |     32 st/s
    done(50): success=32 t_flicker=12 t_touched=5 t_no_reach=1
Ep 12450 | score  179.16 | avg100  145.53 | grasp100  62.0% | best 0.620 |     32 st/s
    done(50): success=30 t_flicker=18 t_touched=2
  [primacy-bias reset of critic heads @ 625000 updates]
Ep 12500 | score   33.86 | avg100  129.92 | grasp100  51.0% | best 0.620 |     32 st/s
    done(50): success=21 t_flicker=22 t_touched=5 t_no_reach=2
Ep 12550 | score  184.46 | avg100   91.58 | grasp100  33.0% | best 0.620 |     32 st/s
    done(50): success=12 t_flicker=17 t_touched=17 t_no_reach=4
========================================================================
RANDOM-SPAWN GRASP RETRAINING  |  algo=td3_ln  run=td3_ln_cereal_alignwarm_s3
========================================================================
  Envs                : 5 (subprocess-parallel, fork)
  Spawn level         : 2.0 (1.0 = full position box, 2.0 = + z-rotation)
  Updates/vec-step    : 2 (0.400 per env-step; historical baseline 0.5)
  Buffer              : 2,000,000
  Actor               : 64 -> 32  (5,216 weights)  [critics 512->256]
  Warm start          : checkpoints/td3_grasp_rand_td3_ln_c2m512_s1/best
  Checkpoints         : /home/fahim/Thesis_fahim/pickandplace/checkpoints/td3_grasp_rand_td3_ln_cereal_alignwarm_s3
========================================================================

Spawning 5 subprocess environments (fork)...
[robosuite WARNING] No private macro file found! (__init__.py:7)
[robosuite WARNING] It is recommended to use a private macro file (__init__.py:8)
[robosuite WARNING] To setup, run: python /home/fahim/Thesis_fahim/venv/lib/python3.12/site-packages/robosuite/scripts/setup_macros.py (__init__.py:9)
[robosuite WARNING] No private macro file found! (__init__.py:7)
[robosuite WARNING] It is recommended to use a private macro file (__init__.py:8)
[robosuite WARNING] To setup, run: python /home/fahim/Thesis_fahim/venv/lib/python3.12/site-packages/robosuite/scripts/setup_macros.py (__init__.py:9)
[robosuite WARNING] No private macro file found! (__init__.py:7)
[robosuite WARNING] It is recommended to use a private macro file (__init__.py:8)
[robosuite WARNING] To setup, run: python /home/fahim/Thesis_fahim/venv/lib/python3.12/site-packages/robosuite/scripts/setup_macros.py (__init__.py:9)
[robosuite WARNING] No private macro file found! (__init__.py:7)
[robosuite WARNING] It is recommended to use a private macro file (__init__.py:8)
[robosuite WARNING] To setup, run: python /home/fahim/Thesis_fahim/venv/lib/python3.12/site-packages/robosuite/scripts/setup_macros.py (__init__.py:9)
[robosuite WARNING] No private macro file found! (__init__.py:7)
[robosuite WARNING] It is recommended to use a private macro file (__init__.py:8)
[robosuite WARNING] To setup, run: python /home/fahim/Thesis_fahim/venv/lib/python3.12/site-packages/robosuite/scripts/setup_macros.py (__init__.py:9)
Gym has been unmaintained since 2022 and does not support NumPy 2.0 amongst other critical functionality.
Please upgrade to Gymnasium, the maintained drop-in replacement of Gym, or contact the authors of your software and request that they upgrade.
See the migration guide at https://gymnasium.farama.org/introduction/migration_guide/ for additional information.
Gym has been unmaintained since 2022 and does not support NumPy 2.0 amongst other critical functionality.
Please upgrade to Gymnasium, the maintained drop-in replacement of Gym, or contact the authors of your software and request that they upgrade.
See the migration guide at https://gymnasium.farama.org/introduction/migration_guide/ for additional information.
Gym has been unmaintained since 2022 and does not support NumPy 2.0 amongst other critical functionality.
Please upgrade to Gymnasium, the maintained drop-in replacement of Gym, or contact the authors of your software and request that they upgrade.
See the migration guide at https://gymnasium.farama.org/introduction/migration_guide/ for additional information.
Gym has been unmaintained since 2022 and does not support NumPy 2.0 amongst other critical functionality.
Please upgrade to Gymnasium, the maintained drop-in replacement of Gym, or contact the authors of your software and request that they upgrade.
See the migration guide at https://gymnasium.farama.org/introduction/migration_guide/ for additional information.
Gym has been unmaintained since 2022 and does not support NumPy 2.0 amongst other critical functionality.
Please upgrade to Gymnasium, the maintained drop-in replacement of Gym, or contact the authors of your software and request that they upgrade.
See the migration guide at https://gymnasium.farama.org/introduction/migration_guide/ for additional information.
/home/fahim/Thesis_fahim/venv/lib/python3.12/site-packages/gym/spaces/box.py:84: UserWarning: [33mWARN: Box bound precision lowered by casting to float32[0m
  logger.warn(f"Box bound precision lowered by casting to {self.dtype}")
/home/fahim/Thesis_fahim/venv/lib/python3.12/site-packages/gym/spaces/box.py:84: UserWarning: [33mWARN: Box bound precision lowered by casting to float32[0m
  logger.warn(f"Box bound precision lowered by casting to {self.dtype}")
/home/fahim/Thesis_fahim/venv/lib/python3.12/site-packages/gym/spaces/box.py:84: UserWarning: [33mWARN: Box bound precision lowered by casting to float32[0m
  logger.warn(f"Box bound precision lowered by casting to {self.dtype}")
/home/fahim/Thesis_fahim/venv/lib/python3.12/site-packages/gym/spaces/box.py:84: UserWarning: [33mWARN: Box bound precision lowered by casting to float32[0m
  logger.warn(f"Box bound precision lowered by casting to {self.dtype}")
/home/fahim/Thesis_fahim/venv/lib/python3.12/site-packages/gym/spaces/box.py:84: UserWarning: [33mWARN: Box bound precision lowered by casting to float32[0m
  logger.warn(f"Box bound precision lowered by casting to {self.dtype}")
Gym has been unmaintained since 2022 and does not support NumPy 2.0 amongst other critical functionality.
Please upgrade to Gymnasium, the maintained drop-in replacement of Gym, or contact the authors of your software and request that they upgrade.
See the migration guide at https://gymnasium.farama.org/introduction/migration_guide/ for additional information.
5 environments ready.

========================================================================
RANDOM-SPAWN GRASP RETRAINING  |  algo=td3_ln  run=td3_ln_cereal_alignwarm_s3
========================================================================
  Envs                : 5 (subprocess-parallel, fork)
  Spawn level         : 2.0 (1.0 = full position box, 2.0 = + z-rotation)
  Updates/vec-step    : 2 (0.400 per env-step; historical baseline 0.5)
  Buffer              : 2,000,000
  Actor               : 64 -> 32  (5,216 weights)  [critics 512->256]
  Warm start          : checkpoints/td3_grasp_rand_td3_ln_c2m512_s1/best
  Checkpoints         : /home/fahim/Thesis_fahim/pickandplace/checkpoints/td3_grasp_rand_td3_ln_cereal_alignwarm_s3
========================================================================

Spawning 5 subprocess environments (fork)...
[robosuite WARNING] No private macro file found! (__init__.py:7)
[robosuite WARNING] It is recommended to use a private macro file (__init__.py:8)
[robosuite WARNING] To setup, run: python /home/fahim/Thesis_fahim/venv/lib/python3.12/site-packages/robosuite/scripts/setup_macros.py (__init__.py:9)
[robosuite WARNING] No private macro file found! (__init__.py:7)
[robosuite WARNING] It is recommended to use a private macro file (__init__.py:8)
[robosuite WARNING] To setup, run: python /home/fahim/Thesis_fahim/venv/lib/python3.12/site-packages/robosuite/scripts/setup_macros.py (__init__.py:9)
[robosuite WARNING] No private macro file found! (__init__.py:7)
[robosuite WARNING] It is recommended to use a private macro file (__init__.py:8)
[robosuite WARNING] To setup, run: python /home/fahim/Thesis_fahim/venv/lib/python3.12/site-packages/robosuite/scripts/setup_macros.py (__init__.py:9)
[robosuite WARNING] No private macro file found! (__init__.py:7)
[robosuite WARNING] It is recommended to use a private macro file (__init__.py:8)
[robosuite WARNING] To setup, run: python /home/fahim/Thesis_fahim/venv/lib/python3.12/site-packages/robosuite/scripts/setup_macros.py (__init__.py:9)
[robosuite WARNING] No private macro file found! (__init__.py:7)
[robosuite WARNING] It is recommended to use a private macro file (__init__.py:8)
[robosuite WARNING] To setup, run: python /home/fahim/Thesis_fahim/venv/lib/python3.12/site-packages/robosuite/scripts/setup_macros.py (__init__.py:9)
Gym has been unmaintained since 2022 and does not support NumPy 2.0 amongst other critical functionality.
Please upgrade to Gymnasium, the maintained drop-in replacement of Gym, or contact the authors of your software and request that they upgrade.
See the migration guide at https://gymnasium.farama.org/introduction/migration_guide/ for additional information.
Gym has been unmaintained since 2022 and does not support NumPy 2.0 amongst other critical functionality.
Please upgrade to Gymnasium, the maintained drop-in replacement of Gym, or contact the authors of your software and request that they upgrade.
See the migration guide at https://gymnasium.farama.org/introduction/migration_guide/ for additional information.
Gym has been unmaintained since 2022 and does not support NumPy 2.0 amongst other critical functionality.
Please upgrade to Gymnasium, the maintained drop-in replacement of Gym, or contact the authors of your software and request that they upgrade.
See the migration guide at https://gymnasium.farama.org/introduction/migration_guide/ for additional information.
Gym has been unmaintained since 2022 and does not support NumPy 2.0 amongst other critical functionality.
Please upgrade to Gymnasium, the maintained drop-in replacement of Gym, or contact the authors of your software and request that they upgrade.
See the migration guide at https://gymnasium.farama.org/introduction/migration_guide/ for additional information.
Gym has been unmaintained since 2022 and does not support NumPy 2.0 amongst other critical functionality.
Please upgrade to Gymnasium, the maintained drop-in replacement of Gym, or contact the authors of your software and request that they upgrade.
See the migration guide at https://gymnasium.farama.org/introduction/migration_guide/ for additional information.
/home/fahim/Thesis_fahim/venv/lib/python3.12/site-packages/gym/spaces/box.py:84: UserWarning: [33mWARN: Box bound precision lowered by casting to float32[0m
  logger.warn(f"Box bound precision lowered by casting to {self.dtype}")
/home/fahim/Thesis_fahim/venv/lib/python3.12/site-packages/gym/spaces/box.py:84: UserWarning: [33mWARN: Box bound precision lowered by casting to float32[0m
  logger.warn(f"Box bound precision lowered by casting to {self.dtype}")
/home/fahim/Thesis_fahim/venv/lib/python3.12/site-packages/gym/spaces/box.py:84: UserWarning: [33mWARN: Box bound precision lowered by casting to float32[0m
  logger.warn(f"Box bound precision lowered by casting to {self.dtype}")
/home/fahim/Thesis_fahim/venv/lib/python3.12/site-packages/gym/spaces/box.py:84: UserWarning: [33mWARN: Box bound precision lowered by casting to float32[0m
  logger.warn(f"Box bound precision lowered by casting to {self.dtype}")
/home/fahim/Thesis_fahim/venv/lib/python3.12/site-packages/gym/spaces/box.py:84: UserWarning: [33mWARN: Box bound precision lowered by casting to float32[0m
  logger.warn(f"Box bound precision lowered by casting to {self.dtype}")
Gym has been unmaintained since 2022 and does not support NumPy 2.0 amongst other critical functionality.
Please upgrade to Gymnasium, the maintained drop-in replacement of Gym, or contact the authors of your software and request that they upgrade.
See the migration guide at https://gymnasium.farama.org/introduction/migration_guide/ for additional information.
5 environments ready.

  Actor QAT           : per-tensor INT8 fake-quant, STE grads
  Actor weight clip   : |w| <= 8.0 * std(w) per Linear tensor (bi_s0 baseline fc1 9.96 / fc2 10.82)
Init: resumed (source: /home/fahim/Thesis_fahim/pickandplace/checkpoints/td3_grasp_rand_td3_ln_c2m512_s1/best)
Resumed replay buffer (1,574,661 transitions).

Training...

Ep    50 | score   86.99 | avg100   55.85 | grasp100  16.0% | best 0.000 |     37 st/s
    done(50): success=8 t_flicker=18 t_touched=21 t_no_reach=3
Ep   100 | score   82.70 | avg100   83.13 | grasp100  27.0% | best 0.000 |     35 st/s
    done(50): success=19 t_flicker=20 t_touched=8 t_no_reach=3
Ep   150 | score   46.63 | avg100  107.49 | grasp100  36.0% | best 0.000 |     35 st/s
    done(50): success=17 t_flicker=29 t_touched=3 t_no_reach=1
Ep   200 | * BEST  level200=2.00 grasp200= 34.5% metric=0.345 | score  186.81
Ep   216 | * BEST  level200=2.00 grasp200= 36.0% metric=0.360 | score  201.74
Ep   248 | * BEST  level200=2.00 grasp200= 37.5% metric=0.375 | score  203.23
Ep   250 | score   -7.24 | avg100  121.29 | grasp100  40.0% | best 0.375 |     34 st/s
    done(50): success=15 t_flicker=20 t_touched=14 t_no_reach=1
Ep   262 | * BEST  level200=2.00 grasp200= 39.0% metric=0.390 | score  207.26
Ep   272 | * BEST  level200=2.00 grasp200= 40.5% metric=0.405 | score  207.37
Ep   277 | * BEST  level200=2.00 grasp200= 42.0% metric=0.420 | score  173.69
Ep   286 | * BEST  level200=2.00 grasp200= 43.5% metric=0.435 | score  193.28
Ep   300 | score  -47.68 | avg100  124.47 | grasp100  44.0% | best 0.435 |     34 st/s
    done(50): success=29 t_flicker=20 t_touched=1
Ep   308 | * BEST  level200=2.00 grasp200= 45.0% metric=0.450 | score  205.24
Ep   314 | * BEST  level200=2.00 grasp200= 46.5% metric=0.465 | score  203.41
Ep   328 | * BEST  level200=2.00 grasp200= 48.0% metric=0.480 | score  153.82
Ep   350 | score  138.94 | avg100  138.35 | grasp100  56.0% | best 0.480 |     34 st/s
    done(50): success=27 t_flicker=18 t_touched=5
Ep   361 | * BEST  level200=2.00 grasp200= 49.5% metric=0.495 | score  170.61
Ep   390 | * BEST  level200=2.00 grasp200= 51.0% metric=0.510 | score  175.12
Ep   400 | score  207.18 | avg100  138.12 | grasp100  58.0% | best 0.510 |     33 st/s
    done(50): success=31 t_flicker=15 t_touched=4
Ep   404 | * BEST  level200=2.00 grasp200= 52.5% metric=0.525 | score  219.96
Ep   413 | * BEST  level200=2.00 grasp200= 54.0% metric=0.540 | score  176.54
Ep   421 | * BEST  level200=2.00 grasp200= 55.5% metric=0.555 | score  183.05
Ep   430 | * BEST  level200=2.00 grasp200= 57.0% metric=0.570 | score  201.82
Ep   433 | * BEST  level200=2.00 grasp200= 58.5% metric=0.585 | score  171.16
Ep   436 | * BEST  level200=2.00 grasp200= 60.0% metric=0.600 | score  179.83
Ep   445 | * BEST  level200=2.00 grasp200= 61.5% metric=0.615 | score  187.18
Ep   450 | score  103.51 | avg100  150.60 | grasp100  66.0% | best 0.615 |     33 st/s
    done(50): success=35 t_flicker=11 t_touched=4
Ep   500 | score  138.80 | avg100  149.15 | grasp100  64.0% | best 0.615 |     33 st/s
    done(50): success=29 t_flicker=20 t_no_reach=1
Ep   536 | * BEST  level200=2.00 grasp200= 63.0% metric=0.630 | score  184.80
Ep   550 | score  147.17 | avg100  141.54 | grasp100  59.0% | best 0.630 |     32 st/s
    done(50): success=30 t_flicker=18 t_touched=2
Ep   566 | * BEST  level200=2.00 grasp200= 64.5% metric=0.645 | score  201.86
Ep   600 | score   61.52 | avg100  147.68 | grasp100  62.0% | best 0.645 |     32 st/s
    done(50): success=32 t_flicker=14 t_touched=3 t_no_reach=1
Ep   650 | score  161.84 | avg100  145.02 | grasp100  55.0% | best 0.645 |     32 st/s
    done(50): success=23 t_flicker=24 t_touched=3
Ep   700 | score  189.92 | avg100  137.02 | grasp100  52.0% | best 0.645 |     32 st/s
    done(50): success=29 t_flicker=15 t_touched=6
Ep   750 | score  200.58 | avg100  135.69 | grasp100  60.0% | best 0.645 |     33 st/s
    done(50): success=31 t_flicker=13 t_touched=5 t_no_reach=1
Ep   800 | score   61.34 | avg100  137.73 | grasp100  61.0% | best 0.645 |     33 st/s
    done(50): success=30 t_flicker=14 t_touched=5 t_no_reach=1
  [primacy-bias reset of critic heads @ 25000 updates]
Ep   850 | score  -18.60 | avg100  122.93 | grasp100  49.0% | best 0.645 |     34 st/s
    done(50): success=19 t_flicker=25 t_touched=4 t_no_reach=2
Ep   900 | score  183.17 | avg100   97.04 | grasp100  35.0% | best 0.645 |     35 st/s
    done(50): success=16 t_flicker=22 t_touched=4 t_no_reach=8
Ep   950 | score  179.45 | avg100  111.48 | grasp100  41.0% | best 0.645 |     35 st/s
    done(50): success=25 t_flicker=15 t_touched=9 t_no_reach=1
Ep  1000 | score   15.32 | avg100  148.31 | grasp100  51.0% | best 0.645 |     35 st/s
    done(50): success=26 t_flicker=18 t_touched=5 t_no_reach=1
Ep  1050 | score  171.60 | avg100  154.76 | grasp100  56.0% | best 0.645 |     35 st/s
    done(50): success=30 t_flicker=17 t_touched=2 t_no_reach=1
Ep  1100 | score  130.82 | avg100  139.08 | grasp100  54.0% | best 0.645 |     35 st/s
    done(50): success=24 t_flicker=20 t_touched=4 t_no_reach=2
Ep  1150 | score  207.99 | avg100  138.38 | grasp100  56.0% | best 0.645 |     35 st/s
    done(50): success=32 t_flicker=15 t_touched=2 t_no_reach=1
Ep  1200 | score  184.10 | avg100  146.28 | grasp100  61.0% | best 0.645 |     35 st/s
    done(50): success=29 t_flicker=18 t_touched=2 t_no_reach=1
Ep  1250 | score  188.22 | avg100  142.98 | grasp100  60.0% | best 0.645 |     35 st/s
    done(50): success=31 t_flicker=16 t_touched=3
Ep  1300 | score  175.44 | avg100  142.14 | grasp100  59.0% | best 0.645 |     36 st/s
    done(50): success=28 t_flicker=18 t_touched=3 t_no_reach=1
Ep  1350 | score  206.69 | avg100  152.44 | grasp100  65.0% | best 0.645 |     36 st/s
    done(50): success=37 t_flicker=11 t_touched=1 t_no_reach=1
Ep  1400 | score  199.81 | avg100  147.54 | grasp100  66.0% | best 0.645 |     36 st/s
    done(50): success=29 t_flicker=16 t_touched=4 t_no_reach=1
Ep  1450 | score  196.60 | avg100  138.40 | grasp100  59.0% | best 0.645 |     36 st/s
    done(50): success=30 t_flicker=16 t_touched=4
Ep  1500 | score  202.26 | avg100  144.14 | grasp100  61.0% | best 0.645 |     36 st/s
    done(50): success=31 t_flicker=14 t_touched=5
Ep  1550 | score   -4.93 | avg100  143.35 | grasp100  61.0% | best 0.645 |     36 st/s
    done(50): success=30 t_flicker=16 t_touched=3 t_no_reach=1
Ep  1600 | score  168.35 | avg100  143.35 | grasp100  61.0% | best 0.645 |     36 st/s
    done(50): success=31 t_flicker=14 t_touched=4 t_no_reach=1
  [primacy-bias reset of critic heads @ 50000 updates]
Ep  1650 | score  194.21 | avg100  142.94 | grasp100  59.0% | best 0.645 |     36 st/s
    done(50): success=28 t_flicker=16 t_touched=5 t_no_reach=1
Ep  1700 | score   91.38 | avg100  112.28 | grasp100  43.0% | best 0.645 |     36 st/s
    done(50): success=15 t_flicker=24 t_touched=6 t_no_reach=5
Ep  1750 | score  -39.79 | avg100   95.25 | grasp100  35.0% | best 0.645 |     37 st/s
    done(50): success=20 t_flicker=23 t_touched=3 t_no_reach=4
Ep  1800 | score  121.18 | avg100  117.66 | grasp100  46.0% | best 0.645 |     37 st/s
    done(50): success=26 t_flicker=17 t_touched=5 t_no_reach=2
Ep  1850 | score  120.54 | avg100  134.62 | grasp100  52.0% | best 0.645 |     37 st/s
    done(50): success=26 t_flicker=18 t_touched=4 t_no_reach=2
========================================================================
RANDOM-SPAWN GRASP RETRAINING  |  algo=td3_ln  run=td3_ln_cereal_alignwarm_s3
========================================================================
  Envs                : 5 (subprocess-parallel, fork)
  Spawn level         : 2.0 (1.0 = full position box, 2.0 = + z-rotation)
  Updates/vec-step    : 2 (0.400 per env-step; historical baseline 0.5)
  Buffer              : 2,000,000
  Actor               : 64 -> 32  (5,216 weights)  [critics 512->256]
  Warm start          : checkpoints/td3_grasp_rand_td3_ln_c2m512_s1/best
  Checkpoints         : /home/fahim/Thesis_fahim/pickandplace/checkpoints/td3_grasp_rand_td3_ln_cereal_alignwarm_s3
========================================================================

Spawning 5 subprocess environments (fork)...
[robosuite WARNING] No private macro file found! (__init__.py:7)
[robosuite WARNING] It is recommended to use a private macro file (__init__.py:8)
[robosuite WARNING] To setup, run: python /home/fahim/Thesis_fahim/venv/lib/python3.12/site-packages/robosuite/scripts/setup_macros.py (__init__.py:9)
[robosuite WARNING] No private macro file found! (__init__.py:7)
[robosuite WARNING] It is recommended to use a private macro file (__init__.py:8)
[robosuite WARNING] To setup, run: python /home/fahim/Thesis_fahim/venv/lib/python3.12/site-packages/robosuite/scripts/setup_macros.py (__init__.py:9)
[robosuite WARNING] No private macro file found! (__init__.py:7)
[robosuite WARNING] It is recommended to use a private macro file (__init__.py:8)
[robosuite WARNING] To setup, run: python /home/fahim/Thesis_fahim/venv/lib/python3.12/site-packages/robosuite/scripts/setup_macros.py (__init__.py:9)
[robosuite WARNING] No private macro file found! (__init__.py:7)
[robosuite WARNING] It is recommended to use a private macro file (__init__.py:8)
[robosuite WARNING] To setup, run: python /home/fahim/Thesis_fahim/venv/lib/python3.12/site-packages/robosuite/scripts/setup_macros.py (__init__.py:9)
[robosuite WARNING] No private macro file found! (__init__.py:7)
[robosuite WARNING] It is recommended to use a private macro file (__init__.py:8)
[robosuite WARNING] To setup, run: python /home/fahim/Thesis_fahim/venv/lib/python3.12/site-packages/robosuite/scripts/setup_macros.py (__init__.py:9)
Gym has been unmaintained since 2022 and does not support NumPy 2.0 amongst other critical functionality.
Please upgrade to Gymnasium, the maintained drop-in replacement of Gym, or contact the authors of your software and request that they upgrade.
See the migration guide at https://gymnasium.farama.org/introduction/migration_guide/ for additional information.
Gym has been unmaintained since 2022 and does not support NumPy 2.0 amongst other critical functionality.
Please upgrade to Gymnasium, the maintained drop-in replacement of Gym, or contact the authors of your software and request that they upgrade.
See the migration guide at https://gymnasium.farama.org/introduction/migration_guide/ for additional information.
Gym has been unmaintained since 2022 and does not support NumPy 2.0 amongst other critical functionality.
Please upgrade to Gymnasium, the maintained drop-in replacement of Gym, or contact the authors of your software and request that they upgrade.
See the migration guide at https://gymnasium.farama.org/introduction/migration_guide/ for additional information.
Gym has been unmaintained since 2022 and does not support NumPy 2.0 amongst other critical functionality.
Please upgrade to Gymnasium, the maintained drop-in replacement of Gym, or contact the authors of your software and request that they upgrade.
See the migration guide at https://gymnasium.farama.org/introduction/migration_guide/ for additional information.
Gym has been unmaintained since 2022 and does not support NumPy 2.0 amongst other critical functionality.
Please upgrade to Gymnasium, the maintained drop-in replacement of Gym, or contact the authors of your software and request that they upgrade.
See the migration guide at https://gymnasium.farama.org/introduction/migration_guide/ for additional information.
/home/fahim/Thesis_fahim/venv/lib/python3.12/site-packages/gym/spaces/box.py:84: UserWarning: [33mWARN: Box bound precision lowered by casting to float32[0m
  logger.warn(f"Box bound precision lowered by casting to {self.dtype}")
/home/fahim/Thesis_fahim/venv/lib/python3.12/site-packages/gym/spaces/box.py:84: UserWarning: [33mWARN: Box bound precision lowered by casting to float32[0m
  logger.warn(f"Box bound precision lowered by casting to {self.dtype}")
/home/fahim/Thesis_fahim/venv/lib/python3.12/site-packages/gym/spaces/box.py:84: UserWarning: [33mWARN: Box bound precision lowered by casting to float32[0m
  logger.warn(f"Box bound precision lowered by casting to {self.dtype}")
/home/fahim/Thesis_fahim/venv/lib/python3.12/site-packages/gym/spaces/box.py:84: UserWarning: [33mWARN: Box bound precision lowered by casting to float32[0m
  logger.warn(f"Box bound precision lowered by casting to {self.dtype}")
/home/fahim/Thesis_fahim/venv/lib/python3.12/site-packages/gym/spaces/box.py:84: UserWarning: [33mWARN: Box bound precision lowered by casting to float32[0m
  logger.warn(f"Box bound precision lowered by casting to {self.dtype}")
Gym has been unmaintained since 2022 and does not support NumPy 2.0 amongst other critical functionality.
Please upgrade to Gymnasium, the maintained drop-in replacement of Gym, or contact the authors of your software and request that they upgrade.
See the migration guide at https://gymnasium.farama.org/introduction/migration_guide/ for additional information.
5 environments ready.

  Actor QAT           : per-tensor INT8 fake-quant, STE grads
  Actor weight clip   : |w| <= 8.0 * std(w) per Linear tensor (bi_s0 baseline fc1 9.96 / fc2 10.82)
Init: resumed (source: /home/fahim/Thesis_fahim/pickandplace/checkpoints/td3_grasp_rand_td3_ln_c2m512_s1/best)
Resumed replay buffer (1,690,153 transitions).

Training...

Ep    50 | score  197.85 | avg100  125.70 | grasp100  56.0% | best 0.000 |     37 st/s
    done(50): success=28 t_flicker=15 t_touched=4 t_no_reach=3
Ep   100 | score  182.42 | avg100  123.29 | grasp100  54.0% | best 0.000 |     37 st/s
    done(50): success=26 t_flicker=16 t_touched=7 t_no_reach=1
Ep   150 | score  194.09 | avg100  117.06 | grasp100  50.0% | best 0.000 |     37 st/s
    done(50): success=24 t_flicker=18 t_touched=8
Ep   200 | * BEST  level200=2.00 grasp200= 54.0% metric=0.540 | score   36.14
Ep   250 | score  178.52 | avg100  120.50 | grasp100  53.0% | best 0.540 |     37 st/s
    done(50): success=23 t_flicker=21 t_touched=4 t_no_reach=2
Ep   300 | score  200.66 | avg100  127.35 | grasp100  56.0% | best 0.540 |     37 st/s
    done(50): success=33 t_flicker=14 t_touched=2 t_no_reach=1
Ep   301 | * BEST  level200=2.00 grasp200= 55.5% metric=0.555 | score  192.19
Ep   327 | * BEST  level200=2.00 grasp200= 57.0% metric=0.570 | score  184.38
Ep   350 | score  192.65 | avg100  130.33 | grasp100  59.0% | best 0.570 |     37 st/s
    done(50): success=26 t_flicker=16 t_touched=6 t_no_reach=2
Ep   400 | score  194.62 | avg100  127.81 | grasp100  57.0% | best 0.570 |     37 st/s
    done(50): success=31 t_flicker=16 t_touched=3
Ep   415 | * BEST  level200=2.00 grasp200= 58.5% metric=0.585 | score  185.99
Ep   424 | * BEST  level200=2.00 grasp200= 60.0% metric=0.600 | score  185.89
Ep   429 | * BEST  level200=2.00 grasp200= 61.5% metric=0.615 | score  197.01
Ep   450 | score   35.01 | avg100  138.33 | grasp100  63.0% | best 0.615 |     37 st/s
    done(50): success=32 t_flicker=17 t_touched=1
Ep   500 | score  191.52 | avg100  130.89 | grasp100  59.0% | best 0.615 |     37 st/s
    done(50): success=27 t_flicker=18 t_touched=5
Ep   550 | score  168.28 | avg100  131.56 | grasp100  61.0% | best 0.615 |     34 st/s
    done(50): success=34 t_flicker=11 t_touched=3 t_no_reach=2
Ep   600 | score  183.89 | avg100  127.57 | grasp100  57.0% | best 0.615 |     35 st/s
    done(50): success=23 t_flicker=19 t_touched=3 t_no_reach=5
Ep   650 | score  138.39 | avg100  121.58 | grasp100  49.0% | best 0.615 |     35 st/s
    done(50): success=26 t_flicker=18 t_touched=4 t_no_reach=2
Ep   700 | score  196.47 | avg100  121.90 | grasp100  52.0% | best 0.615 |     35 st/s
    done(50): success=26 t_flicker=14 t_touched=7 t_no_reach=3
Ep   750 | score  173.62 | avg100  127.25 | grasp100  58.0% | best 0.615 |     35 st/s
    done(50): success=32 t_flicker=10 t_touched=6 t_no_reach=2
Ep   800 | score  189.94 | avg100  130.73 | grasp100  60.0% | best 0.615 |     35 st/s
    done(50): success=28 t_flicker=14 t_touched=6 t_no_reach=2
Ep   850 | score   31.80 | avg100  125.00 | grasp100  58.0% | best 0.615 |     35 st/s
    done(50): success=30 t_flicker=13 t_touched=7
Ep   900 | score  164.84 | avg100  119.64 | grasp100  52.0% | best 0.615 |     36 st/s
    done(50): success=22 t_flicker=20 t_touched=6 t_no_reach=2
Ep   950 | score  158.52 | avg100  116.52 | grasp100  50.0% | best 0.615 |     36 st/s
    done(50): success=28 t_flicker=14 t_touched=6 t_no_reach=2
Ep  1000 | score  169.97 | avg100  129.73 | grasp100  62.0% | best 0.615 |     36 st/s
    done(50): success=34 t_flicker=12 t_touched=3 t_no_reach=1
Ep  1050 | score  187.32 | avg100  138.22 | grasp100  65.0% | best 0.615 |     34 st/s
    done(50): success=31 t_flicker=15 t_touched=3 t_no_reach=1
Ep  1095 | * BEST  level200=2.00 grasp200= 63.0% metric=0.630 | score  199.79
Ep  1100 | score  147.15 | avg100  139.27 | grasp100  64.0% | best 0.630 |     34 st/s
    done(50): success=33 t_flicker=14 t_touched=2 t_no_reach=1
Ep  1150 | score   59.60 | avg100  137.68 | grasp100  62.0% | best 0.630 |     34 st/s
    done(50): success=29 t_flicker=17 t_touched=2 t_no_reach=2
Ep  1179 | * BEST  level200=2.00 grasp200= 64.5% metric=0.645 | score  200.01
Ep  1200 | score   64.95 | avg100  139.75 | grasp100  63.0% | best 0.645 |     34 st/s
    done(50): success=34 t_flicker=13 t_touched=3
Ep  1250 | score   15.64 | avg100  135.07 | grasp100  64.0% | best 0.645 |     34 st/s
    done(50): success=30 t_flicker=14 t_touched=5 t_no_reach=1
Ep  1300 | score  183.46 | avg100  131.43 | grasp100  61.0% | best 0.645 |     34 st/s
    done(50): success=31 t_flicker=13 t_touched=6
Ep  1350 | score  182.58 | avg100  137.01 | grasp100  62.0% | best 0.645 |     35 st/s
    done(50): success=31 t_flicker=14 t_touched=3 t_no_reach=2
Ep  1400 | score    8.54 | avg100  135.85 | grasp100  62.0% | best 0.645 |     35 st/s
    done(50): success=31 t_flicker=13 t_touched=2 t_no_reach=4
Ep  1450 | score   96.85 | avg100  131.87 | grasp100  60.0% | best 0.645 |     35 st/s
    done(50): success=29 t_flicker=18 t_touched=2 t_no_reach=1
Ep  1500 | score  192.47 | avg100  136.53 | grasp100  63.0% | best 0.645 |     35 st/s
    done(50): success=34 t_flicker=10 t_touched=4 t_no_reach=2
Ep  1550 | score   14.40 | avg100  141.93 | grasp100  66.0% | best 0.645 |     34 st/s
    done(50): success=32 t_flicker=13 t_touched=2 t_no_reach=3
  [primacy-bias reset of critic heads @ 25000 updates]
Ep  1600 | score   -3.16 | avg100  102.45 | grasp100  47.0% | best 0.645 |     34 st/s
    done(50): success=15 t_flicker=11 t_touched=11 t_no_reach=13
========================================================================
RANDOM-SPAWN GRASP RETRAINING  |  algo=td3_ln  run=td3_ln_cereal_alignwarm_s3
========================================================================
  Envs                : 5 (subprocess-parallel, fork)
  Spawn level         : 2.0 (1.0 = full position box, 2.0 = + z-rotation)
  Updates/vec-step    : 2 (0.400 per env-step; historical baseline 0.5)
  Buffer              : 2,000,000
  Actor               : 64 -> 32  (5,216 weights)  [critics 512->256]
  Warm start          : checkpoints/td3_grasp_rand_td3_ln_c2m512_s1/best
  Checkpoints         : /home/fahim/Thesis_fahim/pickandplace/checkpoints/td3_grasp_rand_td3_ln_cereal_alignwarm_s3
========================================================================

Spawning 5 subprocess environments (fork)...
[robosuite WARNING] No private macro file found! (__init__.py:7)
[robosuite WARNING] It is recommended to use a private macro file (__init__.py:8)
[robosuite WARNING] To setup, run: python /home/fahim/Thesis_fahim/venv/lib/python3.12/site-packages/robosuite/scripts/setup_macros.py (__init__.py:9)
[robosuite WARNING] No private macro file found! (__init__.py:7)
[robosuite WARNING] It is recommended to use a private macro file (__init__.py:8)
[robosuite WARNING] To setup, run: python /home/fahim/Thesis_fahim/venv/lib/python3.12/site-packages/robosuite/scripts/setup_macros.py (__init__.py:9)
[robosuite WARNING] No private macro file found! (__init__.py:7)
[robosuite WARNING] It is recommended to use a private macro file (__init__.py:8)
[robosuite WARNING] To setup, run: python /home/fahim/Thesis_fahim/venv/lib/python3.12/site-packages/robosuite/scripts/setup_macros.py (__init__.py:9)
[robosuite WARNING] No private macro file found! (__init__.py:7)
[robosuite WARNING] It is recommended to use a private macro file (__init__.py:8)
[robosuite WARNING] To setup, run: python /home/fahim/Thesis_fahim/venv/lib/python3.12/site-packages/robosuite/scripts/setup_macros.py (__init__.py:9)
[robosuite WARNING] No private macro file found! (__init__.py:7)
[robosuite WARNING] It is recommended to use a private macro file (__init__.py:8)
[robosuite WARNING] To setup, run: python /home/fahim/Thesis_fahim/venv/lib/python3.12/site-packages/robosuite/scripts/setup_macros.py (__init__.py:9)
Gym has been unmaintained since 2022 and does not support NumPy 2.0 amongst other critical functionality.
Please upgrade to Gymnasium, the maintained drop-in replacement of Gym, or contact the authors of your software and request that they upgrade.
See the migration guide at https://gymnasium.farama.org/introduction/migration_guide/ for additional information.Gym has been unmaintained since 2022 and does not support NumPy 2.0 amongst other critical functionality.
Please upgrade to Gymnasium, the maintained drop-in replacement of Gym, or contact the authors of your software and request that they upgrade.
See the migration guide at https://gymnasium.farama.org/introduction/migration_guide/ for additional information.

Gym has been unmaintained since 2022 and does not support NumPy 2.0 amongst other critical functionality.
Please upgrade to Gymnasium, the maintained drop-in replacement of Gym, or contact the authors of your software and request that they upgrade.
See the migration guide at https://gymnasium.farama.org/introduction/migration_guide/ for additional information.
Gym has been unmaintained since 2022 and does not support NumPy 2.0 amongst other critical functionality.
Please upgrade to Gymnasium, the maintained drop-in replacement of Gym, or contact the authors of your software and request that they upgrade.
See the migration guide at https://gymnasium.farama.org/introduction/migration_guide/ for additional information.
Gym has been unmaintained since 2022 and does not support NumPy 2.0 amongst other critical functionality.
Please upgrade to Gymnasium, the maintained drop-in replacement of Gym, or contact the authors of your software and request that they upgrade.
See the migration guide at https://gymnasium.farama.org/introduction/migration_guide/ for additional information.
/home/fahim/Thesis_fahim/venv/lib/python3.12/site-packages/gym/spaces/box.py:84: UserWarning: [33mWARN: Box bound precision lowered by casting to float32[0m
  logger.warn(f"Box bound precision lowered by casting to {self.dtype}")
/home/fahim/Thesis_fahim/venv/lib/python3.12/site-packages/gym/spaces/box.py:84: UserWarning: [33mWARN: Box bound precision lowered by casting to float32[0m
  logger.warn(f"Box bound precision lowered by casting to {self.dtype}")
/home/fahim/Thesis_fahim/venv/lib/python3.12/site-packages/gym/spaces/box.py:84: UserWarning: [33mWARN: Box bound precision lowered by casting to float32[0m
  logger.warn(f"Box bound precision lowered by casting to {self.dtype}")
/home/fahim/Thesis_fahim/venv/lib/python3.12/site-packages/gym/spaces/box.py:84: UserWarning: [33mWARN: Box bound precision lowered by casting to float32[0m
  logger.warn(f"Box bound precision lowered by casting to {self.dtype}")
/home/fahim/Thesis_fahim/venv/lib/python3.12/site-packages/gym/spaces/box.py:84: UserWarning: [33mWARN: Box bound precision lowered by casting to float32[0m
  logger.warn(f"Box bound precision lowered by casting to {self.dtype}")
Gym has been unmaintained since 2022 and does not support NumPy 2.0 amongst other critical functionality.
Please upgrade to Gymnasium, the maintained drop-in replacement of Gym, or contact the authors of your software and request that they upgrade.
See the migration guide at https://gymnasium.farama.org/introduction/migration_guide/ for additional information.
5 environments ready.

  Actor QAT           : per-tensor INT8 fake-quant, STE grads
  Actor weight clip   : |w| <= 8.0 * std(w) per Linear tensor (bi_s0 baseline fc1 9.96 / fc2 10.82)
Init: resumed (source: /home/fahim/Thesis_fahim/pickandplace/checkpoints/td3_grasp_rand_td3_ln_c2m512_s1/best)
Resumed replay buffer (1,750,659 transitions).

Training...

Ep    50 | score  193.72 | avg100  140.64 | grasp100  68.0% | best 0.000 |     37 st/s
    done(50): success=34 t_flicker=13 t_touched=2 t_no_reach=1
Ep   100 | score   77.54 | avg100  137.01 | grasp100  65.0% | best 0.000 |     37 st/s
    done(50): success=31 t_flicker=16 t_touched=3
Ep   150 | score  180.01 | avg100  121.96 | grasp100  51.0% | best 0.000 |     38 st/s
    done(50): success=20 t_flicker=26 t_touched=2 t_no_reach=2
Ep   200 | * BEST  level200=2.00 grasp200= 58.0% metric=0.580 | score  156.71
Ep   250 | score   27.48 | avg100  126.19 | grasp100  55.0% | best 0.580 |     38 st/s
    done(50): success=24 t_flicker=14 t_touched=10 t_no_reach=2
Ep   300 | score   19.34 | avg100  129.48 | grasp100  58.0% | best 0.580 |     37 st/s
    done(50): success=34 t_flicker=13 t_touched=1 t_no_reach=2
Ep   328 | * BEST  level200=2.00 grasp200= 59.5% metric=0.595 | score  160.80
Ep   332 | * BEST  level200=2.00 grasp200= 61.0% metric=0.610 | score  175.98
Ep   350 | score   40.37 | avg100  137.96 | grasp100  65.0% | best 0.610 |     38 st/s
    done(50): success=31 t_flicker=14 t_touched=4 t_no_reach=1
Ep   366 | * BEST  level200=2.00 grasp200= 62.5% metric=0.625 | score  183.69
Ep   400 | score  189.63 | avg100  138.38 | grasp100  65.0% | best 0.625 |     38 st/s
    done(50): success=34 t_flicker=10 t_touched=4 t_no_reach=2
Ep   433 | * BEST  level200=2.00 grasp200= 64.0% metric=0.640 | score  195.16
Ep   447 | * BEST  level200=2.00 grasp200= 65.5% metric=0.655 | score  170.73
Ep   450 | score  178.29 | avg100  143.37 | grasp100  67.0% | best 0.655 |     37 st/s
    done(50): success=33 t_flicker=16 t_touched=1
Ep   457 | * BEST  level200=2.00 grasp200= 67.0% metric=0.670 | score  221.24
Ep   500 | score  185.56 | avg100  144.60 | grasp100  67.0% | best 0.670 |     37 st/s
    done(50): success=34 t_flicker=15 t_touched=1
Ep   550 | score  188.29 | avg100  137.32 | grasp100  63.0% | best 0.670 |     34 st/s
    done(50): success=29 t_flicker=17 t_touched=3 t_no_reach=1
Ep   600 | score   30.77 | avg100  143.29 | grasp100  68.0% | best 0.670 |     34 st/s
    done(50): success=39 t_flicker=7 t_touched=3 t_no_reach=1
Ep   603 | * BEST  level200=2.00 grasp200= 68.5% metric=0.685 | score  196.14
Ep   650 | score   60.46 | avg100  137.89 | grasp100  66.0% | best 0.685 |     34 st/s
    done(50): success=27 t_flicker=21 t_touched=2
Ep   700 | score  144.55 | avg100  123.61 | grasp100  55.0% | best 0.685 |     34 st/s
    done(50): success=28 t_flicker=17 t_touched=5
Ep   750 | score  182.13 | avg100  135.56 | grasp100  62.0% | best 0.685 |     34 st/s
    done(50): success=34 t_flicker=11 t_touched=4 t_no_reach=1
Ep   800 | score   35.63 | avg100  148.18 | grasp100  71.0% | best 0.685 |     34 st/s
    done(50): success=37 t_flicker=11 t_touched=2
Ep   850 | score   58.69 | avg100  139.44 | grasp100  64.0% | best 0.685 |     34 st/s
    done(50): success=27 t_flicker=14 t_touched=9
Ep   900 | score   62.59 | avg100  130.96 | grasp100  57.0% | best 0.685 |     35 st/s
    done(50): success=30 t_flicker=17 t_touched=2 t_no_reach=1
Ep   950 | score  189.48 | avg100  135.72 | grasp100  61.0% | best 0.685 |     35 st/s
    done(50): success=31 t_flicker=12 t_touched=7
========================================================================
RANDOM-SPAWN GRASP RETRAINING  |  algo=td3_ln  run=td3_ln_cereal_alignwarm_s3
========================================================================
  Envs                : 5 (subprocess-parallel, fork)
  Spawn level         : 2.0 (1.0 = full position box, 2.0 = + z-rotation)
  Updates/vec-step    : 2 (0.400 per env-step; historical baseline 0.5)
  Buffer              : 2,000,000
  Actor               : 64 -> 32  (5,216 weights)  [critics 512->256]
  Warm start          : checkpoints/td3_grasp_rand_td3_ln_c2m512_s1/best
  Checkpoints         : /home/fahim/Thesis_fahim/pickandplace/checkpoints/td3_grasp_rand_td3_ln_cereal_alignwarm_s3
========================================================================

Spawning 5 subprocess environments (fork)...
[robosuite WARNING] No private macro file found! (__init__.py:7)
[robosuite WARNING] It is recommended to use a private macro file (__init__.py:8)
[robosuite WARNING] To setup, run: python /home/fahim/Thesis_fahim/venv/lib/python3.12/site-packages/robosuite/scripts/setup_macros.py (__init__.py:9)
[robosuite WARNING] No private macro file found! (__init__.py:7)
[robosuite WARNING] It is recommended to use a private macro file (__init__.py:8)
[robosuite WARNING] To setup, run: python /home/fahim/Thesis_fahim/venv/lib/python3.12/site-packages/robosuite/scripts/setup_macros.py (__init__.py:9)
[robosuite WARNING] No private macro file found! (__init__.py:7)
[robosuite WARNING] It is recommended to use a private macro file (__init__.py:8)
[robosuite WARNING] To setup, run: python /home/fahim/Thesis_fahim/venv/lib/python3.12/site-packages/robosuite/scripts/setup_macros.py (__init__.py:9)
[robosuite WARNING] No private macro file found! (__init__.py:7)
[robosuite WARNING] It is recommended to use a private macro file (__init__.py:8)
[robosuite WARNING] To setup, run: python /home/fahim/Thesis_fahim/venv/lib/python3.12/site-packages/robosuite/scripts/setup_macros.py (__init__.py:9)
[robosuite WARNING] No private macro file found! (__init__.py:7)
[robosuite WARNING] It is recommended to use a private macro file (__init__.py:8)
[robosuite WARNING] To setup, run: python /home/fahim/Thesis_fahim/venv/lib/python3.12/site-packages/robosuite/scripts/setup_macros.py (__init__.py:9)
Gym has been unmaintained since 2022 and does not support NumPy 2.0 amongst other critical functionality.
Please upgrade to Gymnasium, the maintained drop-in replacement of Gym, or contact the authors of your software and request that they upgrade.
See the migration guide at https://gymnasium.farama.org/introduction/migration_guide/ for additional information.
Gym has been unmaintained since 2022 and does not support NumPy 2.0 amongst other critical functionality.
Please upgrade to Gymnasium, the maintained drop-in replacement of Gym, or contact the authors of your software and request that they upgrade.
See the migration guide at https://gymnasium.farama.org/introduction/migration_guide/ for additional information.
Gym has been unmaintained since 2022 and does not support NumPy 2.0 amongst other critical functionality.
Please upgrade to Gymnasium, the maintained drop-in replacement of Gym, or contact the authors of your software and request that they upgrade.
See the migration guide at https://gymnasium.farama.org/introduction/migration_guide/ for additional information.
Gym has been unmaintained since 2022 and does not support NumPy 2.0 amongst other critical functionality.
Please upgrade to Gymnasium, the maintained drop-in replacement of Gym, or contact the authors of your software and request that they upgrade.
See the migration guide at https://gymnasium.farama.org/introduction/migration_guide/ for additional information.
Gym has been unmaintained since 2022 and does not support NumPy 2.0 amongst other critical functionality.
Please upgrade to Gymnasium, the maintained drop-in replacement of Gym, or contact the authors of your software and request that they upgrade.
See the migration guide at https://gymnasium.farama.org/introduction/migration_guide/ for additional information.
/home/fahim/Thesis_fahim/venv/lib/python3.12/site-packages/gym/spaces/box.py:84: UserWarning: [33mWARN: Box bound precision lowered by casting to float32[0m
  logger.warn(f"Box bound precision lowered by casting to {self.dtype}")
/home/fahim/Thesis_fahim/venv/lib/python3.12/site-packages/gym/spaces/box.py:84: UserWarning: [33mWARN: Box bound precision lowered by casting to float32[0m
  logger.warn(f"Box bound precision lowered by casting to {self.dtype}")
/home/fahim/Thesis_fahim/venv/lib/python3.12/site-packages/gym/spaces/box.py:84: UserWarning: [33mWARN: Box bound precision lowered by casting to float32[0m
  logger.warn(f"Box bound precision lowered by casting to {self.dtype}")
/home/fahim/Thesis_fahim/venv/lib/python3.12/site-packages/gym/spaces/box.py:84: UserWarning: [33mWARN: Box bound precision lowered by casting to float32[0m
  logger.warn(f"Box bound precision lowered by casting to {self.dtype}")
Gym has been unmaintained since 2022 and does not support NumPy 2.0 amongst other critical functionality.
Please upgrade to Gymnasium, the maintained drop-in replacement of Gym, or contact the authors of your software and request that they upgrade.
See the migration guide at https://gymnasium.farama.org/introduction/migration_guide/ for additional information.
5 environments ready.

/home/fahim/Thesis_fahim/venv/lib/python3.12/site-packages/gym/spaces/box.py:84: UserWarning: [33mWARN: Box bound precision lowered by casting to float32[0m
  logger.warn(f"Box bound precision lowered by casting to {self.dtype}")
  Actor QAT           : per-tensor INT8 fake-quant, STE grads
  Actor weight clip   : |w| <= 8.0 * std(w) per Linear tensor (bi_s0 baseline fc1 9.96 / fc2 10.82)
Init: resumed (source: /home/fahim/Thesis_fahim/pickandplace/checkpoints/td3_grasp_rand_td3_ln_c2m512_s1/best)
Resumed replay buffer (1,769,825 transitions).

Training...

Ep    50 | score   22.92 | avg100  126.19 | grasp100  56.0% | best 0.000 |     31 st/s
    done(50): success=28 t_flicker=18 t_touched=4
Ep   100 | score  -13.69 | avg100  128.12 | grasp100  58.0% | best 0.000 |     31 st/s
    done(50): success=30 t_flicker=15 t_touched=4 t_no_reach=1
Ep   150 | score   29.73 | avg100  113.69 | grasp100  50.0% | best 0.000 |     31 st/s
    done(50): success=20 t_flicker=18 t_touched=6 t_no_reach=6
Ep   200 | * BEST  level200=2.00 grasp200= 53.0% metric=0.530 | score  203.80
Ep   213 | * BEST  level200=2.00 grasp200= 54.5% metric=0.545 | score  184.84
Ep   250 | score  202.63 | avg100  127.36 | grasp100  55.0% | best 0.545 |     30 st/s
    done(50): success=27 t_flicker=17 t_touched=5 t_no_reach=1
Ep   300 | score   42.02 | avg100  131.09 | grasp100  58.0% | best 0.545 |     30 st/s
    done(50): success=31 t_flicker=13 t_touched=5 t_no_reach=1
Ep   330 | * BEST  level200=2.00 grasp200= 56.0% metric=0.560 | score  197.06
Ep   350 | score  198.39 | avg100  130.99 | grasp100  58.0% | best 0.560 |     30 st/s
    done(50): success=27 t_flicker=18 t_touched=3 t_no_reach=2
Ep   396 | * BEST  level200=2.00 grasp200= 57.5% metric=0.575 | score  202.76
Ep   400 | score  206.97 | avg100  131.72 | grasp100  57.0% | best 0.575 |     30 st/s
    done(50): success=30 t_flicker=16 t_touched=3 t_no_reach=1
Ep   422 | * BEST  level200=2.00 grasp200= 59.0% metric=0.590 | score  196.01
Ep   436 | * BEST  level200=2.00 grasp200= 60.5% metric=0.605 | score  169.95
Ep   450 | score  206.87 | avg100  144.40 | grasp100  65.0% | best 0.605 |     30 st/s
    done(50): success=35 t_flicker=13 t_touched=1 t_no_reach=1
Ep   500 | score   55.93 | avg100  135.45 | grasp100  60.0% | best 0.605 |     30 st/s
    done(50): success=25 t_flicker=22 t_touched=2 t_no_reach=1
Ep   542 | * BEST  level200=2.00 grasp200= 62.0% metric=0.620 | score  205.97
Ep   550 | score  194.28 | avg100  138.10 | grasp100  61.0% | best 0.620 |     27 st/s
    done(50): success=36 t_flicker=14
Ep   551 | * BEST  level200=2.00 grasp200= 63.5% metric=0.635 | score  195.69
Ep   564 | * BEST  level200=2.00 grasp200= 65.0% metric=0.650 | score  170.43
Ep   569 | * BEST  level200=2.00 grasp200= 66.5% metric=0.665 | score  185.36
Ep   600 | score  164.37 | avg100  148.80 | grasp100  68.0% | best 0.665 |     27 st/s
    done(50): success=32 t_flicker=16 t_touched=1 t_no_reach=1
Ep   650 | score  199.73 | avg100  132.29 | grasp100  59.0% | best 0.665 |     27 st/s
    done(50): success=27 t_flicker=18 t_touched=3 t_no_reach=2
Ep   700 | score  198.89 | avg100  127.32 | grasp100  58.0% | best 0.665 |     27 st/s
    done(50): success=31 t_flicker=14 t_touched=5
Ep   750 | score  203.03 | avg100  139.71 | grasp100  67.0% | best 0.665 |     27 st/s
    done(50): success=36 t_flicker=8 t_touched=4 t_no_reach=2
Ep   800 | score  222.79 | avg100  148.36 | grasp100  73.0% | best 0.665 |     27 st/s
    done(50): success=37 t_flicker=9 t_touched=3 t_no_reach=1
Ep   850 | score  195.52 | avg100  143.53 | grasp100  66.0% | best 0.665 |     28 st/s
    done(50): success=29 t_flicker=16 t_touched=4 t_no_reach=1
Ep   900 | score   20.30 | avg100  129.63 | grasp100  57.0% | best 0.665 |     28 st/s
    done(50): success=28 t_flicker=16 t_touched=5 t_no_reach=1
Ep   950 | score  239.31 | avg100  141.30 | grasp100  65.0% | best 0.665 |     28 st/s
    done(50): success=37 t_flicker=10 t_touched=2 t_no_reach=1
Ep  1000 | score  196.85 | avg100  149.79 | grasp100  70.0% | best 0.665 |     28 st/s
    done(50): success=33 t_flicker=10 t_touched=6 t_no_reach=1
Ep  1050 | score   68.48 | avg100  134.27 | grasp100  62.0% | best 0.665 |     27 st/s
    done(50): success=29 t_flicker=14 t_touched=5 t_no_reach=2
Ep  1100 | score   43.99 | avg100  132.37 | grasp100  58.0% | best 0.665 |     27 st/s
    done(50): success=29 t_flicker=19 t_touched=1 t_no_reach=1
Ep  1150 | score   78.22 | avg100  138.14 | grasp100  62.0% | best 0.665 |     27 st/s
    done(50): success=33 t_flicker=13 t_touched=3 t_no_reach=1
Ep  1200 | score  118.47 | avg100  144.06 | grasp100  66.0% | best 0.665 |     27 st/s
    done(50): success=33 t_flicker=11 t_touched=5 t_no_reach=1
Ep  1250 | score   30.75 | avg100  143.61 | grasp100  63.0% | best 0.665 |     27 st/s
    done(50): success=30 t_flicker=16 t_touched=4
Ep  1300 | score   15.19 | avg100  143.92 | grasp100  64.0% | best 0.665 |     27 st/s
    done(50): success=34 t_flicker=14 t_touched=2
Ep  1350 | score   23.20 | avg100  139.54 | grasp100  65.0% | best 0.665 |     27 st/s
    done(50): success=31 t_flicker=14 t_touched=4 t_no_reach=1
Ep  1400 | score   28.57 | avg100  136.52 | grasp100  65.0% | best 0.665 |     27 st/s
    done(50): success=34 t_flicker=9 t_touched=7
Ep  1450 | score  185.93 | avg100  143.59 | grasp100  69.0% | best 0.665 |     27 st/s
    done(50): success=35 t_flicker=10 t_touched=4 t_no_reach=1
Ep  1500 | score   63.12 | avg100  138.74 | grasp100  63.0% | best 0.665 |     27 st/s
    done(50): success=28 t_flicker=16 t_touched=6
Ep  1550 | score  159.83 | avg100  137.22 | grasp100  61.0% | best 0.665 |     27 st/s
    done(50): success=33 t_flicker=16 t_touched=1
Ep  1600 | score  212.27 | avg100  135.17 | grasp100  62.0% | best 0.665 |     27 st/s
    done(50): success=29 t_flicker=14 t_touched=4 t_no_reach=3
  [primacy-bias reset of critic heads @ 25000 updates]
Ep  1650 | score   -1.31 | avg100  124.37 | grasp100  56.0% | best 0.665 |     27 st/s
    done(50): success=27 t_flicker=15 t_touched=5 t_no_reach=3
Ep  1700 | score  -17.51 | avg100   64.35 | grasp100  29.0% | best 0.665 |     27 st/s
    done(50): success=2 t_flicker=13 t_touched=9 t_no_reach=26
Ep  1750 | score   30.09 | avg100   29.86 | grasp100  13.0% | best 0.665 |     27 st/s
    done(50): success=11 t_flicker=16 t_touched=9 t_no_reach=14
Ep  1800 | score   32.97 | avg100   63.38 | grasp100  27.0% | best 0.665 |     28 st/s
    done(50): success=16 t_flicker=17 t_touched=11 t_no_reach=6
Ep  1850 | score   20.15 | avg100   80.69 | grasp100  33.0% | best 0.665 |     28 st/s
    done(50): success=17 t_flicker=18 t_touched=13 t_no_reach=2
Ep  1900 | score  192.79 | avg100   98.36 | grasp100  42.0% | best 0.665 |     28 st/s
    done(50): success=25 t_flicker=14 t_touched=8 t_no_reach=3
Ep  1950 | score   29.88 | avg100  112.74 | grasp100  50.0% | best 0.665 |     28 st/s
    done(50): success=25 t_flicker=16 t_touched=8 t_no_reach=1
Ep  2000 | score  170.55 | avg100  116.30 | grasp100  50.0% | best 0.665 |     28 st/s
    done(50): success=25 t_flicker=16 t_touched=6 t_no_reach=3
Ep  2050 | score  108.31 | avg100  119.34 | grasp100  51.0% | best 0.665 |     28 st/s
    done(50): success=26 t_flicker=17 t_touched=7
Ep  2100 | score   56.99 | avg100  134.10 | grasp100  61.0% | best 0.665 |     28 st/s
    done(50): success=35 t_flicker=11 t_touched=2 t_no_reach=2
Ep  2150 | score  194.89 | avg100  137.85 | grasp100  65.0% | best 0.665 |     28 st/s
    done(50): success=30 t_flicker=12 t_touched=8
Ep  2200 | score  201.30 | avg100  138.42 | grasp100  67.0% | best 0.665 |     28 st/s
    done(50): success=37 t_flicker=7 t_touched=4 t_no_reach=2
Ep  2250 | score  195.36 | avg100  139.02 | grasp100  67.0% | best 0.665 |     28 st/s
    done(50): success=30 t_flicker=12 t_touched=3 t_no_reach=5
Ep  2300 | score  175.38 | avg100  130.52 | grasp100  61.0% | best 0.665 |     28 st/s
    done(50): success=31 t_flicker=13 t_touched=3 t_no_reach=3
Ep  2350 | score  192.68 | avg100  135.49 | grasp100  63.0% | best 0.665 |     28 st/s
    done(50): success=32 t_flicker=15 t_touched=1 t_no_reach=2
Ep  2400 | score   59.76 | avg100  140.33 | grasp100  62.0% | best 0.665 |     28 st/s
    done(50): success=30 t_flicker=17 t_touched=3
Ep  2450 | score  193.80 | avg100  129.34 | grasp100  55.0% | best 0.665 |     28 st/s
    done(50): success=25 t_flicker=23 t_touched=1 t_no_reach=1
Ep  2500 | score  198.05 | avg100  126.75 | grasp100  57.0% | best 0.665 |     28 st/s
    done(50): success=32 t_flicker=15 t_touched=2 t_no_reach=1
Ep  2550 | score  179.98 | avg100  133.17 | grasp100  61.0% | best 0.665 |     27 st/s
    done(50): success=29 t_flicker=17 t_touched=3 t_no_reach=1
Ep  2600 | score  210.76 | avg100  131.55 | grasp100  60.0% | best 0.665 |     27 st/s
    done(50): success=31 t_flicker=12 t_touched=6 t_no_reach=1
Ep  2650 | score  200.07 | avg100  126.37 | grasp100  57.0% | best 0.665 |     27 st/s
    done(50): success=26 t_flicker=20 t_touched=3 t_no_reach=1
Ep  2700 | score  192.26 | avg100  125.20 | grasp100  56.0% | best 0.665 |     28 st/s
    done(50): success=30 t_flicker=16 t_touched=3 t_no_reach=1
Ep  2750 | score   -0.62 | avg100  131.05 | grasp100  62.0% | best 0.665 |     28 st/s
    done(50): success=32 t_flicker=14 t_touched=2 t_no_reach=2
Ep  2800 | score  191.95 | avg100  133.23 | grasp100  62.0% | best 0.665 |     28 st/s
    done(50): success=30 t_flicker=14 t_touched=6
Ep  2850 | score   -3.52 | avg100  131.81 | grasp100  58.0% | best 0.665 |     28 st/s
    done(50): success=28 t_flicker=17 t_touched=3 t_no_reach=2
Ep  2900 | score  176.35 | avg100  129.89 | grasp100  59.0% | best 0.665 |     28 st/s
    done(50): success=31 t_flicker=15 t_touched=4
Ep  2950 | score  184.57 | avg100  128.67 | grasp100  59.0% | best 0.665 |     28 st/s
    done(50): success=28 t_flicker=17 t_touched=2 t_no_reach=3
Ep  3000 | score   22.34 | avg100  118.73 | grasp100  52.0% | best 0.665 |     28 st/s
    done(50): success=24 t_flicker=15 t_touched=10 t_no_reach=1
Ep  3050 | score   59.76 | avg100  129.45 | grasp100  59.0% | best 0.665 |     28 st/s
    done(50): success=35 t_flicker=12 t_touched=3
Ep  3100 | score  190.75 | avg100  143.42 | grasp100  68.0% | best 0.665 |     28 st/s
    done(50): success=33 t_flicker=14 t_touched=1 t_no_reach=2
  [primacy-bias reset of critic heads @ 50000 updates]
Ep  3150 | score  203.23 | avg100  136.44 | grasp100  63.0% | best 0.665 |     28 st/s
    done(50): success=30 t_flicker=18 t_touched=2
Ep  3200 | score    7.05 | avg100  123.47 | grasp100  53.0% | best 0.665 |     28 st/s
    done(50): success=23 t_flicker=18 t_touched=8 t_no_reach=1
Ep  3250 | score   40.91 | avg100   98.80 | grasp100  40.0% | best 0.665 |     28 st/s
    done(50): success=17 t_flicker=15 t_touched=11 t_no_reach=7
Ep  3300 | score  165.00 | avg100   94.42 | grasp100  43.0% | best 0.665 |     28 st/s
    done(50): success=26 t_flicker=10 t_touched=8 t_no_reach=6
Ep  3350 | score   50.66 | avg100  101.40 | grasp100  48.0% | best 0.665 |     28 st/s
    done(50): success=22 t_flicker=14 t_touched=9 t_no_reach=5
Ep  3400 | score  201.42 | avg100   96.65 | grasp100  43.0% | best 0.665 |     28 st/s
    done(50): success=21 t_flicker=16 t_touched=9 t_no_reach=4
Ep  3450 | score   36.14 | avg100  104.59 | grasp100  47.0% | best 0.665 |     28 st/s
    done(50): success=26 t_flicker=11 t_touched=9 t_no_reach=4
Ep  3500 | score   38.43 | avg100  119.59 | grasp100  53.0% | best 0.665 |     28 st/s
    done(50): success=27 t_flicker=17 t_touched=5 t_no_reach=1
Ep  3550 | score   55.65 | avg100  123.88 | grasp100  54.0% | best 0.665 |     28 st/s
    done(50): success=27 t_flicker=18 t_touched=3 t_no_reach=2
Ep  3600 | score   16.86 | avg100  122.62 | grasp100  54.0% | best 0.665 |     28 st/s
    done(50): success=27 t_flicker=19 t_touched=2 t_no_reach=2
Ep  3650 | score  181.07 | avg100  118.68 | grasp100  52.0% | best 0.665 |     28 st/s
    done(50): success=25 t_flicker=17 t_touched=5 t_no_reach=3
Ep  3700 | score  164.15 | avg100  122.48 | grasp100  56.0% | best 0.665 |     28 st/s
    done(50): success=31 t_flicker=12 t_touched=5 t_no_reach=2
Ep  3750 | score   11.48 | avg100  128.07 | grasp100  59.0% | best 0.665 |     28 st/s
    done(50): success=28 t_flicker=16 t_touched=3 t_no_reach=3
Ep  3800 | score  192.23 | avg100  127.52 | grasp100  56.0% | best 0.665 |     28 st/s
    done(50): success=28 t_flicker=17 t_touched=4 t_no_reach=1
Ep  3850 | score  114.60 | avg100  138.42 | grasp100  62.0% | best 0.665 |     28 st/s
    done(50): success=34 t_flicker=13 t_touched=3
Ep  3900 | score  187.97 | avg100  138.32 | grasp100  64.0% | best 0.665 |     28 st/s
    done(50): success=30 t_flicker=14 t_touched=5 t_no_reach=1
Ep  3950 | score  178.42 | avg100  137.33 | grasp100  64.0% | best 0.665 |     28 st/s
    done(50): success=34 t_flicker=11 t_touched=4 t_no_reach=1
Ep  4000 | score   18.30 | avg100  135.11 | grasp100  61.0% | best 0.665 |     28 st/s
    done(50): success=27 t_flicker=16 t_touched=6 t_no_reach=1
Ep  4050 | score   57.92 | avg100  120.61 | grasp100  52.0% | best 0.665 |     28 st/s
    done(50): success=25 t_flicker=18 t_touched=5 t_no_reach=2
Ep  4100 | score  195.42 | avg100  133.41 | grasp100  61.0% | best 0.665 |     28 st/s
    done(50): success=36 t_flicker=9 t_touched=4 t_no_reach=1
Ep  4150 | score   27.94 | avg100  140.54 | grasp100  65.0% | best 0.665 |     28 st/s
    done(50): success=29 t_flicker=13 t_touched=5 t_no_reach=3
Ep  4200 | score   31.92 | avg100  128.12 | grasp100  59.0% | best 0.665 |     28 st/s
    done(50): success=30 t_flicker=16 t_touched=4
Ep  4250 | score  277.96 | avg100  135.38 | grasp100  65.0% | best 0.665 |     28 st/s
    done(50): success=35 t_flicker=9 t_touched=6
Ep  4300 | score   58.28 | avg100  142.27 | grasp100  68.0% | best 0.665 |     28 st/s
    done(50): success=33 t_flicker=11 t_touched=5 t_no_reach=1
Ep  4345 | * BEST  level200=2.00 grasp200= 68.0% metric=0.680 | score  187.27
Ep  4350 | score   16.49 | avg100  141.13 | grasp100  68.0% | best 0.680 |     28 st/s
    done(50): success=35 t_flicker=11 t_touched=4
Ep  4400 | score   57.44 | avg100  136.26 | grasp100  64.0% | best 0.680 |     28 st/s
    done(50): success=29 t_flicker=14 t_touched=7
Ep  4450 | score  185.87 | avg100  136.12 | grasp100  62.0% | best 0.680 |     28 st/s
    done(50): success=33 t_flicker=14 t_touched=2 t_no_reach=1
Ep  4500 | score  180.24 | avg100  141.83 | grasp100  66.0% | best 0.680 |     28 st/s
    done(50): success=33 t_flicker=14 t_touched=2 t_no_reach=1
Ep  4550 | score  175.27 | avg100  136.81 | grasp100  63.0% | best 0.680 |     28 st/s
    done(50): success=30 t_flicker=17 t_touched=2 t_no_reach=1
Ep  4600 | score  189.23 | avg100  132.75 | grasp100  62.0% | best 0.680 |     28 st/s
    done(50): success=32 t_flicker=11 t_touched=6 t_no_reach=1
Ep  4650 | score  180.10 | avg100  139.19 | grasp100  68.0% | best 0.680 |     28 st/s
    done(50): success=36 t_flicker=11 t_touched=3
Ep  4700 | score  187.56 | avg100  142.07 | grasp100  69.0% | best 0.680 |     28 st/s
    done(50): success=33 t_flicker=15 t_touched=2
  [primacy-bias reset of critic heads @ 75000 updates]
Ep  4750 | score  -18.41 | avg100  140.57 | grasp100  68.0% | best 0.680 |     28 st/s
    done(50): success=35 t_flicker=11 t_touched=3 t_no_reach=1
Ep  4800 | score   44.60 | avg100  104.60 | grasp100  50.0% | best 0.680 |     28 st/s
    done(50): success=15 t_flicker=15 t_touched=13 t_no_reach=7
Ep  4850 | score  -21.11 | avg100   60.61 | grasp100  26.0% | best 0.680 |     28 st/s
    done(50): success=11 t_flicker=19 t_touched=6 t_no_reach=14
Ep  4900 | score  197.03 | avg100   81.55 | grasp100  36.0% | best 0.680 |     28 st/s
    done(50): success=25 t_flicker=13 t_touched=9 t_no_reach=3
Ep  4950 | score   66.82 | avg100  104.04 | grasp100  44.0% | best 0.680 |     28 st/s
    done(50): success=19 t_flicker=24 t_touched=4 t_no_reach=3
Ep  5000 | score   66.71 | avg100  107.61 | grasp100  45.0% | best 0.680 |     28 st/s
    done(50): success=26 t_flicker=14 t_touched=5 t_no_reach=5
Ep  5050 | score   56.02 | avg100  117.75 | grasp100  53.0% | best 0.680 |     28 st/s
    done(50): success=27 t_flicker=16 t_touched=4 t_no_reach=3
Ep  5100 | score  177.88 | avg100  109.17 | grasp100  47.0% | best 0.680 |     28 st/s
    done(50): success=20 t_flicker=18 t_touched=9 t_no_reach=3
Ep  5150 | score   37.67 | avg100  108.28 | grasp100  45.0% | best 0.680 |     28 st/s
    done(50): success=25 t_flicker=19 t_touched=5 t_no_reach=1
Ep  5200 | score  204.53 | avg100  130.63 | grasp100  57.0% | best 0.680 |     28 st/s
    done(50): success=32 t_flicker=15 t_touched=3
Ep  5250 | score  166.95 | avg100  139.51 | grasp100  61.0% | best 0.680 |     28 st/s
    done(50): success=29 t_flicker=20 t_touched=1
Ep  5300 | score   93.02 | avg100  137.58 | grasp100  61.0% | best 0.680 |     28 st/s
    done(50): success=32 t_flicker=17 t_touched=1
Ep  5350 | score   49.32 | avg100  143.02 | grasp100  66.0% | best 0.680 |     28 st/s
    done(50): success=34 t_flicker=15 t_touched=1
Ep  5400 | score  166.80 | avg100  145.58 | grasp100  69.0% | best 0.680 |     28 st/s
    done(50): success=35 t_flicker=9 t_touched=5 t_no_reach=1
Ep  5445 | * BEST  level200=2.00 grasp200= 69.5% metric=0.695 | score  188.64
Ep  5450 | score  184.62 | avg100  148.79 | grasp100  73.0% | best 0.695 |     28 st/s
    done(50): success=38 t_flicker=11 t_touched=1
Ep  5472 | * BEST  level200=2.00 grasp200= 71.0% metric=0.710 | score  183.11
Ep  5500 | score   -6.44 | avg100  147.09 | grasp100  71.0% | best 0.710 |     28 st/s
    done(50): success=33 t_flicker=15 t_touched=2
Ep  5550 | score    1.06 | avg100  140.23 | grasp100  64.0% | best 0.710 |     28 st/s
    done(50): success=31 t_flicker=16 t_touched=3
Ep  5600 | score  200.41 | avg100  139.58 | grasp100  63.0% | best 0.710 |     28 st/s
    done(50): success=32 t_flicker=15 t_touched=3
Ep  5650 | score  185.86 | avg100  145.54 | grasp100  69.0% | best 0.710 |     28 st/s
    done(50): success=37 t_flicker=11 t_touched=2
Ep  5700 | score   60.60 | avg100  145.36 | grasp100  70.0% | best 0.710 |     28 st/s
    done(50): success=33 t_flicker=12 t_touched=4 t_no_reach=1
Ep  5750 | score   55.29 | avg100  133.59 | grasp100  64.0% | best 0.710 |     28 st/s
    done(50): success=31 t_flicker=9 t_touched=6 t_no_reach=4
Ep  5800 | score  196.51 | avg100  131.10 | grasp100  61.0% | best 0.710 |     28 st/s
    done(50): success=30 t_flicker=16 t_touched=3 t_no_reach=1
Ep  5850 | score  186.41 | avg100  132.19 | grasp100  61.0% | best 0.710 |     28 st/s
    done(50): success=31 t_flicker=14 t_touched=4 t_no_reach=1
Ep  5900 | score  157.44 | avg100  139.64 | grasp100  67.0% | best 0.710 |     28 st/s
    done(50): success=36 t_flicker=8 t_touched=6
Ep  5950 | score  182.01 | avg100  146.20 | grasp100  70.0% | best 0.710 |     28 st/s
    done(50): success=34 t_flicker=12 t_touched=3 t_no_reach=1
Ep  6000 | score  157.18 | avg100  140.65 | grasp100  65.0% | best 0.710 |     28 st/s
    done(50): success=31 t_flicker=14 t_touched=3 t_no_reach=2
Ep  6050 | score  208.04 | avg100  152.45 | grasp100  73.0% | best 0.710 |     28 st/s
    done(50): success=42 t_flicker=7 t_touched=1
Ep  6059 | * BEST  level200=2.00 grasp200= 72.5% metric=0.725 | score  201.23
Ep  6100 | score  186.39 | avg100  154.59 | grasp100  77.0% | best 0.725 |     28 st/s
    done(50): success=35 t_flicker=10 t_touched=4 t_no_reach=1
Ep  6150 | score   95.89 | avg100  145.21 | grasp100  70.0% | best 0.725 |     28 st/s
    done(50): success=35 t_flicker=11 t_touched=3 t_no_reach=1
Ep  6200 | score  182.61 | avg100  143.37 | grasp100  69.0% | best 0.725 |     28 st/s
    done(50): success=34 t_flicker=14 t_touched=1 t_no_reach=1
Ep  6217 | * BEST  level200=2.00 grasp200= 74.0% metric=0.740 | score  167.16
Ep  6250 | score   59.63 | avg100  144.77 | grasp100  71.0% | best 0.740 |     28 st/s
    done(50): success=37 t_flicker=11 t_touched=2
Ep  6300 | score   22.51 | avg100  149.02 | grasp100  72.0% | best 0.740 |     28 st/s
    done(50): success=35 t_flicker=13 t_touched=2
Ep  6350 | score  183.16 | avg100  143.13 | grasp100  68.0% | best 0.740 |     28 st/s
    done(50): success=33 t_flicker=15 t_touched=2
  [primacy-bias reset of critic heads @ 100000 updates]
Ep  6400 | score   58.34 | avg100  133.33 | grasp100  62.0% | best 0.740 |     28 st/s
    done(50): success=29 t_flicker=15 t_touched=2 t_no_reach=4
Ep  6450 | score  -16.92 | avg100   74.07 | grasp100  34.0% | best 0.740 |     28 st/s
    done(50): success=5 t_flicker=11 t_touched=10 t_no_reach=24
Ep  6500 | score   17.93 | avg100   16.89 | grasp100   7.0% | best 0.740 |     28 st/s
    done(50): success=2 t_flicker=15 t_touched=14 t_no_reach=19
Ep  6550 | score  179.91 | avg100   31.74 | grasp100  10.0% | best 0.740 |     28 st/s
    done(50): success=8 t_flicker=19 t_touched=16 t_no_reach=7
Ep  6600 | score   43.12 | avg100   70.63 | grasp100  26.0% | best 0.740 |     28 st/s
    done(50): success=18 t_flicker=24 t_touched=5 t_no_reach=3
Ep  6650 | score  193.44 | avg100  106.51 | grasp100  46.0% | best 0.740 |     28 st/s
    done(50): success=28 t_flicker=16 t_touched=3 t_no_reach=3
Ep  6700 | score  101.78 | avg100  119.16 | grasp100  53.0% | best 0.740 |     28 st/s
    done(50): success=25 t_flicker=17 t_touched=2 t_no_reach=6
Ep  6750 | score  218.93 | avg100  123.04 | grasp100  56.0% | best 0.740 |     28 st/s
    done(50): success=31 t_flicker=10 t_touched=7 t_no_reach=2
Ep  6800 | score  168.88 | avg100  127.54 | grasp100  59.0% | best 0.740 |     28 st/s
    done(50): success=28 t_flicker=16 t_touched=5 t_no_reach=1
Ep  6850 | score  175.76 | avg100  137.01 | grasp100  63.0% | best 0.740 |     28 st/s
    done(50): success=35 t_flicker=12 t_touched=2 t_no_reach=1
Ep  6900 | score  194.88 | avg100  142.70 | grasp100  65.0% | best 0.740 |     28 st/s
    done(50): success=30 t_flicker=16 t_touched=4
Ep  6950 | score   57.50 | avg100  141.14 | grasp100  63.0% | best 0.740 |     28 st/s
    done(50): success=33 t_flicker=14 t_touched=3
Ep  7000 | score   56.92 | avg100  143.36 | grasp100  66.0% | best 0.740 |     28 st/s
    done(50): success=33 t_flicker=15 t_touched=1 t_no_reach=1
Ep  7050 | score   65.08 | avg100  140.97 | grasp100  63.0% | best 0.740 |     28 st/s
    done(50): success=30 t_flicker=17 t_touched=3
Ep  7100 | score   57.88 | avg100  141.28 | grasp100  61.0% | best 0.740 |     28 st/s
    done(50): success=31 t_flicker=15 t_touched=3 t_no_reach=1
Ep  7150 | score  206.81 | avg100  148.11 | grasp100  67.0% | best 0.740 |     28 st/s
    done(50): success=36 t_flicker=9 t_touched=4 t_no_reach=1
Ep  7200 | score  170.23 | avg100  138.24 | grasp100  63.0% | best 0.740 |     28 st/s
    done(50): success=27 t_flicker=18 t_touched=5
Ep  7250 | score  202.58 | avg100  123.89 | grasp100  56.0% | best 0.740 |     28 st/s
    done(50): success=29 t_flicker=16 t_touched=4 t_no_reach=1
Ep  7300 | score  200.41 | avg100  131.25 | grasp100  62.0% | best 0.740 |     28 st/s
    done(50): success=33 t_flicker=10 t_touched=7
Ep  7350 | score   39.19 | avg100  139.12 | grasp100  65.0% | best 0.740 |     28 st/s
    done(50): success=32 t_flicker=17 t_touched=1
Ep  7400 | score  169.47 | avg100  137.45 | grasp100  62.0% | best 0.740 |     28 st/s
    done(50): success=30 t_flicker=17 t_touched=3
Ep  7450 | score   33.47 | avg100  140.38 | grasp100  66.0% | best 0.740 |     28 st/s
    done(50): success=36 t_flicker=10 t_touched=4
Ep  7500 | score   56.67 | avg100  144.44 | grasp100  68.0% | best 0.740 |     28 st/s
    done(50): success=32 t_flicker=15 t_touched=2 t_no_reach=1
Ep  7550 | score  192.37 | avg100  138.41 | grasp100  63.0% | best 0.740 |     28 st/s
    done(50): success=31 t_flicker=14 t_touched=4 t_no_reach=1
Ep  7600 | score  182.43 | avg100  139.47 | grasp100  66.0% | best 0.740 |     28 st/s
    done(50): success=35 t_flicker=10 t_touched=4 t_no_reach=1
Ep  7650 | score  277.59 | avg100  145.41 | grasp100  69.0% | best 0.740 |     28 st/s
    done(50): success=34 t_flicker=14 t_touched=2
Ep  7700 | score   72.65 | avg100  139.90 | grasp100  63.0% | best 0.740 |     28 st/s
    done(50): success=29 t_flicker=15 t_touched=6
Ep  7750 | score  184.88 | avg100  136.70 | grasp100  63.0% | best 0.740 |     28 st/s
    done(50): success=34 t_flicker=12 t_touched=2 t_no_reach=2
Ep  7800 | score  197.60 | avg100  133.50 | grasp100  62.0% | best 0.740 |     28 st/s
    done(50): success=28 t_flicker=19 t_touched=3
Ep  7850 | score  194.56 | avg100  132.17 | grasp100  59.0% | best 0.740 |     28 st/s
    done(50): success=31 t_flicker=16 t_touched=3
Ep  7900 | score   92.92 | avg100  138.87 | grasp100  62.0% | best 0.740 |     28 st/s
    done(50): success=31 t_flicker=16 t_touched=3
  [primacy-bias reset of critic heads @ 125000 updates]
Ep  7950 | score  179.84 | avg100  134.26 | grasp100  59.0% | best 0.740 |     28 st/s
    done(50): success=28 t_flicker=15 t_touched=7
Ep  8000 | score   12.78 | avg100   76.34 | grasp100  32.0% | best 0.740 |     28 st/s
    done(50): success=4 t_flicker=12 t_touched=18 t_no_reach=16
Ep  8050 | score    5.79 | avg100   25.34 | grasp100   9.0% | best 0.740 |     28 st/s
    done(50): success=5 t_flicker=14 t_touched=12 t_no_reach=19
Ep  8100 | score  171.51 | avg100   48.19 | grasp100  20.0% | best 0.740 |     28 st/s
    done(50): success=15 t_flicker=12 t_touched=17 t_no_reach=6
Ep  8150 | score   77.36 | avg100   76.01 | grasp100  30.0% | best 0.740 |     28 st/s
    done(50): success=15 t_flicker=23 t_touched=9 t_no_reach=3
Ep  8200 | score    8.12 | avg100   98.59 | grasp100  40.0% | best 0.740 |     28 st/s
    done(50): success=25 t_flicker=21 t_touched=4
Ep  8250 | score  172.80 | avg100  106.51 | grasp100  43.0% | best 0.740 |     28 st/s
    done(50): success=18 t_flicker=23 t_touched=3 t_no_reach=6
Ep  8300 | score   45.76 | avg100  113.51 | grasp100  46.0% | best 0.740 |     28 st/s
    done(50): success=28 t_flicker=18 t_touched=2 t_no_reach=2
Ep  8350 | score   52.20 | avg100  133.78 | grasp100  61.0% | best 0.740 |     28 st/s
    done(50): success=33 t_flicker=15 t_no_reach=2
Ep  8400 | score  194.18 | avg100  146.45 | grasp100  70.0% | best 0.740 |     28 st/s
    done(50): success=37 t_flicker=9 t_touched=2 t_no_reach=2
Ep  8450 | score  106.51 | avg100  152.53 | grasp100  72.0% | best 0.740 |     28 st/s
    done(50): success=35 t_flicker=12 t_touched=2 t_no_reach=1
Ep  8500 | score  192.37 | avg100  148.85 | grasp100  70.0% | best 0.740 |     28 st/s
    done(50): success=35 t_flicker=13 t_touched=2
Ep  8550 | score  187.02 | avg100  141.68 | grasp100  65.0% | best 0.740 |     28 st/s
    done(50): success=30 t_flicker=18 t_touched=2
Ep  8600 | score  197.19 | avg100  144.29 | grasp100  67.0% | best 0.740 |     28 st/s
    done(50): success=37 t_flicker=8 t_touched=5
Ep  8650 | score   60.31 | avg100  151.99 | grasp100  72.0% | best 0.740 |     28 st/s
    done(50): success=35 t_flicker=12 t_touched=3
Ep  8700 | score  -16.79 | avg100  145.73 | grasp100  64.0% | best 0.740 |     28 st/s
    done(50): success=29 t_flicker=17 t_touched=4
Ep  8750 | score  164.16 | avg100  145.08 | grasp100  64.0% | best 0.740 |     28 st/s
    done(50): success=35 t_flicker=11 t_touched=4
Ep  8800 | score   64.34 | avg100  144.48 | grasp100  66.0% | best 0.740 |     28 st/s
    done(50): success=31 t_flicker=14 t_touched=4 t_no_reach=1
Ep  8850 | score  199.30 | avg100  140.27 | grasp100  65.0% | best 0.740 |     28 st/s
    done(50): success=34 t_flicker=13 t_touched=2 t_no_reach=1
Ep  8900 | score  200.09 | avg100  141.80 | grasp100  67.0% | best 0.740 |     28 st/s
    done(50): success=33 t_flicker=13 t_touched=2 t_no_reach=2
Ep  8950 | score  189.72 | avg100  151.40 | grasp100  72.0% | best 0.740 |     28 st/s
    done(50): success=39 t_flicker=9 t_touched=2
Ep  9000 | score  190.70 | avg100  158.58 | grasp100  77.0% | best 0.740 |     28 st/s
    done(50): success=38 t_flicker=11 t_touched=1
Ep  9050 | score  192.77 | avg100  147.10 | grasp100  70.0% | best 0.740 |     28 st/s
    done(50): success=32 t_flicker=12 t_touched=5 t_no_reach=1
Ep  9100 | score  182.26 | avg100  139.10 | grasp100  63.0% | best 0.740 |     28 st/s
    done(50): success=31 t_flicker=15 t_touched=3 t_no_reach=1
Ep  9150 | score  187.62 | avg100  147.90 | grasp100  68.0% | best 0.740 |     28 st/s
    done(50): success=37 t_flicker=10 t_touched=2 t_no_reach=1
Ep  9200 | score   58.91 | avg100  147.82 | grasp100  68.0% | best 0.740 |     28 st/s
    done(50): success=31 t_flicker=17 t_touched=2
Ep  9250 | score  203.03 | avg100  144.29 | grasp100  67.0% | best 0.740 |     28 st/s
    done(50): success=36 t_flicker=7 t_touched=5 t_no_reach=2
Ep  9300 | score  183.94 | avg100  155.42 | grasp100  78.0% | best 0.740 |     28 st/s
    done(50): success=42 t_flicker=5 t_touched=3
Ep  9350 | score  184.25 | avg100  147.67 | grasp100  74.0% | best 0.740 |     28 st/s
    done(50): success=32 t_flicker=11 t_touched=7
Ep  9400 | score  197.46 | avg100  137.53 | grasp100  66.0% | best 0.740 |     28 st/s
    done(50): success=34 t_flicker=8 t_touched=5 t_no_reach=3
Ep  9450 | score   32.65 | avg100  146.58 | grasp100  69.0% | best 0.740 |     28 st/s
    done(50): success=35 t_flicker=11 t_touched=3 t_no_reach=1
Ep  9500 | score   87.14 | avg100  147.87 | grasp100  68.0% | best 0.740 |     28 st/s
    done(50): success=33 t_flicker=14 t_touched=2 t_no_reach=1
Ep  9550 | score   59.47 | avg100  140.70 | grasp100  64.0% | best 0.740 |     28 st/s
    done(50): success=31 t_flicker=17 t_touched=1 t_no_reach=1
  [primacy-bias reset of critic heads @ 150000 updates]
Ep  9600 | score  193.78 | avg100  102.99 | grasp100  47.0% | best 0.740 |     28 st/s
    done(50): success=16 t_flicker=16 t_touched=6 t_no_reach=12
Ep  9650 | score  -11.81 | avg100   33.72 | grasp100  16.0% | best 0.740 |     28 st/s
    done(50): t_flicker=11 t_touched=8 t_no_reach=31
Ep  9700 | score    7.07 | avg100    8.26 | grasp100   3.0% | best 0.740 |     28 st/s
    done(50): success=3 t_flicker=13 t_touched=15 t_no_reach=19
Ep  9750 | score   30.67 | avg100   43.97 | grasp100  17.0% | best 0.740 |     28 st/s
    done(50): success=14 t_flicker=17 t_touched=11 t_no_reach=8
Ep  9800 | score  190.76 | avg100   87.00 | grasp100  36.0% | best 0.740 |     28 st/s
    done(50): success=22 t_flicker=17 t_touched=9 t_no_reach=2
Ep  9850 | score   56.89 | avg100  102.92 | grasp100  44.0% | best 0.740 |     28 st/s
    done(50): success=22 t_flicker=17 t_touched=5 t_no_reach=6
Ep  9900 | score   57.93 | avg100  114.27 | grasp100  50.0% | best 0.740 |     28 st/s
    done(50): success=28 t_flicker=15 t_touched=6 t_no_reach=1
Ep  9950 | score   61.97 | avg100  129.19 | grasp100  58.0% | best 0.740 |     28 st/s
    done(50): success=30 t_flicker=16 t_touched=4
Ep 10000 | score  163.49 | avg100  130.78 | grasp100  58.0% | best 0.740 |     28 st/s
    done(50): success=28 t_flicker=18 t_touched=1 t_no_reach=3
Ep 10050 | score  150.89 | avg100  141.59 | grasp100  65.0% | best 0.740 |     28 st/s
    done(50): success=37 t_flicker=10 t_touched=2 t_no_reach=1
Ep 10100 | score  203.06 | avg100  150.18 | grasp100  72.0% | best 0.740 |     28 st/s
    done(50): success=35 t_flicker=11 t_touched=4
Ep 10150 | score  199.24 | avg100  146.56 | grasp100  67.0% | best 0.740 |     28 st/s
    done(50): success=32 t_flicker=17 t_touched=1
Ep 10200 | score  167.55 | avg100  139.12 | grasp100  61.0% | best 0.740 |     28 st/s
    done(50): success=29 t_flicker=18 t_touched=2 t_no_reach=1
Ep 10250 | score  245.76 | avg100  140.59 | grasp100  64.0% | best 0.740 |     28 st/s
    done(50): success=35 t_flicker=10 t_touched=5
Ep 10300 | score   61.13 | avg100  146.66 | grasp100  65.0% | best 0.740 |     28 st/s
    done(50): success=30 t_flicker=19 t_touched=1
Ep 10350 | score  223.25 | avg100  147.42 | grasp100  63.0% | best 0.740 |     28 st/s
    done(50): success=33 t_flicker=15 t_touched=2
Ep 10400 | score  174.28 | avg100  146.06 | grasp100  67.0% | best 0.740 |     28 st/s
    done(50): success=34 t_flicker=14 t_touched=2
Ep 10450 | score   56.54 | avg100  143.10 | grasp100  69.0% | best 0.740 |     28 st/s
    done(50): success=35 t_flicker=10 t_touched=3 t_no_reach=2
Ep 10500 | score   24.09 | avg100  152.44 | grasp100  74.0% | best 0.740 |     28 st/s
    done(50): success=39 t_flicker=10 t_no_reach=1
Ep 10550 | score  187.39 | avg100  146.97 | grasp100  68.0% | best 0.740 |     28 st/s
    done(50): success=29 t_flicker=17 t_touched=2 t_no_reach=2
Ep 10600 | score  194.48 | avg100  137.00 | grasp100  60.0% | best 0.740 |     28 st/s
    done(50): success=31 t_flicker=15 t_touched=3 t_no_reach=1
Ep 10650 | score  199.53 | avg100  140.35 | grasp100  63.0% | best 0.740 |     28 st/s
    done(50): success=32 t_flicker=16 t_touched=2
Ep 10700 | score  205.10 | avg100  155.03 | grasp100  74.0% | best 0.740 |     28 st/s
    done(50): success=42 t_flicker=7 t_no_reach=1
Ep 10750 | score  224.82 | avg100  150.79 | grasp100  71.0% | best 0.740 |     28 st/s
    done(50): success=29 t_flicker=18 t_touched=3
Ep 10800 | score  155.74 | avg100  141.09 | grasp100  67.0% | best 0.740 |     28 st/s
    done(50): success=38 t_flicker=11 t_no_reach=1
Ep 10850 | score   10.66 | avg100  148.00 | grasp100  72.0% | best 0.740 |     28 st/s
    done(50): success=34 t_flicker=12 t_touched=2 t_no_reach=2
Ep 10900 | score  187.80 | avg100  158.87 | grasp100  79.0% | best 0.740 |     28 st/s
    done(50): success=45 t_flicker=3 t_touched=1 t_no_reach=1
Ep 10915 | * BEST  level200=2.00 grasp200= 75.5% metric=0.755 | score  172.91
Ep 10919 | * BEST  level200=2.00 grasp200= 77.0% metric=0.770 | score  202.49
Ep 10950 | score  177.98 | avg100  162.55 | grasp100  82.0% | best 0.770 |     28 st/s
    done(50): success=37 t_flicker=12 t_touched=1
Ep 11000 | score   55.55 | avg100  148.59 | grasp100  72.0% | best 0.770 |     28 st/s
    done(50): success=35 t_flicker=10 t_touched=3 t_no_reach=2
Ep 11050 | score  198.82 | avg100  145.45 | grasp100  70.0% | best 0.770 |     28 st/s
    done(50): success=35 t_flicker=13 t_touched=1 t_no_reach=1
Ep 11100 | score  188.11 | avg100  150.48 | grasp100  73.0% | best 0.770 |     28 st/s
    done(50): success=38 t_flicker=9 t_touched=2 t_no_reach=1
Ep 11150 | score  182.96 | avg100  152.28 | grasp100  74.0% | best 0.770 |     28 st/s
    done(50): success=36 t_flicker=11 t_touched=2 t_no_reach=1
  [primacy-bias reset of critic heads @ 175000 updates]
Ep 11200 | score  -26.54 | avg100   96.01 | grasp100  45.0% | best 0.770 |     28 st/s
    done(50): success=9 t_flicker=14 t_touched=7 t_no_reach=20
Ep 11250 | score  -13.43 | avg100   24.10 | grasp100  10.0% | best 0.770 |     28 st/s
    done(50): success=1 t_flicker=15 t_touched=12 t_no_reach=22
Ep 11300 | score   28.18 | avg100   20.88 | grasp100   6.0% | best 0.770 |     28 st/s
    done(50): success=5 t_flicker=19 t_touched=7 t_no_reach=19
Ep 11350 | score   83.46 | avg100   54.82 | grasp100  18.0% | best 0.770 |     28 st/s
    done(50): success=13 t_flicker=23 t_touched=9 t_no_reach=5
Ep 11400 | score    2.87 | avg100   85.64 | grasp100  33.0% | best 0.770 |     28 st/s
    done(50): success=20 t_flicker=20 t_touched=5 t_no_reach=5
Ep 11450 | score  194.87 | avg100   99.58 | grasp100  43.0% | best 0.770 |     28 st/s
    done(50): success=23 t_flicker=16 t_touched=5 t_no_reach=6
Ep 11500 | score  206.25 | avg100  121.41 | grasp100  56.0% | best 0.770 |     28 st/s
    done(50): success=33 t_flicker=12 t_touched=3 t_no_reach=2
Ep 11550 | score  204.61 | avg100  144.72 | grasp100  70.0% | best 0.770 |     28 st/s
    done(50): success=37 t_flicker=8 t_touched=3 t_no_reach=2
Ep 11600 | score   34.57 | avg100  145.52 | grasp100  69.0% | best 0.770 |     28 st/s
    done(50): success=32 t_flicker=16 t_touched=1 t_no_reach=1
Ep 11650 | score  188.02 | avg100  149.50 | grasp100  70.0% | best 0.770 |     28 st/s
    done(50): success=38 t_flicker=10 t_touched=1 t_no_reach=1
Ep 11700 | score  197.38 | avg100  156.78 | grasp100  75.0% | best 0.770 |     28 st/s
    done(50): success=37 t_flicker=9 t_touched=3 t_no_reach=1
Ep 11750 | score  159.82 | avg100  149.15 | grasp100  70.0% | best 0.770 |     28 st/s
    done(50): success=33 t_flicker=12 t_touched=5
Ep 11800 | score   18.62 | avg100  145.06 | grasp100  66.0% | best 0.770 |     28 st/s
    done(50): success=33 t_flicker=13 t_touched=4
Ep 11850 | score   38.10 | avg100  147.31 | grasp100  66.0% | best 0.770 |     28 st/s
    done(50): success=33 t_flicker=13 t_touched=4
Ep 11900 | score  232.29 | avg100  146.37 | grasp100  67.0% | best 0.770 |     28 st/s
    done(50): success=34 t_flicker=14 t_touched=1 t_no_reach=1
Ep 11950 | score  187.88 | avg100  151.59 | grasp100  73.0% | best 0.770 |     28 st/s
    done(50): success=39 t_flicker=8 t_touched=2 t_no_reach=1
Ep 12000 | score  204.72 | avg100  153.41 | grasp100  75.0% | best 0.770 |     28 st/s
    done(50): success=36 t_flicker=9 t_touched=5
Ep 12050 | score    3.74 | avg100  147.00 | grasp100  70.0% | best 0.770 |     28 st/s
    done(50): success=34 t_flicker=10 t_touched=5 t_no_reach=1
Ep 12100 | score  206.92 | avg100  151.28 | grasp100  73.0% | best 0.770 |     28 st/s
    done(50): success=39 t_flicker=9 t_touched=1 t_no_reach=1
Ep 12150 | score  177.43 | avg100  149.24 | grasp100  71.0% | best 0.770 |     28 st/s
    done(50): success=32 t_flicker=13 t_touched=4 t_no_reach=1
Ep 12200 | score  185.34 | avg100  148.08 | grasp100  69.0% | best 0.770 |     28 st/s
    done(50): success=37 t_flicker=11 t_touched=2
Ep 12250 | score  184.48 | avg100  149.54 | grasp100  68.0% | best 0.770 |     28 st/s
    done(50): success=31 t_flicker=16 t_touched=3
Ep 12300 | score  199.08 | avg100  149.15 | grasp100  69.0% | best 0.770 |     28 st/s
    done(50): success=38 t_flicker=9 t_touched=2 t_no_reach=1
Ep 12350 | score  208.65 | avg100  158.06 | grasp100  76.0% | best 0.770 |     28 st/s
    done(50): success=38 t_flicker=10 t_touched=1 t_no_reach=1
Ep 12400 | score  187.58 | avg100  157.05 | grasp100  74.0% | best 0.770 |     28 st/s
    done(50): success=36 t_flicker=11 t_touched=3
Ep 12450 | score  179.73 | avg100  155.94 | grasp100  74.0% | best 0.770 |     28 st/s
    done(50): success=38 t_flicker=8 t_touched=4
Ep 12500 | score   18.49 | avg100  154.05 | grasp100  72.0% | best 0.770 |     28 st/s
    done(50): success=34 t_flicker=14 t_touched=1 t_no_reach=1
Ep 12550 | score  205.67 | avg100  145.73 | grasp100  66.0% | best 0.770 |     28 st/s
    done(50): success=32 t_flicker=16 t_touched=2
Ep 12600 | score  159.12 | avg100  144.27 | grasp100  66.0% | best 0.770 |     28 st/s
    done(50): success=34 t_flicker=11 t_touched=2 t_no_reach=3
Ep 12650 | score   18.34 | avg100  146.58 | grasp100  69.0% | best 0.770 |     28 st/s
    done(50): success=35 t_flicker=11 t_touched=3 t_no_reach=1
Ep 12700 | score  141.54 | avg100  149.35 | grasp100  73.0% | best 0.770 |     28 st/s
    done(50): success=38 t_flicker=7 t_touched=3 t_no_reach=2
Ep 12750 | score  190.35 | avg100  157.46 | grasp100  77.0% | best 0.770 |     28 st/s
    done(50): success=39 t_flicker=10 t_touched=1
  [primacy-bias reset of critic heads @ 200000 updates]
Ep 12800 | score   10.36 | avg100  113.26 | grasp100  53.0% | best 0.770 |     28 st/s
    done(50): success=14 t_flicker=15 t_touched=11 t_no_reach=10
Ep 12850 | score   16.77 | avg100   55.54 | grasp100  25.0% | best 0.770 |     28 st/s
    done(50): success=11 t_flicker=12 t_touched=10 t_no_reach=17
Ep 12900 | score  176.38 | avg100   47.54 | grasp100  21.0% | best 0.770 |     28 st/s
    done(50): success=10 t_flicker=11 t_touched=16 t_no_reach=13
Ep 12950 | score   20.48 | avg100   56.85 | grasp100  23.0% | best 0.770 |     28 st/s
    done(50): success=13 t_flicker=18 t_touched=14 t_no_reach=5
Ep 13000 | score   40.53 | avg100   78.52 | grasp100  31.0% | best 0.770 |     28 st/s
    done(50): success=18 t_flicker=19 t_touched=9 t_no_reach=4
Ep 13050 | score   -2.05 | avg100   95.12 | grasp100  42.0% | best 0.770 |     28 st/s
    done(50): success=24 t_flicker=12 t_touched=6 t_no_reach=8
Ep 13100 | score   34.70 | avg100  104.72 | grasp100  48.0% | best 0.770 |     28 st/s
    done(50): success=24 t_flicker=15 t_touched=7 t_no_reach=4
Ep 13150 | score  199.22 | avg100  119.27 | grasp100  51.0% | best 0.770 |     28 st/s
    done(50): success=27 t_flicker=19 t_touched=4
Ep 13200 | score  166.30 | avg100  134.75 | grasp100  59.0% | best 0.770 |     28 st/s
    done(50): success=32 t_flicker=16 t_touched=1 t_no_reach=1
Ep 13250 | score  184.51 | avg100  138.71 | grasp100  62.0% | best 0.770 |     28 st/s
    done(50): success=30 t_flicker=15 t_touched=4 t_no_reach=1
Ep 13300 | score   59.07 | avg100  142.99 | grasp100  66.0% | best 0.770 |     28 st/s
    done(50): success=36 t_flicker=11 t_touched=3
Ep 13350 | score   96.09 | avg100  153.95 | grasp100  73.0% | best 0.770 |     28 st/s
    done(50): success=37 t_flicker=11 t_touched=2
Ep 13400 | score  192.04 | avg100  153.30 | grasp100  72.0% | best 0.770 |     28 st/s
    done(50): success=35 t_flicker=14 t_no_reach=1
Ep 13450 | score  178.37 | avg100  147.05 | grasp100  66.0% | best 0.770 |     28 st/s
    done(50): success=31 t_flicker=18 t_no_reach=1
Ep 13500 | score  197.85 | avg100  146.21 | grasp100  63.0% | best 0.770 |     28 st/s
    done(50): success=32 t_flicker=16 t_touched=2
Ep 13550 | score  199.39 | avg100  146.01 | grasp100  67.0% | best 0.770 |     28 st/s
    done(50): success=35 t_flicker=10 t_touched=3 t_no_reach=2
Ep 13600 | score  205.71 | avg100  144.41 | grasp100  69.0% | best 0.770 |     28 st/s
    done(50): success=34 t_flicker=12 t_touched=2 t_no_reach=2
Ep 13650 | score  151.15 | avg100  149.46 | grasp100  71.0% | best 0.770 |     28 st/s
    done(50): success=37 t_flicker=8 t_touched=5
Ep 13700 | score  183.33 | avg100  156.48 | grasp100  74.0% | best 0.770 |     28 st/s
    done(50): success=37 t_flicker=11 t_touched=1 t_no_reach=1
Ep 13750 | score  184.02 | avg100  160.71 | grasp100  76.0% | best 0.770 |     28 st/s
    done(50): success=39 t_flicker=9 t_touched=2
Ep 13800 | score  152.72 | avg100  160.26 | grasp100  78.0% | best 0.770 |     28 st/s
    done(50): success=39 t_flicker=8 t_touched=3
Ep 13825 | * BEST  level200=2.00 grasp200= 78.5% metric=0.785 | score  188.18
Ep 13850 | score  204.99 | avg100  160.18 | grasp100  79.0% | best 0.785 |     28 st/s
    done(50): success=40 t_flicker=9 t_touched=1
Ep 13900 | score  195.28 | avg100  157.37 | grasp100  76.0% | best 0.785 |     28 st/s
    done(50): success=36 t_flicker=10 t_touched=2 t_no_reach=2
Ep 13950 | score  218.41 | avg100  159.75 | grasp100  79.0% | best 0.785 |     28 st/s
    done(50): success=43 t_flicker=4 t_touched=3
Ep 13952 | * BEST  level200=2.00 grasp200= 80.0% metric=0.800 | score  167.61
Ep 14000 | score  202.75 | avg100  161.26 | grasp100  80.0% | best 0.800 |     28 st/s
    done(50): success=37 t_flicker=11 t_no_reach=2
Ep 14050 | score  179.21 | avg100  154.38 | grasp100  74.0% | best 0.800 |     28 st/s
    done(50): success=37 t_flicker=13
Ep 14100 | score  198.38 | avg100  156.15 | grasp100  77.0% | best 0.800 |     28 st/s
    done(50): success=40 t_flicker=8 t_touched=1 t_no_reach=1
Ep 14150 | score    5.43 | avg100  149.30 | grasp100  73.0% | best 0.800 |     28 st/s
    done(50): success=33 t_flicker=12 t_touched=3 t_no_reach=2
Ep 14200 | score  194.11 | avg100  152.76 | grasp100  74.0% | best 0.800 |     28 st/s
    done(50): success=41 t_flicker=7 t_touched=2
Ep 14250 | score  194.72 | avg100  162.14 | grasp100  80.0% | best 0.800 |     28 st/s
    done(50): success=39 t_flicker=9 t_touched=1 t_no_reach=1
Ep 14300 | score  200.29 | avg100  160.87 | grasp100  79.0% | best 0.800 |     28 st/s
    done(50): success=40 t_flicker=8 t_touched=2
Ep 14350 | score  149.44 | avg100  158.34 | grasp100  77.0% | best 0.800 |     28 st/s
    done(50): success=37 t_flicker=12 t_touched=1
Ep 14400 | score  201.28 | avg100  155.52 | grasp100  75.0% | best 0.800 |     28 st/s
    done(50): success=38 t_flicker=8 t_touched=3 t_no_reach=1
  [primacy-bias reset of critic heads @ 225000 updates]
Ep 14450 | score   15.43 | avg100  101.67 | grasp100  47.0% | best 0.800 |     28 st/s
    done(50): success=9 t_flicker=15 t_touched=10 t_no_reach=16
Ep 14500 | score   98.17 | avg100   26.47 | grasp100   9.0% | best 0.800 |     28 st/s
    done(50): t_flicker=12 t_touched=14 t_no_reach=24
Ep 14550 | score   25.53 | avg100   11.46 | grasp100   1.0% | best 0.800 |     28 st/s
    done(50): success=1 t_flicker=14 t_touched=20 t_no_reach=15
Ep 14600 | score  -21.18 | avg100   59.48 | grasp100  23.0% | best 0.800 |     28 st/s
    done(50): success=22 t_flicker=16 t_touched=9 t_no_reach=3
Ep 14650 | score  172.40 | avg100  103.28 | grasp100  44.0% | best 0.800 |     28 st/s
    done(50): success=22 t_flicker=23 t_touched=4 t_no_reach=1
Ep 14700 | score  207.26 | avg100  119.27 | grasp100  53.0% | best 0.800 |     28 st/s
    done(50): success=31 t_flicker=16 t_touched=3
Ep 14750 | score   29.45 | avg100  139.10 | grasp100  66.0% | best 0.800 |     28 st/s
    done(50): success=35 t_flicker=12 t_no_reach=3
Ep 14800 | score  174.67 | avg100  140.44 | grasp100  69.0% | best 0.800 |     28 st/s
    done(50): success=34 t_flicker=10 t_touched=5 t_no_reach=1
Ep 14850 | score   56.47 | avg100  140.30 | grasp100  68.0% | best 0.800 |     28 st/s
    done(50): success=34 t_flicker=12 t_touched=3 t_no_reach=1
Ep 14900 | score  202.00 | avg100  138.84 | grasp100  64.0% | best 0.800 |     28 st/s
    done(50): success=30 t_flicker=18 t_touched=1 t_no_reach=1
Ep 14950 | score   98.54 | avg100  145.41 | grasp100  67.0% | best 0.800 |     28 st/s
    done(50): success=37 t_flicker=11 t_touched=1 t_no_reach=1
Ep 15000 | score  190.35 | avg100  154.73 | grasp100  72.0% | best 0.800 |     28 st/s
    done(50): success=35 t_flicker=10 t_touched=5
Ep 15050 | score  186.52 | avg100  144.89 | grasp100  65.0% | best 0.800 |     28 st/s
    done(50): success=30 t_flicker=17 t_touched=2 t_no_reach=1
Ep 15100 | score  199.46 | avg100  153.00 | grasp100  73.0% | best 0.800 |     28 st/s
    done(50): success=43 t_flicker=5 t_touched=1 t_no_reach=1
Ep 15150 | score  203.42 | avg100  166.05 | grasp100  84.0% | best 0.800 |     28 st/s
    done(50): success=41 t_flicker=7 t_touched=1 t_no_reach=1
Ep 15200 | score  228.02 | avg100  162.26 | grasp100  79.0% | best 0.800 |     28 st/s
    done(50): success=38 t_flicker=10 t_touched=2
Ep 15250 | score  205.12 | avg100  162.11 | grasp100  78.0% | best 0.800 |     28 st/s
    done(50): success=40 t_flicker=9 t_touched=1
Ep 15300 | score  191.66 | avg100  164.73 | grasp100  80.0% | best 0.800 |     28 st/s
    done(50): success=40 t_flicker=10
Ep 15350 | score  174.60 | avg100  160.55 | grasp100  78.0% | best 0.800 |     28 st/s
    done(50): success=38 t_flicker=7 t_touched=5
Ep 15400 | score  202.48 | avg100  155.94 | grasp100  76.0% | best 0.800 |     28 st/s
    done(50): success=38 t_flicker=12
Ep 15450 | score   45.20 | avg100  150.99 | grasp100  72.0% | best 0.800 |     28 st/s
    done(50): success=34 t_flicker=13 t_touched=3
Ep 15500 | score  191.34 | avg100  149.19 | grasp100  72.0% | best 0.800 |     28 st/s
    done(50): success=38 t_flicker=8 t_touched=2 t_no_reach=2
Ep 15550 | score   52.77 | avg100  150.37 | grasp100  73.0% | best 0.800 |     28 st/s
    done(50): success=35 t_flicker=12 t_touched=2 t_no_reach=1
Ep 15600 | score  216.23 | avg100  150.62 | grasp100  72.0% | best 0.800 |     28 st/s
    done(50): success=37 t_flicker=8 t_touched=4 t_no_reach=1
Ep 15650 | score   94.25 | avg100  156.64 | grasp100  75.0% | best 0.800 |     28 st/s
    done(50): success=38 t_flicker=10 t_touched=1 t_no_reach=1
Ep 15700 | score  175.01 | avg100  161.79 | grasp100  79.0% | best 0.800 |     28 st/s
    done(50): success=41 t_flicker=6 t_touched=2 t_no_reach=1
Ep 15750 | score  185.76 | avg100  165.41 | grasp100  81.0% | best 0.800 |     28 st/s
    done(50): success=40 t_flicker=9 t_touched=1
Ep 15800 | score  189.46 | avg100  167.17 | grasp100  81.0% | best 0.800 |     28 st/s
    done(50): success=41 t_flicker=7 t_touched=2
Ep 15807 | * BEST  level200=2.00 grasp200= 81.5% metric=0.815 | score  181.43
Ep 15850 | score  165.84 | avg100  165.10 | grasp100  82.0% | best 0.815 |     28 st/s
    done(50): success=41 t_flicker=7 t_touched=2
Ep 15900 | score   11.96 | avg100  151.44 | grasp100  73.0% | best 0.815 |     28 st/s
    done(50): success=32 t_flicker=14 t_touched=2 t_no_reach=2
Ep 15950 | score  178.49 | avg100  141.00 | grasp100  65.0% | best 0.815 |     28 st/s
    done(50): success=33 t_flicker=12 t_touched=4 t_no_reach=1
Ep 16000 | score  182.57 | avg100  144.24 | grasp100  68.0% | best 0.815 |     28 st/s
    done(50): success=35 t_flicker=11 t_touched=2 t_no_reach=2
Ep 16050 | score  184.72 | avg100  156.89 | grasp100  78.0% | best 0.815 |     28 st/s
    done(50): success=43 t_flicker=5 t_touched=1 t_no_reach=1
  [primacy-bias reset of critic heads @ 250000 updates]
Ep 16100 | score   -8.83 | avg100  137.34 | grasp100  68.0% | best 0.815 |     28 st/s
    done(50): success=25 t_flicker=12 t_touched=7 t_no_reach=6
Ep 16150 | score  -18.53 | avg100   72.13 | grasp100  34.0% | best 0.815 |     28 st/s
    done(50): success=9 t_flicker=7 t_touched=15 t_no_reach=19
Ep 16200 | score  -15.52 | avg100   38.13 | grasp100  19.0% | best 0.815 |     28 st/s
    done(50): success=10 t_flicker=13 t_touched=12 t_no_reach=15
Ep 16250 | score  186.00 | avg100   72.91 | grasp100  33.0% | best 0.815 |     28 st/s
    done(50): success=23 t_flicker=14 t_touched=10 t_no_reach=3
Ep 16300 | score   17.46 | avg100  104.36 | grasp100  47.0% | best 0.815 |     28 st/s
    done(50): success=24 t_flicker=11 t_touched=8 t_no_reach=7
Ep 16350 | score    0.66 | avg100  112.92 | grasp100  52.0% | best 0.815 |     28 st/s
    done(50): success=28 t_flicker=14 t_touched=2 t_no_reach=6
Ep 16400 | score   45.41 | avg100  137.46 | grasp100  66.0% | best 0.815 |     28 st/s
    done(50): success=38 t_flicker=8 t_touched=3 t_no_reach=1
Ep 16450 | score  180.54 | avg100  148.54 | grasp100  72.0% | best 0.815 |     28 st/s
    done(50): success=34 t_flicker=12 t_touched=4
Ep 16500 | score  160.47 | avg100  151.45 | grasp100  73.0% | best 0.815 |     28 st/s
    done(50): success=39 t_flicker=10 t_no_reach=1
Ep 16550 | score  159.83 | avg100  146.95 | grasp100  71.0% | best 0.815 |     28 st/s
    done(50): success=32 t_flicker=12 t_touched=5 t_no_reach=1
Ep 16600 | score   58.60 | avg100  139.91 | grasp100  67.0% | best 0.815 |     28 st/s
    done(50): success=35 t_flicker=9 t_touched=4 t_no_reach=2
Ep 16650 | score  200.18 | avg100  142.77 | grasp100  68.0% | best 0.815 |     28 st/s
    done(50): success=33 t_flicker=14 t_touched=3
Ep 16700 | score  205.20 | avg100  150.03 | grasp100  72.0% | best 0.815 |     28 st/s
    done(50): success=39 t_flicker=7 t_touched=2 t_no_reach=2
Ep 16750 | score  179.19 | avg100  145.45 | grasp100  69.0% | best 0.815 |     28 st/s
    done(50): success=30 t_flicker=14 t_touched=5 t_no_reach=1
Ep 16800 | score  187.28 | avg100  138.21 | grasp100  63.0% | best 0.815 |     28 st/s
    done(50): success=33 t_flicker=16 t_touched=1
Ep 16850 | score  152.39 | avg100  149.76 | grasp100  72.0% | best 0.815 |     28 st/s
    done(50): success=39 t_flicker=5 t_touched=5 t_no_reach=1
Ep 16900 | score  231.23 | avg100  147.81 | grasp100  70.0% | best 0.815 |     28 st/s
    done(50): success=31 t_flicker=17 t_touched=1 t_no_reach=1
Ep 16950 | score   81.06 | avg100  148.93 | grasp100  70.0% | best 0.815 |     28 st/s
    done(50): success=39 t_flicker=9 t_touched=2
Ep 17000 | score   68.89 | avg100  162.66 | grasp100  79.0% | best 0.815 |     28 st/s
    done(50): success=40 t_flicker=10
Ep 17050 | score  167.98 | avg100  163.81 | grasp100  80.0% | best 0.815 |     28 st/s
    done(50): success=40 t_flicker=6 t_touched=4
Ep 17100 | score   62.22 | avg100  166.62 | grasp100  83.0% | best 0.815 |     28 st/s
    done(50): success=43 t_flicker=5 t_touched=2
Ep 17127 | * BEST  level200=2.00 grasp200= 83.0% metric=0.830 | score  199.25
Ep 17150 | score  201.84 | avg100  171.57 | grasp100  86.0% | best 0.830 |     28 st/s
    done(50): success=43 t_flicker=5 t_no_reach=2
Ep 17200 | score  196.13 | avg100  167.72 | grasp100  83.0% | best 0.830 |     28 st/s
    done(50): success=40 t_flicker=8 t_touched=2
Ep 17213 | * BEST  level200=2.00 grasp200= 84.5% metric=0.845 | score  182.27
Ep 17250 | score  157.10 | avg100  170.66 | grasp100  85.0% | best 0.845 |     28 st/s
    done(50): success=45 t_flicker=5
Ep 17285 | * BEST  level200=2.00 grasp200= 86.0% metric=0.860 | score  201.03
Ep 17300 | score  155.16 | avg100  173.37 | grasp100  88.0% | best 0.860 |     28 st/s
    done(50): success=43 t_flicker=6 t_touched=1
Ep 17350 | score  201.39 | avg100  171.20 | grasp100  87.0% | best 0.860 |     28 st/s
    done(50): success=44 t_flicker=6
Ep 17400 | score  184.43 | avg100  167.33 | grasp100  81.0% | best 0.860 |     28 st/s
    done(50): success=37 t_flicker=11 t_no_reach=2
Ep 17450 | score  202.02 | avg100  163.58 | grasp100  76.0% | best 0.860 |     28 st/s
    done(50): success=39 t_flicker=9 t_touched=2
Ep 17500 | score  168.87 | avg100  156.43 | grasp100  75.0% | best 0.860 |     28 st/s
    done(50): success=36 t_flicker=10 t_touched=2 t_no_reach=2
Ep 17550 | score  205.72 | avg100  156.70 | grasp100  77.0% | best 0.860 |     28 st/s
    done(50): success=41 t_flicker=7 t_touched=2
Ep 17600 | score  180.94 | avg100  163.20 | grasp100  82.0% | best 0.860 |     28 st/s
    done(50): success=41 t_flicker=7 t_touched=1 t_no_reach=1
Ep 17650 | score   30.75 | avg100  163.57 | grasp100  82.0% | best 0.860 |     28 st/s
    done(50): success=41 t_flicker=7 t_touched=1 t_no_reach=1
Ep 17700 | score  184.48 | avg100  164.08 | grasp100  80.0% | best 0.860 |     28 st/s
    done(50): success=39 t_flicker=9 t_touched=1 t_no_reach=1
Ep 17750 | score  155.82 | avg100  159.74 | grasp100  79.0% | best 0.860 |     28 st/s
    done(50): success=40 t_flicker=5 t_touched=4 t_no_reach=1
  [primacy-bias reset of critic heads @ 275000 updates]
Ep 17800 | score  -26.19 | avg100  119.44 | grasp100  62.0% | best 0.860 |     28 st/s
    done(50): success=22 t_flicker=4 t_touched=6 t_no_reach=18
Ep 17850 | score  -24.87 | avg100   36.32 | grasp100  22.0% | best 0.860 |     28 st/s
    done(50): t_flicker=5 t_touched=3 t_no_reach=42
Ep 17900 | score  196.19 | avg100   10.91 | grasp100   8.0% | best 0.860 |     28 st/s
    done(50): success=8 t_flicker=9 t_touched=4 t_no_reach=29
Ep 17950 | score   -2.15 | avg100   52.64 | grasp100  24.0% | best 0.860 |     28 st/s
    done(50): success=16 t_flicker=14 t_touched=11 t_no_reach=9
Ep 18000 | score  178.15 | avg100   93.21 | grasp100  42.0% | best 0.860 |     28 st/s
    done(50): success=26 t_flicker=16 t_touched=4 t_no_reach=4
Ep 18050 | score  206.49 | avg100  120.47 | grasp100  57.0% | best 0.860 |     28 st/s
    done(50): success=31 t_flicker=10 t_touched=6 t_no_reach=3
Ep 18100 | score  193.39 | avg100  140.76 | grasp100  69.0% | best 0.860 |     28 st/s
    done(50): success=38 t_flicker=8 t_touched=2 t_no_reach=2
Ep 18150 | score  113.26 | avg100  132.79 | grasp100  60.0% | best 0.860 |     28 st/s
    done(50): success=22 t_flicker=20 t_touched=6 t_no_reach=2
Ep 18200 | score   64.08 | avg100  135.67 | grasp100  60.0% | best 0.860 |     28 st/s
    done(50): success=38 t_flicker=9 t_touched=2 t_no_reach=1
Ep 18250 | score   38.02 | avg100  160.88 | grasp100  77.0% | best 0.860 |     28 st/s
    done(50): success=39 t_flicker=9 t_touched=2
Ep 18300 | score  183.26 | avg100  153.86 | grasp100  74.0% | best 0.860 |     28 st/s
    done(50): success=35 t_flicker=12 t_touched=3
Ep 18350 | score  201.39 | avg100  148.46 | grasp100  71.0% | best 0.860 |     28 st/s
    done(50): success=36 t_flicker=10 t_touched=2 t_no_reach=2
Ep 18400 | score  176.07 | avg100  165.18 | grasp100  81.0% | best 0.860 |     28 st/s
    done(50): success=45 t_flicker=3 t_touched=2
Ep 18450 | score  197.42 | avg100  168.03 | grasp100  83.0% | best 0.860 |     28 st/s
    done(50): success=38 t_flicker=10 t_touched=2
Ep 18500 | score  197.20 | avg100  163.59 | grasp100  80.0% | best 0.860 |     28 st/s
    done(50): success=42 t_flicker=7 t_touched=1
Ep 18550 | score   67.70 | avg100  166.13 | grasp100  81.0% | best 0.860 |     28 st/s
    done(50): success=39 t_flicker=10 t_touched=1
Ep 18600 | score  196.69 | avg100  161.76 | grasp100  78.0% | best 0.860 |     28 st/s
    done(50): success=39 t_flicker=9 t_touched=2
Ep 18650 | score  191.50 | avg100  156.59 | grasp100  75.0% | best 0.860 |     28 st/s
    done(50): success=36 t_flicker=10 t_touched=4
Ep 18700 | score  199.07 | avg100  155.19 | grasp100  73.0% | best 0.860 |     28 st/s
    done(50): success=37 t_flicker=11 t_no_reach=2
Ep 18750 | score  202.03 | avg100  159.87 | grasp100  77.0% | best 0.860 |     28 st/s
    done(50): success=40 t_flicker=8 t_touched=1 t_no_reach=1
Ep 18800 | score  141.98 | avg100  159.19 | grasp100  78.0% | best 0.860 |     28 st/s
    done(50): success=38 t_flicker=10 t_touched=2
Ep 18850 | score   11.68 | avg100  155.74 | grasp100  78.0% | best 0.860 |     28 st/s
    done(50): success=40 t_flicker=8 t_touched=2
Ep 18900 | score  187.00 | avg100  159.56 | grasp100  81.0% | best 0.860 |     28 st/s
    done(50): success=41 t_flicker=6 t_touched=3
Ep 18950 | score  198.37 | avg100  168.56 | grasp100  84.0% | best 0.860 |     28 st/s
    done(50): success=43 t_flicker=7
Ep 19000 | score  182.00 | avg100  163.19 | grasp100  80.0% | best 0.860 |     28 st/s
    done(50): success=37 t_flicker=8 t_touched=4 t_no_reach=1
Ep 19050 | score   60.58 | avg100  163.26 | grasp100  81.0% | best 0.860 |     28 st/s
    done(50): success=44 t_flicker=5 t_touched=1
Ep 19100 | score  200.84 | avg100  162.96 | grasp100  82.0% | best 0.860 |     28 st/s
    done(50): success=38 t_flicker=9 t_touched=2 t_no_reach=1
Ep 19150 | score  168.41 | avg100  153.27 | grasp100  75.0% | best 0.860 |     28 st/s
    done(50): success=37 t_flicker=11 t_touched=2
Ep 19200 | score  186.05 | avg100  158.94 | grasp100  80.0% | best 0.860 |     28 st/s
    done(50): success=43 t_flicker=5 t_touched=1 t_no_reach=1
Ep 19250 | score  182.80 | avg100  167.18 | grasp100  86.0% | best 0.860 |     28 st/s
    done(50): success=43 t_flicker=5 t_touched=2
Ep 19300 | score  151.63 | avg100  159.42 | grasp100  78.0% | best 0.860 |     28 st/s
    done(50): success=35 t_flicker=11 t_touched=2 t_no_reach=2
Ep 19350 | score  207.00 | avg100  155.73 | grasp100  76.0% | best 0.860 |     28 st/s
    done(50): success=41 t_flicker=8 t_touched=1
Ep 19400 | score  202.36 | avg100  157.37 | grasp100  79.0% | best 0.860 |     28 st/s
    done(50): success=38 t_flicker=7 t_touched=3 t_no_reach=2
Ep 19450 | score  191.33 | avg100  151.63 | grasp100  76.0% | best 0.860 |     28 st/s
    done(50): success=38 t_flicker=9 t_touched=2 t_no_reach=1
  [primacy-bias reset of critic heads @ 300000 updates]
Ep 19500 | score    1.98 | avg100   99.30 | grasp100  47.0% | best 0.860 |     28 st/s
    done(50): success=9 t_flicker=15 t_touched=13 t_no_reach=13
Ep 19550 | score    0.26 | avg100   32.12 | grasp100  12.0% | best 0.860 |     28 st/s
    done(50): success=3 t_flicker=14 t_touched=8 t_no_reach=25
Ep 19600 | score   -2.79 | avg100   23.03 | grasp100  10.0% | best 0.860 |     28 st/s
    done(50): success=7 t_flicker=11 t_touched=15 t_no_reach=17
Ep 19650 | score  194.75 | avg100   65.08 | grasp100  30.0% | best 0.860 |     28 st/s
    done(50): success=23 t_flicker=15 t_touched=6 t_no_reach=6
Ep 19700 | score  197.48 | avg100  102.53 | grasp100  47.0% | best 0.860 |     28 st/s
    done(50): success=24 t_flicker=14 t_touched=5 t_no_reach=7
Ep 19750 | score  195.92 | avg100  116.87 | grasp100  54.0% | best 0.860 |     28 st/s
    done(50): success=30 t_flicker=18 t_touched=2
Ep 19800 | score   58.07 | avg100  127.24 | grasp100  58.0% | best 0.860 |     28 st/s
    done(50): success=28 t_flicker=15 t_touched=5 t_no_reach=2
Ep 19850 | score  172.42 | avg100  133.58 | grasp100  61.0% | best 0.860 |     28 st/s
    done(50): success=33 t_flicker=12 t_touched=5
Ep 19900 | score  164.11 | avg100  146.33 | grasp100  68.0% | best 0.860 |     28 st/s
    done(50): success=35 t_flicker=11 t_touched=4
Ep 19950 | score  203.01 | avg100  147.94 | grasp100  70.0% | best 0.860 |     28 st/s
    done(50): success=35 t_flicker=11 t_touched=3 t_no_reach=1
Ep 20000 | score   45.58 | avg100  153.02 | grasp100  73.0% | best 0.860 |     28 st/s
    done(50): success=38 t_flicker=9 t_touched=2 t_no_reach=1
Ep 20050 | score  203.16 | avg100  155.01 | grasp100  72.0% | best 0.860 |     28 st/s
    done(50): success=34 t_flicker=14 t_touched=2
Ep 20100 | score  169.25 | avg100  153.37 | grasp100  72.0% | best 0.860 |     28 st/s
    done(50): success=38 t_flicker=9 t_touched=1 t_no_reach=2
Ep 20150 | score  208.32 | avg100  159.88 | grasp100  80.0% | best 0.860 |     28 st/s
    done(50): success=42 t_flicker=5 t_touched=2 t_no_reach=1
Ep 20200 | score   85.03 | avg100  157.97 | grasp100  79.0% | best 0.860 |     28 st/s
    done(50): success=37 t_flicker=10 t_touched=3
Ep 20250 | score  156.88 | avg100  155.84 | grasp100  77.0% | best 0.860 |     28 st/s
    done(50): success=40 t_flicker=7 t_touched=3
Ep 20300 | score  149.48 | avg100  162.87 | grasp100  80.0% | best 0.860 |     28 st/s
    done(50): success=40 t_flicker=9 t_touched=1
Ep 20350 | score  196.27 | avg100  162.29 | grasp100  78.0% | best 0.860 |     28 st/s
    done(50): success=38 t_flicker=9 t_touched=1 t_no_reach=2
Ep 20400 | score   62.40 | avg100  159.91 | grasp100  77.0% | best 0.860 |     28 st/s
    done(50): success=39 t_flicker=10 t_no_reach=1
Ep 20450 | score   68.27 | avg100  157.25 | grasp100  75.0% | best 0.860 |     28 st/s
    done(50): success=36 t_flicker=12 t_touched=2
Ep 20500 | score   90.66 | avg100  156.34 | grasp100  75.0% | best 0.860 |     28 st/s
    done(50): success=39 t_flicker=9 t_touched=2
Ep 20550 | score  194.22 | avg100  155.42 | grasp100  75.0% | best 0.860 |     28 st/s
    done(50): success=36 t_flicker=10 t_touched=4
Ep 20600 | score  198.99 | avg100  157.70 | grasp100  77.0% | best 0.860 |     28 st/s
    done(50): success=41 t_flicker=7 t_touched=1 t_no_reach=1
Ep 20650 | score   78.51 | avg100  166.67 | grasp100  83.0% | best 0.860 |     28 st/s
    done(50): success=42 t_flicker=4 t_touched=3 t_no_reach=1
Ep 20700 | score   27.74 | avg100  167.42 | grasp100  84.0% | best 0.860 |     28 st/s
    done(50): success=42 t_flicker=4 t_touched=4
Ep 20750 | score  196.99 | avg100  159.50 | grasp100  81.0% | best 0.860 |     28 st/s
    done(50): success=39 t_flicker=7 t_touched=4
Ep 20800 | score  190.93 | avg100  146.29 | grasp100  72.0% | best 0.860 |     28 st/s
    done(50): success=33 t_flicker=14 t_touched=3
Ep 20850 | score  180.71 | avg100  148.37 | grasp100  71.0% | best 0.860 |     28 st/s
    done(50): success=38 t_flicker=8 t_touched=3 t_no_reach=1
Ep 20900 | score  198.65 | avg100  163.60 | grasp100  81.0% | best 0.860 |     28 st/s
    done(50): success=43 t_flicker=6 t_touched=1
Ep 20950 | score  202.87 | avg100  165.98 | grasp100  84.0% | best 0.860 |     28 st/s
    done(50): success=41 t_flicker=5 t_touched=2 t_no_reach=2
Ep 21000 | score  143.37 | avg100  163.11 | grasp100  82.0% | best 0.860 |     28 st/s
    done(50): success=41 t_flicker=8 t_touched=1
Ep 21050 | score  200.08 | avg100  164.63 | grasp100  81.0% | best 0.860 |     28 st/s
    done(50): success=40 t_flicker=7 t_touched=3
  [primacy-bias reset of critic heads @ 325000 updates]
Ep 21100 | score   14.98 | avg100  161.07 | grasp100  78.0% | best 0.860 |     28 st/s
    done(50): success=38 t_flicker=8 t_touched=3 t_no_reach=1
Ep 21150 | score  -27.95 | avg100   72.59 | grasp100  38.0% | best 0.860 |     28 st/s
    done(50): t_flicker=5 t_touched=6 t_no_reach=39
Ep 21200 | score  -22.09 | avg100   -9.32 | grasp100   2.0% | best 0.860 |     28 st/s
    done(50): success=2 t_flicker=3 t_touched=8 t_no_reach=37
Ep 21250 | score   56.30 | avg100   20.89 | grasp100  14.0% | best 0.860 |     28 st/s
    done(50): success=12 t_flicker=10 t_touched=12 t_no_reach=16
Ep 21300 | score  184.56 | avg100   75.08 | grasp100  36.0% | best 0.860 |     28 st/s
    done(50): success=24 t_flicker=12 t_touched=8 t_no_reach=6
Ep 21350 | score  -15.22 | avg100  101.11 | grasp100  46.0% | best 0.860 |     28 st/s
    done(50): success=22 t_flicker=15 t_touched=6 t_no_reach=7
Ep 21400 | score   54.88 | avg100  107.96 | grasp100  49.0% | best 0.860 |     28 st/s
    done(50): success=27 t_flicker=16 t_touched=2 t_no_reach=5
Ep 21450 | score   55.28 | avg100  132.38 | grasp100  64.0% | best 0.860 |     28 st/s
    done(50): success=37 t_flicker=8 t_touched=4 t_no_reach=1
Ep 21500 | score  195.89 | avg100  142.21 | grasp100  69.0% | best 0.860 |     28 st/s
    done(50): success=32 t_flicker=13 t_touched=3 t_no_reach=2
Ep 21550 | score  199.40 | avg100  141.62 | grasp100  66.0% | best 0.860 |     28 st/s
    done(50): success=34 t_flicker=14 t_touched=2
Ep 21600 | score  179.56 | avg100  151.67 | grasp100  72.0% | best 0.860 |     28 st/s
    done(50): success=38 t_flicker=10 t_touched=2
Ep 21650 | score  196.83 | avg100  156.38 | grasp100  75.0% | best 0.860 |     28 st/s
    done(50): success=37 t_flicker=13
Ep 21700 | score  188.51 | avg100  158.24 | grasp100  76.0% | best 0.860 |     28 st/s
    done(50): success=39 t_flicker=10 t_touched=1
Ep 21750 | score   59.62 | avg100  161.65 | grasp100  78.0% | best 0.860 |     28 st/s
    done(50): success=39 t_flicker=10 t_touched=1
Ep 21800 | score  195.78 | avg100  162.76 | grasp100  76.0% | best 0.860 |     28 st/s
    done(50): success=37 t_flicker=11 t_touched=2
Ep 21850 | score  207.43 | avg100  168.52 | grasp100  81.0% | best 0.860 |     28 st/s
    done(50): success=44 t_flicker=6
Ep 21900 | score  190.49 | avg100  163.80 | grasp100  80.0% | best 0.860 |     28 st/s
    done(50): success=36 t_flicker=9 t_touched=4 t_no_reach=1
Ep 21950 | score  201.29 | avg100  157.72 | grasp100  77.0% | best 0.860 |     28 st/s
    done(50): success=41 t_flicker=5 t_touched=2 t_no_reach=2
Ep 22000 | score   28.07 | avg100  165.07 | grasp100  83.0% | best 0.860 |     28 st/s
    done(50): success=42 t_flicker=3 t_touched=4 t_no_reach=1
Ep 22050 | score   -3.85 | avg100  161.65 | grasp100  81.0% | best 0.860 |     28 st/s
    done(50): success=39 t_flicker=9 t_touched=1 t_no_reach=1
Ep 22100 | score  183.73 | avg100  163.21 | grasp100  81.0% | best 0.860 |     28 st/s
    done(50): success=42 t_flicker=8
Ep 22150 | score    2.04 | avg100  165.44 | grasp100  81.0% | best 0.860 |     28 st/s
    done(50): success=39 t_flicker=7 t_touched=3 t_no_reach=1
Ep 22200 | score  203.99 | avg100  162.10 | grasp100  80.0% | best 0.860 |     28 st/s
    done(50): success=41 t_flicker=7 t_no_reach=2
Ep 22250 | score  206.64 | avg100  157.30 | grasp100  77.0% | best 0.860 |     28 st/s
    done(50): success=36 t_flicker=11 t_touched=1 t_no_reach=2
Ep 22300 | score  193.07 | avg100  163.52 | grasp100  81.0% | best 0.860 |     28 st/s
    done(50): success=45 t_flicker=3 t_touched=1 t_no_reach=1
Ep 22350 | score   -1.77 | avg100  166.25 | grasp100  84.0% | best 0.860 |     28 st/s
    done(50): success=39 t_flicker=8 t_touched=1 t_no_reach=2
Ep 22400 | score  208.46 | avg100  169.93 | grasp100  85.0% | best 0.860 |     28 st/s
    done(50): success=46 t_flicker=3 t_no_reach=1
Ep 22450 | score  201.27 | avg100  171.86 | grasp100  85.0% | best 0.860 |     28 st/s
    done(50): success=39 t_flicker=5 t_touched=4 t_no_reach=2
Ep 22500 | score  185.04 | avg100  160.02 | grasp100  79.0% | best 0.860 |     28 st/s
    done(50): success=40 t_flicker=7 t_touched=1 t_no_reach=2
Ep 22550 | score  193.31 | avg100  166.93 | grasp100  83.0% | best 0.860 |     28 st/s
    done(50): success=43 t_flicker=6 t_touched=1
Ep 22600 | score  179.03 | avg100  163.97 | grasp100  80.0% | best 0.860 |     28 st/s
    done(50): success=37 t_flicker=9 t_touched=3 t_no_reach=1
Ep 22650 | score  204.06 | avg100  162.92 | grasp100  80.0% | best 0.860 |     28 st/s
    done(50): success=43 t_flicker=4 t_no_reach=3
Ep 22700 | score  217.35 | avg100  165.90 | grasp100  82.0% | best 0.860 |     28 st/s
    done(50): success=39 t_flicker=9 t_touched=1 t_no_reach=1
Ep 22750 | score  206.23 | avg100  167.39 | grasp100  82.0% | best 0.860 |     28 st/s
    done(50): success=43 t_flicker=7
  [primacy-bias reset of critic heads @ 350000 updates]
Ep 22800 | score   52.62 | avg100  139.21 | grasp100  68.0% | best 0.860 |     28 st/s
    done(50): success=25 t_flicker=11 t_touched=2 t_no_reach=12
Ep 22850 | score  -10.18 | avg100   53.13 | grasp100  27.0% | best 0.860 |     28 st/s
    done(50): success=2 t_flicker=2 t_touched=15 t_no_reach=31
Ep 22900 | score  -20.06 | avg100   15.45 | grasp100   9.0% | best 0.860 |     28 st/s
    done(50): success=7 t_flicker=12 t_touched=7 t_no_reach=24
Ep 22950 | score   59.42 | avg100   46.98 | grasp100  21.0% | best 0.860 |     28 st/s
    done(50): success=14 t_flicker=16 t_touched=13 t_no_reach=7
Ep 23000 | score    0.08 | avg100   74.94 | grasp100  32.0% | best 0.860 |     28 st/s
    done(50): success=18 t_flicker=18 t_touched=5 t_no_reach=9
Ep 23050 | score  -14.26 | avg100  100.18 | grasp100  46.0% | best 0.860 |     28 st/s
    done(50): success=28 t_flicker=11 t_touched=5 t_no_reach=6
Ep 23100 | score  205.02 | avg100  121.21 | grasp100  57.0% | best 0.860 |     28 st/s
    done(50): success=29 t_flicker=14 t_touched=6 t_no_reach=1
Ep 23150 | score  178.60 | avg100  126.09 | grasp100  57.0% | best 0.860 |     28 st/s
    done(50): success=28 t_flicker=17 t_touched=2 t_no_reach=3
Ep 23200 | score   78.72 | avg100  144.96 | grasp100  67.0% | best 0.860 |     28 st/s
    done(50): success=39 t_flicker=10 t_touched=1
Ep 23250 | score   32.12 | avg100  151.89 | grasp100  73.0% | best 0.860 |     28 st/s
    done(50): success=34 t_flicker=10 t_touched=4 t_no_reach=2
Ep 23300 | score   33.67 | avg100  145.53 | grasp100  67.0% | best 0.860 |     28 st/s
    done(50): success=33 t_flicker=16 t_touched=1
Ep 23350 | score  203.77 | avg100  163.40 | grasp100  77.0% | best 0.860 |     28 st/s
    done(50): success=44 t_flicker=6
Ep 23400 | score  200.31 | avg100  172.94 | grasp100  87.0% | best 0.860 |     28 st/s
    done(50): success=43 t_flicker=6 t_no_reach=1
Ep 23450 | score  149.24 | avg100  164.06 | grasp100  82.0% | best 0.860 |     28 st/s
    done(50): success=39 t_flicker=9 t_touched=1 t_no_reach=1
Ep 23500 | score  181.48 | avg100  157.83 | grasp100  79.0% | best 0.860 |     28 st/s
    done(50): success=40 t_flicker=6 t_touched=2 t_no_reach=2
Ep 23550 | score  187.57 | avg100  157.38 | grasp100  76.0% | best 0.860 |     28 st/s
    done(50): success=36 t_flicker=13 t_touched=1
Ep 23600 | score  184.11 | avg100  154.69 | grasp100  72.0% | best 0.860 |     28 st/s
    done(50): success=36 t_flicker=7 t_touched=5 t_no_reach=2
Ep 23650 | score  183.73 | avg100  156.61 | grasp100  77.0% | best 0.860 |     28 st/s
    done(50): success=41 t_flicker=8 t_touched=1
Ep 23700 | score  197.86 | avg100  157.43 | grasp100  79.0% | best 0.860 |     28 st/s
    done(50): success=38 t_flicker=7 t_touched=5
Ep 23750 | score  230.67 | avg100  162.22 | grasp100  77.0% | best 0.860 |     28 st/s
    done(50): success=39 t_flicker=8 t_touched=1 t_no_reach=2
Ep 23800 | score  181.20 | avg100  166.91 | grasp100  81.0% | best 0.860 |     28 st/s
    done(50): success=42 t_flicker=3 t_touched=4 t_no_reach=1
Ep 23850 | score  218.19 | avg100  159.18 | grasp100  81.0% | best 0.860 |     28 st/s
    done(50): success=39 t_flicker=6 t_touched=4 t_no_reach=1
Ep 23900 | score   95.60 | avg100  164.39 | grasp100  81.0% | best 0.860 |     28 st/s
    done(50): success=42 t_flicker=8
Ep 23950 | score  197.14 | avg100  175.88 | grasp100  87.0% | best 0.860 |     28 st/s
    done(50): success=45 t_flicker=3 t_touched=1 t_no_reach=1
Ep 24000 | score  195.62 | avg100  171.36 | grasp100  86.0% | best 0.860 |     28 st/s
    done(50): success=41 t_flicker=7 t_touched=2
Ep 24050 | score   52.49 | avg100  159.85 | grasp100  78.0% | best 0.860 |     28 st/s
    done(50): success=37 t_flicker=9 t_touched=3 t_no_reach=1
Ep 24100 | score  203.36 | avg100  164.94 | grasp100  80.0% | best 0.860 |     28 st/s
    done(50): success=43 t_flicker=5 t_touched=2
Ep 24150 | score   31.41 | avg100  162.76 | grasp100  80.0% | best 0.860 |     28 st/s
    done(50): success=37 t_flicker=8 t_touched=3 t_no_reach=2
Ep 24200 | score  200.51 | avg100  148.34 | grasp100  73.0% | best 0.860 |     28 st/s
    done(50): success=36 t_flicker=10 t_touched=2 t_no_reach=2
Ep 24250 | score  197.88 | avg100  158.29 | grasp100  79.0% | best 0.860 |     28 st/s
    done(50): success=43 t_flicker=4 t_touched=1 t_no_reach=2
Ep 24300 | score  178.57 | avg100  161.72 | grasp100  82.0% | best 0.860 |     28 st/s
    done(50): success=39 t_flicker=6 t_touched=4 t_no_reach=1
Ep 24350 | score  194.89 | avg100  159.53 | grasp100  81.0% | best 0.860 |     28 st/s
    done(50): success=42 t_flicker=4 t_touched=3 t_no_reach=1
Ep 24400 | score  200.73 | avg100  164.87 | grasp100  83.0% | best 0.860 |     28 st/s
    done(50): success=41 t_flicker=7 t_touched=2
  [primacy-bias reset of critic heads @ 375000 updates]
Ep 24450 | score   37.08 | avg100  157.66 | grasp100  79.0% | best 0.860 |     28 st/s
    done(50): success=38 t_flicker=7 t_touched=2 t_no_reach=3
Ep 24500 | score    0.15 | avg100   91.79 | grasp100  47.0% | best 0.860 |     28 st/s
    done(50): success=9 t_flicker=6 t_touched=7 t_no_reach=28
Ep 24550 | score  -10.96 | avg100   24.39 | grasp100  14.0% | best 0.860 |     28 st/s
    done(50): success=5 t_flicker=8 t_touched=11 t_no_reach=26
Ep 24600 | score  193.51 | avg100   28.83 | grasp100  12.0% | best 0.860 |     28 st/s
    done(50): success=7 t_flicker=18 t_touched=9 t_no_reach=16
Ep 24650 | score   36.02 | avg100   57.31 | grasp100  20.0% | best 0.860 |     28 st/s
    done(50): success=13 t_flicker=25 t_touched=7 t_no_reach=5
Ep 24700 | score  187.28 | avg100  107.15 | grasp100  47.0% | best 0.860 |     28 st/s
    done(50): success=34 t_flicker=9 t_touched=4 t_no_reach=3
Ep 24750 | score   45.74 | avg100  123.30 | grasp100  55.0% | best 0.860 |     28 st/s
    done(50): success=21 t_flicker=22 t_touched=5 t_no_reach=2
Ep 24800 | score   68.73 | avg100  119.22 | grasp100  51.0% | best 0.860 |     28 st/s
    done(50): success=30 t_flicker=17 t_touched=2 t_no_reach=1
Ep 24850 | score  196.53 | avg100  143.48 | grasp100  68.0% | best 0.860 |     28 st/s
    done(50): success=38 t_flicker=7 t_touched=4 t_no_reach=1
Ep 24900 | score  188.54 | avg100  158.38 | grasp100  78.0% | best 0.860 |     28 st/s
    done(50): success=40 t_flicker=8 t_touched=2
Ep 24950 | score  181.82 | avg100  157.55 | grasp100  76.0% | best 0.860 |     28 st/s
    done(50): success=36 t_flicker=10 t_touched=3 t_no_reach=1
Ep 25000 | score   75.30 | avg100  156.03 | grasp100  75.0% | best 0.860 |     28 st/s
    done(50): success=39 t_flicker=5 t_touched=6
Ep 25050 | score  169.25 | avg100  159.39 | grasp100  80.0% | best 0.860 |     28 st/s
    done(50): success=41 t_flicker=7 t_touched=2
Ep 25100 | score  191.31 | avg100  165.14 | grasp100  83.0% | best 0.860 |     28 st/s
    done(50): success=42 t_flicker=7 t_touched=1
Ep 25150 | score  185.65 | avg100  161.73 | grasp100  80.0% | best 0.860 |     28 st/s
    done(50): success=38 t_flicker=9 t_touched=2 t_no_reach=1
Ep 25200 | score  199.29 | avg100  161.96 | grasp100  81.0% | best 0.860 |     28 st/s
    done(50): success=43 t_flicker=6 t_touched=1
Ep 25250 | score  191.82 | avg100  172.73 | grasp100  87.0% | best 0.860 |     28 st/s
    done(50): success=44 t_flicker=6
Ep 25300 | score  202.40 | avg100  169.69 | grasp100  84.0% | best 0.860 |     28 st/s
    done(50): success=40 t_flicker=9 t_touched=1
Ep 25350 | score  191.42 | avg100  165.90 | grasp100  82.0% | best 0.860 |     28 st/s
    done(50): success=42 t_flicker=5 t_touched=2 t_no_reach=1
Ep 25400 | score  210.39 | avg100  169.48 | grasp100  85.0% | best 0.860 |     28 st/s
    done(50): success=43 t_flicker=7
Ep 25450 | score  170.77 | avg100  167.78 | grasp100  85.0% | best 0.860 |     28 st/s
    done(50): success=42 t_flicker=7 t_touched=1
Ep 25500 | score   10.16 | avg100  160.54 | grasp100  81.0% | best 0.860 |     28 st/s
    done(50): success=39 t_flicker=8 t_touched=2 t_no_reach=1
Ep 25550 | score  174.53 | avg100  157.51 | grasp100  77.0% | best 0.860 |     28 st/s
    done(50): success=38 t_flicker=8 t_touched=3 t_no_reach=1
Ep 25600 | score  200.23 | avg100  161.88 | grasp100  80.0% | best 0.860 |     28 st/s
    done(50): success=42 t_flicker=5 t_touched=3
Ep 25650 | score  167.76 | avg100  158.53 | grasp100  79.0% | best 0.860 |     28 st/s
    done(50): success=37 t_flicker=10 t_no_reach=3
Ep 25700 | score  176.78 | avg100  158.37 | grasp100  79.0% | best 0.860 |     28 st/s
    done(50): success=42 t_flicker=7 t_no_reach=1
Ep 25750 | score  193.99 | avg100  156.31 | grasp100  77.0% | best 0.860 |     28 st/s
    done(50): success=35 t_flicker=12 t_touched=2 t_no_reach=1
Ep 25800 | score  195.10 | avg100  160.40 | grasp100  79.0% | best 0.860 |     28 st/s
    done(50): success=44 t_flicker=5 t_touched=1
Ep 25850 | score  203.55 | avg100  169.63 | grasp100  87.0% | best 0.860 |     28 st/s
    done(50): success=43 t_flicker=4 t_touched=1 t_no_reach=2
Ep 25900 | score  227.01 | avg100  165.06 | grasp100  84.0% | best 0.860 |     28 st/s
    done(50): success=41 t_flicker=6 t_touched=2 t_no_reach=1
Ep 25950 | score  192.16 | avg100  167.69 | grasp100  85.0% | best 0.860 |     28 st/s
    done(50): success=44 t_flicker=4 t_touched=1 t_no_reach=1
Ep 25957 | * BEST  level200=2.00 grasp200= 87.5% metric=0.875 | score  200.54
Ep 26000 | score  199.96 | avg100  169.86 | grasp100  85.0% | best 0.875 |     28 st/s
    done(50): success=41 t_flicker=7 t_touched=2
Ep 26050 | score  125.78 | avg100  165.04 | grasp100  81.0% | best 0.875 |     28 st/s
    done(50): success=40 t_flicker=8 t_touched=2
Ep 26100 | score  191.83 | avg100  161.78 | grasp100  80.0% | best 0.875 |     28 st/s
    done(50): success=40 t_flicker=10
Ep 26150 | score  202.55 | avg100  157.73 | grasp100  79.0% | best 0.875 |     28 st/s
    done(50): success=39 t_flicker=7 t_no_reach=4
  [primacy-bias reset of critic heads @ 400000 updates]
Ep 26200 | score   -5.60 | avg100  111.06 | grasp100  57.0% | best 0.875 |     28 st/s
    done(50): success=18 t_flicker=3 t_touched=7 t_no_reach=22
Ep 26250 | score   -3.47 | avg100   34.94 | grasp100  18.0% | best 0.875 |     28 st/s
    done(50): t_flicker=12 t_touched=5 t_no_reach=33
Ep 26300 | score  166.79 | avg100   20.24 | grasp100   8.0% | best 0.875 |     28 st/s
    done(50): success=8 t_flicker=15 t_touched=15 t_no_reach=12
Ep 26350 | score  188.13 | avg100   67.37 | grasp100  26.0% | best 0.875 |     28 st/s
    done(50): success=18 t_flicker=20 t_touched=9 t_no_reach=3
Ep 26400 | score   57.93 | avg100  100.52 | grasp100  40.0% | best 0.875 |     28 st/s
    done(50): success=22 t_flicker=18 t_touched=5 t_no_reach=5
Ep 26450 | score  197.89 | avg100  122.87 | grasp100  55.0% | best 0.875 |     28 st/s
    done(50): success=33 t_flicker=12 t_touched=3 t_no_reach=2
Ep 26500 | score  -11.11 | avg100  133.26 | grasp100  61.0% | best 0.875 |     28 st/s
    done(50): success=28 t_flicker=16 t_touched=3 t_no_reach=3
Ep 26550 | score  189.23 | avg100  133.45 | grasp100  61.0% | best 0.875 |     28 st/s
    done(50): success=33 t_flicker=13 t_touched=2 t_no_reach=2
Ep 26600 | score  153.16 | avg100  150.48 | grasp100  72.0% | best 0.875 |     28 st/s
    done(50): success=39 t_flicker=9 t_touched=1 t_no_reach=1
Ep 26650 | score  168.92 | avg100  152.97 | grasp100  75.0% | best 0.875 |     28 st/s
    done(50): success=36 t_flicker=13 t_no_reach=1
Ep 26700 | score  188.06 | avg100  148.36 | grasp100  73.0% | best 0.875 |     28 st/s
    done(50): success=37 t_flicker=10 t_touched=1 t_no_reach=2
Ep 26750 | score  163.63 | avg100  156.84 | grasp100  77.0% | best 0.875 |     28 st/s
    done(50): success=40 t_flicker=10
Ep 26800 | score  178.29 | avg100  162.22 | grasp100  80.0% | best 0.875 |     28 st/s
    done(50): success=40 t_flicker=9 t_touched=1
Ep 26850 | score  199.37 | avg100  163.67 | grasp100  78.0% | best 0.875 |     28 st/s
    done(50): success=38 t_flicker=11 t_no_reach=1
Ep 26900 | score  182.58 | avg100  164.44 | grasp100  79.0% | best 0.875 |     28 st/s
    done(50): success=41 t_flicker=7 t_touched=2
Ep 26950 | score  175.18 | avg100  165.84 | grasp100  84.0% | best 0.875 |     28 st/s
    done(50): success=43 t_flicker=4 t_touched=2 t_no_reach=1
Ep 27000 | score  186.54 | avg100  172.04 | grasp100  88.0% | best 0.875 |     28 st/s
    done(50): success=45 t_flicker=4 t_no_reach=1
Ep 27050 | score  204.71 | avg100  171.72 | grasp100  85.0% | best 0.875 |     28 st/s
    done(50): success=40 t_flicker=7 t_touched=2 t_no_reach=1
Ep 27100 | score   59.09 | avg100  165.41 | grasp100  79.0% | best 0.875 |     28 st/s
    done(50): success=39 t_flicker=10 t_no_reach=1
Ep 27150 | score  199.97 | avg100  171.85 | grasp100  86.0% | best 0.875 |     28 st/s
    done(50): success=47 t_flicker=1 t_touched=1 t_no_reach=1
Ep 27200 | score  211.60 | avg100  174.19 | grasp100  89.0% | best 0.875 |     28 st/s
    done(50): success=42 t_flicker=5 t_touched=2 t_no_reach=1
Ep 27250 | score  187.71 | avg100  169.64 | grasp100  85.0% | best 0.875 |     28 st/s
    done(50): success=43 t_flicker=5 t_touched=1 t_no_reach=1
Ep 27300 | score  234.66 | avg100  161.25 | grasp100  81.0% | best 0.875 |     28 st/s
    done(50): success=38 t_flicker=6 t_touched=3 t_no_reach=3
Ep 27350 | score  -11.66 | avg100  159.82 | grasp100  79.0% | best 0.875 |     28 st/s
    done(50): success=41 t_flicker=8 t_no_reach=1
Ep 27400 | score   86.58 | avg100  162.69 | grasp100  81.0% | best 0.875 |     28 st/s
    done(50): success=40 t_flicker=7 t_touched=2 t_no_reach=1
Ep 27450 | score  205.44 | avg100  158.71 | grasp100  79.0% | best 0.875 |     28 st/s
    done(50): success=39 t_flicker=9 t_touched=1 t_no_reach=1
Ep 27500 | score  189.69 | avg100  154.80 | grasp100  77.0% | best 0.875 |     28 st/s
    done(50): success=38 t_flicker=9 t_touched=2 t_no_reach=1
Ep 27550 | score  205.32 | avg100  157.69 | grasp100  78.0% | best 0.875 |     28 st/s
    done(50): success=40 t_flicker=9 t_touched=1
Ep 27600 | score  211.94 | avg100  163.01 | grasp100  81.0% | best 0.875 |     28 st/s
    done(50): success=41 t_flicker=6 t_touched=3
Ep 27650 | score  194.70 | avg100  160.98 | grasp100  80.0% | best 0.875 |     28 st/s
    done(50): success=39 t_flicker=8 t_touched=2 t_no_reach=1
Ep 27700 | score  198.97 | avg100  164.10 | grasp100  80.0% | best 0.875 |     28 st/s
    done(50): success=41 t_flicker=5 t_touched=3 t_no_reach=1
Ep 27750 | score  182.82 | avg100  168.42 | grasp100  84.0% | best 0.875 |     28 st/s
    done(50): success=43 t_flicker=6 t_no_reach=1
Ep 27800 | score  204.08 | avg100  172.54 | grasp100  87.0% | best 0.875 |     28 st/s
    done(50): success=44 t_flicker=4 t_touched=2
Ep 27850 | score  -11.86 | avg100  173.90 | grasp100  88.0% | best 0.875 |     28 st/s
    done(50): success=44 t_flicker=5 t_touched=1
  [primacy-bias reset of critic heads @ 425000 updates]
Ep 27900 | score    9.48 | avg100  134.18 | grasp100  69.0% | best 0.875 |     28 st/s
    done(50): success=25 t_flicker=1 t_touched=6 t_no_reach=18
Ep 27950 | score  -12.16 | avg100   50.97 | grasp100  26.0% | best 0.875 |     28 st/s
    done(50): success=1 t_flicker=12 t_touched=9 t_no_reach=28
Ep 28000 | score   71.59 | avg100   10.42 | grasp100   4.0% | best 0.875 |     28 st/s
    done(50): success=3 t_flicker=11 t_touched=14 t_no_reach=22
Ep 28050 | score  154.20 | avg100   38.97 | grasp100  17.0% | best 0.875 |     28 st/s
    done(50): success=14 t_flicker=14 t_touched=7 t_no_reach=15
Ep 28100 | score   65.09 | avg100   79.70 | grasp100  35.0% | best 0.875 |     28 st/s
    done(50): success=21 t_flicker=17 t_touched=6 t_no_reach=6
Ep 28150 | score   -3.36 | avg100  119.30 | grasp100  56.0% | best 0.875 |     28 st/s
    done(50): success=35 t_flicker=10 t_touched=1 t_no_reach=4
Ep 28200 | score   58.91 | avg100  142.68 | grasp100  68.0% | best 0.875 |     28 st/s
    done(50): success=33 t_flicker=13 t_touched=2 t_no_reach=2
Ep 28250 | score  169.24 | avg100  148.65 | grasp100  71.0% | best 0.875 |     28 st/s
    done(50): success=38 t_flicker=8 t_touched=3 t_no_reach=1
Ep 28300 | score  195.99 | avg100  162.92 | grasp100  81.0% | best 0.875 |     28 st/s
    done(50): success=43 t_flicker=6 t_no_reach=1
Ep 28350 | score  186.41 | avg100  166.94 | grasp100  82.0% | best 0.875 |     28 st/s
    done(50): success=39 t_flicker=10 t_no_reach=1
Ep 28400 | score   59.52 | avg100  159.31 | grasp100  76.0% | best 0.875 |     28 st/s
    done(50): success=37 t_flicker=12 t_no_reach=1
Ep 28450 | score   87.75 | avg100  147.56 | grasp100  70.0% | best 0.875 |     28 st/s
    done(50): success=33 t_flicker=13 t_touched=3 t_no_reach=1
Ep 28500 | score  207.91 | avg100  150.02 | grasp100  72.0% | best 0.875 |     28 st/s
    done(50): success=39 t_flicker=5 t_touched=3 t_no_reach=3
Ep 28550 | score   32.70 | avg100  157.49 | grasp100  77.0% | best 0.875 |     28 st/s
    done(50): success=38 t_flicker=8 t_touched=1 t_no_reach=3
Ep 28600 | score  183.17 | avg100  162.53 | grasp100  79.0% | best 0.875 |     28 st/s
    done(50): success=41 t_flicker=8 t_no_reach=1
Ep 28650 | score  207.11 | avg100  172.06 | grasp100  85.0% | best 0.875 |     28 st/s
    done(50): success=44 t_flicker=5 t_touched=1
Ep 28700 | score  195.93 | avg100  173.87 | grasp100  87.0% | best 0.875 |     28 st/s
    done(50): success=43 t_flicker=7
Ep 28750 | score  199.81 | avg100  161.99 | grasp100  79.0% | best 0.875 |     28 st/s
    done(50): success=36 t_flicker=8 t_touched=4 t_no_reach=2
Ep 28800 | score  220.89 | avg100  166.45 | grasp100  82.0% | best 0.875 |     28 st/s
    done(50): success=46 t_flicker=3 t_touched=1
Ep 28850 | score   67.29 | avg100  170.96 | grasp100  85.0% | best 0.875 |     28 st/s
    done(50): success=39 t_flicker=10 t_no_reach=1
Ep 28900 | score  180.88 | avg100  161.54 | grasp100  79.0% | best 0.875 |     28 st/s
    done(50): success=40 t_flicker=8 t_touched=2
Ep 28950 | score  181.08 | avg100  168.86 | grasp100  84.0% | best 0.875 |     28 st/s
    done(50): success=44 t_flicker=5 t_no_reach=1
Ep 29000 | score  195.71 | avg100  173.14 | grasp100  89.0% | best 0.875 |     28 st/s
    done(50): success=45 t_flicker=1 t_touched=2 t_no_reach=2
Ep 29050 | score  186.68 | avg100  166.79 | grasp100  85.0% | best 0.875 |     28 st/s
    done(50): success=40 t_flicker=6 t_touched=3 t_no_reach=1
Ep 29100 | score  192.37 | avg100  167.03 | grasp100  84.0% | best 0.875 |     28 st/s
    done(50): success=44 t_flicker=4 t_touched=2
Ep 29150 | score  206.73 | avg100  167.57 | grasp100  85.0% | best 0.875 |     28 st/s
    done(50): success=41 t_flicker=6 t_touched=3
Ep 29200 | score  195.61 | avg100  164.00 | grasp100  82.0% | best 0.875 |     28 st/s
    done(50): success=41 t_flicker=8 t_no_reach=1
Ep 29250 | score  187.54 | avg100  172.31 | grasp100  86.0% | best 0.875 |     28 st/s
    done(50): success=45 t_flicker=4 t_touched=1
Ep 29300 | score  181.35 | avg100  179.11 | grasp100  89.0% | best 0.875 |     28 st/s
    done(50): success=44 t_flicker=6
Ep 29337 | * BEST  level200=2.00 grasp200= 89.0% metric=0.890 | score  191.92
Ep 29350 | score  -19.33 | avg100  180.46 | grasp100  89.0% | best 0.890 |     28 st/s
    done(50): success=45 t_flicker=4 t_touched=1
Ep 29400 | score  201.92 | avg100  175.25 | grasp100  86.0% | best 0.890 |     28 st/s
    done(50): success=41 t_flicker=5 t_touched=3 t_no_reach=1
Ep 29450 | score  204.02 | avg100  170.34 | grasp100  84.0% | best 0.890 |     28 st/s
    done(50): success=43 t_flicker=6 t_touched=1
Ep 29500 | score  175.66 | avg100  172.45 | grasp100  86.0% | best 0.890 |     28 st/s
    done(50): success=43 t_flicker=6 t_touched=1
Ep 29550 | score  202.01 | avg100  174.15 | grasp100  88.0% | best 0.890 |     27 st/s
    done(50): success=45 t_flicker=3 t_touched=2
Ep 29600 | score  213.85 | avg100  176.21 | grasp100  90.0% | best 0.890 |     27 st/s
    done(50): success=45 t_flicker=3 t_touched=1 t_no_reach=1
Ep 29647 | * BEST  level200=2.00 grasp200= 90.5% metric=0.905 | score  163.75
Ep 29650 | score   -1.15 | avg100  175.78 | grasp100  90.0% | best 0.905 |     27 st/s
    done(50): success=45 t_flicker=2 t_touched=1 t_no_reach=2
  [primacy-bias reset of critic heads @ 450000 updates]
Ep 29700 | score  -26.76 | avg100  104.52 | grasp100  55.0% | best 0.905 |     28 st/s
    done(50): success=10 t_flicker=11 t_touched=3 t_no_reach=26
Ep 29750 | score  -12.63 | avg100   17.75 | grasp100  10.0% | best 0.905 |     28 st/s
    done(50): t_flicker=16 t_touched=3 t_no_reach=31
Ep 29800 | score  180.53 | avg100   28.39 | grasp100  13.0% | best 0.905 |     28 st/s
    done(50): success=13 t_flicker=16 t_touched=8 t_no_reach=13
Ep 29850 | score  186.96 | avg100   79.67 | grasp100  36.0% | best 0.905 |     28 st/s
    done(50): success=23 t_flicker=15 t_touched=4 t_no_reach=8
Ep 29900 | score  121.11 | avg100  113.79 | grasp100  53.0% | best 0.905 |     28 st/s
    done(50): success=30 t_flicker=11 t_touched=4 t_no_reach=5
Ep 29950 | score  179.14 | avg100  132.51 | grasp100  62.0% | best 0.905 |     28 st/s
    done(50): success=32 t_flicker=16 t_touched=1 t_no_reach=1
Ep 30000 | score  192.39 | avg100  131.88 | grasp100  60.0% | best 0.905 |     28 st/s
    done(50): success=28 t_flicker=16 t_touched=3 t_no_reach=3
Ep 30050 | score   80.51 | avg100  135.80 | grasp100  64.0% | best 0.905 |     28 st/s
    done(50): success=36 t_flicker=9 t_touched=5
Ep 30100 | score  171.90 | avg100  159.67 | grasp100  80.0% | best 0.905 |     28 st/s
    done(50): success=44 t_flicker=6
Ep 30150 | score  182.44 | avg100  162.63 | grasp100  80.0% | best 0.905 |     28 st/s
    done(50): success=36 t_flicker=13 t_touched=1
Ep 30200 | score  185.48 | avg100  155.89 | grasp100  75.0% | best 0.905 |     28 st/s
    done(50): success=39 t_flicker=9 t_touched=2
Ep 30250 | score  282.99 | avg100  166.81 | grasp100  83.0% | best 0.905 |     28 st/s
    done(50): success=44 t_flicker=6
Ep 30300 | score  100.53 | avg100  169.16 | grasp100  85.0% | best 0.905 |     28 st/s
    done(50): success=41 t_flicker=6 t_touched=2 t_no_reach=1
Ep 30350 | score  203.57 | avg100  169.16 | grasp100  84.0% | best 0.905 |     28 st/s
    done(50): success=43 t_flicker=6 t_touched=1
Ep 30400 | score   44.47 | avg100  171.86 | grasp100  83.0% | best 0.905 |     28 st/s
    done(50): success=40 t_flicker=8 t_touched=1 t_no_reach=1
Ep 30450 | score  252.41 | avg100  162.35 | grasp100  77.0% | best 0.905 |     28 st/s
    done(50): success=37 t_flicker=9 t_touched=2 t_no_reach=2
Ep 30500 | score  191.23 | avg100  159.80 | grasp100  77.0% | best 0.905 |     28 st/s
    done(50): success=40 t_flicker=9 t_touched=1
Ep 30550 | score  199.35 | avg100  163.08 | grasp100  80.0% | best 0.905 |     27 st/s
    done(50): success=40 t_flicker=9 t_no_reach=1
Ep 30600 | score  226.52 | avg100  168.59 | grasp100  83.0% | best 0.905 |     27 st/s
    done(50): success=43 t_flicker=4 t_touched=1 t_no_reach=2
Ep 30650 | score   59.55 | avg100  167.38 | grasp100  83.0% | best 0.905 |     28 st/s
    done(50): success=40 t_flicker=8 t_no_reach=2
Ep 30700 | score  202.62 | avg100  165.75 | grasp100  83.0% | best 0.905 |     27 st/s
    done(50): success=43 t_flicker=5 t_touched=1 t_no_reach=1
Ep 30750 | score  158.93 | avg100  173.72 | grasp100  86.0% | best 0.905 |     27 st/s
    done(50): success=43 t_flicker=6 t_touched=1
Ep 30800 | score  207.09 | avg100  172.50 | grasp100  84.0% | best 0.905 |     28 st/s
    done(50): success=41 t_flicker=7 t_touched=2
Ep 30850 | score  196.09 | avg100  168.69 | grasp100  82.0% | best 0.905 |     28 st/s
    done(50): success=41 t_flicker=8 t_no_reach=1
Ep 30900 | score  185.61 | avg100  167.58 | grasp100  83.0% | best 0.905 |     28 st/s
    done(50): success=42 t_flicker=6 t_touched=2
Ep 30950 | score  177.44 | avg100  164.81 | grasp100  84.0% | best 0.905 |     27 st/s
    done(50): success=42 t_flicker=3 t_touched=1 t_no_reach=4
Ep 31000 | score  182.93 | avg100  162.67 | grasp100  83.0% | best 0.905 |     28 st/s
    done(50): success=41 t_flicker=4 t_touched=2 t_no_reach=3
Ep 31050 | score  203.28 | avg100  171.50 | grasp100  87.0% | best 0.905 |     27 st/s
    done(50): success=46 t_flicker=4
Ep 31100 | score  172.58 | avg100  167.13 | grasp100  84.0% | best 0.905 |     27 st/s
    done(50): success=38 t_flicker=9 t_touched=3
Ep 31150 | score  185.48 | avg100  162.30 | grasp100  82.0% | best 0.905 |     27 st/s
    done(50): success=44 t_flicker=4 t_touched=1 t_no_reach=1
Ep 31200 | score  191.53 | avg100  169.64 | grasp100  86.0% | best 0.905 |     27 st/s
    done(50): success=42 t_flicker=5 t_touched=2 t_no_reach=1
Ep 31250 | score  190.22 | avg100  163.96 | grasp100  84.0% | best 0.905 |     27 st/s
    done(50): success=42 t_flicker=5 t_touched=1 t_no_reach=2
Ep 31300 | score  189.00 | avg100  168.08 | grasp100  86.0% | best 0.905 |     27 st/s
    done(50): success=44 t_flicker=4 t_touched=1 t_no_reach=1
Ep 31350 | score  157.17 | avg100  171.96 | grasp100  85.0% | best 0.905 |     27 st/s
    done(50): success=41 t_flicker=9
Ep 31400 | score  221.40 | avg100  168.14 | grasp100  83.0% | best 0.905 |     27 st/s
    done(50): success=42 t_flicker=8
  [primacy-bias reset of critic heads @ 475000 updates]
Ep 31450 | score  -25.71 | avg100  120.70 | grasp100  62.0% | best 0.905 |     27 st/s
    done(50): success=20 t_flicker=6 t_touched=6 t_no_reach=18
Ep 31500 | score  -27.96 | avg100   26.27 | grasp100  20.0% | best 0.905 |     28 st/s
    done(50): t_flicker=1 t_touched=3 t_no_reach=46
Ep 31550 | score   -0.72 | avg100    2.38 | grasp100   9.0% | best 0.905 |     27 st/s
    done(50): success=9 t_touched=8 t_no_reach=33
Ep 31600 | score    9.77 | avg100   56.90 | grasp100  29.0% | best 0.905 |     27 st/s
    done(50): success=20 t_flicker=13 t_touched=7 t_no_reach=10
Ep 31650 | score  203.46 | avg100  100.97 | grasp100  46.0% | best 0.905 |     28 st/s
    done(50): success=26 t_flicker=15 t_touched=5 t_no_reach=4
Ep 31700 | score   96.64 | avg100  118.96 | grasp100  55.0% | best 0.905 |     28 st/s
    done(50): success=29 t_flicker=16 t_touched=4 t_no_reach=1
Ep 31750 | score  172.17 | avg100  127.74 | grasp100  58.0% | best 0.905 |     28 st/s
    done(50): success=29 t_flicker=14 t_touched=5 t_no_reach=2
Ep 31800 | score  192.84 | avg100  143.77 | grasp100  68.0% | best 0.905 |     28 st/s
    done(50): success=39 t_flicker=6 t_touched=3 t_no_reach=2
Ep 31850 | score  200.07 | avg100  154.79 | grasp100  77.0% | best 0.905 |     28 st/s
    done(50): success=38 t_flicker=8 t_touched=2 t_no_reach=2
Ep 31900 | score  194.80 | avg100  157.27 | grasp100  75.0% | best 0.905 |     28 st/s
    done(50): success=37 t_flicker=10 t_touched=2 t_no_reach=1
Ep 31950 | score  205.55 | avg100  166.65 | grasp100  80.0% | best 0.905 |     28 st/s
    done(50): success=43 t_flicker=7
Ep 32000 | score   22.73 | avg100  166.76 | grasp100  82.0% | best 0.905 |     28 st/s
    done(50): success=39 t_flicker=7 t_touched=4
Ep 32050 | score  130.83 | avg100  166.00 | grasp100  79.0% | best 0.905 |     27 st/s
    done(50): success=40 t_flicker=10
Ep 32100 | score  245.63 | avg100  172.09 | grasp100  83.0% | best 0.905 |     27 st/s
    done(50): success=43 t_flicker=5 t_touched=2
Ep 32150 | score   59.77 | avg100  171.02 | grasp100  84.0% | best 0.905 |     27 st/s
    done(50): success=41 t_flicker=5 t_touched=4
Ep 32200 | score  181.68 | avg100  170.22 | grasp100  85.0% | best 0.905 |     27 st/s
    done(50): success=44 t_flicker=4 t_touched=2
Ep 32250 | score  142.54 | avg100  174.13 | grasp100  87.0% | best 0.905 |     27 st/s
    done(50): success=43 t_flicker=6 t_no_reach=1
Ep 32300 | score  195.50 | avg100  175.84 | grasp100  87.0% | best 0.905 |     27 st/s
    done(50): success=44 t_flicker=6
Ep 32350 | score   55.12 | avg100  171.35 | grasp100  86.0% | best 0.905 |     27 st/s
    done(50): success=42 t_flicker=6 t_touched=2
Ep 32400 | score  207.01 | avg100  171.18 | grasp100  86.0% | best 0.905 |     27 st/s
    done(50): success=44 t_flicker=3 t_touched=2 t_no_reach=1
Ep 32450 | score  189.66 | avg100  175.36 | grasp100  88.0% | best 0.905 |     27 st/s
    done(50): success=44 t_flicker=4 t_no_reach=2
Ep 32500 | score  197.80 | avg100  173.68 | grasp100  87.0% | best 0.905 |     27 st/s
    done(50): success=43 t_flicker=6 t_touched=1
Ep 32550 | score  191.77 | avg100  171.09 | grasp100  85.0% | best 0.905 |     27 st/s
    done(50): success=42 t_flicker=8
Ep 32600 | score   58.12 | avg100  178.28 | grasp100  87.0% | best 0.905 |     27 st/s
    done(50): success=45 t_flicker=5
Ep 32650 | score  202.20 | avg100  182.05 | grasp100  89.0% | best 0.905 |     27 st/s
    done(50): success=44 t_flicker=3 t_touched=1 t_no_reach=2
Ep 32700 | score  189.92 | avg100  175.19 | grasp100  85.0% | best 0.905 |     27 st/s
    done(50): success=41 t_flicker=8 t_touched=1
Ep 32750 | score  201.89 | avg100  176.44 | grasp100  86.0% | best 0.905 |     27 st/s
    done(50): success=45 t_flicker=5
Ep 32800 | score  191.49 | avg100  176.17 | grasp100  86.0% | best 0.905 |     27 st/s
    done(50): success=41 t_flicker=9
Ep 32850 | score  181.75 | avg100  174.40 | grasp100  86.0% | best 0.905 |     27 st/s
    done(50): success=45 t_flicker=3 t_touched=1 t_no_reach=1
Ep 32900 | score  203.33 | avg100  176.62 | grasp100  89.0% | best 0.905 |     27 st/s
    done(50): success=44 t_flicker=4 t_touched=1 t_no_reach=1
Ep 32950 | score  201.22 | avg100  176.11 | grasp100  89.0% | best 0.905 |     27 st/s
    done(50): success=45 t_flicker=4 t_no_reach=1
Ep 33000 | score  180.43 | avg100  169.07 | grasp100  86.0% | best 0.905 |     27 st/s
    done(50): success=41 t_flicker=7 t_touched=1 t_no_reach=1
Ep 33050 | score   56.57 | avg100  162.50 | grasp100  81.0% | best 0.905 |     27 st/s
    done(50): success=40 t_flicker=7 t_touched=1 t_no_reach=2
Ep 33100 | score  170.90 | avg100  169.28 | grasp100  84.0% | best 0.905 |     27 st/s
    done(50): success=44 t_flicker=5 t_touched=1
Ep 33150 | score  201.42 | avg100  171.06 | grasp100  84.0% | best 0.905 |     27 st/s
    done(50): success=40 t_flicker=9 t_touched=1
Ep 33200 | score  196.00 | avg100  165.39 | grasp100  81.0% | best 0.905 |     27 st/s
    done(50): success=41 t_flicker=8 t_touched=1
  [primacy-bias reset of critic heads @ 500000 updates]
Ep 33250 | score  -27.76 | avg100  114.08 | grasp100  60.0% | best 0.905 |     27 st/s
    done(50): success=19 t_flicker=1 t_touched=1 t_no_reach=29
Ep 33300 | score  -27.97 | avg100   18.19 | grasp100  19.0% | best 0.905 |     27 st/s
    done(50): t_no_reach=50
Ep 33350 | score  -26.60 | avg100  -21.61 | grasp100   0.0% | best 0.905 |     27 st/s
    done(50): t_flicker=6 t_touched=2 t_no_reach=42
Ep 33400 | score  -15.36 | avg100   26.44 | grasp100  15.0% | best 0.905 |     27 st/s
    done(50): success=15 t_flicker=15 t_touched=7 t_no_reach=13
Ep 33450 | score  103.95 | avg100   91.15 | grasp100  41.0% | best 0.905 |     27 st/s
    done(50): success=26 t_flicker=16 t_touched=5 t_no_reach=3
Ep 33500 | score  218.80 | avg100  127.22 | grasp100  60.0% | best 0.905 |     27 st/s
    done(50): success=34 t_flicker=12 t_touched=4
Ep 33550 | score  189.81 | avg100  141.96 | grasp100  68.0% | best 0.905 |     27 st/s
    done(50): success=34 t_flicker=9 t_touched=5 t_no_reach=2
Ep 33600 | score  185.47 | avg100  139.98 | grasp100  64.0% | best 0.905 |     27 st/s
    done(50): success=30 t_flicker=14 t_touched=4 t_no_reach=2
Ep 33650 | score  202.32 | avg100  151.09 | grasp100  71.0% | best 0.905 |     27 st/s
    done(50): success=41 t_flicker=9
Ep 33700 | score  191.17 | avg100  164.13 | grasp100  81.0% | best 0.905 |     27 st/s
    done(50): success=40 t_flicker=7 t_touched=3
Ep 33750 | score  171.34 | avg100  174.78 | grasp100  87.0% | best 0.905 |     27 st/s
    done(50): success=47 t_flicker=3
Ep 33800 | score  194.10 | avg100  167.62 | grasp100  82.0% | best 0.905 |     27 st/s
    done(50): success=35 t_flicker=7 t_touched=6 t_no_reach=2
Ep 33850 | score  194.24 | avg100  161.27 | grasp100  78.0% | best 0.905 |     27 st/s
    done(50): success=43 t_flicker=5 t_touched=2
Ep 33900 | score  177.81 | avg100  175.31 | grasp100  87.0% | best 0.905 |     27 st/s
    done(50): success=44 t_flicker=5 t_no_reach=1
Ep 33950 | score  182.84 | avg100  169.71 | grasp100  83.0% | best 0.905 |     27 st/s
    done(50): success=39 t_flicker=8 t_touched=2 t_no_reach=1
Ep 34000 | score  192.62 | avg100  161.92 | grasp100  78.0% | best 0.905 |     27 st/s
    done(50): success=39 t_flicker=6 t_touched=4 t_no_reach=1
Ep 34050 | score   59.37 | avg100  155.40 | grasp100  75.0% | best 0.905 |     27 st/s
    done(50): success=36 t_flicker=8 t_touched=3 t_no_reach=3
Ep 34100 | score  199.85 | avg100  159.95 | grasp100  80.0% | best 0.905 |     27 st/s
    done(50): success=44 t_flicker=1 t_touched=5
Ep 34150 | score  201.58 | avg100  167.58 | grasp100  83.0% | best 0.905 |     27 st/s
    done(50): success=39 t_flicker=9 t_touched=1 t_no_reach=1
Ep 34200 | score  190.29 | avg100  164.76 | grasp100  79.0% | best 0.905 |     27 st/s
    done(50): success=40 t_flicker=7 t_touched=1 t_no_reach=2
Ep 34250 | score  195.49 | avg100  171.87 | grasp100  84.0% | best 0.905 |     27 st/s
    done(50): success=44 t_flicker=5 t_touched=1
Ep 34300 | score  237.10 | avg100  177.13 | grasp100  88.0% | best 0.905 |     27 st/s
    done(50): success=44 t_flicker=3 t_touched=2 t_no_reach=1
Ep 34350 | score  199.98 | avg100  178.75 | grasp100  90.0% | best 0.905 |     27 st/s
    done(50): success=46 t_flicker=2 t_touched=2
Ep 34400 | score   57.53 | avg100  181.17 | grasp100  91.0% | best 0.905 |     27 st/s
    done(50): success=45 t_flicker=5
Ep 34450 | score  169.37 | avg100  177.62 | grasp100  91.0% | best 0.905 |     27 st/s
    done(50): success=46 t_touched=1 t_no_reach=3
Ep 34479 | * BEST  level200=2.00 grasp200= 92.0% metric=0.920 | score  191.27
Ep 34500 | score  178.90 | avg100  177.91 | grasp100  92.0% | best 0.920 |     27 st/s
    done(50): success=46 t_flicker=3 t_no_reach=1
Ep 34550 | score   26.83 | avg100  168.37 | grasp100  85.0% | best 0.920 |     27 st/s
    done(50): success=39 t_flicker=10 t_touched=1
Ep 34600 | score   85.32 | avg100  165.34 | grasp100  81.0% | best 0.920 |     27 st/s
    done(50): success=42 t_flicker=7 t_touched=1
Ep 34650 | score  193.81 | avg100  175.99 | grasp100  85.0% | best 0.920 |     27 st/s
    done(50): success=43 t_flicker=5 t_touched=2
Ep 34700 | score  185.25 | avg100  173.07 | grasp100  84.0% | best 0.920 |     27 st/s
    done(50): success=41 t_flicker=8 t_touched=1
Ep 34750 | score  221.33 | avg100  174.45 | grasp100  86.0% | best 0.920 |     27 st/s
    done(50): success=45 t_flicker=3 t_touched=2
Ep 34800 | score  171.87 | avg100  171.69 | grasp100  86.0% | best 0.920 |     27 st/s
    done(50): success=41 t_flicker=6 t_touched=2 t_no_reach=1
Ep 34850 | score  199.18 | avg100  169.85 | grasp100  86.0% | best 0.920 |     27 st/s
    done(50): success=45 t_flicker=3 t_touched=1 t_no_reach=1
Ep 34900 | score  208.29 | avg100  177.79 | grasp100  89.0% | best 0.920 |     27 st/s
    done(50): success=44 t_flicker=6
Ep 34950 | score  189.50 | avg100  172.84 | grasp100  87.0% | best 0.920 |     27 st/s
    done(50): success=43 t_flicker=5 t_no_reach=2
  [primacy-bias reset of critic heads @ 525000 updates]
Ep 35000 | score  -27.42 | avg100  111.42 | grasp100  61.0% | best 0.920 |     27 st/s
    done(50): success=18 t_flicker=1 t_no_reach=31
Ep 35050 | score   -6.41 | avg100   20.50 | grasp100  18.0% | best 0.920 |     27 st/s
    done(50): t_flicker=2 t_touched=7 t_no_reach=41
Ep 35100 | score  202.66 | avg100   22.46 | grasp100  15.0% | best 0.920 |     27 st/s
    done(50): success=15 t_flicker=11 t_touched=6 t_no_reach=18
Ep 35150 | score   -3.08 | avg100   73.07 | grasp100  35.0% | best 0.920 |     27 st/s
    done(50): success=20 t_flicker=14 t_touched=6 t_no_reach=10
Ep 35200 | score  171.67 | avg100   85.56 | grasp100  37.0% | best 0.920 |     27 st/s
    done(50): success=17 t_flicker=19 t_touched=7 t_no_reach=7
Ep 35250 | score  161.26 | avg100  108.49 | grasp100  48.0% | best 0.920 |     27 st/s
    done(50): success=31 t_flicker=11 t_touched=3 t_no_reach=5
Ep 35300 | score   56.28 | avg100  141.52 | grasp100  69.0% | best 0.920 |     27 st/s
    done(50): success=38 t_flicker=6 t_touched=5 t_no_reach=1
Ep 35350 | score  203.05 | avg100  144.79 | grasp100  70.0% | best 0.920 |     27 st/s
    done(50): success=32 t_flicker=15 t_touched=2 t_no_reach=1
Ep 35400 | score  242.20 | avg100  150.78 | grasp100  73.0% | best 0.920 |     27 st/s
    done(50): success=41 t_flicker=7 t_no_reach=2
Ep 35450 | score   24.23 | avg100  152.16 | grasp100  73.0% | best 0.920 |     27 st/s
    done(50): success=32 t_flicker=16 t_touched=2
Ep 35500 | score  182.66 | avg100  148.28 | grasp100  70.0% | best 0.920 |     27 st/s
    done(50): success=38 t_flicker=11 t_touched=1
Ep 35550 | score  200.05 | avg100  158.34 | grasp100  78.0% | best 0.920 |     27 st/s
    done(50): success=40 t_flicker=8 t_touched=2
Ep 35600 | score  174.13 | avg100  170.02 | grasp100  84.0% | best 0.920 |     27 st/s
    done(50): success=44 t_flicker=5 t_no_reach=1
Ep 35650 | score  194.27 | avg100  182.54 | grasp100  91.0% | best 0.920 |     27 st/s
    done(50): success=47 t_flicker=2 t_no_reach=1
Ep 35700 | score  178.46 | avg100  178.81 | grasp100  90.0% | best 0.920 |     27 st/s
    done(50): success=43 t_flicker=6 t_touched=1
Ep 35750 | score  196.58 | avg100  176.68 | grasp100  88.0% | best 0.920 |     27 st/s
    done(50): success=45 t_flicker=3 t_touched=2
Ep 35800 | score  236.93 | avg100  173.72 | grasp100  84.0% | best 0.920 |     27 st/s
    done(50): success=39 t_flicker=8 t_touched=3
Ep 35850 | score  201.86 | avg100  173.96 | grasp100  84.0% | best 0.920 |     27 st/s
    done(50): success=45 t_flicker=5
Ep 35900 | score  200.07 | avg100  179.80 | grasp100  89.0% | best 0.920 |     27 st/s
    done(50): success=44 t_flicker=5 t_touched=1
Ep 35950 | score  170.09 | avg100  178.84 | grasp100  89.0% | best 0.920 |     27 st/s
    done(50): success=45 t_flicker=3 t_touched=2
Ep 36000 | score  184.58 | avg100  175.49 | grasp100  86.0% | best 0.920 |     27 st/s
    done(50): success=41 t_flicker=9
Ep 36050 | score   78.13 | avg100  170.98 | grasp100  83.0% | best 0.920 |     27 st/s
    done(50): success=42 t_flicker=8
Ep 36100 | score  204.72 | avg100  170.76 | grasp100  83.0% | best 0.920 |     27 st/s
    done(50): success=41 t_flicker=7 t_touched=1 t_no_reach=1
Ep 36150 | score  189.10 | avg100  171.85 | grasp100  86.0% | best 0.920 |     27 st/s
    done(50): success=45 t_flicker=3 t_touched=1 t_no_reach=1
Ep 36200 | score  203.59 | avg100  181.58 | grasp100  92.0% | best 0.920 |     27 st/s
    done(50): success=47 t_flicker=2 t_no_reach=1
Ep 36250 | score   56.43 | avg100  181.90 | grasp100  91.0% | best 0.920 |     27 st/s
    done(50): success=44 t_flicker=5 t_no_reach=1
Ep 36300 | score  193.25 | avg100  182.08 | grasp100  92.0% | best 0.920 |     27 st/s
    done(50): success=48 t_flicker=2
Ep 36350 | score  202.74 | avg100  181.48 | grasp100  92.0% | best 0.920 |     27 st/s
    done(50): success=44 t_flicker=5 t_touched=1
Ep 36400 | score  185.49 | avg100  172.58 | grasp100  87.0% | best 0.920 |     27 st/s
    done(50): success=43 t_flicker=7
Ep 36450 | score  186.61 | avg100  176.13 | grasp100  88.0% | best 0.920 |     27 st/s
    done(50): success=45 t_flicker=4 t_no_reach=1
Ep 36500 | score  176.82 | avg100  179.47 | grasp100  90.0% | best 0.920 |     27 st/s
    done(50): success=45 t_flicker=4 t_touched=1
Ep 36550 | score  207.83 | avg100  177.54 | grasp100  89.0% | best 0.920 |     27 st/s
    done(50): success=44 t_flicker=3 t_touched=1 t_no_reach=2
Ep 36600 | score  194.27 | avg100  172.08 | grasp100  85.0% | best 0.920 |     27 st/s
    done(50): success=41 t_flicker=8 t_no_reach=1
Ep 36650 | score  211.27 | avg100  172.46 | grasp100  85.0% | best 0.920 |     27 st/s
    done(50): success=44 t_flicker=4 t_touched=1 t_no_reach=1
Ep 36700 | score  188.48 | avg100  176.91 | grasp100  89.0% | best 0.920 |     27 st/s
    done(50): success=45 t_flicker=4 t_no_reach=1
  [primacy-bias reset of critic heads @ 550000 updates]
Ep 36750 | score  -13.35 | avg100  152.12 | grasp100  78.0% | best 0.920 |     27 st/s
    done(50): success=33 t_flicker=3 t_no_reach=14
Ep 36800 | score  -27.95 | avg100   50.75 | grasp100  33.0% | best 0.920 |     27 st/s
    done(50): t_no_reach=50
Ep 36850 | score   -6.63 | avg100  -23.36 | grasp100   0.0% | best 0.920 |     27 st/s
    done(50): t_flicker=2 t_touched=3 t_no_reach=45
Ep 36900 | score   74.33 | avg100   13.56 | grasp100  10.0% | best 0.920 |     27 st/s
    done(50): success=10 t_flicker=17 t_touched=4 t_no_reach=19
Ep 36950 | score  166.25 | avg100   75.79 | grasp100  34.0% | best 0.920 |     27 st/s
    done(50): success=24 t_flicker=16 t_touched=5 t_no_reach=5
Ep 37000 | score  195.36 | avg100  119.40 | grasp100  56.0% | best 0.920 |     27 st/s
    done(50): success=32 t_flicker=10 t_touched=3 t_no_reach=5
Ep 37050 | score   54.62 | avg100  144.85 | grasp100  69.0% | best 0.920 |     27 st/s
    done(50): success=37 t_flicker=10 t_touched=3
Ep 37100 | score  192.82 | avg100  155.27 | grasp100  75.0% | best 0.920 |     27 st/s
    done(50): success=38 t_flicker=9 t_touched=3
Ep 37150 | score  183.09 | avg100  162.08 | grasp100  79.0% | best 0.920 |     27 st/s
    done(50): success=41 t_flicker=8 t_touched=1
Ep 37200 | score  185.40 | avg100  166.01 | grasp100  81.0% | best 0.920 |     27 st/s
    done(50): success=40 t_flicker=6 t_touched=3 t_no_reach=1
Ep 37250 | score  165.85 | avg100  158.17 | grasp100  76.0% | best 0.920 |     27 st/s
    done(50): success=36 t_flicker=14
Ep 37300 | score  174.20 | avg100  158.78 | grasp100  78.0% | best 0.920 |     27 st/s
    done(50): success=42 t_flicker=5 t_touched=2 t_no_reach=1
Ep 37350 | score  148.56 | avg100  165.58 | grasp100  84.0% | best 0.920 |     27 st/s
    done(50): success=42 t_flicker=8
Ep 37400 | score  190.21 | avg100  170.63 | grasp100  85.0% | best 0.920 |     27 st/s
    done(50): success=43 t_flicker=6 t_touched=1
Ep 37450 | score  205.25 | avg100  174.73 | grasp100  86.0% | best 0.920 |     27 st/s
    done(50): success=43 t_flicker=6 t_touched=1
Ep 37500 | score  191.57 | avg100  174.12 | grasp100  85.0% | best 0.920 |     27 st/s
    done(50): success=42 t_flicker=6 t_touched=2
Ep 37550 | score  212.03 | avg100  176.06 | grasp100  86.0% | best 0.920 |     27 st/s
    done(50): success=44 t_flicker=4 t_no_reach=2
Ep 37600 | score  187.94 | avg100  178.28 | grasp100  90.0% | best 0.920 |     27 st/s
    done(50): success=46 t_flicker=3 t_no_reach=1
Ep 37650 | score  196.42 | avg100  177.82 | grasp100  90.0% | best 0.920 |     27 st/s
    done(50): success=44 t_flicker=6
Ep 37700 | score  194.54 | avg100  173.35 | grasp100  85.0% | best 0.920 |     27 st/s
    done(50): success=41 t_flicker=8 t_no_reach=1
Ep 37750 | score  243.31 | avg100  174.97 | grasp100  86.0% | best 0.920 |     27 st/s
    done(50): success=45 t_flicker=4 t_no_reach=1
Ep 37800 | score  204.75 | avg100  183.23 | grasp100  92.0% | best 0.920 |     27 st/s
    done(50): success=47 t_flicker=1 t_touched=2
Ep 37850 | score  197.89 | avg100  183.10 | grasp100  93.0% | best 0.920 |     27 st/s
    done(50): success=46 t_flicker=4
Ep 37900 | score  184.50 | avg100  180.76 | grasp100  92.0% | best 0.920 |     27 st/s
    done(50): success=46 t_flicker=3 t_touched=1
Ep 37950 | score  198.99 | avg100  182.35 | grasp100  91.0% | best 0.920 |     27 st/s
    done(50): success=45 t_flicker=4 t_touched=1
Ep 38000 | score  194.72 | avg100  185.93 | grasp100  91.0% | best 0.920 |     27 st/s
    done(50): success=46 t_flicker=4
Ep 38050 | score  173.57 | avg100  180.51 | grasp100  87.0% | best 0.920 |     27 st/s
    done(50): success=41 t_flicker=7 t_no_reach=2
Ep 38100 | score  198.80 | avg100  180.61 | grasp100  89.0% | best 0.920 |     27 st/s
    done(50): success=48 t_flicker=2
Ep 38150 | score  195.52 | avg100  180.98 | grasp100  92.0% | best 0.920 |     27 st/s
    done(50): success=44 t_flicker=4 t_touched=2
Ep 38200 | score  205.23 | avg100  180.45 | grasp100  91.0% | best 0.920 |     27 st/s
    done(50): success=47 t_flicker=2 t_touched=1
Ep 38250 | score  181.80 | avg100  183.58 | grasp100  91.0% | best 0.920 |     27 st/s
    done(50): success=44 t_flicker=5 t_touched=1
Ep 38300 | score  199.34 | avg100  179.55 | grasp100  89.0% | best 0.920 |     27 st/s
    done(50): success=45 t_flicker=4 t_touched=1
Ep 38350 | score  205.25 | avg100  179.71 | grasp100  90.0% | best 0.920 |     27 st/s
    done(50): success=45 t_flicker=4 t_no_reach=1
Ep 38400 | score  213.11 | avg100  175.84 | grasp100  88.0% | best 0.920 |     27 st/s
    done(50): success=43 t_flicker=4 t_touched=2 t_no_reach=1
Ep 38450 | score  201.24 | avg100  179.04 | grasp100  90.0% | best 0.920 |     27 st/s
    done(50): success=47 t_flicker=3
Ep 38500 | score  200.75 | avg100  184.08 | grasp100  92.0% | best 0.920 |     27 st/s
    done(50): success=45 t_flicker=5
Ep 38550 | score  193.56 | avg100  175.26 | grasp100  87.0% | best 0.920 |     27 st/s
    done(50): success=42 t_flicker=8
  [primacy-bias reset of critic heads @ 575000 updates]
Ep 38600 | score  169.13 | avg100  129.14 | grasp100  64.0% | best 0.920 |     27 st/s
    done(50): success=22 t_flicker=9 t_touched=2 t_no_reach=17
Ep 38650 | score   -0.18 | avg100   49.34 | grasp100  27.0% | best 0.920 |     27 st/s
    done(50): success=5 t_flicker=3 t_touched=4 t_no_reach=38
Ep 38700 | score   33.08 | avg100   47.23 | grasp100  26.0% | best 0.920 |     27 st/s
    done(50): success=21 t_flicker=14 t_touched=4 t_no_reach=11
Ep 38750 | score   -5.33 | avg100   98.38 | grasp100  48.0% | best 0.920 |     27 st/s
    done(50): success=27 t_flicker=13 t_touched=5 t_no_reach=5
Ep 38800 | score  193.41 | avg100  119.14 | grasp100  58.0% | best 0.920 |     27 st/s
    done(50): success=31 t_flicker=10 t_touched=7 t_no_reach=2
Ep 38850 | score  199.15 | avg100  130.33 | grasp100  63.0% | best 0.920 |     27 st/s
    done(50): success=32 t_flicker=12 t_touched=4 t_no_reach=2
Ep 38900 | score  201.69 | avg100  140.65 | grasp100  67.0% | best 0.920 |     27 st/s
    done(50): success=35 t_flicker=8 t_touched=3 t_no_reach=4
Ep 38950 | score  182.62 | avg100  147.08 | grasp100  69.0% | best 0.920 |     27 st/s
    done(50): success=34 t_flicker=14 t_no_reach=2
Ep 39000 | score  204.18 | avg100  154.36 | grasp100  74.0% | best 0.920 |     27 st/s
    done(50): success=40 t_flicker=9 t_touched=1
Ep 39050 | score  191.41 | avg100  169.39 | grasp100  83.0% | best 0.920 |     27 st/s
    done(50): success=43 t_flicker=6 t_touched=1
Ep 39100 | score  222.30 | avg100  175.73 | grasp100  87.0% | best 0.920 |     27 st/s
    done(50): success=44 t_flicker=4 t_touched=2
Ep 39150 | score   45.83 | avg100  175.00 | grasp100  89.0% | best 0.920 |     27 st/s
    done(50): success=45 t_flicker=3 t_touched=2
Ep 39200 | score  216.13 | avg100  175.44 | grasp100  88.0% | best 0.920 |     27 st/s
    done(50): success=43 t_flicker=6 t_no_reach=1
Ep 39250 | score   32.86 | avg100  177.95 | grasp100  85.0% | best 0.920 |     27 st/s
    done(50): success=42 t_flicker=7 t_touched=1
Ep 39300 | score  170.81 | avg100  175.49 | grasp100  83.0% | best 0.920 |     27 st/s
    done(50): success=41 t_flicker=6 t_touched=2 t_no_reach=1
Ep 39350 | score  204.28 | avg100  172.74 | grasp100  83.0% | best 0.920 |     27 st/s
    done(50): success=42 t_flicker=7 t_touched=1
Ep 39400 | score  195.81 | avg100  176.30 | grasp100  86.0% | best 0.920 |     27 st/s
    done(50): success=44 t_flicker=4 t_touched=1 t_no_reach=1
Ep 39450 | score  196.05 | avg100  180.46 | grasp100  89.0% | best 0.920 |     27 st/s
    done(50): success=45 t_flicker=4 t_no_reach=1
Ep 39500 | score  192.36 | avg100  181.32 | grasp100  90.0% | best 0.920 |     27 st/s
    done(50): success=45 t_flicker=3 t_touched=2
Ep 39550 | score  200.36 | avg100  183.42 | grasp100  91.0% | best 0.920 |     27 st/s
    done(50): success=46 t_flicker=3 t_touched=1
Ep 39600 | score  207.96 | avg100  189.94 | grasp100  94.0% | best 0.920 |     27 st/s
    done(50): success=48 t_flicker=2
Ep 39633 | * BEST  level200=2.00 grasp200= 93.5% metric=0.935 | score  205.21
Ep 39650 | score  180.99 | avg100  193.39 | grasp100  96.0% | best 0.935 |     27 st/s
    done(50): success=48 t_flicker=2
Ep 39675 | * BEST  level200=2.00 grasp200= 95.0% metric=0.950 | score  200.04
Ep 39700 | score  213.70 | avg100  188.63 | grasp100  94.0% | best 0.950 |     27 st/s
    done(50): success=46 t_flicker=3 t_no_reach=1
Ep 39750 | score  153.31 | avg100  180.62 | grasp100  91.0% | best 0.950 |     27 st/s
    done(50): success=45 t_flicker=3 t_touched=1 t_no_reach=1
Ep 39800 | score  191.76 | avg100  177.13 | grasp100  89.0% | best 0.950 |     27 st/s
    done(50): success=44 t_flicker=4 t_touched=1 t_no_reach=1
Ep 39850 | score  189.68 | avg100  184.39 | grasp100  92.0% | best 0.950 |     27 st/s
    done(50): success=48 t_flicker=2
Ep 39900 | score  197.97 | avg100  185.01 | grasp100  92.0% | best 0.950 |     27 st/s
    done(50): success=44 t_flicker=5 t_no_reach=1
Ep 39950 | score  208.20 | avg100  177.70 | grasp100  87.0% | best 0.950 |     27 st/s
    done(50): success=43 t_flicker=5 t_touched=1 t_no_reach=1
Ep 40000 | score  171.17 | avg100  181.11 | grasp100  90.0% | best 0.950 |     27 st/s
    done(50): success=47 t_flicker=2 t_touched=1
Ep 40050 | score  205.63 | avg100  184.84 | grasp100  92.0% | best 0.950 |     27 st/s
    done(50): success=45 t_flicker=4 t_touched=1
Ep 40100 | score  203.23 | avg100  184.87 | grasp100  92.0% | best 0.950 |     27 st/s
    done(50): success=47 t_flicker=3
Ep 40150 | score   61.80 | avg100  182.20 | grasp100  91.0% | best 0.950 |     27 st/s
    done(50): success=44 t_flicker=5 t_touched=1
Ep 40200 | score  -12.30 | avg100  177.31 | grasp100  88.0% | best 0.950 |     27 st/s
    done(50): success=44 t_flicker=3 t_no_reach=3
Ep 40250 | score  187.65 | avg100  178.24 | grasp100  90.0% | best 0.950 |     27 st/s
    done(50): success=46 t_flicker=2 t_touched=2
Ep 40300 | score  196.19 | avg100  184.41 | grasp100  93.0% | best 0.950 |     27 st/s
    done(50): success=47 t_flicker=2 t_no_reach=1
Ep 40350 | score  225.05 | avg100  188.53 | grasp100  95.0% | best 0.950 |     27 st/s
    done(50): success=48 t_flicker=2
Ep 40400 | score  178.07 | avg100  186.18 | grasp100  94.0% | best 0.950 |     27 st/s
    done(50): success=46 t_flicker=2 t_touched=1 t_no_reach=1
  [primacy-bias reset of critic heads @ 600000 updates]
Ep 40450 | score   11.83 | avg100  164.86 | grasp100  83.0% | best 0.950 |     27 st/s
    done(50): success=37 t_flicker=5 t_no_reach=8
Ep 40500 | score  -18.46 | avg100   69.03 | grasp100  39.0% | best 0.950 |     27 st/s
    done(50): success=2 t_flicker=3 t_touched=2 t_no_reach=43
Ep 40550 | score  173.51 | avg100   35.65 | grasp100  22.0% | best 0.950 |     27 st/s
    done(50): success=20 t_flicker=8 t_touched=9 t_no_reach=13
Ep 40600 | score   58.51 | avg100   82.86 | grasp100  37.0% | best 0.950 |     27 st/s
    done(50): success=17 t_flicker=22 t_touched=4 t_no_reach=7
Ep 40650 | score  190.65 | avg100   97.53 | grasp100  43.0% | best 0.950 |     27 st/s
    done(50): success=26 t_flicker=13 t_touched=7 t_no_reach=4
Ep 40700 | score  190.33 | avg100  116.51 | grasp100  53.0% | best 0.950 |     27 st/s
    done(50): success=27 t_flicker=17 t_touched=2 t_no_reach=4
Ep 40750 | score  188.20 | avg100  140.73 | grasp100  65.0% | best 0.950 |     27 st/s
    done(50): success=38 t_flicker=8 t_touched=2 t_no_reach=2
Ep 40800 | score    8.30 | avg100  158.95 | grasp100  77.0% | best 0.950 |     27 st/s
    done(50): success=39 t_flicker=8 t_touched=2 t_no_reach=1
Ep 40850 | score  195.02 | avg100  162.44 | grasp100  80.0% | best 0.950 |     27 st/s
    done(50): success=41 t_flicker=7 t_touched=2
Ep 40900 | score   67.25 | avg100  159.64 | grasp100  78.0% | best 0.950 |     27 st/s
    done(50): success=37 t_flicker=10 t_touched=2 t_no_reach=1
Ep 40950 | score  189.70 | avg100  162.61 | grasp100  79.0% | best 0.950 |     27 st/s
    done(50): success=42 t_flicker=7 t_touched=1
Ep 41000 | score  248.59 | avg100  174.05 | grasp100  85.0% | best 0.950 |     27 st/s
    done(50): success=43 t_flicker=7
Ep 41050 | score  200.81 | avg100  167.88 | grasp100  80.0% | best 0.950 |     27 st/s
    done(50): success=37 t_flicker=12 t_touched=1
Ep 41100 | score  205.16 | avg100  167.76 | grasp100  79.0% | best 0.950 |     27 st/s
    done(50): success=42 t_flicker=8
Ep 41150 | score  187.98 | avg100  177.07 | grasp100  85.0% | best 0.950 |     27 st/s
    done(50): success=43 t_flicker=7
Ep 41200 | score  154.52 | avg100  176.38 | grasp100  87.0% | best 0.950 |     27 st/s
    done(50): success=44 t_flicker=5 t_touched=1
Ep 41250 | score   58.36 | avg100  182.57 | grasp100  93.0% | best 0.950 |     27 st/s
    done(50): success=49 t_flicker=1
Ep 41300 | score  178.74 | avg100  188.15 | grasp100  96.0% | best 0.950 |     27 st/s
    done(50): success=47 t_flicker=2 t_touched=1
Ep 41350 | score  213.44 | avg100  187.26 | grasp100  95.0% | best 0.950 |     27 st/s
    done(50): success=48 t_flicker=2
Ep 41400 | score  195.33 | avg100  185.59 | grasp100  94.0% | best 0.950 |     27 st/s
    done(50): success=46 t_flicker=3 t_touched=1
Ep 41450 | score  208.20 | avg100  182.45 | grasp100  91.0% | best 0.950 |     27 st/s
    done(50): success=45 t_flicker=5
Ep 41500 | score  193.59 | avg100  182.72 | grasp100  92.0% | best 0.950 |     27 st/s
    done(50): success=47 t_flicker=2 t_no_reach=1
Ep 41550 | score  210.09 | avg100  187.24 | grasp100  95.0% | best 0.950 |     27 st/s
    done(50): success=48 t_flicker=2
Ep 41600 | score  204.28 | avg100  187.86 | grasp100  95.0% | best 0.950 |     27 st/s
    done(50): success=47 t_flicker=3
Ep 41650 | score  205.58 | avg100  185.27 | grasp100  94.0% | best 0.950 |     27 st/s
    done(50): success=47 t_flicker=2 t_touched=1
Ep 41700 | score  194.59 | avg100  184.52 | grasp100  93.0% | best 0.950 |     27 st/s
    done(50): success=46 t_flicker=3 t_touched=1
Ep 41750 | score  185.23 | avg100  185.11 | grasp100  94.0% | best 0.950 |     27 st/s
    done(50): success=48 t_flicker=2
Ep 41800 | score  200.08 | avg100  182.22 | grasp100  92.0% | best 0.950 |     27 st/s
    done(50): success=44 t_flicker=4 t_no_reach=2
Ep 41850 | score  156.44 | avg100  180.01 | grasp100  91.0% | best 0.950 |     27 st/s
    done(50): success=47 t_flicker=2 t_no_reach=1
Ep 41900 | score  181.50 | avg100  180.91 | grasp100  89.0% | best 0.950 |     27 st/s
    done(50): success=42 t_flicker=7 t_touched=1
Ep 41950 | score  180.56 | avg100  179.77 | grasp100  88.0% | best 0.950 |     27 st/s
    done(50): success=46 t_flicker=2 t_touched=1 t_no_reach=1
Ep 42000 | score  159.88 | avg100  179.18 | grasp100  90.0% | best 0.950 |     27 st/s
    done(50): success=44 t_flicker=5 t_touched=1
Ep 42050 | score  196.62 | avg100  182.82 | grasp100  92.0% | best 0.950 |     27 st/s
    done(50): success=48 t_flicker=1 t_no_reach=1
Ep 42100 | score  205.95 | avg100  190.62 | grasp100  97.0% | best 0.950 |     27 st/s
    done(50): success=49 t_flicker=1
Ep 42150 | score  204.70 | avg100  192.40 | grasp100  98.0% | best 0.950 |     27 st/s
    done(50): success=49 t_flicker=1
Ep 42168 | * BEST  level200=2.00 grasp200= 96.5% metric=0.965 | score  222.48
Ep 42200 | score  227.49 | avg100  192.27 | grasp100  97.0% | best 0.965 |     27 st/s
    done(50): success=48 t_flicker=2
Ep 42250 | score  201.64 | avg100  186.40 | grasp100  94.0% | best 0.965 |     27 st/s
    done(50): success=46 t_flicker=3 t_touched=1
Ep 42300 | score  204.93 | avg100  187.09 | grasp100  94.0% | best 0.965 |     27 st/s
    done(50): success=48 t_flicker=1 t_touched=1
  [primacy-bias reset of critic heads @ 625000 updates]
Ep 42350 | score  -27.83 | avg100  132.05 | grasp100  68.0% | best 0.965 |     27 st/s
    done(50): success=20 t_flicker=1 t_touched=2 t_no_reach=27
Ep 42400 | score  -18.40 | avg100   29.94 | grasp100  22.0% | best 0.965 |     27 st/s
    done(50): success=2 t_flicker=3 t_touched=2 t_no_reach=43
Ep 42450 | score    2.55 | avg100    9.32 | grasp100   9.0% | best 0.965 |     27 st/s
    done(50): success=7 t_flicker=9 t_touched=12 t_no_reach=22
Ep 42500 | score  198.10 | avg100   51.40 | grasp100  24.0% | best 0.965 |     27 st/s
    done(50): success=17 t_flicker=13 t_touched=8 t_no_reach=12
Ep 42550 | score  205.35 | avg100   96.02 | grasp100  44.0% | best 0.965 |     27 st/s
    done(50): success=27 t_flicker=17 t_touched=4 t_no_reach=2
Ep 42600 | score   55.02 | avg100  128.83 | grasp100  60.0% | best 0.965 |     27 st/s
    done(50): success=33 t_flicker=16 t_no_reach=1
Ep 42650 | score  204.19 | avg100  142.91 | grasp100  68.0% | best 0.965 |     27 st/s
    done(50): success=35 t_flicker=10 t_touched=4 t_no_reach=1
Ep 42700 | score  200.69 | avg100  147.06 | grasp100  70.0% | best 0.965 |     27 st/s
    done(50): success=35 t_flicker=14 t_no_reach=1
Ep 42750 | score  187.74 | avg100  148.85 | grasp100  68.0% | best 0.965 |     27 st/s
    done(50): success=33 t_flicker=16 t_touched=1
Ep 42800 | score  203.63 | avg100  158.97 | grasp100  74.0% | best 0.965 |     27 st/s
    done(50): success=41 t_flicker=7 t_touched=2
Ep 42850 | score  189.19 | avg100  172.35 | grasp100  85.0% | best 0.965 |     27 st/s
    done(50): success=44 t_flicker=6
Ep 42900 | score  203.25 | avg100  178.69 | grasp100  88.0% | best 0.965 |     27 st/s
    done(50): success=44 t_flicker=5 t_touched=1
Ep 42950 | score  189.65 | avg100  177.44 | grasp100  87.0% | best 0.965 |     27 st/s
    done(50): success=43 t_flicker=5 t_touched=2
Ep 43000 | score  202.51 | avg100  176.76 | grasp100  88.0% | best 0.965 |     27 st/s
    done(50): success=45 t_flicker=3 t_touched=1 t_no_reach=1
Ep 43050 | score  172.55 | avg100  182.71 | grasp100  91.0% | best 0.965 |     27 st/s
    done(50): success=46 t_flicker=3 t_touched=1
Ep 43100 | score  191.79 | avg100  179.11 | grasp100  89.0% | best 0.965 |     27 st/s
    done(50): success=43 t_flicker=6 t_no_reach=1
Ep 43150 | score  191.83 | avg100  176.35 | grasp100  88.0% | best 0.965 |     27 st/s
    done(50): success=45 t_flicker=4 t_no_reach=1
Ep 43200 | score  189.75 | avg100  181.54 | grasp100  92.0% | best 0.965 |     27 st/s
    done(50): success=47 t_flicker=2 t_no_reach=1
Ep 43250 | score  185.38 | avg100  179.95 | grasp100  89.0% | best 0.965 |     27 st/s
    done(50): success=42 t_flicker=5 t_touched=1 t_no_reach=2
Ep 43300 | score  194.16 | avg100  181.85 | grasp100  88.0% | best 0.965 |     27 st/s
    done(50): success=46 t_flicker=4
Ep 43350 | score  197.39 | avg100  182.89 | grasp100  91.0% | best 0.965 |     27 st/s
    done(50): success=45 t_flicker=3 t_touched=2
Ep 43400 | score  194.39 | avg100  177.41 | grasp100  89.0% | best 0.965 |     27 st/s
    done(50): success=44 t_flicker=4 t_touched=2
Ep 43450 | score  165.52 | avg100  180.89 | grasp100  90.0% | best 0.965 |     27 st/s
    done(50): success=46 t_flicker=3 t_touched=1
Ep 43500 | score  206.18 | avg100  187.50 | grasp100  94.0% | best 0.965 |     27 st/s
    done(50): success=48 t_flicker=1 t_no_reach=1
Ep 43550 | score  194.50 | avg100  191.99 | grasp100  97.0% | best 0.965 |     27 st/s
    done(50): success=49 t_flicker=1
Ep 43600 | score   49.44 | avg100  186.54 | grasp100  92.0% | best 0.965 |     27 st/s
    done(50): success=43 t_flicker=6 t_touched=1
Ep 43650 | score  220.20 | avg100  185.12 | grasp100  92.0% | best 0.965 |     27 st/s
    done(50): success=49 t_flicker=1
Ep 43700 | score  181.23 | avg100  191.95 | grasp100  97.0% | best 0.965 |     27 st/s
    done(50): success=48 t_flicker=2
Ep 43750 | score  172.59 | avg100  188.01 | grasp100  95.0% | best 0.965 |     27 st/s
    done(50): success=47 t_flicker=2 t_touched=1
Ep 43800 | score  251.72 | avg100  183.22 | grasp100  93.0% | best 0.965 |     27 st/s
    done(50): success=46 t_flicker=2 t_touched=2
Ep 43850 | score  181.06 | avg100  180.79 | grasp100  91.0% | best 0.965 |     27 st/s
    done(50): success=45 t_flicker=3 t_no_reach=2
Ep 43900 | score  192.02 | avg100  184.46 | grasp100  92.0% | best 0.965 |     27 st/s
    done(50): success=47 t_flicker=3
Ep 43950 | score  191.45 | avg100  189.61 | grasp100  94.0% | best 0.965 |     27 st/s
    done(50): success=47 t_flicker=3
Ep 44000 | score  210.07 | avg100  188.11 | grasp100  94.0% | best 0.965 |     27 st/s
    done(50): success=47 t_flicker=2 t_no_reach=1
Ep 44050 | score  205.63 | avg100  186.77 | grasp100  91.0% | best 0.965 |     27 st/s
    done(50): success=44 t_flicker=5 t_no_reach=1
Ep 44100 | score  204.04 | avg100  187.95 | grasp100  91.0% | best 0.965 |     27 st/s
    done(50): success=47 t_flicker=3
Ep 44150 | score  199.24 | avg100  190.84 | grasp100  96.0% | best 0.965 |     27 st/s
    done(50): success=49 t_flicker=1
  [primacy-bias reset of critic heads @ 650000 updates]
Ep 44200 | score   30.36 | avg100  157.36 | grasp100  80.0% | best 0.965 |     27 st/s
    done(50): success=31 t_flicker=5 t_touched=6 t_no_reach=8
Ep 44250 | score   -6.88 | avg100   85.77 | grasp100  45.0% | best 0.965 |     27 st/s
    done(50): success=14 t_flicker=4 t_touched=4 t_no_reach=28
Ep 44300 | score  187.36 | avg100   71.93 | grasp100  38.0% | best 0.965 |     27 st/s
    done(50): success=24 t_flicker=7 t_touched=3 t_no_reach=16
Ep 44350 | score  195.24 | avg100  102.51 | grasp100  50.0% | best 0.965 |     27 st/s
    done(50): success=26 t_flicker=16 t_touched=5 t_no_reach=3
Ep 44400 | score  199.73 | avg100  121.11 | grasp100  57.0% | best 0.965 |     27 st/s
    done(50): success=31 t_flicker=14 t_touched=2 t_no_reach=3
Ep 44450 | score   94.14 | avg100  129.36 | grasp100  60.0% | best 0.965 |     27 st/s
    done(50): success=29 t_flicker=13 t_touched=5 t_no_reach=3
Ep 44500 | score  197.24 | avg100  141.71 | grasp100  67.0% | best 0.965 |     27 st/s
    done(50): success=38 t_flicker=9 t_touched=3
Ep 44550 | score  201.30 | avg100  157.62 | grasp100  77.0% | best 0.965 |     27 st/s
    done(50): success=39 t_flicker=8 t_touched=3
Ep 44600 | score  203.66 | avg100  163.57 | grasp100  82.0% | best 0.965 |     27 st/s
    done(50): success=43 t_flicker=5 t_touched=1 t_no_reach=1
Ep 44650 | score  192.41 | avg100  175.01 | grasp100  87.0% | best 0.965 |     27 st/s
    done(50): success=44 t_flicker=6
Ep 44700 | score  196.34 | avg100  181.97 | grasp100  90.0% | best 0.965 |     27 st/s
    done(50): success=46 t_flicker=3 t_touched=1
Ep 44750 | score  192.92 | avg100  179.49 | grasp100  90.0% | best 0.965 |     27 st/s
    done(50): success=44 t_flicker=5 t_touched=1
Ep 44800 | score  161.47 | avg100  174.61 | grasp100  86.0% | best 0.965 |     27 st/s
    done(50): success=42 t_flicker=7 t_touched=1
Ep 44850 | score  203.11 | avg100  179.71 | grasp100  89.0% | best 0.965 |     27 st/s
    done(50): success=47 t_flicker=1 t_touched=2
Ep 44900 | score  202.19 | avg100  182.11 | grasp100  90.0% | best 0.965 |     27 st/s
    done(50): success=43 t_flicker=7
Ep 44950 | score  171.29 | avg100  174.95 | grasp100  84.0% | best 0.965 |     27 st/s
    done(50): success=41 t_flicker=7 t_touched=1 t_no_reach=1
Ep 45000 | score  -10.05 | avg100  180.33 | grasp100  88.0% | best 0.965 |     27 st/s
    done(50): success=47 t_flicker=2 t_no_reach=1
Ep 45050 | score  203.85 | avg100  182.47 | grasp100  92.0% | best 0.965 |     27 st/s
    done(50): success=45 t_flicker=4 t_touched=1
Ep 45100 | score  212.48 | avg100  179.99 | grasp100  91.0% | best 0.965 |     27 st/s
    done(50): success=46 t_flicker=3 t_no_reach=1
Ep 45150 | score  203.79 | avg100  186.92 | grasp100  95.0% | best 0.965 |     27 st/s
    done(50): success=49 t_flicker=1
Ep 45200 | score  183.38 | avg100  187.75 | grasp100  96.0% | best 0.965 |     27 st/s
    done(50): success=47 t_flicker=2 t_touched=1
Ep 45250 | score  217.22 | avg100  183.01 | grasp100  92.0% | best 0.965 |     27 st/s
    done(50): success=45 t_flicker=4 t_no_reach=1
Ep 45300 | score  208.84 | avg100  185.62 | grasp100  92.0% | best 0.965 |     27 st/s
    done(50): success=47 t_flicker=3
Ep 45350 | score  195.49 | avg100  186.51 | grasp100  93.0% | best 0.965 |     27 st/s
    done(50): success=46 t_flicker=3 t_touched=1
Ep 45400 | score  190.92 | avg100  182.04 | grasp100  92.0% | best 0.965 |     27 st/s
    done(50): success=46 t_flicker=1 t_touched=2 t_no_reach=1
Ep 45450 | score  198.13 | avg100  184.23 | grasp100  94.0% | best 0.965 |     27 st/s
    done(50): success=48 t_flicker=1 t_touched=1
Ep 45500 | score  196.20 | avg100  182.84 | grasp100  94.0% | best 0.965 |     27 st/s
    done(50): success=46 t_flicker=2 t_touched=2
Ep 45550 | score  180.08 | avg100  181.96 | grasp100  93.0% | best 0.965 |     27 st/s
    done(50): success=47 t_flicker=2 t_touched=1
Ep 45600 | score  182.76 | avg100  187.60 | grasp100  96.0% | best 0.965 |     27 st/s
    done(50): success=49 t_flicker=1
Ep 45650 | score  221.63 | avg100  188.66 | grasp100  96.0% | best 0.965 |     27 st/s
    done(50): success=47 t_flicker=3
Ep 45700 | score  204.33 | avg100  180.10 | grasp100  90.0% | best 0.965 |     27 st/s
    done(50): success=43 t_flicker=5 t_touched=1 t_no_reach=1
Ep 45750 | score  203.94 | avg100  175.03 | grasp100  88.0% | best 0.965 |     27 st/s
    done(50): success=45 t_flicker=2 t_touched=1 t_no_reach=2
Ep 45800 | score  217.51 | avg100  181.25 | grasp100  91.0% | best 0.965 |     27 st/s
    done(50): success=46 t_flicker=2 t_no_reach=2
Ep 45850 | score  205.60 | avg100  190.39 | grasp100  95.0% | best 0.965 |     27 st/s
    done(50): success=49 t_flicker=1
Ep 45900 | score   97.91 | avg100  192.44 | grasp100  95.0% | best 0.965 |     27 st/s
    done(50): success=46 t_flicker=3 t_touched=1
Ep 45950 | score  166.61 | avg100  189.98 | grasp100  94.0% | best 0.965 |     27 st/s
    done(50): success=48 t_flicker=2
Ep 46000 | score  179.20 | avg100  183.35 | grasp100  92.0% | best 0.965 |     27 st/s
    done(50): success=44 t_flicker=5 t_no_reach=1
Ep 46050 | score  208.17 | avg100  179.95 | grasp100  91.0% | best 0.965 |     27 st/s
    done(50): success=47 t_flicker=3
Ep 46100 | score  200.90 | avg100  186.72 | grasp100  96.0% | best 0.965 |     27 st/s
    done(50): success=49 t_flicker=1
  [primacy-bias reset of critic heads @ 675000 updates]
Ep 46150 | score  -26.04 | avg100  176.27 | grasp100  91.0% | best 0.965 |     27 st/s
    done(50): success=42 t_flicker=3 t_touched=1 t_no_reach=4
Ep 46200 | score  -27.95 | avg100   75.09 | grasp100  43.0% | best 0.965 |     27 st/s
    done(50): success=1 t_flicker=2 t_no_reach=47
Ep 46250 | score   40.34 | avg100  -18.46 | grasp100   1.0% | best 0.965 |     27 st/s
    done(50): t_flicker=2 t_no_reach=48
Ep 46300 | score    2.79 | avg100    7.29 | grasp100   9.0% | best 0.965 |     27 st/s
    done(50): success=9 t_flicker=16 t_touched=6 t_no_reach=19
Ep 46350 | score  204.97 | avg100   79.17 | grasp100  38.0% | best 0.965 |     27 st/s
    done(50): success=29 t_flicker=14 t_touched=4 t_no_reach=3
Ep 46400 | score   87.84 | avg100  130.22 | grasp100  63.0% | best 0.965 |     27 st/s
    done(50): success=34 t_flicker=9 t_touched=3 t_no_reach=4
Ep 46450 | score  189.11 | avg100  156.96 | grasp100  78.0% | best 0.965 |     27 st/s
    done(50): success=44 t_flicker=3 t_touched=2 t_no_reach=1
Ep 46500 | score  184.07 | avg100  167.23 | grasp100  84.0% | best 0.965 |     27 st/s
    done(50): success=40 t_flicker=7 t_touched=2 t_no_reach=1
Ep 46550 | score  210.33 | avg100  165.45 | grasp100  82.0% | best 0.965 |     27 st/s
    done(50): success=42 t_flicker=6 t_touched=1 t_no_reach=1
Ep 46600 | score  191.71 | avg100  161.21 | grasp100  80.0% | best 0.965 |     27 st/s
    done(50): success=38 t_flicker=8 t_touched=3 t_no_reach=1
Ep 46650 | score  181.06 | avg100  162.31 | grasp100  79.0% | best 0.965 |     27 st/s
    done(50): success=41 t_flicker=8 t_touched=1
Ep 46700 | score  191.13 | avg100  169.55 | grasp100  82.0% | best 0.965 |     27 st/s
    done(50): success=41 t_flicker=6 t_touched=3
Ep 46750 | score  159.75 | avg100  171.80 | grasp100  84.0% | best 0.965 |     27 st/s
    done(50): success=43 t_flicker=6 t_touched=1
Ep 46800 | score  -12.42 | avg100  174.61 | grasp100  86.0% | best 0.965 |     27 st/s
    done(50): success=43 t_flicker=4 t_touched=2 t_no_reach=1
Ep 46850 | score  194.63 | avg100  175.16 | grasp100  87.0% | best 0.965 |     27 st/s
    done(50): success=44 t_flicker=5 t_touched=1
Ep 46900 | score  239.23 | avg100  179.02 | grasp100  89.0% | best 0.965 |     27 st/s
    done(50): success=45 t_flicker=5
Ep 46950 | score  202.69 | avg100  174.38 | grasp100  87.0% | best 0.965 |     27 st/s
    done(50): success=42 t_flicker=5 t_touched=1 t_no_reach=2
Ep 47000 | score  199.43 | avg100  165.49 | grasp100  83.0% | best 0.965 |     27 st/s
    done(50): success=41 t_flicker=3 t_touched=4 t_no_reach=2
Ep 47050 | score  188.17 | avg100  171.43 | grasp100  87.0% | best 0.965 |     27 st/s
    done(50): success=46 t_flicker=4
Ep 47100 | score  178.37 | avg100  187.31 | grasp100  96.0% | best 0.965 |     27 st/s
    done(50): success=50
Ep 47150 | score  195.08 | avg100  182.30 | grasp100  92.0% | best 0.965 |     27 st/s
    done(50): success=42 t_flicker=6 t_touched=2
Ep 47200 | score  203.21 | avg100  175.46 | grasp100  88.0% | best 0.965 |     27 st/s
    done(50): success=46 t_flicker=4
Ep 47250 | score  166.59 | avg100  182.53 | grasp100  93.0% | best 0.965 |     27 st/s
    done(50): success=47 t_flicker=2 t_no_reach=1
Ep 47300 | score  177.17 | avg100  180.27 | grasp100  91.0% | best 0.965 |     27 st/s
    done(50): success=44 t_flicker=5 t_touched=1
Ep 47350 | score  200.84 | avg100  182.80 | grasp100  92.0% | best 0.965 |     27 st/s
    done(50): success=48 t_flicker=2
Ep 47400 | score  196.97 | avg100  183.59 | grasp100  91.0% | best 0.965 |     27 st/s
    done(50): success=43 t_flicker=7
Ep 47450 | score  197.18 | avg100  182.06 | grasp100  90.0% | best 0.965 |     27 st/s
    done(50): success=47 t_flicker=2 t_touched=1
Ep 47500 | score  198.15 | avg100  187.34 | grasp100  96.0% | best 0.965 |     27 st/s
    done(50): success=49 t_flicker=1
Ep 47550 | score  199.45 | avg100  188.14 | grasp100  97.0% | best 0.965 |     27 st/s
    done(50): success=48 t_flicker=2
Ep 47600 | score  192.98 | avg100  188.13 | grasp100  96.0% | best 0.965 |     27 st/s
    done(50): success=48 t_flicker=1 t_no_reach=1
Ep 47650 | score  189.25 | avg100  184.87 | grasp100  94.0% | best 0.965 |     27 st/s
    done(50): success=46 t_flicker=4
Ep 47700 | score  180.82 | avg100  188.35 | grasp100  95.0% | best 0.965 |     27 st/s
    done(50): success=49 t_flicker=1
Ep 47750 | score  208.04 | avg100  188.56 | grasp100  96.0% | best 0.965 |     27 st/s
    done(50): success=47 t_flicker=2 t_no_reach=1
Ep 47800 | score  185.83 | avg100  183.47 | grasp100  94.0% | best 0.965 |     27 st/s
    done(50): success=47 t_flicker=2 t_no_reach=1
Ep 47850 | score  186.65 | avg100  183.19 | grasp100  93.0% | best 0.965 |     27 st/s
    done(50): success=46 t_flicker=3 t_no_reach=1
Ep 47900 | score  178.05 | avg100  181.88 | grasp100  93.0% | best 0.965 |     27 st/s
    done(50): success=47 t_flicker=2 t_no_reach=1
Ep 47950 | score  204.13 | avg100  182.73 | grasp100  92.0% | best 0.965 |     27 st/s
    done(50): success=45 t_flicker=5
Ep 48000 | score  185.54 | avg100  182.90 | grasp100  92.0% | best 0.965 |     27 st/s
    done(50): success=47 t_flicker=1 t_touched=1 t_no_reach=1
  [primacy-bias reset of critic heads @ 700000 updates]
Ep 48050 | score  -13.94 | avg100  144.31 | grasp100  75.0% | best 0.965 |     27 st/s
    done(50): success=28 t_flicker=2 t_touched=4 t_no_reach=16
Ep 48100 | score  -24.13 | avg100   63.53 | grasp100  37.0% | best 0.965 |     27 st/s
    done(50): success=9 t_flicker=7 t_touched=1 t_no_reach=33
Ep 48150 | score   -8.42 | avg100   38.04 | grasp100  25.0% | best 0.965 |     27 st/s
    done(50): success=16 t_flicker=7 t_touched=1 t_no_reach=26
Ep 48200 | score  207.32 | avg100   81.12 | grasp100  42.0% | best 0.965 |     27 st/s
    done(50): success=26 t_flicker=11 t_touched=5 t_no_reach=8
Ep 48250 | score   56.53 | avg100  126.54 | grasp100  61.0% | best 0.965 |     27 st/s
    done(50): success=35 t_flicker=12 t_touched=1 t_no_reach=2
Ep 48300 | score  192.65 | avg100  155.11 | grasp100  77.0% | best 0.965 |     27 st/s
    done(50): success=42 t_flicker=5 t_touched=1 t_no_reach=2
Ep 48350 | score   -6.95 | avg100  169.67 | grasp100  87.0% | best 0.965 |     27 st/s
    done(50): success=45 t_flicker=3 t_touched=1 t_no_reach=1
Ep 48400 | score   41.74 | avg100  163.70 | grasp100  83.0% | best 0.965 |     27 st/s
    done(50): success=38 t_flicker=9 t_touched=3
Ep 48450 | score  191.84 | avg100  161.48 | grasp100  81.0% | best 0.965 |     27 st/s
    done(50): success=43 t_flicker=4 t_touched=3
Ep 48500 | score  194.18 | avg100  167.56 | grasp100  83.0% | best 0.965 |     27 st/s
    done(50): success=40 t_flicker=9 t_touched=1
Ep 48550 | score  147.80 | avg100  162.17 | grasp100  78.0% | best 0.965 |     27 st/s
    done(50): success=38 t_flicker=11 t_touched=1
Ep 48600 | score  158.75 | avg100  173.91 | grasp100  86.0% | best 0.965 |     27 st/s
    done(50): success=48 t_flicker=2
Ep 48650 | score  205.51 | avg100  178.82 | grasp100  89.0% | best 0.965 |     27 st/s
    done(50): success=41 t_flicker=6 t_touched=2 t_no_reach=1
Ep 48700 | score  228.50 | avg100  176.27 | grasp100  86.0% | best 0.965 |     27 st/s
    done(50): success=45 t_flicker=5
Ep 48750 | score  200.95 | avg100  185.02 | grasp100  93.0% | best 0.965 |     27 st/s
    done(50): success=48 t_flicker=2
Ep 48800 | score  200.72 | avg100  187.53 | grasp100  95.0% | best 0.965 |     27 st/s
    done(50): success=47 t_flicker=2 t_no_reach=1
Ep 48850 | score  203.26 | avg100  186.54 | grasp100  94.0% | best 0.965 |     27 st/s
    done(50): success=47 t_flicker=3
Ep 48900 | score  132.66 | avg100  182.85 | grasp100  93.0% | best 0.965 |     27 st/s
    done(50): success=46 t_flicker=3 t_no_reach=1
Ep 48950 | score  198.81 | avg100  181.30 | grasp100  92.0% | best 0.965 |     27 st/s
    done(50): success=46 t_flicker=2 t_no_reach=2
Ep 49000 | score  206.81 | avg100  184.99 | grasp100  94.0% | best 0.965 |     27 st/s
    done(50): success=48 t_flicker=2
Ep 49050 | score  232.58 | avg100  184.17 | grasp100  94.0% | best 0.965 |     27 st/s
    done(50): success=46 t_flicker=3 t_touched=1
Ep 49100 | score  187.75 | avg100  184.64 | grasp100  94.0% | best 0.965 |     27 st/s
    done(50): success=48 t_flicker=1 t_touched=1
Ep 49150 | score  197.79 | avg100  180.54 | grasp100  90.0% | best 0.965 |     27 st/s
    done(50): success=42 t_flicker=4 t_touched=3 t_no_reach=1
Ep 49200 | score  101.20 | avg100  181.95 | grasp100  90.0% | best 0.965 |     27 st/s
    done(50): success=48 t_flicker=1 t_touched=1
Ep 49250 | score   11.42 | avg100  193.19 | grasp100  97.0% | best 0.965 |     27 st/s
    done(50): success=49 t_flicker=1
Ep 49300 | score  205.64 | avg100  192.55 | grasp100  97.0% | best 0.965 |     27 st/s
    done(50): success=48 t_flicker=2
Ep 49350 | score  177.49 | avg100  187.14 | grasp100  94.0% | best 0.965 |     27 st/s
    done(50): success=46 t_flicker=3 t_touched=1
Ep 49400 | score  204.50 | avg100  179.59 | grasp100  89.0% | best 0.965 |     27 st/s
    done(50): success=43 t_flicker=5 t_touched=2
Ep 49450 | score  231.75 | avg100  182.05 | grasp100  90.0% | best 0.965 |     27 st/s
    done(50): success=47 t_flicker=3
Ep 49500 | score  189.33 | avg100  190.12 | grasp100  95.0% | best 0.965 |     27 st/s
    done(50): success=48 t_flicker=2
Ep 49550 | score  211.44 | avg100  189.15 | grasp100  96.0% | best 0.965 |     27 st/s
    done(50): success=48 t_flicker=1 t_no_reach=1
Ep 49600 | score  199.11 | avg100  190.27 | grasp100  96.0% | best 0.965 |     27 st/s
    done(50): success=48 t_flicker=2
Ep 49650 | score  124.64 | avg100  186.52 | grasp100  93.0% | best 0.965 |     27 st/s
    done(50): success=45 t_flicker=5
Ep 49700 | score  186.73 | avg100  180.14 | grasp100  90.0% | best 0.965 |     27 st/s
    done(50): success=45 t_flicker=5
Ep 49750 | score   18.69 | avg100  182.15 | grasp100  92.0% | best 0.965 |     27 st/s
    done(50): success=47 t_flicker=2 t_no_reach=1
Ep 49800 | score  142.94 | avg100  179.33 | grasp100  93.0% | best 0.965 |     27 st/s
    done(50): success=46 t_flicker=2 t_touched=2
Ep 49850 | score  186.44 | avg100  183.78 | grasp100  94.0% | best 0.965 |     27 st/s
    done(50): success=48 t_flicker=2
Ep 49900 | score  202.36 | avg100  194.99 | grasp100  97.0% | best 0.965 |     27 st/s
    done(50): success=49 t_flicker=1
Ep 49950 | score  200.69 | avg100  193.20 | grasp100  97.0% | best 0.965 |     27 st/s
    done(50): success=48 t_flicker=2
  [primacy-bias reset of critic heads @ 725000 updates]
Ep 50000 | score  -21.70 | avg100  176.30 | grasp100  90.0% | best 0.965 |     27 st/s
    done(50): success=42 t_flicker=2 t_touched=1 t_no_reach=5
Ep 50050 | score    3.28 | avg100   88.16 | grasp100  47.0% | best 0.965 |     27 st/s
    done(50): success=5 t_flicker=5 t_touched=3 t_no_reach=37
Ep 50100 | score  192.63 | avg100   22.69 | grasp100  15.0% | best 0.965 |     27 st/s
    done(50): success=10 t_flicker=8 t_touched=3 t_no_reach=29
Ep 50150 | score  202.64 | avg100   50.63 | grasp100  28.0% | best 0.965 |     27 st/s
    done(50): success=18 t_flicker=8 t_touched=9 t_no_reach=15
Ep 50200 | score   13.12 | avg100   96.12 | grasp100  48.0% | best 0.965 |     27 st/s
    done(50): success=30 t_flicker=13 t_touched=5 t_no_reach=2
Ep 50250 | score  182.24 | avg100  121.66 | grasp100  57.0% | best 0.965 |     27 st/s
    done(50): success=27 t_flicker=13 t_touched=7 t_no_reach=3
Ep 50300 | score  201.81 | avg100  136.41 | grasp100  64.0% | best 0.965 |     27 st/s
    done(50): success=37 t_flicker=10 t_touched=3
Ep 50350 | score   88.44 | avg100  152.04 | grasp100  73.0% | best 0.965 |     27 st/s
    done(50): success=36 t_flicker=8 t_touched=6
Ep 50400 | score  201.40 | avg100  154.22 | grasp100  74.0% | best 0.965 |     27 st/s
    done(50): success=38 t_flicker=8 t_touched=4
Ep 50450 | score  184.87 | avg100  159.26 | grasp100  77.0% | best 0.965 |     27 st/s
    done(50): success=39 t_flicker=9 t_touched=1 t_no_reach=1
Ep 50500 | score  160.41 | avg100  167.48 | grasp100  83.0% | best 0.965 |     27 st/s
    done(50): success=44 t_flicker=5 t_no_reach=1
Ep 50550 | score  185.94 | avg100  171.41 | grasp100  84.0% | best 0.965 |     27 st/s
    done(50): success=40 t_flicker=8 t_touched=2
Ep 50600 | score  182.86 | avg100  174.34 | grasp100  86.0% | best 0.965 |     27 st/s
    done(50): success=46 t_flicker=2 t_touched=2
Ep 50650 | score  200.47 | avg100  175.65 | grasp100  87.0% | best 0.965 |     27 st/s
    done(50): success=41 t_flicker=6 t_touched=2 t_no_reach=1
Ep 50700 | score  173.59 | avg100  171.98 | grasp100  84.0% | best 0.965 |     27 st/s
    done(50): success=43 t_flicker=5 t_touched=2
Ep 50750 | score  200.93 | avg100  179.69 | grasp100  90.0% | best 0.965 |     27 st/s
    done(50): success=47 t_flicker=1 t_touched=2
Ep 50800 | score  196.53 | avg100  183.83 | grasp100  92.0% | best 0.965 |     27 st/s
    done(50): success=45 t_flicker=2 t_touched=2 t_no_reach=1
Ep 50850 | score  157.05 | avg100  180.24 | grasp100  89.0% | best 0.965 |     27 st/s
    done(50): success=44 t_flicker=6
Ep 50900 | score  207.99 | avg100  185.11 | grasp100  89.0% | best 0.965 |     27 st/s
    done(50): success=45 t_flicker=4 t_touched=1
Ep 50950 | score  210.63 | avg100  190.82 | grasp100  93.0% | best 0.965 |     27 st/s
    done(50): success=48 t_flicker=2
Ep 51000 | score  192.72 | avg100  191.07 | grasp100  95.0% | best 0.965 |     27 st/s
    done(50): success=47 t_flicker=3
Ep 51050 | score  200.06 | avg100  187.87 | grasp100  92.0% | best 0.965 |     27 st/s
    done(50): success=45 t_flicker=5
Ep 51100 | score  187.69 | avg100  184.67 | grasp100  90.0% | best 0.965 |     27 st/s
    done(50): success=45 t_flicker=4 t_touched=1
Ep 51150 | score  205.65 | avg100  188.61 | grasp100  93.0% | best 0.965 |     27 st/s
    done(50): success=48 t_flicker=1 t_no_reach=1
Ep 51200 | score  167.91 | avg100  186.77 | grasp100  93.0% | best 0.965 |     27 st/s
    done(50): success=45 t_flicker=5
Ep 51250 | score  185.07 | avg100  185.90 | grasp100  93.0% | best 0.965 |     27 st/s
    done(50): success=48 t_flicker=2
Ep 51300 | score  202.96 | avg100  191.80 | grasp100  96.0% | best 0.965 |     27 st/s
    done(50): success=48 t_flicker=2
Ep 51350 | score  210.96 | avg100  191.15 | grasp100  96.0% | best 0.965 |     27 st/s
    done(50): success=48 t_flicker=2
Ep 51400 | score  185.84 | avg100  184.35 | grasp100  93.0% | best 0.965 |     27 st/s
    done(50): success=45 t_flicker=4 t_no_reach=1
Ep 51450 | score  202.65 | avg100  185.70 | grasp100  93.0% | best 0.965 |     27 st/s
    done(50): success=48 t_flicker=2
Ep 51500 | score  195.58 | avg100  187.51 | grasp100  94.0% | best 0.965 |     27 st/s
    done(50): success=46 t_flicker=3 t_touched=1
Ep 51550 | score   85.31 | avg100  178.76 | grasp100  89.0% | best 0.965 |     27 st/s
    done(50): success=43 t_flicker=4 t_touched=1 t_no_reach=2
Ep 51600 | score  202.03 | avg100  180.92 | grasp100  91.0% | best 0.965 |     27 st/s
    done(50): success=48 t_flicker=2
Ep 51650 | score  183.93 | avg100  190.46 | grasp100  97.0% | best 0.965 |     27 st/s
    done(50): success=49 t_flicker=1
Ep 51700 | score  199.73 | avg100  192.17 | grasp100  96.0% | best 0.965 |     27 st/s
    done(50): success=47 t_flicker=3
Ep 51750 | score  148.44 | avg100  187.69 | grasp100  95.0% | best 0.965 |     27 st/s
    done(50): success=48 t_touched=1 t_no_reach=1
Ep 51800 | score  200.88 | avg100  189.12 | grasp100  98.0% | best 0.965 |     27 st/s
    done(50): success=50
Ep 51850 | score  189.17 | avg100  192.39 | grasp100  97.0% | best 0.965 |     27 st/s
    done(50): success=47 t_flicker=2 t_touched=1
Ep 51900 | score  191.43 | avg100  188.46 | grasp100  94.0% | best 0.965 |     27 st/s
    done(50): success=47 t_flicker=2 t_no_reach=1
  [primacy-bias reset of critic heads @ 750000 updates]
Ep 51950 | score  -27.48 | avg100  125.42 | grasp100  65.0% | best 0.965 |     27 st/s
    done(50): success=18 t_flicker=5 t_touched=2 t_no_reach=25
Ep 52000 | score   -8.62 | avg100   47.15 | grasp100  29.0% | best 0.965 |     27 st/s
    done(50): success=11 t_flicker=5 t_touched=3 t_no_reach=31
Ep 52050 | score   55.76 | avg100   60.90 | grasp100  35.0% | best 0.965 |     27 st/s
    done(50): success=24 t_flicker=9 t_touched=8 t_no_reach=9
Ep 52100 | score  201.01 | avg100   97.23 | grasp100  47.0% | best 0.965 |     27 st/s
    done(50): success=23 t_flicker=17 t_touched=5 t_no_reach=5
Ep 52150 | score    2.11 | avg100  119.75 | grasp100  57.0% | best 0.965 |     27 st/s
    done(50): success=34 t_flicker=7 t_touched=6 t_no_reach=3
Ep 52200 | score  193.87 | avg100  136.52 | grasp100  68.0% | best 0.965 |     27 st/s
    done(50): success=34 t_flicker=10 t_touched=3 t_no_reach=3
Ep 52250 | score  263.71 | avg100  141.39 | grasp100  70.0% | best 0.965 |     27 st/s
    done(50): success=36 t_flicker=8 t_touched=5 t_no_reach=1
Ep 52300 | score  177.46 | avg100  153.32 | grasp100  74.0% | best 0.965 |     27 st/s
    done(50): success=38 t_flicker=10 t_touched=1 t_no_reach=1
Ep 52350 | score  203.13 | avg100  162.64 | grasp100  78.0% | best 0.965 |     27 st/s
    done(50): success=40 t_flicker=8 t_touched=2
Ep 52400 | score   55.63 | avg100  166.98 | grasp100  82.0% | best 0.965 |     27 st/s
    done(50): success=42 t_flicker=6 t_touched=1 t_no_reach=1
Ep 52450 | score  188.56 | avg100  168.12 | grasp100  83.0% | best 0.965 |     27 st/s
    done(50): success=41 t_flicker=7 t_touched=2
Ep 52500 | score  179.12 | avg100  168.64 | grasp100  82.0% | best 0.965 |     27 st/s
    done(50): success=41 t_flicker=8 t_touched=1
Ep 52550 | score  171.71 | avg100  167.88 | grasp100  83.0% | best 0.965 |     27 st/s
    done(50): success=42 t_flicker=4 t_touched=3 t_no_reach=1
Ep 52600 | score  198.78 | avg100  177.97 | grasp100  90.0% | best 0.965 |     27 st/s
    done(50): success=48 t_flicker=1 t_touched=1
Ep 52650 | score  203.60 | avg100  191.15 | grasp100  97.0% | best 0.965 |     27 st/s
    done(50): success=49 t_flicker=1
Ep 52700 | score  155.15 | avg100  191.50 | grasp100  97.0% | best 0.965 |     27 st/s
    done(50): success=48 t_flicker=2
Ep 52750 | score  173.54 | avg100  189.81 | grasp100  96.0% | best 0.965 |     27 st/s
    done(50): success=48 t_flicker=2
Ep 52800 | score  188.31 | avg100  189.62 | grasp100  96.0% | best 0.965 |     27 st/s
    done(50): success=48 t_flicker=2
Ep 52850 | score  204.53 | avg100  187.75 | grasp100  94.0% | best 0.965 |     27 st/s
    done(50): success=46 t_flicker=3 t_no_reach=1
Ep 52900 | score  202.59 | avg100  184.33 | grasp100  91.0% | best 0.965 |     27 st/s
    done(50): success=45 t_flicker=4 t_touched=1
Ep 52950 | score  181.76 | avg100  185.03 | grasp100  93.0% | best 0.965 |     27 st/s
    done(50): success=48 t_flicker=2
Ep 53000 | score  200.32 | avg100  184.42 | grasp100  94.0% | best 0.965 |     27 st/s
    done(50): success=46 t_flicker=2 t_touched=1 t_no_reach=1
Ep 53050 | score  205.60 | avg100  187.90 | grasp100  94.0% | best 0.965 |     27 st/s
    done(50): success=48 t_flicker=2
Ep 53100 | score  182.53 | avg100  191.44 | grasp100  96.0% | best 0.965 |     27 st/s
    done(50): success=48 t_flicker=2
Ep 53150 | score  187.27 | avg100  187.88 | grasp100  94.0% | best 0.965 |     27 st/s
    done(50): success=46 t_flicker=2 t_touched=1 t_no_reach=1
Ep 53200 | score  195.24 | avg100  186.64 | grasp100  92.0% | best 0.965 |     27 st/s
    done(50): success=46 t_flicker=4
Ep 53250 | score  178.59 | avg100  187.54 | grasp100  93.0% | best 0.965 |     27 st/s
    done(50): success=47 t_flicker=3
Ep 53300 | score  195.23 | avg100  193.00 | grasp100  97.0% | best 0.965 |     27 st/s
    done(50): success=50
Ep 53350 | score  198.48 | avg100  192.75 | grasp100  98.0% | best 0.965 |     27 st/s
    done(50): success=48 t_flicker=1 t_no_reach=1
Ep 53400 | score  201.07 | avg100  181.06 | grasp100  90.0% | best 0.965 |     27 st/s
    done(50): success=42 t_flicker=6 t_touched=2
Ep 53450 | score  197.37 | avg100  177.85 | grasp100  88.0% | best 0.965 |     27 st/s
    done(50): success=46 t_flicker=3 t_no_reach=1
Ep 53500 | score  190.62 | avg100  187.31 | grasp100  96.0% | best 0.965 |     27 st/s
    done(50): success=50
Ep 53550 | score  189.26 | avg100  194.24 | grasp100 100.0% | best 0.965 |     27 st/s
    done(50): success=50
Ep 53600 | score  199.47 | avg100  187.72 | grasp100  94.0% | best 0.965 |     27 st/s
    done(50): success=44 t_flicker=6
Ep 53650 | score  188.42 | avg100  183.57 | grasp100  92.0% | best 0.965 |     27 st/s
    done(50): success=48 t_flicker=1 t_touched=1
Ep 53700 | score  199.70 | avg100  188.16 | grasp100  96.0% | best 0.965 |     27 st/s
    done(50): success=48 t_touched=1 t_no_reach=1
Ep 53750 | score  220.11 | avg100  191.18 | grasp100  97.0% | best 0.965 |     27 st/s
    done(50): success=49 t_flicker=1
Ep 53800 | score  170.30 | avg100  188.55 | grasp100  97.0% | best 0.965 |     27 st/s
    done(50): success=48 t_flicker=1 t_touched=1
Ep 53850 | score  204.61 | avg100  188.26 | grasp100  97.0% | best 0.965 |     27 st/s
    done(50): success=49 t_flicker=1
  [primacy-bias reset of critic heads @ 775000 updates]
Ep 53900 | score  185.78 | avg100  191.39 | grasp100  97.0% | best 0.965 |     27 st/s
    done(50): success=48 t_flicker=2
Ep 53950 | score    2.62 | avg100  127.87 | grasp100  63.0% | best 0.965 |     27 st/s
    done(50): success=15 t_flicker=9 t_touched=12 t_no_reach=14
Ep 54000 | score   50.36 | avg100   58.53 | grasp100  27.0% | best 0.965 |     27 st/s
    done(50): success=12 t_flicker=7 t_touched=14 t_no_reach=17
Ep 54050 | score  199.70 | avg100   69.43 | grasp100  34.0% | best 0.965 |     27 st/s
    done(50): success=22 t_flicker=8 t_touched=8 t_no_reach=12
Ep 54100 | score  194.12 | avg100  108.35 | grasp100  52.0% | best 0.965 |     27 st/s
    done(50): success=30 t_flicker=11 t_touched=3 t_no_reach=6
Ep 54150 | score    4.28 | avg100  133.37 | grasp100  64.0% | best 0.965 |     27 st/s
    done(50): success=34 t_flicker=7 t_touched=5 t_no_reach=4
Ep 54200 | score   89.65 | avg100  137.19 | grasp100  67.0% | best 0.965 |     27 st/s
    done(50): success=33 t_flicker=9 t_touched=3 t_no_reach=5
Ep 54250 | score  175.33 | avg100  147.32 | grasp100  70.0% | best 0.965 |     27 st/s
    done(50): success=37 t_flicker=9 t_touched=1 t_no_reach=3
Ep 54300 | score  198.71 | avg100  154.80 | grasp100  75.0% | best 0.965 |     27 st/s
    done(50): success=38 t_flicker=7 t_touched=2 t_no_reach=3
Ep 54350 | score  179.23 | avg100  163.36 | grasp100  83.0% | best 0.965 |     27 st/s
    done(50): success=45 t_flicker=4 t_touched=1
Ep 54400 | score  201.63 | avg100  172.76 | grasp100  86.0% | best 0.965 |     27 st/s
    done(50): success=41 t_flicker=8 t_touched=1
Ep 54450 | score  195.79 | avg100  173.93 | grasp100  85.0% | best 0.965 |     27 st/s
    done(50): success=44 t_flicker=4 t_touched=2
Ep 54500 | score  189.56 | avg100  173.40 | grasp100  87.0% | best 0.965 |     27 st/s
    done(50): success=43 t_flicker=6 t_no_reach=1
Ep 54550 | score   80.01 | avg100  174.59 | grasp100  88.0% | best 0.965 |     27 st/s
    done(50): success=45 t_flicker=4 t_touched=1
Ep 54600 | score  182.94 | avg100  176.90 | grasp100  88.0% | best 0.965 |     27 st/s
    done(50): success=43 t_flicker=5 t_touched=2
Ep 54650 | score  191.44 | avg100  181.84 | grasp100  91.0% | best 0.965 |     27 st/s
    done(50): success=48 t_flicker=2
Ep 54700 | score  203.41 | avg100  181.79 | grasp100  92.0% | best 0.965 |     27 st/s
    done(50): success=44 t_flicker=6
Ep 54750 | score  181.10 | avg100  180.83 | grasp100  91.0% | best 0.965 |     27 st/s
    done(50): success=47 t_flicker=1 t_touched=1 t_no_reach=1
Ep 54800 | score  225.90 | avg100  189.02 | grasp100  96.0% | best 0.965 |     27 st/s
    done(50): success=49 t_flicker=1
Ep 54850 | score  188.66 | avg100  184.86 | grasp100  94.0% | best 0.965 |     27 st/s
    done(50): success=45 t_flicker=5
Ep 54900 | score  147.71 | avg100  181.85 | grasp100  93.0% | best 0.965 |     27 st/s
    done(50): success=48 t_flicker=1 t_no_reach=1
Ep 54950 | score  187.14 | avg100  189.46 | grasp100  97.0% | best 0.965 |     27 st/s
    done(50): success=49 t_flicker=1
Ep 55000 | score  196.45 | avg100  192.73 | grasp100  98.0% | best 0.965 |     27 st/s
    done(50): success=49 t_flicker=1

========================================================================
DONE  td3_ln_cereal_alignwarm_s3
  Episodes     : 55000
  Env steps    : 1,973,685  (72309s)
  Best metric  : 0.965  (policy in /home/fahim/Thesis_fahim/pickandplace/checkpoints/td3_grasp_rand_td3_ln_cereal_alignwarm_s3/best)
  Final grasp% : 98.0
  CSV          : /home/fahim/Thesis_fahim/pickandplace/logs/grasp_rand_td3_ln_cereal_alignwarm_s3/episodes.csv
  Probe CSV    : /home/fahim/Thesis_fahim/pickandplace/logs/grasp_rand_td3_ln_cereal_alignwarm_s3/probe.csv
  Manifest     : /home/fahim/Thesis_fahim/pickandplace/logs/grasp_rand_td3_ln_cereal_alignwarm_s3/manifest.json
========================================================================

