========================================================================
RANDOM-SPAWN GRASP RETRAINING  |  algo=td3_ln  run=td3_ln_cereal_basewarm_s0
========================================================================
  Envs                : 5 (subprocess-parallel, fork)
  Spawn level         : 2.0 (1.0 = full position box, 2.0 = + z-rotation)
  Updates/vec-step    : 2 (0.400 per env-step; historical baseline 0.5)
  Buffer              : 2,000,000
  Actor               : 64 -> 32  (5,216 weights)  [critics 512->256]
  Warm start          : checkpoints/td3_grasp_rand_td3_ln_c2m512_s1/best
  Checkpoints         : /home/fahim/Thesis_fahim/pickandplace/checkpoints/td3_grasp_rand_td3_ln_cereal_basewarm_s0
========================================================================

Spawning 5 subprocess environments (fork)...
[robosuite WARNING] No private macro file found! (__init__.py:7)
[robosuite WARNING] It is recommended to use a private macro file (__init__.py:8)
[robosuite WARNING] To setup, run: python /home/fahim/Thesis_fahim/venv/lib/python3.12/site-packages/robosuite/scripts/setup_macros.py (__init__.py:9)
[robosuite WARNING] No private macro file found! (__init__.py:7)
[robosuite WARNING] It is recommended to use a private macro file (__init__.py:8)
[robosuite WARNING] To setup, run: python /home/fahim/Thesis_fahim/venv/lib/python3.12/site-packages/robosuite/scripts/setup_macros.py (__init__.py:9)
[robosuite WARNING] No private macro file found! (__init__.py:7)
[robosuite WARNING] It is recommended to use a private macro file (__init__.py:8)
[robosuite WARNING] To setup, run: python /home/fahim/Thesis_fahim/venv/lib/python3.12/site-packages/robosuite/scripts/setup_macros.py (__init__.py:9)
[robosuite WARNING] No private macro file found! (__init__.py:7)
[robosuite WARNING] It is recommended to use a private macro file (__init__.py:8)
[robosuite WARNING] To setup, run: python /home/fahim/Thesis_fahim/venv/lib/python3.12/site-packages/robosuite/scripts/setup_macros.py (__init__.py:9)
[robosuite WARNING] No private macro file found! (__init__.py:7)
[robosuite WARNING] It is recommended to use a private macro file (__init__.py:8)
[robosuite WARNING] To setup, run: python /home/fahim/Thesis_fahim/venv/lib/python3.12/site-packages/robosuite/scripts/setup_macros.py (__init__.py:9)
Gym has been unmaintained since 2022 and does not support NumPy 2.0 amongst other critical functionality.
Please upgrade to Gymnasium, the maintained drop-in replacement of Gym, or contact the authors of your software and request that they upgrade.
See the migration guide at https://gymnasium.farama.org/introduction/migration_guide/ for additional information.
Gym has been unmaintained since 2022 and does not support NumPy 2.0 amongst other critical functionality.
Please upgrade to Gymnasium, the maintained drop-in replacement of Gym, or contact the authors of your software and request that they upgrade.
See the migration guide at https://gymnasium.farama.org/introduction/migration_guide/ for additional information.
Gym has been unmaintained since 2022 and does not support NumPy 2.0 amongst other critical functionality.
Please upgrade to Gymnasium, the maintained drop-in replacement of Gym, or contact the authors of your software and request that they upgrade.
See the migration guide at https://gymnasium.farama.org/introduction/migration_guide/ for additional information.
Gym has been unmaintained since 2022 and does not support NumPy 2.0 amongst other critical functionality.
Please upgrade to Gymnasium, the maintained drop-in replacement of Gym, or contact the authors of your software and request that they upgrade.
See the migration guide at https://gymnasium.farama.org/introduction/migration_guide/ for additional information.
Gym has been unmaintained since 2022 and does not support NumPy 2.0 amongst other critical functionality.
Please upgrade to Gymnasium, the maintained drop-in replacement of Gym, or contact the authors of your software and request that they upgrade.
See the migration guide at https://gymnasium.farama.org/introduction/migration_guide/ for additional information.
/home/fahim/Thesis_fahim/venv/lib/python3.12/site-packages/gym/spaces/box.py:84: UserWarning: [33mWARN: Box bound precision lowered by casting to float32[0m
  logger.warn(f"Box bound precision lowered by casting to {self.dtype}")
/home/fahim/Thesis_fahim/venv/lib/python3.12/site-packages/gym/spaces/box.py:84: UserWarning: [33mWARN: Box bound precision lowered by casting to float32[0m
  logger.warn(f"Box bound precision lowered by casting to {self.dtype}")
/home/fahim/Thesis_fahim/venv/lib/python3.12/site-packages/gym/spaces/box.py:84: UserWarning: [33mWARN: Box bound precision lowered by casting to float32[0m
  logger.warn(f"Box bound precision lowered by casting to {self.dtype}")
/home/fahim/Thesis_fahim/venv/lib/python3.12/site-packages/gym/spaces/box.py:84: UserWarning: [33mWARN: Box bound precision lowered by casting to float32[0m
  logger.warn(f"Box bound precision lowered by casting to {self.dtype}")
/home/fahim/Thesis_fahim/venv/lib/python3.12/site-packages/gym/spaces/box.py:84: UserWarning: [33mWARN: Box bound precision lowered by casting to float32[0m
  logger.warn(f"Box bound precision lowered by casting to {self.dtype}")
Gym has been unmaintained since 2022 and does not support NumPy 2.0 amongst other critical functionality.
Please upgrade to Gymnasium, the maintained drop-in replacement of Gym, or contact the authors of your software and request that they upgrade.
See the migration guide at https://gymnasium.farama.org/introduction/migration_guide/ for additional information.
5 environments ready.

  Actor QAT           : per-tensor INT8 fake-quant, STE grads
  Actor weight clip   : |w| <= 8.0 * std(w) per Linear tensor (bi_s0 baseline fc1 9.96 / fc2 10.82)
Init: warm-started (actor only, critics fresh) (source: /home/fahim/Thesis_fahim/pickandplace/checkpoints/td3_grasp_rand_td3_ln_c2m512_s1/best)
Fresh replay buffer.

Training...

Ep    50 | score  -45.23 | avg100   10.33 | grasp100   8.0% | best 0.000 |    146 st/s
    done(50): success=4 t_flicker=11 t_touched=18 t_no_reach=17
Ep   100 | score  -66.84 | avg100  -23.44 | grasp100   4.0% | best 0.000 |     59 st/s
    done(50): t_flicker=3 t_touched=4 t_no_reach=43
Ep   150 | score  -46.65 | avg100  -57.34 | grasp100   1.0% | best 0.000 |     47 st/s
    done(50): success=1 t_flicker=1 t_touched=1 t_no_reach=47
Ep   200 | * BEST  level200=2.00 grasp200=  2.5% metric=0.025 | score  -79.59
Ep   250 | score  -60.75 | avg100  -59.93 | grasp100   0.0% | best 0.025 |     40 st/s
    done(50): t_flicker=1 t_touched=1 t_no_reach=48
Ep   300 | score  -75.31 | avg100  -67.13 | grasp100   0.0% | best 0.025 |     39 st/s
    done(50): t_touched=1 t_no_reach=49
Ep   350 | score  -74.84 | avg100  -70.74 | grasp100   0.0% | best 0.025 |     38 st/s
    done(50): t_flicker=1 t_no_reach=49
  [primacy-bias reset of critic heads @ 25000 updates]
Ep   400 | score  -78.73 | avg100  -69.12 | grasp100   0.0% | best 0.025 |     37 st/s
    done(50): t_touched=2 t_no_reach=48
Ep   450 | score  -67.44 | avg100  -62.80 | grasp100   0.0% | best 0.025 |     37 st/s
    done(50): t_flicker=1 t_no_reach=49
Ep   500 | score  -75.33 | avg100  -53.48 | grasp100   0.0% | best 0.025 |     36 st/s
    done(50): t_flicker=3 t_touched=7 t_no_reach=40
Ep   550 | score   61.47 | avg100  -41.27 | grasp100   0.0% | best 0.025 |     36 st/s
    done(50): t_flicker=3 t_touched=10 t_no_reach=37
Ep   600 | score  -27.39 | avg100  -27.91 | grasp100   1.0% | best 0.025 |     36 st/s
    done(50): success=1 t_flicker=6 t_touched=17 t_no_reach=26
Ep   650 | score  -66.33 | avg100  -25.44 | grasp100   1.0% | best 0.025 |     36 st/s
    done(50): t_flicker=5 t_touched=8 t_no_reach=37
  [primacy-bias reset of critic heads @ 50000 updates]
Ep   700 | score   11.88 | avg100  -32.33 | grasp100   2.0% | best 0.025 |     35 st/s
    done(50): success=2 t_flicker=4 t_touched=8 t_no_reach=36
Ep   750 | score  -36.46 | avg100  -35.48 | grasp100   3.0% | best 0.025 |     35 st/s
    done(50): success=1 t_flicker=3 t_touched=14 t_no_reach=32
Ep   800 | score  -37.30 | avg100  -29.69 | grasp100   1.0% | best 0.025 |     35 st/s
    done(50): t_flicker=8 t_touched=5 t_no_reach=37
Ep   850 | score  -67.45 | avg100  -16.19 | grasp100   3.0% | best 0.025 |     35 st/s
    done(50): success=3 t_flicker=8 t_touched=9 t_no_reach=30
Ep   900 | score  -14.49 | avg100   -9.08 | grasp100   3.0% | best 0.025 |     35 st/s
    done(50): t_flicker=10 t_touched=13 t_no_reach=27
Ep   950 | score  -61.10 | avg100   -6.95 | grasp100   1.0% | best 0.025 |     35 st/s
    done(50): success=1 t_flicker=12 t_touched=13 t_no_reach=24
Ep  1000 | score  225.89 | avg100   -1.87 | grasp100   3.0% | best 0.025 |     35 st/s
    done(50): success=2 t_flicker=12 t_touched=10 t_no_reach=26
  [primacy-bias reset of critic heads @ 75000 updates]
Ep  1050 | score  -72.49 | avg100    2.61 | grasp100   2.0% | best 0.025 |     34 st/s
    done(50): t_flicker=15 t_touched=12 t_no_reach=23
Ep  1100 | score   39.67 | avg100   -6.80 | grasp100   0.0% | best 0.025 |     34 st/s
    done(50): t_flicker=5 t_touched=10 t_no_reach=35
Ep  1150 | score   47.70 | avg100  -20.77 | grasp100   0.0% | best 0.025 |     34 st/s
    done(50): t_flicker=5 t_touched=4 t_no_reach=41
Ep  1200 | score   -0.35 | avg100   -1.32 | grasp100   1.0% | best 0.025 |     34 st/s
    done(50): success=1 t_flicker=22 t_touched=10 t_no_reach=17
Ep  1250 | score  -51.61 | avg100   15.16 | grasp100   3.0% | best 0.025 |     34 st/s
    done(50): success=2 t_flicker=13 t_touched=11 t_no_reach=24
Ep  1300 | score  -11.44 | avg100    8.80 | grasp100   3.0% | best 0.025 |     34 st/s
    done(50): success=1 t_flicker=15 t_touched=16 t_no_reach=18
Ep  1350 | score   -5.60 | avg100   17.83 | grasp100   4.0% | best 0.025 |     34 st/s
    done(50): success=3 t_flicker=16 t_touched=12 t_no_reach=19
  [primacy-bias reset of critic heads @ 100000 updates]
Ep  1400 | score  -57.98 | avg100   11.97 | grasp100   3.0% | best 0.025 |     34 st/s
    done(50): t_flicker=17 t_touched=7 t_no_reach=26
Ep  1450 | score  -25.43 | avg100    8.30 | grasp100   1.0% | best 0.025 |     34 st/s
    done(50): success=1 t_flicker=18 t_touched=10 t_no_reach=21
Ep  1500 | score   -0.49 | avg100   13.37 | grasp100   1.0% | best 0.025 |     34 st/s
    done(50): t_flicker=16 t_touched=9 t_no_reach=25
Ep  1550 | score   24.65 | avg100   17.61 | grasp100   2.0% | best 0.025 |     34 st/s
    done(50): success=2 t_flicker=16 t_touched=17 t_no_reach=15
Ep  1600 | score   77.13 | avg100   26.93 | grasp100   2.0% | best 0.025 |     34 st/s
    done(50): t_flicker=22 t_touched=18 t_no_reach=10
Ep  1650 | score   73.85 | avg100   29.53 | grasp100   2.0% | best 0.025 |     34 st/s
    done(50): success=2 t_flicker=17 t_touched=22 t_no_reach=9
Ep  1700 | score    5.61 | avg100   28.89 | grasp100   3.0% | best 0.025 |     34 st/s
    done(50): success=1 t_flicker=20 t_touched=17 t_no_reach=12
  [primacy-bias reset of critic heads @ 125000 updates]
Ep  1750 | score    3.56 | avg100   17.30 | grasp100   1.0% | best 0.025 |     34 st/s
    done(50): t_flicker=12 t_touched=19 t_no_reach=19
Ep  1797 | * BEST  level200=2.00 grasp200=  4.0% metric=0.040 | score  212.47
Ep  1800 | score   76.81 | avg100   23.21 | grasp100   5.0% | best 0.040 |     34 st/s
    done(50): success=5 t_flicker=22 t_touched=10 t_no_reach=13
Ep  1850 | score  -65.09 | avg100   35.64 | grasp100   9.0% | best 0.040 |     34 st/s
    done(50): success=4 t_flicker=23 t_touched=11 t_no_reach=12
Ep  1851 | * BEST  level200=2.00 grasp200=  5.5% metric=0.055 | score  206.29
Ep  1869 | * BEST  level200=2.00 grasp200=  7.0% metric=0.070 | score  235.72
Ep  1890 | * BEST  level200=2.00 grasp200=  8.5% metric=0.085 | score  212.40
Ep  1900 | score    5.36 | avg100   50.83 | grasp100  12.0% | best 0.085 |     34 st/s
    done(50): success=8 t_flicker=22 t_touched=14 t_no_reach=6
Ep  1935 | * BEST  level200=2.00 grasp200= 10.0% metric=0.100 | score  207.56
Ep  1944 | * BEST  level200=2.00 grasp200= 11.5% metric=0.115 | score  205.01
Ep  1950 | score  212.89 | avg100   61.46 | grasp100  15.0% | best 0.115 |     34 st/s
    done(50): success=7 t_flicker=19 t_touched=21 t_no_reach=3
Ep  1956 | * BEST  level200=2.00 grasp200= 13.0% metric=0.130 | score  208.96
Ep  1992 | * BEST  level200=2.00 grasp200= 14.5% metric=0.145 | score  210.56
Ep  2000 | score  -18.20 | avg100   55.22 | grasp100  16.0% | best 0.145 |     34 st/s
    done(50): success=9 t_flicker=17 t_touched=13 t_no_reach=11
Ep  2050 | score   -2.29 | avg100   46.45 | grasp100  15.0% | best 0.145 |     34 st/s
    done(50): success=6 t_flicker=17 t_touched=17 t_no_reach=10
Ep  2100 | score  -36.84 | avg100   42.14 | grasp100  12.0% | best 0.145 |     34 st/s
    done(50): success=6 t_flicker=17 t_touched=17 t_no_reach=10
  [primacy-bias reset of critic heads @ 150000 updates]
Ep  2150 | score   55.47 | avg100   27.43 | grasp100   7.0% | best 0.145 |     34 st/s
    done(50): success=1 t_flicker=16 t_touched=10 t_no_reach=23
Ep  2200 | score  -13.69 | avg100   18.20 | grasp100   5.0% | best 0.145 |     33 st/s
    done(50): success=4 t_flicker=15 t_touched=13 t_no_reach=18
Ep  2250 | score   -6.43 | avg100   32.19 | grasp100   8.0% | best 0.145 |     33 st/s
    done(50): success=4 t_flicker=28 t_touched=9 t_no_reach=9
Ep  2300 | score   48.45 | avg100   43.95 | grasp100  10.0% | best 0.145 |     33 st/s
    done(50): success=6 t_flicker=26 t_touched=11 t_no_reach=7
Ep  2350 | score   57.31 | avg100   57.26 | grasp100  15.0% | best 0.145 |     33 st/s
    done(50): success=9 t_flicker=18 t_touched=19 t_no_reach=4
Ep  2400 | score  124.05 | avg100   54.28 | grasp100  13.0% | best 0.145 |     33 st/s
    done(50): success=4 t_flicker=24 t_touched=15 t_no_reach=7
Ep  2450 | score  -34.24 | avg100   52.86 | grasp100  12.0% | best 0.145 |     33 st/s
    done(50): success=8 t_flicker=14 t_touched=21 t_no_reach=7
  [primacy-bias reset of critic heads @ 175000 updates]
Ep  2500 | score   83.47 | avg100   62.26 | grasp100  13.0% | best 0.145 |     33 st/s
    done(50): success=5 t_flicker=25 t_touched=15 t_no_reach=5
Ep  2550 | score  -33.49 | avg100   52.44 | grasp100   7.0% | best 0.145 |     33 st/s
    done(50): success=2 t_flicker=25 t_touched=14 t_no_reach=9
Ep  2600 | score   11.26 | avg100   41.12 | grasp100   5.0% | best 0.145 |     33 st/s
    done(50): success=3 t_flicker=15 t_touched=23 t_no_reach=9
Ep  2650 | score   58.69 | avg100   51.00 | grasp100  12.0% | best 0.145 |     33 st/s
    done(50): success=9 t_flicker=20 t_touched=11 t_no_reach=10
Ep  2700 | score  -24.13 | avg100   60.06 | grasp100  14.0% | best 0.145 |     33 st/s
    done(50): success=5 t_flicker=27 t_touched=15 t_no_reach=3
Ep  2750 | score   62.85 | avg100   64.93 | grasp100  11.0% | best 0.145 |     33 st/s
    done(50): success=6 t_flicker=28 t_touched=12 t_no_reach=4
Ep  2800 | score   70.71 | avg100   72.73 | grasp100  16.0% | best 0.145 |     33 st/s
    done(50): success=10 t_flicker=26 t_touched=9 t_no_reach=5
Ep  2809 | * BEST  level200=2.00 grasp200= 16.0% metric=0.160 | score  211.82
Ep  2850 | score  211.15 | avg100   74.82 | grasp100  19.0% | best 0.160 |     33 st/s
    done(50): success=9 t_flicker=22 t_touched=14 t_no_reach=5
  [primacy-bias reset of critic heads @ 200000 updates]
Ep  2900 | score  100.45 | avg100   71.65 | grasp100  18.0% | best 0.160 |     33 st/s
    done(50): success=9 t_flicker=21 t_touched=16 t_no_reach=4
Ep  2901 | * BEST  level200=2.00 grasp200= 17.5% metric=0.175 | score  209.20
Ep  2950 | score   72.86 | avg100   49.44 | grasp100  15.0% | best 0.175 |     33 st/s
    done(50): success=6 t_flicker=20 t_touched=12 t_no_reach=12
Ep  3000 | score  213.95 | avg100   37.07 | grasp100   9.0% | best 0.175 |     33 st/s
    done(50): success=3 t_flicker=23 t_touched=14 t_no_reach=10
Ep  3050 | score  117.56 | avg100   54.72 | grasp100  10.0% | best 0.175 |     33 st/s
    done(50): success=7 t_flicker=23 t_touched=16 t_no_reach=4
Ep  3100 | score   37.87 | avg100   65.38 | grasp100  16.0% | best 0.175 |     33 st/s
    done(50): success=9 t_flicker=26 t_touched=12 t_no_reach=3
Ep  3150 | score  -27.68 | avg100   65.57 | grasp100  17.0% | best 0.175 |     33 st/s
    done(50): success=8 t_flicker=22 t_touched=15 t_no_reach=5
Ep  3200 | score  229.49 | avg100   65.23 | grasp100  16.0% | best 0.175 |     33 st/s
    done(50): success=8 t_flicker=19 t_touched=18 t_no_reach=5
Ep  3250 | score   17.03 | avg100   63.14 | grasp100  14.0% | best 0.175 |     33 st/s
    done(50): success=6 t_flicker=26 t_touched=14 t_no_reach=4
Ep  3300 | score   38.20 | avg100   67.75 | grasp100  14.0% | best 0.175 |     33 st/s
    done(50): success=8 t_flicker=25 t_touched=15 t_no_reach=2
  [primacy-bias reset of critic heads @ 225000 updates]
Ep  3350 | score   58.12 | avg100   49.64 | grasp100  12.0% | best 0.175 |     33 st/s
    done(50): success=4 t_flicker=16 t_touched=22 t_no_reach=8
Ep  3400 | score   49.95 | avg100   35.73 | grasp100   7.0% | best 0.175 |     33 st/s
    done(50): success=3 t_flicker=29 t_touched=15 t_no_reach=3
Ep  3450 | score   83.90 | avg100   56.26 | grasp100   9.0% | best 0.175 |     33 st/s
    done(50): success=6 t_flicker=22 t_touched=17 t_no_reach=5
Ep  3500 | score  114.54 | avg100   78.28 | grasp100  18.0% | best 0.175 |     33 st/s
    done(50): success=12 t_flicker=23 t_touched=11 t_no_reach=4
Ep  3550 | score  212.00 | avg100   84.85 | grasp100  21.0% | best 0.175 |     33 st/s
    done(50): success=9 t_flicker=26 t_touched=13 t_no_reach=2
Ep  3581 | * BEST  level200=2.00 grasp200= 19.0% metric=0.190 | score  210.54
Ep  3600 | score   55.03 | avg100   80.45 | grasp100  21.0% | best 0.190 |     33 st/s
    done(50): success=12 t_flicker=23 t_touched=11 t_no_reach=4
Ep  3608 | * BEST  level200=2.00 grasp200= 20.5% metric=0.205 | score  211.54
Ep  3634 | * BEST  level200=2.00 grasp200= 22.0% metric=0.220 | score  228.44
Ep  3650 | score   61.80 | avg100   86.12 | grasp100  22.0% | best 0.220 |     33 st/s
    done(50): success=10 t_flicker=29 t_touched=8 t_no_reach=3
Ep  3700 | score  -28.50 | avg100   90.29 | grasp100  24.0% | best 0.220 |     33 st/s
    done(50): success=14 t_flicker=21 t_touched=10 t_no_reach=5
Ep  3710 | * BEST  level200=2.00 grasp200= 23.5% metric=0.235 | score  207.95
  [primacy-bias reset of critic heads @ 250000 updates]
Ep  3750 | score   91.87 | avg100   93.17 | grasp100  26.0% | best 0.235 |     33 st/s
    done(50): success=12 t_flicker=22 t_touched=13 t_no_reach=3
Ep  3800 | score   37.33 | avg100   54.84 | grasp100  13.0% | best 0.235 |     33 st/s
    done(50): success=1 t_flicker=18 t_touched=19 t_no_reach=12
Ep  3850 | score   24.45 | avg100   34.99 | grasp100   6.0% | best 0.235 |     33 st/s
    done(50): success=5 t_flicker=22 t_touched=17 t_no_reach=6
Ep  3900 | score  208.55 | avg100   76.73 | grasp100  22.0% | best 0.235 |     33 st/s
    done(50): success=17 t_flicker=20 t_touched=9 t_no_reach=4
Ep  3950 | score   70.46 | avg100   92.13 | grasp100  26.0% | best 0.235 |     33 st/s
    done(50): success=9 t_flicker=28 t_touched=12 t_no_reach=1
Ep  4000 | score   46.19 | avg100   85.29 | grasp100  19.0% | best 0.235 |     33 st/s
    done(50): success=10 t_flicker=25 t_touched=9 t_no_reach=6
Ep  4050 | score   44.73 | avg100   82.10 | grasp100  19.0% | best 0.235 |     33 st/s
    done(50): success=9 t_flicker=28 t_touched=9 t_no_reach=4
Ep  4100 | score  208.10 | avg100   80.21 | grasp100  20.0% | best 0.235 |     33 st/s
    done(50): success=11 t_flicker=26 t_touched=7 t_no_reach=6
Ep  4149 | * BEST  level200=2.00 grasp200= 25.0% metric=0.250 | score  234.81
Ep  4150 | score  -11.60 | avg100   94.19 | grasp100  31.0% | best 0.250 |     33 st/s
    done(50): success=20 t_flicker=13 t_touched=16 t_no_reach=1
Ep  4198 | * BEST  level200=2.00 grasp200= 26.5% metric=0.265 | score  210.16
Ep  4200 | score  109.61 | avg100  103.68 | grasp100  32.0% | best 0.265 |     33 st/s
    done(50): success=12 t_flicker=24 t_touched=13 t_no_reach=1
  [primacy-bias reset of critic heads @ 275000 updates]
Ep  4250 | score   -5.78 | avg100   77.08 | grasp100  16.0% | best 0.265 |     33 st/s
    done(50): success=4 t_flicker=23 t_touched=15 t_no_reach=8
Ep  4300 | score   58.45 | avg100   59.69 | grasp100  11.0% | best 0.265 |     33 st/s
    done(50): success=7 t_flicker=29 t_touched=10 t_no_reach=4
Ep  4350 | score   56.34 | avg100   69.10 | grasp100  16.0% | best 0.265 |     33 st/s
    done(50): success=9 t_flicker=26 t_touched=11 t_no_reach=4
Ep  4400 | score  206.83 | avg100   74.49 | grasp100  19.0% | best 0.265 |     33 st/s
    done(50): success=10 t_flicker=22 t_touched=13 t_no_reach=5
Ep  4450 | score   65.28 | avg100   86.88 | grasp100  25.0% | best 0.265 |     33 st/s
    done(50): success=15 t_flicker=20 t_touched=12 t_no_reach=3
Ep  4500 | score  120.65 | avg100   99.85 | grasp100  32.0% | best 0.265 |     33 st/s
    done(50): success=17 t_flicker=20 t_touched=9 t_no_reach=4
Ep  4550 | score  118.96 | avg100   96.67 | grasp100  30.0% | best 0.265 |     33 st/s
    done(50): success=13 t_flicker=19 t_touched=17 t_no_reach=1
Ep  4552 | * BEST  level200=2.00 grasp200= 28.0% metric=0.280 | score  209.20
Ep  4560 | * BEST  level200=2.00 grasp200= 29.5% metric=0.295 | score  205.51
Ep  4600 | score   52.51 | avg100   95.22 | grasp100  25.0% | best 0.295 |     33 st/s
    done(50): success=12 t_flicker=22 t_touched=15 t_no_reach=1
Ep  4650 | score   52.04 | avg100   92.60 | grasp100  22.0% | best 0.295 |     33 st/s
    done(50): success=10 t_flicker=29 t_touched=11
  [primacy-bias reset of critic heads @ 300000 updates]
Ep  4700 | score   55.78 | avg100   81.43 | grasp100  18.0% | best 0.295 |     33 st/s
    done(50): success=8 t_flicker=24 t_touched=13 t_no_reach=5
Ep  4750 | score   48.66 | avg100   56.24 | grasp100  13.0% | best 0.295 |     33 st/s
    done(50): success=5 t_flicker=21 t_touched=18 t_no_reach=6
Ep  4800 | score  124.74 | avg100   57.34 | grasp100  15.0% | best 0.295 |     33 st/s
    done(50): success=10 t_flicker=29 t_touched=8 t_no_reach=3
Ep  4850 | score  -56.73 | avg100   90.22 | grasp100  25.0% | best 0.295 |     33 st/s
    done(50): success=15 t_flicker=25 t_touched=7 t_no_reach=3
Ep  4900 | score   49.55 | avg100   97.09 | grasp100  27.0% | best 0.295 |     33 st/s
    done(50): success=12 t_flicker=29 t_touched=5 t_no_reach=4
Ep  4950 | score  -69.71 | avg100   98.05 | grasp100  28.0% | best 0.295 |     33 st/s
    done(50): success=16 t_flicker=24 t_touched=9 t_no_reach=1
Ep  5000 | score  209.92 | avg100   97.10 | grasp100  28.0% | best 0.295 |     33 st/s
    done(50): success=12 t_flicker=29 t_touched=7 t_no_reach=2
Ep  5030 | * BEST  level200=2.00 grasp200= 31.0% metric=0.310 | score  225.39
Ep  5050 | score  207.83 | avg100  105.66 | grasp100  32.0% | best 0.310 |     33 st/s
    done(50): success=20 t_flicker=22 t_touched=6 t_no_reach=2
Ep  5068 | * BEST  level200=2.00 grasp200= 32.5% metric=0.325 | score  208.87
Ep  5084 | * BEST  level200=2.00 grasp200= 34.0% metric=0.340 | score  215.45
Ep  5100 | score   -1.08 | avg100  116.62 | grasp100  39.0% | best 0.340 |     33 st/s
    done(50): success=19 t_flicker=22 t_touched=6 t_no_reach=3
Ep  5150 | score   83.74 | avg100  109.39 | grasp100  38.0% | best 0.340 |     33 st/s
    done(50): success=19 t_flicker=22 t_touched=6 t_no_reach=3
Ep  5151 | * BEST  level200=2.00 grasp200= 35.5% metric=0.355 | score  205.79
Ep  5200 | score  -32.62 | avg100  100.82 | grasp100  32.0% | best 0.355 |     33 st/s
    done(50): success=13 t_flicker=29 t_touched=6 t_no_reach=2
  [primacy-bias reset of critic heads @ 325000 updates]
Ep  5203 | * BEST  level200=2.00 grasp200= 37.0% metric=0.370 | score  211.83
Ep  5250 | score   85.40 | avg100   80.27 | grasp100  19.0% | best 0.370 |     33 st/s
    done(50): success=6 t_flicker=29 t_touched=12 t_no_reach=3
Ep  5300 | score   56.56 | avg100   65.53 | grasp100  17.0% | best 0.370 |     33 st/s
    done(50): success=11 t_flicker=18 t_touched=15 t_no_reach=6
Ep  5350 | score  208.08 | avg100   77.02 | grasp100  24.0% | best 0.370 |     33 st/s
    done(50): success=13 t_flicker=26 t_touched=10 t_no_reach=1
Ep  5400 | score   63.72 | avg100   92.42 | grasp100  26.0% | best 0.370 |     33 st/s
    done(50): success=13 t_flicker=31 t_touched=5 t_no_reach=1
Ep  5450 | score   57.06 | avg100  108.91 | grasp100  31.0% | best 0.370 |     33 st/s
    done(50): success=18 t_flicker=30 t_touched=1 t_no_reach=1
Ep  5500 | score  116.16 | avg100  117.15 | grasp100  38.0% | best 0.370 |     33 st/s
    done(50): success=20 t_flicker=19 t_touched=9 t_no_reach=2
Ep  5550 | score  105.64 | avg100   97.18 | grasp100  30.0% | best 0.370 |     33 st/s
    done(50): success=10 t_flicker=28 t_touched=10 t_no_reach=2
Ep  5600 | score  -58.62 | avg100   88.75 | grasp100  25.0% | best 0.370 |     33 st/s
    done(50): success=15 t_flicker=18 t_touched=10 t_no_reach=7
Ep  5650 | score  208.58 | avg100   89.15 | grasp100  28.0% | best 0.370 |     33 st/s
    done(50): success=13 t_flicker=24 t_touched=6 t_no_reach=7
Ep  5700 | score  207.22 | avg100  102.43 | grasp100  36.0% | best 0.370 |     33 st/s
    done(50): success=23 t_flicker=20 t_touched=2 t_no_reach=5
  [primacy-bias reset of critic heads @ 350000 updates]
Ep  5750 | score   63.01 | avg100  111.54 | grasp100  37.0% | best 0.370 |     33 st/s
    done(50): success=14 t_flicker=28 t_touched=4 t_no_reach=4
Ep  5800 | score  209.99 | avg100   90.95 | grasp100  25.0% | best 0.370 |     33 st/s
    done(50): success=11 t_flicker=29 t_touched=7 t_no_reach=3
Ep  5850 | score  239.45 | avg100   89.84 | grasp100  26.0% | best 0.370 |     33 st/s
    done(50): success=15 t_flicker=26 t_touched=5 t_no_reach=4
Ep  5900 | score  155.00 | avg100   93.10 | grasp100  25.0% | best 0.370 |     33 st/s
    done(50): success=10 t_flicker=27 t_touched=8 t_no_reach=5
Ep  5950 | score   24.60 | avg100   84.42 | grasp100  17.0% | best 0.370 |     33 st/s
    done(50): success=7 t_flicker=35 t_touched=5 t_no_reach=3
Ep  6000 | score   40.47 | avg100   83.20 | grasp100  19.0% | best 0.370 |     33 st/s
    done(50): success=12 t_flicker=26 t_touched=8 t_no_reach=4
Ep  6050 | score  -13.53 | avg100   93.43 | grasp100  27.0% | best 0.370 |     33 st/s
    done(50): success=15 t_flicker=29 t_touched=3 t_no_reach=3
Ep  6100 | score   69.05 | avg100  114.25 | grasp100  37.0% | best 0.370 |     33 st/s
    done(50): success=22 t_flicker=23 t_touched=5
Ep  6150 | score   55.45 | avg100  130.15 | grasp100  45.0% | best 0.370 |     33 st/s
    done(50): success=23 t_flicker=22 t_touched=4 t_no_reach=1
Ep  6193 | * BEST  level200=2.00 grasp200= 38.5% metric=0.385 | score  219.88
Ep  6200 | score  218.57 | avg100  118.55 | grasp100  41.0% | best 0.385 |     33 st/s
    done(50): success=18 t_flicker=26 t_touched=4 t_no_reach=2
Ep  6218 | * BEST  level200=2.00 grasp200= 40.0% metric=0.400 | score  206.22
Ep  6250 | score  -13.05 | avg100  102.72 | grasp100  36.0% | best 0.400 |     33 st/s
    done(50): success=18 t_flicker=24 t_touched=3 t_no_reach=5
Ep  6256 | * BEST  level200=2.00 grasp200= 41.5% metric=0.415 | score  205.57
Ep  6300 | score  206.73 | avg100  106.24 | grasp100  34.0% | best 0.415 |     33 st/s
    done(50): success=16 t_flicker=29 t_touched=4 t_no_reach=1
Ep  6350 | score   80.43 | avg100  120.60 | grasp100  38.0% | best 0.415 |     33 st/s
    done(50): success=22 t_flicker=21 t_touched=6 t_no_reach=1
  [primacy-bias reset of critic heads @ 375000 updates]
Ep  6400 | score  -25.39 | avg100  113.60 | grasp100  38.0% | best 0.415 |     33 st/s
    done(50): success=16 t_flicker=26 t_touched=6 t_no_reach=2
Ep  6450 | score  -20.39 | avg100   90.39 | grasp100  29.0% | best 0.415 |     33 st/s
    done(50): success=13 t_flicker=23 t_touched=10 t_no_reach=4
Ep  6500 | score  206.81 | avg100   85.43 | grasp100  25.0% | best 0.415 |     33 st/s
    done(50): success=12 t_flicker=27 t_touched=8 t_no_reach=3
Ep  6550 | score   88.23 | avg100   94.46 | grasp100  24.0% | best 0.415 |     33 st/s
    done(50): success=12 t_flicker=32 t_touched=5 t_no_reach=1
Ep  6600 | score   85.93 | avg100  109.06 | grasp100  31.0% | best 0.415 |     33 st/s
    done(50): success=19 t_flicker=22 t_touched=8 t_no_reach=1
Ep  6650 | score  206.34 | avg100  110.04 | grasp100  36.0% | best 0.415 |     33 st/s
    done(50): success=17 t_flicker=24 t_touched=8 t_no_reach=1
Ep  6700 | score  213.86 | avg100  100.21 | grasp100  30.0% | best 0.415 |     33 st/s
    done(50): success=13 t_flicker=29 t_touched=6 t_no_reach=2
Ep  6750 | score   15.63 | avg100  109.14 | grasp100  34.0% | best 0.415 |     33 st/s
    done(50): success=21 t_flicker=20 t_touched=7 t_no_reach=2
Ep  6800 | score  208.22 | avg100  124.33 | grasp100  43.0% | best 0.415 |     33 st/s
    done(50): success=22 t_flicker=21 t_touched=6 t_no_reach=1
Ep  6850 | score  207.35 | avg100  120.70 | grasp100  43.0% | best 0.415 |     33 st/s
    done(50): success=21 t_flicker=22 t_touched=4 t_no_reach=3
Ep  6900 | score   44.18 | avg100  115.17 | grasp100  41.0% | best 0.415 |     33 st/s
    done(50): success=20 t_flicker=21 t_touched=4 t_no_reach=5
Ep  6950 | score  215.16 | avg100  110.50 | grasp100  34.0% | best 0.415 |     33 st/s
    done(50): success=14 t_flicker=31 t_touched=4 t_no_reach=1
  [primacy-bias reset of critic heads @ 400000 updates]
Ep  7000 | score   16.04 | avg100  103.24 | grasp100  34.0% | best 0.415 |     33 st/s
    done(50): success=20 t_flicker=16 t_touched=7 t_no_reach=7
Ep  7050 | score  115.31 | avg100   89.18 | grasp100  25.0% | best 0.415 |     33 st/s
    done(50): success=5 t_flicker=31 t_touched=12 t_no_reach=2
Ep  7100 | score  210.68 | avg100   89.06 | grasp100  21.0% | best 0.415 |     33 st/s
    done(50): success=16 t_flicker=25 t_touched=7 t_no_reach=2
Ep  7150 | score  122.59 | avg100  108.49 | grasp100  33.0% | best 0.415 |     33 st/s
    done(50): success=17 t_flicker=27 t_touched=5 t_no_reach=1
Ep  7200 | score   61.00 | avg100  124.36 | grasp100  42.0% | best 0.415 |     33 st/s
    done(50): success=25 t_flicker=17 t_touched=6 t_no_reach=2
Ep  7250 | score   42.27 | avg100  129.64 | grasp100  46.0% | best 0.415 |     33 st/s
    done(50): success=21 t_flicker=24 t_touched=4 t_no_reach=1
Ep  7280 | * BEST  level200=2.00 grasp200= 43.0% metric=0.430 | score  207.21
Ep  7284 | * BEST  level200=2.00 grasp200= 44.5% metric=0.445 | score  207.59
Ep  7289 | * BEST  level200=2.00 grasp200= 46.0% metric=0.460 | score  208.57
Ep  7300 | score  210.90 | avg100  138.19 | grasp100  51.0% | best 0.460 |     33 st/s
    done(50): success=30 t_flicker=15 t_touched=4 t_no_reach=1
Ep  7302 | * BEST  level200=2.00 grasp200= 47.5% metric=0.475 | score  206.36
Ep  7320 | * BEST  level200=2.00 grasp200= 49.0% metric=0.490 | score  205.94
Ep  7350 | score   78.72 | avg100  136.84 | grasp100  52.0% | best 0.490 |     33 st/s
    done(50): success=22 t_flicker=25 t_touched=3
Ep  7400 | score  144.54 | avg100  131.78 | grasp100  46.0% | best 0.490 |     33 st/s
    done(50): success=24 t_flicker=22 t_touched=4
Ep  7442 | * BEST  level200=2.00 grasp200= 50.5% metric=0.505 | score  206.08
Ep  7450 | score   53.95 | avg100  133.89 | grasp100  46.0% | best 0.505 |     33 st/s
    done(50): success=22 t_flicker=20 t_touched=4 t_no_reach=4
Ep  7500 | score  206.19 | avg100  131.54 | grasp100  45.0% | best 0.505 |     33 st/s
    done(50): success=23 t_flicker=23 t_touched=3 t_no_reach=1
Ep  7550 | score   61.17 | avg100  141.07 | grasp100  49.0% | best 0.505 |     33 st/s
    done(50): success=26 t_flicker=23 t_touched=1
Ep  7600 | score  210.12 | avg100  151.43 | grasp100  56.0% | best 0.505 |     33 st/s
    done(50): success=30 t_flicker=17 t_touched=3
Ep  7612 | * BEST  level200=2.00 grasp200= 52.0% metric=0.520 | score  206.30
  [primacy-bias reset of critic heads @ 425000 updates]
Ep  7650 | score   25.35 | avg100  139.97 | grasp100  49.0% | best 0.520 |     33 st/s
    done(50): success=19 t_flicker=20 t_touched=9 t_no_reach=2
Ep  7700 | score   62.64 | avg100   86.89 | grasp100  25.0% | best 0.520 |     33 st/s
    done(50): success=6 t_flicker=23 t_touched=11 t_no_reach=10
Ep  7750 | score  108.78 | avg100   65.28 | grasp100  20.0% | best 0.520 |     33 st/s
    done(50): success=14 t_flicker=17 t_touched=14 t_no_reach=5
Ep  7800 | score   82.20 | avg100  101.16 | grasp100  32.0% | best 0.520 |     33 st/s
    done(50): success=18 t_flicker=25 t_touched=6 t_no_reach=1
Ep  7850 | score  209.10 | avg100  125.68 | grasp100  40.0% | best 0.520 |     33 st/s
    done(50): success=22 t_flicker=20 t_touched=7 t_no_reach=1
Ep  7900 | score  206.37 | avg100  136.55 | grasp100  48.0% | best 0.520 |     33 st/s
    done(50): success=26 t_flicker=21 t_touched=3
Ep  7950 | score   78.63 | avg100  141.93 | grasp100  51.0% | best 0.520 |     32 st/s
    done(50): success=25 t_flicker=19 t_touched=5 t_no_reach=1
Ep  8000 | score  207.68 | avg100  142.04 | grasp100  53.0% | best 0.520 |     32 st/s
    done(50): success=28 t_flicker=18 t_touched=3 t_no_reach=1
Ep  8050 | score  -38.24 | avg100  132.66 | grasp100  49.0% | best 0.520 |     32 st/s
    done(50): success=21 t_flicker=23 t_touched=3 t_no_reach=3
Ep  8077 | * BEST  level200=2.00 grasp200= 53.5% metric=0.535 | score  207.82
Ep  8086 | * BEST  level200=2.00 grasp200= 55.0% metric=0.550 | score  210.45
Ep  8100 | score   68.86 | avg100  137.54 | grasp100  51.0% | best 0.550 |     32 st/s
    done(50): success=30 t_flicker=16 t_touched=3 t_no_reach=1
Ep  8150 | score   56.18 | avg100  147.18 | grasp100  53.0% | best 0.550 |     32 st/s
    done(50): success=23 t_flicker=24 t_touched=2 t_no_reach=1
Ep  8200 | score  206.38 | avg100  141.95 | grasp100  53.0% | best 0.550 |     32 st/s
    done(50): success=30 t_flicker=12 t_touched=4 t_no_reach=4
Ep  8250 | score  207.11 | avg100  134.65 | grasp100  51.0% | best 0.550 |     32 st/s
    done(50): success=21 t_flicker=19 t_touched=9 t_no_reach=1
  [primacy-bias reset of critic heads @ 450000 updates]
Ep  8300 | score  106.58 | avg100  106.29 | grasp100  33.0% | best 0.550 |     32 st/s
    done(50): success=12 t_flicker=21 t_touched=11 t_no_reach=6
Ep  8350 | score    9.28 | avg100   75.32 | grasp100  24.0% | best 0.550 |     32 st/s
    done(50): success=12 t_flicker=22 t_touched=7 t_no_reach=9
Ep  8400 | score   21.94 | avg100   76.67 | grasp100  25.0% | best 0.550 |     32 st/s
    done(50): success=13 t_flicker=23 t_touched=12 t_no_reach=2
Ep  8450 | score  207.38 | avg100  111.62 | grasp100  40.0% | best 0.550 |     32 st/s
    done(50): success=27 t_flicker=18 t_touched=3 t_no_reach=2
Ep  8500 | score  206.67 | avg100  132.67 | grasp100  50.0% | best 0.550 |     32 st/s
    done(50): success=23 t_flicker=19 t_touched=5 t_no_reach=3
Ep  8550 | score  208.09 | avg100  134.93 | grasp100  48.0% | best 0.550 |     32 st/s
    done(50): success=25 t_flicker=18 t_touched=6 t_no_reach=1
Ep  8600 | score   64.35 | avg100  136.09 | grasp100  47.0% | best 0.550 |     32 st/s
    done(50): success=22 t_flicker=23 t_touched=3 t_no_reach=2
Ep  8650 | score   85.49 | avg100  138.61 | grasp100  47.0% | best 0.550 |     32 st/s
    done(50): success=25 t_flicker=22 t_touched=2 t_no_reach=1
Ep  8700 | score   73.42 | avg100  132.72 | grasp100  43.0% | best 0.550 |     32 st/s
    done(50): success=18 t_flicker=27 t_touched=3 t_no_reach=2
Ep  8750 | score  -11.78 | avg100  127.69 | grasp100  43.0% | best 0.550 |     32 st/s
    done(50): success=25 t_flicker=18 t_touched=5 t_no_reach=2
Ep  8800 | score  217.11 | avg100  138.75 | grasp100  52.0% | best 0.550 |     32 st/s
    done(50): success=27 t_flicker=20 t_touched=3
Ep  8850 | score  117.96 | avg100  137.18 | grasp100  49.0% | best 0.550 |     32 st/s
    done(50): success=22 t_flicker=20 t_touched=5 t_no_reach=3
Ep  8900 | score   59.57 | avg100  126.13 | grasp100  42.0% | best 0.550 |     32 st/s
    done(50): success=20 t_flicker=25 t_touched=3 t_no_reach=2
  [primacy-bias reset of critic heads @ 475000 updates]
Ep  8950 | score   74.70 | avg100  113.56 | grasp100  37.0% | best 0.550 |     32 st/s
    done(50): success=17 t_flicker=19 t_touched=13 t_no_reach=1
Ep  9000 | score  -65.62 | avg100   87.26 | grasp100  28.0% | best 0.550 |     32 st/s
    done(50): success=11 t_flicker=21 t_touched=11 t_no_reach=7
Ep  9050 | score  143.04 | avg100   80.90 | grasp100  26.0% | best 0.550 |     32 st/s
    done(50): success=15 t_flicker=22 t_touched=12 t_no_reach=1
Ep  9100 | score   73.20 | avg100  112.65 | grasp100  41.0% | best 0.550 |     32 st/s
    done(50): success=26 t_flicker=15 t_touched=6 t_no_reach=3
Ep  9150 | score  208.19 | avg100  138.98 | grasp100  53.0% | best 0.550 |     32 st/s
    done(50): success=27 t_flicker=21 t_touched=1 t_no_reach=1
Ep  9200 | score   81.54 | avg100  131.56 | grasp100  45.0% | best 0.550 |     32 st/s
    done(50): success=18 t_flicker=30 t_touched=2
Ep  9250 | score  225.92 | avg100  119.87 | grasp100  40.0% | best 0.550 |     32 st/s
    done(50): success=22 t_flicker=25 t_touched=3
Ep  9300 | score  209.85 | avg100  123.97 | grasp100  41.0% | best 0.550 |     32 st/s
    done(50): success=19 t_flicker=25 t_touched=4 t_no_reach=2
Ep  9350 | score   55.86 | avg100  124.79 | grasp100  38.0% | best 0.550 |     32 st/s
    done(50): success=19 t_flicker=22 t_touched=8 t_no_reach=1
Ep  9400 | score  208.36 | avg100  144.80 | grasp100  49.0% | best 0.550 |     32 st/s
    done(50): success=30 t_flicker=19 t_touched=1
Ep  9450 | score  204.90 | avg100  157.77 | grasp100  61.0% | best 0.550 |     32 st/s
    done(50): success=31 t_flicker=15 t_touched=3 t_no_reach=1
Ep  9500 | score  239.15 | avg100  145.74 | grasp100  57.0% | best 0.550 |     32 st/s
    done(50): success=26 t_flicker=21 t_touched=3
Ep  9530 | * BEST  level200=2.00 grasp200= 56.5% metric=0.565 | score  204.41
Ep  9550 | score   55.60 | avg100  141.30 | grasp100  52.0% | best 0.565 |     32 st/s
    done(50): success=26 t_flicker=17 t_touched=7
Ep  9600 | score   49.52 | avg100  141.96 | grasp100  51.0% | best 0.565 |     32 st/s
    done(50): success=25 t_flicker=22 t_no_reach=3
Ep  9650 | score   76.58 | avg100  136.74 | grasp100  47.0% | best 0.565 |     32 st/s
    done(50): success=22 t_flicker=22 t_touched=6
  [primacy-bias reset of critic heads @ 500000 updates]
Ep  9700 | score   56.35 | avg100  108.77 | grasp100  34.0% | best 0.565 |     32 st/s
    done(50): success=12 t_flicker=25 t_touched=7 t_no_reach=6
Ep  9750 | score   11.36 | avg100   92.88 | grasp100  31.0% | best 0.565 |     32 st/s
    done(50): success=19 t_flicker=16 t_touched=11 t_no_reach=4
Ep  9800 | score  206.46 | avg100  104.57 | grasp100  38.0% | best 0.565 |     32 st/s
    done(50): success=19 t_flicker=25 t_touched=5 t_no_reach=1
Ep  9850 | score   55.28 | avg100  115.98 | grasp100  39.0% | best 0.565 |     32 st/s
    done(50): success=20 t_flicker=27 t_touched=3
Ep  9900 | score  205.19 | avg100  116.10 | grasp100  40.0% | best 0.565 |     32 st/s
    done(50): success=20 t_flicker=23 t_touched=3 t_no_reach=4
Ep  9950 | score   54.63 | avg100  109.24 | grasp100  35.0% | best 0.565 |     32 st/s
    done(50): success=15 t_flicker=29 t_touched=4 t_no_reach=2
Ep 10000 | score  207.72 | avg100  118.22 | grasp100  37.0% | best 0.565 |     32 st/s
    done(50): success=22 t_flicker=23 t_touched=5
Ep 10050 | score   97.65 | avg100  135.31 | grasp100  48.0% | best 0.565 |     32 st/s
    done(50): success=26 t_flicker=21 t_touched=2 t_no_reach=1
Ep 10100 | score   73.90 | avg100  142.34 | grasp100  51.0% | best 0.565 |     32 st/s
    done(50): success=25 t_flicker=24 t_touched=1
Ep 10150 | score  206.72 | avg100  141.43 | grasp100  54.0% | best 0.565 |     32 st/s
    done(50): success=29 t_flicker=16 t_touched=2 t_no_reach=3
Ep 10200 | score  206.74 | avg100  134.78 | grasp100  50.0% | best 0.565 |     32 st/s
    done(50): success=21 t_flicker=24 t_touched=4 t_no_reach=1
Ep 10250 | score  208.99 | avg100  132.35 | grasp100  46.0% | best 0.565 |     32 st/s
    done(50): success=25 t_flicker=20 t_touched=3 t_no_reach=2
Ep 10300 | score   25.30 | avg100  143.89 | grasp100  54.0% | best 0.565 |     32 st/s
    done(50): success=29 t_flicker=14 t_touched=7
Ep 10350 | score   79.34 | avg100  153.03 | grasp100  58.0% | best 0.565 |     32 st/s
    done(50): success=29 t_flicker=18 t_touched=3
  [primacy-bias reset of critic heads @ 525000 updates]
Ep 10400 | score  -73.37 | avg100  130.76 | grasp100  46.0% | best 0.565 |     32 st/s
    done(50): success=17 t_flicker=26 t_touched=5 t_no_reach=2
Ep 10450 | score  -14.62 | avg100   89.46 | grasp100  29.0% | best 0.565 |     32 st/s
    done(50): success=12 t_flicker=22 t_touched=11 t_no_reach=5
Ep 10500 | score  207.82 | avg100   95.15 | grasp100  35.0% | best 0.565 |     32 st/s
    done(50): success=23 t_flicker=20 t_touched=3 t_no_reach=4
Ep 10550 | score   67.31 | avg100  116.30 | grasp100  40.0% | best 0.565 |     32 st/s
    done(50): success=17 t_flicker=26 t_touched=6 t_no_reach=1
Ep 10600 | score  107.13 | avg100  126.99 | grasp100  43.0% | best 0.565 |     32 st/s
    done(50): success=26 t_flicker=22 t_touched=1 t_no_reach=1
Ep 10650 | score  208.75 | avg100  139.18 | grasp100  53.0% | best 0.565 |     32 st/s
    done(50): success=27 t_flicker=19 t_touched=3 t_no_reach=1
Ep 10700 | score  206.65 | avg100  146.81 | grasp100  55.0% | best 0.565 |     32 st/s
    done(50): success=28 t_flicker=19 t_touched=3
Ep 10750 | score  129.58 | avg100  145.73 | grasp100  53.0% | best 0.565 |     32 st/s
    done(50): success=25 t_flicker=22 t_touched=2 t_no_reach=1
Ep 10800 | score   54.25 | avg100  140.91 | grasp100  52.0% | best 0.565 |     32 st/s
    done(50): success=27 t_flicker=20 t_touched=3
Ep 10850 | score  233.29 | avg100  144.00 | grasp100  53.0% | best 0.565 |     32 st/s
    done(50): success=26 t_flicker=18 t_touched=6
Ep 10900 | score   84.70 | avg100  147.81 | grasp100  54.0% | best 0.565 |     32 st/s
    done(50): success=28 t_flicker=18 t_touched=4
Ep 10950 | score   53.16 | avg100  148.93 | grasp100  54.0% | best 0.565 |     32 st/s
    done(50): success=26 t_flicker=21 t_touched=1 t_no_reach=2
Ep 11000 | score  214.41 | avg100  146.44 | grasp100  53.0% | best 0.565 |     32 st/s
    done(50): success=27 t_flicker=19 t_touched=2 t_no_reach=2
Ep 11028 | * BEST  level200=2.00 grasp200= 58.0% metric=0.580 | score  204.23
Ep 11050 | score  126.14 | avg100  153.99 | grasp100  59.0% | best 0.580 |     32 st/s
    done(50): success=32 t_flicker=15 t_touched=3
Ep 11100 | score  210.27 | avg100  155.41 | grasp100  63.0% | best 0.580 |     32 st/s
    done(50): success=31 t_flicker=17 t_touched=1 t_no_reach=1
  [primacy-bias reset of critic heads @ 550000 updates]
Ep 11150 | score  -41.59 | avg100  135.48 | grasp100  53.0% | best 0.580 |     32 st/s
    done(50): success=22 t_flicker=19 t_touched=5 t_no_reach=4
Ep 11200 | score  204.36 | avg100  104.92 | grasp100  34.0% | best 0.580 |     32 st/s
    done(50): success=12 t_flicker=24 t_touched=11 t_no_reach=3
Ep 11250 | score  177.32 | avg100   88.56 | grasp100  26.0% | best 0.580 |     32 st/s
    done(50): success=14 t_flicker=23 t_touched=8 t_no_reach=5
Ep 11300 | score  207.72 | avg100  101.86 | grasp100  35.0% | best 0.580 |     32 st/s
    done(50): success=21 t_flicker=23 t_touched=5 t_no_reach=1
Ep 11350 | score  208.53 | avg100  119.73 | grasp100  44.0% | best 0.580 |     32 st/s
    done(50): success=23 t_flicker=22 t_touched=2 t_no_reach=3
Ep 11400 | score  121.63 | avg100  138.47 | grasp100  54.0% | best 0.580 |     32 st/s
    done(50): success=31 t_flicker=17 t_touched=1 t_no_reach=1
Ep 11450 | score   60.88 | avg100  147.06 | grasp100  55.0% | best 0.580 |     32 st/s
    done(50): success=24 t_flicker=22 t_touched=4
Ep 11500 | score  205.95 | avg100  138.52 | grasp100  49.0% | best 0.580 |     32 st/s
    done(50): success=25 t_flicker=23 t_touched=2
Ep 11550 | score  131.96 | avg100  135.17 | grasp100  50.0% | best 0.580 |     32 st/s
    done(50): success=25 t_flicker=20 t_touched=5
Ep 11600 | score  206.36 | avg100  131.51 | grasp100  49.0% | best 0.580 |     32 st/s
    done(50): success=24 t_flicker=19 t_touched=5 t_no_reach=2
Ep 11650 | score   56.35 | avg100  142.19 | grasp100  54.0% | best 0.580 |     32 st/s
    done(50): success=30 t_flicker=18 t_touched=2
Ep 11700 | score  207.27 | avg100  144.88 | grasp100  54.0% | best 0.580 |     32 st/s
    done(50): success=24 t_flicker=18 t_touched=6 t_no_reach=2
Ep 11750 | score  206.95 | avg100  143.04 | grasp100  53.0% | best 0.580 |     32 st/s
    done(50): success=29 t_flicker=19 t_touched=2
Ep 11800 | score  219.12 | avg100  150.53 | grasp100  56.0% | best 0.580 |     32 st/s
    done(50): success=27 t_flicker=21 t_touched=2
Ep 11850 | score   54.97 | avg100  143.38 | grasp100  53.0% | best 0.580 |     32 st/s
    done(50): success=26 t_flicker=21 t_touched=3
Ep 11900 | score  207.66 | avg100  133.91 | grasp100  48.0% | best 0.580 |     32 st/s
    done(50): success=22 t_flicker=22 t_touched=6
  [primacy-bias reset of critic heads @ 575000 updates]
Ep 11950 | score   56.10 | avg100  116.29 | grasp100  35.0% | best 0.580 |     32 st/s
    done(50): success=13 t_flicker=27 t_touched=6 t_no_reach=4
Ep 12000 | score   79.45 | avg100   86.57 | grasp100  26.0% | best 0.580 |     32 st/s
    done(50): success=13 t_flicker=24 t_touched=7 t_no_reach=6
Ep 12050 | score  -18.64 | avg100   85.67 | grasp100  29.0% | best 0.580 |     32 st/s
    done(50): success=16 t_flicker=28 t_touched=4 t_no_reach=2
Ep 12100 | score  206.20 | avg100  105.95 | grasp100  36.0% | best 0.580 |     32 st/s
    done(50): success=20 t_flicker=22 t_touched=6 t_no_reach=2
Ep 12150 | score  206.29 | avg100  132.05 | grasp100  46.0% | best 0.580 |     32 st/s
    done(50): success=26 t_flicker=19 t_touched=4 t_no_reach=1
Ep 12200 | score   66.97 | avg100  152.02 | grasp100  58.0% | best 0.580 |     32 st/s
    done(50): success=32 t_flicker=13 t_touched=3 t_no_reach=2
Ep 12250 | score  206.70 | avg100  141.82 | grasp100  56.0% | best 0.580 |     32 st/s
    done(50): success=24 t_flicker=21 t_touched=5
Ep 12300 | score  205.23 | avg100  137.50 | grasp100  51.0% | best 0.580 |     32 st/s
    done(50): success=27 t_flicker=17 t_touched=5 t_no_reach=1
Ep 12350 | score  206.11 | avg100  139.09 | grasp100  52.0% | best 0.580 |     32 st/s
    done(50): success=25 t_flicker=17 t_touched=6 t_no_reach=2
Ep 12400 | score  206.04 | avg100  145.72 | grasp100  60.0% | best 0.580 |     32 st/s
    done(50): success=35 t_flicker=11 t_touched=1 t_no_reach=3
Ep 12450 | score   51.73 | avg100  146.14 | grasp100  59.0% | best 0.580 |     32 st/s
    done(50): success=24 t_flicker=24 t_touched=2
Ep 12490 | * BEST  level200=2.00 grasp200= 59.5% metric=0.595 | score  218.35
Ep 12500 | score  208.11 | avg100  152.05 | grasp100  60.0% | best 0.595 |     32 st/s
    done(50): success=36 t_flicker=11 t_touched=1 t_no_reach=2
Ep 12503 | * BEST  level200=2.00 grasp200= 61.0% metric=0.610 | score  206.11
Ep 12550 | score  199.56 | avg100  157.00 | grasp100  65.0% | best 0.610 |     32 st/s
    done(50): success=29 t_flicker=15 t_touched=3 t_no_reach=3
Ep 12558 | * BEST  level200=2.00 grasp200= 62.5% metric=0.625 | score  204.53
Ep 12600 | score  235.01 | avg100  150.51 | grasp100  58.0% | best 0.625 |     32 st/s
    done(50): success=29 t_flicker=16 t_touched=4 t_no_reach=1
Ep 12632 | * BEST  level200=2.00 grasp200= 64.0% metric=0.640 | score  203.82
Ep 12635 | * BEST  level200=2.00 grasp200= 65.5% metric=0.655 | score  203.63
Ep 12650 | score  213.63 | avg100  163.95 | grasp100  65.0% | best 0.655 |     32 st/s
    done(50): success=36 t_flicker=13 t_touched=1
Ep 12700 | score  207.81 | avg100  159.05 | grasp100  65.0% | best 0.655 |     32 st/s
    done(50): success=29 t_flicker=21
  [primacy-bias reset of critic heads @ 600000 updates]
Ep 12750 | score  101.48 | avg100  123.13 | grasp100  46.0% | best 0.655 |     32 st/s
    done(50): success=17 t_flicker=16 t_touched=11 t_no_reach=6
Ep 12800 | score   76.47 | avg100  113.65 | grasp100  40.0% | best 0.655 |     32 st/s
    done(50): success=23 t_flicker=22 t_touched=3 t_no_reach=2
Ep 12850 | score  207.09 | avg100  122.09 | grasp100  44.0% | best 0.655 |     32 st/s
    done(50): success=21 t_flicker=24 t_touched=2 t_no_reach=3
Ep 12900 | score  206.97 | avg100  122.82 | grasp100  43.0% | best 0.655 |     32 st/s
    done(50): success=22 t_flicker=20 t_touched=8
Ep 12950 | score   44.43 | avg100  128.54 | grasp100  43.0% | best 0.655 |     32 st/s
    done(50): success=21 t_flicker=27 t_touched=2
Ep 13000 | score   58.21 | avg100  131.52 | grasp100  47.0% | best 0.655 |     32 st/s
    done(50): success=26 t_flicker=20 t_touched=3 t_no_reach=1
Ep 13050 | score  205.41 | avg100  142.58 | grasp100  56.0% | best 0.655 |     32 st/s
    done(50): success=30 t_flicker=16 t_touched=3 t_no_reach=1
Ep 13100 | score  100.90 | avg100  150.50 | grasp100  62.0% | best 0.655 |     32 st/s
    done(50): success=32 t_flicker=15 t_touched=2 t_no_reach=1
Ep 13150 | score  208.67 | avg100  148.36 | grasp100  59.0% | best 0.655 |     32 st/s
    done(50): success=27 t_flicker=18 t_touched=5
Ep 13200 | score  206.56 | avg100  147.49 | grasp100  55.0% | best 0.655 |     32 st/s
    done(50): success=28 t_flicker=19 t_touched=3
Ep 13250 | score  214.58 | avg100  148.66 | grasp100  56.0% | best 0.655 |     32 st/s
    done(50): success=28 t_flicker=19 t_touched=3
Ep 13300 | score  -28.69 | avg100  149.84 | grasp100  60.0% | best 0.655 |     32 st/s
    done(50): success=32 t_flicker=11 t_touched=4 t_no_reach=3
Ep 13350 | score  208.94 | avg100  132.67 | grasp100  51.0% | best 0.655 |     32 st/s
    done(50): success=19 t_flicker=19 t_touched=10 t_no_reach=2
Ep 13400 | score  206.53 | avg100  130.22 | grasp100  50.0% | best 0.655 |     32 st/s
    done(50): success=31 t_flicker=10 t_touched=7 t_no_reach=2
Ep 13450 | score  203.92 | avg100  153.30 | grasp100  62.0% | best 0.655 |     32 st/s
    done(50): success=31 t_flicker=16 t_touched=3
Ep 13500 | score   54.63 | avg100  161.52 | grasp100  66.0% | best 0.655 |     32 st/s
    done(50): success=35 t_flicker=13 t_touched=1 t_no_reach=1
  [primacy-bias reset of critic heads @ 625000 updates]
Ep 13550 | score   26.85 | avg100  148.84 | grasp100  64.0% | best 0.655 |     32 st/s
    done(50): success=29 t_flicker=14 t_touched=2 t_no_reach=5
Ep 13600 | score  233.10 | avg100  107.09 | grasp100  44.0% | best 0.655 |     32 st/s
    done(50): success=15 t_flicker=20 t_touched=8 t_no_reach=7
========================================================================
RANDOM-SPAWN GRASP RETRAINING  |  algo=td3_ln  run=td3_ln_cereal_basewarm_s0
========================================================================
  Envs                : 5 (subprocess-parallel, fork)
  Spawn level         : 2.0 (1.0 = full position box, 2.0 = + z-rotation)
  Updates/vec-step    : 2 (0.400 per env-step; historical baseline 0.5)
  Buffer              : 2,000,000
  Actor               : 64 -> 32  (5,216 weights)  [critics 512->256]
  Warm start          : checkpoints/td3_grasp_rand_td3_ln_c2m512_s1/best
  Checkpoints         : /home/fahim/Thesis_fahim/pickandplace/checkpoints/td3_grasp_rand_td3_ln_cereal_basewarm_s0
========================================================================

Spawning 5 subprocess environments (fork)...
[robosuite WARNING] No private macro file found! (__init__.py:7)
[robosuite WARNING] No private macro file found! (__init__.py:7)
[robosuite WARNING] It is recommended to use a private macro file (__init__.py:8)
[robosuite WARNING] It is recommended to use a private macro file (__init__.py:8)
[robosuite WARNING] To setup, run: python /home/fahim/Thesis_fahim/venv/lib/python3.12/site-packages/robosuite/scripts/setup_macros.py (__init__.py:9)
[robosuite WARNING] To setup, run: python /home/fahim/Thesis_fahim/venv/lib/python3.12/site-packages/robosuite/scripts/setup_macros.py (__init__.py:9)
[robosuite WARNING] No private macro file found! (__init__.py:7)
[robosuite WARNING] No private macro file found! (__init__.py:7)
[robosuite WARNING] It is recommended to use a private macro file (__init__.py:8)
[robosuite WARNING] It is recommended to use a private macro file (__init__.py:8)
[robosuite WARNING] To setup, run: python /home/fahim/Thesis_fahim/venv/lib/python3.12/site-packages/robosuite/scripts/setup_macros.py (__init__.py:9)
[robosuite WARNING] To setup, run: python /home/fahim/Thesis_fahim/venv/lib/python3.12/site-packages/robosuite/scripts/setup_macros.py (__init__.py:9)
[robosuite WARNING] No private macro file found! (__init__.py:7)
[robosuite WARNING] It is recommended to use a private macro file (__init__.py:8)
[robosuite WARNING] To setup, run: python /home/fahim/Thesis_fahim/venv/lib/python3.12/site-packages/robosuite/scripts/setup_macros.py (__init__.py:9)
Gym has been unmaintained since 2022 and does not support NumPy 2.0 amongst other critical functionality.
Please upgrade to Gymnasium, the maintained drop-in replacement of Gym, or contact the authors of your software and request that they upgrade.
See the migration guide at https://gymnasium.farama.org/introduction/migration_guide/ for additional information.Gym has been unmaintained since 2022 and does not support NumPy 2.0 amongst other critical functionality.
Please upgrade to Gymnasium, the maintained drop-in replacement of Gym, or contact the authors of your software and request that they upgrade.
See the migration guide at https://gymnasium.farama.org/introduction/migration_guide/ for additional information.

Gym has been unmaintained since 2022 and does not support NumPy 2.0 amongst other critical functionality.
Please upgrade to Gymnasium, the maintained drop-in replacement of Gym, or contact the authors of your software and request that they upgrade.
See the migration guide at https://gymnasium.farama.org/introduction/migration_guide/ for additional information.
Gym has been unmaintained since 2022 and does not support NumPy 2.0 amongst other critical functionality.
Please upgrade to Gymnasium, the maintained drop-in replacement of Gym, or contact the authors of your software and request that they upgrade.
See the migration guide at https://gymnasium.farama.org/introduction/migration_guide/ for additional information.
Gym has been unmaintained since 2022 and does not support NumPy 2.0 amongst other critical functionality.
Please upgrade to Gymnasium, the maintained drop-in replacement of Gym, or contact the authors of your software and request that they upgrade.
See the migration guide at https://gymnasium.farama.org/introduction/migration_guide/ for additional information.
/home/fahim/Thesis_fahim/venv/lib/python3.12/site-packages/gym/spaces/box.py:84: UserWarning: [33mWARN: Box bound precision lowered by casting to float32[0m
  logger.warn(f"Box bound precision lowered by casting to {self.dtype}")
/home/fahim/Thesis_fahim/venv/lib/python3.12/site-packages/gym/spaces/box.py:84: UserWarning: [33mWARN: Box bound precision lowered by casting to float32[0m
  logger.warn(f"Box bound precision lowered by casting to {self.dtype}")
/home/fahim/Thesis_fahim/venv/lib/python3.12/site-packages/gym/spaces/box.py:84: UserWarning: [33mWARN: Box bound precision lowered by casting to float32[0m
  logger.warn(f"Box bound precision lowered by casting to {self.dtype}")
/home/fahim/Thesis_fahim/venv/lib/python3.12/site-packages/gym/spaces/box.py:84: UserWarning: [33mWARN: Box bound precision lowered by casting to float32[0m
  logger.warn(f"Box bound precision lowered by casting to {self.dtype}")
Gym has been unmaintained since 2022 and does not support NumPy 2.0 amongst other critical functionality.
Please upgrade to Gymnasium, the maintained drop-in replacement of Gym, or contact the authors of your software and request that they upgrade.
See the migration guide at https://gymnasium.farama.org/introduction/migration_guide/ for additional information.
5 environments ready.

/home/fahim/Thesis_fahim/venv/lib/python3.12/site-packages/gym/spaces/box.py:84: UserWarning: [33mWARN: Box bound precision lowered by casting to float32[0m
  logger.warn(f"Box bound precision lowered by casting to {self.dtype}")
========================================================================
RANDOM-SPAWN GRASP RETRAINING  |  algo=td3_ln  run=td3_ln_cereal_basewarm_s0
========================================================================
  Envs                : 5 (subprocess-parallel, fork)
  Spawn level         : 2.0 (1.0 = full position box, 2.0 = + z-rotation)
  Updates/vec-step    : 2 (0.400 per env-step; historical baseline 0.5)
  Buffer              : 2,000,000
  Actor               : 64 -> 32  (5,216 weights)  [critics 512->256]
  Warm start          : checkpoints/td3_grasp_rand_td3_ln_c2m512_s1/best
  Checkpoints         : /home/fahim/Thesis_fahim/pickandplace/checkpoints/td3_grasp_rand_td3_ln_cereal_basewarm_s0
========================================================================

Spawning 5 subprocess environments (fork)...
[robosuite WARNING] No private macro file found! (__init__.py:7)
[robosuite WARNING] It is recommended to use a private macro file (__init__.py:8)
[robosuite WARNING] To setup, run: python /home/fahim/Thesis_fahim/venv/lib/python3.12/site-packages/robosuite/scripts/setup_macros.py (__init__.py:9)
[robosuite WARNING] No private macro file found! (__init__.py:7)
[robosuite WARNING] It is recommended to use a private macro file (__init__.py:8)
[robosuite WARNING] To setup, run: python /home/fahim/Thesis_fahim/venv/lib/python3.12/site-packages/robosuite/scripts/setup_macros.py (__init__.py:9)
[robosuite WARNING] No private macro file found! (__init__.py:7)
[robosuite WARNING] It is recommended to use a private macro file (__init__.py:8)
[robosuite WARNING] To setup, run: python /home/fahim/Thesis_fahim/venv/lib/python3.12/site-packages/robosuite/scripts/setup_macros.py (__init__.py:9)
[robosuite WARNING] No private macro file found! (__init__.py:7)
[robosuite WARNING] It is recommended to use a private macro file (__init__.py:8)
[robosuite WARNING] To setup, run: python /home/fahim/Thesis_fahim/venv/lib/python3.12/site-packages/robosuite/scripts/setup_macros.py (__init__.py:9)
[robosuite WARNING] No private macro file found! (__init__.py:7)
[robosuite WARNING] It is recommended to use a private macro file (__init__.py:8)
[robosuite WARNING] To setup, run: python /home/fahim/Thesis_fahim/venv/lib/python3.12/site-packages/robosuite/scripts/setup_macros.py (__init__.py:9)
Gym has been unmaintained since 2022 and does not support NumPy 2.0 amongst other critical functionality.
Please upgrade to Gymnasium, the maintained drop-in replacement of Gym, or contact the authors of your software and request that they upgrade.
See the migration guide at https://gymnasium.farama.org/introduction/migration_guide/ for additional information.Gym has been unmaintained since 2022 and does not support NumPy 2.0 amongst other critical functionality.
Please upgrade to Gymnasium, the maintained drop-in replacement of Gym, or contact the authors of your software and request that they upgrade.
See the migration guide at https://gymnasium.farama.org/introduction/migration_guide/ for additional information.

Gym has been unmaintained since 2022 and does not support NumPy 2.0 amongst other critical functionality.
Please upgrade to Gymnasium, the maintained drop-in replacement of Gym, or contact the authors of your software and request that they upgrade.
See the migration guide at https://gymnasium.farama.org/introduction/migration_guide/ for additional information.
Gym has been unmaintained since 2022 and does not support NumPy 2.0 amongst other critical functionality.
Please upgrade to Gymnasium, the maintained drop-in replacement of Gym, or contact the authors of your software and request that they upgrade.
See the migration guide at https://gymnasium.farama.org/introduction/migration_guide/ for additional information.
Gym has been unmaintained since 2022 and does not support NumPy 2.0 amongst other critical functionality.
Please upgrade to Gymnasium, the maintained drop-in replacement of Gym, or contact the authors of your software and request that they upgrade.
See the migration guide at https://gymnasium.farama.org/introduction/migration_guide/ for additional information.
/home/fahim/Thesis_fahim/venv/lib/python3.12/site-packages/gym/spaces/box.py:84: UserWarning: [33mWARN: Box bound precision lowered by casting to float32[0m
  logger.warn(f"Box bound precision lowered by casting to {self.dtype}")
/home/fahim/Thesis_fahim/venv/lib/python3.12/site-packages/gym/spaces/box.py:84: UserWarning: [33mWARN: Box bound precision lowered by casting to float32[0m
  logger.warn(f"Box bound precision lowered by casting to {self.dtype}")
/home/fahim/Thesis_fahim/venv/lib/python3.12/site-packages/gym/spaces/box.py:84: UserWarning: [33mWARN: Box bound precision lowered by casting to float32[0m
  logger.warn(f"Box bound precision lowered by casting to {self.dtype}")
/home/fahim/Thesis_fahim/venv/lib/python3.12/site-packages/gym/spaces/box.py:84: UserWarning: [33mWARN: Box bound precision lowered by casting to float32[0m
  logger.warn(f"Box bound precision lowered by casting to {self.dtype}")
/home/fahim/Thesis_fahim/venv/lib/python3.12/site-packages/gym/spaces/box.py:84: UserWarning: [33mWARN: Box bound precision lowered by casting to float32[0m
  logger.warn(f"Box bound precision lowered by casting to {self.dtype}")
Gym has been unmaintained since 2022 and does not support NumPy 2.0 amongst other critical functionality.
Please upgrade to Gymnasium, the maintained drop-in replacement of Gym, or contact the authors of your software and request that they upgrade.
See the migration guide at https://gymnasium.farama.org/introduction/migration_guide/ for additional information.
5 environments ready.

  Actor QAT           : per-tensor INT8 fake-quant, STE grads
  Actor weight clip   : |w| <= 8.0 * std(w) per Linear tensor (bi_s0 baseline fc1 9.96 / fc2 10.82)
Init: resumed (source: /home/fahim/Thesis_fahim/pickandplace/checkpoints/td3_grasp_rand_td3_ln_c2m512_s1/best)
Resumed replay buffer (1,571,045 transitions).

Training...

Ep    50 | score   93.33 | avg100  136.55 | grasp100  50.0% | best 0.000 |     50 st/s
    done(50): success=25 t_flicker=23 t_touched=1 t_no_reach=1
Ep   100 | score   53.16 | avg100  149.74 | grasp100  59.0% | best 0.000 |     48 st/s
    done(50): success=34 t_flicker=15 t_no_reach=1
Ep   150 | score  110.10 | avg100  163.94 | grasp100  68.0% | best 0.000 |     44 st/s
    done(50): success=34 t_flicker=11 t_touched=5
Ep   200 | * BEST  level200=2.00 grasp200= 63.0% metric=0.630 | score  207.08
Ep   237 | * BEST  level200=2.00 grasp200= 64.5% metric=0.645 | score  208.45
Ep   250 | score   61.09 | avg100  150.35 | grasp100  63.0% | best 0.645 |     37 st/s
    done(50): success=30 t_flicker=15 t_touched=4 t_no_reach=1
Ep   254 | * BEST  level200=2.00 grasp200= 66.0% metric=0.660 | score  206.67
Ep   259 | * BEST  level200=2.00 grasp200= 67.5% metric=0.675 | score  214.91
Ep   300 | score   92.19 | avg100  145.08 | grasp100  58.0% | best 0.675 |     36 st/s
    done(50): success=28 t_flicker=18 t_touched=4
Ep   350 | score  -70.35 | avg100  138.04 | grasp100  52.0% | best 0.675 |     35 st/s
    done(50): success=24 t_flicker=22 t_touched=3 t_no_reach=1
Ep   400 | score  218.26 | avg100  140.27 | grasp100  54.0% | best 0.675 |     35 st/s
    done(50): success=30 t_flicker=15 t_touched=3 t_no_reach=2
Ep   450 | score   55.89 | avg100  147.20 | grasp100  62.0% | best 0.675 |     34 st/s
    done(50): success=32 t_flicker=12 t_touched=4 t_no_reach=2
Ep   500 | score  205.24 | avg100  150.73 | grasp100  64.0% | best 0.675 |     34 st/s
    done(50): success=32 t_flicker=18
Ep   550 | score   75.30 | avg100  152.15 | grasp100  59.0% | best 0.675 |     32 st/s
    done(50): success=27 t_flicker=17 t_touched=6
Ep   600 | score  161.72 | avg100  155.61 | grasp100  60.0% | best 0.675 |     32 st/s
    done(50): success=33 t_flicker=15 t_touched=1 t_no_reach=1
Ep   650 | score   58.52 | avg100  153.78 | grasp100  59.0% | best 0.675 |     32 st/s
    done(50): success=26 t_flicker=22 t_touched=2
Ep   700 | score   56.23 | avg100  141.88 | grasp100  53.0% | best 0.675 |     32 st/s
    done(50): success=27 t_flicker=20 t_touched=2 t_no_reach=1
Ep   750 | score  203.80 | avg100  152.14 | grasp100  56.0% | best 0.675 |     32 st/s
    done(50): success=29 t_flicker=18 t_touched=3
Ep   800 | score  151.52 | avg100  162.52 | grasp100  61.0% | best 0.675 |     32 st/s
    done(50): success=32 t_flicker=14 t_touched=3 t_no_reach=1
Ep   850 | score   56.36 | avg100  151.29 | grasp100  58.0% | best 0.675 |     32 st/s
    done(50): success=26 t_flicker=19 t_touched=3 t_no_reach=2
  [primacy-bias reset of critic heads @ 25000 updates]
Ep   900 | score  208.12 | avg100  145.54 | grasp100  56.0% | best 0.675 |     33 st/s
    done(50): success=30 t_flicker=11 t_touched=6 t_no_reach=3
Ep   950 | score   -1.58 | avg100  115.68 | grasp100  49.0% | best 0.675 |     34 st/s
    done(50): success=19 t_flicker=15 t_touched=8 t_no_reach=8
Ep  1000 | score   65.81 | avg100   88.65 | grasp100  36.0% | best 0.675 |     34 st/s
    done(50): success=17 t_flicker=18 t_touched=9 t_no_reach=6
Ep  1050 | score   96.45 | avg100  115.09 | grasp100  40.0% | best 0.675 |     34 st/s
    done(50): success=23 t_flicker=20 t_touched=4 t_no_reach=3
Ep  1100 | score  206.03 | avg100  133.99 | grasp100  48.0% | best 0.675 |     34 st/s
    done(50): success=25 t_flicker=22 t_touched=1 t_no_reach=2
Ep  1150 | score  205.61 | avg100  143.17 | grasp100  55.0% | best 0.675 |     35 st/s
    done(50): success=30 t_flicker=16 t_touched=3 t_no_reach=1
Ep  1200 | score  208.37 | avg100  156.80 | grasp100  62.0% | best 0.675 |     35 st/s
    done(50): success=32 t_flicker=16 t_no_reach=2
Ep  1250 | score  205.57 | avg100  153.12 | grasp100  62.0% | best 0.675 |     35 st/s
    done(50): success=30 t_flicker=16 t_touched=3 t_no_reach=1
Ep  1300 | score  204.76 | avg100  154.21 | grasp100  64.0% | best 0.675 |     35 st/s
    done(50): success=34 t_flicker=13 t_touched=3
Ep  1350 | score  233.37 | avg100  164.80 | grasp100  68.0% | best 0.675 |     35 st/s
    done(50): success=34 t_flicker=12 t_touched=4
Ep  1400 | score  -21.79 | avg100  153.08 | grasp100  61.0% | best 0.675 |     35 st/s
    done(50): success=27 t_flicker=19 t_touched=3 t_no_reach=1
Ep  1450 | score  205.23 | avg100  139.64 | grasp100  54.0% | best 0.675 |     35 st/s
    done(50): success=27 t_flicker=19 t_touched=3 t_no_reach=1
Ep  1500 | score    1.46 | avg100  150.14 | grasp100  60.0% | best 0.675 |     36 st/s
    done(50): success=33 t_flicker=13 t_touched=3 t_no_reach=1
Ep  1550 | score  209.31 | avg100  157.70 | grasp100  62.0% | best 0.675 |     35 st/s
    done(50): success=29 t_flicker=17 t_touched=4
Ep  1600 | score  204.63 | avg100  153.90 | grasp100  62.0% | best 0.675 |     35 st/s
    done(50): success=33 t_flicker=12 t_touched=4 t_no_reach=1
Ep  1650 | score  -57.80 | avg100  159.73 | grasp100  67.0% | best 0.675 |     35 st/s
    done(50): success=34 t_flicker=12 t_touched=3 t_no_reach=1
Ep  1700 | score  207.46 | avg100  164.34 | grasp100  69.0% | best 0.675 |     36 st/s
    done(50): success=35 t_flicker=12 t_touched=2 t_no_reach=1
Ep  1750 | score    3.58 | avg100  158.48 | grasp100  68.0% | best 0.675 |     36 st/s
    done(50): success=33 t_flicker=12 t_touched=5
  [primacy-bias reset of critic heads @ 50000 updates]
Ep  1800 | score   19.18 | avg100  115.94 | grasp100  47.0% | best 0.675 |     36 st/s
    done(50): success=14 t_flicker=14 t_touched=11 t_no_reach=11
Ep  1850 | score  208.04 | avg100   97.99 | grasp100  36.0% | best 0.675 |     36 st/s
    done(50): success=22 t_flicker=16 t_touched=10 t_no_reach=2
Ep  1900 | score  114.14 | avg100  112.58 | grasp100  40.0% | best 0.675 |     36 st/s
    done(50): success=18 t_flicker=25 t_touched=3 t_no_reach=4
Ep  1950 | score  205.21 | avg100  133.26 | grasp100  51.0% | best 0.675 |     36 st/s
    done(50): success=33 t_flicker=15 t_touched=2
Ep  2000 | score   25.23 | avg100  154.15 | grasp100  63.0% | best 0.675 |     36 st/s
    done(50): success=30 t_flicker=18 t_touched=2
========================================================================
RANDOM-SPAWN GRASP RETRAINING  |  algo=td3_ln  run=td3_ln_cereal_basewarm_s0
========================================================================
  Envs                : 5 (subprocess-parallel, fork)
  Spawn level         : 2.0 (1.0 = full position box, 2.0 = + z-rotation)
  Updates/vec-step    : 2 (0.400 per env-step; historical baseline 0.5)
  Buffer              : 2,000,000
  Actor               : 64 -> 32  (5,216 weights)  [critics 512->256]
  Warm start          : checkpoints/td3_grasp_rand_td3_ln_c2m512_s1/best
  Checkpoints         : /home/fahim/Thesis_fahim/pickandplace/checkpoints/td3_grasp_rand_td3_ln_cereal_basewarm_s0
========================================================================

Spawning 5 subprocess environments (fork)...
[robosuite WARNING] No private macro file found! (__init__.py:7)
[robosuite WARNING] It is recommended to use a private macro file (__init__.py:8)
[robosuite WARNING] To setup, run: python /home/fahim/Thesis_fahim/venv/lib/python3.12/site-packages/robosuite/scripts/setup_macros.py (__init__.py:9)
[robosuite WARNING] No private macro file found! (__init__.py:7)
[robosuite WARNING] It is recommended to use a private macro file (__init__.py:8)
[robosuite WARNING] To setup, run: python /home/fahim/Thesis_fahim/venv/lib/python3.12/site-packages/robosuite/scripts/setup_macros.py (__init__.py:9)
[robosuite WARNING] No private macro file found! (__init__.py:7)
[robosuite WARNING] It is recommended to use a private macro file (__init__.py:8)
[robosuite WARNING] To setup, run: python /home/fahim/Thesis_fahim/venv/lib/python3.12/site-packages/robosuite/scripts/setup_macros.py (__init__.py:9)
[robosuite WARNING] No private macro file found! (__init__.py:7)
[robosuite WARNING] It is recommended to use a private macro file (__init__.py:8)
[robosuite WARNING] To setup, run: python /home/fahim/Thesis_fahim/venv/lib/python3.12/site-packages/robosuite/scripts/setup_macros.py (__init__.py:9)
[robosuite WARNING] No private macro file found! (__init__.py:7)
[robosuite WARNING] It is recommended to use a private macro file (__init__.py:8)
[robosuite WARNING] To setup, run: python /home/fahim/Thesis_fahim/venv/lib/python3.12/site-packages/robosuite/scripts/setup_macros.py (__init__.py:9)
Gym has been unmaintained since 2022 and does not support NumPy 2.0 amongst other critical functionality.
Please upgrade to Gymnasium, the maintained drop-in replacement of Gym, or contact the authors of your software and request that they upgrade.
See the migration guide at https://gymnasium.farama.org/introduction/migration_guide/ for additional information.
Gym has been unmaintained since 2022 and does not support NumPy 2.0 amongst other critical functionality.
Please upgrade to Gymnasium, the maintained drop-in replacement of Gym, or contact the authors of your software and request that they upgrade.
See the migration guide at https://gymnasium.farama.org/introduction/migration_guide/ for additional information.
Gym has been unmaintained since 2022 and does not support NumPy 2.0 amongst other critical functionality.
Please upgrade to Gymnasium, the maintained drop-in replacement of Gym, or contact the authors of your software and request that they upgrade.
See the migration guide at https://gymnasium.farama.org/introduction/migration_guide/ for additional information.
Gym has been unmaintained since 2022 and does not support NumPy 2.0 amongst other critical functionality.
Please upgrade to Gymnasium, the maintained drop-in replacement of Gym, or contact the authors of your software and request that they upgrade.
See the migration guide at https://gymnasium.farama.org/introduction/migration_guide/ for additional information.
Gym has been unmaintained since 2022 and does not support NumPy 2.0 amongst other critical functionality.
Please upgrade to Gymnasium, the maintained drop-in replacement of Gym, or contact the authors of your software and request that they upgrade.
See the migration guide at https://gymnasium.farama.org/introduction/migration_guide/ for additional information.
/home/fahim/Thesis_fahim/venv/lib/python3.12/site-packages/gym/spaces/box.py:84: UserWarning: [33mWARN: Box bound precision lowered by casting to float32[0m
  logger.warn(f"Box bound precision lowered by casting to {self.dtype}")
/home/fahim/Thesis_fahim/venv/lib/python3.12/site-packages/gym/spaces/box.py:84: UserWarning: [33mWARN: Box bound precision lowered by casting to float32[0m
  logger.warn(f"Box bound precision lowered by casting to {self.dtype}")
/home/fahim/Thesis_fahim/venv/lib/python3.12/site-packages/gym/spaces/box.py:84: UserWarning: [33mWARN: Box bound precision lowered by casting to float32[0m
  logger.warn(f"Box bound precision lowered by casting to {self.dtype}")
/home/fahim/Thesis_fahim/venv/lib/python3.12/site-packages/gym/spaces/box.py:84: UserWarning: [33mWARN: Box bound precision lowered by casting to float32[0m
  logger.warn(f"Box bound precision lowered by casting to {self.dtype}")
/home/fahim/Thesis_fahim/venv/lib/python3.12/site-packages/gym/spaces/box.py:84: UserWarning: [33mWARN: Box bound precision lowered by casting to float32[0m
  logger.warn(f"Box bound precision lowered by casting to {self.dtype}")
Gym has been unmaintained since 2022 and does not support NumPy 2.0 amongst other critical functionality.
Please upgrade to Gymnasium, the maintained drop-in replacement of Gym, or contact the authors of your software and request that they upgrade.
See the migration guide at https://gymnasium.farama.org/introduction/migration_guide/ for additional information.
5 environments ready.

  Actor QAT           : per-tensor INT8 fake-quant, STE grads
  Actor weight clip   : |w| <= 8.0 * std(w) per Linear tensor (bi_s0 baseline fc1 9.96 / fc2 10.82)
Init: resumed (source: /home/fahim/Thesis_fahim/pickandplace/checkpoints/td3_grasp_rand_td3_ln_c2m512_s1/best)
Resumed replay buffer (1,716,994 transitions).

Training...

Ep    50 | score   86.96 | avg100  129.79 | grasp100  48.0% | best 0.000 |     40 st/s
    done(50): success=24 t_flicker=22 t_touched=4
Ep   100 | score  208.63 | avg100  136.03 | grasp100  55.0% | best 0.000 |     38 st/s
    done(50): success=31 t_flicker=12 t_touched=3 t_no_reach=4
Ep   150 | score  207.42 | avg100  140.54 | grasp100  58.0% | best 0.000 |     38 st/s
    done(50): success=27 t_flicker=20 t_touched=3
Ep   200 | * BEST  level200=2.00 grasp200= 56.5% metric=0.565 | score   55.64
Ep   217 | * BEST  level200=2.00 grasp200= 58.0% metric=0.580 | score  203.38
Ep   244 | * BEST  level200=2.00 grasp200= 59.5% metric=0.595 | score  209.47
Ep   250 | * BEST  level200=2.00 grasp200= 61.0% metric=0.610 | score  208.96
Ep   254 | * BEST  level200=2.00 grasp200= 62.5% metric=0.625 | score  208.10
Ep   261 | * BEST  level200=2.00 grasp200= 64.0% metric=0.640 | score  207.32
Ep   300 | score   37.61 | avg100  143.94 | grasp100  61.0% | best 0.640 |     36 st/s
    done(50): success=28 t_flicker=16 t_touched=2 t_no_reach=4
Ep   350 | score  207.78 | avg100  137.70 | grasp100  56.0% | best 0.640 |     36 st/s
    done(50): success=28 t_flicker=19 t_touched=2 t_no_reach=1
Ep   400 | score  206.37 | avg100  153.99 | grasp100  65.0% | best 0.640 |     36 st/s
    done(50): success=37 t_flicker=11 t_touched=1 t_no_reach=1
Ep   450 | score   29.17 | avg100  147.40 | grasp100  62.0% | best 0.640 |     36 st/s
    done(50): success=25 t_flicker=18 t_touched=6 t_no_reach=1
Ep   500 | score  223.54 | avg100  136.24 | grasp100  55.0% | best 0.640 |     36 st/s
    done(50): success=30 t_flicker=18 t_touched=2
Ep   550 | score  204.49 | avg100  148.58 | grasp100  63.0% | best 0.640 |     33 st/s
    done(50): success=33 t_flicker=12 t_touched=4 t_no_reach=1
Ep   600 | score  204.46 | avg100  157.64 | grasp100  69.0% | best 0.640 |     34 st/s
    done(50): success=36 t_flicker=10 t_touched=3 t_no_reach=1
Ep   650 | score   51.16 | avg100  149.94 | grasp100  64.0% | best 0.640 |     34 st/s
    done(50): success=28 t_flicker=16 t_touched=1 t_no_reach=5
Ep   694 | * BEST  level200=2.00 grasp200= 65.5% metric=0.655 | score  206.37
Ep   700 | score   31.66 | avg100  137.30 | grasp100  58.0% | best 0.655 |     34 st/s
    done(50): success=30 t_flicker=13 t_touched=6 t_no_reach=1
Ep   750 | score  204.37 | avg100  141.27 | grasp100  61.0% | best 0.655 |     34 st/s
    done(50): success=31 t_flicker=11 t_touched=7 t_no_reach=1
Ep   800 | score   11.43 | avg100  145.97 | grasp100  64.0% | best 0.655 |     34 st/s
    done(50): success=33 t_flicker=9 t_touched=8
Ep   850 | score  211.47 | avg100  145.20 | grasp100  62.0% | best 0.655 |     34 st/s
    done(50): success=29 t_flicker=17 t_touched=3 t_no_reach=1
Ep   900 | score  204.86 | avg100  148.23 | grasp100  64.0% | best 0.655 |     34 st/s
    done(50): success=35 t_flicker=12 t_touched=2 t_no_reach=1
Ep   916 | * BEST  level200=2.00 grasp200= 67.0% metric=0.670 | score  205.31
Ep   950 | score  204.35 | avg100  158.48 | grasp100  70.0% | best 0.670 |     34 st/s
    done(50): success=35 t_flicker=12 t_touched=2 t_no_reach=1
Ep  1000 | score  205.21 | avg100  162.16 | grasp100  71.0% | best 0.670 |     34 st/s
    done(50): success=36 t_flicker=11 t_touched=1 t_no_reach=2
Ep  1008 | * BEST  level200=2.00 grasp200= 68.5% metric=0.685 | score  209.20
Ep  1050 | score   58.00 | avg100  154.90 | grasp100  68.0% | best 0.685 |     33 st/s
    done(50): success=32 t_flicker=13 t_touched=1 t_no_reach=4
Ep  1100 | score  199.47 | avg100  136.02 | grasp100  58.0% | best 0.685 |     33 st/s
    done(50): success=26 t_flicker=20 t_touched=2 t_no_reach=2
Ep  1150 | score   66.07 | avg100  138.07 | grasp100  59.0% | best 0.685 |     34 st/s
    done(50): success=33 t_flicker=15 t_touched=1 t_no_reach=1
Ep  1200 | score  204.35 | avg100  148.95 | grasp100  64.0% | best 0.685 |     34 st/s
    done(50): success=31 t_flicker=16 t_touched=2 t_no_reach=1
Ep  1250 | score   54.46 | avg100  157.26 | grasp100  69.0% | best 0.685 |     34 st/s
    done(50): success=38 t_flicker=9 t_touched=2 t_no_reach=1
Ep  1300 | score  204.18 | avg100  163.87 | grasp100  72.0% | best 0.685 |     34 st/s
    done(50): success=34 t_flicker=15 t_touched=1
Ep  1350 | score   55.73 | avg100  155.21 | grasp100  66.0% | best 0.685 |     34 st/s
    done(50): success=32 t_flicker=14 t_touched=3 t_no_reach=1
Ep  1400 | score  207.84 | avg100  143.45 | grasp100  60.0% | best 0.685 |     34 st/s
    done(50): success=28 t_flicker=16 t_touched=4 t_no_reach=2
Ep  1450 | score  184.53 | avg100  140.48 | grasp100  58.0% | best 0.685 |     34 st/s
    done(50): success=30 t_flicker=16 t_touched=4
Ep  1500 | score  101.74 | avg100  146.83 | grasp100  61.0% | best 0.685 |     34 st/s
    done(50): success=31 t_flicker=13 t_touched=6
Ep  1550 | score  206.00 | avg100  135.84 | grasp100  56.0% | best 0.685 |     33 st/s
    done(50): success=25 t_flicker=15 t_touched=7 t_no_reach=3
Ep  1600 | score   59.14 | avg100  135.44 | grasp100  56.0% | best 0.685 |     33 st/s
    done(50): success=31 t_flicker=18 t_no_reach=1
  [primacy-bias reset of critic heads @ 25000 updates]
Ep  1650 | score   12.22 | avg100  150.93 | grasp100  65.0% | best 0.685 |     33 st/s
    done(50): success=34 t_flicker=10 t_touched=6
Ep  1700 | score   40.75 | avg100  116.58 | grasp100  49.0% | best 0.685 |     34 st/s
    done(50): success=15 t_flicker=16 t_touched=9 t_no_reach=10
========================================================================
RANDOM-SPAWN GRASP RETRAINING  |  algo=td3_ln  run=td3_ln_cereal_basewarm_s0
========================================================================
  Envs                : 5 (subprocess-parallel, fork)
  Spawn level         : 2.0 (1.0 = full position box, 2.0 = + z-rotation)
  Updates/vec-step    : 2 (0.400 per env-step; historical baseline 0.5)
  Buffer              : 2,000,000
  Actor               : 64 -> 32  (5,216 weights)  [critics 512->256]
  Warm start          : checkpoints/td3_grasp_rand_td3_ln_c2m512_s1/best
  Checkpoints         : /home/fahim/Thesis_fahim/pickandplace/checkpoints/td3_grasp_rand_td3_ln_cereal_basewarm_s0
========================================================================

Spawning 5 subprocess environments (fork)...
[robosuite WARNING] No private macro file found! (__init__.py:7)
[robosuite WARNING] No private macro file found! (__init__.py:7)
[robosuite WARNING] No private macro file found! (__init__.py:7)
[robosuite WARNING] It is recommended to use a private macro file (__init__.py:8)
[robosuite WARNING] It is recommended to use a private macro file (__init__.py:8)
[robosuite WARNING] No private macro file found! (__init__.py:7)
[robosuite WARNING] It is recommended to use a private macro file (__init__.py:8)
[robosuite WARNING] To setup, run: python /home/fahim/Thesis_fahim/venv/lib/python3.12/site-packages/robosuite/scripts/setup_macros.py (__init__.py:9)
[robosuite WARNING] To setup, run: python /home/fahim/Thesis_fahim/venv/lib/python3.12/site-packages/robosuite/scripts/setup_macros.py (__init__.py:9)
[robosuite WARNING] No private macro file found! (__init__.py:7)
[robosuite WARNING] To setup, run: python /home/fahim/Thesis_fahim/venv/lib/python3.12/site-packages/robosuite/scripts/setup_macros.py (__init__.py:9)
[robosuite WARNING] It is recommended to use a private macro file (__init__.py:8)
[robosuite WARNING] To setup, run: python /home/fahim/Thesis_fahim/venv/lib/python3.12/site-packages/robosuite/scripts/setup_macros.py (__init__.py:9)
[robosuite WARNING] It is recommended to use a private macro file (__init__.py:8)
[robosuite WARNING] To setup, run: python /home/fahim/Thesis_fahim/venv/lib/python3.12/site-packages/robosuite/scripts/setup_macros.py (__init__.py:9)
Gym has been unmaintained since 2022 and does not support NumPy 2.0 amongst other critical functionality.
Please upgrade to Gymnasium, the maintained drop-in replacement of Gym, or contact the authors of your software and request that they upgrade.
See the migration guide at https://gymnasium.farama.org/introduction/migration_guide/ for additional information.
Gym has been unmaintained since 2022 and does not support NumPy 2.0 amongst other critical functionality.
Please upgrade to Gymnasium, the maintained drop-in replacement of Gym, or contact the authors of your software and request that they upgrade.
See the migration guide at https://gymnasium.farama.org/introduction/migration_guide/ for additional information.
Gym has been unmaintained since 2022 and does not support NumPy 2.0 amongst other critical functionality.
Please upgrade to Gymnasium, the maintained drop-in replacement of Gym, or contact the authors of your software and request that they upgrade.
See the migration guide at https://gymnasium.farama.org/introduction/migration_guide/ for additional information.
Gym has been unmaintained since 2022 and does not support NumPy 2.0 amongst other critical functionality.
Please upgrade to Gymnasium, the maintained drop-in replacement of Gym, or contact the authors of your software and request that they upgrade.
See the migration guide at https://gymnasium.farama.org/introduction/migration_guide/ for additional information.
Gym has been unmaintained since 2022 and does not support NumPy 2.0 amongst other critical functionality.
Please upgrade to Gymnasium, the maintained drop-in replacement of Gym, or contact the authors of your software and request that they upgrade.
See the migration guide at https://gymnasium.farama.org/introduction/migration_guide/ for additional information.
/home/fahim/Thesis_fahim/venv/lib/python3.12/site-packages/gym/spaces/box.py:84: UserWarning: [33mWARN: Box bound precision lowered by casting to float32[0m
  logger.warn(f"Box bound precision lowered by casting to {self.dtype}")
/home/fahim/Thesis_fahim/venv/lib/python3.12/site-packages/gym/spaces/box.py:84: UserWarning: [33mWARN: Box bound precision lowered by casting to float32[0m
  logger.warn(f"Box bound precision lowered by casting to {self.dtype}")
/home/fahim/Thesis_fahim/venv/lib/python3.12/site-packages/gym/spaces/box.py:84: UserWarning: [33mWARN: Box bound precision lowered by casting to float32[0m
  logger.warn(f"Box bound precision lowered by casting to {self.dtype}")
/home/fahim/Thesis_fahim/venv/lib/python3.12/site-packages/gym/spaces/box.py:84: UserWarning: [33mWARN: Box bound precision lowered by casting to float32[0m
  logger.warn(f"Box bound precision lowered by casting to {self.dtype}")
/home/fahim/Thesis_fahim/venv/lib/python3.12/site-packages/gym/spaces/box.py:84: UserWarning: [33mWARN: Box bound precision lowered by casting to float32[0m
  logger.warn(f"Box bound precision lowered by casting to {self.dtype}")
Gym has been unmaintained since 2022 and does not support NumPy 2.0 amongst other critical functionality.
Please upgrade to Gymnasium, the maintained drop-in replacement of Gym, or contact the authors of your software and request that they upgrade.
See the migration guide at https://gymnasium.farama.org/introduction/migration_guide/ for additional information.
5 environments ready.

  Actor QAT           : per-tensor INT8 fake-quant, STE grads
  Actor weight clip   : |w| <= 8.0 * std(w) per Linear tensor (bi_s0 baseline fc1 9.96 / fc2 10.82)
Init: resumed (source: /home/fahim/Thesis_fahim/pickandplace/checkpoints/td3_grasp_rand_td3_ln_c2m512_s1/best)
Resumed replay buffer (1,774,155 transitions).

Training...

Ep    50 | score  204.98 | avg100  126.88 | grasp100  50.0% | best 0.000 |     31 st/s
    done(50): success=25 t_flicker=17 t_touched=4 t_no_reach=4
Ep   100 | score  208.81 | avg100  148.23 | grasp100  63.0% | best 0.000 |     33 st/s
    done(50): success=38 t_flicker=8 t_touched=3 t_no_reach=1
Ep   150 | score   33.43 | avg100  158.01 | grasp100  69.0% | best 0.000 |     34 st/s
    done(50): success=31 t_flicker=17 t_touched=2
Ep   200 | * BEST  level200=2.00 grasp200= 66.0% metric=0.660 | score  207.58
Ep   213 | * BEST  level200=2.00 grasp200= 67.5% metric=0.675 | score  256.53
Ep   229 | * BEST  level200=2.00 grasp200= 69.0% metric=0.690 | score  203.07
Ep   246 | * BEST  level200=2.00 grasp200= 70.5% metric=0.705 | score  208.80
Ep   249 | * BEST  level200=2.00 grasp200= 72.0% metric=0.720 | score  208.29
Ep   250 | score   49.81 | avg100  167.45 | grasp100  74.0% | best 0.720 |     35 st/s
    done(50): success=36 t_flicker=14
Ep   300 | score   43.42 | avg100  151.80 | grasp100  64.0% | best 0.720 |     35 st/s
    done(50): success=28 t_flicker=14 t_touched=7 t_no_reach=1
Ep   350 | score  256.67 | avg100  140.08 | grasp100  58.0% | best 0.720 |     35 st/s
    done(50): success=30 t_flicker=17 t_touched=3
Ep   400 | score  205.84 | avg100  156.58 | grasp100  67.0% | best 0.720 |     35 st/s
    done(50): success=37 t_flicker=11 t_touched=1 t_no_reach=1
Ep   450 | score  208.39 | avg100  153.96 | grasp100  66.0% | best 0.720 |     36 st/s
    done(50): success=29 t_flicker=16 t_touched=3 t_no_reach=2
Ep   500 | score  208.89 | avg100  139.74 | grasp100  58.0% | best 0.720 |     36 st/s
    done(50): success=29 t_flicker=18 t_touched=3
Ep   550 | score   80.50 | avg100  142.05 | grasp100  59.0% | best 0.720 |     33 st/s
    done(50): success=30 t_flicker=16 t_touched=3 t_no_reach=1
Ep   600 | score  204.98 | avg100  155.62 | grasp100  67.0% | best 0.720 |     33 st/s
    done(50): success=37 t_flicker=10 t_touched=2 t_no_reach=1
Ep   650 | score  206.97 | avg100  152.54 | grasp100  66.0% | best 0.720 |     33 st/s
    done(50): success=29 t_flicker=13 t_touched=5 t_no_reach=3
Ep   700 | score  209.54 | avg100  140.27 | grasp100  58.0% | best 0.720 |     34 st/s
    done(50): success=29 t_flicker=15 t_touched=3 t_no_reach=3
Ep   750 | score  203.21 | avg100  143.54 | grasp100  59.0% | best 0.720 |     34 st/s
    done(50): success=30 t_flicker=15 t_touched=3 t_no_reach=2
Ep   800 | score  207.41 | avg100  151.25 | grasp100  63.0% | best 0.720 |     34 st/s
    done(50): success=33 t_flicker=14 t_touched=3
Ep   850 | score  208.31 | avg100  146.68 | grasp100  61.0% | best 0.720 |     34 st/s
    done(50): success=28 t_flicker=16 t_touched=4 t_no_reach=2
Ep   900 | score  205.60 | avg100  142.61 | grasp100  61.0% | best 0.720 |     34 st/s
    done(50): success=33 t_flicker=11 t_touched=4 t_no_reach=2
Ep   950 | score  195.98 | avg100  158.32 | grasp100  71.0% | best 0.720 |     34 st/s
    done(50): success=38 t_flicker=7 t_touched=5
========================================================================
RANDOM-SPAWN GRASP RETRAINING  |  algo=td3_ln  run=td3_ln_cereal_basewarm_s0
========================================================================
  Envs                : 5 (subprocess-parallel, fork)
  Spawn level         : 2.0 (1.0 = full position box, 2.0 = + z-rotation)
  Updates/vec-step    : 2 (0.400 per env-step; historical baseline 0.5)
  Buffer              : 2,000,000
  Actor               : 64 -> 32  (5,216 weights)  [critics 512->256]
  Warm start          : checkpoints/td3_grasp_rand_td3_ln_c2m512_s1/best
  Checkpoints         : /home/fahim/Thesis_fahim/pickandplace/checkpoints/td3_grasp_rand_td3_ln_cereal_basewarm_s0
========================================================================

Spawning 5 subprocess environments (fork)...
[robosuite WARNING] No private macro file found! (__init__.py:7)
[robosuite WARNING] It is recommended to use a private macro file (__init__.py:8)
[robosuite WARNING] To setup, run: python /home/fahim/Thesis_fahim/venv/lib/python3.12/site-packages/robosuite/scripts/setup_macros.py (__init__.py:9)
[robosuite WARNING] No private macro file found! (__init__.py:7)
[robosuite WARNING] It is recommended to use a private macro file (__init__.py:8)
[robosuite WARNING] To setup, run: python /home/fahim/Thesis_fahim/venv/lib/python3.12/site-packages/robosuite/scripts/setup_macros.py (__init__.py:9)
[robosuite WARNING] No private macro file found! (__init__.py:7)
[robosuite WARNING] It is recommended to use a private macro file (__init__.py:8)
[robosuite WARNING] To setup, run: python /home/fahim/Thesis_fahim/venv/lib/python3.12/site-packages/robosuite/scripts/setup_macros.py (__init__.py:9)
[robosuite WARNING] No private macro file found! (__init__.py:7)
[robosuite WARNING] It is recommended to use a private macro file (__init__.py:8)
[robosuite WARNING] To setup, run: python /home/fahim/Thesis_fahim/venv/lib/python3.12/site-packages/robosuite/scripts/setup_macros.py (__init__.py:9)
[robosuite WARNING] No private macro file found! (__init__.py:7)
[robosuite WARNING] It is recommended to use a private macro file (__init__.py:8)
[robosuite WARNING] To setup, run: python /home/fahim/Thesis_fahim/venv/lib/python3.12/site-packages/robosuite/scripts/setup_macros.py (__init__.py:9)
Gym has been unmaintained since 2022 and does not support NumPy 2.0 amongst other critical functionality.
Please upgrade to Gymnasium, the maintained drop-in replacement of Gym, or contact the authors of your software and request that they upgrade.
See the migration guide at https://gymnasium.farama.org/introduction/migration_guide/ for additional information.
Gym has been unmaintained since 2022 and does not support NumPy 2.0 amongst other critical functionality.
Please upgrade to Gymnasium, the maintained drop-in replacement of Gym, or contact the authors of your software and request that they upgrade.
See the migration guide at https://gymnasium.farama.org/introduction/migration_guide/ for additional information.
Gym has been unmaintained since 2022 and does not support NumPy 2.0 amongst other critical functionality.
Please upgrade to Gymnasium, the maintained drop-in replacement of Gym, or contact the authors of your software and request that they upgrade.
See the migration guide at https://gymnasium.farama.org/introduction/migration_guide/ for additional information.
Gym has been unmaintained since 2022 and does not support NumPy 2.0 amongst other critical functionality.
Please upgrade to Gymnasium, the maintained drop-in replacement of Gym, or contact the authors of your software and request that they upgrade.
See the migration guide at https://gymnasium.farama.org/introduction/migration_guide/ for additional information.
Gym has been unmaintained since 2022 and does not support NumPy 2.0 amongst other critical functionality.
Please upgrade to Gymnasium, the maintained drop-in replacement of Gym, or contact the authors of your software and request that they upgrade.
See the migration guide at https://gymnasium.farama.org/introduction/migration_guide/ for additional information.
/home/fahim/Thesis_fahim/venv/lib/python3.12/site-packages/gym/spaces/box.py:84: UserWarning: [33mWARN: Box bound precision lowered by casting to float32[0m
  logger.warn(f"Box bound precision lowered by casting to {self.dtype}")
/home/fahim/Thesis_fahim/venv/lib/python3.12/site-packages/gym/spaces/box.py:84: UserWarning: [33mWARN: Box bound precision lowered by casting to float32[0m
  logger.warn(f"Box bound precision lowered by casting to {self.dtype}")
/home/fahim/Thesis_fahim/venv/lib/python3.12/site-packages/gym/spaces/box.py:84: UserWarning: [33mWARN: Box bound precision lowered by casting to float32[0m
  logger.warn(f"Box bound precision lowered by casting to {self.dtype}")
/home/fahim/Thesis_fahim/venv/lib/python3.12/site-packages/gym/spaces/box.py:84: UserWarning: [33mWARN: Box bound precision lowered by casting to float32[0m
  logger.warn(f"Box bound precision lowered by casting to {self.dtype}")
/home/fahim/Thesis_fahim/venv/lib/python3.12/site-packages/gym/spaces/box.py:84: UserWarning: [33mWARN: Box bound precision lowered by casting to float32[0m
  logger.warn(f"Box bound precision lowered by casting to {self.dtype}")
Gym has been unmaintained since 2022 and does not support NumPy 2.0 amongst other critical functionality.
Please upgrade to Gymnasium, the maintained drop-in replacement of Gym, or contact the authors of your software and request that they upgrade.
See the migration guide at https://gymnasium.farama.org/introduction/migration_guide/ for additional information.
5 environments ready.

  Actor QAT           : per-tensor INT8 fake-quant, STE grads
  Actor weight clip   : |w| <= 8.0 * std(w) per Linear tensor (bi_s0 baseline fc1 9.96 / fc2 10.82)
Init: resumed (source: /home/fahim/Thesis_fahim/pickandplace/checkpoints/td3_grasp_rand_td3_ln_c2m512_s1/best)
Resumed replay buffer (1,793,007 transitions).

Training...

Ep    50 | score   54.26 | avg100  143.59 | grasp100  60.0% | best 0.000 |     44 st/s
    done(50): success=30 t_flicker=15 t_touched=3 t_no_reach=2
Ep   100 | score  206.99 | avg100  145.09 | grasp100  62.0% | best 0.000 |     37 st/s
    done(50): success=32 t_flicker=13 t_touched=5
Ep   150 | score   35.59 | avg100  144.51 | grasp100  62.0% | best 0.000 |     34 st/s
    done(50): success=30 t_flicker=19 t_touched=1
Ep   200 | * BEST  level200=2.00 grasp200= 62.0% metric=0.620 | score   68.76
Ep   231 | * BEST  level200=2.00 grasp200= 63.5% metric=0.635 | score  221.64
Ep   250 | score  208.96 | avg100  154.92 | grasp100  67.0% | best 0.635 |     31 st/s
    done(50): success=35 t_flicker=10 t_touched=3 t_no_reach=2
Ep   254 | * BEST  level200=2.00 grasp200= 65.0% metric=0.650 | score  208.19
Ep   300 | score  209.78 | avg100  147.43 | grasp100  62.0% | best 0.650 |     31 st/s
    done(50): success=27 t_flicker=16 t_touched=5 t_no_reach=2
Ep   350 | score  207.21 | avg100  145.25 | grasp100  59.0% | best 0.650 |     31 st/s
    done(50): success=32 t_flicker=16 t_touched=2
Ep   400 | score  207.68 | avg100  159.56 | grasp100  67.0% | best 0.650 |     30 st/s
    done(50): success=35 t_flicker=11 t_touched=3 t_no_reach=1
Ep   450 | score  206.32 | avg100  148.97 | grasp100  62.0% | best 0.650 |     30 st/s
    done(50): success=27 t_flicker=16 t_touched=4 t_no_reach=3
Ep   500 | score  209.65 | avg100  144.50 | grasp100  58.0% | best 0.650 |     30 st/s
    done(50): success=31 t_flicker=15 t_touched=3 t_no_reach=1
Ep   550 | score   68.98 | avg100  151.14 | grasp100  62.0% | best 0.650 |     28 st/s
    done(50): success=31 t_flicker=14 t_touched=3 t_no_reach=2
Ep   600 | score  204.47 | avg100  158.94 | grasp100  68.0% | best 0.650 |     28 st/s
    done(50): success=37 t_flicker=12 t_touched=1
Ep   645 | * BEST  level200=2.00 grasp200= 66.5% metric=0.665 | score  207.04
Ep   650 | score   40.15 | avg100  161.00 | grasp100  71.0% | best 0.665 |     28 st/s
    done(50): success=34 t_flicker=9 t_touched=5 t_no_reach=2
Ep   700 | score  210.04 | avg100  144.82 | grasp100  62.0% | best 0.665 |     28 st/s
    done(50): success=28 t_flicker=16 t_touched=4 t_no_reach=2
Ep   750 | score  141.60 | avg100  141.07 | grasp100  58.0% | best 0.665 |     28 st/s
    done(50): success=30 t_flicker=13 t_touched=5 t_no_reach=2
Ep   800 | score   70.39 | avg100  145.24 | grasp100  61.0% | best 0.665 |     28 st/s
    done(50): success=31 t_flicker=14 t_touched=3 t_no_reach=2
Ep   850 | score  100.86 | avg100  145.96 | grasp100  62.0% | best 0.665 |     28 st/s
    done(50): success=31 t_flicker=11 t_touched=7 t_no_reach=1
Ep   900 | score  204.36 | avg100  151.28 | grasp100  65.0% | best 0.665 |     28 st/s
    done(50): success=34 t_flicker=14 t_no_reach=2
Ep   937 | * BEST  level200=2.00 grasp200= 68.0% metric=0.680 | score  206.33
Ep   950 | score   56.73 | avg100  166.97 | grasp100  74.0% | best 0.680 |     28 st/s
    done(50): success=40 t_flicker=9 t_touched=1
Ep   960 | * BEST  level200=2.00 grasp200= 69.5% metric=0.695 | score  209.13
Ep  1000 | score  203.84 | avg100  169.27 | grasp100  75.0% | best 0.695 |     28 st/s
    done(50): success=35 t_flicker=13 t_touched=1 t_no_reach=1
Ep  1011 | * BEST  level200=2.00 grasp200= 71.0% metric=0.710 | score  204.20
Ep  1028 | * BEST  level200=2.00 grasp200= 72.5% metric=0.725 | score  204.35
Ep  1034 | * BEST  level200=2.00 grasp200= 74.0% metric=0.740 | score  215.72
Ep  1050 | score   50.61 | avg100  163.70 | grasp100  71.0% | best 0.740 |     27 st/s
    done(50): success=36 t_flicker=11 t_touched=3
Ep  1100 | score  205.43 | avg100  152.52 | grasp100  63.0% | best 0.740 |     27 st/s
    done(50): success=27 t_flicker=20 t_touched=2 t_no_reach=1
Ep  1150 | score   81.67 | avg100  150.21 | grasp100  63.0% | best 0.740 |     27 st/s
    done(50): success=36 t_flicker=10 t_touched=3 t_no_reach=1
Ep  1200 | score   57.91 | avg100  161.69 | grasp100  73.0% | best 0.740 |     27 st/s
    done(50): success=37 t_flicker=8 t_touched=2 t_no_reach=3
Ep  1250 | score  204.89 | avg100  166.71 | grasp100  76.0% | best 0.740 |     27 st/s
    done(50): success=39 t_flicker=7 t_touched=1 t_no_reach=3
Ep  1290 | * BEST  level200=2.00 grasp200= 75.5% metric=0.755 | score  207.81
Ep  1300 | score  204.76 | avg100  170.40 | grasp100  76.0% | best 0.755 |     27 st/s
    done(50): success=37 t_flicker=11 t_touched=2
Ep  1350 | score  209.10 | avg100  158.49 | grasp100  67.0% | best 0.755 |     28 st/s
    done(50): success=30 t_flicker=16 t_touched=2 t_no_reach=2
Ep  1400 | score  207.50 | avg100  150.76 | grasp100  62.0% | best 0.755 |     28 st/s
    done(50): success=32 t_flicker=13 t_touched=3 t_no_reach=2
Ep  1450 | score  203.61 | avg100  149.81 | grasp100  61.0% | best 0.755 |     28 st/s
    done(50): success=29 t_flicker=18 t_touched=2 t_no_reach=1
Ep  1500 | score   69.41 | avg100  154.29 | grasp100  63.0% | best 0.755 |     28 st/s
    done(50): success=34 t_flicker=15 t_no_reach=1
Ep  1550 | score  204.87 | avg100  159.07 | grasp100  67.0% | best 0.755 |     27 st/s
    done(50): success=33 t_flicker=13 t_touched=3 t_no_reach=1
Ep  1600 | score   57.89 | avg100  154.02 | grasp100  66.0% | best 0.755 |     27 st/s
    done(50): success=33 t_flicker=14 t_touched=3
Ep  1650 | score  203.80 | avg100  154.41 | grasp100  67.0% | best 0.755 |     27 st/s
    done(50): success=34 t_flicker=13 t_touched=3
  [primacy-bias reset of critic heads @ 25000 updates]
Ep  1700 | score  204.24 | avg100  154.38 | grasp100  69.0% | best 0.755 |     27 st/s
    done(50): success=35 t_flicker=7 t_touched=5 t_no_reach=3
Ep  1750 | score  -13.00 | avg100   86.88 | grasp100  40.0% | best 0.755 |     27 st/s
    done(50): success=5 t_flicker=11 t_touched=12 t_no_reach=22
Ep  1800 | score    0.63 | avg100   24.54 | grasp100  11.0% | best 0.755 |     28 st/s
    done(50): success=6 t_flicker=11 t_touched=13 t_no_reach=20
Ep  1850 | score  204.98 | avg100   63.51 | grasp100  26.0% | best 0.755 |     28 st/s
    done(50): success=20 t_flicker=14 t_touched=7 t_no_reach=9
Ep  1900 | score  205.19 | avg100  109.61 | grasp100  44.0% | best 0.755 |     28 st/s
    done(50): success=24 t_flicker=16 t_touched=3 t_no_reach=7
Ep  1950 | score   40.21 | avg100  119.63 | grasp100  47.0% | best 0.755 |     28 st/s
    done(50): success=23 t_flicker=17 t_touched=6 t_no_reach=4
Ep  2000 | score   72.42 | avg100  131.50 | grasp100  53.0% | best 0.755 |     28 st/s
    done(50): success=30 t_flicker=13 t_touched=6 t_no_reach=1
Ep  2050 | score   54.22 | avg100  147.38 | grasp100  62.0% | best 0.755 |     27 st/s
    done(50): success=32 t_flicker=14 t_touched=2 t_no_reach=2
Ep  2100 | score  207.17 | avg100  136.29 | grasp100  54.0% | best 0.755 |     27 st/s
    done(50): success=22 t_flicker=25 t_touched=3
Ep  2150 | score  207.06 | avg100  122.70 | grasp100  47.0% | best 0.755 |     27 st/s
    done(50): success=25 t_flicker=15 t_touched=3 t_no_reach=7
Ep  2200 | score   32.87 | avg100  131.01 | grasp100  54.0% | best 0.755 |     28 st/s
    done(50): success=29 t_flicker=13 t_touched=7 t_no_reach=1
Ep  2250 | score  205.06 | avg100  140.99 | grasp100  59.0% | best 0.755 |     28 st/s
    done(50): success=30 t_flicker=14 t_touched=5 t_no_reach=1
Ep  2300 | score   59.40 | avg100  149.11 | grasp100  62.0% | best 0.755 |     28 st/s
    done(50): success=32 t_flicker=15 t_touched=2 t_no_reach=1
Ep  2350 | score  208.11 | avg100  149.69 | grasp100  63.0% | best 0.755 |     28 st/s
    done(50): success=31 t_flicker=13 t_touched=3 t_no_reach=3
Ep  2400 | score   54.81 | avg100  149.48 | grasp100  64.0% | best 0.755 |     28 st/s
    done(50): success=33 t_flicker=16 t_no_reach=1
Ep  2450 | score  205.37 | avg100  156.54 | grasp100  67.0% | best 0.755 |     28 st/s
    done(50): success=34 t_flicker=15 t_touched=1
Ep  2500 | score   93.24 | avg100  151.95 | grasp100  64.0% | best 0.755 |     28 st/s
    done(50): success=30 t_flicker=18 t_touched=2
Ep  2550 | score   -4.87 | avg100  147.67 | grasp100  62.0% | best 0.755 |     27 st/s
    done(50): success=32 t_flicker=17 t_touched=1
Ep  2600 | score   80.55 | avg100  159.17 | grasp100  70.0% | best 0.755 |     27 st/s
    done(50): success=38 t_flicker=9 t_touched=2 t_no_reach=1
Ep  2650 | score   41.82 | avg100  160.18 | grasp100  70.0% | best 0.755 |     27 st/s
    done(50): success=32 t_flicker=16 t_touched=2
Ep  2700 | score  206.21 | avg100  166.22 | grasp100  73.0% | best 0.755 |     27 st/s
    done(50): success=41 t_flicker=8 t_touched=1
Ep  2750 | score  205.67 | avg100  178.78 | grasp100  81.0% | best 0.755 |     27 st/s
    done(50): success=40 t_flicker=8 t_touched=2
Ep  2800 | score  206.27 | avg100  170.38 | grasp100  76.0% | best 0.755 |     27 st/s
    done(50): success=36 t_flicker=9 t_touched=3 t_no_reach=2
Ep  2814 | * BEST  level200=2.00 grasp200= 77.0% metric=0.770 | score  207.20
Ep  2839 | * BEST  level200=2.00 grasp200= 78.5% metric=0.785 | score  209.18
Ep  2850 | score   36.12 | avg100  167.98 | grasp100  74.0% | best 0.785 |     27 st/s
    done(50): success=38 t_flicker=8 t_touched=2 t_no_reach=2
Ep  2900 | score  204.96 | avg100  175.09 | grasp100  79.0% | best 0.785 |     27 st/s
    done(50): success=41 t_flicker=6 t_touched=3
Ep  2950 | score  207.54 | avg100  164.69 | grasp100  73.0% | best 0.785 |     27 st/s
    done(50): success=32 t_flicker=16 t_touched=2
Ep  3000 | score  204.51 | avg100  157.93 | grasp100  70.0% | best 0.785 |     27 st/s
    done(50): success=38 t_flicker=8 t_touched=3 t_no_reach=1
Ep  3050 | score  207.31 | avg100  159.14 | grasp100  72.0% | best 0.785 |     27 st/s
    done(50): success=34 t_flicker=10 t_touched=4 t_no_reach=2
Ep  3100 | score   80.41 | avg100  161.06 | grasp100  72.0% | best 0.785 |     27 st/s
    done(50): success=38 t_flicker=8 t_touched=3 t_no_reach=1
Ep  3150 | score  212.51 | avg100  164.68 | grasp100  75.0% | best 0.785 |     27 st/s
    done(50): success=37 t_flicker=9 t_touched=1 t_no_reach=3
Ep  3200 | score  204.57 | avg100  161.44 | grasp100  72.0% | best 0.785 |     27 st/s
    done(50): success=35 t_flicker=15
Ep  3250 | score  208.15 | avg100  165.73 | grasp100  74.0% | best 0.785 |     27 st/s
    done(50): success=39 t_flicker=8 t_touched=2 t_no_reach=1
  [primacy-bias reset of critic heads @ 50000 updates]
Ep  3300 | score   84.95 | avg100  162.91 | grasp100  73.0% | best 0.785 |     27 st/s
    done(50): success=34 t_flicker=10 t_touched=6
Ep  3350 | score   -6.76 | avg100  111.21 | grasp100  49.0% | best 0.785 |     27 st/s
    done(50): success=15 t_flicker=10 t_touched=7 t_no_reach=18
Ep  3400 | score   67.67 | avg100   56.93 | grasp100  23.0% | best 0.785 |     27 st/s
    done(50): success=8 t_flicker=13 t_touched=12 t_no_reach=17
Ep  3450 | score  205.15 | avg100   58.66 | grasp100  21.0% | best 0.785 |     28 st/s
    done(50): success=13 t_flicker=17 t_touched=13 t_no_reach=7
Ep  3500 | score  -22.05 | avg100   81.23 | grasp100  30.0% | best 0.785 |     28 st/s
    done(50): success=17 t_flicker=22 t_touched=6 t_no_reach=5
Ep  3550 | score    6.47 | avg100  113.62 | grasp100  46.0% | best 0.785 |     27 st/s
    done(50): success=29 t_flicker=15 t_touched=2 t_no_reach=4
Ep  3600 | score   16.29 | avg100  138.45 | grasp100  58.0% | best 0.785 |     27 st/s
    done(50): success=29 t_flicker=17 t_touched=3 t_no_reach=1
Ep  3650 | score   33.98 | avg100  141.74 | grasp100  60.0% | best 0.785 |     27 st/s
    done(50): success=31 t_flicker=15 t_touched=4
Ep  3700 | score   55.92 | avg100  138.51 | grasp100  58.0% | best 0.785 |     27 st/s
    done(50): success=27 t_flicker=19 t_touched=3 t_no_reach=1
Ep  3750 | score   17.36 | avg100  139.84 | grasp100  58.0% | best 0.785 |     27 st/s
    done(50): success=31 t_flicker=15 t_touched=2 t_no_reach=2
Ep  3800 | score  211.12 | avg100  149.85 | grasp100  65.0% | best 0.785 |     27 st/s
    done(50): success=34 t_flicker=14 t_touched=1 t_no_reach=1
Ep  3850 | score  206.83 | avg100  153.24 | grasp100  64.0% | best 0.785 |     28 st/s
    done(50): success=30 t_flicker=17 t_touched=2 t_no_reach=1
Ep  3900 | score  228.84 | avg100  156.23 | grasp100  65.0% | best 0.785 |     28 st/s
    done(50): success=35 t_flicker=13 t_no_reach=2
Ep  3950 | score   58.01 | avg100  152.55 | grasp100  66.0% | best 0.785 |     28 st/s
    done(50): success=31 t_flicker=12 t_touched=3 t_no_reach=4
Ep  4000 | score  208.61 | avg100  146.03 | grasp100  62.0% | best 0.785 |     28 st/s
    done(50): success=31 t_flicker=15 t_touched=3 t_no_reach=1
Ep  4050 | score  208.56 | avg100  158.14 | grasp100  68.0% | best 0.785 |     27 st/s
    done(50): success=37 t_flicker=13
Ep  4100 | score  205.06 | avg100  169.82 | grasp100  75.0% | best 0.785 |     27 st/s
    done(50): success=38 t_flicker=11 t_touched=1
Ep  4150 | score   50.58 | avg100  165.66 | grasp100  71.0% | best 0.785 |     27 st/s
    done(50): success=33 t_flicker=15 t_touched=2
Ep  4200 | score  215.14 | avg100  149.41 | grasp100  61.0% | best 0.785 |     27 st/s
    done(50): success=28 t_flicker=18 t_touched=3 t_no_reach=1
Ep  4250 | score  255.48 | avg100  151.64 | grasp100  64.0% | best 0.785 |     27 st/s
    done(50): success=36 t_flicker=14
Ep  4300 | score  207.78 | avg100  163.31 | grasp100  70.0% | best 0.785 |     27 st/s
    done(50): success=34 t_flicker=14 t_touched=1 t_no_reach=1
Ep  4350 | score  203.83 | avg100  164.00 | grasp100  71.0% | best 0.785 |     27 st/s
    done(50): success=37 t_flicker=10 t_touched=2 t_no_reach=1
Ep  4400 | score   58.03 | avg100  164.38 | grasp100  74.0% | best 0.785 |     27 st/s
    done(50): success=37 t_flicker=9 t_touched=4
Ep  4450 | score  211.54 | avg100  163.65 | grasp100  73.0% | best 0.785 |     27 st/s
    done(50): success=36 t_flicker=13 t_touched=1
Ep  4500 | score  210.20 | avg100  167.16 | grasp100  73.0% | best 0.785 |     27 st/s
    done(50): success=37 t_flicker=11 t_touched=2
Ep  4550 | score  206.00 | avg100  165.40 | grasp100  72.0% | best 0.785 |     27 st/s
    done(50): success=35 t_flicker=14 t_touched=1
Ep  4600 | score  225.11 | avg100  157.27 | grasp100  67.0% | best 0.785 |     27 st/s
    done(50): success=32 t_flicker=14 t_touched=3 t_no_reach=1
Ep  4650 | score  203.23 | avg100  166.44 | grasp100  72.0% | best 0.785 |     27 st/s
    done(50): success=40 t_flicker=9 t_touched=1
Ep  4700 | score  204.32 | avg100  174.27 | grasp100  78.0% | best 0.785 |     27 st/s
    done(50): success=38 t_flicker=9 t_touched=2 t_no_reach=1
Ep  4750 | score   73.57 | avg100  164.91 | grasp100  73.0% | best 0.785 |     27 st/s
    done(50): success=35 t_flicker=13 t_touched=1 t_no_reach=1
Ep  4800 | score  209.38 | avg100  160.82 | grasp100  70.0% | best 0.785 |     27 st/s
    done(50): success=35 t_flicker=13 t_touched=1 t_no_reach=1
Ep  4850 | score   59.62 | avg100  159.74 | grasp100  69.0% | best 0.785 |     27 st/s
    done(50): success=34 t_flicker=12 t_touched=3 t_no_reach=1
Ep  4900 | score  204.63 | avg100  160.81 | grasp100  70.0% | best 0.785 |     27 st/s
    done(50): success=36 t_flicker=10 t_touched=3 t_no_reach=1
  [primacy-bias reset of critic heads @ 75000 updates]
Ep  4950 | score  205.14 | avg100  140.46 | grasp100  63.0% | best 0.785 |     27 st/s
    done(50): success=27 t_flicker=8 t_touched=5 t_no_reach=10
Ep  5000 | score   35.65 | avg100   74.39 | grasp100  35.0% | best 0.785 |     28 st/s
    done(50): success=8 t_flicker=10 t_touched=7 t_no_reach=25
Ep  5050 | score   35.74 | avg100   20.47 | grasp100   9.0% | best 0.785 |     27 st/s
    done(50): success=1 t_flicker=9 t_touched=10 t_no_reach=30
Ep  5100 | score  206.30 | avg100   49.54 | grasp100  19.0% | best 0.785 |     27 st/s
    done(50): success=18 t_flicker=13 t_touched=12 t_no_reach=7
Ep  5150 | score   11.30 | avg100  105.32 | grasp100  43.0% | best 0.785 |     28 st/s
    done(50): success=25 t_flicker=17 t_touched=7 t_no_reach=1
Ep  5200 | score  206.98 | avg100  120.58 | grasp100  49.0% | best 0.785 |     28 st/s
    done(50): success=24 t_flicker=16 t_touched=9 t_no_reach=1
Ep  5250 | score  205.22 | avg100  129.16 | grasp100  52.0% | best 0.785 |     28 st/s
    done(50): success=28 t_flicker=15 t_touched=3 t_no_reach=4
Ep  5300 | score  205.46 | avg100  142.52 | grasp100  59.0% | best 0.785 |     28 st/s
    done(50): success=31 t_flicker=15 t_touched=3 t_no_reach=1
Ep  5350 | score   53.43 | avg100  138.59 | grasp100  57.0% | best 0.785 |     28 st/s
    done(50): success=26 t_flicker=18 t_touched=4 t_no_reach=2
Ep  5400 | score  208.24 | avg100  145.40 | grasp100  62.0% | best 0.785 |     28 st/s
    done(50): success=36 t_flicker=10 t_touched=1 t_no_reach=3
Ep  5450 | score  108.36 | avg100  156.90 | grasp100  69.0% | best 0.785 |     28 st/s
    done(50): success=33 t_flicker=13 t_touched=1 t_no_reach=3
Ep  5500 | score   12.96 | avg100  161.25 | grasp100  70.0% | best 0.785 |     28 st/s
    done(50): success=37 t_flicker=9 t_touched=3 t_no_reach=1
Ep  5550 | score  209.32 | avg100  170.52 | grasp100  74.0% | best 0.785 |     27 st/s
    done(50): success=37 t_flicker=12 t_no_reach=1
Ep  5600 | score  204.29 | avg100  175.88 | grasp100  77.0% | best 0.785 |     27 st/s
    done(50): success=40 t_flicker=8 t_touched=1 t_no_reach=1
Ep  5650 | score  204.38 | avg100  168.60 | grasp100  75.0% | best 0.785 |     28 st/s
    done(50): success=35 t_flicker=9 t_touched=4 t_no_reach=2
Ep  5700 | score   56.48 | avg100  153.93 | grasp100  68.0% | best 0.785 |     28 st/s
    done(50): success=33 t_flicker=12 t_touched=2 t_no_reach=3
Ep  5750 | score  205.22 | avg100  153.11 | grasp100  66.0% | best 0.785 |     28 st/s
    done(50): success=33 t_flicker=12 t_touched=4 t_no_reach=1
Ep  5800 | score  203.81 | avg100  156.11 | grasp100  68.0% | best 0.785 |     28 st/s
    done(50): success=35 t_flicker=10 t_touched=1 t_no_reach=4
Ep  5850 | score    1.67 | avg100  155.48 | grasp100  68.0% | best 0.785 |     28 st/s
    done(50): success=33 t_flicker=15 t_touched=2
Ep  5900 | score  207.36 | avg100  159.81 | grasp100  69.0% | best 0.785 |     28 st/s
    done(50): success=36 t_flicker=11 t_touched=1 t_no_reach=2
Ep  5950 | score   92.41 | avg100  162.33 | grasp100  70.0% | best 0.785 |     28 st/s
    done(50): success=34 t_flicker=16
Ep  6000 | score  206.29 | avg100  159.57 | grasp100  69.0% | best 0.785 |     28 st/s
    done(50): success=35 t_flicker=12 t_touched=1 t_no_reach=2
Ep  6050 | score   64.44 | avg100  162.46 | grasp100  71.0% | best 0.785 |     27 st/s
    done(50): success=36 t_flicker=13 t_touched=1
Ep  6100 | score   59.49 | avg100  159.67 | grasp100  68.0% | best 0.785 |     27 st/s
    done(50): success=32 t_flicker=15 t_touched=2 t_no_reach=1
Ep  6150 | score  159.72 | avg100  171.97 | grasp100  75.0% | best 0.785 |     27 st/s
    done(50): success=43 t_flicker=5 t_no_reach=2
Ep  6200 | score    3.52 | avg100  177.89 | grasp100  81.0% | best 0.785 |     27 st/s
    done(50): success=38 t_flicker=8 t_touched=1 t_no_reach=3
Ep  6250 | score    3.30 | avg100  162.69 | grasp100  74.0% | best 0.785 |     27 st/s
    done(50): success=36 t_flicker=8 t_touched=2 t_no_reach=4
Ep  6300 | score  207.28 | avg100  163.91 | grasp100  73.0% | best 0.785 |     27 st/s
    done(50): success=37 t_flicker=9 t_touched=4
Ep  6350 | score  204.15 | avg100  171.84 | grasp100  78.0% | best 0.785 |     27 st/s
    done(50): success=41 t_flicker=8 t_touched=1
Ep  6400 | score  206.12 | avg100  174.76 | grasp100  80.0% | best 0.785 |     27 st/s
    done(50): success=39 t_flicker=8 t_touched=2 t_no_reach=1
Ep  6450 | score  228.36 | avg100  172.50 | grasp100  77.0% | best 0.785 |     27 st/s
    done(50): success=38 t_flicker=9 t_touched=2 t_no_reach=1
Ep  6500 | score   57.64 | avg100  167.64 | grasp100  74.0% | best 0.785 |     27 st/s
    done(50): success=36 t_flicker=10 t_touched=2 t_no_reach=2
  [primacy-bias reset of critic heads @ 100000 updates]
Ep  6550 | score  -10.13 | avg100  166.33 | grasp100  75.0% | best 0.785 |     27 st/s
    done(50): success=39 t_flicker=6 t_touched=3 t_no_reach=2
Ep  6600 | score    1.28 | avg100   92.13 | grasp100  43.0% | best 0.785 |     27 st/s
    done(50): success=4 t_flicker=8 t_touched=7 t_no_reach=31
Ep  6650 | score  227.78 | avg100   22.67 | grasp100  10.0% | best 0.785 |     27 st/s
    done(50): success=6 t_flicker=8 t_touched=10 t_no_reach=26
Ep  6700 | score   13.05 | avg100   47.45 | grasp100  17.0% | best 0.785 |     28 st/s
    done(50): success=11 t_flicker=16 t_touched=14 t_no_reach=9
Ep  6750 | score  206.97 | avg100   92.38 | grasp100  37.0% | best 0.785 |     28 st/s
    done(50): success=26 t_flicker=13 t_touched=7 t_no_reach=4
Ep  6800 | score   31.77 | avg100  120.62 | grasp100  49.0% | best 0.785 |     28 st/s
    done(50): success=23 t_flicker=20 t_touched=4 t_no_reach=3
Ep  6850 | score  205.48 | avg100  129.07 | grasp100  50.0% | best 0.785 |     28 st/s
    done(50): success=27 t_flicker=20 t_touched=3
Ep  6900 | score  208.03 | avg100  142.91 | grasp100  58.0% | best 0.785 |     28 st/s
    done(50): success=31 t_flicker=18 t_touched=1
Ep  6950 | score   50.19 | avg100  151.55 | grasp100  62.0% | best 0.785 |     28 st/s
    done(50): success=31 t_flicker=14 t_touched=4 t_no_reach=1
Ep  7000 | score   83.03 | avg100  155.06 | grasp100  65.0% | best 0.785 |     28 st/s
    done(50): success=34 t_flicker=12 t_touched=2 t_no_reach=2
Ep  7050 | score  209.69 | avg100  160.22 | grasp100  70.0% | best 0.785 |     27 st/s
    done(50): success=36 t_flicker=12 t_touched=1 t_no_reach=1
Ep  7100 | score  207.41 | avg100  163.62 | grasp100  71.0% | best 0.785 |     27 st/s
    done(50): success=35 t_flicker=14 t_touched=1
Ep  7150 | score   23.02 | avg100  166.70 | grasp100  74.0% | best 0.785 |     27 st/s
    done(50): success=39 t_flicker=7 t_touched=2 t_no_reach=2
Ep  7200 | score  205.60 | avg100  161.46 | grasp100  72.0% | best 0.785 |     28 st/s
    done(50): success=33 t_flicker=12 t_touched=1 t_no_reach=4
Ep  7250 | score   24.29 | avg100  156.79 | grasp100  68.0% | best 0.785 |     28 st/s
    done(50): success=35 t_flicker=14 t_no_reach=1
Ep  7300 | score  203.08 | avg100  172.35 | grasp100  77.0% | best 0.785 |     28 st/s
    done(50): success=42 t_flicker=7 t_touched=1
Ep  7350 | score  206.04 | avg100  174.62 | grasp100  77.0% | best 0.785 |     28 st/s
    done(50): success=35 t_flicker=14 t_no_reach=1
Ep  7400 | score  204.47 | avg100  162.46 | grasp100  70.0% | best 0.785 |     28 st/s
    done(50): success=35 t_flicker=13 t_touched=1 t_no_reach=1
Ep  7450 | score  206.69 | avg100  171.11 | grasp100  76.0% | best 0.785 |     28 st/s
    done(50): success=41 t_flicker=9
Ep  7500 | score   59.32 | avg100  172.91 | grasp100  77.0% | best 0.785 |     28 st/s
    done(50): success=36 t_flicker=9 t_touched=1 t_no_reach=4
Ep  7550 | score  207.39 | avg100  162.79 | grasp100  73.0% | best 0.785 |     27 st/s
    done(50): success=37 t_flicker=8 t_touched=3 t_no_reach=2
Ep  7600 | score  207.27 | avg100  167.48 | grasp100  77.0% | best 0.785 |     27 st/s
    done(50): success=40 t_flicker=6 t_touched=2 t_no_reach=2
Ep  7650 | score  209.05 | avg100  168.48 | grasp100  76.0% | best 0.785 |     27 st/s
    done(50): success=36 t_flicker=13 t_touched=1
Ep  7700 | score  206.91 | avg100  167.01 | grasp100  77.0% | best 0.785 |     27 st/s
    done(50): success=41 t_flicker=3 t_touched=2 t_no_reach=4
Ep  7750 | score   24.81 | avg100  162.21 | grasp100  75.0% | best 0.785 |     27 st/s
    done(50): success=34 t_flicker=12 t_touched=1 t_no_reach=3
Ep  7800 | score  224.33 | avg100  164.91 | grasp100  75.0% | best 0.785 |     27 st/s
    done(50): success=41 t_flicker=8 t_no_reach=1
Ep  7829 | * BEST  level200=2.00 grasp200= 80.0% metric=0.800 | score  204.95
Ep  7847 | * BEST  level200=2.00 grasp200= 81.5% metric=0.815 | score  204.89
Ep  7850 | score  204.30 | avg100  188.67 | grasp100  90.0% | best 0.815 |     27 st/s
    done(50): success=49 t_flicker=1
Ep  7900 | score  208.02 | avg100  185.69 | grasp100  88.0% | best 0.815 |     27 st/s
    done(50): success=39 t_flicker=8 t_touched=1 t_no_reach=2
Ep  7930 | * BEST  level200=2.00 grasp200= 83.0% metric=0.830 | score  198.96
Ep  7950 | score  206.07 | avg100  166.54 | grasp100  76.0% | best 0.830 |     28 st/s
    done(50): success=37 t_flicker=9 t_touched=2 t_no_reach=2
Ep  8000 | score  203.53 | avg100  165.15 | grasp100  75.0% | best 0.830 |     28 st/s
    done(50): success=38 t_flicker=11 t_no_reach=1
Ep  8050 | score  208.27 | avg100  165.95 | grasp100  77.0% | best 0.830 |     27 st/s
    done(50): success=39 t_flicker=7 t_touched=2 t_no_reach=2
Ep  8100 | score  223.50 | avg100  178.19 | grasp100  83.0% | best 0.830 |     27 st/s
    done(50): success=44 t_flicker=6
Ep  8150 | score  205.98 | avg100  182.17 | grasp100  85.0% | best 0.830 |     27 st/s
    done(50): success=41 t_flicker=6 t_touched=1 t_no_reach=2
  [primacy-bias reset of critic heads @ 125000 updates]
Ep  8200 | score  -11.19 | avg100  159.97 | grasp100  75.0% | best 0.830 |     27 st/s
    done(50): success=34 t_flicker=7 t_touched=3 t_no_reach=6
Ep  8250 | score  -13.27 | avg100  106.30 | grasp100  49.0% | best 0.830 |     27 st/s
    done(50): success=15 t_flicker=12 t_touched=6 t_no_reach=17
Ep  8300 | score  203.54 | avg100   76.28 | grasp100  33.0% | best 0.830 |     28 st/s
    done(50): success=18 t_flicker=15 t_touched=7 t_no_reach=10
Ep  8350 | score    2.69 | avg100   95.10 | grasp100  38.0% | best 0.830 |     28 st/s
    done(50): success=20 t_flicker=21 t_touched=5 t_no_reach=4
Ep  8400 | score  206.15 | avg100  111.05 | grasp100  43.0% | best 0.830 |     28 st/s
    done(50): success=23 t_flicker=17 t_touched=7 t_no_reach=3
Ep  8450 | score  214.91 | avg100  114.13 | grasp100  44.0% | best 0.830 |     28 st/s
    done(50): success=21 t_flicker=22 t_touched=3 t_no_reach=4
Ep  8500 | score  205.56 | avg100  128.99 | grasp100  52.0% | best 0.830 |     28 st/s
    done(50): success=31 t_flicker=16 t_touched=2 t_no_reach=1
Ep  8550 | score  207.25 | avg100  154.42 | grasp100  66.0% | best 0.830 |     27 st/s
    done(50): success=35 t_flicker=12 t_touched=2 t_no_reach=1
Ep  8600 | score   71.76 | avg100  151.64 | grasp100  66.0% | best 0.830 |     27 st/s
    done(50): success=31 t_flicker=11 t_touched=5 t_no_reach=3
Ep  8650 | score  208.92 | avg100  155.43 | grasp100  69.0% | best 0.830 |     27 st/s
    done(50): success=38 t_flicker=11 t_touched=1
Ep  8700 | score   54.86 | avg100  164.29 | grasp100  73.0% | best 0.830 |     27 st/s
    done(50): success=35 t_flicker=11 t_touched=3 t_no_reach=1
Ep  8750 | score   56.77 | avg100  152.52 | grasp100  66.0% | best 0.830 |     28 st/s
    done(50): success=31 t_flicker=14 t_touched=4 t_no_reach=1
Ep  8800 | score   38.50 | avg100  148.10 | grasp100  62.0% | best 0.830 |     28 st/s
    done(50): success=31 t_flicker=17 t_touched=2
Ep  8850 | score  208.68 | avg100  166.76 | grasp100  73.0% | best 0.830 |     28 st/s
    done(50): success=42 t_flicker=5 t_touched=3
Ep  8900 | score   20.21 | avg100  175.86 | grasp100  80.0% | best 0.830 |     28 st/s
    done(50): success=38 t_flicker=10 t_touched=2
Ep  8950 | score  206.40 | avg100  162.77 | grasp100  72.0% | best 0.830 |     28 st/s
    done(50): success=34 t_flicker=13 t_touched=1 t_no_reach=2
Ep  9000 | score  207.67 | avg100  162.28 | grasp100  72.0% | best 0.830 |     28 st/s
    done(50): success=38 t_flicker=8 t_touched=1 t_no_reach=3
Ep  9050 | score  204.99 | avg100  171.84 | grasp100  79.0% | best 0.830 |     27 st/s
    done(50): success=41 t_flicker=7 t_no_reach=2
Ep  9100 | score  205.01 | avg100  160.44 | grasp100  72.0% | best 0.830 |     27 st/s
    done(50): success=31 t_flicker=17 t_touched=2
Ep  9150 | score  194.66 | avg100  164.57 | grasp100  73.0% | best 0.830 |     27 st/s
    done(50): success=42 t_flicker=7 t_touched=1
Ep  9200 | score  207.80 | avg100  180.90 | grasp100  83.0% | best 0.830 |     27 st/s
    done(50): success=41 t_flicker=8 t_touched=1
Ep  9250 | score  205.90 | avg100  183.33 | grasp100  84.0% | best 0.830 |     27 st/s
    done(50): success=43 t_flicker=6 t_no_reach=1
Ep  9293 | * BEST  level200=2.00 grasp200= 84.5% metric=0.845 | score  205.91
Ep  9300 | score   37.08 | avg100  187.10 | grasp100  86.0% | best 0.845 |     27 st/s
    done(50): success=43 t_flicker=7
Ep  9350 | score  207.51 | avg100  185.10 | grasp100  84.0% | best 0.845 |     27 st/s
    done(50): success=41 t_flicker=7 t_touched=2
Ep  9400 | score  204.48 | avg100  178.55 | grasp100  80.0% | best 0.845 |     27 st/s
    done(50): success=39 t_flicker=9 t_touched=1 t_no_reach=1
Ep  9450 | score  207.56 | avg100  174.40 | grasp100  79.0% | best 0.845 |     27 st/s
    done(50): success=40 t_flicker=7 t_touched=1 t_no_reach=2
Ep  9500 | score  204.84 | avg100  178.09 | grasp100  83.0% | best 0.845 |     27 st/s
    done(50): success=43 t_flicker=2 t_touched=1 t_no_reach=4
Ep  9550 | score   15.70 | avg100  176.04 | grasp100  83.0% | best 0.845 |     27 st/s
    done(50): success=40 t_flicker=7 t_no_reach=3
Ep  9600 | score  215.83 | avg100  168.42 | grasp100  77.0% | best 0.845 |     27 st/s
    done(50): success=37 t_flicker=8 t_touched=2 t_no_reach=3
Ep  9650 | score    8.72 | avg100  175.67 | grasp100  81.0% | best 0.845 |     27 st/s
    done(50): success=44 t_flicker=5 t_no_reach=1
Ep  9700 | score    4.06 | avg100  184.25 | grasp100  87.0% | best 0.845 |     27 st/s
    done(50): success=43 t_flicker=3 t_touched=3 t_no_reach=1
Ep  9750 | score  206.53 | avg100  169.60 | grasp100  79.0% | best 0.845 |     27 st/s
    done(50): success=36 t_flicker=8 t_touched=2 t_no_reach=4
Ep  9800 | score  204.15 | avg100  161.69 | grasp100  75.0% | best 0.845 |     27 st/s
    done(50): success=39 t_flicker=7 t_no_reach=4
  [primacy-bias reset of critic heads @ 150000 updates]
Ep  9850 | score   -4.26 | avg100  157.57 | grasp100  73.0% | best 0.845 |     27 st/s
    done(50): success=34 t_flicker=8 t_touched=6 t_no_reach=2
Ep  9900 | score  -28.00 | avg100   66.90 | grasp100  34.0% | best 0.845 |     27 st/s
    done(50): t_flicker=2 t_touched=6 t_no_reach=42
Ep  9950 | score   55.70 | avg100  -15.80 | grasp100   0.0% | best 0.845 |     27 st/s
    done(50): t_flicker=4 t_touched=5 t_no_reach=41
Ep 10000 | score  207.75 | avg100   14.77 | grasp100   7.0% | best 0.845 |     28 st/s
    done(50): success=7 t_flicker=18 t_touched=12 t_no_reach=13
Ep 10050 | score   38.22 | avg100   83.79 | grasp100  31.0% | best 0.845 |     27 st/s
    done(50): success=24 t_flicker=21 t_touched=5
Ep 10100 | score  205.89 | avg100  136.05 | grasp100  55.0% | best 0.845 |     27 st/s
    done(50): success=31 t_flicker=16 t_touched=2 t_no_reach=1
Ep 10150 | score   40.08 | avg100  140.91 | grasp100  58.0% | best 0.845 |     27 st/s
    done(50): success=27 t_flicker=18 t_touched=4 t_no_reach=1
Ep 10200 | score  207.20 | avg100  138.85 | grasp100  58.0% | best 0.845 |     27 st/s
    done(50): success=31 t_flicker=14 t_touched=2 t_no_reach=3
Ep 10250 | score   51.19 | avg100  149.07 | grasp100  63.0% | best 0.845 |     27 st/s
    done(50): success=32 t_flicker=15 t_touched=2 t_no_reach=1
Ep 10300 | score  206.56 | avg100  157.48 | grasp100  67.0% | best 0.845 |     27 st/s
    done(50): success=35 t_flicker=12 t_touched=3
Ep 10350 | score  208.34 | avg100  167.66 | grasp100  72.0% | best 0.845 |     27 st/s
    done(50): success=37 t_flicker=13
Ep 10400 | score   55.50 | avg100  177.50 | grasp100  78.0% | best 0.845 |     27 st/s
    done(50): success=41 t_flicker=7 t_touched=1 t_no_reach=1
Ep 10450 | score  205.62 | avg100  178.28 | grasp100  79.0% | best 0.845 |     27 st/s
    done(50): success=38 t_flicker=10 t_touched=2
Ep 10500 | score   40.10 | avg100  167.04 | grasp100  73.0% | best 0.845 |     27 st/s
    done(50): success=35 t_flicker=13 t_touched=1 t_no_reach=1
Ep 10550 | score   49.75 | avg100  167.04 | grasp100  73.0% | best 0.845 |     27 st/s
    done(50): success=38 t_flicker=12
Ep 10600 | score   79.36 | avg100  171.76 | grasp100  76.0% | best 0.845 |     27 st/s
    done(50): success=38 t_flicker=11 t_touched=1
Ep 10650 | score  204.18 | avg100  170.93 | grasp100  77.0% | best 0.845 |     27 st/s
    done(50): success=39 t_flicker=9 t_touched=2
Ep 10700 | score   38.51 | avg100  173.35 | grasp100  79.0% | best 0.845 |     27 st/s
    done(50): success=40 t_flicker=8 t_touched=1 t_no_reach=1
Ep 10750 | score   64.30 | avg100  175.91 | grasp100  78.0% | best 0.845 |     27 st/s
    done(50): success=38 t_flicker=9 t_touched=2 t_no_reach=1
Ep 10800 | score  203.96 | avg100  188.99 | grasp100  85.0% | best 0.845 |     27 st/s
    done(50): success=47 t_flicker=2 t_no_reach=1
Ep 10850 | score  204.41 | avg100  193.89 | grasp100  90.0% | best 0.845 |     27 st/s
    done(50): success=43 t_flicker=7
Ep 10900 | score  212.70 | avg100  175.77 | grasp100  81.0% | best 0.845 |     27 st/s
    done(50): success=38 t_flicker=8 t_touched=2 t_no_reach=2
Ep 10950 | score   51.55 | avg100  169.22 | grasp100  77.0% | best 0.845 |     27 st/s
    done(50): success=39 t_flicker=7 t_touched=1 t_no_reach=3
Ep 11000 | score  206.80 | avg100  176.24 | grasp100  80.0% | best 0.845 |     27 st/s
    done(50): success=41 t_flicker=8 t_no_reach=1
Ep 11050 | score  207.53 | avg100  175.19 | grasp100  80.0% | best 0.845 |     27 st/s
    done(50): success=39 t_flicker=9 t_touched=1 t_no_reach=1
Ep 11100 | score  207.56 | avg100  169.71 | grasp100  76.0% | best 0.845 |     27 st/s
    done(50): success=37 t_flicker=9 t_touched=1 t_no_reach=3
Ep 11150 | score  208.24 | avg100  170.21 | grasp100  76.0% | best 0.845 |     27 st/s
    done(50): success=39 t_flicker=9 t_touched=2
Ep 11200 | score  205.78 | avg100  173.76 | grasp100  78.0% | best 0.845 |     27 st/s
    done(50): success=39 t_flicker=11
Ep 11250 | score  207.40 | avg100  172.74 | grasp100  78.0% | best 0.845 |     27 st/s
    done(50): success=39 t_flicker=6 t_touched=2 t_no_reach=3
Ep 11300 | score  205.32 | avg100  171.35 | grasp100  76.0% | best 0.845 |     27 st/s
    done(50): success=37 t_flicker=10 t_touched=2 t_no_reach=1
Ep 11350 | score  203.82 | avg100  178.87 | grasp100  80.0% | best 0.845 |     27 st/s
    done(50): success=43 t_flicker=4 t_no_reach=3
Ep 11400 | score  204.35 | avg100  184.98 | grasp100  84.0% | best 0.845 |     27 st/s
    done(50): success=41 t_flicker=8 t_touched=1
Ep 11450 | score  205.13 | avg100  181.82 | grasp100  83.0% | best 0.845 |     27 st/s
    done(50): success=42 t_flicker=5 t_touched=1 t_no_reach=2
  [primacy-bias reset of critic heads @ 175000 updates]
Ep 11500 | score  -17.86 | avg100  170.62 | grasp100  79.0% | best 0.845 |     27 st/s
    done(50): success=37 t_flicker=6 t_touched=3 t_no_reach=4
Ep 11550 | score  -18.57 | avg100   72.25 | grasp100  37.0% | best 0.845 |     27 st/s
    done(50): t_flicker=3 t_touched=8 t_no_reach=39
Ep 11600 | score   -5.26 | avg100  -11.59 | grasp100   0.0% | best 0.845 |     27 st/s
    done(50): t_flicker=6 t_touched=12 t_no_reach=32
Ep 11650 | score  207.80 | avg100   22.52 | grasp100  10.0% | best 0.845 |     27 st/s
    done(50): success=10 t_flicker=13 t_touched=10 t_no_reach=17
Ep 11700 | score  204.54 | avg100   73.67 | grasp100  29.0% | best 0.845 |     27 st/s
    done(50): success=19 t_flicker=19 t_touched=6 t_no_reach=6
Ep 11750 | score  204.47 | avg100  117.20 | grasp100  47.0% | best 0.845 |     27 st/s
    done(50): success=28 t_flicker=17 t_touched=2 t_no_reach=3
Ep 11800 | score  102.72 | avg100  134.05 | grasp100  54.0% | best 0.845 |     27 st/s
    done(50): success=26 t_flicker=19 t_touched=4 t_no_reach=1
Ep 11850 | score  204.89 | avg100  145.72 | grasp100  61.0% | best 0.845 |     27 st/s
    done(50): success=35 t_flicker=12 t_touched=3
Ep 11900 | score  131.45 | avg100  144.93 | grasp100  59.0% | best 0.845 |     27 st/s
    done(50): success=24 t_flicker=23 t_touched=3
Ep 11950 | score   92.22 | avg100  141.16 | grasp100  57.0% | best 0.845 |     28 st/s
    done(50): success=33 t_flicker=15 t_touched=1 t_no_reach=1
Ep 12000 | score  207.42 | avg100  159.20 | grasp100  70.0% | best 0.845 |     28 st/s
    done(50): success=37 t_flicker=9 t_touched=3 t_no_reach=1
Ep 12050 | score   57.82 | avg100  154.21 | grasp100  67.0% | best 0.845 |     27 st/s
    done(50): success=30 t_flicker=17 t_touched=3
Ep 12100 | score  206.32 | avg100  158.72 | grasp100  68.0% | best 0.845 |     27 st/s
    done(50): success=38 t_flicker=10 t_touched=1 t_no_reach=1
Ep 12150 | score  207.44 | avg100  169.06 | grasp100  75.0% | best 0.845 |     27 st/s
    done(50): success=37 t_flicker=10 t_no_reach=3
Ep 12200 | score  207.49 | avg100  170.54 | grasp100  77.0% | best 0.845 |     27 st/s
    done(50): success=40 t_flicker=8 t_touched=2
Ep 12250 | score  219.24 | avg100  176.29 | grasp100  79.0% | best 0.845 |     27 st/s
    done(50): success=39 t_flicker=10 t_touched=1
Ep 12300 | score   80.66 | avg100  177.29 | grasp100  79.0% | best 0.845 |     27 st/s
    done(50): success=40 t_flicker=8 t_touched=1 t_no_reach=1
Ep 12350 | score  206.84 | avg100  177.97 | grasp100  80.0% | best 0.845 |     27 st/s
    done(50): success=40 t_flicker=9 t_touched=1
Ep 12400 | score   56.35 | avg100  177.49 | grasp100  80.0% | best 0.845 |     27 st/s
    done(50): success=40 t_flicker=10
Ep 12450 | score  207.30 | avg100  176.79 | grasp100  79.0% | best 0.845 |     27 st/s
    done(50): success=39 t_flicker=8 t_touched=2 t_no_reach=1
Ep 12500 | score  212.02 | avg100  181.19 | grasp100  82.0% | best 0.845 |     27 st/s
    done(50): success=43 t_flicker=4 t_touched=3
Ep 12550 | score  207.53 | avg100  178.75 | grasp100  82.0% | best 0.845 |     27 st/s
    done(50): success=39 t_flicker=9 t_touched=1 t_no_reach=1
Ep 12600 | score  211.84 | avg100  174.47 | grasp100  80.0% | best 0.845 |     27 st/s
    done(50): success=41 t_flicker=7 t_touched=1 t_no_reach=1
Ep 12650 | score  208.31 | avg100  184.29 | grasp100  85.0% | best 0.845 |     27 st/s
    done(50): success=44 t_flicker=6
Ep 12700 | score  210.57 | avg100  191.11 | grasp100  88.0% | best 0.845 |     27 st/s
    done(50): success=44 t_flicker=6
Ep 12750 | score   79.27 | avg100  180.56 | grasp100  82.0% | best 0.845 |     27 st/s
    done(50): success=38 t_flicker=8 t_touched=3 t_no_reach=1
Ep 12800 | score   73.98 | avg100  172.39 | grasp100  77.0% | best 0.845 |     27 st/s
    done(50): success=39 t_flicker=10 t_no_reach=1
Ep 12850 | score    6.35 | avg100  181.17 | grasp100  82.0% | best 0.845 |     27 st/s
    done(50): success=43 t_flicker=4 t_touched=2 t_no_reach=1
Ep 12900 | score   55.55 | avg100  172.91 | grasp100  79.0% | best 0.845 |     27 st/s
    done(50): success=36 t_flicker=8 t_touched=1 t_no_reach=5
Ep 12950 | score  207.07 | avg100  168.86 | grasp100  76.0% | best 0.845 |     27 st/s
    done(50): success=40 t_flicker=8 t_touched=1 t_no_reach=1
Ep 13000 | score  204.65 | avg100  183.14 | grasp100  84.0% | best 0.845 |     27 st/s
    done(50): success=44 t_flicker=4 t_touched=2
Ep 13050 | score  209.08 | avg100  181.73 | grasp100  84.0% | best 0.845 |     27 st/s
    done(50): success=40 t_flicker=7 t_touched=2 t_no_reach=1
Ep 13100 | score  159.15 | avg100  173.05 | grasp100  78.0% | best 0.845 |     27 st/s
    done(50): success=38 t_flicker=11 t_no_reach=1
  [primacy-bias reset of critic heads @ 200000 updates]
Ep 13150 | score  -25.14 | avg100  160.25 | grasp100  73.0% | best 0.845 |     27 st/s
    done(50): success=35 t_flicker=6 t_no_reach=9
Ep 13200 | score  -27.59 | avg100   66.41 | grasp100  35.0% | best 0.845 |     27 st/s
    done(50): t_flicker=3 t_touched=4 t_no_reach=43
Ep 13250 | score   22.53 | avg100  -14.56 | grasp100   0.0% | best 0.845 |     27 st/s
    done(50): t_flicker=5 t_touched=3 t_no_reach=42
Ep 13300 | score   17.41 | avg100   39.51 | grasp100  19.0% | best 0.845 |     27 st/s
    done(50): success=19 t_flicker=14 t_touched=9 t_no_reach=8
Ep 13350 | score   61.01 | avg100  107.83 | grasp100  45.0% | best 0.845 |     27 st/s
    done(50): success=26 t_flicker=18 t_touched=2 t_no_reach=4
Ep 13400 | score   27.43 | avg100  123.96 | grasp100  52.0% | best 0.845 |     27 st/s
    done(50): success=26 t_flicker=14 t_touched=5 t_no_reach=5
Ep 13450 | score  207.41 | avg100  138.24 | grasp100  60.0% | best 0.845 |     27 st/s
    done(50): success=34 t_flicker=12 t_touched=3 t_no_reach=1
Ep 13500 | score  208.78 | avg100  151.22 | grasp100  63.0% | best 0.845 |     27 st/s
    done(50): success=29 t_flicker=19 t_touched=2
Ep 13550 | score  221.36 | avg100  151.90 | grasp100  62.0% | best 0.845 |     27 st/s
    done(50): success=33 t_flicker=12 t_touched=3 t_no_reach=2
Ep 13600 | score  209.28 | avg100  166.13 | grasp100  72.0% | best 0.845 |     27 st/s
    done(50): success=39 t_flicker=8 t_touched=2 t_no_reach=1
Ep 13650 | score  140.77 | avg100  172.59 | grasp100  76.0% | best 0.845 |     27 st/s
    done(50): success=37 t_flicker=10 t_touched=3
Ep 13700 | score   43.59 | avg100  162.74 | grasp100  70.0% | best 0.845 |     27 st/s
    done(50): success=33 t_flicker=14 t_touched=3
Ep 13750 | score  208.13 | avg100  161.30 | grasp100  69.0% | best 0.845 |     27 st/s
    done(50): success=36 t_flicker=14
Ep 13800 | score  199.57 | avg100  162.22 | grasp100  71.0% | best 0.845 |     27 st/s
    done(50): success=35 t_flicker=12 t_touched=2 t_no_reach=1
Ep 13850 | score  204.81 | avg100  172.92 | grasp100  77.0% | best 0.845 |     27 st/s
    done(50): success=42 t_flicker=6 t_touched=2
Ep 13900 | score   36.87 | avg100  184.39 | grasp100  83.0% | best 0.845 |     27 st/s
    done(50): success=41 t_flicker=7 t_touched=1 t_no_reach=1
Ep 13950 | score   93.45 | avg100  180.46 | grasp100  82.0% | best 0.845 |     27 st/s
    done(50): success=41 t_flicker=6 t_touched=2 t_no_reach=1
Ep 14000 | score  207.27 | avg100  179.86 | grasp100  83.0% | best 0.845 |     27 st/s
    done(50): success=42 t_flicker=6 t_touched=2
Ep 14050 | score  204.38 | avg100  173.98 | grasp100  81.0% | best 0.845 |     27 st/s
    done(50): success=39 t_flicker=7 t_touched=3 t_no_reach=1
Ep 14100 | score   -1.58 | avg100  173.32 | grasp100  81.0% | best 0.845 |     27 st/s
    done(50): success=42 t_flicker=5 t_touched=2 t_no_reach=1
Ep 14150 | score  203.04 | avg100  176.68 | grasp100  83.0% | best 0.845 |     27 st/s
    done(50): success=41 t_flicker=7 t_no_reach=2
Ep 14200 | score   33.33 | avg100  171.18 | grasp100  79.0% | best 0.845 |     27 st/s
    done(50): success=38 t_flicker=10 t_touched=2
Ep 14250 | score   50.52 | avg100  171.88 | grasp100  78.0% | best 0.845 |     27 st/s
    done(50): success=40 t_flicker=9 t_touched=1
Ep 14300 | score  221.84 | avg100  177.26 | grasp100  82.0% | best 0.845 |     27 st/s
    done(50): success=42 t_flicker=5 t_touched=1 t_no_reach=2
Ep 14350 | score  206.15 | avg100  185.55 | grasp100  87.0% | best 0.845 |     27 st/s
    done(50): success=45 t_flicker=5
Ep 14400 | score  208.77 | avg100  180.50 | grasp100  84.0% | best 0.845 |     27 st/s
    done(50): success=39 t_flicker=6 t_touched=3 t_no_reach=2
Ep 14450 | score  203.80 | avg100  178.96 | grasp100  84.0% | best 0.845 |     27 st/s
    done(50): success=45 t_flicker=3 t_touched=1 t_no_reach=1
Ep 14452 | * BEST  level200=2.00 grasp200= 86.0% metric=0.860 | score  205.90
Ep 14500 | score  206.20 | avg100  184.27 | grasp100  86.0% | best 0.860 |     27 st/s
    done(50): success=41 t_flicker=7 t_touched=1 t_no_reach=1
Ep 14550 | score  205.42 | avg100  172.62 | grasp100  79.0% | best 0.860 |     27 st/s
    done(50): success=38 t_flicker=6 t_touched=2 t_no_reach=4
Ep 14600 | score  204.71 | avg100  167.31 | grasp100  78.0% | best 0.860 |     27 st/s
    done(50): success=40 t_flicker=4 t_touched=2 t_no_reach=4
Ep 14650 | score  250.31 | avg100  164.41 | grasp100  77.0% | best 0.860 |     27 st/s
    done(50): success=37 t_flicker=7 t_touched=2 t_no_reach=4
Ep 14700 | score  207.96 | avg100  172.11 | grasp100  80.0% | best 0.860 |     27 st/s
    done(50): success=43 t_flicker=5 t_touched=1 t_no_reach=1
Ep 14750 | score  209.11 | avg100  180.49 | grasp100  85.0% | best 0.860 |     27 st/s
    done(50): success=42 t_flicker=4 t_touched=1 t_no_reach=3
  [primacy-bias reset of critic heads @ 225000 updates]
Ep 14800 | score  189.65 | avg100  152.89 | grasp100  72.0% | best 0.860 |     27 st/s
    done(50): success=30 t_flicker=7 t_touched=2 t_no_reach=11
Ep 14850 | score  -27.98 | avg100   67.61 | grasp100  34.0% | best 0.860 |     27 st/s
    done(50): success=4 t_flicker=5 t_touched=4 t_no_reach=37
Ep 14900 | score   -9.06 | avg100    3.58 | grasp100   6.0% | best 0.860 |     27 st/s
    done(50): success=2 t_flicker=4 t_touched=10 t_no_reach=34
Ep 14950 | score   22.27 | avg100   28.07 | grasp100  10.0% | best 0.860 |     27 st/s
    done(50): success=8 t_flicker=18 t_touched=16 t_no_reach=8
Ep 15000 | score  204.92 | avg100   87.38 | grasp100  33.0% | best 0.860 |     27 st/s
    done(50): success=25 t_flicker=15 t_touched=7 t_no_reach=3
Ep 15050 | score   33.83 | avg100  124.51 | grasp100  51.0% | best 0.860 |     27 st/s
    done(50): success=26 t_flicker=19 t_touched=2 t_no_reach=3
Ep 15100 | score  208.55 | avg100  133.27 | grasp100  55.0% | best 0.860 |     27 st/s
    done(50): success=29 t_flicker=16 t_touched=4 t_no_reach=1
Ep 15150 | score  206.26 | avg100  152.04 | grasp100  66.0% | best 0.860 |     27 st/s
    done(50): success=37 t_flicker=10 t_touched=2 t_no_reach=1
Ep 15200 | score  208.47 | avg100  163.88 | grasp100  71.0% | best 0.860 |     27 st/s
    done(50): success=34 t_flicker=14 t_touched=2
Ep 15250 | score  205.38 | avg100  167.17 | grasp100  72.0% | best 0.860 |     27 st/s
    done(50): success=38 t_flicker=9 t_touched=2 t_no_reach=1
Ep 15300 | score  205.48 | avg100  168.63 | grasp100  74.0% | best 0.860 |     27 st/s
    done(50): success=36 t_flicker=11 t_touched=1 t_no_reach=2
Ep 15350 | score   68.68 | avg100  166.19 | grasp100  74.0% | best 0.860 |     27 st/s
    done(50): success=38 t_flicker=7 t_touched=4 t_no_reach=1
Ep 15400 | score  102.13 | avg100  166.25 | grasp100  74.0% | best 0.860 |     27 st/s
    done(50): success=36 t_flicker=10 t_touched=3 t_no_reach=1
Ep 15450 | score   22.16 | avg100  163.49 | grasp100  72.0% | best 0.860 |     27 st/s
    done(50): success=36 t_flicker=10 t_touched=3 t_no_reach=1
Ep 15500 | score  204.59 | avg100  171.86 | grasp100  77.0% | best 0.860 |     27 st/s
    done(50): success=41 t_flicker=6 t_touched=2 t_no_reach=1
Ep 15550 | score  203.53 | avg100  187.93 | grasp100  87.0% | best 0.860 |     27 st/s
    done(50): success=46 t_flicker=4
Ep 15600 | score  205.87 | avg100  186.17 | grasp100  87.0% | best 0.860 |     27 st/s
    done(50): success=41 t_flicker=7 t_touched=2
Ep 15650 | score   60.38 | avg100  171.72 | grasp100  78.0% | best 0.860 |     27 st/s
    done(50): success=37 t_flicker=12 t_touched=1
Ep 15700 | score  205.47 | avg100  175.95 | grasp100  81.0% | best 0.860 |     27 st/s
    done(50): success=44 t_flicker=2 t_touched=3 t_no_reach=1
Ep 15750 | score   -6.45 | avg100  183.19 | grasp100  86.0% | best 0.860 |     27 st/s
    done(50): success=42 t_flicker=6 t_touched=1 t_no_reach=1
Ep 15800 | score  206.74 | avg100  178.33 | grasp100  83.0% | best 0.860 |     27 st/s
    done(50): success=41 t_flicker=6 t_touched=1 t_no_reach=2
Ep 15850 | score  208.60 | avg100  185.28 | grasp100  87.0% | best 0.860 |     27 st/s
    done(50): success=46 t_flicker=4
Ep 15900 | score  197.94 | avg100  187.81 | grasp100  87.0% | best 0.860 |     27 st/s
    done(50): success=41 t_flicker=7 t_touched=1 t_no_reach=1
Ep 15950 | score  217.72 | avg100  187.26 | grasp100  86.0% | best 0.860 |     27 st/s
    done(50): success=45 t_flicker=5
Ep 16000 | score   57.62 | avg100  179.87 | grasp100  83.0% | best 0.860 |     27 st/s
    done(50): success=38 t_flicker=8 t_touched=2 t_no_reach=2
Ep 16050 | score  204.33 | avg100  176.60 | grasp100  82.0% | best 0.860 |     27 st/s
    done(50): success=44 t_flicker=3 t_touched=3
Ep 16100 | score  204.83 | avg100  185.99 | grasp100  86.0% | best 0.860 |     27 st/s
    done(50): success=42 t_flicker=8
Ep 16150 | score   11.12 | avg100  189.79 | grasp100  88.0% | best 0.860 |     27 st/s
    done(50): success=46 t_flicker=3 t_touched=1
Ep 16200 | score  199.93 | avg100  184.10 | grasp100  86.0% | best 0.860 |     27 st/s
    done(50): success=40 t_flicker=9 t_no_reach=1
Ep 16250 | score  206.15 | avg100  162.61 | grasp100  74.0% | best 0.860 |     27 st/s
    done(50): success=34 t_flicker=10 t_touched=3 t_no_reach=3
Ep 16300 | score  204.03 | avg100  160.68 | grasp100  74.0% | best 0.860 |     27 st/s
    done(50): success=40 t_flicker=7 t_touched=1 t_no_reach=2
Ep 16350 | score  195.95 | avg100  179.22 | grasp100  85.0% | best 0.860 |     27 st/s
    done(50): success=45 t_flicker=2 t_touched=1 t_no_reach=2
Ep 16400 | score  -17.34 | avg100  175.21 | grasp100  82.0% | best 0.860 |     27 st/s
    done(50): success=37 t_flicker=9 t_touched=3 t_no_reach=1
  [primacy-bias reset of critic heads @ 250000 updates]
Ep 16450 | score  215.22 | avg100  170.19 | grasp100  78.0% | best 0.860 |     27 st/s
    done(50): success=41 t_flicker=8 t_no_reach=1
Ep 16500 | score  -27.92 | avg100   97.57 | grasp100  47.0% | best 0.860 |     27 st/s
    done(50): success=6 t_flicker=6 t_touched=3 t_no_reach=35
Ep 16550 | score    5.07 | avg100    9.09 | grasp100  10.0% | best 0.860 |     27 st/s
    done(50): success=4 t_touched=7 t_no_reach=39
Ep 16600 | score   17.69 | avg100   30.62 | grasp100  15.0% | best 0.860 |     27 st/s
    done(50): success=11 t_flicker=16 t_touched=16 t_no_reach=7
Ep 16650 | score   59.97 | avg100   82.17 | grasp100  31.0% | best 0.860 |     27 st/s
    done(50): success=20 t_flicker=17 t_touched=5 t_no_reach=8
Ep 16700 | score  207.11 | avg100  114.39 | grasp100  46.0% | best 0.860 |     27 st/s
    done(50): success=26 t_flicker=13 t_touched=8 t_no_reach=3
Ep 16750 | score  209.91 | avg100  127.00 | grasp100  52.0% | best 0.860 |     27 st/s
    done(50): success=26 t_flicker=20 t_touched=3 t_no_reach=1
Ep 16800 | score  207.64 | avg100  144.01 | grasp100  60.0% | best 0.860 |     27 st/s
    done(50): success=34 t_flicker=14 t_touched=2
Ep 16850 | score  205.63 | avg100  159.53 | grasp100  68.0% | best 0.860 |     27 st/s
    done(50): success=34 t_flicker=14 t_touched=1 t_no_reach=1
Ep 16900 | score    1.99 | avg100  158.47 | grasp100  68.0% | best 0.860 |     27 st/s
    done(50): success=34 t_flicker=12 t_touched=3 t_no_reach=1
Ep 16950 | score  253.18 | avg100  153.54 | grasp100  65.0% | best 0.860 |     27 st/s
    done(50): success=31 t_flicker=17 t_touched=2
Ep 17000 | score  206.22 | avg100  163.74 | grasp100  70.0% | best 0.860 |     27 st/s
    done(50): success=39 t_flicker=9 t_touched=2
Ep 17050 | score  131.20 | avg100  172.70 | grasp100  77.0% | best 0.860 |     27 st/s
    done(50): success=38 t_flicker=10 t_touched=2
Ep 17100 | score  207.37 | avg100  181.89 | grasp100  83.0% | best 0.860 |     27 st/s
    done(50): success=45 t_flicker=5
Ep 17150 | score  207.98 | avg100  186.52 | grasp100  86.0% | best 0.860 |     27 st/s
    done(50): success=41 t_flicker=6 t_touched=1 t_no_reach=2
Ep 17200 | score  206.10 | avg100  177.53 | grasp100  81.0% | best 0.860 |     27 st/s
    done(50): success=40 t_flicker=8 t_touched=2
Ep 17250 | score   54.35 | avg100  180.16 | grasp100  81.0% | best 0.860 |     27 st/s
    done(50): success=41 t_flicker=7 t_touched=2
Ep 17300 | score  207.13 | avg100  185.09 | grasp100  84.0% | best 0.860 |     27 st/s
    done(50): success=43 t_flicker=7
Ep 17350 | score  205.39 | avg100  187.96 | grasp100  87.0% | best 0.860 |     27 st/s
    done(50): success=44 t_flicker=6
Ep 17400 | score  208.74 | avg100  183.99 | grasp100  84.0% | best 0.860 |     27 st/s
    done(50): success=40 t_flicker=8 t_touched=1 t_no_reach=1
Ep 17450 | score  208.72 | avg100  175.72 | grasp100  78.0% | best 0.860 |     27 st/s
    done(50): success=38 t_flicker=11 t_no_reach=1
Ep 17500 | score  208.74 | avg100  167.19 | grasp100  74.0% | best 0.860 |     27 st/s
    done(50): success=36 t_flicker=12 t_touched=2
Ep 17550 | score  207.55 | avg100  175.93 | grasp100  81.0% | best 0.860 |     27 st/s
    done(50): success=45 t_flicker=3 t_touched=1 t_no_reach=1
Ep 17600 | score  203.03 | avg100  185.74 | grasp100  87.0% | best 0.860 |     27 st/s
    done(50): success=42 t_flicker=8
Ep 17650 | score  205.76 | avg100  179.11 | grasp100  83.0% | best 0.860 |     27 st/s
    done(50): success=41 t_flicker=6 t_touched=3
Ep 17700 | score  205.43 | avg100  181.30 | grasp100  85.0% | best 0.860 |     27 st/s
    done(50): success=44 t_flicker=4 t_touched=1 t_no_reach=1
Ep 17750 | score  228.21 | avg100  179.22 | grasp100  83.0% | best 0.860 |     27 st/s
    done(50): success=39 t_flicker=8 t_touched=1 t_no_reach=2
Ep 17800 | score  206.57 | avg100  180.69 | grasp100  83.0% | best 0.860 |     27 st/s
    done(50): success=44 t_flicker=5 t_touched=1
Ep 17850 | score  113.64 | avg100  185.90 | grasp100  86.0% | best 0.860 |     27 st/s
    done(50): success=42 t_flicker=7 t_touched=1
Ep 17900 | score  208.03 | avg100  182.39 | grasp100  85.0% | best 0.860 |     27 st/s
    done(50): success=43 t_flicker=4 t_no_reach=3
Ep 17950 | score  204.98 | avg100  183.78 | grasp100  86.0% | best 0.860 |     27 st/s
    done(50): success=43 t_flicker=6 t_no_reach=1
Ep 18000 | score  229.19 | avg100  190.73 | grasp100  88.0% | best 0.860 |     27 st/s
    done(50): success=45 t_flicker=5
Ep 18006 | * BEST  level200=2.00 grasp200= 87.5% metric=0.875 | score  196.32
Ep 18030 | * BEST  level200=2.00 grasp200= 89.0% metric=0.890 | score  206.17
Ep 18050 | score  203.75 | avg100  191.31 | grasp100  89.0% | best 0.890 |     27 st/s
    done(50): success=44 t_flicker=5 t_touched=1
Ep 18100 | score  203.86 | avg100  184.41 | grasp100  86.0% | best 0.890 |     27 st/s
    done(50): success=42 t_flicker=5 t_touched=3
Ep 18150 | score  198.26 | avg100  179.95 | grasp100  83.0% | best 0.890 |     27 st/s
    done(50): success=41 t_flicker=6 t_touched=2 t_no_reach=1
  [primacy-bias reset of critic heads @ 275000 updates]
Ep 18200 | score  -27.75 | avg100  169.21 | grasp100  79.0% | best 0.890 |     27 st/s
    done(50): success=38 t_flicker=4 t_no_reach=8
Ep 18250 | score  -22.04 | avg100   73.59 | grasp100  39.0% | best 0.890 |     27 st/s
    done(50): success=1 t_flicker=4 t_touched=2 t_no_reach=43
Ep 18300 | score  205.69 | avg100    1.91 | grasp100   6.0% | best 0.890 |     27 st/s
    done(50): success=5 t_flicker=9 t_touched=4 t_no_reach=32
Ep 18350 | score   20.18 | avg100   41.68 | grasp100  17.0% | best 0.890 |     27 st/s
    done(50): success=12 t_flicker=18 t_touched=11 t_no_reach=9
Ep 18400 | score  -17.44 | avg100   84.49 | grasp100  33.0% | best 0.890 |     27 st/s
    done(50): success=21 t_flicker=14 t_touched=11 t_no_reach=4
Ep 18450 | score  206.72 | avg100  121.15 | grasp100  52.0% | best 0.890 |     27 st/s
    done(50): success=31 t_flicker=10 t_touched=5 t_no_reach=4
Ep 18500 | score   49.33 | avg100  140.97 | grasp100  62.0% | best 0.890 |     27 st/s
    done(50): success=31 t_flicker=13 t_touched=2 t_no_reach=4
Ep 18550 | score  205.86 | avg100  142.77 | grasp100  62.0% | best 0.890 |     27 st/s
    done(50): success=31 t_flicker=13 t_touched=3 t_no_reach=3
Ep 18600 | score   55.94 | avg100  152.59 | grasp100  66.0% | best 0.890 |     27 st/s
    done(50): success=35 t_flicker=11 t_touched=2 t_no_reach=2
Ep 18650 | score  -12.25 | avg100  152.48 | grasp100  64.0% | best 0.890 |     27 st/s
    done(50): success=29 t_flicker=17 t_touched=3 t_no_reach=1
Ep 18700 | score  207.58 | avg100  151.84 | grasp100  63.0% | best 0.890 |     27 st/s
    done(50): success=34 t_flicker=13 t_touched=3
Ep 18750 | score  205.97 | avg100  164.79 | grasp100  71.0% | best 0.890 |     27 st/s
    done(50): success=37 t_flicker=11 t_touched=1 t_no_reach=1
Ep 18800 | score  203.52 | avg100  170.60 | grasp100  76.0% | best 0.890 |     27 st/s
    done(50): success=39 t_flicker=8 t_touched=3
Ep 18850 | score  204.33 | avg100  173.62 | grasp100  77.0% | best 0.890 |     27 st/s
    done(50): success=38 t_flicker=10 t_touched=1 t_no_reach=1
Ep 18900 | score  205.45 | avg100  180.28 | grasp100  79.0% | best 0.890 |     27 st/s
    done(50): success=41 t_flicker=9
Ep 18950 | score  210.21 | avg100  175.17 | grasp100  77.0% | best 0.890 |     27 st/s
    done(50): success=36 t_flicker=12 t_touched=1 t_no_reach=1
Ep 19000 | score  197.68 | avg100  170.13 | grasp100  74.0% | best 0.890 |     27 st/s
    done(50): success=38 t_flicker=11 t_touched=1
Ep 19050 | score  204.95 | avg100  171.54 | grasp100  74.0% | best 0.890 |     27 st/s
    done(50): success=36 t_flicker=12 t_touched=1 t_no_reach=1
Ep 19100 | score  149.95 | avg100  163.70 | grasp100  70.0% | best 0.890 |     27 st/s
    done(50): success=34 t_flicker=15 t_touched=1
Ep 19150 | score  205.53 | avg100  176.39 | grasp100  80.0% | best 0.890 |     27 st/s
    done(50): success=46 t_flicker=4
Ep 19200 | score  208.69 | avg100  191.00 | grasp100  90.0% | best 0.890 |     27 st/s
    done(50): success=44 t_flicker=5 t_no_reach=1
Ep 19250 | score  200.84 | avg100  189.35 | grasp100  86.0% | best 0.890 |     27 st/s
    done(50): success=42 t_flicker=8
Ep 19300 | score  204.10 | avg100  184.51 | grasp100  83.0% | best 0.890 |     27 st/s
    done(50): success=41 t_flicker=7 t_touched=2
Ep 19350 | score  204.34 | avg100  180.41 | grasp100  83.0% | best 0.890 |     27 st/s
    done(50): success=42 t_flicker=8
Ep 19400 | score  205.77 | avg100  187.22 | grasp100  87.0% | best 0.890 |     27 st/s
    done(50): success=45 t_flicker=4 t_touched=1
Ep 19450 | score  202.07 | avg100  184.33 | grasp100  85.0% | best 0.890 |     27 st/s
    done(50): success=40 t_flicker=8 t_touched=2
Ep 19500 | score  207.56 | avg100  175.82 | grasp100  81.0% | best 0.890 |     27 st/s
    done(50): success=41 t_flicker=4 t_touched=3 t_no_reach=2
Ep 19550 | score  203.75 | avg100  186.83 | grasp100  88.0% | best 0.890 |     27 st/s
    done(50): success=47 t_flicker=1 t_touched=1 t_no_reach=1
Ep 19600 | score  206.96 | avg100  190.00 | grasp100  89.0% | best 0.890 |     27 st/s
    done(50): success=42 t_flicker=6 t_no_reach=2
Ep 19650 | score  205.14 | avg100  186.11 | grasp100  86.0% | best 0.890 |     27 st/s
    done(50): success=44 t_flicker=6
Ep 19700 | score  205.31 | avg100  181.68 | grasp100  84.0% | best 0.890 |     27 st/s
    done(50): success=40 t_flicker=6 t_touched=2 t_no_reach=2
Ep 19750 | score   76.93 | avg100  181.07 | grasp100  84.0% | best 0.890 |     27 st/s
    done(50): success=44 t_flicker=5 t_no_reach=1
Ep 19800 | score   31.51 | avg100  187.95 | grasp100  87.0% | best 0.890 |     27 st/s
    done(50): success=43 t_flicker=7
Ep 19850 | score  186.24 | avg100  183.23 | grasp100  84.0% | best 0.890 |     27 st/s
    done(50): success=41 t_flicker=8 t_touched=1
  [primacy-bias reset of critic heads @ 300000 updates]
Ep 19900 | score  204.63 | avg100  183.57 | grasp100  85.0% | best 0.890 |     27 st/s
    done(50): success=44 t_flicker=6
Ep 19950 | score  239.08 | avg100  162.23 | grasp100  76.0% | best 0.890 |     27 st/s
    done(50): success=32 t_flicker=7 t_touched=1 t_no_reach=10
Ep 20000 | score  205.85 | avg100  104.52 | grasp100  49.0% | best 0.890 |     27 st/s
    done(50): success=17 t_flicker=6 t_touched=6 t_no_reach=21
Ep 20050 | score  205.78 | avg100   80.35 | grasp100  34.0% | best 0.890 |     27 st/s
    done(50): success=17 t_flicker=24 t_touched=5 t_no_reach=4
Ep 20100 | score   -5.00 | avg100   98.95 | grasp100  39.0% | best 0.890 |     27 st/s
    done(50): success=22 t_flicker=18 t_touched=6 t_no_reach=4
Ep 20150 | score  101.56 | avg100  119.18 | grasp100  49.0% | best 0.890 |     27 st/s
    done(50): success=27 t_flicker=14 t_touched=5 t_no_reach=4
Ep 20200 | score   17.91 | avg100  139.01 | grasp100  59.0% | best 0.890 |     27 st/s
    done(50): success=32 t_flicker=12 t_touched=6
Ep 20250 | score  206.95 | avg100  159.36 | grasp100  70.0% | best 0.890 |     27 st/s
    done(50): success=38 t_flicker=9 t_touched=2 t_no_reach=1
Ep 20300 | score   58.34 | avg100  155.36 | grasp100  68.0% | best 0.890 |     27 st/s
    done(50): success=30 t_flicker=15 t_touched=4 t_no_reach=1
Ep 20350 | score  207.77 | avg100  149.21 | grasp100  63.0% | best 0.890 |     27 st/s
    done(50): success=33 t_flicker=16 t_touched=1
Ep 20400 | score  209.27 | avg100  161.40 | grasp100  70.0% | best 0.890 |     27 st/s
    done(50): success=37 t_flicker=7 t_touched=5 t_no_reach=1
Ep 20450 | score  208.09 | avg100  172.36 | grasp100  76.0% | best 0.890 |     27 st/s
    done(50): success=39 t_flicker=10 t_touched=1
Ep 20500 | score   72.23 | avg100  178.57 | grasp100  79.0% | best 0.890 |     27 st/s
    done(50): success=40 t_flicker=9 t_no_reach=1
Ep 20550 | score  204.51 | avg100  171.90 | grasp100  77.0% | best 0.890 |     27 st/s
    done(50): success=37 t_flicker=8 t_touched=4 t_no_reach=1
Ep 20600 | score  205.97 | avg100  173.98 | grasp100  79.0% | best 0.890 |     27 st/s
    done(50): success=42 t_flicker=6 t_touched=2
Ep 20650 | score  206.63 | avg100  180.34 | grasp100  83.0% | best 0.890 |     27 st/s
    done(50): success=41 t_flicker=7 t_touched=2
Ep 20700 | score  206.79 | avg100  175.54 | grasp100  80.0% | best 0.890 |     27 st/s
    done(50): success=39 t_flicker=9 t_touched=2
Ep 20750 | score  205.15 | avg100  172.89 | grasp100  77.0% | best 0.890 |     27 st/s
    done(50): success=38 t_flicker=11 t_touched=1
Ep 20800 | score   59.50 | avg100  177.47 | grasp100  80.0% | best 0.890 |     27 st/s
    done(50): success=42 t_flicker=7 t_no_reach=1
Ep 20850 | score  197.97 | avg100  181.38 | grasp100  84.0% | best 0.890 |     27 st/s
    done(50): success=42 t_flicker=4 t_touched=2 t_no_reach=2
Ep 20900 | score  205.33 | avg100  180.43 | grasp100  83.0% | best 0.890 |     27 st/s
    done(50): success=41 t_flicker=8 t_no_reach=1
Ep 20950 | score  204.60 | avg100  181.41 | grasp100  82.0% | best 0.890 |     27 st/s
    done(50): success=41 t_flicker=8 t_touched=1
Ep 21000 | score  204.69 | avg100  183.52 | grasp100  83.0% | best 0.890 |     27 st/s
    done(50): success=42 t_flicker=8
Ep 21050 | score  207.41 | avg100  189.72 | grasp100  88.0% | best 0.890 |     27 st/s
    done(50): success=46 t_flicker=3 t_no_reach=1
Ep 21100 | score  205.39 | avg100  187.70 | grasp100  88.0% | best 0.890 |     27 st/s
    done(50): success=42 t_flicker=6 t_no_reach=2
Ep 21150 | score  205.90 | avg100  178.26 | grasp100  81.0% | best 0.890 |     27 st/s
    done(50): success=39 t_flicker=11
Ep 21200 | score   -1.85 | avg100  177.33 | grasp100  80.0% | best 0.890 |     27 st/s
    done(50): success=41 t_flicker=5 t_touched=2 t_no_reach=2
Ep 21250 | score  211.42 | avg100  176.46 | grasp100  80.0% | best 0.890 |     27 st/s
    done(50): success=39 t_flicker=10 t_touched=1
Ep 21300 | score  207.59 | avg100  183.10 | grasp100  83.0% | best 0.890 |     27 st/s
    done(50): success=44 t_flicker=6
Ep 21350 | score  211.18 | avg100  182.95 | grasp100  84.0% | best 0.890 |     27 st/s
    done(50): success=40 t_flicker=6 t_touched=2 t_no_reach=2
Ep 21400 | score  208.75 | avg100  179.02 | grasp100  83.0% | best 0.890 |     27 st/s
    done(50): success=43 t_flicker=7
Ep 21450 | score  209.06 | avg100  186.35 | grasp100  86.0% | best 0.890 |     27 st/s
    done(50): success=43 t_flicker=7
Ep 21500 | score  209.42 | avg100  191.25 | grasp100  89.0% | best 0.890 |     27 st/s
    done(50): success=46 t_flicker=3 t_no_reach=1
Ep 21550 | score  205.91 | avg100  191.04 | grasp100  91.0% | best 0.890 |     27 st/s
    done(50): success=45 t_flicker=3 t_touched=2
Ep 21600 | score  210.40 | avg100  189.87 | grasp100  90.0% | best 0.890 |     27 st/s
    done(50): success=45 t_flicker=5
Ep 21608 | * BEST  level200=2.00 grasp200= 90.5% metric=0.905 | score  209.67
Ep 21650 | score  208.32 | avg100  190.73 | grasp100  90.0% | best 0.905 |     27 st/s
    done(50): success=45 t_flicker=5
  [primacy-bias reset of critic heads @ 325000 updates]
Ep 21700 | score  209.37 | avg100  181.83 | grasp100  85.0% | best 0.905 |     27 st/s
    done(50): success=40 t_flicker=8 t_no_reach=2
Ep 21750 | score   16.99 | avg100   96.66 | grasp100  46.0% | best 0.905 |     27 st/s
    done(50): success=6 t_flicker=7 t_touched=5 t_no_reach=32
Ep 21800 | score   -3.97 | avg100   40.69 | grasp100  22.0% | best 0.905 |     27 st/s
    done(50): success=16 t_flicker=6 t_touched=5 t_no_reach=23
Ep 21850 | score   96.84 | avg100   85.49 | grasp100  41.0% | best 0.905 |     27 st/s
    done(50): success=25 t_flicker=9 t_touched=4 t_no_reach=12
Ep 21900 | score  206.35 | avg100  104.76 | grasp100  45.0% | best 0.905 |     27 st/s
    done(50): success=20 t_flicker=19 t_touched=9 t_no_reach=2
Ep 21950 | score   25.73 | avg100  106.84 | grasp100  43.0% | best 0.905 |     27 st/s
    done(50): success=23 t_flicker=15 t_touched=9 t_no_reach=3
Ep 22000 | score  206.22 | avg100  128.61 | grasp100  54.0% | best 0.905 |     27 st/s
    done(50): success=31 t_flicker=14 t_touched=4 t_no_reach=1
Ep 22050 | score   54.30 | avg100  146.66 | grasp100  63.0% | best 0.905 |     27 st/s
    done(50): success=32 t_flicker=15 t_touched=2 t_no_reach=1
Ep 22100 | score  205.28 | avg100  155.51 | grasp100  67.0% | best 0.905 |     27 st/s
    done(50): success=35 t_flicker=11 t_touched=2 t_no_reach=2
Ep 22150 | score  208.81 | avg100  162.14 | grasp100  71.0% | best 0.905 |     27 st/s
    done(50): success=36 t_flicker=11 t_touched=2 t_no_reach=1
Ep 22200 | score  219.14 | avg100  169.23 | grasp100  76.0% | best 0.905 |     27 st/s
    done(50): success=40 t_flicker=8 t_touched=1 t_no_reach=1
Ep 22250 | score  205.32 | avg100  162.36 | grasp100  72.0% | best 0.905 |     27 st/s
    done(50): success=32 t_flicker=16 t_touched=2
Ep 22300 | score  206.35 | avg100  161.31 | grasp100  69.0% | best 0.905 |     27 st/s
    done(50): success=37 t_flicker=12 t_touched=1
Ep 22350 | score  206.89 | avg100  169.39 | grasp100  72.0% | best 0.905 |     27 st/s
    done(50): success=35 t_flicker=14 t_touched=1
Ep 22400 | score  205.14 | avg100  171.50 | grasp100  74.0% | best 0.905 |     27 st/s
    done(50): success=39 t_flicker=9 t_touched=1 t_no_reach=1
Ep 22450 | score  203.17 | avg100  182.03 | grasp100  82.0% | best 0.905 |     27 st/s
    done(50): success=43 t_flicker=6 t_touched=1
Ep 22500 | score  205.44 | avg100  172.90 | grasp100  77.0% | best 0.905 |     27 st/s
    done(50): success=34 t_flicker=14 t_touched=2
Ep 22550 | score  207.46 | avg100  170.08 | grasp100  74.0% | best 0.905 |     27 st/s
    done(50): success=40 t_flicker=9 t_touched=1
Ep 22600 | score   32.72 | avg100  174.98 | grasp100  76.0% | best 0.905 |     27 st/s
    done(50): success=36 t_flicker=12 t_touched=2
Ep 22650 | score   56.08 | avg100  173.98 | grasp100  76.0% | best 0.905 |     27 st/s
    done(50): success=40 t_flicker=8 t_touched=1 t_no_reach=1
Ep 22700 | score  205.13 | avg100  183.87 | grasp100  83.0% | best 0.905 |     27 st/s
    done(50): success=43 t_flicker=6 t_touched=1
Ep 22750 | score  216.75 | avg100  191.67 | grasp100  88.0% | best 0.905 |     27 st/s
    done(50): success=45 t_flicker=5
Ep 22800 | score  207.09 | avg100  188.26 | grasp100  86.0% | best 0.905 |     27 st/s
    done(50): success=41 t_flicker=9
Ep 22850 | score  204.37 | avg100  184.86 | grasp100  83.0% | best 0.905 |     27 st/s
    done(50): success=42 t_flicker=8
Ep 22900 | score  206.31 | avg100  192.70 | grasp100  88.0% | best 0.905 |     27 st/s
    done(50): success=46 t_flicker=4
Ep 22950 | score  205.45 | avg100  198.17 | grasp100  93.0% | best 0.905 |     27 st/s
    done(50): success=47 t_flicker=3
Ep 23000 | score  206.40 | avg100  195.47 | grasp100  91.0% | best 0.905 |     27 st/s
    done(50): success=44 t_flicker=6
Ep 23050 | score  202.00 | avg100  186.10 | grasp100  85.0% | best 0.905 |     27 st/s
    done(50): success=41 t_flicker=8 t_no_reach=1
Ep 23100 | score  228.74 | avg100  179.41 | grasp100  82.0% | best 0.905 |     27 st/s
    done(50): success=41 t_flicker=8 t_no_reach=1
Ep 23150 | score   57.38 | avg100  189.12 | grasp100  87.0% | best 0.905 |     27 st/s
    done(50): success=46 t_flicker=4
Ep 23200 | score  206.35 | avg100  196.94 | grasp100  92.0% | best 0.905 |     27 st/s
    done(50): success=46 t_flicker=2 t_touched=1 t_no_reach=1
Ep 23250 | score  196.82 | avg100  193.78 | grasp100  91.0% | best 0.905 |     27 st/s
    done(50): success=45 t_flicker=4 t_no_reach=1
Ep 23300 | score  206.09 | avg100  192.12 | grasp100  89.0% | best 0.905 |     27 st/s
    done(50): success=44 t_flicker=6
Ep 23350 | score  207.82 | avg100  183.53 | grasp100  84.0% | best 0.905 |     27 st/s
    done(50): success=40 t_flicker=7 t_touched=3
Ep 23400 | score   76.23 | avg100  180.41 | grasp100  82.0% | best 0.905 |     27 st/s
    done(50): success=42 t_flicker=8
Ep 23450 | score   53.60 | avg100  183.89 | grasp100  83.0% | best 0.905 |     27 st/s
    done(50): success=41 t_flicker=9
  [primacy-bias reset of critic heads @ 350000 updates]
Ep 23500 | score    3.37 | avg100  153.15 | grasp100  69.0% | best 0.905 |     27 st/s
    done(50): success=28 t_flicker=10 t_touched=2 t_no_reach=10
Ep 23550 | score  -17.70 | avg100   66.76 | grasp100  33.0% | best 0.905 |     27 st/s
    done(50): success=5 t_flicker=6 t_touched=2 t_no_reach=37
Ep 23600 | score  102.14 | avg100   22.83 | grasp100  13.0% | best 0.905 |     27 st/s
    done(50): success=8 t_flicker=9 t_touched=6 t_no_reach=27
Ep 23650 | score   73.00 | avg100   64.31 | grasp100  28.0% | best 0.905 |     27 st/s
    done(50): success=20 t_flicker=10 t_touched=13 t_no_reach=7
Ep 23700 | score  244.09 | avg100   99.30 | grasp100  42.0% | best 0.905 |     27 st/s
    done(50): success=22 t_flicker=13 t_touched=9 t_no_reach=6
Ep 23750 | score   44.12 | avg100  116.57 | grasp100  48.0% | best 0.905 |     27 st/s
    done(50): success=26 t_flicker=15 t_touched=5 t_no_reach=4
Ep 23800 | score   64.23 | avg100  148.39 | grasp100  64.0% | best 0.905 |     27 st/s
    done(50): success=38 t_flicker=7 t_touched=3 t_no_reach=2
Ep 23850 | score   13.77 | avg100  155.60 | grasp100  67.0% | best 0.905 |     27 st/s
    done(50): success=29 t_flicker=16 t_touched=3 t_no_reach=2
Ep 23900 | score  204.33 | avg100  156.75 | grasp100  66.0% | best 0.905 |     27 st/s
    done(50): success=37 t_flicker=12 t_touched=1
Ep 23950 | score  209.53 | avg100  170.76 | grasp100  74.0% | best 0.905 |     27 st/s
    done(50): success=37 t_flicker=12 t_no_reach=1
Ep 24000 | score  207.37 | avg100  164.44 | grasp100  71.0% | best 0.905 |     27 st/s
    done(50): success=34 t_flicker=15 t_touched=1
Ep 24050 | score  205.46 | avg100  167.24 | grasp100  73.0% | best 0.905 |     27 st/s
    done(50): success=39 t_flicker=11
Ep 24100 | score  205.27 | avg100  171.14 | grasp100  76.0% | best 0.905 |     27 st/s
    done(50): success=37 t_flicker=12 t_touched=1
Ep 24150 | score  207.07 | avg100  168.13 | grasp100  75.0% | best 0.905 |     27 st/s
    done(50): success=38 t_flicker=11 t_touched=1
Ep 24200 | score  206.75 | avg100  175.60 | grasp100  78.0% | best 0.905 |     27 st/s
    done(50): success=40 t_flicker=9 t_no_reach=1
Ep 24250 | score  204.41 | avg100  187.58 | grasp100  85.0% | best 0.905 |     27 st/s
    done(50): success=45 t_flicker=4 t_touched=1
Ep 24300 | score  204.57 | avg100  186.02 | grasp100  85.0% | best 0.905 |     27 st/s
    done(50): success=40 t_flicker=9 t_touched=1
Ep 24350 | score  210.03 | avg100  178.83 | grasp100  80.0% | best 0.905 |     27 st/s
    done(50): success=40 t_flicker=10
Ep 24400 | score  206.27 | avg100  186.48 | grasp100  85.0% | best 0.905 |     27 st/s
    done(50): success=45 t_flicker=4 t_touched=1
Ep 24450 | score   56.08 | avg100  193.48 | grasp100  90.0% | best 0.905 |     27 st/s
    done(50): success=45 t_flicker=4 t_no_reach=1
Ep 24500 | score  206.66 | avg100  190.80 | grasp100  88.0% | best 0.905 |     27 st/s
    done(50): success=43 t_flicker=7
Ep 24550 | score  213.13 | avg100  179.14 | grasp100  82.0% | best 0.905 |     27 st/s
    done(50): success=39 t_flicker=8 t_touched=3
Ep 24600 | score  207.67 | avg100  171.90 | grasp100  78.0% | best 0.905 |     27 st/s
    done(50): success=39 t_flicker=10 t_touched=1
Ep 24650 | score   56.67 | avg100  181.84 | grasp100  82.0% | best 0.905 |     27 st/s
    done(50): success=43 t_flicker=7
Ep 24700 | score   71.64 | avg100  184.24 | grasp100  85.0% | best 0.905 |     27 st/s
    done(50): success=42 t_flicker=4 t_touched=3 t_no_reach=1
Ep 24750 | score  207.65 | avg100  180.39 | grasp100  84.0% | best 0.905 |     27 st/s
    done(50): success=42 t_flicker=7 t_no_reach=1
Ep 24800 | score  246.66 | avg100  186.11 | grasp100  86.0% | best 0.905 |     27 st/s
    done(50): success=44 t_flicker=5 t_touched=1
Ep 24850 | score  207.33 | avg100  189.12 | grasp100  87.0% | best 0.905 |     27 st/s
    done(50): success=43 t_flicker=7
Ep 24900 | score  207.03 | avg100  194.22 | grasp100  90.0% | best 0.905 |     27 st/s
    done(50): success=47 t_flicker=3
Ep 24950 | score  206.54 | avg100  194.09 | grasp100  90.0% | best 0.905 |     27 st/s
    done(50): success=43 t_flicker=6 t_no_reach=1
Ep 25000 | score  207.47 | avg100  176.90 | grasp100  80.0% | best 0.905 |     27 st/s
    done(50): success=37 t_flicker=10 t_touched=2 t_no_reach=1
Ep 25050 | score  231.37 | avg100  181.54 | grasp100  83.0% | best 0.905 |     27 st/s
    done(50): success=46 t_flicker=3 t_no_reach=1
Ep 25100 | score  -15.02 | avg100  188.01 | grasp100  88.0% | best 0.905 |     27 st/s
    done(50): success=42 t_flicker=7 t_no_reach=1
Ep 25150 | score  202.76 | avg100  183.25 | grasp100  86.0% | best 0.905 |     27 st/s
    done(50): success=44 t_flicker=6
Ep 25200 | score  203.06 | avg100  191.26 | grasp100  89.0% | best 0.905 |     27 st/s
    done(50): success=45 t_flicker=5
Ep 25250 | score  205.88 | avg100  195.27 | grasp100  90.0% | best 0.905 |     27 st/s
    done(50): success=45 t_flicker=5
  [primacy-bias reset of critic heads @ 375000 updates]
Ep 25300 | score  -12.42 | avg100  161.75 | grasp100  73.0% | best 0.905 |     27 st/s
    done(50): success=28 t_flicker=8 t_touched=6 t_no_reach=8
Ep 25350 | score   37.99 | avg100  122.57 | grasp100  54.0% | best 0.905 |     27 st/s
    done(50): success=26 t_flicker=12 t_touched=3 t_no_reach=9
Ep 25400 | score  206.01 | avg100  116.43 | grasp100  53.0% | best 0.905 |     27 st/s
    done(50): success=27 t_flicker=6 t_touched=5 t_no_reach=12
Ep 25450 | score  207.94 | avg100  113.02 | grasp100  51.0% | best 0.905 |     27 st/s
    done(50): success=24 t_flicker=16 t_touched=4 t_no_reach=6
Ep 25500 | score   21.46 | avg100  118.96 | grasp100  50.0% | best 0.905 |     27 st/s
    done(50): success=26 t_flicker=19 t_touched=3 t_no_reach=2
Ep 25550 | score  207.78 | avg100  138.08 | grasp100  60.0% | best 0.905 |     27 st/s
    done(50): success=34 t_flicker=10 t_touched=4 t_no_reach=2
Ep 25600 | score  121.38 | avg100  149.56 | grasp100  67.0% | best 0.905 |     27 st/s
    done(50): success=33 t_flicker=13 t_touched=3 t_no_reach=1
Ep 25650 | score   12.48 | avg100  153.83 | grasp100  68.0% | best 0.905 |     27 st/s
    done(50): success=35 t_flicker=12 t_touched=2 t_no_reach=1
Ep 25700 | score  204.79 | avg100  159.48 | grasp100  68.0% | best 0.905 |     27 st/s
    done(50): success=33 t_flicker=15 t_touched=1 t_no_reach=1
Ep 25750 | score  208.08 | avg100  165.45 | grasp100  70.0% | best 0.905 |     27 st/s
    done(50): success=37 t_flicker=11 t_touched=1 t_no_reach=1
Ep 25800 | score  206.27 | avg100  169.52 | grasp100  75.0% | best 0.905 |     27 st/s
    done(50): success=38 t_flicker=10 t_touched=1 t_no_reach=1
Ep 25850 | score  206.64 | avg100  177.50 | grasp100  80.0% | best 0.905 |     27 st/s
    done(50): success=42 t_flicker=6 t_touched=1 t_no_reach=1
Ep 25900 | score  204.16 | avg100  178.25 | grasp100  80.0% | best 0.905 |     27 st/s
    done(50): success=38 t_flicker=10 t_touched=2
Ep 25950 | score  210.15 | avg100  171.90 | grasp100  77.0% | best 0.905 |     27 st/s
    done(50): success=39 t_flicker=9 t_touched=2
Ep 26000 | score  204.31 | avg100  172.09 | grasp100  76.0% | best 0.905 |     27 st/s
    done(50): success=37 t_flicker=10 t_touched=2 t_no_reach=1
Ep 26050 | score  207.44 | avg100  173.27 | grasp100  75.0% | best 0.905 |     27 st/s
    done(50): success=38 t_flicker=10 t_touched=2
Ep 26100 | score   58.95 | avg100  174.68 | grasp100  77.0% | best 0.905 |     27 st/s
    done(50): success=39 t_flicker=9 t_touched=1 t_no_reach=1
Ep 26150 | score  207.48 | avg100  173.81 | grasp100  78.0% | best 0.905 |     27 st/s
    done(50): success=39 t_flicker=7 t_touched=4
Ep 26200 | score  205.44 | avg100  183.97 | grasp100  84.0% | best 0.905 |     27 st/s
    done(50): success=45 t_flicker=5
Ep 26250 | score  209.25 | avg100  195.82 | grasp100  90.0% | best 0.905 |     27 st/s
    done(50): success=45 t_flicker=5
Ep 26300 | score   60.92 | avg100  190.70 | grasp100  88.0% | best 0.905 |     27 st/s
    done(50): success=43 t_flicker=6 t_touched=1
Ep 26350 | score  205.47 | avg100  183.03 | grasp100  85.0% | best 0.905 |     27 st/s
    done(50): success=42 t_flicker=7 t_no_reach=1
Ep 26400 | score   57.27 | avg100  185.72 | grasp100  85.0% | best 0.905 |     27 st/s
    done(50): success=43 t_flicker=6 t_touched=1
Ep 26450 | score  208.60 | avg100  190.58 | grasp100  86.0% | best 0.905 |     27 st/s
    done(50): success=43 t_flicker=6 t_touched=1
Ep 26500 | score  204.82 | avg100  183.14 | grasp100  81.0% | best 0.905 |     27 st/s
    done(50): success=38 t_flicker=11 t_no_reach=1
Ep 26550 | score  207.23 | avg100  183.88 | grasp100  83.0% | best 0.905 |     27 st/s
    done(50): success=45 t_flicker=5
Ep 26600 | score  208.73 | avg100  188.42 | grasp100  87.0% | best 0.905 |     27 st/s
    done(50): success=42 t_flicker=7 t_touched=1
Ep 26650 | score  206.75 | avg100  181.36 | grasp100  83.0% | best 0.905 |     27 st/s
    done(50): success=41 t_flicker=6 t_touched=1 t_no_reach=2
Ep 26700 | score  207.24 | avg100  179.29 | grasp100  84.0% | best 0.905 |     27 st/s
    done(50): success=43 t_flicker=5 t_no_reach=2
Ep 26750 | score  206.06 | avg100  184.54 | grasp100  87.0% | best 0.905 |     27 st/s
    done(50): success=44 t_flicker=6
Ep 26800 | score  207.13 | avg100  195.15 | grasp100  92.0% | best 0.905 |     27 st/s
    done(50): success=48 t_flicker=2
Ep 26850 | score  208.71 | avg100  194.86 | grasp100  93.0% | best 0.905 |     27 st/s
    done(50): success=45 t_flicker=5
Ep 26898 | * BEST  level200=2.00 grasp200= 92.0% metric=0.920 | score  205.14
Ep 26900 | score  206.16 | avg100  194.12 | grasp100  92.0% | best 0.920 |     27 st/s
    done(50): success=47 t_flicker=3
Ep 26950 | score  243.85 | avg100  197.17 | grasp100  93.0% | best 0.920 |     27 st/s
    done(50): success=46 t_flicker=3 t_no_reach=1
Ep 26959 | * BEST  level200=2.00 grasp200= 93.5% metric=0.935 | score  208.49
Ep 27000 | score  204.27 | avg100  191.08 | grasp100  90.0% | best 0.935 |     27 st/s
    done(50): success=44 t_flicker=5 t_no_reach=1
Ep 27050 | score  205.94 | avg100  193.17 | grasp100  91.0% | best 0.935 |     27 st/s
    done(50): success=47 t_flicker=2 t_touched=1
Ep 27100 | score  205.94 | avg100  186.00 | grasp100  87.0% | best 0.935 |     27 st/s
    done(50): success=40 t_flicker=10
  [primacy-bias reset of critic heads @ 400000 updates]
Ep 27150 | score  214.64 | avg100  154.56 | grasp100  70.0% | best 0.935 |     27 st/s
    done(50): success=30 t_flicker=10 t_touched=2 t_no_reach=8
Ep 27200 | score  204.81 | avg100  111.36 | grasp100  50.0% | best 0.935 |     27 st/s
    done(50): success=20 t_flicker=7 t_touched=6 t_no_reach=17
Ep 27250 | score    3.69 | avg100   74.96 | grasp100  33.0% | best 0.935 |     27 st/s
    done(50): success=13 t_flicker=17 t_touched=5 t_no_reach=15
Ep 27300 | score   32.94 | avg100   80.09 | grasp100  33.0% | best 0.935 |     27 st/s
    done(50): success=20 t_flicker=13 t_touched=11 t_no_reach=6
Ep 27350 | score   71.97 | avg100   99.36 | grasp100  41.0% | best 0.935 |     27 st/s
    done(50): success=21 t_flicker=16 t_touched=10 t_no_reach=3
Ep 27400 | score    2.50 | avg100  103.90 | grasp100  43.0% | best 0.935 |     27 st/s
    done(50): success=22 t_flicker=18 t_touched=6 t_no_reach=4
Ep 27450 | score   23.77 | avg100  120.04 | grasp100  51.0% | best 0.935 |     27 st/s
    done(50): success=29 t_flicker=13 t_touched=7 t_no_reach=1
Ep 27500 | score  207.25 | avg100  145.08 | grasp100  63.0% | best 0.935 |     27 st/s
    done(50): success=34 t_flicker=13 t_touched=2 t_no_reach=1
Ep 27550 | score  203.94 | avg100  153.29 | grasp100  66.0% | best 0.935 |     27 st/s
    done(50): success=32 t_flicker=16 t_touched=2
Ep 27600 | score  206.98 | avg100  158.27 | grasp100  68.0% | best 0.935 |     27 st/s
    done(50): success=36 t_flicker=11 t_touched=1 t_no_reach=2
Ep 27650 | score  204.56 | avg100  166.26 | grasp100  71.0% | best 0.935 |     27 st/s
    done(50): success=35 t_flicker=15
Ep 27700 | score  208.52 | avg100  161.58 | grasp100  68.0% | best 0.935 |     27 st/s
    done(50): success=33 t_flicker=16 t_touched=1
Ep 27750 | score   54.92 | avg100  165.51 | grasp100  71.0% | best 0.935 |     27 st/s
    done(50): success=38 t_flicker=12
Ep 27800 | score  204.07 | avg100  176.00 | grasp100  78.0% | best 0.935 |     27 st/s
    done(50): success=40 t_flicker=8 t_touched=1 t_no_reach=1
Ep 27850 | score  204.52 | avg100  178.29 | grasp100  80.0% | best 0.935 |     27 st/s
    done(50): success=40 t_flicker=7 t_touched=2 t_no_reach=1
Ep 27900 | score  208.17 | avg100  174.37 | grasp100  78.0% | best 0.935 |     27 st/s
    done(50): success=38 t_flicker=10 t_touched=1 t_no_reach=1
Ep 27950 | score  205.46 | avg100  160.53 | grasp100  71.0% | best 0.935 |     27 st/s
    done(50): success=33 t_flicker=11 t_touched=3 t_no_reach=3
Ep 28000 | score  207.54 | avg100  173.10 | grasp100  79.0% | best 0.935 |     27 st/s
    done(50): success=46 t_flicker=3 t_touched=1
Ep 28050 | score  237.67 | avg100  192.44 | grasp100  90.0% | best 0.935 |     27 st/s
    done(50): success=44 t_flicker=5 t_no_reach=1
Ep 28100 | score  208.92 | avg100  185.37 | grasp100  85.0% | best 0.935 |     27 st/s
    done(50): success=41 t_flicker=8 t_no_reach=1
Ep 28150 | score   54.28 | avg100  187.61 | grasp100  86.0% | best 0.935 |     27 st/s
    done(50): success=45 t_flicker=4 t_touched=1
Ep 28200 | score  203.91 | avg100  188.76 | grasp100  88.0% | best 0.935 |     27 st/s
    done(50): success=43 t_flicker=5 t_no_reach=2
Ep 28250 | score  205.78 | avg100  189.46 | grasp100  89.0% | best 0.935 |     27 st/s
    done(50): success=46 t_flicker=4
Ep 28300 | score  206.77 | avg100  191.28 | grasp100  89.0% | best 0.935 |     27 st/s
    done(50): success=43 t_flicker=5 t_touched=1 t_no_reach=1
Ep 28350 | score  205.45 | avg100  177.23 | grasp100  81.0% | best 0.935 |     27 st/s
    done(50): success=38 t_flicker=9 t_touched=3
Ep 28400 | score  201.08 | avg100  176.97 | grasp100  81.0% | best 0.935 |     27 st/s
    done(50): success=43 t_flicker=6 t_touched=1
Ep 28450 | score  207.99 | avg100  186.90 | grasp100  86.0% | best 0.935 |     27 st/s
    done(50): success=43 t_flicker=6 t_no_reach=1
Ep 28500 | score  240.27 | avg100  186.30 | grasp100  84.0% | best 0.935 |     27 st/s
    done(50): success=41 t_flicker=8 t_no_reach=1
Ep 28550 | score  207.29 | avg100  186.18 | grasp100  85.0% | best 0.935 |     27 st/s
    done(50): success=44 t_flicker=4 t_touched=1 t_no_reach=1
Ep 28600 | score  205.64 | avg100  189.92 | grasp100  89.0% | best 0.935 |     27 st/s
    done(50): success=45 t_flicker=4 t_touched=1
Ep 28650 | score  223.92 | avg100  195.11 | grasp100  91.0% | best 0.935 |     27 st/s
    done(50): success=46 t_flicker=4
Ep 28700 | score  183.70 | avg100  199.28 | grasp100  94.0% | best 0.935 |     27 st/s
    done(50): success=48 t_flicker=1 t_no_reach=1
Ep 28750 | score  200.13 | avg100  192.68 | grasp100  90.0% | best 0.935 |     27 st/s
    done(50): success=42 t_flicker=8
Ep 28800 | score  206.17 | avg100  193.57 | grasp100  90.0% | best 0.935 |     27 st/s
    done(50): success=48 t_flicker=2
Ep 28850 | score   55.71 | avg100  196.08 | grasp100  91.0% | best 0.935 |     27 st/s
    done(50): success=43 t_flicker=7
Ep 28900 | score   59.24 | avg100  192.15 | grasp100  89.0% | best 0.935 |     27 st/s
    done(50): success=46 t_flicker=3 t_no_reach=1
  [primacy-bias reset of critic heads @ 425000 updates]
Ep 28950 | score  -18.11 | avg100  171.09 | grasp100  81.0% | best 0.935 |     27 st/s
    done(50): success=35 t_flicker=5 t_no_reach=10
Ep 29000 | score  -22.82 | avg100   82.36 | grasp100  41.0% | best 0.935 |     27 st/s
    done(50): success=6 t_flicker=4 t_touched=7 t_no_reach=33
Ep 29050 | score   21.03 | avg100   27.38 | grasp100  15.0% | best 0.935 |     27 st/s
    done(50): success=9 t_flicker=7 t_touched=10 t_no_reach=24
Ep 29100 | score  -17.20 | avg100   71.57 | grasp100  32.0% | best 0.935 |     27 st/s
    done(50): success=23 t_flicker=14 t_touched=2 t_no_reach=11
Ep 29150 | score  207.36 | avg100  117.70 | grasp100  52.0% | best 0.935 |     27 st/s
    done(50): success=29 t_flicker=11 t_touched=5 t_no_reach=5
Ep 29200 | score  206.71 | avg100  142.03 | grasp100  64.0% | best 0.935 |     27 st/s
    done(50): success=35 t_flicker=7 t_touched=5 t_no_reach=3
Ep 29250 | score   63.23 | avg100  148.81 | grasp100  66.0% | best 0.935 |     27 st/s
    done(50): success=31 t_flicker=12 t_touched=4 t_no_reach=3
Ep 29300 | score    4.79 | avg100  149.57 | grasp100  65.0% | best 0.935 |     27 st/s
    done(50): success=34 t_flicker=13 t_touched=2 t_no_reach=1
Ep 29350 | score  206.57 | avg100  158.78 | grasp100  68.0% | best 0.935 |     27 st/s
    done(50): success=34 t_flicker=13 t_no_reach=3
Ep 29400 | score  205.91 | avg100  162.85 | grasp100  70.0% | best 0.935 |     27 st/s
    done(50): success=36 t_flicker=10 t_touched=3 t_no_reach=1
Ep 29450 | score   65.42 | avg100  159.69 | grasp100  69.0% | best 0.935 |     27 st/s
    done(50): success=33 t_flicker=13 t_touched=3 t_no_reach=1
Ep 29500 | score  205.64 | avg100  166.17 | grasp100  73.0% | best 0.935 |     27 st/s
    done(50): success=40 t_flicker=7 t_touched=3
Ep 29550 | score  205.35 | avg100  175.92 | grasp100  78.0% | best 0.935 |     27 st/s
    done(50): success=38 t_flicker=9 t_touched=2 t_no_reach=1
Ep 29600 | score   35.88 | avg100  174.30 | grasp100  78.0% | best 0.935 |     27 st/s
    done(50): success=40 t_flicker=6 t_touched=4
Ep 29650 | score  208.04 | avg100  168.71 | grasp100  74.0% | best 0.935 |     27 st/s
    done(50): success=34 t_flicker=14 t_touched=1 t_no_reach=1
Ep 29700 | score  207.27 | avg100  171.87 | grasp100  74.0% | best 0.935 |     27 st/s
    done(50): success=40 t_flicker=10
Ep 29750 | score  223.60 | avg100  188.05 | grasp100  85.0% | best 0.935 |     27 st/s
    done(50): success=45 t_flicker=5
Ep 29800 | score  204.88 | avg100  191.14 | grasp100  87.0% | best 0.935 |     27 st/s
    done(50): success=42 t_flicker=8
Ep 29850 | score   56.34 | avg100  187.18 | grasp100  84.0% | best 0.935 |     27 st/s
    done(50): success=42 t_flicker=8
Ep 29900 | score  206.24 | avg100  188.37 | grasp100  86.0% | best 0.935 |     27 st/s
    done(50): success=44 t_flicker=5 t_no_reach=1
Ep 29950 | score  207.94 | avg100  183.74 | grasp100  84.0% | best 0.935 |     27 st/s
    done(50): success=40 t_flicker=9 t_no_reach=1
Ep 30000 | score  207.08 | avg100  181.74 | grasp100  82.0% | best 0.935 |     27 st/s
    done(50): success=42 t_flicker=7 t_touched=1
Ep 30050 | score  205.58 | avg100  185.94 | grasp100  85.0% | best 0.935 |     27 st/s
    done(50): success=43 t_flicker=6 t_touched=1
Ep 30100 | score  208.66 | avg100  183.63 | grasp100  84.0% | best 0.935 |     27 st/s
    done(50): success=41 t_flicker=8 t_no_reach=1
Ep 30150 | score  205.20 | avg100  189.35 | grasp100  87.0% | best 0.935 |     27 st/s
    done(50): success=46 t_flicker=4
Ep 30200 | score  206.99 | avg100  192.88 | grasp100  90.0% | best 0.935 |     27 st/s
    done(50): success=44 t_flicker=5 t_touched=1
Ep 30250 | score  253.58 | avg100  192.90 | grasp100  90.0% | best 0.935 |     27 st/s
    done(50): success=46 t_flicker=4
Ep 30300 | score  206.80 | avg100  192.13 | grasp100  90.0% | best 0.935 |     27 st/s
    done(50): success=44 t_flicker=4 t_no_reach=2
Ep 30350 | score  203.00 | avg100  195.20 | grasp100  93.0% | best 0.935 |     27 st/s
    done(50): success=49 t_flicker=1
Ep 30400 | score    0.15 | avg100  194.17 | grasp100  92.0% | best 0.935 |     27 st/s
    done(50): success=43 t_flicker=4 t_touched=2 t_no_reach=1
Ep 30450 | score  207.02 | avg100  182.06 | grasp100  85.0% | best 0.935 |     27 st/s
    done(50): success=42 t_flicker=7 t_no_reach=1
Ep 30500 | score  202.20 | avg100  183.07 | grasp100  86.0% | best 0.935 |     27 st/s
    done(50): success=44 t_flicker=5 t_no_reach=1
Ep 30550 | score  211.94 | avg100  189.36 | grasp100  90.0% | best 0.935 |     27 st/s
    done(50): success=46 t_flicker=3 t_no_reach=1
Ep 30600 | score  205.98 | avg100  188.65 | grasp100  89.0% | best 0.935 |     27 st/s
    done(50): success=43 t_flicker=6 t_no_reach=1
Ep 30650 | score  206.11 | avg100  187.09 | grasp100  87.0% | best 0.935 |     27 st/s
    done(50): success=44 t_flicker=6
Ep 30700 | score  206.50 | avg100  182.91 | grasp100  85.0% | best 0.935 |     27 st/s
    done(50): success=41 t_flicker=7 t_no_reach=2
Ep 30750 | score  205.66 | avg100  177.38 | grasp100  83.0% | best 0.935 |     27 st/s
    done(50): success=42 t_flicker=5 t_no_reach=3
  [primacy-bias reset of critic heads @ 450000 updates]
Ep 30800 | score    2.00 | avg100  136.99 | grasp100  65.0% | best 0.935 |     27 st/s
    done(50): success=23 t_flicker=6 t_touched=8 t_no_reach=13
Ep 30850 | score  205.45 | avg100   61.36 | grasp100  30.0% | best 0.935 |     27 st/s
    done(50): success=7 t_flicker=10 t_touched=7 t_no_reach=26
Ep 30900 | score  206.34 | avg100   36.07 | grasp100  14.0% | best 0.935 |     27 st/s
    done(50): success=7 t_flicker=22 t_touched=4 t_no_reach=17
Ep 30950 | score    7.60 | avg100   81.28 | grasp100  32.0% | best 0.935 |     27 st/s
    done(50): success=25 t_flicker=11 t_touched=10 t_no_reach=4
Ep 31000 | score   72.50 | avg100  128.67 | grasp100  55.0% | best 0.935 |     27 st/s
    done(50): success=30 t_flicker=11 t_touched=6 t_no_reach=3
Ep 31050 | score  205.42 | avg100  134.11 | grasp100  58.0% | best 0.935 |     27 st/s
    done(50): success=28 t_flicker=12 t_touched=6 t_no_reach=4
Ep 31100 | score  206.77 | avg100  142.68 | grasp100  62.0% | best 0.935 |     27 st/s
    done(50): success=34 t_flicker=12 t_touched=4
Ep 31150 | score  205.38 | avg100  170.08 | grasp100  76.0% | best 0.935 |     27 st/s
    done(50): success=42 t_flicker=7 t_no_reach=1
Ep 31200 | score  208.38 | avg100  176.97 | grasp100  79.0% | best 0.935 |     27 st/s
    done(50): success=37 t_flicker=12 t_touched=1
Ep 31250 | score  215.05 | avg100  172.85 | grasp100  76.0% | best 0.935 |     27 st/s
    done(50): success=39 t_flicker=9 t_touched=2
Ep 31300 | score  205.07 | avg100  174.10 | grasp100  78.0% | best 0.935 |     27 st/s
    done(50): success=39 t_flicker=10 t_no_reach=1
Ep 31350 | score  204.89 | avg100  164.75 | grasp100  70.0% | best 0.935 |     27 st/s
    done(50): success=31 t_flicker=18 t_touched=1
Ep 31400 | score  207.70 | avg100  168.13 | grasp100  70.0% | best 0.935 |     27 st/s
    done(50): success=39 t_flicker=11
Ep 31450 | score  209.19 | avg100  174.55 | grasp100  76.0% | best 0.935 |     27 st/s
    done(50): success=37 t_flicker=11 t_touched=2
Ep 31500 | score  208.77 | avg100  175.43 | grasp100  78.0% | best 0.935 |     27 st/s
    done(50): success=41 t_flicker=8 t_no_reach=1
Ep 31550 | score  202.29 | avg100  181.33 | grasp100  82.0% | best 0.935 |     27 st/s
    done(50): success=41 t_flicker=9
Ep 31600 | score  205.95 | avg100  192.27 | grasp100  88.0% | best 0.935 |     27 st/s
    done(50): success=47 t_flicker=3
Ep 31650 | score   56.34 | avg100  190.22 | grasp100  86.0% | best 0.935 |     27 st/s
    done(50): success=39 t_flicker=11
Ep 31700 | score  205.99 | avg100  184.75 | grasp100  84.0% | best 0.935 |     27 st/s
    done(50): success=45 t_flicker=3 t_no_reach=2
Ep 31750 | score  207.73 | avg100  188.21 | grasp100  87.0% | best 0.935 |     27 st/s
    done(50): success=42 t_flicker=8
Ep 31800 | score  203.90 | avg100  185.47 | grasp100  85.0% | best 0.935 |     27 st/s
    done(50): success=43 t_flicker=5 t_touched=1 t_no_reach=1
Ep 31850 | score  205.62 | avg100  188.32 | grasp100  87.0% | best 0.935 |     27 st/s
    done(50): success=44 t_flicker=6
Ep 31900 | score  205.81 | avg100  194.02 | grasp100  91.0% | best 0.935 |     27 st/s
    done(50): success=47 t_flicker=3
Ep 31950 | score  200.88 | avg100  194.95 | grasp100  91.0% | best 0.935 |     27 st/s
    done(50): success=44 t_flicker=6
Ep 32000 | score  205.66 | avg100  183.32 | grasp100  83.0% | best 0.935 |     27 st/s
    done(50): success=39 t_flicker=11
Ep 32050 | score  204.51 | avg100  185.02 | grasp100  85.0% | best 0.935 |     27 st/s
    done(50): success=46 t_flicker=3 t_touched=1
Ep 32100 | score  208.07 | avg100  191.55 | grasp100  90.0% | best 0.935 |     27 st/s
    done(50): success=44 t_flicker=5 t_no_reach=1
Ep 32150 | score  187.18 | avg100  183.71 | grasp100  84.0% | best 0.935 |     27 st/s
    done(50): success=40 t_flicker=10
Ep 32200 | score  206.58 | avg100  184.99 | grasp100  85.0% | best 0.935 |     27 st/s
    done(50): success=45 t_flicker=3 t_touched=1 t_no_reach=1
Ep 32250 | score  203.65 | avg100  187.58 | grasp100  88.0% | best 0.935 |     27 st/s
    done(50): success=43 t_flicker=6 t_touched=1
Ep 32300 | score  218.20 | avg100  187.26 | grasp100  87.0% | best 0.935 |     27 st/s
    done(50): success=44 t_flicker=6
Ep 32350 | score  215.87 | avg100  193.02 | grasp100  90.0% | best 0.935 |     27 st/s
    done(50): success=46 t_flicker=4
Ep 32400 | score  205.68 | avg100  189.44 | grasp100  88.0% | best 0.935 |     27 st/s
    done(50): success=42 t_flicker=8
Ep 32450 | score  207.48 | avg100  187.51 | grasp100  87.0% | best 0.935 |     27 st/s
    done(50): success=45 t_flicker=4 t_no_reach=1
Ep 32500 | score  207.09 | avg100  192.34 | grasp100  90.0% | best 0.935 |     27 st/s
    done(50): success=45 t_flicker=4 t_no_reach=1
Ep 32550 | score  191.90 | avg100  195.53 | grasp100  93.0% | best 0.935 |     27 st/s
    done(50): success=48 t_flicker=2
Ep 32600 | score  203.80 | avg100  194.29 | grasp100  93.0% | best 0.935 |     27 st/s
    done(50): success=45 t_flicker=4 t_no_reach=1
  [primacy-bias reset of critic heads @ 475000 updates]
Ep 32650 | score    4.82 | avg100  132.82 | grasp100  63.0% | best 0.935 |     27 st/s
    done(50): success=18 t_flicker=7 t_touched=6 t_no_reach=19
Ep 32700 | score  -20.65 | avg100   36.96 | grasp100  20.0% | best 0.935 |     27 st/s
    done(50): success=2 t_flicker=6 t_touched=4 t_no_reach=38
Ep 32750 | score  208.54 | avg100   17.98 | grasp100  11.0% | best 0.935 |     27 st/s
    done(50): success=9 t_flicker=9 t_touched=7 t_no_reach=25
Ep 32800 | score   13.10 | avg100   66.18 | grasp100  29.0% | best 0.935 |     27 st/s
    done(50): success=20 t_flicker=13 t_touched=13 t_no_reach=4
Ep 32850 | score  205.71 | avg100  112.97 | grasp100  47.0% | best 0.935 |     27 st/s
    done(50): success=27 t_flicker=18 t_touched=3 t_no_reach=2
Ep 32900 | score    8.47 | avg100  136.72 | grasp100  58.0% | best 0.935 |     27 st/s
    done(50): success=31 t_flicker=11 t_touched=7 t_no_reach=1
Ep 32950 | score  206.11 | avg100  153.69 | grasp100  69.0% | best 0.935 |     27 st/s
    done(50): success=38 t_flicker=6 t_touched=5 t_no_reach=1
Ep 33000 | score  204.21 | avg100  156.12 | grasp100  69.0% | best 0.935 |     27 st/s
    done(50): success=31 t_flicker=13 t_touched=4 t_no_reach=2
Ep 33050 | score   58.64 | avg100  156.02 | grasp100  68.0% | best 0.935 |     27 st/s
    done(50): success=37 t_flicker=11 t_touched=2
Ep 33100 | score   56.49 | avg100  165.75 | grasp100  75.0% | best 0.935 |     27 st/s
    done(50): success=38 t_flicker=8 t_touched=3 t_no_reach=1
Ep 33150 | score   93.78 | avg100  164.60 | grasp100  74.0% | best 0.935 |     27 st/s
    done(50): success=36 t_flicker=10 t_touched=2 t_no_reach=2
Ep 33200 | score  205.71 | avg100  166.11 | grasp100  73.0% | best 0.935 |     27 st/s
    done(50): success=37 t_flicker=10 t_touched=2 t_no_reach=1
Ep 33250 | score  204.05 | avg100  178.35 | grasp100  80.0% | best 0.935 |     27 st/s
    done(50): success=43 t_flicker=7
Ep 33300 | score  229.40 | avg100  190.82 | grasp100  88.0% | best 0.935 |     27 st/s
    done(50): success=45 t_flicker=5
Ep 33350 | score  205.31 | avg100  186.97 | grasp100  86.0% | best 0.935 |     27 st/s
    done(50): success=41 t_flicker=9
Ep 33400 | score  204.81 | avg100  183.45 | grasp100  84.0% | best 0.935 |     27 st/s
    done(50): success=43 t_flicker=7
Ep 33450 | score  206.91 | avg100  181.11 | grasp100  81.0% | best 0.935 |     27 st/s
    done(50): success=38 t_flicker=11 t_touched=1
Ep 33500 | score  206.66 | avg100  175.19 | grasp100  77.0% | best 0.935 |     27 st/s
    done(50): success=39 t_flicker=9 t_touched=1 t_no_reach=1
Ep 33550 | score  206.11 | avg100  184.05 | grasp100  84.0% | best 0.935 |     27 st/s
    done(50): success=45 t_flicker=5
Ep 33600 | score  207.22 | avg100  192.86 | grasp100  89.0% | best 0.935 |     27 st/s
    done(50): success=44 t_flicker=5 t_no_reach=1
Ep 33650 | score   71.15 | avg100  188.11 | grasp100  85.0% | best 0.935 |     27 st/s
    done(50): success=41 t_flicker=9
Ep 33700 | score  206.46 | avg100  193.78 | grasp100  90.0% | best 0.935 |     27 st/s
    done(50): success=49 t_flicker=1
Ep 33750 | score  206.13 | avg100  195.59 | grasp100  92.0% | best 0.935 |     27 st/s
    done(50): success=43 t_flicker=5 t_touched=2
Ep 33800 | score  203.42 | avg100  184.37 | grasp100  83.0% | best 0.935 |     27 st/s
    done(50): success=40 t_flicker=10
Ep 33850 | score  219.57 | avg100  187.51 | grasp100  84.0% | best 0.935 |     27 st/s
    done(50): success=44 t_flicker=6
Ep 33900 | score  194.33 | avg100  192.68 | grasp100  89.0% | best 0.935 |     27 st/s
    done(50): success=45 t_flicker=5
Ep 33950 | score  204.28 | avg100  194.48 | grasp100  90.0% | best 0.935 |     27 st/s
    done(50): success=45 t_flicker=5
Ep 34000 | score  203.53 | avg100  193.28 | grasp100  88.0% | best 0.935 |     27 st/s
    done(50): success=43 t_flicker=7
Ep 34050 | score  206.50 | avg100  191.29 | grasp100  87.0% | best 0.935 |     27 st/s
    done(50): success=44 t_flicker=6
Ep 34100 | score  203.51 | avg100  176.54 | grasp100  80.0% | best 0.935 |     27 st/s
    done(50): success=36 t_flicker=9 t_touched=2 t_no_reach=3
Ep 34150 | score  205.43 | avg100  177.22 | grasp100  82.0% | best 0.935 |     27 st/s
    done(50): success=46 t_flicker=4
Ep 34200 | score  193.64 | avg100  200.19 | grasp100  96.0% | best 0.935 |     27 st/s
    done(50): success=50
Ep 34250 | score  202.77 | avg100  196.72 | grasp100  92.0% | best 0.935 |     27 st/s
    done(50): success=42 t_flicker=8
Ep 34300 | score  217.02 | avg100  196.78 | grasp100  92.0% | best 0.935 |     27 st/s
    done(50): success=50
Ep 34350 | score  208.98 | avg100  201.38 | grasp100  95.0% | best 0.935 |     27 st/s
    done(50): success=45 t_flicker=4 t_no_reach=1
Ep 34400 | score  226.83 | avg100  196.70 | grasp100  91.0% | best 0.935 |     27 st/s
    done(50): success=46 t_flicker=4
Ep 34450 | score  204.91 | avg100  192.24 | grasp100  89.0% | best 0.935 |     27 st/s
    done(50): success=43 t_flicker=5 t_touched=1 t_no_reach=1
  [primacy-bias reset of critic heads @ 500000 updates]
Ep 34500 | score  -19.73 | avg100  107.82 | grasp100  52.0% | best 0.935 |     27 st/s
    done(50): success=9 t_flicker=7 t_touched=4 t_no_reach=30
Ep 34550 | score   41.04 | avg100   30.32 | grasp100  18.0% | best 0.935 |     27 st/s
    done(50): success=9 t_flicker=7 t_touched=3 t_no_reach=31
Ep 34600 | score   15.81 | avg100   53.47 | grasp100  25.0% | best 0.935 |     27 st/s
    done(50): success=16 t_flicker=14 t_touched=8 t_no_reach=12
Ep 34650 | score   11.53 | avg100  105.53 | grasp100  46.0% | best 0.935 |     27 st/s
    done(50): success=30 t_flicker=14 t_touched=5 t_no_reach=1
Ep 34700 | score  217.63 | avg100  142.32 | grasp100  63.0% | best 0.935 |     27 st/s
    done(50): success=33 t_flicker=11 t_touched=2 t_no_reach=4
Ep 34750 | score   26.88 | avg100  151.02 | grasp100  66.0% | best 0.935 |     27 st/s
    done(50): success=33 t_flicker=15 t_no_reach=2
Ep 34800 | score  206.30 | avg100  162.18 | grasp100  72.0% | best 0.935 |     27 st/s
    done(50): success=39 t_flicker=10 t_touched=1
Ep 34850 | score   58.99 | avg100  162.00 | grasp100  72.0% | best 0.935 |     27 st/s
    done(50): success=33 t_flicker=12 t_touched=4 t_no_reach=1
Ep 34900 | score  205.84 | avg100  167.82 | grasp100  74.0% | best 0.935 |     27 st/s
    done(50): success=41 t_flicker=8 t_touched=1
Ep 34950 | score  214.59 | avg100  187.11 | grasp100  86.0% | best 0.935 |     27 st/s
    done(50): success=45 t_flicker=4 t_touched=1
Ep 35000 | score  206.01 | avg100  181.32 | grasp100  82.0% | best 0.935 |     27 st/s
    done(50): success=37 t_flicker=12 t_touched=1
Ep 35050 | score  210.47 | avg100  168.42 | grasp100  72.0% | best 0.935 |     27 st/s
    done(50): success=35 t_flicker=14 t_touched=1
Ep 35100 | score  206.79 | avg100  170.57 | grasp100  73.0% | best 0.935 |     27 st/s
    done(50): success=38 t_flicker=12
Ep 35150 | score  205.12 | avg100  179.98 | grasp100  79.0% | best 0.935 |     27 st/s
    done(50): success=41 t_flicker=8 t_touched=1
Ep 35200 | score  253.78 | avg100  191.82 | grasp100  87.0% | best 0.935 |     27 st/s
    done(50): success=46 t_flicker=3 t_touched=1
Ep 35250 | score  209.73 | avg100  189.77 | grasp100  85.0% | best 0.935 |     27 st/s
    done(50): success=39 t_flicker=10 t_touched=1
Ep 35300 | score  206.40 | avg100  181.88 | grasp100  81.0% | best 0.935 |     27 st/s
    done(50): success=42 t_flicker=7 t_touched=1
Ep 35350 | score   98.51 | avg100  178.15 | grasp100  80.0% | best 0.935 |     27 st/s
    done(50): success=38 t_flicker=12
Ep 35400 | score  207.51 | avg100  179.29 | grasp100  81.0% | best 0.935 |     27 st/s
    done(50): success=43 t_flicker=6 t_no_reach=1
Ep 35450 | score  208.27 | avg100  191.70 | grasp100  89.0% | best 0.935 |     27 st/s
    done(50): success=46 t_flicker=4
Ep 35500 | score  206.99 | avg100  181.95 | grasp100  82.0% | best 0.935 |     27 st/s
    done(50): success=36 t_flicker=12 t_touched=1 t_no_reach=1
Ep 35550 | score  207.83 | avg100  175.23 | grasp100  77.0% | best 0.935 |     27 st/s
    done(50): success=41 t_flicker=9
Ep 35600 | score  216.27 | avg100  189.95 | grasp100  86.0% | best 0.935 |     27 st/s
    done(50): success=45 t_flicker=5
Ep 35650 | score  204.94 | avg100  196.98 | grasp100  91.0% | best 0.935 |     27 st/s
    done(50): success=46 t_flicker=4
Ep 35700 | score  207.96 | avg100  192.60 | grasp100  89.0% | best 0.935 |     27 st/s
    done(50): success=43 t_flicker=5 t_touched=2
Ep 35750 | score   87.80 | avg100  185.72 | grasp100  84.0% | best 0.935 |     27 st/s
    done(50): success=41 t_flicker=7 t_touched=1 t_no_reach=1
Ep 35800 | score  206.95 | avg100  190.67 | grasp100  87.0% | best 0.935 |     27 st/s
    done(50): success=46 t_flicker=4
Ep 35850 | score  204.37 | avg100  198.88 | grasp100  94.0% | best 0.935 |     27 st/s
    done(50): success=48 t_flicker=1 t_touched=1
Ep 35900 | score  203.99 | avg100  195.84 | grasp100  91.0% | best 0.935 |     27 st/s
    done(50): success=43 t_flicker=7
Ep 35950 | score  204.68 | avg100  189.74 | grasp100  87.0% | best 0.935 |     27 st/s
    done(50): success=44 t_flicker=5 t_touched=1
Ep 36000 | score   26.64 | avg100  189.52 | grasp100  89.0% | best 0.935 |     27 st/s
    done(50): success=45 t_flicker=5
Ep 36050 | score  206.74 | avg100  194.03 | grasp100  93.0% | best 0.935 |     27 st/s
    done(50): success=48 t_no_reach=2
Ep 36100 | score  204.65 | avg100  192.94 | grasp100  92.0% | best 0.935 |     27 st/s
    done(50): success=44 t_flicker=4 t_touched=1 t_no_reach=1
Ep 36150 | score  205.65 | avg100  190.26 | grasp100  89.0% | best 0.935 |     27 st/s
    done(50): success=45 t_flicker=4 t_no_reach=1
Ep 36200 | score  204.07 | avg100  191.76 | grasp100  89.0% | best 0.935 |     27 st/s
    done(50): success=44 t_flicker=5 t_no_reach=1
Ep 36250 | score  205.78 | avg100  189.43 | grasp100  88.0% | best 0.935 |     27 st/s
    done(50): success=44 t_flicker=6
Ep 36300 | score  208.22 | avg100  190.56 | grasp100  89.0% | best 0.935 |     27 st/s
    done(50): success=45 t_flicker=5
  [primacy-bias reset of critic heads @ 525000 updates]
Ep 36350 | score  -19.01 | avg100  136.60 | grasp100  65.0% | best 0.935 |     27 st/s
    done(50): success=20 t_flicker=6 t_touched=1 t_no_reach=23
Ep 36400 | score  -27.85 | avg100   27.61 | grasp100  20.0% | best 0.935 |     27 st/s
    done(50): t_no_reach=50
Ep 36450 | score   17.21 | avg100   -8.46 | grasp100   4.0% | best 0.935 |     27 st/s
    done(50): success=4 t_flicker=8 t_touched=1 t_no_reach=37
Ep 36500 | score   62.75 | avg100   53.45 | grasp100  23.0% | best 0.935 |     27 st/s
    done(50): success=19 t_flicker=17 t_touched=4 t_no_reach=10
Ep 36550 | score  205.76 | avg100  112.50 | grasp100  46.0% | best 0.935 |     27 st/s
    done(50): success=27 t_flicker=15 t_touched=3 t_no_reach=5
Ep 36600 | score  250.08 | avg100  146.37 | grasp100  64.0% | best 0.935 |     27 st/s
    done(50): success=37 t_flicker=6 t_touched=4 t_no_reach=3
Ep 36650 | score  204.95 | avg100  164.58 | grasp100  74.0% | best 0.935 |     27 st/s
    done(50): success=37 t_flicker=10 t_touched=2 t_no_reach=1
Ep 36700 | score  205.51 | avg100  172.84 | grasp100  79.0% | best 0.935 |     27 st/s
    done(50): success=42 t_flicker=8
Ep 36750 | score  206.57 | avg100  183.23 | grasp100  85.0% | best 0.935 |     27 st/s
    done(50): success=43 t_flicker=4 t_touched=2 t_no_reach=1
Ep 36800 | score   58.24 | avg100  173.26 | grasp100  79.0% | best 0.935 |     27 st/s
    done(50): success=36 t_flicker=12 t_no_reach=2
Ep 36850 | score   61.14 | avg100  169.42 | grasp100  74.0% | best 0.935 |     27 st/s
    done(50): success=38 t_flicker=11 t_touched=1
Ep 36900 | score  205.87 | avg100  178.98 | grasp100  79.0% | best 0.935 |     27 st/s
    done(50): success=41 t_flicker=7 t_touched=1 t_no_reach=1
Ep 36950 | score  207.62 | avg100  196.10 | grasp100  89.0% | best 0.935 |     27 st/s
    done(50): success=48 t_flicker=2
Ep 37000 | score   57.58 | avg100  185.39 | grasp100  81.0% | best 0.935 |     27 st/s
    done(50): success=33 t_flicker=14 t_no_reach=3
Ep 37050 | score  202.37 | avg100  168.28 | grasp100  71.0% | best 0.935 |     27 st/s
    done(50): success=38 t_flicker=12
Ep 37100 | score  205.10 | avg100  177.79 | grasp100  77.0% | best 0.935 |     27 st/s
    done(50): success=39 t_flicker=8 t_touched=1 t_no_reach=2
Ep 37150 | score   56.23 | avg100  188.66 | grasp100  84.0% | best 0.935 |     27 st/s
    done(50): success=45 t_flicker=5
Ep 37200 | score  209.26 | avg100  195.01 | grasp100  89.0% | best 0.935 |     27 st/s
    done(50): success=44 t_flicker=6
Ep 37250 | score  207.39 | avg100  193.99 | grasp100  88.0% | best 0.935 |     27 st/s
    done(50): success=44 t_flicker=6
Ep 37300 | score  203.90 | avg100  196.21 | grasp100  90.0% | best 0.935 |     27 st/s
    done(50): success=46 t_flicker=3 t_touched=1
Ep 37350 | score  203.56 | avg100  193.92 | grasp100  89.0% | best 0.935 |     27 st/s
    done(50): success=43 t_flicker=7
Ep 37400 | score  202.79 | avg100  192.63 | grasp100  86.0% | best 0.935 |     27 st/s
    done(50): success=43 t_flicker=7
Ep 37450 | score  203.85 | avg100  196.93 | grasp100  90.0% | best 0.935 |     27 st/s
    done(50): success=47 t_flicker=3
Ep 37500 | score   57.04 | avg100  198.03 | grasp100  93.0% | best 0.935 |     27 st/s
    done(50): success=46 t_flicker=4
Ep 37550 | score  203.72 | avg100  192.83 | grasp100  89.0% | best 0.935 |     27 st/s
    done(50): success=43 t_flicker=7
Ep 37600 | score  206.02 | avg100  193.69 | grasp100  89.0% | best 0.935 |     27 st/s
    done(50): success=46 t_flicker=3 t_no_reach=1
Ep 37650 | score  205.04 | avg100  192.32 | grasp100  88.0% | best 0.935 |     27 st/s
    done(50): success=42 t_flicker=6 t_touched=1 t_no_reach=1
Ep 37700 | score  203.30 | avg100  189.76 | grasp100  88.0% | best 0.935 |     27 st/s
    done(50): success=46 t_flicker=3 t_no_reach=1
Ep 37750 | score  216.37 | avg100  191.85 | grasp100  90.0% | best 0.935 |     27 st/s
    done(50): success=44 t_flicker=6
Ep 37800 | score  204.02 | avg100  190.74 | grasp100  89.0% | best 0.935 |     27 st/s
    done(50): success=45 t_flicker=3 t_touched=1 t_no_reach=1
Ep 37850 | score  204.82 | avg100  190.49 | grasp100  90.0% | best 0.935 |     27 st/s
    done(50): success=45 t_flicker=4 t_no_reach=1
Ep 37900 | score  201.32 | avg100  190.24 | grasp100  90.0% | best 0.935 |     27 st/s
    done(50): success=45 t_flicker=5
Ep 37950 | score  204.85 | avg100  195.26 | grasp100  92.0% | best 0.935 |     27 st/s
    done(50): success=47 t_flicker=3
Ep 38000 | score  207.65 | avg100  201.19 | grasp100  95.0% | best 0.935 |     27 st/s
    done(50): success=48 t_flicker=2
Ep 38050 | score  205.06 | avg100  197.92 | grasp100  94.0% | best 0.935 |     27 st/s
    done(50): success=46 t_flicker=4
Ep 38100 | score  208.73 | avg100  197.68 | grasp100  94.0% | best 0.935 |     27 st/s
    done(50): success=48 t_flicker=2
Ep 38115 | * BEST  level200=2.00 grasp200= 95.0% metric=0.950 | score  205.29
Ep 38150 | score  203.65 | avg100  193.13 | grasp100  90.0% | best 0.950 |     27 st/s
    done(50): success=42 t_flicker=8
  [primacy-bias reset of critic heads @ 550000 updates]
Ep 38200 | score  183.42 | avg100  120.08 | grasp100  57.0% | best 0.950 |     27 st/s
    done(50): success=15 t_flicker=2 t_touched=11 t_no_reach=22
Ep 38250 | score  205.62 | avg100   56.45 | grasp100  29.0% | best 0.950 |     27 st/s
    done(50): success=14 t_flicker=6 t_touched=7 t_no_reach=23
Ep 38300 | score  207.30 | avg100   69.66 | grasp100  33.0% | best 0.950 |     27 st/s
    done(50): success=19 t_flicker=10 t_touched=10 t_no_reach=11
Ep 38350 | score  204.39 | avg100   98.36 | grasp100  44.0% | best 0.950 |     27 st/s
    done(50): success=25 t_flicker=12 t_touched=8 t_no_reach=5
Ep 38400 | score  205.00 | avg100  127.90 | grasp100  56.0% | best 0.950 |     27 st/s
    done(50): success=31 t_flicker=10 t_touched=5 t_no_reach=4
Ep 38450 | score  190.32 | avg100  137.56 | grasp100  59.0% | best 0.950 |     27 st/s
    done(50): success=28 t_flicker=15 t_touched=5 t_no_reach=2
Ep 38500 | score  205.76 | avg100  152.29 | grasp100  67.0% | best 0.950 |     27 st/s
    done(50): success=39 t_flicker=7 t_touched=2 t_no_reach=2
Ep 38550 | score  208.18 | avg100  171.02 | grasp100  77.0% | best 0.950 |     27 st/s
    done(50): success=38 t_flicker=11 t_no_reach=1
Ep 38600 | score  204.76 | avg100  173.06 | grasp100  78.0% | best 0.950 |     27 st/s
    done(50): success=40 t_flicker=7 t_touched=1 t_no_reach=2
Ep 38650 | score   27.76 | avg100  172.83 | grasp100  79.0% | best 0.950 |     27 st/s
    done(50): success=39 t_flicker=9 t_no_reach=2
Ep 38700 | score  204.19 | avg100  181.07 | grasp100  83.0% | best 0.950 |     27 st/s
    done(50): success=44 t_flicker=6
Ep 38750 | score  208.88 | avg100  190.46 | grasp100  87.0% | best 0.950 |     27 st/s
    done(50): success=43 t_flicker=7
Ep 38800 | score   57.98 | avg100  179.49 | grasp100  79.0% | best 0.950 |     27 st/s
    done(50): success=36 t_flicker=12 t_touched=2
Ep 38850 | score  208.03 | avg100  177.92 | grasp100  79.0% | best 0.950 |     27 st/s
    done(50): success=43 t_flicker=7
Ep 38900 | score  208.11 | avg100  189.25 | grasp100  88.0% | best 0.950 |     27 st/s
    done(50): success=45 t_flicker=5
Ep 38950 | score  215.84 | avg100  185.69 | grasp100  85.0% | best 0.950 |     27 st/s
    done(50): success=40 t_flicker=10
Ep 39000 | score  205.83 | avg100  181.49 | grasp100  81.0% | best 0.950 |     27 st/s
    done(50): success=41 t_flicker=9
Ep 39050 | score  204.58 | avg100  184.23 | grasp100  82.0% | best 0.950 |     27 st/s
    done(50): success=41 t_flicker=8 t_no_reach=1
Ep 39100 | score  186.23 | avg100  192.83 | grasp100  88.0% | best 0.950 |     27 st/s
    done(50): success=47 t_flicker=3
Ep 39150 | score  208.85 | avg100  188.90 | grasp100  87.0% | best 0.950 |     27 st/s
    done(50): success=40 t_flicker=7 t_touched=3
Ep 39200 | score  203.03 | avg100  183.22 | grasp100  83.0% | best 0.950 |     27 st/s
    done(50): success=43 t_flicker=7
Ep 39250 | score  207.04 | avg100  188.82 | grasp100  85.0% | best 0.950 |     27 st/s
    done(50): success=42 t_flicker=8
Ep 39300 | score  206.02 | avg100  187.81 | grasp100  85.0% | best 0.950 |     27 st/s
    done(50): success=43 t_flicker=6 t_touched=1
Ep 39350 | score  202.21 | avg100  186.64 | grasp100  86.0% | best 0.950 |     27 st/s
    done(50): success=43 t_flicker=7
Ep 39400 | score  201.66 | avg100  190.09 | grasp100  88.0% | best 0.950 |     27 st/s
    done(50): success=45 t_flicker=5
Ep 39450 | score  202.63 | avg100  193.09 | grasp100  90.0% | best 0.950 |     27 st/s
    done(50): success=45 t_flicker=3 t_touched=1 t_no_reach=1
Ep 39500 | score  204.95 | avg100  190.42 | grasp100  88.0% | best 0.950 |     27 st/s
    done(50): success=43 t_flicker=7
Ep 39550 | score  219.90 | avg100  194.43 | grasp100  90.0% | best 0.950 |     27 st/s
    done(50): success=47 t_flicker=2 t_touched=1
Ep 39600 | score  207.28 | avg100  198.33 | grasp100  92.0% | best 0.950 |     27 st/s
    done(50): success=45 t_flicker=5
Ep 39650 | score  206.82 | avg100  199.00 | grasp100  93.0% | best 0.950 |     27 st/s
    done(50): success=48 t_flicker=2
Ep 39700 | score  206.14 | avg100  192.53 | grasp100  91.0% | best 0.950 |     27 st/s
    done(50): success=43 t_flicker=5 t_touched=1 t_no_reach=1
Ep 39750 | score  207.74 | avg100  188.00 | grasp100  88.0% | best 0.950 |     27 st/s
    done(50): success=45 t_flicker=4 t_touched=1
Ep 39800 | score  204.77 | avg100  188.23 | grasp100  88.0% | best 0.950 |     27 st/s
    done(50): success=43 t_flicker=6 t_no_reach=1
Ep 39850 | score  206.15 | avg100  183.30 | grasp100  84.0% | best 0.950 |     27 st/s
    done(50): success=41 t_flicker=9
Ep 39900 | score  204.40 | avg100  180.82 | grasp100  83.0% | best 0.950 |     27 st/s
    done(50): success=42 t_flicker=6 t_no_reach=2
Ep 39950 | score  225.01 | avg100  189.48 | grasp100  89.0% | best 0.950 |     27 st/s
    done(50): success=47 t_flicker=3
Ep 40000 | score   71.30 | avg100  198.84 | grasp100  94.0% | best 0.950 |     27 st/s
    done(50): success=47 t_flicker=3
Ep 40050 | score  205.60 | avg100  196.30 | grasp100  93.0% | best 0.950 |     27 st/s
    done(50): success=46 t_flicker=2 t_touched=1 t_no_reach=1
  [primacy-bias reset of critic heads @ 575000 updates]
Ep 40100 | score  -21.87 | avg100  156.94 | grasp100  75.0% | best 0.950 |     27 st/s
    done(50): success=29 t_flicker=6 t_touched=2 t_no_reach=13
Ep 40150 | score   -3.73 | avg100  103.17 | grasp100  51.0% | best 0.950 |     27 st/s
    done(50): success=22 t_flicker=4 t_touched=1 t_no_reach=23
Ep 40200 | score  204.73 | avg100   86.79 | grasp100  41.0% | best 0.950 |     27 st/s
    done(50): success=19 t_flicker=14 t_touched=5 t_no_reach=12
Ep 40250 | score  207.18 | avg100  101.47 | grasp100  43.0% | best 0.950 |     27 st/s
    done(50): success=24 t_flicker=18 t_touched=2 t_no_reach=6
Ep 40300 | score  206.63 | avg100  127.40 | grasp100  56.0% | best 0.950 |     27 st/s
    done(50): success=32 t_flicker=12 t_touched=1 t_no_reach=5
Ep 40350 | score   30.42 | avg100  150.23 | grasp100  69.0% | best 0.950 |     27 st/s
    done(50): success=37 t_flicker=7 t_touched=2 t_no_reach=4
Ep 40400 | score  207.80 | avg100  162.59 | grasp100  74.0% | best 0.950 |     27 st/s
    done(50): success=37 t_flicker=10 t_touched=2 t_no_reach=1
Ep 40450 | score  206.36 | avg100  159.98 | grasp100  73.0% | best 0.950 |     27 st/s
    done(50): success=36 t_flicker=9 t_touched=4 t_no_reach=1
Ep 40500 | score   14.13 | avg100  158.55 | grasp100  71.0% | best 0.950 |     27 st/s
    done(50): success=35 t_flicker=10 t_touched=4 t_no_reach=1
Ep 40550 | score  105.78 | avg100  167.21 | grasp100  74.0% | best 0.950 |     27 st/s
    done(50): success=39 t_flicker=9 t_no_reach=2
Ep 40600 | score  117.54 | avg100  173.40 | grasp100  77.0% | best 0.950 |     27 st/s
    done(50): success=38 t_flicker=10 t_touched=1 t_no_reach=1
Ep 40650 | score  205.74 | avg100  181.23 | grasp100  80.0% | best 0.950 |     27 st/s
    done(50): success=42 t_flicker=7 t_touched=1
Ep 40700 | score  206.49 | avg100  186.00 | grasp100  82.0% | best 0.950 |     27 st/s
    done(50): success=40 t_flicker=10
Ep 40750 | score  213.31 | avg100  179.87 | grasp100  81.0% | best 0.950 |     27 st/s
    done(50): success=41 t_flicker=6 t_touched=3
Ep 40800 | score  248.19 | avg100  184.44 | grasp100  84.0% | best 0.950 |     27 st/s
    done(50): success=43 t_flicker=6 t_touched=1
Ep 40850 | score   71.27 | avg100  186.82 | grasp100  83.0% | best 0.950 |     27 st/s
    done(50): success=40 t_flicker=9 t_no_reach=1
Ep 40900 | score  207.51 | avg100  180.90 | grasp100  80.0% | best 0.950 |     27 st/s
    done(50): success=40 t_flicker=9 t_no_reach=1
Ep 40950 | score   64.39 | avg100  182.42 | grasp100  82.0% | best 0.950 |     27 st/s
    done(50): success=42 t_flicker=7 t_touched=1
Ep 41000 | score  205.08 | avg100  191.36 | grasp100  88.0% | best 0.950 |     27 st/s
    done(50): success=46 t_flicker=4
Ep 41050 | score  205.13 | avg100  195.11 | grasp100  90.0% | best 0.950 |     27 st/s
    done(50): success=44 t_flicker=6
Ep 41100 | score  203.71 | avg100  193.42 | grasp100  89.0% | best 0.950 |     27 st/s
    done(50): success=45 t_flicker=5
Ep 41150 | score  215.48 | avg100  192.59 | grasp100  89.0% | best 0.950 |     27 st/s
    done(50): success=44 t_flicker=6
Ep 41200 | score  206.54 | avg100  192.24 | grasp100  89.0% | best 0.950 |     27 st/s
    done(50): success=45 t_flicker=4 t_no_reach=1
Ep 41250 | score  206.99 | avg100  192.87 | grasp100  90.0% | best 0.950 |     27 st/s
    done(50): success=45 t_flicker=5
Ep 41300 | score  203.16 | avg100  187.53 | grasp100  87.0% | best 0.950 |     27 st/s
    done(50): success=42 t_flicker=7 t_touched=1
Ep 41350 | score  205.05 | avg100  184.59 | grasp100  86.0% | best 0.950 |     27 st/s
    done(50): success=44 t_flicker=4 t_no_reach=2
Ep 41400 | score  204.83 | avg100  189.73 | grasp100  89.0% | best 0.950 |     27 st/s
    done(50): success=45 t_flicker=5
Ep 41450 | score  227.52 | avg100  197.36 | grasp100  92.0% | best 0.950 |     27 st/s
    done(50): success=47 t_flicker=3
Ep 41500 | score  207.01 | avg100  202.06 | grasp100  95.0% | best 0.950 |     27 st/s
    done(50): success=48 t_flicker=2
Ep 41550 | score  202.42 | avg100  199.03 | grasp100  94.0% | best 0.950 |     27 st/s
    done(50): success=46 t_flicker=4
Ep 41600 | score  203.49 | avg100  198.21 | grasp100  93.0% | best 0.950 |     27 st/s
    done(50): success=47 t_flicker=3
Ep 41650 | score  188.14 | avg100  202.97 | grasp100  96.0% | best 0.950 |     27 st/s
    done(50): success=49 t_flicker=1
Ep 41700 | score   92.33 | avg100  199.62 | grasp100  94.0% | best 0.950 |     27 st/s
    done(50): success=45 t_flicker=5
Ep 41750 | score  203.14 | avg100  185.60 | grasp100  85.0% | best 0.950 |     27 st/s
    done(50): success=40 t_flicker=9 t_touched=1
Ep 41800 | score  203.82 | avg100  183.31 | grasp100  85.0% | best 0.950 |     27 st/s
    done(50): success=45 t_flicker=2 t_touched=1 t_no_reach=2
Ep 41850 | score  196.67 | avg100  184.72 | grasp100  87.0% | best 0.950 |     27 st/s
    done(50): success=42 t_flicker=7 t_no_reach=1
Ep 41900 | score  208.06 | avg100  184.85 | grasp100  87.0% | best 0.950 |     27 st/s
    done(50): success=45 t_flicker=4 t_no_reach=1
Ep 41950 | score  234.92 | avg100  195.16 | grasp100  93.0% | best 0.950 |     27 st/s
    done(50): success=48 t_flicker=2
  [primacy-bias reset of critic heads @ 600000 updates]
Ep 42000 | score  217.64 | avg100  180.18 | grasp100  86.0% | best 0.950 |     27 st/s
    done(50): success=38 t_flicker=4 t_touched=1 t_no_reach=7
Ep 42050 | score  -27.95 | avg100   78.15 | grasp100  41.0% | best 0.950 |     27 st/s
    done(50): success=3 t_flicker=3 t_touched=1 t_no_reach=43
Ep 42100 | score   -6.22 | avg100    0.77 | grasp100   7.0% | best 0.950 |     27 st/s
    done(50): success=4 t_flicker=5 t_touched=4 t_no_reach=37
Ep 42150 | score  116.72 | avg100   38.85 | grasp100  21.0% | best 0.950 |     27 st/s
    done(50): success=17 t_flicker=10 t_touched=4 t_no_reach=19
Ep 42200 | score   21.93 | avg100  104.19 | grasp100  47.0% | best 0.950 |     27 st/s
    done(50): success=30 t_flicker=10 t_touched=5 t_no_reach=5
Ep 42250 | score   60.01 | avg100  142.21 | grasp100  62.0% | best 0.950 |     27 st/s
    done(50): success=32 t_flicker=16 t_no_reach=2
Ep 42300 | score  208.03 | avg100  150.56 | grasp100  65.0% | best 0.950 |     27 st/s
    done(50): success=33 t_flicker=14 t_touched=1 t_no_reach=2
Ep 42350 | score  205.77 | avg100  157.46 | grasp100  69.0% | best 0.950 |     27 st/s
    done(50): success=36 t_flicker=11 t_touched=1 t_no_reach=2
Ep 42400 | score  204.32 | avg100  171.27 | grasp100  77.0% | best 0.950 |     27 st/s
    done(50): success=41 t_flicker=9
Ep 42450 | score   57.50 | avg100  166.97 | grasp100  75.0% | best 0.950 |     27 st/s
    done(50): success=34 t_flicker=11 t_touched=1 t_no_reach=4
Ep 42500 | score   54.59 | avg100  168.63 | grasp100  75.0% | best 0.950 |     27 st/s
    done(50): success=41 t_flicker=9
Ep 42550 | score  204.65 | avg100  180.19 | grasp100  82.0% | best 0.950 |     27 st/s
    done(50): success=41 t_flicker=7 t_touched=1 t_no_reach=1
Ep 42600 | score   28.10 | avg100  173.10 | grasp100  79.0% | best 0.950 |     27 st/s
    done(50): success=38 t_flicker=10 t_touched=2
Ep 42650 | score  206.92 | avg100  171.23 | grasp100  76.0% | best 0.950 |     27 st/s
    done(50): success=38 t_flicker=10 t_touched=1 t_no_reach=1
Ep 42700 | score  206.99 | avg100  178.56 | grasp100  80.0% | best 0.950 |     27 st/s
    done(50): success=42 t_flicker=7 t_no_reach=1
Ep 42750 | score  205.44 | avg100  177.25 | grasp100  79.0% | best 0.950 |     27 st/s
    done(50): success=37 t_flicker=12 t_touched=1
Ep 42800 | score  205.77 | avg100  179.77 | grasp100  81.0% | best 0.950 |     27 st/s
    done(50): success=44 t_flicker=5 t_no_reach=1
Ep 42850 | score  204.84 | avg100  188.72 | grasp100  87.0% | best 0.950 |     27 st/s
    done(50): success=43 t_flicker=7
Ep 42900 | score   -1.37 | avg100  183.28 | grasp100  84.0% | best 0.950 |     27 st/s
    done(50): success=41 t_flicker=5 t_touched=2 t_no_reach=2
Ep 42950 | score  204.16 | avg100  186.41 | grasp100  86.0% | best 0.950 |     27 st/s
    done(50): success=45 t_flicker=5
Ep 43000 | score  207.29 | avg100  193.66 | grasp100  89.0% | best 0.950 |     27 st/s
    done(50): success=44 t_flicker=6
Ep 43050 | score  207.02 | avg100  195.47 | grasp100  91.0% | best 0.950 |     27 st/s
    done(50): success=47 t_flicker=3
Ep 43100 | score  204.07 | avg100  192.71 | grasp100  91.0% | best 0.950 |     27 st/s
    done(50): success=44 t_flicker=4 t_no_reach=2
Ep 43150 | score  227.80 | avg100  189.50 | grasp100  89.0% | best 0.950 |     27 st/s
    done(50): success=45 t_flicker=5
Ep 43200 | score  201.99 | avg100  197.87 | grasp100  93.0% | best 0.950 |     27 st/s
    done(50): success=48 t_flicker=2
Ep 43250 | score  206.91 | avg100  202.47 | grasp100  96.0% | best 0.950 |     27 st/s
    done(50): success=48 t_flicker=2
Ep 43300 | score  208.02 | avg100  197.37 | grasp100  94.0% | best 0.950 |     27 st/s
    done(50): success=46 t_flicker=4
Ep 43350 | score  214.66 | avg100  200.49 | grasp100  96.0% | best 0.950 |     27 st/s
    done(50): success=50
Ep 43357 | * BEST  level200=2.00 grasp200= 96.5% metric=0.965 | score  206.64
Ep 43400 | score  203.49 | avg100  202.19 | grasp100  96.0% | best 0.965 |     27 st/s
    done(50): success=46 t_flicker=4
Ep 43450 | score  204.21 | avg100  198.76 | grasp100  94.0% | best 0.965 |     27 st/s
    done(50): success=48 t_flicker=2
Ep 43500 | score  222.96 | avg100  195.11 | grasp100  92.0% | best 0.965 |     27 st/s
    done(50): success=44 t_flicker=6
Ep 43550 | score  204.76 | avg100  192.84 | grasp100  90.0% | best 0.965 |     27 st/s
    done(50): success=46 t_flicker=4
Ep 43600 | score  205.14 | avg100  191.91 | grasp100  89.0% | best 0.965 |     27 st/s
    done(50): success=43 t_flicker=7
Ep 43650 | score  205.19 | avg100  189.00 | grasp100  87.0% | best 0.965 |     27 st/s
    done(50): success=44 t_flicker=6
Ep 43700 | score  202.96 | avg100  191.42 | grasp100  89.0% | best 0.965 |     27 st/s
    done(50): success=45 t_flicker=5
Ep 43750 | score  192.70 | avg100  188.15 | grasp100  87.0% | best 0.965 |     27 st/s
    done(50): success=42 t_flicker=8
Ep 43800 | score  202.70 | avg100  195.50 | grasp100  91.0% | best 0.965 |     27 st/s
    done(50): success=49 t_flicker=1
Ep 43850 | score  205.47 | avg100  202.55 | grasp100  96.0% | best 0.965 |     27 st/s
    done(50): success=47 t_flicker=3
  [primacy-bias reset of critic heads @ 625000 updates]
Ep 43900 | score   -5.05 | avg100  140.77 | grasp100  68.0% | best 0.965 |     27 st/s
    done(50): success=21 t_flicker=4 t_touched=2 t_no_reach=23
Ep 43950 | score  -12.22 | avg100   72.34 | grasp100  37.0% | best 0.965 |     27 st/s
    done(50): success=16 t_flicker=3 t_touched=6 t_no_reach=25
Ep 44000 | score  205.43 | avg100   62.11 | grasp100  31.0% | best 0.965 |     27 st/s
    done(50): success=15 t_flicker=11 t_touched=4 t_no_reach=20
Ep 44050 | score  205.65 | avg100   75.13 | grasp100  34.0% | best 0.965 |     27 st/s
    done(50): success=19 t_flicker=17 t_touched=4 t_no_reach=10
Ep 44100 | score   27.13 | avg100  105.88 | grasp100  47.0% | best 0.965 |     27 st/s
    done(50): success=28 t_flicker=10 t_touched=4 t_no_reach=8
Ep 44150 | score  205.91 | avg100  152.98 | grasp100  71.0% | best 0.965 |     27 st/s
    done(50): success=43 t_flicker=5 t_touched=1 t_no_reach=1
Ep 44200 | score  204.93 | avg100  181.41 | grasp100  85.0% | best 0.965 |     27 st/s
    done(50): success=42 t_flicker=6 t_touched=2
Ep 44250 | score  205.17 | avg100  175.90 | grasp100  81.0% | best 0.965 |     27 st/s
    done(50): success=39 t_flicker=6 t_touched=3 t_no_reach=2
Ep 44300 | score  207.83 | avg100  168.82 | grasp100  77.0% | best 0.965 |     27 st/s
    done(50): success=38 t_flicker=7 t_touched=4 t_no_reach=1
Ep 44350 | score  205.65 | avg100  172.91 | grasp100  78.0% | best 0.965 |     27 st/s
    done(50): success=40 t_flicker=10
Ep 44400 | score  205.48 | avg100  177.37 | grasp100  80.0% | best 0.965 |     27 st/s
    done(50): success=40 t_flicker=9 t_no_reach=1
Ep 44450 | score  203.33 | avg100  183.18 | grasp100  84.0% | best 0.965 |     27 st/s
    done(50): success=44 t_flicker=5 t_touched=1
Ep 44500 | score  209.00 | avg100  179.58 | grasp100  81.0% | best 0.965 |     27 st/s
    done(50): success=37 t_flicker=12 t_touched=1
Ep 44550 | score  208.09 | avg100  174.65 | grasp100  76.0% | best 0.965 |     27 st/s
    done(50): success=39 t_flicker=11
Ep 44600 | score  242.83 | avg100  183.31 | grasp100  82.0% | best 0.965 |     27 st/s
    done(50): success=43 t_flicker=7
Ep 44650 | score  214.94 | avg100  186.52 | grasp100  86.0% | best 0.965 |     27 st/s
    done(50): success=43 t_flicker=7
Ep 44700 | score  210.30 | avg100  188.62 | grasp100  87.0% | best 0.965 |     27 st/s
    done(50): success=44 t_flicker=6
Ep 44750 | score  206.88 | avg100  190.49 | grasp100  88.0% | best 0.965 |     27 st/s
    done(50): success=44 t_flicker=5 t_touched=1
Ep 44800 | score  228.68 | avg100  186.74 | grasp100  86.0% | best 0.965 |     27 st/s
    done(50): success=42 t_flicker=7 t_no_reach=1
Ep 44850 | score  207.27 | avg100  187.47 | grasp100  86.0% | best 0.965 |     27 st/s
    done(50): success=44 t_flicker=6
Ep 44900 | score  200.95 | avg100  188.11 | grasp100  85.0% | best 0.965 |     27 st/s
    done(50): success=41 t_flicker=9
Ep 44950 | score  191.12 | avg100  190.85 | grasp100  87.0% | best 0.965 |     27 st/s
    done(50): success=46 t_flicker=4
Ep 45000 | score  206.96 | avg100  198.40 | grasp100  92.0% | best 0.965 |     27 st/s
    done(50): success=46 t_flicker=4
Ep 45050 | score  202.16 | avg100  196.36 | grasp100  91.0% | best 0.965 |     27 st/s
    done(50): success=45 t_flicker=5
Ep 45100 | score  220.63 | avg100  198.65 | grasp100  93.0% | best 0.965 |     27 st/s
    done(50): success=48 t_flicker=2
Ep 45150 | score  204.94 | avg100  199.33 | grasp100  93.0% | best 0.965 |     27 st/s
    done(50): success=45 t_flicker=5
Ep 45200 | score   73.29 | avg100  189.92 | grasp100  87.0% | best 0.965 |     27 st/s
    done(50): success=42 t_flicker=8
Ep 45250 | score  205.68 | avg100  190.51 | grasp100  88.0% | best 0.965 |     27 st/s
    done(50): success=46 t_flicker=4
Ep 45300 | score  202.34 | avg100  197.23 | grasp100  92.0% | best 0.965 |     27 st/s
    done(50): success=46 t_flicker=3 t_touched=1
Ep 45350 | score  204.50 | avg100  194.62 | grasp100  90.0% | best 0.965 |     27 st/s
    done(50): success=44 t_flicker=6
Ep 45400 | score  202.66 | avg100  197.72 | grasp100  92.0% | best 0.965 |     27 st/s
    done(50): success=48 t_flicker=2
Ep 45450 | score  238.95 | avg100  199.78 | grasp100  93.0% | best 0.965 |     27 st/s
    done(50): success=45 t_flicker=5
Ep 45500 | score  208.17 | avg100  199.46 | grasp100  93.0% | best 0.965 |     27 st/s
    done(50): success=48 t_flicker=2
Ep 45550 | score  187.97 | avg100  204.04 | grasp100  97.0% | best 0.965 |     27 st/s
    done(50): success=49 t_flicker=1
Ep 45600 | score  203.74 | avg100  199.57 | grasp100  95.0% | best 0.965 |     27 st/s
    done(50): success=46 t_flicker=4
Ep 45650 | score  204.37 | avg100  195.13 | grasp100  92.0% | best 0.965 |     27 st/s
    done(50): success=46 t_flicker=3 t_touched=1
Ep 45700 | score  202.99 | avg100  193.72 | grasp100  91.0% | best 0.965 |     27 st/s
    done(50): success=45 t_flicker=4 t_no_reach=1
Ep 45750 | score  207.71 | avg100  189.42 | grasp100  88.0% | best 0.965 |     27 st/s
    done(50): success=43 t_flicker=7
Ep 45800 | score  229.96 | avg100  189.28 | grasp100  87.0% | best 0.965 |     27 st/s
    done(50): success=44 t_flicker=6
  [primacy-bias reset of critic heads @ 650000 updates]
Ep 45850 | score  -19.71 | avg100  152.68 | grasp100  72.0% | best 0.965 |     27 st/s
    done(50): success=28 t_flicker=3 t_no_reach=19
Ep 45900 | score  -23.62 | avg100   51.69 | grasp100  30.0% | best 0.965 |     27 st/s
    done(50): success=2 t_flicker=1 t_touched=1 t_no_reach=46
Ep 45950 | score  203.55 | avg100   19.10 | grasp100  15.0% | best 0.965 |     27 st/s
    done(50): success=13 t_flicker=5 t_touched=4 t_no_reach=28
Ep 46000 | score  206.13 | avg100   61.57 | grasp100  29.0% | best 0.965 |     27 st/s
    done(50): success=16 t_flicker=17 t_touched=3 t_no_reach=14
Ep 46050 | score  208.74 | avg100  102.17 | grasp100  46.0% | best 0.965 |     27 st/s
    done(50): success=30 t_flicker=7 t_touched=3 t_no_reach=10
Ep 46100 | score   82.67 | avg100  137.43 | grasp100  61.0% | best 0.965 |     27 st/s
    done(50): success=31 t_flicker=15 t_no_reach=4
Ep 46150 | score  206.69 | avg100  147.81 | grasp100  64.0% | best 0.965 |     27 st/s
    done(50): success=33 t_flicker=11 t_touched=5 t_no_reach=1
Ep 46200 | score  206.42 | avg100  156.94 | grasp100  70.0% | best 0.965 |     27 st/s
    done(50): success=37 t_flicker=9 t_touched=1 t_no_reach=3
Ep 46250 | score  205.39 | avg100  175.54 | grasp100  81.0% | best 0.965 |     27 st/s
    done(50): success=44 t_flicker=4 t_touched=1 t_no_reach=1
Ep 46300 | score  208.33 | avg100  182.25 | grasp100  85.0% | best 0.965 |     27 st/s
    done(50): success=41 t_flicker=4 t_touched=2 t_no_reach=3
Ep 46350 | score  205.10 | avg100  176.46 | grasp100  80.0% | best 0.965 |     27 st/s
    done(50): success=39 t_flicker=7 t_touched=1 t_no_reach=3
Ep 46400 | score  204.58 | avg100  173.21 | grasp100  76.0% | best 0.965 |     27 st/s
    done(50): success=37 t_flicker=10 t_touched=2 t_no_reach=1
Ep 46450 | score  205.13 | avg100  184.47 | grasp100  84.0% | best 0.965 |     27 st/s
    done(50): success=47 t_flicker=3
Ep 46500 | score  205.62 | avg100  193.79 | grasp100  92.0% | best 0.965 |     27 st/s
    done(50): success=45 t_flicker=3 t_touched=1 t_no_reach=1
Ep 46550 | score  205.58 | avg100  186.82 | grasp100  85.0% | best 0.965 |     27 st/s
    done(50): success=40 t_flicker=10
Ep 46600 | score   87.40 | avg100  171.89 | grasp100  75.0% | best 0.965 |     27 st/s
    done(50): success=35 t_flicker=12 t_no_reach=3
Ep 46650 | score  233.92 | avg100  166.04 | grasp100  73.0% | best 0.965 |     27 st/s
    done(50): success=38 t_flicker=11 t_no_reach=1
Ep 46700 | score  207.19 | avg100  179.86 | grasp100  80.0% | best 0.965 |     27 st/s
    done(50): success=42 t_flicker=8
Ep 46750 | score  204.47 | avg100  194.91 | grasp100  90.0% | best 0.965 |     27 st/s
    done(50): success=48 t_flicker=2
Ep 46800 | score  203.92 | avg100  200.76 | grasp100  95.0% | best 0.965 |     27 st/s
    done(50): success=47 t_flicker=3
Ep 46850 | score  195.89 | avg100  195.30 | grasp100  92.0% | best 0.965 |     27 st/s
    done(50): success=45 t_flicker=4 t_touched=1
Ep 46900 | score  204.25 | avg100  188.77 | grasp100  88.0% | best 0.965 |     27 st/s
    done(50): success=43 t_flicker=4 t_touched=1 t_no_reach=2
Ep 46950 | score  204.04 | avg100  190.29 | grasp100  88.0% | best 0.965 |     27 st/s
    done(50): success=45 t_flicker=4 t_touched=1
Ep 47000 | score  208.57 | avg100  195.84 | grasp100  90.0% | best 0.965 |     27 st/s
    done(50): success=45 t_flicker=5
Ep 47050 | score  204.15 | avg100  197.30 | grasp100  92.0% | best 0.965 |     27 st/s
    done(50): success=47 t_flicker=2 t_no_reach=1
Ep 47100 | score  206.02 | avg100  191.76 | grasp100  90.0% | best 0.965 |     27 st/s
    done(50): success=43 t_flicker=7
Ep 47150 | score  223.81 | avg100  192.99 | grasp100  89.0% | best 0.965 |     27 st/s
    done(50): success=46 t_flicker=4
Ep 47200 | score  208.20 | avg100  199.77 | grasp100  92.0% | best 0.965 |     27 st/s
    done(50): success=46 t_flicker=4
Ep 47250 | score  204.41 | avg100  201.22 | grasp100  94.0% | best 0.965 |     27 st/s
    done(50): success=48 t_flicker=2
Ep 47300 | score  214.22 | avg100  198.94 | grasp100  94.0% | best 0.965 |     27 st/s
    done(50): success=46 t_flicker=3 t_touched=1
Ep 47350 | score  205.94 | avg100  197.53 | grasp100  91.0% | best 0.965 |     27 st/s
    done(50): success=45 t_flicker=5
Ep 47400 | score   57.68 | avg100  194.37 | grasp100  89.0% | best 0.965 |     27 st/s
    done(50): success=44 t_flicker=5 t_no_reach=1
Ep 47450 | score  204.13 | avg100  191.23 | grasp100  89.0% | best 0.965 |     27 st/s
    done(50): success=45 t_flicker=4 t_touched=1
Ep 47500 | score   58.22 | avg100  195.30 | grasp100  90.0% | best 0.965 |     27 st/s
    done(50): success=45 t_flicker=5
Ep 47550 | score  254.62 | avg100  200.94 | grasp100  94.0% | best 0.965 |     27 st/s
    done(50): success=49 t_no_reach=1
Ep 47600 | score  205.59 | avg100  202.75 | grasp100  96.0% | best 0.965 |     27 st/s
    done(50): success=47 t_flicker=3
Ep 47650 | score  222.09 | avg100  201.83 | grasp100  96.0% | best 0.965 |     27 st/s
    done(50): success=49 t_flicker=1
  [primacy-bias reset of critic heads @ 675000 updates]
Ep 47700 | score   -9.79 | avg100  201.14 | grasp100  96.0% | best 0.965 |     27 st/s
    done(50): success=47 t_flicker=2 t_no_reach=1
Ep 47750 | score  -14.87 | avg100  102.13 | grasp100  51.0% | best 0.965 |     27 st/s
    done(50): success=4 t_flicker=4 t_no_reach=42
Ep 47800 | score  189.23 | avg100   11.25 | grasp100  11.0% | best 0.965 |     27 st/s
    done(50): success=7 t_flicker=2 t_touched=2 t_no_reach=39
Ep 47850 | score  206.31 | avg100   51.91 | grasp100  28.0% | best 0.965 |     27 st/s
    done(50): success=21 t_flicker=3 t_touched=10 t_no_reach=16
Ep 47900 | score  205.38 | avg100   86.47 | grasp100  40.0% | best 0.965 |     27 st/s
    done(50): success=19 t_flicker=15 t_touched=4 t_no_reach=12
Ep 47950 | score  207.07 | avg100  112.26 | grasp100  50.0% | best 0.965 |     27 st/s
    done(50): success=31 t_flicker=11 t_no_reach=8
Ep 48000 | score  207.59 | avg100  150.62 | grasp100  68.0% | best 0.965 |     27 st/s
    done(50): success=37 t_flicker=9 t_touched=2 t_no_reach=2
Ep 48050 | score  204.56 | avg100  166.09 | grasp100  75.0% | best 0.965 |     27 st/s
    done(50): success=38 t_flicker=11 t_no_reach=1
Ep 48100 | score  121.83 | avg100  174.31 | grasp100  79.0% | best 0.965 |     27 st/s
    done(50): success=41 t_flicker=7 t_touched=2
Ep 48150 | score  206.09 | avg100  173.06 | grasp100  76.0% | best 0.965 |     27 st/s
    done(50): success=35 t_flicker=13 t_no_reach=2
Ep 48200 | score   84.48 | avg100  174.96 | grasp100  76.0% | best 0.965 |     27 st/s
    done(50): success=41 t_flicker=9
Ep 48250 | score  207.24 | avg100  177.84 | grasp100  79.0% | best 0.965 |     27 st/s
    done(50): success=38 t_flicker=10 t_touched=1 t_no_reach=1
Ep 48300 | score  205.99 | avg100  179.25 | grasp100  80.0% | best 0.965 |     27 st/s
    done(50): success=42 t_flicker=8
Ep 48350 | score  207.36 | avg100  176.30 | grasp100  78.0% | best 0.965 |     27 st/s
    done(50): success=36 t_flicker=12 t_touched=1 t_no_reach=1
Ep 48400 | score  204.58 | avg100  170.47 | grasp100  74.0% | best 0.965 |     27 st/s
    done(50): success=38 t_flicker=10 t_touched=1 t_no_reach=1
Ep 48450 | score  206.75 | avg100  186.03 | grasp100  84.0% | best 0.965 |     27 st/s
    done(50): success=46 t_flicker=4
Ep 48500 | score  207.64 | avg100  190.44 | grasp100  88.0% | best 0.965 |     27 st/s
    done(50): success=42 t_flicker=7 t_touched=1
Ep 48550 | score  207.61 | avg100  184.48 | grasp100  85.0% | best 0.965 |     27 st/s
    done(50): success=43 t_flicker=7
Ep 48600 | score  206.99 | avg100  183.56 | grasp100  84.0% | best 0.965 |     27 st/s
    done(50): success=41 t_flicker=9
Ep 48650 | score  133.05 | avg100  182.57 | grasp100  82.0% | best 0.965 |     27 st/s
    done(50): success=41 t_flicker=9
Ep 48700 | score  205.55 | avg100  186.16 | grasp100  84.0% | best 0.965 |     27 st/s
    done(50): success=43 t_flicker=7
Ep 48750 | score  203.65 | avg100  191.13 | grasp100  87.0% | best 0.965 |     27 st/s
    done(50): success=44 t_flicker=5 t_no_reach=1
Ep 48800 | score  206.12 | avg100  188.94 | grasp100  86.0% | best 0.965 |     27 st/s
    done(50): success=42 t_flicker=7 t_touched=1
Ep 48850 | score  206.71 | avg100  183.86 | grasp100  84.0% | best 0.965 |     27 st/s
    done(50): success=42 t_flicker=8
Ep 48900 | score  203.70 | avg100  189.40 | grasp100  87.0% | best 0.965 |     27 st/s
    done(50): success=45 t_flicker=5
Ep 48950 | score  204.19 | avg100  200.97 | grasp100  95.0% | best 0.965 |     27 st/s
    done(50): success=50
Ep 49000 | score  201.82 | avg100  203.39 | grasp100  98.0% | best 0.965 |     27 st/s
    done(50): success=48 t_flicker=2
Ep 49050 | score  243.01 | avg100  193.77 | grasp100  91.0% | best 0.965 |     27 st/s
    done(50): success=43 t_flicker=7
Ep 49100 | score  208.30 | avg100  185.05 | grasp100  85.0% | best 0.965 |     27 st/s
    done(50): success=42 t_flicker=8
Ep 49150 | score  204.05 | avg100  188.11 | grasp100  87.0% | best 0.965 |     27 st/s
    done(50): success=45 t_flicker=5
Ep 49200 | score  204.72 | avg100  197.90 | grasp100  92.0% | best 0.965 |     27 st/s
    done(50): success=47 t_flicker=3
Ep 49250 | score  204.23 | avg100  205.88 | grasp100  97.0% | best 0.965 |     27 st/s
    done(50): success=50
Ep 49300 | score   58.21 | avg100  205.80 | grasp100  97.0% | best 0.965 |     27 st/s
    done(50): success=47 t_flicker=3
Ep 49350 | score  205.40 | avg100  199.42 | grasp100  93.0% | best 0.965 |     27 st/s
    done(50): success=46 t_flicker=4
Ep 49400 | score  207.26 | avg100  199.38 | grasp100  94.0% | best 0.965 |     27 st/s
    done(50): success=48 t_flicker=2
Ep 49450 | score  218.12 | avg100  198.29 | grasp100  93.0% | best 0.965 |     27 st/s
    done(50): success=45 t_flicker=5
Ep 49500 | score   75.02 | avg100  191.71 | grasp100  88.0% | best 0.965 |     27 st/s
    done(50): success=43 t_flicker=7
Ep 49550 | score  251.33 | avg100  195.31 | grasp100  91.0% | best 0.965 |     27 st/s
    done(50): success=48 t_flicker=2
  [primacy-bias reset of critic heads @ 700000 updates]
Ep 49600 | score  206.13 | avg100  194.32 | grasp100  93.0% | best 0.965 |     27 st/s
    done(50): success=45 t_flicker=3 t_no_reach=2
Ep 49650 | score  -14.71 | avg100   96.54 | grasp100  49.0% | best 0.965 |     27 st/s
    done(50): success=4 t_flicker=4 t_touched=4 t_no_reach=38
Ep 49700 | score  207.25 | avg100   16.55 | grasp100  11.0% | best 0.965 |     27 st/s
    done(50): success=7 t_flicker=5 t_touched=9 t_no_reach=29
Ep 49750 | score  208.76 | avg100   54.82 | grasp100  25.0% | best 0.965 |     27 st/s
    done(50): success=18 t_flicker=12 t_touched=5 t_no_reach=15
Ep 49800 | score   80.83 | avg100   89.77 | grasp100  38.0% | best 0.965 |     27 st/s
    done(50): success=20 t_flicker=17 t_touched=6 t_no_reach=7
Ep 49850 | score   58.61 | avg100  109.77 | grasp100  44.0% | best 0.965 |     27 st/s
    done(50): success=24 t_flicker=20 t_touched=1 t_no_reach=5
Ep 49900 | score  208.22 | avg100  136.20 | grasp100  56.0% | best 0.965 |     27 st/s
    done(50): success=32 t_flicker=15 t_touched=3
Ep 49950 | score  206.19 | avg100  158.29 | grasp100  68.0% | best 0.965 |     27 st/s
    done(50): success=36 t_flicker=12 t_touched=1 t_no_reach=1
Ep 50000 | score   -6.81 | avg100  167.20 | grasp100  73.0% | best 0.965 |     27 st/s
    done(50): success=37 t_flicker=12 t_touched=1
Ep 50050 | score  216.15 | avg100  165.23 | grasp100  70.0% | best 0.965 |     27 st/s
    done(50): success=33 t_flicker=16 t_no_reach=1
Ep 50100 | score   57.68 | avg100  172.40 | grasp100  74.0% | best 0.965 |     27 st/s
    done(50): success=41 t_flicker=9
Ep 50150 | score  240.08 | avg100  180.38 | grasp100  80.0% | best 0.965 |     27 st/s
    done(50): success=39 t_flicker=10 t_no_reach=1
Ep 50200 | score  207.36 | avg100  178.76 | grasp100  76.0% | best 0.965 |     27 st/s
    done(50): success=37 t_flicker=12 t_touched=1
Ep 50250 | score  205.31 | avg100  182.84 | grasp100  80.0% | best 0.965 |     27 st/s
    done(50): success=43 t_flicker=7
Ep 50300 | score  205.88 | avg100  182.84 | grasp100  82.0% | best 0.965 |     27 st/s
    done(50): success=39 t_flicker=10 t_no_reach=1
Ep 50350 | score  215.61 | avg100  181.91 | grasp100  81.0% | best 0.965 |     27 st/s
    done(50): success=42 t_flicker=8
Ep 50400 | score  208.57 | avg100  186.49 | grasp100  85.0% | best 0.965 |     27 st/s
    done(50): success=43 t_flicker=7
Ep 50450 | score  207.14 | avg100  191.25 | grasp100  88.0% | best 0.965 |     27 st/s
    done(50): success=45 t_flicker=5
Ep 50500 | score  196.00 | avg100  196.54 | grasp100  91.0% | best 0.965 |     27 st/s
    done(50): success=46 t_flicker=4
Ep 50550 | score  223.73 | avg100  196.72 | grasp100  92.0% | best 0.965 |     27 st/s
    done(50): success=46 t_flicker=4
Ep 50600 | score  210.95 | avg100  194.66 | grasp100  91.0% | best 0.965 |     27 st/s
    done(50): success=45 t_flicker=5
Ep 50650 | score  204.13 | avg100  193.32 | grasp100  89.0% | best 0.965 |     27 st/s
    done(50): success=44 t_flicker=6
Ep 50700 | score  206.16 | avg100  199.32 | grasp100  93.0% | best 0.965 |     27 st/s
    done(50): success=49 t_flicker=1
Ep 50750 | score  211.23 | avg100  198.61 | grasp100  92.0% | best 0.965 |     27 st/s
    done(50): success=43 t_flicker=7
Ep 50800 | score  204.96 | avg100  193.60 | grasp100  88.0% | best 0.965 |     27 st/s
    done(50): success=45 t_flicker=5
Ep 50850 | score  108.00 | avg100  192.56 | grasp100  88.0% | best 0.965 |     27 st/s
    done(50): success=43 t_flicker=7
Ep 50900 | score  204.21 | avg100  194.31 | grasp100  90.0% | best 0.965 |     27 st/s
    done(50): success=47 t_flicker=3
Ep 50950 | score  204.10 | avg100  198.52 | grasp100  94.0% | best 0.965 |     27 st/s
    done(50): success=47 t_flicker=2 t_touched=1
Ep 51000 | score  201.89 | avg100  195.90 | grasp100  93.0% | best 0.965 |     27 st/s
    done(50): success=46 t_flicker=3 t_no_reach=1
Ep 51050 | score  200.77 | avg100  197.62 | grasp100  94.0% | best 0.965 |     27 st/s
    done(50): success=48 t_flicker=2
Ep 51100 | score  206.29 | avg100  199.38 | grasp100  94.0% | best 0.965 |     27 st/s
    done(50): success=46 t_flicker=4
Ep 51150 | score  206.53 | avg100  195.42 | grasp100  89.0% | best 0.965 |     27 st/s
    done(50): success=43 t_flicker=7
Ep 51200 | score  203.83 | avg100  194.84 | grasp100  89.0% | best 0.965 |     27 st/s
    done(50): success=46 t_flicker=3 t_no_reach=1
Ep 51250 | score  204.50 | avg100  194.76 | grasp100  91.0% | best 0.965 |     27 st/s
    done(50): success=45 t_flicker=3 t_touched=1 t_no_reach=1
Ep 51300 | score  205.84 | avg100  195.73 | grasp100  91.0% | best 0.965 |     27 st/s
    done(50): success=46 t_flicker=4
Ep 51350 | score  207.10 | avg100  191.30 | grasp100  88.0% | best 0.965 |     27 st/s
    done(50): success=42 t_flicker=8
Ep 51400 | score  206.32 | avg100  189.04 | grasp100  88.0% | best 0.965 |     27 st/s
    done(50): success=46 t_flicker=3 t_touched=1
Ep 51450 | score  208.12 | avg100  190.76 | grasp100  89.0% | best 0.965 |     27 st/s
    done(50): success=43 t_flicker=6 t_touched=1
  [primacy-bias reset of critic heads @ 725000 updates]
Ep 51500 | score  -10.69 | avg100  149.53 | grasp100  71.0% | best 0.965 |     27 st/s
    done(50): success=28 t_flicker=3 t_no_reach=19
Ep 51550 | score  180.85 | avg100   51.93 | grasp100  31.0% | best 0.965 |     27 st/s
    done(50): success=3 t_no_reach=47
Ep 51600 | score    3.81 | avg100   15.17 | grasp100  12.0% | best 0.965 |     27 st/s
    done(50): success=9 t_flicker=10 t_touched=7 t_no_reach=24
Ep 51650 | score  206.95 | avg100   72.12 | grasp100  32.0% | best 0.965 |     27 st/s
    done(50): success=23 t_flicker=14 t_touched=2 t_no_reach=11
Ep 51700 | score  204.98 | avg100  109.40 | grasp100  48.0% | best 0.965 |     27 st/s
    done(50): success=25 t_flicker=15 t_touched=4 t_no_reach=6
Ep 51750 | score    6.51 | avg100  126.48 | grasp100  56.0% | best 0.965 |     27 st/s
    done(50): success=31 t_flicker=12 t_touched=5 t_no_reach=2
Ep 51800 | score  205.42 | avg100  159.29 | grasp100  72.0% | best 0.965 |     27 st/s
    done(50): success=41 t_flicker=8 t_no_reach=1
Ep 51850 | score  208.05 | avg100  170.47 | grasp100  77.0% | best 0.965 |     27 st/s
    done(50): success=36 t_flicker=9 t_touched=5
Ep 51900 | score  206.93 | avg100  165.77 | grasp100  73.0% | best 0.965 |     27 st/s
    done(50): success=37 t_flicker=12 t_touched=1
Ep 51950 | score  205.29 | avg100  167.59 | grasp100  74.0% | best 0.965 |     27 st/s
    done(50): success=37 t_flicker=11 t_no_reach=2
Ep 52000 | score  205.95 | avg100  176.37 | grasp100  79.0% | best 0.965 |     27 st/s
    done(50): success=42 t_flicker=8
Ep 52050 | score  206.80 | avg100  192.47 | grasp100  88.0% | best 0.965 |     27 st/s
    done(50): success=46 t_flicker=4
Ep 52100 | score  205.38 | avg100  192.19 | grasp100  87.0% | best 0.965 |     27 st/s
    done(50): success=41 t_flicker=8 t_touched=1
Ep 52150 | score   81.54 | avg100  181.56 | grasp100  80.0% | best 0.965 |     27 st/s
    done(50): success=39 t_flicker=11
Ep 52200 | score  204.54 | avg100  178.13 | grasp100  79.0% | best 0.965 |     27 st/s
    done(50): success=40 t_flicker=9 t_no_reach=1
Ep 52250 | score  205.21 | avg100  182.23 | grasp100  81.0% | best 0.965 |     27 st/s
    done(50): success=41 t_flicker=9
Ep 52300 | score   57.21 | avg100  183.03 | grasp100  81.0% | best 0.965 |     27 st/s
    done(50): success=40 t_flicker=9 t_touched=1
Ep 52350 | score  204.28 | avg100  190.32 | grasp100  85.0% | best 0.965 |     27 st/s
    done(50): success=45 t_flicker=5
Ep 52400 | score  207.52 | avg100  195.58 | grasp100  89.0% | best 0.965 |     27 st/s
    done(50): success=44 t_flicker=6
Ep 52450 | score  204.63 | avg100  196.64 | grasp100  91.0% | best 0.965 |     27 st/s
    done(50): success=47 t_flicker=3
Ep 52500 | score  204.49 | avg100  201.40 | grasp100  93.0% | best 0.965 |     27 st/s
    done(50): success=46 t_flicker=4
Ep 52550 | score  207.57 | avg100  192.80 | grasp100  88.0% | best 0.965 |     27 st/s
    done(50): success=42 t_flicker=8
Ep 52600 | score  205.94 | avg100  189.28 | grasp100  86.0% | best 0.965 |     27 st/s
    done(50): success=44 t_flicker=6
Ep 52650 | score  210.75 | avg100  193.23 | grasp100  88.0% | best 0.965 |     27 st/s
    done(50): success=44 t_flicker=6
Ep 52700 | score  200.20 | avg100  198.73 | grasp100  92.0% | best 0.965 |     27 st/s
    done(50): success=48 t_flicker=2
Ep 52750 | score  205.42 | avg100  202.02 | grasp100  95.0% | best 0.965 |     27 st/s
    done(50): success=47 t_flicker=3
Ep 52800 | score   56.07 | avg100  197.18 | grasp100  92.0% | best 0.965 |     27 st/s
    done(50): success=45 t_flicker=5
Ep 52850 | score   57.98 | avg100  190.18 | grasp100  86.0% | best 0.965 |     27 st/s
    done(50): success=41 t_flicker=9
Ep 52900 | score  208.48 | avg100  185.80 | grasp100  83.0% | best 0.965 |     27 st/s
    done(50): success=42 t_flicker=6 t_no_reach=2
Ep 52950 | score  219.55 | avg100  189.34 | grasp100  86.0% | best 0.965 |     27 st/s
    done(50): success=44 t_flicker=5 t_touched=1
Ep 53000 | score   55.27 | avg100  196.97 | grasp100  91.0% | best 0.965 |     27 st/s
    done(50): success=47 t_flicker=3
Ep 53050 | score   64.28 | avg100  201.59 | grasp100  94.0% | best 0.965 |     27 st/s
    done(50): success=47 t_flicker=3
Ep 53100 | score  216.07 | avg100  200.81 | grasp100  94.0% | best 0.965 |     27 st/s
    done(50): success=47 t_flicker=2 t_touched=1
Ep 53150 | score  204.32 | avg100  203.06 | grasp100  96.0% | best 0.965 |     27 st/s
    done(50): success=49 t_flicker=1
Ep 53200 | score  206.66 | avg100  195.61 | grasp100  91.0% | best 0.965 |     27 st/s
    done(50): success=42 t_flicker=8
Ep 53250 | score  203.96 | avg100  189.52 | grasp100  86.0% | best 0.965 |     27 st/s
    done(50): success=44 t_flicker=6
Ep 53300 | score  207.14 | avg100  193.50 | grasp100  90.0% | best 0.965 |     27 st/s
    done(50): success=46 t_flicker=2 t_touched=1 t_no_reach=1
Ep 53350 | score  208.06 | avg100  198.73 | grasp100  95.0% | best 0.965 |     27 st/s
    done(50): success=49 t_flicker=1
  [primacy-bias reset of critic heads @ 750000 updates]
Ep 53400 | score  -22.58 | avg100  133.80 | grasp100  67.0% | best 0.965 |     27 st/s
    done(50): success=18 t_flicker=1 t_touched=1 t_no_reach=30
Ep 53450 | score  -12.28 | avg100   30.05 | grasp100  20.0% | best 0.965 |     27 st/s
    done(50): success=2 t_flicker=4 t_touched=4 t_no_reach=40
Ep 53500 | score  207.21 | avg100    7.93 | grasp100   7.0% | best 0.965 |     27 st/s
    done(50): success=5 t_flicker=10 t_touched=6 t_no_reach=29
Ep 53550 | score  207.61 | avg100   62.36 | grasp100  29.0% | best 0.965 |     27 st/s
    done(50): success=24 t_flicker=11 t_touched=4 t_no_reach=11
Ep 53600 | score  208.47 | avg100  113.67 | grasp100  51.0% | best 0.965 |     27 st/s
    done(50): success=27 t_flicker=15 t_touched=4 t_no_reach=4
Ep 53650 | score  207.58 | avg100  138.71 | grasp100  61.0% | best 0.965 |     27 st/s
    done(50): success=34 t_flicker=14 t_touched=1 t_no_reach=1
Ep 53700 | score  203.47 | avg100  167.59 | grasp100  75.0% | best 0.965 |     27 st/s
    done(50): success=41 t_flicker=5 t_touched=3 t_no_reach=1
Ep 53750 | score  205.63 | avg100  182.88 | grasp100  83.0% | best 0.965 |     27 st/s
    done(50): success=42 t_flicker=7 t_touched=1
Ep 53800 | score  204.50 | avg100  182.83 | grasp100  84.0% | best 0.965 |     27 st/s
    done(50): success=42 t_flicker=3 t_touched=4 t_no_reach=1
Ep 53850 | score  204.67 | avg100  184.95 | grasp100  85.0% | best 0.965 |     27 st/s
    done(50): success=43 t_flicker=7
Ep 53900 | score   56.48 | avg100  184.72 | grasp100  83.0% | best 0.965 |     27 st/s
    done(50): success=40 t_flicker=9 t_touched=1
Ep 53950 | score  204.27 | avg100  179.63 | grasp100  82.0% | best 0.965 |     27 st/s
    done(50): success=42 t_flicker=6 t_touched=2
Ep 54000 | score  206.71 | avg100  187.69 | grasp100  86.0% | best 0.965 |     27 st/s
    done(50): success=44 t_flicker=6
Ep 54050 | score  101.82 | avg100  192.46 | grasp100  86.0% | best 0.965 |     27 st/s
    done(50): success=42 t_flicker=8
Ep 54100 | score  210.16 | avg100  191.39 | grasp100  86.0% | best 0.965 |     27 st/s
    done(50): success=44 t_flicker=5 t_touched=1
Ep 54150 | score  205.08 | avg100  188.10 | grasp100  85.0% | best 0.965 |     27 st/s
    done(50): success=41 t_flicker=8 t_touched=1
Ep 54200 | score  204.22 | avg100  187.35 | grasp100  84.0% | best 0.965 |     27 st/s
    done(50): success=43 t_flicker=7
Ep 54250 | score  205.73 | avg100  192.98 | grasp100  87.0% | best 0.965 |     27 st/s
    done(50): success=44 t_flicker=6
Ep 54300 | score   55.37 | avg100  187.30 | grasp100  84.0% | best 0.965 |     27 st/s
    done(50): success=40 t_flicker=10
Ep 54350 | score  204.25 | avg100  185.69 | grasp100  85.0% | best 0.965 |     27 st/s
    done(50): success=45 t_flicker=4 t_touched=1
Ep 54400 | score   30.80 | avg100  186.25 | grasp100  85.0% | best 0.965 |     27 st/s
    done(50): success=40 t_flicker=9 t_touched=1
Ep 54450 | score  238.38 | avg100  186.55 | grasp100  84.0% | best 0.965 |     27 st/s
    done(50): success=44 t_flicker=6
Ep 54500 | score  204.73 | avg100  197.11 | grasp100  90.0% | best 0.965 |     27 st/s
    done(50): success=46 t_flicker=4
Ep 54550 | score  239.58 | avg100  202.95 | grasp100  93.0% | best 0.965 |     27 st/s
    done(50): success=47 t_flicker=3
Ep 54600 | score  205.73 | avg100  194.85 | grasp100  90.0% | best 0.965 |     27 st/s
    done(50): success=43 t_flicker=7
Ep 54650 | score  207.07 | avg100  190.14 | grasp100  88.0% | best 0.965 |     27 st/s
    done(50): success=45 t_flicker=5
Ep 54700 | score  206.92 | avg100  194.02 | grasp100  90.0% | best 0.965 |     27 st/s
    done(50): success=45 t_flicker=5
Ep 54750 | score  218.94 | avg100  189.64 | grasp100  87.0% | best 0.965 |     27 st/s
    done(50): success=42 t_flicker=7 t_no_reach=1
Ep 54800 | score  194.35 | avg100  195.04 | grasp100  91.0% | best 0.965 |     27 st/s
    done(50): success=49 t_flicker=1
Ep 54850 | score  205.74 | avg100  199.81 | grasp100  94.0% | best 0.965 |     27 st/s
    done(50): success=45 t_flicker=5
Ep 54900 | score  205.56 | avg100  192.72 | grasp100  90.0% | best 0.965 |     27 st/s
    done(50): success=45 t_flicker=4 t_touched=1
Ep 54950 | score  205.39 | avg100  189.22 | grasp100  88.0% | best 0.965 |     27 st/s
    done(50): success=43 t_flicker=7
Ep 55000 | score  205.39 | avg100  191.68 | grasp100  88.0% | best 0.965 |     27 st/s
    done(50): success=45 t_flicker=4 t_no_reach=1

========================================================================
DONE  td3_ln_cereal_basewarm_s0
  Episodes     : 55000
  Env steps    : 1,930,000  (71569s)
  Best metric  : 0.965  (policy in /home/fahim/Thesis_fahim/pickandplace/checkpoints/td3_grasp_rand_td3_ln_cereal_basewarm_s0/best)
  Final grasp% : 88.0
  CSV          : /home/fahim/Thesis_fahim/pickandplace/logs/grasp_rand_td3_ln_cereal_basewarm_s0/episodes.csv
  Probe CSV    : /home/fahim/Thesis_fahim/pickandplace/logs/grasp_rand_td3_ln_cereal_basewarm_s0/probe.csv
  Manifest     : /home/fahim/Thesis_fahim/pickandplace/logs/grasp_rand_td3_ln_cereal_basewarm_s0/manifest.json
========================================================================

