========================================================================
RANDOM-SPAWN GRASP RETRAINING  |  algo=td3_ln  run=td3_ln_cereal_alignwarm_s2
========================================================================
  Envs                : 5 (subprocess-parallel, fork)
  Spawn level         : 2.0 (1.0 = full position box, 2.0 = + z-rotation)
  Updates/vec-step    : 2 (0.400 per env-step; historical baseline 0.5)
  Buffer              : 2,000,000
  Actor               : 64 -> 32  (5,216 weights)  [critics 512->256]
  Warm start          : checkpoints/td3_grasp_rand_td3_ln_c2m512_s1/best
  Checkpoints         : /home/fahim/Thesis_fahim/pickandplace/checkpoints/td3_grasp_rand_td3_ln_cereal_alignwarm_s2
========================================================================

Spawning 5 subprocess environments (fork)...
[robosuite WARNING] No private macro file found! (__init__.py:7)
[robosuite WARNING] It is recommended to use a private macro file (__init__.py:8)
[robosuite WARNING] To setup, run: python /home/fahim/Thesis_fahim/venv/lib/python3.12/site-packages/robosuite/scripts/setup_macros.py (__init__.py:9)
[robosuite WARNING] No private macro file found! (__init__.py:7)
[robosuite WARNING] It is recommended to use a private macro file (__init__.py:8)
[robosuite WARNING] To setup, run: python /home/fahim/Thesis_fahim/venv/lib/python3.12/site-packages/robosuite/scripts/setup_macros.py (__init__.py:9)
[robosuite WARNING] No private macro file found! (__init__.py:7)
[robosuite WARNING] It is recommended to use a private macro file (__init__.py:8)
[robosuite WARNING] To setup, run: python /home/fahim/Thesis_fahim/venv/lib/python3.12/site-packages/robosuite/scripts/setup_macros.py (__init__.py:9)
[robosuite WARNING] No private macro file found! (__init__.py:7)
[robosuite WARNING] It is recommended to use a private macro file (__init__.py:8)
[robosuite WARNING] To setup, run: python /home/fahim/Thesis_fahim/venv/lib/python3.12/site-packages/robosuite/scripts/setup_macros.py (__init__.py:9)
[robosuite WARNING] No private macro file found! (__init__.py:7)
[robosuite WARNING] It is recommended to use a private macro file (__init__.py:8)
[robosuite WARNING] To setup, run: python /home/fahim/Thesis_fahim/venv/lib/python3.12/site-packages/robosuite/scripts/setup_macros.py (__init__.py:9)
Gym has been unmaintained since 2022 and does not support NumPy 2.0 amongst other critical functionality.
Please upgrade to Gymnasium, the maintained drop-in replacement of Gym, or contact the authors of your software and request that they upgrade.
See the migration guide at https://gymnasium.farama.org/introduction/migration_guide/ for additional information.
Gym has been unmaintained since 2022 and does not support NumPy 2.0 amongst other critical functionality.
Please upgrade to Gymnasium, the maintained drop-in replacement of Gym, or contact the authors of your software and request that they upgrade.
See the migration guide at https://gymnasium.farama.org/introduction/migration_guide/ for additional information.
Gym has been unmaintained since 2022 and does not support NumPy 2.0 amongst other critical functionality.
Please upgrade to Gymnasium, the maintained drop-in replacement of Gym, or contact the authors of your software and request that they upgrade.
See the migration guide at https://gymnasium.farama.org/introduction/migration_guide/ for additional information.
Gym has been unmaintained since 2022 and does not support NumPy 2.0 amongst other critical functionality.
Please upgrade to Gymnasium, the maintained drop-in replacement of Gym, or contact the authors of your software and request that they upgrade.
See the migration guide at https://gymnasium.farama.org/introduction/migration_guide/ for additional information.
Gym has been unmaintained since 2022 and does not support NumPy 2.0 amongst other critical functionality.
Please upgrade to Gymnasium, the maintained drop-in replacement of Gym, or contact the authors of your software and request that they upgrade.
See the migration guide at https://gymnasium.farama.org/introduction/migration_guide/ for additional information.
/home/fahim/Thesis_fahim/venv/lib/python3.12/site-packages/gym/spaces/box.py:84: UserWarning: [33mWARN: Box bound precision lowered by casting to float32[0m
  logger.warn(f"Box bound precision lowered by casting to {self.dtype}")
/home/fahim/Thesis_fahim/venv/lib/python3.12/site-packages/gym/spaces/box.py:84: UserWarning: [33mWARN: Box bound precision lowered by casting to float32[0m
  logger.warn(f"Box bound precision lowered by casting to {self.dtype}")
Gym has been unmaintained since 2022 and does not support NumPy 2.0 amongst other critical functionality.
Please upgrade to Gymnasium, the maintained drop-in replacement of Gym, or contact the authors of your software and request that they upgrade.
See the migration guide at https://gymnasium.farama.org/introduction/migration_guide/ for additional information.
5 environments ready.

/home/fahim/Thesis_fahim/venv/lib/python3.12/site-packages/gym/spaces/box.py:84: UserWarning: [33mWARN: Box bound precision lowered by casting to float32[0m
  logger.warn(f"Box bound precision lowered by casting to {self.dtype}")
/home/fahim/Thesis_fahim/venv/lib/python3.12/site-packages/gym/spaces/box.py:84: UserWarning: [33mWARN: Box bound precision lowered by casting to float32[0m
  logger.warn(f"Box bound precision lowered by casting to {self.dtype}")
/home/fahim/Thesis_fahim/venv/lib/python3.12/site-packages/gym/spaces/box.py:84: UserWarning: [33mWARN: Box bound precision lowered by casting to float32[0m
  logger.warn(f"Box bound precision lowered by casting to {self.dtype}")
  Actor QAT           : per-tensor INT8 fake-quant, STE grads
  Actor weight clip   : |w| <= 8.0 * std(w) per Linear tensor (bi_s0 baseline fc1 9.96 / fc2 10.82)
Init: warm-started (actor only, critics fresh) (source: /home/fahim/Thesis_fahim/pickandplace/checkpoints/td3_grasp_rand_td3_ln_c2m512_s1/best)
Fresh replay buffer.

Training...

Ep    50 | score  -61.41 | avg100   -6.50 | grasp100   8.0% | best 0.000 |    127 st/s
    done(50): success=4 t_flicker=6 t_touched=18 t_no_reach=22
Ep   100 | score  -79.79 | avg100  -31.63 | grasp100   6.0% | best 0.000 |     54 st/s
    done(50): success=2 t_touched=5 t_no_reach=43
Ep   150 | score  -26.66 | avg100  -63.38 | grasp100   2.0% | best 0.000 |     44 st/s
    done(50): t_flicker=2 t_no_reach=48
Ep   200 | * BEST  level200=2.00 grasp200=  3.0% metric=0.030 | score  -70.55
Ep   250 | score   30.46 | avg100  -48.58 | grasp100   0.0% | best 0.030 |     39 st/s
    done(50): t_flicker=4 t_touched=3 t_no_reach=43
Ep   300 | score  -50.87 | avg100  -39.41 | grasp100   0.0% | best 0.030 |     38 st/s
    done(50): t_flicker=2 t_touched=4 t_no_reach=44
Ep   350 | score  -36.58 | avg100  -37.19 | grasp100   1.0% | best 0.030 |     37 st/s
    done(50): success=1 t_flicker=2 t_touched=9 t_no_reach=38
  [primacy-bias reset of critic heads @ 25000 updates]
Ep   400 | score  -79.81 | avg100  -49.74 | grasp100   1.0% | best 0.030 |     36 st/s
    done(50): t_flicker=2 t_touched=7 t_no_reach=41
Ep   450 | score  -79.82 | avg100  -70.95 | grasp100   0.0% | best 0.030 |     36 st/s
    done(50): t_no_reach=50
Ep   500 | score  -63.53 | avg100  -78.14 | grasp100   0.0% | best 0.030 |     36 st/s
    done(50): t_no_reach=50
Ep   550 | score  -53.49 | avg100  -68.25 | grasp100   1.0% | best 0.030 |     35 st/s
    done(50): success=1 t_touched=2 t_no_reach=47
Ep   600 | score  -63.32 | avg100  -51.63 | grasp100   2.0% | best 0.030 |     35 st/s
    done(50): success=1 t_flicker=1 t_touched=5 t_no_reach=43
Ep   650 | score  -57.66 | avg100  -43.00 | grasp100   1.0% | best 0.030 |     35 st/s
    done(50): t_flicker=2 t_touched=1 t_no_reach=47
  [primacy-bias reset of critic heads @ 50000 updates]
Ep   700 | score  -68.74 | avg100  -47.27 | grasp100   0.0% | best 0.030 |     35 st/s
    done(50): t_touched=5 t_no_reach=45
Ep   750 | score  -33.49 | avg100  -58.10 | grasp100   0.0% | best 0.030 |     35 st/s
    done(50): t_flicker=1 t_touched=3 t_no_reach=46
Ep   800 | score  -39.90 | avg100  -55.33 | grasp100   0.0% | best 0.030 |     34 st/s
    done(50): t_flicker=4 t_touched=6 t_no_reach=40
Ep   850 | score  -50.81 | avg100  -44.12 | grasp100   0.0% | best 0.030 |     34 st/s
    done(50): t_flicker=4 t_touched=8 t_no_reach=38
Ep   900 | score  -42.63 | avg100  -32.69 | grasp100   1.0% | best 0.030 |     34 st/s
    done(50): success=1 t_flicker=7 t_touched=9 t_no_reach=33
Ep   950 | score   23.69 | avg100  -26.84 | grasp100   1.0% | best 0.030 |     34 st/s
    done(50): t_flicker=7 t_touched=12 t_no_reach=31
  [primacy-bias reset of critic heads @ 75000 updates]
Ep  1000 | score  -53.79 | avg100  -27.47 | grasp100   0.0% | best 0.030 |     34 st/s
    done(50): t_flicker=7 t_touched=12 t_no_reach=31
Ep  1050 | score  -79.30 | avg100  -41.90 | grasp100   0.0% | best 0.030 |     34 st/s
    done(50): t_touched=5 t_no_reach=45
Ep  1100 | score   19.43 | avg100  -55.69 | grasp100   0.0% | best 0.030 |     34 st/s
    done(50): t_flicker=4 t_touched=4 t_no_reach=42
Ep  1150 | score  -19.50 | avg100  -32.18 | grasp100   0.0% | best 0.030 |     34 st/s
    done(50): t_flicker=13 t_touched=9 t_no_reach=28
Ep  1200 | score  -12.71 | avg100   -1.65 | grasp100   1.0% | best 0.030 |     34 st/s
    done(50): success=1 t_flicker=21 t_touched=9 t_no_reach=19
Ep  1250 | score   57.38 | avg100   13.51 | grasp100   1.0% | best 0.030 |     34 st/s
    done(50): t_flicker=22 t_touched=5 t_no_reach=23
Ep  1300 | score   11.51 | avg100    7.75 | grasp100   1.0% | best 0.030 |     34 st/s
    done(50): success=1 t_flicker=17 t_touched=17 t_no_reach=15
  [primacy-bias reset of critic heads @ 100000 updates]
Ep  1350 | score  -48.27 | avg100   -6.26 | grasp100   1.0% | best 0.030 |     34 st/s
    done(50): t_flicker=9 t_touched=13 t_no_reach=28
Ep  1400 | score    3.22 | avg100  -18.60 | grasp100   0.0% | best 0.030 |     34 st/s
    done(50): t_flicker=6 t_touched=10 t_no_reach=34
Ep  1450 | score   73.89 | avg100    1.38 | grasp100   1.0% | best 0.030 |     34 st/s
    done(50): success=1 t_flicker=20 t_touched=19 t_no_reach=10
Ep  1500 | score  -17.63 | avg100   38.75 | grasp100   4.0% | best 0.030 |     34 st/s
    done(50): success=3 t_flicker=26 t_touched=11 t_no_reach=10
Ep  1550 | score  -35.46 | avg100   46.60 | grasp100   4.0% | best 0.030 |     33 st/s
    done(50): success=1 t_flicker=24 t_touched=17 t_no_reach=8
Ep  1600 | score  -24.67 | avg100   40.68 | grasp100   2.0% | best 0.030 |     33 st/s
    done(50): success=1 t_flicker=23 t_touched=17 t_no_reach=9
Ep  1629 | * BEST  level200=2.00 grasp200=  4.5% metric=0.045 | score  202.43
Ep  1650 | score    1.48 | avg100   39.82 | grasp100   6.0% | best 0.045 |     33 st/s
    done(50): success=5 t_flicker=15 t_touched=17 t_no_reach=13
Ep  1664 | * BEST  level200=2.00 grasp200=  6.0% metric=0.060 | score  230.00
Ep  1676 | * BEST  level200=2.00 grasp200=  7.0% metric=0.070 | score  172.66
  [primacy-bias reset of critic heads @ 125000 updates]
Ep  1700 | score    0.71 | avg100   49.12 | grasp100  10.0% | best 0.070 |     33 st/s
    done(50): success=5 t_flicker=21 t_touched=10 t_no_reach=14
Ep  1750 | score  -11.24 | avg100   40.22 | grasp100   9.0% | best 0.070 |     33 st/s
    done(50): success=4 t_flicker=14 t_touched=15 t_no_reach=17
Ep  1789 | * BEST  level200=2.00 grasp200=  8.5% metric=0.085 | score  205.82
Ep  1800 | score   -4.72 | avg100   31.95 | grasp100   8.0% | best 0.085 |     33 st/s
    done(50): success=4 t_flicker=18 t_touched=14 t_no_reach=14
Ep  1850 | score  207.81 | avg100   30.21 | grasp100   8.0% | best 0.085 |     33 st/s
    done(50): success=4 t_flicker=14 t_touched=16 t_no_reach=16
Ep  1871 | * BEST  level200=2.00 grasp200= 10.0% metric=0.100 | score  198.04
Ep  1900 | score  -40.22 | avg100   45.74 | grasp100  11.0% | best 0.100 |     33 st/s
    done(50): success=7 t_flicker=25 t_touched=6 t_no_reach=12
Ep  1950 | score   -3.54 | avg100   51.80 | grasp100  10.0% | best 0.100 |     33 st/s
    done(50): success=3 t_flicker=21 t_touched=13 t_no_reach=13
Ep  2000 | score   31.21 | avg100   26.92 | grasp100   5.0% | best 0.100 |     33 st/s
    done(50): success=2 t_flicker=14 t_touched=15 t_no_reach=19
  [primacy-bias reset of critic heads @ 150000 updates]
Ep  2050 | score  -75.42 | avg100   14.92 | grasp100   4.0% | best 0.100 |     33 st/s
    done(50): success=2 t_flicker=13 t_touched=10 t_no_reach=25
Ep  2100 | score  -16.54 | avg100  -11.88 | grasp100   4.0% | best 0.100 |     33 st/s
    done(50): success=2 t_flicker=2 t_touched=7 t_no_reach=39
Ep  2150 | score   24.43 | avg100    7.68 | grasp100   2.0% | best 0.100 |     33 st/s
    done(50): t_flicker=17 t_touched=26 t_no_reach=7
Ep  2200 | score   29.27 | avg100   43.46 | grasp100   4.0% | best 0.100 |     33 st/s
    done(50): success=4 t_flicker=22 t_touched=16 t_no_reach=8
Ep  2250 | score   72.30 | avg100   39.27 | grasp100   7.0% | best 0.100 |     33 st/s
    done(50): success=3 t_flicker=18 t_touched=15 t_no_reach=14
Ep  2300 | score   80.30 | avg100   49.22 | grasp100   8.0% | best 0.100 |     33 st/s
    done(50): success=5 t_flicker=19 t_touched=20 t_no_reach=6
Ep  2350 | score  -15.66 | avg100   47.01 | grasp100  10.0% | best 0.100 |     33 st/s
    done(50): success=5 t_flicker=18 t_touched=13 t_no_reach=14
Ep  2400 | score  -56.35 | avg100   52.12 | grasp100  11.0% | best 0.100 |     33 st/s
    done(50): success=6 t_flicker=22 t_touched=14 t_no_reach=8
  [primacy-bias reset of critic heads @ 175000 updates]
Ep  2450 | score   66.32 | avg100   40.12 | grasp100   8.0% | best 0.100 |     33 st/s
    done(50): success=2 t_flicker=21 t_touched=11 t_no_reach=16
Ep  2500 | score  130.53 | avg100   24.49 | grasp100   5.0% | best 0.100 |     33 st/s
    done(50): success=3 t_flicker=21 t_touched=13 t_no_reach=13
Ep  2550 | score  -41.10 | avg100   38.92 | grasp100   7.0% | best 0.100 |     33 st/s
    done(50): success=4 t_flicker=22 t_touched=16 t_no_reach=8
Ep  2600 | score   61.32 | avg100   56.56 | grasp100  13.0% | best 0.100 |     33 st/s
    done(50): success=9 t_flicker=19 t_touched=17 t_no_reach=5
Ep  2650 | score   80.38 | avg100   62.53 | grasp100  11.0% | best 0.100 |     33 st/s
    done(50): success=2 t_flicker=28 t_touched=12 t_no_reach=8
Ep  2681 | * BEST  level200=2.00 grasp200= 11.5% metric=0.115 | score  200.00
Ep  2687 | * BEST  level200=2.00 grasp200= 13.0% metric=0.130 | score  207.88
Ep  2700 | score  -46.63 | avg100   67.54 | grasp100  14.0% | best 0.130 |     33 st/s
    done(50): success=12 t_flicker=24 t_touched=9 t_no_reach=5
Ep  2719 | * BEST  level200=2.00 grasp200= 14.5% metric=0.145 | score  223.71
Ep  2750 | score   77.46 | avg100   65.68 | grasp100  16.0% | best 0.145 |     33 st/s
    done(50): success=4 t_flicker=21 t_touched=19 t_no_reach=6
  [primacy-bias reset of critic heads @ 200000 updates]
Ep  2800 | score  -73.58 | avg100   54.68 | grasp100  12.0% | best 0.145 |     33 st/s
    done(50): success=8 t_flicker=17 t_touched=16 t_no_reach=9
Ep  2850 | score   78.19 | avg100   32.70 | grasp100   8.0% | best 0.145 |     33 st/s
    done(50): t_flicker=12 t_touched=16 t_no_reach=22
Ep  2900 | score  100.81 | avg100   27.48 | grasp100   2.0% | best 0.145 |     33 st/s
    done(50): success=2 t_flicker=28 t_touched=11 t_no_reach=9
Ep  2950 | score   77.51 | avg100   56.24 | grasp100   7.0% | best 0.145 |     33 st/s
    done(50): success=5 t_flicker=28 t_touched=14 t_no_reach=3
Ep  3000 | score  119.62 | avg100   65.22 | grasp100  12.0% | best 0.145 |     33 st/s
    done(50): success=7 t_flicker=19 t_touched=21 t_no_reach=3
Ep  3050 | score  193.52 | avg100   72.55 | grasp100  12.0% | best 0.145 |     33 st/s
    done(50): success=5 t_flicker=23 t_touched=17 t_no_reach=5
Ep  3100 | score  199.76 | avg100   78.60 | grasp100  11.0% | best 0.145 |     33 st/s
    done(50): success=6 t_flicker=25 t_touched=14 t_no_reach=5
Ep  3150 | score  156.53 | avg100   76.50 | grasp100  14.0% | best 0.145 |     33 st/s
    done(50): success=8 t_flicker=24 t_touched=13 t_no_reach=5
  [primacy-bias reset of critic heads @ 225000 updates]
Ep  3200 | score  107.90 | avg100   70.23 | grasp100  17.0% | best 0.145 |     33 st/s
    done(50): success=9 t_flicker=17 t_touched=13 t_no_reach=11
Ep  3250 | score   21.71 | avg100   64.21 | grasp100  15.0% | best 0.145 |     33 st/s
    done(50): success=6 t_flicker=24 t_touched=14 t_no_reach=6
Ep  3300 | score  104.30 | avg100   66.29 | grasp100   9.0% | best 0.145 |     33 st/s
    done(50): success=3 t_flicker=32 t_touched=13 t_no_reach=2
Ep  3350 | score  114.08 | avg100   68.52 | grasp100   8.0% | best 0.145 |     33 st/s
    done(50): success=5 t_flicker=22 t_touched=15 t_no_reach=8
Ep  3400 | score   41.97 | avg100   65.00 | grasp100   9.0% | best 0.145 |     33 st/s
    done(50): success=4 t_flicker=24 t_touched=20 t_no_reach=2
Ep  3450 | score  124.26 | avg100   82.16 | grasp100  17.0% | best 0.145 |     33 st/s
    done(50): success=13 t_flicker=22 t_touched=15
Ep  3500 | score  -71.45 | avg100   90.71 | grasp100  21.0% | best 0.145 |     33 st/s
    done(50): success=8 t_flicker=26 t_touched=15 t_no_reach=1
Ep  3526 | * BEST  level200=2.00 grasp200= 16.0% metric=0.160 | score  168.86
Ep  3542 | * BEST  level200=2.00 grasp200= 17.5% metric=0.175 | score  208.76
Ep  3550 | score   67.62 | avg100   85.35 | grasp100  17.0% | best 0.175 |     33 st/s
    done(50): success=9 t_flicker=32 t_touched=7 t_no_reach=2
Ep  3600 | score   21.24 | avg100   88.98 | grasp100  14.0% | best 0.175 |     33 st/s
    done(50): success=5 t_flicker=30 t_touched=13 t_no_reach=2
  [primacy-bias reset of critic heads @ 250000 updates]
Ep  3650 | score    3.22 | avg100   67.52 | grasp100   9.0% | best 0.175 |     33 st/s
    done(50): success=4 t_flicker=23 t_touched=11 t_no_reach=12
Ep  3700 | score   98.73 | avg100   55.32 | grasp100   9.0% | best 0.175 |     33 st/s
    done(50): success=5 t_flicker=26 t_touched=14 t_no_reach=5
Ep  3750 | score  -65.74 | avg100   67.22 | grasp100  11.0% | best 0.175 |     33 st/s
    done(50): success=6 t_flicker=31 t_touched=12 t_no_reach=1
Ep  3800 | score   93.34 | avg100   81.89 | grasp100  16.0% | best 0.175 |     33 st/s
    done(50): success=10 t_flicker=28 t_touched=10 t_no_reach=2
Ep  3850 | score  182.58 | avg100   93.90 | grasp100  19.0% | best 0.175 |     33 st/s
    done(50): success=9 t_flicker=28 t_touched=12 t_no_reach=1
Ep  3900 | score  -23.00 | avg100   96.13 | grasp100  15.0% | best 0.175 |     33 st/s
    done(50): success=6 t_flicker=24 t_touched=18 t_no_reach=2
Ep  3944 | * BEST  level200=2.00 grasp200= 19.0% metric=0.190 | score  206.65
Ep  3950 | score   60.34 | avg100   96.97 | grasp100  18.0% | best 0.190 |     33 st/s
    done(50): success=12 t_flicker=21 t_touched=17
Ep  4000 | score   75.89 | avg100   95.99 | grasp100  22.0% | best 0.190 |     33 st/s
    done(50): success=10 t_flicker=24 t_touched=15 t_no_reach=1
  [primacy-bias reset of critic heads @ 275000 updates]
Ep  4050 | score   47.60 | avg100   84.57 | grasp100  16.0% | best 0.190 |     33 st/s
    done(50): success=6 t_flicker=24 t_touched=18 t_no_reach=2
Ep  4100 | score   70.11 | avg100   67.22 | grasp100   9.0% | best 0.190 |     33 st/s
    done(50): success=3 t_flicker=24 t_touched=16 t_no_reach=7
Ep  4150 | score  135.59 | avg100   54.75 | grasp100   6.0% | best 0.190 |     33 st/s
    done(50): success=3 t_flicker=32 t_touched=13 t_no_reach=2
Ep  4200 | score  207.76 | avg100   63.00 | grasp100  11.0% | best 0.190 |     33 st/s
    done(50): success=8 t_flicker=30 t_touched=9 t_no_reach=3
Ep  4250 | score  116.95 | avg100   85.62 | grasp100  16.0% | best 0.190 |     33 st/s
    done(50): success=8 t_flicker=31 t_touched=11
Ep  4300 | score  216.70 | avg100   91.01 | grasp100  20.0% | best 0.190 |     33 st/s
    done(50): success=12 t_flicker=25 t_touched=11 t_no_reach=2
Ep  4350 | score  -29.14 | avg100   87.22 | grasp100  19.0% | best 0.190 |     33 st/s
    done(50): success=7 t_flicker=25 t_touched=16 t_no_reach=2
Ep  4400 | score  118.23 | avg100   99.43 | grasp100  18.0% | best 0.190 |     33 st/s
    done(50): success=11 t_flicker=23 t_touched=14 t_no_reach=2
Ep  4423 | * BEST  level200=2.00 grasp200= 20.5% metric=0.205 | score  175.36
Ep  4450 | * BEST  level200=2.00 grasp200= 22.0% metric=0.220 | score  194.80
Ep  4488 | * BEST  level200=2.00 grasp200= 23.5% metric=0.235 | score  163.01
Ep  4500 | score   69.09 | avg100  108.01 | grasp100  28.0% | best 0.235 |     33 st/s
    done(50): success=14 t_flicker=27 t_touched=6 t_no_reach=3
  [primacy-bias reset of critic heads @ 300000 updates]
Ep  4550 | score  181.57 | avg100   93.48 | grasp100  19.0% | best 0.235 |     33 st/s
    done(50): success=5 t_flicker=23 t_touched=18 t_no_reach=4
Ep  4600 | score  -44.49 | avg100   87.77 | grasp100  21.0% | best 0.235 |     33 st/s
    done(50): success=16 t_flicker=25 t_touched=6 t_no_reach=3
Ep  4616 | * BEST  level200=2.00 grasp200= 25.0% metric=0.250 | score  189.10
Ep  4650 | score  -52.50 | avg100   89.03 | grasp100  23.0% | best 0.250 |     33 st/s
    done(50): success=7 t_flicker=29 t_touched=13 t_no_reach=1
Ep  4700 | score  172.62 | avg100   88.20 | grasp100  19.0% | best 0.250 |     33 st/s
    done(50): success=12 t_flicker=25 t_touched=12 t_no_reach=1
Ep  4748 | * BEST  level200=2.00 grasp200= 26.5% metric=0.265 | score  181.12
Ep  4750 | score    8.49 | avg100  106.69 | grasp100  30.0% | best 0.265 |     33 st/s
    done(50): success=18 t_flicker=25 t_touched=6 t_no_reach=1
Ep  4800 | score  183.06 | avg100  106.30 | grasp100  31.0% | best 0.265 |     33 st/s
    done(50): success=13 t_flicker=26 t_touched=10 t_no_reach=1
Ep  4850 | score   77.59 | avg100  101.14 | grasp100  24.0% | best 0.265 |     33 st/s
    done(50): success=11 t_flicker=27 t_touched=10 t_no_reach=2
Ep  4858 | * BEST  level200=2.00 grasp200= 28.0% metric=0.280 | score  206.10
Ep  4900 | score   55.62 | avg100  105.68 | grasp100  25.0% | best 0.280 |     33 st/s
    done(50): success=14 t_flicker=19 t_touched=15 t_no_reach=2
Ep  4905 | * BEST  level200=2.00 grasp200= 29.5% metric=0.295 | score  227.02
Ep  4950 | score  177.60 | avg100  116.48 | grasp100  31.0% | best 0.295 |     33 st/s
    done(50): success=17 t_flicker=19 t_touched=13 t_no_reach=1
Ep  4975 | * BEST  level200=2.00 grasp200= 31.0% metric=0.310 | score  129.12
Ep  5000 | score   46.98 | avg100  118.66 | grasp100  35.0% | best 0.310 |     33 st/s
    done(50): success=18 t_flicker=17 t_touched=13 t_no_reach=2
  [primacy-bias reset of critic heads @ 325000 updates]
Ep  5050 | score   80.02 | avg100   95.48 | grasp100  25.0% | best 0.310 |     33 st/s
    done(50): success=7 t_flicker=19 t_touched=21 t_no_reach=3
Ep  5100 | score   47.69 | avg100   76.87 | grasp100  14.0% | best 0.310 |     33 st/s
    done(50): success=7 t_flicker=26 t_touched=16 t_no_reach=1
Ep  5150 | score   84.60 | avg100   67.80 | grasp100  13.0% | best 0.310 |     33 st/s
    done(50): success=6 t_flicker=33 t_touched=10 t_no_reach=1
Ep  5200 | score  170.51 | avg100   76.20 | grasp100  19.0% | best 0.310 |     33 st/s
    done(50): success=13 t_flicker=17 t_touched=18 t_no_reach=2
Ep  5250 | score  144.24 | avg100   95.50 | grasp100  30.0% | best 0.310 |     33 st/s
    done(50): success=17 t_flicker=18 t_touched=13 t_no_reach=2
Ep  5300 | score  154.63 | avg100   90.95 | grasp100  27.0% | best 0.310 |     33 st/s
    done(50): success=10 t_flicker=24 t_touched=12 t_no_reach=4
Ep  5350 | score    6.60 | avg100   91.32 | grasp100  22.0% | best 0.310 |     33 st/s
    done(50): success=12 t_flicker=24 t_touched=10 t_no_reach=4
Ep  5400 | score   32.83 | avg100  107.56 | grasp100  27.0% | best 0.310 |     33 st/s
    done(50): success=15 t_flicker=19 t_touched=15 t_no_reach=1
Ep  5450 | score   73.68 | avg100  110.06 | grasp100  32.0% | best 0.310 |     33 st/s
    done(50): success=17 t_flicker=18 t_touched=14 t_no_reach=1
  [primacy-bias reset of critic heads @ 350000 updates]
Ep  5500 | score  -18.29 | avg100   94.46 | grasp100  27.0% | best 0.310 |     33 st/s
    done(50): success=10 t_flicker=19 t_touched=14 t_no_reach=7
Ep  5550 | score  -43.44 | avg100   49.57 | grasp100  11.0% | best 0.310 |     33 st/s
    done(50): success=1 t_flicker=18 t_touched=27 t_no_reach=4
Ep  5600 | score  202.29 | avg100   50.37 | grasp100   9.0% | best 0.310 |     33 st/s
    done(50): success=8 t_flicker=27 t_touched=12 t_no_reach=3
Ep  5650 | score  -69.25 | avg100   88.77 | grasp100  23.0% | best 0.310 |     33 st/s
    done(50): success=15 t_flicker=25 t_touched=9 t_no_reach=1
Ep  5700 | score  109.37 | avg100   97.99 | grasp100  30.0% | best 0.310 |     33 st/s
    done(50): success=15 t_flicker=16 t_touched=17 t_no_reach=2
Ep  5750 | score  194.43 | avg100  105.72 | grasp100  26.0% | best 0.310 |     33 st/s
    done(50): success=11 t_flicker=24 t_touched=12 t_no_reach=3
Ep  5800 | score  189.99 | avg100  115.14 | grasp100  30.0% | best 0.310 |     33 st/s
    done(50): success=19 t_flicker=20 t_touched=10 t_no_reach=1
Ep  5850 | score   61.77 | avg100  115.22 | grasp100  32.0% | best 0.310 |     33 st/s
    done(50): success=13 t_flicker=24 t_touched=11 t_no_reach=2
Ep  5900 | score   30.80 | avg100  103.98 | grasp100  25.0% | best 0.310 |     33 st/s
    done(50): success=12 t_flicker=21 t_touched=15 t_no_reach=2
Ep  5947 | * BEST  level200=2.00 grasp200= 32.5% metric=0.325 | score  162.43
Ep  5950 | score  170.87 | avg100  111.57 | grasp100  32.0% | best 0.325 |     33 st/s
    done(50): success=20 t_flicker=16 t_touched=12 t_no_reach=2
  [primacy-bias reset of critic heads @ 375000 updates]
Ep  6000 | score  -55.74 | avg100   96.19 | grasp100  27.0% | best 0.325 |     33 st/s
    done(50): success=7 t_flicker=23 t_touched=12 t_no_reach=8
Ep  6050 | score  210.80 | avg100   67.12 | grasp100  14.0% | best 0.325 |     33 st/s
    done(50): success=7 t_flicker=21 t_touched=15 t_no_reach=7
Ep  6100 | score    1.15 | avg100   80.58 | grasp100  18.0% | best 0.325 |     33 st/s
    done(50): success=11 t_flicker=26 t_touched=12 t_no_reach=1
Ep  6150 | score   76.40 | avg100   98.30 | grasp100  25.0% | best 0.325 |     33 st/s
    done(50): success=14 t_flicker=24 t_touched=11 t_no_reach=1
Ep  6200 | score   69.72 | avg100  107.65 | grasp100  28.0% | best 0.325 |     33 st/s
    done(50): success=14 t_flicker=23 t_touched=12 t_no_reach=1
Ep  6250 | score  207.37 | avg100  121.45 | grasp100  37.0% | best 0.325 |     33 st/s
    done(50): success=23 t_flicker=20 t_touched=5 t_no_reach=2
Ep  6272 | * BEST  level200=2.00 grasp200= 34.0% metric=0.340 | score  204.56
Ep  6286 | * BEST  level200=2.00 grasp200= 35.5% metric=0.355 | score  181.07
Ep  6300 | score  160.69 | avg100  121.48 | grasp100  44.0% | best 0.355 |     33 st/s
    done(50): success=21 t_flicker=24 t_touched=5
Ep  6307 | * BEST  level200=2.00 grasp200= 37.0% metric=0.370 | score  190.69
Ep  6318 | * BEST  level200=2.00 grasp200= 38.5% metric=0.385 | score  204.10
Ep  6347 | * BEST  level200=2.00 grasp200= 40.0% metric=0.400 | score  158.63
Ep  6350 | score   73.18 | avg100  116.45 | grasp100  42.0% | best 0.400 |     33 st/s
    done(50): success=21 t_flicker=23 t_touched=5 t_no_reach=1
Ep  6389 | * BEST  level200=2.00 grasp200= 41.5% metric=0.415 | score  182.83
Ep  6394 | * BEST  level200=2.00 grasp200= 43.0% metric=0.430 | score  189.82
Ep  6400 | * BEST  level200=2.00 grasp200= 44.5% metric=0.445 | score  201.83
Ep  6443 | * BEST  level200=2.00 grasp200= 46.0% metric=0.460 | score  172.74
Ep  6450 | score    9.99 | avg100  127.72 | grasp100  48.0% | best 0.460 |     33 st/s
    done(50): success=24 t_flicker=18 t_touched=6 t_no_reach=2
Ep  6500 | score  200.51 | avg100  124.06 | grasp100  44.0% | best 0.460 |     33 st/s
    done(50): success=20 t_flicker=18 t_touched=9 t_no_reach=3
  [primacy-bias reset of critic heads @ 400000 updates]
Ep  6550 | score  -53.26 | avg100   83.62 | grasp100  26.0% | best 0.460 |     33 st/s
    done(50): success=6 t_flicker=21 t_touched=17 t_no_reach=6
Ep  6600 | score  161.37 | avg100   68.89 | grasp100  18.0% | best 0.460 |     33 st/s
    done(50): success=12 t_flicker=22 t_touched=14 t_no_reach=2
Ep  6650 | score   65.75 | avg100   89.58 | grasp100  25.0% | best 0.460 |     33 st/s
    done(50): success=13 t_flicker=25 t_touched=8 t_no_reach=4
Ep  6700 | score   66.11 | avg100   95.27 | grasp100  29.0% | best 0.460 |     33 st/s
    done(50): success=16 t_flicker=23 t_touched=10 t_no_reach=1
Ep  6750 | score  200.73 | avg100  107.97 | grasp100  36.0% | best 0.460 |     33 st/s
    done(50): success=20 t_flicker=21 t_touched=8 t_no_reach=1
Ep  6800 | score   43.69 | avg100  126.19 | grasp100  46.0% | best 0.460 |     33 st/s
    done(50): success=26 t_flicker=19 t_touched=4 t_no_reach=1
Ep  6850 | score  200.54 | avg100  131.67 | grasp100  51.0% | best 0.460 |     33 st/s
    done(50): success=25 t_flicker=18 t_touched=7
Ep  6899 | * BEST  level200=2.00 grasp200= 47.5% metric=0.475 | score  168.73
Ep  6900 | score   97.77 | avg100  125.55 | grasp100  49.0% | best 0.475 |     33 st/s
    done(50): success=24 t_flicker=16 t_touched=9 t_no_reach=1
Ep  6918 | * BEST  level200=2.00 grasp200= 49.0% metric=0.490 | score  192.24
Ep  6950 | score   55.93 | avg100  119.61 | grasp100  42.0% | best 0.490 |     33 st/s
    done(50): success=18 t_flicker=23 t_touched=8 t_no_reach=1
Ep  7000 | score   90.26 | avg100  115.32 | grasp100  38.0% | best 0.490 |     33 st/s
    done(50): success=20 t_flicker=28 t_touched=1 t_no_reach=1
Ep  7050 | score  226.33 | avg100  116.13 | grasp100  40.0% | best 0.490 |     32 st/s
    done(50): success=20 t_flicker=17 t_touched=11 t_no_reach=2
  [primacy-bias reset of critic heads @ 425000 updates]
Ep  7100 | score  103.77 | avg100  116.86 | grasp100  37.0% | best 0.490 |     32 st/s
    done(50): success=17 t_flicker=22 t_touched=11
Ep  7150 | score  110.81 | avg100   86.96 | grasp100  19.0% | best 0.490 |     32 st/s
    done(50): success=2 t_flicker=35 t_touched=12 t_no_reach=1
Ep  7200 | score  107.79 | avg100   65.10 | grasp100  14.0% | best 0.490 |     32 st/s
    done(50): success=12 t_flicker=21 t_touched=14 t_no_reach=3
Ep  7250 | score  190.11 | avg100   87.95 | grasp100  29.0% | best 0.490 |     32 st/s
    done(50): success=17 t_flicker=26 t_touched=3 t_no_reach=4
Ep  7300 | score  114.08 | avg100  117.67 | grasp100  42.0% | best 0.490 |     32 st/s
    done(50): success=25 t_flicker=18 t_touched=6 t_no_reach=1
Ep  7350 | score  134.92 | avg100  135.42 | grasp100  49.0% | best 0.490 |     32 st/s
    done(50): success=24 t_flicker=19 t_touched=7
Ep  7400 | score  185.43 | avg100  130.17 | grasp100  44.0% | best 0.490 |     32 st/s
    done(50): success=20 t_flicker=22 t_touched=6 t_no_reach=2
Ep  7450 | score   90.43 | avg100  120.66 | grasp100  41.0% | best 0.490 |     32 st/s
    done(50): success=21 t_flicker=20 t_touched=8 t_no_reach=1
Ep  7500 | score  105.16 | avg100  116.95 | grasp100  43.0% | best 0.490 |     32 st/s
    done(50): success=22 t_flicker=15 t_touched=10 t_no_reach=3
Ep  7550 | score  169.18 | avg100  121.71 | grasp100  48.0% | best 0.490 |     32 st/s
    done(50): success=26 t_flicker=19 t_touched=3 t_no_reach=2
Ep  7600 | score  183.67 | avg100  130.24 | grasp100  52.0% | best 0.490 |     32 st/s
    done(50): success=26 t_flicker=16 t_touched=5 t_no_reach=3
Ep  7650 | score  151.09 | avg100  128.59 | grasp100  49.0% | best 0.490 |     32 st/s
    done(50): success=23 t_flicker=19 t_touched=7 t_no_reach=1
Ep  7660 | * BEST  level200=2.00 grasp200= 50.5% metric=0.505 | score  201.73
Ep  7668 | * BEST  level200=2.00 grasp200= 52.0% metric=0.520 | score  185.37
Ep  7700 | score   79.07 | avg100  136.30 | grasp100  54.0% | best 0.520 |     32 st/s
    done(50): success=31 t_flicker=13 t_touched=6
Ep  7709 | * BEST  level200=2.00 grasp200= 53.5% metric=0.535 | score  154.57
  [primacy-bias reset of critic heads @ 450000 updates]
Ep  7750 | score  -71.65 | avg100  117.05 | grasp100  46.0% | best 0.535 |     32 st/s
    done(50): success=15 t_flicker=23 t_touched=8 t_no_reach=4
Ep  7800 | score  145.54 | avg100   89.66 | grasp100  29.0% | best 0.535 |     32 st/s
    done(50): success=14 t_flicker=26 t_touched=7 t_no_reach=3
Ep  7850 | score   63.96 | avg100   88.22 | grasp100  26.0% | best 0.535 |     32 st/s
    done(50): success=12 t_flicker=30 t_touched=7 t_no_reach=1
Ep  7900 | score  192.70 | avg100   93.43 | grasp100  30.0% | best 0.535 |     32 st/s
    done(50): success=18 t_flicker=21 t_touched=9 t_no_reach=2
Ep  7950 | score   57.99 | avg100  107.82 | grasp100  41.0% | best 0.535 |     32 st/s
    done(50): success=23 t_flicker=21 t_touched=5 t_no_reach=1
Ep  8000 | score  161.54 | avg100  124.06 | grasp100  53.0% | best 0.535 |     32 st/s
    done(50): success=30 t_flicker=13 t_touched=6 t_no_reach=1
Ep  8050 | score  121.94 | avg100  130.43 | grasp100  56.0% | best 0.535 |     32 st/s
    done(50): success=26 t_flicker=17 t_touched=6 t_no_reach=1
Ep  8100 | score  231.00 | avg100  129.45 | grasp100  52.0% | best 0.535 |     32 st/s
    done(50): success=26 t_flicker=19 t_touched=4 t_no_reach=1
Ep  8113 | * BEST  level200=2.00 grasp200= 55.0% metric=0.550 | score  201.29
Ep  8150 | score  167.23 | avg100  136.46 | grasp100  52.0% | best 0.550 |     32 st/s
    done(50): success=26 t_flicker=18 t_touched=5 t_no_reach=1
Ep  8200 | score  186.90 | avg100  142.97 | grasp100  54.0% | best 0.550 |     32 st/s
    done(50): success=28 t_flicker=19 t_touched=3
Ep  8250 | score  151.33 | avg100  138.05 | grasp100  56.0% | best 0.550 |     32 st/s
    done(50): success=28 t_flicker=20 t_touched=1 t_no_reach=1
Ep  8300 | score  164.15 | avg100  134.85 | grasp100  58.0% | best 0.550 |     32 st/s
    done(50): success=30 t_flicker=16 t_touched=4
Ep  8335 | * BEST  level200=2.00 grasp200= 56.5% metric=0.565 | score  175.82
Ep  8350 | score   83.20 | avg100  134.80 | grasp100  54.0% | best 0.565 |     32 st/s
    done(50): success=24 t_flicker=16 t_touched=8 t_no_reach=2
Ep  8400 | score  188.71 | avg100  128.56 | grasp100  50.0% | best 0.565 |     32 st/s
    done(50): success=26 t_flicker=21 t_touched=3
  [primacy-bias reset of critic heads @ 475000 updates]
Ep  8450 | score  -38.02 | avg100  116.62 | grasp100  43.0% | best 0.565 |     32 st/s
    done(50): success=17 t_flicker=18 t_touched=13 t_no_reach=2
Ep  8500 | score   83.40 | avg100   96.84 | grasp100  27.0% | best 0.565 |     32 st/s
    done(50): success=10 t_flicker=28 t_touched=11 t_no_reach=1
Ep  8550 | score  185.39 | avg100  104.26 | grasp100  33.0% | best 0.565 |     32 st/s
    done(50): success=23 t_flicker=22 t_touched=4 t_no_reach=1
Ep  8600 | score  -51.12 | avg100  123.58 | grasp100  48.0% | best 0.565 |     32 st/s
    done(50): success=25 t_flicker=18 t_touched=7
Ep  8650 | score  177.97 | avg100  135.36 | grasp100  53.0% | best 0.565 |     32 st/s
    done(50): success=28 t_flicker=16 t_touched=5 t_no_reach=1
Ep  8700 | score   35.70 | avg100  134.04 | grasp100  51.0% | best 0.565 |     32 st/s
    done(50): success=23 t_flicker=23 t_touched=3 t_no_reach=1
Ep  8750 | score   62.54 | avg100  134.15 | grasp100  54.0% | best 0.565 |     32 st/s
    done(50): success=31 t_flicker=16 t_touched=1 t_no_reach=2
Ep  8800 | score  199.14 | avg100  142.26 | grasp100  59.0% | best 0.565 |     32 st/s
    done(50): success=28 t_flicker=21 t_touched=1
Ep  8850 | score   90.00 | avg100  135.08 | grasp100  54.0% | best 0.565 |     32 st/s
    done(50): success=26 t_flicker=20 t_touched=4
Ep  8900 | score   58.56 | avg100  133.13 | grasp100  53.0% | best 0.565 |     32 st/s
    done(50): success=27 t_flicker=20 t_touched=3
Ep  8911 | * BEST  level200=2.00 grasp200= 58.0% metric=0.580 | score  193.47
Ep  8950 | score  200.51 | avg100  142.63 | grasp100  60.0% | best 0.580 |     32 st/s
    done(50): success=33 t_flicker=11 t_touched=5 t_no_reach=1
Ep  9000 | score  199.24 | avg100  135.00 | grasp100  56.0% | best 0.580 |     32 st/s
    done(50): success=23 t_flicker=18 t_touched=5 t_no_reach=4
Ep  9050 | score  211.81 | avg100  128.57 | grasp100  51.0% | best 0.580 |     32 st/s
    done(50): success=28 t_flicker=18 t_touched=2 t_no_reach=2
Ep  9100 | score    9.61 | avg100  137.98 | grasp100  55.0% | best 0.580 |     32 st/s
    done(50): success=27 t_flicker=16 t_touched=6 t_no_reach=1
  [primacy-bias reset of critic heads @ 500000 updates]
Ep  9150 | score   12.53 | avg100  123.89 | grasp100  45.0% | best 0.580 |     32 st/s
    done(50): success=18 t_flicker=20 t_touched=8 t_no_reach=4
Ep  9200 | score   55.73 | avg100   97.60 | grasp100  28.0% | best 0.580 |     32 st/s
    done(50): success=10 t_flicker=20 t_touched=16 t_no_reach=4
Ep  9250 | score  -57.45 | avg100   94.72 | grasp100  24.0% | best 0.580 |     32 st/s
    done(50): success=14 t_flicker=23 t_touched=11 t_no_reach=2
Ep  9300 | score  179.20 | avg100  114.41 | grasp100  40.0% | best 0.580 |     32 st/s
    done(50): success=26 t_flicker=20 t_touched=4
Ep  9350 | score   50.99 | avg100  123.36 | grasp100  47.0% | best 0.580 |     32 st/s
    done(50): success=21 t_flicker=21 t_touched=7 t_no_reach=1
Ep  9400 | score  187.80 | avg100  121.32 | grasp100  48.0% | best 0.580 |     32 st/s
    done(50): success=27 t_flicker=19 t_touched=2 t_no_reach=2
Ep  9450 | score  172.57 | avg100  132.12 | grasp100  53.0% | best 0.580 |     32 st/s
    done(50): success=26 t_flicker=18 t_touched=5 t_no_reach=1
Ep  9500 | score  161.57 | avg100  136.27 | grasp100  53.0% | best 0.580 |     32 st/s
    done(50): success=27 t_flicker=18 t_touched=3 t_no_reach=2
Ep  9550 | score  172.52 | avg100  135.59 | grasp100  58.0% | best 0.580 |     32 st/s
    done(50): success=31 t_flicker=16 t_touched=2 t_no_reach=1
Ep  9600 | score  205.43 | avg100  136.64 | grasp100  55.0% | best 0.580 |     32 st/s
    done(50): success=24 t_flicker=19 t_touched=5 t_no_reach=2
Ep  9650 | score  193.11 | avg100  137.64 | grasp100  54.0% | best 0.580 |     32 st/s
    done(50): success=30 t_flicker=18 t_touched=2
Ep  9669 | * BEST  level200=2.00 grasp200= 59.5% metric=0.595 | score  190.19
Ep  9700 | score  -22.53 | avg100  138.89 | grasp100  58.0% | best 0.595 |     32 st/s
    done(50): success=28 t_flicker=17 t_touched=5
Ep  9750 | score  198.31 | avg100  130.03 | grasp100  52.0% | best 0.595 |     32 st/s
    done(50): success=24 t_flicker=20 t_touched=4 t_no_reach=2
Ep  9800 | score   61.71 | avg100  132.45 | grasp100  53.0% | best 0.595 |     32 st/s
    done(50): success=29 t_flicker=16 t_touched=5
Ep  9850 | score  123.08 | avg100  141.25 | grasp100  58.0% | best 0.595 |     32 st/s
    done(50): success=29 t_flicker=16 t_touched=5
  [primacy-bias reset of critic heads @ 525000 updates]
Ep  9900 | score   16.10 | avg100  132.70 | grasp100  54.0% | best 0.595 |     32 st/s
    done(50): success=25 t_flicker=16 t_touched=6 t_no_reach=3
Ep  9950 | score   96.60 | avg100   93.60 | grasp100  31.0% | best 0.595 |     32 st/s
    done(50): success=6 t_flicker=23 t_touched=14 t_no_reach=7
Ep 10000 | score   54.51 | avg100   88.56 | grasp100  25.0% | best 0.595 |     32 st/s
    done(50): success=19 t_flicker=25 t_touched=6
Ep 10050 | score   70.76 | avg100  124.27 | grasp100  47.0% | best 0.595 |     32 st/s
    done(50): success=28 t_flicker=20 t_touched=2
Ep 10100 | score  124.53 | avg100  133.20 | grasp100  55.0% | best 0.595 |     32 st/s
    done(50): success=27 t_flicker=19 t_touched=3 t_no_reach=1
Ep 10150 | score  173.36 | avg100  137.24 | grasp100  58.0% | best 0.595 |     32 st/s
    done(50): success=31 t_flicker=12 t_touched=7
Ep 10200 | score  163.59 | avg100  151.09 | grasp100  66.0% | best 0.595 |     32 st/s
    done(50): success=35 t_flicker=11 t_touched=4
Ep 10250 | score   34.53 | avg100  142.86 | grasp100  56.0% | best 0.595 |     32 st/s
    done(50): success=21 t_flicker=23 t_touched=4 t_no_reach=2
Ep 10300 | score   84.97 | avg100  121.94 | grasp100  44.0% | best 0.595 |     32 st/s
    done(50): success=23 t_flicker=20 t_touched=6 t_no_reach=1
Ep 10350 | score  124.24 | avg100  127.24 | grasp100  51.0% | best 0.595 |     32 st/s
    done(50): success=28 t_flicker=17 t_touched=5
Ep 10400 | score  176.84 | avg100  141.14 | grasp100  59.0% | best 0.595 |     32 st/s
    done(50): success=31 t_flicker=15 t_touched=3 t_no_reach=1
Ep 10450 | score  130.96 | avg100  144.51 | grasp100  60.0% | best 0.595 |     32 st/s
    done(50): success=29 t_flicker=13 t_touched=6 t_no_reach=2
Ep 10500 | score  173.03 | avg100  146.43 | grasp100  62.0% | best 0.595 |     32 st/s
    done(50): success=33 t_flicker=14 t_touched=2 t_no_reach=1
Ep 10503 | * BEST  level200=2.00 grasp200= 61.0% metric=0.610 | score  183.76
Ep 10550 | score  156.07 | avg100  140.02 | grasp100  64.0% | best 0.610 |     32 st/s
    done(50): success=31 t_flicker=13 t_touched=4 t_no_reach=2
Ep 10567 | * BEST  level200=2.00 grasp200= 62.5% metric=0.625 | score  202.27
Ep 10600 | score   44.39 | avg100  134.32 | grasp100  62.0% | best 0.625 |     32 st/s
    done(50): success=31 t_flicker=15 t_touched=3 t_no_reach=1
  [primacy-bias reset of critic heads @ 550000 updates]
Ep 10650 | score  -22.72 | avg100  114.42 | grasp100  47.0% | best 0.625 |     32 st/s
    done(50): success=16 t_flicker=19 t_touched=8 t_no_reach=7
Ep 10700 | score   78.78 | avg100   84.33 | grasp100  26.0% | best 0.625 |     32 st/s
    done(50): success=10 t_flicker=23 t_touched=13 t_no_reach=4
Ep 10750 | score  140.82 | avg100   88.68 | grasp100  26.0% | best 0.625 |     32 st/s
    done(50): success=16 t_flicker=22 t_touched=9 t_no_reach=3
Ep 10800 | score   17.28 | avg100  114.91 | grasp100  42.0% | best 0.625 |     32 st/s
    done(50): success=26 t_flicker=20 t_touched=4
Ep 10850 | score  184.54 | avg100  139.29 | grasp100  57.0% | best 0.625 |     32 st/s
    done(50): success=31 t_flicker=14 t_touched=5
Ep 10900 | score  109.64 | avg100  137.33 | grasp100  51.0% | best 0.625 |     32 st/s
    done(50): success=20 t_flicker=25 t_touched=5
Ep 10950 | score    4.43 | avg100  125.36 | grasp100  45.0% | best 0.625 |     32 st/s
    done(50): success=25 t_flicker=20 t_touched=4 t_no_reach=1
Ep 11000 | score  197.55 | avg100  132.47 | grasp100  50.0% | best 0.625 |     32 st/s
    done(50): success=25 t_flicker=21 t_touched=2 t_no_reach=2
Ep 11050 | score  179.19 | avg100  139.00 | grasp100  55.0% | best 0.625 |     32 st/s
    done(50): success=30 t_flicker=15 t_touched=5
Ep 11100 | score  176.77 | avg100  142.82 | grasp100  64.0% | best 0.625 |     32 st/s
    done(50): success=34 t_flicker=12 t_touched=4
Ep 11150 | score  188.43 | avg100  143.98 | grasp100  66.0% | best 0.625 |     32 st/s
    done(50): success=32 t_flicker=12 t_touched=5 t_no_reach=1
Ep 11188 | * BEST  level200=2.00 grasp200= 64.0% metric=0.640 | score  203.50
Ep 11200 | score   48.82 | avg100  145.61 | grasp100  65.0% | best 0.640 |     32 st/s
    done(50): success=33 t_flicker=15 t_touched=2
Ep 11250 | score   43.03 | avg100  146.11 | grasp100  60.0% | best 0.640 |     32 st/s
    done(50): success=27 t_flicker=19 t_touched=4
Ep 11300 | score  181.00 | avg100  141.99 | grasp100  62.0% | best 0.640 |     32 st/s
    done(50): success=35 t_flicker=9 t_touched=4 t_no_reach=2
Ep 11350 | score  171.50 | avg100  139.07 | grasp100  62.0% | best 0.640 |     32 st/s
    done(50): success=27 t_flicker=16 t_touched=7
  [primacy-bias reset of critic heads @ 575000 updates]
Ep 11400 | score  -32.11 | avg100  103.03 | grasp100  35.0% | best 0.640 |     32 st/s
    done(50): success=8 t_flicker=30 t_touched=9 t_no_reach=3
Ep 11450 | score  147.07 | avg100   80.03 | grasp100  25.0% | best 0.640 |     32 st/s
    done(50): success=17 t_flicker=20 t_touched=8 t_no_reach=5
Ep 11500 | score   61.13 | avg100  100.82 | grasp100  39.0% | best 0.640 |     32 st/s
    done(50): success=22 t_flicker=23 t_touched=3 t_no_reach=2
Ep 11550 | score   88.48 | avg100  111.47 | grasp100  48.0% | best 0.640 |     32 st/s
    done(50): success=26 t_flicker=21 t_touched=3
Ep 11600 | score   85.11 | avg100  117.52 | grasp100  53.0% | best 0.640 |     32 st/s
    done(50): success=27 t_flicker=19 t_touched=2 t_no_reach=2
Ep 11650 | score   72.58 | avg100  128.23 | grasp100  53.0% | best 0.640 |     32 st/s
    done(50): success=26 t_flicker=21 t_touched=3
Ep 11700 | score  160.40 | avg100  131.40 | grasp100  53.0% | best 0.640 |     32 st/s
    done(50): success=27 t_flicker=13 t_touched=8 t_no_reach=2
Ep 11750 | score  154.98 | avg100  138.94 | grasp100  58.0% | best 0.640 |     32 st/s
    done(50): success=31 t_flicker=16 t_touched=2 t_no_reach=1
Ep 11800 | score  120.85 | avg100  147.74 | grasp100  61.0% | best 0.640 |     32 st/s
    done(50): success=30 t_flicker=18 t_touched=2
Ep 11850 | score  193.97 | avg100  147.90 | grasp100  63.0% | best 0.640 |     32 st/s
    done(50): success=33 t_flicker=15 t_touched=2
Ep 11900 | score  194.00 | avg100  140.75 | grasp100  60.0% | best 0.640 |     32 st/s
    done(50): success=27 t_flicker=16 t_touched=5 t_no_reach=2
Ep 11950 | score   81.67 | avg100  137.29 | grasp100  54.0% | best 0.640 |     32 st/s
    done(50): success=27 t_flicker=20 t_touched=3
Ep 12000 | score  231.45 | avg100  140.11 | grasp100  54.0% | best 0.640 |     32 st/s
    done(50): success=27 t_flicker=17 t_touched=4 t_no_reach=2
Ep 12050 | score   57.23 | avg100  140.41 | grasp100  54.0% | best 0.640 |     32 st/s
    done(50): success=27 t_flicker=19 t_touched=4
Ep 12100 | score  180.98 | avg100  143.76 | grasp100  59.0% | best 0.640 |     32 st/s
    done(50): success=32 t_flicker=14 t_touched=4
  [primacy-bias reset of critic heads @ 600000 updates]
Ep 12150 | score  200.73 | avg100  128.12 | grasp100  52.0% | best 0.640 |     32 st/s
    done(50): success=20 t_flicker=21 t_touched=5 t_no_reach=4
Ep 12200 | score  179.57 | avg100   98.95 | grasp100  35.0% | best 0.640 |     32 st/s
    done(50): success=15 t_flicker=17 t_touched=16 t_no_reach=2
Ep 12250 | score  117.24 | avg100   94.90 | grasp100  34.0% | best 0.640 |     32 st/s
    done(50): success=19 t_flicker=26 t_touched=4 t_no_reach=1
Ep 12300 | score  207.25 | avg100  114.62 | grasp100  42.0% | best 0.640 |     32 st/s
    done(50): success=23 t_flicker=20 t_touched=4 t_no_reach=3
Ep 12350 | score   68.32 | avg100  133.97 | grasp100  54.0% | best 0.640 |     32 st/s
    done(50): success=31 t_flicker=15 t_touched=4
Ep 12400 | score  203.18 | avg100  134.87 | grasp100  57.0% | best 0.640 |     32 st/s
    done(50): success=26 t_flicker=21 t_touched=3
Ep 12450 | score  180.69 | avg100  131.35 | grasp100  55.0% | best 0.640 |     32 st/s
    done(50): success=29 t_flicker=18 t_touched=2 t_no_reach=1
Ep 12500 | score  207.34 | avg100  138.74 | grasp100  58.0% | best 0.640 |     32 st/s
    done(50): success=29 t_flicker=17 t_touched=4
Ep 12550 | score  189.67 | avg100  140.70 | grasp100  58.0% | best 0.640 |     32 st/s
    done(50): success=29 t_flicker=20 t_touched=1
Ep 12600 | score   61.71 | avg100  137.72 | grasp100  57.0% | best 0.640 |     32 st/s
    done(50): success=28 t_flicker=18 t_touched=4
Ep 12650 | score  243.03 | avg100  141.33 | grasp100  56.0% | best 0.640 |     32 st/s
    done(50): success=28 t_flicker=19 t_touched=3
Ep 12700 | score   97.01 | avg100  153.97 | grasp100  60.0% | best 0.640 |     32 st/s
    done(50): success=32 t_flicker=15 t_touched=3
Ep 12750 | score  118.47 | avg100  155.74 | grasp100  65.0% | best 0.640 |     32 st/s
    done(50): success=33 t_flicker=12 t_touched=5
Ep 12800 | score  -49.16 | avg100  141.04 | grasp100  62.0% | best 0.640 |     32 st/s
    done(50): success=29 t_flicker=17 t_touched=3 t_no_reach=1
Ep 12820 | * BEST  level200=2.00 grasp200= 65.5% metric=0.655 | score  204.51
Ep 12850 | score  169.69 | avg100  142.25 | grasp100  61.0% | best 0.655 |     32 st/s
    done(50): success=32 t_flicker=18
Ep 12900 | score   81.07 | avg100  149.00 | grasp100  65.0% | best 0.655 |     32 st/s
    done(50): success=33 t_flicker=12 t_touched=5
  [primacy-bias reset of critic heads @ 625000 updates]
Ep 12950 | score  -78.60 | avg100  139.80 | grasp100  62.0% | best 0.655 |     32 st/s
    done(50): success=29 t_flicker=13 t_touched=6 t_no_reach=2
========================================================================
RANDOM-SPAWN GRASP RETRAINING  |  algo=td3_ln  run=td3_ln_cereal_alignwarm_s2
========================================================================
  Envs                : 5 (subprocess-parallel, fork)
  Spawn level         : 2.0 (1.0 = full position box, 2.0 = + z-rotation)
  Updates/vec-step    : 2 (0.400 per env-step; historical baseline 0.5)
  Buffer              : 2,000,000
  Actor               : 64 -> 32  (5,216 weights)  [critics 512->256]
  Warm start          : checkpoints/td3_grasp_rand_td3_ln_c2m512_s1/best
  Checkpoints         : /home/fahim/Thesis_fahim/pickandplace/checkpoints/td3_grasp_rand_td3_ln_cereal_alignwarm_s2
========================================================================

Spawning 5 subprocess environments (fork)...
[robosuite WARNING] No private macro file found! (__init__.py:7)
[robosuite WARNING] It is recommended to use a private macro file (__init__.py:8)
[robosuite WARNING] To setup, run: python /home/fahim/Thesis_fahim/venv/lib/python3.12/site-packages/robosuite/scripts/setup_macros.py (__init__.py:9)
[robosuite WARNING] No private macro file found! (__init__.py:7)
[robosuite WARNING] It is recommended to use a private macro file (__init__.py:8)
[robosuite WARNING] No private macro file found! (__init__.py:7)
[robosuite WARNING] To setup, run: python /home/fahim/Thesis_fahim/venv/lib/python3.12/site-packages/robosuite/scripts/setup_macros.py (__init__.py:9)
[robosuite WARNING] It is recommended to use a private macro file (__init__.py:8)
[robosuite WARNING] No private macro file found! (__init__.py:7)
[robosuite WARNING] To setup, run: python /home/fahim/Thesis_fahim/venv/lib/python3.12/site-packages/robosuite/scripts/setup_macros.py (__init__.py:9)
[robosuite WARNING] No private macro file found! (__init__.py:7)
[robosuite WARNING] It is recommended to use a private macro file (__init__.py:8)
[robosuite WARNING] To setup, run: python /home/fahim/Thesis_fahim/venv/lib/python3.12/site-packages/robosuite/scripts/setup_macros.py (__init__.py:9)
[robosuite WARNING] It is recommended to use a private macro file (__init__.py:8)
[robosuite WARNING] To setup, run: python /home/fahim/Thesis_fahim/venv/lib/python3.12/site-packages/robosuite/scripts/setup_macros.py (__init__.py:9)
Gym has been unmaintained since 2022 and does not support NumPy 2.0 amongst other critical functionality.
Please upgrade to Gymnasium, the maintained drop-in replacement of Gym, or contact the authors of your software and request that they upgrade.
See the migration guide at https://gymnasium.farama.org/introduction/migration_guide/ for additional information.
Gym has been unmaintained since 2022 and does not support NumPy 2.0 amongst other critical functionality.
Please upgrade to Gymnasium, the maintained drop-in replacement of Gym, or contact the authors of your software and request that they upgrade.
See the migration guide at https://gymnasium.farama.org/introduction/migration_guide/ for additional information.
Gym has been unmaintained since 2022 and does not support NumPy 2.0 amongst other critical functionality.
Please upgrade to Gymnasium, the maintained drop-in replacement of Gym, or contact the authors of your software and request that they upgrade.
See the migration guide at https://gymnasium.farama.org/introduction/migration_guide/ for additional information.
Gym has been unmaintained since 2022 and does not support NumPy 2.0 amongst other critical functionality.
Please upgrade to Gymnasium, the maintained drop-in replacement of Gym, or contact the authors of your software and request that they upgrade.
See the migration guide at https://gymnasium.farama.org/introduction/migration_guide/ for additional information.
Gym has been unmaintained since 2022 and does not support NumPy 2.0 amongst other critical functionality.
Please upgrade to Gymnasium, the maintained drop-in replacement of Gym, or contact the authors of your software and request that they upgrade.
See the migration guide at https://gymnasium.farama.org/introduction/migration_guide/ for additional information.
/home/fahim/Thesis_fahim/venv/lib/python3.12/site-packages/gym/spaces/box.py:84: UserWarning: [33mWARN: Box bound precision lowered by casting to float32[0m
  logger.warn(f"Box bound precision lowered by casting to {self.dtype}")
/home/fahim/Thesis_fahim/venv/lib/python3.12/site-packages/gym/spaces/box.py:84: UserWarning: [33mWARN: Box bound precision lowered by casting to float32[0m
  logger.warn(f"Box bound precision lowered by casting to {self.dtype}")
/home/fahim/Thesis_fahim/venv/lib/python3.12/site-packages/gym/spaces/box.py:84: UserWarning: [33mWARN: Box bound precision lowered by casting to float32[0m
  logger.warn(f"Box bound precision lowered by casting to {self.dtype}")
/home/fahim/Thesis_fahim/venv/lib/python3.12/site-packages/gym/spaces/box.py:84: UserWarning: [33mWARN: Box bound precision lowered by casting to float32[0m
  logger.warn(f"Box bound precision lowered by casting to {self.dtype}")
/home/fahim/Thesis_fahim/venv/lib/python3.12/site-packages/gym/spaces/box.py:84: UserWarning: [33mWARN: Box bound precision lowered by casting to float32[0m
  logger.warn(f"Box bound precision lowered by casting to {self.dtype}")
Gym has been unmaintained since 2022 and does not support NumPy 2.0 amongst other critical functionality.
Please upgrade to Gymnasium, the maintained drop-in replacement of Gym, or contact the authors of your software and request that they upgrade.
See the migration guide at https://gymnasium.farama.org/introduction/migration_guide/ for additional information.
5 environments ready.

========================================================================
RANDOM-SPAWN GRASP RETRAINING  |  algo=td3_ln  run=td3_ln_cereal_alignwarm_s2
========================================================================
  Envs                : 5 (subprocess-parallel, fork)
  Spawn level         : 2.0 (1.0 = full position box, 2.0 = + z-rotation)
  Updates/vec-step    : 2 (0.400 per env-step; historical baseline 0.5)
  Buffer              : 2,000,000
  Actor               : 64 -> 32  (5,216 weights)  [critics 512->256]
  Warm start          : checkpoints/td3_grasp_rand_td3_ln_c2m512_s1/best
  Checkpoints         : /home/fahim/Thesis_fahim/pickandplace/checkpoints/td3_grasp_rand_td3_ln_cereal_alignwarm_s2
========================================================================

Spawning 5 subprocess environments (fork)...
[robosuite WARNING] No private macro file found! (__init__.py:7)
[robosuite WARNING] It is recommended to use a private macro file (__init__.py:8)
[robosuite WARNING] To setup, run: python /home/fahim/Thesis_fahim/venv/lib/python3.12/site-packages/robosuite/scripts/setup_macros.py (__init__.py:9)
[robosuite WARNING] No private macro file found! (__init__.py:7)
[robosuite WARNING] It is recommended to use a private macro file (__init__.py:8)
[robosuite WARNING] To setup, run: python /home/fahim/Thesis_fahim/venv/lib/python3.12/site-packages/robosuite/scripts/setup_macros.py (__init__.py:9)
[robosuite WARNING] No private macro file found! (__init__.py:7)
[robosuite WARNING] It is recommended to use a private macro file (__init__.py:8)
[robosuite WARNING] To setup, run: python /home/fahim/Thesis_fahim/venv/lib/python3.12/site-packages/robosuite/scripts/setup_macros.py (__init__.py:9)
[robosuite WARNING] No private macro file found! (__init__.py:7)
[robosuite WARNING] It is recommended to use a private macro file (__init__.py:8)
[robosuite WARNING] To setup, run: python /home/fahim/Thesis_fahim/venv/lib/python3.12/site-packages/robosuite/scripts/setup_macros.py (__init__.py:9)
[robosuite WARNING] No private macro file found! (__init__.py:7)
[robosuite WARNING] It is recommended to use a private macro file (__init__.py:8)
[robosuite WARNING] To setup, run: python /home/fahim/Thesis_fahim/venv/lib/python3.12/site-packages/robosuite/scripts/setup_macros.py (__init__.py:9)
Gym has been unmaintained since 2022 and does not support NumPy 2.0 amongst other critical functionality.
Please upgrade to Gymnasium, the maintained drop-in replacement of Gym, or contact the authors of your software and request that they upgrade.
See the migration guide at https://gymnasium.farama.org/introduction/migration_guide/ for additional information.
Gym has been unmaintained since 2022 and does not support NumPy 2.0 amongst other critical functionality.
Please upgrade to Gymnasium, the maintained drop-in replacement of Gym, or contact the authors of your software and request that they upgrade.
See the migration guide at https://gymnasium.farama.org/introduction/migration_guide/ for additional information.
Gym has been unmaintained since 2022 and does not support NumPy 2.0 amongst other critical functionality.
Please upgrade to Gymnasium, the maintained drop-in replacement of Gym, or contact the authors of your software and request that they upgrade.
See the migration guide at https://gymnasium.farama.org/introduction/migration_guide/ for additional information.
Gym has been unmaintained since 2022 and does not support NumPy 2.0 amongst other critical functionality.
Please upgrade to Gymnasium, the maintained drop-in replacement of Gym, or contact the authors of your software and request that they upgrade.
See the migration guide at https://gymnasium.farama.org/introduction/migration_guide/ for additional information.
Gym has been unmaintained since 2022 and does not support NumPy 2.0 amongst other critical functionality.
Please upgrade to Gymnasium, the maintained drop-in replacement of Gym, or contact the authors of your software and request that they upgrade.
See the migration guide at https://gymnasium.farama.org/introduction/migration_guide/ for additional information.
/home/fahim/Thesis_fahim/venv/lib/python3.12/site-packages/gym/spaces/box.py:84: UserWarning: [33mWARN: Box bound precision lowered by casting to float32[0m
  logger.warn(f"Box bound precision lowered by casting to {self.dtype}")
/home/fahim/Thesis_fahim/venv/lib/python3.12/site-packages/gym/spaces/box.py:84: UserWarning: [33mWARN: Box bound precision lowered by casting to float32[0m
  logger.warn(f"Box bound precision lowered by casting to {self.dtype}")
/home/fahim/Thesis_fahim/venv/lib/python3.12/site-packages/gym/spaces/box.py:84: UserWarning: [33mWARN: Box bound precision lowered by casting to float32[0m
  logger.warn(f"Box bound precision lowered by casting to {self.dtype}")
/home/fahim/Thesis_fahim/venv/lib/python3.12/site-packages/gym/spaces/box.py:84: UserWarning: [33mWARN: Box bound precision lowered by casting to float32[0m
  logger.warn(f"Box bound precision lowered by casting to {self.dtype}")
/home/fahim/Thesis_fahim/venv/lib/python3.12/site-packages/gym/spaces/box.py:84: UserWarning: [33mWARN: Box bound precision lowered by casting to float32[0m
  logger.warn(f"Box bound precision lowered by casting to {self.dtype}")
Gym has been unmaintained since 2022 and does not support NumPy 2.0 amongst other critical functionality.
Please upgrade to Gymnasium, the maintained drop-in replacement of Gym, or contact the authors of your software and request that they upgrade.
See the migration guide at https://gymnasium.farama.org/introduction/migration_guide/ for additional information.
5 environments ready.

  Actor QAT           : per-tensor INT8 fake-quant, STE grads
  Actor weight clip   : |w| <= 8.0 * std(w) per Linear tensor (bi_s0 baseline fc1 9.96 / fc2 10.82)
Init: resumed (source: /home/fahim/Thesis_fahim/pickandplace/checkpoints/td3_grasp_rand_td3_ln_c2m512_s1/best)
Resumed replay buffer (1,542,102 transitions).

Training...

Ep    50 | score  126.14 | avg100  134.40 | grasp100  48.0% | best 0.000 |     36 st/s
    done(50): success=24 t_flicker=25 t_touched=1
Ep   100 | score  209.33 | avg100  136.95 | grasp100  52.0% | best 0.000 |     33 st/s
    done(50): success=28 t_flicker=20 t_touched=2
Ep   150 | score   74.18 | avg100  142.70 | grasp100  60.0% | best 0.000 |     32 st/s
    done(50): success=32 t_flicker=13 t_touched=4 t_no_reach=1
Ep   200 | * BEST  level200=2.00 grasp200= 58.5% metric=0.585 | score  202.48
Ep   236 | * BEST  level200=2.00 grasp200= 60.0% metric=0.600 | score  207.24
Ep   250 | score  151.42 | avg100  158.62 | grasp100  60.0% | best 0.600 |     32 st/s
    done(50): success=27 t_flicker=22 t_touched=1
Ep   266 | * BEST  level200=2.00 grasp200= 61.5% metric=0.615 | score  191.39
Ep   291 | * BEST  level200=2.00 grasp200= 63.0% metric=0.630 | score  188.27
Ep   300 | score  112.98 | avg100  147.90 | grasp100  57.0% | best 0.630 |     31 st/s
    done(50): success=30 t_flicker=14 t_touched=6
Ep   350 | score  185.83 | avg100  149.77 | grasp100  61.0% | best 0.630 |     32 st/s
    done(50): success=31 t_flicker=15 t_touched=3 t_no_reach=1
Ep   400 | score   52.10 | avg100  143.71 | grasp100  55.0% | best 0.630 |     32 st/s
    done(50): success=24 t_flicker=24 t_touched=2
Ep   450 | score  183.64 | avg100  128.65 | grasp100  49.0% | best 0.630 |     32 st/s
    done(50): success=25 t_flicker=16 t_touched=8 t_no_reach=1
Ep   500 | score   57.11 | avg100  135.77 | grasp100  57.0% | best 0.630 |     32 st/s
    done(50): success=32 t_flicker=15 t_touched=3
Ep   550 | score  170.48 | avg100  147.07 | grasp100  61.0% | best 0.630 |     31 st/s
    done(50): success=29 t_flicker=18 t_touched=2 t_no_reach=1
Ep   600 | score   64.70 | avg100  142.48 | grasp100  56.0% | best 0.630 |     31 st/s
    done(50): success=27 t_flicker=21 t_touched=2
Ep   650 | score  174.29 | avg100  143.84 | grasp100  60.0% | best 0.630 |     31 st/s
    done(50): success=33 t_flicker=15 t_touched=2
Ep   700 | score  131.80 | avg100  144.37 | grasp100  59.0% | best 0.630 |     31 st/s
    done(50): success=26 t_flicker=21 t_touched=2 t_no_reach=1
Ep   750 | score  184.44 | avg100  136.71 | grasp100  53.0% | best 0.630 |     31 st/s
    done(50): success=27 t_flicker=19 t_touched=4
Ep   800 | score  175.76 | avg100  142.88 | grasp100  59.0% | best 0.630 |     32 st/s
    done(50): success=32 t_flicker=17 t_touched=1
Ep   850 | score  199.64 | avg100  146.16 | grasp100  63.0% | best 0.630 |     32 st/s
    done(50): success=31 t_flicker=17 t_touched=2
Ep   900 | score  -69.76 | avg100  145.10 | grasp100  63.0% | best 0.630 |     32 st/s
    done(50): success=32 t_flicker=11 t_touched=7
  [primacy-bias reset of critic heads @ 25000 updates]
Ep   950 | score  193.45 | avg100  128.15 | grasp100  50.0% | best 0.630 |     33 st/s
    done(50): success=18 t_flicker=21 t_touched=8 t_no_reach=3
Ep  1000 | score  193.63 | avg100  111.02 | grasp100  39.0% | best 0.630 |     34 st/s
    done(50): success=21 t_flicker=21 t_touched=7 t_no_reach=1
Ep  1050 | score  149.77 | avg100  113.30 | grasp100  38.0% | best 0.630 |     34 st/s
    done(50): success=17 t_flicker=27 t_touched=5 t_no_reach=1
Ep  1100 | score   85.22 | avg100  111.78 | grasp100  37.0% | best 0.630 |     34 st/s
    done(50): success=20 t_flicker=23 t_touched=5 t_no_reach=2
Ep  1150 | score  183.52 | avg100  118.00 | grasp100  48.0% | best 0.630 |     34 st/s
    done(50): success=28 t_flicker=17 t_touched=4 t_no_reach=1
Ep  1200 | score  197.71 | avg100  128.58 | grasp100  56.0% | best 0.630 |     34 st/s
    done(50): success=28 t_flicker=18 t_touched=2 t_no_reach=2
Ep  1250 | score  183.66 | avg100  134.47 | grasp100  57.0% | best 0.630 |     34 st/s
    done(50): success=29 t_flicker=17 t_touched=1 t_no_reach=3
Ep  1300 | score  -32.79 | avg100  138.87 | grasp100  59.0% | best 0.630 |     35 st/s
    done(50): success=30 t_flicker=16 t_touched=4
Ep  1350 | score  200.23 | avg100  141.72 | grasp100  61.0% | best 0.630 |     35 st/s
    done(50): success=31 t_flicker=15 t_touched=3 t_no_reach=1
Ep  1400 | score  198.68 | avg100  149.00 | grasp100  67.0% | best 0.630 |     35 st/s
    done(50): success=36 t_flicker=12 t_touched=2
Ep  1415 | * BEST  level200=2.00 grasp200= 64.5% metric=0.645 | score  157.09
Ep  1450 | score  179.80 | avg100  152.24 | grasp100  70.0% | best 0.645 |     35 st/s
    done(50): success=34 t_flicker=15 t_touched=1
Ep  1451 | * BEST  level200=2.00 grasp200= 66.0% metric=0.660 | score  207.34
Ep  1479 | * BEST  level200=2.00 grasp200= 67.5% metric=0.675 | score  162.22
Ep  1500 | score   61.92 | avg100  145.80 | grasp100  68.0% | best 0.675 |     35 st/s
    done(50): success=34 t_flicker=15 t_touched=1
Ep  1550 | score  243.73 | avg100  145.11 | grasp100  63.0% | best 0.675 |     35 st/s
    done(50): success=29 t_flicker=17 t_touched=4
Ep  1600 | score  209.25 | avg100  150.70 | grasp100  59.0% | best 0.675 |     35 st/s
    done(50): success=30 t_flicker=18 t_touched=2
Ep  1650 | score   64.84 | avg100  153.53 | grasp100  62.0% | best 0.675 |     35 st/s
    done(50): success=32 t_flicker=17 t_touched=1
Ep  1700 | score  201.32 | avg100  146.77 | grasp100  62.0% | best 0.675 |     35 st/s
    done(50): success=30 t_flicker=18 t_touched=2
Ep  1750 | score  210.27 | avg100  155.67 | grasp100  73.0% | best 0.675 |     35 st/s
    done(50): success=43 t_flicker=4 t_touched=3
Ep  1800 | score  156.80 | avg100  154.71 | grasp100  69.0% | best 0.675 |     35 st/s
    done(50): success=26 t_flicker=19 t_touched=4 t_no_reach=1
  [primacy-bias reset of critic heads @ 50000 updates]
Ep  1850 | score  -38.71 | avg100  103.00 | grasp100  35.0% | best 0.675 |     36 st/s
    done(50): success=9 t_flicker=27 t_touched=6 t_no_reach=8
Ep  1900 | score  133.42 | avg100   80.59 | grasp100  28.0% | best 0.675 |     36 st/s
    done(50): success=19 t_flicker=15 t_touched=12 t_no_reach=4
Ep  1950 | score  156.78 | avg100  111.52 | grasp100  46.0% | best 0.675 |     36 st/s
    done(50): success=27 t_flicker=20 t_touched=3
========================================================================
RANDOM-SPAWN GRASP RETRAINING  |  algo=td3_ln  run=td3_ln_cereal_alignwarm_s2
========================================================================
  Envs                : 5 (subprocess-parallel, fork)
  Spawn level         : 2.0 (1.0 = full position box, 2.0 = + z-rotation)
  Updates/vec-step    : 2 (0.400 per env-step; historical baseline 0.5)
  Buffer              : 2,000,000
  Actor               : 64 -> 32  (5,216 weights)  [critics 512->256]
  Warm start          : checkpoints/td3_grasp_rand_td3_ln_c2m512_s1/best
  Checkpoints         : /home/fahim/Thesis_fahim/pickandplace/checkpoints/td3_grasp_rand_td3_ln_cereal_alignwarm_s2
========================================================================

Spawning 5 subprocess environments (fork)...
[robosuite WARNING] No private macro file found! (__init__.py:7)
[robosuite WARNING] It is recommended to use a private macro file (__init__.py:8)
[robosuite WARNING] To setup, run: python /home/fahim/Thesis_fahim/venv/lib/python3.12/site-packages/robosuite/scripts/setup_macros.py (__init__.py:9)
[robosuite WARNING] No private macro file found! (__init__.py:7)
[robosuite WARNING] It is recommended to use a private macro file (__init__.py:8)
[robosuite WARNING] To setup, run: python /home/fahim/Thesis_fahim/venv/lib/python3.12/site-packages/robosuite/scripts/setup_macros.py (__init__.py:9)
[robosuite WARNING] No private macro file found! (__init__.py:7)
[robosuite WARNING] It is recommended to use a private macro file (__init__.py:8)
[robosuite WARNING] To setup, run: python /home/fahim/Thesis_fahim/venv/lib/python3.12/site-packages/robosuite/scripts/setup_macros.py (__init__.py:9)
[robosuite WARNING] No private macro file found! (__init__.py:7)
[robosuite WARNING] It is recommended to use a private macro file (__init__.py:8)
[robosuite WARNING] To setup, run: python /home/fahim/Thesis_fahim/venv/lib/python3.12/site-packages/robosuite/scripts/setup_macros.py (__init__.py:9)
[robosuite WARNING] No private macro file found! (__init__.py:7)
[robosuite WARNING] It is recommended to use a private macro file (__init__.py:8)
[robosuite WARNING] To setup, run: python /home/fahim/Thesis_fahim/venv/lib/python3.12/site-packages/robosuite/scripts/setup_macros.py (__init__.py:9)
Gym has been unmaintained since 2022 and does not support NumPy 2.0 amongst other critical functionality.
Please upgrade to Gymnasium, the maintained drop-in replacement of Gym, or contact the authors of your software and request that they upgrade.
See the migration guide at https://gymnasium.farama.org/introduction/migration_guide/ for additional information.
Gym has been unmaintained since 2022 and does not support NumPy 2.0 amongst other critical functionality.
Please upgrade to Gymnasium, the maintained drop-in replacement of Gym, or contact the authors of your software and request that they upgrade.
See the migration guide at https://gymnasium.farama.org/introduction/migration_guide/ for additional information.Gym has been unmaintained since 2022 and does not support NumPy 2.0 amongst other critical functionality.
Please upgrade to Gymnasium, the maintained drop-in replacement of Gym, or contact the authors of your software and request that they upgrade.
See the migration guide at https://gymnasium.farama.org/introduction/migration_guide/ for additional information.

Gym has been unmaintained since 2022 and does not support NumPy 2.0 amongst other critical functionality.
Please upgrade to Gymnasium, the maintained drop-in replacement of Gym, or contact the authors of your software and request that they upgrade.
See the migration guide at https://gymnasium.farama.org/introduction/migration_guide/ for additional information.
Gym has been unmaintained since 2022 and does not support NumPy 2.0 amongst other critical functionality.
Please upgrade to Gymnasium, the maintained drop-in replacement of Gym, or contact the authors of your software and request that they upgrade.
See the migration guide at https://gymnasium.farama.org/introduction/migration_guide/ for additional information.
/home/fahim/Thesis_fahim/venv/lib/python3.12/site-packages/gym/spaces/box.py:84: UserWarning: [33mWARN: Box bound precision lowered by casting to float32[0m
  logger.warn(f"Box bound precision lowered by casting to {self.dtype}")
/home/fahim/Thesis_fahim/venv/lib/python3.12/site-packages/gym/spaces/box.py:84: UserWarning: [33mWARN: Box bound precision lowered by casting to float32[0m
  logger.warn(f"Box bound precision lowered by casting to {self.dtype}")
/home/fahim/Thesis_fahim/venv/lib/python3.12/site-packages/gym/spaces/box.py:84: UserWarning: [33mWARN: Box bound precision lowered by casting to float32[0m
  logger.warn(f"Box bound precision lowered by casting to {self.dtype}")
/home/fahim/Thesis_fahim/venv/lib/python3.12/site-packages/gym/spaces/box.py:84: UserWarning: [33mWARN: Box bound precision lowered by casting to float32[0m
  logger.warn(f"Box bound precision lowered by casting to {self.dtype}")
/home/fahim/Thesis_fahim/venv/lib/python3.12/site-packages/gym/spaces/box.py:84: UserWarning: [33mWARN: Box bound precision lowered by casting to float32[0m
  logger.warn(f"Box bound precision lowered by casting to {self.dtype}")
Gym has been unmaintained since 2022 and does not support NumPy 2.0 amongst other critical functionality.
Please upgrade to Gymnasium, the maintained drop-in replacement of Gym, or contact the authors of your software and request that they upgrade.
See the migration guide at https://gymnasium.farama.org/introduction/migration_guide/ for additional information.
5 environments ready.

  Actor QAT           : per-tensor INT8 fake-quant, STE grads
  Actor weight clip   : |w| <= 8.0 * std(w) per Linear tensor (bi_s0 baseline fc1 9.96 / fc2 10.82)
Init: resumed (source: /home/fahim/Thesis_fahim/pickandplace/checkpoints/td3_grasp_rand_td3_ln_c2m512_s1/best)
Resumed replay buffer (1,648,157 transitions).

Training...

Ep    50 | score  158.35 | avg100  110.92 | grasp100  50.0% | best 0.000 |     38 st/s
    done(50): success=25 t_flicker=19 t_touched=5 t_no_reach=1
Ep   100 | score  153.57 | avg100  123.67 | grasp100  57.0% | best 0.000 |     37 st/s
    done(50): success=32 t_flicker=14 t_touched=4
Ep   150 | score  206.75 | avg100  140.23 | grasp100  67.0% | best 0.000 |     36 st/s
    done(50): success=35 t_flicker=10 t_touched=3 t_no_reach=2
Ep   200 | * BEST  level200=2.00 grasp200= 59.5% metric=0.595 | score  187.62
Ep   214 | * BEST  level200=2.00 grasp200= 61.0% metric=0.610 | score  188.02
Ep   230 | * BEST  level200=2.00 grasp200= 62.5% metric=0.625 | score  198.38
Ep   247 | * BEST  level200=2.00 grasp200= 64.0% metric=0.640 | score  162.40
Ep   250 | score   15.36 | avg100  130.05 | grasp100  60.0% | best 0.640 |     36 st/s
    done(50): success=33 t_flicker=12 t_touched=3 t_no_reach=2
Ep   300 | score  -17.63 | avg100  135.64 | grasp100  64.0% | best 0.640 |     37 st/s
    done(50): success=31 t_flicker=16 t_touched=3
Ep   350 | score   65.41 | avg100  133.93 | grasp100  64.0% | best 0.640 |     36 st/s
    done(50): success=33 t_flicker=13 t_touched=2 t_no_reach=2
Ep   393 | * BEST  level200=2.00 grasp200= 65.5% metric=0.655 | score  169.56
Ep   400 | score  184.64 | avg100  139.41 | grasp100  66.0% | best 0.655 |     36 st/s
    done(50): success=33 t_flicker=16 t_no_reach=1
Ep   450 | score  156.71 | avg100  136.26 | grasp100  64.0% | best 0.655 |     37 st/s
    done(50): success=31 t_flicker=16 t_touched=2 t_no_reach=1
Ep   500 | score   26.10 | avg100  126.10 | grasp100  57.0% | best 0.655 |     37 st/s
    done(50): success=26 t_flicker=19 t_touched=4 t_no_reach=1
Ep   550 | score   78.81 | avg100  120.35 | grasp100  53.0% | best 0.655 |     34 st/s
    done(50): success=27 t_flicker=16 t_touched=3 t_no_reach=4
Ep   600 | score   31.29 | avg100  130.38 | grasp100  61.0% | best 0.655 |     34 st/s
    done(50): success=34 t_flicker=8 t_touched=6 t_no_reach=2
Ep   650 | score  100.43 | avg100  136.72 | grasp100  64.0% | best 0.655 |     35 st/s
    done(50): success=30 t_flicker=19 t_touched=1
Ep   700 | score  151.97 | avg100  138.57 | grasp100  66.0% | best 0.655 |     35 st/s
    done(50): success=36 t_flicker=11 t_touched=3
Ep   735 | * BEST  level200=2.00 grasp200= 67.0% metric=0.670 | score  190.59
Ep   750 | score   50.93 | avg100  144.98 | grasp100  71.0% | best 0.670 |     34 st/s
    done(50): success=35 t_flicker=12 t_touched=3
Ep   800 | score  205.04 | avg100  140.42 | grasp100  68.0% | best 0.670 |     35 st/s
    done(50): success=33 t_flicker=11 t_touched=3 t_no_reach=3
Ep   843 | * BEST  level200=2.00 grasp200= 68.5% metric=0.685 | score  186.24
Ep   850 | score    5.44 | avg100  136.23 | grasp100  65.0% | best 0.685 |     35 st/s
    done(50): success=32 t_flicker=14 t_touched=2 t_no_reach=2
Ep   900 | score  166.52 | avg100  134.69 | grasp100  63.0% | best 0.685 |     35 st/s
    done(50): success=31 t_flicker=16 t_touched=1 t_no_reach=2
Ep   950 | score  208.93 | avg100  133.77 | grasp100  62.0% | best 0.685 |     35 st/s
    done(50): success=31 t_flicker=14 t_touched=2 t_no_reach=3
Ep  1000 | score  182.76 | avg100  131.79 | grasp100  61.0% | best 0.685 |     35 st/s
    done(50): success=30 t_flicker=18 t_touched=2
Ep  1050 | score  173.25 | avg100  135.66 | grasp100  63.0% | best 0.685 |     34 st/s
    done(50): success=33 t_flicker=11 t_touched=6
Ep  1100 | score  188.18 | avg100  133.67 | grasp100  62.0% | best 0.685 |     34 st/s
    done(50): success=29 t_flicker=13 t_touched=7 t_no_reach=1
Ep  1150 | score  187.25 | avg100  127.45 | grasp100  59.0% | best 0.685 |     34 st/s
    done(50): success=30 t_flicker=18 t_touched=1 t_no_reach=1
Ep  1200 | score   30.32 | avg100  131.24 | grasp100  61.0% | best 0.685 |     34 st/s
    done(50): success=31 t_flicker=13 t_touched=4 t_no_reach=2
Ep  1250 | score  199.81 | avg100  134.54 | grasp100  62.0% | best 0.685 |     34 st/s
    done(50): success=31 t_flicker=14 t_touched=4 t_no_reach=1
Ep  1300 | score  219.24 | avg100  139.71 | grasp100  64.0% | best 0.685 |     34 st/s
    done(50): success=33 t_flicker=16 t_touched=1
Ep  1350 | score   36.29 | avg100  140.99 | grasp100  65.0% | best 0.685 |     34 st/s
    done(50): success=32 t_flicker=12 t_touched=4 t_no_reach=2
Ep  1400 | score  184.29 | avg100  144.97 | grasp100  68.0% | best 0.685 |     34 st/s
    done(50): success=36 t_flicker=12 t_touched=1 t_no_reach=1
Ep  1450 | score  201.78 | avg100  145.39 | grasp100  69.0% | best 0.685 |     34 st/s
    done(50): success=33 t_flicker=16 t_touched=1
Ep  1500 | score  198.67 | avg100  138.92 | grasp100  67.0% | best 0.685 |     35 st/s
    done(50): success=34 t_flicker=11 t_touched=4 t_no_reach=1
Ep  1550 | score  202.02 | avg100  139.73 | grasp100  66.0% | best 0.685 |     34 st/s
    done(50): success=32 t_flicker=14 t_touched=4
  [primacy-bias reset of critic heads @ 25000 updates]
Ep  1600 | score  177.34 | avg100  138.26 | grasp100  63.0% | best 0.685 |     34 st/s
    done(50): success=31 t_flicker=15 t_touched=3 t_no_reach=1
Ep  1650 | score   25.41 | avg100  110.70 | grasp100  53.0% | best 0.685 |     34 st/s
    done(50): success=22 t_flicker=12 t_touched=5 t_no_reach=11
========================================================================
RANDOM-SPAWN GRASP RETRAINING  |  algo=td3_ln  run=td3_ln_cereal_alignwarm_s2
========================================================================
  Envs                : 5 (subprocess-parallel, fork)
  Spawn level         : 2.0 (1.0 = full position box, 2.0 = + z-rotation)
  Updates/vec-step    : 2 (0.400 per env-step; historical baseline 0.5)
  Buffer              : 2,000,000
  Actor               : 64 -> 32  (5,216 weights)  [critics 512->256]
  Warm start          : checkpoints/td3_grasp_rand_td3_ln_c2m512_s1/best
  Checkpoints         : /home/fahim/Thesis_fahim/pickandplace/checkpoints/td3_grasp_rand_td3_ln_cereal_alignwarm_s2
========================================================================

Spawning 5 subprocess environments (fork)...
[robosuite WARNING] No private macro file found! (__init__.py:7)
[robosuite WARNING] It is recommended to use a private macro file (__init__.py:8)
[robosuite WARNING] To setup, run: python /home/fahim/Thesis_fahim/venv/lib/python3.12/site-packages/robosuite/scripts/setup_macros.py (__init__.py:9)
[robosuite WARNING] No private macro file found! (__init__.py:7)
[robosuite WARNING] It is recommended to use a private macro file (__init__.py:8)
[robosuite WARNING] To setup, run: python /home/fahim/Thesis_fahim/venv/lib/python3.12/site-packages/robosuite/scripts/setup_macros.py (__init__.py:9)
[robosuite WARNING] No private macro file found! (__init__.py:7)
[robosuite WARNING] It is recommended to use a private macro file (__init__.py:8)
[robosuite WARNING] To setup, run: python /home/fahim/Thesis_fahim/venv/lib/python3.12/site-packages/robosuite/scripts/setup_macros.py (__init__.py:9)
[robosuite WARNING] No private macro file found! (__init__.py:7)
[robosuite WARNING] It is recommended to use a private macro file (__init__.py:8)
[robosuite WARNING] To setup, run: python /home/fahim/Thesis_fahim/venv/lib/python3.12/site-packages/robosuite/scripts/setup_macros.py (__init__.py:9)
[robosuite WARNING] No private macro file found! (__init__.py:7)
[robosuite WARNING] It is recommended to use a private macro file (__init__.py:8)
[robosuite WARNING] To setup, run: python /home/fahim/Thesis_fahim/venv/lib/python3.12/site-packages/robosuite/scripts/setup_macros.py (__init__.py:9)
Gym has been unmaintained since 2022 and does not support NumPy 2.0 amongst other critical functionality.
Please upgrade to Gymnasium, the maintained drop-in replacement of Gym, or contact the authors of your software and request that they upgrade.
See the migration guide at https://gymnasium.farama.org/introduction/migration_guide/ for additional information.
Gym has been unmaintained since 2022 and does not support NumPy 2.0 amongst other critical functionality.
Please upgrade to Gymnasium, the maintained drop-in replacement of Gym, or contact the authors of your software and request that they upgrade.
See the migration guide at https://gymnasium.farama.org/introduction/migration_guide/ for additional information.
Gym has been unmaintained since 2022 and does not support NumPy 2.0 amongst other critical functionality.
Please upgrade to Gymnasium, the maintained drop-in replacement of Gym, or contact the authors of your software and request that they upgrade.
See the migration guide at https://gymnasium.farama.org/introduction/migration_guide/ for additional information.
Gym has been unmaintained since 2022 and does not support NumPy 2.0 amongst other critical functionality.
Please upgrade to Gymnasium, the maintained drop-in replacement of Gym, or contact the authors of your software and request that they upgrade.
See the migration guide at https://gymnasium.farama.org/introduction/migration_guide/ for additional information.
Gym has been unmaintained since 2022 and does not support NumPy 2.0 amongst other critical functionality.
Please upgrade to Gymnasium, the maintained drop-in replacement of Gym, or contact the authors of your software and request that they upgrade.
See the migration guide at https://gymnasium.farama.org/introduction/migration_guide/ for additional information.
/home/fahim/Thesis_fahim/venv/lib/python3.12/site-packages/gym/spaces/box.py:84: UserWarning: [33mWARN: Box bound precision lowered by casting to float32[0m
  logger.warn(f"Box bound precision lowered by casting to {self.dtype}")
/home/fahim/Thesis_fahim/venv/lib/python3.12/site-packages/gym/spaces/box.py:84: UserWarning: [33mWARN: Box bound precision lowered by casting to float32[0m
  logger.warn(f"Box bound precision lowered by casting to {self.dtype}")
/home/fahim/Thesis_fahim/venv/lib/python3.12/site-packages/gym/spaces/box.py:84: UserWarning: [33mWARN: Box bound precision lowered by casting to float32[0m
  logger.warn(f"Box bound precision lowered by casting to {self.dtype}")
/home/fahim/Thesis_fahim/venv/lib/python3.12/site-packages/gym/spaces/box.py:84: UserWarning: [33mWARN: Box bound precision lowered by casting to float32[0m
  logger.warn(f"Box bound precision lowered by casting to {self.dtype}")
/home/fahim/Thesis_fahim/venv/lib/python3.12/site-packages/gym/spaces/box.py:84: UserWarning: [33mWARN: Box bound precision lowered by casting to float32[0m
  logger.warn(f"Box bound precision lowered by casting to {self.dtype}")
Gym has been unmaintained since 2022 and does not support NumPy 2.0 amongst other critical functionality.
Please upgrade to Gymnasium, the maintained drop-in replacement of Gym, or contact the authors of your software and request that they upgrade.
See the migration guide at https://gymnasium.farama.org/introduction/migration_guide/ for additional information.
5 environments ready.

  Actor QAT           : per-tensor INT8 fake-quant, STE grads
  Actor weight clip   : |w| <= 8.0 * std(w) per Linear tensor (bi_s0 baseline fc1 9.96 / fc2 10.82)
Init: resumed (source: /home/fahim/Thesis_fahim/pickandplace/checkpoints/td3_grasp_rand_td3_ln_c2m512_s1/best)
Resumed replay buffer (1,706,718 transitions).

Training...

Ep    50 | score   25.80 | avg100  119.93 | grasp100  54.0% | best 0.000 |     39 st/s
    done(50): success=27 t_flicker=18 t_touched=5
Ep   100 | score   54.39 | avg100  122.53 | grasp100  54.0% | best 0.000 |     39 st/s
    done(50): success=27 t_flicker=19 t_touched=4
Ep   150 | score  192.99 | avg100  136.28 | grasp100  63.0% | best 0.000 |     38 st/s
    done(50): success=36 t_flicker=11 t_touched=2 t_no_reach=1
Ep   200 | * BEST  level200=2.00 grasp200= 63.0% metric=0.630 | score  200.65
Ep   204 | * BEST  level200=2.00 grasp200= 64.5% metric=0.645 | score  203.92
Ep   250 | score   82.02 | avg100  144.29 | grasp100  66.0% | best 0.645 |     38 st/s
    done(50): success=30 t_flicker=18 t_touched=2
Ep   265 | * BEST  level200=2.00 grasp200= 66.0% metric=0.660 | score  178.08
Ep   282 | * BEST  level200=2.00 grasp200= 67.5% metric=0.675 | score  190.98
Ep   300 | score   31.59 | avg100  134.97 | grasp100  61.0% | best 0.675 |     38 st/s
    done(50): success=31 t_flicker=12 t_touched=6 t_no_reach=1
Ep   350 | score   28.13 | avg100  130.01 | grasp100  62.0% | best 0.675 |     38 st/s
    done(50): success=31 t_flicker=13 t_touched=3 t_no_reach=3
Ep   400 | score  174.95 | avg100  128.08 | grasp100  59.0% | best 0.675 |     38 st/s
    done(50): success=28 t_flicker=13 t_touched=9
Ep   450 | score  201.78 | avg100  122.13 | grasp100  55.0% | best 0.675 |     38 st/s
    done(50): success=27 t_flicker=17 t_touched=6
Ep   500 | score   31.65 | avg100  121.77 | grasp100  57.0% | best 0.675 |     38 st/s
    done(50): success=30 t_flicker=14 t_touched=5 t_no_reach=1
Ep   550 | score   57.31 | avg100  124.90 | grasp100  57.0% | best 0.675 |     35 st/s
    done(50): success=27 t_flicker=17 t_touched=5 t_no_reach=1
Ep   600 | score  201.14 | avg100  135.69 | grasp100  62.0% | best 0.675 |     35 st/s
    done(50): success=35 t_flicker=10 t_touched=2 t_no_reach=3
Ep   650 | score  186.54 | avg100  134.48 | grasp100  63.0% | best 0.675 |     35 st/s
    done(50): success=28 t_flicker=15 t_touched=3 t_no_reach=4
Ep   700 | score  191.73 | avg100  125.36 | grasp100  57.0% | best 0.675 |     35 st/s
    done(50): success=29 t_flicker=14 t_touched=6 t_no_reach=1
Ep   750 | score  200.75 | avg100  141.64 | grasp100  67.0% | best 0.675 |     35 st/s
    done(50): success=38 t_flicker=9 t_touched=3
Ep   800 | score  204.24 | avg100  147.17 | grasp100  70.0% | best 0.675 |     35 st/s
    done(50): success=32 t_flicker=16 t_touched=2
Ep   850 | score   37.40 | avg100  141.75 | grasp100  66.0% | best 0.675 |     35 st/s
    done(50): success=34 t_flicker=11 t_touched=4 t_no_reach=1
Ep   900 | score   60.87 | avg100  140.28 | grasp100  64.0% | best 0.675 |     35 st/s
    done(50): success=30 t_flicker=16 t_touched=4
Ep   950 | score  165.18 | avg100  137.62 | grasp100  63.0% | best 0.675 |     35 st/s
    done(50): success=33 t_flicker=15 t_touched=1 t_no_reach=1
========================================================================
RANDOM-SPAWN GRASP RETRAINING  |  algo=td3_ln  run=td3_ln_cereal_alignwarm_s2
========================================================================
  Envs                : 5 (subprocess-parallel, fork)
  Spawn level         : 2.0 (1.0 = full position box, 2.0 = + z-rotation)
  Updates/vec-step    : 2 (0.400 per env-step; historical baseline 0.5)
  Buffer              : 2,000,000
  Actor               : 64 -> 32  (5,216 weights)  [critics 512->256]
  Warm start          : checkpoints/td3_grasp_rand_td3_ln_c2m512_s1/best
  Checkpoints         : /home/fahim/Thesis_fahim/pickandplace/checkpoints/td3_grasp_rand_td3_ln_cereal_alignwarm_s2
========================================================================

Spawning 5 subprocess environments (fork)...
[robosuite WARNING] No private macro file found! (__init__.py:7)
[robosuite WARNING] It is recommended to use a private macro file (__init__.py:8)
[robosuite WARNING] To setup, run: python /home/fahim/Thesis_fahim/venv/lib/python3.12/site-packages/robosuite/scripts/setup_macros.py (__init__.py:9)
[robosuite WARNING] No private macro file found! (__init__.py:7)
[robosuite WARNING] It is recommended to use a private macro file (__init__.py:8)
[robosuite WARNING] To setup, run: python /home/fahim/Thesis_fahim/venv/lib/python3.12/site-packages/robosuite/scripts/setup_macros.py (__init__.py:9)
[robosuite WARNING] No private macro file found! (__init__.py:7)
[robosuite WARNING] It is recommended to use a private macro file (__init__.py:8)
[robosuite WARNING] To setup, run: python /home/fahim/Thesis_fahim/venv/lib/python3.12/site-packages/robosuite/scripts/setup_macros.py (__init__.py:9)
[robosuite WARNING] No private macro file found! (__init__.py:7)
[robosuite WARNING] It is recommended to use a private macro file (__init__.py:8)
[robosuite WARNING] To setup, run: python /home/fahim/Thesis_fahim/venv/lib/python3.12/site-packages/robosuite/scripts/setup_macros.py (__init__.py:9)
[robosuite WARNING] No private macro file found! (__init__.py:7)
[robosuite WARNING] It is recommended to use a private macro file (__init__.py:8)
[robosuite WARNING] To setup, run: python /home/fahim/Thesis_fahim/venv/lib/python3.12/site-packages/robosuite/scripts/setup_macros.py (__init__.py:9)
Gym has been unmaintained since 2022 and does not support NumPy 2.0 amongst other critical functionality.
Please upgrade to Gymnasium, the maintained drop-in replacement of Gym, or contact the authors of your software and request that they upgrade.
See the migration guide at https://gymnasium.farama.org/introduction/migration_guide/ for additional information.
Gym has been unmaintained since 2022 and does not support NumPy 2.0 amongst other critical functionality.
Please upgrade to Gymnasium, the maintained drop-in replacement of Gym, or contact the authors of your software and request that they upgrade.
See the migration guide at https://gymnasium.farama.org/introduction/migration_guide/ for additional information.
Gym has been unmaintained since 2022 and does not support NumPy 2.0 amongst other critical functionality.
Please upgrade to Gymnasium, the maintained drop-in replacement of Gym, or contact the authors of your software and request that they upgrade.
See the migration guide at https://gymnasium.farama.org/introduction/migration_guide/ for additional information.
Gym has been unmaintained since 2022 and does not support NumPy 2.0 amongst other critical functionality.
Please upgrade to Gymnasium, the maintained drop-in replacement of Gym, or contact the authors of your software and request that they upgrade.
See the migration guide at https://gymnasium.farama.org/introduction/migration_guide/ for additional information.
Gym has been unmaintained since 2022 and does not support NumPy 2.0 amongst other critical functionality.
Please upgrade to Gymnasium, the maintained drop-in replacement of Gym, or contact the authors of your software and request that they upgrade.
See the migration guide at https://gymnasium.farama.org/introduction/migration_guide/ for additional information.
/home/fahim/Thesis_fahim/venv/lib/python3.12/site-packages/gym/spaces/box.py:84: UserWarning: [33mWARN: Box bound precision lowered by casting to float32[0m
  logger.warn(f"Box bound precision lowered by casting to {self.dtype}")
/home/fahim/Thesis_fahim/venv/lib/python3.12/site-packages/gym/spaces/box.py:84: UserWarning: [33mWARN: Box bound precision lowered by casting to float32[0m
  logger.warn(f"Box bound precision lowered by casting to {self.dtype}")
/home/fahim/Thesis_fahim/venv/lib/python3.12/site-packages/gym/spaces/box.py:84: UserWarning: [33mWARN: Box bound precision lowered by casting to float32[0m
  logger.warn(f"Box bound precision lowered by casting to {self.dtype}")
/home/fahim/Thesis_fahim/venv/lib/python3.12/site-packages/gym/spaces/box.py:84: UserWarning: [33mWARN: Box bound precision lowered by casting to float32[0m
  logger.warn(f"Box bound precision lowered by casting to {self.dtype}")
/home/fahim/Thesis_fahim/venv/lib/python3.12/site-packages/gym/spaces/box.py:84: UserWarning: [33mWARN: Box bound precision lowered by casting to float32[0m
  logger.warn(f"Box bound precision lowered by casting to {self.dtype}")
Gym has been unmaintained since 2022 and does not support NumPy 2.0 amongst other critical functionality.
Please upgrade to Gymnasium, the maintained drop-in replacement of Gym, or contact the authors of your software and request that they upgrade.
See the migration guide at https://gymnasium.farama.org/introduction/migration_guide/ for additional information.
5 environments ready.

  Actor QAT           : per-tensor INT8 fake-quant, STE grads
  Actor weight clip   : |w| <= 8.0 * std(w) per Linear tensor (bi_s0 baseline fc1 9.96 / fc2 10.82)
Init: resumed (source: /home/fahim/Thesis_fahim/pickandplace/checkpoints/td3_grasp_rand_td3_ln_c2m512_s1/best)
Resumed replay buffer (1,727,053 transitions).

Training...

Ep    50 | score  191.31 | avg100  131.40 | grasp100  62.0% | best 0.000 |     32 st/s
    done(50): success=31 t_flicker=16 t_touched=3
Ep   100 | score  194.68 | avg100  134.01 | grasp100  63.0% | best 0.000 |     31 st/s
    done(50): success=32 t_flicker=17 t_touched=1
Ep   150 | score  196.87 | avg100  138.85 | grasp100  64.0% | best 0.000 |     30 st/s
    done(50): success=32 t_flicker=17 t_no_reach=1
Ep   200 | * BEST  level200=2.00 grasp200= 66.0% metric=0.660 | score  205.86
Ep   211 | * BEST  level200=2.00 grasp200= 67.5% metric=0.675 | score  192.85
Ep   250 | score  167.12 | avg100  146.80 | grasp100  71.0% | best 0.675 |     30 st/s
    done(50): success=34 t_flicker=11 t_touched=4 t_no_reach=1
Ep   300 | score  180.78 | avg100  143.37 | grasp100  67.0% | best 0.675 |     30 st/s
    done(50): success=33 t_flicker=12 t_touched=4 t_no_reach=1
Ep   317 | * BEST  level200=2.00 grasp200= 69.0% metric=0.690 | score  199.27
Ep   350 | score   96.30 | avg100  140.63 | grasp100  65.0% | best 0.690 |     30 st/s
    done(50): success=32 t_flicker=14 t_touched=4
Ep   400 | score  217.61 | avg100  137.36 | grasp100  61.0% | best 0.690 |     29 st/s
    done(50): success=29 t_flicker=17 t_touched=4
Ep   450 | score  154.66 | avg100  134.23 | grasp100  61.0% | best 0.690 |     30 st/s
    done(50): success=32 t_flicker=16 t_touched=1 t_no_reach=1
Ep   500 | score  201.15 | avg100  129.42 | grasp100  62.0% | best 0.690 |     30 st/s
    done(50): success=30 t_flicker=15 t_touched=4 t_no_reach=1
Ep   550 | score   14.18 | avg100  131.29 | grasp100  62.0% | best 0.690 |     27 st/s
    done(50): success=32 t_flicker=11 t_touched=4 t_no_reach=3
Ep   600 | score  203.72 | avg100  142.15 | grasp100  66.0% | best 0.690 |     28 st/s
    done(50): success=34 t_flicker=14 t_touched=1 t_no_reach=1
Ep   650 | score   27.12 | avg100  138.65 | grasp100  64.0% | best 0.690 |     28 st/s
    done(50): success=30 t_flicker=15 t_touched=4 t_no_reach=1
Ep   700 | score  175.89 | avg100  136.55 | grasp100  64.0% | best 0.690 |     28 st/s
    done(50): success=34 t_flicker=13 t_touched=3
Ep   750 | score  207.03 | avg100  142.93 | grasp100  68.0% | best 0.690 |     28 st/s
    done(50): success=34 t_flicker=10 t_touched=4 t_no_reach=2
Ep   800 | score   30.56 | avg100  143.21 | grasp100  68.0% | best 0.690 |     28 st/s
    done(50): success=34 t_flicker=11 t_touched=4 t_no_reach=1
Ep   850 | score  201.07 | avg100  141.76 | grasp100  66.0% | best 0.690 |     28 st/s
    done(50): success=32 t_flicker=13 t_touched=4 t_no_reach=1
Ep   900 | score  220.87 | avg100  141.10 | grasp100  67.0% | best 0.690 |     28 st/s
    done(50): success=35 t_flicker=11 t_touched=2 t_no_reach=2
Ep   950 | score  205.56 | avg100  134.99 | grasp100  64.0% | best 0.690 |     28 st/s
    done(50): success=29 t_flicker=16 t_touched=3 t_no_reach=2
Ep  1000 | score  194.00 | avg100  134.65 | grasp100  65.0% | best 0.690 |     29 st/s
    done(50): success=36 t_flicker=11 t_touched=2 t_no_reach=1
Ep  1050 | score  195.83 | avg100  140.96 | grasp100  67.0% | best 0.690 |     27 st/s
    done(50): success=31 t_flicker=16 t_touched=3
Ep  1100 | score   62.43 | avg100  138.08 | grasp100  64.0% | best 0.690 |     28 st/s
    done(50): success=33 t_flicker=12 t_touched=3 t_no_reach=2
Ep  1150 | score  139.87 | avg100  134.17 | grasp100  62.0% | best 0.690 |     28 st/s
    done(50): success=29 t_flicker=18 t_touched=3
Ep  1200 | score  105.89 | avg100  138.39 | grasp100  65.0% | best 0.690 |     28 st/s
    done(50): success=36 t_flicker=10 t_touched=3 t_no_reach=1
Ep  1250 | score   29.21 | avg100  138.76 | grasp100  63.0% | best 0.690 |     28 st/s
    done(50): success=27 t_flicker=20 t_touched=2 t_no_reach=1
Ep  1300 | score  244.47 | avg100  139.31 | grasp100  60.0% | best 0.690 |     28 st/s
    done(50): success=33 t_flicker=14 t_touched=1 t_no_reach=2
Ep  1350 | score  199.49 | avg100  145.08 | grasp100  66.0% | best 0.690 |     28 st/s
    done(50): success=33 t_flicker=13 t_touched=3 t_no_reach=1
Ep  1400 | score  189.73 | avg100  141.72 | grasp100  67.0% | best 0.690 |     28 st/s
    done(50): success=34 t_flicker=12 t_touched=4
Ep  1450 | score  205.59 | avg100  139.24 | grasp100  68.0% | best 0.690 |     28 st/s
    done(50): success=34 t_flicker=13 t_touched=3
Ep  1500 | score   67.42 | avg100  137.01 | grasp100  65.0% | best 0.690 |     28 st/s
    done(50): success=31 t_flicker=17 t_touched=1 t_no_reach=1
Ep  1550 | score  180.71 | avg100  142.10 | grasp100  66.0% | best 0.690 |     27 st/s
    done(50): success=35 t_flicker=14 t_touched=1
  [primacy-bias reset of critic heads @ 25000 updates]
Ep  1600 | score  207.13 | avg100  140.15 | grasp100  65.0% | best 0.690 |     27 st/s
    done(50): success=30 t_flicker=12 t_touched=6 t_no_reach=2
Ep  1650 | score   19.95 | avg100  109.94 | grasp100  49.0% | best 0.690 |     28 st/s
    done(50): success=19 t_flicker=20 t_touched=9 t_no_reach=2
Ep  1700 | score    9.31 | avg100   76.87 | grasp100  34.0% | best 0.690 |     28 st/s
    done(50): success=15 t_flicker=15 t_touched=10 t_no_reach=10
Ep  1750 | score   -0.98 | avg100   62.04 | grasp100  27.0% | best 0.690 |     28 st/s
    done(50): success=12 t_flicker=13 t_touched=11 t_no_reach=14
Ep  1800 | score    8.15 | avg100   64.31 | grasp100  26.0% | best 0.690 |     28 st/s
    done(50): success=14 t_flicker=17 t_touched=10 t_no_reach=9
Ep  1850 | score  182.77 | avg100   81.43 | grasp100  34.0% | best 0.690 |     28 st/s
    done(50): success=20 t_flicker=14 t_touched=10 t_no_reach=6
Ep  1900 | score   31.55 | avg100  104.99 | grasp100  48.0% | best 0.690 |     28 st/s
    done(50): success=28 t_flicker=14 t_touched=6 t_no_reach=2
Ep  1950 | score  132.98 | avg100  118.50 | grasp100  57.0% | best 0.690 |     28 st/s
    done(50): success=29 t_flicker=17 t_touched=4
Ep  2000 | score  156.94 | avg100  125.25 | grasp100  59.0% | best 0.690 |     28 st/s
    done(50): success=30 t_flicker=17 t_touched=1 t_no_reach=2
Ep  2050 | score   65.44 | avg100  134.11 | grasp100  63.0% | best 0.690 |     28 st/s
    done(50): success=33 t_flicker=10 t_touched=5 t_no_reach=2
Ep  2100 | score   39.07 | avg100  132.03 | grasp100  61.0% | best 0.690 |     28 st/s
    done(50): success=28 t_flicker=19 t_touched=3
Ep  2150 | score   27.04 | avg100  128.98 | grasp100  60.0% | best 0.690 |     28 st/s
    done(50): success=32 t_flicker=12 t_touched=5 t_no_reach=1
Ep  2200 | score   49.55 | avg100  124.94 | grasp100  58.0% | best 0.690 |     28 st/s
    done(50): success=26 t_flicker=18 t_touched=5 t_no_reach=1
Ep  2250 | score   35.35 | avg100  126.50 | grasp100  56.0% | best 0.690 |     28 st/s
    done(50): success=30 t_flicker=17 t_touched=2 t_no_reach=1
Ep  2300 | score   55.89 | avg100  137.78 | grasp100  62.0% | best 0.690 |     28 st/s
    done(50): success=32 t_flicker=16 t_touched=2
Ep  2350 | score  174.36 | avg100  121.39 | grasp100  53.0% | best 0.690 |     28 st/s
    done(50): success=21 t_flicker=22 t_touched=5 t_no_reach=2
Ep  2400 | score  229.46 | avg100  128.55 | grasp100  58.0% | best 0.690 |     28 st/s
    done(50): success=37 t_flicker=9 t_touched=3 t_no_reach=1
Ep  2450 | score   27.74 | avg100  141.40 | grasp100  64.0% | best 0.690 |     28 st/s
    done(50): success=27 t_flicker=19 t_touched=4
Ep  2500 | score  241.95 | avg100  130.50 | grasp100  56.0% | best 0.690 |     28 st/s
    done(50): success=29 t_flicker=15 t_touched=3 t_no_reach=3
Ep  2550 | score  -17.07 | avg100  125.61 | grasp100  54.0% | best 0.690 |     28 st/s
    done(50): success=25 t_flicker=17 t_touched=6 t_no_reach=2
Ep  2600 | score  215.89 | avg100  135.13 | grasp100  61.0% | best 0.690 |     28 st/s
    done(50): success=36 t_flicker=12 t_touched=2
Ep  2650 | score  165.46 | avg100  150.31 | grasp100  72.0% | best 0.690 |     28 st/s
    done(50): success=36 t_flicker=11 t_touched=2 t_no_reach=1
Ep  2700 | score  205.41 | avg100  147.64 | grasp100  72.0% | best 0.690 |     28 st/s
    done(50): success=36 t_flicker=11 t_touched=2 t_no_reach=1
Ep  2750 | score  198.79 | avg100  143.17 | grasp100  68.0% | best 0.690 |     28 st/s
    done(50): success=32 t_flicker=15 t_no_reach=3
Ep  2800 | score  201.75 | avg100  138.16 | grasp100  65.0% | best 0.690 |     28 st/s
    done(50): success=33 t_flicker=12 t_touched=3 t_no_reach=2
Ep  2850 | score  176.55 | avg100  136.71 | grasp100  64.0% | best 0.690 |     28 st/s
    done(50): success=31 t_flicker=15 t_touched=3 t_no_reach=1
Ep  2900 | score   44.31 | avg100  140.58 | grasp100  66.0% | best 0.690 |     28 st/s
    done(50): success=35 t_flicker=11 t_touched=4
Ep  2950 | score   20.31 | avg100  135.95 | grasp100  64.0% | best 0.690 |     28 st/s
    done(50): success=29 t_flicker=16 t_touched=4 t_no_reach=1
Ep  3000 | score   55.87 | avg100  130.49 | grasp100  60.0% | best 0.690 |     28 st/s
    done(50): success=31 t_flicker=12 t_touched=5 t_no_reach=2
Ep  3050 | score  195.87 | avg100  130.92 | grasp100  61.0% | best 0.690 |     28 st/s
    done(50): success=30 t_flicker=13 t_touched=4 t_no_reach=3
  [primacy-bias reset of critic heads @ 50000 updates]
Ep  3100 | score    6.06 | avg100  133.76 | grasp100  62.0% | best 0.690 |     28 st/s
    done(50): success=32 t_flicker=12 t_touched=2 t_no_reach=4
Ep  3150 | score    4.51 | avg100   88.09 | grasp100  41.0% | best 0.690 |     28 st/s
    done(50): success=9 t_flicker=13 t_touched=7 t_no_reach=21
Ep  3200 | score  195.42 | avg100   40.52 | grasp100  17.0% | best 0.690 |     28 st/s
    done(50): success=8 t_flicker=13 t_touched=15 t_no_reach=14
Ep  3250 | score  192.73 | avg100   55.39 | grasp100  20.0% | best 0.690 |     28 st/s
    done(50): success=12 t_flicker=15 t_touched=13 t_no_reach=10
Ep  3300 | score  194.92 | avg100   82.07 | grasp100  32.0% | best 0.690 |     28 st/s
    done(50): success=20 t_flicker=21 t_touched=7 t_no_reach=2
Ep  3350 | score   59.80 | avg100  104.04 | grasp100  44.0% | best 0.690 |     28 st/s
    done(50): success=24 t_flicker=20 t_touched=3 t_no_reach=3
Ep  3400 | score  203.91 | avg100  113.68 | grasp100  50.0% | best 0.690 |     28 st/s
    done(50): success=26 t_flicker=18 t_touched=2 t_no_reach=4
Ep  3450 | score  188.66 | avg100  123.47 | grasp100  56.0% | best 0.690 |     28 st/s
    done(50): success=30 t_flicker=15 t_touched=3 t_no_reach=2
Ep  3500 | score  205.88 | avg100  129.12 | grasp100  60.0% | best 0.690 |     28 st/s
    done(50): success=30 t_flicker=17 t_touched=1 t_no_reach=2
Ep  3550 | score  176.10 | avg100  127.66 | grasp100  60.0% | best 0.690 |     28 st/s
    done(50): success=30 t_flicker=11 t_touched=6 t_no_reach=3
Ep  3600 | score  192.20 | avg100  130.84 | grasp100  62.0% | best 0.690 |     28 st/s
    done(50): success=32 t_flicker=12 t_touched=6
Ep  3650 | score   27.98 | avg100  134.82 | grasp100  62.0% | best 0.690 |     28 st/s
    done(50): success=30 t_flicker=18 t_touched=1 t_no_reach=1
Ep  3700 | score  168.33 | avg100  142.82 | grasp100  67.0% | best 0.690 |     28 st/s
    done(50): success=37 t_flicker=10 t_touched=1 t_no_reach=2
Ep  3750 | score  203.06 | avg100  150.97 | grasp100  73.0% | best 0.690 |     28 st/s
    done(50): success=36 t_flicker=11 t_touched=2 t_no_reach=1
Ep  3800 | score  183.94 | avg100  144.51 | grasp100  69.0% | best 0.690 |     28 st/s
    done(50): success=33 t_flicker=11 t_touched=4 t_no_reach=2
Ep  3850 | score  183.17 | avg100  131.56 | grasp100  61.0% | best 0.690 |     28 st/s
    done(50): success=28 t_flicker=15 t_touched=6 t_no_reach=1
Ep  3900 | score  204.84 | avg100  128.78 | grasp100  59.0% | best 0.690 |     28 st/s
    done(50): success=31 t_flicker=14 t_touched=3 t_no_reach=2
Ep  3950 | score  195.23 | avg100  135.87 | grasp100  64.0% | best 0.690 |     28 st/s
    done(50): success=33 t_flicker=15 t_no_reach=2
Ep  4000 | score  219.71 | avg100  140.66 | grasp100  66.0% | best 0.690 |     28 st/s
    done(50): success=33 t_flicker=14 t_touched=2 t_no_reach=1
Ep  4050 | score   75.05 | avg100  137.43 | grasp100  64.0% | best 0.690 |     28 st/s
    done(50): success=31 t_flicker=14 t_touched=2 t_no_reach=3
Ep  4100 | score   40.68 | avg100  143.72 | grasp100  68.0% | best 0.690 |     28 st/s
    done(50): success=37 t_flicker=11 t_touched=2
Ep  4150 | score  199.63 | avg100  155.39 | grasp100  75.0% | best 0.690 |     28 st/s
    done(50): success=38 t_flicker=10 t_touched=1 t_no_reach=1
Ep  4160 | * BEST  level200=2.00 grasp200= 70.5% metric=0.705 | score  176.57
Ep  4200 | score  117.16 | avg100  150.20 | grasp100  71.0% | best 0.705 |     28 st/s
    done(50): success=33 t_flicker=12 t_touched=4 t_no_reach=1
Ep  4250 | score   -0.41 | avg100  137.92 | grasp100  64.0% | best 0.705 |     28 st/s
    done(50): success=31 t_flicker=13 t_touched=4 t_no_reach=2
Ep  4300 | score  186.68 | avg100  134.68 | grasp100  64.0% | best 0.705 |     28 st/s
    done(50): success=33 t_flicker=12 t_touched=5
Ep  4350 | score  195.76 | avg100  149.52 | grasp100  72.0% | best 0.705 |     28 st/s
    done(50): success=39 t_flicker=10 t_touched=1
Ep  4400 | score  189.05 | avg100  146.09 | grasp100  71.0% | best 0.705 |     28 st/s
    done(50): success=32 t_flicker=13 t_touched=3 t_no_reach=2
Ep  4450 | score  169.68 | avg100  142.56 | grasp100  70.0% | best 0.705 |     28 st/s
    done(50): success=38 t_flicker=9 t_touched=3
Ep  4453 | * BEST  level200=2.00 grasp200= 72.0% metric=0.720 | score  215.14
Ep  4474 | * BEST  level200=2.00 grasp200= 73.5% metric=0.735 | score  166.16
Ep  4500 | score   63.81 | avg100  153.72 | grasp100  72.0% | best 0.735 |     28 st/s
    done(50): success=34 t_flicker=13 t_touched=3
Ep  4550 | score   93.25 | avg100  146.84 | grasp100  67.0% | best 0.735 |     28 st/s
    done(50): success=33 t_flicker=14 t_touched=3
Ep  4600 | score  194.28 | avg100  147.70 | grasp100  71.0% | best 0.735 |     28 st/s
    done(50): success=38 t_flicker=9 t_touched=2 t_no_reach=1
  [primacy-bias reset of critic heads @ 75000 updates]
Ep  4650 | score  185.10 | avg100  150.13 | grasp100  75.0% | best 0.735 |     28 st/s
    done(50): success=37 t_flicker=9 t_touched=3 t_no_reach=1
Ep  4700 | score    5.60 | avg100   98.01 | grasp100  48.0% | best 0.735 |     28 st/s
    done(50): success=11 t_flicker=13 t_touched=12 t_no_reach=14
Ep  4750 | score   58.51 | avg100   43.90 | grasp100  18.0% | best 0.735 |     28 st/s
    done(50): success=7 t_flicker=12 t_touched=11 t_no_reach=20
Ep  4800 | score  192.27 | avg100   42.42 | grasp100  16.0% | best 0.735 |     28 st/s
    done(50): success=9 t_flicker=17 t_touched=14 t_no_reach=10
Ep  4850 | score  180.05 | avg100   70.22 | grasp100  30.0% | best 0.735 |     28 st/s
    done(50): success=21 t_flicker=17 t_touched=5 t_no_reach=7
Ep  4900 | score   61.64 | avg100   96.86 | grasp100  41.0% | best 0.735 |     28 st/s
    done(50): success=20 t_flicker=21 t_touched=9
Ep  4950 | score  187.63 | avg100  110.31 | grasp100  47.0% | best 0.735 |     28 st/s
    done(50): success=27 t_flicker=16 t_touched=4 t_no_reach=3
Ep  5000 | score    4.88 | avg100  118.18 | grasp100  54.0% | best 0.735 |     28 st/s
    done(50): success=27 t_flicker=16 t_touched=5 t_no_reach=2
Ep  5050 | score  200.21 | avg100  126.67 | grasp100  60.0% | best 0.735 |     28 st/s
    done(50): success=33 t_flicker=12 t_touched=5
Ep  5100 | score  195.26 | avg100  141.01 | grasp100  68.0% | best 0.735 |     28 st/s
    done(50): success=35 t_flicker=12 t_touched=2 t_no_reach=1
Ep  5150 | score  197.36 | avg100  142.91 | grasp100  69.0% | best 0.735 |     28 st/s
    done(50): success=34 t_flicker=14 t_touched=1 t_no_reach=1
Ep  5200 | score  175.79 | avg100  149.52 | grasp100  72.0% | best 0.735 |     28 st/s
    done(50): success=38 t_flicker=9 t_touched=3
Ep  5250 | score  172.32 | avg100  147.23 | grasp100  71.0% | best 0.735 |     28 st/s
    done(50): success=33 t_flicker=14 t_touched=2 t_no_reach=1
Ep  5300 | score   71.25 | avg100  135.55 | grasp100  65.0% | best 0.735 |     28 st/s
    done(50): success=32 t_flicker=14 t_touched=2 t_no_reach=2
Ep  5350 | score  -19.04 | avg100  127.27 | grasp100  59.0% | best 0.735 |     28 st/s
    done(50): success=27 t_flicker=18 t_touched=3 t_no_reach=2
Ep  5400 | score   31.87 | avg100  127.38 | grasp100  59.0% | best 0.735 |     28 st/s
    done(50): success=32 t_flicker=13 t_touched=3 t_no_reach=2
Ep  5450 | score  200.06 | avg100  136.14 | grasp100  65.0% | best 0.735 |     28 st/s
    done(50): success=33 t_flicker=12 t_touched=1 t_no_reach=4
Ep  5500 | score  195.90 | avg100  146.44 | grasp100  71.0% | best 0.735 |     28 st/s
    done(50): success=38 t_flicker=11 t_no_reach=1
Ep  5550 | score  195.55 | avg100  153.86 | grasp100  75.0% | best 0.735 |     28 st/s
    done(50): success=37 t_flicker=9 t_touched=3 t_no_reach=1
Ep  5600 | score  203.69 | avg100  145.94 | grasp100  71.0% | best 0.735 |     28 st/s
    done(50): success=34 t_flicker=9 t_touched=4 t_no_reach=3
Ep  5650 | score  204.58 | avg100  141.02 | grasp100  67.0% | best 0.735 |     28 st/s
    done(50): success=33 t_flicker=15 t_touched=2
Ep  5700 | score   30.90 | avg100  134.15 | grasp100  63.0% | best 0.735 |     28 st/s
    done(50): success=30 t_flicker=12 t_touched=4 t_no_reach=4
Ep  5750 | score  205.42 | avg100  137.31 | grasp100  67.0% | best 0.735 |     28 st/s
    done(50): success=37 t_flicker=11 t_touched=2
Ep  5800 | score  116.53 | avg100  147.00 | grasp100  70.0% | best 0.735 |     28 st/s
    done(50): success=33 t_flicker=14 t_no_reach=3
Ep  5850 | score  191.84 | avg100  149.06 | grasp100  71.0% | best 0.735 |     28 st/s
    done(50): success=38 t_flicker=8 t_touched=3 t_no_reach=1
Ep  5900 | score  173.12 | avg100  151.43 | grasp100  75.0% | best 0.735 |     28 st/s
    done(50): success=37 t_flicker=9 t_touched=2 t_no_reach=2
Ep  5950 | score  192.42 | avg100  148.14 | grasp100  72.0% | best 0.735 |     28 st/s
    done(50): success=35 t_flicker=12 t_touched=2 t_no_reach=1
Ep  6000 | score  186.09 | avg100  151.66 | grasp100  74.0% | best 0.735 |     28 st/s
    done(50): success=39 t_flicker=9 t_touched=1 t_no_reach=1
Ep  6022 | * BEST  level200=2.00 grasp200= 75.0% metric=0.750 | score  188.07
Ep  6050 | score   59.40 | avg100  151.62 | grasp100  74.0% | best 0.750 |     28 st/s
    done(50): success=35 t_flicker=12 t_touched=3
Ep  6100 | score  200.14 | avg100  148.51 | grasp100  71.0% | best 0.750 |     28 st/s
    done(50): success=36 t_flicker=13 t_touched=1
Ep  6150 | score  187.34 | avg100  145.09 | grasp100  70.0% | best 0.750 |     28 st/s
    done(50): success=34 t_flicker=12 t_touched=2 t_no_reach=2
Ep  6200 | score   -1.39 | avg100  143.92 | grasp100  71.0% | best 0.750 |     28 st/s
    done(50): success=37 t_flicker=7 t_touched=5 t_no_reach=1
  [primacy-bias reset of critic heads @ 100000 updates]
Ep  6250 | score   -4.49 | avg100  130.93 | grasp100  63.0% | best 0.750 |     28 st/s
    done(50): success=26 t_flicker=15 t_touched=4 t_no_reach=5
Ep  6300 | score    0.67 | avg100   79.93 | grasp100  36.0% | best 0.750 |     28 st/s
    done(50): success=10 t_flicker=15 t_touched=10 t_no_reach=15
Ep  6350 | score   20.94 | avg100   38.34 | grasp100  15.0% | best 0.750 |     28 st/s
    done(50): success=5 t_flicker=18 t_touched=13 t_no_reach=14
Ep  6400 | score  192.34 | avg100   62.16 | grasp100  24.0% | best 0.750 |     28 st/s
    done(50): success=19 t_flicker=17 t_touched=6 t_no_reach=8
Ep  6450 | score   57.48 | avg100  102.70 | grasp100  44.0% | best 0.750 |     28 st/s
    done(50): success=25 t_flicker=16 t_touched=5 t_no_reach=4
Ep  6500 | score  196.09 | avg100  110.04 | grasp100  48.0% | best 0.750 |     28 st/s
    done(50): success=23 t_flicker=23 t_touched=2 t_no_reach=2
Ep  6550 | score  171.39 | avg100  124.38 | grasp100  58.0% | best 0.750 |     28 st/s
    done(50): success=35 t_flicker=9 t_touched=4 t_no_reach=2
Ep  6600 | score  225.69 | avg100  130.55 | grasp100  62.0% | best 0.750 |     28 st/s
    done(50): success=27 t_flicker=21 t_touched=2
Ep  6650 | score   78.20 | avg100  131.97 | grasp100  62.0% | best 0.750 |     28 st/s
    done(50): success=35 t_flicker=9 t_touched=5 t_no_reach=1
Ep  6700 | score  192.53 | avg100  142.42 | grasp100  70.0% | best 0.750 |     28 st/s
    done(50): success=35 t_flicker=10 t_touched=4 t_no_reach=1
Ep  6750 | score  149.36 | avg100  138.37 | grasp100  66.0% | best 0.750 |     28 st/s
    done(50): success=31 t_flicker=13 t_touched=4 t_no_reach=2
Ep  6800 | score  199.62 | avg100  137.20 | grasp100  64.0% | best 0.750 |     28 st/s
    done(50): success=33 t_flicker=13 t_touched=3 t_no_reach=1
Ep  6850 | score  179.03 | avg100  138.92 | grasp100  67.0% | best 0.750 |     28 st/s
    done(50): success=34 t_flicker=13 t_touched=2 t_no_reach=1
Ep  6900 | score  161.62 | avg100  139.45 | grasp100  68.0% | best 0.750 |     28 st/s
    done(50): success=34 t_flicker=12 t_touched=3 t_no_reach=1
Ep  6950 | score   28.40 | avg100  144.10 | grasp100  73.0% | best 0.750 |     28 st/s
    done(50): success=39 t_flicker=6 t_touched=3 t_no_reach=2
Ep  7000 | score   67.66 | avg100  143.92 | grasp100  73.0% | best 0.750 |     28 st/s
    done(50): success=34 t_flicker=12 t_touched=3 t_no_reach=1
Ep  7050 | score  175.43 | avg100  141.79 | grasp100  69.0% | best 0.750 |     28 st/s
    done(50): success=35 t_flicker=11 t_touched=1 t_no_reach=3
Ep  7100 | score  203.47 | avg100  141.24 | grasp100  68.0% | best 0.750 |     28 st/s
    done(50): success=33 t_flicker=13 t_touched=4
Ep  7150 | score  191.46 | avg100  149.08 | grasp100  72.0% | best 0.750 |     28 st/s
    done(50): success=39 t_flicker=10 t_no_reach=1
Ep  7200 | score  185.68 | avg100  153.03 | grasp100  75.0% | best 0.750 |     28 st/s
    done(50): success=36 t_flicker=11 t_touched=2 t_no_reach=1
Ep  7250 | score    9.69 | avg100  145.04 | grasp100  70.0% | best 0.750 |     28 st/s
    done(50): success=34 t_flicker=12 t_touched=2 t_no_reach=2
Ep  7300 | score  188.99 | avg100  142.80 | grasp100  67.0% | best 0.750 |     28 st/s
    done(50): success=33 t_flicker=14 t_touched=3
Ep  7350 | score  163.46 | avg100  144.82 | grasp100  68.0% | best 0.750 |     28 st/s
    done(50): success=35 t_flicker=14 t_no_reach=1
Ep  7400 | score  201.98 | avg100  156.31 | grasp100  75.0% | best 0.750 |     28 st/s
    done(50): success=40 t_flicker=8 t_touched=2
Ep  7450 | score  149.36 | avg100  153.88 | grasp100  74.0% | best 0.750 |     28 st/s
    done(50): success=34 t_flicker=11 t_touched=3 t_no_reach=2
Ep  7500 | score  196.26 | avg100  148.68 | grasp100  72.0% | best 0.750 |     28 st/s
    done(50): success=38 t_flicker=11 t_touched=1
Ep  7550 | score   56.93 | avg100  150.31 | grasp100  72.0% | best 0.750 |     28 st/s
    done(50): success=34 t_flicker=13 t_touched=2 t_no_reach=1
Ep  7600 | score  164.13 | avg100  149.25 | grasp100  73.0% | best 0.750 |     28 st/s
    done(50): success=39 t_flicker=7 t_touched=2 t_no_reach=2
Ep  7634 | * BEST  level200=2.00 grasp200= 76.5% metric=0.765 | score  185.74
Ep  7649 | * BEST  level200=2.00 grasp200= 78.0% metric=0.780 | score  185.04
Ep  7650 | score  204.71 | avg100  164.42 | grasp100  84.0% | best 0.780 |     28 st/s
    done(50): success=45 t_flicker=5
Ep  7659 | * BEST  level200=2.00 grasp200= 79.5% metric=0.795 | score  207.95
Ep  7700 | score  191.66 | avg100  167.39 | grasp100  84.0% | best 0.795 |     28 st/s
    done(50): success=39 t_flicker=10 t_touched=1
Ep  7750 | score    5.35 | avg100  153.27 | grasp100  74.0% | best 0.795 |     28 st/s
    done(50): success=35 t_flicker=12 t_touched=1 t_no_reach=2
Ep  7800 | score  160.29 | avg100  148.59 | grasp100  73.0% | best 0.795 |     28 st/s
    done(50): success=38 t_flicker=9 t_touched=2 t_no_reach=1
  [primacy-bias reset of critic heads @ 125000 updates]
Ep  7850 | score   83.82 | avg100  149.78 | grasp100  74.0% | best 0.795 |     28 st/s
    done(50): success=36 t_flicker=12 t_touched=1 t_no_reach=1
Ep  7900 | score   53.79 | avg100  121.95 | grasp100  55.0% | best 0.795 |     28 st/s
    done(50): success=19 t_flicker=20 t_touched=4 t_no_reach=7
Ep  7950 | score   -4.79 | avg100   70.83 | grasp100  27.0% | best 0.795 |     28 st/s
    done(50): success=8 t_flicker=17 t_touched=14 t_no_reach=11
Ep  8000 | score  201.33 | avg100   60.65 | grasp100  22.0% | best 0.795 |     28 st/s
    done(50): success=14 t_flicker=20 t_touched=10 t_no_reach=6
Ep  8050 | score  209.88 | avg100   91.42 | grasp100  38.0% | best 0.795 |     28 st/s
    done(50): success=24 t_flicker=19 t_touched=6 t_no_reach=1
Ep  8100 | score   23.91 | avg100  114.57 | grasp100  51.0% | best 0.795 |     28 st/s
    done(50): success=27 t_flicker=15 t_touched=6 t_no_reach=2
Ep  8150 | score  171.24 | avg100  127.86 | grasp100  60.0% | best 0.795 |     28 st/s
    done(50): success=33 t_flicker=13 t_touched=1 t_no_reach=3
Ep  8200 | score  161.58 | avg100  128.33 | grasp100  61.0% | best 0.795 |     28 st/s
    done(50): success=28 t_flicker=15 t_touched=3 t_no_reach=4
Ep  8250 | score  -17.49 | avg100  125.34 | grasp100  56.0% | best 0.795 |     28 st/s
    done(50): success=28 t_flicker=17 t_touched=5
Ep  8300 | score   50.35 | avg100  136.04 | grasp100  63.0% | best 0.795 |     28 st/s
    done(50): success=35 t_flicker=12 t_touched=2 t_no_reach=1
Ep  8350 | score   67.47 | avg100  138.00 | grasp100  67.0% | best 0.795 |     28 st/s
    done(50): success=32 t_flicker=13 t_touched=3 t_no_reach=2
Ep  8400 | score  201.97 | avg100  146.80 | grasp100  73.0% | best 0.795 |     28 st/s
    done(50): success=41 t_flicker=6 t_touched=2 t_no_reach=1
Ep  8450 | score  191.15 | avg100  154.44 | grasp100  78.0% | best 0.795 |     28 st/s
    done(50): success=37 t_flicker=12 t_touched=1
Ep  8500 | score   23.18 | avg100  149.97 | grasp100  73.0% | best 0.795 |     28 st/s
    done(50): success=36 t_flicker=13 t_touched=1
Ep  8550 | score  185.02 | avg100  151.64 | grasp100  71.0% | best 0.795 |     28 st/s
    done(50): success=35 t_flicker=14 t_no_reach=1
Ep  8600 | score   17.21 | avg100  144.68 | grasp100  68.0% | best 0.795 |     28 st/s
    done(50): success=33 t_flicker=12 t_touched=5
Ep  8650 | score  199.19 | avg100  138.01 | grasp100  65.0% | best 0.795 |     28 st/s
    done(50): success=32 t_flicker=12 t_touched=4 t_no_reach=2
Ep  8700 | score   54.06 | avg100  131.83 | grasp100  60.0% | best 0.795 |     28 st/s
    done(50): success=28 t_flicker=17 t_touched=3 t_no_reach=2
Ep  8750 | score  184.61 | avg100  143.33 | grasp100  69.0% | best 0.795 |     28 st/s
    done(50): success=41 t_flicker=8 t_touched=1
Ep  8800 | score  175.38 | avg100  155.63 | grasp100  77.0% | best 0.795 |     28 st/s
    done(50): success=36 t_flicker=12 t_touched=2
Ep  8850 | score   16.50 | avg100  147.67 | grasp100  73.0% | best 0.795 |     28 st/s
    done(50): success=37 t_flicker=10 t_touched=2 t_no_reach=1
Ep  8900 | score  201.28 | avg100  145.89 | grasp100  72.0% | best 0.795 |     28 st/s
    done(50): success=35 t_flicker=13 t_touched=1 t_no_reach=1
Ep  8950 | score   56.66 | avg100  154.30 | grasp100  74.0% | best 0.795 |     28 st/s
    done(50): success=39 t_flicker=10 t_touched=1
Ep  9000 | score  189.81 | avg100  164.51 | grasp100  81.0% | best 0.795 |     28 st/s
    done(50): success=42 t_flicker=7 t_no_reach=1
Ep  9050 | score  111.54 | avg100  163.65 | grasp100  82.0% | best 0.795 |     28 st/s
    done(50): success=40 t_flicker=10
Ep  9082 | * BEST  level200=2.00 grasp200= 81.0% metric=0.810 | score  202.59
Ep  9100 | score  176.43 | avg100  160.17 | grasp100  80.0% | best 0.810 |     28 st/s
    done(50): success=40 t_flicker=6 t_touched=2 t_no_reach=2
Ep  9150 | score  196.29 | avg100  151.64 | grasp100  73.0% | best 0.810 |     28 st/s
    done(50): success=33 t_flicker=16 t_no_reach=1
Ep  9200 | score  181.46 | avg100  148.15 | grasp100  69.0% | best 0.810 |     28 st/s
    done(50): success=36 t_flicker=10 t_touched=3 t_no_reach=1
Ep  9250 | score  198.83 | avg100  155.96 | grasp100  77.0% | best 0.810 |     28 st/s
    done(50): success=41 t_flicker=8 t_touched=1
Ep  9300 | score  195.99 | avg100  154.66 | grasp100  76.0% | best 0.810 |     28 st/s
    done(50): success=35 t_flicker=14 t_touched=1
Ep  9350 | score   49.00 | avg100  154.71 | grasp100  73.0% | best 0.810 |     28 st/s
    done(50): success=38 t_flicker=10 t_touched=2
Ep  9400 | score   29.35 | avg100  158.37 | grasp100  75.0% | best 0.810 |     28 st/s
    done(50): success=37 t_flicker=9 t_touched=3 t_no_reach=1
Ep  9450 | score  178.10 | avg100  154.56 | grasp100  74.0% | best 0.810 |     28 st/s
    done(50): success=37 t_flicker=12 t_touched=1
  [primacy-bias reset of critic heads @ 150000 updates]
Ep  9500 | score   59.69 | avg100  155.72 | grasp100  76.0% | best 0.810 |     28 st/s
    done(50): success=39 t_flicker=9 t_touched=2
Ep  9550 | score  -12.01 | avg100   82.74 | grasp100  43.0% | best 0.810 |     28 st/s
    done(50): success=4 t_flicker=7 t_touched=3 t_no_reach=36
Ep  9600 | score    5.89 | avg100    9.83 | grasp100   8.0% | best 0.810 |     28 st/s
    done(50): success=4 t_flicker=13 t_touched=6 t_no_reach=27
Ep  9650 | score   85.92 | avg100   29.35 | grasp100  12.0% | best 0.810 |     28 st/s
    done(50): success=8 t_flicker=14 t_touched=16 t_no_reach=12
Ep  9700 | score  195.52 | avg100   72.21 | grasp100  30.0% | best 0.810 |     28 st/s
    done(50): success=22 t_flicker=15 t_touched=6 t_no_reach=7
Ep  9750 | score   41.96 | avg100  107.26 | grasp100  49.0% | best 0.810 |     28 st/s
    done(50): success=27 t_flicker=15 t_touched=4 t_no_reach=4
Ep  9800 | score  202.49 | avg100  117.56 | grasp100  55.0% | best 0.810 |     28 st/s
    done(50): success=28 t_flicker=17 t_touched=3 t_no_reach=2
Ep  9850 | score   42.48 | avg100  130.46 | grasp100  63.0% | best 0.810 |     28 st/s
    done(50): success=35 t_flicker=11 t_touched=4
Ep  9900 | score  205.32 | avg100  147.67 | grasp100  73.0% | best 0.810 |     28 st/s
    done(50): success=38 t_flicker=11 t_no_reach=1
Ep  9950 | score  133.69 | avg100  145.99 | grasp100  70.0% | best 0.810 |     28 st/s
    done(50): success=32 t_flicker=11 t_touched=5 t_no_reach=2
Ep 10000 | score  196.91 | avg100  146.96 | grasp100  71.0% | best 0.810 |     28 st/s
    done(50): success=39 t_flicker=8 t_touched=2 t_no_reach=1
Ep 10050 | score  222.29 | avg100  155.03 | grasp100  77.0% | best 0.810 |     28 st/s
    done(50): success=38 t_flicker=8 t_touched=2 t_no_reach=2
Ep 10100 | score  191.80 | avg100  153.28 | grasp100  74.0% | best 0.810 |     28 st/s
    done(50): success=36 t_flicker=13 t_no_reach=1
Ep 10150 | score   56.43 | avg100  149.39 | grasp100  69.0% | best 0.810 |     28 st/s
    done(50): success=33 t_flicker=16 t_no_reach=1
Ep 10200 | score  177.24 | avg100  149.37 | grasp100  71.0% | best 0.810 |     28 st/s
    done(50): success=38 t_flicker=10 t_touched=2
Ep 10250 | score  161.50 | avg100  139.58 | grasp100  66.0% | best 0.810 |     28 st/s
    done(50): success=28 t_flicker=17 t_touched=4 t_no_reach=1
Ep 10300 | score   32.82 | avg100  136.98 | grasp100  65.0% | best 0.810 |     28 st/s
    done(50): success=37 t_flicker=13
Ep 10350 | score   71.92 | avg100  150.26 | grasp100  75.0% | best 0.810 |     28 st/s
    done(50): success=38 t_flicker=8 t_touched=4
Ep 10400 | score  175.64 | avg100  158.29 | grasp100  77.0% | best 0.810 |     28 st/s
    done(50): success=39 t_flicker=11
Ep 10450 | score   57.36 | avg100  163.18 | grasp100  79.0% | best 0.810 |     28 st/s
    done(50): success=40 t_flicker=7 t_touched=2 t_no_reach=1
Ep 10500 | score  197.43 | avg100  157.10 | grasp100  76.0% | best 0.810 |     28 st/s
    done(50): success=36 t_flicker=12 t_touched=2
Ep 10550 | score  194.72 | avg100  155.56 | grasp100  75.0% | best 0.810 |     28 st/s
    done(50): success=39 t_flicker=8 t_touched=1 t_no_reach=2
Ep 10600 | score  141.61 | avg100  160.71 | grasp100  80.0% | best 0.810 |     28 st/s
    done(50): success=41 t_flicker=7 t_touched=1 t_no_reach=1
Ep 10650 | score  182.82 | avg100  159.89 | grasp100  81.0% | best 0.810 |     28 st/s
    done(50): success=40 t_flicker=6 t_touched=3 t_no_reach=1
Ep 10700 | score  192.22 | avg100  157.20 | grasp100  78.0% | best 0.810 |     28 st/s
    done(50): success=38 t_flicker=10 t_touched=2
Ep 10750 | score  186.94 | avg100  162.33 | grasp100  80.0% | best 0.810 |     28 st/s
    done(50): success=42 t_flicker=8
Ep 10800 | score  191.55 | avg100  157.98 | grasp100  77.0% | best 0.810 |     28 st/s
    done(50): success=35 t_flicker=14 t_touched=1
Ep 10850 | score  192.99 | avg100  150.21 | grasp100  73.0% | best 0.810 |     28 st/s
    done(50): success=38 t_flicker=10 t_touched=1 t_no_reach=1
Ep 10900 | score   53.35 | avg100  155.35 | grasp100  78.0% | best 0.810 |     28 st/s
    done(50): success=40 t_flicker=8 t_touched=2
Ep 10950 | score   59.81 | avg100  159.11 | grasp100  81.0% | best 0.810 |     28 st/s
    done(50): success=41 t_flicker=7 t_touched=2
Ep 11000 | score  200.50 | avg100  165.81 | grasp100  85.0% | best 0.810 |     28 st/s
    done(50): success=44 t_flicker=4 t_touched=1 t_no_reach=1
Ep 11024 | * BEST  level200=2.00 grasp200= 82.5% metric=0.825 | score  157.70
Ep 11050 | score  171.31 | avg100  166.28 | grasp100  84.0% | best 0.825 |     28 st/s
    done(50): success=40 t_flicker=9 t_no_reach=1
Ep 11060 | * BEST  level200=2.00 grasp200= 84.0% metric=0.840 | score  184.41
Ep 11100 | score  209.26 | avg100  165.59 | grasp100  84.0% | best 0.840 |     28 st/s
    done(50): success=44 t_flicker=5 t_touched=1
Ep 11114 | * BEST  level200=2.00 grasp200= 85.5% metric=0.855 | score  200.26
  [primacy-bias reset of critic heads @ 175000 updates]
Ep 11150 | score   54.95 | avg100  161.15 | grasp100  81.0% | best 0.855 |     28 st/s
    done(50): success=37 t_flicker=10 t_touched=1 t_no_reach=2
Ep 11200 | score   57.39 | avg100   88.42 | grasp100  42.0% | best 0.855 |     28 st/s
    done(50): success=5 t_flicker=12 t_touched=12 t_no_reach=21
Ep 11250 | score    4.03 | avg100   39.59 | grasp100  18.0% | best 0.855 |     28 st/s
    done(50): success=13 t_flicker=7 t_touched=16 t_no_reach=14
Ep 11300 | score  194.70 | avg100   65.33 | grasp100  30.0% | best 0.855 |     28 st/s
    done(50): success=17 t_flicker=17 t_touched=8 t_no_reach=8
Ep 11350 | score  195.93 | avg100   99.56 | grasp100  45.0% | best 0.855 |     28 st/s
    done(50): success=28 t_flicker=17 t_touched=3 t_no_reach=2
Ep 11400 | score  174.11 | avg100  118.27 | grasp100  51.0% | best 0.855 |     28 st/s
    done(50): success=23 t_flicker=19 t_touched=5 t_no_reach=3
Ep 11450 | score   62.59 | avg100  119.51 | grasp100  52.0% | best 0.855 |     28 st/s
    done(50): success=29 t_flicker=14 t_touched=6 t_no_reach=1
Ep 11500 | score  190.66 | avg100  124.03 | grasp100  58.0% | best 0.855 |     28 st/s
    done(50): success=29 t_flicker=14 t_touched=6 t_no_reach=1
Ep 11550 | score  151.08 | avg100  128.60 | grasp100  61.0% | best 0.855 |     28 st/s
    done(50): success=32 t_flicker=14 t_touched=4
Ep 11600 | score  156.86 | avg100  140.69 | grasp100  67.0% | best 0.855 |     28 st/s
    done(50): success=35 t_flicker=11 t_touched=4
Ep 11650 | score  167.72 | avg100  147.55 | grasp100  68.0% | best 0.855 |     28 st/s
    done(50): success=33 t_flicker=15 t_touched=1 t_no_reach=1
Ep 11700 | score  173.14 | avg100  148.34 | grasp100  70.0% | best 0.855 |     28 st/s
    done(50): success=37 t_flicker=10 t_touched=3
Ep 11750 | score  199.67 | avg100  140.93 | grasp100  68.0% | best 0.855 |     28 st/s
    done(50): success=31 t_flicker=14 t_touched=2 t_no_reach=3
Ep 11800 | score  198.28 | avg100  141.46 | grasp100  67.0% | best 0.855 |     28 st/s
    done(50): success=36 t_flicker=11 t_touched=3
Ep 11850 | score  190.22 | avg100  156.82 | grasp100  77.0% | best 0.855 |     28 st/s
    done(50): success=41 t_flicker=9
Ep 11900 | score  172.75 | avg100  167.95 | grasp100  84.0% | best 0.855 |     28 st/s
    done(50): success=43 t_flicker=6 t_touched=1
Ep 11950 | score   31.34 | avg100  161.63 | grasp100  81.0% | best 0.855 |     28 st/s
    done(50): success=38 t_flicker=10 t_touched=2
Ep 12000 | score  202.64 | avg100  151.54 | grasp100  72.0% | best 0.855 |     28 st/s
    done(50): success=34 t_flicker=13 t_touched=1 t_no_reach=2
Ep 12050 | score  222.19 | avg100  158.27 | grasp100  78.0% | best 0.855 |     28 st/s
    done(50): success=44 t_flicker=6
Ep 12100 | score  180.74 | avg100  154.84 | grasp100  79.0% | best 0.855 |     28 st/s
    done(50): success=35 t_flicker=13 t_touched=2
Ep 12150 | score   47.15 | avg100  150.25 | grasp100  73.0% | best 0.855 |     28 st/s
    done(50): success=38 t_flicker=8 t_touched=2 t_no_reach=2
Ep 12200 | score   55.09 | avg100  156.63 | grasp100  77.0% | best 0.855 |     28 st/s
    done(50): success=39 t_flicker=11
Ep 12250 | score  141.39 | avg100  158.82 | grasp100  81.0% | best 0.855 |     28 st/s
    done(50): success=42 t_flicker=7 t_touched=1
Ep 12300 | score  165.99 | avg100  153.97 | grasp100  80.0% | best 0.855 |     28 st/s
    done(50): success=38 t_flicker=8 t_touched=3 t_no_reach=1
Ep 12350 | score  178.26 | avg100  150.77 | grasp100  76.0% | best 0.855 |     28 st/s
    done(50): success=38 t_flicker=9 t_touched=2 t_no_reach=1
Ep 12400 | score  193.13 | avg100  159.95 | grasp100  80.0% | best 0.855 |     28 st/s
    done(50): success=42 t_flicker=7 t_touched=1
Ep 12450 | score  133.38 | avg100  169.26 | grasp100  85.0% | best 0.855 |     28 st/s
    done(50): success=43 t_flicker=6 t_touched=1
Ep 12500 | score  191.61 | avg100  161.00 | grasp100  79.0% | best 0.855 |     28 st/s
    done(50): success=36 t_flicker=12 t_no_reach=2
Ep 12550 | score  176.61 | avg100  153.87 | grasp100  76.0% | best 0.855 |     28 st/s
    done(50): success=40 t_flicker=7 t_touched=2 t_no_reach=1
Ep 12600 | score  223.62 | avg100  166.17 | grasp100  85.0% | best 0.855 |     28 st/s
    done(50): success=45 t_flicker=3 t_no_reach=2
Ep 12650 | score  186.82 | avg100  171.57 | grasp100  88.0% | best 0.855 |     28 st/s
    done(50): success=43 t_flicker=5 t_touched=1 t_no_reach=1
Ep 12700 | score   90.18 | avg100  166.87 | grasp100  83.0% | best 0.855 |     28 st/s
    done(50): success=40 t_flicker=7 t_touched=2 t_no_reach=1
Ep 12750 | score  202.63 | avg100  162.06 | grasp100  79.0% | best 0.855 |     28 st/s
    done(50): success=39 t_flicker=8 t_touched=2 t_no_reach=1
Ep 12800 | score  196.61 | avg100  159.04 | grasp100  79.0% | best 0.855 |     28 st/s
    done(50): success=40 t_flicker=9 t_no_reach=1
  [primacy-bias reset of critic heads @ 200000 updates]
Ep 12850 | score  -23.96 | avg100  121.03 | grasp100  61.0% | best 0.855 |     28 st/s
    done(50): success=21 t_flicker=9 t_touched=7 t_no_reach=13
Ep 12900 | score   71.00 | avg100   60.88 | grasp100  28.0% | best 0.855 |     28 st/s
    done(50): success=7 t_flicker=14 t_touched=8 t_no_reach=21
Ep 12950 | score  204.15 | avg100   47.57 | grasp100  18.0% | best 0.855 |     28 st/s
    done(50): success=11 t_flicker=14 t_touched=11 t_no_reach=14
Ep 13000 | score   30.36 | avg100   73.38 | grasp100  30.0% | best 0.855 |     28 st/s
    done(50): success=19 t_flicker=14 t_touched=10 t_no_reach=7
Ep 13050 | score   36.56 | avg100   97.65 | grasp100  41.0% | best 0.855 |     28 st/s
    done(50): success=22 t_flicker=19 t_touched=8 t_no_reach=1
Ep 13100 | score   55.09 | avg100  111.38 | grasp100  48.0% | best 0.855 |     28 st/s
    done(50): success=26 t_flicker=17 t_touched=5 t_no_reach=2
Ep 13150 | score    6.66 | avg100  121.58 | grasp100  54.0% | best 0.855 |     28 st/s
    done(50): success=28 t_flicker=18 t_no_reach=4
Ep 13200 | score   59.56 | avg100  129.06 | grasp100  59.0% | best 0.855 |     28 st/s
    done(50): success=31 t_flicker=13 t_touched=5 t_no_reach=1
Ep 13250 | score  200.50 | avg100  142.15 | grasp100  68.0% | best 0.855 |     28 st/s
    done(50): success=37 t_flicker=11 t_touched=2
Ep 13300 | score  103.67 | avg100  148.16 | grasp100  72.0% | best 0.855 |     28 st/s
    done(50): success=35 t_flicker=9 t_touched=5 t_no_reach=1
Ep 13350 | score  201.47 | avg100  145.46 | grasp100  71.0% | best 0.855 |     28 st/s
    done(50): success=36 t_flicker=12 t_touched=2
Ep 13400 | score  197.79 | avg100  149.04 | grasp100  73.0% | best 0.855 |     28 st/s
    done(50): success=37 t_flicker=10 t_touched=2 t_no_reach=1
Ep 13450 | score  181.88 | avg100  155.24 | grasp100  76.0% | best 0.855 |     28 st/s
    done(50): success=39 t_flicker=9 t_touched=2
Ep 13500 | score   76.68 | avg100  157.78 | grasp100  77.0% | best 0.855 |     28 st/s
    done(50): success=38 t_flicker=10 t_touched=2
Ep 13550 | score  208.22 | avg100  154.61 | grasp100  75.0% | best 0.855 |     28 st/s
    done(50): success=37 t_flicker=11 t_no_reach=2
Ep 13600 | score   64.67 | avg100  154.60 | grasp100  75.0% | best 0.855 |     28 st/s
    done(50): success=38 t_flicker=12
Ep 13650 | score  198.18 | avg100  166.54 | grasp100  83.0% | best 0.855 |     28 st/s
    done(50): success=45 t_flicker=4 t_touched=1
Ep 13700 | score   34.17 | avg100  169.52 | grasp100  85.0% | best 0.855 |     28 st/s
    done(50): success=40 t_flicker=8 t_touched=2
Ep 13750 | score   43.28 | avg100  164.46 | grasp100  81.0% | best 0.855 |     28 st/s
    done(50): success=41 t_flicker=9
Ep 13800 | score  182.09 | avg100  170.77 | grasp100  83.0% | best 0.855 |     28 st/s
    done(50): success=42 t_flicker=6 t_touched=2
Ep 13850 | score  232.43 | avg100  164.11 | grasp100  78.0% | best 0.855 |     28 st/s
    done(50): success=36 t_flicker=11 t_touched=2 t_no_reach=1
Ep 13900 | score  191.38 | avg100  160.96 | grasp100  79.0% | best 0.855 |     28 st/s
    done(50): success=43 t_flicker=7
Ep 13950 | score   35.75 | avg100  169.00 | grasp100  85.0% | best 0.855 |     28 st/s
    done(50): success=42 t_flicker=7 t_touched=1
Ep 14000 | score   17.74 | avg100  166.85 | grasp100  83.0% | best 0.855 |     28 st/s
    done(50): success=41 t_flicker=8 t_touched=1
Ep 14050 | score  203.30 | avg100  164.58 | grasp100  82.0% | best 0.855 |     28 st/s
    done(50): success=41 t_flicker=8 t_touched=1
Ep 14100 | score  205.37 | avg100  164.72 | grasp100  82.0% | best 0.855 |     28 st/s
    done(50): success=41 t_flicker=7 t_touched=1 t_no_reach=1
Ep 14150 | score  206.61 | avg100  167.41 | grasp100  82.0% | best 0.855 |     28 st/s
    done(50): success=41 t_flicker=8 t_touched=1
Ep 14200 | score  197.59 | avg100  167.66 | grasp100  81.0% | best 0.855 |     28 st/s
    done(50): success=40 t_flicker=8 t_touched=1 t_no_reach=1
Ep 14250 | score  202.84 | avg100  163.41 | grasp100  79.0% | best 0.855 |     28 st/s
    done(50): success=39 t_flicker=9 t_touched=1 t_no_reach=1
Ep 14300 | score  205.91 | avg100  162.65 | grasp100  78.0% | best 0.855 |     28 st/s
    done(50): success=39 t_flicker=11
Ep 14350 | score  173.75 | avg100  157.61 | grasp100  75.0% | best 0.855 |     28 st/s
    done(50): success=36 t_flicker=8 t_touched=4 t_no_reach=2
Ep 14400 | score   15.06 | avg100  159.12 | grasp100  77.0% | best 0.855 |     28 st/s
    done(50): success=41 t_flicker=6 t_touched=3
Ep 14450 | score  193.49 | avg100  172.39 | grasp100  86.0% | best 0.855 |     28 st/s
    done(50): success=45 t_flicker=2 t_touched=2 t_no_reach=1
  [primacy-bias reset of critic heads @ 225000 updates]
Ep 14500 | score   46.01 | avg100  152.86 | grasp100  76.0% | best 0.855 |     28 st/s
    done(50): success=31 t_flicker=11 t_touched=2 t_no_reach=6
Ep 14550 | score   -4.94 | avg100   74.33 | grasp100  38.0% | best 0.855 |     28 st/s
    done(50): success=7 t_flicker=13 t_touched=11 t_no_reach=19
Ep 14600 | score   -4.90 | avg100   23.21 | grasp100  13.0% | best 0.855 |     28 st/s
    done(50): success=6 t_flicker=13 t_touched=8 t_no_reach=23
Ep 14650 | score  202.43 | avg100   53.95 | grasp100  25.0% | best 0.855 |     28 st/s
    done(50): success=19 t_flicker=15 t_touched=9 t_no_reach=7
Ep 14700 | score    3.28 | avg100  101.92 | grasp100  47.0% | best 0.855 |     28 st/s
    done(50): success=28 t_flicker=11 t_touched=7 t_no_reach=4
Ep 14750 | score  204.01 | avg100  129.90 | grasp100  59.0% | best 0.855 |     28 st/s
    done(50): success=31 t_flicker=15 t_touched=3 t_no_reach=1
Ep 14800 | score   36.61 | avg100  132.30 | grasp100  60.0% | best 0.855 |     28 st/s
    done(50): success=29 t_flicker=14 t_touched=5 t_no_reach=2
Ep 14850 | score   38.25 | avg100  126.32 | grasp100  58.0% | best 0.855 |     28 st/s
    done(50): success=29 t_flicker=12 t_touched=6 t_no_reach=3
Ep 14900 | score  204.82 | avg100  142.44 | grasp100  68.0% | best 0.855 |     28 st/s
    done(50): success=39 t_flicker=8 t_touched=2 t_no_reach=1
Ep 14950 | score  189.34 | avg100  147.07 | grasp100  70.0% | best 0.855 |     28 st/s
    done(50): success=31 t_flicker=15 t_touched=4
Ep 15000 | score   45.78 | avg100  147.16 | grasp100  68.0% | best 0.855 |     28 st/s
    done(50): success=37 t_flicker=12 t_touched=1
Ep 15050 | score  207.67 | avg100  153.23 | grasp100  72.0% | best 0.855 |     28 st/s
    done(50): success=35 t_flicker=12 t_touched=2 t_no_reach=1
Ep 15100 | score  164.17 | avg100  155.99 | grasp100  75.0% | best 0.855 |     28 st/s
    done(50): success=40 t_flicker=10
Ep 15150 | score  198.56 | avg100  157.03 | grasp100  75.0% | best 0.855 |     28 st/s
    done(50): success=35 t_flicker=11 t_touched=3 t_no_reach=1
Ep 15200 | score  198.83 | avg100  157.10 | grasp100  78.0% | best 0.855 |     28 st/s
    done(50): success=43 t_flicker=7
Ep 15250 | score  192.13 | avg100  164.17 | grasp100  85.0% | best 0.855 |     28 st/s
    done(50): success=42 t_flicker=6 t_touched=1 t_no_reach=1
Ep 15300 | score  167.35 | avg100  174.96 | grasp100  89.0% | best 0.855 |     28 st/s
    done(50): success=47 t_flicker=3
Ep 15350 | score   44.88 | avg100  168.30 | grasp100  83.0% | best 0.855 |     28 st/s
    done(50): success=36 t_flicker=9 t_touched=5
Ep 15400 | score  164.16 | avg100  161.12 | grasp100  80.0% | best 0.855 |     28 st/s
    done(50): success=44 t_flicker=3 t_touched=3
Ep 15450 | score  149.19 | avg100  169.20 | grasp100  84.0% | best 0.855 |     28 st/s
    done(50): success=40 t_flicker=10
Ep 15500 | score   19.82 | avg100  165.70 | grasp100  81.0% | best 0.855 |     28 st/s
    done(50): success=41 t_flicker=6 t_touched=3
Ep 15550 | score  185.96 | avg100  160.43 | grasp100  79.0% | best 0.855 |     28 st/s
    done(50): success=38 t_flicker=11 t_no_reach=1
Ep 15600 | score  201.18 | avg100  157.70 | grasp100  77.0% | best 0.855 |     28 st/s
    done(50): success=39 t_flicker=9 t_touched=1 t_no_reach=1
Ep 15650 | score   29.15 | avg100  155.11 | grasp100  77.0% | best 0.855 |     28 st/s
    done(50): success=38 t_flicker=6 t_touched=4 t_no_reach=2
Ep 15700 | score  203.40 | avg100  160.64 | grasp100  81.0% | best 0.855 |     28 st/s
    done(50): success=43 t_flicker=7
Ep 15750 | score  200.16 | avg100  168.94 | grasp100  84.0% | best 0.855 |     28 st/s
    done(50): success=41 t_flicker=7 t_touched=2
Ep 15800 | score  195.02 | avg100  156.83 | grasp100  74.0% | best 0.855 |     28 st/s
    done(50): success=33 t_flicker=12 t_touched=2 t_no_reach=3
Ep 15850 | score  162.56 | avg100  153.17 | grasp100  73.0% | best 0.855 |     28 st/s
    done(50): success=40 t_flicker=6 t_touched=3 t_no_reach=1
Ep 15900 | score  148.66 | avg100  158.81 | grasp100  78.0% | best 0.855 |     28 st/s
    done(50): success=38 t_flicker=10 t_touched=1 t_no_reach=1
Ep 15950 | score  185.58 | avg100  158.05 | grasp100  78.0% | best 0.855 |     28 st/s
    done(50): success=40 t_flicker=6 t_touched=2 t_no_reach=2
Ep 16000 | score  197.04 | avg100  161.71 | grasp100  81.0% | best 0.855 |     28 st/s
    done(50): success=41 t_flicker=8 t_touched=1
Ep 16050 | score  198.70 | avg100  163.01 | grasp100  82.0% | best 0.855 |     28 st/s
    done(50): success=41 t_flicker=5 t_touched=1 t_no_reach=3
Ep 16100 | score  180.60 | avg100  164.88 | grasp100  82.0% | best 0.855 |     28 st/s
    done(50): success=41 t_flicker=8 t_touched=1
Ep 16150 | score   59.02 | avg100  159.08 | grasp100  77.0% | best 0.855 |     28 st/s
    done(50): success=36 t_flicker=13 t_touched=1
  [primacy-bias reset of critic heads @ 250000 updates]
Ep 16200 | score   23.83 | avg100  124.33 | grasp100  61.0% | best 0.855 |     28 st/s
    done(50): success=25 t_flicker=10 t_touched=7 t_no_reach=8
Ep 16250 | score  -18.70 | avg100   61.91 | grasp100  31.0% | best 0.855 |     28 st/s
    done(50): success=6 t_flicker=7 t_touched=10 t_no_reach=27
Ep 16300 | score   69.10 | avg100   30.95 | grasp100  14.0% | best 0.855 |     28 st/s
    done(50): success=8 t_flicker=14 t_touched=8 t_no_reach=20
Ep 16350 | score    0.35 | avg100   63.94 | grasp100  30.0% | best 0.855 |     28 st/s
    done(50): success=22 t_flicker=11 t_touched=11 t_no_reach=6
Ep 16400 | score   19.52 | avg100  101.14 | grasp100  48.0% | best 0.855 |     28 st/s
    done(50): success=26 t_flicker=14 t_touched=3 t_no_reach=7
Ep 16450 | score  196.01 | avg100  114.31 | grasp100  52.0% | best 0.855 |     28 st/s
    done(50): success=26 t_flicker=19 t_touched=2 t_no_reach=3
Ep 16500 | score   26.80 | avg100  124.91 | grasp100  57.0% | best 0.855 |     28 st/s
    done(50): success=31 t_flicker=13 t_touched=5 t_no_reach=1
Ep 16550 | score  196.59 | avg100  147.97 | grasp100  71.0% | best 0.855 |     28 st/s
    done(50): success=40 t_flicker=9 t_no_reach=1
Ep 16600 | score  197.34 | avg100  160.93 | grasp100  78.0% | best 0.855 |     28 st/s
    done(50): success=38 t_flicker=8 t_touched=4
Ep 16650 | score   60.87 | avg100  154.65 | grasp100  73.0% | best 0.855 |     28 st/s
    done(50): success=35 t_flicker=13 t_touched=2
Ep 16700 | score  177.84 | avg100  147.67 | grasp100  71.0% | best 0.855 |     28 st/s
    done(50): success=36 t_flicker=11 t_touched=2 t_no_reach=1
Ep 16750 | score  205.46 | avg100  151.89 | grasp100  74.0% | best 0.855 |     28 st/s
    done(50): success=38 t_flicker=9 t_touched=2 t_no_reach=1
Ep 16800 | score   53.63 | avg100  154.31 | grasp100  73.0% | best 0.855 |     28 st/s
    done(50): success=35 t_flicker=13 t_touched=1 t_no_reach=1
Ep 16850 | score   55.04 | avg100  156.16 | grasp100  75.0% | best 0.855 |     28 st/s
    done(50): success=40 t_flicker=10
Ep 16900 | score  199.65 | avg100  164.70 | grasp100  81.0% | best 0.855 |     28 st/s
    done(50): success=41 t_flicker=6 t_touched=3
Ep 16950 | score  164.56 | avg100  169.88 | grasp100  85.0% | best 0.855 |     28 st/s
    done(50): success=44 t_flicker=4 t_touched=1 t_no_reach=1
Ep 17000 | score  186.11 | avg100  168.68 | grasp100  85.0% | best 0.855 |     28 st/s
    done(50): success=41 t_flicker=7 t_touched=1 t_no_reach=1
Ep 17050 | score   79.86 | avg100  169.05 | grasp100  85.0% | best 0.855 |     28 st/s
    done(50): success=44 t_flicker=5 t_touched=1
Ep 17100 | score  199.45 | avg100  169.30 | grasp100  83.0% | best 0.855 |     28 st/s
    done(50): success=39 t_flicker=11
Ep 17150 | score  194.40 | avg100  166.12 | grasp100  82.0% | best 0.855 |     28 st/s
    done(50): success=43 t_flicker=6 t_touched=1
Ep 17200 | score  204.00 | avg100  166.78 | grasp100  81.0% | best 0.855 |     28 st/s
    done(50): success=38 t_flicker=11 t_no_reach=1
Ep 17250 | score  203.23 | avg100  166.01 | grasp100  78.0% | best 0.855 |     28 st/s
    done(50): success=40 t_flicker=7 t_no_reach=3
Ep 17300 | score  190.38 | avg100  166.05 | grasp100  84.0% | best 0.855 |     28 st/s
    done(50): success=44 t_flicker=4 t_touched=1 t_no_reach=1
Ep 17350 | score  198.39 | avg100  169.30 | grasp100  87.0% | best 0.855 |     28 st/s
    done(50): success=43 t_flicker=6 t_touched=1
Ep 17400 | score  197.27 | avg100  166.90 | grasp100  83.0% | best 0.855 |     28 st/s
    done(50): success=40 t_flicker=7 t_touched=3
Ep 17438 | * BEST  level200=2.00 grasp200= 87.0% metric=0.870 | score  158.50
Ep 17450 | score   45.27 | avg100  172.31 | grasp100  87.0% | best 0.870 |     28 st/s
    done(50): success=47 t_flicker=3
Ep 17500 | score   32.92 | avg100  165.06 | grasp100  82.0% | best 0.870 |     28 st/s
    done(50): success=35 t_flicker=13 t_touched=1 t_no_reach=1
Ep 17550 | score   67.59 | avg100  145.04 | grasp100  71.0% | best 0.870 |     28 st/s
    done(50): success=36 t_flicker=10 t_no_reach=4
Ep 17600 | score   62.30 | avg100  151.01 | grasp100  74.0% | best 0.870 |     28 st/s
    done(50): success=38 t_flicker=12
Ep 17650 | score  200.65 | avg100  160.95 | grasp100  80.0% | best 0.870 |     28 st/s
    done(50): success=42 t_flicker=6 t_touched=1 t_no_reach=1
Ep 17700 | score  202.14 | avg100  160.96 | grasp100  81.0% | best 0.870 |     28 st/s
    done(50): success=39 t_flicker=11
Ep 17750 | score  173.71 | avg100  163.11 | grasp100  79.0% | best 0.870 |     28 st/s
    done(50): success=40 t_flicker=10
Ep 17800 | score  200.71 | avg100  175.55 | grasp100  86.0% | best 0.870 |     28 st/s
    done(50): success=46 t_flicker=4
  [primacy-bias reset of critic heads @ 275000 updates]
Ep 17850 | score   67.04 | avg100  178.91 | grasp100  90.0% | best 0.870 |     28 st/s
    done(50): success=44 t_flicker=6
Ep 17900 | score  -20.56 | avg100  103.28 | grasp100  54.0% | best 0.870 |     28 st/s
    done(50): success=10 t_flicker=11 t_touched=4 t_no_reach=25
Ep 17950 | score   -6.48 | avg100   29.95 | grasp100  18.0% | best 0.870 |     28 st/s
    done(50): success=8 t_flicker=10 t_touched=5 t_no_reach=27
Ep 18000 | score  178.83 | avg100   47.45 | grasp100  22.0% | best 0.870 |     28 st/s
    done(50): success=14 t_flicker=15 t_touched=12 t_no_reach=9
Ep 18050 | score   57.22 | avg100   87.90 | grasp100  37.0% | best 0.870 |     28 st/s
    done(50): success=23 t_flicker=22 t_touched=3 t_no_reach=2
Ep 18100 | score   26.71 | avg100  114.80 | grasp100  52.0% | best 0.870 |     28 st/s
    done(50): success=29 t_flicker=12 t_touched=8 t_no_reach=1
Ep 18150 | score  197.87 | avg100  125.40 | grasp100  59.0% | best 0.870 |     28 st/s
    done(50): success=30 t_flicker=15 t_touched=5
Ep 18200 | score  174.21 | avg100  131.46 | grasp100  61.0% | best 0.870 |     28 st/s
    done(50): success=31 t_flicker=13 t_touched=6
Ep 18250 | score   53.62 | avg100  149.26 | grasp100  72.0% | best 0.870 |     28 st/s
    done(50): success=41 t_flicker=7 t_touched=2
Ep 18300 | score   61.71 | avg100  162.08 | grasp100  79.0% | best 0.870 |     28 st/s
    done(50): success=38 t_flicker=11 t_no_reach=1
Ep 18350 | score  205.07 | avg100  152.18 | grasp100  72.0% | best 0.870 |     28 st/s
    done(50): success=34 t_flicker=13 t_touched=2 t_no_reach=1
Ep 18400 | score  190.46 | avg100  150.97 | grasp100  72.0% | best 0.870 |     28 st/s
    done(50): success=38 t_flicker=8 t_touched=3 t_no_reach=1
Ep 18450 | score  168.61 | avg100  158.03 | grasp100  77.0% | best 0.870 |     28 st/s
    done(50): success=39 t_flicker=9 t_touched=2
Ep 18500 | score  203.41 | avg100  165.92 | grasp100  82.0% | best 0.870 |     28 st/s
    done(50): success=43 t_flicker=5 t_touched=2
Ep 18550 | score  190.28 | avg100  161.54 | grasp100  80.0% | best 0.870 |     28 st/s
    done(50): success=37 t_flicker=10 t_touched=3
Ep 18600 | score  204.82 | avg100  160.36 | grasp100  80.0% | best 0.870 |     28 st/s
    done(50): success=43 t_flicker=5 t_touched=2
Ep 18650 | score  206.27 | avg100  165.05 | grasp100  83.0% | best 0.870 |     28 st/s
    done(50): success=40 t_flicker=9 t_no_reach=1
Ep 18700 | score  203.29 | avg100  163.90 | grasp100  80.0% | best 0.870 |     28 st/s
    done(50): success=40 t_flicker=10
Ep 18750 | score  180.11 | avg100  165.98 | grasp100  82.0% | best 0.870 |     28 st/s
    done(50): success=42 t_flicker=5 t_touched=2 t_no_reach=1
Ep 18800 | score  189.25 | avg100  165.71 | grasp100  84.0% | best 0.870 |     28 st/s
    done(50): success=42 t_flicker=4 t_touched=2 t_no_reach=2
Ep 18850 | score  230.39 | avg100  168.45 | grasp100  85.0% | best 0.870 |     28 st/s
    done(50): success=43 t_flicker=6 t_no_reach=1
Ep 18900 | score  219.75 | avg100  169.19 | grasp100  86.0% | best 0.870 |     28 st/s
    done(50): success=43 t_flicker=4 t_touched=1 t_no_reach=2
Ep 18950 | score  157.07 | avg100  174.84 | grasp100  88.0% | best 0.870 |     28 st/s
    done(50): success=45 t_flicker=4 t_touched=1
Ep 19000 | score  217.21 | avg100  166.91 | grasp100  82.0% | best 0.870 |     28 st/s
    done(50): success=37 t_flicker=9 t_touched=2 t_no_reach=2
Ep 19050 | score  203.20 | avg100  154.55 | grasp100  75.0% | best 0.870 |     28 st/s
    done(50): success=38 t_flicker=9 t_touched=1 t_no_reach=2
Ep 19100 | score   54.40 | avg100  171.68 | grasp100  85.0% | best 0.870 |     28 st/s
    done(50): success=47 t_flicker=3
Ep 19150 | score  159.42 | avg100  171.51 | grasp100  85.0% | best 0.870 |     28 st/s
    done(50): success=38 t_flicker=11 t_touched=1
Ep 19200 | score  204.78 | avg100  150.42 | grasp100  71.0% | best 0.870 |     28 st/s
    done(50): success=33 t_flicker=13 t_touched=2 t_no_reach=2
Ep 19250 | score  217.82 | avg100  151.32 | grasp100  72.0% | best 0.870 |     28 st/s
    done(50): success=39 t_flicker=10 t_touched=1
Ep 19300 | score  204.52 | avg100  169.61 | grasp100  85.0% | best 0.870 |     28 st/s
    done(50): success=46 t_flicker=4
Ep 19350 | score  203.43 | avg100  176.06 | grasp100  88.0% | best 0.870 |     28 st/s
    done(50): success=42 t_flicker=8
Ep 19400 | score  194.51 | avg100  171.40 | grasp100  84.0% | best 0.870 |     28 st/s
    done(50): success=42 t_flicker=7 t_touched=1
Ep 19450 | score  200.82 | avg100  168.32 | grasp100  83.0% | best 0.870 |     28 st/s
    done(50): success=41 t_flicker=5 t_touched=2 t_no_reach=2
Ep 19500 | score  165.18 | avg100  168.82 | grasp100  84.0% | best 0.870 |     28 st/s
    done(50): success=43 t_flicker=5 t_touched=1 t_no_reach=1
Ep 19550 | score  207.84 | avg100  162.98 | grasp100  81.0% | best 0.870 |     27 st/s
    done(50): success=38 t_flicker=11 t_no_reach=1
  [primacy-bias reset of critic heads @ 300000 updates]
Ep 19600 | score  -27.79 | avg100   90.56 | grasp100  48.0% | best 0.870 |     28 st/s
    done(50): success=10 t_flicker=2 t_touched=3 t_no_reach=35
Ep 19650 | score  -24.60 | avg100    4.21 | grasp100  10.0% | best 0.870 |     28 st/s
    done(50): t_flicker=3 t_touched=3 t_no_reach=44
Ep 19700 | score  185.93 | avg100   -0.80 | grasp100   5.0% | best 0.870 |     28 st/s
    done(50): success=5 t_flicker=8 t_touched=8 t_no_reach=29
Ep 19750 | score   55.80 | avg100   57.75 | grasp100  26.0% | best 0.870 |     28 st/s
    done(50): success=21 t_flicker=18 t_touched=8 t_no_reach=3
Ep 19800 | score   42.33 | avg100  105.56 | grasp100  46.0% | best 0.870 |     28 st/s
    done(50): success=25 t_flicker=16 t_touched=8 t_no_reach=1
Ep 19850 | score  204.52 | avg100  130.03 | grasp100  59.0% | best 0.870 |     28 st/s
    done(50): success=34 t_flicker=13 t_touched=2 t_no_reach=1
Ep 19900 | score  158.85 | avg100  145.37 | grasp100  66.0% | best 0.870 |     28 st/s
    done(50): success=32 t_flicker=14 t_touched=3 t_no_reach=1
Ep 19950 | score  201.27 | avg100  151.49 | grasp100  72.0% | best 0.870 |     28 st/s
    done(50): success=40 t_flicker=5 t_touched=4 t_no_reach=1
Ep 20000 | score   13.25 | avg100  150.86 | grasp100  75.0% | best 0.870 |     28 st/s
    done(50): success=35 t_flicker=11 t_touched=3 t_no_reach=1
Ep 20050 | score  179.55 | avg100  142.65 | grasp100  69.0% | best 0.870 |     28 st/s
    done(50): success=34 t_flicker=11 t_touched=4 t_no_reach=1
Ep 20100 | score  175.37 | avg100  150.56 | grasp100  73.0% | best 0.870 |     28 st/s
    done(50): success=39 t_flicker=10 t_touched=1
Ep 20150 | score  169.38 | avg100  156.89 | grasp100  76.0% | best 0.870 |     28 st/s
    done(50): success=37 t_flicker=10 t_touched=3
Ep 20200 | score  160.64 | avg100  162.80 | grasp100  79.0% | best 0.870 |     28 st/s
    done(50): success=42 t_flicker=7 t_touched=1
Ep 20250 | score  187.34 | avg100  162.69 | grasp100  78.0% | best 0.870 |     28 st/s
    done(50): success=36 t_flicker=13 t_touched=1
Ep 20300 | score  190.16 | avg100  160.05 | grasp100  78.0% | best 0.870 |     28 st/s
    done(50): success=42 t_flicker=7 t_no_reach=1
Ep 20350 | score  191.85 | avg100  164.98 | grasp100  84.0% | best 0.870 |     28 st/s
    done(50): success=42 t_flicker=7 t_no_reach=1
Ep 20400 | score  166.89 | avg100  166.91 | grasp100  85.0% | best 0.870 |     28 st/s
    done(50): success=43 t_flicker=5 t_no_reach=2
Ep 20450 | score  203.90 | avg100  165.95 | grasp100  84.0% | best 0.870 |     28 st/s
    done(50): success=41 t_flicker=8 t_touched=1
Ep 20500 | score  178.38 | avg100  165.57 | grasp100  83.0% | best 0.870 |     28 st/s
    done(50): success=42 t_flicker=6 t_touched=2
Ep 20550 | score  207.50 | avg100  171.93 | grasp100  87.0% | best 0.870 |     28 st/s
    done(50): success=45 t_flicker=5
Ep 20600 | score  187.46 | avg100  174.21 | grasp100  87.0% | best 0.870 |     28 st/s
    done(50): success=42 t_flicker=8
Ep 20650 | score  203.82 | avg100  172.37 | grasp100  85.0% | best 0.870 |     28 st/s
    done(50): success=43 t_flicker=5 t_touched=2
Ep 20700 | score  177.37 | avg100  171.04 | grasp100  86.0% | best 0.870 |     28 st/s
    done(50): success=43 t_flicker=6 t_no_reach=1
Ep 20750 | score  177.32 | avg100  169.68 | grasp100  86.0% | best 0.870 |     28 st/s
    done(50): success=43 t_flicker=4 t_touched=1 t_no_reach=2
Ep 20800 | score  198.80 | avg100  172.47 | grasp100  88.0% | best 0.870 |     28 st/s
    done(50): success=45 t_flicker=2 t_touched=2 t_no_reach=1
Ep 20850 | score  222.09 | avg100  168.58 | grasp100  84.0% | best 0.870 |     28 st/s
    done(50): success=39 t_flicker=8 t_touched=2 t_no_reach=1
Ep 20900 | score  163.22 | avg100  170.18 | grasp100  85.0% | best 0.870 |     28 st/s
    done(50): success=46 t_flicker=3 t_no_reach=1
Ep 20950 | score  211.40 | avg100  177.31 | grasp100  90.0% | best 0.870 |     28 st/s
    done(50): success=44 t_flicker=4 t_touched=1 t_no_reach=1
Ep 21000 | score  203.57 | avg100  172.03 | grasp100  85.0% | best 0.870 |     28 st/s
    done(50): success=41 t_flicker=8 t_touched=1
Ep 21050 | score  197.99 | avg100  167.38 | grasp100  81.0% | best 0.870 |     27 st/s
    done(50): success=40 t_flicker=10
Ep 21100 | score  171.54 | avg100  168.11 | grasp100  84.0% | best 0.870 |     27 st/s
    done(50): success=44 t_flicker=5 t_no_reach=1
Ep 21150 | score  177.89 | avg100  176.12 | grasp100  92.0% | best 0.870 |     27 st/s
    done(50): success=48 t_flicker=2
Ep 21200 | score  189.41 | avg100  172.89 | grasp100  88.0% | best 0.870 |     27 st/s
    done(50): success=40 t_flicker=10
  [primacy-bias reset of critic heads @ 325000 updates]
Ep 21239 | * BEST  level200=2.00 grasp200= 88.5% metric=0.885 | score  201.99
Ep 21250 | score  -14.48 | avg100  154.73 | grasp100  78.0% | best 0.885 |     27 st/s
    done(50): success=38 t_flicker=3 t_touched=3 t_no_reach=6
Ep 21300 | score  -26.48 | avg100   82.40 | grasp100  43.0% | best 0.885 |     28 st/s
    done(50): success=5 t_flicker=10 t_touched=10 t_no_reach=25
Ep 21350 | score   28.20 | avg100   14.85 | grasp100   7.0% | best 0.885 |     28 st/s
    done(50): success=2 t_flicker=10 t_touched=18 t_no_reach=20
Ep 21400 | score   79.72 | avg100   57.83 | grasp100  27.0% | best 0.885 |     28 st/s
    done(50): success=25 t_flicker=12 t_touched=8 t_no_reach=5
Ep 21450 | score  199.71 | avg100  106.64 | grasp100  49.0% | best 0.885 |     28 st/s
    done(50): success=24 t_flicker=16 t_touched=6 t_no_reach=4
Ep 21500 | score  141.60 | avg100  123.17 | grasp100  57.0% | best 0.885 |     28 st/s
    done(50): success=33 t_flicker=8 t_touched=7 t_no_reach=2
Ep 21550 | score  191.86 | avg100  146.17 | grasp100  71.0% | best 0.885 |     28 st/s
    done(50): success=38 t_flicker=8 t_touched=2 t_no_reach=2
Ep 21600 | score  189.44 | avg100  148.20 | grasp100  74.0% | best 0.885 |     28 st/s
    done(50): success=36 t_flicker=10 t_touched=3 t_no_reach=1
Ep 21650 | score  160.37 | avg100  149.35 | grasp100  75.0% | best 0.885 |     28 st/s
    done(50): success=39 t_flicker=8 t_touched=3
Ep 21700 | score  169.30 | avg100  164.61 | grasp100  82.0% | best 0.885 |     28 st/s
    done(50): success=43 t_flicker=6 t_touched=1
Ep 21750 | score  196.07 | avg100  169.72 | grasp100  84.0% | best 0.885 |     28 st/s
    done(50): success=41 t_flicker=9
Ep 21800 | score  206.27 | avg100  165.02 | grasp100  82.0% | best 0.885 |     28 st/s
    done(50): success=41 t_flicker=5 t_touched=2 t_no_reach=2
Ep 21850 | score   59.20 | avg100  159.16 | grasp100  78.0% | best 0.885 |     28 st/s
    done(50): success=37 t_flicker=12 t_touched=1
Ep 21900 | score  203.96 | avg100  162.95 | grasp100  80.0% | best 0.885 |     28 st/s
    done(50): success=43 t_flicker=6 t_touched=1
Ep 21950 | score  204.72 | avg100  165.69 | grasp100  83.0% | best 0.885 |     28 st/s
    done(50): success=40 t_flicker=8 t_touched=1 t_no_reach=1
Ep 22000 | score  202.15 | avg100  161.71 | grasp100  79.0% | best 0.885 |     28 st/s
    done(50): success=39 t_flicker=7 t_touched=4
Ep 22050 | score   89.22 | avg100  159.33 | grasp100  78.0% | best 0.885 |     28 st/s
    done(50): success=39 t_flicker=10 t_no_reach=1
Ep 22100 | score  189.56 | avg100  168.45 | grasp100  85.0% | best 0.885 |     28 st/s
    done(50): success=46 t_flicker=2 t_touched=1 t_no_reach=1
Ep 22150 | score   95.79 | avg100  172.95 | grasp100  85.0% | best 0.885 |     28 st/s
    done(50): success=39 t_flicker=11
Ep 22200 | score  153.77 | avg100  166.47 | grasp100  82.0% | best 0.885 |     28 st/s
    done(50): success=43 t_flicker=5 t_touched=2
Ep 22250 | score  188.17 | avg100  174.29 | grasp100  87.0% | best 0.885 |     28 st/s
    done(50): success=44 t_flicker=5 t_no_reach=1
Ep 22300 | score   16.63 | avg100  172.21 | grasp100  86.0% | best 0.885 |     28 st/s
    done(50): success=42 t_flicker=6 t_touched=1 t_no_reach=1
Ep 22350 | score  188.89 | avg100  165.47 | grasp100  83.0% | best 0.885 |     28 st/s
    done(50): success=41 t_flicker=9
Ep 22400 | score  214.50 | avg100  173.15 | grasp100  86.0% | best 0.885 |     28 st/s
    done(50): success=45 t_flicker=2 t_touched=1 t_no_reach=2
Ep 22450 | score  195.20 | avg100  176.76 | grasp100  89.0% | best 0.885 |     28 st/s
    done(50): success=44 t_flicker=4 t_touched=2
Ep 22500 | score  180.64 | avg100  174.03 | grasp100  88.0% | best 0.885 |     28 st/s
    done(50): success=44 t_flicker=4 t_touched=2
Ep 22550 | score  202.02 | avg100  169.63 | grasp100  85.0% | best 0.885 |     27 st/s
    done(50): success=41 t_flicker=7 t_touched=1 t_no_reach=1
Ep 22600 | score  188.36 | avg100  171.04 | grasp100  84.0% | best 0.885 |     27 st/s
    done(50): success=43 t_flicker=5 t_touched=1 t_no_reach=1
Ep 22650 | score  176.44 | avg100  177.06 | grasp100  86.0% | best 0.885 |     27 st/s
    done(50): success=43 t_flicker=7
Ep 22700 | score  200.10 | avg100  179.74 | grasp100  90.0% | best 0.885 |     27 st/s
    done(50): success=47 t_flicker=2 t_touched=1
Ep 22750 | score  195.62 | avg100  181.78 | grasp100  93.0% | best 0.885 |     27 st/s
    done(50): success=46 t_flicker=3 t_touched=1
Ep 22751 | * BEST  level200=2.00 grasp200= 90.0% metric=0.900 | score  173.21
Ep 22763 | * BEST  level200=2.00 grasp200= 91.5% metric=0.915 | score  203.43
Ep 22800 | score  175.41 | avg100  182.23 | grasp100  93.0% | best 0.915 |     27 st/s
    done(50): success=47 t_flicker=2 t_touched=1
Ep 22850 | score  186.03 | avg100  176.95 | grasp100  90.0% | best 0.915 |     27 st/s
    done(50): success=43 t_flicker=5 t_touched=2
Ep 22900 | score  205.31 | avg100  175.84 | grasp100  87.0% | best 0.915 |     27 st/s
    done(50): success=44 t_flicker=6
Ep 22950 | score  186.97 | avg100  172.88 | grasp100  85.0% | best 0.915 |     27 st/s
    done(50): success=41 t_flicker=7 t_no_reach=2
  [primacy-bias reset of critic heads @ 350000 updates]
Ep 23000 | score  -13.26 | avg100  149.80 | grasp100  74.0% | best 0.915 |     27 st/s
    done(50): success=33 t_flicker=6 t_touched=4 t_no_reach=7
Ep 23050 | score  198.94 | avg100   76.42 | grasp100  38.0% | best 0.915 |     27 st/s
    done(50): success=5 t_flicker=9 t_touched=6 t_no_reach=30
Ep 23100 | score  191.17 | avg100   43.62 | grasp100  24.0% | best 0.915 |     27 st/s
    done(50): success=19 t_flicker=6 t_touched=6 t_no_reach=19
Ep 23150 | score  -14.27 | avg100   75.67 | grasp100  39.0% | best 0.915 |     27 st/s
    done(50): success=20 t_flicker=9 t_touched=9 t_no_reach=12
Ep 23200 | score  202.28 | avg100  101.53 | grasp100  49.0% | best 0.915 |     28 st/s
    done(50): success=29 t_flicker=11 t_touched=8 t_no_reach=2
Ep 23250 | score   12.57 | avg100  126.73 | grasp100  63.0% | best 0.915 |     28 st/s
    done(50): success=34 t_flicker=8 t_touched=3 t_no_reach=5
Ep 23300 | score   -6.06 | avg100  137.30 | grasp100  68.0% | best 0.915 |     28 st/s
    done(50): success=34 t_flicker=11 t_touched=4 t_no_reach=1
Ep 23350 | score  201.77 | avg100  138.04 | grasp100  66.0% | best 0.915 |     28 st/s
    done(50): success=32 t_flicker=14 t_touched=3 t_no_reach=1
Ep 23400 | score  166.04 | avg100  147.21 | grasp100  72.0% | best 0.915 |     28 st/s
    done(50): success=40 t_flicker=9 t_touched=1
Ep 23450 | score  195.24 | avg100  162.71 | grasp100  81.0% | best 0.915 |     28 st/s
    done(50): success=41 t_flicker=8 t_touched=1
Ep 23500 | score   64.01 | avg100  156.46 | grasp100  77.0% | best 0.915 |     28 st/s
    done(50): success=36 t_flicker=10 t_touched=3 t_no_reach=1
Ep 23550 | score  205.61 | avg100  154.34 | grasp100  78.0% | best 0.915 |     27 st/s
    done(50): success=42 t_flicker=7 t_no_reach=1
Ep 23600 | score   30.56 | avg100  165.58 | grasp100  85.0% | best 0.915 |     27 st/s
    done(50): success=43 t_flicker=6 t_touched=1
Ep 23650 | score  182.49 | avg100  165.74 | grasp100  82.0% | best 0.915 |     27 st/s
    done(50): success=39 t_flicker=9 t_touched=2
Ep 23700 | score  178.94 | avg100  165.94 | grasp100  83.0% | best 0.915 |     27 st/s
    done(50): success=44 t_flicker=3 t_touched=1 t_no_reach=2
Ep 23750 | score  204.84 | avg100  165.59 | grasp100  82.0% | best 0.915 |     27 st/s
    done(50): success=38 t_flicker=11 t_touched=1
Ep 23800 | score  170.02 | avg100  162.10 | grasp100  80.0% | best 0.915 |     27 st/s
    done(50): success=42 t_flicker=5 t_touched=2 t_no_reach=1
Ep 23850 | score  202.20 | avg100  176.25 | grasp100  89.0% | best 0.915 |     27 st/s
    done(50): success=47 t_flicker=3
Ep 23900 | score  186.02 | avg100  183.91 | grasp100  93.0% | best 0.915 |     27 st/s
    done(50): success=46 t_flicker=3 t_touched=1
Ep 23950 | score   75.13 | avg100  179.23 | grasp100  90.0% | best 0.915 |     27 st/s
    done(50): success=44 t_flicker=5 t_no_reach=1
Ep 24000 | score  205.76 | avg100  179.63 | grasp100  88.0% | best 0.915 |     27 st/s
    done(50): success=44 t_flicker=4 t_no_reach=2
Ep 24050 | score  201.68 | avg100  181.50 | grasp100  91.0% | best 0.915 |     27 st/s
    done(50): success=47 t_flicker=1 t_touched=1 t_no_reach=1
Ep 24100 | score  195.92 | avg100  173.55 | grasp100  87.0% | best 0.915 |     27 st/s
    done(50): success=40 t_flicker=7 t_touched=2 t_no_reach=1
Ep 24150 | score  209.50 | avg100  176.78 | grasp100  89.0% | best 0.915 |     27 st/s
    done(50): success=49 t_flicker=1
Ep 24200 | score  194.34 | avg100  181.28 | grasp100  92.0% | best 0.915 |     27 st/s
    done(50): success=43 t_flicker=6 t_touched=1
Ep 24250 | score  182.99 | avg100  179.98 | grasp100  91.0% | best 0.915 |     27 st/s
    done(50): success=48 t_flicker=1 t_touched=1
Ep 24300 | score  191.57 | avg100  180.76 | grasp100  91.0% | best 0.915 |     27 st/s
    done(50): success=43 t_flicker=6 t_touched=1
Ep 24350 | score  204.01 | avg100  174.40 | grasp100  88.0% | best 0.915 |     27 st/s
    done(50): success=45 t_flicker=4 t_no_reach=1
Ep 24400 | score  179.61 | avg100  168.99 | grasp100  87.0% | best 0.915 |     27 st/s
    done(50): success=42 t_flicker=5 t_touched=2 t_no_reach=1
Ep 24450 | score  197.38 | avg100  168.02 | grasp100  87.0% | best 0.915 |     27 st/s
    done(50): success=45 t_flicker=4 t_no_reach=1
Ep 24500 | score  187.69 | avg100  173.20 | grasp100  89.0% | best 0.915 |     27 st/s
    done(50): success=44 t_flicker=5 t_touched=1
Ep 24550 | score  229.92 | avg100  174.68 | grasp100  88.0% | best 0.915 |     27 st/s
    done(50): success=44 t_flicker=6
Ep 24600 | score  199.84 | avg100  179.91 | grasp100  92.0% | best 0.915 |     27 st/s
    done(50): success=48 t_flicker=2
Ep 24650 | score  193.73 | avg100  185.13 | grasp100  97.0% | best 0.915 |     27 st/s
    done(50): success=49 t_flicker=1
Ep 24658 | * BEST  level200=2.00 grasp200= 93.0% metric=0.930 | score  172.05
Ep 24700 | score  159.24 | avg100  183.35 | grasp100  93.0% | best 0.930 |     27 st/s
    done(50): success=44 t_flicker=5 t_no_reach=1
Ep 24750 | score  194.63 | avg100  181.36 | grasp100  91.0% | best 0.930 |     27 st/s
    done(50): success=47 t_flicker=1 t_no_reach=2
  [primacy-bias reset of critic heads @ 375000 updates]
Ep 24800 | score  -20.69 | avg100  141.99 | grasp100  73.0% | best 0.930 |     27 st/s
    done(50): success=26 t_flicker=9 t_touched=3 t_no_reach=12
Ep 24850 | score  -27.55 | avg100   48.15 | grasp100  29.0% | best 0.930 |     27 st/s
    done(50): success=3 t_flicker=5 t_touched=2 t_no_reach=40
Ep 24900 | score  198.78 | avg100    1.72 | grasp100   6.0% | best 0.930 |     27 st/s
    done(50): success=3 t_flicker=7 t_touched=17 t_no_reach=23
Ep 24950 | score   57.85 | avg100   44.40 | grasp100  19.0% | best 0.930 |     27 st/s
    done(50): success=16 t_flicker=19 t_touched=6 t_no_reach=9
Ep 25000 | score    6.22 | avg100   99.48 | grasp100  45.0% | best 0.930 |     27 st/s
    done(50): success=29 t_flicker=10 t_touched=8 t_no_reach=3
Ep 25050 | score    4.43 | avg100  125.95 | grasp100  61.0% | best 0.930 |     27 st/s
    done(50): success=32 t_flicker=9 t_touched=5 t_no_reach=4
Ep 25100 | score  204.99 | avg100  143.17 | grasp100  70.0% | best 0.930 |     27 st/s
    done(50): success=38 t_flicker=9 t_touched=3
Ep 25150 | score  192.83 | avg100  159.89 | grasp100  80.0% | best 0.930 |     27 st/s
    done(50): success=42 t_flicker=6 t_touched=2
Ep 25200 | score  114.34 | avg100  159.33 | grasp100  78.0% | best 0.930 |     27 st/s
    done(50): success=36 t_flicker=14
Ep 25250 | score  180.96 | avg100  157.82 | grasp100  77.0% | best 0.930 |     27 st/s
    done(50): success=41 t_flicker=6 t_touched=2 t_no_reach=1
Ep 25300 | score  185.47 | avg100  159.70 | grasp100  80.0% | best 0.930 |     27 st/s
    done(50): success=39 t_flicker=5 t_touched=3 t_no_reach=3
Ep 25350 | score  179.64 | avg100  164.94 | grasp100  84.0% | best 0.930 |     27 st/s
    done(50): success=45 t_flicker=4 t_no_reach=1
Ep 25400 | score    8.34 | avg100  169.43 | grasp100  85.0% | best 0.930 |     27 st/s
    done(50): success=40 t_flicker=10
Ep 25450 | score  208.03 | avg100  171.03 | grasp100  85.0% | best 0.930 |     27 st/s
    done(50): success=45 t_flicker=5
Ep 25500 | score   44.15 | avg100  172.63 | grasp100  86.0% | best 0.930 |     27 st/s
    done(50): success=41 t_flicker=9
Ep 25550 | score  180.86 | avg100  170.94 | grasp100  85.0% | best 0.930 |     27 st/s
    done(50): success=44 t_flicker=5 t_touched=1
Ep 25600 | score  196.94 | avg100  176.94 | grasp100  90.0% | best 0.930 |     27 st/s
    done(50): success=46 t_flicker=4
Ep 25650 | score  193.12 | avg100  179.53 | grasp100  91.0% | best 0.930 |     27 st/s
    done(50): success=45 t_flicker=4 t_touched=1
Ep 25700 | score  168.58 | avg100  177.69 | grasp100  89.0% | best 0.930 |     27 st/s
    done(50): success=44 t_flicker=3 t_no_reach=3
Ep 25750 | score  197.20 | avg100  172.88 | grasp100  85.0% | best 0.930 |     27 st/s
    done(50): success=41 t_flicker=7 t_touched=2
Ep 25800 | score  204.54 | avg100  177.91 | grasp100  90.0% | best 0.930 |     27 st/s
    done(50): success=49 t_flicker=1
Ep 25850 | score   80.81 | avg100  181.80 | grasp100  93.0% | best 0.930 |     27 st/s
    done(50): success=44 t_flicker=5 t_touched=1
Ep 25900 | score  203.56 | avg100  180.07 | grasp100  91.0% | best 0.930 |     27 st/s
    done(50): success=47 t_flicker=3
Ep 25950 | score  175.10 | avg100  182.75 | grasp100  94.0% | best 0.930 |     27 st/s
    done(50): success=47 t_flicker=3
Ep 26000 | score  195.03 | avg100  178.15 | grasp100  90.0% | best 0.930 |     27 st/s
    done(50): success=43 t_flicker=7
Ep 26050 | score  176.99 | avg100  172.97 | grasp100  88.0% | best 0.930 |     27 st/s
    done(50): success=45 t_flicker=3 t_touched=1 t_no_reach=1
Ep 26100 | score  162.32 | avg100  166.72 | grasp100  85.0% | best 0.930 |     27 st/s
    done(50): success=40 t_flicker=5 t_touched=2 t_no_reach=3
Ep 26150 | score  179.92 | avg100  167.86 | grasp100  84.0% | best 0.930 |     27 st/s
    done(50): success=44 t_flicker=4 t_touched=1 t_no_reach=1
Ep 26200 | score  182.86 | avg100  177.74 | grasp100  90.0% | best 0.930 |     27 st/s
    done(50): success=46 t_flicker=2 t_touched=1 t_no_reach=1
Ep 26250 | score  206.59 | avg100  177.57 | grasp100  90.0% | best 0.930 |     27 st/s
    done(50): success=44 t_flicker=4 t_touched=2
Ep 26300 | score  205.90 | avg100  181.59 | grasp100  92.0% | best 0.930 |     27 st/s
    done(50): success=48 t_flicker=2
Ep 26350 | score  204.23 | avg100  180.22 | grasp100  91.0% | best 0.930 |     27 st/s
    done(50): success=43 t_flicker=6 t_no_reach=1
Ep 26400 | score  203.70 | avg100  170.95 | grasp100  86.0% | best 0.930 |     27 st/s
    done(50): success=43 t_flicker=6 t_no_reach=1
Ep 26450 | score  206.60 | avg100  178.02 | grasp100  89.0% | best 0.930 |     27 st/s
    done(50): success=46 t_flicker=4
Ep 26500 | score  162.48 | avg100  179.54 | grasp100  89.0% | best 0.930 |     27 st/s
    done(50): success=43 t_flicker=6 t_no_reach=1
Ep 26550 | score   34.16 | avg100  170.09 | grasp100  84.0% | best 0.930 |     27 st/s
    done(50): success=41 t_flicker=6 t_touched=2 t_no_reach=1
  [primacy-bias reset of critic heads @ 400000 updates]
Ep 26600 | score   81.93 | avg100  149.78 | grasp100  73.0% | best 0.930 |     27 st/s
    done(50): success=32 t_flicker=11 t_touched=2 t_no_reach=5
Ep 26650 | score  196.32 | avg100  106.67 | grasp100  52.0% | best 0.930 |     27 st/s
    done(50): success=20 t_flicker=10 t_touched=6 t_no_reach=14
Ep 26700 | score  205.10 | avg100   68.30 | grasp100  33.0% | best 0.930 |     27 st/s
    done(50): success=13 t_flicker=10 t_touched=15 t_no_reach=12
Ep 26750 | score    5.84 | avg100   69.60 | grasp100  31.0% | best 0.930 |     27 st/s
    done(50): success=18 t_flicker=15 t_touched=9 t_no_reach=8
Ep 26800 | score  198.23 | avg100  110.16 | grasp100  52.0% | best 0.930 |     27 st/s
    done(50): success=34 t_flicker=11 t_touched=3 t_no_reach=2
Ep 26850 | score  193.21 | avg100  136.81 | grasp100  67.0% | best 0.930 |     27 st/s
    done(50): success=33 t_flicker=8 t_touched=7 t_no_reach=2
Ep 26900 | score  179.92 | avg100  136.89 | grasp100  67.0% | best 0.930 |     27 st/s
    done(50): success=34 t_flicker=10 t_touched=4 t_no_reach=2
Ep 26950 | score  201.90 | avg100  151.96 | grasp100  76.0% | best 0.930 |     27 st/s
    done(50): success=42 t_flicker=7 t_no_reach=1
Ep 27000 | score  179.14 | avg100  158.45 | grasp100  79.0% | best 0.930 |     27 st/s
    done(50): success=37 t_flicker=11 t_touched=2
Ep 27050 | score  198.23 | avg100  154.30 | grasp100  76.0% | best 0.930 |     27 st/s
    done(50): success=39 t_flicker=11
Ep 27100 | score  165.92 | avg100  160.66 | grasp100  81.0% | best 0.930 |     27 st/s
    done(50): success=42 t_flicker=6 t_touched=2
Ep 27150 | score   56.52 | avg100  163.84 | grasp100  83.0% | best 0.930 |     27 st/s
    done(50): success=41 t_flicker=8 t_touched=1
Ep 27200 | score   92.06 | avg100  164.65 | grasp100  81.0% | best 0.930 |     27 st/s
    done(50): success=40 t_flicker=9 t_touched=1
Ep 27250 | score  184.52 | avg100  169.71 | grasp100  84.0% | best 0.930 |     27 st/s
    done(50): success=44 t_flicker=6
Ep 27300 | score  191.68 | avg100  171.04 | grasp100  86.0% | best 0.930 |     27 st/s
    done(50): success=42 t_flicker=8
Ep 27350 | score  196.55 | avg100  167.66 | grasp100  84.0% | best 0.930 |     27 st/s
    done(50): success=42 t_flicker=5 t_touched=2 t_no_reach=1
Ep 27400 | score  191.63 | avg100  172.66 | grasp100  88.0% | best 0.930 |     27 st/s
    done(50): success=46 t_flicker=4
Ep 27450 | score  204.39 | avg100  174.30 | grasp100  89.0% | best 0.930 |     27 st/s
    done(50): success=43 t_flicker=5 t_touched=1 t_no_reach=1
Ep 27500 | score  205.60 | avg100  169.94 | grasp100  85.0% | best 0.930 |     27 st/s
    done(50): success=42 t_flicker=7 t_no_reach=1
Ep 27550 | score  192.78 | avg100  173.59 | grasp100  87.0% | best 0.930 |     27 st/s
    done(50): success=45 t_flicker=5
Ep 27600 | score  201.56 | avg100  183.74 | grasp100  92.0% | best 0.930 |     27 st/s
    done(50): success=47 t_flicker=3
Ep 27650 | score  200.55 | avg100  186.60 | grasp100  94.0% | best 0.930 |     27 st/s
    done(50): success=47 t_flicker=2 t_no_reach=1
Ep 27700 | score  198.58 | avg100  181.47 | grasp100  92.0% | best 0.930 |     27 st/s
    done(50): success=45 t_flicker=2 t_touched=2 t_no_reach=1
Ep 27750 | score  198.98 | avg100  186.90 | grasp100  94.0% | best 0.930 |     27 st/s
    done(50): success=49 t_flicker=1
Ep 27800 | score  175.85 | avg100  184.69 | grasp100  94.0% | best 0.930 |     27 st/s
    done(50): success=45 t_flicker=5
Ep 27850 | score  182.33 | avg100  179.06 | grasp100  91.0% | best 0.930 |     27 st/s
    done(50): success=46 t_flicker=3 t_touched=1
Ep 27900 | score  202.93 | avg100  184.45 | grasp100  93.0% | best 0.930 |     27 st/s
    done(50): success=47 t_flicker=2 t_no_reach=1
Ep 27950 | score  179.82 | avg100  185.37 | grasp100  95.0% | best 0.930 |     27 st/s
    done(50): success=48 t_touched=2
Ep 28000 | score  180.60 | avg100  180.11 | grasp100  94.0% | best 0.930 |     27 st/s
    done(50): success=46 t_flicker=2 t_touched=1 t_no_reach=1
Ep 28050 | score  204.77 | avg100  170.66 | grasp100  90.0% | best 0.930 |     27 st/s
    done(50): success=44 t_flicker=2 t_touched=3 t_no_reach=1
Ep 28100 | score  193.99 | avg100  172.12 | grasp100  89.0% | best 0.930 |     27 st/s
    done(50): success=45 t_flicker=2 t_touched=2 t_no_reach=1
Ep 28150 | score  200.33 | avg100  175.04 | grasp100  90.0% | best 0.930 |     27 st/s
    done(50): success=45 t_flicker=2 t_touched=1 t_no_reach=2
Ep 28200 | score  207.37 | avg100  173.47 | grasp100  90.0% | best 0.930 |     27 st/s
    done(50): success=45 t_flicker=3 t_touched=1 t_no_reach=1
Ep 28250 | score  207.72 | avg100  179.37 | grasp100  93.0% | best 0.930 |     27 st/s
    done(50): success=48 t_flicker=1 t_touched=1
Ep 28300 | score  183.22 | avg100  179.10 | grasp100  92.0% | best 0.930 |     27 st/s
    done(50): success=44 t_flicker=4 t_touched=2
Ep 28350 | score  204.39 | avg100  175.76 | grasp100  89.0% | best 0.930 |     27 st/s
    done(50): success=45 t_flicker=3 t_no_reach=2
  [primacy-bias reset of critic heads @ 425000 updates]
Ep 28400 | score  198.94 | avg100  176.37 | grasp100  89.0% | best 0.930 |     27 st/s
    done(50): success=44 t_flicker=4 t_touched=1 t_no_reach=1
Ep 28450 | score    3.96 | avg100  127.42 | grasp100  61.0% | best 0.930 |     27 st/s
    done(50): success=17 t_flicker=18 t_touched=7 t_no_reach=8
Ep 28500 | score   28.02 | avg100   60.85 | grasp100  26.0% | best 0.930 |     27 st/s
    done(50): success=9 t_flicker=10 t_touched=11 t_no_reach=20
Ep 28550 | score   29.74 | avg100   45.81 | grasp100  19.0% | best 0.930 |     27 st/s
    done(50): success=10 t_flicker=12 t_touched=12 t_no_reach=16
Ep 28600 | score    9.89 | avg100   72.08 | grasp100  33.0% | best 0.930 |     27 st/s
    done(50): success=23 t_flicker=11 t_touched=8 t_no_reach=8
Ep 28650 | score  178.17 | avg100   99.36 | grasp100  46.0% | best 0.930 |     27 st/s
    done(50): success=23 t_flicker=14 t_touched=4 t_no_reach=9
Ep 28700 | score  198.49 | avg100  117.26 | grasp100  54.0% | best 0.930 |     27 st/s
    done(50): success=31 t_flicker=10 t_touched=4 t_no_reach=5
Ep 28750 | score  206.04 | avg100  133.31 | grasp100  64.0% | best 0.930 |     27 st/s
    done(50): success=33 t_flicker=7 t_touched=7 t_no_reach=3
Ep 28800 | score  202.74 | avg100  146.63 | grasp100  71.0% | best 0.930 |     27 st/s
    done(50): success=38 t_flicker=10 t_no_reach=2
Ep 28850 | score  188.91 | avg100  161.17 | grasp100  78.0% | best 0.930 |     27 st/s
    done(50): success=40 t_flicker=8 t_touched=1 t_no_reach=1
Ep 28900 | score  162.04 | avg100  170.20 | grasp100  84.0% | best 0.930 |     27 st/s
    done(50): success=44 t_flicker=5 t_no_reach=1
Ep 28950 | score  174.23 | avg100  169.33 | grasp100  84.0% | best 0.930 |     27 st/s
    done(50): success=40 t_flicker=9 t_no_reach=1
Ep 29000 | score  176.53 | avg100  166.89 | grasp100  83.0% | best 0.930 |     27 st/s
    done(50): success=43 t_flicker=7
Ep 29050 | score  194.73 | avg100  175.72 | grasp100  89.0% | best 0.930 |     27 st/s
    done(50): success=46 t_flicker=4
Ep 29100 | score  199.12 | avg100  174.71 | grasp100  88.0% | best 0.930 |     27 st/s
    done(50): success=42 t_flicker=7 t_touched=1
Ep 29150 | score  176.49 | avg100  163.83 | grasp100  80.0% | best 0.930 |     27 st/s
    done(50): success=38 t_flicker=10 t_touched=1 t_no_reach=1
Ep 29200 | score  203.31 | avg100  159.86 | grasp100  77.0% | best 0.930 |     27 st/s
    done(50): success=39 t_flicker=8 t_touched=1 t_no_reach=2
Ep 29250 | score  188.12 | avg100  167.92 | grasp100  83.0% | best 0.930 |     27 st/s
    done(50): success=44 t_flicker=5 t_no_reach=1
Ep 29300 | score  219.49 | avg100  178.96 | grasp100  90.0% | best 0.930 |     27 st/s
    done(50): success=46 t_flicker=4
Ep 29350 | score  197.83 | avg100  179.76 | grasp100  90.0% | best 0.930 |     27 st/s
    done(50): success=44 t_flicker=6
Ep 29400 | score  179.18 | avg100  173.42 | grasp100  86.0% | best 0.930 |     27 st/s
    done(50): success=42 t_flicker=6 t_touched=1 t_no_reach=1
Ep 29450 | score  209.52 | avg100  175.11 | grasp100  88.0% | best 0.930 |     27 st/s
    done(50): success=46 t_flicker=2 t_touched=1 t_no_reach=1
Ep 29500 | score  169.89 | avg100  187.05 | grasp100  95.0% | best 0.930 |     27 st/s
    done(50): success=49 t_flicker=1
Ep 29550 | score  194.96 | avg100  184.52 | grasp100  93.0% | best 0.930 |     27 st/s
    done(50): success=44 t_flicker=5 t_touched=1
Ep 29600 | score   56.99 | avg100  174.71 | grasp100  85.0% | best 0.930 |     27 st/s
    done(50): success=41 t_flicker=9
Ep 29650 | score  186.29 | avg100  173.59 | grasp100  85.0% | best 0.930 |     27 st/s
    done(50): success=44 t_flicker=5 t_touched=1
Ep 29700 | score  206.77 | avg100  181.96 | grasp100  93.0% | best 0.930 |     27 st/s
    done(50): success=49 t_flicker=1
Ep 29750 | score  174.55 | avg100  184.44 | grasp100  93.0% | best 0.930 |     27 st/s
    done(50): success=44 t_flicker=5 t_no_reach=1
Ep 29800 | score  201.67 | avg100  179.83 | grasp100  89.0% | best 0.930 |     27 st/s
    done(50): success=45 t_flicker=4 t_touched=1
Ep 29850 | score  203.63 | avg100  186.49 | grasp100  94.0% | best 0.930 |     27 st/s
    done(50): success=49 t_flicker=1
Ep 29900 | score  174.84 | avg100  182.97 | grasp100  95.0% | best 0.930 |     27 st/s
    done(50): success=46 t_flicker=3 t_touched=1
Ep 29950 | score  189.60 | avg100  175.81 | grasp100  90.0% | best 0.930 |     27 st/s
    done(50): success=44 t_flicker=5 t_touched=1
Ep 30000 | score  189.87 | avg100  175.86 | grasp100  87.0% | best 0.930 |     27 st/s
    done(50): success=43 t_flicker=4 t_touched=1 t_no_reach=2
Ep 30050 | score  187.05 | avg100  179.58 | grasp100  91.0% | best 0.930 |     27 st/s
    done(50): success=48 t_no_reach=2
Ep 30100 | score  190.20 | avg100  186.30 | grasp100  95.0% | best 0.930 |     27 st/s
    done(50): success=47 t_flicker=3
Ep 30150 | score  186.30 | avg100  185.65 | grasp100  94.0% | best 0.930 |     27 st/s
    done(50): success=47 t_flicker=1 t_no_reach=2
Ep 30200 | score  190.41 | avg100  180.07 | grasp100  91.0% | best 0.930 |     27 st/s
    done(50): success=44 t_flicker=4 t_no_reach=2
  [primacy-bias reset of critic heads @ 450000 updates]
Ep 30250 | score  -26.47 | avg100  143.21 | grasp100  72.0% | best 0.930 |     27 st/s
    done(50): success=28 t_flicker=6 t_touched=1 t_no_reach=15
Ep 30300 | score  -12.62 | avg100   45.43 | grasp100  29.0% | best 0.930 |     27 st/s
    done(50): success=1 t_touched=4 t_no_reach=45
Ep 30350 | score    9.34 | avg100   -4.77 | grasp100   5.0% | best 0.930 |     27 st/s
    done(50): success=4 t_flicker=6 t_touched=7 t_no_reach=33
Ep 30400 | score   -4.54 | avg100   51.85 | grasp100  29.0% | best 0.930 |     27 st/s
    done(50): success=25 t_flicker=6 t_touched=8 t_no_reach=11
Ep 30450 | score   14.25 | avg100  107.35 | grasp100  54.0% | best 0.930 |     27 st/s
    done(50): success=29 t_flicker=9 t_touched=7 t_no_reach=5
Ep 30500 | score  200.69 | avg100  130.74 | grasp100  64.0% | best 0.930 |     27 st/s
    done(50): success=35 t_flicker=9 t_touched=3 t_no_reach=3
Ep 30550 | score  203.91 | avg100  134.83 | grasp100  64.0% | best 0.930 |     27 st/s
    done(50): success=29 t_flicker=16 t_touched=3 t_no_reach=2
Ep 30600 | score  151.76 | avg100  152.34 | grasp100  74.0% | best 0.930 |     27 st/s
    done(50): success=45 t_flicker=3 t_touched=1 t_no_reach=1
Ep 30650 | score  226.14 | avg100  179.79 | grasp100  92.0% | best 0.930 |     27 st/s
    done(50): success=47 t_flicker=2 t_no_reach=1
Ep 30700 | score  207.32 | avg100  176.37 | grasp100  89.0% | best 0.930 |     27 st/s
    done(50): success=42 t_flicker=8
Ep 30750 | score  200.65 | avg100  169.82 | grasp100  86.0% | best 0.930 |     27 st/s
    done(50): success=44 t_flicker=4 t_touched=2
Ep 30800 | score  202.93 | avg100  174.99 | grasp100  90.0% | best 0.930 |     27 st/s
    done(50): success=46 t_flicker=4
Ep 30850 | score  206.55 | avg100  178.21 | grasp100  91.0% | best 0.930 |     27 st/s
    done(50): success=45 t_flicker=2 t_touched=2 t_no_reach=1
Ep 30900 | score  182.71 | avg100  174.15 | grasp100  88.0% | best 0.930 |     27 st/s
    done(50): success=43 t_flicker=6 t_touched=1
Ep 30950 | score  192.19 | avg100  172.52 | grasp100  86.0% | best 0.930 |     27 st/s
    done(50): success=43 t_flicker=6 t_no_reach=1
Ep 31000 | score  189.66 | avg100  178.98 | grasp100  89.0% | best 0.930 |     27 st/s
    done(50): success=46 t_flicker=3 t_touched=1
Ep 31050 | score  190.84 | avg100  179.71 | grasp100  90.0% | best 0.930 |     27 st/s
    done(50): success=44 t_flicker=6
Ep 31100 | score  194.35 | avg100  177.71 | grasp100  90.0% | best 0.930 |     27 st/s
    done(50): success=46 t_flicker=3 t_touched=1
Ep 31150 | score  188.90 | avg100  184.61 | grasp100  93.0% | best 0.930 |     27 st/s
    done(50): success=47 t_flicker=2 t_no_reach=1
Ep 31200 | score  200.39 | avg100  181.54 | grasp100  90.0% | best 0.930 |     27 st/s
    done(50): success=43 t_flicker=6 t_touched=1
Ep 31250 | score  210.66 | avg100  172.23 | grasp100  86.0% | best 0.930 |     27 st/s
    done(50): success=43 t_flicker=5 t_no_reach=2
Ep 31300 | score  201.18 | avg100  176.86 | grasp100  90.0% | best 0.930 |     27 st/s
    done(50): success=47 t_flicker=3
Ep 31350 | score   76.79 | avg100  185.64 | grasp100  94.0% | best 0.930 |     27 st/s
    done(50): success=47 t_flicker=3
Ep 31400 | score  171.39 | avg100  187.47 | grasp100  95.0% | best 0.930 |     27 st/s
    done(50): success=48 t_flicker=2
Ep 31423 | * BEST  level200=2.00 grasp200= 94.5% metric=0.945 | score  202.52
Ep 31450 | score  199.29 | avg100  189.17 | grasp100  97.0% | best 0.945 |     27 st/s
    done(50): success=49 t_flicker=1
Ep 31470 | * BEST  level200=2.00 grasp200= 96.0% metric=0.960 | score  177.91
Ep 31500 | score  202.73 | avg100  186.58 | grasp100  95.0% | best 0.960 |     27 st/s
    done(50): success=46 t_flicker=4
Ep 31550 | score  197.86 | avg100  186.08 | grasp100  93.0% | best 0.960 |     27 st/s
    done(50): success=47 t_flicker=3
Ep 31600 | score  199.80 | avg100  192.23 | grasp100  96.0% | best 0.960 |     27 st/s
    done(50): success=49 t_flicker=1
Ep 31650 | score  185.03 | avg100  187.49 | grasp100  94.0% | best 0.960 |     27 st/s
    done(50): success=45 t_flicker=4 t_no_reach=1
Ep 31700 | score  202.71 | avg100  181.97 | grasp100  91.0% | best 0.960 |     27 st/s
    done(50): success=46 t_flicker=2 t_touched=1 t_no_reach=1
Ep 31750 | score  186.37 | avg100  184.77 | grasp100  94.0% | best 0.960 |     27 st/s
    done(50): success=48 t_flicker=2
Ep 31800 | score  195.90 | avg100  179.35 | grasp100  92.0% | best 0.960 |     27 st/s
    done(50): success=44 t_flicker=6
Ep 31850 | score  209.60 | avg100  180.56 | grasp100  92.0% | best 0.960 |     27 st/s
    done(50): success=48 t_flicker=2
Ep 31900 | score  186.83 | avg100  187.02 | grasp100  94.0% | best 0.960 |     27 st/s
    done(50): success=46 t_flicker=3 t_no_reach=1
Ep 31950 | score  191.60 | avg100  185.30 | grasp100  93.0% | best 0.960 |     27 st/s
    done(50): success=47 t_flicker=2 t_no_reach=1
Ep 32000 | score  180.41 | avg100  182.35 | grasp100  94.0% | best 0.960 |     27 st/s
    done(50): success=47 t_flicker=2 t_touched=1
Ep 32050 | score  203.60 | avg100  184.03 | grasp100  95.0% | best 0.960 |     27 st/s
    done(50): success=48 t_flicker=2
  [primacy-bias reset of critic heads @ 475000 updates]
Ep 32100 | score  -27.99 | avg100  154.76 | grasp100  79.0% | best 0.960 |     27 st/s
    done(50): success=31 t_flicker=2 t_no_reach=17
Ep 32150 | score  -27.98 | avg100   46.86 | grasp100  31.0% | best 0.960 |     27 st/s
    done(50): t_no_reach=50
Ep 32200 | score  -27.49 | avg100  -27.64 | grasp100   0.0% | best 0.960 |     27 st/s
    done(50): t_no_reach=50
Ep 32250 | score   95.70 | avg100   -9.26 | grasp100   5.0% | best 0.960 |     27 st/s
    done(50): success=5 t_flicker=7 t_touched=7 t_no_reach=31
Ep 32300 | score   -6.53 | avg100   54.47 | grasp100  28.0% | best 0.960 |     27 st/s
    done(50): success=23 t_flicker=15 t_touched=7 t_no_reach=5
Ep 32350 | score  191.27 | avg100  112.50 | grasp100  53.0% | best 0.960 |     27 st/s
    done(50): success=30 t_flicker=15 t_touched=3 t_no_reach=2
Ep 32400 | score  176.13 | avg100  137.47 | grasp100  67.0% | best 0.960 |     27 st/s
    done(50): success=37 t_flicker=7 t_touched=4 t_no_reach=2
Ep 32450 | score  199.95 | avg100  159.83 | grasp100  79.0% | best 0.960 |     27 st/s
    done(50): success=42 t_flicker=7 t_touched=1
Ep 32500 | score  204.78 | avg100  174.98 | grasp100  87.0% | best 0.960 |     27 st/s
    done(50): success=45 t_flicker=5
Ep 32550 | score  201.40 | avg100  172.21 | grasp100  86.0% | best 0.960 |     27 st/s
    done(50): success=41 t_flicker=7 t_touched=2
Ep 32600 | score  170.63 | avg100  172.08 | grasp100  87.0% | best 0.960 |     27 st/s
    done(50): success=46 t_flicker=4
Ep 32650 | score  194.96 | avg100  176.82 | grasp100  90.0% | best 0.960 |     27 st/s
    done(50): success=44 t_flicker=5 t_no_reach=1
Ep 32700 | score  177.68 | avg100  176.34 | grasp100  88.0% | best 0.960 |     27 st/s
    done(50): success=44 t_flicker=5 t_touched=1
Ep 32750 | score  202.47 | avg100  177.32 | grasp100  86.0% | best 0.960 |     27 st/s
    done(50): success=42 t_flicker=6 t_touched=2
Ep 32800 | score  221.05 | avg100  177.80 | grasp100  86.0% | best 0.960 |     27 st/s
    done(50): success=44 t_flicker=6
Ep 32850 | score   62.55 | avg100  184.35 | grasp100  91.0% | best 0.960 |     27 st/s
    done(50): success=47 t_flicker=3
Ep 32900 | score  201.06 | avg100  183.59 | grasp100  92.0% | best 0.960 |     27 st/s
    done(50): success=45 t_flicker=4 t_touched=1
Ep 32950 | score  169.82 | avg100  184.71 | grasp100  93.0% | best 0.960 |     27 st/s
    done(50): success=48 t_flicker=2
Ep 33000 | score  206.27 | avg100  183.17 | grasp100  91.0% | best 0.960 |     27 st/s
    done(50): success=43 t_flicker=6 t_no_reach=1
Ep 33050 | score  191.41 | avg100  182.58 | grasp100  91.0% | best 0.960 |     27 st/s
    done(50): success=48 t_flicker=1 t_touched=1
Ep 33100 | score  175.63 | avg100  188.47 | grasp100  96.0% | best 0.960 |     27 st/s
    done(50): success=48 t_flicker=1 t_no_reach=1
Ep 33150 | score  187.41 | avg100  180.72 | grasp100  91.0% | best 0.960 |     27 st/s
    done(50): success=43 t_flicker=6 t_touched=1
Ep 33200 | score   71.04 | avg100  185.85 | grasp100  91.0% | best 0.960 |     27 st/s
    done(50): success=48 t_flicker=2
Ep 33250 | score  177.51 | avg100  190.81 | grasp100  96.0% | best 0.960 |     27 st/s
    done(50): success=48 t_flicker=1 t_no_reach=1
Ep 33300 | score  193.15 | avg100  185.77 | grasp100  95.0% | best 0.960 |     27 st/s
    done(50): success=47 t_flicker=3
Ep 33350 | score  199.01 | avg100  186.08 | grasp100  94.0% | best 0.960 |     27 st/s
    done(50): success=47 t_flicker=2 t_no_reach=1
Ep 33400 | score  183.37 | avg100  186.78 | grasp100  94.0% | best 0.960 |     27 st/s
    done(50): success=47 t_flicker=3
Ep 33450 | score  202.75 | avg100  185.70 | grasp100  92.0% | best 0.960 |     27 st/s
    done(50): success=45 t_flicker=4 t_touched=1
Ep 33500 | score  198.39 | avg100  181.78 | grasp100  90.0% | best 0.960 |     27 st/s
    done(50): success=45 t_flicker=5
Ep 33550 | score  182.45 | avg100  183.94 | grasp100  92.0% | best 0.960 |     27 st/s
    done(50): success=47 t_flicker=2 t_no_reach=1
Ep 33600 | score  189.14 | avg100  189.00 | grasp100  95.0% | best 0.960 |     27 st/s
    done(50): success=48 t_no_reach=2
Ep 33650 | score  201.22 | avg100  190.86 | grasp100  96.0% | best 0.960 |     27 st/s
    done(50): success=48 t_flicker=1 t_no_reach=1
Ep 33700 | score  201.01 | avg100  185.86 | grasp100  93.0% | best 0.960 |     27 st/s
    done(50): success=45 t_flicker=4 t_no_reach=1
Ep 33750 | score  199.18 | avg100  182.75 | grasp100  92.0% | best 0.960 |     27 st/s
    done(50): success=47 t_flicker=3
Ep 33800 | score  196.34 | avg100  181.62 | grasp100  92.0% | best 0.960 |     27 st/s
    done(50): success=45 t_flicker=5
Ep 33850 | score  201.24 | avg100  178.48 | grasp100  90.0% | best 0.960 |     27 st/s
    done(50): success=45 t_flicker=3 t_no_reach=2
Ep 33900 | score  274.85 | avg100  181.05 | grasp100  91.0% | best 0.960 |     27 st/s
    done(50): success=46 t_flicker=4
  [primacy-bias reset of critic heads @ 500000 updates]
Ep 33950 | score  -27.95 | avg100  104.34 | grasp100  57.0% | best 0.960 |     27 st/s
    done(50): success=11 t_flicker=2 t_touched=1 t_no_reach=36
Ep 34000 | score  -27.95 | avg100   -0.29 | grasp100  11.0% | best 0.960 |     27 st/s
    done(50): t_flicker=1 t_touched=1 t_no_reach=48
Ep 34050 | score  201.47 | avg100   -3.21 | grasp100   8.0% | best 0.960 |     27 st/s
    done(50): success=8 t_flicker=5 t_touched=6 t_no_reach=31
Ep 34100 | score  -17.29 | avg100   66.39 | grasp100  36.0% | best 0.960 |     27 st/s
    done(50): success=28 t_flicker=8 t_touched=9 t_no_reach=5
Ep 34150 | score  151.92 | avg100  130.65 | grasp100  64.0% | best 0.960 |     27 st/s
    done(50): success=36 t_flicker=10 t_touched=2 t_no_reach=2
Ep 34200 | score  206.48 | avg100  153.74 | grasp100  76.0% | best 0.960 |     27 st/s
    done(50): success=40 t_flicker=7 t_touched=1 t_no_reach=2
Ep 34250 | score  157.13 | avg100  154.63 | grasp100  76.0% | best 0.960 |     27 st/s
    done(50): success=36 t_flicker=10 t_touched=2 t_no_reach=2
Ep 34300 | score  201.78 | avg100  151.34 | grasp100  74.0% | best 0.960 |     27 st/s
    done(50): success=38 t_flicker=6 t_touched=3 t_no_reach=3
Ep 34350 | score  190.28 | avg100  158.18 | grasp100  80.0% | best 0.960 |     27 st/s
    done(50): success=42 t_flicker=6 t_touched=1 t_no_reach=1
Ep 34400 | score  201.37 | avg100  167.79 | grasp100  85.0% | best 0.960 |     27 st/s
    done(50): success=43 t_flicker=7
Ep 34450 | score  205.73 | avg100  177.61 | grasp100  88.0% | best 0.960 |     27 st/s
    done(50): success=45 t_flicker=5
Ep 34500 | score  197.74 | avg100  177.81 | grasp100  88.0% | best 0.960 |     27 st/s
    done(50): success=43 t_flicker=6 t_no_reach=1
Ep 34550 | score  186.36 | avg100  174.05 | grasp100  87.0% | best 0.960 |     27 st/s
    done(50): success=44 t_flicker=6
Ep 34600 | score  194.06 | avg100  181.83 | grasp100  91.0% | best 0.960 |     27 st/s
    done(50): success=47 t_flicker=3
Ep 34650 | score  202.42 | avg100  189.13 | grasp100  95.0% | best 0.960 |     27 st/s
    done(50): success=48 t_flicker=2
Ep 34700 | score  202.22 | avg100  187.94 | grasp100  95.0% | best 0.960 |     27 st/s
    done(50): success=47 t_flicker=2 t_no_reach=1
Ep 34750 | score  200.28 | avg100  190.98 | grasp100  95.0% | best 0.960 |     27 st/s
    done(50): success=48 t_flicker=2
Ep 34800 | score  183.61 | avg100  185.69 | grasp100  93.0% | best 0.960 |     27 st/s
    done(50): success=45 t_flicker=4 t_touched=1
Ep 34850 | score  191.38 | avg100  179.62 | grasp100  92.0% | best 0.960 |     27 st/s
    done(50): success=47 t_flicker=3
Ep 34900 | score  234.00 | avg100  185.22 | grasp100  92.0% | best 0.960 |     27 st/s
    done(50): success=45 t_flicker=5
Ep 34950 | score  215.90 | avg100  184.45 | grasp100  90.0% | best 0.960 |     27 st/s
    done(50): success=45 t_flicker=5
Ep 35000 | score  202.91 | avg100  188.51 | grasp100  93.0% | best 0.960 |     27 st/s
    done(50): success=48 t_flicker=2
Ep 35050 | score  206.38 | avg100  190.74 | grasp100  96.0% | best 0.960 |     27 st/s
    done(50): success=48 t_flicker=1 t_no_reach=1
Ep 35100 | score  202.02 | avg100  187.58 | grasp100  96.0% | best 0.960 |     27 st/s
    done(50): success=48 t_flicker=2
Ep 35150 | score  192.76 | avg100  191.06 | grasp100  97.0% | best 0.960 |     27 st/s
    done(50): success=49 t_flicker=1
Ep 35200 | score  194.59 | avg100  192.06 | grasp100  98.0% | best 0.960 |     27 st/s
    done(50): success=49 t_flicker=1
Ep 35211 | * BEST  level200=2.00 grasp200= 97.5% metric=0.975 | score  209.09
Ep 35250 | score  167.91 | avg100  188.75 | grasp100  96.0% | best 0.975 |     27 st/s
    done(50): success=47 t_flicker=3
Ep 35300 | score  205.34 | avg100  190.41 | grasp100  97.0% | best 0.975 |     27 st/s
    done(50): success=50
Ep 35350 | score  227.32 | avg100  188.64 | grasp100  96.0% | best 0.975 |     27 st/s
    done(50): success=46 t_flicker=4
Ep 35400 | score  173.20 | avg100  184.48 | grasp100  94.0% | best 0.975 |     27 st/s
    done(50): success=48 t_flicker=2
Ep 35450 | score  211.73 | avg100  183.17 | grasp100  93.0% | best 0.975 |     27 st/s
    done(50): success=45 t_flicker=5
Ep 35500 | score  181.27 | avg100  186.70 | grasp100  93.0% | best 0.975 |     27 st/s
    done(50): success=48 t_flicker=2
Ep 35550 | score  180.34 | avg100  190.14 | grasp100  96.0% | best 0.975 |     27 st/s
    done(50): success=48 t_flicker=1 t_no_reach=1
Ep 35600 | score  192.42 | avg100  189.54 | grasp100  97.0% | best 0.975 |     27 st/s
    done(50): success=49 t_flicker=1
Ep 35650 | score  203.08 | avg100  188.91 | grasp100  96.0% | best 0.975 |     27 st/s
    done(50): success=47 t_flicker=3
Ep 35700 | score  162.09 | avg100  181.00 | grasp100  92.0% | best 0.975 |     27 st/s
    done(50): success=45 t_flicker=3 t_touched=1 t_no_reach=1
Ep 35750 | score  174.13 | avg100  179.10 | grasp100  92.0% | best 0.975 |     27 st/s
    done(50): success=47 t_flicker=3
  [primacy-bias reset of critic heads @ 525000 updates]
Ep 35800 | score  -27.25 | avg100  145.25 | grasp100  74.0% | best 0.975 |     27 st/s
    done(50): success=27 t_flicker=10 t_touched=4 t_no_reach=9
Ep 35850 | score  -24.55 | avg100   46.68 | grasp100  27.0% | best 0.975 |     27 st/s
    done(50): t_flicker=4 t_touched=6 t_no_reach=40
Ep 35900 | score  -17.63 | avg100  -11.45 | grasp100   0.0% | best 0.975 |     27 st/s
    done(50): t_flicker=3 t_touched=8 t_no_reach=39
Ep 35950 | score  199.17 | avg100   32.72 | grasp100  18.0% | best 0.975 |     27 st/s
    done(50): success=18 t_flicker=10 t_touched=6 t_no_reach=16
Ep 36000 | score  201.44 | avg100  101.46 | grasp100  49.0% | best 0.975 |     27 st/s
    done(50): success=31 t_flicker=9 t_touched=4 t_no_reach=6
Ep 36050 | score  202.48 | avg100  148.51 | grasp100  73.0% | best 0.975 |     27 st/s
    done(50): success=42 t_flicker=6 t_touched=2
Ep 36100 | score  204.68 | avg100  150.21 | grasp100  74.0% | best 0.975 |     27 st/s
    done(50): success=32 t_flicker=10 t_touched=3 t_no_reach=5
Ep 36150 | score  196.35 | avg100  151.15 | grasp100  74.0% | best 0.975 |     27 st/s
    done(50): success=42 t_flicker=7 t_touched=1
Ep 36200 | score  197.93 | avg100  166.95 | grasp100  83.0% | best 0.975 |     27 st/s
    done(50): success=41 t_flicker=7 t_touched=1 t_no_reach=1
Ep 36250 | score  250.44 | avg100  164.25 | grasp100  82.0% | best 0.975 |     27 st/s
    done(50): success=41 t_flicker=5 t_touched=3 t_no_reach=1
Ep 36300 | score  201.69 | avg100  175.39 | grasp100  89.0% | best 0.975 |     27 st/s
    done(50): success=48 t_flicker=2
Ep 36350 | score  187.61 | avg100  179.05 | grasp100  91.0% | best 0.975 |     27 st/s
    done(50): success=43 t_flicker=6 t_no_reach=1
Ep 36400 | score  197.55 | avg100  177.83 | grasp100  88.0% | best 0.975 |     27 st/s
    done(50): success=45 t_flicker=5
Ep 36450 | score  183.31 | avg100  184.96 | grasp100  92.0% | best 0.975 |     27 st/s
    done(50): success=47 t_flicker=3
Ep 36500 | score  205.88 | avg100  182.61 | grasp100  94.0% | best 0.975 |     27 st/s
    done(50): success=47 t_flicker=1 t_no_reach=2
Ep 36550 | score  205.28 | avg100  178.44 | grasp100  93.0% | best 0.975 |     27 st/s
    done(50): success=46 t_flicker=2 t_touched=1 t_no_reach=1
Ep 36600 | score  171.75 | avg100  182.20 | grasp100  93.0% | best 0.975 |     27 st/s
    done(50): success=47 t_flicker=3
Ep 36650 | score  271.46 | avg100  181.54 | grasp100  92.0% | best 0.975 |     27 st/s
    done(50): success=45 t_flicker=3 t_touched=1 t_no_reach=1
Ep 36700 | score  203.66 | avg100  170.89 | grasp100  85.0% | best 0.975 |     27 st/s
    done(50): success=40 t_flicker=8 t_touched=1 t_no_reach=1
Ep 36750 | score  190.20 | avg100  172.62 | grasp100  86.0% | best 0.975 |     27 st/s
    done(50): success=46 t_flicker=3 t_touched=1
Ep 36800 | score  198.56 | avg100  178.30 | grasp100  90.0% | best 0.975 |     27 st/s
    done(50): success=44 t_flicker=5 t_no_reach=1
Ep 36850 | score   38.54 | avg100  178.02 | grasp100  90.0% | best 0.975 |     27 st/s
    done(50): success=46 t_flicker=3 t_no_reach=1
Ep 36900 | score  172.67 | avg100  183.73 | grasp100  93.0% | best 0.975 |     27 st/s
    done(50): success=47 t_flicker=3
Ep 36950 | score  197.20 | avg100  187.37 | grasp100  94.0% | best 0.975 |     27 st/s
    done(50): success=47 t_flicker=2 t_touched=1
Ep 37000 | score  197.19 | avg100  183.72 | grasp100  93.0% | best 0.975 |     27 st/s
    done(50): success=46 t_flicker=3 t_no_reach=1
Ep 37050 | score  202.53 | avg100  184.73 | grasp100  94.0% | best 0.975 |     27 st/s
    done(50): success=48 t_flicker=1 t_no_reach=1
Ep 37100 | score  202.93 | avg100  186.68 | grasp100  94.0% | best 0.975 |     27 st/s
    done(50): success=46 t_flicker=3 t_touched=1
Ep 37150 | score  192.66 | avg100  186.71 | grasp100  93.0% | best 0.975 |     27 st/s
    done(50): success=47 t_flicker=3
Ep 37200 | score  190.81 | avg100  186.32 | grasp100  93.0% | best 0.975 |     27 st/s
    done(50): success=46 t_flicker=4
Ep 37250 | score  188.87 | avg100  182.54 | grasp100  92.0% | best 0.975 |     27 st/s
    done(50): success=46 t_flicker=1 t_touched=3
Ep 37300 | score  171.83 | avg100  184.81 | grasp100  93.0% | best 0.975 |     27 st/s
    done(50): success=47 t_flicker=2 t_no_reach=1
Ep 37350 | score  194.67 | avg100  183.26 | grasp100  92.0% | best 0.975 |     27 st/s
    done(50): success=45 t_flicker=4 t_touched=1
Ep 37400 | score  196.29 | avg100  182.93 | grasp100  92.0% | best 0.975 |     27 st/s
    done(50): success=47 t_flicker=2 t_touched=1
Ep 37450 | score  209.31 | avg100  186.98 | grasp100  94.0% | best 0.975 |     27 st/s
    done(50): success=47 t_flicker=2 t_no_reach=1
Ep 37500 | score  184.22 | avg100  184.11 | grasp100  94.0% | best 0.975 |     27 st/s
    done(50): success=47 t_flicker=2 t_no_reach=1
Ep 37550 | score  -18.83 | avg100  180.27 | grasp100  93.0% | best 0.975 |     27 st/s
    done(50): success=46 t_flicker=1 t_touched=1 t_no_reach=2
  [primacy-bias reset of critic heads @ 550000 updates]
Ep 37600 | score    8.47 | avg100  169.19 | grasp100  86.0% | best 0.975 |     27 st/s
    done(50): success=40 t_flicker=4 t_touched=3 t_no_reach=3
Ep 37650 | score  -22.58 | avg100   74.23 | grasp100  42.0% | best 0.975 |     27 st/s
    done(50): success=2 t_flicker=6 t_no_reach=42
Ep 37700 | score   -7.92 | avg100   -9.45 | grasp100   4.0% | best 0.975 |     27 st/s
    done(50): success=2 t_flicker=6 t_touched=5 t_no_reach=37
Ep 37750 | score  190.62 | avg100   32.97 | grasp100  21.0% | best 0.975 |     27 st/s
    done(50): success=19 t_flicker=9 t_touched=9 t_no_reach=13
Ep 37800 | score   59.19 | avg100   94.10 | grasp100  46.0% | best 0.975 |     27 st/s
    done(50): success=27 t_flicker=14 t_touched=6 t_no_reach=3
Ep 37850 | score  184.56 | avg100  138.10 | grasp100  66.0% | best 0.975 |     27 st/s
    done(50): success=39 t_flicker=8 t_touched=2 t_no_reach=1
Ep 37900 | score  176.16 | avg100  156.33 | grasp100  77.0% | best 0.975 |     27 st/s
    done(50): success=38 t_flicker=5 t_touched=5 t_no_reach=2
Ep 37950 | score  196.49 | avg100  146.96 | grasp100  72.0% | best 0.975 |     27 st/s
    done(50): success=34 t_flicker=11 t_touched=4 t_no_reach=1
Ep 38000 | score  200.60 | avg100  145.86 | grasp100  70.0% | best 0.975 |     27 st/s
    done(50): success=36 t_flicker=11 t_touched=2 t_no_reach=1
Ep 38050 | score  195.13 | avg100  156.44 | grasp100  75.0% | best 0.975 |     27 st/s
    done(50): success=39 t_flicker=11
Ep 38100 | score  172.00 | avg100  171.84 | grasp100  85.0% | best 0.975 |     27 st/s
    done(50): success=46 t_flicker=2 t_touched=1 t_no_reach=1
Ep 38150 | score  203.01 | avg100  176.30 | grasp100  89.0% | best 0.975 |     27 st/s
    done(50): success=43 t_flicker=6 t_touched=1
Ep 38200 | score  197.84 | avg100  179.84 | grasp100  90.0% | best 0.975 |     27 st/s
    done(50): success=47 t_flicker=3
Ep 38250 | score  193.37 | avg100  179.91 | grasp100  92.0% | best 0.975 |     27 st/s
    done(50): success=45 t_flicker=5
Ep 38300 | score  176.10 | avg100  169.91 | grasp100  86.0% | best 0.975 |     27 st/s
    done(50): success=41 t_flicker=8 t_no_reach=1
Ep 38350 | score  149.18 | avg100  173.74 | grasp100  88.0% | best 0.975 |     27 st/s
    done(50): success=47 t_flicker=3
Ep 38400 | score  213.89 | avg100  180.64 | grasp100  95.0% | best 0.975 |     27 st/s
    done(50): success=48 t_flicker=2
Ep 38450 | score  208.86 | avg100  179.51 | grasp100  92.0% | best 0.975 |     27 st/s
    done(50): success=44 t_flicker=5 t_touched=1
Ep 38500 | score  195.18 | avg100  181.91 | grasp100  91.0% | best 0.975 |     27 st/s
    done(50): success=47 t_flicker=3
Ep 38550 | score  200.66 | avg100  185.69 | grasp100  94.0% | best 0.975 |     27 st/s
    done(50): success=47 t_flicker=2 t_touched=1
Ep 38600 | score  203.76 | avg100  185.53 | grasp100  92.0% | best 0.975 |     27 st/s
    done(50): success=45 t_flicker=5
Ep 38650 | score  200.36 | avg100  186.49 | grasp100  93.0% | best 0.975 |     27 st/s
    done(50): success=48 t_flicker=1 t_touched=1
Ep 38700 | score  201.49 | avg100  192.27 | grasp100  97.0% | best 0.975 |     27 st/s
    done(50): success=49 t_flicker=1
Ep 38750 | score  216.08 | avg100  194.30 | grasp100  96.0% | best 0.975 |     27 st/s
    done(50): success=47 t_flicker=3
Ep 38800 | score  181.69 | avg100  187.77 | grasp100  94.0% | best 0.975 |     27 st/s
    done(50): success=47 t_flicker=3
Ep 38850 | score  193.22 | avg100  185.62 | grasp100  93.0% | best 0.975 |     27 st/s
    done(50): success=46 t_flicker=2 t_touched=1 t_no_reach=1
Ep 38900 | score  223.66 | avg100  184.98 | grasp100  92.0% | best 0.975 |     27 st/s
    done(50): success=46 t_flicker=3 t_no_reach=1
Ep 38950 | score  184.80 | avg100  188.17 | grasp100  94.0% | best 0.975 |     27 st/s
    done(50): success=48 t_flicker=1 t_no_reach=1
Ep 39000 | score  193.31 | avg100  182.81 | grasp100  91.0% | best 0.975 |     27 st/s
    done(50): success=43 t_flicker=4 t_touched=1 t_no_reach=2
Ep 39050 | score  159.26 | avg100  174.31 | grasp100  88.0% | best 0.975 |     27 st/s
    done(50): success=45 t_flicker=4 t_no_reach=1
Ep 39100 | score  198.57 | avg100  182.76 | grasp100  94.0% | best 0.975 |     27 st/s
    done(50): success=49 t_touched=1
Ep 39150 | score  177.93 | avg100  187.41 | grasp100  97.0% | best 0.975 |     27 st/s
    done(50): success=48 t_flicker=1 t_touched=1
Ep 39200 | score  200.66 | avg100  187.31 | grasp100  95.0% | best 0.975 |     27 st/s
    done(50): success=47 t_flicker=1 t_no_reach=2
Ep 39250 | score  224.92 | avg100  190.02 | grasp100  95.0% | best 0.975 |     27 st/s
    done(50): success=48 t_flicker=1 t_touched=1
Ep 39300 | score  168.52 | avg100  185.79 | grasp100  95.0% | best 0.975 |     27 st/s
    done(50): success=47 t_flicker=1 t_touched=1 t_no_reach=1
Ep 39350 | score  179.49 | avg100  189.28 | grasp100  96.0% | best 0.975 |     27 st/s
    done(50): success=49 t_flicker=1
Ep 39400 | score  189.31 | avg100  196.27 | grasp100  97.0% | best 0.975 |     27 st/s
    done(50): success=48 t_flicker=2
  [primacy-bias reset of critic heads @ 575000 updates]
Ep 39450 | score  -20.85 | avg100  180.41 | grasp100  89.0% | best 0.975 |     27 st/s
    done(50): success=41 t_flicker=5 t_no_reach=4
Ep 39500 | score  195.59 | avg100   92.82 | grasp100  47.0% | best 0.975 |     27 st/s
    done(50): success=6 t_flicker=6 t_touched=6 t_no_reach=32
Ep 39550 | score  200.99 | avg100   38.00 | grasp100  19.0% | best 0.975 |     27 st/s
    done(50): success=13 t_flicker=16 t_touched=7 t_no_reach=14
Ep 39600 | score  183.35 | avg100   62.75 | grasp100  29.0% | best 0.975 |     27 st/s
    done(50): success=16 t_flicker=15 t_touched=5 t_no_reach=14
Ep 39650 | score   -1.12 | avg100   84.38 | grasp100  38.0% | best 0.975 |     27 st/s
    done(50): success=22 t_flicker=13 t_touched=9 t_no_reach=6
Ep 39700 | score   56.13 | avg100  115.48 | grasp100  53.0% | best 0.975 |     27 st/s
    done(50): success=31 t_flicker=12 t_touched=4 t_no_reach=3
Ep 39750 | score   22.97 | avg100  144.56 | grasp100  72.0% | best 0.975 |     27 st/s
    done(50): success=41 t_flicker=6 t_touched=3
Ep 39800 | score  136.82 | avg100  158.29 | grasp100  80.0% | best 0.975 |     27 st/s
    done(50): success=39 t_flicker=5 t_touched=4 t_no_reach=2
Ep 39850 | score   21.99 | avg100  158.83 | grasp100  78.0% | best 0.975 |     27 st/s
    done(50): success=39 t_flicker=10 t_no_reach=1
Ep 39900 | score  187.21 | avg100  165.32 | grasp100  81.0% | best 0.975 |     27 st/s
    done(50): success=42 t_flicker=8
Ep 39950 | score  184.51 | avg100  170.93 | grasp100  83.0% | best 0.975 |     27 st/s
    done(50): success=41 t_flicker=9
Ep 40000 | score  188.21 | avg100  178.55 | grasp100  87.0% | best 0.975 |     27 st/s
    done(50): success=46 t_flicker=4
Ep 40050 | score   57.17 | avg100  181.42 | grasp100  90.0% | best 0.975 |     27 st/s
    done(50): success=44 t_flicker=6
Ep 40100 | score  204.25 | avg100  178.01 | grasp100  88.0% | best 0.975 |     27 st/s
    done(50): success=44 t_flicker=6
Ep 40150 | score  203.95 | avg100  181.90 | grasp100  91.0% | best 0.975 |     27 st/s
    done(50): success=47 t_flicker=2 t_touched=1
Ep 40200 | score  159.29 | avg100  181.85 | grasp100  92.0% | best 0.975 |     27 st/s
    done(50): success=45 t_flicker=5
Ep 40250 | score  215.58 | avg100  182.29 | grasp100  92.0% | best 0.975 |     27 st/s
    done(50): success=47 t_flicker=3
Ep 40300 | score  181.22 | avg100  182.79 | grasp100  93.0% | best 0.975 |     27 st/s
    done(50): success=46 t_flicker=4
Ep 40350 | score  173.16 | avg100  182.59 | grasp100  93.0% | best 0.975 |     27 st/s
    done(50): success=47 t_flicker=2 t_no_reach=1
Ep 40400 | score  194.33 | avg100  187.69 | grasp100  95.0% | best 0.975 |     27 st/s
    done(50): success=48 t_flicker=2
Ep 40450 | score  184.04 | avg100  188.01 | grasp100  94.0% | best 0.975 |     27 st/s
    done(50): success=46 t_flicker=4
Ep 40500 | score   56.01 | avg100  182.72 | grasp100  92.0% | best 0.975 |     27 st/s
    done(50): success=46 t_flicker=2 t_touched=2
Ep 40550 | score  207.35 | avg100  181.18 | grasp100  91.0% | best 0.975 |     27 st/s
    done(50): success=45 t_flicker=4 t_touched=1
Ep 40600 | score  168.49 | avg100  187.47 | grasp100  93.0% | best 0.975 |     27 st/s
    done(50): success=48 t_flicker=2
Ep 40650 | score  203.04 | avg100  194.24 | grasp100  97.0% | best 0.975 |     27 st/s
    done(50): success=49 t_flicker=1
Ep 40700 | score  206.26 | avg100  193.42 | grasp100  98.0% | best 0.975 |     27 st/s
    done(50): success=49 t_touched=1
Ep 40750 | score  207.28 | avg100  189.44 | grasp100  97.0% | best 0.975 |     27 st/s
    done(50): success=48 t_flicker=1 t_no_reach=1
Ep 40800 | score  196.26 | avg100  185.25 | grasp100  93.0% | best 0.975 |     27 st/s
    done(50): success=45 t_flicker=3 t_no_reach=2
Ep 40850 | score  220.58 | avg100  185.07 | grasp100  93.0% | best 0.975 |     27 st/s
    done(50): success=48 t_flicker=1 t_no_reach=1
Ep 40900 | score  164.95 | avg100  189.28 | grasp100  97.0% | best 0.975 |     27 st/s
    done(50): success=49 t_flicker=1
Ep 40950 | score  240.81 | avg100  194.62 | grasp100  99.0% | best 0.975 |     27 st/s
    done(50): success=50
Ep 41000 | score  188.05 | avg100  190.92 | grasp100  96.0% | best 0.975 |     27 st/s
    done(50): success=46 t_flicker=4
Ep 41050 | score  163.55 | avg100  184.22 | grasp100  92.0% | best 0.975 |     27 st/s
    done(50): success=46 t_flicker=4
Ep 41100 | score  185.05 | avg100  186.79 | grasp100  94.0% | best 0.975 |     27 st/s
    done(50): success=48 t_flicker=2
Ep 41150 | score  170.79 | avg100  188.96 | grasp100  96.0% | best 0.975 |     27 st/s
    done(50): success=48 t_flicker=1 t_no_reach=1
Ep 41200 | score  182.86 | avg100  190.64 | grasp100  96.0% | best 0.975 |     27 st/s
    done(50): success=48 t_flicker=1 t_touched=1
Ep 41250 | score   -4.06 | avg100  185.63 | grasp100  93.0% | best 0.975 |     27 st/s
    done(50): success=45 t_flicker=3 t_touched=1 t_no_reach=1
Ep 41300 | score  182.50 | avg100  181.31 | grasp100  92.0% | best 0.975 |     27 st/s
    done(50): success=47 t_flicker=2 t_touched=1
Ep 41350 | score  166.69 | avg100  188.16 | grasp100  96.0% | best 0.975 |     27 st/s
    done(50): success=49 t_flicker=1
  [primacy-bias reset of critic heads @ 600000 updates]
Ep 41400 | score  -14.15 | avg100  150.14 | grasp100  74.0% | best 0.975 |     27 st/s
    done(50): success=25 t_flicker=11 t_touched=4 t_no_reach=10
Ep 41450 | score  -10.87 | avg100   79.32 | grasp100  39.0% | best 0.975 |     27 st/s
    done(50): success=14 t_flicker=6 t_touched=4 t_no_reach=26
Ep 41500 | score   -9.93 | avg100   57.88 | grasp100  31.0% | best 0.975 |     27 st/s
    done(50): success=17 t_flicker=6 t_touched=8 t_no_reach=19
Ep 41550 | score   19.87 | avg100   84.24 | grasp100  43.0% | best 0.975 |     27 st/s
    done(50): success=26 t_flicker=8 t_touched=5 t_no_reach=11
Ep 41600 | score  202.68 | avg100  117.35 | grasp100  57.0% | best 0.975 |     27 st/s
    done(50): success=31 t_flicker=8 t_touched=6 t_no_reach=5
Ep 41650 | score  202.08 | avg100  136.35 | grasp100  65.0% | best 0.975 |     27 st/s
    done(50): success=34 t_flicker=9 t_touched=5 t_no_reach=2
Ep 41700 | score  187.89 | avg100  143.86 | grasp100  69.0% | best 0.975 |     27 st/s
    done(50): success=35 t_flicker=10 t_touched=3 t_no_reach=2
Ep 41750 | score  199.20 | avg100  152.99 | grasp100  73.0% | best 0.975 |     27 st/s
    done(50): success=38 t_flicker=11 t_no_reach=1
Ep 41800 | score  203.74 | avg100  164.55 | grasp100  81.0% | best 0.975 |     27 st/s
    done(50): success=43 t_flicker=6 t_no_reach=1
Ep 41850 | score   92.49 | avg100  167.32 | grasp100  82.0% | best 0.975 |     27 st/s
    done(50): success=39 t_flicker=10 t_touched=1
Ep 41900 | score  189.33 | avg100  175.16 | grasp100  87.0% | best 0.975 |     27 st/s
    done(50): success=48 t_flicker=2
Ep 41950 | score  204.97 | avg100  182.64 | grasp100  95.0% | best 0.975 |     27 st/s
    done(50): success=47 t_flicker=2 t_touched=1
Ep 42000 | score  190.17 | avg100  182.07 | grasp100  93.0% | best 0.975 |     27 st/s
    done(50): success=46 t_flicker=4
Ep 42050 | score  202.65 | avg100  177.48 | grasp100  89.0% | best 0.975 |     27 st/s
    done(50): success=43 t_flicker=5 t_touched=1 t_no_reach=1
Ep 42100 | score   56.83 | avg100  176.58 | grasp100  89.0% | best 0.975 |     27 st/s
    done(50): success=46 t_flicker=3 t_no_reach=1
Ep 42150 | score  176.16 | avg100  180.17 | grasp100  90.0% | best 0.975 |     27 st/s
    done(50): success=44 t_flicker=6
Ep 42200 | score  194.06 | avg100  184.87 | grasp100  92.0% | best 0.975 |     27 st/s
    done(50): success=48 t_flicker=2
Ep 42250 | score  199.79 | avg100  189.90 | grasp100  96.0% | best 0.975 |     27 st/s
    done(50): success=48 t_flicker=2
Ep 42300 | score   57.22 | avg100  188.05 | grasp100  96.0% | best 0.975 |     27 st/s
    done(50): success=48 t_flicker=2
Ep 42350 | score  197.40 | avg100  190.01 | grasp100  98.0% | best 0.975 |     27 st/s
    done(50): success=50
Ep 42400 | score  171.51 | avg100  189.58 | grasp100  99.0% | best 0.975 |     27 st/s
    done(50): success=49 t_flicker=1
Ep 42450 | score  166.93 | avg100  189.61 | grasp100  98.0% | best 0.975 |     27 st/s
    done(50): success=49 t_flicker=1
Ep 42500 | * BEST  level200=2.00 grasp200= 99.0% metric=0.990 | score  151.60
Ep 42550 | score  204.82 | avg100  189.91 | grasp100  98.0% | best 0.990 |     27 st/s
    done(50): success=48 t_flicker=1 t_no_reach=1
Ep 42600 | score  199.19 | avg100  191.39 | grasp100  98.0% | best 0.990 |     27 st/s
    done(50): success=50
Ep 42650 | score  204.44 | avg100  194.48 | grasp100  99.0% | best 0.990 |     27 st/s
    done(50): success=49 t_flicker=1
Ep 42700 | score  190.92 | avg100  191.63 | grasp100  97.0% | best 0.990 |     27 st/s
    done(50): success=48 t_flicker=2
Ep 42750 | score  188.24 | avg100  192.56 | grasp100  97.0% | best 0.990 |     27 st/s
    done(50): success=49 t_flicker=1
Ep 42800 | score  203.28 | avg100  191.21 | grasp100  96.0% | best 0.990 |     27 st/s
    done(50): success=47 t_flicker=2 t_no_reach=1
Ep 42850 | score  208.19 | avg100  189.97 | grasp100  96.0% | best 0.990 |     27 st/s
    done(50): success=49 t_touched=1
Ep 42900 | score  203.27 | avg100  192.18 | grasp100  98.0% | best 0.990 |     27 st/s
    done(50): success=49 t_flicker=1
Ep 42950 | score  187.44 | avg100  188.23 | grasp100  97.0% | best 0.990 |     27 st/s
    done(50): success=48 t_flicker=2
Ep 43000 | score  195.13 | avg100  185.00 | grasp100  95.0% | best 0.990 |     27 st/s
    done(50): success=47 t_flicker=2 t_no_reach=1
Ep 43050 | score  221.14 | avg100  187.15 | grasp100  95.0% | best 0.990 |     27 st/s
    done(50): success=48 t_flicker=2
Ep 43100 | score  200.39 | avg100  188.43 | grasp100  96.0% | best 0.990 |     27 st/s
    done(50): success=48 t_flicker=1 t_touched=1
Ep 43150 | score  200.06 | avg100  187.08 | grasp100  95.0% | best 0.990 |     27 st/s
    done(50): success=47 t_flicker=2 t_touched=1
Ep 43200 | score  206.32 | avg100  190.57 | grasp100  95.0% | best 0.990 |     27 st/s
    done(50): success=48 t_flicker=2
Ep 43250 | score  194.58 | avg100  186.29 | grasp100  92.0% | best 0.990 |     27 st/s
    done(50): success=44 t_flicker=4 t_touched=1 t_no_reach=1
Ep 43300 | score  193.66 | avg100  186.18 | grasp100  94.0% | best 0.990 |     27 st/s
    done(50): success=50
  [primacy-bias reset of critic heads @ 625000 updates]
Ep 43350 | score  -26.82 | avg100  146.21 | grasp100  76.0% | best 0.990 |     27 st/s
    done(50): success=26 t_flicker=5 t_touched=1 t_no_reach=18
Ep 43400 | score  185.50 | avg100   78.73 | grasp100  42.0% | best 0.990 |     27 st/s
    done(50): success=16 t_flicker=9 t_touched=3 t_no_reach=22
Ep 43450 | score    9.40 | avg100   61.66 | grasp100  32.0% | best 0.990 |     27 st/s
    done(50): success=16 t_flicker=14 t_touched=4 t_no_reach=16
Ep 43500 | score  184.61 | avg100   97.69 | grasp100  50.0% | best 0.990 |     27 st/s
    done(50): success=34 t_flicker=6 t_touched=4 t_no_reach=6
Ep 43550 | score   25.64 | avg100  132.93 | grasp100  66.0% | best 0.990 |     27 st/s
    done(50): success=32 t_flicker=10 t_touched=3 t_no_reach=5
Ep 43600 | score  193.88 | avg100  138.16 | grasp100  65.0% | best 0.990 |     27 st/s
    done(50): success=33 t_flicker=13 t_touched=2 t_no_reach=2
Ep 43650 | score   55.36 | avg100  156.15 | grasp100  75.0% | best 0.990 |     27 st/s
    done(50): success=42 t_flicker=7 t_touched=1
Ep 43700 | score    6.65 | avg100  160.47 | grasp100  79.0% | best 0.990 |     27 st/s
    done(50): success=37 t_flicker=10 t_touched=3
Ep 43750 | score  192.16 | avg100  153.62 | grasp100  75.0% | best 0.990 |     27 st/s
    done(50): success=38 t_flicker=9 t_touched=1 t_no_reach=2
Ep 43800 | score  207.24 | avg100  168.45 | grasp100  83.0% | best 0.990 |     27 st/s
    done(50): success=45 t_flicker=5
Ep 43850 | score  171.15 | avg100  176.09 | grasp100  86.0% | best 0.990 |     27 st/s
    done(50): success=41 t_flicker=7 t_touched=2
Ep 43900 | score  190.28 | avg100  178.55 | grasp100  87.0% | best 0.990 |     27 st/s
    done(50): success=46 t_flicker=4
Ep 43950 | score  202.86 | avg100  186.62 | grasp100  93.0% | best 0.990 |     27 st/s
    done(50): success=47 t_flicker=3
Ep 44000 | score  200.00 | avg100  187.95 | grasp100  95.0% | best 0.990 |     27 st/s
    done(50): success=48 t_flicker=2
Ep 44050 | score  191.67 | avg100  184.95 | grasp100  94.0% | best 0.990 |     27 st/s
    done(50): success=46 t_flicker=4
Ep 44100 | score  183.61 | avg100  187.95 | grasp100  94.0% | best 0.990 |     27 st/s
    done(50): success=48 t_flicker=2
Ep 44150 | score  197.08 | avg100  188.14 | grasp100  93.0% | best 0.990 |     27 st/s
    done(50): success=45 t_flicker=4 t_touched=1
Ep 44200 | score  191.37 | avg100  186.41 | grasp100  93.0% | best 0.990 |     27 st/s
    done(50): success=48 t_flicker=2
Ep 44250 | score  181.06 | avg100  192.34 | grasp100  97.0% | best 0.990 |     27 st/s
    done(50): success=49 t_flicker=1
Ep 44300 | score  191.37 | avg100  196.20 | grasp100  98.0% | best 0.990 |     27 st/s
    done(50): success=49 t_flicker=1
Ep 44350 | score  212.92 | avg100  189.50 | grasp100  93.0% | best 0.990 |     27 st/s
    done(50): success=44 t_flicker=5 t_no_reach=1
Ep 44400 | score  195.14 | avg100  181.56 | grasp100  88.0% | best 0.990 |     27 st/s
    done(50): success=44 t_flicker=6
Ep 44450 | score  192.44 | avg100  181.97 | grasp100  90.0% | best 0.990 |     27 st/s
    done(50): success=46 t_flicker=3 t_no_reach=1
Ep 44500 | score  183.51 | avg100  180.61 | grasp100  90.0% | best 0.990 |     27 st/s
    done(50): success=44 t_flicker=6
Ep 44550 | score  204.72 | avg100  186.41 | grasp100  92.0% | best 0.990 |     27 st/s
    done(50): success=48 t_flicker=2
Ep 44600 | score  210.78 | avg100  190.12 | grasp100  96.0% | best 0.990 |     27 st/s
    done(50): success=48 t_flicker=1 t_touched=1
Ep 44650 | score  194.87 | avg100  190.29 | grasp100  97.0% | best 0.990 |     27 st/s
    done(50): success=49 t_flicker=1
Ep 44700 | score  191.38 | avg100  187.53 | grasp100  94.0% | best 0.990 |     27 st/s
    done(50): success=45 t_flicker=5
Ep 44750 | score  177.07 | avg100  184.66 | grasp100  92.0% | best 0.990 |     27 st/s
    done(50): success=47 t_flicker=3
Ep 44800 | score  180.29 | avg100  188.02 | grasp100  94.0% | best 0.990 |     27 st/s
    done(50): success=47 t_flicker=3
Ep 44850 | score  206.22 | avg100  188.61 | grasp100  94.0% | best 0.990 |     27 st/s
    done(50): success=47 t_flicker=3
Ep 44900 | score  216.42 | avg100  185.94 | grasp100  94.0% | best 0.990 |     27 st/s
    done(50): success=47 t_flicker=2 t_no_reach=1
Ep 44950 | score  188.41 | avg100  184.61 | grasp100  94.0% | best 0.990 |     27 st/s
    done(50): success=47 t_flicker=3
Ep 45000 | score  188.82 | avg100  188.10 | grasp100  94.0% | best 0.990 |     27 st/s
    done(50): success=47 t_flicker=2 t_touched=1
Ep 45050 | score  195.79 | avg100  193.59 | grasp100  97.0% | best 0.990 |     27 st/s
    done(50): success=50
Ep 45100 | score  186.57 | avg100  193.15 | grasp100  96.0% | best 0.990 |     27 st/s
    done(50): success=46 t_flicker=4
Ep 45150 | score  192.95 | avg100  190.13 | grasp100  94.0% | best 0.990 |     27 st/s
    done(50): success=48 t_flicker=2
Ep 45200 | score  211.81 | avg100  191.54 | grasp100  96.0% | best 0.990 |     27 st/s
    done(50): success=48 t_flicker=1 t_no_reach=1
Ep 45250 | score  192.51 | avg100  192.26 | grasp100  97.0% | best 0.990 |     27 st/s
    done(50): success=49 t_flicker=1
  [primacy-bias reset of critic heads @ 650000 updates]
Ep 45300 | score  -27.08 | avg100  163.49 | grasp100  84.0% | best 0.990 |     27 st/s
    done(50): success=35 t_flicker=2 t_no_reach=13
Ep 45350 | score  -22.29 | avg100   55.69 | grasp100  35.0% | best 0.990 |     27 st/s
    done(50): t_flicker=1 t_touched=3 t_no_reach=46
Ep 45400 | score  189.73 | avg100   32.65 | grasp100  23.0% | best 0.990 |     27 st/s
    done(50): success=23 t_flicker=9 t_touched=5 t_no_reach=13
Ep 45450 | score   13.73 | avg100  100.44 | grasp100  52.0% | best 0.990 |     27 st/s
    done(50): success=29 t_flicker=7 t_touched=6 t_no_reach=8
Ep 45500 | score    6.13 | avg100  117.92 | grasp100  60.0% | best 0.990 |     27 st/s
    done(50): success=31 t_flicker=5 t_touched=9 t_no_reach=5
Ep 45550 | score  179.08 | avg100  137.79 | grasp100  68.0% | best 0.990 |     27 st/s
    done(50): success=37 t_flicker=8 t_touched=3 t_no_reach=2
Ep 45600 | score  203.07 | avg100  146.50 | grasp100  70.0% | best 0.990 |     27 st/s
    done(50): success=33 t_flicker=10 t_touched=5 t_no_reach=2
Ep 45650 | score  205.24 | avg100  153.11 | grasp100  74.0% | best 0.990 |     27 st/s
    done(50): success=41 t_flicker=7 t_touched=2
Ep 45700 | score  169.70 | avg100  163.91 | grasp100  81.0% | best 0.990 |     27 st/s
    done(50): success=40 t_flicker=8 t_touched=2
Ep 45750 | score  194.92 | avg100  162.34 | grasp100  81.0% | best 0.990 |     27 st/s
    done(50): success=41 t_flicker=5 t_touched=2 t_no_reach=2
Ep 45800 | score  178.15 | avg100  174.24 | grasp100  87.0% | best 0.990 |     27 st/s
    done(50): success=46 t_flicker=4
Ep 45850 | score  204.84 | avg100  184.70 | grasp100  91.0% | best 0.990 |     27 st/s
    done(50): success=45 t_flicker=5
Ep 45900 | score  190.16 | avg100  186.81 | grasp100  93.0% | best 0.990 |     27 st/s
    done(50): success=48 t_flicker=2
Ep 45950 | score  182.37 | avg100  181.40 | grasp100  91.0% | best 0.990 |     27 st/s
    done(50): success=43 t_flicker=5 t_touched=1 t_no_reach=1
Ep 46000 | score  158.78 | avg100  181.03 | grasp100  91.0% | best 0.990 |     27 st/s
    done(50): success=48 t_flicker=2
Ep 46050 | score  196.45 | avg100  184.79 | grasp100  94.0% | best 0.990 |     27 st/s
    done(50): success=46 t_flicker=3 t_no_reach=1
Ep 46100 | score  190.37 | avg100  186.21 | grasp100  95.0% | best 0.990 |     27 st/s
    done(50): success=49 t_no_reach=1
Ep 46150 | score  176.24 | avg100  194.02 | grasp100  98.0% | best 0.990 |     27 st/s
    done(50): success=49 t_flicker=1
Ep 46200 | score  203.92 | avg100  191.41 | grasp100  97.0% | best 0.990 |     27 st/s
    done(50): success=48 t_flicker=2
Ep 46250 | score  189.80 | avg100  187.18 | grasp100  95.0% | best 0.990 |     27 st/s
    done(50): success=47 t_flicker=1 t_touched=2
Ep 46300 | score  181.66 | avg100  191.24 | grasp100  97.0% | best 0.990 |     27 st/s
    done(50): success=50
Ep 46350 | score  214.38 | avg100  194.40 | grasp100  98.0% | best 0.990 |     27 st/s
    done(50): success=48 t_flicker=2
Ep 46400 | score  220.56 | avg100  189.67 | grasp100  94.0% | best 0.990 |     27 st/s
    done(50): success=46 t_flicker=3 t_touched=1
Ep 46450 | score  186.20 | avg100  184.58 | grasp100  92.0% | best 0.990 |     27 st/s
    done(50): success=46 t_flicker=2 t_no_reach=2
Ep 46500 | score  200.21 | avg100  183.94 | grasp100  92.0% | best 0.990 |     27 st/s
    done(50): success=46 t_flicker=3 t_no_reach=1
Ep 46550 | score  200.19 | avg100  187.87 | grasp100  94.0% | best 0.990 |     27 st/s
    done(50): success=48 t_flicker=2
Ep 46600 | score  195.22 | avg100  194.19 | grasp100  98.0% | best 0.990 |     27 st/s
    done(50): success=50
Ep 46650 | score   -0.11 | avg100  191.10 | grasp100  97.0% | best 0.990 |     27 st/s
    done(50): success=47 t_flicker=2 t_touched=1
Ep 46700 | score  204.94 | avg100  189.51 | grasp100  94.0% | best 0.990 |     27 st/s
    done(50): success=47 t_flicker=1 t_touched=2
Ep 46750 | score  193.25 | avg100  191.16 | grasp100  94.0% | best 0.990 |     27 st/s
    done(50): success=47 t_flicker=3
Ep 46800 | score  203.77 | avg100  191.41 | grasp100  96.0% | best 0.990 |     27 st/s
    done(50): success=49 t_flicker=1
Ep 46850 | score  204.25 | avg100  189.02 | grasp100  95.0% | best 0.990 |     27 st/s
    done(50): success=46 t_flicker=2 t_touched=1 t_no_reach=1
Ep 46900 | score  199.43 | avg100  183.39 | grasp100  92.0% | best 0.990 |     27 st/s
    done(50): success=46 t_flicker=2 t_touched=1 t_no_reach=1
Ep 46950 | score  202.67 | avg100  189.52 | grasp100  95.0% | best 0.990 |     27 st/s
    done(50): success=49 t_flicker=1
Ep 47000 | score  202.71 | avg100  194.33 | grasp100  98.0% | best 0.990 |     27 st/s
    done(50): success=49 t_touched=1
Ep 47050 | score  196.83 | avg100  191.25 | grasp100  98.0% | best 0.990 |     27 st/s
    done(50): success=49 t_flicker=1
Ep 47100 | score  195.73 | avg100  187.34 | grasp100  96.0% | best 0.990 |     27 st/s
    done(50): success=47 t_flicker=3
Ep 47150 | score  195.37 | avg100  184.52 | grasp100  94.0% | best 0.990 |     27 st/s
    done(50): success=47 t_flicker=2 t_no_reach=1
Ep 47200 | score  195.83 | avg100  188.94 | grasp100  95.0% | best 0.990 |     27 st/s
    done(50): success=48 t_flicker=1 t_touched=1
  [primacy-bias reset of critic heads @ 675000 updates]
Ep 47250 | score  -26.86 | avg100  124.43 | grasp100  65.0% | best 0.990 |     27 st/s
    done(50): success=17 t_flicker=4 t_touched=1 t_no_reach=28
Ep 47300 | score  -22.51 | avg100   33.52 | grasp100  23.0% | best 0.990 |     27 st/s
    done(50): success=6 t_flicker=6 t_touched=1 t_no_reach=37
Ep 47350 | score   54.89 | avg100   53.25 | grasp100  30.0% | best 0.990 |     27 st/s
    done(50): success=24 t_flicker=6 t_touched=7 t_no_reach=13
Ep 47400 | score  184.42 | avg100  110.33 | grasp100  56.0% | best 0.990 |     27 st/s
    done(50): success=32 t_flicker=7 t_touched=5 t_no_reach=6
Ep 47450 | score   24.62 | avg100  130.85 | grasp100  66.0% | best 0.990 |     27 st/s
    done(50): success=34 t_flicker=6 t_touched=6 t_no_reach=4
Ep 47500 | score   -9.62 | avg100  137.40 | grasp100  68.0% | best 0.990 |     27 st/s
    done(50): success=34 t_flicker=6 t_touched=8 t_no_reach=2
Ep 47550 | score  157.72 | avg100  148.47 | grasp100  73.0% | best 0.990 |     27 st/s
    done(50): success=39 t_flicker=8 t_touched=1 t_no_reach=2
Ep 47600 | score  193.39 | avg100  161.87 | grasp100  81.0% | best 0.990 |     27 st/s
    done(50): success=42 t_flicker=5 t_touched=1 t_no_reach=2
Ep 47650 | score  155.43 | avg100  168.79 | grasp100  86.0% | best 0.990 |     27 st/s
    done(50): success=44 t_flicker=4 t_no_reach=2
Ep 47700 | score  196.32 | avg100  172.81 | grasp100  88.0% | best 0.990 |     27 st/s
    done(50): success=44 t_flicker=5 t_no_reach=1
Ep 47750 | score  202.85 | avg100  177.99 | grasp100  90.0% | best 0.990 |     27 st/s
    done(50): success=46 t_flicker=4
Ep 47800 | score  197.77 | avg100  188.18 | grasp100  96.0% | best 0.990 |     27 st/s
    done(50): success=50
Ep 47850 | score  203.32 | avg100  189.59 | grasp100  97.0% | best 0.990 |     27 st/s
    done(50): success=47 t_flicker=2 t_touched=1
Ep 47900 | score  159.49 | avg100  182.98 | grasp100  93.0% | best 0.990 |     27 st/s
    done(50): success=46 t_flicker=4
Ep 47950 | score   71.72 | avg100  185.63 | grasp100  94.0% | best 0.990 |     27 st/s
    done(50): success=48 t_flicker=2
Ep 48000 | score  198.30 | avg100  189.10 | grasp100  94.0% | best 0.990 |     27 st/s
    done(50): success=46 t_flicker=4
Ep 48050 | score  195.01 | avg100  186.87 | grasp100  92.0% | best 0.990 |     27 st/s
    done(50): success=46 t_flicker=4
Ep 48100 | score  190.05 | avg100  192.24 | grasp100  96.0% | best 0.990 |     27 st/s
    done(50): success=50
Ep 48150 | score  199.93 | avg100  196.25 | grasp100  97.0% | best 0.990 |     27 st/s
    done(50): success=47 t_flicker=3
Ep 48200 | score  201.00 | avg100  191.00 | grasp100  94.0% | best 0.990 |     27 st/s
    done(50): success=47 t_flicker=3
Ep 48250 | score  194.88 | avg100  193.17 | grasp100  97.0% | best 0.990 |     27 st/s
    done(50): success=50
Ep 48300 | score  169.91 | avg100  195.32 | grasp100  98.0% | best 0.990 |     27 st/s
    done(50): success=48 t_flicker=2
Ep 48350 | score  236.72 | avg100  191.66 | grasp100  95.0% | best 0.990 |     27 st/s
    done(50): success=47 t_flicker=2 t_no_reach=1
Ep 48400 | score  203.04 | avg100  191.86 | grasp100  96.0% | best 0.990 |     27 st/s
    done(50): success=49 t_flicker=1
Ep 48450 | score   54.71 | avg100  192.78 | grasp100  98.0% | best 0.990 |     27 st/s
    done(50): success=49 t_flicker=1
Ep 48500 | score  223.05 | avg100  191.79 | grasp100  98.0% | best 0.990 |     27 st/s
    done(50): success=49 t_flicker=1
Ep 48550 | score  187.16 | avg100  192.10 | grasp100  99.0% | best 0.990 |     27 st/s
    done(50): success=50
Ep 48600 | score  170.80 | avg100  191.75 | grasp100  97.0% | best 0.990 |     27 st/s
    done(50): success=47 t_flicker=2 t_no_reach=1
Ep 48650 | score  172.53 | avg100  193.74 | grasp100  97.0% | best 0.990 |     27 st/s
    done(50): success=50
Ep 48700 | score  174.93 | avg100  192.68 | grasp100  98.0% | best 0.990 |     27 st/s
    done(50): success=48 t_flicker=1 t_touched=1
Ep 48750 | score  204.09 | avg100  190.33 | grasp100  95.0% | best 0.990 |     27 st/s
    done(50): success=47 t_flicker=3
Ep 48800 | score  209.77 | avg100  187.26 | grasp100  93.0% | best 0.990 |     27 st/s
    done(50): success=46 t_flicker=3 t_touched=1
Ep 48850 | score  209.73 | avg100  182.18 | grasp100  91.0% | best 0.990 |     27 st/s
    done(50): success=45 t_flicker=5
Ep 48900 | score   -8.02 | avg100  186.07 | grasp100  93.0% | best 0.990 |     27 st/s
    done(50): success=48 t_touched=2
Ep 48950 | score  194.75 | avg100  192.03 | grasp100  98.0% | best 0.990 |     27 st/s
    done(50): success=50
Ep 49000 | score  172.31 | avg100  194.65 | grasp100  97.0% | best 0.990 |     27 st/s
    done(50): success=47 t_flicker=2 t_touched=1
Ep 49050 | score  172.98 | avg100  193.82 | grasp100  94.0% | best 0.990 |     27 st/s
    done(50): success=47 t_flicker=3
Ep 49100 | score  196.32 | avg100  189.46 | grasp100  94.0% | best 0.990 |     27 st/s
    done(50): success=47 t_flicker=2 t_no_reach=1
Ep 49150 | score  198.32 | avg100  189.65 | grasp100  95.0% | best 0.990 |     27 st/s
    done(50): success=48 t_flicker=1 t_no_reach=1
  [primacy-bias reset of critic heads @ 700000 updates]
Ep 49200 | score  158.26 | avg100  194.96 | grasp100  97.0% | best 0.990 |     27 st/s
    done(50): success=49 t_flicker=1
Ep 49250 | score   15.26 | avg100  123.41 | grasp100  61.0% | best 0.990 |     27 st/s
    done(50): success=12 t_flicker=10 t_touched=10 t_no_reach=18
Ep 49300 | score    2.51 | avg100   64.90 | grasp100  29.0% | best 0.990 |     27 st/s
    done(50): success=17 t_flicker=18 t_touched=8 t_no_reach=7
Ep 49350 | score  145.67 | avg100   89.70 | grasp100  41.0% | best 0.990 |     27 st/s
    done(50): success=24 t_flicker=10 t_touched=11 t_no_reach=5
Ep 49400 | score  204.97 | avg100  127.73 | grasp100  62.0% | best 0.990 |     27 st/s
    done(50): success=38 t_flicker=6 t_touched=3 t_no_reach=3
Ep 49450 | score  193.30 | avg100  150.93 | grasp100  75.0% | best 0.990 |     27 st/s
    done(50): success=37 t_flicker=8 t_touched=1 t_no_reach=4
Ep 49500 | score  201.20 | avg100  152.67 | grasp100  76.0% | best 0.990 |     27 st/s
    done(50): success=39 t_flicker=7 t_touched=3 t_no_reach=1
Ep 49550 | score  188.84 | avg100  158.59 | grasp100  77.0% | best 0.990 |     27 st/s
    done(50): success=38 t_flicker=7 t_touched=2 t_no_reach=3
Ep 49600 | score  167.04 | avg100  157.09 | grasp100  77.0% | best 0.990 |     27 st/s
    done(50): success=39 t_flicker=10 t_no_reach=1
Ep 49650 | score  203.24 | avg100  170.41 | grasp100  85.0% | best 0.990 |     27 st/s
    done(50): success=46 t_flicker=3 t_touched=1
Ep 49700 | score  192.41 | avg100  181.50 | grasp100  90.0% | best 0.990 |     27 st/s
    done(50): success=44 t_flicker=6
Ep 49750 | score  195.96 | avg100  175.23 | grasp100  88.0% | best 0.990 |     27 st/s
    done(50): success=44 t_flicker=3 t_touched=3
Ep 49800 | score  222.06 | avg100  185.60 | grasp100  94.0% | best 0.990 |     27 st/s
    done(50): success=50
Ep 49850 | score    6.93 | avg100  191.25 | grasp100  95.0% | best 0.990 |     27 st/s
    done(50): success=45 t_flicker=3 t_touched=1 t_no_reach=1
Ep 49900 | score  203.92 | avg100  185.23 | grasp100  92.0% | best 0.990 |     27 st/s
    done(50): success=47 t_flicker=3
Ep 49950 | score   77.70 | avg100  183.59 | grasp100  92.0% | best 0.990 |     27 st/s
    done(50): success=45 t_flicker=4 t_no_reach=1
Ep 50000 | score  188.43 | avg100  183.60 | grasp100  92.0% | best 0.990 |     27 st/s
    done(50): success=47 t_flicker=3
Ep 50050 | score  194.69 | avg100  188.59 | grasp100  94.0% | best 0.990 |     27 st/s
    done(50): success=47 t_flicker=2 t_touched=1
Ep 50100 | score  198.89 | avg100  189.50 | grasp100  96.0% | best 0.990 |     27 st/s
    done(50): success=49 t_flicker=1
Ep 50150 | score  213.42 | avg100  190.44 | grasp100  97.0% | best 0.990 |     27 st/s
    done(50): success=48 t_flicker=2
Ep 50200 | score  215.01 | avg100  190.24 | grasp100  96.0% | best 0.990 |     27 st/s
    done(50): success=48 t_flicker=2
Ep 50250 | score  229.02 | avg100  188.28 | grasp100  96.0% | best 0.990 |     27 st/s
    done(50): success=48 t_flicker=2
Ep 50300 | score  182.68 | avg100  187.52 | grasp100  96.0% | best 0.990 |     27 st/s
    done(50): success=48 t_flicker=1 t_touched=1
Ep 50350 | score  165.98 | avg100  184.87 | grasp100  94.0% | best 0.990 |     27 st/s
    done(50): success=46 t_flicker=3 t_no_reach=1
Ep 50400 | score  194.87 | avg100  188.68 | grasp100  96.0% | best 0.990 |     27 st/s
    done(50): success=50
Ep 50450 | score  192.71 | avg100  191.60 | grasp100  98.0% | best 0.990 |     27 st/s
    done(50): success=48 t_flicker=1 t_no_reach=1
Ep 50500 | score   55.11 | avg100  188.88 | grasp100  96.0% | best 0.990 |     27 st/s
    done(50): success=48 t_flicker=2
Ep 50550 | score  205.59 | avg100  191.07 | grasp100  96.0% | best 0.990 |     27 st/s
    done(50): success=48 t_flicker=1 t_touched=1
Ep 50600 | score  171.85 | avg100  191.98 | grasp100  97.0% | best 0.990 |     27 st/s
    done(50): success=49 t_no_reach=1
Ep 50650 | score  202.85 | avg100  191.65 | grasp100  98.0% | best 0.990 |     27 st/s
    done(50): success=49 t_flicker=1
Ep 50700 | score  171.66 | avg100  192.17 | grasp100  98.0% | best 0.990 |     27 st/s
    done(50): success=49 t_flicker=1
Ep 50750 | score  191.56 | avg100  190.76 | grasp100  97.0% | best 0.990 |     27 st/s
    done(50): success=48 t_flicker=2
Ep 50800 | score  232.99 | avg100  193.70 | grasp100  98.0% | best 0.990 |     27 st/s
    done(50): success=50
Ep 50850 | score  191.22 | avg100  195.10 | grasp100  99.0% | best 0.990 |     27 st/s
    done(50): success=49 t_flicker=1
Ep 50900 | score  182.61 | avg100  193.73 | grasp100  98.0% | best 0.990 |     27 st/s
    done(50): success=49 t_flicker=1
Ep 50950 | score  203.73 | avg100  192.21 | grasp100  97.0% | best 0.990 |     27 st/s
    done(50): success=48 t_flicker=2
Ep 51000 | score  177.14 | avg100  188.88 | grasp100  96.0% | best 0.990 |     27 st/s
    done(50): success=48 t_flicker=2
Ep 51050 | score  201.03 | avg100  186.88 | grasp100  95.0% | best 0.990 |     27 st/s
    done(50): success=47 t_flicker=2 t_no_reach=1
Ep 51100 | score  183.86 | avg100  186.70 | grasp100  96.0% | best 0.990 |     27 st/s
    done(50): success=49 t_flicker=1
Ep 51150 | score  215.24 | avg100  191.20 | grasp100  98.0% | best 0.990 |     27 st/s
    done(50): success=49 t_flicker=1
  [primacy-bias reset of critic heads @ 725000 updates]
Ep 51200 | score  194.01 | avg100  193.09 | grasp100  98.0% | best 0.990 |     27 st/s
    done(50): success=49 t_flicker=1
Ep 51250 | score  -24.67 | avg100   91.49 | grasp100  51.0% | best 0.990 |     27 st/s
    done(50): success=2 t_flicker=3 t_touched=1 t_no_reach=44
Ep 51300 | score   82.24 | avg100  -10.77 | grasp100   2.0% | best 0.990 |     27 st/s
    done(50): t_flicker=7 t_touched=2 t_no_reach=41
Ep 51350 | score   -4.08 | avg100   35.71 | grasp100  21.0% | best 0.990 |     27 st/s
    done(50): success=21 t_flicker=7 t_touched=12 t_no_reach=10
Ep 51400 | score  222.36 | avg100   95.95 | grasp100  47.0% | best 0.990 |     27 st/s
    done(50): success=26 t_flicker=8 t_touched=6 t_no_reach=10
Ep 51450 | score   15.89 | avg100  129.28 | grasp100  64.0% | best 0.990 |     27 st/s
    done(50): success=38 t_flicker=5 t_touched=3 t_no_reach=4
Ep 51500 | score   38.00 | avg100  151.53 | grasp100  77.0% | best 0.990 |     27 st/s
    done(50): success=39 t_flicker=6 t_touched=1 t_no_reach=4
Ep 51550 | score  205.15 | avg100  164.02 | grasp100  83.0% | best 0.990 |     27 st/s
    done(50): success=44 t_flicker=5 t_no_reach=1
Ep 51600 | score  187.59 | avg100  176.23 | grasp100  88.0% | best 0.990 |     27 st/s
    done(50): success=44 t_flicker=6
Ep 51650 | score  196.36 | avg100  183.43 | grasp100  92.0% | best 0.990 |     27 st/s
    done(50): success=48 t_flicker=2
Ep 51700 | score  203.02 | avg100  186.34 | grasp100  94.0% | best 0.990 |     27 st/s
    done(50): success=46 t_flicker=4
Ep 51750 | score  149.61 | avg100  185.68 | grasp100  94.0% | best 0.990 |     27 st/s
    done(50): success=48 t_flicker=1 t_touched=1
Ep 51800 | score  237.26 | avg100  183.68 | grasp100  93.0% | best 0.990 |     27 st/s
    done(50): success=45 t_flicker=4 t_no_reach=1
Ep 51850 | score  188.10 | avg100  184.31 | grasp100  93.0% | best 0.990 |     27 st/s
    done(50): success=48 t_flicker=2
Ep 51900 | score  203.32 | avg100  189.10 | grasp100  97.0% | best 0.990 |     27 st/s
    done(50): success=49 t_no_reach=1
Ep 51950 | score  227.01 | avg100  190.88 | grasp100  98.0% | best 0.990 |     27 st/s
    done(50): success=49 t_touched=1
Ep 52000 | score  178.95 | avg100  195.70 | grasp100  99.0% | best 0.990 |     27 st/s
    done(50): success=50
Ep 52050 | score  231.30 | avg100  194.51 | grasp100  98.0% | best 0.990 |     27 st/s
    done(50): success=48 t_flicker=1 t_no_reach=1
Ep 52100 | score  163.49 | avg100  193.75 | grasp100  98.0% | best 0.990 |     27 st/s
    done(50): success=50
Ep 52150 | score  201.81 | avg100  196.36 | grasp100  99.0% | best 0.990 |     27 st/s
    done(50): success=49 t_flicker=1
Ep 52200 | score  188.28 | avg100  192.12 | grasp100  96.0% | best 0.990 |     27 st/s
    done(50): success=47 t_flicker=3
Ep 52250 | score  183.82 | avg100  189.41 | grasp100  95.0% | best 0.990 |     27 st/s
    done(50): success=48 t_flicker=2
Ep 52300 | score  179.09 | avg100  189.05 | grasp100  96.0% | best 0.990 |     27 st/s
    done(50): success=48 t_touched=1 t_no_reach=1
Ep 52350 | score  205.27 | avg100  188.69 | grasp100  97.0% | best 0.990 |     27 st/s
    done(50): success=49 t_flicker=1
Ep 52400 | score  172.22 | avg100  192.22 | grasp100  98.0% | best 0.990 |     27 st/s
    done(50): success=49 t_flicker=1
Ep 52450 | score  190.36 | avg100  193.74 | grasp100  99.0% | best 0.990 |     27 st/s
    done(50): success=50
Ep 52500 | score  205.63 | avg100  195.11 | grasp100 100.0% | best 0.990 |     27 st/s
    done(50): success=50
Ep 52550 | score  214.69 | avg100  195.78 | grasp100  98.0% | best 0.990 |     27 st/s
    done(50): success=48 t_flicker=2
Ep 52600 | score  199.57 | avg100  193.35 | grasp100  95.0% | best 0.990 |     27 st/s
    done(50): success=47 t_flicker=3
Ep 52650 | score  197.12 | avg100  192.79 | grasp100  96.0% | best 0.990 |     27 st/s
    done(50): success=49 t_no_reach=1
Ep 52700 | score  179.14 | avg100  190.98 | grasp100  96.0% | best 0.990 |     27 st/s
    done(50): success=47 t_flicker=2 t_no_reach=1
Ep 52750 | score  206.40 | avg100  193.64 | grasp100  97.0% | best 0.990 |     27 st/s
    done(50): success=50
Ep 52800 | score   99.43 | avg100  191.32 | grasp100  96.0% | best 0.990 |     27 st/s
    done(50): success=46 t_flicker=2 t_touched=1 t_no_reach=1
Ep 52850 | score   14.26 | avg100  179.56 | grasp100  90.0% | best 0.990 |     27 st/s
    done(50): success=44 t_flicker=5 t_touched=1
Ep 52900 | score  180.85 | avg100  180.06 | grasp100  91.0% | best 0.990 |     27 st/s
    done(50): success=47 t_flicker=3
Ep 52950 | score  184.64 | avg100  184.17 | grasp100  92.0% | best 0.990 |     27 st/s
    done(50): success=45 t_flicker=5
Ep 53000 | score  206.61 | avg100  190.08 | grasp100  94.0% | best 0.990 |     27 st/s
    done(50): success=49 t_flicker=1
Ep 53050 | score  200.07 | avg100  189.61 | grasp100  93.0% | best 0.990 |     27 st/s
    done(50): success=44 t_flicker=6
Ep 53100 | score  197.11 | avg100  183.69 | grasp100  91.0% | best 0.990 |     27 st/s
    done(50): success=47 t_flicker=3
  [primacy-bias reset of critic heads @ 750000 updates]
Ep 53150 | score  -12.72 | avg100  179.92 | grasp100  92.0% | best 0.990 |     27 st/s
    done(50): success=45 t_flicker=2 t_no_reach=3
Ep 53200 | score  -20.42 | avg100   90.13 | grasp100  49.0% | best 0.990 |     27 st/s
    done(50): success=4 t_flicker=3 t_touched=7 t_no_reach=36
Ep 53250 | score  195.41 | avg100   24.93 | grasp100  16.0% | best 0.990 |     27 st/s
    done(50): success=12 t_flicker=7 t_touched=10 t_no_reach=21
Ep 53300 | score  195.71 | avg100   65.84 | grasp100  33.0% | best 0.990 |     27 st/s
    done(50): success=21 t_flicker=10 t_touched=9 t_no_reach=10
Ep 53350 | score    9.94 | avg100  104.42 | grasp100  51.0% | best 0.990 |     27 st/s
    done(50): success=30 t_flicker=8 t_touched=7 t_no_reach=5
Ep 53400 | score  202.84 | avg100  139.50 | grasp100  70.0% | best 0.990 |     27 st/s
    done(50): success=40 t_flicker=4 t_touched=3 t_no_reach=3
Ep 53450 | score  203.25 | avg100  157.60 | grasp100  78.0% | best 0.990 |     27 st/s
    done(50): success=38 t_flicker=8 t_touched=3 t_no_reach=1
Ep 53500 | score  183.45 | avg100  163.93 | grasp100  81.0% | best 0.990 |     27 st/s
    done(50): success=43 t_flicker=6 t_touched=1
Ep 53550 | score  203.61 | avg100  174.45 | grasp100  88.0% | best 0.990 |     27 st/s
    done(50): success=45 t_flicker=4 t_touched=1
Ep 53600 | score  203.00 | avg100  173.93 | grasp100  87.0% | best 0.990 |     27 st/s
    done(50): success=42 t_flicker=7 t_no_reach=1
Ep 53650 | score  185.59 | avg100  171.25 | grasp100  86.0% | best 0.990 |     27 st/s
    done(50): success=44 t_flicker=4 t_touched=2
Ep 53700 | score  201.36 | avg100  177.23 | grasp100  90.0% | best 0.990 |     27 st/s
    done(50): success=46 t_flicker=3 t_touched=1
Ep 53750 | score  203.42 | avg100  186.21 | grasp100  95.0% | best 0.990 |     27 st/s
    done(50): success=49 t_flicker=1
Ep 53800 | score  197.47 | avg100  184.53 | grasp100  93.0% | best 0.990 |     27 st/s
    done(50): success=44 t_flicker=5 t_touched=1
Ep 53850 | score  186.54 | avg100  178.92 | grasp100  89.0% | best 0.990 |     27 st/s
    done(50): success=45 t_flicker=5
Ep 53900 | score  203.15 | avg100  189.24 | grasp100  95.0% | best 0.990 |     27 st/s
    done(50): success=50
Ep 53950 | score  191.61 | avg100  193.93 | grasp100  97.0% | best 0.990 |     27 st/s
    done(50): success=47 t_flicker=2 t_touched=1
Ep 54000 | score  181.18 | avg100  191.20 | grasp100  96.0% | best 0.990 |     27 st/s
    done(50): success=49 t_touched=1
Ep 54050 | score  177.01 | avg100  192.37 | grasp100  98.0% | best 0.990 |     27 st/s
    done(50): success=49 t_flicker=1
Ep 54100 | score  168.56 | avg100  188.49 | grasp100  96.0% | best 0.990 |     27 st/s
    done(50): success=47 t_flicker=3
Ep 54150 | score  198.16 | avg100  187.26 | grasp100  96.0% | best 0.990 |     27 st/s
    done(50): success=49 t_touched=1
Ep 54200 | score   93.36 | avg100  192.11 | grasp100  97.0% | best 0.990 |     27 st/s
    done(50): success=48 t_flicker=2
Ep 54250 | score  137.13 | avg100  189.80 | grasp100  95.0% | best 0.990 |     27 st/s
    done(50): success=47 t_flicker=1 t_no_reach=2
Ep 54300 | score  169.38 | avg100  187.70 | grasp100  95.0% | best 0.990 |     27 st/s
    done(50): success=48 t_flicker=1 t_touched=1
Ep 54350 | score  206.17 | avg100  188.32 | grasp100  95.0% | best 0.990 |     27 st/s
    done(50): success=47 t_flicker=2 t_touched=1
Ep 54400 | score  173.18 | avg100  185.99 | grasp100  95.0% | best 0.990 |     27 st/s
    done(50): success=48 t_flicker=2
Ep 54450 | score  197.79 | avg100  187.52 | grasp100  96.0% | best 0.990 |     27 st/s
    done(50): success=48 t_flicker=2
Ep 54500 | score  191.70 | avg100  192.47 | grasp100  98.0% | best 0.990 |     27 st/s
    done(50): success=50
Ep 54550 | score  191.01 | avg100  194.22 | grasp100  98.0% | best 0.990 |     27 st/s
    done(50): success=48 t_flicker=2
Ep 54600 | score  204.75 | avg100  189.87 | grasp100  96.0% | best 0.990 |     27 st/s
    done(50): success=48 t_flicker=2
Ep 54650 | score  194.61 | avg100  187.19 | grasp100  95.0% | best 0.990 |     27 st/s
    done(50): success=47 t_flicker=2 t_touched=1
Ep 54700 | score  203.68 | avg100  187.18 | grasp100  95.0% | best 0.990 |     27 st/s
    done(50): success=48 t_flicker=1 t_no_reach=1
Ep 54750 | score  182.52 | avg100  187.13 | grasp100  96.0% | best 0.990 |     27 st/s
    done(50): success=48 t_flicker=2
Ep 54800 | score  189.47 | avg100  190.54 | grasp100  97.0% | best 0.990 |     27 st/s
    done(50): success=49 t_flicker=1
Ep 54850 | score  206.47 | avg100  191.32 | grasp100  97.0% | best 0.990 |     27 st/s
    done(50): success=48 t_flicker=2
Ep 54900 | score  204.07 | avg100  187.59 | grasp100  95.0% | best 0.990 |     27 st/s
    done(50): success=47 t_flicker=3
Ep 54950 | score  188.07 | avg100  188.67 | grasp100  95.0% | best 0.990 |     27 st/s
    done(50): success=48 t_flicker=1 t_touched=1
Ep 55000 | score  204.61 | avg100  189.61 | grasp100  97.0% | best 0.990 |     27 st/s
    done(50): success=49 t_flicker=1

========================================================================
DONE  td3_ln_cereal_alignwarm_s2
  Episodes     : 55000
  Env steps    : 1,934,590  (71714s)
  Best metric  : 0.990  (policy in /home/fahim/Thesis_fahim/pickandplace/checkpoints/td3_grasp_rand_td3_ln_cereal_alignwarm_s2/best)
  Final grasp% : 97.0
  CSV          : /home/fahim/Thesis_fahim/pickandplace/logs/grasp_rand_td3_ln_cereal_alignwarm_s2/episodes.csv
  Probe CSV    : /home/fahim/Thesis_fahim/pickandplace/logs/grasp_rand_td3_ln_cereal_alignwarm_s2/probe.csv
  Manifest     : /home/fahim/Thesis_fahim/pickandplace/logs/grasp_rand_td3_ln_cereal_alignwarm_s2/manifest.json
========================================================================

