========================================================================
RANDOM-SPAWN GRASP RETRAINING  |  algo=td3_ln  run=td3_ln_cereal_align_s1
========================================================================
  Envs                : 5 (subprocess-parallel, fork)
  Spawn level         : 2.0 (1.0 = full position box, 2.0 = + z-rotation)
  Updates/vec-step    : 2 (0.400 per env-step; historical baseline 0.5)
  Buffer              : 2,000,000
  Actor               : 64 -> 32  (5,216 weights)  [critics 512->256]
  Warm start          : checkpoints/td3_grasp_rand_best_0355_backup
  Checkpoints         : /home/fahim/Thesis_fahim/pickandplace/checkpoints/td3_grasp_rand_td3_ln_cereal_align_s1
========================================================================

Spawning 5 subprocess environments (fork)...
[robosuite WARNING] No private macro file found! (__init__.py:7)
[robosuite WARNING] No private macro file found! (__init__.py:7)
[robosuite WARNING] No private macro file found! (__init__.py:7)
[robosuite WARNING] It is recommended to use a private macro file (__init__.py:8)
[robosuite WARNING] It is recommended to use a private macro file (__init__.py:8)
[robosuite WARNING] It is recommended to use a private macro file (__init__.py:8)
[robosuite WARNING] To setup, run: python /home/fahim/Thesis_fahim/venv/lib/python3.12/site-packages/robosuite/scripts/setup_macros.py (__init__.py:9)
[robosuite WARNING] To setup, run: python /home/fahim/Thesis_fahim/venv/lib/python3.12/site-packages/robosuite/scripts/setup_macros.py (__init__.py:9)
[robosuite WARNING] To setup, run: python /home/fahim/Thesis_fahim/venv/lib/python3.12/site-packages/robosuite/scripts/setup_macros.py (__init__.py:9)
[robosuite WARNING] No private macro file found! (__init__.py:7)
[robosuite WARNING] No private macro file found! (__init__.py:7)
[robosuite WARNING] It is recommended to use a private macro file (__init__.py:8)
[robosuite WARNING] It is recommended to use a private macro file (__init__.py:8)
[robosuite WARNING] To setup, run: python /home/fahim/Thesis_fahim/venv/lib/python3.12/site-packages/robosuite/scripts/setup_macros.py (__init__.py:9)
[robosuite WARNING] To setup, run: python /home/fahim/Thesis_fahim/venv/lib/python3.12/site-packages/robosuite/scripts/setup_macros.py (__init__.py:9)
Gym has been unmaintained since 2022 and does not support NumPy 2.0 amongst other critical functionality.
Please upgrade to Gymnasium, the maintained drop-in replacement of Gym, or contact the authors of your software and request that they upgrade.
See the migration guide at https://gymnasium.farama.org/introduction/migration_guide/ for additional information.
Gym has been unmaintained since 2022 and does not support NumPy 2.0 amongst other critical functionality.
Please upgrade to Gymnasium, the maintained drop-in replacement of Gym, or contact the authors of your software and request that they upgrade.
See the migration guide at https://gymnasium.farama.org/introduction/migration_guide/ for additional information.
Gym has been unmaintained since 2022 and does not support NumPy 2.0 amongst other critical functionality.
Please upgrade to Gymnasium, the maintained drop-in replacement of Gym, or contact the authors of your software and request that they upgrade.
See the migration guide at https://gymnasium.farama.org/introduction/migration_guide/ for additional information.
Gym has been unmaintained since 2022 and does not support NumPy 2.0 amongst other critical functionality.
Please upgrade to Gymnasium, the maintained drop-in replacement of Gym, or contact the authors of your software and request that they upgrade.
See the migration guide at https://gymnasium.farama.org/introduction/migration_guide/ for additional information.
Gym has been unmaintained since 2022 and does not support NumPy 2.0 amongst other critical functionality.
Please upgrade to Gymnasium, the maintained drop-in replacement of Gym, or contact the authors of your software and request that they upgrade.
See the migration guide at https://gymnasium.farama.org/introduction/migration_guide/ for additional information.
/home/fahim/Thesis_fahim/venv/lib/python3.12/site-packages/gym/spaces/box.py:84: UserWarning: [33mWARN: Box bound precision lowered by casting to float32[0m
  logger.warn(f"Box bound precision lowered by casting to {self.dtype}")
/home/fahim/Thesis_fahim/venv/lib/python3.12/site-packages/gym/spaces/box.py:84: UserWarning: [33mWARN: Box bound precision lowered by casting to float32[0m
  logger.warn(f"Box bound precision lowered by casting to {self.dtype}")
/home/fahim/Thesis_fahim/venv/lib/python3.12/site-packages/gym/spaces/box.py:84: UserWarning: [33mWARN: Box bound precision lowered by casting to float32[0m
  logger.warn(f"Box bound precision lowered by casting to {self.dtype}")
/home/fahim/Thesis_fahim/venv/lib/python3.12/site-packages/gym/spaces/box.py:84: UserWarning: [33mWARN: Box bound precision lowered by casting to float32[0m
  logger.warn(f"Box bound precision lowered by casting to {self.dtype}")
/home/fahim/Thesis_fahim/venv/lib/python3.12/site-packages/gym/spaces/box.py:84: UserWarning: [33mWARN: Box bound precision lowered by casting to float32[0m
  logger.warn(f"Box bound precision lowered by casting to {self.dtype}")
Gym has been unmaintained since 2022 and does not support NumPy 2.0 amongst other critical functionality.
Please upgrade to Gymnasium, the maintained drop-in replacement of Gym, or contact the authors of your software and request that they upgrade.
See the migration guide at https://gymnasium.farama.org/introduction/migration_guide/ for additional information.
5 environments ready.

  Actor QAT           : per-tensor INT8 fake-quant, STE grads
  Actor weight clip   : |w| <= 8.0 * std(w) per Linear tensor (bi_s0 baseline fc1 9.96 / fc2 10.82)
Init: cold (source: /home/fahim/Thesis_fahim/pickandplace/checkpoints/td3_grasp_rand_best_0355_backup)
Fresh replay buffer.

Training...

Ep    50 | score  -79.74 | avg100  -62.08 | grasp100   0.0% | best 0.000 |    193 st/s
    done(50): t_touched=4 t_no_reach=46
Ep   100 | score  -73.70 | avg100  -69.64 | grasp100   0.0% | best 0.000 |     99 st/s
    done(50): t_no_reach=50
Ep   150 | score  -63.64 | avg100  -76.84 | grasp100   0.0% | best 0.000 |     84 st/s
    done(50): t_touched=2 t_no_reach=48
Ep   200 | score  -69.81 | avg100  -71.87 | grasp100   0.0% | best 0.000 |     79 st/s
    done(50): t_flicker=2 t_no_reach=48
Ep   250 | score  -15.48 | avg100  -68.01 | grasp100   0.0% | best 0.000 |     76 st/s
    done(50): t_flicker=2 t_touched=1 t_no_reach=47
Ep   300 | score  -74.50 | avg100  -69.68 | grasp100   0.0% | best 0.000 |     74 st/s
    done(50): t_flicker=1 t_touched=4 t_no_reach=45
Ep   350 | score   -2.94 | avg100  -65.14 | grasp100   0.0% | best 0.000 |     72 st/s
    done(50): t_flicker=2 t_touched=7 t_no_reach=41
  [primacy-bias reset of critic heads @ 25000 updates]
Ep   400 | score  -76.79 | avg100  -63.02 | grasp100   0.0% | best 0.000 |     71 st/s
    done(50): t_flicker=2 t_touched=3 t_no_reach=45
Ep   450 | score  -67.79 | avg100  -65.27 | grasp100   0.0% | best 0.000 |     70 st/s
    done(50): t_flicker=1 t_touched=5 t_no_reach=44
Ep   500 | score  -73.41 | avg100  -57.58 | grasp100   0.0% | best 0.000 |     69 st/s
    done(50): t_flicker=4 t_touched=6 t_no_reach=40
Ep   550 | score  -38.33 | avg100  -45.23 | grasp100   0.0% | best 0.000 |     68 st/s
    done(50): t_flicker=6 t_touched=8 t_no_reach=36
Ep   600 | score  -13.25 | avg100  -45.42 | grasp100   0.0% | best 0.000 |     68 st/s
    done(50): t_flicker=3 t_touched=2 t_no_reach=45
Ep   650 | score  -75.14 | avg100  -51.86 | grasp100   0.0% | best 0.000 |     67 st/s
    done(50): t_flicker=3 t_touched=5 t_no_reach=42
  [primacy-bias reset of critic heads @ 50000 updates]
Ep   700 | score  -78.11 | avg100  -57.67 | grasp100   0.0% | best 0.000 |     67 st/s
    done(50): t_flicker=1 t_no_reach=49
Ep   750 | score  -78.87 | avg100  -60.04 | grasp100   0.0% | best 0.000 |     66 st/s
    done(50): t_flicker=1 t_touched=10 t_no_reach=39
Ep   800 | score  -76.80 | avg100  -49.61 | grasp100   0.0% | best 0.000 |     66 st/s
    done(50): t_flicker=6 t_touched=11 t_no_reach=33
Ep   850 | score  -67.34 | avg100  -41.76 | grasp100   0.0% | best 0.000 |     66 st/s
    done(50): t_flicker=7 t_touched=6 t_no_reach=37
Ep   900 | score    8.82 | avg100  -38.38 | grasp100   0.0% | best 0.000 |     65 st/s
    done(50): t_flicker=7 t_touched=4 t_no_reach=39
Ep   950 | score  -12.24 | avg100  -35.68 | grasp100   0.0% | best 0.000 |     65 st/s
    done(50): t_flicker=5 t_touched=9 t_no_reach=36
  [primacy-bias reset of critic heads @ 75000 updates]
Ep  1000 | score  -44.21 | avg100  -30.79 | grasp100   0.0% | best 0.000 |     65 st/s
    done(50): t_flicker=7 t_touched=6 t_no_reach=37
Ep  1050 | score  -70.25 | avg100  -35.85 | grasp100   0.0% | best 0.000 |     65 st/s
    done(50): t_flicker=3 t_touched=3 t_no_reach=44
Ep  1100 | score  -53.53 | avg100  -39.72 | grasp100   0.0% | best 0.000 |     64 st/s
    done(50): t_flicker=2 t_touched=15 t_no_reach=33
Ep  1150 | score  -61.40 | avg100  -30.39 | grasp100   0.0% | best 0.000 |     64 st/s
    done(50): t_flicker=5 t_touched=17 t_no_reach=28
Ep  1200 | score  -65.23 | avg100  -25.05 | grasp100   0.0% | best 0.000 |     64 st/s
    done(50): t_flicker=9 t_touched=10 t_no_reach=31
Ep  1250 | score  -25.56 | avg100  -20.84 | grasp100   0.0% | best 0.000 |     64 st/s
    done(50): t_flicker=6 t_touched=18 t_no_reach=26
Ep  1300 | score   29.63 | avg100  -12.25 | grasp100   0.0% | best 0.000 |     64 st/s
    done(50): t_flicker=9 t_touched=17 t_no_reach=24
  [primacy-bias reset of critic heads @ 100000 updates]
Ep  1350 | score  -40.83 | avg100  -13.54 | grasp100   0.0% | best 0.000 |     64 st/s
    done(50): t_flicker=9 t_touched=11 t_no_reach=30
Ep  1400 | score  -37.06 | avg100  -13.28 | grasp100   1.0% | best 0.000 |     63 st/s
    done(50): success=1 t_flicker=12 t_touched=14 t_no_reach=23
Ep  1450 | score   70.34 | avg100  -13.59 | grasp100   1.0% | best 0.000 |     63 st/s
    done(50): t_flicker=12 t_touched=10 t_no_reach=28
Ep  1500 | score   -4.05 | avg100  -16.81 | grasp100   0.0% | best 0.000 |     63 st/s
    done(50): t_flicker=8 t_touched=17 t_no_reach=25
Ep  1550 | score  -20.50 | avg100   -6.53 | grasp100   1.0% | best 0.000 |     63 st/s
    done(50): success=1 t_flicker=10 t_touched=21 t_no_reach=18
Ep  1600 | score  -45.38 | avg100    4.29 | grasp100   1.0% | best 0.000 |     63 st/s
    done(50): t_flicker=17 t_touched=13 t_no_reach=20
Ep  1650 | score    0.55 | avg100    7.50 | grasp100   0.0% | best 0.000 |     63 st/s
    done(50): t_flicker=14 t_touched=16 t_no_reach=20
  [primacy-bias reset of critic heads @ 125000 updates]
Ep  1700 | score  -40.18 | avg100   -9.10 | grasp100   0.0% | best 0.000 |     63 st/s
    done(50): t_flicker=7 t_touched=11 t_no_reach=32
Ep  1750 | score  -15.69 | avg100   -5.97 | grasp100   0.0% | best 0.000 |     63 st/s
    done(50): t_flicker=16 t_touched=18 t_no_reach=16
Ep  1800 | score  110.62 | avg100   11.36 | grasp100   0.0% | best 0.000 |     63 st/s
    done(50): t_flicker=16 t_touched=18 t_no_reach=16
Ep  1850 | score   20.20 | avg100   17.88 | grasp100   0.0% | best 0.000 |     62 st/s
    done(50): t_flicker=17 t_touched=23 t_no_reach=10
Ep  1900 | score    5.84 | avg100   23.12 | grasp100   0.0% | best 0.000 |     62 st/s
    done(50): t_flicker=15 t_touched=21 t_no_reach=14
Ep  1950 | score   50.69 | avg100   38.04 | grasp100   0.0% | best 0.000 |     62 st/s
    done(50): t_flicker=26 t_touched=19 t_no_reach=5
  [primacy-bias reset of critic heads @ 150000 updates]
Ep  2000 | score   10.42 | avg100   28.17 | grasp100   0.0% | best 0.000 |     62 st/s
    done(50): t_flicker=10 t_touched=20 t_no_reach=20
Ep  2050 | score   16.02 | avg100   -1.04 | grasp100   0.0% | best 0.000 |     62 st/s
    done(50): t_flicker=12 t_touched=11 t_no_reach=27
Ep  2100 | score  -57.13 | avg100    7.90 | grasp100   0.0% | best 0.000 |     62 st/s
    done(50): t_flicker=18 t_touched=22 t_no_reach=10
Ep  2150 | score   40.24 | avg100   32.91 | grasp100   0.0% | best 0.000 |     61 st/s
    done(50): t_flicker=20 t_touched=17 t_no_reach=13
Ep  2200 | score  -19.34 | avg100   42.03 | grasp100   0.0% | best 0.000 |     59 st/s
    done(50): t_flicker=17 t_touched=28 t_no_reach=5
Ep  2250 | score   23.41 | avg100   41.28 | grasp100   0.0% | best 0.000 |     58 st/s
    done(50): t_flicker=19 t_touched=24 t_no_reach=7
Ep  2300 | score  101.08 | avg100   43.48 | grasp100   0.0% | best 0.000 |     57 st/s
    done(50): t_flicker=14 t_touched=28 t_no_reach=8
  [primacy-bias reset of critic heads @ 175000 updates]
Ep  2350 | score  -44.56 | avg100   36.21 | grasp100   0.0% | best 0.000 |     57 st/s
    done(50): t_flicker=18 t_touched=20 t_no_reach=12
Ep  2400 | score  -58.23 | avg100   24.33 | grasp100   0.0% | best 0.000 |     56 st/s
    done(50): t_flicker=27 t_touched=10 t_no_reach=13
Ep  2450 | score  134.78 | avg100   28.96 | grasp100   0.0% | best 0.000 |     55 st/s
    done(50): t_flicker=26 t_touched=20 t_no_reach=4
Ep  2500 | score   37.53 | avg100   45.86 | grasp100   0.0% | best 0.000 |     54 st/s
    done(50): t_flicker=24 t_touched=17 t_no_reach=9
Ep  2550 | score   97.39 | avg100   51.13 | grasp100   0.0% | best 0.000 |     53 st/s
    done(50): t_flicker=26 t_touched=20 t_no_reach=4
Ep  2600 | score   73.72 | avg100   42.12 | grasp100   0.0% | best 0.000 |     53 st/s
    done(50): t_flicker=27 t_touched=20 t_no_reach=3
Ep  2650 | score    8.18 | avg100   47.27 | grasp100   0.0% | best 0.000 |     52 st/s
    done(50): t_flicker=32 t_touched=12 t_no_reach=6
  [primacy-bias reset of critic heads @ 200000 updates]
Ep  2700 | score  -50.54 | avg100   53.80 | grasp100   0.0% | best 0.000 |     52 st/s
    done(50): t_flicker=27 t_touched=18 t_no_reach=5
Ep  2750 | score   92.93 | avg100   18.71 | grasp100   0.0% | best 0.000 |     51 st/s
    done(50): t_flicker=8 t_touched=17 t_no_reach=25
Ep  2800 | score   20.51 | avg100    7.77 | grasp100   1.0% | best 0.000 |     51 st/s
    done(50): success=1 t_flicker=27 t_touched=17 t_no_reach=5
Ep  2850 | score   -2.12 | avg100   35.72 | grasp100   1.0% | best 0.000 |     50 st/s
    done(50): t_flicker=29 t_touched=15 t_no_reach=6
Ep  2900 | score  125.15 | avg100   42.74 | grasp100   0.0% | best 0.000 |     50 st/s
    done(50): t_flicker=29 t_touched=16 t_no_reach=5
Ep  2950 | score  -19.07 | avg100   44.95 | grasp100   1.0% | best 0.000 |     49 st/s
    done(50): success=1 t_flicker=29 t_touched=15 t_no_reach=5
Ep  2985 | * BEST  level200=2.00 grasp200=  1.5% metric=0.015 | score  236.70
Ep  3000 | score  -38.41 | avg100   53.17 | grasp100   2.0% | best 0.015 |     49 st/s
    done(50): success=1 t_flicker=30 t_touched=15 t_no_reach=4
Ep  3050 | score  148.93 | avg100   49.15 | grasp100   1.0% | best 0.015 |     49 st/s
    done(50): t_flicker=25 t_touched=20 t_no_reach=5
  [primacy-bias reset of critic heads @ 225000 updates]
Ep  3100 | score  -53.48 | avg100   34.43 | grasp100   0.0% | best 0.015 |     48 st/s
    done(50): t_flicker=23 t_touched=16 t_no_reach=11
Ep  3150 | score  -66.44 | avg100   32.33 | grasp100   1.0% | best 0.015 |     48 st/s
    done(50): success=1 t_flicker=23 t_touched=20 t_no_reach=6
Ep  3200 | score   56.79 | avg100   39.04 | grasp100   1.0% | best 0.015 |     48 st/s
    done(50): t_flicker=33 t_touched=12 t_no_reach=5
Ep  3250 | score  113.47 | avg100   49.26 | grasp100   0.0% | best 0.015 |     47 st/s
    done(50): t_flicker=32 t_touched=13 t_no_reach=5
Ep  3300 | score   55.48 | avg100   66.30 | grasp100   1.0% | best 0.015 |     47 st/s
    done(50): success=1 t_flicker=34 t_touched=15
Ep  3350 | score   89.15 | avg100   71.49 | grasp100   3.0% | best 0.015 |     47 st/s
    done(50): success=2 t_flicker=31 t_touched=12 t_no_reach=5
Ep  3400 | score   38.34 | avg100   62.00 | grasp100   2.0% | best 0.015 |     47 st/s
    done(50): t_flicker=31 t_touched=17 t_no_reach=2
Ep  3449 | * BEST  level200=2.00 grasp200=  3.0% metric=0.030 | score  163.37
Ep  3450 | score   37.00 | avg100   62.76 | grasp100   3.0% | best 0.030 |     46 st/s
    done(50): success=3 t_flicker=25 t_touched=20 t_no_reach=2
  [primacy-bias reset of critic heads @ 250000 updates]
Ep  3500 | score  -11.38 | avg100   52.71 | grasp100   5.0% | best 0.030 |     46 st/s
    done(50): success=2 t_flicker=17 t_touched=20 t_no_reach=11
Ep  3550 | score   59.31 | avg100   30.28 | grasp100   2.0% | best 0.030 |     46 st/s
    done(50): t_flicker=20 t_touched=15 t_no_reach=15
Ep  3600 | score   92.50 | avg100   38.13 | grasp100   1.0% | best 0.030 |     45 st/s
    done(50): success=1 t_flicker=29 t_touched=14 t_no_reach=6
Ep  3650 | score  -28.95 | avg100   52.70 | grasp100   2.0% | best 0.030 |     45 st/s
    done(50): success=1 t_flicker=32 t_touched=11 t_no_reach=6
Ep  3700 | score   60.01 | avg100   51.95 | grasp100   1.0% | best 0.030 |     45 st/s
    done(50): t_flicker=27 t_touched=15 t_no_reach=8
Ep  3750 | score   56.28 | avg100   60.91 | grasp100   1.0% | best 0.030 |     45 st/s
    done(50): success=1 t_flicker=36 t_touched=11 t_no_reach=2
Ep  3800 | score   95.35 | avg100   71.02 | grasp100   2.0% | best 0.030 |     45 st/s
    done(50): success=1 t_flicker=32 t_touched=15 t_no_reach=2
Ep  3850 | score   65.44 | avg100   66.80 | grasp100   1.0% | best 0.030 |     44 st/s
    done(50): t_flicker=30 t_touched=20
Ep  3900 | score   56.17 | avg100   65.31 | grasp100   1.0% | best 0.030 |     44 st/s
    done(50): success=1 t_flicker=36 t_touched=11 t_no_reach=2
  [primacy-bias reset of critic heads @ 275000 updates]
Ep  3950 | score   60.86 | avg100   52.02 | grasp100   1.0% | best 0.030 |     44 st/s
    done(50): t_flicker=21 t_touched=18 t_no_reach=11
Ep  4000 | score  112.94 | avg100   47.42 | grasp100   0.0% | best 0.030 |     44 st/s
    done(50): t_flicker=33 t_touched=12 t_no_reach=5
Ep  4050 | score   72.70 | avg100   60.19 | grasp100   0.0% | best 0.030 |     44 st/s
    done(50): t_flicker=42 t_touched=5 t_no_reach=3
Ep  4100 | score   19.24 | avg100   63.12 | grasp100   0.0% | best 0.030 |     44 st/s
    done(50): t_flicker=37 t_touched=11 t_no_reach=2
Ep  4150 | score   45.94 | avg100   64.49 | grasp100   2.0% | best 0.030 |     43 st/s
    done(50): success=2 t_flicker=36 t_touched=11 t_no_reach=1
Ep  4200 | score   57.74 | avg100   63.83 | grasp100   3.0% | best 0.030 |     43 st/s
    done(50): success=1 t_flicker=33 t_touched=12 t_no_reach=4
Ep  4250 | score  167.13 | avg100   62.24 | grasp100   2.0% | best 0.030 |     43 st/s
    done(50): success=1 t_flicker=33 t_touched=13 t_no_reach=3
Ep  4300 | score   54.51 | avg100   67.11 | grasp100   2.0% | best 0.030 |     43 st/s
    done(50): success=1 t_flicker=30 t_touched=16 t_no_reach=3
Ep  4350 | score  128.39 | avg100   69.94 | grasp100   1.0% | best 0.030 |     43 st/s
    done(50): t_flicker=36 t_touched=14
  [primacy-bias reset of critic heads @ 300000 updates]
Ep  4400 | score   59.64 | avg100   58.91 | grasp100   2.0% | best 0.030 |     43 st/s
    done(50): success=2 t_flicker=28 t_touched=8 t_no_reach=12
Ep  4450 | score   79.10 | avg100   52.96 | grasp100   3.0% | best 0.030 |     43 st/s
    done(50): success=1 t_flicker=29 t_touched=13 t_no_reach=7
Ep  4500 | score   57.00 | avg100   66.51 | grasp100   2.0% | best 0.030 |     43 st/s
    done(50): success=1 t_flicker=38 t_touched=11
Ep  4550 | score   59.71 | avg100   73.62 | grasp100   1.0% | best 0.030 |     42 st/s
    done(50): t_flicker=39 t_touched=9 t_no_reach=2
Ep  4600 | score   93.09 | avg100   66.66 | grasp100   0.0% | best 0.030 |     42 st/s
    done(50): t_flicker=41 t_touched=8 t_no_reach=1
Ep  4650 | score  104.73 | avg100   70.79 | grasp100   2.0% | best 0.030 |     42 st/s
    done(50): success=2 t_flicker=30 t_touched=18
Ep  4700 | score   62.10 | avg100   70.86 | grasp100   4.0% | best 0.030 |     42 st/s
    done(50): success=2 t_flicker=33 t_touched=13 t_no_reach=2
Ep  4750 | score  148.19 | avg100   66.60 | grasp100   5.0% | best 0.030 |     42 st/s
    done(50): success=3 t_flicker=36 t_touched=11
Ep  4774 | * BEST  level200=2.00 grasp200=  4.5% metric=0.045 | score  165.95
Ep  4800 | score  113.16 | avg100   74.11 | grasp100   5.0% | best 0.045 |     42 st/s
    done(50): success=2 t_flicker=34 t_touched=13 t_no_reach=1
  [primacy-bias reset of critic heads @ 325000 updates]
Ep  4850 | score  123.00 | avg100   65.20 | grasp100   2.0% | best 0.045 |     42 st/s
    done(50): t_flicker=30 t_touched=13 t_no_reach=7
Ep  4900 | score  128.64 | avg100   50.89 | grasp100   0.0% | best 0.045 |     42 st/s
    done(50): t_flicker=23 t_touched=18 t_no_reach=9
Ep  4950 | score   63.91 | avg100   64.80 | grasp100   3.0% | best 0.045 |     41 st/s
    done(50): success=3 t_flicker=38 t_touched=9
Ep  5000 | score   60.98 | avg100   78.35 | grasp100   5.0% | best 0.045 |     41 st/s
    done(50): success=2 t_flicker=38 t_touched=8 t_no_reach=2
Ep  5050 | score   85.88 | avg100   76.84 | grasp100   6.0% | best 0.045 |     41 st/s
    done(50): success=4 t_flicker=36 t_touched=9 t_no_reach=1
Ep  5100 | score  115.76 | avg100   79.35 | grasp100   6.0% | best 0.045 |     41 st/s
    done(50): success=2 t_flicker=35 t_touched=12 t_no_reach=1
Ep  5110 | * BEST  level200=2.00 grasp200=  6.0% metric=0.060 | score  209.25
Ep  5150 | score  109.94 | avg100   83.39 | grasp100   3.0% | best 0.060 |     41 st/s
    done(50): success=1 t_flicker=38 t_touched=11
Ep  5200 | score   44.58 | avg100   77.32 | grasp100   1.0% | best 0.060 |     41 st/s
    done(50): t_flicker=41 t_touched=7 t_no_reach=2
Ep  5250 | score  127.55 | avg100   73.28 | grasp100   3.0% | best 0.060 |     41 st/s
    done(50): success=3 t_flicker=37 t_touched=9 t_no_reach=1
Ep  5300 | score   56.40 | avg100   80.30 | grasp100   6.0% | best 0.060 |     41 st/s
    done(50): success=3 t_flicker=40 t_touched=7
  [primacy-bias reset of critic heads @ 350000 updates]
Ep  5350 | score   30.89 | avg100   81.12 | grasp100   6.0% | best 0.060 |     41 st/s
    done(50): success=3 t_flicker=39 t_touched=7 t_no_reach=1
Ep  5400 | score  120.38 | avg100   54.63 | grasp100   4.0% | best 0.060 |     41 st/s
    done(50): success=1 t_flicker=27 t_touched=15 t_no_reach=7
Ep  5450 | score   54.28 | avg100   40.14 | grasp100   2.0% | best 0.060 |     41 st/s
    done(50): success=1 t_flicker=33 t_touched=11 t_no_reach=5
Ep  5500 | score  187.79 | avg100   57.92 | grasp100   4.0% | best 0.060 |     41 st/s
    done(50): success=3 t_flicker=39 t_touched=6 t_no_reach=2
Ep  5550 | score   56.44 | avg100   66.23 | grasp100   4.0% | best 0.060 |     40 st/s
    done(50): success=1 t_flicker=41 t_touched=6 t_no_reach=2
Ep  5600 | score   93.51 | avg100   69.38 | grasp100   1.0% | best 0.060 |     40 st/s
    done(50): t_flicker=41 t_touched=9
Ep  5650 | score   77.50 | avg100   70.06 | grasp100   2.0% | best 0.060 |     40 st/s
    done(50): success=2 t_flicker=38 t_touched=10
Ep  5700 | score   67.87 | avg100   72.14 | grasp100   4.0% | best 0.060 |     40 st/s
    done(50): success=2 t_flicker=40 t_touched=7 t_no_reach=1
Ep  5750 | score   57.08 | avg100   78.93 | grasp100   5.0% | best 0.060 |     40 st/s
    done(50): success=3 t_flicker=42 t_touched=4 t_no_reach=1
Ep  5800 | score   88.28 | avg100   75.80 | grasp100   3.0% | best 0.060 |     40 st/s
    done(50): t_flicker=43 t_touched=6 t_no_reach=1
Ep  5850 | score   60.80 | avg100   76.49 | grasp100   0.0% | best 0.060 |     40 st/s
    done(50): t_flicker=42 t_touched=8
  [primacy-bias reset of critic heads @ 375000 updates]
Ep  5900 | score   80.89 | avg100   70.19 | grasp100   1.0% | best 0.060 |     40 st/s
    done(50): success=1 t_flicker=38 t_touched=9 t_no_reach=2
Ep  5950 | score  117.43 | avg100   58.07 | grasp100   2.0% | best 0.060 |     40 st/s
    done(50): success=1 t_flicker=39 t_touched=5 t_no_reach=5
Ep  6000 | score   57.39 | avg100   67.88 | grasp100   1.0% | best 0.060 |     40 st/s
    done(50): t_flicker=44 t_touched=4 t_no_reach=2
Ep  6050 | score   60.14 | avg100   76.04 | grasp100   0.0% | best 0.060 |     40 st/s
    done(50): t_flicker=41 t_touched=7 t_no_reach=2
Ep  6100 | score   59.04 | avg100   74.86 | grasp100   2.0% | best 0.060 |     40 st/s
    done(50): success=2 t_flicker=39 t_touched=6 t_no_reach=3
Ep  6150 | score   56.94 | avg100   76.15 | grasp100   4.0% | best 0.060 |     40 st/s
    done(50): success=2 t_flicker=45 t_touched=3
Ep  6200 | score  105.70 | avg100   77.39 | grasp100   2.0% | best 0.060 |     40 st/s
    done(50): t_flicker=45 t_touched=4 t_no_reach=1
Ep  6250 | score  108.70 | avg100   73.74 | grasp100   1.0% | best 0.060 |     40 st/s
    done(50): success=1 t_flicker=41 t_touched=6 t_no_reach=2
Ep  6300 | score  180.55 | avg100   75.77 | grasp100   8.0% | best 0.060 |     40 st/s
    done(50): success=7 t_flicker=35 t_touched=5 t_no_reach=3
Ep  6350 | score   72.02 | avg100   79.58 | grasp100   8.0% | best 0.060 |     39 st/s
    done(50): success=1 t_flicker=46 t_touched=3
Ep  6400 | score  227.88 | avg100   80.40 | grasp100   4.0% | best 0.060 |     39 st/s
    done(50): success=3 t_flicker=39 t_touched=7 t_no_reach=1
Ep  6416 | * BEST  level200=2.00 grasp200=  7.0% metric=0.070 | score  196.30
Ep  6450 | score  -27.75 | avg100   80.36 | grasp100   5.0% | best 0.070 |     39 st/s
    done(50): success=2 t_flicker=42 t_touched=4 t_no_reach=2
  [primacy-bias reset of critic heads @ 400000 updates]
Ep  6500 | score   61.62 | avg100   74.13 | grasp100   4.0% | best 0.070 |     39 st/s
    done(50): success=2 t_flicker=37 t_touched=10 t_no_reach=1
Ep  6550 | score   81.28 | avg100   63.72 | grasp100   3.0% | best 0.070 |     39 st/s
    done(50): success=1 t_flicker=29 t_touched=16 t_no_reach=4
Ep  6600 | score   54.29 | avg100   67.89 | grasp100   5.0% | best 0.070 |     39 st/s
    done(50): success=4 t_flicker=38 t_touched=7 t_no_reach=1
Ep  6650 | score   61.19 | avg100   80.78 | grasp100   4.0% | best 0.070 |     39 st/s
    done(50): t_flicker=44 t_touched=5 t_no_reach=1
Ep  6700 | score  184.66 | avg100   85.78 | grasp100   5.0% | best 0.070 |     39 st/s
    done(50): success=5 t_flicker=39 t_touched=5 t_no_reach=1
Ep  6750 | score  110.74 | avg100   84.49 | grasp100   8.0% | best 0.070 |     39 st/s
    done(50): success=3 t_flicker=42 t_touched=5
Ep  6791 | * BEST  level200=2.00 grasp200=  8.5% metric=0.085 | score  150.72
Ep  6800 | score   12.42 | avg100   84.83 | grasp100  13.0% | best 0.085 |     39 st/s
    done(50): success=10 t_flicker=34 t_touched=3 t_no_reach=3
Ep  6804 | * BEST  level200=2.00 grasp200= 10.0% metric=0.100 | score  212.03
Ep  6850 | score  -32.22 | avg100   79.04 | grasp100  14.0% | best 0.100 |     39 st/s
    done(50): success=4 t_flicker=40 t_touched=4 t_no_reach=2
Ep  6851 | * BEST  level200=2.00 grasp200= 11.5% metric=0.115 | score  216.64
Ep  6900 | score  136.04 | avg100   76.02 | grasp100   9.0% | best 0.115 |     39 st/s
    done(50): success=5 t_flicker=40 t_touched=4 t_no_reach=1
Ep  6950 | score  -29.41 | avg100   81.50 | grasp100   7.0% | best 0.115 |     39 st/s
    done(50): success=2 t_flicker=40 t_touched=7 t_no_reach=1
Ep  7000 | score   66.00 | avg100   80.05 | grasp100   6.0% | best 0.115 |     39 st/s
    done(50): success=4 t_flicker=39 t_touched=6 t_no_reach=1
Ep  7050 | score   83.89 | avg100   79.78 | grasp100   7.0% | best 0.115 |     39 st/s
    done(50): success=3 t_flicker=40 t_touched=6 t_no_reach=1
Ep  7100 | score  182.26 | avg100   83.39 | grasp100   8.0% | best 0.115 |     39 st/s
    done(50): success=5 t_flicker=40 t_touched=3 t_no_reach=2
  [primacy-bias reset of critic heads @ 425000 updates]
Ep  7150 | score  -52.30 | avg100   58.25 | grasp100   7.0% | best 0.115 |     39 st/s
    done(50): success=2 t_flicker=27 t_touched=8 t_no_reach=13
Ep  7200 | score   69.48 | avg100   49.83 | grasp100   2.0% | best 0.115 |     39 st/s
    done(50): t_flicker=40 t_touched=7 t_no_reach=3
Ep  7250 | score  -35.43 | avg100   70.16 | grasp100   2.0% | best 0.115 |     39 st/s
    done(50): success=2 t_flicker=43 t_touched=4 t_no_reach=1
Ep  7300 | score  126.65 | avg100   67.65 | grasp100   4.0% | best 0.115 |     39 st/s
    done(50): success=2 t_flicker=45 t_touched=3
Ep  7350 | score  165.39 | avg100   76.90 | grasp100   3.0% | best 0.115 |     38 st/s
    done(50): success=1 t_flicker=47 t_touched=2
Ep  7400 | score   59.57 | avg100   82.04 | grasp100   2.0% | best 0.115 |     38 st/s
    done(50): success=1 t_flicker=43 t_touched=3 t_no_reach=3
Ep  7450 | score  -26.96 | avg100   79.61 | grasp100   3.0% | best 0.115 |     38 st/s
    done(50): success=2 t_flicker=40 t_touched=7 t_no_reach=1
Ep  7500 | score  197.72 | avg100   83.30 | grasp100   8.0% | best 0.115 |     38 st/s
    done(50): success=6 t_flicker=41 t_touched=3
Ep  7550 | score   76.91 | avg100   78.91 | grasp100   9.0% | best 0.115 |     38 st/s
    done(50): success=3 t_flicker=39 t_touched=5 t_no_reach=3
Ep  7600 | score   94.27 | avg100   75.38 | grasp100   7.0% | best 0.115 |     38 st/s
    done(50): success=4 t_flicker=39 t_touched=6 t_no_reach=1
Ep  7650 | score   57.44 | avg100   73.63 | grasp100   5.0% | best 0.115 |     38 st/s
    done(50): success=1 t_flicker=42 t_touched=6 t_no_reach=1
Ep  7700 | score   55.24 | avg100   74.17 | grasp100   5.0% | best 0.115 |     38 st/s
    done(50): success=4 t_flicker=40 t_touched=6
  [primacy-bias reset of critic heads @ 450000 updates]
Ep  7750 | score  -16.29 | avg100   63.54 | grasp100   5.0% | best 0.115 |     38 st/s
    done(50): success=1 t_flicker=38 t_touched=7 t_no_reach=4
Ep  7800 | score    6.24 | avg100   54.27 | grasp100   2.0% | best 0.115 |     38 st/s
    done(50): success=1 t_flicker=39 t_touched=9 t_no_reach=1
Ep  7850 | score   61.40 | avg100   68.84 | grasp100   2.0% | best 0.115 |     38 st/s
    done(50): success=1 t_flicker=44 t_touched=3 t_no_reach=2
Ep  7900 | score   60.64 | avg100   83.39 | grasp100   4.0% | best 0.115 |     38 st/s
    done(50): success=3 t_flicker=41 t_touched=6
Ep  7950 | score   18.47 | avg100   84.85 | grasp100   5.0% | best 0.115 |     38 st/s
    done(50): success=2 t_flicker=44 t_touched=3 t_no_reach=1
Ep  8000 | score    0.19 | avg100   80.52 | grasp100   5.0% | best 0.115 |     38 st/s
    done(50): success=3 t_flicker=41 t_touched=5 t_no_reach=1
Ep  8050 | score   71.50 | avg100   84.49 | grasp100   6.0% | best 0.115 |     38 st/s
    done(50): success=3 t_flicker=43 t_touched=3 t_no_reach=1
Ep  8100 | score  127.62 | avg100   93.43 | grasp100  14.0% | best 0.115 |     38 st/s
    done(50): success=11 t_flicker=35 t_touched=3 t_no_reach=1
Ep  8150 | score   58.04 | avg100   91.55 | grasp100  14.0% | best 0.115 |     38 st/s
    done(50): success=3 t_flicker=43 t_touched=2 t_no_reach=2
Ep  8200 | score   82.69 | avg100   80.51 | grasp100   5.0% | best 0.115 |     38 st/s
    done(50): success=2 t_flicker=43 t_touched=4 t_no_reach=1
Ep  8250 | score  154.14 | avg100   84.17 | grasp100  10.0% | best 0.115 |     38 st/s
    done(50): success=8 t_flicker=36 t_touched=6
Ep  8300 | score   80.58 | avg100   90.94 | grasp100  14.0% | best 0.115 |     38 st/s
    done(50): success=6 t_flicker=39 t_touched=4 t_no_reach=1
Ep  8350 | score   55.40 | avg100   86.30 | grasp100   9.0% | best 0.115 |     38 st/s
    done(50): success=3 t_flicker=44 t_touched=2 t_no_reach=1
  [primacy-bias reset of critic heads @ 475000 updates]
Ep  8400 | score  -67.59 | avg100   64.01 | grasp100   4.0% | best 0.115 |     38 st/s
    done(50): success=1 t_flicker=31 t_touched=6 t_no_reach=12
Ep  8450 | score   57.92 | avg100   59.83 | grasp100   1.0% | best 0.115 |     38 st/s
    done(50): t_flicker=41 t_touched=8 t_no_reach=1
Ep  8500 | score   55.74 | avg100   72.84 | grasp100   1.0% | best 0.115 |     38 st/s
    done(50): success=1 t_flicker=44 t_touched=5
Ep  8550 | score   60.02 | avg100   76.02 | grasp100   4.0% | best 0.115 |     38 st/s
    done(50): success=3 t_flicker=44 t_touched=3
Ep  8600 | score  203.61 | avg100   87.04 | grasp100   8.0% | best 0.115 |     38 st/s
    done(50): success=5 t_flicker=42 t_touched=2 t_no_reach=1
Ep  8650 | score   65.27 | avg100   92.57 | grasp100   8.0% | best 0.115 |     38 st/s
    done(50): success=3 t_flicker=42 t_touched=5
Ep  8700 | score   54.75 | avg100   80.06 | grasp100   6.0% | best 0.115 |     38 st/s
    done(50): success=3 t_flicker=34 t_touched=10 t_no_reach=3
Ep  8750 | score   58.57 | avg100   78.06 | grasp100   8.0% | best 0.115 |     38 st/s
    done(50): success=5 t_flicker=42 t_touched=3
Ep  8800 | score   81.86 | avg100   85.20 | grasp100   7.0% | best 0.115 |     37 st/s
    done(50): success=2 t_flicker=46 t_touched=2
Ep  8850 | score  181.75 | avg100   85.99 | grasp100  10.0% | best 0.115 |     37 st/s
    done(50): success=8 t_flicker=34 t_touched=5 t_no_reach=3
Ep  8900 | score   80.32 | avg100   94.09 | grasp100  11.0% | best 0.115 |     37 st/s
    done(50): success=3 t_flicker=44 t_touched=3
Ep  8950 | score   92.12 | avg100   93.99 | grasp100   9.0% | best 0.115 |     37 st/s
    done(50): success=6 t_flicker=34 t_touched=10
Ep  9000 | score   55.69 | avg100   86.32 | grasp100  10.0% | best 0.115 |     37 st/s
    done(50): success=4 t_flicker=35 t_touched=11
  [primacy-bias reset of critic heads @ 500000 updates]
Ep  9026 | * BEST  level200=2.00 grasp200= 13.0% metric=0.130 | score  188.89
Ep  9050 | score   58.91 | avg100   81.92 | grasp100  13.0% | best 0.130 |     37 st/s
    done(50): success=9 t_flicker=24 t_touched=13 t_no_reach=4
Ep  9100 | score   62.88 | avg100   68.47 | grasp100   9.0% | best 0.130 |     37 st/s
    done(50): t_flicker=38 t_touched=11 t_no_reach=1
Ep  9150 | score   65.28 | avg100   65.48 | grasp100   0.0% | best 0.130 |     37 st/s
    done(50): t_flicker=43 t_touched=7
Ep  9200 | score   57.19 | avg100   73.36 | grasp100   1.0% | best 0.130 |     37 st/s
    done(50): success=1 t_flicker=46 t_touched=3
Ep  9250 | score  142.11 | avg100   69.06 | grasp100   2.0% | best 0.130 |     37 st/s
    done(50): success=1 t_flicker=44 t_touched=4 t_no_reach=1
Ep  9300 | score   76.87 | avg100   81.77 | grasp100   5.0% | best 0.130 |     37 st/s
    done(50): success=4 t_flicker=39 t_touched=7
Ep  9350 | score  143.09 | avg100   97.38 | grasp100  12.0% | best 0.130 |     37 st/s
    done(50): success=8 t_flicker=35 t_touched=6 t_no_reach=1
Ep  9400 | score   63.96 | avg100   91.83 | grasp100  11.0% | best 0.130 |     37 st/s
    done(50): success=3 t_flicker=39 t_touched=6 t_no_reach=2
Ep  9450 | score   58.28 | avg100   85.00 | grasp100   7.0% | best 0.130 |     37 st/s
    done(50): success=4 t_flicker=41 t_touched=5
Ep  9500 | score   77.08 | avg100   75.83 | grasp100   4.0% | best 0.130 |     37 st/s
    done(50): t_flicker=40 t_touched=9 t_no_reach=1
Ep  9550 | score  175.09 | avg100   79.94 | grasp100   5.0% | best 0.130 |     37 st/s
    done(50): success=5 t_flicker=37 t_touched=8
Ep  9600 | score  151.58 | avg100   96.35 | grasp100  13.0% | best 0.130 |     37 st/s
    done(50): success=8 t_flicker=40 t_touched=2
Ep  9650 | score  116.20 | avg100   98.92 | grasp100  13.0% | best 0.130 |     37 st/s
    done(50): success=5 t_flicker=36 t_touched=9
Ep  9700 | score  144.10 | avg100   89.99 | grasp100   9.0% | best 0.130 |     37 st/s
    done(50): success=4 t_flicker=37 t_touched=9
  [primacy-bias reset of critic heads @ 525000 updates]
Ep  9750 | score   65.94 | avg100   65.20 | grasp100   7.0% | best 0.130 |     37 st/s
    done(50): success=3 t_flicker=32 t_touched=6 t_no_reach=9
Ep  9800 | score  123.43 | avg100   61.72 | grasp100   4.0% | best 0.130 |     37 st/s
    done(50): success=1 t_flicker=41 t_touched=8
Ep  9850 | score  121.59 | avg100   74.22 | grasp100   2.0% | best 0.130 |     37 st/s
    done(50): success=1 t_flicker=45 t_touched=4
Ep  9900 | score  116.01 | avg100   79.38 | grasp100   3.0% | best 0.130 |     37 st/s
    done(50): success=2 t_flicker=43 t_touched=4 t_no_reach=1
Ep  9950 | score  108.95 | avg100   83.51 | grasp100   6.0% | best 0.130 |     37 st/s
    done(50): success=4 t_flicker=40 t_touched=5 t_no_reach=1
Ep 10000 | score   62.51 | avg100   83.77 | grasp100   9.0% | best 0.130 |     37 st/s
    done(50): success=5 t_flicker=38 t_touched=7
Ep 10050 | score   54.98 | avg100   92.25 | grasp100  10.0% | best 0.130 |     37 st/s
    done(50): success=5 t_flicker=41 t_touched=4
Ep 10100 | score  100.50 | avg100   90.47 | grasp100  12.0% | best 0.130 |     37 st/s
    done(50): success=7 t_flicker=36 t_touched=7
Ep 10150 | score  202.09 | avg100   90.26 | grasp100  13.0% | best 0.130 |     37 st/s
    done(50): success=6 t_flicker=38 t_touched=5 t_no_reach=1
Ep 10200 | score   86.91 | avg100   85.11 | grasp100   9.0% | best 0.130 |     37 st/s
    done(50): success=3 t_flicker=38 t_touched=7 t_no_reach=2
Ep 10250 | score   58.79 | avg100   84.72 | grasp100  11.0% | best 0.130 |     37 st/s
    done(50): success=8 t_flicker=31 t_touched=11
Ep 10300 | score  129.66 | avg100   91.86 | grasp100  13.0% | best 0.130 |     37 st/s
    done(50): success=5 t_flicker=40 t_touched=5
Ep 10350 | score   28.75 | avg100   85.21 | grasp100   6.0% | best 0.130 |     37 st/s
    done(50): success=1 t_flicker=44 t_touched=5
  [primacy-bias reset of critic heads @ 550000 updates]
Ep 10400 | score   99.21 | avg100   61.95 | grasp100   4.0% | best 0.130 |     37 st/s
    done(50): success=3 t_flicker=33 t_touched=8 t_no_reach=6
Ep 10450 | score  113.37 | avg100   48.74 | grasp100   3.0% | best 0.130 |     37 st/s
    done(50): t_flicker=42 t_touched=4 t_no_reach=4
Ep 10500 | score  123.35 | avg100   68.40 | grasp100   1.0% | best 0.130 |     37 st/s
    done(50): success=1 t_flicker=46 t_touched=2 t_no_reach=1
Ep 10550 | score  123.65 | avg100   77.00 | grasp100   1.0% | best 0.130 |     37 st/s
    done(50): t_flicker=46 t_touched=4
Ep 10600 | score   59.50 | avg100   81.71 | grasp100   1.0% | best 0.130 |     37 st/s
    done(50): success=1 t_flicker=49
Ep 10650 | score   59.65 | avg100   86.68 | grasp100   6.0% | best 0.130 |     37 st/s
    done(50): success=5 t_flicker=42 t_touched=2 t_no_reach=1
Ep 10700 | score   59.36 | avg100   80.15 | grasp100   8.0% | best 0.130 |     37 st/s
    done(50): success=3 t_flicker=41 t_touched=4 t_no_reach=2
Ep 10750 | score   59.41 | avg100   78.90 | grasp100   7.0% | best 0.130 |     37 st/s
    done(50): success=4 t_flicker=39 t_touched=7
Ep 10800 | score   36.91 | avg100   80.14 | grasp100   7.0% | best 0.130 |     37 st/s
    done(50): success=3 t_flicker=39 t_touched=5 t_no_reach=3
Ep 10850 | score  -68.07 | avg100   84.67 | grasp100  13.0% | best 0.130 |     37 st/s
    done(50): success=10 t_flicker=34 t_touched=4 t_no_reach=2
Ep 10900 | score  206.32 | avg100   94.45 | grasp100  19.0% | best 0.130 |     36 st/s
    done(50): success=9 t_flicker=37 t_touched=4
Ep 10940 | * BEST  level200=2.00 grasp200= 14.5% metric=0.145 | score  207.31
Ep 10950 | score  172.73 | avg100   96.52 | grasp100  15.0% | best 0.145 |     36 st/s
    done(50): success=6 t_flicker=41 t_touched=3
Ep 11000 | score   54.89 | avg100   88.53 | grasp100   9.0% | best 0.145 |     36 st/s
    done(50): success=3 t_flicker=43 t_touched=4
Ep 11050 | score  281.83 | avg100   81.58 | grasp100   6.0% | best 0.145 |     36 st/s
    done(50): success=3 t_flicker=47
Ep 11100 | score   55.31 | avg100   81.44 | grasp100   8.0% | best 0.145 |     36 st/s
    done(50): success=5 t_flicker=38 t_touched=7
Ep 11150 | score   55.88 | avg100   83.37 | grasp100   9.0% | best 0.145 |     36 st/s
    done(50): success=4 t_flicker=41 t_touched=5
  [primacy-bias reset of critic heads @ 575000 updates]
Ep 11200 | score   34.03 | avg100   71.08 | grasp100   4.0% | best 0.145 |     36 st/s
    done(50): t_flicker=33 t_touched=11 t_no_reach=6
Ep 11250 | score   43.20 | avg100   61.92 | grasp100   0.0% | best 0.145 |     36 st/s
    done(50): t_flicker=41 t_touched=8 t_no_reach=1
Ep 11300 | score  227.37 | avg100   74.44 | grasp100   1.0% | best 0.145 |     36 st/s
    done(50): success=1 t_flicker=46 t_touched=3
Ep 11350 | score  -21.38 | avg100   79.15 | grasp100   3.0% | best 0.145 |     36 st/s
    done(50): success=2 t_flicker=44 t_touched=4
Ep 11400 | score   60.01 | avg100   81.28 | grasp100   6.0% | best 0.145 |     36 st/s
    done(50): success=4 t_flicker=42 t_touched=4
Ep 11450 | score   60.18 | avg100   83.62 | grasp100   7.0% | best 0.145 |     36 st/s
    done(50): success=3 t_flicker=43 t_touched=2 t_no_reach=2
Ep 11500 | score  132.00 | avg100   89.16 | grasp100   8.0% | best 0.145 |     36 st/s
    done(50): success=5 t_flicker=41 t_touched=4
Ep 11550 | score   59.98 | avg100   91.78 | grasp100   8.0% | best 0.145 |     36 st/s
    done(50): success=3 t_flicker=45 t_touched=1 t_no_reach=1
Ep 11600 | score   56.29 | avg100   91.72 | grasp100  11.0% | best 0.145 |     36 st/s
    done(50): success=8 t_flicker=40 t_touched=1 t_no_reach=1
Ep 11650 | score   89.17 | avg100   96.55 | grasp100  16.0% | best 0.145 |     36 st/s
    done(50): success=8 t_flicker=40 t_touched=2
Ep 11700 | score   61.01 | avg100   96.13 | grasp100  16.0% | best 0.145 |     36 st/s
    done(50): success=8 t_flicker=40 t_touched=2
Ep 11750 | score   59.16 | avg100   93.09 | grasp100  14.0% | best 0.145 |     36 st/s
    done(50): success=6 t_flicker=40 t_touched=4
Ep 11800 | score  206.77 | avg100   92.35 | grasp100  13.0% | best 0.145 |     36 st/s
    done(50): success=7 t_flicker=40 t_touched=3
Ep 11850 | score  135.48 | avg100   90.03 | grasp100  11.0% | best 0.145 |     36 st/s
    done(50): success=4 t_flicker=43 t_touched=3
  [primacy-bias reset of critic heads @ 600000 updates]
Ep 11900 | score   59.86 | avg100   78.65 | grasp100   6.0% | best 0.145 |     36 st/s
    done(50): success=2 t_flicker=44 t_touched=4
Ep 11950 | score  125.45 | avg100   72.06 | grasp100   2.0% | best 0.145 |     36 st/s
    done(50): t_flicker=38 t_touched=9 t_no_reach=3
Ep 12000 | score  109.79 | avg100   75.99 | grasp100   1.0% | best 0.145 |     36 st/s
    done(50): success=1 t_flicker=42 t_touched=7
Ep 12050 | score   84.52 | avg100   78.59 | grasp100   1.0% | best 0.145 |     36 st/s
    done(50): t_flicker=47 t_touched=2 t_no_reach=1
Ep 12100 | score  191.95 | avg100   81.54 | grasp100   2.0% | best 0.145 |     36 st/s
    done(50): success=2 t_flicker=45 t_touched=3
Ep 12150 | score   98.30 | avg100   88.32 | grasp100   6.0% | best 0.145 |     36 st/s
    done(50): success=4 t_flicker=42 t_touched=3 t_no_reach=1
Ep 12200 | score  112.54 | avg100   89.79 | grasp100   9.0% | best 0.145 |     36 st/s
    done(50): success=5 t_flicker=42 t_touched=2 t_no_reach=1
Ep 12250 | score  230.46 | avg100   88.08 | grasp100   8.0% | best 0.145 |     36 st/s
    done(50): success=3 t_flicker=46 t_no_reach=1
Ep 12300 | score  128.54 | avg100   87.39 | grasp100   9.0% | best 0.145 |     36 st/s
    done(50): success=6 t_flicker=42 t_touched=2
Ep 12350 | score   54.00 | avg100   91.38 | grasp100  12.0% | best 0.145 |     36 st/s
    done(50): success=6 t_flicker=42 t_touched=2
Ep 12400 | score  154.50 | avg100   91.07 | grasp100  10.0% | best 0.145 |     36 st/s
    done(50): success=4 t_flicker=43 t_touched=3
Ep 12450 | score  100.29 | avg100   92.39 | grasp100  12.0% | best 0.145 |     36 st/s
    done(50): success=8 t_flicker=40 t_touched=2
Ep 12500 | score   56.90 | avg100   94.74 | grasp100  13.0% | best 0.145 |     36 st/s
    done(50): success=5 t_flicker=40 t_touched=3 t_no_reach=2
Ep 12550 | score  102.23 | avg100   88.86 | grasp100  11.0% | best 0.145 |     36 st/s
    done(50): success=6 t_flicker=38 t_touched=6
Ep 12600 | score  122.81 | avg100   86.40 | grasp100   9.0% | best 0.145 |     36 st/s
    done(50): success=3 t_flicker=43 t_touched=3 t_no_reach=1
Ep 12650 | score   88.09 | avg100   91.18 | grasp100   9.0% | best 0.145 |     36 st/s
    done(50): success=6 t_flicker=40 t_touched=4
Ep 12700 | score  170.95 | avg100   99.23 | grasp100  15.0% | best 0.145 |     36 st/s
    done(50): success=9 t_flicker=38 t_touched=2 t_no_reach=1
  [primacy-bias reset of critic heads @ 625000 updates]
Ep 12750 | score   74.53 | avg100   95.40 | grasp100  13.0% | best 0.145 |     36 st/s
    done(50): success=4 t_flicker=42 t_touched=3 t_no_reach=1
Ep 12800 | score  120.59 | avg100   73.19 | grasp100   5.0% | best 0.145 |     36 st/s
    done(50): success=1 t_flicker=34 t_touched=9 t_no_reach=6
Ep 12850 | score   58.30 | avg100   65.22 | grasp100   2.0% | best 0.145 |     36 st/s
    done(50): success=1 t_flicker=44 t_touched=4 t_no_reach=1
Ep 12900 | score  111.53 | avg100   72.06 | grasp100   1.0% | best 0.145 |     36 st/s
    done(50): t_flicker=40 t_touched=8 t_no_reach=2
Ep 12950 | score   54.49 | avg100   77.93 | grasp100   3.0% | best 0.145 |     36 st/s
    done(50): success=3 t_flicker=44 t_touched=3
Ep 13000 | score  141.54 | avg100   81.12 | grasp100   7.0% | best 0.145 |     36 st/s
    done(50): success=4 t_flicker=43 t_touched=3
Ep 13050 | score   60.67 | avg100   84.28 | grasp100   8.0% | best 0.145 |     36 st/s
    done(50): success=4 t_flicker=46
Ep 13100 | score   56.96 | avg100   91.14 | grasp100  10.0% | best 0.145 |     36 st/s
    done(50): success=6 t_flicker=43 t_touched=1
Ep 13150 | score   86.37 | avg100   87.37 | grasp100   8.0% | best 0.145 |     36 st/s
    done(50): success=2 t_flicker=44 t_touched=4
Ep 13200 | score   71.60 | avg100   83.62 | grasp100   4.0% | best 0.145 |     36 st/s
    done(50): success=2 t_flicker=46 t_touched=2
Ep 13250 | score   88.14 | avg100   81.87 | grasp100   7.0% | best 0.145 |     36 st/s
    done(50): success=5 t_flicker=43 t_touched=2
Ep 13300 | score   64.65 | avg100   82.52 | grasp100   9.0% | best 0.145 |     36 st/s
    done(50): success=4 t_flicker=43 t_touched=3
Ep 13350 | score   73.14 | avg100   92.74 | grasp100  12.0% | best 0.145 |     36 st/s
    done(50): success=8 t_flicker=39 t_touched=3
Ep 13400 | score  199.36 | avg100   95.53 | grasp100  15.0% | best 0.145 |     36 st/s
    done(50): success=7 t_flicker=42 t_touched=1
Ep 13450 | score   56.39 | avg100   84.45 | grasp100  11.0% | best 0.145 |     36 st/s
    done(50): success=4 t_flicker=44 t_touched=2
Ep 13500 | score   17.36 | avg100   88.51 | grasp100  13.0% | best 0.145 |     36 st/s
    done(50): success=9 t_flicker=37 t_touched=4
Ep 13550 | score   62.56 | avg100   94.24 | grasp100  14.0% | best 0.145 |     36 st/s
    done(50): success=5 t_flicker=41 t_touched=4
Ep 13600 | score   94.30 | avg100   97.97 | grasp100  17.0% | best 0.145 |     36 st/s
    done(50): success=12 t_flicker=38
Ep 13634 | * BEST  level200=2.00 grasp200= 16.0% metric=0.160 | score  194.35
Ep 13650 | score   68.52 | avg100   96.37 | grasp100  18.0% | best 0.160 |     36 st/s
    done(50): success=6 t_flicker=42 t_touched=1 t_no_reach=1
  [primacy-bias reset of critic heads @ 650000 updates]
Ep 13700 | score   54.53 | avg100   77.67 | grasp100   8.0% | best 0.160 |     36 st/s
    done(50): success=2 t_flicker=28 t_touched=15 t_no_reach=5
Ep 13750 | score   57.38 | avg100   73.42 | grasp100   3.0% | best 0.160 |     36 st/s
    done(50): success=1 t_flicker=39 t_touched=10
Ep 13800 | score   91.86 | avg100   77.43 | grasp100   1.0% | best 0.160 |     36 st/s
    done(50): t_flicker=45 t_touched=5
Ep 13850 | score   20.26 | avg100   79.00 | grasp100   3.0% | best 0.160 |     36 st/s
    done(50): success=3 t_flicker=40 t_touched=6 t_no_reach=1
Ep 13900 | score   61.10 | avg100   77.92 | grasp100   6.0% | best 0.160 |     36 st/s
    done(50): success=3 t_flicker=45 t_touched=1 t_no_reach=1
Ep 13950 | score   58.60 | avg100   81.16 | grasp100   8.0% | best 0.160 |     36 st/s
    done(50): success=5 t_flicker=43 t_touched=2
Ep 14000 | score   56.04 | avg100   82.20 | grasp100   8.0% | best 0.160 |     36 st/s
    done(50): success=3 t_flicker=44 t_touched=3
Ep 14050 | score   60.31 | avg100   78.01 | grasp100   6.0% | best 0.160 |     35 st/s
    done(50): success=3 t_flicker=43 t_touched=4
Ep 14100 | score  114.94 | avg100   83.11 | grasp100   9.0% | best 0.160 |     35 st/s
    done(50): success=6 t_flicker=44
Ep 14150 | score   82.29 | avg100   85.25 | grasp100  10.0% | best 0.160 |     35 st/s
    done(50): success=4 t_flicker=43 t_touched=3
Ep 14200 | score  206.30 | avg100   83.41 | grasp100   9.0% | best 0.160 |     35 st/s
    done(50): success=5 t_flicker=42 t_touched=2 t_no_reach=1
Ep 14250 | score  103.03 | avg100   87.89 | grasp100  11.0% | best 0.160 |     35 st/s
    done(50): success=6 t_flicker=39 t_touched=4 t_no_reach=1
Ep 14300 | score   54.91 | avg100   90.58 | grasp100  12.0% | best 0.160 |     35 st/s
    done(50): success=6 t_flicker=44
Ep 14350 | score   29.80 | avg100   95.56 | grasp100  12.0% | best 0.160 |     35 st/s
    done(50): success=6 t_flicker=42 t_touched=2
Ep 14400 | score    0.83 | avg100   99.08 | grasp100  16.0% | best 0.160 |     35 st/s
    done(50): success=10 t_flicker=37 t_touched=3
Ep 14450 | score   56.69 | avg100   97.89 | grasp100  19.0% | best 0.160 |     35 st/s
    done(50): success=9 t_flicker=39 t_touched=2
Ep 14500 | score   60.61 | avg100   97.42 | grasp100  17.0% | best 0.160 |     35 st/s
    done(50): success=8 t_flicker=40 t_touched=2
  [primacy-bias reset of critic heads @ 675000 updates]
Ep 14550 | score  -49.33 | avg100   75.23 | grasp100  10.0% | best 0.160 |     35 st/s
    done(50): success=2 t_flicker=36 t_touched=8 t_no_reach=4
Ep 14600 | score   58.60 | avg100   53.06 | grasp100   2.0% | best 0.160 |     35 st/s
    done(50): t_flicker=39 t_touched=7 t_no_reach=4
Ep 14650 | score  114.59 | avg100   66.62 | grasp100   2.0% | best 0.160 |     35 st/s
    done(50): success=2 t_flicker=44 t_touched=3 t_no_reach=1
Ep 14700 | score   97.04 | avg100   79.37 | grasp100   3.0% | best 0.160 |     35 st/s
    done(50): success=1 t_flicker=45 t_touched=4
Ep 14750 | score   86.37 | avg100   80.18 | grasp100   3.0% | best 0.160 |     35 st/s
    done(50): success=2 t_flicker=47 t_touched=1
Ep 14800 | score   59.59 | avg100   80.59 | grasp100   6.0% | best 0.160 |     35 st/s
    done(50): success=4 t_flicker=41 t_touched=5
Ep 14850 | score   59.24 | avg100   78.84 | grasp100   7.0% | best 0.160 |     35 st/s
    done(50): success=3 t_flicker=44 t_touched=3
Ep 14900 | score   57.35 | avg100   81.03 | grasp100   7.0% | best 0.160 |     35 st/s
    done(50): success=4 t_flicker=44 t_touched=2
Ep 14950 | score   56.17 | avg100   82.37 | grasp100   6.0% | best 0.160 |     35 st/s
    done(50): success=2 t_flicker=44 t_touched=2 t_no_reach=2
Ep 15000 | score  161.20 | avg100   88.85 | grasp100  11.0% | best 0.160 |     35 st/s
    done(50): success=9 t_flicker=40 t_touched=1
Ep 15050 | score   78.10 | avg100   90.94 | grasp100  13.0% | best 0.160 |     35 st/s
    done(50): success=4 t_flicker=43 t_touched=3
Ep 15100 | score   59.50 | avg100   87.72 | grasp100  11.0% | best 0.160 |     35 st/s
    done(50): success=7 t_flicker=41 t_touched=2
Ep 15150 | score   61.92 | avg100   86.87 | grasp100  15.0% | best 0.160 |     35 st/s
    done(50): success=8 t_flicker=38 t_touched=3 t_no_reach=1
Ep 15200 | score   60.87 | avg100   83.59 | grasp100  13.0% | best 0.160 |     35 st/s
    done(50): success=5 t_flicker=42 t_touched=3
Ep 15250 | score   79.20 | avg100   83.89 | grasp100  10.0% | best 0.160 |     35 st/s
    done(50): success=5 t_flicker=44 t_touched=1
Ep 15300 | score  -67.19 | avg100   84.40 | grasp100  10.0% | best 0.160 |     35 st/s
    done(50): success=5 t_flicker=44 t_touched=1
Ep 15350 | score   21.03 | avg100   85.35 | grasp100   8.0% | best 0.160 |     35 st/s
    done(50): success=3 t_flicker=42 t_touched=4 t_no_reach=1
Ep 15400 | score   67.11 | avg100   85.61 | grasp100   7.0% | best 0.160 |     35 st/s
    done(50): success=4 t_flicker=42 t_touched=3 t_no_reach=1
Ep 15450 | score   60.53 | avg100   92.99 | grasp100  13.0% | best 0.160 |     35 st/s
    done(50): success=9 t_flicker=41
  [primacy-bias reset of critic heads @ 700000 updates]
Ep 15500 | score  -41.68 | avg100   75.33 | grasp100  10.0% | best 0.160 |     35 st/s
    done(50): success=1 t_flicker=33 t_touched=10 t_no_reach=6
Ep 15550 | score   56.28 | avg100   59.44 | grasp100   1.0% | best 0.160 |     35 st/s
    done(50): t_flicker=42 t_touched=6 t_no_reach=2
Ep 15600 | score   56.26 | avg100   73.95 | grasp100   2.0% | best 0.160 |     35 st/s
    done(50): success=2 t_flicker=45 t_touched=3
Ep 15650 | score   56.13 | avg100   74.10 | grasp100   3.0% | best 0.160 |     35 st/s
    done(50): success=1 t_flicker=47 t_touched=2
Ep 15700 | score  184.45 | avg100   72.64 | grasp100   4.0% | best 0.160 |     35 st/s
    done(50): success=3 t_flicker=45 t_touched=2
Ep 15750 | score  -36.28 | avg100   76.10 | grasp100   8.0% | best 0.160 |     35 st/s
    done(50): success=5 t_flicker=40 t_touched=5
Ep 15800 | score   88.54 | avg100   74.33 | grasp100   8.0% | best 0.160 |     35 st/s
    done(50): success=3 t_flicker=46 t_touched=1
Ep 15850 | score   56.83 | avg100   73.81 | grasp100   8.0% | best 0.160 |     35 st/s
    done(50): success=5 t_flicker=42 t_touched=3
Ep 15900 | score   54.59 | avg100   78.63 | grasp100  11.0% | best 0.160 |     35 st/s
    done(50): success=6 t_flicker=41 t_touched=2 t_no_reach=1
Ep 15950 | score   59.64 | avg100   88.84 | grasp100  16.0% | best 0.160 |     35 st/s
    done(50): success=10 t_flicker=38 t_touched=2
Ep 16000 | score   58.89 | avg100   89.90 | grasp100  14.0% | best 0.160 |     35 st/s
    done(50): success=4 t_flicker=44 t_touched=2
Ep 16050 | score   57.69 | avg100   84.32 | grasp100   8.0% | best 0.160 |     35 st/s
    done(50): success=4 t_flicker=44 t_touched=2
Ep 16100 | score   76.62 | avg100   84.80 | grasp100  11.0% | best 0.160 |     35 st/s
    done(50): success=7 t_flicker=42 t_no_reach=1
Ep 16150 | score   57.65 | avg100   83.20 | grasp100  11.0% | best 0.160 |     35 st/s
    done(50): success=4 t_flicker=44 t_touched=2
Ep 16200 | score  208.44 | avg100   84.68 | grasp100  11.0% | best 0.160 |     35 st/s
    done(50): success=7 t_flicker=36 t_touched=6 t_no_reach=1
Ep 16250 | score  -48.24 | avg100   92.33 | grasp100  15.0% | best 0.160 |     35 st/s
    done(50): success=8 t_flicker=38 t_touched=4
Ep 16300 | score  131.87 | avg100   97.36 | grasp100  16.0% | best 0.160 |     35 st/s
    done(50): success=8 t_flicker=40 t_touched=2
Ep 16350 | score   62.50 | avg100   90.27 | grasp100  14.0% | best 0.160 |     35 st/s
    done(50): success=6 t_flicker=39 t_touched=5
  [primacy-bias reset of critic heads @ 725000 updates]
Ep 16400 | score   56.09 | avg100   98.52 | grasp100  14.0% | best 0.160 |     35 st/s
    done(50): success=8 t_flicker=38 t_touched=4
Ep 16450 | score   88.27 | avg100   85.56 | grasp100   9.0% | best 0.160 |     35 st/s
    done(50): success=1 t_flicker=40 t_touched=4 t_no_reach=5
Ep 16500 | score   65.13 | avg100   65.61 | grasp100   3.0% | best 0.160 |     35 st/s
    done(50): success=2 t_flicker=44 t_touched=3 t_no_reach=1
Ep 16550 | score   -5.23 | avg100   74.94 | grasp100   4.0% | best 0.160 |     35 st/s
    done(50): success=2 t_flicker=45 t_touched=2 t_no_reach=1
Ep 16600 | score   84.10 | avg100   75.57 | grasp100   2.0% | best 0.160 |     35 st/s
    done(50): t_flicker=45 t_touched=5
Ep 16650 | score  188.03 | avg100   72.54 | grasp100   2.0% | best 0.160 |     35 st/s
    done(50): success=2 t_flicker=46 t_touched=1 t_no_reach=1
Ep 16700 | score   55.67 | avg100   75.26 | grasp100   5.0% | best 0.160 |     35 st/s
    done(50): success=3 t_flicker=44 t_touched=3
Ep 16750 | score   69.66 | avg100   89.16 | grasp100   9.0% | best 0.160 |     35 st/s
    done(50): success=6 t_flicker=41 t_touched=2 t_no_reach=1
Ep 16800 | score  102.07 | avg100   91.92 | grasp100  13.0% | best 0.160 |     35 st/s
    done(50): success=7 t_flicker=40 t_touched=2 t_no_reach=1
Ep 16850 | score   56.73 | avg100   87.27 | grasp100  12.0% | best 0.160 |     35 st/s
    done(50): success=5 t_flicker=43 t_touched=2
Ep 16900 | score  208.09 | avg100   89.99 | grasp100  10.0% | best 0.160 |     35 st/s
    done(50): success=5 t_flicker=43 t_touched=2
Ep 16950 | score   60.30 | avg100   89.47 | grasp100  13.0% | best 0.160 |     35 st/s
    done(50): success=8 t_flicker=40 t_touched=2
Ep 17000 | score   55.56 | avg100   94.29 | grasp100  15.0% | best 0.160 |     35 st/s
    done(50): success=7 t_flicker=40 t_touched=3
Ep 17050 | score   82.70 | avg100   98.28 | grasp100  13.0% | best 0.160 |     35 st/s
    done(50): success=6 t_flicker=41 t_touched=2 t_no_reach=1
Ep 17100 | score   65.16 | avg100   89.02 | grasp100  10.0% | best 0.160 |     35 st/s
    done(50): success=4 t_flicker=44 t_touched=1 t_no_reach=1
Ep 17150 | score   68.58 | avg100   85.32 | grasp100  10.0% | best 0.160 |     35 st/s
    done(50): success=6 t_flicker=40 t_touched=3 t_no_reach=1
Ep 17200 | score   55.55 | avg100   97.07 | grasp100  18.0% | best 0.160 |     35 st/s
    done(50): success=12 t_flicker=38
Ep 17250 | score  149.47 | avg100  104.14 | grasp100  22.0% | best 0.160 |     35 st/s
    done(50): success=10 t_flicker=36 t_touched=4
Ep 17300 | score   46.86 | avg100   89.87 | grasp100  14.0% | best 0.160 |     35 st/s
    done(50): success=4 t_flicker=45 t_touched=1
  [primacy-bias reset of critic heads @ 750000 updates]
Ep 17350 | score  113.87 | avg100   82.47 | grasp100   8.0% | best 0.160 |     35 st/s
    done(50): success=4 t_flicker=41 t_touched=4 t_no_reach=1
Ep 17400 | score   59.03 | avg100   64.37 | grasp100   5.0% | best 0.160 |     35 st/s
    done(50): success=1 t_flicker=32 t_touched=9 t_no_reach=8
Ep 17450 | score   80.00 | avg100   52.68 | grasp100   1.0% | best 0.160 |     35 st/s
    done(50): t_flicker=42 t_touched=7 t_no_reach=1
Ep 17500 | score   63.90 | avg100   71.56 | grasp100   0.0% | best 0.160 |     35 st/s
    done(50): t_flicker=48 t_touched=2
Ep 17550 | score   55.80 | avg100   74.98 | grasp100   3.0% | best 0.160 |     35 st/s
    done(50): success=3 t_flicker=43 t_touched=4
Ep 17600 | score   59.22 | avg100   72.54 | grasp100   5.0% | best 0.160 |     35 st/s
    done(50): success=2 t_flicker=47 t_touched=1
Ep 17650 | score  194.99 | avg100   78.88 | grasp100   8.0% | best 0.160 |     35 st/s
    done(50): success=6 t_flicker=41 t_touched=3
Ep 17700 | score   61.29 | avg100   90.25 | grasp100  14.0% | best 0.160 |     35 st/s
    done(50): success=8 t_flicker=42
Ep 17750 | score   57.38 | avg100   94.02 | grasp100  14.0% | best 0.160 |     35 st/s
    done(50): success=6 t_flicker=41 t_touched=3
Ep 17800 | score  204.48 | avg100   91.38 | grasp100  10.0% | best 0.160 |     35 st/s
    done(50): success=4 t_flicker=44 t_touched=2
Ep 17850 | score   59.71 | avg100   86.25 | grasp100   6.0% | best 0.160 |     35 st/s
    done(50): success=2 t_flicker=46 t_touched=2
Ep 17900 | score   57.92 | avg100   80.67 | grasp100   5.0% | best 0.160 |     35 st/s
    done(50): success=3 t_flicker=46 t_touched=1
Ep 17950 | score   55.66 | avg100   80.05 | grasp100   6.0% | best 0.160 |     35 st/s
    done(50): success=3 t_flicker=43 t_touched=4
Ep 18000 | score   57.21 | avg100   80.12 | grasp100   7.0% | best 0.160 |     35 st/s
    done(50): success=4 t_flicker=46
Ep 18050 | score   59.21 | avg100   86.38 | grasp100  12.0% | best 0.160 |     35 st/s
    done(50): success=8 t_flicker=39 t_touched=3
Ep 18100 | score   62.36 | avg100   92.64 | grasp100  13.0% | best 0.160 |     35 st/s
    done(50): success=5 t_flicker=42 t_touched=3
Ep 18150 | score   64.41 | avg100   95.26 | grasp100  14.0% | best 0.160 |     35 st/s
    done(50): success=9 t_flicker=39 t_touched=2
Ep 18200 | score  208.84 | avg100   95.20 | grasp100  15.0% | best 0.160 |     35 st/s
    done(50): success=6 t_flicker=44
Ep 18250 | score  181.02 | avg100   99.93 | grasp100  16.0% | best 0.160 |     35 st/s
    done(50): success=10 t_flicker=39 t_touched=1
Ep 18300 | score  203.44 | avg100   93.10 | grasp100  14.0% | best 0.160 |     35 st/s
    done(50): success=4 t_flicker=42 t_touched=3 t_no_reach=1
  [primacy-bias reset of critic heads @ 775000 updates]
========================================================================
RANDOM-SPAWN GRASP RETRAINING  |  algo=td3_ln  run=td3_ln_cereal_align_s1
========================================================================
  Envs                : 5 (subprocess-parallel, fork)
  Spawn level         : 2.0 (1.0 = full position box, 2.0 = + z-rotation)
  Updates/vec-step    : 2 (0.400 per env-step; historical baseline 0.5)
  Buffer              : 2,000,000
  Actor               : 64 -> 32  (5,216 weights)  [critics 512->256]
  Warm start          : checkpoints/td3_grasp_rand_best_0355_backup
  Checkpoints         : /home/fahim/Thesis_fahim/pickandplace/checkpoints/td3_grasp_rand_td3_ln_cereal_align_s1
========================================================================

Spawning 5 subprocess environments (fork)...
[robosuite WARNING] No private macro file found! (__init__.py:7)
[robosuite WARNING] No private macro file found! (__init__.py:7)
[robosuite WARNING] It is recommended to use a private macro file (__init__.py:8)
[robosuite WARNING] No private macro file found! (__init__.py:7)
[robosuite WARNING] No private macro file found! (__init__.py:7)
[robosuite WARNING] To setup, run: python /home/fahim/Thesis_fahim/venv/lib/python3.12/site-packages/robosuite/scripts/setup_macros.py (__init__.py:9)
[robosuite WARNING] It is recommended to use a private macro file (__init__.py:8)
[robosuite WARNING] It is recommended to use a private macro file (__init__.py:8)
[robosuite WARNING] It is recommended to use a private macro file (__init__.py:8)
[robosuite WARNING] To setup, run: python /home/fahim/Thesis_fahim/venv/lib/python3.12/site-packages/robosuite/scripts/setup_macros.py (__init__.py:9)
[robosuite WARNING] To setup, run: python /home/fahim/Thesis_fahim/venv/lib/python3.12/site-packages/robosuite/scripts/setup_macros.py (__init__.py:9)
[robosuite WARNING] To setup, run: python /home/fahim/Thesis_fahim/venv/lib/python3.12/site-packages/robosuite/scripts/setup_macros.py (__init__.py:9)
[robosuite WARNING] No private macro file found! (__init__.py:7)
[robosuite WARNING] It is recommended to use a private macro file (__init__.py:8)
[robosuite WARNING] To setup, run: python /home/fahim/Thesis_fahim/venv/lib/python3.12/site-packages/robosuite/scripts/setup_macros.py (__init__.py:9)
Gym has been unmaintained since 2022 and does not support NumPy 2.0 amongst other critical functionality.
Please upgrade to Gymnasium, the maintained drop-in replacement of Gym, or contact the authors of your software and request that they upgrade.
See the migration guide at https://gymnasium.farama.org/introduction/migration_guide/ for additional information.
Gym has been unmaintained since 2022 and does not support NumPy 2.0 amongst other critical functionality.
Please upgrade to Gymnasium, the maintained drop-in replacement of Gym, or contact the authors of your software and request that they upgrade.
See the migration guide at https://gymnasium.farama.org/introduction/migration_guide/ for additional information.
Gym has been unmaintained since 2022 and does not support NumPy 2.0 amongst other critical functionality.
Please upgrade to Gymnasium, the maintained drop-in replacement of Gym, or contact the authors of your software and request that they upgrade.
See the migration guide at https://gymnasium.farama.org/introduction/migration_guide/ for additional information.
Gym has been unmaintained since 2022 and does not support NumPy 2.0 amongst other critical functionality.
Please upgrade to Gymnasium, the maintained drop-in replacement of Gym, or contact the authors of your software and request that they upgrade.
See the migration guide at https://gymnasium.farama.org/introduction/migration_guide/ for additional information.
Gym has been unmaintained since 2022 and does not support NumPy 2.0 amongst other critical functionality.
Please upgrade to Gymnasium, the maintained drop-in replacement of Gym, or contact the authors of your software and request that they upgrade.
See the migration guide at https://gymnasium.farama.org/introduction/migration_guide/ for additional information.
/home/fahim/Thesis_fahim/venv/lib/python3.12/site-packages/gym/spaces/box.py:84: UserWarning: [33mWARN: Box bound precision lowered by casting to float32[0m
  logger.warn(f"Box bound precision lowered by casting to {self.dtype}")
/home/fahim/Thesis_fahim/venv/lib/python3.12/site-packages/gym/spaces/box.py:84: UserWarning: [33mWARN: Box bound precision lowered by casting to float32[0m
  logger.warn(f"Box bound precision lowered by casting to {self.dtype}")
/home/fahim/Thesis_fahim/venv/lib/python3.12/site-packages/gym/spaces/box.py:84: UserWarning: [33mWARN: Box bound precision lowered by casting to float32[0m
  logger.warn(f"Box bound precision lowered by casting to {self.dtype}")
/home/fahim/Thesis_fahim/venv/lib/python3.12/site-packages/gym/spaces/box.py:84: UserWarning: [33mWARN: Box bound precision lowered by casting to float32[0m
  logger.warn(f"Box bound precision lowered by casting to {self.dtype}")
/home/fahim/Thesis_fahim/venv/lib/python3.12/site-packages/gym/spaces/box.py:84: UserWarning: [33mWARN: Box bound precision lowered by casting to float32[0m
  logger.warn(f"Box bound precision lowered by casting to {self.dtype}")
Gym has been unmaintained since 2022 and does not support NumPy 2.0 amongst other critical functionality.
Please upgrade to Gymnasium, the maintained drop-in replacement of Gym, or contact the authors of your software and request that they upgrade.
See the migration guide at https://gymnasium.farama.org/introduction/migration_guide/ for additional information.
5 environments ready.

========================================================================
RANDOM-SPAWN GRASP RETRAINING  |  algo=td3_ln  run=td3_ln_cereal_align_s1
========================================================================
  Envs                : 5 (subprocess-parallel, fork)
  Spawn level         : 2.0 (1.0 = full position box, 2.0 = + z-rotation)
  Updates/vec-step    : 2 (0.400 per env-step; historical baseline 0.5)
  Buffer              : 2,000,000
  Actor               : 64 -> 32  (5,216 weights)  [critics 512->256]
  Warm start          : checkpoints/td3_grasp_rand_best_0355_backup
  Checkpoints         : /home/fahim/Thesis_fahim/pickandplace/checkpoints/td3_grasp_rand_td3_ln_cereal_align_s1
========================================================================

Spawning 5 subprocess environments (fork)...
[robosuite WARNING] No private macro file found! (__init__.py:7)
[robosuite WARNING] It is recommended to use a private macro file (__init__.py:8)
[robosuite WARNING] To setup, run: python /home/fahim/Thesis_fahim/venv/lib/python3.12/site-packages/robosuite/scripts/setup_macros.py (__init__.py:9)
[robosuite WARNING] No private macro file found! (__init__.py:7)
[robosuite WARNING] It is recommended to use a private macro file (__init__.py:8)
[robosuite WARNING] To setup, run: python /home/fahim/Thesis_fahim/venv/lib/python3.12/site-packages/robosuite/scripts/setup_macros.py (__init__.py:9)
[robosuite WARNING] No private macro file found! (__init__.py:7)
[robosuite WARNING] It is recommended to use a private macro file (__init__.py:8)
[robosuite WARNING] To setup, run: python /home/fahim/Thesis_fahim/venv/lib/python3.12/site-packages/robosuite/scripts/setup_macros.py (__init__.py:9)
[robosuite WARNING] No private macro file found! (__init__.py:7)
[robosuite WARNING] It is recommended to use a private macro file (__init__.py:8)
[robosuite WARNING] To setup, run: python /home/fahim/Thesis_fahim/venv/lib/python3.12/site-packages/robosuite/scripts/setup_macros.py (__init__.py:9)
[robosuite WARNING] No private macro file found! (__init__.py:7)
[robosuite WARNING] It is recommended to use a private macro file (__init__.py:8)
[robosuite WARNING] To setup, run: python /home/fahim/Thesis_fahim/venv/lib/python3.12/site-packages/robosuite/scripts/setup_macros.py (__init__.py:9)
Gym has been unmaintained since 2022 and does not support NumPy 2.0 amongst other critical functionality.
Please upgrade to Gymnasium, the maintained drop-in replacement of Gym, or contact the authors of your software and request that they upgrade.
See the migration guide at https://gymnasium.farama.org/introduction/migration_guide/ for additional information.
Gym has been unmaintained since 2022 and does not support NumPy 2.0 amongst other critical functionality.
Please upgrade to Gymnasium, the maintained drop-in replacement of Gym, or contact the authors of your software and request that they upgrade.
See the migration guide at https://gymnasium.farama.org/introduction/migration_guide/ for additional information.
Gym has been unmaintained since 2022 and does not support NumPy 2.0 amongst other critical functionality.
Please upgrade to Gymnasium, the maintained drop-in replacement of Gym, or contact the authors of your software and request that they upgrade.
See the migration guide at https://gymnasium.farama.org/introduction/migration_guide/ for additional information.
Gym has been unmaintained since 2022 and does not support NumPy 2.0 amongst other critical functionality.
Please upgrade to Gymnasium, the maintained drop-in replacement of Gym, or contact the authors of your software and request that they upgrade.
See the migration guide at https://gymnasium.farama.org/introduction/migration_guide/ for additional information.
Gym has been unmaintained since 2022 and does not support NumPy 2.0 amongst other critical functionality.
Please upgrade to Gymnasium, the maintained drop-in replacement of Gym, or contact the authors of your software and request that they upgrade.
See the migration guide at https://gymnasium.farama.org/introduction/migration_guide/ for additional information.
/home/fahim/Thesis_fahim/venv/lib/python3.12/site-packages/gym/spaces/box.py:84: UserWarning: [33mWARN: Box bound precision lowered by casting to float32[0m
  logger.warn(f"Box bound precision lowered by casting to {self.dtype}")
/home/fahim/Thesis_fahim/venv/lib/python3.12/site-packages/gym/spaces/box.py:84: UserWarning: [33mWARN: Box bound precision lowered by casting to float32[0m
  logger.warn(f"Box bound precision lowered by casting to {self.dtype}")
/home/fahim/Thesis_fahim/venv/lib/python3.12/site-packages/gym/spaces/box.py:84: UserWarning: [33mWARN: Box bound precision lowered by casting to float32[0m
  logger.warn(f"Box bound precision lowered by casting to {self.dtype}")
/home/fahim/Thesis_fahim/venv/lib/python3.12/site-packages/gym/spaces/box.py:84: UserWarning: [33mWARN: Box bound precision lowered by casting to float32[0m
  logger.warn(f"Box bound precision lowered by casting to {self.dtype}")
/home/fahim/Thesis_fahim/venv/lib/python3.12/site-packages/gym/spaces/box.py:84: UserWarning: [33mWARN: Box bound precision lowered by casting to float32[0m
  logger.warn(f"Box bound precision lowered by casting to {self.dtype}")
Gym has been unmaintained since 2022 and does not support NumPy 2.0 amongst other critical functionality.
Please upgrade to Gymnasium, the maintained drop-in replacement of Gym, or contact the authors of your software and request that they upgrade.
See the migration guide at https://gymnasium.farama.org/introduction/migration_guide/ for additional information.
5 environments ready.

  Actor QAT           : per-tensor INT8 fake-quant, STE grads
  Actor weight clip   : |w| <= 8.0 * std(w) per Linear tensor (bi_s0 baseline fc1 9.96 / fc2 10.82)
Init: resumed (cold run) (source: /home/fahim/Thesis_fahim/pickandplace/checkpoints/td3_grasp_rand_best_0355_backup)
Resumed replay buffer (1,928,953 transitions).

Training...

Ep    50 | score   54.69 | avg100   95.46 | grasp100  28.0% | best 0.000 |     29 st/s
    done(50): success=14 t_flicker=33 t_touched=2 t_no_reach=1
Ep   100 | score  194.20 | avg100  101.62 | grasp100  25.0% | best 0.000 |     30 st/s
    done(50): success=11 t_flicker=39
Ep   150 | score   60.35 | avg100   96.27 | grasp100  19.0% | best 0.000 |     30 st/s
    done(50): success=8 t_flicker=40 t_touched=1 t_no_reach=1
Ep   200 | * BEST  level200=2.00 grasp200= 21.5% metric=0.215 | score  102.17
Ep   250 | score   73.46 | avg100   94.39 | grasp100  14.0% | best 0.215 |     31 st/s
    done(50): success=4 t_flicker=43 t_touched=2 t_no_reach=1
Ep   300 | score   62.01 | avg100   86.06 | grasp100  12.0% | best 0.215 |     31 st/s
    done(50): success=8 t_flicker=42
Ep   350 | score   68.83 | avg100   83.50 | grasp100  10.0% | best 0.215 |     31 st/s
    done(50): success=2 t_flicker=43 t_touched=5
Ep   400 | score  207.10 | avg100   89.23 | grasp100  12.0% | best 0.215 |     31 st/s
    done(50): success=10 t_flicker=38 t_touched=2
Ep   450 | score   59.54 | avg100   92.61 | grasp100  17.0% | best 0.215 |     31 st/s
    done(50): success=7 t_flicker=41 t_touched=2
Ep   500 | score   89.25 | avg100   94.74 | grasp100  17.0% | best 0.215 |     31 st/s
    done(50): success=10 t_flicker=37 t_touched=2 t_no_reach=1
Ep   550 | score   55.62 | avg100   97.34 | grasp100  17.0% | best 0.215 |     29 st/s
    done(50): success=7 t_flicker=42 t_touched=1
Ep   600 | score  100.85 | avg100   94.80 | grasp100  16.0% | best 0.215 |     29 st/s
    done(50): success=9 t_flicker=41
Ep   650 | score  184.70 | avg100   97.84 | grasp100  19.0% | best 0.215 |     29 st/s
    done(50): success=10 t_flicker=39 t_touched=1
Ep   700 | score  125.03 | avg100   98.03 | grasp100  21.0% | best 0.215 |     30 st/s
    done(50): success=11 t_flicker=36 t_touched=2 t_no_reach=1
Ep   750 | score  176.38 | avg100  101.76 | grasp100  21.0% | best 0.215 |     30 st/s
    done(50): success=10 t_flicker=36 t_touched=4
========================================================================
RANDOM-SPAWN GRASP RETRAINING  |  algo=td3_ln  run=td3_ln_cereal_align_s1
========================================================================
  Envs                : 5 (subprocess-parallel, fork)
  Spawn level         : 2.0 (1.0 = full position box, 2.0 = + z-rotation)
  Updates/vec-step    : 2 (0.400 per env-step; historical baseline 0.5)
  Buffer              : 2,000,000
  Actor               : 64 -> 32  (5,216 weights)  [critics 512->256]
  Warm start          : checkpoints/td3_grasp_rand_best_0355_backup
  Checkpoints         : /home/fahim/Thesis_fahim/pickandplace/checkpoints/td3_grasp_rand_td3_ln_cereal_align_s1
========================================================================

Spawning 5 subprocess environments (fork)...
[robosuite WARNING] No private macro file found! (__init__.py:7)
[robosuite WARNING] It is recommended to use a private macro file (__init__.py:8)
[robosuite WARNING] No private macro file found! (__init__.py:7)
[robosuite WARNING] To setup, run: python /home/fahim/Thesis_fahim/venv/lib/python3.12/site-packages/robosuite/scripts/setup_macros.py (__init__.py:9)
[robosuite WARNING] It is recommended to use a private macro file (__init__.py:8)
[robosuite WARNING] To setup, run: python /home/fahim/Thesis_fahim/venv/lib/python3.12/site-packages/robosuite/scripts/setup_macros.py (__init__.py:9)
[robosuite WARNING] No private macro file found! (__init__.py:7)
[robosuite WARNING] It is recommended to use a private macro file (__init__.py:8)
[robosuite WARNING] To setup, run: python /home/fahim/Thesis_fahim/venv/lib/python3.12/site-packages/robosuite/scripts/setup_macros.py (__init__.py:9)
[robosuite WARNING] No private macro file found! (__init__.py:7)
[robosuite WARNING] It is recommended to use a private macro file (__init__.py:8)
[robosuite WARNING] To setup, run: python /home/fahim/Thesis_fahim/venv/lib/python3.12/site-packages/robosuite/scripts/setup_macros.py (__init__.py:9)
[robosuite WARNING] No private macro file found! (__init__.py:7)
[robosuite WARNING] It is recommended to use a private macro file (__init__.py:8)
[robosuite WARNING] To setup, run: python /home/fahim/Thesis_fahim/venv/lib/python3.12/site-packages/robosuite/scripts/setup_macros.py (__init__.py:9)
Gym has been unmaintained since 2022 and does not support NumPy 2.0 amongst other critical functionality.
Please upgrade to Gymnasium, the maintained drop-in replacement of Gym, or contact the authors of your software and request that they upgrade.
See the migration guide at https://gymnasium.farama.org/introduction/migration_guide/ for additional information.
Gym has been unmaintained since 2022 and does not support NumPy 2.0 amongst other critical functionality.
Please upgrade to Gymnasium, the maintained drop-in replacement of Gym, or contact the authors of your software and request that they upgrade.
See the migration guide at https://gymnasium.farama.org/introduction/migration_guide/ for additional information.
Gym has been unmaintained since 2022 and does not support NumPy 2.0 amongst other critical functionality.
Please upgrade to Gymnasium, the maintained drop-in replacement of Gym, or contact the authors of your software and request that they upgrade.
See the migration guide at https://gymnasium.farama.org/introduction/migration_guide/ for additional information.
Gym has been unmaintained since 2022 and does not support NumPy 2.0 amongst other critical functionality.
Please upgrade to Gymnasium, the maintained drop-in replacement of Gym, or contact the authors of your software and request that they upgrade.
See the migration guide at https://gymnasium.farama.org/introduction/migration_guide/ for additional information.
Gym has been unmaintained since 2022 and does not support NumPy 2.0 amongst other critical functionality.
Please upgrade to Gymnasium, the maintained drop-in replacement of Gym, or contact the authors of your software and request that they upgrade.
See the migration guide at https://gymnasium.farama.org/introduction/migration_guide/ for additional information.
/home/fahim/Thesis_fahim/venv/lib/python3.12/site-packages/gym/spaces/box.py:84: UserWarning: [33mWARN: Box bound precision lowered by casting to float32[0m
  logger.warn(f"Box bound precision lowered by casting to {self.dtype}")
/home/fahim/Thesis_fahim/venv/lib/python3.12/site-packages/gym/spaces/box.py:84: UserWarning: [33mWARN: Box bound precision lowered by casting to float32[0m
  logger.warn(f"Box bound precision lowered by casting to {self.dtype}")
/home/fahim/Thesis_fahim/venv/lib/python3.12/site-packages/gym/spaces/box.py:84: UserWarning: [33mWARN: Box bound precision lowered by casting to float32[0m
  logger.warn(f"Box bound precision lowered by casting to {self.dtype}")
/home/fahim/Thesis_fahim/venv/lib/python3.12/site-packages/gym/spaces/box.py:84: UserWarning: [33mWARN: Box bound precision lowered by casting to float32[0m
  logger.warn(f"Box bound precision lowered by casting to {self.dtype}")
/home/fahim/Thesis_fahim/venv/lib/python3.12/site-packages/gym/spaces/box.py:84: UserWarning: [33mWARN: Box bound precision lowered by casting to float32[0m
  logger.warn(f"Box bound precision lowered by casting to {self.dtype}")
Gym has been unmaintained since 2022 and does not support NumPy 2.0 amongst other critical functionality.
Please upgrade to Gymnasium, the maintained drop-in replacement of Gym, or contact the authors of your software and request that they upgrade.
See the migration guide at https://gymnasium.farama.org/introduction/migration_guide/ for additional information.
5 environments ready.

  Actor QAT           : per-tensor INT8 fake-quant, STE grads
  Actor weight clip   : |w| <= 8.0 * std(w) per Linear tensor (bi_s0 baseline fc1 9.96 / fc2 10.82)
Init: resumed (cold run) (source: /home/fahim/Thesis_fahim/pickandplace/checkpoints/td3_grasp_rand_best_0355_backup)
Resumed replay buffer (1,957,991 transitions).

Training...

Ep    50 | score  205.43 | avg100  100.58 | grasp100  28.0% | best 0.000 |     28 st/s
    done(50): success=14 t_flicker=34 t_touched=2
Ep   100 | score  164.11 | avg100   99.69 | grasp100  27.0% | best 0.000 |     28 st/s
    done(50): success=13 t_flicker=35 t_touched=2
Ep   150 | score   29.50 | avg100   92.67 | grasp100  23.0% | best 0.000 |     29 st/s
    done(50): success=10 t_flicker=33 t_touched=6 t_no_reach=1
Ep   200 | * BEST  level200=2.00 grasp200= 20.5% metric=0.205 | score   88.94
Ep   250 | score   58.91 | avg100   74.65 | grasp100   9.0% | best 0.205 |     29 st/s
    done(50): success=5 t_flicker=43 t_touched=2
Ep   300 | score   58.44 | avg100   78.63 | grasp100  11.0% | best 0.205 |     29 st/s
    done(50): success=6 t_flicker=40 t_touched=4
Ep   350 | score   60.54 | avg100   84.87 | grasp100  15.0% | best 0.205 |     30 st/s
    done(50): success=9 t_flicker=41
Ep   400 | score   61.01 | avg100   89.53 | grasp100  20.0% | best 0.205 |     30 st/s
    done(50): success=11 t_flicker=35 t_touched=3 t_no_reach=1
Ep   450 | score   58.54 | avg100   85.06 | grasp100  21.0% | best 0.205 |     30 st/s
    done(50): success=10 t_flicker=33 t_touched=6 t_no_reach=1
Ep   500 | score   57.70 | avg100   86.20 | grasp100  20.0% | best 0.205 |     30 st/s
    done(50): success=10 t_flicker=36 t_touched=4
Ep   550 | score   46.22 | avg100   82.48 | grasp100  15.0% | best 0.205 |     27 st/s
    done(50): success=5 t_flicker=42 t_touched=2 t_no_reach=1
Ep   600 | score   29.70 | avg100   81.74 | grasp100  16.0% | best 0.205 |     27 st/s
    done(50): success=11 t_flicker=36 t_touched=3
Ep   650 | score   62.83 | avg100   91.62 | grasp100  22.0% | best 0.205 |     27 st/s
    done(50): success=11 t_flicker=37 t_touched=2
Ep   700 | score   57.58 | avg100   94.66 | grasp100  25.0% | best 0.205 |     27 st/s
    done(50): success=14 t_flicker=34 t_touched=1 t_no_reach=1
Ep   729 | * BEST  level200=2.00 grasp200= 22.0% metric=0.220 | score  195.54
Ep   749 | * BEST  level200=2.00 grasp200= 23.5% metric=0.235 | score  200.37
Ep   750 | score   63.53 | avg100   90.47 | grasp100  25.0% | best 0.235 |     28 st/s
    done(50): success=11 t_flicker=34 t_touched=5
Ep   773 | * BEST  level200=2.00 grasp200= 25.0% metric=0.250 | score  192.05
Ep   800 | score   63.61 | avg100   85.78 | grasp100  21.0% | best 0.250 |     28 st/s
    done(50): success=10 t_flicker=33 t_touched=7
Ep   850 | score  201.82 | avg100   92.84 | grasp100  23.0% | best 0.250 |     28 st/s
    done(50): success=13 t_flicker=35 t_touched=2
Ep   900 | score  175.38 | avg100   96.59 | grasp100  23.0% | best 0.250 |     28 st/s
    done(50): success=10 t_flicker=35 t_touched=5
Ep   950 | score   37.54 | avg100   84.39 | grasp100  17.0% | best 0.250 |     28 st/s
    done(50): success=7 t_flicker=37 t_touched=6
Ep  1000 | score  198.16 | avg100   84.70 | grasp100  17.0% | best 0.250 |     28 st/s
    done(50): success=10 t_flicker=38 t_touched=2
Ep  1050 | score   55.20 | avg100   91.05 | grasp100  21.0% | best 0.250 |     27 st/s
    done(50): success=11 t_flicker=38 t_no_reach=1
Ep  1100 | score   59.66 | avg100   89.91 | grasp100  23.0% | best 0.250 |     27 st/s
    done(50): success=12 t_flicker=34 t_touched=3 t_no_reach=1
Ep  1150 | score   61.64 | avg100   91.47 | grasp100  24.0% | best 0.250 |     27 st/s
    done(50): success=12 t_flicker=33 t_touched=5
Ep  1200 | score   76.26 | avg100   84.08 | grasp100  17.0% | best 0.250 |     28 st/s
    done(50): success=5 t_flicker=41 t_touched=4
Ep  1250 | score   63.75 | avg100   75.00 | grasp100  13.0% | best 0.250 |     28 st/s
    done(50): success=8 t_flicker=36 t_touched=6
Ep  1300 | score   43.27 | avg100   81.23 | grasp100  19.0% | best 0.250 |     28 st/s
    done(50): success=11 t_flicker=33 t_touched=6
Ep  1350 | score   30.33 | avg100   89.09 | grasp100  22.0% | best 0.250 |     28 st/s
    done(50): success=11 t_flicker=37 t_touched=2
Ep  1400 | score   84.19 | avg100   83.94 | grasp100  19.0% | best 0.250 |     28 st/s
    done(50): success=8 t_flicker=34 t_touched=8
Ep  1450 | score   57.85 | avg100   85.46 | grasp100  19.0% | best 0.250 |     28 st/s
    done(50): success=11 t_flicker=34 t_touched=5
Ep  1500 | score   64.44 | avg100   89.69 | grasp100  22.0% | best 0.250 |     28 st/s
    done(50): success=11 t_flicker=33 t_touched=6
Ep  1550 | score   63.43 | avg100   88.58 | grasp100  22.0% | best 0.250 |     28 st/s
    done(50): success=11 t_flicker=36 t_touched=3
Ep  1600 | score  202.89 | avg100   90.20 | grasp100  25.0% | best 0.250 |     28 st/s
    done(50): success=14 t_flicker=30 t_touched=6
Ep  1650 | score   56.45 | avg100   85.63 | grasp100  22.0% | best 0.250 |     28 st/s
    done(50): success=8 t_flicker=38 t_touched=4
Ep  1700 | score  196.41 | avg100   87.98 | grasp100  20.0% | best 0.250 |     28 st/s
    done(50): success=12 t_flicker=36 t_touched=2
  [primacy-bias reset of critic heads @ 25000 updates]
Ep  1750 | score    8.07 | avg100   59.74 | grasp100  12.0% | best 0.250 |     28 st/s
    done(50): t_flicker=21 t_touched=11 t_no_reach=18
Ep  1800 | score   -8.86 | avg100   32.22 | grasp100   2.0% | best 0.250 |     28 st/s
    done(50): success=2 t_flicker=27 t_touched=11 t_no_reach=10
Ep  1850 | score   42.19 | avg100   46.65 | grasp100   3.0% | best 0.250 |     28 st/s
    done(50): success=1 t_flicker=41 t_touched=3 t_no_reach=5
Ep  1900 | score   40.30 | avg100   61.70 | grasp100   4.0% | best 0.250 |     28 st/s
    done(50): success=3 t_flicker=46 t_touched=1
Ep  1950 | score  165.96 | avg100   69.05 | grasp100   4.0% | best 0.250 |     28 st/s
    done(50): success=1 t_flicker=47 t_touched=2
Ep  2000 | score   94.55 | avg100   65.51 | grasp100   2.0% | best 0.250 |     28 st/s
    done(50): success=1 t_flicker=43 t_touched=6
Ep  2050 | score   61.82 | avg100   64.40 | grasp100   3.0% | best 0.250 |     28 st/s
    done(50): success=2 t_flicker=46 t_touched=1 t_no_reach=1
Ep  2100 | score   59.15 | avg100   67.33 | grasp100   5.0% | best 0.250 |     28 st/s
    done(50): success=3 t_flicker=44 t_touched=3
Ep  2150 | score   55.11 | avg100   75.89 | grasp100  10.0% | best 0.250 |     28 st/s
    done(50): success=7 t_flicker=40 t_touched=3
Ep  2200 | score   57.54 | avg100   81.89 | grasp100  12.0% | best 0.250 |     28 st/s
    done(50): success=5 t_flicker=42 t_touched=3
Ep  2250 | score   58.87 | avg100   81.33 | grasp100  11.0% | best 0.250 |     28 st/s
    done(50): success=6 t_flicker=40 t_touched=4
Ep  2300 | score   36.92 | avg100   80.95 | grasp100  12.0% | best 0.250 |     28 st/s
    done(50): success=6 t_flicker=39 t_touched=4 t_no_reach=1
Ep  2350 | score   60.23 | avg100   74.06 | grasp100  10.0% | best 0.250 |     28 st/s
    done(50): success=4 t_flicker=42 t_touched=4
Ep  2400 | score   58.37 | avg100   78.07 | grasp100  12.0% | best 0.250 |     28 st/s
    done(50): success=8 t_flicker=42
Ep  2450 | score   62.56 | avg100   87.46 | grasp100  18.0% | best 0.250 |     28 st/s
    done(50): success=10 t_flicker=37 t_touched=3
Ep  2500 | score   86.48 | avg100   81.59 | grasp100  16.0% | best 0.250 |     28 st/s
    done(50): success=6 t_flicker=41 t_touched=3
Ep  2550 | score   78.40 | avg100   83.31 | grasp100  17.0% | best 0.250 |     28 st/s
    done(50): success=11 t_flicker=36 t_touched=3
Ep  2600 | score  201.62 | avg100   91.74 | grasp100  20.0% | best 0.250 |     28 st/s
    done(50): success=9 t_flicker=38 t_touched=3
Ep  2650 | score  202.22 | avg100   95.41 | grasp100  22.0% | best 0.250 |     28 st/s
    done(50): success=13 t_flicker=34 t_touched=3
Ep  2700 | score  204.70 | avg100   88.73 | grasp100  20.0% | best 0.250 |     28 st/s
    done(50): success=7 t_flicker=42 t_touched=1
Ep  2750 | score  133.00 | avg100   84.57 | grasp100  16.0% | best 0.250 |     28 st/s
    done(50): success=9 t_flicker=40 t_touched=1
Ep  2800 | score  108.45 | avg100   95.85 | grasp100  22.0% | best 0.250 |     28 st/s
    done(50): success=13 t_flicker=35 t_touched=2
Ep  2850 | score   36.32 | avg100   89.22 | grasp100  17.0% | best 0.250 |     28 st/s
    done(50): success=4 t_flicker=43 t_touched=3
Ep  2900 | score   65.21 | avg100   87.83 | grasp100  17.0% | best 0.250 |     28 st/s
    done(50): success=13 t_flicker=36 t_touched=1
Ep  2950 | score   54.86 | avg100   93.83 | grasp100  23.0% | best 0.250 |     28 st/s
    done(50): success=10 t_flicker=37 t_touched=2 t_no_reach=1
Ep  3000 | score   79.93 | avg100   83.40 | grasp100  18.0% | best 0.250 |     28 st/s
    done(50): success=8 t_flicker=36 t_touched=4 t_no_reach=2
Ep  3050 | score   82.93 | avg100   77.87 | grasp100  16.0% | best 0.250 |     28 st/s
    done(50): success=8 t_flicker=38 t_touched=4
Ep  3100 | score   49.76 | avg100   87.10 | grasp100  19.0% | best 0.250 |     28 st/s
    done(50): success=11 t_flicker=36 t_touched=3
Ep  3150 | score   57.03 | avg100   88.40 | grasp100  19.0% | best 0.250 |     28 st/s
    done(50): success=8 t_flicker=35 t_touched=7
Ep  3200 | score  183.31 | avg100   90.66 | grasp100  23.0% | best 0.250 |     28 st/s
    done(50): success=15 t_flicker=33 t_touched=2
Ep  3250 | score   54.78 | avg100   95.48 | grasp100  25.0% | best 0.250 |     28 st/s
    done(50): success=10 t_flicker=37 t_touched=3
Ep  3300 | score   60.40 | avg100   90.36 | grasp100  19.0% | best 0.250 |     28 st/s
    done(50): success=9 t_flicker=38 t_touched=2 t_no_reach=1
Ep  3350 | score   55.22 | avg100   95.48 | grasp100  21.0% | best 0.250 |     28 st/s
    done(50): success=12 t_flicker=35 t_touched=3
  [primacy-bias reset of critic heads @ 50000 updates]
Ep  3400 | score   75.31 | avg100   91.91 | grasp100  23.0% | best 0.250 |     28 st/s
    done(50): success=11 t_flicker=30 t_touched=8 t_no_reach=1
Ep  3450 | score   -3.02 | avg100   57.54 | grasp100  11.0% | best 0.250 |     28 st/s
    done(50): t_flicker=30 t_touched=14 t_no_reach=6
Ep  3500 | score   75.96 | avg100   38.59 | grasp100   0.0% | best 0.250 |     28 st/s
    done(50): t_flicker=39 t_touched=8 t_no_reach=3
Ep  3550 | score   56.82 | avg100   49.57 | grasp100   0.0% | best 0.250 |     28 st/s
    done(50): t_flicker=43 t_touched=5 t_no_reach=2
Ep  3600 | score   55.74 | avg100   56.98 | grasp100   0.0% | best 0.250 |     28 st/s
    done(50): t_flicker=47 t_touched=3
Ep  3650 | score  135.59 | avg100   61.02 | grasp100   0.0% | best 0.250 |     28 st/s
    done(50): t_flicker=38 t_touched=9 t_no_reach=3
Ep  3700 | score   35.91 | avg100   62.05 | grasp100   1.0% | best 0.250 |     28 st/s
    done(50): success=1 t_flicker=47 t_touched=1 t_no_reach=1
Ep  3750 | score   69.70 | avg100   70.19 | grasp100   6.0% | best 0.250 |     28 st/s
    done(50): success=5 t_flicker=39 t_touched=6
Ep  3800 | score   68.47 | avg100   72.02 | grasp100   7.0% | best 0.250 |     28 st/s
    done(50): success=2 t_flicker=43 t_touched=3 t_no_reach=2
Ep  3850 | score   62.30 | avg100   70.93 | grasp100   7.0% | best 0.250 |     28 st/s
    done(50): success=5 t_flicker=43 t_touched=2
Ep  3900 | score  118.07 | avg100   70.98 | grasp100   7.0% | best 0.250 |     28 st/s
    done(50): success=2 t_flicker=45 t_touched=3
Ep  3950 | score   57.17 | avg100   72.63 | grasp100   7.0% | best 0.250 |     28 st/s
    done(50): success=5 t_flicker=43 t_touched=2
Ep  4000 | score  172.88 | avg100   79.33 | grasp100  11.0% | best 0.250 |     28 st/s
    done(50): success=6 t_flicker=43 t_touched=1
Ep  4050 | score  202.71 | avg100   84.19 | grasp100  16.0% | best 0.250 |     28 st/s
    done(50): success=10 t_flicker=36 t_touched=3 t_no_reach=1
Ep  4100 | score   54.01 | avg100   84.17 | grasp100  16.0% | best 0.250 |     28 st/s
    done(50): success=6 t_flicker=42 t_touched=1 t_no_reach=1
Ep  4150 | score  196.90 | avg100   83.51 | grasp100  17.0% | best 0.250 |     28 st/s
    done(50): success=11 t_flicker=37 t_touched=2
Ep  4200 | score  174.89 | avg100   90.36 | grasp100  21.0% | best 0.250 |     28 st/s
    done(50): success=10 t_flicker=38 t_touched=2
Ep  4250 | score   55.64 | avg100   94.63 | grasp100  22.0% | best 0.250 |     28 st/s
    done(50): success=12 t_flicker=35 t_touched=3
Ep  4300 | score   58.79 | avg100   93.13 | grasp100  23.0% | best 0.250 |     28 st/s
    done(50): success=11 t_flicker=33 t_touched=6
Ep  4350 | score  201.24 | avg100   99.49 | grasp100  27.0% | best 0.250 |     28 st/s
    done(50): success=16 t_flicker=34
Ep  4371 | * BEST  level200=2.00 grasp200= 26.5% metric=0.265 | score  195.63
Ep  4400 | score   81.80 | avg100  101.77 | grasp100  29.0% | best 0.265 |     28 st/s
    done(50): success=13 t_flicker=33 t_touched=3 t_no_reach=1
Ep  4420 | * BEST  level200=2.00 grasp200= 28.0% metric=0.280 | score  207.09
Ep  4450 | score   65.74 | avg100   97.64 | grasp100  25.0% | best 0.280 |     28 st/s
    done(50): success=12 t_flicker=37 t_touched=1
Ep  4490 | * BEST  level200=2.00 grasp200= 29.5% metric=0.295 | score  201.47
Ep  4500 | score   97.10 | avg100  101.38 | grasp100  27.0% | best 0.295 |     28 st/s
    done(50): success=15 t_flicker=33 t_touched=2
Ep  4550 | score   55.53 | avg100   92.92 | grasp100  23.0% | best 0.295 |     28 st/s
    done(50): success=8 t_flicker=37 t_touched=5
Ep  4600 | score  111.29 | avg100   99.77 | grasp100  26.0% | best 0.295 |     28 st/s
    done(50): success=18 t_flicker=32
Ep  4650 | score  186.00 | avg100  105.15 | grasp100  30.0% | best 0.295 |     28 st/s
    done(50): success=12 t_flicker=33 t_touched=5
Ep  4700 | score   96.45 | avg100   84.12 | grasp100  19.0% | best 0.295 |     28 st/s
    done(50): success=7 t_flicker=36 t_touched=6 t_no_reach=1
Ep  4750 | score   57.29 | avg100   81.54 | grasp100  16.0% | best 0.295 |     28 st/s
    done(50): success=9 t_flicker=40 t_touched=1
Ep  4800 | score   56.34 | avg100   81.21 | grasp100  15.0% | best 0.295 |     28 st/s
    done(50): success=6 t_flicker=37 t_touched=6 t_no_reach=1
Ep  4850 | score   55.22 | avg100   88.15 | grasp100  20.0% | best 0.295 |     28 st/s
    done(50): success=14 t_flicker=34 t_touched=2
Ep  4900 | score   57.45 | avg100   98.09 | grasp100  28.0% | best 0.295 |     28 st/s
    done(50): success=14 t_flicker=30 t_touched=5 t_no_reach=1
Ep  4950 | score   50.60 | avg100   92.74 | grasp100  25.0% | best 0.295 |     28 st/s
    done(50): success=11 t_flicker=37 t_touched=2
Ep  5000 | score   69.78 | avg100   94.06 | grasp100  24.0% | best 0.295 |     28 st/s
    done(50): success=13 t_flicker=33 t_touched=4
Ep  5050 | score   60.12 | avg100   95.60 | grasp100  26.0% | best 0.295 |     28 st/s
    done(50): success=13 t_flicker=32 t_touched=5
  [primacy-bias reset of critic heads @ 75000 updates]
Ep  5100 | score   34.06 | avg100   91.68 | grasp100  24.0% | best 0.295 |     28 st/s
    done(50): success=11 t_flicker=37 t_touched=1 t_no_reach=1
Ep  5150 | score   20.88 | avg100   56.97 | grasp100  13.0% | best 0.295 |     28 st/s
    done(50): success=2 t_flicker=15 t_touched=22 t_no_reach=11
Ep  5200 | score   34.20 | avg100   33.56 | grasp100   2.0% | best 0.295 |     28 st/s
    done(50): t_flicker=34 t_touched=9 t_no_reach=7
Ep  5250 | score   55.54 | avg100   49.74 | grasp100   0.0% | best 0.295 |     28 st/s
    done(50): t_flicker=45 t_touched=3 t_no_reach=2
Ep  5300 | score   -0.30 | avg100   59.08 | grasp100   0.0% | best 0.295 |     28 st/s
    done(50): t_flicker=45 t_touched=3 t_no_reach=2
Ep  5350 | score   59.36 | avg100   63.26 | grasp100   1.0% | best 0.295 |     28 st/s
    done(50): success=1 t_flicker=42 t_touched=6 t_no_reach=1
Ep  5400 | score   55.23 | avg100   64.00 | grasp100   1.0% | best 0.295 |     28 st/s
    done(50): t_flicker=46 t_touched=3 t_no_reach=1
Ep  5450 | score   56.40 | avg100   65.92 | grasp100   3.0% | best 0.295 |     28 st/s
    done(50): success=3 t_flicker=45 t_touched=1 t_no_reach=1
Ep  5500 | score   67.08 | avg100   72.10 | grasp100   7.0% | best 0.295 |     28 st/s
    done(50): success=4 t_flicker=42 t_touched=4
Ep  5550 | score   56.61 | avg100   77.53 | grasp100  10.0% | best 0.295 |     28 st/s
    done(50): success=6 t_flicker=38 t_touched=6
Ep  5600 | score   54.56 | avg100   81.89 | grasp100  12.0% | best 0.295 |     28 st/s
    done(50): success=6 t_flicker=43 t_touched=1
Ep  5650 | score  198.82 | avg100   77.66 | grasp100   9.0% | best 0.295 |     28 st/s
    done(50): success=3 t_flicker=46 t_touched=1
Ep  5700 | score  192.49 | avg100   77.93 | grasp100  11.0% | best 0.295 |     28 st/s
    done(50): success=8 t_flicker=42
Ep  5750 | score   45.02 | avg100   85.57 | grasp100  14.0% | best 0.295 |     28 st/s
    done(50): success=6 t_flicker=42 t_touched=2
Ep  5800 | score  103.52 | avg100   90.76 | grasp100  17.0% | best 0.295 |     28 st/s
    done(50): success=11 t_flicker=38 t_touched=1
Ep  5850 | score  103.30 | avg100   84.42 | grasp100  16.0% | best 0.295 |     28 st/s
    done(50): success=5 t_flicker=41 t_touched=4
Ep  5900 | score   56.79 | avg100   78.73 | grasp100  11.0% | best 0.295 |     28 st/s
    done(50): success=6 t_flicker=43 t_touched=1
Ep  5950 | score  199.08 | avg100   82.26 | grasp100  12.0% | best 0.295 |     28 st/s
    done(50): success=6 t_flicker=43 t_touched=1
Ep  6000 | score   56.46 | avg100   76.17 | grasp100   9.0% | best 0.295 |     28 st/s
    done(50): success=3 t_flicker=43 t_touched=4
Ep  6050 | score  186.50 | avg100   83.92 | grasp100  16.0% | best 0.295 |     28 st/s
    done(50): success=13 t_flicker=36 t_touched=1
Ep  6100 | score  192.33 | avg100   94.13 | grasp100  25.0% | best 0.295 |     28 st/s
    done(50): success=12 t_flicker=33 t_touched=4 t_no_reach=1
Ep  6150 | score  207.62 | avg100   91.66 | grasp100  24.0% | best 0.295 |     28 st/s
    done(50): success=12 t_flicker=35 t_touched=3
Ep  6200 | score   23.92 | avg100   95.05 | grasp100  25.0% | best 0.295 |     28 st/s
    done(50): success=13 t_flicker=35 t_touched=1 t_no_reach=1
Ep  6250 | score   94.05 | avg100   96.06 | grasp100  25.0% | best 0.295 |     28 st/s
    done(50): success=12 t_flicker=37 t_touched=1
Ep  6300 | score   62.28 | avg100  102.64 | grasp100  27.0% | best 0.295 |     28 st/s
    done(50): success=15 t_flicker=35
Ep  6350 | score   54.62 | avg100   97.58 | grasp100  23.0% | best 0.295 |     28 st/s
    done(50): success=8 t_flicker=40 t_touched=2
Ep  6400 | score   59.35 | avg100   88.85 | grasp100  20.0% | best 0.295 |     28 st/s
    done(50): success=12 t_flicker=35 t_touched=3
Ep  6450 | score  193.52 | avg100  101.93 | grasp100  28.0% | best 0.295 |     28 st/s
    done(50): success=16 t_flicker=32 t_touched=2
Ep  6500 | score  203.45 | avg100   99.68 | grasp100  24.0% | best 0.295 |     28 st/s
    done(50): success=8 t_flicker=36 t_touched=5 t_no_reach=1
Ep  6550 | score   18.04 | avg100   90.77 | grasp100  19.0% | best 0.295 |     28 st/s
    done(50): success=11 t_flicker=35 t_touched=4
Ep  6600 | score   59.75 | avg100   92.65 | grasp100  22.0% | best 0.295 |     28 st/s
    done(50): success=11 t_flicker=35 t_touched=4
Ep  6650 | score   55.11 | avg100   90.84 | grasp100  20.0% | best 0.295 |     28 st/s
    done(50): success=9 t_flicker=40 t_touched=1
Ep  6700 | score   49.22 | avg100   95.75 | grasp100  23.0% | best 0.295 |     28 st/s
    done(50): success=14 t_flicker=34 t_touched=1 t_no_reach=1
Ep  6750 | score   67.01 | avg100   95.12 | grasp100  23.0% | best 0.295 |     28 st/s
    done(50): success=9 t_flicker=38 t_touched=3
Ep  6800 | score   57.68 | avg100   90.11 | grasp100  20.0% | best 0.295 |     28 st/s
    done(50): success=11 t_flicker=37 t_touched=2
  [primacy-bias reset of critic heads @ 100000 updates]
Ep  6850 | score   17.03 | avg100   80.89 | grasp100  17.0% | best 0.295 |     28 st/s
    done(50): success=6 t_flicker=35 t_touched=6 t_no_reach=3
Ep  6900 | score  -16.81 | avg100   50.19 | grasp100   6.0% | best 0.295 |     28 st/s
    done(50): t_flicker=32 t_touched=10 t_no_reach=8
Ep  6950 | score  107.82 | avg100   38.10 | grasp100   0.0% | best 0.295 |     29 st/s
    done(50): t_flicker=37 t_touched=12 t_no_reach=1
Ep  7000 | score   72.64 | avg100   50.92 | grasp100   0.0% | best 0.295 |     29 st/s
    done(50): t_flicker=45 t_touched=4 t_no_reach=1
Ep  7050 | score   68.63 | avg100   60.17 | grasp100   0.0% | best 0.295 |     28 st/s
    done(50): t_flicker=46 t_touched=3 t_no_reach=1
Ep  7100 | score   31.99 | avg100   64.82 | grasp100   1.0% | best 0.295 |     28 st/s
    done(50): success=1 t_flicker=44 t_touched=5
Ep  7150 | score   12.13 | avg100   64.32 | grasp100   2.0% | best 0.295 |     28 st/s
    done(50): success=1 t_flicker=45 t_touched=3 t_no_reach=1
Ep  7200 | score   85.35 | avg100   66.30 | grasp100   4.0% | best 0.295 |     28 st/s
    done(50): success=3 t_flicker=42 t_touched=4 t_no_reach=1
Ep  7250 | score   93.69 | avg100   68.39 | grasp100   4.0% | best 0.295 |     28 st/s
    done(50): success=1 t_flicker=47 t_touched=2
Ep  7300 | score   82.88 | avg100   77.57 | grasp100  10.0% | best 0.295 |     28 st/s
    done(50): success=9 t_flicker=37 t_touched=4
Ep  7350 | score   87.44 | avg100   87.70 | grasp100  15.0% | best 0.295 |     28 st/s
    done(50): success=6 t_flicker=44
Ep  7400 | score   55.33 | avg100   85.62 | grasp100  14.0% | best 0.295 |     28 st/s
    done(50): success=8 t_flicker=38 t_touched=3 t_no_reach=1
Ep  7450 | score   61.97 | avg100   83.96 | grasp100  17.0% | best 0.295 |     28 st/s
    done(50): success=9 t_flicker=39 t_touched=2
Ep  7500 | score  101.02 | avg100   88.16 | grasp100  20.0% | best 0.295 |     28 st/s
    done(50): success=11 t_flicker=37 t_touched=2
Ep  7550 | score   63.31 | avg100   88.64 | grasp100  21.0% | best 0.295 |     28 st/s
    done(50): success=10 t_flicker=38 t_touched=2
Ep  7600 | score   56.40 | avg100   83.62 | grasp100  18.0% | best 0.295 |     28 st/s
    done(50): success=8 t_flicker=39 t_touched=3
Ep  7650 | score   28.15 | avg100   89.16 | grasp100  21.0% | best 0.295 |     28 st/s
    done(50): success=13 t_flicker=35 t_touched=2
Ep  7700 | score   57.03 | avg100   95.46 | grasp100  26.0% | best 0.295 |     28 st/s
    done(50): success=13 t_flicker=33 t_touched=4
Ep  7750 | score  180.62 | avg100   92.88 | grasp100  23.0% | best 0.295 |     28 st/s
    done(50): success=10 t_flicker=37 t_touched=3
Ep  7800 | score   59.82 | avg100   91.26 | grasp100  22.0% | best 0.295 |     28 st/s
    done(50): success=12 t_flicker=34 t_touched=4
Ep  7850 | score   61.11 | avg100   92.59 | grasp100  23.0% | best 0.295 |     28 st/s
    done(50): success=11 t_flicker=38 t_touched=1
Ep  7900 | score  197.14 | avg100   98.80 | grasp100  27.0% | best 0.295 |     28 st/s
    done(50): success=16 t_flicker=31 t_touched=3
Ep  7950 | score   41.99 | avg100   93.51 | grasp100  22.0% | best 0.295 |     28 st/s
    done(50): success=6 t_flicker=42 t_touched=2
Ep  8000 | score   31.84 | avg100   92.72 | grasp100  19.0% | best 0.295 |     28 st/s
    done(50): success=13 t_flicker=35 t_touched=1 t_no_reach=1
Ep  8050 | score   59.22 | avg100   92.54 | grasp100  21.0% | best 0.295 |     28 st/s
    done(50): success=8 t_flicker=38 t_touched=4
Ep  8100 | score  188.38 | avg100   89.73 | grasp100  20.0% | best 0.295 |     28 st/s
    done(50): success=12 t_flicker=33 t_touched=5
Ep  8150 | score  206.74 | avg100   97.59 | grasp100  24.0% | best 0.295 |     28 st/s
    done(50): success=12 t_flicker=36 t_touched=2
Ep  8200 | score   38.06 | avg100   95.09 | grasp100  24.0% | best 0.295 |     28 st/s
    done(50): success=12 t_flicker=35 t_touched=3
Ep  8250 | score   59.49 | avg100  101.82 | grasp100  29.0% | best 0.295 |     28 st/s
    done(50): success=17 t_flicker=33
Ep  8300 | score   13.50 | avg100  102.36 | grasp100  28.0% | best 0.295 |     28 st/s
    done(50): success=11 t_flicker=37 t_touched=2
Ep  8350 | score   53.61 | avg100   97.37 | grasp100  26.0% | best 0.295 |     28 st/s
    done(50): success=15 t_flicker=34 t_touched=1
Ep  8400 | score  190.51 | avg100  102.58 | grasp100  31.0% | best 0.295 |     28 st/s
    done(50): success=16 t_flicker=29 t_touched=5
Ep  8450 | score   55.47 | avg100   96.18 | grasp100  25.0% | best 0.295 |     28 st/s
    done(50): success=9 t_flicker=38 t_touched=3
Ep  8500 | score  207.10 | avg100   95.57 | grasp100  22.0% | best 0.295 |     28 st/s
    done(50): success=13 t_flicker=35 t_touched=2
Ep  8550 | score  165.39 | avg100   93.85 | grasp100  21.0% | best 0.295 |     28 st/s
    done(50): success=8 t_flicker=40 t_touched=2
Ep  8600 | score   57.70 | avg100   97.60 | grasp100  26.0% | best 0.295 |     28 st/s
    done(50): success=18 t_flicker=29 t_touched=3
  [primacy-bias reset of critic heads @ 125000 updates]
Ep  8650 | score    3.56 | avg100   84.62 | grasp100  23.0% | best 0.295 |     28 st/s
    done(50): success=5 t_flicker=32 t_touched=11 t_no_reach=2
Ep  8700 | score    3.61 | avg100   45.48 | grasp100   6.0% | best 0.295 |     28 st/s
    done(50): success=1 t_flicker=27 t_touched=12 t_no_reach=10
Ep  8750 | score  110.15 | avg100   40.36 | grasp100   1.0% | best 0.295 |     28 st/s
    done(50): t_flicker=44 t_touched=4 t_no_reach=2
Ep  8800 | score   56.20 | avg100   54.69 | grasp100   0.0% | best 0.295 |     28 st/s
    done(50): t_flicker=45 t_touched=5
Ep  8850 | score   79.98 | avg100   59.73 | grasp100   0.0% | best 0.295 |     28 st/s
    done(50): t_flicker=45 t_touched=3 t_no_reach=2
Ep  8900 | score   55.34 | avg100   62.66 | grasp100   0.0% | best 0.295 |     28 st/s
    done(50): t_flicker=47 t_touched=3
Ep  8950 | score   57.02 | avg100   66.13 | grasp100   2.0% | best 0.295 |     28 st/s
    done(50): success=2 t_flicker=45 t_touched=3
Ep  9000 | score   92.98 | avg100   67.86 | grasp100   4.0% | best 0.295 |     28 st/s
    done(50): success=2 t_flicker=47 t_touched=1
Ep  9050 | score  112.12 | avg100   69.97 | grasp100   5.0% | best 0.295 |     28 st/s
    done(50): success=3 t_flicker=43 t_touched=4
Ep  9100 | score   57.34 | avg100   71.47 | grasp100   8.0% | best 0.295 |     28 st/s
    done(50): success=5 t_flicker=40 t_touched=4 t_no_reach=1
Ep  9150 | score   54.70 | avg100   73.55 | grasp100   9.0% | best 0.295 |     28 st/s
    done(50): success=4 t_flicker=45 t_touched=1
Ep  9200 | score  162.07 | avg100   79.24 | grasp100  11.0% | best 0.295 |     28 st/s
    done(50): success=7 t_flicker=42 t_touched=1
Ep  9250 | score   58.12 | avg100   85.65 | grasp100  16.0% | best 0.295 |     28 st/s
    done(50): success=9 t_flicker=40 t_touched=1
Ep  9300 | score   58.48 | avg100   84.14 | grasp100  16.0% | best 0.295 |     28 st/s
    done(50): success=7 t_flicker=40 t_touched=2 t_no_reach=1
Ep  9350 | score   59.21 | avg100   88.28 | grasp100  20.0% | best 0.295 |     28 st/s
    done(50): success=13 t_flicker=34 t_touched=2 t_no_reach=1
Ep  9400 | score  139.19 | avg100   99.86 | grasp100  27.0% | best 0.295 |     28 st/s
    done(50): success=14 t_flicker=35 t_no_reach=1
Ep  9450 | score   56.21 | avg100   95.04 | grasp100  23.0% | best 0.295 |     28 st/s
    done(50): success=9 t_flicker=37 t_touched=4
Ep  9500 | score   99.14 | avg100   92.22 | grasp100  22.0% | best 0.295 |     28 st/s
    done(50): success=13 t_flicker=36 t_touched=1
Ep  9550 | score  201.09 | avg100   89.01 | grasp100  21.0% | best 0.295 |     28 st/s
    done(50): success=8 t_flicker=37 t_touched=5
Ep  9600 | score   55.95 | avg100   90.43 | grasp100  21.0% | best 0.295 |     28 st/s
    done(50): success=13 t_flicker=37
Ep  9650 | score   21.06 | avg100   97.02 | grasp100  25.0% | best 0.295 |     28 st/s
    done(50): success=12 t_flicker=36 t_touched=1 t_no_reach=1
Ep  9700 | score   60.72 | avg100   89.79 | grasp100  22.0% | best 0.295 |     28 st/s
    done(50): success=10 t_flicker=37 t_touched=3
Ep  9750 | score   55.61 | avg100   89.24 | grasp100  22.0% | best 0.295 |     28 st/s
    done(50): success=12 t_flicker=36 t_touched=2
Ep  9800 | score   37.15 | avg100   89.20 | grasp100  21.0% | best 0.295 |     28 st/s
    done(50): success=9 t_flicker=36 t_touched=5
Ep  9850 | score   16.14 | avg100   90.96 | grasp100  23.0% | best 0.295 |     28 st/s
    done(50): success=14 t_flicker=33 t_touched=3
Ep  9900 | score   24.32 | avg100   90.96 | grasp100  25.0% | best 0.295 |     28 st/s
    done(50): success=11 t_flicker=36 t_touched=3
Ep  9950 | score  197.40 | avg100   91.92 | grasp100  23.0% | best 0.295 |     28 st/s
    done(50): success=12 t_flicker=33 t_touched=5
Ep 10000 | score   55.40 | avg100   98.22 | grasp100  26.0% | best 0.295 |     28 st/s
    done(50): success=14 t_flicker=33 t_touched=3
Ep 10050 | score  196.55 | avg100   97.20 | grasp100  26.0% | best 0.295 |     28 st/s
    done(50): success=12 t_flicker=35 t_touched=3
Ep 10100 | score   66.30 | avg100   92.84 | grasp100  22.0% | best 0.295 |     28 st/s
    done(50): success=10 t_flicker=39 t_no_reach=1
Ep 10150 | score  208.55 | avg100   90.66 | grasp100  20.0% | best 0.295 |     28 st/s
    done(50): success=10 t_flicker=35 t_touched=5
Ep 10200 | score   57.72 | avg100   92.67 | grasp100  22.0% | best 0.295 |     28 st/s
    done(50): success=12 t_flicker=33 t_touched=4 t_no_reach=1
Ep 10250 | score   55.63 | avg100   96.29 | grasp100  25.0% | best 0.295 |     28 st/s
    done(50): success=13 t_flicker=37
Ep 10300 | score   61.43 | avg100   90.57 | grasp100  21.0% | best 0.295 |     28 st/s
    done(50): success=8 t_flicker=33 t_touched=8 t_no_reach=1
Ep 10350 | score  207.05 | avg100   97.06 | grasp100  25.0% | best 0.295 |     28 st/s
    done(50): success=17 t_flicker=32 t_touched=1
Ep 10400 | score  177.00 | avg100   97.90 | grasp100  27.0% | best 0.295 |     28 st/s
    done(50): success=10 t_flicker=36 t_touched=4
  [primacy-bias reset of critic heads @ 150000 updates]
Ep 10450 | score  -26.12 | avg100   68.97 | grasp100  16.0% | best 0.295 |     28 st/s
    done(50): success=6 t_flicker=28 t_touched=3 t_no_reach=13
Ep 10500 | score   57.81 | avg100   37.37 | grasp100   6.0% | best 0.295 |     28 st/s
    done(50): t_flicker=23 t_touched=7 t_no_reach=20
Ep 10550 | score   56.93 | avg100   35.29 | grasp100   1.0% | best 0.295 |     28 st/s
    done(50): success=1 t_flicker=37 t_touched=6 t_no_reach=6
Ep 10600 | score   83.33 | avg100   54.85 | grasp100   2.0% | best 0.295 |     28 st/s
    done(50): success=1 t_flicker=46 t_no_reach=3
Ep 10650 | score   45.54 | avg100   60.62 | grasp100   1.0% | best 0.295 |     28 st/s
    done(50): t_flicker=45 t_touched=3 t_no_reach=2
Ep 10700 | score   22.91 | avg100   59.49 | grasp100   0.0% | best 0.295 |     28 st/s
    done(50): t_flicker=42 t_touched=5 t_no_reach=3
Ep 10750 | score   55.75 | avg100   59.78 | grasp100   0.0% | best 0.295 |     28 st/s
    done(50): t_flicker=44 t_touched=4 t_no_reach=2
Ep 10800 | score   88.80 | avg100   71.58 | grasp100   7.0% | best 0.295 |     28 st/s
    done(50): success=7 t_flicker=42 t_no_reach=1
Ep 10850 | score   57.51 | avg100   77.56 | grasp100  10.0% | best 0.295 |     28 st/s
    done(50): success=3 t_flicker=46 t_no_reach=1
Ep 10900 | score  209.43 | avg100   72.67 | grasp100   7.0% | best 0.295 |     28 st/s
    done(50): success=4 t_flicker=43 t_touched=3
Ep 10950 | score   62.09 | avg100   71.77 | grasp100   7.0% | best 0.295 |     28 st/s
    done(50): success=3 t_flicker=44 t_touched=3
Ep 11000 | score   56.99 | avg100   75.05 | grasp100   8.0% | best 0.295 |     28 st/s
    done(50): success=5 t_flicker=41 t_touched=3 t_no_reach=1
Ep 11050 | score  104.30 | avg100   84.63 | grasp100  16.0% | best 0.295 |     28 st/s
    done(50): success=11 t_flicker=36 t_touched=3
Ep 11100 | score   54.94 | avg100   87.87 | grasp100  20.0% | best 0.295 |     28 st/s
    done(50): success=9 t_flicker=38 t_touched=3
Ep 11150 | score  205.92 | avg100   93.06 | grasp100  22.0% | best 0.295 |     28 st/s
    done(50): success=13 t_flicker=37
Ep 11200 | score   57.79 | avg100   98.23 | grasp100  25.0% | best 0.295 |     28 st/s
    done(50): success=12 t_flicker=38
Ep 11250 | score  190.31 | avg100   89.69 | grasp100  22.0% | best 0.295 |     28 st/s
    done(50): success=10 t_flicker=35 t_touched=3 t_no_reach=2
Ep 11300 | score   59.73 | avg100   82.17 | grasp100  17.0% | best 0.295 |     28 st/s
    done(50): success=7 t_flicker=41 t_touched=2
Ep 11350 | score  202.46 | avg100   87.12 | grasp100  20.0% | best 0.295 |     28 st/s
    done(50): success=13 t_flicker=35 t_touched=2
Ep 11400 | score  -13.96 | avg100  104.43 | grasp100  32.0% | best 0.295 |     28 st/s
    done(50): success=19 t_flicker=30 t_no_reach=1
Ep 11450 | score   55.08 | avg100  108.20 | grasp100  33.0% | best 0.295 |     28 st/s
    done(50): success=14 t_flicker=33 t_touched=3
Ep 11486 | * BEST  level200=2.00 grasp200= 31.0% metric=0.310 | score  153.63
Ep 11496 | * BEST  level200=2.00 grasp200= 32.5% metric=0.325 | score  198.09
Ep 11500 | score  168.17 | avg100  105.59 | grasp100  32.0% | best 0.325 |     28 st/s
    done(50): success=18 t_flicker=29 t_touched=2 t_no_reach=1
Ep 11550 | score   58.63 | avg100  105.80 | grasp100  33.0% | best 0.325 |     28 st/s
    done(50): success=15 t_flicker=34 t_touched=1
Ep 11600 | score  209.83 | avg100   99.25 | grasp100  28.0% | best 0.325 |     28 st/s
    done(50): success=13 t_flicker=35 t_touched=1 t_no_reach=1
Ep 11650 | score  185.39 | avg100   95.69 | grasp100  24.0% | best 0.325 |     28 st/s
    done(50): success=11 t_flicker=35 t_touched=4
Ep 11700 | score   58.43 | avg100  104.41 | grasp100  30.0% | best 0.325 |     28 st/s
    done(50): success=19 t_flicker=26 t_touched=5
Ep 11750 | score   54.87 | avg100  106.53 | grasp100  33.0% | best 0.325 |     28 st/s
    done(50): success=14 t_flicker=32 t_touched=4
Ep 11800 | score  103.33 | avg100   95.57 | grasp100  27.0% | best 0.325 |     28 st/s
    done(50): success=13 t_flicker=33 t_touched=3 t_no_reach=1
Ep 11850 | score   57.73 | avg100  101.98 | grasp100  31.0% | best 0.325 |     28 st/s
    done(50): success=18 t_flicker=31 t_touched=1
Ep 11900 | score  189.82 | avg100  113.31 | grasp100  37.0% | best 0.325 |     28 st/s
    done(50): success=19 t_flicker=29 t_touched=2
Ep 11950 | score   91.76 | avg100  106.87 | grasp100  31.0% | best 0.325 |     28 st/s
    done(50): success=12 t_flicker=35 t_touched=3
Ep 12000 | score   60.62 | avg100  100.00 | grasp100  25.0% | best 0.325 |     28 st/s
    done(50): success=13 t_flicker=33 t_touched=4
Ep 12050 | score   67.88 | avg100  102.43 | grasp100  29.0% | best 0.325 |     28 st/s
    done(50): success=16 t_flicker=32 t_touched=2
Ep 12100 | score    6.25 | avg100  107.89 | grasp100  34.0% | best 0.325 |     28 st/s
    done(50): success=18 t_flicker=29 t_touched=3
Ep 12150 | score   61.04 | avg100   98.76 | grasp100  27.0% | best 0.325 |     28 st/s
    done(50): success=9 t_flicker=36 t_touched=5
Ep 12200 | score   60.15 | avg100   98.71 | grasp100  27.0% | best 0.325 |     28 st/s
    done(50): success=18 t_flicker=29 t_touched=3
  [primacy-bias reset of critic heads @ 175000 updates]
Ep 12250 | score   54.85 | avg100   96.81 | grasp100  33.0% | best 0.325 |     28 st/s
    done(50): success=15 t_flicker=22 t_touched=8 t_no_reach=5
Ep 12300 | score   30.65 | avg100   46.99 | grasp100  15.0% | best 0.325 |     28 st/s
    done(50): t_flicker=10 t_touched=16 t_no_reach=24
Ep 12350 | score   34.31 | avg100   32.82 | grasp100   4.0% | best 0.325 |     28 st/s
    done(50): success=4 t_flicker=25 t_touched=13 t_no_reach=8
Ep 12400 | score   56.15 | avg100   57.66 | grasp100   4.0% | best 0.325 |     28 st/s
    done(50): t_flicker=48 t_touched=2
Ep 12450 | score   55.70 | avg100   58.39 | grasp100   0.0% | best 0.325 |     28 st/s
    done(50): t_flicker=43 t_touched=7
Ep 12500 | score   74.07 | avg100   58.78 | grasp100   1.0% | best 0.325 |     28 st/s
    done(50): success=1 t_flicker=43 t_touched=6
Ep 12550 | score   78.81 | avg100   64.56 | grasp100   3.0% | best 0.325 |     28 st/s
    done(50): success=2 t_flicker=44 t_touched=3 t_no_reach=1
Ep 12600 | score   58.57 | avg100   66.80 | grasp100   4.0% | best 0.325 |     28 st/s
    done(50): success=2 t_flicker=45 t_touched=3
Ep 12650 | score   61.28 | avg100   75.20 | grasp100   8.0% | best 0.325 |     28 st/s
    done(50): success=6 t_flicker=42 t_touched=2
Ep 12700 | score  215.86 | avg100   86.69 | grasp100  15.0% | best 0.325 |     28 st/s
    done(50): success=9 t_flicker=40 t_touched=1
Ep 12750 | score   60.23 | avg100   85.00 | grasp100  15.0% | best 0.325 |     28 st/s
    done(50): success=6 t_flicker=38 t_touched=5 t_no_reach=1
Ep 12800 | score   57.16 | avg100   86.51 | grasp100  17.0% | best 0.325 |     28 st/s
    done(50): success=11 t_flicker=39
Ep 12850 | score   57.15 | avg100   89.90 | grasp100  18.0% | best 0.325 |     28 st/s
    done(50): success=7 t_flicker=43
Ep 12900 | score   56.62 | avg100   89.13 | grasp100  18.0% | best 0.325 |     28 st/s
    done(50): success=11 t_flicker=37 t_touched=2
Ep 12950 | score   56.03 | avg100   92.58 | grasp100  22.0% | best 0.325 |     28 st/s
    done(50): success=11 t_flicker=39
Ep 13000 | score   58.62 | avg100   89.33 | grasp100  20.0% | best 0.325 |     28 st/s
    done(50): success=9 t_flicker=40 t_touched=1
Ep 13050 | score   55.99 | avg100   87.40 | grasp100  18.0% | best 0.325 |     28 st/s
    done(50): success=9 t_flicker=39 t_touched=2
Ep 13100 | score   54.21 | avg100   89.15 | grasp100  16.0% | best 0.325 |     28 st/s
    done(50): success=7 t_flicker=43
Ep 13150 | score  212.94 | avg100   98.92 | grasp100  23.0% | best 0.325 |     28 st/s
    done(50): success=16 t_flicker=32 t_touched=2
Ep 13200 | score   99.58 | avg100  103.61 | grasp100  29.0% | best 0.325 |     28 st/s
    done(50): success=13 t_flicker=37
Ep 13250 | score   56.24 | avg100  100.88 | grasp100  28.0% | best 0.325 |     28 st/s
    done(50): success=15 t_flicker=32 t_touched=3
Ep 13300 | score  200.48 | avg100  106.80 | grasp100  32.0% | best 0.325 |     28 st/s
    done(50): success=17 t_flicker=32 t_touched=1
Ep 13350 | score   58.54 | avg100  104.69 | grasp100  31.0% | best 0.325 |     28 st/s
    done(50): success=14 t_flicker=32 t_touched=4
Ep 13400 | score  154.80 | avg100  104.05 | grasp100  29.0% | best 0.325 |     28 st/s
    done(50): success=15 t_flicker=35
Ep 13450 | score  165.51 | avg100  111.20 | grasp100  33.0% | best 0.325 |     28 st/s
    done(50): success=18 t_flicker=29 t_touched=3
Ep 13500 | score   63.18 | avg100  111.37 | grasp100  34.0% | best 0.325 |     28 st/s
    done(50): success=16 t_flicker=33 t_touched=1
Ep 13550 | score   35.57 | avg100   99.07 | grasp100  26.0% | best 0.325 |     28 st/s
    done(50): success=10 t_flicker=35 t_touched=4 t_no_reach=1
Ep 13600 | score  206.70 | avg100  103.36 | grasp100  30.0% | best 0.325 |     28 st/s
    done(50): success=20 t_flicker=30
Ep 13650 | score  194.66 | avg100  111.74 | grasp100  34.0% | best 0.325 |     28 st/s
    done(50): success=14 t_flicker=33 t_touched=3
Ep 13700 | score   87.85 | avg100  105.23 | grasp100  28.0% | best 0.325 |     28 st/s
    done(50): success=14 t_flicker=35 t_touched=1
Ep 13750 | score   28.90 | avg100   92.83 | grasp100  22.0% | best 0.325 |     28 st/s
    done(50): success=8 t_flicker=38 t_touched=4
Ep 13800 | score   57.89 | avg100   96.36 | grasp100  26.0% | best 0.325 |     28 st/s
    done(50): success=18 t_flicker=31 t_touched=1
Ep 13850 | score  184.37 | avg100  107.99 | grasp100  33.0% | best 0.325 |     28 st/s
    done(50): success=15 t_flicker=33 t_touched=1 t_no_reach=1
Ep 13900 | score   60.77 | avg100   94.90 | grasp100  24.0% | best 0.325 |     28 st/s
    done(50): success=9 t_flicker=37 t_touched=3 t_no_reach=1
Ep 13950 | score  195.78 | avg100   99.22 | grasp100  26.0% | best 0.325 |     28 st/s
    done(50): success=17 t_flicker=32 t_touched=1
  [primacy-bias reset of critic heads @ 200000 updates]
Ep 14000 | score   16.03 | avg100  110.05 | grasp100  34.0% | best 0.325 |     28 st/s
    done(50): success=17 t_flicker=31 t_touched=2
Ep 14050 | score    5.37 | avg100   64.39 | grasp100  17.0% | best 0.325 |     28 st/s
    done(50): t_flicker=27 t_touched=11 t_no_reach=12
Ep 14100 | score   39.92 | avg100   34.87 | grasp100   0.0% | best 0.325 |     28 st/s
    done(50): t_flicker=41 t_touched=7 t_no_reach=2
Ep 14150 | score   63.51 | avg100   55.91 | grasp100   1.0% | best 0.325 |     28 st/s
    done(50): success=1 t_flicker=44 t_touched=4 t_no_reach=1
Ep 14200 | score   56.38 | avg100   65.07 | grasp100   2.0% | best 0.325 |     28 st/s
    done(50): success=1 t_flicker=46 t_touched=2 t_no_reach=1
Ep 14250 | score   57.86 | avg100   65.34 | grasp100   3.0% | best 0.325 |     28 st/s
    done(50): success=2 t_flicker=39 t_touched=7 t_no_reach=2
Ep 14300 | score   55.66 | avg100   68.95 | grasp100   8.0% | best 0.325 |     28 st/s
    done(50): success=6 t_flicker=39 t_touched=4 t_no_reach=1
Ep 14350 | score  108.79 | avg100   73.77 | grasp100   8.0% | best 0.325 |     28 st/s
    done(50): success=2 t_flicker=46 t_touched=2
Ep 14400 | score  207.31 | avg100   79.56 | grasp100  10.0% | best 0.325 |     28 st/s
    done(50): success=8 t_flicker=40 t_touched=2
Ep 14450 | score   55.23 | avg100   85.48 | grasp100  15.0% | best 0.325 |     28 st/s
    done(50): success=7 t_flicker=42 t_touched=1
Ep 14500 | score   58.80 | avg100   86.69 | grasp100  15.0% | best 0.325 |     28 st/s
    done(50): success=8 t_flicker=39 t_touched=3
Ep 14550 | score   57.22 | avg100   94.48 | grasp100  21.0% | best 0.325 |     28 st/s
    done(50): success=13 t_flicker=35 t_touched=2
Ep 14600 | score   87.81 | avg100   99.88 | grasp100  27.0% | best 0.325 |     28 st/s
    done(50): success=14 t_flicker=36
Ep 14650 | score   71.66 | avg100   97.00 | grasp100  24.0% | best 0.325 |     28 st/s
    done(50): success=10 t_flicker=40
Ep 14700 | score   93.73 | avg100   96.40 | grasp100  21.0% | best 0.325 |     28 st/s
    done(50): success=11 t_flicker=37 t_touched=2
Ep 14750 | score  103.53 | avg100  102.58 | grasp100  27.0% | best 0.325 |     28 st/s
    done(50): success=16 t_flicker=33 t_touched=1
Ep 14800 | score   62.45 | avg100  103.22 | grasp100  26.0% | best 0.325 |     28 st/s
    done(50): success=10 t_flicker=39 t_touched=1
Ep 14850 | score  169.87 | avg100  102.52 | grasp100  25.0% | best 0.325 |     28 st/s
    done(50): success=15 t_flicker=33 t_touched=2
Ep 14900 | score   60.61 | avg100   99.03 | grasp100  25.0% | best 0.325 |     28 st/s
    done(50): success=10 t_flicker=36 t_touched=4
Ep 14950 | score  114.72 | avg100   98.64 | grasp100  26.0% | best 0.325 |     28 st/s
    done(50): success=16 t_flicker=32 t_touched=2
Ep 15000 | score   57.40 | avg100   99.44 | grasp100  26.0% | best 0.325 |     28 st/s
    done(50): success=10 t_flicker=39 t_touched=1
Ep 15050 | score   84.20 | avg100   91.55 | grasp100  21.0% | best 0.325 |     28 st/s
    done(50): success=11 t_flicker=37 t_touched=2
Ep 15100 | score  117.92 | avg100   94.19 | grasp100  24.0% | best 0.325 |     28 st/s
    done(50): success=13 t_flicker=35 t_touched=2
Ep 15150 | score  193.20 | avg100  100.64 | grasp100  27.0% | best 0.325 |     28 st/s
    done(50): success=14 t_flicker=36
Ep 15200 | score   56.14 | avg100  105.25 | grasp100  28.0% | best 0.325 |     28 st/s
    done(50): success=14 t_flicker=35 t_touched=1
Ep 15250 | score   56.54 | avg100  105.32 | grasp100  27.0% | best 0.325 |     28 st/s
    done(50): success=13 t_flicker=36 t_touched=1
Ep 15300 | score   95.56 | avg100   94.83 | grasp100  20.0% | best 0.325 |     28 st/s
    done(50): success=7 t_flicker=42 t_no_reach=1
Ep 15350 | score   58.87 | avg100   93.59 | grasp100  21.0% | best 0.325 |     28 st/s
    done(50): success=14 t_flicker=33 t_touched=3
Ep 15400 | score   56.23 | avg100   93.76 | grasp100  24.0% | best 0.325 |     28 st/s
    done(50): success=10 t_flicker=38 t_touched=2
Ep 15450 | score   60.74 | avg100  104.23 | grasp100  31.0% | best 0.325 |     28 st/s
    done(50): success=21 t_flicker=28 t_touched=1
Ep 15500 | score  193.91 | avg100  107.81 | grasp100  33.0% | best 0.325 |     28 st/s
    done(50): success=12 t_flicker=35 t_touched=3
Ep 15550 | score   54.92 | avg100   97.92 | grasp100  27.0% | best 0.325 |     28 st/s
    done(50): success=15 t_flicker=33 t_touched=2
Ep 15600 | score  208.52 | avg100  106.61 | grasp100  33.0% | best 0.325 |     28 st/s
    done(50): success=18 t_flicker=30 t_touched=1 t_no_reach=1
Ep 15650 | score  103.28 | avg100  109.29 | grasp100  33.0% | best 0.325 |     28 st/s
    done(50): success=15 t_flicker=34 t_touched=1
Ep 15700 | score   63.30 | avg100  106.03 | grasp100  31.0% | best 0.325 |     28 st/s
    done(50): success=16 t_flicker=33 t_touched=1
Ep 15750 | score   59.21 | avg100  102.87 | grasp100  29.0% | best 0.325 |     28 st/s
    done(50): success=13 t_flicker=35 t_touched=2
Ep 15800 | score   78.53 | avg100   98.68 | grasp100  24.0% | best 0.325 |     28 st/s
    done(50): success=11 t_flicker=38 t_no_reach=1
  [primacy-bias reset of critic heads @ 225000 updates]
Ep 15850 | score   24.85 | avg100   85.59 | grasp100  23.0% | best 0.325 |     28 st/s
    done(50): success=12 t_flicker=24 t_touched=5 t_no_reach=9
Ep 15900 | score   31.91 | avg100   54.31 | grasp100  12.0% | best 0.325 |     28 st/s
    done(50): t_flicker=36 t_touched=9 t_no_reach=5
Ep 15950 | score   10.81 | avg100   44.02 | grasp100   0.0% | best 0.325 |     28 st/s
    done(50): t_flicker=44 t_touched=3 t_no_reach=3
Ep 16000 | score   99.17 | avg100   58.12 | grasp100   1.0% | best 0.325 |     28 st/s
    done(50): success=1 t_flicker=46 t_touched=3
Ep 16050 | score   55.35 | avg100   61.33 | grasp100   1.0% | best 0.325 |     28 st/s
    done(50): t_flicker=46 t_touched=3 t_no_reach=1
Ep 16100 | score   57.62 | avg100   59.87 | grasp100   1.0% | best 0.325 |     28 st/s
    done(50): success=1 t_flicker=45 t_touched=2 t_no_reach=2
Ep 16150 | score   61.40 | avg100   63.69 | grasp100   2.0% | best 0.325 |     28 st/s
    done(50): success=1 t_flicker=46 t_touched=2 t_no_reach=1
Ep 16200 | score   58.48 | avg100   72.99 | grasp100   6.0% | best 0.325 |     28 st/s
    done(50): success=5 t_flicker=41 t_touched=3 t_no_reach=1
Ep 16250 | score   74.91 | avg100   76.06 | grasp100   9.0% | best 0.325 |     28 st/s
    done(50): success=4 t_flicker=43 t_touched=3
Ep 16300 | score   60.94 | avg100   76.17 | grasp100  10.0% | best 0.325 |     28 st/s
    done(50): success=6 t_flicker=43 t_touched=1
Ep 16350 | score   85.16 | avg100   83.33 | grasp100  13.0% | best 0.325 |     28 st/s
    done(50): success=7 t_flicker=43
Ep 16400 | score   44.15 | avg100   92.26 | grasp100  18.0% | best 0.325 |     28 st/s
    done(50): success=11 t_flicker=38 t_touched=1
Ep 16450 | score   61.72 | avg100   95.63 | grasp100  21.0% | best 0.325 |     28 st/s
    done(50): success=10 t_flicker=39 t_touched=1
Ep 16500 | score   56.93 | avg100   97.23 | grasp100  24.0% | best 0.325 |     28 st/s
    done(50): success=14 t_flicker=35 t_touched=1
Ep 16550 | score   60.36 | avg100   97.05 | grasp100  25.0% | best 0.325 |     28 st/s
    done(50): success=11 t_flicker=39
Ep 16600 | score  198.03 | avg100   94.02 | grasp100  22.0% | best 0.325 |     28 st/s
    done(50): success=11 t_flicker=38 t_touched=1
Ep 16650 | score  186.27 | avg100  101.85 | grasp100  28.0% | best 0.325 |     28 st/s
    done(50): success=17 t_flicker=31 t_touched=2
Ep 16700 | score   59.32 | avg100  107.72 | grasp100  32.0% | best 0.325 |     28 st/s
    done(50): success=15 t_flicker=35
Ep 16750 | score   56.67 | avg100  100.49 | grasp100  28.0% | best 0.325 |     28 st/s
    done(50): success=13 t_flicker=34 t_touched=3
Ep 16800 | score   62.34 | avg100   94.06 | grasp100  24.0% | best 0.325 |     28 st/s
    done(50): success=11 t_flicker=37 t_touched=2
Ep 16850 | score  205.20 | avg100  100.82 | grasp100  28.0% | best 0.325 |     28 st/s
    done(50): success=17 t_flicker=29 t_touched=2 t_no_reach=2
Ep 16900 | score  201.59 | avg100  106.76 | grasp100  30.0% | best 0.325 |     28 st/s
    done(50): success=13 t_flicker=37
Ep 16950 | score   83.62 | avg100  104.46 | grasp100  28.0% | best 0.325 |     28 st/s
    done(50): success=15 t_flicker=33 t_touched=1 t_no_reach=1
Ep 17000 | score   55.81 | avg100  103.08 | grasp100  30.0% | best 0.325 |     28 st/s
    done(50): success=15 t_flicker=33 t_touched=2
Ep 17050 | score  205.55 | avg100  102.59 | grasp100  31.0% | best 0.325 |     28 st/s
    done(50): success=16 t_flicker=31 t_touched=2 t_no_reach=1
Ep 17100 | score  208.18 | avg100   98.80 | grasp100  29.0% | best 0.325 |     28 st/s
    done(50): success=13 t_flicker=34 t_touched=3
Ep 17150 | score  178.22 | avg100   97.19 | grasp100  27.0% | best 0.325 |     28 st/s
    done(50): success=14 t_flicker=36
Ep 17200 | score   59.41 | avg100  108.67 | grasp100  32.0% | best 0.325 |     28 st/s
    done(50): success=18 t_flicker=32
Ep 17250 | score  170.58 | avg100  114.69 | grasp100  36.0% | best 0.325 |     28 st/s
    done(50): success=18 t_flicker=28 t_touched=4
Ep 17300 | score   52.70 | avg100  106.66 | grasp100  31.0% | best 0.325 |     28 st/s
    done(50): success=13 t_flicker=35 t_touched=2
Ep 17350 | score   50.21 | avg100  102.23 | grasp100  28.0% | best 0.325 |     28 st/s
    done(50): success=15 t_flicker=35
Ep 17400 | score   56.02 | avg100  101.32 | grasp100  29.0% | best 0.325 |     28 st/s
    done(50): success=14 t_flicker=33 t_touched=2 t_no_reach=1
Ep 17450 | score  204.29 | avg100  103.20 | grasp100  29.0% | best 0.325 |     28 st/s
    done(50): success=15 t_flicker=35
Ep 17500 | score  191.34 | avg100  107.69 | grasp100  32.0% | best 0.325 |     28 st/s
    done(50): success=17 t_flicker=31 t_touched=2
Ep 17550 | score   54.78 | avg100  106.83 | grasp100  31.0% | best 0.325 |     28 st/s
    done(50): success=14 t_flicker=36
Ep 17600 | score  193.91 | avg100  113.05 | grasp100  34.0% | best 0.325 |     28 st/s
    done(50): success=20 t_flicker=27 t_touched=2 t_no_reach=1
Ep 17607 | * BEST  level200=2.00 grasp200= 34.0% metric=0.340 | score  204.42
Ep 17638 | * BEST  level200=2.00 grasp200= 35.5% metric=0.355 | score  210.82
Ep 17645 | * BEST  level200=2.00 grasp200= 37.0% metric=0.370 | score  207.47
Ep 17650 | score  198.10 | avg100  122.44 | grasp100  44.0% | best 0.370 |     28 st/s
    done(50): success=24 t_flicker=24 t_touched=2
Ep 17657 | * BEST  level200=2.00 grasp200= 38.5% metric=0.385 | score  207.40
  [primacy-bias reset of critic heads @ 250000 updates]
Ep 17700 | score   70.64 | avg100  112.71 | grasp100  39.0% | best 0.385 |     28 st/s
    done(50): success=15 t_flicker=31 t_touched=1 t_no_reach=3
Ep 17750 | score   23.67 | avg100   60.55 | grasp100  16.0% | best 0.385 |     28 st/s
    done(50): success=1 t_flicker=21 t_touched=16 t_no_reach=12
Ep 17800 | score   73.34 | avg100   34.53 | grasp100   1.0% | best 0.385 |     28 st/s
    done(50): t_flicker=41 t_touched=5 t_no_reach=4
Ep 17850 | score   74.38 | avg100   53.98 | grasp100   0.0% | best 0.385 |     28 st/s
    done(50): t_flicker=46 t_touched=3 t_no_reach=1
Ep 17900 | score   71.09 | avg100   63.44 | grasp100   1.0% | best 0.385 |     28 st/s
    done(50): success=1 t_flicker=45 t_touched=3 t_no_reach=1
Ep 17950 | score   57.84 | avg100   66.44 | grasp100   2.0% | best 0.385 |     28 st/s
    done(50): success=1 t_flicker=45 t_touched=4
Ep 18000 | score   56.50 | avg100   68.53 | grasp100   4.0% | best 0.385 |     28 st/s
    done(50): success=3 t_flicker=43 t_touched=4
Ep 18050 | score   71.16 | avg100   71.23 | grasp100   6.0% | best 0.385 |     28 st/s
    done(50): success=3 t_flicker=45 t_touched=1 t_no_reach=1
Ep 18100 | score   58.12 | avg100   69.81 | grasp100   5.0% | best 0.385 |     28 st/s
    done(50): success=2 t_flicker=44 t_touched=4
Ep 18150 | score  200.66 | avg100   73.07 | grasp100   6.0% | best 0.385 |     28 st/s
    done(50): success=4 t_flicker=46
Ep 18200 | score   61.73 | avg100   81.52 | grasp100   9.0% | best 0.385 |     28 st/s
    done(50): success=5 t_flicker=44 t_touched=1
Ep 18250 | score   54.70 | avg100   87.83 | grasp100  14.0% | best 0.385 |     28 st/s
    done(50): success=9 t_flicker=39 t_touched=2
Ep 18300 | score   61.82 | avg100   86.48 | grasp100  16.0% | best 0.385 |     28 st/s
    done(50): success=7 t_flicker=41 t_touched=2
Ep 18350 | score   57.39 | avg100   90.64 | grasp100  18.0% | best 0.385 |     28 st/s
    done(50): success=11 t_flicker=38 t_touched=1
Ep 18400 | score   55.47 | avg100  106.03 | grasp100  29.0% | best 0.385 |     28 st/s
    done(50): success=18 t_flicker=32
Ep 18450 | score   38.01 | avg100  103.85 | grasp100  28.0% | best 0.385 |     28 st/s
    done(50): success=10 t_flicker=38 t_touched=2
Ep 18500 | score  211.34 | avg100   95.71 | grasp100  22.0% | best 0.385 |     28 st/s
    done(50): success=12 t_flicker=37 t_touched=1
Ep 18550 | score   60.47 | avg100  100.04 | grasp100  26.0% | best 0.385 |     28 st/s
    done(50): success=14 t_flicker=34 t_touched=1 t_no_reach=1
Ep 18600 | score   57.82 | avg100   99.62 | grasp100  26.0% | best 0.385 |     28 st/s
    done(50): success=12 t_flicker=37 t_touched=1
Ep 18650 | score   57.41 | avg100   99.62 | grasp100  26.0% | best 0.385 |     28 st/s
    done(50): success=14 t_flicker=34 t_touched=1 t_no_reach=1
Ep 18700 | score   56.11 | avg100  106.74 | grasp100  32.0% | best 0.385 |     28 st/s
    done(50): success=18 t_flicker=31 t_touched=1
Ep 18750 | score   57.14 | avg100  106.62 | grasp100  31.0% | best 0.385 |     28 st/s
    done(50): success=13 t_flicker=37
Ep 18800 | score  130.54 | avg100  100.79 | grasp100  24.0% | best 0.385 |     28 st/s
    done(50): success=11 t_flicker=39
Ep 18850 | score   62.61 | avg100  100.79 | grasp100  28.0% | best 0.385 |     28 st/s
    done(50): success=17 t_flicker=30 t_touched=3
Ep 18900 | score  204.62 | avg100  105.03 | grasp100  33.0% | best 0.385 |     28 st/s
    done(50): success=16 t_flicker=34
Ep 18950 | score   56.67 | avg100  103.60 | grasp100  29.0% | best 0.385 |     28 st/s
    done(50): success=13 t_flicker=36 t_touched=1
Ep 19000 | score   86.10 | avg100  107.41 | grasp100  31.0% | best 0.385 |     28 st/s
    done(50): success=18 t_flicker=30 t_touched=1 t_no_reach=1
Ep 19050 | score  188.51 | avg100  110.93 | grasp100  34.0% | best 0.385 |     28 st/s
    done(50): success=16 t_flicker=32 t_touched=2
Ep 19100 | score  209.29 | avg100  110.19 | grasp100  35.0% | best 0.385 |     28 st/s
    done(50): success=19 t_flicker=28 t_touched=3
Ep 19150 | score   55.88 | avg100  110.97 | grasp100  36.0% | best 0.385 |     28 st/s
    done(50): success=17 t_flicker=31 t_touched=2
Ep 19200 | score   55.16 | avg100  101.93 | grasp100  30.0% | best 0.385 |     28 st/s
    done(50): success=13 t_flicker=33 t_touched=4
Ep 19250 | score  208.31 | avg100   99.36 | grasp100  27.0% | best 0.385 |     28 st/s
    done(50): success=14 t_flicker=35 t_touched=1
Ep 19300 | score   76.21 | avg100  102.83 | grasp100  28.0% | best 0.385 |     28 st/s
    done(50): success=14 t_flicker=33 t_touched=3
Ep 19350 | score   57.48 | avg100  111.68 | grasp100  35.0% | best 0.385 |     28 st/s
    done(50): success=21 t_flicker=29
Ep 19400 | score  185.78 | avg100  111.21 | grasp100  36.0% | best 0.385 |     28 st/s
    done(50): success=15 t_flicker=35
Ep 19450 | score   55.42 | avg100  106.27 | grasp100  32.0% | best 0.385 |     28 st/s
    done(50): success=17 t_flicker=32 t_touched=1
Ep 19500 | score   54.17 | avg100  110.64 | grasp100  34.0% | best 0.385 |     28 st/s
    done(50): success=17 t_flicker=33
Ep 19550 | score   94.38 | avg100  112.71 | grasp100  36.0% | best 0.385 |     28 st/s
    done(50): success=19 t_flicker=29 t_touched=1 t_no_reach=1
  [primacy-bias reset of critic heads @ 275000 updates]
Ep 19600 | score    5.71 | avg100  108.63 | grasp100  35.0% | best 0.385 |     28 st/s
    done(50): success=16 t_flicker=27 t_touched=7
Ep 19650 | score   12.91 | avg100   58.04 | grasp100  16.0% | best 0.385 |     28 st/s
    done(50): t_flicker=12 t_touched=20 t_no_reach=18
Ep 19700 | score   56.69 | avg100   33.13 | grasp100   2.0% | best 0.385 |     28 st/s
    done(50): success=2 t_flicker=40 t_touched=4 t_no_reach=4
Ep 19750 | score   41.39 | avg100   55.93 | grasp100   2.0% | best 0.385 |     28 st/s
    done(50): t_flicker=45 t_touched=4 t_no_reach=1
Ep 19800 | score   62.66 | avg100   60.58 | grasp100   0.0% | best 0.385 |     28 st/s
    done(50): t_flicker=47 t_touched=2 t_no_reach=1
Ep 19850 | score   50.73 | avg100   63.75 | grasp100   1.0% | best 0.385 |     28 st/s
    done(50): success=1 t_flicker=44 t_touched=3 t_no_reach=2
Ep 19900 | score  128.86 | avg100   65.28 | grasp100   2.0% | best 0.385 |     28 st/s
    done(50): success=1 t_flicker=47 t_touched=2
Ep 19950 | score   61.90 | avg100   66.74 | grasp100   3.0% | best 0.385 |     28 st/s
    done(50): success=2 t_flicker=44 t_touched=4
Ep 20000 | score   56.38 | avg100   73.88 | grasp100  10.0% | best 0.385 |     28 st/s
    done(50): success=8 t_flicker=39 t_touched=2 t_no_reach=1
Ep 20050 | score  196.83 | avg100   80.24 | grasp100  14.0% | best 0.385 |     28 st/s
    done(50): success=6 t_flicker=39 t_touched=4 t_no_reach=1
Ep 20100 | score   59.11 | avg100   82.71 | grasp100  14.0% | best 0.385 |     28 st/s
    done(50): success=8 t_flicker=40 t_touched=2
Ep 20150 | score   54.82 | avg100   88.84 | grasp100  19.0% | best 0.385 |     28 st/s
    done(50): success=11 t_flicker=39
Ep 20200 | score  100.13 | avg100  100.56 | grasp100  24.0% | best 0.385 |     28 st/s
    done(50): success=13 t_flicker=37
Ep 20250 | score   55.47 | avg100  112.47 | grasp100  32.0% | best 0.385 |     28 st/s
    done(50): success=19 t_flicker=30 t_touched=1
Ep 20300 | score   55.14 | avg100  108.37 | grasp100  32.0% | best 0.385 |     28 st/s
    done(50): success=13 t_flicker=35 t_touched=2
Ep 20350 | score  184.31 | avg100  112.85 | grasp100  34.0% | best 0.385 |     28 st/s
    done(50): success=21 t_flicker=28 t_touched=1
Ep 20400 | score   92.16 | avg100  108.76 | grasp100  32.0% | best 0.385 |     28 st/s
    done(50): success=11 t_flicker=38 t_touched=1
Ep 20450 | score  195.86 | avg100  100.76 | grasp100  28.0% | best 0.385 |     28 st/s
    done(50): success=17 t_flicker=33
Ep 20500 | score   60.12 | avg100  105.42 | grasp100  30.0% | best 0.385 |     28 st/s
    done(50): success=13 t_flicker=36 t_touched=1
Ep 20550 | score   56.96 | avg100  108.03 | grasp100  32.0% | best 0.385 |     28 st/s
    done(50): success=19 t_flicker=31
Ep 20600 | score   87.00 | avg100  107.22 | grasp100  33.0% | best 0.385 |     28 st/s
    done(50): success=14 t_flicker=33 t_touched=2 t_no_reach=1
Ep 20650 | score  162.09 | avg100   96.87 | grasp100  24.0% | best 0.385 |     28 st/s
    done(50): success=10 t_flicker=40
Ep 20700 | score   54.62 | avg100  103.42 | grasp100  26.0% | best 0.385 |     28 st/s
    done(50): success=16 t_flicker=34
Ep 20750 | score   33.96 | avg100  111.14 | grasp100  32.0% | best 0.385 |     28 st/s
    done(50): success=16 t_flicker=34
Ep 20800 | score  208.73 | avg100  112.19 | grasp100  34.0% | best 0.385 |     28 st/s
    done(50): success=18 t_flicker=29 t_touched=3
Ep 20850 | score   61.80 | avg100  109.80 | grasp100  30.0% | best 0.385 |     28 st/s
    done(50): success=12 t_flicker=37 t_touched=1
Ep 20900 | score   81.25 | avg100  107.13 | grasp100  27.0% | best 0.385 |     28 st/s
    done(50): success=15 t_flicker=35
Ep 20950 | score  110.82 | avg100  113.84 | grasp100  35.0% | best 0.385 |     28 st/s
    done(50): success=20 t_flicker=29 t_touched=1
Ep 21000 | score   56.30 | avg100  110.57 | grasp100  35.0% | best 0.385 |     28 st/s
    done(50): success=15 t_flicker=33 t_touched=1 t_no_reach=1
Ep 21050 | score  198.48 | avg100  107.70 | grasp100  31.0% | best 0.385 |     28 st/s
    done(50): success=16 t_flicker=34
Ep 21100 | score   56.27 | avg100  114.61 | grasp100  35.0% | best 0.385 |     28 st/s
    done(50): success=19 t_flicker=30 t_touched=1
Ep 21150 | score   21.68 | avg100  114.55 | grasp100  38.0% | best 0.385 |     28 st/s
    done(50): success=19 t_flicker=30 t_touched=1
Ep 21200 | score   81.41 | avg100  108.90 | grasp100  33.0% | best 0.385 |     28 st/s
    done(50): success=14 t_flicker=34 t_touched=1 t_no_reach=1
Ep 21250 | score  204.88 | avg100  106.87 | grasp100  30.0% | best 0.385 |     28 st/s
    done(50): success=16 t_flicker=34
Ep 21300 | score  118.65 | avg100  108.46 | grasp100  32.0% | best 0.385 |     28 st/s
    done(50): success=16 t_flicker=33 t_touched=1
Ep 21350 | score  208.01 | avg100  117.27 | grasp100  36.0% | best 0.385 |     28 st/s
    done(50): success=20 t_flicker=30
Ep 21400 | score   56.20 | avg100  113.07 | grasp100  32.0% | best 0.385 |     28 st/s
    done(50): success=12 t_flicker=36 t_no_reach=2
  [primacy-bias reset of critic heads @ 300000 updates]
Ep 21450 | score   57.14 | avg100  104.90 | grasp100  27.0% | best 0.385 |     28 st/s
    done(50): success=15 t_flicker=34 t_touched=1
Ep 21500 | score    9.28 | avg100   59.98 | grasp100  16.0% | best 0.385 |     28 st/s
    done(50): success=1 t_flicker=9 t_touched=15 t_no_reach=25
Ep 21550 | score   67.05 | avg100   17.45 | grasp100   1.0% | best 0.385 |     28 st/s
    done(50): t_flicker=24 t_touched=8 t_no_reach=18
Ep 21600 | score   -9.54 | avg100   39.58 | grasp100   1.0% | best 0.385 |     28 st/s
    done(50): success=1 t_flicker=38 t_touched=9 t_no_reach=2
Ep 21650 | score   69.54 | avg100   53.49 | grasp100   1.0% | best 0.385 |     28 st/s
    done(50): t_flicker=44 t_touched=4 t_no_reach=2
Ep 21700 | score   82.09 | avg100   58.84 | grasp100   2.0% | best 0.385 |     28 st/s
    done(50): success=2 t_flicker=42 t_touched=6
Ep 21750 | score   67.16 | avg100   65.25 | grasp100   4.0% | best 0.385 |     28 st/s
    done(50): success=2 t_flicker=47 t_touched=1
Ep 21800 | score  110.94 | avg100   70.72 | grasp100   4.0% | best 0.385 |     28 st/s
    done(50): success=2 t_flicker=48
Ep 21850 | score   59.99 | avg100   70.60 | grasp100   6.0% | best 0.385 |     28 st/s
    done(50): success=4 t_flicker=37 t_touched=8 t_no_reach=1
Ep 21900 | score  207.83 | avg100   72.30 | grasp100  10.0% | best 0.385 |     28 st/s
    done(50): success=6 t_flicker=42 t_touched=2
Ep 21950 | score  221.72 | avg100   89.08 | grasp100  18.0% | best 0.385 |     28 st/s
    done(50): success=12 t_flicker=38
Ep 22000 | score   33.84 | avg100   92.75 | grasp100  22.0% | best 0.385 |     28 st/s
    done(50): success=10 t_flicker=38 t_touched=2
Ep 22050 | score  195.74 | avg100   89.81 | grasp100  22.0% | best 0.385 |     28 st/s
    done(50): success=12 t_flicker=35 t_touched=2 t_no_reach=1
Ep 22100 | score   56.43 | avg100   91.94 | grasp100  23.0% | best 0.385 |     28 st/s
    done(50): success=11 t_flicker=38 t_touched=1
Ep 22150 | score  239.94 | avg100  101.28 | grasp100  27.0% | best 0.385 |     28 st/s
    done(50): success=16 t_flicker=34
Ep 22200 | score  202.76 | avg100  109.26 | grasp100  32.0% | best 0.385 |     28 st/s
    done(50): success=16 t_flicker=32 t_touched=2
Ep 22250 | score   36.45 | avg100  103.70 | grasp100  29.0% | best 0.385 |     28 st/s
    done(50): success=13 t_flicker=35 t_touched=2
Ep 22300 | score  206.27 | avg100  111.43 | grasp100  35.0% | best 0.385 |     28 st/s
    done(50): success=22 t_flicker=25 t_touched=3
Ep 22350 | score   86.79 | avg100  111.00 | grasp100  36.0% | best 0.385 |     28 st/s
    done(50): success=14 t_flicker=34 t_touched=2
Ep 22400 | score   56.19 | avg100  109.12 | grasp100  33.0% | best 0.385 |     28 st/s
    done(50): success=19 t_flicker=31
Ep 22450 | score   55.37 | avg100  116.73 | grasp100  38.0% | best 0.385 |     28 st/s
    done(50): success=19 t_flicker=30 t_touched=1
Ep 22500 | score  208.23 | avg100  111.91 | grasp100  35.0% | best 0.385 |     28 st/s
    done(50): success=16 t_flicker=33 t_touched=1
Ep 22550 | score  190.15 | avg100  111.67 | grasp100  34.0% | best 0.385 |     28 st/s
    done(50): success=18 t_flicker=30 t_touched=2
Ep 22600 | score   59.89 | avg100  108.29 | grasp100  32.0% | best 0.385 |     28 st/s
    done(50): success=14 t_flicker=36
Ep 22650 | score   -3.32 | avg100  100.39 | grasp100  28.0% | best 0.385 |     28 st/s
    done(50): success=14 t_flicker=33 t_touched=3
Ep 22700 | score  181.60 | avg100  109.67 | grasp100  34.0% | best 0.385 |     28 st/s
    done(50): success=20 t_flicker=29 t_touched=1
Ep 22750 | score   57.06 | avg100  109.76 | grasp100  33.0% | best 0.385 |     28 st/s
    done(50): success=13 t_flicker=36 t_touched=1
Ep 22800 | score   54.94 | avg100  109.78 | grasp100  31.0% | best 0.385 |     28 st/s
    done(50): success=18 t_flicker=31 t_touched=1
Ep 22850 | score   53.86 | avg100  120.31 | grasp100  39.0% | best 0.385 |     28 st/s
    done(50): success=21 t_flicker=28 t_touched=1
Ep 22900 | score  196.92 | avg100  108.76 | grasp100  34.0% | best 0.385 |     28 st/s
    done(50): success=13 t_flicker=34 t_touched=2 t_no_reach=1
Ep 22950 | score   58.23 | avg100  105.82 | grasp100  31.0% | best 0.385 |     28 st/s
    done(50): success=18 t_flicker=31 t_touched=1
Ep 23000 | score   56.24 | avg100  110.13 | grasp100  33.0% | best 0.385 |     28 st/s
    done(50): success=15 t_flicker=33 t_touched=1 t_no_reach=1
Ep 23050 | score   58.05 | avg100  102.04 | grasp100  29.0% | best 0.385 |     28 st/s
    done(50): success=14 t_flicker=33 t_touched=3
Ep 23100 | score  101.42 | avg100  113.24 | grasp100  37.0% | best 0.385 |     28 st/s
    done(50): success=23 t_flicker=25 t_touched=1 t_no_reach=1
Ep 23150 | score  209.07 | avg100  117.87 | grasp100  38.0% | best 0.385 |     28 st/s
    done(50): success=15 t_flicker=33 t_touched=2
Ep 23200 | score  204.12 | avg100  107.28 | grasp100  29.0% | best 0.385 |     28 st/s
    done(50): success=14 t_flicker=36
Ep 23250 | score   59.59 | avg100  105.11 | grasp100  29.0% | best 0.385 |     28 st/s
    done(50): success=15 t_flicker=35
  [primacy-bias reset of critic heads @ 325000 updates]
Ep 23300 | score   59.00 | avg100   98.83 | grasp100  25.0% | best 0.385 |     28 st/s
    done(50): success=10 t_flicker=40
Ep 23350 | score   57.27 | avg100   67.60 | grasp100  13.0% | best 0.385 |     28 st/s
    done(50): success=3 t_flicker=31 t_touched=7 t_no_reach=9
Ep 23400 | score   56.51 | avg100   40.77 | grasp100   3.0% | best 0.385 |     28 st/s
    done(50): t_flicker=34 t_touched=11 t_no_reach=5
Ep 23450 | score   57.67 | avg100   43.04 | grasp100   0.0% | best 0.385 |     28 st/s
    done(50): t_flicker=37 t_touched=7 t_no_reach=6
Ep 23500 | score   56.57 | avg100   53.70 | grasp100   0.0% | best 0.385 |     28 st/s
    done(50): t_flicker=46 t_touched=3 t_no_reach=1
Ep 23550 | score   49.33 | avg100   61.51 | grasp100   0.0% | best 0.385 |     28 st/s
    done(50): t_flicker=46 t_touched=4
Ep 23600 | score  104.87 | avg100   64.72 | grasp100   1.0% | best 0.385 |     28 st/s
    done(50): success=1 t_flicker=45 t_touched=4
Ep 23650 | score  146.46 | avg100   73.60 | grasp100   4.0% | best 0.385 |     28 st/s
    done(50): success=3 t_flicker=45 t_touched=2
Ep 23700 | score   59.27 | avg100   70.91 | grasp100   5.0% | best 0.385 |     28 st/s
    done(50): success=2 t_flicker=44 t_touched=3 t_no_reach=1
Ep 23750 | score   59.00 | avg100   70.76 | grasp100   8.0% | best 0.385 |     28 st/s
    done(50): success=6 t_flicker=42 t_touched=2
Ep 23800 | score   56.69 | avg100   86.42 | grasp100  18.0% | best 0.385 |     28 st/s
    done(50): success=12 t_flicker=38
Ep 23850 | score   54.96 | avg100   92.92 | grasp100  22.0% | best 0.385 |     28 st/s
    done(50): success=10 t_flicker=39 t_touched=1
Ep 23900 | score   63.03 | avg100   94.15 | grasp100  22.0% | best 0.385 |     28 st/s
    done(50): success=12 t_flicker=37 t_no_reach=1
Ep 23950 | score   57.10 | avg100   96.75 | grasp100  23.0% | best 0.385 |     28 st/s
    done(50): success=11 t_flicker=39
Ep 24000 | score  233.17 | avg100   94.64 | grasp100  21.0% | best 0.385 |     28 st/s
    done(50): success=10 t_flicker=39 t_no_reach=1
Ep 24050 | score   55.06 | avg100   90.84 | grasp100  18.0% | best 0.385 |     28 st/s
    done(50): success=8 t_flicker=42
Ep 24100 | score  204.11 | avg100   93.19 | grasp100  20.0% | best 0.385 |     28 st/s
    done(50): success=12 t_flicker=37 t_touched=1
Ep 24150 | score   59.36 | avg100  105.13 | grasp100  31.0% | best 0.385 |     28 st/s
    done(50): success=19 t_flicker=29 t_touched=2
Ep 24200 | score  201.33 | avg100  113.98 | grasp100  37.0% | best 0.385 |     28 st/s
    done(50): success=18 t_flicker=31 t_touched=1
Ep 24250 | score   59.76 | avg100  111.30 | grasp100  34.0% | best 0.385 |     28 st/s
    done(50): success=16 t_flicker=33 t_touched=1
Ep 24300 | score   -5.94 | avg100   99.05 | grasp100  28.0% | best 0.385 |     28 st/s
    done(50): success=12 t_flicker=36 t_touched=1 t_no_reach=1
Ep 24350 | score   56.82 | avg100   95.57 | grasp100  26.0% | best 0.385 |     28 st/s
    done(50): success=14 t_flicker=36
Ep 24400 | score   56.13 | avg100  115.65 | grasp100  38.0% | best 0.385 |     28 st/s
    done(50): success=24 t_flicker=26
Ep 24450 | score   56.11 | avg100  115.22 | grasp100  36.0% | best 0.385 |     28 st/s
    done(50): success=12 t_flicker=37 t_touched=1
Ep 24500 | score  131.10 | avg100  105.02 | grasp100  27.0% | best 0.385 |     28 st/s
    done(50): success=15 t_flicker=35
Ep 24550 | score  220.30 | avg100  104.34 | grasp100  27.0% | best 0.385 |     28 st/s
    done(50): success=12 t_flicker=37 t_touched=1
Ep 24600 | score  101.95 | avg100  114.96 | grasp100  35.0% | best 0.385 |     28 st/s
    done(50): success=23 t_flicker=27
Ep 24650 | score  193.54 | avg100  128.55 | grasp100  43.0% | best 0.385 |     28 st/s
    done(50): success=20 t_flicker=30
Ep 24700 | score  105.10 | avg100  119.27 | grasp100  38.0% | best 0.385 |     28 st/s
    done(50): success=18 t_flicker=31 t_touched=1
Ep 24750 | score   55.57 | avg100  107.75 | grasp100  30.0% | best 0.385 |     28 st/s
    done(50): success=12 t_flicker=37 t_touched=1
Ep 24800 | score   57.93 | avg100   98.14 | grasp100  24.0% | best 0.385 |     28 st/s
    done(50): success=12 t_flicker=36 t_touched=2
Ep 24850 | score   26.54 | avg100  100.59 | grasp100  25.0% | best 0.385 |     28 st/s
    done(50): success=13 t_flicker=35 t_touched=2
Ep 24900 | score   54.97 | avg100  111.72 | grasp100  31.0% | best 0.385 |     28 st/s
    done(50): success=18 t_flicker=31 t_touched=1
Ep 24950 | score   53.97 | avg100  113.88 | grasp100  36.0% | best 0.385 |     28 st/s
    done(50): success=18 t_flicker=32
Ep 25000 | score  216.25 | avg100  116.61 | grasp100  37.0% | best 0.385 |     28 st/s
    done(50): success=19 t_flicker=30 t_touched=1
Ep 25050 | score   57.53 | avg100  115.04 | grasp100  34.0% | best 0.385 |     28 st/s
    done(50): success=15 t_flicker=34 t_touched=1
Ep 25100 | score  202.72 | avg100  111.34 | grasp100  33.0% | best 0.385 |     28 st/s
    done(50): success=18 t_flicker=30 t_touched=1 t_no_reach=1
Ep 25150 | score   56.34 | avg100  113.75 | grasp100  35.0% | best 0.385 |     28 st/s
    done(50): success=17 t_flicker=32 t_touched=1
Ep 25200 | score   23.14 | avg100  110.39 | grasp100  34.0% | best 0.385 |     28 st/s
    done(50): success=17 t_flicker=31 t_touched=2
  [primacy-bias reset of critic heads @ 350000 updates]
Ep 25250 | score   57.21 | avg100   90.71 | grasp100  24.0% | best 0.385 |     28 st/s
    done(50): success=7 t_flicker=37 t_touched=6
Ep 25300 | score   28.42 | avg100   49.68 | grasp100   7.0% | best 0.385 |     28 st/s
    done(50): t_flicker=28 t_touched=17 t_no_reach=5
Ep 25350 | score   92.61 | avg100   40.54 | grasp100   0.0% | best 0.385 |     28 st/s
    done(50): t_flicker=39 t_touched=7 t_no_reach=4
Ep 25400 | score   55.64 | avg100   56.45 | grasp100   0.0% | best 0.385 |     28 st/s
    done(50): t_flicker=44 t_touched=4 t_no_reach=2
Ep 25450 | score   56.81 | avg100   56.65 | grasp100   0.0% | best 0.385 |     28 st/s
    done(50): t_flicker=45 t_touched=5
Ep 25500 | score   91.62 | avg100   56.30 | grasp100   0.0% | best 0.385 |     28 st/s
    done(50): t_flicker=43 t_touched=5 t_no_reach=2
Ep 25550 | score   55.20 | avg100   66.17 | grasp100   4.0% | best 0.385 |     28 st/s
    done(50): success=4 t_flicker=44 t_touched=1 t_no_reach=1
Ep 25600 | score   62.27 | avg100   76.17 | grasp100  10.0% | best 0.385 |     28 st/s
    done(50): success=6 t_flicker=39 t_touched=4 t_no_reach=1
Ep 25650 | score   57.08 | avg100   81.40 | grasp100  15.0% | best 0.385 |     28 st/s
    done(50): success=9 t_flicker=37 t_touched=3 t_no_reach=1
Ep 25700 | score   58.27 | avg100   85.12 | grasp100  17.0% | best 0.385 |     28 st/s
    done(50): success=8 t_flicker=42
Ep 25750 | score   55.23 | avg100   87.21 | grasp100  18.0% | best 0.385 |     28 st/s
    done(50): success=10 t_flicker=40
Ep 25800 | score   61.35 | avg100   95.26 | grasp100  23.0% | best 0.385 |     28 st/s
    done(50): success=13 t_flicker=37
Ep 25850 | score  182.76 | avg100  101.00 | grasp100  26.0% | best 0.385 |     28 st/s
    done(50): success=13 t_flicker=37
Ep 25900 | score  200.88 | avg100  105.76 | grasp100  30.0% | best 0.385 |     28 st/s
    done(50): success=17 t_flicker=33
Ep 25950 | score  170.62 | avg100  101.19 | grasp100  29.0% | best 0.385 |     28 st/s
    done(50): success=12 t_flicker=35 t_touched=3
Ep 26000 | score   30.51 | avg100   88.65 | grasp100  21.0% | best 0.385 |     28 st/s
    done(50): success=9 t_flicker=40 t_touched=1
Ep 26050 | score   55.64 | avg100   92.58 | grasp100  21.0% | best 0.385 |     28 st/s
    done(50): success=12 t_flicker=38
Ep 26100 | score   56.55 | avg100  103.71 | grasp100  28.0% | best 0.385 |     28 st/s
    done(50): success=16 t_flicker=33 t_touched=1
Ep 26150 | score   60.78 | avg100  101.07 | grasp100  27.0% | best 0.385 |     28 st/s
    done(50): success=11 t_flicker=37 t_no_reach=2
Ep 26200 | score  201.09 | avg100  106.30 | grasp100  28.0% | best 0.385 |     28 st/s
    done(50): success=17 t_flicker=33
Ep 26250 | score  197.93 | avg100  117.67 | grasp100  36.0% | best 0.385 |     28 st/s
    done(50): success=19 t_flicker=30 t_touched=1
Ep 26300 | score   72.75 | avg100  110.73 | grasp100  34.0% | best 0.385 |     28 st/s
    done(50): success=15 t_flicker=34 t_no_reach=1
Ep 26350 | score  199.34 | avg100  101.32 | grasp100  27.0% | best 0.385 |     28 st/s
    done(50): success=12 t_flicker=38
Ep 26400 | score  197.25 | avg100  110.13 | grasp100  34.0% | best 0.385 |     28 st/s
    done(50): success=22 t_flicker=26 t_touched=2
Ep 26450 | score  215.68 | avg100  115.53 | grasp100  39.0% | best 0.385 |     28 st/s
    done(50): success=17 t_flicker=32 t_no_reach=1
Ep 26500 | score  208.72 | avg100  111.29 | grasp100  34.0% | best 0.385 |     28 st/s
    done(50): success=17 t_flicker=32 t_touched=1
Ep 26550 | score   54.97 | avg100  106.97 | grasp100  31.0% | best 0.385 |     28 st/s
    done(50): success=14 t_flicker=35 t_touched=1
Ep 26600 | score   54.76 | avg100  106.88 | grasp100  32.0% | best 0.385 |     28 st/s
    done(50): success=18 t_flicker=31 t_touched=1
Ep 26650 | score   56.95 | avg100  109.66 | grasp100  34.0% | best 0.385 |     28 st/s
    done(50): success=16 t_flicker=33 t_touched=1
Ep 26700 | score   86.54 | avg100  105.11 | grasp100  30.0% | best 0.385 |     28 st/s
    done(50): success=14 t_flicker=36
Ep 26750 | score  207.59 | avg100  101.63 | grasp100  27.0% | best 0.385 |     28 st/s
    done(50): success=13 t_flicker=36 t_touched=1
Ep 26800 | score   56.77 | avg100  105.39 | grasp100  31.0% | best 0.385 |     28 st/s
    done(50): success=18 t_flicker=32
Ep 26850 | score   57.87 | avg100  104.51 | grasp100  32.0% | best 0.385 |     28 st/s
    done(50): success=14 t_flicker=34 t_touched=2
Ep 26900 | score   54.83 | avg100   98.96 | grasp100  27.0% | best 0.385 |     28 st/s
    done(50): success=13 t_flicker=36 t_no_reach=1
Ep 26950 | score  153.87 | avg100  101.69 | grasp100  29.0% | best 0.385 |     28 st/s
    done(50): success=16 t_flicker=31 t_touched=2 t_no_reach=1
Ep 27000 | score   57.55 | avg100  103.98 | grasp100  31.0% | best 0.385 |     28 st/s
    done(50): success=15 t_flicker=33 t_touched=2
Ep 27050 | score   60.61 | avg100  112.07 | grasp100  35.0% | best 0.385 |     28 st/s
    done(50): success=20 t_flicker=29 t_touched=1
Ep 27100 | score  210.53 | avg100  121.18 | grasp100  40.0% | best 0.385 |     28 st/s
    done(50): success=20 t_flicker=30
Ep 27150 | score  199.49 | avg100  116.62 | grasp100  36.0% | best 0.385 |     28 st/s
    done(50): success=16 t_flicker=33 t_touched=1
  [primacy-bias reset of critic heads @ 375000 updates]
Ep 27200 | score    0.30 | avg100   78.83 | grasp100  21.0% | best 0.385 |     28 st/s
    done(50): success=5 t_flicker=25 t_touched=13 t_no_reach=7
Ep 27250 | score   37.66 | avg100   33.80 | grasp100   5.0% | best 0.385 |     28 st/s
    done(50): t_flicker=19 t_touched=20 t_no_reach=11
Ep 27300 | score   62.76 | avg100   35.32 | grasp100   0.0% | best 0.385 |     28 st/s
    done(50): t_flicker=40 t_touched=6 t_no_reach=4
Ep 27350 | score   86.37 | avg100   54.43 | grasp100   1.0% | best 0.385 |     28 st/s
    done(50): success=1 t_flicker=43 t_touched=4 t_no_reach=2
Ep 27400 | score   90.74 | avg100   64.08 | grasp100   2.0% | best 0.385 |     28 st/s
    done(50): success=1 t_flicker=45 t_touched=3 t_no_reach=1
Ep 27450 | score   58.04 | avg100   73.23 | grasp100   6.0% | best 0.385 |     28 st/s
    done(50): success=5 t_flicker=42 t_touched=3
Ep 27500 | score   55.17 | avg100   72.43 | grasp100   8.0% | best 0.385 |     28 st/s
    done(50): success=3 t_flicker=44 t_touched=3
Ep 27550 | score   55.31 | avg100   70.00 | grasp100   7.0% | best 0.385 |     28 st/s
    done(50): success=4 t_flicker=45 t_touched=1
Ep 27600 | score   57.05 | avg100   77.26 | grasp100  11.0% | best 0.385 |     28 st/s
    done(50): success=7 t_flicker=41 t_touched=2
Ep 27650 | score  128.79 | avg100   95.37 | grasp100  22.0% | best 0.385 |     28 st/s
    done(50): success=15 t_flicker=35
Ep 27700 | score   39.06 | avg100  102.85 | grasp100  28.0% | best 0.385 |     28 st/s
    done(50): success=13 t_flicker=36 t_touched=1
Ep 27750 | score   58.65 | avg100  100.41 | grasp100  28.0% | best 0.385 |     28 st/s
    done(50): success=15 t_flicker=35
Ep 27800 | score  204.70 | avg100  103.15 | grasp100  28.0% | best 0.385 |     28 st/s
    done(50): success=13 t_flicker=36 t_touched=1
Ep 27850 | score  185.91 | avg100  102.91 | grasp100  29.0% | best 0.385 |     28 st/s
    done(50): success=16 t_flicker=34
Ep 27900 | score   79.90 | avg100  102.55 | grasp100  30.0% | best 0.385 |     28 st/s
    done(50): success=14 t_flicker=32 t_touched=3 t_no_reach=1
Ep 27950 | score  210.34 | avg100   98.72 | grasp100  24.0% | best 0.385 |     28 st/s
    done(50): success=10 t_flicker=39 t_touched=1
Ep 28000 | score   84.82 | avg100   97.01 | grasp100  23.0% | best 0.385 |     28 st/s
    done(50): success=13 t_flicker=35 t_touched=1 t_no_reach=1
Ep 28050 | score   60.41 | avg100  102.61 | grasp100  27.0% | best 0.385 |     28 st/s
    done(50): success=14 t_flicker=36
Ep 28100 | score  251.17 | avg100  110.46 | grasp100  33.0% | best 0.385 |     28 st/s
    done(50): success=19 t_flicker=29 t_touched=2
Ep 28150 | score  224.63 | avg100  111.06 | grasp100  34.0% | best 0.385 |     28 st/s
    done(50): success=15 t_flicker=35
Ep 28200 | score   61.19 | avg100  105.45 | grasp100  30.0% | best 0.385 |     28 st/s
    done(50): success=15 t_flicker=33 t_touched=2
Ep 28250 | score  198.56 | avg100  109.83 | grasp100  32.0% | best 0.385 |     28 st/s
    done(50): success=17 t_flicker=33
Ep 28300 | score  117.78 | avg100  113.47 | grasp100  31.0% | best 0.385 |     28 st/s
    done(50): success=14 t_flicker=36
Ep 28350 | score   56.90 | avg100  100.39 | grasp100  23.0% | best 0.385 |     28 st/s
    done(50): success=9 t_flicker=41
Ep 28400 | score   54.15 | avg100  104.38 | grasp100  30.0% | best 0.385 |     28 st/s
    done(50): success=21 t_flicker=28 t_touched=1
Ep 28450 | score   87.35 | avg100  106.56 | grasp100  33.0% | best 0.385 |     28 st/s
    done(50): success=12 t_flicker=38
Ep 28500 | score   55.57 | avg100   98.18 | grasp100  24.0% | best 0.385 |     28 st/s
    done(50): success=12 t_flicker=37 t_touched=1
Ep 28550 | score   61.58 | avg100  102.93 | grasp100  26.0% | best 0.385 |     28 st/s
    done(50): success=14 t_flicker=33 t_touched=3
Ep 28600 | score   54.88 | avg100  101.99 | grasp100  27.0% | best 0.385 |     28 st/s
    done(50): success=13 t_flicker=35 t_touched=2
Ep 28650 | score   56.06 | avg100  109.63 | grasp100  31.0% | best 0.385 |     28 st/s
    done(50): success=18 t_flicker=32
Ep 28700 | score   99.79 | avg100  110.23 | grasp100  29.0% | best 0.385 |     28 st/s
    done(50): success=11 t_flicker=37 t_touched=2
Ep 28750 | score  197.04 | avg100  103.00 | grasp100  25.0% | best 0.385 |     28 st/s
    done(50): success=14 t_flicker=35 t_touched=1
Ep 28800 | score   67.05 | avg100  108.32 | grasp100  31.0% | best 0.385 |     28 st/s
    done(50): success=17 t_flicker=32 t_touched=1
Ep 28850 | score   55.78 | avg100  106.33 | grasp100  31.0% | best 0.385 |     28 st/s
    done(50): success=14 t_flicker=36
Ep 28900 | score  206.37 | avg100  114.73 | grasp100  36.0% | best 0.385 |     28 st/s
    done(50): success=22 t_flicker=27 t_touched=1
Ep 28950 | score  209.96 | avg100  110.64 | grasp100  34.0% | best 0.385 |     28 st/s
    done(50): success=12 t_flicker=36 t_touched=2
Ep 29000 | score   56.48 | avg100   97.23 | grasp100  25.0% | best 0.385 |     28 st/s
    done(50): success=13 t_flicker=36 t_no_reach=1
  [primacy-bias reset of critic heads @ 400000 updates]
Ep 29050 | score   71.98 | avg100  107.17 | grasp100  31.0% | best 0.385 |     28 st/s
    done(50): success=18 t_flicker=31 t_touched=1
Ep 29100 | score    9.25 | avg100   68.13 | grasp100  19.0% | best 0.385 |     28 st/s
    done(50): success=1 t_flicker=19 t_touched=14 t_no_reach=16
Ep 29150 | score   56.47 | avg100   23.81 | grasp100   1.0% | best 0.385 |     28 st/s
    done(50): t_flicker=24 t_touched=13 t_no_reach=13
Ep 29200 | score   54.67 | avg100   41.83 | grasp100   2.0% | best 0.385 |     28 st/s
    done(50): success=2 t_flicker=41 t_touched=4 t_no_reach=3
Ep 29250 | score   80.96 | avg100   70.71 | grasp100   9.0% | best 0.385 |     28 st/s
    done(50): success=7 t_flicker=40 t_touched=3
Ep 29300 | score  199.96 | avg100   75.69 | grasp100   9.0% | best 0.385 |     28 st/s
    done(50): success=2 t_flicker=44 t_touched=4
Ep 29350 | score   22.95 | avg100   65.62 | grasp100   5.0% | best 0.385 |     28 st/s
    done(50): success=3 t_flicker=41 t_touched=2 t_no_reach=4
Ep 29400 | score   55.74 | avg100   69.01 | grasp100   8.0% | best 0.385 |     28 st/s
    done(50): success=5 t_flicker=42 t_touched=2 t_no_reach=1
Ep 29450 | score   65.41 | avg100   79.57 | grasp100  11.0% | best 0.385 |     28 st/s
    done(50): success=6 t_flicker=43 t_touched=1
Ep 29500 | score   53.29 | avg100   82.95 | grasp100  13.0% | best 0.385 |     28 st/s
    done(50): success=7 t_flicker=42 t_touched=1
Ep 29550 | score   55.79 | avg100   82.49 | grasp100  14.0% | best 0.385 |     28 st/s
    done(50): success=7 t_flicker=43
Ep 29600 | score   56.96 | avg100   89.22 | grasp100  18.0% | best 0.385 |     28 st/s
    done(50): success=11 t_flicker=38 t_no_reach=1
Ep 29650 | score   56.06 | avg100   92.65 | grasp100  20.0% | best 0.385 |     28 st/s
    done(50): success=9 t_flicker=41
Ep 29700 | score   73.07 | avg100   95.08 | grasp100  23.0% | best 0.385 |     28 st/s
    done(50): success=14 t_flicker=35 t_touched=1
Ep 29750 | score   59.86 | avg100  108.09 | grasp100  33.0% | best 0.385 |     28 st/s
    done(50): success=19 t_flicker=31
Ep 29800 | score  204.52 | avg100  112.53 | grasp100  36.0% | best 0.385 |     28 st/s
    done(50): success=17 t_flicker=31 t_touched=1 t_no_reach=1
Ep 29850 | score   54.60 | avg100  103.28 | grasp100  30.0% | best 0.385 |     28 st/s
    done(50): success=13 t_flicker=34 t_no_reach=3
Ep 29900 | score   53.74 | avg100   91.37 | grasp100  21.0% | best 0.385 |     28 st/s
    done(50): success=8 t_flicker=41 t_touched=1
Ep 29950 | score  177.86 | avg100   92.29 | grasp100  21.0% | best 0.385 |     28 st/s
    done(50): success=13 t_flicker=34 t_touched=3
Ep 30000 | score  203.96 | avg100  105.36 | grasp100  31.0% | best 0.385 |     28 st/s
    done(50): success=18 t_flicker=31 t_touched=1
Ep 30050 | score   59.32 | avg100  109.40 | grasp100  34.0% | best 0.385 |     28 st/s
    done(50): success=16 t_flicker=32 t_touched=2
Ep 30100 | score   94.64 | avg100  109.33 | grasp100  33.0% | best 0.385 |     28 st/s
    done(50): success=17 t_flicker=33
Ep 30150 | score   58.03 | avg100  104.01 | grasp100  29.0% | best 0.385 |     28 st/s
    done(50): success=12 t_flicker=37 t_touched=1
Ep 30200 | score   75.23 | avg100  112.70 | grasp100  34.0% | best 0.385 |     28 st/s
    done(50): success=22 t_flicker=28
Ep 30250 | score   55.90 | avg100  109.33 | grasp100  31.0% | best 0.385 |     28 st/s
    done(50): success=9 t_flicker=39 t_touched=1 t_no_reach=1
Ep 30300 | score  193.01 | avg100  108.01 | grasp100  32.0% | best 0.385 |     28 st/s
    done(50): success=23 t_flicker=27
Ep 30350 | score   58.95 | avg100  113.53 | grasp100  37.0% | best 0.385 |     28 st/s
    done(50): success=14 t_flicker=36
Ep 30400 | score  134.23 | avg100  109.65 | grasp100  33.0% | best 0.385 |     28 st/s
    done(50): success=19 t_flicker=29 t_touched=2
Ep 30450 | score   55.98 | avg100  124.09 | grasp100  42.0% | best 0.385 |     28 st/s
    done(50): success=23 t_flicker=25 t_touched=2
Ep 30454 | * BEST  level200=2.00 grasp200= 40.0% metric=0.400 | score  204.55
Ep 30485 | * BEST  level200=2.00 grasp200= 41.5% metric=0.415 | score  196.84
Ep 30500 | score  236.71 | avg100  127.99 | grasp100  45.0% | best 0.415 |     28 st/s
    done(50): success=22 t_flicker=27 t_touched=1
Ep 30550 | score   56.90 | avg100  123.38 | grasp100  42.0% | best 0.415 |     28 st/s
    done(50): success=20 t_flicker=29 t_touched=1
Ep 30593 | * BEST  level200=2.00 grasp200= 43.0% metric=0.430 | score  206.58
Ep 30600 | score   76.80 | avg100  122.48 | grasp100  41.0% | best 0.430 |     28 st/s
    done(50): success=21 t_flicker=29
Ep 30650 | score   57.08 | avg100  125.32 | grasp100  41.0% | best 0.430 |     28 st/s
    done(50): success=20 t_flicker=29 t_touched=1
Ep 30700 | score   68.44 | avg100  124.31 | grasp100  41.0% | best 0.430 |     28 st/s
    done(50): success=21 t_flicker=28 t_touched=1
Ep 30736 | * BEST  level200=2.00 grasp200= 44.5% metric=0.445 | score  208.66
Ep 30750 | score  239.87 | avg100  123.67 | grasp100  43.0% | best 0.445 |     28 st/s
    done(50): success=22 t_flicker=26 t_touched=2
Ep 30800 | score   62.29 | avg100  121.07 | grasp100  43.0% | best 0.445 |     28 st/s
    done(50): success=21 t_flicker=28 t_touched=1
Ep 30850 | score   54.26 | avg100  110.38 | grasp100  34.0% | best 0.445 |     28 st/s
    done(50): success=13 t_flicker=36 t_touched=1
Ep 30900 | score  185.21 | avg100  108.77 | grasp100  31.0% | best 0.445 |     28 st/s
    done(50): success=18 t_flicker=32
Ep 30950 | score  198.21 | avg100  118.71 | grasp100  38.0% | best 0.445 |     28 st/s
    done(50): success=20 t_flicker=30
  [primacy-bias reset of critic heads @ 425000 updates]
Ep 31000 | score  -13.64 | avg100  108.09 | grasp100  35.0% | best 0.445 |     28 st/s
    done(50): success=15 t_flicker=29 t_touched=3 t_no_reach=3
Ep 31050 | score   20.53 | avg100   53.23 | grasp100  15.0% | best 0.445 |     28 st/s
    done(50): t_flicker=13 t_touched=21 t_no_reach=16
Ep 31100 | score   56.46 | avg100   28.05 | grasp100   2.0% | best 0.445 |     28 st/s
    done(50): success=2 t_flicker=30 t_touched=11 t_no_reach=7
Ep 31150 | score   61.03 | avg100   58.15 | grasp100   8.0% | best 0.445 |     28 st/s
    done(50): success=6 t_flicker=40 t_touched=2 t_no_reach=2
Ep 31200 | score   58.07 | avg100   71.36 | grasp100  11.0% | best 0.445 |     28 st/s
    done(50): success=5 t_flicker=35 t_touched=6 t_no_reach=4
Ep 31250 | score   12.77 | avg100   76.25 | grasp100  14.0% | best 0.445 |     28 st/s
    done(50): success=9 t_flicker=36 t_touched=4 t_no_reach=1
Ep 31300 | score   56.24 | avg100   75.53 | grasp100  13.0% | best 0.445 |     28 st/s
    done(50): success=4 t_flicker=39 t_touched=5 t_no_reach=2
Ep 31350 | score   58.47 | avg100   71.47 | grasp100   9.0% | best 0.445 |     28 st/s
    done(50): success=5 t_flicker=41 t_touched=2 t_no_reach=2
Ep 31400 | score  205.75 | avg100   85.47 | grasp100  16.0% | best 0.445 |     28 st/s
    done(50): success=11 t_flicker=36 t_touched=3
Ep 31450 | score   59.68 | avg100   94.70 | grasp100  21.0% | best 0.445 |     28 st/s
    done(50): success=10 t_flicker=39 t_no_reach=1
Ep 31500 | score   57.79 | avg100   98.41 | grasp100  25.0% | best 0.445 |     28 st/s
    done(50): success=15 t_flicker=33 t_touched=2
Ep 31550 | score   15.51 | avg100   97.78 | grasp100  24.0% | best 0.445 |     28 st/s
    done(50): success=9 t_flicker=40 t_touched=1
Ep 31600 | score  211.99 | avg100   99.89 | grasp100  26.0% | best 0.445 |     28 st/s
    done(50): success=17 t_flicker=33
Ep 31650 | score   55.46 | avg100  106.03 | grasp100  31.0% | best 0.445 |     28 st/s
    done(50): success=14 t_flicker=36
Ep 31700 | score   56.61 | avg100  104.28 | grasp100  29.0% | best 0.445 |     28 st/s
    done(50): success=15 t_flicker=34 t_touched=1
Ep 31750 | score  201.63 | avg100  108.31 | grasp100  32.0% | best 0.445 |     28 st/s
    done(50): success=17 t_flicker=33
Ep 31800 | score   57.88 | avg100  107.69 | grasp100  28.0% | best 0.445 |     28 st/s
    done(50): success=11 t_flicker=39
Ep 31850 | score   22.72 | avg100  108.35 | grasp100  28.0% | best 0.445 |     28 st/s
    done(50): success=17 t_flicker=31 t_touched=2
Ep 31900 | score  206.19 | avg100  112.67 | grasp100  34.0% | best 0.445 |     28 st/s
    done(50): success=17 t_flicker=33
Ep 31950 | score   55.44 | avg100  108.91 | grasp100  31.0% | best 0.445 |     28 st/s
    done(50): success=14 t_flicker=35 t_touched=1
Ep 32000 | score  196.88 | avg100  114.08 | grasp100  33.0% | best 0.445 |     28 st/s
    done(50): success=19 t_flicker=29 t_touched=2
Ep 32050 | score   54.21 | avg100  121.60 | grasp100  39.0% | best 0.445 |     28 st/s
    done(50): success=20 t_flicker=30
Ep 32100 | score   57.60 | avg100  113.23 | grasp100  36.0% | best 0.445 |     28 st/s
    done(50): success=16 t_flicker=33 t_touched=1
Ep 32150 | score   60.18 | avg100  107.13 | grasp100  33.0% | best 0.445 |     28 st/s
    done(50): success=17 t_flicker=32 t_no_reach=1
Ep 32200 | score  192.62 | avg100  115.80 | grasp100  38.0% | best 0.445 |     28 st/s
    done(50): success=21 t_flicker=29
Ep 32250 | score   88.36 | avg100  116.11 | grasp100  36.0% | best 0.445 |     28 st/s
    done(50): success=15 t_flicker=35
Ep 32300 | score  184.42 | avg100  112.24 | grasp100  32.0% | best 0.445 |     28 st/s
    done(50): success=17 t_flicker=33
Ep 32350 | score   55.50 | avg100  112.97 | grasp100  33.0% | best 0.445 |     28 st/s
    done(50): success=16 t_flicker=33 t_touched=1
Ep 32400 | score   73.55 | avg100  113.84 | grasp100  35.0% | best 0.445 |     28 st/s
    done(50): success=19 t_flicker=30 t_touched=1
Ep 32450 | score  201.54 | avg100  117.81 | grasp100  38.0% | best 0.445 |     28 st/s
    done(50): success=19 t_flicker=30 t_touched=1
Ep 32500 | score   69.31 | avg100  117.40 | grasp100  37.0% | best 0.445 |     28 st/s
    done(50): success=18 t_flicker=32
Ep 32550 | score  201.96 | avg100  116.20 | grasp100  37.0% | best 0.445 |     28 st/s
    done(50): success=19 t_flicker=29 t_touched=1 t_no_reach=1
Ep 32600 | score   93.32 | avg100  120.14 | grasp100  40.0% | best 0.445 |     28 st/s
    done(50): success=21 t_flicker=28 t_touched=1
Ep 32650 | score   66.10 | avg100  123.13 | grasp100  42.0% | best 0.445 |     28 st/s
    done(50): success=21 t_flicker=28 t_touched=1
Ep 32700 | score   61.98 | avg100  118.74 | grasp100  38.0% | best 0.445 |     28 st/s
    done(50): success=17 t_flicker=32 t_touched=1
Ep 32750 | score   55.74 | avg100  109.50 | grasp100  32.0% | best 0.445 |     28 st/s
    done(50): success=15 t_flicker=34 t_touched=1
Ep 32800 | score   44.69 | avg100  111.09 | grasp100  34.0% | best 0.445 |     28 st/s
    done(50): success=19 t_flicker=31
Ep 32850 | score  161.67 | avg100  112.54 | grasp100  34.0% | best 0.445 |     28 st/s
    done(50): success=15 t_flicker=35
Ep 32900 | score   93.15 | avg100  106.28 | grasp100  29.0% | best 0.445 |     28 st/s
    done(50): success=14 t_flicker=36
  [primacy-bias reset of critic heads @ 450000 updates]
Ep 32950 | score   52.56 | avg100  111.55 | grasp100  34.0% | best 0.445 |     28 st/s
    done(50): success=20 t_flicker=29 t_no_reach=1
Ep 33000 | score   -4.91 | avg100   68.26 | grasp100  21.0% | best 0.445 |     28 st/s
    done(50): success=1 t_flicker=11 t_touched=17 t_no_reach=21
Ep 33050 | score   54.90 | avg100   29.91 | grasp100   2.0% | best 0.445 |     28 st/s
    done(50): success=1 t_flicker=30 t_touched=11 t_no_reach=8
Ep 33100 | score   42.26 | avg100   52.40 | grasp100   3.0% | best 0.445 |     28 st/s
    done(50): success=2 t_flicker=42 t_touched=4 t_no_reach=2
Ep 33150 | score   55.53 | avg100   68.53 | grasp100   8.0% | best 0.445 |     28 st/s
    done(50): success=6 t_flicker=38 t_touched=5 t_no_reach=1
Ep 33200 | score   59.15 | avg100   70.85 | grasp100  10.0% | best 0.445 |     28 st/s
    done(50): success=4 t_flicker=43 t_touched=2 t_no_reach=1
Ep 33250 | score   59.08 | avg100   72.70 | grasp100   9.0% | best 0.445 |     28 st/s
    done(50): success=5 t_flicker=43 t_touched=1 t_no_reach=1
Ep 33300 | score   58.17 | avg100   72.20 | grasp100   8.0% | best 0.445 |     28 st/s
    done(50): success=3 t_flicker=44 t_touched=1 t_no_reach=2
Ep 33350 | score  196.94 | avg100   77.90 | grasp100  11.0% | best 0.445 |     28 st/s
    done(50): success=8 t_flicker=42
Ep 33400 | score   75.92 | avg100   87.33 | grasp100  17.0% | best 0.445 |     28 st/s
    done(50): success=9 t_flicker=40 t_touched=1
Ep 33450 | score  207.06 | avg100   88.14 | grasp100  19.0% | best 0.445 |     28 st/s
    done(50): success=10 t_flicker=39 t_touched=1
Ep 33500 | score  176.47 | avg100   95.53 | grasp100  25.0% | best 0.445 |     28 st/s
    done(50): success=15 t_flicker=34 t_touched=1
Ep 33550 | score   62.47 | avg100  101.22 | grasp100  29.0% | best 0.445 |     28 st/s
    done(50): success=14 t_flicker=34 t_touched=2
Ep 33600 | score   53.16 | avg100  101.81 | grasp100  26.0% | best 0.445 |     28 st/s
    done(50): success=12 t_flicker=38
Ep 33650 | score  208.22 | avg100  106.13 | grasp100  27.0% | best 0.445 |     28 st/s
    done(50): success=15 t_flicker=35
Ep 33700 | score  201.76 | avg100  109.27 | grasp100  32.0% | best 0.445 |     28 st/s
    done(50): success=17 t_flicker=31 t_touched=1 t_no_reach=1
Ep 33750 | score   56.96 | avg100  112.68 | grasp100  35.0% | best 0.445 |     28 st/s
    done(50): success=18 t_flicker=31 t_touched=1
Ep 33800 | score  123.88 | avg100  114.53 | grasp100  35.0% | best 0.445 |     28 st/s
    done(50): success=17 t_flicker=32 t_no_reach=1
Ep 33850 | score   70.76 | avg100  108.54 | grasp100  32.0% | best 0.445 |     28 st/s
    done(50): success=15 t_flicker=33 t_touched=2
Ep 33900 | score  186.63 | avg100  111.37 | grasp100  33.0% | best 0.445 |     28 st/s
    done(50): success=18 t_flicker=32
Ep 33950 | score  102.74 | avg100  114.08 | grasp100  34.0% | best 0.445 |     28 st/s
    done(50): success=16 t_flicker=34
Ep 34000 | score  179.25 | avg100  103.43 | grasp100  28.0% | best 0.445 |     28 st/s
    done(50): success=12 t_flicker=37 t_touched=1
Ep 34050 | score   68.63 | avg100   93.48 | grasp100  22.0% | best 0.445 |     28 st/s
    done(50): success=10 t_flicker=38 t_touched=1 t_no_reach=1
Ep 34100 | score   88.80 | avg100  102.82 | grasp100  27.0% | best 0.445 |     28 st/s
    done(50): success=17 t_flicker=32 t_touched=1
Ep 34150 | score  199.08 | avg100  116.11 | grasp100  34.0% | best 0.445 |     28 st/s
    done(50): success=17 t_flicker=32 t_touched=1
Ep 34200 | score   64.45 | avg100  116.06 | grasp100  35.0% | best 0.445 |     28 st/s
    done(50): success=18 t_flicker=32
Ep 34250 | score   55.84 | avg100  114.12 | grasp100  35.0% | best 0.445 |     28 st/s
    done(50): success=17 t_flicker=32 t_touched=1
Ep 34300 | score  203.14 | avg100  111.31 | grasp100  34.0% | best 0.445 |     28 st/s
    done(50): success=17 t_flicker=32 t_touched=1
Ep 34350 | score   58.21 | avg100  104.86 | grasp100  28.0% | best 0.445 |     28 st/s
    done(50): success=11 t_flicker=38 t_no_reach=1
Ep 34400 | score  248.10 | avg100  117.60 | grasp100  35.0% | best 0.445 |     28 st/s
    done(50): success=24 t_flicker=25 t_touched=1
Ep 34450 | score   56.62 | avg100  120.16 | grasp100  38.0% | best 0.445 |     28 st/s
    done(50): success=14 t_flicker=35 t_touched=1
Ep 34500 | score  205.49 | avg100  113.38 | grasp100  35.0% | best 0.445 |     28 st/s
    done(50): success=21 t_flicker=29
Ep 34550 | score  203.28 | avg100  106.13 | grasp100  31.0% | best 0.445 |     28 st/s
    done(50): success=10 t_flicker=38 t_touched=2
Ep 34600 | score   29.57 | avg100  100.32 | grasp100  27.0% | best 0.445 |     28 st/s
    done(50): success=17 t_flicker=32 t_touched=1
Ep 34650 | score  173.16 | avg100  114.26 | grasp100  34.0% | best 0.445 |     28 st/s
    done(50): success=17 t_flicker=33
Ep 34700 | score  235.25 | avg100  113.49 | grasp100  32.0% | best 0.445 |     28 st/s
    done(50): success=15 t_flicker=34 t_touched=1
Ep 34750 | score   53.52 | avg100  111.91 | grasp100  32.0% | best 0.445 |     28 st/s
    done(50): success=17 t_flicker=33
Ep 34800 | score  204.99 | avg100  117.99 | grasp100  38.0% | best 0.445 |     28 st/s
    done(50): success=21 t_flicker=28 t_touched=1
Ep 34850 | score  213.36 | avg100  114.28 | grasp100  36.0% | best 0.445 |     28 st/s
    done(50): success=15 t_flicker=33 t_touched=2
  [primacy-bias reset of critic heads @ 475000 updates]
Ep 34900 | score   88.13 | avg100  120.27 | grasp100  39.0% | best 0.445 |     28 st/s
    done(50): success=24 t_flicker=26
Ep 34950 | score  -19.15 | avg100   80.94 | grasp100  29.0% | best 0.445 |     28 st/s
    done(50): success=5 t_flicker=16 t_touched=14 t_no_reach=15
Ep 35000 | score  204.00 | avg100   37.86 | grasp100   9.0% | best 0.445 |     28 st/s
    done(50): success=4 t_flicker=27 t_touched=13 t_no_reach=6
Ep 35050 | score   60.40 | avg100   44.98 | grasp100   5.0% | best 0.445 |     28 st/s
    done(50): success=1 t_flicker=33 t_touched=12 t_no_reach=4
Ep 35100 | score  125.99 | avg100   65.01 | grasp100   9.0% | best 0.445 |     28 st/s
    done(50): success=8 t_flicker=40 t_touched=2
Ep 35150 | score   61.10 | avg100   79.65 | grasp100  12.0% | best 0.445 |     28 st/s
    done(50): success=4 t_flicker=42 t_touched=4
Ep 35200 | score   65.54 | avg100   75.60 | grasp100  11.0% | best 0.445 |     28 st/s
    done(50): success=7 t_flicker=40 t_touched=3
Ep 35250 | score   55.64 | avg100   80.35 | grasp100  15.0% | best 0.445 |     28 st/s
    done(50): success=8 t_flicker=40 t_touched=2
Ep 35300 | score   65.62 | avg100   86.06 | grasp100  18.0% | best 0.445 |     28 st/s
    done(50): success=10 t_flicker=39 t_touched=1
Ep 35350 | score  203.72 | avg100   86.14 | grasp100  17.0% | best 0.445 |     28 st/s
    done(50): success=7 t_flicker=41 t_touched=2
Ep 35400 | score   64.16 | avg100   86.34 | grasp100  17.0% | best 0.445 |     28 st/s
    done(50): success=10 t_flicker=40
Ep 35450 | score   59.92 | avg100   87.30 | grasp100  19.0% | best 0.445 |     28 st/s
    done(50): success=9 t_flicker=41
Ep 35500 | score  210.91 | avg100   92.87 | grasp100  21.0% | best 0.445 |     28 st/s
    done(50): success=12 t_flicker=35 t_touched=3
Ep 35550 | score  196.01 | avg100  106.25 | grasp100  28.0% | best 0.445 |     28 st/s
    done(50): success=16 t_flicker=32 t_touched=1 t_no_reach=1
Ep 35600 | score   40.87 | avg100  106.37 | grasp100  30.0% | best 0.445 |     28 st/s
    done(50): success=14 t_flicker=34 t_touched=2
Ep 35650 | score   88.11 | avg100  111.18 | grasp100  34.0% | best 0.445 |     28 st/s
    done(50): success=20 t_flicker=30
Ep 35700 | score   61.88 | avg100  120.61 | grasp100  39.0% | best 0.445 |     28 st/s
    done(50): success=19 t_flicker=31
Ep 35750 | score  201.56 | avg100  119.48 | grasp100  38.0% | best 0.445 |     28 st/s
    done(50): success=19 t_flicker=28 t_touched=2 t_no_reach=1
Ep 35800 | score   56.95 | avg100  114.73 | grasp100  35.0% | best 0.445 |     28 st/s
    done(50): success=16 t_flicker=34
Ep 35850 | score   90.90 | avg100  108.80 | grasp100  31.0% | best 0.445 |     28 st/s
    done(50): success=15 t_flicker=34 t_touched=1
Ep 35900 | score  184.47 | avg100  105.81 | grasp100  31.0% | best 0.445 |     28 st/s
    done(50): success=16 t_flicker=31 t_touched=2 t_no_reach=1
Ep 35950 | score   99.49 | avg100  112.10 | grasp100  35.0% | best 0.445 |     28 st/s
    done(50): success=19 t_flicker=31
Ep 36000 | score   57.50 | avg100  116.43 | grasp100  38.0% | best 0.445 |     28 st/s
    done(50): success=19 t_flicker=29 t_touched=1 t_no_reach=1
Ep 36050 | score   55.67 | avg100  117.69 | grasp100  38.0% | best 0.445 |     28 st/s
    done(50): success=19 t_flicker=30 t_touched=1
Ep 36100 | score   57.41 | avg100  115.67 | grasp100  32.0% | best 0.445 |     28 st/s
    done(50): success=13 t_flicker=37
Ep 36150 | score   57.26 | avg100  112.58 | grasp100  30.0% | best 0.445 |     28 st/s
    done(50): success=17 t_flicker=32 t_touched=1
Ep 36200 | score   55.31 | avg100  108.77 | grasp100  33.0% | best 0.445 |     28 st/s
    done(50): success=16 t_flicker=32 t_touched=2
Ep 36250 | score  146.46 | avg100  113.09 | grasp100  38.0% | best 0.445 |     28 st/s
    done(50): success=22 t_flicker=28
Ep 36300 | score  197.54 | avg100  115.87 | grasp100  38.0% | best 0.445 |     28 st/s
    done(50): success=16 t_flicker=33 t_touched=1
Ep 36350 | score  231.32 | avg100  112.45 | grasp100  35.0% | best 0.445 |     28 st/s
    done(50): success=19 t_flicker=29 t_touched=2
Ep 36400 | score   68.57 | avg100  111.84 | grasp100  33.0% | best 0.445 |     28 st/s
    done(50): success=14 t_flicker=35 t_touched=1
Ep 36450 | score  193.69 | avg100  109.69 | grasp100  31.0% | best 0.445 |     28 st/s
    done(50): success=17 t_flicker=30 t_touched=3
Ep 36500 | score   56.34 | avg100  117.21 | grasp100  39.0% | best 0.445 |     28 st/s
    done(50): success=22 t_flicker=27 t_touched=1
Ep 36550 | score   61.83 | avg100  109.16 | grasp100  35.0% | best 0.445 |     28 st/s
    done(50): success=13 t_flicker=33 t_touched=3 t_no_reach=1
Ep 36600 | score   55.08 | avg100   97.52 | grasp100  25.0% | best 0.445 |     28 st/s
    done(50): success=12 t_flicker=36 t_touched=2
Ep 36650 | score  138.54 | avg100  112.22 | grasp100  34.0% | best 0.445 |     28 st/s
    done(50): success=22 t_flicker=27 t_touched=1
Ep 36700 | score  205.93 | avg100  127.97 | grasp100  46.0% | best 0.445 |     28 st/s
    done(50): success=24 t_flicker=25 t_touched=1
Ep 36750 | score   57.76 | avg100  118.36 | grasp100  39.0% | best 0.445 |     28 st/s
    done(50): success=15 t_flicker=35
  [primacy-bias reset of critic heads @ 500000 updates]
Ep 36800 | score  -12.82 | avg100   99.53 | grasp100  27.0% | best 0.445 |     28 st/s
    done(50): success=12 t_flicker=32 t_touched=4 t_no_reach=2
Ep 36850 | score   33.63 | avg100   55.09 | grasp100  13.0% | best 0.445 |     28 st/s
    done(50): success=1 t_flicker=19 t_touched=15 t_no_reach=15
Ep 36900 | score   57.96 | avg100   27.95 | grasp100   3.0% | best 0.445 |     28 st/s
    done(50): success=2 t_flicker=27 t_touched=15 t_no_reach=6
Ep 36950 | score    6.38 | avg100   53.66 | grasp100   8.0% | best 0.445 |     28 st/s
    done(50): success=6 t_flicker=33 t_touched=6 t_no_reach=5
Ep 37000 | score  175.75 | avg100   66.22 | grasp100   9.0% | best 0.445 |     28 st/s
    done(50): success=3 t_flicker=39 t_touched=5 t_no_reach=3
Ep 37050 | score   14.06 | avg100   70.31 | grasp100  11.0% | best 0.445 |     28 st/s
    done(50): success=8 t_flicker=37 t_touched=2 t_no_reach=3
Ep 37100 | score   54.84 | avg100   82.58 | grasp100  15.0% | best 0.445 |     28 st/s
    done(50): success=7 t_flicker=41 t_touched=2
Ep 37150 | score   91.70 | avg100   81.30 | grasp100  13.0% | best 0.445 |     28 st/s
    done(50): success=6 t_flicker=42 t_touched=2
Ep 37200 | score   59.90 | avg100   78.49 | grasp100  12.0% | best 0.445 |     28 st/s
    done(50): success=6 t_flicker=42 t_touched=2
Ep 37250 | score   56.62 | avg100   82.22 | grasp100  14.0% | best 0.445 |     28 st/s
    done(50): success=8 t_flicker=39 t_touched=1 t_no_reach=2
Ep 37300 | score   56.64 | avg100   93.39 | grasp100  22.0% | best 0.445 |     28 st/s
    done(50): success=14 t_flicker=36
Ep 37350 | score  192.47 | avg100  102.35 | grasp100  26.0% | best 0.445 |     28 st/s
    done(50): success=12 t_flicker=37 t_no_reach=1
Ep 37400 | score   85.79 | avg100  103.52 | grasp100  28.0% | best 0.445 |     28 st/s
    done(50): success=16 t_flicker=33 t_no_reach=1
Ep 37450 | score   99.47 | avg100  105.98 | grasp100  28.0% | best 0.445 |     28 st/s
    done(50): success=12 t_flicker=38
Ep 37500 | score  208.06 | avg100  104.27 | grasp100  27.0% | best 0.445 |     28 st/s
    done(50): success=15 t_flicker=33 t_touched=2
Ep 37550 | score   95.49 | avg100  106.51 | grasp100  30.0% | best 0.445 |     28 st/s
    done(50): success=15 t_flicker=34 t_touched=1
Ep 37600 | score   58.64 | avg100  110.95 | grasp100  30.0% | best 0.445 |     28 st/s
    done(50): success=15 t_flicker=35
Ep 37650 | score  189.78 | avg100  113.37 | grasp100  32.0% | best 0.445 |     28 st/s
    done(50): success=17 t_flicker=31 t_touched=2
Ep 37700 | score  205.27 | avg100  113.12 | grasp100  33.0% | best 0.445 |     28 st/s
    done(50): success=16 t_flicker=33 t_touched=1
Ep 37750 | score  206.60 | avg100  114.31 | grasp100  35.0% | best 0.445 |     28 st/s
    done(50): success=19 t_flicker=30 t_touched=1
Ep 37800 | score   60.78 | avg100  118.00 | grasp100  37.0% | best 0.445 |     28 st/s
    done(50): success=18 t_flicker=32
Ep 37850 | score  204.87 | avg100  115.69 | grasp100  35.0% | best 0.445 |     28 st/s
    done(50): success=17 t_flicker=31 t_touched=2
Ep 37900 | score   55.62 | avg100  116.83 | grasp100  37.0% | best 0.445 |     28 st/s
    done(50): success=20 t_flicker=30
Ep 37950 | score   56.88 | avg100  128.29 | grasp100  45.0% | best 0.445 |     28 st/s
    done(50): success=25 t_flicker=25
Ep 38000 | score  181.17 | avg100  136.13 | grasp100  50.0% | best 0.445 |     28 st/s
    done(50): success=25 t_flicker=24 t_touched=1
Ep 38050 | score   93.72 | avg100  127.07 | grasp100  43.0% | best 0.445 |     28 st/s
    done(50): success=18 t_flicker=31 t_touched=1
Ep 38100 | score  202.80 | avg100  122.38 | grasp100  39.0% | best 0.445 |     28 st/s
    done(50): success=21 t_flicker=28 t_touched=1
Ep 38150 | score  203.44 | avg100  122.48 | grasp100  41.0% | best 0.445 |     28 st/s
    done(50): success=20 t_flicker=29 t_touched=1
Ep 38200 | score  129.05 | avg100  122.24 | grasp100  41.0% | best 0.445 |     28 st/s
    done(50): success=21 t_flicker=29
Ep 38250 | score  210.48 | avg100  122.69 | grasp100  41.0% | best 0.445 |     28 st/s
    done(50): success=20 t_flicker=26 t_touched=3 t_no_reach=1
Ep 38300 | score   57.07 | avg100  115.41 | grasp100  36.0% | best 0.445 |     28 st/s
    done(50): success=16 t_flicker=32 t_touched=1 t_no_reach=1
Ep 38350 | score  206.65 | avg100  121.67 | grasp100  40.0% | best 0.445 |     28 st/s
    done(50): success=24 t_flicker=25 t_no_reach=1
Ep 38400 | score   56.26 | avg100  126.81 | grasp100  44.0% | best 0.445 |     28 st/s
    done(50): success=20 t_flicker=29 t_touched=1
Ep 38450 | score   63.43 | avg100  112.60 | grasp100  34.0% | best 0.445 |     28 st/s
    done(50): success=14 t_flicker=36
Ep 38500 | score  170.06 | avg100  117.41 | grasp100  38.0% | best 0.445 |     28 st/s
    done(50): success=24 t_flicker=23 t_touched=3
Ep 38550 | score  203.96 | avg100  122.02 | grasp100  41.0% | best 0.445 |     28 st/s
    done(50): success=17 t_flicker=32 t_touched=1
Ep 38600 | score   55.75 | avg100  118.63 | grasp100  40.0% | best 0.445 |     28 st/s
    done(50): success=23 t_flicker=27
Ep 38650 | score  203.42 | avg100  113.14 | grasp100  36.0% | best 0.445 |     28 st/s
    done(50): success=13 t_flicker=36 t_touched=1
Ep 38700 | score  201.27 | avg100  106.67 | grasp100  31.0% | best 0.445 |     28 st/s
    done(50): success=18 t_flicker=31 t_touched=1
  [primacy-bias reset of critic heads @ 525000 updates]
Ep 38750 | score   16.60 | avg100   90.97 | grasp100  33.0% | best 0.445 |     28 st/s
    done(50): success=15 t_flicker=12 t_touched=5 t_no_reach=18
Ep 38800 | score    5.57 | avg100   47.09 | grasp100  16.0% | best 0.445 |     28 st/s
    done(50): success=1 t_flicker=26 t_touched=11 t_no_reach=12
Ep 38850 | score   62.69 | avg100   42.79 | grasp100   4.0% | best 0.445 |     28 st/s
    done(50): success=3 t_flicker=40 t_touched=6 t_no_reach=1
Ep 38900 | score   61.97 | avg100   59.04 | grasp100   3.0% | best 0.445 |     28 st/s
    done(50): t_flicker=43 t_touched=5 t_no_reach=2
Ep 38950 | score   56.74 | avg100   62.58 | grasp100   3.0% | best 0.445 |     28 st/s
    done(50): success=3 t_flicker=42 t_touched=3 t_no_reach=2
Ep 39000 | score   57.15 | avg100   69.54 | grasp100   8.0% | best 0.445 |     28 st/s
    done(50): success=5 t_flicker=40 t_touched=4 t_no_reach=1
Ep 39050 | score  192.51 | avg100   81.28 | grasp100  14.0% | best 0.445 |     28 st/s
    done(50): success=9 t_flicker=40 t_no_reach=1
Ep 39100 | score   60.14 | avg100   83.08 | grasp100  15.0% | best 0.445 |     28 st/s
    done(50): success=6 t_flicker=42 t_touched=2
Ep 39150 | score  163.72 | avg100   82.82 | grasp100  17.0% | best 0.445 |     28 st/s
    done(50): success=11 t_flicker=38 t_no_reach=1
Ep 39200 | score   54.63 | avg100   89.58 | grasp100  20.0% | best 0.445 |     28 st/s
    done(50): success=9 t_flicker=40 t_touched=1
Ep 39250 | score  210.17 | avg100   91.78 | grasp100  20.0% | best 0.445 |     28 st/s
    done(50): success=11 t_flicker=39
Ep 39300 | score   54.69 | avg100   96.97 | grasp100  25.0% | best 0.445 |     28 st/s
    done(50): success=14 t_flicker=34 t_touched=2
Ep 39350 | score   59.69 | avg100  111.16 | grasp100  35.0% | best 0.445 |     28 st/s
    done(50): success=21 t_flicker=29
Ep 39400 | score  206.68 | avg100  112.27 | grasp100  35.0% | best 0.445 |     28 st/s
    done(50): success=14 t_flicker=35 t_no_reach=1
Ep 39450 | score   57.66 | avg100  104.70 | grasp100  28.0% | best 0.445 |     28 st/s
    done(50): success=14 t_flicker=36
Ep 39500 | score   63.04 | avg100  115.24 | grasp100  34.0% | best 0.445 |     28 st/s
    done(50): success=20 t_flicker=30
Ep 39550 | score   66.99 | avg100  114.65 | grasp100  35.0% | best 0.445 |     28 st/s
    done(50): success=15 t_flicker=33 t_touched=1 t_no_reach=1
Ep 39600 | score  184.34 | avg100  109.89 | grasp100  31.0% | best 0.445 |     28 st/s
    done(50): success=16 t_flicker=34
Ep 39650 | score  210.23 | avg100  124.02 | grasp100  42.0% | best 0.445 |     28 st/s
    done(50): success=26 t_flicker=24
Ep 39700 | score  193.07 | avg100  131.02 | grasp100  49.0% | best 0.445 |     28 st/s
    done(50): success=23 t_flicker=27
Ep 39750 | score  200.53 | avg100  114.11 | grasp100  37.0% | best 0.445 |     28 st/s
    done(50): success=14 t_flicker=34 t_touched=2
Ep 39800 | score  207.68 | avg100  111.90 | grasp100  34.0% | best 0.445 |     28 st/s
    done(50): success=20 t_flicker=29 t_no_reach=1
Ep 39850 | score  151.85 | avg100  128.62 | grasp100  45.0% | best 0.445 |     28 st/s
    done(50): success=25 t_flicker=25
Ep 39900 | score  183.88 | avg100  122.99 | grasp100  41.0% | best 0.445 |     28 st/s
    done(50): success=16 t_flicker=34
Ep 39950 | score  195.74 | avg100  105.94 | grasp100  29.0% | best 0.445 |     28 st/s
    done(50): success=13 t_flicker=35 t_touched=2
Ep 40000 | score   57.03 | avg100  111.11 | grasp100  33.0% | best 0.445 |     28 st/s
    done(50): success=20 t_flicker=29 t_touched=1
Ep 40050 | score   92.21 | avg100  118.93 | grasp100  37.0% | best 0.445 |     28 st/s
    done(50): success=17 t_flicker=32 t_touched=1
Ep 40100 | score  208.24 | avg100  116.76 | grasp100  37.0% | best 0.445 |     28 st/s
    done(50): success=20 t_flicker=30
Ep 40150 | score   56.90 | avg100  116.70 | grasp100  40.0% | best 0.445 |     28 st/s
    done(50): success=20 t_flicker=30
Ep 40200 | score  171.19 | avg100  124.40 | grasp100  46.0% | best 0.445 |     28 st/s
    done(50): success=26 t_flicker=22 t_touched=2
Ep 40250 | score   93.75 | avg100  123.11 | grasp100  44.0% | best 0.445 |     28 st/s
    done(50): success=18 t_flicker=32
Ep 40300 | score  160.39 | avg100  118.33 | grasp100  40.0% | best 0.445 |     28 st/s
    done(50): success=22 t_flicker=26 t_touched=2
Ep 40337 | * BEST  level200=2.00 grasp200= 46.0% metric=0.460 | score  216.13
Ep 40350 | score   56.19 | avg100  125.93 | grasp100  47.0% | best 0.460 |     28 st/s
    done(50): success=25 t_flicker=25
Ep 40400 | score   55.96 | avg100  119.73 | grasp100  41.0% | best 0.460 |     28 st/s
    done(50): success=16 t_flicker=33 t_touched=1
Ep 40450 | score  182.40 | avg100  126.33 | grasp100  42.0% | best 0.460 |     28 st/s
    done(50): success=26 t_flicker=24
Ep 40500 | score   60.57 | avg100  136.16 | grasp100  50.0% | best 0.460 |     28 st/s
    done(50): success=24 t_flicker=26
Ep 40550 | score  193.79 | avg100  126.73 | grasp100  46.0% | best 0.460 |     28 st/s
    done(50): success=22 t_flicker=28
Ep 40595 | * BEST  level200=2.00 grasp200= 47.5% metric=0.475 | score  197.61
Ep 40600 | score   54.65 | avg100  126.71 | grasp100  45.0% | best 0.475 |     28 st/s
    done(50): success=23 t_flicker=26 t_touched=1
Ep 40650 | score   60.48 | avg100  123.34 | grasp100  41.0% | best 0.475 |     28 st/s
    done(50): success=18 t_flicker=32
  [primacy-bias reset of critic heads @ 550000 updates]
Ep 40700 | score    0.11 | avg100  107.43 | grasp100  35.0% | best 0.475 |     28 st/s
    done(50): success=17 t_flicker=24 t_touched=3 t_no_reach=6
Ep 40750 | score   39.50 | avg100   72.49 | grasp100  20.0% | best 0.475 |     28 st/s
    done(50): success=3 t_flicker=36 t_touched=7 t_no_reach=4
Ep 40800 | score   24.49 | avg100   46.12 | grasp100   4.0% | best 0.475 |     28 st/s
    done(50): success=1 t_flicker=33 t_touched=11 t_no_reach=5
Ep 40850 | score   57.98 | avg100   53.85 | grasp100   2.0% | best 0.475 |     28 st/s
    done(50): success=1 t_flicker=45 t_touched=3 t_no_reach=1
Ep 40900 | score   62.63 | avg100   69.47 | grasp100   7.0% | best 0.475 |     28 st/s
    done(50): success=6 t_flicker=40 t_touched=4
Ep 40950 | score   55.45 | avg100   71.95 | grasp100  10.0% | best 0.475 |     28 st/s
    done(50): success=4 t_flicker=43 t_touched=1 t_no_reach=2
Ep 41000 | score  134.28 | avg100   64.00 | grasp100   5.0% | best 0.475 |     28 st/s
    done(50): success=1 t_flicker=44 t_touched=1 t_no_reach=4
Ep 41050 | score   56.60 | avg100   70.42 | grasp100   9.0% | best 0.475 |     28 st/s
    done(50): success=8 t_flicker=40 t_touched=1 t_no_reach=1
Ep 41100 | score   55.85 | avg100   86.27 | grasp100  18.0% | best 0.475 |     28 st/s
    done(50): success=10 t_flicker=40
Ep 41150 | score   57.77 | avg100   94.83 | grasp100  22.0% | best 0.475 |     28 st/s
    done(50): success=12 t_flicker=37 t_touched=1
Ep 41200 | score   56.08 | avg100   99.81 | grasp100  25.0% | best 0.475 |     28 st/s
    done(50): success=13 t_flicker=37
Ep 41250 | score  195.73 | avg100  103.75 | grasp100  28.0% | best 0.475 |     28 st/s
    done(50): success=15 t_flicker=33 t_touched=1 t_no_reach=1
Ep 41300 | score   97.34 | avg100  103.51 | grasp100  28.0% | best 0.475 |     28 st/s
    done(50): success=13 t_flicker=36 t_touched=1
Ep 41350 | score  207.79 | avg100  101.36 | grasp100  25.0% | best 0.475 |     28 st/s
    done(50): success=12 t_flicker=38
Ep 41400 | score  198.62 | avg100  107.00 | grasp100  27.0% | best 0.475 |     28 st/s
    done(50): success=15 t_flicker=34 t_no_reach=1
Ep 41450 | score  174.63 | avg100  117.43 | grasp100  37.0% | best 0.475 |     28 st/s
    done(50): success=22 t_flicker=28
Ep 41500 | score   54.25 | avg100  111.75 | grasp100  35.0% | best 0.475 |     28 st/s
    done(50): success=13 t_flicker=37
Ep 41550 | score   56.75 | avg100  111.82 | grasp100  34.0% | best 0.475 |     28 st/s
    done(50): success=21 t_flicker=29
Ep 41600 | score  212.13 | avg100  117.43 | grasp100  39.0% | best 0.475 |     28 st/s
    done(50): success=18 t_flicker=31 t_no_reach=1
Ep 41650 | score   61.08 | avg100  121.60 | grasp100  40.0% | best 0.475 |     28 st/s
    done(50): success=22 t_flicker=27 t_no_reach=1
Ep 41700 | score  203.47 | avg100  132.07 | grasp100  47.0% | best 0.475 |     28 st/s
    done(50): success=25 t_flicker=25
Ep 41750 | score   56.18 | avg100  123.10 | grasp100  41.0% | best 0.475 |     28 st/s
    done(50): success=16 t_flicker=34
Ep 41800 | score  210.22 | avg100  114.58 | grasp100  35.0% | best 0.475 |     28 st/s
    done(50): success=19 t_flicker=30 t_touched=1
Ep 41850 | score  188.47 | avg100  118.09 | grasp100  40.0% | best 0.475 |     28 st/s
    done(50): success=21 t_flicker=27 t_touched=2
Ep 41900 | score  204.89 | avg100  114.04 | grasp100  39.0% | best 0.475 |     28 st/s
    done(50): success=18 t_flicker=31 t_touched=1
Ep 41950 | score   58.15 | avg100  111.86 | grasp100  37.0% | best 0.475 |     28 st/s
    done(50): success=19 t_flicker=30 t_touched=1
Ep 42000 | score  204.48 | avg100  112.99 | grasp100  37.0% | best 0.475 |     28 st/s
    done(50): success=18 t_flicker=31 t_touched=1
Ep 42050 | score   56.37 | avg100  121.55 | grasp100  40.0% | best 0.475 |     28 st/s
    done(50): success=22 t_flicker=28
Ep 42100 | score   60.27 | avg100  118.31 | grasp100  36.0% | best 0.475 |     28 st/s
    done(50): success=14 t_flicker=36
Ep 42150 | score   55.52 | avg100  107.57 | grasp100  31.0% | best 0.475 |     28 st/s
    done(50): success=17 t_flicker=31 t_touched=2
Ep 42200 | score   22.44 | avg100  120.09 | grasp100  41.0% | best 0.475 |     28 st/s
    done(50): success=24 t_flicker=24 t_touched=1 t_no_reach=1
Ep 42250 | score   57.62 | avg100  129.87 | grasp100  48.0% | best 0.475 |     28 st/s
    done(50): success=24 t_flicker=24 t_touched=2
Ep 42300 | score   35.23 | avg100  124.69 | grasp100  43.0% | best 0.475 |     28 st/s
    done(50): success=19 t_flicker=30 t_touched=1
Ep 42350 | score  216.75 | avg100  121.07 | grasp100  42.0% | best 0.475 |     28 st/s
    done(50): success=23 t_flicker=26 t_touched=1
Ep 42400 | score  231.26 | avg100  125.53 | grasp100  44.0% | best 0.475 |     28 st/s
    done(50): success=21 t_flicker=29
Ep 42450 | score  209.89 | avg100  127.12 | grasp100  44.0% | best 0.475 |     28 st/s
    done(50): success=23 t_flicker=27
Ep 42500 | score   61.01 | avg100  119.00 | grasp100  41.0% | best 0.475 |     28 st/s
    done(50): success=18 t_flicker=31 t_touched=1
Ep 42550 | score  208.34 | avg100  114.71 | grasp100  39.0% | best 0.475 |     28 st/s
    done(50): success=21 t_flicker=29
Ep 42600 | score   53.44 | avg100  119.65 | grasp100  43.0% | best 0.475 |     28 st/s
    done(50): success=22 t_flicker=27 t_touched=1
Ep 42650 | score  118.43 | avg100  115.22 | grasp100  36.0% | best 0.475 |     28 st/s
    done(50): success=14 t_flicker=36
  [primacy-bias reset of critic heads @ 575000 updates]
Ep 42700 | score  -27.96 | avg100   51.75 | grasp100  16.0% | best 0.475 |     28 st/s
    done(50): success=2 t_flicker=5 t_touched=1 t_no_reach=42
Ep 42750 | score   92.97 | avg100   -6.16 | grasp100   2.0% | best 0.475 |     28 st/s
    done(50): t_flicker=9 t_touched=6 t_no_reach=35
Ep 42800 | score   76.62 | avg100   16.85 | grasp100   2.0% | best 0.475 |     28 st/s
    done(50): success=2 t_flicker=27 t_touched=8 t_no_reach=13
Ep 42850 | score   55.23 | avg100   56.33 | grasp100   8.0% | best 0.475 |     28 st/s
    done(50): success=6 t_flicker=37 t_touched=4 t_no_reach=3
Ep 42900 | score   32.93 | avg100   70.42 | grasp100  10.0% | best 0.475 |     28 st/s
    done(50): success=4 t_flicker=42 t_touched=2 t_no_reach=2
Ep 42950 | score   53.90 | avg100   71.63 | grasp100  10.0% | best 0.475 |     28 st/s
    done(50): success=6 t_flicker=40 t_touched=4
Ep 43000 | score   55.83 | avg100   77.53 | grasp100  12.0% | best 0.475 |     28 st/s
    done(50): success=6 t_flicker=42 t_touched=2
Ep 43050 | score   58.05 | avg100   84.58 | grasp100  15.0% | best 0.475 |     28 st/s
    done(50): success=9 t_flicker=41
Ep 43100 | score   65.68 | avg100   89.51 | grasp100  20.0% | best 0.475 |     28 st/s
    done(50): success=11 t_flicker=38 t_touched=1
Ep 43150 | score   55.77 | avg100   98.62 | grasp100  27.0% | best 0.475 |     28 st/s
    done(50): success=16 t_flicker=34
Ep 43200 | score  109.36 | avg100  104.56 | grasp100  29.0% | best 0.475 |     28 st/s
    done(50): success=13 t_flicker=36 t_touched=1
Ep 43250 | score   58.01 | avg100  105.36 | grasp100  29.0% | best 0.475 |     28 st/s
    done(50): success=16 t_flicker=33 t_touched=1
Ep 43300 | score   61.64 | avg100  109.66 | grasp100  33.0% | best 0.475 |     28 st/s
    done(50): success=17 t_flicker=33
Ep 43350 | score   58.22 | avg100  105.01 | grasp100  29.0% | best 0.475 |     28 st/s
    done(50): success=12 t_flicker=38
Ep 43400 | score   75.26 | avg100  116.89 | grasp100  37.0% | best 0.475 |     28 st/s
    done(50): success=25 t_flicker=24 t_touched=1
Ep 43450 | score  106.17 | avg100  126.69 | grasp100  45.0% | best 0.475 |     28 st/s
    done(50): success=20 t_flicker=30
Ep 43500 | score  154.96 | avg100  114.31 | grasp100  37.0% | best 0.475 |     28 st/s
    done(50): success=17 t_flicker=32 t_touched=1
Ep 43550 | score  205.71 | avg100  114.71 | grasp100  36.0% | best 0.475 |     28 st/s
    done(50): success=19 t_flicker=31
Ep 43600 | score   87.14 | avg100  116.96 | grasp100  37.0% | best 0.475 |     28 st/s
    done(50): success=18 t_flicker=32
Ep 43650 | score   57.91 | avg100  116.60 | grasp100  39.0% | best 0.475 |     28 st/s
    done(50): success=21 t_flicker=29
Ep 43700 | score  133.83 | avg100  125.15 | grasp100  44.0% | best 0.475 |     28 st/s
    done(50): success=23 t_flicker=26 t_touched=1
Ep 43750 | score  207.20 | avg100  121.56 | grasp100  43.0% | best 0.475 |     28 st/s
    done(50): success=20 t_flicker=26 t_touched=2 t_no_reach=2
Ep 43800 | score   54.94 | avg100  118.60 | grasp100  44.0% | best 0.475 |     28 st/s
    done(50): success=24 t_flicker=25 t_touched=1
Ep 43850 | score   92.59 | avg100  121.17 | grasp100  42.0% | best 0.475 |     28 st/s
    done(50): success=18 t_flicker=32
Ep 43900 | score  191.52 | avg100  133.07 | grasp100  49.0% | best 0.475 |     28 st/s
    done(50): success=31 t_flicker=19
Ep 43937 | * BEST  level200=2.00 grasp200= 49.0% metric=0.490 | score  204.25
Ep 43950 | score  208.90 | avg100  142.86 | grasp100  56.0% | best 0.490 |     28 st/s
    done(50): success=25 t_flicker=25
Ep 43961 | * BEST  level200=2.00 grasp200= 50.5% metric=0.505 | score  191.78
Ep 43988 | * BEST  level200=2.00 grasp200= 52.0% metric=0.520 | score  210.42
Ep 44000 | score  102.68 | avg100  137.93 | grasp100  53.0% | best 0.520 |     28 st/s
    done(50): success=28 t_flicker=21 t_touched=1
Ep 44050 | score  189.31 | avg100  124.68 | grasp100  46.0% | best 0.520 |     28 st/s
    done(50): success=18 t_flicker=31 t_touched=1
Ep 44100 | score   57.01 | avg100  117.03 | grasp100  41.0% | best 0.520 |     28 st/s
    done(50): success=23 t_flicker=27
Ep 44150 | score  208.89 | avg100  113.64 | grasp100  37.0% | best 0.520 |     28 st/s
    done(50): success=14 t_flicker=34 t_touched=1 t_no_reach=1
Ep 44200 | score  206.27 | avg100  121.15 | grasp100  42.0% | best 0.520 |     28 st/s
    done(50): success=28 t_flicker=22
Ep 44250 | score   61.53 | avg100  120.99 | grasp100  42.0% | best 0.520 |     28 st/s
    done(50): success=14 t_flicker=36
Ep 44300 | score  208.32 | avg100  112.92 | grasp100  38.0% | best 0.520 |     28 st/s
    done(50): success=24 t_flicker=22 t_touched=4
Ep 44350 | score   93.60 | avg100  119.18 | grasp100  43.0% | best 0.520 |     28 st/s
    done(50): success=19 t_flicker=29 t_touched=2
Ep 44400 | score  102.79 | avg100  123.78 | grasp100  42.0% | best 0.520 |     28 st/s
    done(50): success=23 t_flicker=27
Ep 44450 | score   56.56 | avg100  128.08 | grasp100  44.0% | best 0.520 |     28 st/s
    done(50): success=21 t_flicker=28 t_touched=1
Ep 44500 | score  102.06 | avg100  118.71 | grasp100  38.0% | best 0.520 |     28 st/s
    done(50): success=17 t_flicker=30 t_touched=3
  [primacy-bias reset of critic heads @ 600000 updates]
Ep 44550 | score   -0.73 | avg100  110.28 | grasp100  35.0% | best 0.520 |     28 st/s
    done(50): success=18 t_flicker=27 t_touched=4 t_no_reach=1
Ep 44600 | score   -2.59 | avg100   68.68 | grasp100  18.0% | best 0.520 |     28 st/s
    done(50): t_flicker=23 t_touched=11 t_no_reach=16
Ep 44650 | score   83.11 | avg100   39.96 | grasp100   1.0% | best 0.520 |     28 st/s
    done(50): success=1 t_flicker=42 t_touched=3 t_no_reach=4
Ep 44700 | score   95.85 | avg100   55.45 | grasp100   2.0% | best 0.520 |     28 st/s
    done(50): success=1 t_flicker=44 t_touched=3 t_no_reach=2
Ep 44750 | score  130.63 | avg100   61.32 | grasp100   3.0% | best 0.520 |     28 st/s
    done(50): success=2 t_flicker=43 t_touched=2 t_no_reach=3
Ep 44800 | score   54.55 | avg100   63.89 | grasp100   5.0% | best 0.520 |     28 st/s
    done(50): success=3 t_flicker=42 t_touched=2 t_no_reach=3
Ep 44850 | score   87.28 | avg100   73.09 | grasp100   9.0% | best 0.520 |     28 st/s
    done(50): success=6 t_flicker=42 t_touched=1 t_no_reach=1
Ep 44900 | score   71.76 | avg100   82.52 | grasp100  14.0% | best 0.520 |     28 st/s
    done(50): success=8 t_flicker=41 t_touched=1
Ep 44950 | score   67.44 | avg100   97.40 | grasp100  24.0% | best 0.520 |     28 st/s
    done(50): success=16 t_flicker=34
Ep 45000 | score  143.24 | avg100  106.03 | grasp100  28.0% | best 0.520 |     28 st/s
    done(50): success=12 t_flicker=38
Ep 45050 | score  180.29 | avg100  101.73 | grasp100  27.0% | best 0.520 |     28 st/s
    done(50): success=15 t_flicker=34 t_touched=1
Ep 45100 | score  188.57 | avg100  105.80 | grasp100  31.0% | best 0.520 |     28 st/s
    done(50): success=16 t_flicker=34
Ep 45150 | score   55.06 | avg100  107.23 | grasp100  29.0% | best 0.520 |     28 st/s
    done(50): success=13 t_flicker=35 t_touched=2
Ep 45200 | score   69.06 | avg100  109.71 | grasp100  32.0% | best 0.520 |     28 st/s
    done(50): success=19 t_flicker=30 t_no_reach=1
Ep 45250 | score  170.63 | avg100  120.71 | grasp100  40.0% | best 0.520 |     28 st/s
    done(50): success=21 t_flicker=28 t_no_reach=1
Ep 45300 | score  185.82 | avg100  123.67 | grasp100  44.0% | best 0.520 |     28 st/s
    done(50): success=23 t_flicker=25 t_touched=2
Ep 45350 | score   54.29 | avg100  114.89 | grasp100  40.0% | best 0.520 |     28 st/s
    done(50): success=17 t_flicker=32 t_touched=1
Ep 45400 | score  196.78 | avg100  111.96 | grasp100  36.0% | best 0.520 |     28 st/s
    done(50): success=19 t_flicker=31
Ep 45450 | score  203.17 | avg100  116.39 | grasp100  38.0% | best 0.520 |     28 st/s
    done(50): success=19 t_flicker=30 t_touched=1
Ep 45500 | score   45.01 | avg100  114.88 | grasp100  39.0% | best 0.520 |     28 st/s
    done(50): success=20 t_flicker=30
Ep 45550 | score  208.17 | avg100  113.40 | grasp100  38.0% | best 0.520 |     28 st/s
    done(50): success=18 t_flicker=32
Ep 45600 | score   61.21 | avg100  115.34 | grasp100  38.0% | best 0.520 |     28 st/s
    done(50): success=20 t_flicker=29 t_touched=1
Ep 45650 | score   58.13 | avg100  116.73 | grasp100  38.0% | best 0.520 |     28 st/s
    done(50): success=18 t_flicker=32
Ep 45700 | score   54.50 | avg100  116.98 | grasp100  38.0% | best 0.520 |     28 st/s
    done(50): success=20 t_flicker=30
Ep 45750 | score   56.60 | avg100  107.36 | grasp100  32.0% | best 0.520 |     28 st/s
    done(50): success=12 t_flicker=36 t_no_reach=2
Ep 45800 | score   59.75 | avg100  114.79 | grasp100  35.0% | best 0.520 |     28 st/s
    done(50): success=23 t_flicker=27
Ep 45850 | score   60.77 | avg100  127.46 | grasp100  43.0% | best 0.520 |     28 st/s
    done(50): success=20 t_flicker=28 t_touched=2
Ep 45900 | score   54.45 | avg100  113.46 | grasp100  36.0% | best 0.520 |     28 st/s
    done(50): success=16 t_flicker=31 t_touched=3
Ep 45950 | score   56.26 | avg100  108.75 | grasp100  36.0% | best 0.520 |     28 st/s
    done(50): success=20 t_flicker=30
Ep 46000 | score   56.29 | avg100  119.67 | grasp100  44.0% | best 0.520 |     28 st/s
    done(50): success=24 t_flicker=25 t_touched=1
Ep 46050 | score   80.81 | avg100  122.60 | grasp100  44.0% | best 0.520 |     28 st/s
    done(50): success=20 t_flicker=29 t_touched=1
Ep 46100 | score  104.74 | avg100  115.51 | grasp100  37.0% | best 0.520 |     28 st/s
    done(50): success=17 t_flicker=31 t_touched=1 t_no_reach=1
Ep 46150 | score   29.65 | avg100  118.28 | grasp100  40.0% | best 0.520 |     28 st/s
    done(50): success=23 t_flicker=27
Ep 46200 | score   64.79 | avg100  125.65 | grasp100  46.0% | best 0.520 |     28 st/s
    done(50): success=23 t_flicker=27
Ep 46250 | score  200.90 | avg100  117.16 | grasp100  38.0% | best 0.520 |     28 st/s
    done(50): success=15 t_flicker=33 t_touched=2
Ep 46300 | score  230.41 | avg100  109.53 | grasp100  31.0% | best 0.520 |     28 st/s
    done(50): success=16 t_flicker=33 t_touched=1
Ep 46350 | score   59.84 | avg100  114.32 | grasp100  37.0% | best 0.520 |     28 st/s
    done(50): success=21 t_flicker=29
Ep 46400 | score   89.61 | avg100  119.86 | grasp100  42.0% | best 0.520 |     28 st/s
    done(50): success=21 t_flicker=29
Ep 46450 | score   65.95 | avg100  121.38 | grasp100  41.0% | best 0.520 |     28 st/s
    done(50): success=20 t_flicker=30
Ep 46500 | score   57.15 | avg100  113.18 | grasp100  36.0% | best 0.520 |     28 st/s
    done(50): success=16 t_flicker=31 t_touched=3
  [primacy-bias reset of critic heads @ 625000 updates]
Ep 46550 | score   49.64 | avg100   89.78 | grasp100  27.0% | best 0.520 |     28 st/s
    done(50): success=11 t_flicker=27 t_touched=4 t_no_reach=8
Ep 46600 | score   10.06 | avg100   47.98 | grasp100  13.0% | best 0.520 |     28 st/s
    done(50): success=2 t_flicker=18 t_touched=11 t_no_reach=19
Ep 46650 | score   54.46 | avg100   29.36 | grasp100   2.0% | best 0.520 |     28 st/s
    done(50): t_flicker=33 t_touched=4 t_no_reach=13
Ep 46700 | score    0.72 | avg100   46.15 | grasp100   2.0% | best 0.520 |     28 st/s
    done(50): success=2 t_flicker=38 t_touched=7 t_no_reach=3
Ep 46750 | score  200.76 | avg100   59.64 | grasp100   3.0% | best 0.520 |     28 st/s
    done(50): success=1 t_flicker=45 t_touched=1 t_no_reach=3
Ep 46800 | score   54.95 | avg100   65.42 | grasp100   4.0% | best 0.520 |     28 st/s
    done(50): success=3 t_flicker=42 t_touched=3 t_no_reach=2
Ep 46850 | score   56.10 | avg100   74.11 | grasp100   9.0% | best 0.520 |     28 st/s
    done(50): success=6 t_flicker=42 t_touched=2
Ep 46900 | score   91.82 | avg100   87.58 | grasp100  16.0% | best 0.520 |     28 st/s
    done(50): success=10 t_flicker=40
Ep 46950 | score   93.87 | avg100   94.41 | grasp100  21.0% | best 0.520 |     28 st/s
    done(50): success=11 t_flicker=37 t_touched=2
Ep 47000 | score  178.59 | avg100   97.13 | grasp100  25.0% | best 0.520 |     28 st/s
    done(50): success=14 t_flicker=35 t_no_reach=1
Ep 47050 | score   81.48 | avg100  102.65 | grasp100  29.0% | best 0.520 |     28 st/s
    done(50): success=15 t_flicker=35
Ep 47100 | score  192.71 | avg100  109.50 | grasp100  33.0% | best 0.520 |     28 st/s
    done(50): success=18 t_flicker=32
Ep 47150 | score   56.25 | avg100  109.44 | grasp100  34.0% | best 0.520 |     28 st/s
    done(50): success=16 t_flicker=33 t_no_reach=1
Ep 47200 | score  205.69 | avg100  116.15 | grasp100  38.0% | best 0.520 |     28 st/s
    done(50): success=22 t_flicker=28
Ep 47250 | score   57.39 | avg100  114.92 | grasp100  36.0% | best 0.520 |     28 st/s
    done(50): success=14 t_flicker=34 t_touched=1 t_no_reach=1
Ep 47300 | score  208.93 | avg100  109.55 | grasp100  33.0% | best 0.520 |     28 st/s
    done(50): success=19 t_flicker=30 t_touched=1
Ep 47350 | score   53.53 | avg100  109.85 | grasp100  35.0% | best 0.520 |     28 st/s
    done(50): success=16 t_flicker=33 t_touched=1
Ep 47400 | score  203.33 | avg100  102.97 | grasp100  30.0% | best 0.520 |     28 st/s
    done(50): success=14 t_flicker=34 t_touched=2
Ep 47450 | score   97.72 | avg100  110.43 | grasp100  31.0% | best 0.520 |     28 st/s
    done(50): success=17 t_flicker=33
Ep 47500 | score  200.98 | avg100  114.51 | grasp100  33.0% | best 0.520 |     28 st/s
    done(50): success=16 t_flicker=32 t_touched=2
Ep 47550 | score   26.72 | avg100  122.33 | grasp100  40.0% | best 0.520 |     28 st/s
    done(50): success=24 t_flicker=25 t_touched=1
Ep 47600 | score   63.98 | avg100  128.32 | grasp100  44.0% | best 0.520 |     28 st/s
    done(50): success=20 t_flicker=30
Ep 47650 | score   59.15 | avg100  127.22 | grasp100  43.0% | best 0.520 |     28 st/s
    done(50): success=23 t_flicker=27
Ep 47700 | score  185.81 | avg100  128.42 | grasp100  44.0% | best 0.520 |     28 st/s
    done(50): success=21 t_flicker=29
Ep 47750 | score  209.31 | avg100  129.31 | grasp100  45.0% | best 0.520 |     28 st/s
    done(50): success=24 t_flicker=26
Ep 47800 | score  201.02 | avg100  124.59 | grasp100  43.0% | best 0.520 |     28 st/s
    done(50): success=19 t_flicker=30 t_touched=1
Ep 47850 | score  186.43 | avg100  116.38 | grasp100  36.0% | best 0.520 |     28 st/s
    done(50): success=17 t_flicker=31 t_touched=2
Ep 47900 | score   36.79 | avg100  113.99 | grasp100  34.0% | best 0.520 |     28 st/s
    done(50): success=17 t_flicker=33
Ep 47950 | score  145.69 | avg100  122.87 | grasp100  41.0% | best 0.520 |     28 st/s
    done(50): success=24 t_flicker=26
Ep 48000 | score   54.09 | avg100  129.85 | grasp100  45.0% | best 0.520 |     28 st/s
    done(50): success=21 t_flicker=29
Ep 48050 | score  189.40 | avg100  126.06 | grasp100  44.0% | best 0.520 |     28 st/s
    done(50): success=23 t_flicker=25 t_touched=2
Ep 48100 | score   55.82 | avg100  122.49 | grasp100  44.0% | best 0.520 |     28 st/s
    done(50): success=21 t_flicker=27 t_touched=1 t_no_reach=1
Ep 48150 | score   67.97 | avg100  126.04 | grasp100  47.0% | best 0.520 |     28 st/s
    done(50): success=26 t_flicker=23 t_no_reach=1
Ep 48200 | score  192.74 | avg100  125.45 | grasp100  45.0% | best 0.520 |     28 st/s
    done(50): success=19 t_flicker=30 t_touched=1
Ep 48250 | score  204.97 | avg100  125.40 | grasp100  42.0% | best 0.520 |     28 st/s
    done(50): success=23 t_flicker=25 t_touched=2
Ep 48300 | score  191.37 | avg100  126.43 | grasp100  42.0% | best 0.520 |     28 st/s
    done(50): success=19 t_flicker=31
Ep 48350 | score  170.06 | avg100  124.63 | grasp100  42.0% | best 0.520 |     28 st/s
    done(50): success=23 t_flicker=24 t_touched=3
Ep 48400 | score  138.69 | avg100  128.43 | grasp100  46.0% | best 0.520 |     28 st/s
    done(50): success=23 t_flicker=27
Ep 48450 | score   53.58 | avg100  127.41 | grasp100  44.0% | best 0.520 |     28 st/s
    done(50): success=21 t_flicker=28 t_touched=1
  [primacy-bias reset of critic heads @ 650000 updates]
Ep 48500 | score  -13.53 | avg100   99.75 | grasp100  33.0% | best 0.520 |     28 st/s
    done(50): success=12 t_flicker=22 t_touched=5 t_no_reach=11
Ep 48550 | score   55.74 | avg100   43.02 | grasp100  12.0% | best 0.520 |     28 st/s
    done(50): t_flicker=14 t_touched=21 t_no_reach=15
Ep 48600 | score   61.85 | avg100   24.98 | grasp100   1.0% | best 0.520 |     28 st/s
    done(50): success=1 t_flicker=24 t_touched=16 t_no_reach=9
Ep 48650 | score   58.18 | avg100   46.51 | grasp100   3.0% | best 0.520 |     28 st/s
    done(50): success=2 t_flicker=39 t_touched=6 t_no_reach=3
Ep 48700 | score   57.53 | avg100   68.13 | grasp100  10.0% | best 0.520 |     28 st/s
    done(50): success=8 t_flicker=35 t_touched=7
Ep 48750 | score   80.59 | avg100   73.57 | grasp100  10.0% | best 0.520 |     28 st/s
    done(50): success=2 t_flicker=46 t_touched=1 t_no_reach=1
Ep 48800 | score   69.35 | avg100   78.11 | grasp100  10.0% | best 0.520 |     28 st/s
    done(50): success=8 t_flicker=39 t_touched=3
Ep 48850 | score   56.23 | avg100   83.82 | grasp100  14.0% | best 0.520 |     28 st/s
    done(50): success=6 t_flicker=42 t_touched=1 t_no_reach=1
Ep 48900 | score   58.40 | avg100   86.97 | grasp100  16.0% | best 0.520 |     28 st/s
    done(50): success=10 t_flicker=38 t_touched=2
Ep 48950 | score   66.05 | avg100   98.84 | grasp100  26.0% | best 0.520 |     28 st/s
    done(50): success=16 t_flicker=33 t_touched=1
Ep 49000 | score   59.17 | avg100  107.17 | grasp100  33.0% | best 0.520 |     28 st/s
    done(50): success=17 t_flicker=33
Ep 49050 | score   56.92 | avg100  110.84 | grasp100  35.0% | best 0.520 |     28 st/s
    done(50): success=18 t_flicker=32
Ep 49100 | score   54.43 | avg100  102.58 | grasp100  29.0% | best 0.520 |     28 st/s
    done(50): success=11 t_flicker=39
Ep 49150 | score   57.57 | avg100  105.45 | grasp100  30.0% | best 0.520 |     28 st/s
    done(50): success=19 t_flicker=31
Ep 49200 | score   61.04 | avg100  115.70 | grasp100  37.0% | best 0.520 |     28 st/s
    done(50): success=18 t_flicker=32
Ep 49250 | score  195.20 | avg100  123.86 | grasp100  42.0% | best 0.520 |     28 st/s
    done(50): success=24 t_flicker=25 t_touched=1
Ep 49300 | score  193.92 | avg100  135.18 | grasp100  49.0% | best 0.520 |     28 st/s
    done(50): success=25 t_flicker=25
Ep 49350 | score   57.98 | avg100  131.26 | grasp100  47.0% | best 0.520 |     28 st/s
    done(50): success=22 t_flicker=28
Ep 49400 | score   61.61 | avg100  113.98 | grasp100  35.0% | best 0.520 |     28 st/s
    done(50): success=13 t_flicker=37
Ep 49450 | score   57.10 | avg100  109.51 | grasp100  33.0% | best 0.520 |     28 st/s
    done(50): success=20 t_flicker=30
Ep 49500 | score   55.43 | avg100  118.89 | grasp100  40.0% | best 0.520 |     28 st/s
    done(50): success=20 t_flicker=29 t_touched=1
Ep 49550 | score  193.91 | avg100  123.19 | grasp100  43.0% | best 0.520 |     28 st/s
    done(50): success=23 t_flicker=27
Ep 49600 | score  208.76 | avg100  123.69 | grasp100  43.0% | best 0.520 |     28 st/s
    done(50): success=20 t_flicker=30
Ep 49650 | score   83.12 | avg100  120.78 | grasp100  41.0% | best 0.520 |     28 st/s
    done(50): success=21 t_flicker=26 t_touched=3
Ep 49700 | score   56.05 | avg100  119.26 | grasp100  41.0% | best 0.520 |     28 st/s
    done(50): success=20 t_flicker=29 t_touched=1
Ep 49750 | score  127.97 | avg100  119.90 | grasp100  38.0% | best 0.520 |     28 st/s
    done(50): success=18 t_flicker=31 t_no_reach=1
Ep 49800 | score   61.25 | avg100  120.84 | grasp100  40.0% | best 0.520 |     28 st/s
    done(50): success=22 t_flicker=27 t_touched=1
Ep 49850 | score   41.51 | avg100  119.68 | grasp100  42.0% | best 0.520 |     28 st/s
    done(50): success=20 t_flicker=30
Ep 49900 | score   87.05 | avg100  124.83 | grasp100  45.0% | best 0.520 |     28 st/s
    done(50): success=25 t_flicker=24 t_touched=1
Ep 49950 | score  204.39 | avg100  126.59 | grasp100  45.0% | best 0.520 |     28 st/s
    done(50): success=20 t_flicker=28 t_touched=2
Ep 50000 | score   95.90 | avg100  124.01 | grasp100  43.0% | best 0.520 |     28 st/s
    done(50): success=23 t_flicker=25 t_touched=2
Ep 50050 | score  193.28 | avg100  121.45 | grasp100  41.0% | best 0.520 |     28 st/s
    done(50): success=18 t_flicker=32
Ep 50100 | score   54.19 | avg100  106.47 | grasp100  31.0% | best 0.520 |     28 st/s
    done(50): success=13 t_flicker=35 t_touched=1 t_no_reach=1
Ep 50150 | score  159.67 | avg100  111.42 | grasp100  36.0% | best 0.520 |     28 st/s
    done(50): success=23 t_flicker=27
Ep 50200 | score   97.47 | avg100  131.09 | grasp100  49.0% | best 0.520 |     28 st/s
    done(50): success=26 t_flicker=24
Ep 50250 | score   58.03 | avg100  132.48 | grasp100  49.0% | best 0.520 |     28 st/s
    done(50): success=23 t_flicker=25 t_touched=1 t_no_reach=1
Ep 50300 | score  202.72 | avg100  128.47 | grasp100  48.0% | best 0.520 |     28 st/s
    done(50): success=25 t_flicker=24 t_touched=1
Ep 50350 | score  207.70 | avg100  131.20 | grasp100  51.0% | best 0.520 |     28 st/s
    done(50): success=26 t_flicker=21 t_touched=3
  [primacy-bias reset of critic heads @ 675000 updates]
Ep 50400 | score   -6.30 | avg100   98.75 | grasp100  38.0% | best 0.520 |     28 st/s
    done(50): success=12 t_flicker=14 t_touched=7 t_no_reach=17
Ep 50450 | score    8.52 | avg100   42.29 | grasp100  16.0% | best 0.520 |     28 st/s
    done(50): success=4 t_flicker=16 t_touched=10 t_no_reach=20
Ep 50500 | score   -4.99 | avg100   29.57 | grasp100   5.0% | best 0.520 |     28 st/s
    done(50): success=1 t_flicker=30 t_touched=9 t_no_reach=10
Ep 50550 | score   59.01 | avg100   47.65 | grasp100   3.0% | best 0.520 |     28 st/s
    done(50): success=2 t_flicker=40 t_touched=5 t_no_reach=3
Ep 50600 | score  102.80 | avg100   61.44 | grasp100   4.0% | best 0.520 |     28 st/s
    done(50): success=2 t_flicker=42 t_touched=4 t_no_reach=2
Ep 50650 | score   85.04 | avg100   76.13 | grasp100  12.0% | best 0.520 |     28 st/s
    done(50): success=10 t_flicker=38 t_touched=2
Ep 50700 | score   58.91 | avg100   87.51 | grasp100  19.0% | best 0.520 |     28 st/s
    done(50): success=9 t_flicker=38 t_touched=3
Ep 50750 | score   66.42 | avg100   89.87 | grasp100  19.0% | best 0.520 |     28 st/s
    done(50): success=10 t_flicker=40
Ep 50800 | score   54.55 | avg100   89.16 | grasp100  18.0% | best 0.520 |     28 st/s
    done(50): success=8 t_flicker=41 t_no_reach=1
Ep 50850 | score   56.61 | avg100   92.28 | grasp100  22.0% | best 0.520 |     28 st/s
    done(50): success=14 t_flicker=35 t_no_reach=1
Ep 50900 | score  201.64 | avg100  106.97 | grasp100  32.0% | best 0.520 |     28 st/s
    done(50): success=18 t_flicker=32
Ep 50950 | score   57.13 | avg100  104.20 | grasp100  30.0% | best 0.520 |     28 st/s
    done(50): success=12 t_flicker=37 t_no_reach=1
Ep 51000 | score   54.43 | avg100   99.37 | grasp100  26.0% | best 0.520 |     28 st/s
    done(50): success=14 t_flicker=35 t_touched=1
Ep 51050 | score   92.12 | avg100  109.41 | grasp100  33.0% | best 0.520 |     28 st/s
    done(50): success=19 t_flicker=30 t_touched=1
Ep 51100 | score  111.44 | avg100  115.33 | grasp100  39.0% | best 0.520 |     28 st/s
    done(50): success=20 t_flicker=29 t_no_reach=1
Ep 51150 | score  195.88 | avg100  116.96 | grasp100  39.0% | best 0.520 |     28 st/s
    done(50): success=19 t_flicker=31
Ep 51200 | score   55.20 | avg100  115.31 | grasp100  36.0% | best 0.520 |     28 st/s
    done(50): success=17 t_flicker=33
Ep 51250 | score   62.45 | avg100  120.75 | grasp100  38.0% | best 0.520 |     28 st/s
    done(50): success=21 t_flicker=29
Ep 51300 | score   58.59 | avg100  124.57 | grasp100  41.0% | best 0.520 |     28 st/s
    done(50): success=20 t_flicker=30
Ep 51350 | score   81.65 | avg100  132.57 | grasp100  49.0% | best 0.520 |     28 st/s
    done(50): success=29 t_flicker=20 t_touched=1
Ep 51400 | score  202.65 | avg100  141.51 | grasp100  56.0% | best 0.520 |     28 st/s
    done(50): success=27 t_flicker=23
Ep 51450 | score  173.52 | avg100  136.36 | grasp100  53.0% | best 0.520 |     28 st/s
    done(50): success=26 t_flicker=23 t_touched=1
Ep 51500 | score   57.65 | avg100  117.27 | grasp100  38.0% | best 0.520 |     28 st/s
    done(50): success=12 t_flicker=37 t_touched=1
Ep 51550 | score   56.53 | avg100  113.02 | grasp100  33.0% | best 0.520 |     28 st/s
    done(50): success=21 t_flicker=29
Ep 51600 | score  187.73 | avg100  123.12 | grasp100  43.0% | best 0.520 |     28 st/s
    done(50): success=22 t_flicker=26 t_touched=2
Ep 51650 | score  194.30 | avg100  113.43 | grasp100  38.0% | best 0.520 |     28 st/s
    done(50): success=16 t_flicker=33 t_touched=1
Ep 51700 | score   88.30 | avg100  123.50 | grasp100  43.0% | best 0.520 |     28 st/s
    done(50): success=27 t_flicker=22 t_touched=1
Ep 51750 | score  192.26 | avg100  132.48 | grasp100  48.0% | best 0.520 |     28 st/s
    done(50): success=21 t_flicker=27 t_touched=2
Ep 51800 | score  201.58 | avg100  122.90 | grasp100  42.0% | best 0.520 |     28 st/s
    done(50): success=21 t_flicker=28 t_touched=1
Ep 51850 | score  177.17 | avg100  124.82 | grasp100  44.0% | best 0.520 |     28 st/s
    done(50): success=23 t_flicker=27
Ep 51900 | score   56.51 | avg100  122.13 | grasp100  41.0% | best 0.520 |     28 st/s
    done(50): success=18 t_flicker=31 t_touched=1
Ep 51950 | score  198.56 | avg100  114.69 | grasp100  36.0% | best 0.520 |     28 st/s
    done(50): success=18 t_flicker=31 t_touched=1
Ep 52000 | score  201.59 | avg100  121.40 | grasp100  41.0% | best 0.520 |     28 st/s
    done(50): success=23 t_flicker=27
Ep 52050 | score   87.86 | avg100  133.42 | grasp100  49.0% | best 0.520 |     28 st/s
    done(50): success=26 t_flicker=22 t_touched=2
Ep 52100 | score   53.70 | avg100  127.91 | grasp100  46.0% | best 0.520 |     28 st/s
    done(50): success=20 t_flicker=30
Ep 52150 | score  100.12 | avg100  120.13 | grasp100  39.0% | best 0.520 |     28 st/s
    done(50): success=19 t_flicker=30 t_touched=1
Ep 52200 | score   53.48 | avg100  121.40 | grasp100  40.0% | best 0.520 |     28 st/s
    done(50): success=21 t_flicker=26 t_touched=1 t_no_reach=2
Ep 52250 | score   89.92 | avg100  122.93 | grasp100  39.0% | best 0.520 |     28 st/s
    done(50): success=18 t_flicker=32
  [primacy-bias reset of critic heads @ 700000 updates]
Ep 52300 | score  -23.79 | avg100   98.66 | grasp100  31.0% | best 0.520 |     28 st/s
    done(50): success=13 t_flicker=17 t_touched=5 t_no_reach=15
Ep 52350 | score  -15.12 | avg100   34.10 | grasp100  14.0% | best 0.520 |     28 st/s
    done(50): success=1 t_flicker=5 t_touched=8 t_no_reach=36
Ep 52400 | score   57.09 | avg100   10.39 | grasp100   1.0% | best 0.520 |     28 st/s
    done(50): t_flicker=27 t_touched=7 t_no_reach=16
Ep 52450 | score   87.79 | avg100   38.89 | grasp100   0.0% | best 0.520 |     28 st/s
    done(50): t_flicker=39 t_touched=8 t_no_reach=3
Ep 52500 | score   67.11 | avg100   57.42 | grasp100   1.0% | best 0.520 |     28 st/s
    done(50): success=1 t_flicker=45 t_touched=2 t_no_reach=2
Ep 52550 | score   37.47 | avg100   73.17 | grasp100  10.0% | best 0.520 |     28 st/s
    done(50): success=9 t_flicker=35 t_touched=3 t_no_reach=3
Ep 52600 | score   56.05 | avg100   83.83 | grasp100  18.0% | best 0.520 |     28 st/s
    done(50): success=9 t_flicker=39 t_touched=1 t_no_reach=1
Ep 52650 | score   18.26 | avg100   88.85 | grasp100  20.0% | best 0.520 |     28 st/s
    done(50): success=11 t_flicker=37 t_touched=2
Ep 52700 | score   92.78 | avg100   99.85 | grasp100  27.0% | best 0.520 |     28 st/s
    done(50): success=16 t_flicker=34
Ep 52750 | score   57.31 | avg100  105.84 | grasp100  31.0% | best 0.520 |     28 st/s
    done(50): success=15 t_flicker=33 t_touched=1 t_no_reach=1
Ep 52800 | score  206.35 | avg100  105.47 | grasp100  30.0% | best 0.520 |     28 st/s
    done(50): success=15 t_flicker=35
Ep 52850 | score  203.42 | avg100  109.09 | grasp100  34.0% | best 0.520 |     28 st/s
    done(50): success=19 t_flicker=31
Ep 52900 | score   76.42 | avg100  110.47 | grasp100  35.0% | best 0.520 |     28 st/s
    done(50): success=16 t_flicker=33 t_no_reach=1
Ep 52950 | score   56.54 | avg100  109.76 | grasp100  33.0% | best 0.520 |     28 st/s
    done(50): success=17 t_flicker=32 t_touched=1
Ep 53000 | score   82.33 | avg100   99.32 | grasp100  25.0% | best 0.520 |     28 st/s
    done(50): success=8 t_flicker=42
Ep 53050 | score   96.75 | avg100  115.77 | grasp100  34.0% | best 0.520 |     28 st/s
    done(50): success=26 t_flicker=24
Ep 53100 | score  203.69 | avg100  135.59 | grasp100  47.0% | best 0.520 |     28 st/s
    done(50): success=21 t_flicker=29
Ep 53150 | score  193.78 | avg100  123.72 | grasp100  42.0% | best 0.520 |     28 st/s
    done(50): success=21 t_flicker=29
Ep 53200 | score   58.40 | avg100  131.93 | grasp100  49.0% | best 0.520 |     28 st/s
    done(50): success=28 t_flicker=22
Ep 53250 | score   56.39 | avg100  128.08 | grasp100  45.0% | best 0.520 |     28 st/s
    done(50): success=17 t_flicker=29 t_touched=4
Ep 53300 | score  208.41 | avg100  121.58 | grasp100  40.0% | best 0.520 |     28 st/s
    done(50): success=23 t_flicker=26 t_no_reach=1
Ep 53350 | score  201.92 | avg100  130.12 | grasp100  47.0% | best 0.520 |     28 st/s
    done(50): success=24 t_flicker=25 t_no_reach=1
Ep 53400 | score   54.00 | avg100  126.23 | grasp100  44.0% | best 0.520 |     28 st/s
    done(50): success=20 t_flicker=29 t_touched=1
Ep 53450 | score   70.81 | avg100  120.85 | grasp100  39.0% | best 0.520 |     28 st/s
    done(50): success=19 t_flicker=30 t_touched=1
Ep 53500 | score   54.12 | avg100  127.08 | grasp100  43.0% | best 0.520 |     28 st/s
    done(50): success=24 t_flicker=26
Ep 53550 | score   59.33 | avg100  126.74 | grasp100  42.0% | best 0.520 |     28 st/s
    done(50): success=18 t_flicker=31 t_no_reach=1
Ep 53600 | score  206.55 | avg100  126.85 | grasp100  43.0% | best 0.520 |     28 st/s
    done(50): success=25 t_flicker=23 t_touched=1 t_no_reach=1
Ep 53650 | score   59.93 | avg100  131.48 | grasp100  46.0% | best 0.520 |     28 st/s
    done(50): success=21 t_flicker=29
Ep 53700 | score  194.15 | avg100  124.46 | grasp100  42.0% | best 0.520 |     28 st/s
    done(50): success=21 t_flicker=28 t_touched=1
Ep 53750 | score  191.97 | avg100  127.68 | grasp100  46.0% | best 0.520 |     28 st/s
    done(50): success=25 t_flicker=23 t_touched=2
Ep 53800 | score   57.97 | avg100  134.66 | grasp100  51.0% | best 0.520 |     28 st/s
    done(50): success=26 t_flicker=24
Ep 53850 | score   58.01 | avg100  130.76 | grasp100  47.0% | best 0.520 |     28 st/s
    done(50): success=21 t_flicker=28 t_touched=1
Ep 53900 | score   65.40 | avg100  124.91 | grasp100  43.0% | best 0.520 |     28 st/s
    done(50): success=22 t_flicker=28
Ep 53950 | score   55.72 | avg100  124.23 | grasp100  42.0% | best 0.520 |     28 st/s
    done(50): success=20 t_flicker=30
Ep 54000 | score   58.96 | avg100  124.80 | grasp100  41.0% | best 0.520 |     28 st/s
    done(50): success=21 t_flicker=28 t_touched=1
Ep 54050 | score   58.07 | avg100  117.95 | grasp100  37.0% | best 0.520 |     28 st/s
    done(50): success=16 t_flicker=34
Ep 54100 | score  194.28 | avg100  119.94 | grasp100  37.0% | best 0.520 |     28 st/s
    done(50): success=21 t_flicker=28 t_touched=1
  [primacy-bias reset of critic heads @ 725000 updates]
Ep 54150 | score   24.85 | avg100  122.81 | grasp100  41.0% | best 0.520 |     28 st/s
    done(50): success=20 t_flicker=28 t_touched=2
Ep 54200 | score   28.70 | avg100   65.06 | grasp100  21.0% | best 0.520 |     28 st/s
    done(50): success=1 t_flicker=24 t_touched=9 t_no_reach=16
Ep 54250 | score   40.58 | avg100   25.47 | grasp100   1.0% | best 0.520 |     28 st/s
    done(50): t_flicker=36 t_touched=8 t_no_reach=6
Ep 54300 | score  104.92 | avg100   51.44 | grasp100   3.0% | best 0.520 |     28 st/s
    done(50): success=3 t_flicker=42 t_touched=3 t_no_reach=2
Ep 54350 | score  -15.11 | avg100   70.24 | grasp100  11.0% | best 0.520 |     28 st/s
    done(50): success=8 t_flicker=38 t_touched=3 t_no_reach=1
Ep 54400 | score   89.96 | avg100   79.26 | grasp100  16.0% | best 0.520 |     28 st/s
    done(50): success=8 t_flicker=39 t_touched=1 t_no_reach=2
Ep 54450 | score   79.52 | avg100   85.27 | grasp100  18.0% | best 0.520 |     28 st/s
    done(50): success=10 t_flicker=36 t_touched=3 t_no_reach=1
Ep 54500 | score   57.50 | avg100   91.55 | grasp100  22.0% | best 0.520 |     28 st/s
    done(50): success=12 t_flicker=36 t_touched=2
Ep 54550 | score  208.12 | avg100   96.93 | grasp100  26.0% | best 0.520 |     28 st/s
    done(50): success=14 t_flicker=35 t_touched=1
Ep 54600 | score   60.26 | avg100   98.27 | grasp100  27.0% | best 0.520 |     28 st/s
    done(50): success=13 t_flicker=36 t_no_reach=1
Ep 54650 | score  196.98 | avg100  110.54 | grasp100  32.0% | best 0.520 |     28 st/s
    done(50): success=19 t_flicker=31
Ep 54700 | score  205.07 | avg100  112.59 | grasp100  32.0% | best 0.520 |     28 st/s
    done(50): success=13 t_flicker=36 t_touched=1
Ep 54750 | score  210.55 | avg100  102.65 | grasp100  27.0% | best 0.520 |     28 st/s
    done(50): success=14 t_flicker=33 t_touched=3
Ep 54800 | score   62.00 | avg100  102.45 | grasp100  27.0% | best 0.520 |     28 st/s
    done(50): success=13 t_flicker=36 t_no_reach=1
Ep 54850 | score   58.36 | avg100  107.08 | grasp100  30.0% | best 0.520 |     28 st/s
    done(50): success=17 t_flicker=33
Ep 54900 | score  153.02 | avg100  113.40 | grasp100  35.0% | best 0.520 |     28 st/s
    done(50): success=18 t_flicker=30 t_touched=2
Ep 54950 | score  209.08 | avg100  119.24 | grasp100  39.0% | best 0.520 |     28 st/s
    done(50): success=21 t_flicker=28 t_no_reach=1
Ep 55000 | score  203.75 | avg100  128.16 | grasp100  45.0% | best 0.520 |     28 st/s
    done(50): success=24 t_flicker=26

========================================================================
DONE  td3_ln_cereal_align_s1
  Episodes     : 55000
  Env steps    : 1,841,815  (65683s)
  Best metric  : 0.520  (policy in /home/fahim/Thesis_fahim/pickandplace/checkpoints/td3_grasp_rand_td3_ln_cereal_align_s1/best)
  Final grasp% : 45.0
  CSV          : /home/fahim/Thesis_fahim/pickandplace/logs/grasp_rand_td3_ln_cereal_align_s1/episodes.csv
  Probe CSV    : /home/fahim/Thesis_fahim/pickandplace/logs/grasp_rand_td3_ln_cereal_align_s1/probe.csv
  Manifest     : /home/fahim/Thesis_fahim/pickandplace/logs/grasp_rand_td3_ln_cereal_align_s1/manifest.json
========================================================================

