========================================================================
RANDOM-SPAWN GRASP RETRAINING  |  algo=td3_ln  run=td3_ln_cereal_base_s0
========================================================================
  Envs                : 5 (subprocess-parallel, fork)
  Spawn level         : 2.0 (1.0 = full position box, 2.0 = + z-rotation)
  Updates/vec-step    : 2 (0.400 per env-step; historical baseline 0.5)
  Buffer              : 2,000,000
  Actor               : 64 -> 32  (5,216 weights)  [critics 512->256]
  Warm start          : checkpoints/td3_grasp_rand_best_0355_backup
  Checkpoints         : /home/fahim/Thesis_fahim/pickandplace/checkpoints/td3_grasp_rand_td3_ln_cereal_base_s0
========================================================================

Spawning 5 subprocess environments (fork)...
[robosuite WARNING] No private macro file found! (__init__.py:7)
[robosuite WARNING] No private macro file found! (__init__.py:7)
[robosuite WARNING] No private macro file found! (__init__.py:7)
[robosuite WARNING] It is recommended to use a private macro file (__init__.py:8)
[robosuite WARNING] It is recommended to use a private macro file (__init__.py:8)
[robosuite WARNING] To setup, run: python /home/fahim/Thesis_fahim/venv/lib/python3.12/site-packages/robosuite/scripts/setup_macros.py (__init__.py:9)
[robosuite WARNING] To setup, run: python /home/fahim/Thesis_fahim/venv/lib/python3.12/site-packages/robosuite/scripts/setup_macros.py (__init__.py:9)
[robosuite WARNING] It is recommended to use a private macro file (__init__.py:8)
[robosuite WARNING] To setup, run: python /home/fahim/Thesis_fahim/venv/lib/python3.12/site-packages/robosuite/scripts/setup_macros.py (__init__.py:9)
[robosuite WARNING] No private macro file found! (__init__.py:7)
[robosuite WARNING] No private macro file found! (__init__.py:7)
[robosuite WARNING] It is recommended to use a private macro file (__init__.py:8)
[robosuite WARNING] To setup, run: python /home/fahim/Thesis_fahim/venv/lib/python3.12/site-packages/robosuite/scripts/setup_macros.py (__init__.py:9)
[robosuite WARNING] It is recommended to use a private macro file (__init__.py:8)
[robosuite WARNING] To setup, run: python /home/fahim/Thesis_fahim/venv/lib/python3.12/site-packages/robosuite/scripts/setup_macros.py (__init__.py:9)
Gym has been unmaintained since 2022 and does not support NumPy 2.0 amongst other critical functionality.
Please upgrade to Gymnasium, the maintained drop-in replacement of Gym, or contact the authors of your software and request that they upgrade.
See the migration guide at https://gymnasium.farama.org/introduction/migration_guide/ for additional information.
Gym has been unmaintained since 2022 and does not support NumPy 2.0 amongst other critical functionality.
Please upgrade to Gymnasium, the maintained drop-in replacement of Gym, or contact the authors of your software and request that they upgrade.
See the migration guide at https://gymnasium.farama.org/introduction/migration_guide/ for additional information.Gym has been unmaintained since 2022 and does not support NumPy 2.0 amongst other critical functionality.
Please upgrade to Gymnasium, the maintained drop-in replacement of Gym, or contact the authors of your software and request that they upgrade.
See the migration guide at https://gymnasium.farama.org/introduction/migration_guide/ for additional information.

Gym has been unmaintained since 2022 and does not support NumPy 2.0 amongst other critical functionality.
Please upgrade to Gymnasium, the maintained drop-in replacement of Gym, or contact the authors of your software and request that they upgrade.
See the migration guide at https://gymnasium.farama.org/introduction/migration_guide/ for additional information.
Gym has been unmaintained since 2022 and does not support NumPy 2.0 amongst other critical functionality.
Please upgrade to Gymnasium, the maintained drop-in replacement of Gym, or contact the authors of your software and request that they upgrade.
See the migration guide at https://gymnasium.farama.org/introduction/migration_guide/ for additional information.
/home/fahim/Thesis_fahim/venv/lib/python3.12/site-packages/gym/spaces/box.py:84: UserWarning: [33mWARN: Box bound precision lowered by casting to float32[0m
  logger.warn(f"Box bound precision lowered by casting to {self.dtype}")
/home/fahim/Thesis_fahim/venv/lib/python3.12/site-packages/gym/spaces/box.py:84: UserWarning: [33mWARN: Box bound precision lowered by casting to float32[0m
  logger.warn(f"Box bound precision lowered by casting to {self.dtype}")
/home/fahim/Thesis_fahim/venv/lib/python3.12/site-packages/gym/spaces/box.py:84: UserWarning: [33mWARN: Box bound precision lowered by casting to float32[0m
  logger.warn(f"Box bound precision lowered by casting to {self.dtype}")
/home/fahim/Thesis_fahim/venv/lib/python3.12/site-packages/gym/spaces/box.py:84: UserWarning: [33mWARN: Box bound precision lowered by casting to float32[0m
  logger.warn(f"Box bound precision lowered by casting to {self.dtype}")
/home/fahim/Thesis_fahim/venv/lib/python3.12/site-packages/gym/spaces/box.py:84: UserWarning: [33mWARN: Box bound precision lowered by casting to float32[0m
  logger.warn(f"Box bound precision lowered by casting to {self.dtype}")
Gym has been unmaintained since 2022 and does not support NumPy 2.0 amongst other critical functionality.
Please upgrade to Gymnasium, the maintained drop-in replacement of Gym, or contact the authors of your software and request that they upgrade.
See the migration guide at https://gymnasium.farama.org/introduction/migration_guide/ for additional information.
5 environments ready.

  Actor QAT           : per-tensor INT8 fake-quant, STE grads
  Actor weight clip   : |w| <= 8.0 * std(w) per Linear tensor (bi_s0 baseline fc1 9.96 / fc2 10.82)
Init: cold (source: /home/fahim/Thesis_fahim/pickandplace/checkpoints/td3_grasp_rand_best_0355_backup)
Fresh replay buffer.

Training...

Ep    50 | score  -77.40 | avg100  -76.89 | grasp100   0.0% | best 0.000 |    191 st/s
    done(50): t_no_reach=50
Ep   100 | score  -79.92 | avg100  -78.35 | grasp100   0.0% | best 0.000 |     99 st/s
    done(50): t_no_reach=50
Ep   150 | score  -79.83 | avg100  -79.52 | grasp100   0.0% | best 0.000 |     84 st/s
    done(50): t_no_reach=50
Ep   200 | score  -79.72 | avg100  -78.02 | grasp100   0.0% | best 0.000 |     78 st/s
    done(50): t_no_reach=50
Ep   250 | score  -76.21 | avg100  -77.10 | grasp100   0.0% | best 0.000 |     75 st/s
    done(50): t_no_reach=50
Ep   300 | score  -78.96 | avg100  -77.03 | grasp100   0.0% | best 0.000 |     73 st/s
    done(50): t_touched=1 t_no_reach=49
Ep   350 | score  -79.82 | avg100  -77.50 | grasp100   0.0% | best 0.000 |     72 st/s
    done(50): t_touched=1 t_no_reach=49
  [primacy-bias reset of critic heads @ 25000 updates]
Ep   400 | score  -78.88 | avg100  -75.96 | grasp100   0.0% | best 0.000 |     71 st/s
    done(50): t_touched=2 t_no_reach=48
Ep   450 | score  -64.84 | avg100  -73.77 | grasp100   0.0% | best 0.000 |     70 st/s
    done(50): t_touched=1 t_no_reach=49
Ep   500 | score  -74.76 | avg100  -69.24 | grasp100   0.0% | best 0.000 |     70 st/s
    done(50): t_touched=2 t_no_reach=48
Ep   550 | score  -79.98 | avg100  -66.56 | grasp100   0.0% | best 0.000 |     69 st/s
    done(50): t_flicker=1 t_touched=1 t_no_reach=48
Ep   600 | score  -77.84 | avg100  -72.38 | grasp100   0.0% | best 0.000 |     69 st/s
    done(50): t_touched=1 t_no_reach=49
Ep   650 | score  -79.23 | avg100  -75.51 | grasp100   0.0% | best 0.000 |     68 st/s
    done(50): t_touched=1 t_no_reach=49
  [primacy-bias reset of critic heads @ 50000 updates]
Ep   700 | score  -71.27 | avg100  -71.08 | grasp100   0.0% | best 0.000 |     68 st/s
    done(50): t_flicker=2 t_touched=2 t_no_reach=46
Ep   750 | score  -41.11 | avg100  -66.32 | grasp100   0.0% | best 0.000 |     68 st/s
    done(50): t_touched=1 t_no_reach=49
Ep   800 | score  -79.23 | avg100  -64.77 | grasp100   0.0% | best 0.000 |     68 st/s
    done(50): t_no_reach=50
Ep   850 | score  -75.55 | avg100  -64.90 | grasp100   0.0% | best 0.000 |     67 st/s
    done(50): t_flicker=1 t_touched=1 t_no_reach=48
Ep   900 | score  -39.37 | avg100  -66.46 | grasp100   0.0% | best 0.000 |     67 st/s
    done(50): t_touched=3 t_no_reach=47
Ep   950 | score  -76.71 | avg100  -68.39 | grasp100   0.0% | best 0.000 |     67 st/s
    done(50): t_touched=2 t_no_reach=48
  [primacy-bias reset of critic heads @ 75000 updates]
Ep  1000 | score  -79.94 | avg100  -70.34 | grasp100   0.0% | best 0.000 |     67 st/s
    done(50): t_flicker=1 t_no_reach=49
Ep  1050 | score  -79.68 | avg100  -75.44 | grasp100   0.0% | best 0.000 |     67 st/s
    done(50): t_no_reach=50
Ep  1100 | score  -77.40 | avg100  -71.63 | grasp100   0.0% | best 0.000 |     66 st/s
    done(50): t_touched=3 t_no_reach=47
Ep  1150 | score  -78.35 | avg100  -66.11 | grasp100   0.0% | best 0.000 |     66 st/s
    done(50): t_touched=1 t_no_reach=49
Ep  1200 | score  -78.59 | avg100  -72.42 | grasp100   0.0% | best 0.000 |     66 st/s
    done(50): t_no_reach=50
Ep  1250 | score  -78.81 | avg100  -76.00 | grasp100   0.0% | best 0.000 |     66 st/s
    done(50): t_no_reach=50
Ep  1300 | score  -79.63 | avg100  -76.85 | grasp100   0.0% | best 0.000 |     66 st/s
    done(50): t_no_reach=50
  [primacy-bias reset of critic heads @ 100000 updates]
Ep  1350 | score  -78.27 | avg100  -78.29 | grasp100   0.0% | best 0.000 |     66 st/s
    done(50): t_no_reach=50
Ep  1400 | score  -79.83 | avg100  -78.53 | grasp100   0.0% | best 0.000 |     66 st/s
    done(50): t_no_reach=50
Ep  1450 | score  -76.04 | avg100  -76.08 | grasp100   0.0% | best 0.000 |     66 st/s
    done(50): t_touched=1 t_no_reach=49
Ep  1500 | score  -79.92 | avg100  -71.17 | grasp100   0.0% | best 0.000 |     66 st/s
    done(50): t_flicker=1 t_no_reach=49
Ep  1550 | score  -57.84 | avg100  -70.50 | grasp100   0.0% | best 0.000 |     66 st/s
    done(50): t_touched=1 t_no_reach=49
Ep  1600 | score  -78.35 | avg100  -72.41 | grasp100   0.0% | best 0.000 |     66 st/s
    done(50): t_flicker=1 t_touched=1 t_no_reach=48
  [primacy-bias reset of critic heads @ 125000 updates]
Ep  1650 | score  -77.57 | avg100  -73.53 | grasp100   0.0% | best 0.000 |     65 st/s
    done(50): t_touched=1 t_no_reach=49
Ep  1700 | score  -26.31 | avg100  -72.44 | grasp100   0.0% | best 0.000 |     65 st/s
    done(50): t_flicker=1 t_no_reach=49
Ep  1750 | score  -43.83 | avg100  -68.83 | grasp100   0.0% | best 0.000 |     65 st/s
    done(50): t_flicker=2 t_touched=1 t_no_reach=47
Ep  1800 | score  -53.02 | avg100  -64.06 | grasp100   0.0% | best 0.000 |     65 st/s
    done(50): t_touched=3 t_no_reach=47
Ep  1850 | score  -77.80 | avg100  -62.04 | grasp100   0.0% | best 0.000 |     65 st/s
    done(50): t_flicker=2 t_touched=5 t_no_reach=43
Ep  1900 | score  -41.14 | avg100  -56.41 | grasp100   0.0% | best 0.000 |     65 st/s
    done(50): t_flicker=3 t_touched=3 t_no_reach=44
  [primacy-bias reset of critic heads @ 150000 updates]
Ep  1950 | score  -79.62 | avg100  -52.70 | grasp100   0.0% | best 0.000 |     65 st/s
    done(50): t_flicker=2 t_touched=2 t_no_reach=46
Ep  2000 | score  -70.57 | avg100  -58.55 | grasp100   0.0% | best 0.000 |     65 st/s
    done(50): t_flicker=1 t_touched=2 t_no_reach=47
Ep  2050 | score  -50.00 | avg100  -62.77 | grasp100   0.0% | best 0.000 |     65 st/s
    done(50): t_flicker=4 t_no_reach=46
Ep  2100 | score   -3.78 | avg100  -56.75 | grasp100   0.0% | best 0.000 |     65 st/s
    done(50): t_flicker=4 t_touched=2 t_no_reach=44
Ep  2150 | score  -23.24 | avg100  -49.34 | grasp100   0.0% | best 0.000 |     64 st/s
    done(50): t_flicker=3 t_touched=6 t_no_reach=41
Ep  2200 | score  -34.67 | avg100  -49.15 | grasp100   0.0% | best 0.000 |     62 st/s
    done(50): t_flicker=2 t_touched=6 t_no_reach=42
  [primacy-bias reset of critic heads @ 175000 updates]
Ep  2250 | score  -73.08 | avg100  -52.41 | grasp100   0.0% | best 0.000 |     61 st/s
    done(50): t_touched=6 t_no_reach=44
Ep  2300 | score  -27.32 | avg100  -60.88 | grasp100   0.0% | best 0.000 |     60 st/s
    done(50): t_touched=3 t_no_reach=47
Ep  2350 | score  -44.80 | avg100  -60.18 | grasp100   0.0% | best 0.000 |     59 st/s
    done(50): t_flicker=4 t_touched=8 t_no_reach=38
Ep  2400 | score  -48.38 | avg100  -54.57 | grasp100   0.0% | best 0.000 |     58 st/s
    done(50): t_flicker=2 t_touched=3 t_no_reach=45
Ep  2450 | score  -24.36 | avg100  -55.94 | grasp100   0.0% | best 0.000 |     57 st/s
    done(50): t_touched=1 t_no_reach=49
Ep  2500 | score  -67.85 | avg100  -53.00 | grasp100   0.0% | best 0.000 |     56 st/s
    done(50): t_flicker=3 t_touched=5 t_no_reach=42
Ep  2550 | score  -31.29 | avg100  -51.01 | grasp100   0.0% | best 0.000 |     55 st/s
    done(50): t_flicker=2 t_touched=4 t_no_reach=44
  [primacy-bias reset of critic heads @ 200000 updates]
Ep  2600 | score  -59.20 | avg100  -61.59 | grasp100   0.0% | best 0.000 |     55 st/s
    done(50): t_flicker=1 t_touched=2 t_no_reach=47
Ep  2650 | score  -50.29 | avg100  -64.77 | grasp100   0.0% | best 0.000 |     54 st/s
    done(50): t_flicker=1 t_touched=7 t_no_reach=42
Ep  2700 | score   23.33 | avg100  -56.18 | grasp100   0.0% | best 0.000 |     53 st/s
    done(50): t_flicker=3 t_touched=7 t_no_reach=40
Ep  2750 | score  -50.87 | avg100  -39.97 | grasp100   0.0% | best 0.000 |     53 st/s
    done(50): t_flicker=7 t_touched=6 t_no_reach=37
Ep  2800 | score  -44.15 | avg100  -29.46 | grasp100   0.0% | best 0.000 |     52 st/s
    done(50): t_flicker=5 t_touched=7 t_no_reach=38
Ep  2850 | score  -35.63 | avg100  -35.41 | grasp100   0.0% | best 0.000 |     52 st/s
    done(50): t_flicker=9 t_touched=6 t_no_reach=35
  [primacy-bias reset of critic heads @ 225000 updates]
Ep  2900 | score  -78.35 | avg100  -45.36 | grasp100   0.0% | best 0.000 |     51 st/s
    done(50): t_flicker=3 t_touched=6 t_no_reach=41
Ep  2950 | score  -75.08 | avg100  -55.11 | grasp100   0.0% | best 0.000 |     51 st/s
    done(50): t_flicker=1 t_touched=6 t_no_reach=43
Ep  3000 | score  -58.76 | avg100  -49.00 | grasp100   0.0% | best 0.000 |     50 st/s
    done(50): t_flicker=6 t_touched=5 t_no_reach=39
Ep  3050 | score   45.07 | avg100  -34.84 | grasp100   0.0% | best 0.000 |     50 st/s
    done(50): t_flicker=3 t_touched=8 t_no_reach=39
Ep  3100 | score  -46.27 | avg100  -34.18 | grasp100   0.0% | best 0.000 |     49 st/s
    done(50): t_flicker=4 t_touched=7 t_no_reach=39
Ep  3150 | score  -59.97 | avg100  -36.15 | grasp100   0.0% | best 0.000 |     49 st/s
    done(50): t_flicker=6 t_touched=9 t_no_reach=35
  [primacy-bias reset of critic heads @ 250000 updates]
Ep  3200 | score  -47.82 | avg100  -35.31 | grasp100   0.0% | best 0.000 |     49 st/s
    done(50): t_flicker=3 t_touched=6 t_no_reach=41
Ep  3250 | score   35.63 | avg100  -36.06 | grasp100   0.0% | best 0.000 |     48 st/s
    done(50): t_flicker=5 t_touched=7 t_no_reach=38
Ep  3300 | score    2.13 | avg100  -33.02 | grasp100   0.0% | best 0.000 |     48 st/s
    done(50): t_flicker=6 t_touched=10 t_no_reach=34
Ep  3350 | score   54.56 | avg100  -19.86 | grasp100   0.0% | best 0.000 |     48 st/s
    done(50): t_flicker=9 t_touched=7 t_no_reach=34
Ep  3400 | score  -16.30 | avg100  -11.65 | grasp100   0.0% | best 0.000 |     47 st/s
    done(50): t_flicker=5 t_touched=10 t_no_reach=35
Ep  3450 | score  -51.50 | avg100  -12.74 | grasp100   0.0% | best 0.000 |     47 st/s
    done(50): t_flicker=9 t_touched=15 t_no_reach=26
Ep  3500 | score   -7.27 | avg100   -6.41 | grasp100   0.0% | best 0.000 |     47 st/s
    done(50): t_flicker=11 t_touched=14 t_no_reach=25
  [primacy-bias reset of critic heads @ 275000 updates]
Ep  3550 | score  -29.14 | avg100  -28.56 | grasp100   0.0% | best 0.000 |     46 st/s
    done(50): t_flicker=1 t_touched=4 t_no_reach=45
Ep  3600 | score  103.20 | avg100  -35.26 | grasp100   0.0% | best 0.000 |     46 st/s
    done(50): t_flicker=10 t_touched=9 t_no_reach=31
Ep  3650 | score   12.07 | avg100  -17.75 | grasp100   0.0% | best 0.000 |     46 st/s
    done(50): t_flicker=4 t_touched=21 t_no_reach=25
Ep  3700 | score  -47.01 | avg100   -6.89 | grasp100   0.0% | best 0.000 |     46 st/s
    done(50): t_flicker=10 t_touched=19 t_no_reach=21
Ep  3750 | score  -54.42 | avg100    2.49 | grasp100   0.0% | best 0.000 |     45 st/s
    done(50): t_flicker=9 t_touched=19 t_no_reach=22
Ep  3800 | score  -14.85 | avg100   -0.58 | grasp100   0.0% | best 0.000 |     45 st/s
    done(50): t_flicker=6 t_touched=21 t_no_reach=23
  [primacy-bias reset of critic heads @ 300000 updates]
Ep  3850 | score  -71.41 | avg100  -19.98 | grasp100   0.0% | best 0.000 |     45 st/s
    done(50): t_flicker=1 t_touched=11 t_no_reach=38
Ep  3900 | score  -38.49 | avg100  -29.36 | grasp100   0.0% | best 0.000 |     45 st/s
    done(50): t_flicker=4 t_touched=12 t_no_reach=34
Ep  3950 | score   41.84 | avg100   -9.41 | grasp100   0.0% | best 0.000 |     44 st/s
    done(50): t_flicker=16 t_touched=10 t_no_reach=24
Ep  4000 | score  -19.93 | avg100    9.54 | grasp100   0.0% | best 0.000 |     44 st/s
    done(50): t_flicker=12 t_touched=20 t_no_reach=18
Ep  4050 | score  138.56 | avg100   21.57 | grasp100   0.0% | best 0.000 |     44 st/s
    done(50): t_flicker=12 t_touched=23 t_no_reach=15
Ep  4100 | score    5.56 | avg100   24.41 | grasp100   0.0% | best 0.000 |     44 st/s
    done(50): t_flicker=11 t_touched=23 t_no_reach=16
  [primacy-bias reset of critic heads @ 325000 updates]
Ep  4150 | score  -79.89 | avg100   20.88 | grasp100   0.0% | best 0.000 |     44 st/s
    done(50): t_flicker=10 t_touched=18 t_no_reach=22
Ep  4200 | score   54.78 | avg100  -22.14 | grasp100   0.0% | best 0.000 |     44 st/s
    done(50): t_flicker=1 t_touched=3 t_no_reach=46
Ep  4250 | score  -52.43 | avg100  -25.99 | grasp100   0.0% | best 0.000 |     43 st/s
    done(50): t_flicker=16 t_touched=15 t_no_reach=19
Ep  4300 | score  -37.41 | avg100   14.95 | grasp100   0.0% | best 0.000 |     43 st/s
    done(50): t_flicker=14 t_touched=19 t_no_reach=17
Ep  4350 | score  -21.91 | avg100   18.78 | grasp100   0.0% | best 0.000 |     43 st/s
    done(50): t_flicker=16 t_touched=12 t_no_reach=22
Ep  4400 | score   20.70 | avg100   20.24 | grasp100   0.0% | best 0.000 |     43 st/s
    done(50): t_flicker=18 t_touched=16 t_no_reach=16
Ep  4450 | score  127.17 | avg100   30.79 | grasp100   0.0% | best 0.000 |     43 st/s
    done(50): t_flicker=19 t_touched=19 t_no_reach=12
  [primacy-bias reset of critic heads @ 350000 updates]
Ep  4500 | score   21.39 | avg100   26.21 | grasp100   0.0% | best 0.000 |     43 st/s
    done(50): t_flicker=14 t_touched=16 t_no_reach=20
Ep  4550 | score  176.79 | avg100   25.67 | grasp100   0.0% | best 0.000 |     43 st/s
    done(50): t_flicker=20 t_touched=10 t_no_reach=20
Ep  4600 | score  112.62 | avg100   39.28 | grasp100   1.0% | best 0.000 |     42 st/s
    done(50): success=1 t_flicker=23 t_touched=13 t_no_reach=13
Ep  4650 | score   54.28 | avg100   35.28 | grasp100   1.0% | best 0.000 |     42 st/s
    done(50): t_flicker=21 t_touched=14 t_no_reach=15
Ep  4700 | score  -73.25 | avg100   43.32 | grasp100   1.0% | best 0.000 |     42 st/s
    done(50): success=1 t_flicker=25 t_touched=14 t_no_reach=10
Ep  4740 | * BEST  level200=2.00 grasp200=  1.5% metric=0.015 | score  189.40
Ep  4750 | score  -37.91 | avg100   38.11 | grasp100   2.0% | best 0.015 |     42 st/s
    done(50): success=1 t_flicker=12 t_touched=15 t_no_reach=22
Ep  4800 | score   18.80 | avg100   24.04 | grasp100   1.0% | best 0.015 |     42 st/s
    done(50): t_flicker=21 t_touched=15 t_no_reach=14
  [primacy-bias reset of critic heads @ 375000 updates]
Ep  4850 | score  -37.67 | avg100   21.04 | grasp100   0.0% | best 0.015 |     42 st/s
    done(50): t_flicker=11 t_touched=17 t_no_reach=22
Ep  4900 | score  -46.88 | avg100    4.83 | grasp100   0.0% | best 0.015 |     42 st/s
    done(50): t_flicker=15 t_touched=11 t_no_reach=24
Ep  4950 | score   30.29 | avg100    7.28 | grasp100   0.0% | best 0.015 |     42 st/s
    done(50): t_flicker=19 t_touched=17 t_no_reach=14
Ep  5000 | score   81.47 | avg100   23.97 | grasp100   0.0% | best 0.015 |     42 st/s
    done(50): t_flicker=29 t_touched=8 t_no_reach=13
Ep  5050 | score   -5.78 | avg100   31.21 | grasp100   0.0% | best 0.015 |     41 st/s
    done(50): t_flicker=16 t_touched=17 t_no_reach=17
Ep  5100 | score   30.13 | avg100   37.26 | grasp100   0.0% | best 0.015 |     41 st/s
    done(50): t_flicker=29 t_touched=12 t_no_reach=9
Ep  5150 | score   26.51 | avg100   39.03 | grasp100   0.0% | best 0.015 |     41 st/s
    done(50): t_flicker=21 t_touched=14 t_no_reach=15
  [primacy-bias reset of critic heads @ 400000 updates]
Ep  5200 | score  -13.07 | avg100   24.56 | grasp100   0.0% | best 0.015 |     41 st/s
    done(50): t_flicker=16 t_touched=14 t_no_reach=20
Ep  5250 | score   74.18 | avg100    9.48 | grasp100   0.0% | best 0.015 |     41 st/s
    done(50): t_flicker=17 t_touched=9 t_no_reach=24
Ep  5300 | score   68.36 | avg100   19.75 | grasp100   1.0% | best 0.015 |     41 st/s
    done(50): success=1 t_flicker=22 t_touched=14 t_no_reach=13
Ep  5350 | score   40.51 | avg100   35.60 | grasp100   1.0% | best 0.015 |     41 st/s
    done(50): t_flicker=23 t_touched=19 t_no_reach=8
Ep  5400 | score  -50.35 | avg100   43.16 | grasp100   0.0% | best 0.015 |     41 st/s
    done(50): t_flicker=28 t_touched=18 t_no_reach=4
Ep  5450 | score   58.07 | avg100   50.23 | grasp100   0.0% | best 0.015 |     41 st/s
    done(50): t_flicker=24 t_touched=15 t_no_reach=11
Ep  5500 | score   26.30 | avg100   53.79 | grasp100   1.0% | best 0.015 |     41 st/s
    done(50): success=1 t_flicker=28 t_touched=13 t_no_reach=8
Ep  5550 | score   25.48 | avg100   53.84 | grasp100   1.0% | best 0.015 |     41 st/s
    done(50): t_flicker=24 t_touched=16 t_no_reach=10
  [primacy-bias reset of critic heads @ 425000 updates]
Ep  5600 | score   42.83 | avg100   32.97 | grasp100   0.0% | best 0.015 |     40 st/s
    done(50): t_flicker=16 t_touched=14 t_no_reach=20
Ep  5650 | score  104.83 | avg100   29.43 | grasp100   0.0% | best 0.015 |     40 st/s
    done(50): t_flicker=26 t_touched=17 t_no_reach=7
Ep  5700 | score  160.79 | avg100   49.76 | grasp100   0.0% | best 0.015 |     40 st/s
    done(50): t_flicker=27 t_touched=17 t_no_reach=6
Ep  5750 | score   85.76 | avg100   57.59 | grasp100   0.0% | best 0.015 |     40 st/s
    done(50): t_flicker=31 t_touched=16 t_no_reach=3
Ep  5800 | score  109.77 | avg100   61.23 | grasp100   0.0% | best 0.015 |     40 st/s
    done(50): t_flicker=34 t_touched=12 t_no_reach=4
Ep  5850 | score   68.26 | avg100   60.91 | grasp100   1.0% | best 0.015 |     40 st/s
    done(50): success=1 t_flicker=27 t_touched=16 t_no_reach=6
Ep  5900 | score  116.72 | avg100   60.98 | grasp100   4.0% | best 0.015 |     40 st/s
    done(50): success=3 t_flicker=23 t_touched=13 t_no_reach=11
  [primacy-bias reset of critic heads @ 450000 updates]
Ep  5950 | score  -35.84 | avg100   57.49 | grasp100   4.0% | best 0.015 |     40 st/s
    done(50): success=1 t_flicker=21 t_touched=18 t_no_reach=10
Ep  5975 | * BEST  level200=2.00 grasp200=  3.0% metric=0.030 | score  207.49
Ep  6000 | score   51.84 | avg100   29.99 | grasp100   2.0% | best 0.030 |     40 st/s
    done(50): success=1 t_flicker=15 t_touched=15 t_no_reach=19
Ep  6050 | score   61.22 | avg100   27.42 | grasp100   1.0% | best 0.030 |     40 st/s
    done(50): t_flicker=26 t_touched=16 t_no_reach=8
Ep  6100 | score   37.84 | avg100   49.18 | grasp100   0.0% | best 0.030 |     40 st/s
    done(50): t_flicker=30 t_touched=12 t_no_reach=8
Ep  6150 | score   61.39 | avg100   54.62 | grasp100   0.0% | best 0.030 |     40 st/s
    done(50): t_flicker=24 t_touched=23 t_no_reach=3
Ep  6200 | score   87.93 | avg100   57.79 | grasp100   0.0% | best 0.030 |     40 st/s
    done(50): t_flicker=31 t_touched=12 t_no_reach=7
Ep  6250 | score  107.51 | avg100   60.78 | grasp100   0.0% | best 0.030 |     40 st/s
    done(50): t_flicker=30 t_touched=18 t_no_reach=2
Ep  6300 | score   56.70 | avg100   72.21 | grasp100   0.0% | best 0.030 |     40 st/s
    done(50): t_flicker=30 t_touched=16 t_no_reach=4
Ep  6350 | score   57.60 | avg100   71.52 | grasp100   0.0% | best 0.030 |     40 st/s
    done(50): t_flicker=32 t_touched=14 t_no_reach=4
  [primacy-bias reset of critic heads @ 475000 updates]
Ep  6400 | score   82.00 | avg100   37.64 | grasp100   0.0% | best 0.030 |     39 st/s
    done(50): t_flicker=13 t_touched=14 t_no_reach=23
Ep  6450 | score   31.94 | avg100   32.22 | grasp100   0.0% | best 0.030 |     39 st/s
    done(50): t_flicker=29 t_touched=17 t_no_reach=4
Ep  6500 | score   38.52 | avg100   51.79 | grasp100   0.0% | best 0.030 |     39 st/s
    done(50): t_flicker=28 t_touched=17 t_no_reach=5
Ep  6550 | score   27.24 | avg100   58.52 | grasp100   0.0% | best 0.030 |     39 st/s
    done(50): t_flicker=26 t_touched=21 t_no_reach=3
Ep  6600 | score   36.64 | avg100   69.29 | grasp100   0.0% | best 0.030 |     39 st/s
    done(50): t_flicker=32 t_touched=16 t_no_reach=2
Ep  6650 | score  112.18 | avg100   68.93 | grasp100   0.0% | best 0.030 |     39 st/s
    done(50): t_flicker=27 t_touched=19 t_no_reach=4
Ep  6700 | score   -0.12 | avg100   63.16 | grasp100   1.0% | best 0.030 |     39 st/s
    done(50): success=1 t_flicker=29 t_touched=14 t_no_reach=6
Ep  6750 | score   53.81 | avg100   64.53 | grasp100   3.0% | best 0.030 |     39 st/s
    done(50): success=2 t_flicker=28 t_touched=10 t_no_reach=10
  [primacy-bias reset of critic heads @ 500000 updates]
Ep  6800 | score   91.77 | avg100   47.58 | grasp100   2.0% | best 0.030 |     39 st/s
    done(50): t_flicker=17 t_touched=11 t_no_reach=22
Ep  6850 | score   97.02 | avg100   44.25 | grasp100   0.0% | best 0.030 |     39 st/s
    done(50): t_flicker=25 t_touched=18 t_no_reach=7
Ep  6900 | score   58.70 | avg100   66.20 | grasp100   1.0% | best 0.030 |     39 st/s
    done(50): success=1 t_flicker=31 t_touched=14 t_no_reach=4
Ep  6950 | score   58.15 | avg100   70.91 | grasp100   1.0% | best 0.030 |     39 st/s
    done(50): t_flicker=35 t_touched=10 t_no_reach=5
Ep  7000 | score   57.06 | avg100   63.02 | grasp100   0.0% | best 0.030 |     39 st/s
    done(50): t_flicker=31 t_touched=11 t_no_reach=8
Ep  7050 | score   -8.80 | avg100   61.21 | grasp100   0.0% | best 0.030 |     39 st/s
    done(50): t_flicker=31 t_touched=14 t_no_reach=5
Ep  7100 | score  -32.71 | avg100   68.55 | grasp100   2.0% | best 0.030 |     39 st/s
    done(50): success=2 t_flicker=24 t_touched=15 t_no_reach=9
Ep  7150 | score   69.92 | avg100   72.72 | grasp100   2.0% | best 0.030 |     39 st/s
    done(50): t_flicker=34 t_touched=11 t_no_reach=5
  [primacy-bias reset of critic heads @ 525000 updates]
Ep  7200 | score  -32.06 | avg100   69.61 | grasp100   1.0% | best 0.030 |     39 st/s
    done(50): success=1 t_flicker=26 t_touched=17 t_no_reach=6
Ep  7250 | score   56.67 | avg100   57.96 | grasp100   2.0% | best 0.030 |     39 st/s
    done(50): success=1 t_flicker=27 t_touched=15 t_no_reach=7
Ep  7300 | score   56.65 | avg100   57.88 | grasp100   1.0% | best 0.030 |     39 st/s
    done(50): t_flicker=33 t_touched=12 t_no_reach=5
Ep  7350 | score   61.21 | avg100   74.23 | grasp100   1.0% | best 0.030 |     39 st/s
    done(50): success=1 t_flicker=35 t_touched=11 t_no_reach=3
Ep  7400 | score   69.89 | avg100   85.15 | grasp100   2.0% | best 0.030 |     39 st/s
    done(50): success=1 t_flicker=33 t_touched=15 t_no_reach=1
Ep  7450 | score   40.20 | avg100   82.40 | grasp100   2.0% | best 0.030 |     39 st/s
    done(50): success=1 t_flicker=34 t_touched=12 t_no_reach=3
Ep  7500 | score   76.87 | avg100   73.97 | grasp100   1.0% | best 0.030 |     39 st/s
    done(50): t_flicker=30 t_touched=15 t_no_reach=5
Ep  7550 | score  129.74 | avg100   71.21 | grasp100   0.0% | best 0.030 |     39 st/s
    done(50): t_flicker=31 t_touched=16 t_no_reach=3
Ep  7600 | score   30.48 | avg100   78.20 | grasp100   1.0% | best 0.030 |     38 st/s
    done(50): success=1 t_flicker=29 t_touched=11 t_no_reach=9
  [primacy-bias reset of critic heads @ 550000 updates]
Ep  7650 | score  -12.19 | avg100   78.49 | grasp100   1.0% | best 0.030 |     38 st/s
    done(50): t_flicker=26 t_touched=17 t_no_reach=7
Ep  7700 | score  111.25 | avg100   62.88 | grasp100   0.0% | best 0.030 |     38 st/s
    done(50): t_flicker=29 t_touched=15 t_no_reach=6
Ep  7750 | score   58.40 | avg100   63.46 | grasp100   0.0% | best 0.030 |     38 st/s
    done(50): t_flicker=38 t_touched=11 t_no_reach=1
Ep  7800 | score  130.33 | avg100   73.36 | grasp100   0.0% | best 0.030 |     38 st/s
    done(50): t_flicker=36 t_touched=8 t_no_reach=6
Ep  7850 | score   73.84 | avg100   76.54 | grasp100   1.0% | best 0.030 |     38 st/s
    done(50): success=1 t_flicker=34 t_touched=14 t_no_reach=1
Ep  7900 | score   80.45 | avg100   71.99 | grasp100   1.0% | best 0.030 |     38 st/s
    done(50): t_flicker=38 t_touched=10 t_no_reach=2
Ep  7950 | score  101.20 | avg100   69.55 | grasp100   1.0% | best 0.030 |     38 st/s
    done(50): success=1 t_flicker=31 t_touched=14 t_no_reach=4
Ep  8000 | score   57.33 | avg100   77.57 | grasp100   1.0% | best 0.030 |     38 st/s
    done(50): t_flicker=37 t_touched=9 t_no_reach=4
Ep  8050 | score   63.45 | avg100   77.21 | grasp100   0.0% | best 0.030 |     38 st/s
    done(50): t_flicker=36 t_touched=12 t_no_reach=2
  [primacy-bias reset of critic heads @ 575000 updates]
Ep  8100 | score   65.57 | avg100   70.39 | grasp100   1.0% | best 0.030 |     38 st/s
    done(50): success=1 t_flicker=27 t_touched=18 t_no_reach=4
Ep  8150 | score  102.20 | avg100   66.95 | grasp100   1.0% | best 0.030 |     38 st/s
    done(50): t_flicker=28 t_touched=18 t_no_reach=4
Ep  8200 | score  102.67 | avg100   68.53 | grasp100   0.0% | best 0.030 |     38 st/s
    done(50): t_flicker=30 t_touched=16 t_no_reach=4
Ep  8250 | score  -52.77 | avg100   72.40 | grasp100   2.0% | best 0.030 |     38 st/s
    done(50): success=2 t_flicker=36 t_touched=8 t_no_reach=4
Ep  8300 | score   52.30 | avg100   76.99 | grasp100   4.0% | best 0.030 |     38 st/s
    done(50): success=2 t_flicker=37 t_touched=8 t_no_reach=3
Ep  8350 | score  115.30 | avg100   81.45 | grasp100   4.0% | best 0.030 |     38 st/s
    done(50): success=2 t_flicker=30 t_touched=16 t_no_reach=2
Ep  8400 | score  132.21 | avg100   85.03 | grasp100   3.0% | best 0.030 |     38 st/s
    done(50): success=1 t_flicker=31 t_touched=17 t_no_reach=1
Ep  8450 | score   62.19 | avg100   81.87 | grasp100   1.0% | best 0.030 |     38 st/s
    done(50): t_flicker=37 t_touched=12 t_no_reach=1
Ep  8500 | score  131.16 | avg100   81.56 | grasp100   0.0% | best 0.030 |     38 st/s
    done(50): t_flicker=33 t_touched=15 t_no_reach=2
  [primacy-bias reset of critic heads @ 600000 updates]
Ep  8550 | score  -77.55 | avg100   76.23 | grasp100   0.0% | best 0.030 |     38 st/s
    done(50): t_flicker=28 t_touched=18 t_no_reach=4
Ep  8600 | score  -68.87 | avg100   58.01 | grasp100   0.0% | best 0.030 |     38 st/s
    done(50): t_flicker=25 t_touched=17 t_no_reach=8
Ep  8650 | score   58.35 | avg100   53.71 | grasp100   0.0% | best 0.030 |     38 st/s
    done(50): t_flicker=34 t_touched=12 t_no_reach=4
Ep  8700 | score  129.49 | avg100   61.70 | grasp100   0.0% | best 0.030 |     38 st/s
    done(50): t_flicker=37 t_touched=11 t_no_reach=2
Ep  8750 | score  100.00 | avg100   72.10 | grasp100   1.0% | best 0.030 |     38 st/s
    done(50): success=1 t_flicker=34 t_touched=13 t_no_reach=2
Ep  8800 | score   60.42 | avg100   82.69 | grasp100   3.0% | best 0.030 |     38 st/s
    done(50): success=2 t_flicker=34 t_touched=13 t_no_reach=1
Ep  8850 | score   60.39 | avg100   82.61 | grasp100   3.0% | best 0.030 |     38 st/s
    done(50): success=1 t_flicker=34 t_touched=14 t_no_reach=1
Ep  8900 | score  110.93 | avg100   75.89 | grasp100   1.0% | best 0.030 |     38 st/s
    done(50): t_flicker=30 t_touched=16 t_no_reach=4
Ep  8950 | score  123.72 | avg100   75.29 | grasp100   0.0% | best 0.030 |     38 st/s
    done(50): t_flicker=31 t_touched=15 t_no_reach=4
Ep  9000 | score   59.53 | avg100   76.78 | grasp100   0.0% | best 0.030 |     38 st/s
    done(50): t_flicker=38 t_touched=9 t_no_reach=3
  [primacy-bias reset of critic heads @ 625000 updates]
Ep  9050 | score   78.04 | avg100   67.23 | grasp100   0.0% | best 0.030 |     38 st/s
    done(50): t_flicker=29 t_touched=13 t_no_reach=8
Ep  9100 | score   97.73 | avg100   59.01 | grasp100   0.0% | best 0.030 |     38 st/s
    done(50): t_flicker=29 t_touched=14 t_no_reach=7
Ep  9150 | score  108.79 | avg100   67.94 | grasp100   2.0% | best 0.030 |     38 st/s
    done(50): success=2 t_flicker=38 t_touched=7 t_no_reach=3
Ep  9200 | score  148.02 | avg100   76.29 | grasp100   3.0% | best 0.030 |     38 st/s
    done(50): success=1 t_flicker=39 t_touched=10
Ep  9250 | score  147.52 | avg100   73.14 | grasp100   3.0% | best 0.030 |     38 st/s
    done(50): success=2 t_flicker=38 t_touched=8 t_no_reach=2
Ep  9300 | score   60.14 | avg100   74.05 | grasp100   3.0% | best 0.030 |     38 st/s
    done(50): success=1 t_flicker=38 t_touched=10 t_no_reach=1
Ep  9350 | score   56.82 | avg100   80.63 | grasp100   1.0% | best 0.030 |     38 st/s
    done(50): t_flicker=34 t_touched=16
Ep  9400 | score   58.88 | avg100   76.72 | grasp100   0.0% | best 0.030 |     38 st/s
    done(50): t_flicker=34 t_touched=16
Ep  9450 | score  125.37 | avg100   72.06 | grasp100   0.0% | best 0.030 |     38 st/s
    done(50): t_flicker=40 t_touched=10
Ep  9500 | score   58.63 | avg100   74.75 | grasp100   1.0% | best 0.030 |     38 st/s
    done(50): success=1 t_flicker=29 t_touched=17 t_no_reach=3
  [primacy-bias reset of critic heads @ 650000 updates]
Ep  9550 | score   79.92 | avg100   65.57 | grasp100   2.0% | best 0.030 |     37 st/s
    done(50): success=1 t_flicker=27 t_touched=14 t_no_reach=8
Ep  9600 | score   78.44 | avg100   57.66 | grasp100   1.0% | best 0.030 |     37 st/s
    done(50): t_flicker=37 t_touched=12 t_no_reach=1
Ep  9650 | score   49.35 | avg100   63.58 | grasp100   1.0% | best 0.030 |     37 st/s
    done(50): success=1 t_flicker=33 t_touched=12 t_no_reach=4
Ep  9700 | score  108.13 | avg100   66.29 | grasp100   1.0% | best 0.030 |     37 st/s
    done(50): t_flicker=35 t_touched=13 t_no_reach=2
Ep  9750 | score   58.98 | avg100   74.24 | grasp100   1.0% | best 0.030 |     37 st/s
    done(50): success=1 t_flicker=43 t_touched=6
Ep  9800 | score  138.97 | avg100   77.71 | grasp100   1.0% | best 0.030 |     37 st/s
    done(50): t_flicker=41 t_touched=8 t_no_reach=1
Ep  9850 | score   91.96 | avg100   70.81 | grasp100   0.0% | best 0.030 |     37 st/s
    done(50): t_flicker=36 t_touched=11 t_no_reach=3
Ep  9900 | score   53.77 | avg100   76.39 | grasp100   1.0% | best 0.030 |     37 st/s
    done(50): success=1 t_flicker=40 t_touched=7 t_no_reach=2
Ep  9950 | score  125.42 | avg100   80.56 | grasp100   1.0% | best 0.030 |     37 st/s
    done(50): t_flicker=42 t_touched=4 t_no_reach=4
Ep 10000 | score   53.04 | avg100   73.67 | grasp100   0.0% | best 0.030 |     37 st/s
    done(50): t_flicker=34 t_touched=13 t_no_reach=3
Ep 10050 | score   59.20 | avg100   73.44 | grasp100   1.0% | best 0.030 |     37 st/s
    done(50): success=1 t_flicker=37 t_touched=12
  [primacy-bias reset of critic heads @ 675000 updates]
Ep 10100 | score   59.12 | avg100   64.09 | grasp100   1.0% | best 0.030 |     37 st/s
    done(50): t_flicker=25 t_touched=13 t_no_reach=12
Ep 10150 | score   62.83 | avg100   53.50 | grasp100   1.0% | best 0.030 |     37 st/s
    done(50): success=1 t_flicker=29 t_touched=13 t_no_reach=7
Ep 10200 | score  114.34 | avg100   68.05 | grasp100   2.0% | best 0.030 |     37 st/s
    done(50): success=1 t_flicker=34 t_touched=14 t_no_reach=1
Ep 10250 | score   35.39 | avg100   76.72 | grasp100   2.0% | best 0.030 |     37 st/s
    done(50): success=1 t_flicker=37 t_touched=9 t_no_reach=3
Ep 10300 | score  155.94 | avg100   77.08 | grasp100   2.0% | best 0.030 |     37 st/s
    done(50): success=1 t_flicker=44 t_touched=4 t_no_reach=1
Ep 10350 | score   60.09 | avg100   82.06 | grasp100   1.0% | best 0.030 |     37 st/s
    done(50): t_flicker=35 t_touched=13 t_no_reach=2
Ep 10400 | score  220.10 | avg100   82.72 | grasp100   2.0% | best 0.030 |     37 st/s
    done(50): success=2 t_flicker=40 t_touched=7 t_no_reach=1
Ep 10450 | score  101.50 | avg100   78.76 | grasp100   2.0% | best 0.030 |     37 st/s
    done(50): t_flicker=31 t_touched=16 t_no_reach=3
Ep 10500 | score  125.06 | avg100   77.73 | grasp100   1.0% | best 0.030 |     37 st/s
    done(50): success=1 t_flicker=35 t_touched=11 t_no_reach=3
Ep 10550 | score   37.59 | avg100   85.04 | grasp100   4.0% | best 0.030 |     37 st/s
    done(50): success=3 t_flicker=38 t_touched=7 t_no_reach=2
  [primacy-bias reset of critic heads @ 700000 updates]
Ep 10600 | score  -69.05 | avg100   71.35 | grasp100   4.0% | best 0.030 |     37 st/s
    done(50): success=1 t_flicker=28 t_touched=12 t_no_reach=9
Ep 10650 | score   51.43 | avg100   57.69 | grasp100   2.0% | best 0.030 |     37 st/s
    done(50): success=1 t_flicker=33 t_touched=11 t_no_reach=5
Ep 10700 | score  106.23 | avg100   62.18 | grasp100   1.0% | best 0.030 |     37 st/s
    done(50): t_flicker=32 t_touched=12 t_no_reach=6
Ep 10750 | score  118.80 | avg100   65.93 | grasp100   3.0% | best 0.030 |     37 st/s
    done(50): success=3 t_flicker=38 t_touched=6 t_no_reach=3
Ep 10800 | score   62.33 | avg100   74.02 | grasp100   4.0% | best 0.030 |     37 st/s
    done(50): success=1 t_flicker=41 t_touched=6 t_no_reach=2
Ep 10850 | score   61.29 | avg100   73.82 | grasp100   1.0% | best 0.030 |     37 st/s
    done(50): t_flicker=38 t_touched=7 t_no_reach=5
Ep 10900 | score   46.05 | avg100   72.57 | grasp100   1.0% | best 0.030 |     37 st/s
    done(50): success=1 t_flicker=43 t_touched=5 t_no_reach=1
Ep 10950 | score   85.55 | avg100   81.27 | grasp100   4.0% | best 0.030 |     37 st/s
    done(50): success=3 t_flicker=36 t_touched=9 t_no_reach=2
Ep 11000 | score   59.58 | avg100   88.34 | grasp100   5.0% | best 0.030 |     37 st/s
    done(50): success=2 t_flicker=38 t_touched=10
Ep 11050 | score   84.07 | avg100   87.19 | grasp100   3.0% | best 0.030 |     37 st/s
    done(50): success=1 t_flicker=33 t_touched=12 t_no_reach=4
  [primacy-bias reset of critic heads @ 725000 updates]
Ep 11100 | score   28.07 | avg100   86.89 | grasp100   3.0% | best 0.030 |     37 st/s
    done(50): success=2 t_flicker=35 t_touched=12 t_no_reach=1
Ep 11150 | score   57.69 | avg100   56.05 | grasp100   4.0% | best 0.030 |     37 st/s
    done(50): success=2 t_flicker=16 t_touched=14 t_no_reach=18
Ep 11200 | score   94.14 | avg100   38.77 | grasp100   3.0% | best 0.030 |     37 st/s
    done(50): success=1 t_flicker=34 t_touched=11 t_no_reach=4
Ep 11250 | score   55.62 | avg100   59.48 | grasp100   1.0% | best 0.030 |     37 st/s
    done(50): t_flicker=35 t_touched=9 t_no_reach=6
Ep 11300 | score  283.64 | avg100   72.91 | grasp100   0.0% | best 0.030 |     37 st/s
    done(50): t_flicker=38 t_touched=10 t_no_reach=2
Ep 11350 | score   63.35 | avg100   78.23 | grasp100   1.0% | best 0.030 |     37 st/s
    done(50): success=1 t_flicker=41 t_touched=4 t_no_reach=4
Ep 11400 | score   43.91 | avg100   79.55 | grasp100   2.0% | best 0.030 |     37 st/s
    done(50): success=1 t_flicker=38 t_touched=8 t_no_reach=3
Ep 11450 | score   57.05 | avg100   78.57 | grasp100   4.0% | best 0.030 |     37 st/s
    done(50): success=3 t_flicker=32 t_touched=9 t_no_reach=6
Ep 11500 | score  105.16 | avg100   81.13 | grasp100   4.0% | best 0.030 |     37 st/s
    done(50): success=1 t_flicker=43 t_touched=6
Ep 11550 | score   93.69 | avg100   84.05 | grasp100   4.0% | best 0.030 |     37 st/s
    done(50): success=3 t_flicker=35 t_touched=11 t_no_reach=1
Ep 11556 | * BEST  level200=2.00 grasp200=  4.5% metric=0.045 | score  208.35
Ep 11600 | score   48.70 | avg100   83.28 | grasp100   6.0% | best 0.045 |     37 st/s
    done(50): success=3 t_flicker=32 t_touched=12 t_no_reach=3
  [primacy-bias reset of critic heads @ 750000 updates]
Ep 11650 | score   56.51 | avg100   66.14 | grasp100   4.0% | best 0.045 |     37 st/s
    done(50): success=1 t_flicker=31 t_touched=5 t_no_reach=13
Ep 11700 | score   71.75 | avg100   54.76 | grasp100   2.0% | best 0.045 |     37 st/s
    done(50): success=1 t_flicker=31 t_touched=12 t_no_reach=6
Ep 11750 | score   56.37 | avg100   70.72 | grasp100   4.0% | best 0.045 |     37 st/s
    done(50): success=3 t_flicker=32 t_touched=13 t_no_reach=2
Ep 11800 | score   67.19 | avg100   75.25 | grasp100   6.0% | best 0.045 |     37 st/s
    done(50): success=3 t_flicker=36 t_touched=8 t_no_reach=3
Ep 11847 | * BEST  level200=2.00 grasp200=  6.0% metric=0.060 | score  219.33
Ep 11850 | score   55.95 | avg100   81.22 | grasp100   9.0% | best 0.060 |     37 st/s
    done(50): success=6 t_flicker=36 t_touched=6 t_no_reach=2
Ep 11867 | * BEST  level200=2.00 grasp200=  7.0% metric=0.070 | score  217.31
Ep 11900 | score   60.38 | avg100   90.27 | grasp100   8.0% | best 0.070 |     37 st/s
    done(50): success=2 t_flicker=43 t_touched=4 t_no_reach=1
Ep 11950 | score   57.41 | avg100   80.73 | grasp100   2.0% | best 0.070 |     37 st/s
    done(50): t_flicker=36 t_touched=12 t_no_reach=2
Ep 12000 | score   80.68 | avg100   77.95 | grasp100   2.0% | best 0.070 |     37 st/s
    done(50): success=2 t_flicker=37 t_touched=11
Ep 12050 | score   58.22 | avg100   80.00 | grasp100   4.0% | best 0.070 |     37 st/s
    done(50): success=2 t_flicker=36 t_touched=9 t_no_reach=3
Ep 12100 | score  116.43 | avg100   80.55 | grasp100   3.0% | best 0.070 |     37 st/s
    done(50): success=1 t_flicker=36 t_touched=13
Ep 12150 | score  207.02 | avg100   87.38 | grasp100   5.0% | best 0.070 |     37 st/s
    done(50): success=4 t_flicker=38 t_touched=6 t_no_reach=2
  [primacy-bias reset of critic heads @ 775000 updates]
Ep 12200 | score  -57.74 | avg100   70.36 | grasp100   6.0% | best 0.070 |     37 st/s
    done(50): success=2 t_flicker=24 t_touched=16 t_no_reach=8
Ep 12250 | score   64.24 | avg100   65.08 | grasp100   6.0% | best 0.070 |     37 st/s
    done(50): success=4 t_flicker=33 t_touched=11 t_no_reach=2
Ep 12300 | score   57.61 | avg100   79.51 | grasp100   5.0% | best 0.070 |     37 st/s
    done(50): success=1 t_flicker=40 t_touched=7 t_no_reach=2
Ep 12350 | score  104.90 | avg100   83.79 | grasp100   1.0% | best 0.070 |     37 st/s
    done(50): t_flicker=44 t_touched=6
Ep 12400 | score  109.80 | avg100   83.66 | grasp100   2.0% | best 0.070 |     37 st/s
    done(50): success=2 t_flicker=36 t_touched=11 t_no_reach=1
Ep 12450 | score   92.88 | avg100   77.54 | grasp100   2.0% | best 0.070 |     37 st/s
    done(50): t_flicker=44 t_touched=6
Ep 12500 | score  103.52 | avg100   85.67 | grasp100   2.0% | best 0.070 |     37 st/s
    done(50): success=2 t_flicker=38 t_touched=6 t_no_reach=4
Ep 12550 | score  246.55 | avg100   90.84 | grasp100   4.0% | best 0.070 |     37 st/s
    done(50): success=2 t_flicker=40 t_touched=7 t_no_reach=1
Ep 12600 | score   75.75 | avg100   85.91 | grasp100   6.0% | best 0.070 |     37 st/s
    done(50): success=4 t_flicker=40 t_touched=6
Ep 12650 | score  114.56 | avg100   89.97 | grasp100   8.0% | best 0.070 |     37 st/s
    done(50): success=4 t_flicker=35 t_touched=10 t_no_reach=1
  [primacy-bias reset of critic heads @ 800000 updates]
Ep 12700 | score   40.72 | avg100   80.59 | grasp100   5.0% | best 0.070 |     37 st/s
    done(50): success=1 t_flicker=41 t_touched=7 t_no_reach=1
Ep 12750 | score   52.80 | avg100   57.37 | grasp100   1.0% | best 0.070 |     37 st/s
    done(50): t_flicker=35 t_touched=7 t_no_reach=8
Ep 12800 | score   86.42 | avg100   51.98 | grasp100   1.0% | best 0.070 |     37 st/s
    done(50): success=1 t_flicker=34 t_touched=11 t_no_reach=4
Ep 12850 | score  153.93 | avg100   74.38 | grasp100   3.0% | best 0.070 |     37 st/s
    done(50): success=2 t_flicker=39 t_touched=7 t_no_reach=2
Ep 12900 | score   90.97 | avg100   90.88 | grasp100   7.0% | best 0.070 |     37 st/s
    done(50): success=5 t_flicker=36 t_touched=8 t_no_reach=1
Ep 12950 | score   59.50 | avg100   83.01 | grasp100   7.0% | best 0.070 |     37 st/s
    done(50): success=2 t_flicker=41 t_touched=6 t_no_reach=1
Ep 13000 | score   61.13 | avg100   76.30 | grasp100   5.0% | best 0.070 |     37 st/s
    done(50): success=3 t_flicker=36 t_touched=10 t_no_reach=1
Ep 13050 | score  216.19 | avg100   89.31 | grasp100   6.0% | best 0.070 |     37 st/s
    done(50): success=3 t_flicker=37 t_touched=9 t_no_reach=1
========================================================================
RANDOM-SPAWN GRASP RETRAINING  |  algo=td3_ln  run=td3_ln_cereal_base_s0
========================================================================
  Envs                : 5 (subprocess-parallel, fork)
  Spawn level         : 2.0 (1.0 = full position box, 2.0 = + z-rotation)
  Updates/vec-step    : 2 (0.400 per env-step; historical baseline 0.5)
  Buffer              : 2,000,000
  Actor               : 64 -> 32  (5,216 weights)  [critics 512->256]
  Warm start          : checkpoints/td3_grasp_rand_best_0355_backup
  Checkpoints         : /home/fahim/Thesis_fahim/pickandplace/checkpoints/td3_grasp_rand_td3_ln_cereal_base_s0
========================================================================

Spawning 5 subprocess environments (fork)...
[robosuite WARNING] No private macro file found! (__init__.py:7)
[robosuite WARNING] It is recommended to use a private macro file (__init__.py:8)
[robosuite WARNING] To setup, run: python /home/fahim/Thesis_fahim/venv/lib/python3.12/site-packages/robosuite/scripts/setup_macros.py (__init__.py:9)
[robosuite WARNING] No private macro file found! (__init__.py:7)
[robosuite WARNING] No private macro file found! (__init__.py:7)
[robosuite WARNING] It is recommended to use a private macro file (__init__.py:8)
[robosuite WARNING] It is recommended to use a private macro file (__init__.py:8)
[robosuite WARNING] No private macro file found! (__init__.py:7)
[robosuite WARNING] To setup, run: python /home/fahim/Thesis_fahim/venv/lib/python3.12/site-packages/robosuite/scripts/setup_macros.py (__init__.py:9)
[robosuite WARNING] To setup, run: python /home/fahim/Thesis_fahim/venv/lib/python3.12/site-packages/robosuite/scripts/setup_macros.py (__init__.py:9)
[robosuite WARNING] It is recommended to use a private macro file (__init__.py:8)
[robosuite WARNING] To setup, run: python /home/fahim/Thesis_fahim/venv/lib/python3.12/site-packages/robosuite/scripts/setup_macros.py (__init__.py:9)
[robosuite WARNING] No private macro file found! (__init__.py:7)
[robosuite WARNING] It is recommended to use a private macro file (__init__.py:8)
[robosuite WARNING] To setup, run: python /home/fahim/Thesis_fahim/venv/lib/python3.12/site-packages/robosuite/scripts/setup_macros.py (__init__.py:9)
Gym has been unmaintained since 2022 and does not support NumPy 2.0 amongst other critical functionality.
Please upgrade to Gymnasium, the maintained drop-in replacement of Gym, or contact the authors of your software and request that they upgrade.
See the migration guide at https://gymnasium.farama.org/introduction/migration_guide/ for additional information.
Gym has been unmaintained since 2022 and does not support NumPy 2.0 amongst other critical functionality.
Please upgrade to Gymnasium, the maintained drop-in replacement of Gym, or contact the authors of your software and request that they upgrade.
See the migration guide at https://gymnasium.farama.org/introduction/migration_guide/ for additional information.
Gym has been unmaintained since 2022 and does not support NumPy 2.0 amongst other critical functionality.
Please upgrade to Gymnasium, the maintained drop-in replacement of Gym, or contact the authors of your software and request that they upgrade.
See the migration guide at https://gymnasium.farama.org/introduction/migration_guide/ for additional information.
Gym has been unmaintained since 2022 and does not support NumPy 2.0 amongst other critical functionality.
Please upgrade to Gymnasium, the maintained drop-in replacement of Gym, or contact the authors of your software and request that they upgrade.
See the migration guide at https://gymnasium.farama.org/introduction/migration_guide/ for additional information.
Gym has been unmaintained since 2022 and does not support NumPy 2.0 amongst other critical functionality.
Please upgrade to Gymnasium, the maintained drop-in replacement of Gym, or contact the authors of your software and request that they upgrade.
See the migration guide at https://gymnasium.farama.org/introduction/migration_guide/ for additional information.
/home/fahim/Thesis_fahim/venv/lib/python3.12/site-packages/gym/spaces/box.py:84: UserWarning: [33mWARN: Box bound precision lowered by casting to float32[0m
  logger.warn(f"Box bound precision lowered by casting to {self.dtype}")
/home/fahim/Thesis_fahim/venv/lib/python3.12/site-packages/gym/spaces/box.py:84: UserWarning: [33mWARN: Box bound precision lowered by casting to float32[0m
  logger.warn(f"Box bound precision lowered by casting to {self.dtype}")
/home/fahim/Thesis_fahim/venv/lib/python3.12/site-packages/gym/spaces/box.py:84: UserWarning: [33mWARN: Box bound precision lowered by casting to float32[0m
  logger.warn(f"Box bound precision lowered by casting to {self.dtype}")
/home/fahim/Thesis_fahim/venv/lib/python3.12/site-packages/gym/spaces/box.py:84: UserWarning: [33mWARN: Box bound precision lowered by casting to float32[0m
  logger.warn(f"Box bound precision lowered by casting to {self.dtype}")
/home/fahim/Thesis_fahim/venv/lib/python3.12/site-packages/gym/spaces/box.py:84: UserWarning: [33mWARN: Box bound precision lowered by casting to float32[0m
  logger.warn(f"Box bound precision lowered by casting to {self.dtype}")
Gym has been unmaintained since 2022 and does not support NumPy 2.0 amongst other critical functionality.
Please upgrade to Gymnasium, the maintained drop-in replacement of Gym, or contact the authors of your software and request that they upgrade.
See the migration guide at https://gymnasium.farama.org/introduction/migration_guide/ for additional information.
5 environments ready.

========================================================================
RANDOM-SPAWN GRASP RETRAINING  |  algo=td3_ln  run=td3_ln_cereal_base_s0
========================================================================
  Envs                : 5 (subprocess-parallel, fork)
  Spawn level         : 2.0 (1.0 = full position box, 2.0 = + z-rotation)
  Updates/vec-step    : 2 (0.400 per env-step; historical baseline 0.5)
  Buffer              : 2,000,000
  Actor               : 64 -> 32  (5,216 weights)  [critics 512->256]
  Warm start          : checkpoints/td3_grasp_rand_best_0355_backup
  Checkpoints         : /home/fahim/Thesis_fahim/pickandplace/checkpoints/td3_grasp_rand_td3_ln_cereal_base_s0
========================================================================

Spawning 5 subprocess environments (fork)...
[robosuite WARNING] No private macro file found! (__init__.py:7)
[robosuite WARNING] It is recommended to use a private macro file (__init__.py:8)
[robosuite WARNING] To setup, run: python /home/fahim/Thesis_fahim/venv/lib/python3.12/site-packages/robosuite/scripts/setup_macros.py (__init__.py:9)
[robosuite WARNING] No private macro file found! (__init__.py:7)
[robosuite WARNING] It is recommended to use a private macro file (__init__.py:8)
[robosuite WARNING] To setup, run: python /home/fahim/Thesis_fahim/venv/lib/python3.12/site-packages/robosuite/scripts/setup_macros.py (__init__.py:9)
[robosuite WARNING] No private macro file found! (__init__.py:7)
[robosuite WARNING] It is recommended to use a private macro file (__init__.py:8)
[robosuite WARNING] To setup, run: python /home/fahim/Thesis_fahim/venv/lib/python3.12/site-packages/robosuite/scripts/setup_macros.py (__init__.py:9)
[robosuite WARNING] No private macro file found! (__init__.py:7)
[robosuite WARNING] It is recommended to use a private macro file (__init__.py:8)
[robosuite WARNING] To setup, run: python /home/fahim/Thesis_fahim/venv/lib/python3.12/site-packages/robosuite/scripts/setup_macros.py (__init__.py:9)
[robosuite WARNING] No private macro file found! (__init__.py:7)
[robosuite WARNING] It is recommended to use a private macro file (__init__.py:8)
[robosuite WARNING] To setup, run: python /home/fahim/Thesis_fahim/venv/lib/python3.12/site-packages/robosuite/scripts/setup_macros.py (__init__.py:9)
Gym has been unmaintained since 2022 and does not support NumPy 2.0 amongst other critical functionality.
Please upgrade to Gymnasium, the maintained drop-in replacement of Gym, or contact the authors of your software and request that they upgrade.
See the migration guide at https://gymnasium.farama.org/introduction/migration_guide/ for additional information.
Gym has been unmaintained since 2022 and does not support NumPy 2.0 amongst other critical functionality.
Please upgrade to Gymnasium, the maintained drop-in replacement of Gym, or contact the authors of your software and request that they upgrade.
See the migration guide at https://gymnasium.farama.org/introduction/migration_guide/ for additional information.
Gym has been unmaintained since 2022 and does not support NumPy 2.0 amongst other critical functionality.
Please upgrade to Gymnasium, the maintained drop-in replacement of Gym, or contact the authors of your software and request that they upgrade.
See the migration guide at https://gymnasium.farama.org/introduction/migration_guide/ for additional information.
Gym has been unmaintained since 2022 and does not support NumPy 2.0 amongst other critical functionality.
Please upgrade to Gymnasium, the maintained drop-in replacement of Gym, or contact the authors of your software and request that they upgrade.
See the migration guide at https://gymnasium.farama.org/introduction/migration_guide/ for additional information.
Gym has been unmaintained since 2022 and does not support NumPy 2.0 amongst other critical functionality.
Please upgrade to Gymnasium, the maintained drop-in replacement of Gym, or contact the authors of your software and request that they upgrade.
See the migration guide at https://gymnasium.farama.org/introduction/migration_guide/ for additional information.
/home/fahim/Thesis_fahim/venv/lib/python3.12/site-packages/gym/spaces/box.py:84: UserWarning: [33mWARN: Box bound precision lowered by casting to float32[0m
  logger.warn(f"Box bound precision lowered by casting to {self.dtype}")
/home/fahim/Thesis_fahim/venv/lib/python3.12/site-packages/gym/spaces/box.py:84: UserWarning: [33mWARN: Box bound precision lowered by casting to float32[0m
  logger.warn(f"Box bound precision lowered by casting to {self.dtype}")
/home/fahim/Thesis_fahim/venv/lib/python3.12/site-packages/gym/spaces/box.py:84: UserWarning: [33mWARN: Box bound precision lowered by casting to float32[0m
  logger.warn(f"Box bound precision lowered by casting to {self.dtype}")
/home/fahim/Thesis_fahim/venv/lib/python3.12/site-packages/gym/spaces/box.py:84: UserWarning: [33mWARN: Box bound precision lowered by casting to float32[0m
  logger.warn(f"Box bound precision lowered by casting to {self.dtype}")
/home/fahim/Thesis_fahim/venv/lib/python3.12/site-packages/gym/spaces/box.py:84: UserWarning: [33mWARN: Box bound precision lowered by casting to float32[0m
  logger.warn(f"Box bound precision lowered by casting to {self.dtype}")
Gym has been unmaintained since 2022 and does not support NumPy 2.0 amongst other critical functionality.
Please upgrade to Gymnasium, the maintained drop-in replacement of Gym, or contact the authors of your software and request that they upgrade.
See the migration guide at https://gymnasium.farama.org/introduction/migration_guide/ for additional information.
5 environments ready.

  Actor QAT           : per-tensor INT8 fake-quant, STE grads
  Actor weight clip   : |w| <= 8.0 * std(w) per Linear tensor (bi_s0 baseline fc1 9.96 / fc2 10.82)
Init: resumed (cold run) (source: /home/fahim/Thesis_fahim/pickandplace/checkpoints/td3_grasp_rand_best_0355_backup)
Resumed replay buffer (2,000,000 transitions).

Training...

Ep    50 | score  152.60 | avg100   71.48 | grasp100   2.0% | best 0.000 |     34 st/s
    done(50): success=1 t_flicker=40 t_touched=7 t_no_reach=2
Ep   100 | score   59.62 | avg100   79.02 | grasp100   4.0% | best 0.000 |     34 st/s
    done(50): success=3 t_flicker=38 t_touched=7 t_no_reach=2
Ep   150 | score  -68.89 | avg100   75.87 | grasp100   5.0% | best 0.000 |     34 st/s
    done(50): success=2 t_flicker=37 t_touched=10 t_no_reach=1
Ep   200 | * BEST  level200=2.00 grasp200=  3.5% metric=0.035 | score   26.26
Ep   250 | score   56.18 | avg100   81.09 | grasp100   3.0% | best 0.035 |     34 st/s
    done(50): success=2 t_flicker=39 t_touched=9
Ep   300 | score   60.19 | avg100   76.05 | grasp100   4.0% | best 0.035 |     34 st/s
    done(50): success=2 t_flicker=36 t_touched=9 t_no_reach=3
Ep   350 | score  135.23 | avg100   70.72 | grasp100   3.0% | best 0.035 |     35 st/s
    done(50): success=1 t_flicker=35 t_touched=13 t_no_reach=1
Ep   400 | score  130.64 | avg100   79.69 | grasp100   4.0% | best 0.035 |     35 st/s
    done(50): success=3 t_flicker=40 t_touched=3 t_no_reach=4
Ep   450 | score   36.71 | avg100   85.52 | grasp100   5.0% | best 0.035 |     35 st/s
    done(50): success=2 t_flicker=33 t_touched=12 t_no_reach=3
Ep   500 | score   83.45 | avg100   87.89 | grasp100   4.0% | best 0.035 |     35 st/s
    done(50): success=2 t_flicker=36 t_touched=12
========================================================================
RANDOM-SPAWN GRASP RETRAINING  |  algo=td3_ln  run=td3_ln_cereal_base_s0
========================================================================
  Envs                : 5 (subprocess-parallel, fork)
  Spawn level         : 2.0 (1.0 = full position box, 2.0 = + z-rotation)
  Updates/vec-step    : 2 (0.400 per env-step; historical baseline 0.5)
  Buffer              : 2,000,000
  Actor               : 64 -> 32  (5,216 weights)  [critics 512->256]
  Warm start          : checkpoints/td3_grasp_rand_best_0355_backup
  Checkpoints         : /home/fahim/Thesis_fahim/pickandplace/checkpoints/td3_grasp_rand_td3_ln_cereal_base_s0
========================================================================

Spawning 5 subprocess environments (fork)...
[robosuite WARNING] No private macro file found! (__init__.py:7)
[robosuite WARNING] It is recommended to use a private macro file (__init__.py:8)
[robosuite WARNING] To setup, run: python /home/fahim/Thesis_fahim/venv/lib/python3.12/site-packages/robosuite/scripts/setup_macros.py (__init__.py:9)
[robosuite WARNING] No private macro file found! (__init__.py:7)
[robosuite WARNING] It is recommended to use a private macro file (__init__.py:8)
[robosuite WARNING] To setup, run: python /home/fahim/Thesis_fahim/venv/lib/python3.12/site-packages/robosuite/scripts/setup_macros.py (__init__.py:9)
[robosuite WARNING] No private macro file found! (__init__.py:7)
[robosuite WARNING] It is recommended to use a private macro file (__init__.py:8)
[robosuite WARNING] To setup, run: python /home/fahim/Thesis_fahim/venv/lib/python3.12/site-packages/robosuite/scripts/setup_macros.py (__init__.py:9)
[robosuite WARNING] No private macro file found! (__init__.py:7)
[robosuite WARNING] It is recommended to use a private macro file (__init__.py:8)
[robosuite WARNING] To setup, run: python /home/fahim/Thesis_fahim/venv/lib/python3.12/site-packages/robosuite/scripts/setup_macros.py (__init__.py:9)
[robosuite WARNING] No private macro file found! (__init__.py:7)
[robosuite WARNING] It is recommended to use a private macro file (__init__.py:8)
[robosuite WARNING] To setup, run: python /home/fahim/Thesis_fahim/venv/lib/python3.12/site-packages/robosuite/scripts/setup_macros.py (__init__.py:9)
Gym has been unmaintained since 2022 and does not support NumPy 2.0 amongst other critical functionality.
Please upgrade to Gymnasium, the maintained drop-in replacement of Gym, or contact the authors of your software and request that they upgrade.
See the migration guide at https://gymnasium.farama.org/introduction/migration_guide/ for additional information.
Gym has been unmaintained since 2022 and does not support NumPy 2.0 amongst other critical functionality.
Please upgrade to Gymnasium, the maintained drop-in replacement of Gym, or contact the authors of your software and request that they upgrade.
See the migration guide at https://gymnasium.farama.org/introduction/migration_guide/ for additional information.
Gym has been unmaintained since 2022 and does not support NumPy 2.0 amongst other critical functionality.
Please upgrade to Gymnasium, the maintained drop-in replacement of Gym, or contact the authors of your software and request that they upgrade.
See the migration guide at https://gymnasium.farama.org/introduction/migration_guide/ for additional information.Gym has been unmaintained since 2022 and does not support NumPy 2.0 amongst other critical functionality.
Please upgrade to Gymnasium, the maintained drop-in replacement of Gym, or contact the authors of your software and request that they upgrade.
See the migration guide at https://gymnasium.farama.org/introduction/migration_guide/ for additional information.

Gym has been unmaintained since 2022 and does not support NumPy 2.0 amongst other critical functionality.
Please upgrade to Gymnasium, the maintained drop-in replacement of Gym, or contact the authors of your software and request that they upgrade.
See the migration guide at https://gymnasium.farama.org/introduction/migration_guide/ for additional information.
/home/fahim/Thesis_fahim/venv/lib/python3.12/site-packages/gym/spaces/box.py:84: UserWarning: [33mWARN: Box bound precision lowered by casting to float32[0m
  logger.warn(f"Box bound precision lowered by casting to {self.dtype}")
/home/fahim/Thesis_fahim/venv/lib/python3.12/site-packages/gym/spaces/box.py:84: UserWarning: [33mWARN: Box bound precision lowered by casting to float32[0m
  logger.warn(f"Box bound precision lowered by casting to {self.dtype}")
Gym has been unmaintained since 2022 and does not support NumPy 2.0 amongst other critical functionality.
Please upgrade to Gymnasium, the maintained drop-in replacement of Gym, or contact the authors of your software and request that they upgrade.
See the migration guide at https://gymnasium.farama.org/introduction/migration_guide/ for additional information.
5 environments ready.

/home/fahim/Thesis_fahim/venv/lib/python3.12/site-packages/gym/spaces/box.py:84: UserWarning: [33mWARN: Box bound precision lowered by casting to float32[0m
  logger.warn(f"Box bound precision lowered by casting to {self.dtype}")
/home/fahim/Thesis_fahim/venv/lib/python3.12/site-packages/gym/spaces/box.py:84: UserWarning: [33mWARN: Box bound precision lowered by casting to float32[0m
  logger.warn(f"Box bound precision lowered by casting to {self.dtype}")
/home/fahim/Thesis_fahim/venv/lib/python3.12/site-packages/gym/spaces/box.py:84: UserWarning: [33mWARN: Box bound precision lowered by casting to float32[0m
  logger.warn(f"Box bound precision lowered by casting to {self.dtype}")
  Actor QAT           : per-tensor INT8 fake-quant, STE grads
  Actor weight clip   : |w| <= 8.0 * std(w) per Linear tensor (bi_s0 baseline fc1 9.96 / fc2 10.82)
Init: resumed (cold run) (source: /home/fahim/Thesis_fahim/pickandplace/checkpoints/td3_grasp_rand_best_0355_backup)
WARNING: Failed to load replay buffer (No data left in file). Starting fresh.
Fresh replay buffer.

Training...

Ep    50 | score    2.75 | avg100   39.85 | grasp100   0.0% | best 0.000 |    110 st/s
    done(50): t_flicker=20 t_touched=23 t_no_reach=7
Ep   100 | score  -20.51 | avg100   41.39 | grasp100   0.0% | best 0.000 |    102 st/s
    done(50): t_flicker=32 t_touched=14 t_no_reach=4
Ep   150 | score    1.27 | avg100   44.57 | grasp100   1.0% | best 0.000 |     96 st/s
    done(50): success=1 t_flicker=31 t_touched=14 t_no_reach=4
Ep   200 | score   21.08 | avg100   48.33 | grasp100   1.0% | best 0.000 |     86 st/s
    done(50): t_flicker=33 t_touched=13 t_no_reach=4
Ep   250 | score   61.37 | avg100   46.01 | grasp100   1.0% | best 0.000 |     66 st/s
    done(50): success=1 t_flicker=31 t_touched=9 t_no_reach=9
Ep   300 | score   19.45 | avg100   40.96 | grasp100   1.0% | best 0.000 |     58 st/s
    done(50): t_flicker=32 t_touched=10 t_no_reach=8
Ep   350 | score   65.90 | avg100   42.29 | grasp100   0.0% | best 0.000 |     53 st/s
    done(50): t_flicker=32 t_touched=13 t_no_reach=5
Ep   400 | score   17.37 | avg100   37.08 | grasp100   0.0% | best 0.000 |     50 st/s
    done(50): t_flicker=23 t_touched=17 t_no_reach=10
Ep   450 | score   64.91 | avg100   40.75 | grasp100   1.0% | best 0.000 |     47 st/s
    done(50): success=1 t_flicker=35 t_touched=8 t_no_reach=6
Ep   500 | score   58.20 | avg100   46.86 | grasp100   1.0% | best 0.000 |     46 st/s
    done(50): t_flicker=31 t_touched=11 t_no_reach=8
Ep   550 | score   54.44 | avg100   40.63 | grasp100   0.0% | best 0.000 |     46 st/s
    done(50): t_flicker=29 t_touched=17 t_no_reach=4
Ep   600 | score   13.08 | avg100   40.64 | grasp100   0.0% | best 0.000 |     45 st/s
    done(50): t_flicker=33 t_touched=10 t_no_reach=7
Ep   650 | score   63.20 | avg100   42.05 | grasp100   1.0% | best 0.000 |     44 st/s
    done(50): success=1 t_flicker=29 t_touched=12 t_no_reach=8
Ep   700 | score   14.90 | avg100   35.84 | grasp100   1.0% | best 0.000 |     43 st/s
    done(50): t_flicker=28 t_touched=14 t_no_reach=8
Ep   750 | score  207.36 | avg100   35.56 | grasp100   1.0% | best 0.000 |     43 st/s
    done(50): success=1 t_flicker=29 t_touched=16 t_no_reach=4
Ep   790 | * BEST  level200=2.00 grasp200=  1.5% metric=0.015 | score  211.11
Ep   800 | score   50.43 | avg100   41.86 | grasp100   2.0% | best 0.015 |     42 st/s
    done(50): success=1 t_flicker=30 t_touched=12 t_no_reach=7
Ep   850 | score   35.94 | avg100   45.26 | grasp100   2.0% | best 0.015 |     42 st/s
    done(50): success=1 t_flicker=35 t_touched=7 t_no_reach=7
Ep   900 | score    8.65 | avg100   45.97 | grasp100   3.0% | best 0.015 |     42 st/s
    done(50): success=2 t_flicker=31 t_touched=11 t_no_reach=6
Ep   950 | score   50.97 | avg100   43.12 | grasp100   2.0% | best 0.015 |     42 st/s
    done(50): t_flicker=33 t_touched=10 t_no_reach=7
Ep  1000 | score    5.94 | avg100   36.18 | grasp100   0.0% | best 0.015 |     42 st/s
    done(50): t_flicker=24 t_touched=17 t_no_reach=9
Ep  1050 | score   19.61 | avg100   36.26 | grasp100   3.0% | best 0.015 |     41 st/s
    done(50): success=3 t_flicker=27 t_touched=10 t_no_reach=10
Ep  1051 | * BEST  level200=2.00 grasp200=  3.0% metric=0.030 | score  206.86
Ep  1100 | score  -20.24 | avg100   46.65 | grasp100   8.0% | best 0.030 |     41 st/s
    done(50): success=5 t_flicker=28 t_touched=10 t_no_reach=7
Ep  1116 | * BEST  level200=2.00 grasp200=  4.5% metric=0.045 | score  225.02
Ep  1150 | score   -1.59 | avg100   44.50 | grasp100   7.0% | best 0.045 |     41 st/s
    done(50): success=2 t_flicker=25 t_touched=14 t_no_reach=9
Ep  1200 | score   71.13 | avg100   38.48 | grasp100   3.0% | best 0.045 |     41 st/s
    done(50): success=1 t_flicker=27 t_touched=15 t_no_reach=7
Ep  1250 | score   56.78 | avg100   37.73 | grasp100   1.0% | best 0.045 |     40 st/s
    done(50): t_flicker=29 t_touched=17 t_no_reach=4
  [primacy-bias reset of critic heads @ 25000 updates]
Ep  1300 | score  -20.08 | avg100   27.87 | grasp100   0.0% | best 0.045 |     40 st/s
    done(50): t_flicker=18 t_touched=14 t_no_reach=18
Ep  1350 | score   25.08 | avg100   27.66 | grasp100   3.0% | best 0.045 |     40 st/s
    done(50): success=3 t_flicker=21 t_touched=16 t_no_reach=10
Ep  1400 | score   55.65 | avg100   37.88 | grasp100   5.0% | best 0.045 |     40 st/s
    done(50): success=2 t_flicker=25 t_touched=16 t_no_reach=7
Ep  1450 | score  237.95 | avg100   41.14 | grasp100   4.0% | best 0.045 |     40 st/s
    done(50): success=2 t_flicker=26 t_touched=18 t_no_reach=4
Ep  1500 | score   46.99 | avg100   40.38 | grasp100   3.0% | best 0.045 |     40 st/s
    done(50): success=1 t_flicker=26 t_touched=17 t_no_reach=6
Ep  1550 | score    0.43 | avg100   39.38 | grasp100   3.0% | best 0.045 |     40 st/s
    done(50): success=2 t_flicker=28 t_touched=13 t_no_reach=7
Ep  1600 | score   30.58 | avg100   37.90 | grasp100   3.0% | best 0.045 |     40 st/s
    done(50): success=1 t_flicker=22 t_touched=17 t_no_reach=10
Ep  1650 | score   -5.47 | avg100   37.90 | grasp100   4.0% | best 0.045 |     39 st/s
    done(50): success=3 t_flicker=19 t_touched=17 t_no_reach=11
Ep  1700 | score   32.91 | avg100   37.88 | grasp100   7.0% | best 0.045 |     39 st/s
    done(50): success=4 t_flicker=17 t_touched=21 t_no_reach=8
Ep  1711 | * BEST  level200=2.00 grasp200=  6.0% metric=0.060 | score  201.31
Ep  1727 | * BEST  level200=2.00 grasp200=  7.0% metric=0.070 | score  207.12
Ep  1750 | score   18.18 | avg100   48.15 | grasp100  11.0% | best 0.070 |     39 st/s
    done(50): success=7 t_flicker=26 t_touched=14 t_no_reach=3
Ep  1779 | * BEST  level200=2.00 grasp200=  8.5% metric=0.085 | score  209.35
Ep  1798 | * BEST  level200=2.00 grasp200= 10.0% metric=0.100 | score  209.04
Ep  1800 | score   53.84 | avg100   56.66 | grasp100  14.0% | best 0.100 |     39 st/s
    done(50): success=7 t_flicker=18 t_touched=15 t_no_reach=10
Ep  1821 | * BEST  level200=2.00 grasp200= 11.5% metric=0.115 | score  372.38
Ep  1830 | * BEST  level200=2.00 grasp200= 13.0% metric=0.130 | score  208.08
Ep  1850 | score   -1.05 | avg100   55.64 | grasp100  15.0% | best 0.130 |     39 st/s
    done(50): success=8 t_flicker=18 t_touched=16 t_no_reach=8
Ep  1869 | * BEST  level200=2.00 grasp200= 14.5% metric=0.145 | score  207.48
Ep  1900 | score   15.73 | avg100   54.27 | grasp100  15.0% | best 0.145 |     39 st/s
    done(50): success=7 t_flicker=16 t_touched=15 t_no_reach=12
Ep  1950 | score   20.31 | avg100   48.07 | grasp100  12.0% | best 0.145 |     39 st/s
    done(50): success=5 t_flicker=18 t_touched=20 t_no_reach=7
Ep  2000 | score   26.87 | avg100   50.39 | grasp100  10.0% | best 0.145 |     39 st/s
    done(50): success=5 t_flicker=25 t_touched=13 t_no_reach=7
Ep  2050 | score   28.20 | avg100   44.76 | grasp100   7.0% | best 0.145 |     39 st/s
    done(50): success=2 t_flicker=19 t_touched=20 t_no_reach=9
Ep  2100 | score   24.97 | avg100   41.98 | grasp100   6.0% | best 0.145 |     38 st/s
    done(50): success=4 t_flicker=23 t_touched=14 t_no_reach=9
Ep  2150 | score   -1.74 | avg100   52.01 | grasp100  11.0% | best 0.145 |     38 st/s
    done(50): success=7 t_flicker=21 t_touched=12 t_no_reach=10
Ep  2200 | score  -20.15 | avg100   46.55 | grasp100   9.0% | best 0.145 |     38 st/s
    done(50): success=2 t_flicker=25 t_touched=12 t_no_reach=11
Ep  2250 | score   66.63 | avg100   42.63 | grasp100   6.0% | best 0.145 |     38 st/s
    done(50): success=4 t_flicker=23 t_touched=14 t_no_reach=9
Ep  2300 | score   25.80 | avg100   45.63 | grasp100   8.0% | best 0.145 |     38 st/s
    done(50): success=4 t_flicker=24 t_touched=13 t_no_reach=9
  [primacy-bias reset of critic heads @ 50000 updates]
Ep  2350 | score    2.18 | avg100   42.62 | grasp100   7.0% | best 0.145 |     38 st/s
    done(50): success=3 t_flicker=26 t_touched=14 t_no_reach=7
Ep  2400 | score   67.01 | avg100   49.42 | grasp100  10.0% | best 0.145 |     38 st/s
    done(50): success=7 t_flicker=26 t_touched=6 t_no_reach=11
Ep  2450 | score   58.92 | avg100   50.80 | grasp100  12.0% | best 0.145 |     38 st/s
    done(50): success=5 t_flicker=21 t_touched=16 t_no_reach=8
Ep  2500 | score    8.84 | avg100   42.89 | grasp100  10.0% | best 0.145 |     38 st/s
    done(50): success=5 t_flicker=19 t_touched=14 t_no_reach=12
Ep  2550 | score  -15.53 | avg100   37.45 | grasp100   6.0% | best 0.145 |     38 st/s
    done(50): success=1 t_flicker=28 t_touched=11 t_no_reach=10
Ep  2600 | score   -0.39 | avg100   29.10 | grasp100   1.0% | best 0.145 |     38 st/s
    done(50): t_flicker=23 t_touched=17 t_no_reach=10
Ep  2650 | score  205.37 | avg100   38.24 | grasp100   4.0% | best 0.145 |     38 st/s
    done(50): success=4 t_flicker=30 t_touched=9 t_no_reach=7
Ep  2700 | score   26.11 | avg100   53.44 | grasp100   8.0% | best 0.145 |     38 st/s
    done(50): success=4 t_flicker=27 t_touched=13 t_no_reach=6
Ep  2750 | score   57.88 | avg100   53.60 | grasp100  10.0% | best 0.145 |     38 st/s
    done(50): success=6 t_flicker=22 t_touched=16 t_no_reach=6
Ep  2800 | score   59.03 | avg100   50.16 | grasp100   9.0% | best 0.145 |     38 st/s
    done(50): success=3 t_flicker=30 t_touched=13 t_no_reach=4
Ep  2850 | score    4.95 | avg100   50.73 | grasp100   8.0% | best 0.145 |     38 st/s
    done(50): success=5 t_flicker=29 t_touched=10 t_no_reach=6
Ep  2900 | score    6.68 | avg100   49.86 | grasp100   8.0% | best 0.145 |     38 st/s
    done(50): success=3 t_flicker=28 t_touched=14 t_no_reach=5
Ep  2950 | score  206.62 | avg100   53.16 | grasp100   9.0% | best 0.145 |     38 st/s
    done(50): success=6 t_flicker=28 t_touched=10 t_no_reach=6
Ep  3000 | score   19.28 | avg100   56.86 | grasp100  11.0% | best 0.145 |     38 st/s
    done(50): success=5 t_flicker=23 t_touched=15 t_no_reach=7
Ep  3050 | score   91.06 | avg100   55.42 | grasp100  10.0% | best 0.145 |     38 st/s
    done(50): success=5 t_flicker=26 t_touched=16 t_no_reach=3
Ep  3100 | score   55.51 | avg100   56.01 | grasp100   8.0% | best 0.145 |     38 st/s
    done(50): success=3 t_flicker=32 t_touched=12 t_no_reach=3
Ep  3150 | score   22.60 | avg100   53.23 | grasp100   8.0% | best 0.145 |     38 st/s
    done(50): success=5 t_flicker=27 t_touched=11 t_no_reach=7
Ep  3200 | score   80.87 | avg100   55.79 | grasp100  11.0% | best 0.145 |     38 st/s
    done(50): success=6 t_flicker=28 t_touched=13 t_no_reach=3
Ep  3250 | score   70.54 | avg100   56.97 | grasp100  11.0% | best 0.145 |     38 st/s
    done(50): success=5 t_flicker=25 t_touched=11 t_no_reach=9
Ep  3300 | score  205.80 | avg100   59.75 | grasp100  11.0% | best 0.145 |     38 st/s
    done(50): success=6 t_flicker=35 t_touched=5 t_no_reach=4
Ep  3350 | score   48.46 | avg100   62.46 | grasp100  12.0% | best 0.145 |     37 st/s
    done(50): success=6 t_flicker=28 t_touched=15 t_no_reach=1
Ep  3400 | score   12.66 | avg100   60.78 | grasp100  11.0% | best 0.145 |     37 st/s
    done(50): success=5 t_flicker=37 t_touched=6 t_no_reach=2
  [primacy-bias reset of critic heads @ 75000 updates]
Ep  3450 | score   33.08 | avg100   58.22 | grasp100   9.0% | best 0.145 |     37 st/s
    done(50): success=4 t_flicker=25 t_touched=14 t_no_reach=7
Ep  3500 | score   20.48 | avg100   45.94 | grasp100   7.0% | best 0.145 |     37 st/s
    done(50): success=3 t_flicker=18 t_touched=13 t_no_reach=16
Ep  3550 | score    4.92 | avg100   38.61 | grasp100   6.0% | best 0.145 |     37 st/s
    done(50): success=3 t_flicker=20 t_touched=16 t_no_reach=11
Ep  3600 | score   16.95 | avg100   43.02 | grasp100   8.0% | best 0.145 |     37 st/s
    done(50): success=5 t_flicker=18 t_touched=18 t_no_reach=9
Ep  3650 | score    9.19 | avg100   39.96 | grasp100   6.0% | best 0.145 |     37 st/s
    done(50): success=1 t_flicker=24 t_touched=15 t_no_reach=10
Ep  3700 | score    0.91 | avg100   45.66 | grasp100   7.0% | best 0.145 |     37 st/s
    done(50): success=6 t_flicker=23 t_touched=17 t_no_reach=4
Ep  3750 | score   56.30 | avg100   53.40 | grasp100   9.0% | best 0.145 |     37 st/s
    done(50): success=3 t_flicker=30 t_touched=13 t_no_reach=4
Ep  3800 | score  208.90 | avg100   67.31 | grasp100  15.0% | best 0.145 |     37 st/s
    done(50): success=12 t_flicker=27 t_touched=5 t_no_reach=6
Ep  3850 | score   62.68 | avg100   77.60 | grasp100  20.0% | best 0.145 |     37 st/s
    done(50): success=8 t_flicker=27 t_touched=7 t_no_reach=8
Ep  3896 | * BEST  level200=2.00 grasp200= 16.0% metric=0.160 | score  205.10
Ep  3900 | score   -0.02 | avg100   71.35 | grasp100  17.0% | best 0.160 |     37 st/s
    done(50): success=9 t_flicker=27 t_touched=11 t_no_reach=3
Ep  3919 | * BEST  level200=2.00 grasp200= 17.5% metric=0.175 | score  206.00
Ep  3950 | score   62.47 | avg100   70.10 | grasp100  16.0% | best 0.175 |     37 st/s
    done(50): success=7 t_flicker=30 t_touched=10 t_no_reach=3
Ep  4000 | score   10.78 | avg100   58.59 | grasp100  12.0% | best 0.175 |     37 st/s
    done(50): success=5 t_flicker=24 t_touched=14 t_no_reach=7
Ep  4050 | score   77.88 | avg100   58.65 | grasp100  13.0% | best 0.175 |     37 st/s
    done(50): success=8 t_flicker=28 t_touched=11 t_no_reach=3
Ep  4100 | score   49.67 | avg100   59.05 | grasp100  12.0% | best 0.175 |     37 st/s
    done(50): success=4 t_flicker=33 t_touched=7 t_no_reach=6
Ep  4150 | score   24.97 | avg100   55.30 | grasp100  11.0% | best 0.175 |     37 st/s
    done(50): success=7 t_flicker=26 t_touched=16 t_no_reach=1
Ep  4200 | score    5.89 | avg100   70.49 | grasp100  16.0% | best 0.175 |     37 st/s
    done(50): success=9 t_flicker=29 t_touched=7 t_no_reach=5
Ep  4250 | score   63.42 | avg100   69.04 | grasp100  14.0% | best 0.175 |     37 st/s
    done(50): success=5 t_flicker=27 t_touched=13 t_no_reach=5
Ep  4300 | score  205.54 | avg100   56.76 | grasp100  10.0% | best 0.175 |     37 st/s
    done(50): success=5 t_flicker=30 t_touched=12 t_no_reach=3
Ep  4350 | score   46.47 | avg100   56.23 | grasp100  10.0% | best 0.175 |     37 st/s
    done(50): success=5 t_flicker=24 t_touched=15 t_no_reach=6
Ep  4400 | score   37.19 | avg100   57.10 | grasp100  11.0% | best 0.175 |     37 st/s
    done(50): success=6 t_flicker=24 t_touched=15 t_no_reach=5
Ep  4450 | score   50.42 | avg100   71.63 | grasp100  18.0% | best 0.175 |     37 st/s
    done(50): success=12 t_flicker=26 t_touched=10 t_no_reach=2
Ep  4500 | score   56.78 | avg100   79.24 | grasp100  22.0% | best 0.175 |     37 st/s
    done(50): success=10 t_flicker=25 t_touched=9 t_no_reach=6
Ep  4549 | * BEST  level200=2.00 grasp200= 19.0% metric=0.190 | score  207.01
Ep  4550 | score   58.41 | avg100   75.25 | grasp100  20.0% | best 0.190 |     37 st/s
    done(50): success=10 t_flicker=28 t_touched=7 t_no_reach=5
  [primacy-bias reset of critic heads @ 100000 updates]
Ep  4600 | score  215.80 | avg100   68.64 | grasp100  15.0% | best 0.190 |     37 st/s
    done(50): success=5 t_flicker=34 t_touched=8 t_no_reach=3
Ep  4650 | score   30.32 | avg100   55.28 | grasp100   9.0% | best 0.190 |     37 st/s
    done(50): success=4 t_flicker=25 t_touched=15 t_no_reach=6
Ep  4700 | score  207.49 | avg100   46.46 | grasp100   8.0% | best 0.190 |     37 st/s
    done(50): success=4 t_flicker=22 t_touched=13 t_no_reach=11
Ep  4750 | score   78.79 | avg100   50.25 | grasp100  12.0% | best 0.190 |     37 st/s
    done(50): success=8 t_flicker=18 t_touched=19 t_no_reach=5
Ep  4800 | score   10.24 | avg100   59.37 | grasp100  14.0% | best 0.190 |     37 st/s
    done(50): success=6 t_flicker=30 t_touched=9 t_no_reach=5
Ep  4850 | score    4.50 | avg100   62.16 | grasp100  13.0% | best 0.190 |     37 st/s
    done(50): success=7 t_flicker=22 t_touched=14 t_no_reach=7
Ep  4900 | score   50.41 | avg100   66.56 | grasp100  15.0% | best 0.190 |     37 st/s
    done(50): success=8 t_flicker=27 t_touched=12 t_no_reach=3
Ep  4950 | score   96.12 | avg100   80.54 | grasp100  22.0% | best 0.190 |     37 st/s
    done(50): success=14 t_flicker=25 t_touched=8 t_no_reach=3
Ep  5000 | score    9.06 | avg100   76.50 | grasp100  20.0% | best 0.190 |     37 st/s
    done(50): success=6 t_flicker=29 t_touched=12 t_no_reach=3
Ep  5050 | score  207.59 | avg100   65.21 | grasp100  15.0% | best 0.190 |     37 st/s
    done(50): success=9 t_flicker=25 t_touched=10 t_no_reach=6
Ep  5092 | * BEST  level200=2.00 grasp200= 20.5% metric=0.205 | score  206.56
Ep  5100 | score   57.03 | avg100   78.73 | grasp100  22.0% | best 0.205 |     37 st/s
    done(50): success=13 t_flicker=29 t_touched=7 t_no_reach=1
Ep  5150 | score  206.44 | avg100   78.05 | grasp100  20.0% | best 0.205 |     37 st/s
    done(50): success=7 t_flicker=28 t_touched=7 t_no_reach=8
Ep  5200 | score  139.26 | avg100   71.26 | grasp100  16.0% | best 0.205 |     37 st/s
    done(50): success=9 t_flicker=32 t_touched=7 t_no_reach=2
Ep  5250 | score   61.64 | avg100   71.43 | grasp100  18.0% | best 0.205 |     37 st/s
    done(50): success=9 t_flicker=24 t_touched=8 t_no_reach=9
Ep  5300 | score   56.34 | avg100   68.66 | grasp100  17.0% | best 0.205 |     37 st/s
    done(50): success=8 t_flicker=27 t_touched=6 t_no_reach=9
Ep  5350 | score   23.10 | avg100   67.83 | grasp100  14.0% | best 0.205 |     37 st/s
    done(50): success=6 t_flicker=36 t_touched=4 t_no_reach=4
Ep  5400 | score   85.51 | avg100   72.91 | grasp100  16.0% | best 0.205 |     37 st/s
    done(50): success=10 t_flicker=30 t_touched=5 t_no_reach=5
Ep  5450 | score   64.32 | avg100   67.83 | grasp100  14.0% | best 0.205 |     37 st/s
    done(50): success=4 t_flicker=32 t_touched=10 t_no_reach=4
Ep  5500 | score   -1.79 | avg100   54.91 | grasp100   8.0% | best 0.205 |     37 st/s
    done(50): success=4 t_flicker=30 t_touched=10 t_no_reach=6
Ep  5550 | score    5.75 | avg100   60.05 | grasp100  12.0% | best 0.205 |     37 st/s
    done(50): success=8 t_flicker=20 t_touched=15 t_no_reach=7
Ep  5600 | score   55.18 | avg100   68.21 | grasp100  17.0% | best 0.205 |     37 st/s
    done(50): success=9 t_flicker=23 t_touched=13 t_no_reach=5
Ep  5650 | score  207.59 | avg100   63.28 | grasp100  16.0% | best 0.205 |     37 st/s
    done(50): success=7 t_flicker=24 t_touched=13 t_no_reach=6
Ep  5700 | score   57.80 | avg100   60.12 | grasp100  14.0% | best 0.205 |     37 st/s
    done(50): success=7 t_flicker=27 t_touched=13 t_no_reach=3
Ep  5750 | score  207.30 | avg100   69.83 | grasp100  15.0% | best 0.205 |     37 st/s
    done(50): success=8 t_flicker=30 t_touched=9 t_no_reach=3
  [primacy-bias reset of critic heads @ 125000 updates]
Ep  5800 | score   18.65 | avg100   69.85 | grasp100  15.0% | best 0.205 |     37 st/s
    done(50): success=7 t_flicker=29 t_touched=10 t_no_reach=4
Ep  5850 | score   17.00 | avg100   59.55 | grasp100  14.0% | best 0.205 |     37 st/s
    done(50): success=7 t_flicker=26 t_touched=13 t_no_reach=4
Ep  5900 | score  207.52 | avg100   52.15 | grasp100  15.0% | best 0.205 |     37 st/s
    done(50): success=8 t_flicker=18 t_touched=8 t_no_reach=16
Ep  5950 | score   -0.25 | avg100   42.68 | grasp100  12.0% | best 0.205 |     37 st/s
    done(50): success=4 t_flicker=20 t_touched=17 t_no_reach=9
Ep  6000 | score   18.58 | avg100   51.76 | grasp100  13.0% | best 0.205 |     37 st/s
    done(50): success=9 t_flicker=27 t_touched=7 t_no_reach=7
Ep  6050 | score   61.04 | avg100   64.56 | grasp100  16.0% | best 0.205 |     37 st/s
    done(50): success=7 t_flicker=29 t_touched=8 t_no_reach=6
Ep  6100 | score   57.32 | avg100   65.11 | grasp100  16.0% | best 0.205 |     37 st/s
    done(50): success=9 t_flicker=22 t_touched=8 t_no_reach=11
Ep  6150 | score  206.03 | avg100   76.37 | grasp100  21.0% | best 0.205 |     36 st/s
    done(50): success=12 t_flicker=26 t_touched=7 t_no_reach=5
Ep  6200 | score   18.10 | avg100   74.70 | grasp100  19.0% | best 0.205 |     36 st/s
    done(50): success=7 t_flicker=25 t_touched=9 t_no_reach=9
Ep  6250 | score   38.84 | avg100   65.50 | grasp100  16.0% | best 0.205 |     36 st/s
    done(50): success=9 t_flicker=20 t_touched=10 t_no_reach=11
Ep  6300 | score   10.81 | avg100   75.41 | grasp100  21.0% | best 0.205 |     36 st/s
    done(50): success=12 t_flicker=28 t_touched=5 t_no_reach=5
Ep  6350 | score   92.05 | avg100   78.21 | grasp100  21.0% | best 0.205 |     36 st/s
    done(50): success=9 t_flicker=28 t_touched=10 t_no_reach=3
Ep  6400 | score   56.70 | avg100   73.17 | grasp100  19.0% | best 0.205 |     36 st/s
    done(50): success=10 t_flicker=23 t_touched=10 t_no_reach=7
Ep  6430 | * BEST  level200=2.00 grasp200= 22.0% metric=0.220 | score  206.60
Ep  6450 | score   62.85 | avg100   75.70 | grasp100  19.0% | best 0.220 |     36 st/s
    done(50): success=9 t_flicker=30 t_touched=4 t_no_reach=7
Ep  6500 | score   34.53 | avg100   80.33 | grasp100  19.0% | best 0.220 |     36 st/s
    done(50): success=10 t_flicker=35 t_touched=3 t_no_reach=2
Ep  6550 | score   56.13 | avg100   79.73 | grasp100  20.0% | best 0.220 |     36 st/s
    done(50): success=10 t_flicker=29 t_touched=5 t_no_reach=6
Ep  6600 | score  206.87 | avg100   82.77 | grasp100  23.0% | best 0.220 |     36 st/s
    done(50): success=13 t_flicker=25 t_touched=9 t_no_reach=3
Ep  6650 | score   72.10 | avg100   82.79 | grasp100  22.0% | best 0.220 |     36 st/s
    done(50): success=9 t_flicker=28 t_touched=9 t_no_reach=4
Ep  6700 | score    4.73 | avg100   79.24 | grasp100  20.0% | best 0.220 |     36 st/s
    done(50): success=11 t_flicker=30 t_touched=6 t_no_reach=3
Ep  6750 | score   69.10 | avg100   87.98 | grasp100  23.0% | best 0.220 |     36 st/s
    done(50): success=12 t_flicker=28 t_touched=7 t_no_reach=3
Ep  6754 | * BEST  level200=2.00 grasp200= 23.5% metric=0.235 | score  206.90
Ep  6800 | score  205.55 | avg100   93.97 | grasp100  27.0% | best 0.235 |     36 st/s
    done(50): success=15 t_flicker=21 t_touched=10 t_no_reach=4
Ep  6813 | * BEST  level200=2.00 grasp200= 25.0% metric=0.250 | score  208.66
Ep  6850 | score    1.64 | avg100   92.07 | grasp100  29.0% | best 0.250 |     36 st/s
    done(50): success=14 t_flicker=21 t_touched=9 t_no_reach=6
Ep  6882 | * BEST  level200=2.00 grasp200= 26.5% metric=0.265 | score  217.73
Ep  6900 | score   68.55 | avg100   88.03 | grasp100  26.0% | best 0.265 |     36 st/s
    done(50): success=12 t_flicker=23 t_touched=11 t_no_reach=4
Ep  6950 | * BEST  level200=2.00 grasp200= 28.0% metric=0.280 | score  210.24
Ep  7000 | score   97.98 | avg100   95.53 | grasp100  30.0% | best 0.280 |     36 st/s
    done(50): success=15 t_flicker=24 t_touched=8 t_no_reach=3
Ep  7003 | * BEST  level200=2.00 grasp200= 29.5% metric=0.295 | score  207.89
  [primacy-bias reset of critic heads @ 150000 updates]
Ep  7050 | score  206.55 | avg100   86.73 | grasp100  27.0% | best 0.295 |     36 st/s
    done(50): success=12 t_flicker=24 t_touched=8 t_no_reach=6
Ep  7100 | score   72.43 | avg100   72.91 | grasp100  20.0% | best 0.295 |     36 st/s
    done(50): success=8 t_flicker=27 t_touched=13 t_no_reach=2
Ep  7150 | score   57.90 | avg100   70.74 | grasp100  18.0% | best 0.295 |     36 st/s
    done(50): success=10 t_flicker=26 t_touched=11 t_no_reach=3
Ep  7200 | score   21.91 | avg100   74.61 | grasp100  22.0% | best 0.295 |     36 st/s
    done(50): success=12 t_flicker=21 t_touched=12 t_no_reach=5
Ep  7250 | score    9.79 | avg100   68.01 | grasp100  21.0% | best 0.295 |     36 st/s
    done(50): success=9 t_flicker=19 t_touched=15 t_no_reach=7
Ep  7300 | score   33.63 | avg100   69.04 | grasp100  19.0% | best 0.295 |     36 st/s
    done(50): success=10 t_flicker=22 t_touched=11 t_no_reach=7
Ep  7350 | score   11.88 | avg100   90.65 | grasp100  28.0% | best 0.295 |     36 st/s
    done(50): success=18 t_flicker=20 t_touched=7 t_no_reach=5
Ep  7400 | score   59.04 | avg100   86.26 | grasp100  26.0% | best 0.295 |     36 st/s
    done(50): success=8 t_flicker=27 t_touched=11 t_no_reach=4
Ep  7450 | score  208.40 | avg100   80.89 | grasp100  25.0% | best 0.295 |     36 st/s
    done(50): success=17 t_flicker=21 t_touched=9 t_no_reach=3
Ep  7477 | * BEST  level200=2.00 grasp200= 31.0% metric=0.310 | score  208.02
Ep  7500 | score  206.45 | avg100  100.06 | grasp100  35.0% | best 0.310 |     36 st/s
    done(50): success=18 t_flicker=24 t_touched=4 t_no_reach=4
Ep  7550 | score  207.09 | avg100   93.22 | grasp100  28.0% | best 0.310 |     36 st/s
    done(50): success=10 t_flicker=25 t_touched=11 t_no_reach=4
Ep  7600 | score   64.69 | avg100   91.05 | grasp100  26.0% | best 0.310 |     36 st/s
    done(50): success=16 t_flicker=23 t_touched=5 t_no_reach=6
Ep  7650 | score   34.62 | avg100   96.39 | grasp100  30.0% | best 0.310 |     36 st/s
    done(50): success=14 t_flicker=27 t_touched=9
Ep  7700 | score   58.55 | avg100   94.18 | grasp100  28.0% | best 0.310 |     36 st/s
    done(50): success=14 t_flicker=28 t_touched=6 t_no_reach=2
Ep  7750 | score  206.91 | avg100   96.27 | grasp100  28.0% | best 0.310 |     36 st/s
    done(50): success=14 t_flicker=25 t_touched=7 t_no_reach=4
Ep  7800 | score   31.60 | avg100   96.30 | grasp100  29.0% | best 0.310 |     36 st/s
    done(50): success=15 t_flicker=27 t_touched=6 t_no_reach=2
Ep  7850 | score  205.76 | avg100   94.10 | grasp100  30.0% | best 0.310 |     36 st/s
    done(50): success=15 t_flicker=20 t_touched=9 t_no_reach=6
Ep  7900 | score  208.15 | avg100  101.95 | grasp100  32.0% | best 0.310 |     36 st/s
    done(50): success=17 t_flicker=28 t_touched=3 t_no_reach=2
Ep  7923 | * BEST  level200=2.00 grasp200= 32.5% metric=0.325 | score  206.54
Ep  7950 | score   66.47 | avg100  109.96 | grasp100  35.0% | best 0.325 |     36 st/s
    done(50): success=18 t_flicker=24 t_touched=6 t_no_reach=2
Ep  8000 | score  208.14 | avg100  106.75 | grasp100  34.0% | best 0.325 |     36 st/s
    done(50): success=16 t_flicker=28 t_touched=5 t_no_reach=1
Ep  8003 | * BEST  level200=2.00 grasp200= 34.0% metric=0.340 | score  207.69
Ep  8050 | score  212.75 | avg100  100.96 | grasp100  31.0% | best 0.340 |     36 st/s
    done(50): success=15 t_flicker=26 t_touched=6 t_no_reach=3
Ep  8070 | * BEST  level200=2.00 grasp200= 35.5% metric=0.355 | score  208.70
Ep  8100 | score   59.07 | avg100  100.19 | grasp100  33.0% | best 0.355 |     36 st/s
    done(50): success=18 t_flicker=23 t_touched=7 t_no_reach=2
Ep  8150 | score  207.68 | avg100  107.99 | grasp100  36.0% | best 0.355 |     36 st/s
    done(50): success=18 t_flicker=27 t_touched=5
Ep  8200 | score  205.60 | avg100  106.16 | grasp100  34.0% | best 0.355 |     36 st/s
    done(50): success=16 t_flicker=26 t_touched=4 t_no_reach=4
Ep  8250 | score   56.08 | avg100  109.87 | grasp100  35.0% | best 0.355 |     36 st/s
    done(50): success=19 t_flicker=26 t_touched=4 t_no_reach=1
Ep  8287 | * BEST  level200=2.00 grasp200= 37.0% metric=0.370 | score  213.61
Ep  8300 | score   17.47 | avg100  118.07 | grasp100  40.0% | best 0.370 |     36 st/s
    done(50): success=21 t_flicker=20 t_touched=6 t_no_reach=3
Ep  8310 | * BEST  level200=2.00 grasp200= 38.5% metric=0.385 | score  206.37
Ep  8350 | score   12.82 | avg100  108.26 | grasp100  38.0% | best 0.385 |     36 st/s
    done(50): success=17 t_flicker=22 t_touched=7 t_no_reach=4
  [primacy-bias reset of critic heads @ 175000 updates]
Ep  8400 | score    4.81 | avg100   84.59 | grasp100  29.0% | best 0.385 |     36 st/s
    done(50): success=12 t_flicker=16 t_touched=13 t_no_reach=9
Ep  8450 | score   -0.26 | avg100   63.72 | grasp100  19.0% | best 0.385 |     36 st/s
    done(50): success=7 t_flicker=23 t_touched=17 t_no_reach=3
Ep  8500 | score   61.31 | avg100   67.70 | grasp100  19.0% | best 0.385 |     36 st/s
    done(50): success=12 t_flicker=22 t_touched=13 t_no_reach=3
Ep  8550 | score  207.93 | avg100   79.04 | grasp100  24.0% | best 0.385 |     36 st/s
    done(50): success=12 t_flicker=26 t_touched=6 t_no_reach=6
Ep  8600 | score   18.69 | avg100   80.48 | grasp100  24.0% | best 0.385 |     36 st/s
    done(50): success=12 t_flicker=25 t_touched=9 t_no_reach=4
Ep  8650 | score  100.50 | avg100   73.30 | grasp100  21.0% | best 0.385 |     36 st/s
    done(50): success=9 t_flicker=29 t_touched=9 t_no_reach=3
Ep  8700 | score   31.42 | avg100   68.67 | grasp100  18.0% | best 0.385 |     36 st/s
    done(50): success=9 t_flicker=28 t_touched=7 t_no_reach=6
Ep  8750 | score  207.01 | avg100   73.13 | grasp100  21.0% | best 0.385 |     36 st/s
    done(50): success=12 t_flicker=22 t_touched=8 t_no_reach=8
Ep  8800 | score  206.21 | avg100   84.36 | grasp100  28.0% | best 0.385 |     36 st/s
    done(50): success=16 t_flicker=23 t_touched=5 t_no_reach=6
Ep  8850 | score   37.66 | avg100   95.39 | grasp100  32.0% | best 0.385 |     36 st/s
    done(50): success=16 t_flicker=22 t_touched=8 t_no_reach=4
Ep  8900 | score  205.19 | avg100  103.96 | grasp100  35.0% | best 0.385 |     36 st/s
    done(50): success=19 t_flicker=24 t_touched=2 t_no_reach=5
Ep  8950 | score   41.44 | avg100   99.33 | grasp100  32.0% | best 0.385 |     36 st/s
    done(50): success=13 t_flicker=27 t_touched=8 t_no_reach=2
Ep  9000 | score   63.38 | avg100   90.29 | grasp100  27.0% | best 0.385 |     35 st/s
    done(50): success=14 t_flicker=26 t_touched=8 t_no_reach=2
Ep  9050 | score   10.02 | avg100   96.38 | grasp100  31.0% | best 0.385 |     35 st/s
    done(50): success=17 t_flicker=22 t_touched=7 t_no_reach=4
Ep  9100 | score   65.32 | avg100  102.15 | grasp100  35.0% | best 0.385 |     35 st/s
    done(50): success=18 t_flicker=26 t_touched=4 t_no_reach=2
Ep  9150 | score   60.99 | avg100  109.03 | grasp100  38.0% | best 0.385 |     35 st/s
    done(50): success=20 t_flicker=26 t_touched=1 t_no_reach=3
Ep  9200 | score   89.95 | avg100  104.33 | grasp100  35.0% | best 0.385 |     35 st/s
    done(50): success=15 t_flicker=25 t_touched=5 t_no_reach=5
Ep  9250 | score  206.51 | avg100  105.79 | grasp100  37.0% | best 0.385 |     35 st/s
    done(50): success=22 t_flicker=19 t_touched=9
Ep  9300 | score  205.85 | avg100  109.16 | grasp100  39.0% | best 0.385 |     35 st/s
    done(50): success=17 t_flicker=24 t_touched=4 t_no_reach=5
Ep  9350 | score   70.47 | avg100  102.84 | grasp100  36.0% | best 0.385 |     35 st/s
    done(50): success=19 t_flicker=20 t_touched=9 t_no_reach=2
Ep  9400 | score   55.50 | avg100   99.14 | grasp100  36.0% | best 0.385 |     35 st/s
    done(50): success=17 t_flicker=21 t_touched=11 t_no_reach=1
Ep  9450 | score  219.74 | avg100  115.67 | grasp100  42.0% | best 0.385 |     35 st/s
    done(50): success=25 t_flicker=21 t_touched=3 t_no_reach=1
Ep  9452 | * BEST  level200=2.00 grasp200= 40.0% metric=0.400 | score  217.15
Ep  9500 | score  209.41 | avg100  120.77 | grasp100  43.0% | best 0.400 |     35 st/s
    done(50): success=18 t_flicker=23 t_touched=7 t_no_reach=2
Ep  9550 | score    0.24 | avg100  104.77 | grasp100  35.0% | best 0.400 |     35 st/s
    done(50): success=17 t_flicker=27 t_touched=2 t_no_reach=4
Ep  9579 | * BEST  level200=2.00 grasp200= 41.5% metric=0.415 | score  208.10
Ep  9600 | score  207.37 | avg100  109.92 | grasp100  39.0% | best 0.415 |     35 st/s
    done(50): success=22 t_flicker=17 t_touched=7 t_no_reach=4
Ep  9650 | score   59.19 | avg100  111.24 | grasp100  40.0% | best 0.415 |     35 st/s
    done(50): success=18 t_flicker=23 t_touched=7 t_no_reach=2
Ep  9700 | score  208.06 | avg100   97.72 | grasp100  32.0% | best 0.415 |     35 st/s
    done(50): success=14 t_flicker=25 t_touched=10 t_no_reach=1
  [primacy-bias reset of critic heads @ 200000 updates]
Ep  9750 | score  207.13 | avg100   82.24 | grasp100  24.0% | best 0.415 |     35 st/s
    done(50): success=10 t_flicker=30 t_touched=5 t_no_reach=5
Ep  9800 | score   31.66 | avg100   77.55 | grasp100  24.0% | best 0.415 |     35 st/s
    done(50): success=14 t_flicker=19 t_touched=10 t_no_reach=7
Ep  9850 | score  206.42 | avg100   72.13 | grasp100  25.0% | best 0.415 |     35 st/s
    done(50): success=11 t_flicker=20 t_touched=12 t_no_reach=7
Ep  9900 | score   11.82 | avg100   78.44 | grasp100  26.0% | best 0.415 |     35 st/s
    done(50): success=15 t_flicker=23 t_touched=8 t_no_reach=4
Ep  9950 | score  208.34 | avg100   75.87 | grasp100  24.0% | best 0.415 |     35 st/s
    done(50): success=9 t_flicker=21 t_touched=12 t_no_reach=8
Ep 10000 | score   62.02 | avg100   66.39 | grasp100  20.0% | best 0.415 |     35 st/s
    done(50): success=11 t_flicker=22 t_touched=9 t_no_reach=8
Ep 10050 | score  206.21 | avg100   83.78 | grasp100  27.0% | best 0.415 |     35 st/s
    done(50): success=16 t_flicker=26 t_touched=5 t_no_reach=3
Ep 10100 | score   94.62 | avg100   90.79 | grasp100  30.0% | best 0.415 |     35 st/s
    done(50): success=14 t_flicker=23 t_touched=10 t_no_reach=3
Ep 10150 | score   -4.04 | avg100   90.18 | grasp100  29.0% | best 0.415 |     35 st/s
    done(50): success=15 t_flicker=26 t_touched=4 t_no_reach=5
Ep 10200 | score  207.96 | avg100  117.27 | grasp100  44.0% | best 0.415 |     35 st/s
    done(50): success=29 t_flicker=14 t_touched=4 t_no_reach=3
Ep 10250 | score    8.68 | avg100  127.05 | grasp100  49.0% | best 0.415 |     35 st/s
    done(50): success=20 t_flicker=24 t_touched=4 t_no_reach=2
Ep 10283 | * BEST  level200=2.00 grasp200= 43.0% metric=0.430 | score  205.99
Ep 10300 | score   82.33 | avg100  111.16 | grasp100  41.0% | best 0.430 |     35 st/s
    done(50): success=21 t_flicker=19 t_touched=9 t_no_reach=1
Ep 10350 | score   57.56 | avg100  101.46 | grasp100  36.0% | best 0.430 |     35 st/s
    done(50): success=15 t_flicker=20 t_touched=11 t_no_reach=4
Ep 10400 | score  205.87 | avg100  103.89 | grasp100  36.0% | best 0.430 |     35 st/s
    done(50): success=21 t_flicker=21 t_touched=4 t_no_reach=4
Ep 10450 | score  227.00 | avg100  121.13 | grasp100  46.0% | best 0.430 |     35 st/s
    done(50): success=25 t_flicker=17 t_touched=7 t_no_reach=1
Ep 10500 | score   34.65 | avg100  121.85 | grasp100  45.0% | best 0.430 |     35 st/s
    done(50): success=20 t_flicker=20 t_touched=6 t_no_reach=4
Ep 10550 | score  211.30 | avg100  109.48 | grasp100  38.0% | best 0.430 |     35 st/s
    done(50): success=18 t_flicker=24 t_touched=6 t_no_reach=2
Ep 10600 | score  208.92 | avg100  101.17 | grasp100  35.0% | best 0.430 |     35 st/s
    done(50): success=17 t_flicker=23 t_touched=7 t_no_reach=3
Ep 10650 | score  209.27 | avg100  105.29 | grasp100  37.0% | best 0.430 |     35 st/s
    done(50): success=20 t_flicker=21 t_touched=5 t_no_reach=4
Ep 10700 | score  207.17 | avg100  117.16 | grasp100  42.0% | best 0.430 |     35 st/s
    done(50): success=22 t_flicker=21 t_touched=6 t_no_reach=1
Ep 10750 | score   71.67 | avg100  118.20 | grasp100  41.0% | best 0.430 |     35 st/s
    done(50): success=19 t_flicker=22 t_touched=7 t_no_reach=2
Ep 10800 | score   35.21 | avg100  110.63 | grasp100  35.0% | best 0.430 |     35 st/s
    done(50): success=16 t_flicker=29 t_touched=5
Ep 10850 | score   65.87 | avg100  112.42 | grasp100  38.0% | best 0.430 |     35 st/s
    done(50): success=22 t_flicker=18 t_touched=7 t_no_reach=3
Ep 10900 | score   33.44 | avg100  108.42 | grasp100  38.0% | best 0.430 |     35 st/s
    done(50): success=16 t_flicker=23 t_touched=6 t_no_reach=5
Ep 10950 | score  212.66 | avg100   99.71 | grasp100  33.0% | best 0.430 |     35 st/s
    done(50): success=17 t_flicker=24 t_touched=7 t_no_reach=2
Ep 11000 | score  207.78 | avg100  109.00 | grasp100  38.0% | best 0.430 |     35 st/s
    done(50): success=21 t_flicker=20 t_touched=5 t_no_reach=4
Ep 11050 | score   15.66 | avg100  103.29 | grasp100  37.0% | best 0.430 |     35 st/s
    done(50): success=16 t_flicker=19 t_touched=12 t_no_reach=3
  [primacy-bias reset of critic heads @ 225000 updates]
Ep 11100 | score   -3.35 | avg100   93.97 | grasp100  32.0% | best 0.430 |     35 st/s
    done(50): success=16 t_flicker=22 t_touched=8 t_no_reach=4
Ep 11150 | score   55.04 | avg100   70.78 | grasp100  22.0% | best 0.430 |     35 st/s
    done(50): success=6 t_flicker=13 t_touched=20 t_no_reach=11
Ep 11200 | score   -0.65 | avg100   51.64 | grasp100  16.0% | best 0.430 |     35 st/s
    done(50): success=10 t_flicker=18 t_touched=9 t_no_reach=13
Ep 11250 | score   26.33 | avg100   64.08 | grasp100  21.0% | best 0.430 |     35 st/s
    done(50): success=11 t_flicker=18 t_touched=10 t_no_reach=11
Ep 11300 | score  206.52 | avg100   64.61 | grasp100  22.0% | best 0.430 |     35 st/s
    done(50): success=11 t_flicker=17 t_touched=15 t_no_reach=7
Ep 11350 | score    6.36 | avg100   74.74 | grasp100  27.0% | best 0.430 |     35 st/s
    done(50): success=16 t_flicker=17 t_touched=13 t_no_reach=4
Ep 11400 | score   63.87 | avg100   95.60 | grasp100  32.0% | best 0.430 |     35 st/s
    done(50): success=16 t_flicker=27 t_touched=4 t_no_reach=3
Ep 11450 | score   22.67 | avg100   99.25 | grasp100  31.0% | best 0.430 |     35 st/s
    done(50): success=15 t_flicker=26 t_touched=6 t_no_reach=3
Ep 11500 | score   58.95 | avg100  112.51 | grasp100  40.0% | best 0.430 |     35 st/s
    done(50): success=25 t_flicker=19 t_touched=5 t_no_reach=1
Ep 11550 | score  206.05 | avg100  111.50 | grasp100  39.0% | best 0.430 |     35 st/s
    done(50): success=14 t_flicker=26 t_touched=6 t_no_reach=4
Ep 11600 | score  209.04 | avg100  106.81 | grasp100  37.0% | best 0.430 |     35 st/s
    done(50): success=23 t_flicker=20 t_touched=3 t_no_reach=4
Ep 11650 | score  207.42 | avg100  111.82 | grasp100  41.0% | best 0.430 |     35 st/s
    done(50): success=18 t_flicker=23 t_touched=6 t_no_reach=3
Ep 11700 | score  207.94 | avg100   94.50 | grasp100  30.0% | best 0.430 |     35 st/s
    done(50): success=12 t_flicker=31 t_touched=4 t_no_reach=3
Ep 11750 | score   35.15 | avg100   94.55 | grasp100  31.0% | best 0.430 |     35 st/s
    done(50): success=19 t_flicker=19 t_touched=10 t_no_reach=2
Ep 11800 | score   57.07 | avg100  110.71 | grasp100  39.0% | best 0.430 |     35 st/s
    done(50): success=20 t_flicker=22 t_touched=4 t_no_reach=4
Ep 11850 | score  208.14 | avg100  103.34 | grasp100  34.0% | best 0.430 |     35 st/s
    done(50): success=14 t_flicker=27 t_touched=4 t_no_reach=5
Ep 11900 | score  206.08 | avg100  101.78 | grasp100  36.0% | best 0.430 |     35 st/s
    done(50): success=22 t_flicker=18 t_touched=7 t_no_reach=3
Ep 11950 | score  217.33 | avg100  112.38 | grasp100  42.0% | best 0.430 |     35 st/s
    done(50): success=20 t_flicker=19 t_touched=6 t_no_reach=5
Ep 12000 | score  221.37 | avg100  113.42 | grasp100  39.0% | best 0.430 |     35 st/s
    done(50): success=19 t_flicker=26 t_touched=4 t_no_reach=1
Ep 12050 | score  -14.66 | avg100  109.41 | grasp100  38.0% | best 0.430 |     35 st/s
    done(50): success=19 t_flicker=19 t_touched=2 t_no_reach=10
Ep 12100 | score   64.44 | avg100  106.52 | grasp100  39.0% | best 0.430 |     35 st/s
    done(50): success=20 t_flicker=19 t_touched=10 t_no_reach=1
Ep 12150 | score  205.93 | avg100  109.69 | grasp100  37.0% | best 0.430 |     35 st/s
    done(50): success=17 t_flicker=27 t_touched=6
Ep 12200 | score  219.59 | avg100  107.90 | grasp100  36.0% | best 0.430 |     35 st/s
    done(50): success=19 t_flicker=21 t_touched=8 t_no_reach=2
Ep 12250 | score   68.23 | avg100  110.88 | grasp100  39.0% | best 0.430 |     35 st/s
    done(50): success=20 t_flicker=24 t_touched=5 t_no_reach=1
Ep 12300 | score  208.88 | avg100  121.83 | grasp100  44.0% | best 0.430 |     35 st/s
    done(50): success=24 t_flicker=17 t_touched=4 t_no_reach=5
Ep 12350 | score   96.29 | avg100  126.13 | grasp100  48.0% | best 0.430 |     35 st/s
    done(50): success=24 t_flicker=19 t_touched=5 t_no_reach=2
Ep 12355 | * BEST  level200=2.00 grasp200= 44.5% metric=0.445 | score  222.16
Ep 12400 | score   25.50 | avg100  120.49 | grasp100  45.0% | best 0.445 |     35 st/s
    done(50): success=21 t_flicker=19 t_touched=5 t_no_reach=5
Ep 12410 | * BEST  level200=2.00 grasp200= 46.0% metric=0.460 | score  207.87
Ep 12450 | score  210.43 | avg100  120.23 | grasp100  44.0% | best 0.460 |     35 st/s
    done(50): success=23 t_flicker=19 t_touched=6 t_no_reach=2
Ep 12480 | * BEST  level200=2.00 grasp200= 47.5% metric=0.475 | score  207.54
  [primacy-bias reset of critic heads @ 250000 updates]
Ep 12500 | score  207.25 | avg100  117.85 | grasp100  45.0% | best 0.475 |     35 st/s
    done(50): success=22 t_flicker=18 t_touched=4 t_no_reach=6
Ep 12550 | score   17.72 | avg100   67.12 | grasp100  23.0% | best 0.475 |     35 st/s
    done(50): success=1 t_flicker=15 t_touched=19 t_no_reach=15
Ep 12600 | score   61.84 | avg100   46.95 | grasp100  10.0% | best 0.475 |     35 st/s
    done(50): success=9 t_flicker=27 t_touched=10 t_no_reach=4
Ep 12650 | score  206.18 | avg100   79.54 | grasp100  25.0% | best 0.475 |     35 st/s
    done(50): success=16 t_flicker=14 t_touched=16 t_no_reach=4
Ep 12700 | score   37.18 | avg100   84.01 | grasp100  27.0% | best 0.475 |     35 st/s
    done(50): success=11 t_flicker=27 t_touched=10 t_no_reach=2
Ep 12750 | score   40.95 | avg100   91.93 | grasp100  28.0% | best 0.475 |     35 st/s
    done(50): success=17 t_flicker=24 t_touched=6 t_no_reach=3
Ep 12800 | score   54.99 | avg100  102.12 | grasp100  35.0% | best 0.475 |     35 st/s
    done(50): success=18 t_flicker=24 t_touched=5 t_no_reach=3
Ep 12850 | score   62.29 | avg100  102.02 | grasp100  36.0% | best 0.475 |     35 st/s
    done(50): success=18 t_flicker=23 t_touched=5 t_no_reach=4
Ep 12900 | score   69.30 | avg100  103.93 | grasp100  35.0% | best 0.475 |     35 st/s
    done(50): success=17 t_flicker=28 t_touched=3 t_no_reach=2
Ep 12950 | score   58.61 | avg100  119.54 | grasp100  43.0% | best 0.475 |     35 st/s
    done(50): success=26 t_flicker=21 t_touched=3
Ep 13000 | score  207.52 | avg100  111.49 | grasp100  40.0% | best 0.475 |     35 st/s
    done(50): success=14 t_flicker=26 t_touched=8 t_no_reach=2
Ep 13050 | score   14.60 | avg100   94.41 | grasp100  30.0% | best 0.475 |     34 st/s
    done(50): success=16 t_flicker=25 t_touched=5 t_no_reach=4
Ep 13100 | score   59.41 | avg100  115.32 | grasp100  41.0% | best 0.475 |     34 st/s
    done(50): success=25 t_flicker=17 t_touched=4 t_no_reach=4
Ep 13150 | score  206.02 | avg100  135.34 | grasp100  52.0% | best 0.475 |     34 st/s
    done(50): success=27 t_flicker=18 t_touched=4 t_no_reach=1
Ep 13200 | score   29.63 | avg100  131.93 | grasp100  50.0% | best 0.475 |     34 st/s
    done(50): success=23 t_flicker=19 t_touched=7 t_no_reach=1
Ep 13250 | score   61.38 | avg100  121.42 | grasp100  45.0% | best 0.475 |     34 st/s
    done(50): success=22 t_flicker=17 t_touched=8 t_no_reach=3
Ep 13251 | * BEST  level200=2.00 grasp200= 49.0% metric=0.490 | score  205.89
Ep 13300 | score   78.44 | avg100  117.93 | grasp100  42.0% | best 0.490 |     34 st/s
    done(50): success=20 t_flicker=24 t_touched=4 t_no_reach=2
Ep 13350 | score   62.95 | avg100  114.34 | grasp100  39.0% | best 0.490 |     34 st/s
    done(50): success=19 t_flicker=20 t_touched=9 t_no_reach=2
Ep 13400 | score  215.17 | avg100  115.24 | grasp100  41.0% | best 0.490 |     34 st/s
    done(50): success=22 t_flicker=21 t_touched=7
Ep 13450 | score   58.41 | avg100  115.00 | grasp100  41.0% | best 0.490 |     34 st/s
    done(50): success=19 t_flicker=25 t_touched=6
Ep 13500 | score   58.08 | avg100  113.27 | grasp100  39.0% | best 0.490 |     34 st/s
    done(50): success=20 t_flicker=25 t_touched=5
Ep 13550 | score   64.47 | avg100  116.64 | grasp100  42.0% | best 0.490 |     34 st/s
    done(50): success=22 t_flicker=21 t_touched=6 t_no_reach=1
Ep 13600 | score  205.79 | avg100  117.57 | grasp100  41.0% | best 0.490 |     34 st/s
    done(50): success=19 t_flicker=27 t_touched=3 t_no_reach=1
Ep 13650 | score  204.35 | avg100  128.47 | grasp100  46.0% | best 0.490 |     34 st/s
    done(50): success=27 t_flicker=20 t_touched=2 t_no_reach=1
Ep 13700 | score   16.34 | avg100  126.29 | grasp100  47.0% | best 0.490 |     34 st/s
    done(50): success=20 t_flicker=22 t_touched=8
Ep 13750 | score  206.14 | avg100  119.27 | grasp100  44.0% | best 0.490 |     34 st/s
    done(50): success=24 t_flicker=19 t_touched=6 t_no_reach=1
Ep 13800 | score   15.45 | avg100  119.18 | grasp100  43.0% | best 0.490 |     34 st/s
    done(50): success=19 t_flicker=27 t_touched=2 t_no_reach=2
Ep 13850 | score   25.92 | avg100  123.33 | grasp100  46.0% | best 0.490 |     34 st/s
    done(50): success=27 t_flicker=16 t_touched=6 t_no_reach=1
Ep 13900 | score  208.66 | avg100  121.98 | grasp100  46.0% | best 0.490 |     34 st/s
    done(50): success=19 t_flicker=22 t_touched=6 t_no_reach=3
  [primacy-bias reset of critic heads @ 275000 updates]
Ep 13950 | score   85.68 | avg100  101.41 | grasp100  31.0% | best 0.490 |     34 st/s
    done(50): success=12 t_flicker=28 t_touched=7 t_no_reach=3
Ep 14000 | score   73.19 | avg100   72.40 | grasp100  20.0% | best 0.490 |     34 st/s
    done(50): success=8 t_flicker=19 t_touched=10 t_no_reach=13
Ep 14050 | score   -3.13 | avg100   59.70 | grasp100  20.0% | best 0.490 |     34 st/s
    done(50): success=12 t_flicker=11 t_touched=20 t_no_reach=7
Ep 14100 | score  205.37 | avg100   66.74 | grasp100  22.0% | best 0.490 |     34 st/s
    done(50): success=10 t_flicker=24 t_touched=8 t_no_reach=8
Ep 14150 | score   61.88 | avg100   75.47 | grasp100  23.0% | best 0.490 |     34 st/s
    done(50): success=13 t_flicker=25 t_touched=9 t_no_reach=3
Ep 14200 | score   57.38 | avg100   92.14 | grasp100  31.0% | best 0.490 |     34 st/s
    done(50): success=18 t_flicker=23 t_touched=5 t_no_reach=4
Ep 14250 | score  205.86 | avg100   93.00 | grasp100  32.0% | best 0.490 |     34 st/s
    done(50): success=14 t_flicker=25 t_touched=7 t_no_reach=4
Ep 14300 | score   26.76 | avg100   91.17 | grasp100  30.0% | best 0.490 |     34 st/s
    done(50): success=16 t_flicker=25 t_touched=6 t_no_reach=3
Ep 14350 | score  206.66 | avg100  108.01 | grasp100  38.0% | best 0.490 |     34 st/s
    done(50): success=22 t_flicker=16 t_touched=8 t_no_reach=4
Ep 14400 | score  210.79 | avg100  115.93 | grasp100  41.0% | best 0.490 |     34 st/s
    done(50): success=19 t_flicker=25 t_touched=2 t_no_reach=4
Ep 14450 | score  205.31 | avg100  111.53 | grasp100  39.0% | best 0.490 |     34 st/s
    done(50): success=20 t_flicker=19 t_touched=7 t_no_reach=4
Ep 14500 | score  206.96 | avg100  102.12 | grasp100  35.0% | best 0.490 |     34 st/s
    done(50): success=15 t_flicker=26 t_touched=6 t_no_reach=3
Ep 14550 | score  209.57 | avg100  102.47 | grasp100  34.0% | best 0.490 |     34 st/s
    done(50): success=19 t_flicker=24 t_touched=6 t_no_reach=1
Ep 14600 | score   83.41 | avg100  117.55 | grasp100  42.0% | best 0.490 |     34 st/s
    done(50): success=23 t_flicker=20 t_touched=4 t_no_reach=3
Ep 14650 | score   38.05 | avg100  116.49 | grasp100  43.0% | best 0.490 |     34 st/s
    done(50): success=20 t_flicker=18 t_touched=7 t_no_reach=5
Ep 14700 | score   60.14 | avg100  114.91 | grasp100  42.0% | best 0.490 |     34 st/s
    done(50): success=22 t_flicker=20 t_touched=6 t_no_reach=2
Ep 14750 | score  205.47 | avg100  116.65 | grasp100  44.0% | best 0.490 |     34 st/s
    done(50): success=22 t_flicker=19 t_touched=6 t_no_reach=3
Ep 14800 | score   34.03 | avg100  109.12 | grasp100  41.0% | best 0.490 |     34 st/s
    done(50): success=19 t_flicker=20 t_touched=8 t_no_reach=3
Ep 14850 | score  205.93 | avg100  120.63 | grasp100  45.0% | best 0.490 |     34 st/s
    done(50): success=26 t_flicker=18 t_touched=4 t_no_reach=2
Ep 14900 | score   57.90 | avg100  125.57 | grasp100  48.0% | best 0.490 |     34 st/s
    done(50): success=22 t_flicker=18 t_touched=6 t_no_reach=4
Ep 14950 | score   17.51 | avg100  116.17 | grasp100  44.0% | best 0.490 |     34 st/s
    done(50): success=22 t_flicker=19 t_touched=4 t_no_reach=5
Ep 15000 | score   17.43 | avg100  120.73 | grasp100  44.0% | best 0.490 |     34 st/s
    done(50): success=22 t_flicker=22 t_touched=4 t_no_reach=2
Ep 15050 | score   68.02 | avg100  115.06 | grasp100  40.0% | best 0.490 |     34 st/s
    done(50): success=18 t_flicker=26 t_touched=3 t_no_reach=3
Ep 15100 | score  208.34 | avg100  117.32 | grasp100  43.0% | best 0.490 |     34 st/s
    done(50): success=25 t_flicker=18 t_touched=5 t_no_reach=2
Ep 15150 | score   87.30 | avg100  121.79 | grasp100  45.0% | best 0.490 |     34 st/s
    done(50): success=20 t_flicker=23 t_touched=3 t_no_reach=4
Ep 15200 | score   95.54 | avg100  115.66 | grasp100  42.0% | best 0.490 |     34 st/s
    done(50): success=22 t_flicker=18 t_touched=6 t_no_reach=4
Ep 15250 | score  229.54 | avg100  134.61 | grasp100  53.0% | best 0.490 |     34 st/s
    done(50): success=31 t_flicker=15 t_touched=2 t_no_reach=2
Ep 15300 | score  206.99 | avg100  134.91 | grasp100  53.0% | best 0.490 |     34 st/s
    done(50): success=22 t_flicker=20 t_touched=6 t_no_reach=2
Ep 15350 | score   33.46 | avg100  118.96 | grasp100  44.0% | best 0.490 |     34 st/s
    done(50): success=22 t_flicker=20 t_touched=5 t_no_reach=3
  [primacy-bias reset of critic heads @ 300000 updates]
Ep 15400 | score  207.82 | avg100   97.42 | grasp100  38.0% | best 0.490 |     34 st/s
    done(50): success=16 t_flicker=12 t_touched=6 t_no_reach=16
Ep 15450 | score  -11.75 | avg100   58.37 | grasp100  20.0% | best 0.490 |     34 st/s
    done(50): success=4 t_flicker=22 t_touched=16 t_no_reach=8
Ep 15500 | score  205.56 | avg100   75.96 | grasp100  26.0% | best 0.490 |     34 st/s
    done(50): success=22 t_flicker=14 t_touched=8 t_no_reach=6
Ep 15550 | score   64.77 | avg100   91.30 | grasp100  32.0% | best 0.490 |     34 st/s
    done(50): success=10 t_flicker=26 t_touched=12 t_no_reach=2
Ep 15600 | score   60.46 | avg100   81.29 | grasp100  25.0% | best 0.490 |     34 st/s
    done(50): success=15 t_flicker=26 t_touched=5 t_no_reach=4
Ep 15650 | score  207.86 | avg100  121.93 | grasp100  47.0% | best 0.490 |     34 st/s
    done(50): success=32 t_flicker=15 t_touched=1 t_no_reach=2
Ep 15700 | score   76.46 | avg100  141.09 | grasp100  57.0% | best 0.490 |     34 st/s
    done(50): success=25 t_flicker=19 t_touched=3 t_no_reach=3
Ep 15750 | score  205.91 | avg100  128.92 | grasp100  50.0% | best 0.490 |     34 st/s
    done(50): success=25 t_flicker=18 t_touched=6 t_no_reach=1
Ep 15765 | * BEST  level200=2.00 grasp200= 50.5% metric=0.505 | score  205.25
Ep 15800 | score   11.33 | avg100  117.01 | grasp100  44.0% | best 0.505 |     34 st/s
    done(50): success=19 t_flicker=20 t_touched=8 t_no_reach=3
Ep 15850 | score   19.73 | avg100  119.17 | grasp100  45.0% | best 0.505 |     34 st/s
    done(50): success=26 t_flicker=16 t_touched=5 t_no_reach=3
Ep 15900 | score   13.27 | avg100  137.48 | grasp100  54.0% | best 0.505 |     34 st/s
    done(50): success=28 t_flicker=18 t_touched=4
Ep 15950 | score  204.92 | avg100  136.43 | grasp100  55.0% | best 0.505 |     34 st/s
    done(50): success=27 t_flicker=13 t_touched=6 t_no_reach=4
Ep 16000 | score   57.40 | avg100  126.11 | grasp100  48.0% | best 0.505 |     34 st/s
    done(50): success=21 t_flicker=24 t_touched=4 t_no_reach=1
Ep 16050 | score   21.71 | avg100  109.33 | grasp100  38.0% | best 0.505 |     34 st/s
    done(50): success=17 t_flicker=21 t_touched=9 t_no_reach=3
Ep 16100 | score   -1.10 | avg100  105.04 | grasp100  36.0% | best 0.505 |     34 st/s
    done(50): success=19 t_flicker=22 t_touched=7 t_no_reach=2
Ep 16150 | score    2.96 | avg100  122.08 | grasp100  44.0% | best 0.505 |     34 st/s
    done(50): success=25 t_flicker=17 t_touched=6 t_no_reach=2
Ep 16200 | score   47.27 | avg100  137.45 | grasp100  54.0% | best 0.505 |     34 st/s
    done(50): success=29 t_flicker=16 t_touched=2 t_no_reach=3
Ep 16250 | score   -1.67 | avg100  144.94 | grasp100  59.0% | best 0.505 |     34 st/s
    done(50): success=30 t_flicker=16 t_touched=1 t_no_reach=3
Ep 16256 | * BEST  level200=2.00 grasp200= 52.0% metric=0.520 | score  206.30
Ep 16300 | score  207.46 | avg100  133.49 | grasp100  51.0% | best 0.520 |     34 st/s
    done(50): success=21 t_flicker=27 t_touched=1 t_no_reach=1
Ep 16350 | score  206.71 | avg100  119.16 | grasp100  42.0% | best 0.520 |     34 st/s
    done(50): success=21 t_flicker=22 t_touched=6 t_no_reach=1
Ep 16400 | score  205.48 | avg100  125.13 | grasp100  48.0% | best 0.520 |     34 st/s
    done(50): success=27 t_flicker=17 t_touched=4 t_no_reach=2
Ep 16450 | score  206.52 | avg100  139.05 | grasp100  56.0% | best 0.520 |     34 st/s
    done(50): success=29 t_flicker=16 t_touched=4 t_no_reach=1
Ep 16500 | score  210.77 | avg100  132.40 | grasp100  50.0% | best 0.520 |     34 st/s
    done(50): success=21 t_flicker=19 t_touched=8 t_no_reach=2
Ep 16550 | score  206.69 | avg100  118.08 | grasp100  44.0% | best 0.520 |     34 st/s
    done(50): success=23 t_flicker=17 t_touched=9 t_no_reach=1
Ep 16600 | score   31.72 | avg100  119.28 | grasp100  46.0% | best 0.520 |     34 st/s
    done(50): success=23 t_flicker=16 t_touched=7 t_no_reach=4
Ep 16650 | score  205.74 | avg100  124.21 | grasp100  48.0% | best 0.520 |     34 st/s
    done(50): success=25 t_flicker=19 t_touched=5 t_no_reach=1
Ep 16700 | score   35.30 | avg100  120.14 | grasp100  45.0% | best 0.520 |     34 st/s
    done(50): success=20 t_flicker=24 t_touched=4 t_no_reach=2
Ep 16750 | score  207.04 | avg100  121.48 | grasp100  44.0% | best 0.520 |     34 st/s
    done(50): success=24 t_flicker=23 t_touched=2 t_no_reach=1
Ep 16800 | score   49.03 | avg100  115.96 | grasp100  41.0% | best 0.520 |     34 st/s
    done(50): success=17 t_flicker=24 t_touched=8 t_no_reach=1
Ep 16850 | score   20.43 | avg100  102.99 | grasp100  36.0% | best 0.520 |     34 st/s
    done(50): success=19 t_flicker=20 t_touched=9 t_no_reach=2
  [primacy-bias reset of critic heads @ 325000 updates]
Ep 16900 | score   95.38 | avg100   85.61 | grasp100  30.0% | best 0.520 |     34 st/s
    done(50): success=11 t_flicker=20 t_touched=9 t_no_reach=10
Ep 16950 | score   19.27 | avg100   63.49 | grasp100  21.0% | best 0.520 |     34 st/s
    done(50): success=10 t_flicker=17 t_touched=11 t_no_reach=12
Ep 17000 | score   37.34 | avg100   71.53 | grasp100  25.0% | best 0.520 |     34 st/s
    done(50): success=15 t_flicker=20 t_touched=7 t_no_reach=8
Ep 17050 | score   51.04 | avg100   89.20 | grasp100  32.0% | best 0.520 |     34 st/s
    done(50): success=17 t_flicker=17 t_touched=13 t_no_reach=3
Ep 17100 | score  206.81 | avg100  111.39 | grasp100  41.0% | best 0.520 |     34 st/s
    done(50): success=24 t_flicker=22 t_touched=1 t_no_reach=3
Ep 17150 | score  204.84 | avg100  124.84 | grasp100  48.0% | best 0.520 |     34 st/s
    done(50): success=24 t_flicker=14 t_touched=9 t_no_reach=3
Ep 17200 | score  208.26 | avg100  122.26 | grasp100  48.0% | best 0.520 |     34 st/s
    done(50): success=24 t_flicker=15 t_touched=8 t_no_reach=3
Ep 17250 | score   34.50 | avg100  118.87 | grasp100  46.0% | best 0.520 |     34 st/s
    done(50): success=22 t_flicker=18 t_touched=7 t_no_reach=3
Ep 17300 | score  206.86 | avg100  117.82 | grasp100  45.0% | best 0.520 |     34 st/s
    done(50): success=23 t_flicker=20 t_touched=5 t_no_reach=2
Ep 17350 | score   30.52 | avg100  124.21 | grasp100  48.0% | best 0.520 |     34 st/s
    done(50): success=25 t_flicker=22 t_touched=2 t_no_reach=1
Ep 17400 | score  206.69 | avg100  134.80 | grasp100  53.0% | best 0.520 |     34 st/s
    done(50): success=28 t_flicker=17 t_touched=4 t_no_reach=1
Ep 17450 | score  205.34 | avg100  128.89 | grasp100  48.0% | best 0.520 |     34 st/s
    done(50): success=20 t_flicker=24 t_touched=5 t_no_reach=1
Ep 17500 | score   41.27 | avg100  119.96 | grasp100  44.0% | best 0.520 |     34 st/s
    done(50): success=24 t_flicker=19 t_touched=6 t_no_reach=1
Ep 17550 | score  208.30 | avg100  129.50 | grasp100  50.0% | best 0.520 |     34 st/s
    done(50): success=26 t_flicker=21 t_no_reach=3
Ep 17600 | score  205.16 | avg100  135.53 | grasp100  52.0% | best 0.520 |     34 st/s
    done(50): success=26 t_flicker=17 t_touched=7
Ep 17650 | score  128.63 | avg100  119.53 | grasp100  43.0% | best 0.520 |     34 st/s
    done(50): success=17 t_flicker=26 t_touched=4 t_no_reach=3
Ep 17700 | score  210.15 | avg100  124.71 | grasp100  46.0% | best 0.520 |     34 st/s
    done(50): success=29 t_flicker=16 t_touched=3 t_no_reach=2
Ep 17750 | score  208.35 | avg100  138.17 | grasp100  54.0% | best 0.520 |     34 st/s
    done(50): success=25 t_flicker=19 t_touched=4 t_no_reach=2
Ep 17800 | score  205.59 | avg100  127.31 | grasp100  48.0% | best 0.520 |     34 st/s
    done(50): success=23 t_flicker=19 t_touched=8
Ep 17850 | score   11.17 | avg100  129.03 | grasp100  49.0% | best 0.520 |     34 st/s
    done(50): success=26 t_flicker=18 t_touched=6
Ep 17900 | score   73.55 | avg100  130.88 | grasp100  51.0% | best 0.520 |     34 st/s
    done(50): success=25 t_flicker=20 t_touched=5
Ep 17950 | score  206.07 | avg100  129.05 | grasp100  50.0% | best 0.520 |     34 st/s
    done(50): success=25 t_flicker=20 t_touched=3 t_no_reach=2
Ep 18000 | score  204.49 | avg100  126.29 | grasp100  49.0% | best 0.520 |     34 st/s
    done(50): success=24 t_flicker=17 t_touched=9
Ep 18050 | score    8.76 | avg100  131.76 | grasp100  52.0% | best 0.520 |     34 st/s
    done(50): success=28 t_flicker=19 t_touched=2 t_no_reach=1
Ep 18100 | score   33.88 | avg100  124.65 | grasp100  46.0% | best 0.520 |     34 st/s
    done(50): success=18 t_flicker=23 t_touched=7 t_no_reach=2
Ep 18150 | score  204.75 | avg100  120.88 | grasp100  44.0% | best 0.520 |     34 st/s
    done(50): success=26 t_flicker=16 t_touched=7 t_no_reach=1
Ep 18200 | score  209.02 | avg100  129.94 | grasp100  50.0% | best 0.520 |     34 st/s
    done(50): success=24 t_flicker=23 t_touched=2 t_no_reach=1
Ep 18250 | score  205.12 | avg100  127.89 | grasp100  49.0% | best 0.520 |     34 st/s
    done(50): success=25 t_flicker=18 t_touched=6 t_no_reach=1
Ep 18300 | score   61.19 | avg100  138.50 | grasp100  52.0% | best 0.520 |     34 st/s
    done(50): success=27 t_flicker=19 t_touched=3 t_no_reach=1
Ep 18350 | score  208.74 | avg100  133.20 | grasp100  49.0% | best 0.520 |     34 st/s
    done(50): success=22 t_flicker=22 t_touched=5 t_no_reach=1
Ep 18400 | score  206.72 | avg100  121.60 | grasp100  44.0% | best 0.520 |     34 st/s
    done(50): success=22 t_flicker=22 t_touched=4 t_no_reach=2
  [primacy-bias reset of critic heads @ 350000 updates]
Ep 18450 | score   10.95 | avg100  113.12 | grasp100  41.0% | best 0.520 |     34 st/s
    done(50): success=19 t_flicker=19 t_touched=10 t_no_reach=2
Ep 18500 | score  206.57 | avg100   86.06 | grasp100  30.0% | best 0.520 |     34 st/s
    done(50): success=11 t_flicker=19 t_touched=5 t_no_reach=15
Ep 18550 | score  204.83 | avg100   74.45 | grasp100  26.0% | best 0.520 |     34 st/s
    done(50): success=15 t_flicker=16 t_touched=12 t_no_reach=7
Ep 18600 | score   61.85 | avg100   89.93 | grasp100  34.0% | best 0.520 |     34 st/s
    done(50): success=19 t_flicker=20 t_touched=8 t_no_reach=3
Ep 18650 | score  204.81 | avg100   96.83 | grasp100  36.0% | best 0.520 |     34 st/s
    done(50): success=17 t_flicker=22 t_touched=6 t_no_reach=5
Ep 18700 | score   64.95 | avg100  101.95 | grasp100  37.0% | best 0.520 |     34 st/s
    done(50): success=20 t_flicker=24 t_touched=3 t_no_reach=3
Ep 18750 | score   83.69 | avg100  122.03 | grasp100  47.0% | best 0.520 |     34 st/s
    done(50): success=27 t_flicker=17 t_touched=2 t_no_reach=4
Ep 18800 | score  208.14 | avg100  128.44 | grasp100  49.0% | best 0.520 |     34 st/s
    done(50): success=22 t_flicker=23 t_touched=3 t_no_reach=2
Ep 18850 | score  207.02 | avg100  125.83 | grasp100  50.0% | best 0.520 |     34 st/s
    done(50): success=28 t_flicker=10 t_touched=3 t_no_reach=9
Ep 18900 | score   56.49 | avg100  130.53 | grasp100  54.0% | best 0.520 |     34 st/s
    done(50): success=26 t_flicker=18 t_touched=3 t_no_reach=3
Ep 18950 | score  208.81 | avg100  123.65 | grasp100  45.0% | best 0.520 |     34 st/s
    done(50): success=19 t_flicker=24 t_touched=6 t_no_reach=1
Ep 19000 | score   54.30 | avg100  114.25 | grasp100  38.0% | best 0.520 |     34 st/s
    done(50): success=19 t_flicker=26 t_touched=4 t_no_reach=1
Ep 19050 | score  209.05 | avg100  136.04 | grasp100  52.0% | best 0.520 |     34 st/s
    done(50): success=33 t_flicker=15 t_touched=2
Ep 19100 | score  133.52 | avg100  144.75 | grasp100  57.0% | best 0.520 |     34 st/s
    done(50): success=24 t_flicker=23 t_touched=3
Ep 19150 | score   18.95 | avg100  124.22 | grasp100  46.0% | best 0.520 |     34 st/s
    done(50): success=22 t_flicker=19 t_touched=5 t_no_reach=4
Ep 19197 | * BEST  level200=2.00 grasp200= 53.5% metric=0.535 | score  205.40
Ep 19200 | score  205.11 | avg100  130.80 | grasp100  52.0% | best 0.535 |     34 st/s
    done(50): success=30 t_flicker=14 t_touched=4 t_no_reach=2
Ep 19202 | * BEST  level200=2.00 grasp200= 55.0% metric=0.550 | score  205.94
Ep 19250 | score   49.73 | avg100  141.60 | grasp100  58.0% | best 0.550 |     34 st/s
    done(50): success=28 t_flicker=16 t_touched=4 t_no_reach=2
Ep 19300 | score   69.23 | avg100  138.78 | grasp100  55.0% | best 0.550 |     34 st/s
    done(50): success=27 t_flicker=19 t_touched=4
Ep 19320 | * BEST  level200=2.00 grasp200= 56.5% metric=0.565 | score  205.82
Ep 19350 | score   58.90 | avg100  141.37 | grasp100  55.0% | best 0.565 |     34 st/s
    done(50): success=28 t_flicker=18 t_touched=4
Ep 19400 | score  205.21 | avg100  132.95 | grasp100  50.0% | best 0.565 |     34 st/s
    done(50): success=22 t_flicker=24 t_touched=4
Ep 19450 | score   69.80 | avg100  124.15 | grasp100  46.0% | best 0.565 |     34 st/s
    done(50): success=24 t_flicker=18 t_touched=7 t_no_reach=1
Ep 19500 | score   57.90 | avg100  122.32 | grasp100  46.0% | best 0.565 |     34 st/s
    done(50): success=22 t_flicker=19 t_touched=6 t_no_reach=3
Ep 19550 | score   74.61 | avg100  127.18 | grasp100  49.0% | best 0.565 |     33 st/s
    done(50): success=27 t_flicker=17 t_touched=6
Ep 19600 | score   31.43 | avg100  134.57 | grasp100  53.0% | best 0.565 |     33 st/s
    done(50): success=26 t_flicker=20 t_touched=4
Ep 19650 | score   59.15 | avg100  136.66 | grasp100  52.0% | best 0.565 |     33 st/s
    done(50): success=26 t_flicker=24
Ep 19700 | score    4.42 | avg100  140.04 | grasp100  52.0% | best 0.565 |     33 st/s
    done(50): success=26 t_flicker=22 t_touched=1 t_no_reach=1
Ep 19750 | score  208.36 | avg100  139.93 | grasp100  54.0% | best 0.565 |     33 st/s
    done(50): success=28 t_flicker=16 t_touched=6
Ep 19800 | score  208.50 | avg100  138.02 | grasp100  56.0% | best 0.565 |     33 st/s
    done(50): success=28 t_flicker=16 t_touched=6
Ep 19850 | score  225.20 | avg100  130.15 | grasp100  51.0% | best 0.565 |     33 st/s
    done(50): success=23 t_flicker=23 t_touched=2 t_no_reach=2
Ep 19900 | score  206.92 | avg100  133.24 | grasp100  53.0% | best 0.565 |     33 st/s
    done(50): success=30 t_flicker=13 t_touched=4 t_no_reach=3
Ep 19950 | score  207.15 | avg100  140.18 | grasp100  56.0% | best 0.565 |     33 st/s
    done(50): success=26 t_flicker=21 t_touched=2 t_no_reach=1
Ep 20000 | score   74.99 | avg100  134.41 | grasp100  51.0% | best 0.565 |     33 st/s
    done(50): success=25 t_flicker=18 t_touched=6 t_no_reach=1
  [primacy-bias reset of critic heads @ 375000 updates]
Ep 20050 | score   57.21 | avg100  114.31 | grasp100  41.0% | best 0.565 |     33 st/s
    done(50): success=16 t_flicker=22 t_touched=6 t_no_reach=6
Ep 20100 | score  206.65 | avg100   89.36 | grasp100  30.0% | best 0.565 |     33 st/s
    done(50): success=14 t_flicker=24 t_touched=9 t_no_reach=3
Ep 20150 | score   53.27 | avg100   86.99 | grasp100  32.0% | best 0.565 |     33 st/s
    done(50): success=18 t_flicker=19 t_touched=7 t_no_reach=6
Ep 20200 | score  205.36 | avg100   97.74 | grasp100  38.0% | best 0.565 |     33 st/s
    done(50): success=20 t_flicker=21 t_touched=6 t_no_reach=3
Ep 20250 | score   31.03 | avg100  100.61 | grasp100  36.0% | best 0.565 |     33 st/s
    done(50): success=16 t_flicker=26 t_touched=7 t_no_reach=1
Ep 20300 | score   35.35 | avg100  105.92 | grasp100  37.0% | best 0.565 |     33 st/s
    done(50): success=21 t_flicker=21 t_touched=6 t_no_reach=2
Ep 20350 | score  206.78 | avg100  111.68 | grasp100  41.0% | best 0.565 |     33 st/s
    done(50): success=20 t_flicker=20 t_touched=4 t_no_reach=6
Ep 20400 | score   34.32 | avg100  108.62 | grasp100  38.0% | best 0.565 |     33 st/s
    done(50): success=18 t_flicker=25 t_touched=7
Ep 20450 | score   55.49 | avg100  116.39 | grasp100  41.0% | best 0.565 |     33 st/s
    done(50): success=23 t_flicker=19 t_touched=6 t_no_reach=2
Ep 20500 | score   60.42 | avg100  115.77 | grasp100  41.0% | best 0.565 |     33 st/s
    done(50): success=18 t_flicker=27 t_touched=3 t_no_reach=2
Ep 20550 | score   37.20 | avg100  118.09 | grasp100  43.0% | best 0.565 |     33 st/s
    done(50): success=25 t_flicker=23 t_touched=1 t_no_reach=1
Ep 20600 | score  204.99 | avg100  134.04 | grasp100  52.0% | best 0.565 |     33 st/s
    done(50): success=27 t_flicker=19 t_touched=3 t_no_reach=1
Ep 20650 | score  206.19 | avg100  125.99 | grasp100  48.0% | best 0.565 |     33 st/s
    done(50): success=21 t_flicker=20 t_touched=4 t_no_reach=5
Ep 20700 | score   33.63 | avg100  133.10 | grasp100  53.0% | best 0.565 |     33 st/s
    done(50): success=32 t_flicker=15 t_touched=3
Ep 20750 | score  -16.92 | avg100  140.53 | grasp100  56.0% | best 0.565 |     33 st/s
    done(50): success=24 t_flicker=20 t_touched=5 t_no_reach=1
Ep 20800 | score   56.62 | avg100  126.90 | grasp100  48.0% | best 0.565 |     33 st/s
    done(50): success=24 t_flicker=20 t_touched=5 t_no_reach=1
Ep 20850 | score   39.94 | avg100  126.15 | grasp100  49.0% | best 0.565 |     33 st/s
    done(50): success=25 t_flicker=18 t_touched=7
Ep 20900 | score   13.92 | avg100  127.08 | grasp100  49.0% | best 0.565 |     33 st/s
    done(50): success=24 t_flicker=19 t_touched=6 t_no_reach=1
Ep 20950 | score  207.73 | avg100  127.71 | grasp100  48.0% | best 0.565 |     33 st/s
    done(50): success=24 t_flicker=20 t_touched=5 t_no_reach=1
Ep 21000 | score  207.66 | avg100  129.69 | grasp100  49.0% | best 0.565 |     33 st/s
    done(50): success=25 t_flicker=20 t_touched=5
Ep 21050 | score   58.17 | avg100  125.20 | grasp100  46.0% | best 0.565 |     33 st/s
    done(50): success=21 t_flicker=25 t_touched=2 t_no_reach=2
Ep 21100 | score  207.87 | avg100  123.54 | grasp100  43.0% | best 0.565 |     33 st/s
    done(50): success=22 t_flicker=25 t_touched=2 t_no_reach=1
Ep 21150 | score  203.90 | avg100  132.20 | grasp100  47.0% | best 0.565 |     33 st/s
    done(50): success=25 t_flicker=20 t_touched=4 t_no_reach=1
Ep 21200 | score  205.97 | avg100  133.86 | grasp100  50.0% | best 0.565 |     33 st/s
    done(50): success=25 t_flicker=22 t_touched=3
Ep 21250 | score   75.62 | avg100  139.00 | grasp100  56.0% | best 0.565 |     33 st/s
    done(50): success=31 t_flicker=12 t_touched=6 t_no_reach=1
Ep 21300 | score  205.00 | avg100  140.19 | grasp100  59.0% | best 0.565 |     33 st/s
    done(50): success=28 t_flicker=15 t_touched=5 t_no_reach=2
Ep 21350 | score  208.44 | avg100  120.60 | grasp100  47.0% | best 0.565 |     33 st/s
    done(50): success=19 t_flicker=20 t_touched=6 t_no_reach=5
Ep 21400 | score  214.24 | avg100  132.40 | grasp100  52.0% | best 0.565 |     33 st/s
    done(50): success=33 t_flicker=12 t_touched=4 t_no_reach=1
Ep 21450 | score  208.74 | avg100  141.08 | grasp100  58.0% | best 0.565 |     33 st/s
    done(50): success=25 t_flicker=14 t_touched=7 t_no_reach=4
Ep 21500 | score  -17.46 | avg100  123.08 | grasp100  48.0% | best 0.565 |     33 st/s
    done(50): success=23 t_flicker=15 t_touched=7 t_no_reach=5
Ep 21550 | score  218.35 | avg100  125.43 | grasp100  49.0% | best 0.565 |     33 st/s
    done(50): success=26 t_flicker=15 t_touched=7 t_no_reach=2
  [primacy-bias reset of critic heads @ 400000 updates]
Ep 21600 | score  206.03 | avg100  135.18 | grasp100  53.0% | best 0.565 |     33 st/s
    done(50): success=27 t_flicker=18 t_touched=5
Ep 21650 | score  -11.74 | avg100   85.37 | grasp100  30.0% | best 0.565 |     33 st/s
    done(50): success=3 t_flicker=20 t_touched=10 t_no_reach=17
Ep 21700 | score  -10.65 | avg100   39.67 | grasp100  12.0% | best 0.565 |     33 st/s
    done(50): success=9 t_flicker=11 t_touched=10 t_no_reach=20
Ep 21750 | score   19.55 | avg100   74.59 | grasp100  27.0% | best 0.565 |     33 st/s
    done(50): success=18 t_flicker=22 t_touched=7 t_no_reach=3
Ep 21800 | score   82.87 | avg100  103.51 | grasp100  39.0% | best 0.565 |     33 st/s
    done(50): success=21 t_flicker=17 t_touched=7 t_no_reach=5
Ep 21850 | score   92.86 | avg100  103.80 | grasp100  39.0% | best 0.565 |     33 st/s
    done(50): success=18 t_flicker=20 t_touched=11 t_no_reach=1
Ep 21900 | score  232.42 | avg100  109.68 | grasp100  41.0% | best 0.565 |     33 st/s
    done(50): success=23 t_flicker=20 t_touched=3 t_no_reach=4
Ep 21950 | score  209.13 | avg100  135.43 | grasp100  56.0% | best 0.565 |     33 st/s
    done(50): success=33 t_flicker=11 t_touched=3 t_no_reach=3
Ep 22000 | score   12.47 | avg100  145.28 | grasp100  62.0% | best 0.565 |     33 st/s
    done(50): success=29 t_flicker=15 t_touched=3 t_no_reach=3
Ep 22050 | score   55.91 | avg100  123.37 | grasp100  47.0% | best 0.565 |     33 st/s
    done(50): success=18 t_flicker=26 t_touched=2 t_no_reach=4
Ep 22100 | score    6.66 | avg100  114.56 | grasp100  42.0% | best 0.565 |     33 st/s
    done(50): success=24 t_flicker=17 t_touched=6 t_no_reach=3
Ep 22150 | score   55.79 | avg100  119.36 | grasp100  45.0% | best 0.565 |     33 st/s
    done(50): success=21 t_flicker=26 t_touched=2 t_no_reach=1
Ep 22200 | score  228.40 | avg100  124.65 | grasp100  47.0% | best 0.565 |     33 st/s
    done(50): success=26 t_flicker=18 t_touched=4 t_no_reach=2
Ep 22250 | score  204.62 | avg100  136.18 | grasp100  55.0% | best 0.565 |     33 st/s
    done(50): success=29 t_flicker=15 t_touched=4 t_no_reach=2
Ep 22300 | score   60.67 | avg100  138.97 | grasp100  55.0% | best 0.565 |     33 st/s
    done(50): success=26 t_flicker=17 t_touched=4 t_no_reach=3
Ep 22350 | score   27.32 | avg100  130.38 | grasp100  48.0% | best 0.565 |     33 st/s
    done(50): success=22 t_flicker=25 t_touched=2 t_no_reach=1
Ep 22400 | score   64.64 | avg100  110.00 | grasp100  36.0% | best 0.565 |     33 st/s
    done(50): success=14 t_flicker=32 t_touched=4
Ep 22450 | score  204.22 | avg100  122.32 | grasp100  46.0% | best 0.565 |     33 st/s
    done(50): success=32 t_flicker=15 t_touched=1 t_no_reach=2
Ep 22500 | score   55.90 | avg100  139.98 | grasp100  55.0% | best 0.565 |     33 st/s
    done(50): success=23 t_flicker=25 t_touched=2
Ep 22550 | score  207.18 | avg100  138.99 | grasp100  52.0% | best 0.565 |     33 st/s
    done(50): success=29 t_flicker=17 t_touched=1 t_no_reach=3
Ep 22600 | score   59.67 | avg100  140.50 | grasp100  55.0% | best 0.565 |     33 st/s
    done(50): success=26 t_flicker=19 t_touched=2 t_no_reach=3
Ep 22650 | score  216.96 | avg100  134.15 | grasp100  52.0% | best 0.565 |     33 st/s
    done(50): success=26 t_flicker=16 t_touched=6 t_no_reach=2
Ep 22700 | score   40.59 | avg100  136.71 | grasp100  53.0% | best 0.565 |     33 st/s
    done(50): success=27 t_flicker=18 t_touched=5
Ep 22750 | score   55.48 | avg100  135.89 | grasp100  54.0% | best 0.565 |     33 st/s
    done(50): success=27 t_flicker=16 t_touched=2 t_no_reach=5
Ep 22800 | score   41.70 | avg100  141.53 | grasp100  60.0% | best 0.565 |     33 st/s
    done(50): success=33 t_flicker=10 t_touched=5 t_no_reach=2
Ep 22841 | * BEST  level200=2.00 grasp200= 58.0% metric=0.580 | score  207.47
Ep 22849 | * BEST  level200=2.00 grasp200= 59.5% metric=0.595 | score  208.04
Ep 22850 | score   99.77 | avg100  153.70 | grasp100  64.0% | best 0.595 |     33 st/s
    done(50): success=31 t_flicker=15 t_touched=4
Ep 22894 | * BEST  level200=2.00 grasp200= 61.0% metric=0.610 | score  205.42
Ep 22900 | score  208.10 | avg100  153.80 | grasp100  62.0% | best 0.610 |     33 st/s
    done(50): success=31 t_flicker=15 t_touched=3 t_no_reach=1
Ep 22908 | * BEST  level200=2.00 grasp200= 62.5% metric=0.625 | score  205.93
Ep 22950 | score   60.55 | avg100  144.43 | grasp100  56.0% | best 0.625 |     33 st/s
    done(50): success=25 t_flicker=24 t_touched=1
Ep 23000 | score  203.03 | avg100  135.56 | grasp100  51.0% | best 0.625 |     33 st/s
    done(50): success=26 t_flicker=20 t_touched=1 t_no_reach=3
Ep 23050 | score  220.88 | avg100  141.44 | grasp100  56.0% | best 0.625 |     33 st/s
    done(50): success=30 t_flicker=16 t_touched=4
Ep 23100 | score   42.59 | avg100  148.58 | grasp100  60.0% | best 0.625 |     33 st/s
    done(50): success=30 t_flicker=16 t_touched=3 t_no_reach=1
Ep 23150 | score   36.91 | avg100  144.79 | grasp100  58.0% | best 0.625 |     33 st/s
    done(50): success=28 t_flicker=15 t_touched=3 t_no_reach=4
  [primacy-bias reset of critic heads @ 425000 updates]
Ep 23200 | score    4.28 | avg100  124.90 | grasp100  49.0% | best 0.625 |     33 st/s
    done(50): success=21 t_flicker=15 t_touched=7 t_no_reach=7
Ep 23250 | score   -0.25 | avg100   62.61 | grasp100  22.0% | best 0.625 |     33 st/s
    done(50): success=1 t_flicker=14 t_touched=17 t_no_reach=18
Ep 23300 | score   33.10 | avg100   33.51 | grasp100   7.0% | best 0.625 |     33 st/s
    done(50): success=6 t_flicker=23 t_touched=14 t_no_reach=7
Ep 23350 | score   61.49 | avg100   79.35 | grasp100  25.0% | best 0.625 |     33 st/s
    done(50): success=19 t_flicker=23 t_touched=5 t_no_reach=3
Ep 23400 | score   87.94 | avg100  108.95 | grasp100  37.0% | best 0.625 |     33 st/s
    done(50): success=18 t_flicker=25 t_touched=5 t_no_reach=2
Ep 23450 | score  245.23 | avg100  121.28 | grasp100  42.0% | best 0.625 |     33 st/s
    done(50): success=24 t_flicker=24 t_touched=1 t_no_reach=1
Ep 23500 | score  204.34 | avg100  139.36 | grasp100  53.0% | best 0.625 |     33 st/s
    done(50): success=29 t_flicker=19 t_no_reach=2
Ep 23550 | score  206.16 | avg100  144.91 | grasp100  61.0% | best 0.625 |     33 st/s
    done(50): success=32 t_flicker=10 t_touched=6 t_no_reach=2
Ep 23600 | score  207.90 | avg100  134.98 | grasp100  55.0% | best 0.625 |     33 st/s
    done(50): success=23 t_flicker=20 t_touched=4 t_no_reach=3
Ep 23650 | score   60.66 | avg100  127.35 | grasp100  48.0% | best 0.625 |     33 st/s
    done(50): success=25 t_flicker=17 t_touched=7 t_no_reach=1
Ep 23700 | score  207.62 | avg100  130.44 | grasp100  49.0% | best 0.625 |     33 st/s
    done(50): success=24 t_flicker=21 t_touched=3 t_no_reach=2
Ep 23750 | score  205.45 | avg100  127.09 | grasp100  48.0% | best 0.625 |     33 st/s
    done(50): success=24 t_flicker=22 t_touched=4
Ep 23800 | score  205.09 | avg100  119.75 | grasp100  44.0% | best 0.625 |     33 st/s
    done(50): success=20 t_flicker=20 t_touched=6 t_no_reach=4
Ep 23850 | score   36.91 | avg100  124.30 | grasp100  46.0% | best 0.625 |     33 st/s
    done(50): success=26 t_flicker=16 t_touched=5 t_no_reach=3
Ep 23900 | score   29.84 | avg100  136.93 | grasp100  55.0% | best 0.625 |     33 st/s
    done(50): success=29 t_flicker=15 t_touched=6
Ep 23950 | score  205.96 | avg100  140.82 | grasp100  57.0% | best 0.625 |     33 st/s
    done(50): success=28 t_flicker=18 t_touched=3 t_no_reach=1
Ep 24000 | score    9.22 | avg100  136.28 | grasp100  52.0% | best 0.625 |     33 st/s
    done(50): success=24 t_flicker=23 t_touched=3
Ep 24050 | score   68.20 | avg100  125.46 | grasp100  45.0% | best 0.625 |     33 st/s
    done(50): success=21 t_flicker=20 t_touched=7 t_no_reach=2
Ep 24100 | score  218.88 | avg100  130.71 | grasp100  49.0% | best 0.625 |     33 st/s
    done(50): success=28 t_flicker=17 t_touched=4 t_no_reach=1
Ep 24150 | score  204.17 | avg100  136.18 | grasp100  53.0% | best 0.625 |     33 st/s
    done(50): success=25 t_flicker=19 t_touched=6
Ep 24200 | score  205.36 | avg100  128.39 | grasp100  50.0% | best 0.625 |     33 st/s
    done(50): success=25 t_flicker=19 t_touched=5 t_no_reach=1
Ep 24250 | score   36.69 | avg100  121.31 | grasp100  46.0% | best 0.625 |     33 st/s
    done(50): success=21 t_flicker=19 t_touched=9 t_no_reach=1
Ep 24300 | score  212.11 | avg100  119.46 | grasp100  45.0% | best 0.625 |     33 st/s
    done(50): success=24 t_flicker=17 t_touched=7 t_no_reach=2
Ep 24350 | score  206.45 | avg100  134.84 | grasp100  54.0% | best 0.625 |     33 st/s
    done(50): success=30 t_flicker=15 t_touched=4 t_no_reach=1
Ep 24400 | score  196.64 | avg100  146.49 | grasp100  61.0% | best 0.625 |     33 st/s
    done(50): success=31 t_flicker=16 t_touched=2 t_no_reach=1
Ep 24450 | score  204.84 | avg100  142.14 | grasp100  59.0% | best 0.625 |     33 st/s
    done(50): success=28 t_flicker=18 t_touched=1 t_no_reach=3
Ep 24500 | score  206.86 | avg100  142.44 | grasp100  60.0% | best 0.625 |     33 st/s
    done(50): success=32 t_flicker=13 t_touched=4 t_no_reach=1
Ep 24550 | score   57.87 | avg100  148.62 | grasp100  64.0% | best 0.625 |     33 st/s
    done(50): success=32 t_flicker=13 t_touched=3 t_no_reach=2
Ep 24600 | score   34.20 | avg100  136.91 | grasp100  56.0% | best 0.625 |     33 st/s
    done(50): success=24 t_flicker=18 t_touched=7 t_no_reach=1
Ep 24650 | score   65.68 | avg100  134.96 | grasp100  55.0% | best 0.625 |     33 st/s
    done(50): success=31 t_flicker=13 t_touched=5 t_no_reach=1
Ep 24700 | score   60.24 | avg100  142.87 | grasp100  61.0% | best 0.625 |     33 st/s
    done(50): success=30 t_flicker=15 t_touched=4 t_no_reach=1
Ep 24750 | score   77.88 | avg100  145.22 | grasp100  62.0% | best 0.625 |     33 st/s
    done(50): success=32 t_flicker=13 t_touched=3 t_no_reach=2
  [primacy-bias reset of critic heads @ 450000 updates]
Ep 24800 | score  -18.93 | avg100  130.13 | grasp100  55.0% | best 0.625 |     33 st/s
    done(50): success=23 t_flicker=14 t_touched=5 t_no_reach=8
Ep 24850 | score  -10.18 | avg100   67.81 | grasp100  28.0% | best 0.625 |     33 st/s
    done(50): success=5 t_flicker=8 t_touched=9 t_no_reach=28
Ep 24900 | score  206.14 | avg100   39.82 | grasp100  15.0% | best 0.625 |     33 st/s
    done(50): success=10 t_flicker=13 t_touched=21 t_no_reach=6
Ep 24950 | score  210.05 | avg100   72.30 | grasp100  27.0% | best 0.625 |     33 st/s
    done(50): success=17 t_flicker=19 t_touched=7 t_no_reach=7
Ep 25000 | score  207.50 | avg100   93.79 | grasp100  35.0% | best 0.625 |     33 st/s
    done(50): success=18 t_flicker=20 t_touched=7 t_no_reach=5
Ep 25050 | score   79.07 | avg100  101.55 | grasp100  35.0% | best 0.625 |     33 st/s
    done(50): success=17 t_flicker=30 t_touched=1 t_no_reach=2
Ep 25100 | score   70.45 | avg100  116.39 | grasp100  41.0% | best 0.625 |     33 st/s
    done(50): success=24 t_flicker=21 t_touched=4 t_no_reach=1
Ep 25150 | score   51.67 | avg100  140.40 | grasp100  56.0% | best 0.625 |     33 st/s
    done(50): success=32 t_flicker=15 t_touched=1 t_no_reach=2
Ep 25200 | score   37.71 | avg100  141.81 | grasp100  58.0% | best 0.625 |     33 st/s
    done(50): success=26 t_flicker=16 t_touched=4 t_no_reach=4
Ep 25250 | score   -2.20 | avg100  131.57 | grasp100  54.0% | best 0.625 |     33 st/s
    done(50): success=28 t_flicker=16 t_touched=3 t_no_reach=3
Ep 25300 | score   58.21 | avg100  125.64 | grasp100  50.0% | best 0.625 |     33 st/s
    done(50): success=22 t_flicker=18 t_touched=4 t_no_reach=6
Ep 25350 | score  207.88 | avg100  128.05 | grasp100  50.0% | best 0.625 |     33 st/s
    done(50): success=28 t_flicker=16 t_touched=4 t_no_reach=2
Ep 25400 | score  210.62 | avg100  134.02 | grasp100  52.0% | best 0.625 |     33 st/s
    done(50): success=24 t_flicker=19 t_touched=4 t_no_reach=3
Ep 25450 | score   62.09 | avg100  141.75 | grasp100  55.0% | best 0.625 |     33 st/s
    done(50): success=31 t_flicker=15 t_touched=3 t_no_reach=1
Ep 25500 | score  207.11 | avg100  148.29 | grasp100  59.0% | best 0.625 |     33 st/s
    done(50): success=28 t_flicker=18 t_touched=3 t_no_reach=1
Ep 25550 | score  205.71 | avg100  147.16 | grasp100  59.0% | best 0.625 |     33 st/s
    done(50): success=31 t_flicker=16 t_touched=3
Ep 25600 | score  204.95 | avg100  149.99 | grasp100  60.0% | best 0.625 |     33 st/s
    done(50): success=29 t_flicker=19 t_touched=1 t_no_reach=1
Ep 25650 | score  207.93 | avg100  146.33 | grasp100  59.0% | best 0.625 |     33 st/s
    done(50): success=30 t_flicker=16 t_touched=4
Ep 25700 | score  246.56 | avg100  150.20 | grasp100  63.0% | best 0.625 |     33 st/s
    done(50): success=33 t_flicker=14 t_touched=2 t_no_reach=1
Ep 25750 | score  208.24 | avg100  146.94 | grasp100  62.0% | best 0.625 |     33 st/s
    done(50): success=29 t_flicker=15 t_touched=2 t_no_reach=4
Ep 25800 | score   24.32 | avg100  141.67 | grasp100  60.0% | best 0.625 |     33 st/s
    done(50): success=31 t_flicker=12 t_touched=5 t_no_reach=2
Ep 25850 | score   26.33 | avg100  140.87 | grasp100  58.0% | best 0.625 |     33 st/s
    done(50): success=27 t_flicker=16 t_touched=6 t_no_reach=1
Ep 25900 | score   53.96 | avg100  137.78 | grasp100  55.0% | best 0.625 |     33 st/s
    done(50): success=28 t_flicker=17 t_touched=4 t_no_reach=1
Ep 25950 | score  111.80 | avg100  144.42 | grasp100  58.0% | best 0.625 |     33 st/s
    done(50): success=30 t_flicker=14 t_touched=5 t_no_reach=1
Ep 26000 | score   56.38 | avg100  146.81 | grasp100  60.0% | best 0.625 |     33 st/s
    done(50): success=30 t_flicker=16 t_touched=3 t_no_reach=1
Ep 26050 | score  205.04 | avg100  141.32 | grasp100  57.0% | best 0.625 |     33 st/s
    done(50): success=27 t_flicker=19 t_touched=3 t_no_reach=1
Ep 26100 | score  205.96 | avg100  133.96 | grasp100  53.0% | best 0.625 |     33 st/s
    done(50): success=26 t_flicker=15 t_touched=8 t_no_reach=1
Ep 26150 | score  207.06 | avg100  142.18 | grasp100  59.0% | best 0.625 |     33 st/s
    done(50): success=33 t_flicker=14 t_touched=2 t_no_reach=1
Ep 26200 | score   55.63 | avg100  149.33 | grasp100  62.0% | best 0.625 |     33 st/s
    done(50): success=29 t_flicker=17 t_touched=2 t_no_reach=2
Ep 26250 | score  205.22 | avg100  139.00 | grasp100  55.0% | best 0.625 |     33 st/s
    done(50): success=26 t_flicker=18 t_touched=6
Ep 26300 | score   67.54 | avg100  137.52 | grasp100  53.0% | best 0.625 |     33 st/s
    done(50): success=27 t_flicker=18 t_touched=3 t_no_reach=2
Ep 26350 | score   36.65 | avg100  142.28 | grasp100  56.0% | best 0.625 |     33 st/s
    done(50): success=29 t_flicker=17 t_touched=2 t_no_reach=2
  [primacy-bias reset of critic heads @ 475000 updates]
Ep 26400 | score   57.10 | avg100  144.41 | grasp100  61.0% | best 0.625 |     33 st/s
    done(50): success=32 t_flicker=10 t_touched=3 t_no_reach=5
Ep 26450 | score   16.83 | avg100  107.15 | grasp100  46.0% | best 0.625 |     33 st/s
    done(50): success=14 t_flicker=16 t_touched=12 t_no_reach=8
Ep 26500 | score  206.59 | avg100   65.68 | grasp100  24.0% | best 0.625 |     33 st/s
    done(50): success=10 t_flicker=21 t_touched=13 t_no_reach=6
Ep 26550 | score   47.82 | avg100   85.92 | grasp100  31.0% | best 0.625 |     33 st/s
    done(50): success=21 t_flicker=19 t_touched=7 t_no_reach=3
Ep 26600 | score  206.85 | avg100  112.14 | grasp100  44.0% | best 0.625 |     33 st/s
    done(50): success=23 t_flicker=20 t_touched=5 t_no_reach=2
Ep 26650 | score  205.53 | avg100  116.77 | grasp100  46.0% | best 0.625 |     33 st/s
    done(50): success=23 t_flicker=18 t_touched=5 t_no_reach=4
Ep 26700 | score   36.07 | avg100  126.66 | grasp100  49.0% | best 0.625 |     33 st/s
    done(50): success=26 t_flicker=20 t_touched=3 t_no_reach=1
Ep 26750 | score   17.18 | avg100  130.51 | grasp100  49.0% | best 0.625 |     33 st/s
    done(50): success=23 t_flicker=22 t_touched=4 t_no_reach=1
Ep 26800 | score  207.76 | avg100  136.18 | grasp100  53.0% | best 0.625 |     33 st/s
    done(50): success=30 t_flicker=12 t_touched=5 t_no_reach=3
Ep 26850 | score   53.61 | avg100  130.46 | grasp100  52.0% | best 0.625 |     33 st/s
    done(50): success=22 t_flicker=21 t_touched=3 t_no_reach=4
Ep 26900 | score  206.56 | avg100  125.79 | grasp100  49.0% | best 0.625 |     33 st/s
    done(50): success=27 t_flicker=19 t_touched=2 t_no_reach=2
Ep 26950 | score  205.02 | avg100  144.83 | grasp100  60.0% | best 0.625 |     33 st/s
    done(50): success=33 t_flicker=13 t_touched=3 t_no_reach=1
Ep 27000 | score  207.42 | avg100  149.86 | grasp100  64.0% | best 0.625 |     33 st/s
    done(50): success=31 t_flicker=12 t_touched=4 t_no_reach=3
Ep 27050 | score  206.77 | avg100  135.01 | grasp100  56.0% | best 0.625 |     33 st/s
    done(50): success=25 t_flicker=18 t_touched=4 t_no_reach=3
Ep 27100 | score  204.00 | avg100  124.14 | grasp100  50.0% | best 0.625 |     33 st/s
    done(50): success=25 t_flicker=19 t_touched=4 t_no_reach=2
Ep 27150 | score  114.52 | avg100  138.28 | grasp100  56.0% | best 0.625 |     33 st/s
    done(50): success=31 t_flicker=15 t_touched=2 t_no_reach=2
Ep 27200 | score  206.81 | avg100  147.89 | grasp100  61.0% | best 0.625 |     33 st/s
    done(50): success=30 t_flicker=15 t_touched=3 t_no_reach=2
Ep 27250 | score  206.15 | avg100  134.85 | grasp100  54.0% | best 0.625 |     33 st/s
    done(50): success=24 t_flicker=18 t_touched=7 t_no_reach=1
Ep 27300 | score  208.55 | avg100  135.64 | grasp100  53.0% | best 0.625 |     33 st/s
    done(50): success=29 t_flicker=18 t_touched=3
Ep 27350 | score  206.43 | avg100  149.47 | grasp100  60.0% | best 0.625 |     33 st/s
    done(50): success=31 t_flicker=18 t_touched=1
Ep 27400 | score  207.92 | avg100  149.22 | grasp100  60.0% | best 0.625 |     33 st/s
    done(50): success=29 t_flicker=15 t_touched=3 t_no_reach=3
Ep 27450 | score  206.79 | avg100  141.54 | grasp100  56.0% | best 0.625 |     33 st/s
    done(50): success=27 t_flicker=18 t_touched=3 t_no_reach=2
Ep 27500 | score   58.98 | avg100  134.16 | grasp100  51.0% | best 0.625 |     33 st/s
    done(50): success=24 t_flicker=19 t_touched=5 t_no_reach=2
Ep 27550 | score   63.02 | avg100  131.08 | grasp100  51.0% | best 0.625 |     33 st/s
    done(50): success=27 t_flicker=17 t_touched=5 t_no_reach=1
Ep 27600 | score   80.95 | avg100  141.45 | grasp100  57.0% | best 0.625 |     33 st/s
    done(50): success=30 t_flicker=19 t_touched=1
Ep 27650 | score   58.15 | avg100  145.83 | grasp100  58.0% | best 0.625 |     33 st/s
    done(50): success=28 t_flicker=15 t_touched=6 t_no_reach=1
Ep 27700 | score  216.08 | avg100  140.79 | grasp100  55.0% | best 0.625 |     33 st/s
    done(50): success=27 t_flicker=20 t_touched=2 t_no_reach=1
Ep 27750 | score   63.29 | avg100  139.58 | grasp100  54.0% | best 0.625 |     33 st/s
    done(50): success=27 t_flicker=18 t_touched=4 t_no_reach=1
Ep 27800 | score  208.26 | avg100  139.63 | grasp100  56.0% | best 0.625 |     33 st/s
    done(50): success=29 t_flicker=17 t_touched=2 t_no_reach=2
Ep 27850 | score   28.28 | avg100  136.24 | grasp100  55.0% | best 0.625 |     33 st/s
    done(50): success=26 t_flicker=16 t_touched=5 t_no_reach=3
Ep 27900 | score  207.04 | avg100  131.87 | grasp100  52.0% | best 0.625 |     33 st/s
    done(50): success=26 t_flicker=21 t_touched=2 t_no_reach=1
Ep 27950 | score   37.01 | avg100  143.20 | grasp100  59.0% | best 0.625 |     32 st/s
    done(50): success=33 t_flicker=14 t_touched=3
Ep 28000 | score  204.92 | avg100  146.58 | grasp100  60.0% | best 0.625 |     32 st/s
    done(50): success=27 t_flicker=21 t_touched=2
  [primacy-bias reset of critic heads @ 500000 updates]
Ep 28050 | score   67.64 | avg100  120.51 | grasp100  48.0% | best 0.625 |     32 st/s
    done(50): success=21 t_flicker=12 t_touched=7 t_no_reach=10
Ep 28100 | score    3.78 | avg100   96.35 | grasp100  39.0% | best 0.625 |     32 st/s
    done(50): success=18 t_flicker=16 t_touched=10 t_no_reach=6
Ep 28150 | score  205.99 | avg100   93.99 | grasp100  38.0% | best 0.625 |     32 st/s
    done(50): success=20 t_flicker=10 t_touched=14 t_no_reach=6
Ep 28200 | score   93.46 | avg100  101.67 | grasp100  38.0% | best 0.625 |     32 st/s
    done(50): success=18 t_flicker=22 t_touched=5 t_no_reach=5
Ep 28250 | score   55.48 | avg100  116.99 | grasp100  44.0% | best 0.625 |     32 st/s
    done(50): success=26 t_flicker=18 t_touched=3 t_no_reach=3
Ep 28300 | score  101.24 | avg100  132.74 | grasp100  53.0% | best 0.625 |     32 st/s
    done(50): success=27 t_flicker=17 t_touched=4 t_no_reach=2
Ep 28350 | score   32.83 | avg100  134.05 | grasp100  54.0% | best 0.625 |     32 st/s
    done(50): success=27 t_flicker=16 t_touched=6 t_no_reach=1
Ep 28400 | score  197.06 | avg100  134.76 | grasp100  56.0% | best 0.625 |     32 st/s
    done(50): success=29 t_flicker=15 t_touched=5 t_no_reach=1
Ep 28450 | score   27.60 | avg100  141.93 | grasp100  59.0% | best 0.625 |     32 st/s
    done(50): success=30 t_flicker=15 t_touched=4 t_no_reach=1
Ep 28500 | score   33.83 | avg100  138.61 | grasp100  57.0% | best 0.625 |     32 st/s
    done(50): success=27 t_flicker=17 t_touched=6
Ep 28550 | score   -3.06 | avg100  141.12 | grasp100  58.0% | best 0.625 |     32 st/s
    done(50): success=31 t_flicker=12 t_touched=5 t_no_reach=2
Ep 28600 | score  206.08 | avg100  157.83 | grasp100  67.0% | best 0.625 |     32 st/s
    done(50): success=36 t_flicker=9 t_touched=5
Ep 28650 | score  203.98 | avg100  153.46 | grasp100  65.0% | best 0.625 |     32 st/s
    done(50): success=29 t_flicker=14 t_touched=7
Ep 28676 | * BEST  level200=2.00 grasp200= 64.0% metric=0.640 | score  205.60
Ep 28700 | * BEST  level200=2.00 grasp200= 65.5% metric=0.655 | score  205.62
Ep 28711 | * BEST  level200=2.00 grasp200= 67.0% metric=0.670 | score  204.57
Ep 28750 | score  206.11 | avg100  162.20 | grasp100  71.0% | best 0.670 |     32 st/s
    done(50): success=36 t_flicker=11 t_touched=2 t_no_reach=1
Ep 28800 | score  257.82 | avg100  158.58 | grasp100  68.0% | best 0.670 |     32 st/s
    done(50): success=32 t_flicker=12 t_touched=5 t_no_reach=1
Ep 28814 | * BEST  level200=2.00 grasp200= 68.5% metric=0.685 | score  205.57
Ep 28850 | score  204.74 | avg100  149.83 | grasp100  63.0% | best 0.685 |     32 st/s
    done(50): success=31 t_flicker=12 t_touched=5 t_no_reach=2
Ep 28900 | score   61.36 | avg100  141.17 | grasp100  58.0% | best 0.685 |     32 st/s
    done(50): success=27 t_flicker=19 t_touched=2 t_no_reach=2
Ep 28950 | score   19.00 | avg100  138.49 | grasp100  57.0% | best 0.685 |     32 st/s
    done(50): success=30 t_flicker=14 t_touched=2 t_no_reach=4
Ep 29000 | score  207.02 | avg100  144.61 | grasp100  60.0% | best 0.685 |     32 st/s
    done(50): success=30 t_flicker=17 t_touched=3
Ep 29050 | score  204.71 | avg100  150.31 | grasp100  61.0% | best 0.685 |     32 st/s
    done(50): success=31 t_flicker=17 t_touched=2
Ep 29100 | score  204.59 | avg100  143.64 | grasp100  57.0% | best 0.685 |     32 st/s
    done(50): success=26 t_flicker=19 t_touched=5
Ep 29150 | score  205.39 | avg100  152.11 | grasp100  62.0% | best 0.685 |     32 st/s
    done(50): success=36 t_flicker=12 t_touched=1 t_no_reach=1
Ep 29200 | score  206.92 | avg100  153.47 | grasp100  63.0% | best 0.685 |     32 st/s
    done(50): success=27 t_flicker=19 t_touched=4
Ep 29250 | score  204.33 | avg100  158.35 | grasp100  67.0% | best 0.685 |     32 st/s
    done(50): success=40 t_flicker=7 t_touched=2 t_no_reach=1
Ep 29300 | score  206.36 | avg100  158.19 | grasp100  67.0% | best 0.685 |     32 st/s
    done(50): success=27 t_flicker=16 t_touched=3 t_no_reach=4
Ep 29350 | score  204.43 | avg100  144.75 | grasp100  60.0% | best 0.685 |     32 st/s
    done(50): success=33 t_flicker=10 t_touched=5 t_no_reach=2
Ep 29400 | score  207.50 | avg100  147.02 | grasp100  62.0% | best 0.685 |     32 st/s
    done(50): success=29 t_flicker=13 t_touched=8
Ep 29450 | score   68.67 | avg100  144.95 | grasp100  59.0% | best 0.685 |     32 st/s
    done(50): success=30 t_flicker=16 t_touched=4
Ep 29500 | score  207.68 | avg100  142.58 | grasp100  59.0% | best 0.685 |     32 st/s
    done(50): success=29 t_flicker=15 t_touched=5 t_no_reach=1
Ep 29550 | score   84.87 | avg100  144.09 | grasp100  60.0% | best 0.685 |     32 st/s
    done(50): success=31 t_flicker=14 t_touched=3 t_no_reach=2
Ep 29600 | score   -5.29 | avg100  154.43 | grasp100  64.0% | best 0.685 |     32 st/s
    done(50): success=33 t_flicker=15 t_touched=1 t_no_reach=1
Ep 29650 | score   62.47 | avg100  151.54 | grasp100  63.0% | best 0.685 |     32 st/s
    done(50): success=30 t_flicker=14 t_touched=6
Ep 29700 | score  209.01 | avg100  148.72 | grasp100  62.0% | best 0.685 |     32 st/s
    done(50): success=32 t_flicker=12 t_touched=6
  [primacy-bias reset of critic heads @ 525000 updates]
Ep 29750 | score   37.37 | avg100  102.63 | grasp100  40.0% | best 0.685 |     32 st/s
    done(50): success=8 t_flicker=17 t_touched=9 t_no_reach=16
Ep 29800 | score   77.82 | avg100   43.80 | grasp100  11.0% | best 0.685 |     32 st/s
    done(50): success=3 t_flicker=20 t_touched=14 t_no_reach=13
Ep 29850 | score   20.54 | avg100   49.41 | grasp100  13.0% | best 0.685 |     32 st/s
    done(50): success=10 t_flicker=20 t_touched=14 t_no_reach=6
Ep 29900 | score   20.92 | avg100   70.15 | grasp100  22.0% | best 0.685 |     32 st/s
    done(50): success=12 t_flicker=23 t_touched=12 t_no_reach=3
Ep 29950 | score   69.10 | avg100  100.36 | grasp100  37.0% | best 0.685 |     32 st/s
    done(50): success=25 t_flicker=18 t_touched=3 t_no_reach=4
Ep 30000 | score  207.73 | avg100  136.09 | grasp100  56.0% | best 0.685 |     32 st/s
    done(50): success=31 t_flicker=14 t_touched=4 t_no_reach=1
Ep 30050 | score   29.73 | avg100  141.85 | grasp100  57.0% | best 0.685 |     32 st/s
    done(50): success=26 t_flicker=19 t_touched=3 t_no_reach=2
Ep 30100 | score  203.79 | avg100  121.61 | grasp100  48.0% | best 0.685 |     32 st/s
    done(50): success=22 t_flicker=14 t_touched=11 t_no_reach=3
Ep 30150 | score  250.85 | avg100  128.79 | grasp100  53.0% | best 0.685 |     32 st/s
    done(50): success=31 t_flicker=15 t_touched=2 t_no_reach=2
Ep 30200 | score   58.27 | avg100  138.30 | grasp100  56.0% | best 0.685 |     32 st/s
    done(50): success=25 t_flicker=18 t_touched=4 t_no_reach=3
Ep 30250 | score  206.82 | avg100  134.09 | grasp100  55.0% | best 0.685 |     32 st/s
    done(50): success=30 t_flicker=15 t_touched=1 t_no_reach=4
Ep 30300 | score  205.40 | avg100  140.77 | grasp100  60.0% | best 0.685 |     32 st/s
    done(50): success=30 t_flicker=12 t_touched=5 t_no_reach=3
Ep 30350 | score   18.32 | avg100  140.85 | grasp100  58.0% | best 0.685 |     32 st/s
    done(50): success=28 t_flicker=18 t_touched=3 t_no_reach=1
Ep 30400 | score   88.17 | avg100  139.37 | grasp100  54.0% | best 0.685 |     32 st/s
    done(50): success=26 t_flicker=18 t_touched=4 t_no_reach=2
Ep 30450 | score  -18.98 | avg100  150.81 | grasp100  62.0% | best 0.685 |     32 st/s
    done(50): success=36 t_flicker=10 t_touched=4
Ep 30500 | score   61.20 | avg100  159.47 | grasp100  70.0% | best 0.685 |     32 st/s
    done(50): success=34 t_flicker=13 t_touched=1 t_no_reach=2
Ep 30550 | score   10.38 | avg100  150.16 | grasp100  65.0% | best 0.685 |     32 st/s
    done(50): success=31 t_flicker=13 t_touched=4 t_no_reach=2
Ep 30600 | score  205.62 | avg100  149.36 | grasp100  62.0% | best 0.685 |     32 st/s
    done(50): success=31 t_flicker=16 t_touched=3
Ep 30650 | score  206.96 | avg100  143.72 | grasp100  59.0% | best 0.685 |     32 st/s
    done(50): success=28 t_flicker=19 t_touched=2 t_no_reach=1
Ep 30700 | score   60.31 | avg100  140.32 | grasp100  58.0% | best 0.685 |     32 st/s
    done(50): success=30 t_flicker=15 t_touched=5
Ep 30750 | score   79.88 | avg100  148.41 | grasp100  61.0% | best 0.685 |     32 st/s
    done(50): success=31 t_flicker=16 t_touched=2 t_no_reach=1
Ep 30800 | score  206.14 | avg100  150.54 | grasp100  63.0% | best 0.685 |     32 st/s
    done(50): success=32 t_flicker=14 t_touched=4
Ep 30850 | score   79.29 | avg100  161.75 | grasp100  70.0% | best 0.685 |     32 st/s
    done(50): success=38 t_flicker=11 t_touched=1
Ep 30900 | score  208.15 | avg100  167.94 | grasp100  73.0% | best 0.685 |     32 st/s
    done(50): success=35 t_flicker=14 t_touched=1
Ep 30950 | score  250.28 | avg100  145.84 | grasp100  59.0% | best 0.685 |     32 st/s
    done(50): success=24 t_flicker=20 t_touched=6
Ep 31000 | score    0.42 | avg100  135.86 | grasp100  53.0% | best 0.685 |     32 st/s
    done(50): success=29 t_flicker=18 t_touched=2 t_no_reach=1
Ep 31050 | score  209.88 | avg100  152.99 | grasp100  65.0% | best 0.685 |     32 st/s
    done(50): success=36 t_flicker=12 t_touched=2
Ep 31100 | score   49.24 | avg100  169.98 | grasp100  75.0% | best 0.685 |     32 st/s
    done(50): success=39 t_flicker=10 t_touched=1
Ep 31150 | score  206.14 | avg100  148.36 | grasp100  64.0% | best 0.685 |     32 st/s
    done(50): success=25 t_flicker=14 t_touched=7 t_no_reach=4
Ep 31200 | score  206.73 | avg100  128.10 | grasp100  52.0% | best 0.685 |     32 st/s
    done(50): success=27 t_flicker=18 t_touched=5
Ep 31250 | score  204.89 | avg100  142.96 | grasp100  59.0% | best 0.685 |     32 st/s
    done(50): success=32 t_flicker=15 t_touched=2 t_no_reach=1
Ep 31300 | score   20.27 | avg100  157.29 | grasp100  68.0% | best 0.685 |     32 st/s
    done(50): success=36 t_flicker=13 t_touched=1
  [primacy-bias reset of critic heads @ 550000 updates]
Ep 31350 | score   79.01 | avg100  151.62 | grasp100  64.0% | best 0.685 |     32 st/s
    done(50): success=28 t_flicker=16 t_touched=6
Ep 31400 | score  -15.98 | avg100  102.82 | grasp100  41.0% | best 0.685 |     32 st/s
    done(50): success=13 t_flicker=14 t_touched=14 t_no_reach=9
Ep 31450 | score   59.48 | avg100   50.21 | grasp100  17.0% | best 0.685 |     32 st/s
    done(50): success=4 t_flicker=16 t_touched=22 t_no_reach=8
Ep 31500 | score   41.86 | avg100   66.11 | grasp100  23.0% | best 0.685 |     32 st/s
    done(50): success=19 t_flicker=15 t_touched=13 t_no_reach=3
Ep 31550 | score   87.41 | avg100  110.28 | grasp100  44.0% | best 0.685 |     32 st/s
    done(50): success=25 t_flicker=16 t_touched=6 t_no_reach=3
Ep 31600 | score   59.21 | avg100  138.27 | grasp100  59.0% | best 0.685 |     32 st/s
    done(50): success=34 t_flicker=8 t_touched=4 t_no_reach=4
Ep 31650 | score   57.52 | avg100  144.63 | grasp100  62.0% | best 0.685 |     32 st/s
    done(50): success=28 t_flicker=14 t_touched=4 t_no_reach=4
Ep 31700 | score  206.58 | avg100  146.83 | grasp100  64.0% | best 0.685 |     32 st/s
    done(50): success=36 t_flicker=7 t_touched=4 t_no_reach=3
Ep 31750 | score   64.96 | avg100  153.31 | grasp100  66.0% | best 0.685 |     32 st/s
    done(50): success=30 t_flicker=16 t_touched=2 t_no_reach=2
Ep 31800 | score  208.72 | avg100  146.68 | grasp100  61.0% | best 0.685 |     32 st/s
    done(50): success=31 t_flicker=12 t_touched=6 t_no_reach=1
Ep 31850 | score   59.39 | avg100  148.11 | grasp100  62.0% | best 0.685 |     32 st/s
    done(50): success=31 t_flicker=17 t_touched=2
Ep 31900 | score  204.96 | avg100  154.79 | grasp100  66.0% | best 0.685 |     32 st/s
    done(50): success=35 t_flicker=11 t_touched=3 t_no_reach=1
Ep 31950 | score   77.10 | avg100  146.11 | grasp100  62.0% | best 0.685 |     32 st/s
    done(50): success=27 t_flicker=16 t_touched=6 t_no_reach=1
Ep 32000 | score  208.16 | avg100  140.12 | grasp100  59.0% | best 0.685 |     32 st/s
    done(50): success=32 t_flicker=13 t_touched=3 t_no_reach=2
Ep 32050 | score  206.73 | avg100  146.11 | grasp100  62.0% | best 0.685 |     32 st/s
    done(50): success=30 t_flicker=15 t_touched=3 t_no_reach=2
Ep 32100 | score   64.65 | avg100  156.05 | grasp100  66.0% | best 0.685 |     32 st/s
    done(50): success=36 t_flicker=14
Ep 32150 | score  206.32 | avg100  153.19 | grasp100  65.0% | best 0.685 |     32 st/s
    done(50): success=29 t_flicker=13 t_touched=7 t_no_reach=1
Ep 32200 | score   55.36 | avg100  134.06 | grasp100  53.0% | best 0.685 |     32 st/s
    done(50): success=24 t_flicker=20 t_touched=4 t_no_reach=2
Ep 32250 | score   56.46 | avg100  136.11 | grasp100  52.0% | best 0.685 |     32 st/s
    done(50): success=28 t_flicker=18 t_touched=3 t_no_reach=1
Ep 32300 | score  205.27 | avg100  150.15 | grasp100  62.0% | best 0.685 |     32 st/s
    done(50): success=34 t_flicker=12 t_touched=4
Ep 32350 | score  207.54 | avg100  160.22 | grasp100  69.0% | best 0.685 |     32 st/s
    done(50): success=35 t_flicker=13 t_touched=1 t_no_reach=1
Ep 32400 | score  206.51 | avg100  154.73 | grasp100  65.0% | best 0.685 |     32 st/s
    done(50): success=30 t_flicker=16 t_touched=2 t_no_reach=2
Ep 32450 | score  207.26 | avg100  150.77 | grasp100  64.0% | best 0.685 |     32 st/s
    done(50): success=34 t_flicker=10 t_touched=5 t_no_reach=1
Ep 32500 | score  204.98 | avg100  146.08 | grasp100  61.0% | best 0.685 |     32 st/s
    done(50): success=27 t_flicker=18 t_touched=5
Ep 32550 | score  206.65 | avg100  143.77 | grasp100  60.0% | best 0.685 |     32 st/s
    done(50): success=33 t_flicker=11 t_touched=5 t_no_reach=1
Ep 32600 | score   80.78 | avg100  143.52 | grasp100  61.0% | best 0.685 |     32 st/s
    done(50): success=28 t_flicker=18 t_touched=4
Ep 32650 | score  -16.32 | avg100  139.64 | grasp100  57.0% | best 0.685 |     32 st/s
    done(50): success=29 t_flicker=15 t_touched=6
Ep 32700 | score  203.52 | avg100  148.14 | grasp100  61.0% | best 0.685 |     32 st/s
    done(50): success=32 t_flicker=16 t_touched=2
Ep 32750 | score   81.80 | avg100  146.82 | grasp100  58.0% | best 0.685 |     32 st/s
    done(50): success=26 t_flicker=21 t_touched=3
Ep 32800 | score  205.22 | avg100  154.34 | grasp100  63.0% | best 0.685 |     32 st/s
    done(50): success=37 t_flicker=10 t_touched=3
Ep 32850 | score  212.47 | avg100  162.02 | grasp100  70.0% | best 0.685 |     32 st/s
    done(50): success=33 t_flicker=15 t_touched=2
Ep 32900 | score   86.62 | avg100  145.32 | grasp100  60.0% | best 0.685 |     32 st/s
    done(50): success=27 t_flicker=16 t_touched=6 t_no_reach=1
Ep 32950 | score   15.20 | avg100  140.42 | grasp100  58.0% | best 0.685 |     32 st/s
    done(50): success=31 t_flicker=14 t_touched=4 t_no_reach=1
Ep 33000 | score  206.90 | avg100  146.82 | grasp100  62.0% | best 0.685 |     32 st/s
    done(50): success=31 t_flicker=14 t_touched=2 t_no_reach=3
Ep 33050 | score   58.85 | avg100  144.35 | grasp100  58.0% | best 0.685 |     32 st/s
    done(50): success=27 t_flicker=21 t_touched=2
  [primacy-bias reset of critic heads @ 575000 updates]
Ep 33100 | score   11.25 | avg100  143.98 | grasp100  57.0% | best 0.685 |     32 st/s
    done(50): success=30 t_flicker=15 t_touched=2 t_no_reach=3
Ep 33150 | score   41.20 | avg100   83.50 | grasp100  32.0% | best 0.685 |     32 st/s
    done(50): success=2 t_flicker=14 t_touched=10 t_no_reach=24
Ep 33200 | score  -15.92 | avg100   32.61 | grasp100  10.0% | best 0.685 |     32 st/s
    done(50): success=8 t_flicker=15 t_touched=14 t_no_reach=13
Ep 33250 | score   71.08 | avg100   71.68 | grasp100  27.0% | best 0.685 |     32 st/s
    done(50): success=19 t_flicker=18 t_touched=6 t_no_reach=7
Ep 33300 | score   68.88 | avg100   95.85 | grasp100  34.0% | best 0.685 |     32 st/s
    done(50): success=15 t_flicker=26 t_touched=7 t_no_reach=2
Ep 33350 | score  204.78 | avg100  106.96 | grasp100  38.0% | best 0.685 |     32 st/s
    done(50): success=23 t_flicker=19 t_touched=4 t_no_reach=4
Ep 33400 | score  206.47 | avg100  127.40 | grasp100  52.0% | best 0.685 |     32 st/s
    done(50): success=29 t_flicker=15 t_touched=3 t_no_reach=3
Ep 33450 | score  214.58 | avg100  144.24 | grasp100  62.0% | best 0.685 |     32 st/s
    done(50): success=33 t_flicker=15 t_touched=1 t_no_reach=1
Ep 33500 | score  206.58 | avg100  143.61 | grasp100  60.0% | best 0.685 |     32 st/s
    done(50): success=27 t_flicker=16 t_touched=5 t_no_reach=2
Ep 33550 | score  -15.87 | avg100  133.45 | grasp100  55.0% | best 0.685 |     32 st/s
    done(50): success=28 t_flicker=16 t_touched=6
Ep 33600 | score  206.57 | avg100  143.98 | grasp100  62.0% | best 0.685 |     32 st/s
    done(50): success=34 t_flicker=12 t_touched=4
Ep 33650 | score  207.62 | avg100  147.87 | grasp100  62.0% | best 0.685 |     32 st/s
    done(50): success=28 t_flicker=17 t_touched=3 t_no_reach=2
Ep 33700 | score  206.92 | avg100  141.28 | grasp100  58.0% | best 0.685 |     32 st/s
    done(50): success=30 t_flicker=15 t_touched=3 t_no_reach=2
Ep 33750 | score  207.81 | avg100  152.35 | grasp100  66.0% | best 0.685 |     32 st/s
    done(50): success=36 t_flicker=11 t_touched=3
Ep 33800 | score  248.24 | avg100  157.21 | grasp100  68.0% | best 0.685 |     32 st/s
    done(50): success=32 t_flicker=17 t_touched=1
Ep 33850 | score   55.37 | avg100  159.15 | grasp100  69.0% | best 0.685 |     32 st/s
    done(50): success=37 t_flicker=10 t_touched=3
Ep 33896 | * BEST  level200=2.00 grasp200= 70.0% metric=0.700 | score  207.36
Ep 33900 | score  -15.87 | avg100  161.09 | grasp100  69.0% | best 0.700 |     32 st/s
    done(50): success=32 t_flicker=14 t_touched=2 t_no_reach=2
Ep 33950 | score  206.35 | avg100  148.73 | grasp100  60.0% | best 0.700 |     32 st/s
    done(50): success=28 t_flicker=19 t_touched=2 t_no_reach=1
Ep 34000 | score   78.83 | avg100  146.67 | grasp100  60.0% | best 0.700 |     32 st/s
    done(50): success=32 t_flicker=15 t_touched=2 t_no_reach=1
Ep 34050 | score   59.85 | avg100  144.65 | grasp100  61.0% | best 0.700 |     32 st/s
    done(50): success=29 t_flicker=14 t_touched=5 t_no_reach=2
Ep 34100 | score   76.12 | avg100  151.12 | grasp100  65.0% | best 0.700 |     32 st/s
    done(50): success=36 t_flicker=12 t_touched=1 t_no_reach=1
Ep 34150 | score   81.44 | avg100  156.99 | grasp100  68.0% | best 0.700 |     32 st/s
    done(50): success=32 t_flicker=12 t_touched=5 t_no_reach=1
Ep 34200 | score  203.50 | avg100  154.38 | grasp100  66.0% | best 0.700 |     32 st/s
    done(50): success=34 t_flicker=12 t_touched=3 t_no_reach=1
Ep 34250 | score  207.50 | avg100  158.11 | grasp100  68.0% | best 0.700 |     32 st/s
    done(50): success=34 t_flicker=13 t_touched=1 t_no_reach=2
Ep 34300 | score   64.57 | avg100  152.00 | grasp100  64.0% | best 0.700 |     32 st/s
    done(50): success=30 t_flicker=14 t_touched=5 t_no_reach=1
Ep 34350 | score   79.83 | avg100  146.31 | grasp100  61.0% | best 0.700 |     32 st/s
    done(50): success=31 t_flicker=14 t_touched=4 t_no_reach=1
Ep 34400 | score  205.43 | avg100  146.21 | grasp100  61.0% | best 0.700 |     32 st/s
    done(50): success=30 t_flicker=14 t_touched=5 t_no_reach=1
Ep 34450 | score  205.10 | avg100  148.71 | grasp100  61.0% | best 0.700 |     32 st/s
    done(50): success=31 t_flicker=16 t_touched=3
Ep 34500 | score   52.59 | avg100  153.80 | grasp100  64.0% | best 0.700 |     32 st/s
    done(50): success=33 t_flicker=14 t_touched=2 t_no_reach=1
Ep 34550 | score   39.72 | avg100  154.22 | grasp100  64.0% | best 0.700 |     32 st/s
    done(50): success=31 t_flicker=17 t_touched=1 t_no_reach=1
Ep 34600 | score  228.35 | avg100  149.75 | grasp100  61.0% | best 0.700 |     32 st/s
    done(50): success=30 t_flicker=16 t_touched=2 t_no_reach=2
Ep 34650 | score  207.88 | avg100  157.65 | grasp100  67.0% | best 0.700 |     32 st/s
    done(50): success=37 t_flicker=12 t_touched=1
Ep 34700 | score    3.94 | avg100  161.58 | grasp100  70.0% | best 0.700 |     32 st/s
    done(50): success=33 t_flicker=16 t_no_reach=1
Ep 34750 | score  206.23 | avg100  146.76 | grasp100  62.0% | best 0.700 |     32 st/s
    done(50): success=29 t_flicker=16 t_touched=3 t_no_reach=2
  [primacy-bias reset of critic heads @ 600000 updates]
Ep 34800 | score  -12.64 | avg100  131.14 | grasp100  55.0% | best 0.700 |     32 st/s
    done(50): success=26 t_flicker=14 t_touched=3 t_no_reach=7
Ep 34850 | score  201.41 | avg100   78.21 | grasp100  34.0% | best 0.700 |     32 st/s
    done(50): success=8 t_flicker=6 t_touched=5 t_no_reach=31
Ep 34900 | score   59.88 | avg100   65.52 | grasp100  28.0% | best 0.700 |     32 st/s
    done(50): success=20 t_flicker=19 t_touched=3 t_no_reach=8
Ep 34950 | score   23.17 | avg100  110.29 | grasp100  46.0% | best 0.700 |     32 st/s
    done(50): success=26 t_flicker=16 t_touched=4 t_no_reach=4
Ep 35000 | score  205.81 | avg100  119.28 | grasp100  49.0% | best 0.700 |     32 st/s
    done(50): success=23 t_flicker=17 t_touched=6 t_no_reach=4
Ep 35050 | score  217.19 | avg100  120.17 | grasp100  48.0% | best 0.700 |     32 st/s
    done(50): success=25 t_flicker=14 t_touched=5 t_no_reach=6
Ep 35100 | score  208.49 | avg100  135.75 | grasp100  56.0% | best 0.700 |     32 st/s
    done(50): success=31 t_flicker=13 t_touched=4 t_no_reach=2
Ep 35150 | score   46.80 | avg100  136.86 | grasp100  57.0% | best 0.700 |     32 st/s
    done(50): success=26 t_flicker=15 t_touched=7 t_no_reach=2
Ep 35200 | score  210.22 | avg100  137.92 | grasp100  57.0% | best 0.700 |     32 st/s
    done(50): success=31 t_flicker=15 t_touched=4
Ep 35250 | score   31.16 | avg100  143.68 | grasp100  58.0% | best 0.700 |     32 st/s
    done(50): success=27 t_flicker=21 t_touched=2
Ep 35300 | score   34.24 | avg100  141.87 | grasp100  56.0% | best 0.700 |     32 st/s
    done(50): success=29 t_flicker=18 t_touched=3
Ep 35350 | score  216.58 | avg100  154.04 | grasp100  64.0% | best 0.700 |     32 st/s
    done(50): success=35 t_flicker=11 t_touched=2 t_no_reach=2
Ep 35400 | score  205.87 | avg100  148.93 | grasp100  61.0% | best 0.700 |     32 st/s
    done(50): success=26 t_flicker=20 t_touched=4
Ep 35450 | score  238.05 | avg100  140.88 | grasp100  57.0% | best 0.700 |     32 st/s
    done(50): success=31 t_flicker=9 t_touched=10
Ep 35500 | score  249.44 | avg100  147.81 | grasp100  63.0% | best 0.700 |     32 st/s
    done(50): success=32 t_flicker=14 t_touched=3 t_no_reach=1
Ep 35550 | score  206.62 | avg100  151.48 | grasp100  65.0% | best 0.700 |     32 st/s
    done(50): success=33 t_flicker=13 t_touched=1 t_no_reach=3
Ep 35600 | score  206.93 | avg100  146.64 | grasp100  60.0% | best 0.700 |     32 st/s
    done(50): success=27 t_flicker=16 t_touched=7
Ep 35650 | score   64.05 | avg100  130.33 | grasp100  50.0% | best 0.700 |     32 st/s
    done(50): success=23 t_flicker=19 t_touched=6 t_no_reach=2
Ep 35700 | score   56.41 | avg100  141.57 | grasp100  58.0% | best 0.700 |     32 st/s
    done(50): success=35 t_flicker=13 t_touched=1 t_no_reach=1
Ep 35750 | score  208.09 | avg100  151.00 | grasp100  63.0% | best 0.700 |     32 st/s
    done(50): success=28 t_flicker=17 t_touched=4 t_no_reach=1
Ep 35800 | score   27.32 | avg100  141.14 | grasp100  59.0% | best 0.700 |     32 st/s
    done(50): success=31 t_flicker=11 t_touched=6 t_no_reach=2
Ep 35850 | score  203.60 | avg100  152.95 | grasp100  67.0% | best 0.700 |     32 st/s
    done(50): success=36 t_flicker=13 t_touched=1
Ep 35900 | score  205.48 | avg100  150.31 | grasp100  62.0% | best 0.700 |     32 st/s
    done(50): success=26 t_flicker=20 t_touched=4
Ep 35950 | score  205.54 | avg100  143.11 | grasp100  56.0% | best 0.700 |     32 st/s
    done(50): success=30 t_flicker=17 t_touched=3
Ep 36000 | score   17.27 | avg100  139.23 | grasp100  55.0% | best 0.700 |     32 st/s
    done(50): success=25 t_flicker=22 t_touched=3
Ep 36050 | score  104.28 | avg100  140.88 | grasp100  57.0% | best 0.700 |     32 st/s
    done(50): success=32 t_flicker=14 t_touched=3 t_no_reach=1
Ep 36100 | score   63.01 | avg100  152.70 | grasp100  64.0% | best 0.700 |     32 st/s
    done(50): success=32 t_flicker=16 t_touched=1 t_no_reach=1
Ep 36150 | score  207.13 | avg100  154.45 | grasp100  66.0% | best 0.700 |     32 st/s
    done(50): success=34 t_flicker=11 t_touched=3 t_no_reach=2
Ep 36200 | score   28.02 | avg100  153.79 | grasp100  65.0% | best 0.700 |     32 st/s
    done(50): success=31 t_flicker=16 t_touched=3
Ep 36250 | score   31.83 | avg100  160.43 | grasp100  69.0% | best 0.700 |     32 st/s
    done(50): success=38 t_flicker=8 t_touched=3 t_no_reach=1
Ep 36300 | score  205.23 | avg100  169.18 | grasp100  75.0% | best 0.700 |     32 st/s
    done(50): success=37 t_flicker=8 t_touched=4 t_no_reach=1
Ep 36350 | score   38.31 | avg100  164.57 | grasp100  69.0% | best 0.700 |     32 st/s
    done(50): success=32 t_flicker=16 t_touched=2
Ep 36400 | score   60.73 | avg100  152.07 | grasp100  61.0% | best 0.700 |     32 st/s
    done(50): success=29 t_flicker=17 t_touched=4
Ep 36450 | score  204.82 | avg100  149.68 | grasp100  62.0% | best 0.700 |     32 st/s
    done(50): success=33 t_flicker=15 t_touched=2
Ep 36500 | score  204.06 | avg100  148.63 | grasp100  62.0% | best 0.700 |     32 st/s
    done(50): success=29 t_flicker=17 t_touched=4
  [primacy-bias reset of critic heads @ 625000 updates]
Ep 36550 | score   29.48 | avg100   93.87 | grasp100  38.0% | best 0.700 |     32 st/s
    done(50): success=9 t_flicker=10 t_touched=13 t_no_reach=18
Ep 36600 | score   10.58 | avg100   35.58 | grasp100  13.0% | best 0.700 |     32 st/s
    done(50): success=4 t_flicker=15 t_touched=9 t_no_reach=22
Ep 36650 | score   54.16 | avg100   65.57 | grasp100  27.0% | best 0.700 |     32 st/s
    done(50): success=23 t_flicker=10 t_touched=9 t_no_reach=8
Ep 36700 | score   13.47 | avg100  105.46 | grasp100  43.0% | best 0.700 |     32 st/s
    done(50): success=20 t_flicker=18 t_touched=9 t_no_reach=3
Ep 36750 | score  206.24 | avg100  129.62 | grasp100  54.0% | best 0.700 |     32 st/s
    done(50): success=34 t_flicker=11 t_touched=5
Ep 36800 | score   31.65 | avg100  142.06 | grasp100  61.0% | best 0.700 |     32 st/s
    done(50): success=27 t_flicker=16 t_touched=6 t_no_reach=1
Ep 36850 | score   48.57 | avg100  135.09 | grasp100  57.0% | best 0.700 |     32 st/s
    done(50): success=30 t_flicker=12 t_touched=6 t_no_reach=2
Ep 36900 | score   16.91 | avg100  142.83 | grasp100  60.0% | best 0.700 |     32 st/s
    done(50): success=30 t_flicker=15 t_touched=4 t_no_reach=1
Ep 36950 | score   60.07 | avg100  135.99 | grasp100  53.0% | best 0.700 |     32 st/s
    done(50): success=23 t_flicker=23 t_touched=3 t_no_reach=1
Ep 37000 | score  207.77 | avg100  144.24 | grasp100  59.0% | best 0.700 |     32 st/s
    done(50): success=36 t_flicker=12 t_touched=2
Ep 37050 | score  205.54 | avg100  154.31 | grasp100  66.0% | best 0.700 |     32 st/s
    done(50): success=30 t_flicker=15 t_touched=4 t_no_reach=1
Ep 37100 | score  212.26 | avg100  143.31 | grasp100  57.0% | best 0.700 |     32 st/s
    done(50): success=27 t_flicker=20 t_touched=1 t_no_reach=2
Ep 37150 | score   64.19 | avg100  144.23 | grasp100  58.0% | best 0.700 |     32 st/s
    done(50): success=31 t_flicker=15 t_touched=2 t_no_reach=2
Ep 37200 | score  206.23 | avg100  143.83 | grasp100  59.0% | best 0.700 |     32 st/s
    done(50): success=28 t_flicker=16 t_touched=5 t_no_reach=1
Ep 37250 | score  207.00 | avg100  151.52 | grasp100  63.0% | best 0.700 |     32 st/s
    done(50): success=35 t_flicker=14 t_touched=1
Ep 37300 | score  209.45 | avg100  158.63 | grasp100  68.0% | best 0.700 |     32 st/s
    done(50): success=33 t_flicker=13 t_touched=3 t_no_reach=1
Ep 37350 | score  207.23 | avg100  149.22 | grasp100  63.0% | best 0.700 |     32 st/s
    done(50): success=30 t_flicker=18 t_touched=1 t_no_reach=1
Ep 37400 | score  207.14 | avg100  155.17 | grasp100  65.0% | best 0.700 |     32 st/s
    done(50): success=35 t_flicker=11 t_touched=4
Ep 37450 | score  207.90 | avg100  162.33 | grasp100  69.0% | best 0.700 |     32 st/s
    done(50): success=34 t_flicker=12 t_touched=4
Ep 37500 | score  205.69 | avg100  155.19 | grasp100  65.0% | best 0.700 |     32 st/s
    done(50): success=31 t_flicker=17 t_touched=2
Ep 37550 | score   60.53 | avg100  151.87 | grasp100  63.0% | best 0.700 |     31 st/s
    done(50): success=32 t_flicker=17 t_no_reach=1
Ep 37600 | score  207.42 | avg100  147.67 | grasp100  61.0% | best 0.700 |     31 st/s
    done(50): success=29 t_flicker=16 t_touched=5
Ep 37650 | score    7.73 | avg100  148.23 | grasp100  62.0% | best 0.700 |     31 st/s
    done(50): success=33 t_flicker=15 t_touched=2
Ep 37700 | score  206.18 | avg100  151.33 | grasp100  65.0% | best 0.700 |     31 st/s
    done(50): success=32 t_flicker=13 t_touched=4 t_no_reach=1
Ep 37750 | score   97.66 | avg100  160.75 | grasp100  69.0% | best 0.700 |     31 st/s
    done(50): success=37 t_flicker=12 t_touched=1
Ep 37800 | score   86.46 | avg100  153.86 | grasp100  63.0% | best 0.700 |     31 st/s
    done(50): success=26 t_flicker=18 t_touched=6
Ep 37850 | score  204.06 | avg100  148.11 | grasp100  60.0% | best 0.700 |     31 st/s
    done(50): success=34 t_flicker=15 t_touched=1
Ep 37900 | score  208.88 | avg100  150.38 | grasp100  61.0% | best 0.700 |     31 st/s
    done(50): success=27 t_flicker=20 t_touched=3
Ep 37950 | score  204.93 | avg100  155.51 | grasp100  65.0% | best 0.700 |     31 st/s
    done(50): success=38 t_flicker=10 t_touched=2
Ep 38000 | score   41.35 | avg100  157.01 | grasp100  68.0% | best 0.700 |     31 st/s
    done(50): success=30 t_flicker=17 t_touched=2 t_no_reach=1
Ep 38050 | score   30.49 | avg100  143.37 | grasp100  60.0% | best 0.700 |     31 st/s
    done(50): success=30 t_flicker=15 t_touched=3 t_no_reach=2
Ep 38100 | score  207.10 | avg100  156.45 | grasp100  67.0% | best 0.700 |     31 st/s
    done(50): success=37 t_flicker=13
Ep 38150 | score  207.72 | avg100  164.67 | grasp100  72.0% | best 0.700 |     31 st/s
    done(50): success=35 t_flicker=10 t_touched=3 t_no_reach=2
Ep 38200 | * BEST  level200=2.00 grasp200= 71.5% metric=0.715 | score  206.71
  [primacy-bias reset of critic heads @ 650000 updates]
Ep 38240 | * BEST  level200=2.00 grasp200= 73.0% metric=0.730 | score  207.49
Ep 38250 | score   54.58 | avg100  154.81 | grasp100  67.0% | best 0.730 |     31 st/s
    done(50): success=26 t_flicker=19 t_touched=1 t_no_reach=4
Ep 38300 | score   59.28 | avg100   78.03 | grasp100  31.0% | best 0.730 |     31 st/s
    done(50): success=5 t_flicker=11 t_touched=9 t_no_reach=25
Ep 38350 | score  204.88 | avg100   41.44 | grasp100  16.0% | best 0.730 |     31 st/s
    done(50): success=11 t_flicker=14 t_touched=8 t_no_reach=17
Ep 38400 | score   56.95 | avg100   72.54 | grasp100  28.0% | best 0.730 |     31 st/s
    done(50): success=17 t_flicker=20 t_touched=8 t_no_reach=5
Ep 38450 | score   26.08 | avg100  107.68 | grasp100  43.0% | best 0.730 |     31 st/s
    done(50): success=26 t_flicker=18 t_touched=2 t_no_reach=4
Ep 38500 | score   66.96 | avg100  136.68 | grasp100  57.0% | best 0.730 |     31 st/s
    done(50): success=31 t_flicker=16 t_touched=1 t_no_reach=2
Ep 38550 | score  207.15 | avg100  153.53 | grasp100  67.0% | best 0.730 |     31 st/s
    done(50): success=36 t_flicker=9 t_touched=1 t_no_reach=4
Ep 38600 | score   58.26 | avg100  147.89 | grasp100  63.0% | best 0.730 |     31 st/s
    done(50): success=27 t_flicker=21 t_touched=2
Ep 38650 | score   72.36 | avg100  134.95 | grasp100  54.0% | best 0.730 |     31 st/s
    done(50): success=27 t_flicker=19 t_touched=2 t_no_reach=2
Ep 38700 | score  206.96 | avg100  142.17 | grasp100  59.0% | best 0.730 |     31 st/s
    done(50): success=32 t_flicker=17 t_no_reach=1
Ep 38750 | score   10.52 | avg100  146.82 | grasp100  61.0% | best 0.730 |     31 st/s
    done(50): success=29 t_flicker=16 t_touched=4 t_no_reach=1
Ep 38800 | score  208.64 | avg100  154.14 | grasp100  65.0% | best 0.730 |     31 st/s
    done(50): success=36 t_flicker=12 t_touched=2
Ep 38850 | score  207.03 | avg100  162.75 | grasp100  71.0% | best 0.730 |     31 st/s
    done(50): success=35 t_flicker=11 t_touched=4
Ep 38900 | score  206.56 | avg100  160.33 | grasp100  69.0% | best 0.730 |     31 st/s
    done(50): success=34 t_flicker=14 t_touched=2
Ep 38950 | score    7.96 | avg100  157.06 | grasp100  67.0% | best 0.730 |     31 st/s
    done(50): success=33 t_flicker=13 t_touched=2 t_no_reach=2
Ep 39000 | score  204.87 | avg100  154.52 | grasp100  66.0% | best 0.730 |     31 st/s
    done(50): success=33 t_flicker=14 t_touched=2 t_no_reach=1
Ep 39050 | score  206.35 | avg100  159.54 | grasp100  68.0% | best 0.730 |     31 st/s
    done(50): success=35 t_flicker=12 t_touched=3
Ep 39100 | score   -0.61 | avg100  159.29 | grasp100  67.0% | best 0.730 |     31 st/s
    done(50): success=32 t_flicker=14 t_touched=4
Ep 39150 | score  207.85 | avg100  158.99 | grasp100  67.0% | best 0.730 |     31 st/s
    done(50): success=35 t_flicker=13 t_touched=1 t_no_reach=1
Ep 39200 | score   30.34 | avg100  153.88 | grasp100  66.0% | best 0.730 |     31 st/s
    done(50): success=31 t_flicker=15 t_touched=3 t_no_reach=1
Ep 39250 | score   39.85 | avg100  140.24 | grasp100  59.0% | best 0.730 |     31 st/s
    done(50): success=28 t_flicker=14 t_touched=7 t_no_reach=1
Ep 39300 | score  207.55 | avg100  147.39 | grasp100  61.0% | best 0.730 |     31 st/s
    done(50): success=33 t_flicker=13 t_touched=2 t_no_reach=2
Ep 39350 | score  204.82 | avg100  151.08 | grasp100  61.0% | best 0.730 |     31 st/s
    done(50): success=28 t_flicker=17 t_touched=4 t_no_reach=1
Ep 39400 | score  208.67 | avg100  150.97 | grasp100  63.0% | best 0.730 |     31 st/s
    done(50): success=35 t_flicker=10 t_touched=4 t_no_reach=1
Ep 39450 | score   12.87 | avg100  151.85 | grasp100  65.0% | best 0.730 |     31 st/s
    done(50): success=30 t_flicker=16 t_touched=3 t_no_reach=1
Ep 39500 | score  204.98 | avg100  149.86 | grasp100  64.0% | best 0.730 |     31 st/s
    done(50): success=34 t_flicker=11 t_touched=5
Ep 39550 | score   84.69 | avg100  159.46 | grasp100  69.0% | best 0.730 |     31 st/s
    done(50): success=35 t_flicker=12 t_touched=1 t_no_reach=2
Ep 39600 | score  204.45 | avg100  169.41 | grasp100  74.0% | best 0.730 |     31 st/s
    done(50): success=39 t_flicker=9 t_touched=1 t_no_reach=1
Ep 39650 | score  214.53 | avg100  168.15 | grasp100  72.0% | best 0.730 |     31 st/s
    done(50): success=33 t_flicker=14 t_touched=3
Ep 39700 | score  206.46 | avg100  158.91 | grasp100  66.0% | best 0.730 |     31 st/s
    done(50): success=33 t_flicker=13 t_touched=3 t_no_reach=1
Ep 39750 | score  203.89 | avg100  161.51 | grasp100  70.0% | best 0.730 |     31 st/s
    done(50): success=37 t_flicker=9 t_touched=3 t_no_reach=1
Ep 39800 | score  204.85 | avg100  158.79 | grasp100  69.0% | best 0.730 |     31 st/s
    done(50): success=32 t_flicker=14 t_touched=3 t_no_reach=1
Ep 39850 | score   22.27 | avg100  158.14 | grasp100  69.0% | best 0.730 |     31 st/s
    done(50): success=37 t_flicker=10 t_touched=3
Ep 39900 | score  204.72 | avg100  165.62 | grasp100  73.0% | best 0.730 |     31 st/s
    done(50): success=36 t_flicker=13 t_touched=1
Ep 39950 | score  207.51 | avg100  155.43 | grasp100  64.0% | best 0.730 |     31 st/s
    done(50): success=28 t_flicker=16 t_touched=5 t_no_reach=1
  [primacy-bias reset of critic heads @ 675000 updates]
Ep 40000 | score   -2.69 | avg100  104.34 | grasp100  42.0% | best 0.730 |     31 st/s
    done(50): success=14 t_flicker=9 t_touched=8 t_no_reach=19
Ep 40050 | score  -14.11 | avg100   68.63 | grasp100  30.0% | best 0.730 |     31 st/s
    done(50): success=16 t_flicker=9 t_touched=8 t_no_reach=17
Ep 40100 | score    5.19 | avg100   88.29 | grasp100  37.0% | best 0.730 |     31 st/s
    done(50): success=21 t_flicker=13 t_touched=8 t_no_reach=8
Ep 40150 | score   57.31 | avg100  101.80 | grasp100  41.0% | best 0.730 |     31 st/s
    done(50): success=20 t_flicker=13 t_touched=10 t_no_reach=7
Ep 40200 | score  207.02 | avg100  121.22 | grasp100  50.0% | best 0.730 |     31 st/s
    done(50): success=30 t_flicker=15 t_touched=2 t_no_reach=3
Ep 40250 | score  206.37 | avg100  142.13 | grasp100  60.0% | best 0.730 |     31 st/s
    done(50): success=30 t_flicker=10 t_touched=8 t_no_reach=2
Ep 40300 | score   57.93 | avg100  137.16 | grasp100  58.0% | best 0.730 |     31 st/s
    done(50): success=28 t_flicker=14 t_touched=6 t_no_reach=2
Ep 40350 | score  206.07 | avg100  142.36 | grasp100  59.0% | best 0.730 |     31 st/s
    done(50): success=31 t_flicker=15 t_touched=1 t_no_reach=3
Ep 40400 | score   63.57 | avg100  153.17 | grasp100  65.0% | best 0.730 |     31 st/s
    done(50): success=34 t_flicker=11 t_touched=2 t_no_reach=3
Ep 40450 | score  207.33 | avg100  147.25 | grasp100  62.0% | best 0.730 |     31 st/s
    done(50): success=28 t_flicker=16 t_touched=6
Ep 40500 | score   58.94 | avg100  141.57 | grasp100  57.0% | best 0.730 |     31 st/s
    done(50): success=29 t_flicker=15 t_touched=4 t_no_reach=2
Ep 40550 | score   94.25 | avg100  155.03 | grasp100  66.0% | best 0.730 |     31 st/s
    done(50): success=37 t_flicker=8 t_touched=3 t_no_reach=2
Ep 40600 | score  204.31 | avg100  165.89 | grasp100  71.0% | best 0.730 |     31 st/s
    done(50): success=34 t_flicker=16
Ep 40650 | score  204.02 | avg100  173.47 | grasp100  75.0% | best 0.730 |     31 st/s
    done(50): success=41 t_flicker=6 t_touched=3
Ep 40700 | score   37.98 | avg100  165.17 | grasp100  71.0% | best 0.730 |     31 st/s
    done(50): success=30 t_flicker=18 t_touched=1 t_no_reach=1
Ep 40750 | score   62.90 | avg100  148.28 | grasp100  61.0% | best 0.730 |     31 st/s
    done(50): success=31 t_flicker=16 t_touched=3
Ep 40800 | score  206.97 | avg100  147.73 | grasp100  60.0% | best 0.730 |     31 st/s
    done(50): success=29 t_flicker=18 t_touched=1 t_no_reach=2
Ep 40850 | score  204.95 | avg100  160.62 | grasp100  67.0% | best 0.730 |     31 st/s
    done(50): success=38 t_flicker=12
Ep 40900 | score  205.58 | avg100  163.63 | grasp100  71.0% | best 0.730 |     31 st/s
    done(50): success=33 t_flicker=14 t_touched=3
Ep 40950 | score   82.28 | avg100  147.24 | grasp100  63.0% | best 0.730 |     31 st/s
    done(50): success=30 t_flicker=17 t_touched=2 t_no_reach=1
Ep 41000 | score  206.86 | avg100  149.90 | grasp100  63.0% | best 0.730 |     31 st/s
    done(50): success=33 t_flicker=14 t_touched=3
Ep 41050 | score  205.84 | avg100  155.24 | grasp100  64.0% | best 0.730 |     31 st/s
    done(50): success=31 t_flicker=17 t_touched=2
Ep 41100 | score   58.31 | avg100  161.62 | grasp100  69.0% | best 0.730 |     31 st/s
    done(50): success=38 t_flicker=11 t_touched=1
Ep 41150 | score  205.88 | avg100  171.21 | grasp100  76.0% | best 0.730 |     31 st/s
    done(50): success=38 t_flicker=10 t_touched=2
Ep 41200 | score  208.86 | avg100  165.02 | grasp100  73.0% | best 0.730 |     31 st/s
    done(50): success=35 t_flicker=9 t_touched=4 t_no_reach=2
Ep 41250 | score  242.70 | avg100  161.76 | grasp100  71.0% | best 0.730 |     31 st/s
    done(50): success=36 t_flicker=7 t_touched=7
Ep 41261 | * BEST  level200=2.00 grasp200= 74.5% metric=0.745 | score  205.37
Ep 41275 | * BEST  level200=2.00 grasp200= 76.0% metric=0.760 | score  237.08
Ep 41300 | score  205.75 | avg100  168.72 | grasp100  74.0% | best 0.760 |     31 st/s
    done(50): success=38 t_flicker=10 t_touched=2
Ep 41350 | score  205.97 | avg100  164.29 | grasp100  71.0% | best 0.760 |     31 st/s
    done(50): success=33 t_flicker=15 t_touched=2
Ep 41400 | score  205.57 | avg100  165.39 | grasp100  72.0% | best 0.760 |     31 st/s
    done(50): success=39 t_flicker=8 t_touched=1 t_no_reach=2
Ep 41450 | score  208.29 | avg100  165.68 | grasp100  73.0% | best 0.760 |     31 st/s
    done(50): success=34 t_flicker=11 t_touched=4 t_no_reach=1
Ep 41500 | score  207.35 | avg100  164.88 | grasp100  73.0% | best 0.760 |     31 st/s
    done(50): success=39 t_flicker=8 t_touched=3
Ep 41550 | score  206.62 | avg100  170.30 | grasp100  75.0% | best 0.760 |     31 st/s
    done(50): success=36 t_flicker=14
Ep 41600 | score   66.51 | avg100  171.98 | grasp100  75.0% | best 0.760 |     31 st/s
    done(50): success=39 t_flicker=7 t_touched=4
Ep 41650 | score   67.64 | avg100  173.64 | grasp100  77.0% | best 0.760 |     31 st/s
    done(50): success=38 t_flicker=9 t_touched=3
Ep 41700 | score  206.41 | avg100  169.23 | grasp100  75.0% | best 0.760 |     31 st/s
    done(50): success=37 t_flicker=11 t_touched=2
  [primacy-bias reset of critic heads @ 700000 updates]
Ep 41750 | score  204.59 | avg100  168.54 | grasp100  74.0% | best 0.760 |     31 st/s
    done(50): success=37 t_flicker=11 t_touched=2
Ep 41800 | score   -0.39 | avg100   92.39 | grasp100  40.0% | best 0.760 |     31 st/s
    done(50): success=3 t_flicker=13 t_touched=7 t_no_reach=27
Ep 41850 | score   38.29 | avg100   21.33 | grasp100   8.0% | best 0.760 |     31 st/s
    done(50): success=5 t_flicker=19 t_touched=8 t_no_reach=18
Ep 41900 | score   89.52 | avg100   68.99 | grasp100  26.0% | best 0.760 |     31 st/s
    done(50): success=21 t_flicker=19 t_touched=6 t_no_reach=4
Ep 41950 | score  204.53 | avg100  125.65 | grasp100  51.0% | best 0.760 |     31 st/s
    done(50): success=30 t_flicker=18 t_touched=1 t_no_reach=1
Ep 42000 | score   24.94 | avg100  128.90 | grasp100  54.0% | best 0.760 |     31 st/s
    done(50): success=24 t_flicker=17 t_touched=8 t_no_reach=1
Ep 42050 | score  207.48 | avg100  132.06 | grasp100  55.0% | best 0.760 |     31 st/s
    done(50): success=31 t_flicker=14 t_touched=4 t_no_reach=1
Ep 42100 | score   36.43 | avg100  145.44 | grasp100  62.0% | best 0.760 |     31 st/s
    done(50): success=31 t_flicker=14 t_touched=3 t_no_reach=2
Ep 42150 | score  207.32 | avg100  147.47 | grasp100  63.0% | best 0.760 |     31 st/s
    done(50): success=32 t_flicker=13 t_touched=5
Ep 42200 | score   34.02 | avg100  151.95 | grasp100  65.0% | best 0.760 |     31 st/s
    done(50): success=33 t_flicker=11 t_touched=4 t_no_reach=2
Ep 42250 | score   65.21 | avg100  150.20 | grasp100  64.0% | best 0.760 |     31 st/s
    done(50): success=31 t_flicker=15 t_touched=4
Ep 42300 | score  207.28 | avg100  152.88 | grasp100  65.0% | best 0.760 |     31 st/s
    done(50): success=34 t_flicker=13 t_touched=3
Ep 42350 | score  204.20 | avg100  163.82 | grasp100  71.0% | best 0.760 |     31 st/s
    done(50): success=37 t_flicker=12 t_touched=1
Ep 42400 | score   39.57 | avg100  159.58 | grasp100  68.0% | best 0.760 |     31 st/s
    done(50): success=31 t_flicker=14 t_touched=4 t_no_reach=1
Ep 42450 | score  205.91 | avg100  168.15 | grasp100  74.0% | best 0.760 |     31 st/s
    done(50): success=43 t_flicker=6 t_touched=1
Ep 42500 | score   43.91 | avg100  177.76 | grasp100  80.0% | best 0.760 |     31 st/s
    done(50): success=37 t_flicker=12 t_touched=1
Ep 42550 | score  208.67 | avg100  168.16 | grasp100  73.0% | best 0.760 |     31 st/s
    done(50): success=36 t_flicker=11 t_touched=3
Ep 42600 | score   68.06 | avg100  161.43 | grasp100  70.0% | best 0.760 |     31 st/s
    done(50): success=34 t_flicker=11 t_touched=5
Ep 42650 | score   39.58 | avg100  161.15 | grasp100  71.0% | best 0.760 |     31 st/s
    done(50): success=37 t_flicker=7 t_touched=3 t_no_reach=3
Ep 42700 | score  204.97 | avg100  165.94 | grasp100  72.0% | best 0.760 |     31 st/s
    done(50): success=35 t_flicker=12 t_touched=3
Ep 42750 | score   57.46 | avg100  160.73 | grasp100  68.0% | best 0.760 |     31 st/s
    done(50): success=33 t_flicker=13 t_touched=2 t_no_reach=2
Ep 42800 | score  216.73 | avg100  158.67 | grasp100  68.0% | best 0.760 |     31 st/s
    done(50): success=35 t_flicker=12 t_touched=3
Ep 42850 | score  208.42 | avg100  162.02 | grasp100  70.0% | best 0.760 |     31 st/s
    done(50): success=35 t_flicker=11 t_touched=3 t_no_reach=1
Ep 42900 | score   84.45 | avg100  163.22 | grasp100  71.0% | best 0.760 |     31 st/s
    done(50): success=36 t_flicker=11 t_touched=3
Ep 42950 | score   26.88 | avg100  161.62 | grasp100  69.0% | best 0.760 |     31 st/s
    done(50): success=33 t_flicker=13 t_touched=3 t_no_reach=1
Ep 43000 | score  208.40 | avg100  161.61 | grasp100  69.0% | best 0.760 |     31 st/s
    done(50): success=36 t_flicker=10 t_touched=3 t_no_reach=1
Ep 43050 | score  204.73 | avg100  163.06 | grasp100  70.0% | best 0.760 |     31 st/s
    done(50): success=34 t_flicker=14 t_touched=2
Ep 43100 | score   53.80 | avg100  166.31 | grasp100  71.0% | best 0.760 |     31 st/s
    done(50): success=37 t_flicker=12 t_touched=1
Ep 43150 | score  207.40 | avg100  162.51 | grasp100  70.0% | best 0.760 |     31 st/s
    done(50): success=33 t_flicker=14 t_touched=3
Ep 43200 | score  208.83 | avg100  163.35 | grasp100  70.0% | best 0.760 |     31 st/s
    done(50): success=37 t_flicker=9 t_touched=4
Ep 43250 | score  205.84 | avg100  169.07 | grasp100  74.0% | best 0.760 |     31 st/s
    done(50): success=37 t_flicker=11 t_touched=1 t_no_reach=1
Ep 43300 | score  204.75 | avg100  159.87 | grasp100  71.0% | best 0.760 |     31 st/s
    done(50): success=34 t_flicker=13 t_touched=2 t_no_reach=1
Ep 43350 | score   30.92 | avg100  164.59 | grasp100  73.0% | best 0.760 |     31 st/s
    done(50): success=39 t_flicker=10 t_touched=1
Ep 43400 | score  205.10 | avg100  170.94 | grasp100  76.0% | best 0.760 |     31 st/s
    done(50): success=37 t_flicker=8 t_touched=3 t_no_reach=2
Ep 43450 | score  206.82 | avg100  158.59 | grasp100  70.0% | best 0.760 |     31 st/s
    done(50): success=33 t_flicker=12 t_touched=4 t_no_reach=1
  [primacy-bias reset of critic heads @ 725000 updates]
Ep 43500 | score  207.27 | avg100  147.23 | grasp100  64.0% | best 0.760 |     31 st/s
    done(50): success=31 t_flicker=11 t_touched=4 t_no_reach=4
Ep 43550 | score  -23.22 | avg100  111.88 | grasp100  47.0% | best 0.760 |     31 st/s
    done(50): success=16 t_flicker=15 t_touched=10 t_no_reach=9
Ep 43600 | score   12.82 | avg100   60.34 | grasp100  24.0% | best 0.760 |     31 st/s
    done(50): success=8 t_flicker=13 t_touched=5 t_no_reach=24
Ep 43650 | score   29.32 | avg100   55.97 | grasp100  21.0% | best 0.760 |     31 st/s
    done(50): success=13 t_flicker=19 t_touched=8 t_no_reach=10
Ep 43700 | score  204.27 | avg100   92.13 | grasp100  35.0% | best 0.760 |     31 st/s
    done(50): success=22 t_flicker=20 t_touched=5 t_no_reach=3
Ep 43750 | score   -7.81 | avg100  117.95 | grasp100  48.0% | best 0.760 |     31 st/s
    done(50): success=26 t_flicker=14 t_touched=7 t_no_reach=3
Ep 43800 | score  205.22 | avg100  128.24 | grasp100  53.0% | best 0.760 |     31 st/s
    done(50): success=27 t_flicker=15 t_touched=5 t_no_reach=3
Ep 43850 | score   58.63 | avg100  142.21 | grasp100  60.0% | best 0.760 |     31 st/s
    done(50): success=33 t_flicker=11 t_touched=3 t_no_reach=3
Ep 43900 | score  206.48 | avg100  148.73 | grasp100  64.0% | best 0.760 |     31 st/s
    done(50): success=31 t_flicker=16 t_touched=1 t_no_reach=2
Ep 43950 | score   14.81 | avg100  142.54 | grasp100  60.0% | best 0.760 |     31 st/s
    done(50): success=29 t_flicker=15 t_touched=5 t_no_reach=1
Ep 44000 | score  205.63 | avg100  155.00 | grasp100  67.0% | best 0.760 |     31 st/s
    done(50): success=38 t_flicker=7 t_touched=4 t_no_reach=1
Ep 44050 | score  206.40 | avg100  160.78 | grasp100  70.0% | best 0.760 |     31 st/s
    done(50): success=32 t_flicker=12 t_touched=5 t_no_reach=1
Ep 44100 | score  204.71 | avg100  161.97 | grasp100  70.0% | best 0.760 |     31 st/s
    done(50): success=38 t_flicker=11 t_no_reach=1
Ep 44150 | score  206.55 | avg100  161.30 | grasp100  69.0% | best 0.760 |     31 st/s
    done(50): success=31 t_flicker=13 t_touched=4 t_no_reach=2
Ep 44200 | score  206.71 | avg100  146.76 | grasp100  61.0% | best 0.760 |     31 st/s
    done(50): success=30 t_flicker=16 t_touched=4
Ep 44250 | score  206.06 | avg100  156.99 | grasp100  68.0% | best 0.760 |     31 st/s
    done(50): success=38 t_flicker=10 t_touched=2
Ep 44300 | score  206.28 | avg100  165.44 | grasp100  73.0% | best 0.760 |     31 st/s
    done(50): success=35 t_flicker=10 t_touched=5
Ep 44350 | score   64.65 | avg100  166.79 | grasp100  73.0% | best 0.760 |     31 st/s
    done(50): success=38 t_flicker=10 t_touched=2
Ep 44400 | score   32.13 | avg100  167.86 | grasp100  75.0% | best 0.760 |     31 st/s
    done(50): success=37 t_flicker=7 t_touched=3 t_no_reach=3
Ep 44450 | score  205.58 | avg100  164.61 | grasp100  74.0% | best 0.760 |     31 st/s
    done(50): success=37 t_flicker=9 t_touched=2 t_no_reach=2
Ep 44500 | score  -16.52 | avg100  166.83 | grasp100  74.0% | best 0.760 |     31 st/s
    done(50): success=37 t_flicker=10 t_touched=2 t_no_reach=1
Ep 44550 | score  207.89 | avg100  165.59 | grasp100  74.0% | best 0.760 |     31 st/s
    done(50): success=37 t_flicker=8 t_touched=4 t_no_reach=1
Ep 44600 | score  206.34 | avg100  163.97 | grasp100  73.0% | best 0.760 |     31 st/s
    done(50): success=36 t_flicker=10 t_touched=4
Ep 44650 | score  206.19 | avg100  166.10 | grasp100  74.0% | best 0.760 |     31 st/s
    done(50): success=38 t_flicker=8 t_touched=4
Ep 44700 | score  207.53 | avg100  163.74 | grasp100  72.0% | best 0.760 |     31 st/s
    done(50): success=34 t_flicker=14 t_touched=2
Ep 44750 | score   61.38 | avg100  157.91 | grasp100  68.0% | best 0.760 |     31 st/s
    done(50): success=34 t_flicker=10 t_touched=5 t_no_reach=1
Ep 44800 | score  205.13 | avg100  163.01 | grasp100  72.0% | best 0.760 |     31 st/s
    done(50): success=38 t_flicker=9 t_touched=2 t_no_reach=1
Ep 44850 | score   54.81 | avg100  166.18 | grasp100  75.0% | best 0.760 |     31 st/s
    done(50): success=37 t_flicker=8 t_touched=2 t_no_reach=3
Ep 44900 | score  207.17 | avg100  170.74 | grasp100  78.0% | best 0.760 |     31 st/s
    done(50): success=41 t_flicker=6 t_touched=3
Ep 44923 | * BEST  level200=2.00 grasp200= 77.5% metric=0.775 | score  206.23
Ep 44938 | * BEST  level200=2.00 grasp200= 79.0% metric=0.790 | score  208.38
Ep 44950 | score  205.05 | avg100  179.37 | grasp100  82.0% | best 0.790 |     31 st/s
    done(50): success=41 t_flicker=6 t_touched=3
Ep 45000 | score   58.08 | avg100  175.34 | grasp100  79.0% | best 0.790 |     31 st/s
    done(50): success=38 t_flicker=10 t_touched=2
Ep 45014 | * BEST  level200=2.00 grasp200= 80.5% metric=0.805 | score  208.50
Ep 45050 | score  207.39 | avg100  171.63 | grasp100  78.0% | best 0.805 |     31 st/s
    done(50): success=40 t_flicker=7 t_touched=2 t_no_reach=1
Ep 45100 | score  -14.12 | avg100  165.63 | grasp100  75.0% | best 0.805 |     31 st/s
    done(50): success=35 t_flicker=10 t_touched=4 t_no_reach=1
Ep 45150 | score   34.05 | avg100  160.67 | grasp100  71.0% | best 0.805 |     31 st/s
    done(50): success=36 t_flicker=6 t_touched=8
Ep 45200 | score   97.48 | avg100  163.04 | grasp100  72.0% | best 0.805 |     31 st/s
    done(50): success=36 t_flicker=12 t_touched=1 t_no_reach=1
  [primacy-bias reset of critic heads @ 750000 updates]
Ep 45250 | score   62.35 | avg100  156.03 | grasp100  67.0% | best 0.805 |     31 st/s
    done(50): success=31 t_flicker=14 t_touched=2 t_no_reach=3
Ep 45300 | score    7.55 | avg100   96.32 | grasp100  38.0% | best 0.805 |     31 st/s
    done(50): success=7 t_flicker=14 t_touched=18 t_no_reach=11
Ep 45350 | score  -14.08 | avg100   59.30 | grasp100  23.0% | best 0.805 |     31 st/s
    done(50): success=16 t_flicker=13 t_touched=8 t_no_reach=13
Ep 45400 | score   57.89 | avg100   76.31 | grasp100  30.0% | best 0.805 |     31 st/s
    done(50): success=14 t_flicker=21 t_touched=12 t_no_reach=3
Ep 45450 | score   52.52 | avg100   95.08 | grasp100  37.0% | best 0.805 |     31 st/s
    done(50): success=23 t_flicker=18 t_touched=3 t_no_reach=6
Ep 45500 | score  207.70 | avg100  131.41 | grasp100  57.0% | best 0.805 |     31 st/s
    done(50): success=34 t_flicker=9 t_touched=3 t_no_reach=4
Ep 45550 | score   41.15 | avg100  153.92 | grasp100  68.0% | best 0.805 |     31 st/s
    done(50): success=34 t_flicker=12 t_touched=2 t_no_reach=2
Ep 45600 | score   13.79 | avg100  148.17 | grasp100  63.0% | best 0.805 |     31 st/s
    done(50): success=29 t_flicker=16 t_touched=3 t_no_reach=2
Ep 45650 | score  205.60 | avg100  142.15 | grasp100  61.0% | best 0.805 |     31 st/s
    done(50): success=32 t_flicker=11 t_touched=4 t_no_reach=3
Ep 45700 | score  207.21 | avg100  154.94 | grasp100  68.0% | best 0.805 |     31 st/s
    done(50): success=36 t_flicker=9 t_touched=4 t_no_reach=1
Ep 45750 | score  206.03 | avg100  164.67 | grasp100  71.0% | best 0.805 |     31 st/s
    done(50): success=35 t_flicker=13 t_touched=2
Ep 45800 | score  207.93 | avg100  161.86 | grasp100  69.0% | best 0.805 |     31 st/s
    done(50): success=34 t_flicker=13 t_touched=2 t_no_reach=1
Ep 45850 | score  210.47 | avg100  158.74 | grasp100  69.0% | best 0.805 |     31 st/s
    done(50): success=35 t_flicker=10 t_touched=4 t_no_reach=1
Ep 45900 | score  209.06 | avg100  172.64 | grasp100  77.0% | best 0.805 |     31 st/s
    done(50): success=42 t_flicker=7 t_touched=1
Ep 45950 | score  238.32 | avg100  175.14 | grasp100  78.0% | best 0.805 |     31 st/s
    done(50): success=36 t_flicker=11 t_touched=2 t_no_reach=1
Ep 46000 | score  207.73 | avg100  156.95 | grasp100  67.0% | best 0.805 |     31 st/s
    done(50): success=31 t_flicker=17 t_touched=2
Ep 46050 | score  206.88 | avg100  159.37 | grasp100  67.0% | best 0.805 |     31 st/s
    done(50): success=36 t_flicker=10 t_touched=4
Ep 46100 | score   56.50 | avg100  168.13 | grasp100  72.0% | best 0.805 |     31 st/s
    done(50): success=36 t_flicker=8 t_touched=6
Ep 46150 | score  206.63 | avg100  169.49 | grasp100  73.0% | best 0.805 |     31 st/s
    done(50): success=37 t_flicker=11 t_touched=2
Ep 46200 | score   28.91 | avg100  166.83 | grasp100  73.0% | best 0.805 |     31 st/s
    done(50): success=36 t_flicker=10 t_touched=2 t_no_reach=2
Ep 46250 | score  208.08 | avg100  167.46 | grasp100  75.0% | best 0.805 |     31 st/s
    done(50): success=39 t_flicker=8 t_touched=3
Ep 46300 | score  208.05 | avg100  175.63 | grasp100  79.0% | best 0.805 |     31 st/s
    done(50): success=40 t_flicker=8 t_touched=1 t_no_reach=1
Ep 46350 | score  204.94 | avg100  162.93 | grasp100  71.0% | best 0.805 |     31 st/s
    done(50): success=31 t_flicker=15 t_touched=3 t_no_reach=1
Ep 46400 | score  209.87 | avg100  160.96 | grasp100  71.0% | best 0.805 |     31 st/s
    done(50): success=40 t_flicker=7 t_touched=2 t_no_reach=1
Ep 46450 | score  205.65 | avg100  171.54 | grasp100  78.0% | best 0.805 |     31 st/s
    done(50): success=38 t_flicker=9 t_touched=2 t_no_reach=1
Ep 46500 | score  205.87 | avg100  166.98 | grasp100  76.0% | best 0.805 |     31 st/s
    done(50): success=38 t_flicker=10 t_touched=1 t_no_reach=1
Ep 46550 | score  207.96 | avg100  170.80 | grasp100  78.0% | best 0.805 |     31 st/s
    done(50): success=40 t_flicker=8 t_touched=1 t_no_reach=1
Ep 46600 | score  230.44 | avg100  176.78 | grasp100  80.0% | best 0.805 |     31 st/s
    done(50): success=40 t_flicker=9 t_touched=1
Ep 46650 | score  207.77 | avg100  167.84 | grasp100  74.0% | best 0.805 |     31 st/s
    done(50): success=34 t_flicker=11 t_touched=4 t_no_reach=1
Ep 46700 | score   60.70 | avg100  164.91 | grasp100  73.0% | best 0.805 |     31 st/s
    done(50): success=39 t_flicker=9 t_touched=1 t_no_reach=1
Ep 46750 | score  205.27 | avg100  170.62 | grasp100  77.0% | best 0.805 |     31 st/s
    done(50): success=38 t_flicker=8 t_touched=4
Ep 46800 | score  205.86 | avg100  170.86 | grasp100  77.0% | best 0.805 |     31 st/s
    done(50): success=39 t_flicker=6 t_touched=5
Ep 46850 | score  206.39 | avg100  169.26 | grasp100  76.0% | best 0.805 |     31 st/s
    done(50): success=37 t_flicker=8 t_touched=5
Ep 46900 | score   59.41 | avg100  171.81 | grasp100  77.0% | best 0.805 |     31 st/s
    done(50): success=40 t_flicker=9 t_touched=1
Ep 46950 | score   74.81 | avg100  175.91 | grasp100  79.0% | best 0.805 |     31 st/s
    done(50): success=39 t_flicker=7 t_touched=2 t_no_reach=2
Ep 47000 | score  204.67 | avg100  167.59 | grasp100  74.0% | best 0.805 |     31 st/s
    done(50): success=35 t_flicker=12 t_touched=2 t_no_reach=1
  [primacy-bias reset of critic heads @ 775000 updates]
Ep 47050 | score  203.46 | avg100  152.15 | grasp100  67.0% | best 0.805 |     31 st/s
    done(50): success=32 t_flicker=8 t_touched=7 t_no_reach=3
Ep 47100 | score  -27.27 | avg100  102.03 | grasp100  48.0% | best 0.805 |     31 st/s
    done(50): success=16 t_flicker=6 t_touched=5 t_no_reach=23
Ep 47150 | score    1.17 | avg100   41.80 | grasp100  23.0% | best 0.805 |     31 st/s
    done(50): success=7 t_flicker=9 t_touched=4 t_no_reach=30
Ep 47200 | score   23.74 | avg100   60.07 | grasp100  26.0% | best 0.805 |     31 st/s
    done(50): success=19 t_flicker=20 t_touched=6 t_no_reach=5
Ep 47250 | score  100.22 | avg100  124.18 | grasp100  51.0% | best 0.805 |     31 st/s
    done(50): success=32 t_flicker=14 t_touched=2 t_no_reach=2
Ep 47300 | score  206.10 | avg100  140.86 | grasp100  59.0% | best 0.805 |     31 st/s
    done(50): success=27 t_flicker=16 t_touched=6 t_no_reach=1
Ep 47350 | score  206.36 | avg100  139.70 | grasp100  59.0% | best 0.805 |     31 st/s
    done(50): success=32 t_flicker=13 t_touched=3 t_no_reach=2
Ep 47400 | score  205.45 | avg100  148.66 | grasp100  64.0% | best 0.805 |     31 st/s
    done(50): success=32 t_flicker=13 t_touched=5
Ep 47450 | score   31.30 | avg100  150.59 | grasp100  63.0% | best 0.805 |     31 st/s
    done(50): success=31 t_flicker=17 t_touched=1 t_no_reach=1
Ep 47500 | score   60.73 | avg100  158.62 | grasp100  67.0% | best 0.805 |     31 st/s
    done(50): success=36 t_flicker=12 t_touched=2
Ep 47550 | score   56.21 | avg100  153.63 | grasp100  64.0% | best 0.805 |     31 st/s
    done(50): success=28 t_flicker=19 t_touched=3
Ep 47600 | score  206.67 | avg100  158.82 | grasp100  67.0% | best 0.805 |     31 st/s
    done(50): success=39 t_flicker=8 t_touched=3
Ep 47650 | score  205.98 | avg100  161.29 | grasp100  70.0% | best 0.805 |     31 st/s
    done(50): success=31 t_flicker=15 t_touched=3 t_no_reach=1
Ep 47700 | score   55.76 | avg100  150.57 | grasp100  63.0% | best 0.805 |     31 st/s
    done(50): success=32 t_flicker=14 t_touched=2 t_no_reach=2
Ep 47750 | score  205.53 | avg100  158.47 | grasp100  68.0% | best 0.805 |     31 st/s
    done(50): success=36 t_flicker=12 t_touched=2
Ep 47800 | score  206.69 | avg100  158.29 | grasp100  70.0% | best 0.805 |     31 st/s
    done(50): success=34 t_flicker=9 t_touched=6 t_no_reach=1
Ep 47850 | score  205.27 | avg100  163.53 | grasp100  73.0% | best 0.805 |     31 st/s
    done(50): success=39 t_flicker=8 t_touched=3
Ep 47900 | score  205.24 | avg100  166.02 | grasp100  73.0% | best 0.805 |     31 st/s
    done(50): success=34 t_flicker=13 t_touched=3
Ep 47950 | score  208.00 | avg100  167.00 | grasp100  73.0% | best 0.805 |     31 st/s
    done(50): success=39 t_flicker=9 t_touched=2
Ep 48000 | score  206.22 | avg100  171.12 | grasp100  75.0% | best 0.805 |     31 st/s
    done(50): success=36 t_flicker=10 t_touched=4
Ep 48050 | score   57.15 | avg100  167.08 | grasp100  73.0% | best 0.805 |     31 st/s
    done(50): success=37 t_flicker=10 t_touched=2 t_no_reach=1
Ep 48100 | score  206.84 | avg100  168.13 | grasp100  74.0% | best 0.805 |     31 st/s
    done(50): success=37 t_flicker=11 t_touched=1 t_no_reach=1
Ep 48150 | score  207.21 | avg100  169.56 | grasp100  75.0% | best 0.805 |     31 st/s
    done(50): success=38 t_flicker=9 t_touched=2 t_no_reach=1
Ep 48200 | score  206.16 | avg100  175.55 | grasp100  80.0% | best 0.805 |     31 st/s
    done(50): success=42 t_flicker=6 t_touched=2
Ep 48250 | score  207.11 | avg100  176.15 | grasp100  81.0% | best 0.805 |     31 st/s
    done(50): success=39 t_flicker=6 t_touched=4 t_no_reach=1
Ep 48300 | score  207.56 | avg100  165.49 | grasp100  73.0% | best 0.805 |     31 st/s
    done(50): success=34 t_flicker=13 t_touched=1 t_no_reach=2
Ep 48350 | score  204.19 | avg100  160.83 | grasp100  70.0% | best 0.805 |     31 st/s
    done(50): success=36 t_flicker=8 t_touched=5 t_no_reach=1
Ep 48400 | score   70.44 | avg100  167.38 | grasp100  74.0% | best 0.805 |     31 st/s
    done(50): success=38 t_flicker=10 t_touched=1 t_no_reach=1
Ep 48450 | score   91.22 | avg100  167.46 | grasp100  73.0% | best 0.805 |     31 st/s
    done(50): success=35 t_flicker=10 t_touched=3 t_no_reach=2
Ep 48500 | score   52.01 | avg100  163.78 | grasp100  72.0% | best 0.805 |     31 st/s
    done(50): success=37 t_flicker=10 t_touched=2 t_no_reach=1
Ep 48550 | score  204.48 | avg100  161.93 | grasp100  71.0% | best 0.805 |     31 st/s
    done(50): success=34 t_flicker=9 t_touched=5 t_no_reach=2
Ep 48600 | score   30.22 | avg100  154.60 | grasp100  65.0% | best 0.805 |     31 st/s
    done(50): success=31 t_flicker=16 t_touched=2 t_no_reach=1
Ep 48650 | score  204.30 | avg100  159.85 | grasp100  68.0% | best 0.805 |     31 st/s
    done(50): success=37 t_flicker=13
Ep 48700 | score  204.25 | avg100  165.65 | grasp100  72.0% | best 0.805 |     31 st/s
    done(50): success=35 t_flicker=11 t_touched=4
Ep 48750 | score  205.50 | avg100  167.80 | grasp100  75.0% | best 0.805 |     31 st/s
    done(50): success=40 t_flicker=6 t_touched=1 t_no_reach=3
  [primacy-bias reset of critic heads @ 800000 updates]
Ep 48800 | score  207.06 | avg100  171.86 | grasp100  78.0% | best 0.805 |     31 st/s
    done(50): success=38 t_flicker=9 t_touched=2 t_no_reach=1
Ep 48850 | score  -12.32 | avg100  116.68 | grasp100  52.0% | best 0.805 |     31 st/s
    done(50): success=14 t_flicker=9 t_touched=9 t_no_reach=18
Ep 48900 | score  204.68 | avg100   68.52 | grasp100  31.0% | best 0.805 |     31 st/s
    done(50): success=17 t_flicker=8 t_touched=8 t_no_reach=17
Ep 48950 | score    2.44 | avg100   82.23 | grasp100  35.0% | best 0.805 |     31 st/s
    done(50): success=18 t_flicker=16 t_touched=10 t_no_reach=6
Ep 49000 | score   72.05 | avg100  105.76 | grasp100  43.0% | best 0.805 |     31 st/s
    done(50): success=25 t_flicker=18 t_touched=4 t_no_reach=3
Ep 49050 | score  204.46 | avg100  131.46 | grasp100  55.0% | best 0.805 |     31 st/s
    done(50): success=30 t_flicker=16 t_touched=4
Ep 49100 | score  206.27 | avg100  144.24 | grasp100  61.0% | best 0.805 |     31 st/s
    done(50): success=31 t_flicker=13 t_touched=6
Ep 49150 | score  205.86 | avg100  142.30 | grasp100  60.0% | best 0.805 |     31 st/s
    done(50): success=29 t_flicker=14 t_touched=5 t_no_reach=2
Ep 49200 | score  207.90 | avg100  146.11 | grasp100  63.0% | best 0.805 |     31 st/s
    done(50): success=34 t_flicker=12 t_touched=2 t_no_reach=2
Ep 49250 | score  205.78 | avg100  156.62 | grasp100  68.0% | best 0.805 |     31 st/s
    done(50): success=34 t_flicker=14 t_no_reach=2
Ep 49300 | score   65.90 | avg100  167.99 | grasp100  74.0% | best 0.805 |     31 st/s
    done(50): success=40 t_flicker=9 t_no_reach=1
Ep 49350 | score   55.78 | avg100  163.36 | grasp100  72.0% | best 0.805 |     31 st/s
    done(50): success=32 t_flicker=14 t_touched=3 t_no_reach=1
Ep 49400 | score  215.57 | avg100  159.77 | grasp100  71.0% | best 0.805 |     31 st/s
    done(50): success=39 t_flicker=6 t_touched=2 t_no_reach=3
Ep 49450 | score  209.10 | avg100  165.14 | grasp100  74.0% | best 0.805 |     31 st/s
    done(50): success=35 t_flicker=11 t_touched=2 t_no_reach=2
Ep 49500 | score  207.01 | avg100  161.36 | grasp100  70.0% | best 0.805 |     31 st/s
    done(50): success=35 t_flicker=10 t_touched=5
Ep 49550 | score  206.23 | avg100  163.22 | grasp100  70.0% | best 0.805 |     31 st/s
    done(50): success=35 t_flicker=12 t_touched=3
Ep 49600 | score  205.21 | avg100  169.06 | grasp100  72.0% | best 0.805 |     31 st/s
    done(50): success=37 t_flicker=11 t_touched=2
Ep 49650 | score  206.23 | avg100  175.88 | grasp100  77.0% | best 0.805 |     31 st/s
    done(50): success=40 t_flicker=9 t_touched=1
Ep 49700 | score  208.09 | avg100  170.02 | grasp100  75.0% | best 0.805 |     31 st/s
    done(50): success=35 t_flicker=14 t_no_reach=1
Ep 49750 | score  208.69 | avg100  152.55 | grasp100  65.0% | best 0.805 |     31 st/s
    done(50): success=30 t_flicker=14 t_touched=5 t_no_reach=1
Ep 49800 | score  206.34 | avg100  151.67 | grasp100  65.0% | best 0.805 |     31 st/s
    done(50): success=35 t_flicker=9 t_touched=6
Ep 49850 | score   42.20 | avg100  159.67 | grasp100  69.0% | best 0.805 |     31 st/s
    done(50): success=34 t_flicker=13 t_touched=3
Ep 49900 | score  207.05 | avg100  167.42 | grasp100  74.0% | best 0.805 |     31 st/s
    done(50): success=40 t_flicker=5 t_touched=5
Ep 49950 | score  205.62 | avg100  179.33 | grasp100  81.0% | best 0.805 |     31 st/s
    done(50): success=41 t_flicker=8 t_no_reach=1
Ep 50000 | score  206.43 | avg100  170.96 | grasp100  75.0% | best 0.805 |     31 st/s
    done(50): success=34 t_flicker=10 t_touched=5 t_no_reach=1
Ep 50050 | score   33.32 | avg100  164.66 | grasp100  72.0% | best 0.805 |     31 st/s
    done(50): success=38 t_flicker=7 t_touched=3 t_no_reach=2
Ep 50100 | score   78.02 | avg100  166.40 | grasp100  74.0% | best 0.805 |     31 st/s
    done(50): success=36 t_flicker=8 t_touched=5 t_no_reach=1
Ep 50150 | score   33.17 | avg100  160.04 | grasp100  70.0% | best 0.805 |     31 st/s
    done(50): success=34 t_flicker=12 t_touched=3 t_no_reach=1
Ep 50200 | score  204.01 | avg100  160.50 | grasp100  70.0% | best 0.805 |     31 st/s
    done(50): success=36 t_flicker=12 t_touched=1 t_no_reach=1
Ep 50250 | score  204.46 | avg100  157.86 | grasp100  69.0% | best 0.805 |     31 st/s
    done(50): success=33 t_flicker=12 t_touched=5
Ep 50300 | score   32.45 | avg100  156.14 | grasp100  69.0% | best 0.805 |     31 st/s
    done(50): success=36 t_flicker=8 t_touched=5 t_no_reach=1
Ep 50350 | score  207.29 | avg100  169.83 | grasp100  77.0% | best 0.805 |     31 st/s
    done(50): success=41 t_flicker=7 t_touched=2
Ep 50400 | score  205.78 | avg100  177.40 | grasp100  81.0% | best 0.805 |     31 st/s
    done(50): success=40 t_flicker=9 t_touched=1
Ep 50450 | score  206.41 | avg100  171.10 | grasp100  78.0% | best 0.805 |     31 st/s
    done(50): success=38 t_flicker=9 t_touched=2 t_no_reach=1
Ep 50500 | score  205.73 | avg100  154.31 | grasp100  67.0% | best 0.805 |     31 st/s
    done(50): success=29 t_flicker=16 t_touched=1 t_no_reach=4
Ep 50550 | score  208.13 | avg100  152.98 | grasp100  63.0% | best 0.805 |     31 st/s
    done(50): success=34 t_flicker=12 t_touched=4
  [primacy-bias reset of critic heads @ 825000 updates]
Ep 50600 | score  -25.45 | avg100  128.45 | grasp100  54.0% | best 0.805 |     31 st/s
    done(50): success=20 t_flicker=7 t_touched=10 t_no_reach=13
Ep 50650 | score   -9.57 | avg100   70.18 | grasp100  32.0% | best 0.805 |     31 st/s
    done(50): success=12 t_flicker=9 t_touched=7 t_no_reach=22
Ep 50700 | score  205.96 | avg100   61.89 | grasp100  28.0% | best 0.805 |     31 st/s
    done(50): success=16 t_flicker=13 t_touched=6 t_no_reach=15
Ep 50750 | score  206.81 | avg100   98.45 | grasp100  42.0% | best 0.805 |     31 st/s
    done(50): success=26 t_flicker=11 t_touched=10 t_no_reach=3
Ep 50800 | score  208.50 | avg100  118.24 | grasp100  49.0% | best 0.805 |     31 st/s
    done(50): success=23 t_flicker=17 t_touched=6 t_no_reach=4
Ep 50850 | score   55.80 | avg100  132.48 | grasp100  57.0% | best 0.805 |     31 st/s
    done(50): success=34 t_flicker=11 t_touched=3 t_no_reach=2
Ep 50900 | score   92.64 | avg100  149.42 | grasp100  67.0% | best 0.805 |     31 st/s
    done(50): success=33 t_flicker=10 t_touched=6 t_no_reach=1
Ep 50950 | score  204.00 | avg100  148.29 | grasp100  64.0% | best 0.805 |     31 st/s
    done(50): success=31 t_flicker=14 t_touched=4 t_no_reach=1
Ep 51000 | score  205.21 | avg100  149.85 | grasp100  63.0% | best 0.805 |     31 st/s
    done(50): success=32 t_flicker=15 t_touched=3
Ep 51050 | score  206.47 | avg100  151.46 | grasp100  64.0% | best 0.805 |     31 st/s
    done(50): success=32 t_flicker=12 t_touched=5 t_no_reach=1
Ep 51100 | score  207.06 | avg100  152.35 | grasp100  66.0% | best 0.805 |     31 st/s
    done(50): success=34 t_flicker=10 t_touched=6
Ep 51150 | score  207.04 | avg100  167.52 | grasp100  74.0% | best 0.805 |     31 st/s
    done(50): success=40 t_flicker=9 t_no_reach=1
Ep 51200 | score    5.01 | avg100  170.91 | grasp100  76.0% | best 0.805 |     31 st/s
    done(50): success=36 t_flicker=10 t_touched=3 t_no_reach=1
Ep 51250 | score  205.39 | avg100  158.93 | grasp100  69.0% | best 0.805 |     31 st/s
    done(50): success=33 t_flicker=15 t_touched=2
Ep 51300 | score  208.32 | avg100  170.44 | grasp100  75.0% | best 0.805 |     31 st/s
    done(50): success=42 t_flicker=6 t_touched=2
Ep 51350 | score  204.99 | avg100  182.02 | grasp100  83.0% | best 0.805 |     31 st/s
    done(50): success=41 t_flicker=5 t_touched=2 t_no_reach=2
Ep 51400 | score  205.74 | avg100  170.26 | grasp100  75.0% | best 0.805 |     31 st/s
    done(50): success=34 t_flicker=13 t_touched=3
Ep 51450 | score  206.92 | avg100  160.80 | grasp100  70.0% | best 0.805 |     31 st/s
    done(50): success=36 t_flicker=13 t_no_reach=1
Ep 51500 | score  206.78 | avg100  163.33 | grasp100  73.0% | best 0.805 |     31 st/s
    done(50): success=37 t_flicker=8 t_touched=4 t_no_reach=1
Ep 51550 | score  209.72 | avg100  166.64 | grasp100  73.0% | best 0.805 |     31 st/s
    done(50): success=36 t_flicker=13 t_no_reach=1
Ep 51600 | score  206.82 | avg100  160.52 | grasp100  68.0% | best 0.805 |     31 st/s
    done(50): success=32 t_flicker=12 t_touched=4 t_no_reach=2
Ep 51650 | score  204.50 | avg100  158.58 | grasp100  68.0% | best 0.805 |     31 st/s
    done(50): success=36 t_flicker=12 t_touched=2
Ep 51700 | score  229.41 | avg100  170.55 | grasp100  75.0% | best 0.805 |     31 st/s
    done(50): success=39 t_flicker=9 t_touched=1 t_no_reach=1
Ep 51750 | score  206.47 | avg100  180.10 | grasp100  81.0% | best 0.805 |     31 st/s
    done(50): success=42 t_flicker=6 t_touched=2
Ep 51800 | score  204.92 | avg100  178.88 | grasp100  80.0% | best 0.805 |     31 st/s
    done(50): success=38 t_flicker=12
Ep 51850 | score  206.13 | avg100  169.43 | grasp100  75.0% | best 0.805 |     31 st/s
    done(50): success=37 t_flicker=8 t_touched=5
Ep 51900 | score  205.68 | avg100  171.15 | grasp100  77.0% | best 0.805 |     31 st/s
    done(50): success=40 t_flicker=9 t_touched=1
Ep 51950 | score  205.53 | avg100  178.28 | grasp100  81.0% | best 0.805 |     31 st/s
    done(50): success=41 t_flicker=5 t_touched=2 t_no_reach=2
Ep 52000 | score   92.56 | avg100  175.02 | grasp100  80.0% | best 0.805 |     31 st/s
    done(50): success=39 t_flicker=6 t_touched=5
Ep 52050 | score  206.57 | avg100  176.41 | grasp100  80.0% | best 0.805 |     31 st/s
    done(50): success=41 t_flicker=6 t_touched=2 t_no_reach=1
Ep 52060 | * BEST  level200=2.00 grasp200= 82.0% metric=0.820 | score  206.02
Ep 52100 | score  209.84 | avg100  175.13 | grasp100  79.0% | best 0.820 |     31 st/s
    done(50): success=38 t_flicker=8 t_touched=4
Ep 52150 | score  206.82 | avg100  171.78 | grasp100  77.0% | best 0.820 |     31 st/s
    done(50): success=39 t_flicker=8 t_touched=3
Ep 52200 | score  205.09 | avg100  175.67 | grasp100  79.0% | best 0.820 |     31 st/s
    done(50): success=40 t_flicker=8 t_touched=2
Ep 52250 | score  205.28 | avg100  173.77 | grasp100  78.0% | best 0.820 |     31 st/s
    done(50): success=38 t_flicker=9 t_touched=2 t_no_reach=1
Ep 52300 | score  215.11 | avg100  172.40 | grasp100  77.0% | best 0.820 |     31 st/s
    done(50): success=39 t_flicker=7 t_touched=4
Ep 52350 | score  205.29 | avg100  173.26 | grasp100  76.0% | best 0.820 |     31 st/s
    done(50): success=37 t_flicker=12 t_touched=1
  [primacy-bias reset of critic heads @ 850000 updates]
Ep 52400 | score   -4.65 | avg100  176.24 | grasp100  79.0% | best 0.820 |     31 st/s
    done(50): success=42 t_flicker=7 t_no_reach=1
Ep 52450 | score  -27.99 | avg100  102.66 | grasp100  50.0% | best 0.820 |     31 st/s
    done(50): success=8 t_flicker=5 t_touched=6 t_no_reach=31
Ep 52500 | score  208.44 | avg100   10.17 | grasp100  10.0% | best 0.820 |     31 st/s
    done(50): success=2 t_flicker=7 t_touched=4 t_no_reach=37
Ep 52550 | score  -10.76 | avg100   31.98 | grasp100  17.0% | best 0.820 |     31 st/s
    done(50): success=15 t_flicker=14 t_touched=6 t_no_reach=15
Ep 52600 | score   12.24 | avg100   82.55 | grasp100  35.0% | best 0.820 |     31 st/s
    done(50): success=20 t_flicker=16 t_touched=7 t_no_reach=7
Ep 52650 | score  207.35 | avg100  117.22 | grasp100  49.0% | best 0.820 |     31 st/s
    done(50): success=29 t_flicker=14 t_touched=5 t_no_reach=2
Ep 52700 | score  207.20 | avg100  139.53 | grasp100  58.0% | best 0.820 |     31 st/s
    done(50): success=29 t_flicker=13 t_touched=6 t_no_reach=2
Ep 52750 | score  206.20 | avg100  154.44 | grasp100  67.0% | best 0.820 |     31 st/s
    done(50): success=38 t_flicker=10 t_touched=1 t_no_reach=1
Ep 52800 | score  205.52 | avg100  158.14 | grasp100  68.0% | best 0.820 |     31 st/s
    done(50): success=30 t_flicker=16 t_touched=3 t_no_reach=1
Ep 52850 | score  206.57 | avg100  154.39 | grasp100  65.0% | best 0.820 |     31 st/s
    done(50): success=35 t_flicker=10 t_touched=5
Ep 52900 | score  206.82 | avg100  164.23 | grasp100  73.0% | best 0.820 |     31 st/s
    done(50): success=38 t_flicker=11 t_touched=1
Ep 52950 | score  209.41 | avg100  168.95 | grasp100  74.0% | best 0.820 |     31 st/s
    done(50): success=36 t_flicker=11 t_touched=3
Ep 53000 | score  206.91 | avg100  164.50 | grasp100  69.0% | best 0.820 |     31 st/s
    done(50): success=33 t_flicker=13 t_touched=3 t_no_reach=1
Ep 53050 | score  207.82 | avg100  160.63 | grasp100  69.0% | best 0.820 |     31 st/s
    done(50): success=36 t_flicker=12 t_no_reach=2
Ep 53100 | score  207.39 | avg100  164.16 | grasp100  73.0% | best 0.820 |     31 st/s
    done(50): success=37 t_flicker=8 t_touched=3 t_no_reach=2
Ep 53150 | score  207.18 | avg100  173.95 | grasp100  78.0% | best 0.820 |     31 st/s
    done(50): success=41 t_flicker=8 t_touched=1
Ep 53200 | score  207.28 | avg100  172.67 | grasp100  76.0% | best 0.820 |     31 st/s
    done(50): success=35 t_flicker=12 t_touched=3
Ep 53250 | score  205.27 | avg100  165.76 | grasp100  72.0% | best 0.820 |     31 st/s
    done(50): success=37 t_flicker=12 t_touched=1
Ep 53300 | score  207.78 | avg100  174.40 | grasp100  78.0% | best 0.820 |     31 st/s
    done(50): success=41 t_flicker=7 t_touched=2
Ep 53350 | score   96.67 | avg100  172.45 | grasp100  76.0% | best 0.820 |     31 st/s
    done(50): success=35 t_flicker=12 t_touched=3
Ep 53400 | score  207.18 | avg100  172.79 | grasp100  76.0% | best 0.820 |     31 st/s
    done(50): success=41 t_flicker=7 t_touched=2
Ep 53450 | score   26.69 | avg100  172.00 | grasp100  76.0% | best 0.820 |     31 st/s
    done(50): success=35 t_flicker=13 t_touched=2
Ep 53500 | score  207.74 | avg100  163.34 | grasp100  71.0% | best 0.820 |     31 st/s
    done(50): success=36 t_flicker=12 t_touched=1 t_no_reach=1
Ep 53550 | score  206.04 | avg100  161.95 | grasp100  70.0% | best 0.820 |     31 st/s
    done(50): success=34 t_flicker=12 t_touched=4
Ep 53600 | score  206.00 | avg100  164.99 | grasp100  71.0% | best 0.820 |     31 st/s
    done(50): success=37 t_flicker=13
Ep 53650 | score   70.71 | avg100  171.50 | grasp100  76.0% | best 0.820 |     31 st/s
    done(50): success=39 t_flicker=6 t_touched=3 t_no_reach=2
Ep 53700 | score  217.34 | avg100  168.57 | grasp100  74.0% | best 0.820 |     31 st/s
    done(50): success=35 t_flicker=12 t_touched=2 t_no_reach=1
Ep 53750 | score  204.53 | avg100  169.37 | grasp100  74.0% | best 0.820 |     31 st/s
    done(50): success=39 t_flicker=9 t_touched=1 t_no_reach=1
Ep 53800 | score  204.93 | avg100  178.41 | grasp100  80.0% | best 0.820 |     31 st/s
    done(50): success=41 t_flicker=5 t_touched=4
Ep 53850 | score  208.81 | avg100  182.55 | grasp100  82.0% | best 0.820 |     31 st/s
    done(50): success=41 t_flicker=7 t_touched=1 t_no_reach=1
Ep 53900 | score  204.83 | avg100  186.67 | grasp100  85.0% | best 0.820 |     31 st/s
    done(50): success=44 t_flicker=5 t_touched=1
Ep 53907 | * BEST  level200=2.00 grasp200= 83.5% metric=0.835 | score  206.71
Ep 53917 | * BEST  level200=2.00 grasp200= 85.0% metric=0.850 | score  215.95
Ep 53950 | score   69.44 | avg100  191.37 | grasp100  89.0% | best 0.850 |     31 st/s
    done(50): success=45 t_flicker=5
Ep 53974 | * BEST  level200=2.00 grasp200= 86.5% metric=0.865 | score  204.68
Ep 54000 | score  208.11 | avg100  179.41 | grasp100  81.0% | best 0.865 |     31 st/s
    done(50): success=36 t_flicker=12 t_touched=2
Ep 54050 | score  206.94 | avg100  164.95 | grasp100  72.0% | best 0.865 |     31 st/s
    done(50): success=36 t_flicker=10 t_touched=3 t_no_reach=1
Ep 54100 | score   58.64 | avg100  176.35 | grasp100  79.0% | best 0.865 |     31 st/s
    done(50): success=43 t_flicker=6 t_touched=1
Ep 54150 | score  207.73 | avg100  178.77 | grasp100  81.0% | best 0.865 |     31 st/s
    done(50): success=38 t_flicker=9 t_touched=2 t_no_reach=1
  [primacy-bias reset of critic heads @ 875000 updates]
Ep 54200 | score  -22.31 | avg100  122.56 | grasp100  55.0% | best 0.865 |     31 st/s
    done(50): success=17 t_flicker=6 t_touched=7 t_no_reach=20
Ep 54250 | score  204.90 | avg100   69.69 | grasp100  32.0% | best 0.865 |     31 st/s
    done(50): success=15 t_flicker=8 t_touched=6 t_no_reach=21
Ep 54300 | score   23.64 | avg100   76.20 | grasp100  34.0% | best 0.865 |     31 st/s
    done(50): success=19 t_flicker=15 t_touched=9 t_no_reach=7
Ep 54350 | score  207.01 | avg100   99.43 | grasp100  41.0% | best 0.865 |     31 st/s
    done(50): success=22 t_flicker=16 t_touched=8 t_no_reach=4
Ep 54400 | score  -19.43 | avg100  108.89 | grasp100  44.0% | best 0.865 |     31 st/s
    done(50): success=22 t_flicker=18 t_touched=6 t_no_reach=4
Ep 54450 | score  206.32 | avg100  130.63 | grasp100  55.0% | best 0.865 |     31 st/s
    done(50): success=33 t_flicker=13 t_touched=3 t_no_reach=1
Ep 54500 | score  206.19 | avg100  152.40 | grasp100  66.0% | best 0.865 |     31 st/s
    done(50): success=33 t_flicker=10 t_touched=5 t_no_reach=2
Ep 54550 | score   32.71 | avg100  155.04 | grasp100  67.0% | best 0.865 |     31 st/s
    done(50): success=34 t_flicker=12 t_touched=3 t_no_reach=1
Ep 54600 | score  206.09 | avg100  158.35 | grasp100  68.0% | best 0.865 |     31 st/s
    done(50): success=34 t_flicker=13 t_touched=3
Ep 54650 | score  205.42 | avg100  169.61 | grasp100  75.0% | best 0.865 |     31 st/s
    done(50): success=41 t_flicker=7 t_touched=2
Ep 54700 | score  208.18 | avg100  171.51 | grasp100  75.0% | best 0.865 |     31 st/s
    done(50): success=34 t_flicker=15 t_no_reach=1
Ep 54750 | score  208.56 | avg100  165.50 | grasp100  70.0% | best 0.865 |     31 st/s
    done(50): success=36 t_flicker=12 t_touched=2
Ep 54800 | score   17.42 | avg100  162.13 | grasp100  69.0% | best 0.865 |     31 st/s
    done(50): success=33 t_flicker=13 t_touched=3 t_no_reach=1
Ep 54850 | score  209.42 | avg100  172.85 | grasp100  76.0% | best 0.865 |     31 st/s
    done(50): success=43 t_flicker=7
Ep 54900 | score  204.44 | avg100  184.72 | grasp100  84.0% | best 0.865 |     31 st/s
    done(50): success=41 t_flicker=7 t_touched=2
Ep 54950 | score   64.05 | avg100  180.72 | grasp100  82.0% | best 0.865 |     31 st/s
    done(50): success=41 t_flicker=7 t_touched=2
Ep 55000 | score  207.91 | avg100  175.13 | grasp100  77.0% | best 0.865 |     31 st/s
    done(50): success=36 t_flicker=11 t_touched=3

========================================================================
DONE  td3_ln_cereal_base_s0
  Episodes     : 55000
  Env steps    : 2,228,905  (72450s)
  Best metric  : 0.865  (policy in /home/fahim/Thesis_fahim/pickandplace/checkpoints/td3_grasp_rand_td3_ln_cereal_base_s0/best)
  Final grasp% : 77.0
  CSV          : /home/fahim/Thesis_fahim/pickandplace/logs/grasp_rand_td3_ln_cereal_base_s0/episodes.csv
  Probe CSV    : /home/fahim/Thesis_fahim/pickandplace/logs/grasp_rand_td3_ln_cereal_base_s0/probe.csv
  Manifest     : /home/fahim/Thesis_fahim/pickandplace/logs/grasp_rand_td3_ln_cereal_base_s0/manifest.json
========================================================================

