========================================================================
RANDOM-SPAWN GRASP RETRAINING  |  algo=td3_ln  run=td3_ln_cereal_basewarm_s1
========================================================================
  Envs                : 5 (subprocess-parallel, fork)
  Spawn level         : 2.0 (1.0 = full position box, 2.0 = + z-rotation)
  Updates/vec-step    : 2 (0.400 per env-step; historical baseline 0.5)
  Buffer              : 2,000,000
  Actor               : 64 -> 32  (5,216 weights)  [critics 512->256]
  Warm start          : checkpoints/td3_grasp_rand_td3_ln_c2m512_s1/best
  Checkpoints         : /home/fahim/Thesis_fahim/pickandplace/checkpoints/td3_grasp_rand_td3_ln_cereal_basewarm_s1
========================================================================

Spawning 5 subprocess environments (fork)...
[robosuite WARNING] No private macro file found! (__init__.py:7)
[robosuite WARNING] It is recommended to use a private macro file (__init__.py:8)
[robosuite WARNING] To setup, run: python /home/fahim/Thesis_fahim/venv/lib/python3.12/site-packages/robosuite/scripts/setup_macros.py (__init__.py:9)
[robosuite WARNING] No private macro file found! (__init__.py:7)
[robosuite WARNING] It is recommended to use a private macro file (__init__.py:8)
[robosuite WARNING] To setup, run: python /home/fahim/Thesis_fahim/venv/lib/python3.12/site-packages/robosuite/scripts/setup_macros.py (__init__.py:9)
[robosuite WARNING] No private macro file found! (__init__.py:7)
[robosuite WARNING] It is recommended to use a private macro file (__init__.py:8)
[robosuite WARNING] To setup, run: python /home/fahim/Thesis_fahim/venv/lib/python3.12/site-packages/robosuite/scripts/setup_macros.py (__init__.py:9)
[robosuite WARNING] No private macro file found! (__init__.py:7)
[robosuite WARNING] It is recommended to use a private macro file (__init__.py:8)
[robosuite WARNING] To setup, run: python /home/fahim/Thesis_fahim/venv/lib/python3.12/site-packages/robosuite/scripts/setup_macros.py (__init__.py:9)
[robosuite WARNING] No private macro file found! (__init__.py:7)
[robosuite WARNING] It is recommended to use a private macro file (__init__.py:8)
[robosuite WARNING] To setup, run: python /home/fahim/Thesis_fahim/venv/lib/python3.12/site-packages/robosuite/scripts/setup_macros.py (__init__.py:9)
Gym has been unmaintained since 2022 and does not support NumPy 2.0 amongst other critical functionality.
Please upgrade to Gymnasium, the maintained drop-in replacement of Gym, or contact the authors of your software and request that they upgrade.
See the migration guide at https://gymnasium.farama.org/introduction/migration_guide/ for additional information.
Gym has been unmaintained since 2022 and does not support NumPy 2.0 amongst other critical functionality.
Please upgrade to Gymnasium, the maintained drop-in replacement of Gym, or contact the authors of your software and request that they upgrade.
See the migration guide at https://gymnasium.farama.org/introduction/migration_guide/ for additional information.
Gym has been unmaintained since 2022 and does not support NumPy 2.0 amongst other critical functionality.
Please upgrade to Gymnasium, the maintained drop-in replacement of Gym, or contact the authors of your software and request that they upgrade.
See the migration guide at https://gymnasium.farama.org/introduction/migration_guide/ for additional information.
Gym has been unmaintained since 2022 and does not support NumPy 2.0 amongst other critical functionality.
Please upgrade to Gymnasium, the maintained drop-in replacement of Gym, or contact the authors of your software and request that they upgrade.
See the migration guide at https://gymnasium.farama.org/introduction/migration_guide/ for additional information.
Gym has been unmaintained since 2022 and does not support NumPy 2.0 amongst other critical functionality.
Please upgrade to Gymnasium, the maintained drop-in replacement of Gym, or contact the authors of your software and request that they upgrade.
See the migration guide at https://gymnasium.farama.org/introduction/migration_guide/ for additional information.
/home/fahim/Thesis_fahim/venv/lib/python3.12/site-packages/gym/spaces/box.py:84: UserWarning: [33mWARN: Box bound precision lowered by casting to float32[0m
  logger.warn(f"Box bound precision lowered by casting to {self.dtype}")
/home/fahim/Thesis_fahim/venv/lib/python3.12/site-packages/gym/spaces/box.py:84: UserWarning: [33mWARN: Box bound precision lowered by casting to float32[0m
  logger.warn(f"Box bound precision lowered by casting to {self.dtype}")
/home/fahim/Thesis_fahim/venv/lib/python3.12/site-packages/gym/spaces/box.py:84: UserWarning: [33mWARN: Box bound precision lowered by casting to float32[0m
  logger.warn(f"Box bound precision lowered by casting to {self.dtype}")
/home/fahim/Thesis_fahim/venv/lib/python3.12/site-packages/gym/spaces/box.py:84: UserWarning: [33mWARN: Box bound precision lowered by casting to float32[0m
  logger.warn(f"Box bound precision lowered by casting to {self.dtype}")
/home/fahim/Thesis_fahim/venv/lib/python3.12/site-packages/gym/spaces/box.py:84: UserWarning: [33mWARN: Box bound precision lowered by casting to float32[0m
  logger.warn(f"Box bound precision lowered by casting to {self.dtype}")
Gym has been unmaintained since 2022 and does not support NumPy 2.0 amongst other critical functionality.
Please upgrade to Gymnasium, the maintained drop-in replacement of Gym, or contact the authors of your software and request that they upgrade.
See the migration guide at https://gymnasium.farama.org/introduction/migration_guide/ for additional information.
5 environments ready.

  Actor QAT           : per-tensor INT8 fake-quant, STE grads
  Actor weight clip   : |w| <= 8.0 * std(w) per Linear tensor (bi_s0 baseline fc1 9.96 / fc2 10.82)
Init: warm-started (actor only, critics fresh) (source: /home/fahim/Thesis_fahim/pickandplace/checkpoints/td3_grasp_rand_td3_ln_c2m512_s1/best)
Fresh replay buffer.

Training...

Ep    50 | score   29.46 | avg100    6.13 | grasp100   6.0% | best 0.000 |    121 st/s
    done(50): success=3 t_flicker=14 t_touched=14 t_no_reach=19
Ep   100 | score  -78.06 | avg100  -29.36 | grasp100   4.0% | best 0.000 |     53 st/s
    done(50): success=1 t_touched=4 t_no_reach=45
Ep   150 | score  -79.55 | avg100  -70.12 | grasp100   1.0% | best 0.000 |     44 st/s
    done(50): t_no_reach=50
Ep   200 | * BEST  level200=2.00 grasp200=  2.0% metric=0.020 | score  -76.97
Ep   250 | score  -58.04 | avg100  -67.37 | grasp100   0.0% | best 0.020 |     38 st/s
    done(50): t_flicker=3 t_touched=1 t_no_reach=46
Ep   300 | score  -77.93 | avg100  -59.01 | grasp100   0.0% | best 0.020 |     37 st/s
    done(50): t_flicker=2 t_no_reach=48
Ep   350 | score  -10.28 | avg100  -56.44 | grasp100   0.0% | best 0.020 |     37 st/s
    done(50): t_flicker=4 t_touched=5 t_no_reach=41
  [primacy-bias reset of critic heads @ 25000 updates]
Ep   400 | score  -77.95 | avg100  -53.14 | grasp100   0.0% | best 0.020 |     36 st/s
    done(50): t_flicker=2 t_touched=10 t_no_reach=38
Ep   450 | score  -79.99 | avg100  -61.55 | grasp100   0.0% | best 0.020 |     36 st/s
    done(50): t_no_reach=50
Ep   500 | score  -70.12 | avg100  -71.39 | grasp100   0.0% | best 0.020 |     35 st/s
    done(50): t_touched=2 t_no_reach=48
Ep   550 | score  -75.75 | avg100  -66.29 | grasp100   0.0% | best 0.020 |     35 st/s
    done(50): t_flicker=3 t_touched=6 t_no_reach=41
Ep   600 | score  -13.93 | avg100  -52.90 | grasp100   0.0% | best 0.020 |     35 st/s
    done(50): t_flicker=6 t_touched=7 t_no_reach=37
Ep   650 | score  -38.54 | avg100  -48.68 | grasp100   0.0% | best 0.020 |     34 st/s
    done(50): t_flicker=2 t_touched=2 t_no_reach=46
  [primacy-bias reset of critic heads @ 50000 updates]
Ep   700 | score  -75.02 | avg100  -52.12 | grasp100   0.0% | best 0.020 |     34 st/s
    done(50): t_flicker=3 t_touched=3 t_no_reach=44
Ep   750 | score  -70.46 | avg100  -58.18 | grasp100   0.0% | best 0.020 |     34 st/s
    done(50): t_touched=6 t_no_reach=44
Ep   800 | score   -0.67 | avg100  -52.24 | grasp100   0.0% | best 0.020 |     34 st/s
    done(50): t_flicker=2 t_touched=7 t_no_reach=41
Ep   850 | score    4.29 | avg100  -34.44 | grasp100   0.0% | best 0.020 |     34 st/s
    done(50): t_flicker=7 t_touched=17 t_no_reach=26
Ep   900 | score  -41.08 | avg100  -22.33 | grasp100   1.0% | best 0.020 |     34 st/s
    done(50): success=1 t_flicker=9 t_touched=12 t_no_reach=28
Ep   950 | score  -30.90 | avg100  -12.21 | grasp100   2.0% | best 0.020 |     34 st/s
    done(50): success=1 t_flicker=8 t_touched=19 t_no_reach=22
Ep  1000 | score  -31.68 | avg100  -13.77 | grasp100   2.0% | best 0.020 |     34 st/s
    done(50): success=1 t_flicker=4 t_touched=16 t_no_reach=29
  [primacy-bias reset of critic heads @ 75000 updates]
Ep  1050 | score  -63.35 | avg100  -40.13 | grasp100   1.0% | best 0.020 |     34 st/s
    done(50): t_flicker=1 t_touched=6 t_no_reach=43
Ep  1100 | score   75.36 | avg100  -35.06 | grasp100   0.0% | best 0.020 |     34 st/s
    done(50): t_flicker=10 t_touched=13 t_no_reach=27
Ep  1150 | score   90.66 | avg100    1.64 | grasp100   0.0% | best 0.020 |     33 st/s
    done(50): t_flicker=14 t_touched=15 t_no_reach=21
Ep  1200 | score  -26.17 | avg100   11.37 | grasp100   1.0% | best 0.020 |     33 st/s
    done(50): success=1 t_flicker=18 t_touched=13 t_no_reach=18
Ep  1250 | score   62.19 | avg100   11.80 | grasp100   2.0% | best 0.020 |     33 st/s
    done(50): success=1 t_flicker=15 t_touched=24 t_no_reach=10
Ep  1300 | score   45.71 | avg100   15.05 | grasp100   1.0% | best 0.020 |     33 st/s
    done(50): t_flicker=10 t_touched=25 t_no_reach=15
  [primacy-bias reset of critic heads @ 100000 updates]
Ep  1350 | score   32.83 | avg100   12.25 | grasp100   1.0% | best 0.020 |     33 st/s
    done(50): success=1 t_flicker=15 t_touched=17 t_no_reach=17
Ep  1400 | score   23.52 | avg100    6.59 | grasp100   1.0% | best 0.020 |     33 st/s
    done(50): t_flicker=18 t_touched=15 t_no_reach=17
Ep  1450 | score  124.28 | avg100   14.76 | grasp100   1.0% | best 0.020 |     33 st/s
    done(50): success=1 t_flicker=20 t_touched=14 t_no_reach=15
Ep  1500 | score   58.12 | avg100   23.17 | grasp100   2.0% | best 0.020 |     33 st/s
    done(50): success=1 t_flicker=20 t_touched=16 t_no_reach=13
Ep  1550 | score  -20.36 | avg100   34.64 | grasp100   3.0% | best 0.020 |     33 st/s
    done(50): success=2 t_flicker=24 t_touched=11 t_no_reach=13
Ep  1600 | score   58.02 | avg100   52.24 | grasp100   3.0% | best 0.020 |     33 st/s
    done(50): success=1 t_flicker=26 t_touched=19 t_no_reach=4
Ep  1650 | * BEST  level200=2.00 grasp200=  3.5% metric=0.035 | score  303.13
  [primacy-bias reset of critic heads @ 125000 updates]
Ep  1700 | score   -2.25 | avg100   63.22 | grasp100   6.0% | best 0.035 |     33 st/s
    done(50): success=3 t_flicker=23 t_touched=15 t_no_reach=9
Ep  1750 | score  -46.79 | avg100   35.59 | grasp100   3.0% | best 0.035 |     33 st/s
    done(50): t_flicker=20 t_touched=15 t_no_reach=15
Ep  1796 | * BEST  level200=2.00 grasp200=  5.0% metric=0.050 | score  209.65
Ep  1800 | score  154.51 | avg100   35.33 | grasp100   5.0% | best 0.050 |     33 st/s
    done(50): success=5 t_flicker=25 t_touched=14 t_no_reach=6
Ep  1850 | score   87.21 | avg100   52.55 | grasp100   6.0% | best 0.050 |     33 st/s
    done(50): success=1 t_flicker=32 t_touched=11 t_no_reach=6
Ep  1900 | score  -14.28 | avg100   48.81 | grasp100   2.0% | best 0.050 |     33 st/s
    done(50): success=1 t_flicker=32 t_touched=11 t_no_reach=6
Ep  1950 | score   47.02 | avg100   46.38 | grasp100   3.0% | best 0.050 |     33 st/s
    done(50): success=2 t_flicker=24 t_touched=20 t_no_reach=4
Ep  1978 | * BEST  level200=2.00 grasp200=  6.5% metric=0.065 | score  230.72
Ep  2000 | score  -30.62 | avg100   64.34 | grasp100  11.0% | best 0.065 |     33 st/s
    done(50): success=9 t_flicker=26 t_touched=12 t_no_reach=3
Ep  2024 | * BEST  level200=2.00 grasp200=  8.0% metric=0.080 | score  208.99
Ep  2042 | * BEST  level200=2.00 grasp200=  9.5% metric=0.095 | score  287.67
Ep  2050 | score  258.67 | avg100   79.60 | grasp100  16.0% | best 0.095 |     33 st/s
    done(50): success=7 t_flicker=24 t_touched=16 t_no_reach=3
Ep  2082 | * BEST  level200=2.00 grasp200= 11.0% metric=0.110 | score  207.67
  [primacy-bias reset of critic heads @ 150000 updates]
Ep  2100 | score    1.83 | avg100   71.94 | grasp100  13.0% | best 0.110 |     33 st/s
    done(50): success=6 t_flicker=28 t_touched=13 t_no_reach=3
Ep  2109 | * BEST  level200=2.00 grasp200= 12.5% metric=0.125 | score  204.00
Ep  2150 | score   29.55 | avg100   42.87 | grasp100   8.0% | best 0.125 |     33 st/s
    done(50): success=2 t_flicker=20 t_touched=15 t_no_reach=13
Ep  2200 | score  -45.16 | avg100   28.19 | grasp100   3.0% | best 0.125 |     33 st/s
    done(50): success=1 t_flicker=26 t_touched=20 t_no_reach=3
Ep  2250 | score    3.83 | avg100   39.18 | grasp100   2.0% | best 0.125 |     33 st/s
    done(50): success=1 t_flicker=29 t_touched=12 t_no_reach=8
Ep  2300 | score  196.76 | avg100   55.61 | grasp100   9.0% | best 0.125 |     33 st/s
    done(50): success=8 t_flicker=26 t_touched=13 t_no_reach=3
Ep  2350 | score   45.20 | avg100   59.12 | grasp100   8.0% | best 0.125 |     33 st/s
    done(50): t_flicker=29 t_touched=17 t_no_reach=4
Ep  2400 | score  203.81 | avg100   62.96 | grasp100   8.0% | best 0.125 |     33 st/s
    done(50): success=8 t_flicker=29 t_touched=10 t_no_reach=3
Ep  2450 | score   85.93 | avg100   80.54 | grasp100  18.0% | best 0.125 |     33 st/s
    done(50): success=10 t_flicker=26 t_touched=12 t_no_reach=2
Ep  2500 | score   66.85 | avg100   71.93 | grasp100  16.0% | best 0.125 |     33 st/s
    done(50): success=6 t_flicker=19 t_touched=20 t_no_reach=5
  [primacy-bias reset of critic heads @ 175000 updates]
Ep  2550 | score   61.82 | avg100   41.50 | grasp100   8.0% | best 0.125 |     33 st/s
    done(50): success=2 t_flicker=21 t_touched=13 t_no_reach=14
Ep  2600 | score  224.05 | avg100   28.38 | grasp100   5.0% | best 0.125 |     33 st/s
    done(50): success=3 t_flicker=28 t_touched=11 t_no_reach=8
Ep  2650 | score   61.66 | avg100   39.82 | grasp100   7.0% | best 0.125 |     33 st/s
    done(50): success=4 t_flicker=26 t_touched=12 t_no_reach=8
Ep  2700 | score   92.28 | avg100   58.52 | grasp100   9.0% | best 0.125 |     33 st/s
    done(50): success=5 t_flicker=31 t_touched=8 t_no_reach=6
Ep  2750 | score   60.92 | avg100   71.18 | grasp100  10.0% | best 0.125 |     33 st/s
    done(50): success=5 t_flicker=36 t_touched=7 t_no_reach=2
Ep  2800 | score  204.93 | avg100   75.46 | grasp100  12.0% | best 0.125 |     33 st/s
    done(50): success=7 t_flicker=27 t_touched=14 t_no_reach=2
Ep  2850 | score   61.76 | avg100   83.51 | grasp100  15.0% | best 0.125 |     33 st/s
    done(50): success=8 t_flicker=28 t_touched=9 t_no_reach=5
Ep  2868 | * BEST  level200=2.00 grasp200= 14.0% metric=0.140 | score  204.03
Ep  2900 | score  -44.12 | avg100   86.92 | grasp100  18.0% | best 0.140 |     33 st/s
    done(50): success=10 t_flicker=33 t_touched=7
Ep  2902 | * BEST  level200=2.00 grasp200= 15.5% metric=0.155 | score  208.38
Ep  2927 | * BEST  level200=2.00 grasp200= 17.0% metric=0.170 | score  300.80
  [primacy-bias reset of critic heads @ 200000 updates]
Ep  2950 | score  202.61 | avg100   88.91 | grasp100  19.0% | best 0.170 |     33 st/s
    done(50): success=9 t_flicker=28 t_touched=11 t_no_reach=2
Ep  3000 | score   16.76 | avg100   53.05 | grasp100  10.0% | best 0.170 |     32 st/s
    done(50): success=1 t_flicker=21 t_touched=17 t_no_reach=11
Ep  3050 | score  -41.79 | avg100   18.27 | grasp100   2.0% | best 0.170 |     32 st/s
    done(50): success=1 t_flicker=22 t_touched=14 t_no_reach=13
Ep  3100 | score   93.97 | avg100   44.73 | grasp100   7.0% | best 0.170 |     32 st/s
    done(50): success=6 t_flicker=27 t_touched=13 t_no_reach=4
Ep  3150 | score  143.81 | avg100   74.32 | grasp100  12.0% | best 0.170 |     32 st/s
    done(50): success=6 t_flicker=29 t_touched=12 t_no_reach=3
Ep  3200 | score  210.48 | avg100   74.98 | grasp100  10.0% | best 0.170 |     32 st/s
    done(50): success=4 t_flicker=31 t_touched=12 t_no_reach=3
Ep  3250 | score   89.04 | avg100   74.70 | grasp100  11.0% | best 0.170 |     32 st/s
    done(50): success=7 t_flicker=27 t_touched=12 t_no_reach=4
Ep  3300 | score   93.38 | avg100   79.12 | grasp100  18.0% | best 0.170 |     32 st/s
    done(50): success=11 t_flicker=24 t_touched=10 t_no_reach=5
Ep  3350 | score   31.87 | avg100   76.30 | grasp100  18.0% | best 0.170 |     32 st/s
    done(50): success=7 t_flicker=27 t_touched=14 t_no_reach=2
  [primacy-bias reset of critic heads @ 225000 updates]
Ep  3400 | score   18.67 | avg100   59.50 | grasp100  11.0% | best 0.170 |     32 st/s
    done(50): success=4 t_flicker=21 t_touched=14 t_no_reach=11
Ep  3450 | score  -25.99 | avg100   44.50 | grasp100   7.0% | best 0.170 |     32 st/s
    done(50): success=3 t_flicker=26 t_touched=12 t_no_reach=9
Ep  3500 | score   99.28 | avg100   53.68 | grasp100  10.0% | best 0.170 |     32 st/s
    done(50): success=7 t_flicker=26 t_touched=12 t_no_reach=5
Ep  3550 | score  218.25 | avg100   69.43 | grasp100  15.0% | best 0.170 |     32 st/s
    done(50): success=8 t_flicker=23 t_touched=16 t_no_reach=3
Ep  3600 | score   12.52 | avg100   67.61 | grasp100  14.0% | best 0.170 |     32 st/s
    done(50): success=6 t_flicker=22 t_touched=17 t_no_reach=5
Ep  3650 | score  170.80 | avg100   64.24 | grasp100  11.0% | best 0.170 |     32 st/s
    done(50): success=5 t_flicker=30 t_touched=14 t_no_reach=1
Ep  3700 | score   95.79 | avg100   72.84 | grasp100  13.0% | best 0.170 |     32 st/s
    done(50): success=8 t_flicker=22 t_touched=15 t_no_reach=5
Ep  3750 | score  115.33 | avg100   76.36 | grasp100  18.0% | best 0.170 |     32 st/s
    done(50): success=10 t_flicker=23 t_touched=14 t_no_reach=3
Ep  3800 | score   70.58 | avg100   76.50 | grasp100  18.0% | best 0.170 |     32 st/s
    done(50): success=8 t_flicker=25 t_touched=12 t_no_reach=5
  [primacy-bias reset of critic heads @ 250000 updates]
Ep  3850 | score   -3.90 | avg100   58.55 | grasp100  11.0% | best 0.170 |     32 st/s
    done(50): success=3 t_flicker=19 t_touched=18 t_no_reach=10
Ep  3900 | score  -22.22 | avg100   35.81 | grasp100   5.0% | best 0.170 |     32 st/s
    done(50): success=2 t_flicker=23 t_touched=17 t_no_reach=8
Ep  3950 | score  -73.44 | avg100   44.08 | grasp100   7.0% | best 0.170 |     32 st/s
    done(50): success=5 t_flicker=28 t_touched=11 t_no_reach=6
Ep  4000 | score   52.07 | avg100   64.58 | grasp100  15.0% | best 0.170 |     32 st/s
    done(50): success=10 t_flicker=25 t_touched=11 t_no_reach=4
Ep  4050 | score  122.11 | avg100   72.27 | grasp100  16.0% | best 0.170 |     32 st/s
    done(50): success=6 t_flicker=27 t_touched=15 t_no_reach=2
Ep  4100 | score  130.27 | avg100   83.22 | grasp100  14.0% | best 0.170 |     32 st/s
    done(50): success=8 t_flicker=27 t_touched=13 t_no_reach=2
Ep  4150 | score   48.15 | avg100   87.59 | grasp100  16.0% | best 0.170 |     32 st/s
    done(50): success=8 t_flicker=28 t_touched=9 t_no_reach=5
Ep  4200 | score   55.58 | avg100   79.87 | grasp100  16.0% | best 0.170 |     32 st/s
    done(50): success=8 t_flicker=27 t_touched=13 t_no_reach=2
Ep  4250 | * BEST  level200=2.00 grasp200= 18.5% metric=0.185 | score  205.76
Ep  4260 | * BEST  level200=2.00 grasp200= 20.0% metric=0.200 | score  207.29
Ep  4270 | * BEST  level200=2.00 grasp200= 21.5% metric=0.215 | score  206.82
  [primacy-bias reset of critic heads @ 275000 updates]
Ep  4300 | score   45.18 | avg100   96.57 | grasp100  23.0% | best 0.215 |     32 st/s
    done(50): success=10 t_flicker=30 t_touched=8 t_no_reach=2
Ep  4350 | score  -30.27 | avg100   74.35 | grasp100  15.0% | best 0.215 |     32 st/s
    done(50): success=5 t_flicker=30 t_touched=11 t_no_reach=4
Ep  4400 | score   68.43 | avg100   69.40 | grasp100  14.0% | best 0.215 |     32 st/s
    done(50): success=9 t_flicker=33 t_touched=7 t_no_reach=1
Ep  4450 | score  117.46 | avg100   84.38 | grasp100  16.0% | best 0.215 |     32 st/s
    done(50): success=7 t_flicker=26 t_touched=13 t_no_reach=4
Ep  4500 | score  100.71 | avg100   93.60 | grasp100  19.0% | best 0.215 |     32 st/s
    done(50): success=12 t_flicker=31 t_touched=4 t_no_reach=3
Ep  4537 | * BEST  level200=2.00 grasp200= 23.0% metric=0.230 | score  205.27
Ep  4550 | score   99.64 | avg100  113.77 | grasp100  31.0% | best 0.230 |     32 st/s
    done(50): success=19 t_flicker=20 t_touched=9 t_no_reach=2
Ep  4572 | * BEST  level200=2.00 grasp200= 24.5% metric=0.245 | score  206.87
Ep  4600 | score   23.16 | avg100  112.09 | grasp100  30.0% | best 0.245 |     32 st/s
    done(50): success=11 t_flicker=31 t_touched=6 t_no_reach=2
Ep  4629 | * BEST  level200=2.00 grasp200= 26.0% metric=0.260 | score  207.07
Ep  4650 | score  114.91 | avg100   94.74 | grasp100  21.0% | best 0.260 |     32 st/s
    done(50): success=10 t_flicker=29 t_touched=10 t_no_reach=1
Ep  4700 | score   78.68 | avg100   98.53 | grasp100  22.0% | best 0.260 |     32 st/s
    done(50): success=12 t_flicker=30 t_touched=8
Ep  4750 | score  248.17 | avg100  103.47 | grasp100  26.0% | best 0.260 |     32 st/s
    done(50): success=14 t_flicker=20 t_touched=12 t_no_reach=4
Ep  4800 | score  -22.83 | avg100  102.33 | grasp100  26.0% | best 0.260 |     32 st/s
    done(50): success=12 t_flicker=25 t_touched=12 t_no_reach=1
  [primacy-bias reset of critic heads @ 300000 updates]
Ep  4850 | score  -68.26 | avg100   96.31 | grasp100  25.0% | best 0.260 |     32 st/s
    done(50): success=13 t_flicker=19 t_touched=16 t_no_reach=2
Ep  4900 | score  101.92 | avg100   81.76 | grasp100  20.0% | best 0.260 |     32 st/s
    done(50): success=7 t_flicker=28 t_touched=13 t_no_reach=2
Ep  4950 | score  208.85 | avg100   74.61 | grasp100  16.0% | best 0.260 |     32 st/s
    done(50): success=9 t_flicker=27 t_touched=9 t_no_reach=5
Ep  5000 | score   42.02 | avg100   89.81 | grasp100  23.0% | best 0.260 |     32 st/s
    done(50): success=14 t_flicker=24 t_touched=9 t_no_reach=3
Ep  5050 | score  133.50 | avg100  105.02 | grasp100  26.0% | best 0.260 |     32 st/s
    done(50): success=12 t_flicker=29 t_touched=9
Ep  5100 | score  210.86 | avg100   98.96 | grasp100  20.0% | best 0.260 |     32 st/s
    done(50): success=8 t_flicker=31 t_touched=11
Ep  5150 | score   49.55 | avg100   92.36 | grasp100  19.0% | best 0.260 |     32 st/s
    done(50): success=11 t_flicker=26 t_touched=11 t_no_reach=2
Ep  5200 | score  206.86 | avg100  102.00 | grasp100  26.0% | best 0.260 |     32 st/s
    done(50): success=15 t_flicker=24 t_touched=10 t_no_reach=1
Ep  5250 | score   72.91 | avg100  112.20 | grasp100  30.0% | best 0.260 |     32 st/s
    done(50): success=15 t_flicker=27 t_touched=6 t_no_reach=2
Ep  5281 | * BEST  level200=2.00 grasp200= 27.5% metric=0.275 | score  207.56
Ep  5300 | score  207.67 | avg100  111.98 | grasp100  30.0% | best 0.275 |     32 st/s
    done(50): success=15 t_flicker=25 t_touched=10
Ep  5305 | * BEST  level200=2.00 grasp200= 29.0% metric=0.290 | score  210.34
Ep  5350 | score   60.72 | avg100  110.42 | grasp100  26.0% | best 0.290 |     32 st/s
    done(50): success=11 t_flicker=32 t_touched=7
  [primacy-bias reset of critic heads @ 325000 updates]
Ep  5400 | score  202.04 | avg100   96.20 | grasp100  18.0% | best 0.290 |     32 st/s
    done(50): success=7 t_flicker=30 t_touched=9 t_no_reach=4
Ep  5450 | score  117.58 | avg100   68.89 | grasp100  10.0% | best 0.290 |     32 st/s
    done(50): success=3 t_flicker=28 t_touched=12 t_no_reach=7
Ep  5500 | score  143.74 | avg100   69.47 | grasp100  13.0% | best 0.290 |     32 st/s
    done(50): success=10 t_flicker=27 t_touched=11 t_no_reach=2
Ep  5550 | score   32.74 | avg100   91.00 | grasp100  23.0% | best 0.290 |     32 st/s
    done(50): success=13 t_flicker=30 t_touched=6 t_no_reach=1
Ep  5600 | score  117.78 | avg100  105.96 | grasp100  24.0% | best 0.290 |     32 st/s
    done(50): success=11 t_flicker=33 t_touched=6
Ep  5650 | score  153.94 | avg100  108.49 | grasp100  23.0% | best 0.290 |     32 st/s
    done(50): success=12 t_flicker=32 t_touched=6
Ep  5700 | score  129.43 | avg100  108.96 | grasp100  28.0% | best 0.290 |     32 st/s
    done(50): success=16 t_flicker=27 t_touched=5 t_no_reach=2
Ep  5750 | score   57.17 | avg100  114.60 | grasp100  31.0% | best 0.290 |     32 st/s
    done(50): success=15 t_flicker=31 t_touched=3 t_no_reach=1
Ep  5800 | score  209.62 | avg100  114.98 | grasp100  27.0% | best 0.290 |     32 st/s
    done(50): success=12 t_flicker=29 t_touched=7 t_no_reach=2
Ep  5850 | score   14.66 | avg100  105.97 | grasp100  21.0% | best 0.290 |     32 st/s
    done(50): success=9 t_flicker=30 t_touched=9 t_no_reach=2
Ep  5900 | score  205.75 | avg100  101.82 | grasp100  25.0% | best 0.290 |     32 st/s
    done(50): success=16 t_flicker=23 t_touched=8 t_no_reach=3
  [primacy-bias reset of critic heads @ 350000 updates]
Ep  5950 | score   12.58 | avg100   89.83 | grasp100  25.0% | best 0.290 |     32 st/s
    done(50): success=9 t_flicker=22 t_touched=10 t_no_reach=9
Ep  6000 | score   64.87 | avg100   71.06 | grasp100  16.0% | best 0.290 |     32 st/s
    done(50): success=7 t_flicker=35 t_touched=8
Ep  6050 | score  -10.82 | avg100   69.00 | grasp100  11.0% | best 0.290 |     32 st/s
    done(50): success=4 t_flicker=35 t_touched=8 t_no_reach=3
Ep  6100 | score   58.38 | avg100   87.61 | grasp100  15.0% | best 0.290 |     32 st/s
    done(50): success=11 t_flicker=32 t_touched=7
Ep  6150 | score  211.58 | avg100  117.89 | grasp100  30.0% | best 0.290 |     32 st/s
    done(50): success=19 t_flicker=20 t_touched=9 t_no_reach=2
Ep  6200 | score   61.54 | avg100  119.42 | grasp100  34.0% | best 0.290 |     32 st/s
    done(50): success=15 t_flicker=26 t_touched=7 t_no_reach=2
Ep  6250 | score  210.19 | avg100  111.86 | grasp100  29.0% | best 0.290 |     32 st/s
    done(50): success=14 t_flicker=26 t_touched=9 t_no_reach=1
Ep  6258 | * BEST  level200=2.00 grasp200= 30.5% metric=0.305 | score  205.18
Ep  6291 | * BEST  level200=2.00 grasp200= 32.0% metric=0.320 | score  210.89
Ep  6300 | score   71.27 | avg100  115.84 | grasp100  30.0% | best 0.320 |     32 st/s
    done(50): success=16 t_flicker=24 t_touched=9 t_no_reach=1
Ep  6350 | score   55.24 | avg100  119.13 | grasp100  32.0% | best 0.320 |     32 st/s
    done(50): success=16 t_flicker=26 t_touched=7 t_no_reach=1
Ep  6400 | score   56.74 | avg100  117.07 | grasp100  31.0% | best 0.320 |     32 st/s
    done(50): success=15 t_flicker=26 t_touched=6 t_no_reach=3
Ep  6450 | score   51.36 | avg100  112.84 | grasp100  30.0% | best 0.320 |     32 st/s
    done(50): success=15 t_flicker=28 t_touched=6 t_no_reach=1
Ep  6461 | * BEST  level200=2.00 grasp200= 33.5% metric=0.335 | score  207.79
Ep  6500 | score   45.95 | avg100  129.65 | grasp100  37.0% | best 0.335 |     32 st/s
    done(50): success=22 t_flicker=22 t_touched=6
  [primacy-bias reset of critic heads @ 375000 updates]
Ep  6550 | score  -16.42 | avg100   99.13 | grasp100  29.0% | best 0.335 |     32 st/s
    done(50): success=7 t_flicker=23 t_touched=11 t_no_reach=9
Ep  6600 | score   56.07 | avg100   64.92 | grasp100  15.0% | best 0.335 |     32 st/s
    done(50): success=8 t_flicker=32 t_touched=9 t_no_reach=1
Ep  6650 | score   76.20 | avg100   84.67 | grasp100  22.0% | best 0.335 |     32 st/s
    done(50): success=14 t_flicker=31 t_touched=4 t_no_reach=1
Ep  6700 | score   91.24 | avg100  104.39 | grasp100  32.0% | best 0.335 |     32 st/s
    done(50): success=18 t_flicker=25 t_touched=6 t_no_reach=1
Ep  6750 | score  104.99 | avg100  117.25 | grasp100  27.0% | best 0.335 |     32 st/s
    done(50): success=9 t_flicker=34 t_touched=7
Ep  6800 | score  126.19 | avg100  116.16 | grasp100  26.0% | best 0.335 |     32 st/s
    done(50): success=17 t_flicker=28 t_touched=5
Ep  6850 | score  209.71 | avg100  113.56 | grasp100  33.0% | best 0.335 |     32 st/s
    done(50): success=16 t_flicker=30 t_touched=3 t_no_reach=1
Ep  6900 | score   59.89 | avg100  111.75 | grasp100  30.0% | best 0.335 |     32 st/s
    done(50): success=14 t_flicker=28 t_touched=6 t_no_reach=2
Ep  6950 | score   92.58 | avg100  117.80 | grasp100  33.0% | best 0.335 |     32 st/s
    done(50): success=19 t_flicker=23 t_touched=8
Ep  7000 | score  207.42 | avg100  121.75 | grasp100  36.0% | best 0.335 |     32 st/s
    done(50): success=17 t_flicker=27 t_touched=5 t_no_reach=1
Ep  7013 | * BEST  level200=2.00 grasp200= 35.0% metric=0.350 | score  206.46
Ep  7050 | score  206.51 | avg100  131.41 | grasp100  33.0% | best 0.350 |     32 st/s
    done(50): success=16 t_flicker=27 t_touched=6 t_no_reach=1
  [primacy-bias reset of critic heads @ 400000 updates]
Ep  7100 | score  -70.82 | avg100  124.37 | grasp100  29.0% | best 0.350 |     32 st/s
    done(50): success=13 t_flicker=25 t_touched=9 t_no_reach=3
Ep  7150 | score  118.64 | avg100   87.50 | grasp100  21.0% | best 0.350 |     32 st/s
    done(50): success=8 t_flicker=28 t_touched=11 t_no_reach=3
Ep  7200 | score   92.76 | avg100   70.75 | grasp100  15.0% | best 0.350 |     32 st/s
    done(50): success=7 t_flicker=36 t_touched=4 t_no_reach=3
Ep  7250 | score   61.57 | avg100   87.02 | grasp100  20.0% | best 0.350 |     32 st/s
    done(50): success=13 t_flicker=31 t_touched=5 t_no_reach=1
Ep  7300 | score  113.71 | avg100  101.11 | grasp100  31.0% | best 0.350 |     32 st/s
    done(50): success=18 t_flicker=25 t_touched=5 t_no_reach=2
Ep  7350 | score   57.24 | avg100   93.46 | grasp100  29.0% | best 0.350 |     32 st/s
    done(50): success=11 t_flicker=27 t_touched=10 t_no_reach=2
Ep  7400 | score   85.12 | avg100  104.51 | grasp100  28.0% | best 0.350 |     32 st/s
    done(50): success=17 t_flicker=29 t_touched=3 t_no_reach=1
Ep  7450 | score   56.28 | avg100  126.06 | grasp100  40.0% | best 0.350 |     32 st/s
    done(50): success=23 t_flicker=25 t_touched=2
Ep  7500 | score  208.54 | avg100  128.48 | grasp100  42.0% | best 0.350 |     32 st/s
    done(50): success=19 t_flicker=30 t_touched=1
Ep  7507 | * BEST  level200=2.00 grasp200= 36.5% metric=0.365 | score  207.15
Ep  7511 | * BEST  level200=2.00 grasp200= 38.0% metric=0.380 | score  206.01
Ep  7522 | * BEST  level200=2.00 grasp200= 39.5% metric=0.395 | score  208.38
Ep  7530 | * BEST  level200=2.00 grasp200= 41.0% metric=0.410 | score  229.27
Ep  7550 | score   89.61 | avg100  134.18 | grasp100  42.0% | best 0.410 |     32 st/s
    done(50): success=23 t_flicker=21 t_touched=4 t_no_reach=2
Ep  7574 | * BEST  level200=2.00 grasp200= 42.5% metric=0.425 | score  207.03
Ep  7600 | score  120.41 | avg100  128.25 | grasp100  42.0% | best 0.425 |     32 st/s
    done(50): success=19 t_flicker=20 t_touched=11
Ep  7650 | score  149.01 | avg100  124.36 | grasp100  39.0% | best 0.425 |     32 st/s
    done(50): success=20 t_flicker=26 t_touched=4
Ep  7700 | score  132.92 | avg100  121.29 | grasp100  34.0% | best 0.425 |     32 st/s
    done(50): success=14 t_flicker=27 t_touched=8 t_no_reach=1
  [primacy-bias reset of critic heads @ 425000 updates]
Ep  7750 | score   46.86 | avg100  102.49 | grasp100  24.0% | best 0.425 |     32 st/s
    done(50): success=10 t_flicker=28 t_touched=10 t_no_reach=2
Ep  7800 | score  -56.14 | avg100   91.33 | grasp100  22.0% | best 0.425 |     32 st/s
    done(50): success=12 t_flicker=26 t_touched=7 t_no_reach=5
Ep  7850 | score  100.54 | avg100   94.08 | grasp100  24.0% | best 0.425 |     32 st/s
    done(50): success=12 t_flicker=28 t_touched=8 t_no_reach=2
Ep  7900 | score   63.22 | avg100  110.15 | grasp100  28.0% | best 0.425 |     32 st/s
    done(50): success=16 t_flicker=30 t_touched=4
Ep  7950 | score   82.28 | avg100  113.19 | grasp100  30.0% | best 0.425 |     32 st/s
    done(50): success=14 t_flicker=27 t_touched=6 t_no_reach=3
Ep  8000 | score   80.13 | avg100  109.73 | grasp100  32.0% | best 0.425 |     32 st/s
    done(50): success=18 t_flicker=28 t_touched=4
Ep  8050 | score  206.00 | avg100  118.50 | grasp100  38.0% | best 0.425 |     32 st/s
    done(50): success=20 t_flicker=24 t_touched=5 t_no_reach=1
Ep  8100 | score   72.68 | avg100  130.57 | grasp100  42.0% | best 0.425 |     32 st/s
    done(50): success=22 t_flicker=25 t_touched=3
Ep  8150 | score  207.36 | avg100  135.23 | grasp100  47.0% | best 0.425 |     32 st/s
    done(50): success=25 t_flicker=19 t_touched=6
Ep  8184 | * BEST  level200=2.00 grasp200= 44.0% metric=0.440 | score  207.25
Ep  8191 | * BEST  level200=2.00 grasp200= 45.5% metric=0.455 | score  207.53
Ep  8200 | * BEST  level200=2.00 grasp200= 47.0% metric=0.470 | score  206.53
Ep  8217 | * BEST  level200=2.00 grasp200= 48.5% metric=0.485 | score  204.91
Ep  8230 | * BEST  level200=2.00 grasp200= 50.0% metric=0.500 | score  205.30
Ep  8250 | score  180.95 | avg100  139.11 | grasp100  48.0% | best 0.500 |     32 st/s
    done(50): success=21 t_flicker=22 t_touched=6 t_no_reach=1
Ep  8300 | score  105.66 | avg100  133.76 | grasp100  37.0% | best 0.500 |     32 st/s
    done(50): success=16 t_flicker=29 t_touched=5
Ep  8350 | score  212.05 | avg100  125.15 | grasp100  34.0% | best 0.500 |     32 st/s
    done(50): success=18 t_flicker=27 t_touched=4 t_no_reach=1
  [primacy-bias reset of critic heads @ 450000 updates]
Ep  8400 | score   -5.50 | avg100   93.12 | grasp100  26.0% | best 0.500 |     32 st/s
    done(50): success=8 t_flicker=22 t_touched=15 t_no_reach=5
Ep  8450 | score  251.38 | avg100   85.58 | grasp100  25.0% | best 0.500 |     32 st/s
    done(50): success=17 t_flicker=26 t_touched=4 t_no_reach=3
Ep  8500 | score  -68.55 | avg100  100.73 | grasp100  31.0% | best 0.500 |     32 st/s
    done(50): success=14 t_flicker=29 t_touched=6 t_no_reach=1
Ep  8550 | score  210.68 | avg100   96.42 | grasp100  28.0% | best 0.500 |     32 st/s
    done(50): success=14 t_flicker=27 t_touched=6 t_no_reach=3
Ep  8600 | score   71.60 | avg100  110.44 | grasp100  34.0% | best 0.500 |     32 st/s
    done(50): success=20 t_flicker=22 t_touched=7 t_no_reach=1
Ep  8650 | score   67.97 | avg100  108.65 | grasp100  34.0% | best 0.500 |     32 st/s
    done(50): success=14 t_flicker=31 t_touched=3 t_no_reach=2
Ep  8700 | score  206.89 | avg100  104.69 | grasp100  31.0% | best 0.500 |     32 st/s
    done(50): success=17 t_flicker=24 t_touched=8 t_no_reach=1
Ep  8750 | score   87.85 | avg100  129.75 | grasp100  41.0% | best 0.500 |     32 st/s
    done(50): success=24 t_flicker=25 t_no_reach=1
Ep  8800 | score   59.60 | avg100  134.77 | grasp100  44.0% | best 0.500 |     32 st/s
    done(50): success=20 t_flicker=27 t_touched=3
Ep  8850 | score   60.80 | avg100  129.01 | grasp100  42.0% | best 0.500 |     32 st/s
    done(50): success=22 t_flicker=23 t_touched=5
Ep  8900 | score  207.99 | avg100  126.20 | grasp100  41.0% | best 0.500 |     32 st/s
    done(50): success=19 t_flicker=24 t_touched=7
Ep  8950 | score  205.31 | avg100  126.45 | grasp100  41.0% | best 0.500 |     32 st/s
    done(50): success=22 t_flicker=23 t_touched=3 t_no_reach=2
Ep  9000 | score  -25.01 | avg100  130.83 | grasp100  42.0% | best 0.500 |     32 st/s
    done(50): success=20 t_flicker=27 t_touched=3
  [primacy-bias reset of critic heads @ 475000 updates]
Ep  9050 | score   -8.76 | avg100  117.55 | grasp100  38.0% | best 0.500 |     32 st/s
    done(50): success=18 t_flicker=23 t_touched=6 t_no_reach=3
Ep  9100 | score   86.71 | avg100   80.41 | grasp100  23.0% | best 0.500 |     32 st/s
    done(50): success=5 t_flicker=27 t_touched=9 t_no_reach=9
Ep  9150 | score  -28.22 | avg100   72.28 | grasp100  13.0% | best 0.500 |     32 st/s
    done(50): success=8 t_flicker=27 t_touched=13 t_no_reach=2
Ep  9200 | score  217.00 | avg100  101.35 | grasp100  23.0% | best 0.500 |     32 st/s
    done(50): success=15 t_flicker=29 t_touched=6
Ep  9250 | score   60.04 | avg100  116.75 | grasp100  35.0% | best 0.500 |     32 st/s
    done(50): success=20 t_flicker=27 t_touched=2 t_no_reach=1
Ep  9300 | score  205.97 | avg100  114.01 | grasp100  33.0% | best 0.500 |     32 st/s
    done(50): success=13 t_flicker=27 t_touched=10
Ep  9350 | score  208.10 | avg100  117.88 | grasp100  32.0% | best 0.500 |     32 st/s
    done(50): success=19 t_flicker=28 t_touched=2 t_no_reach=1
Ep  9400 | score  216.27 | avg100  127.68 | grasp100  40.0% | best 0.500 |     32 st/s
    done(50): success=21 t_flicker=22 t_touched=7
Ep  9450 | score  106.48 | avg100  125.22 | grasp100  40.0% | best 0.500 |     32 st/s
    done(50): success=19 t_flicker=27 t_touched=2 t_no_reach=2
Ep  9500 | score   41.89 | avg100  126.12 | grasp100  38.0% | best 0.500 |     32 st/s
    done(50): success=19 t_flicker=26 t_touched=4 t_no_reach=1
Ep  9550 | score   63.86 | avg100  141.45 | grasp100  46.0% | best 0.500 |     32 st/s
    done(50): success=27 t_flicker=20 t_touched=3
Ep  9600 | score  222.63 | avg100  143.72 | grasp100  48.0% | best 0.500 |     32 st/s
    done(50): success=21 t_flicker=27 t_touched=2
Ep  9650 | score   76.74 | avg100  133.56 | grasp100  39.0% | best 0.500 |     32 st/s
    done(50): success=18 t_flicker=30 t_touched=2
Ep  9700 | score  206.29 | avg100  133.00 | grasp100  38.0% | best 0.500 |     32 st/s
    done(50): success=20 t_flicker=26 t_touched=4
  [primacy-bias reset of critic heads @ 500000 updates]
Ep  9750 | score  133.50 | avg100  101.12 | grasp100  30.0% | best 0.500 |     32 st/s
    done(50): success=10 t_flicker=24 t_touched=14 t_no_reach=2
Ep  9800 | score   59.64 | avg100   83.39 | grasp100  25.0% | best 0.500 |     32 st/s
    done(50): success=15 t_flicker=24 t_touched=11
Ep  9850 | score   54.27 | avg100  108.25 | grasp100  35.0% | best 0.500 |     32 st/s
    done(50): success=20 t_flicker=24 t_touched=4 t_no_reach=2
Ep  9900 | score  120.87 | avg100  115.57 | grasp100  33.0% | best 0.500 |     32 st/s
    done(50): success=13 t_flicker=29 t_touched=7 t_no_reach=1
Ep  9950 | score  206.90 | avg100  115.46 | grasp100  30.0% | best 0.500 |     32 st/s
    done(50): success=17 t_flicker=30 t_touched=3
Ep 10000 | score   54.92 | avg100  116.34 | grasp100  32.0% | best 0.500 |     32 st/s
    done(50): success=15 t_flicker=28 t_touched=7
Ep 10050 | score  199.24 | avg100  117.21 | grasp100  32.0% | best 0.500 |     32 st/s
    done(50): success=17 t_flicker=26 t_touched=5 t_no_reach=2
Ep 10100 | score  143.04 | avg100  124.40 | grasp100  36.0% | best 0.500 |     32 st/s
    done(50): success=19 t_flicker=23 t_touched=7 t_no_reach=1
Ep 10150 | score  205.55 | avg100  126.97 | grasp100  38.0% | best 0.500 |     32 st/s
    done(50): success=19 t_flicker=30 t_touched=1
Ep 10200 | score   71.61 | avg100  125.81 | grasp100  42.0% | best 0.500 |     32 st/s
    done(50): success=23 t_flicker=23 t_touched=4
Ep 10250 | score  209.61 | avg100  116.36 | grasp100  37.0% | best 0.500 |     32 st/s
    done(50): success=14 t_flicker=26 t_touched=7 t_no_reach=3
Ep 10300 | score  124.87 | avg100  108.51 | grasp100  32.0% | best 0.500 |     32 st/s
    done(50): success=18 t_flicker=20 t_touched=7 t_no_reach=5
Ep 10350 | score  275.73 | avg100  132.08 | grasp100  45.0% | best 0.500 |     32 st/s
    done(50): success=27 t_flicker=17 t_touched=6
Ep 10400 | score   58.60 | avg100  145.05 | grasp100  47.0% | best 0.500 |     32 st/s
    done(50): success=20 t_flicker=22 t_touched=7 t_no_reach=1
  [primacy-bias reset of critic heads @ 525000 updates]
Ep 10450 | score  209.12 | avg100  119.73 | grasp100  38.0% | best 0.500 |     32 st/s
    done(50): success=18 t_flicker=18 t_touched=10 t_no_reach=4
Ep 10500 | score   65.11 | avg100   97.91 | grasp100  33.0% | best 0.500 |     32 st/s
    done(50): success=15 t_flicker=22 t_touched=9 t_no_reach=4
Ep 10550 | score  221.20 | avg100  100.47 | grasp100  32.0% | best 0.500 |     32 st/s
    done(50): success=17 t_flicker=27 t_touched=5 t_no_reach=1
Ep 10600 | score  210.34 | avg100  112.25 | grasp100  32.0% | best 0.500 |     32 st/s
    done(50): success=15 t_flicker=29 t_touched=6
Ep 10650 | score   61.26 | avg100  120.56 | grasp100  37.0% | best 0.500 |     32 st/s
    done(50): success=22 t_flicker=22 t_touched=5 t_no_reach=1
Ep 10700 | score   57.87 | avg100  119.07 | grasp100  36.0% | best 0.500 |     32 st/s
    done(50): success=14 t_flicker=29 t_touched=5 t_no_reach=2
Ep 10750 | score  223.33 | avg100  118.97 | grasp100  34.0% | best 0.500 |     32 st/s
    done(50): success=20 t_flicker=22 t_touched=6 t_no_reach=2
Ep 10800 | score  205.79 | avg100  133.37 | grasp100  44.0% | best 0.500 |     32 st/s
    done(50): success=24 t_flicker=22 t_touched=3 t_no_reach=1
Ep 10850 | score  227.83 | avg100  138.34 | grasp100  47.0% | best 0.500 |     32 st/s
    done(50): success=23 t_flicker=25 t_touched=2
Ep 10900 | score  126.89 | avg100  126.05 | grasp100  38.0% | best 0.500 |     32 st/s
    done(50): success=15 t_flicker=32 t_touched=3
Ep 10950 | score   57.23 | avg100  127.25 | grasp100  38.0% | best 0.500 |     32 st/s
    done(50): success=23 t_flicker=24 t_touched=3
Ep 11000 | score   60.44 | avg100  124.14 | grasp100  41.0% | best 0.500 |     32 st/s
    done(50): success=18 t_flicker=23 t_touched=7 t_no_reach=2
Ep 11050 | score   94.98 | avg100  126.19 | grasp100  44.0% | best 0.500 |     32 st/s
    done(50): success=26 t_flicker=21 t_touched=3
Ep 11100 | score  117.03 | avg100  134.92 | grasp100  42.0% | best 0.500 |     32 st/s
    done(50): success=16 t_flicker=27 t_touched=6 t_no_reach=1
  [primacy-bias reset of critic heads @ 550000 updates]
Ep 11150 | score  200.20 | avg100  121.72 | grasp100  37.0% | best 0.500 |     32 st/s
    done(50): success=21 t_flicker=19 t_touched=4 t_no_reach=6
Ep 11200 | score   39.21 | avg100   92.04 | grasp100  34.0% | best 0.500 |     32 st/s
    done(50): success=13 t_flicker=13 t_touched=19 t_no_reach=5
Ep 11250 | score   63.43 | avg100   84.71 | grasp100  29.0% | best 0.500 |     32 st/s
    done(50): success=16 t_flicker=29 t_touched=3 t_no_reach=2
Ep 11300 | score  207.39 | avg100  114.89 | grasp100  36.0% | best 0.500 |     32 st/s
    done(50): success=20 t_flicker=24 t_touched=6
Ep 11350 | score  127.01 | avg100  124.28 | grasp100  39.0% | best 0.500 |     32 st/s
    done(50): success=19 t_flicker=26 t_touched=4 t_no_reach=1
Ep 11400 | score  210.10 | avg100  118.67 | grasp100  36.0% | best 0.500 |     32 st/s
    done(50): success=17 t_flicker=30 t_touched=3
Ep 11450 | score  208.97 | avg100  121.82 | grasp100  35.0% | best 0.500 |     32 st/s
    done(50): success=18 t_flicker=25 t_touched=7
Ep 11500 | score  206.17 | avg100  139.08 | grasp100  45.0% | best 0.500 |     32 st/s
    done(50): success=27 t_flicker=20 t_touched=3
Ep 11550 | score   84.92 | avg100  141.67 | grasp100  51.0% | best 0.500 |     32 st/s
    done(50): success=24 t_flicker=20 t_touched=5 t_no_reach=1
Ep 11600 | score   89.04 | avg100  133.01 | grasp100  47.0% | best 0.500 |     32 st/s
    done(50): success=23 t_flicker=21 t_touched=5 t_no_reach=1
Ep 11650 | score   30.01 | avg100  131.79 | grasp100  42.0% | best 0.500 |     32 st/s
    done(50): success=19 t_flicker=27 t_touched=4
Ep 11700 | score  206.19 | avg100  125.35 | grasp100  38.0% | best 0.500 |     32 st/s
    done(50): success=19 t_flicker=25 t_touched=3 t_no_reach=3
Ep 11750 | score  207.64 | avg100  130.40 | grasp100  43.0% | best 0.500 |     32 st/s
    done(50): success=24 t_flicker=22 t_touched=3 t_no_reach=1
Ep 11800 | score  111.38 | avg100  138.51 | grasp100  47.0% | best 0.500 |     32 st/s
    done(50): success=23 t_flicker=20 t_touched=6 t_no_reach=1
  [primacy-bias reset of critic heads @ 575000 updates]
Ep 11850 | score   69.32 | avg100  125.03 | grasp100  38.0% | best 0.500 |     32 st/s
    done(50): success=15 t_flicker=25 t_touched=8 t_no_reach=2
Ep 11900 | score  217.34 | avg100   99.54 | grasp100  30.0% | best 0.500 |     32 st/s
    done(50): success=15 t_flicker=19 t_touched=12 t_no_reach=4
Ep 11950 | score   55.61 | avg100  100.76 | grasp100  32.0% | best 0.500 |     32 st/s
    done(50): success=17 t_flicker=25 t_touched=8
Ep 12000 | score   75.63 | avg100  120.19 | grasp100  38.0% | best 0.500 |     32 st/s
    done(50): success=21 t_flicker=22 t_touched=6 t_no_reach=1
Ep 12050 | score  -71.53 | avg100  118.36 | grasp100  42.0% | best 0.500 |     32 st/s
    done(50): success=21 t_flicker=21 t_touched=8
Ep 12100 | score  206.24 | avg100  114.48 | grasp100  39.0% | best 0.500 |     32 st/s
    done(50): success=18 t_flicker=26 t_touched=5 t_no_reach=1
Ep 12150 | score  210.26 | avg100  121.12 | grasp100  38.0% | best 0.500 |     32 st/s
    done(50): success=20 t_flicker=27 t_touched=3
Ep 12200 | score   55.73 | avg100  122.83 | grasp100  39.0% | best 0.500 |     32 st/s
    done(50): success=19 t_flicker=27 t_touched=3 t_no_reach=1
Ep 12250 | score  205.32 | avg100  133.71 | grasp100  43.0% | best 0.500 |     32 st/s
    done(50): success=24 t_flicker=24 t_touched=2
Ep 12300 | score  104.49 | avg100  135.63 | grasp100  44.0% | best 0.500 |     32 st/s
    done(50): success=20 t_flicker=21 t_touched=9
Ep 12350 | score  208.09 | avg100  138.34 | grasp100  48.0% | best 0.500 |     32 st/s
    done(50): success=28 t_flicker=16 t_touched=5 t_no_reach=1
Ep 12400 | score   61.03 | avg100  150.53 | grasp100  57.0% | best 0.500 |     32 st/s
    done(50): success=29 t_flicker=18 t_touched=3
Ep 12404 | * BEST  level200=2.00 grasp200= 51.5% metric=0.515 | score  206.97
Ep 12450 | score  207.35 | avg100  141.19 | grasp100  51.0% | best 0.515 |     32 st/s
    done(50): success=22 t_flicker=24 t_touched=3 t_no_reach=1
Ep 12500 | score  207.00 | avg100  134.16 | grasp100  44.0% | best 0.515 |     32 st/s
    done(50): success=22 t_flicker=25 t_touched=3
Ep 12550 | score   55.39 | avg100  139.87 | grasp100  44.0% | best 0.515 |     32 st/s
    done(50): success=22 t_flicker=22 t_touched=6
  [primacy-bias reset of critic heads @ 600000 updates]
Ep 12600 | score   72.44 | avg100  119.56 | grasp100  40.0% | best 0.515 |     32 st/s
    done(50): success=18 t_flicker=20 t_touched=3 t_no_reach=9
Ep 12650 | score  140.53 | avg100   88.03 | grasp100  31.0% | best 0.515 |     32 st/s
    done(50): success=13 t_flicker=23 t_touched=10 t_no_reach=4
Ep 12700 | score   68.43 | avg100   92.63 | grasp100  27.0% | best 0.515 |     32 st/s
    done(50): success=14 t_flicker=25 t_touched=10 t_no_reach=1
Ep 12750 | score  206.15 | avg100  109.96 | grasp100  37.0% | best 0.515 |     32 st/s
    done(50): success=23 t_flicker=20 t_touched=4 t_no_reach=3
Ep 12800 | score  209.58 | avg100  123.21 | grasp100  43.0% | best 0.515 |     32 st/s
    done(50): success=20 t_flicker=24 t_touched=6
Ep 12850 | score  250.62 | avg100  143.19 | grasp100  47.0% | best 0.515 |     32 st/s
    done(50): success=27 t_flicker=19 t_touched=3 t_no_reach=1
Ep 12900 | score   57.02 | avg100  142.31 | grasp100  49.0% | best 0.515 |     32 st/s
    done(50): success=22 t_flicker=22 t_touched=6
Ep 12950 | score  209.92 | avg100  133.07 | grasp100  44.0% | best 0.515 |     32 st/s
    done(50): success=22 t_flicker=23 t_touched=4 t_no_reach=1
Ep 13000 | score   28.96 | avg100  132.08 | grasp100  46.0% | best 0.515 |     32 st/s
    done(50): success=24 t_flicker=20 t_touched=5 t_no_reach=1
Ep 13050 | score  208.51 | avg100  130.98 | grasp100  46.0% | best 0.515 |     32 st/s
    done(50): success=22 t_flicker=20 t_touched=8
Ep 13100 | score  113.63 | avg100  123.94 | grasp100  37.0% | best 0.515 |     32 st/s
    done(50): success=15 t_flicker=31 t_touched=3 t_no_reach=1
Ep 13150 | score  206.65 | avg100  116.93 | grasp100  38.0% | best 0.515 |     32 st/s
    done(50): success=23 t_flicker=20 t_touched=6 t_no_reach=1
========================================================================
RANDOM-SPAWN GRASP RETRAINING  |  algo=td3_ln  run=td3_ln_cereal_basewarm_s1
========================================================================
  Envs                : 5 (subprocess-parallel, fork)
  Spawn level         : 2.0 (1.0 = full position box, 2.0 = + z-rotation)
  Updates/vec-step    : 2 (0.400 per env-step; historical baseline 0.5)
  Buffer              : 2,000,000
  Actor               : 64 -> 32  (5,216 weights)  [critics 512->256]
  Warm start          : checkpoints/td3_grasp_rand_td3_ln_c2m512_s1/best
  Checkpoints         : /home/fahim/Thesis_fahim/pickandplace/checkpoints/td3_grasp_rand_td3_ln_cereal_basewarm_s1
========================================================================

Spawning 5 subprocess environments (fork)...
[robosuite WARNING] No private macro file found! (__init__.py:7)
[robosuite WARNING] It is recommended to use a private macro file (__init__.py:8)
[robosuite WARNING] No private macro file found! (__init__.py:7)
[robosuite WARNING] To setup, run: python /home/fahim/Thesis_fahim/venv/lib/python3.12/site-packages/robosuite/scripts/setup_macros.py (__init__.py:9)
[robosuite WARNING] It is recommended to use a private macro file (__init__.py:8)
[robosuite WARNING] To setup, run: python /home/fahim/Thesis_fahim/venv/lib/python3.12/site-packages/robosuite/scripts/setup_macros.py (__init__.py:9)
[robosuite WARNING] No private macro file found! (__init__.py:7)
[robosuite WARNING] It is recommended to use a private macro file (__init__.py:8)
[robosuite WARNING] To setup, run: python /home/fahim/Thesis_fahim/venv/lib/python3.12/site-packages/robosuite/scripts/setup_macros.py (__init__.py:9)
[robosuite WARNING] No private macro file found! (__init__.py:7)
[robosuite WARNING] It is recommended to use a private macro file (__init__.py:8)
[robosuite WARNING] To setup, run: python /home/fahim/Thesis_fahim/venv/lib/python3.12/site-packages/robosuite/scripts/setup_macros.py (__init__.py:9)
[robosuite WARNING] No private macro file found! (__init__.py:7)
[robosuite WARNING] It is recommended to use a private macro file (__init__.py:8)
[robosuite WARNING] To setup, run: python /home/fahim/Thesis_fahim/venv/lib/python3.12/site-packages/robosuite/scripts/setup_macros.py (__init__.py:9)
Gym has been unmaintained since 2022 and does not support NumPy 2.0 amongst other critical functionality.
Please upgrade to Gymnasium, the maintained drop-in replacement of Gym, or contact the authors of your software and request that they upgrade.
See the migration guide at https://gymnasium.farama.org/introduction/migration_guide/ for additional information.
Gym has been unmaintained since 2022 and does not support NumPy 2.0 amongst other critical functionality.
Please upgrade to Gymnasium, the maintained drop-in replacement of Gym, or contact the authors of your software and request that they upgrade.
See the migration guide at https://gymnasium.farama.org/introduction/migration_guide/ for additional information.
Gym has been unmaintained since 2022 and does not support NumPy 2.0 amongst other critical functionality.
Please upgrade to Gymnasium, the maintained drop-in replacement of Gym, or contact the authors of your software and request that they upgrade.
See the migration guide at https://gymnasium.farama.org/introduction/migration_guide/ for additional information.
Gym has been unmaintained since 2022 and does not support NumPy 2.0 amongst other critical functionality.
Please upgrade to Gymnasium, the maintained drop-in replacement of Gym, or contact the authors of your software and request that they upgrade.
See the migration guide at https://gymnasium.farama.org/introduction/migration_guide/ for additional information.
Gym has been unmaintained since 2022 and does not support NumPy 2.0 amongst other critical functionality.
Please upgrade to Gymnasium, the maintained drop-in replacement of Gym, or contact the authors of your software and request that they upgrade.
See the migration guide at https://gymnasium.farama.org/introduction/migration_guide/ for additional information.
/home/fahim/Thesis_fahim/venv/lib/python3.12/site-packages/gym/spaces/box.py:84: UserWarning: [33mWARN: Box bound precision lowered by casting to float32[0m
  logger.warn(f"Box bound precision lowered by casting to {self.dtype}")
/home/fahim/Thesis_fahim/venv/lib/python3.12/site-packages/gym/spaces/box.py:84: UserWarning: [33mWARN: Box bound precision lowered by casting to float32[0m
  logger.warn(f"Box bound precision lowered by casting to {self.dtype}")
Gym has been unmaintained since 2022 and does not support NumPy 2.0 amongst other critical functionality.
Please upgrade to Gymnasium, the maintained drop-in replacement of Gym, or contact the authors of your software and request that they upgrade.
See the migration guide at https://gymnasium.farama.org/introduction/migration_guide/ for additional information.
5 environments ready.

/home/fahim/Thesis_fahim/venv/lib/python3.12/site-packages/gym/spaces/box.py:84: UserWarning: [33mWARN: Box bound precision lowered by casting to float32[0m
  logger.warn(f"Box bound precision lowered by casting to {self.dtype}")
/home/fahim/Thesis_fahim/venv/lib/python3.12/site-packages/gym/spaces/box.py:84: UserWarning: [33mWARN: Box bound precision lowered by casting to float32[0m
  logger.warn(f"Box bound precision lowered by casting to {self.dtype}")
/home/fahim/Thesis_fahim/venv/lib/python3.12/site-packages/gym/spaces/box.py:84: UserWarning: [33mWARN: Box bound precision lowered by casting to float32[0m
  logger.warn(f"Box bound precision lowered by casting to {self.dtype}")
========================================================================
RANDOM-SPAWN GRASP RETRAINING  |  algo=td3_ln  run=td3_ln_cereal_basewarm_s1
========================================================================
  Envs                : 5 (subprocess-parallel, fork)
  Spawn level         : 2.0 (1.0 = full position box, 2.0 = + z-rotation)
  Updates/vec-step    : 2 (0.400 per env-step; historical baseline 0.5)
  Buffer              : 2,000,000
  Actor               : 64 -> 32  (5,216 weights)  [critics 512->256]
  Warm start          : checkpoints/td3_grasp_rand_td3_ln_c2m512_s1/best
  Checkpoints         : /home/fahim/Thesis_fahim/pickandplace/checkpoints/td3_grasp_rand_td3_ln_cereal_basewarm_s1
========================================================================

Spawning 5 subprocess environments (fork)...
[robosuite WARNING] No private macro file found! (__init__.py:7)
[robosuite WARNING] It is recommended to use a private macro file (__init__.py:8)
[robosuite WARNING] To setup, run: python /home/fahim/Thesis_fahim/venv/lib/python3.12/site-packages/robosuite/scripts/setup_macros.py (__init__.py:9)
[robosuite WARNING] No private macro file found! (__init__.py:7)
[robosuite WARNING] It is recommended to use a private macro file (__init__.py:8)
[robosuite WARNING] To setup, run: python /home/fahim/Thesis_fahim/venv/lib/python3.12/site-packages/robosuite/scripts/setup_macros.py (__init__.py:9)
[robosuite WARNING] No private macro file found! (__init__.py:7)
[robosuite WARNING] It is recommended to use a private macro file (__init__.py:8)
[robosuite WARNING] To setup, run: python /home/fahim/Thesis_fahim/venv/lib/python3.12/site-packages/robosuite/scripts/setup_macros.py (__init__.py:9)
[robosuite WARNING] No private macro file found! (__init__.py:7)
[robosuite WARNING] It is recommended to use a private macro file (__init__.py:8)
[robosuite WARNING] To setup, run: python /home/fahim/Thesis_fahim/venv/lib/python3.12/site-packages/robosuite/scripts/setup_macros.py (__init__.py:9)
[robosuite WARNING] No private macro file found! (__init__.py:7)
[robosuite WARNING] It is recommended to use a private macro file (__init__.py:8)
[robosuite WARNING] To setup, run: python /home/fahim/Thesis_fahim/venv/lib/python3.12/site-packages/robosuite/scripts/setup_macros.py (__init__.py:9)
Gym has been unmaintained since 2022 and does not support NumPy 2.0 amongst other critical functionality.
Please upgrade to Gymnasium, the maintained drop-in replacement of Gym, or contact the authors of your software and request that they upgrade.
See the migration guide at https://gymnasium.farama.org/introduction/migration_guide/ for additional information.
Gym has been unmaintained since 2022 and does not support NumPy 2.0 amongst other critical functionality.
Please upgrade to Gymnasium, the maintained drop-in replacement of Gym, or contact the authors of your software and request that they upgrade.
See the migration guide at https://gymnasium.farama.org/introduction/migration_guide/ for additional information.
Gym has been unmaintained since 2022 and does not support NumPy 2.0 amongst other critical functionality.
Please upgrade to Gymnasium, the maintained drop-in replacement of Gym, or contact the authors of your software and request that they upgrade.
See the migration guide at https://gymnasium.farama.org/introduction/migration_guide/ for additional information.
Gym has been unmaintained since 2022 and does not support NumPy 2.0 amongst other critical functionality.
Please upgrade to Gymnasium, the maintained drop-in replacement of Gym, or contact the authors of your software and request that they upgrade.
See the migration guide at https://gymnasium.farama.org/introduction/migration_guide/ for additional information.
Gym has been unmaintained since 2022 and does not support NumPy 2.0 amongst other critical functionality.
Please upgrade to Gymnasium, the maintained drop-in replacement of Gym, or contact the authors of your software and request that they upgrade.
See the migration guide at https://gymnasium.farama.org/introduction/migration_guide/ for additional information.
/home/fahim/Thesis_fahim/venv/lib/python3.12/site-packages/gym/spaces/box.py:84: UserWarning: [33mWARN: Box bound precision lowered by casting to float32[0m
  logger.warn(f"Box bound precision lowered by casting to {self.dtype}")
/home/fahim/Thesis_fahim/venv/lib/python3.12/site-packages/gym/spaces/box.py:84: UserWarning: [33mWARN: Box bound precision lowered by casting to float32[0m
  logger.warn(f"Box bound precision lowered by casting to {self.dtype}")
/home/fahim/Thesis_fahim/venv/lib/python3.12/site-packages/gym/spaces/box.py:84: UserWarning: [33mWARN: Box bound precision lowered by casting to float32[0m
  logger.warn(f"Box bound precision lowered by casting to {self.dtype}")
/home/fahim/Thesis_fahim/venv/lib/python3.12/site-packages/gym/spaces/box.py:84: UserWarning: [33mWARN: Box bound precision lowered by casting to float32[0m
  logger.warn(f"Box bound precision lowered by casting to {self.dtype}")
/home/fahim/Thesis_fahim/venv/lib/python3.12/site-packages/gym/spaces/box.py:84: UserWarning: [33mWARN: Box bound precision lowered by casting to float32[0m
  logger.warn(f"Box bound precision lowered by casting to {self.dtype}")
Gym has been unmaintained since 2022 and does not support NumPy 2.0 amongst other critical functionality.
Please upgrade to Gymnasium, the maintained drop-in replacement of Gym, or contact the authors of your software and request that they upgrade.
See the migration guide at https://gymnasium.farama.org/introduction/migration_guide/ for additional information.
5 environments ready.

  Actor QAT           : per-tensor INT8 fake-quant, STE grads
  Actor weight clip   : |w| <= 8.0 * std(w) per Linear tensor (bi_s0 baseline fc1 9.96 / fc2 10.82)
Init: resumed (source: /home/fahim/Thesis_fahim/pickandplace/checkpoints/td3_grasp_rand_td3_ln_c2m512_s1/best)
Resumed replay buffer (1,549,872 transitions).

Training...

Ep    50 | score   94.41 | avg100  136.56 | grasp100  48.0% | best 0.000 |     53 st/s
    done(50): success=24 t_flicker=19 t_touched=4 t_no_reach=3
Ep   100 | score   97.50 | avg100  136.75 | grasp100  47.0% | best 0.000 |     50 st/s
    done(50): success=23 t_flicker=21 t_touched=5 t_no_reach=1
Ep   150 | score  137.40 | avg100  136.20 | grasp100  48.0% | best 0.000 |     43 st/s
    done(50): success=25 t_flicker=21 t_touched=3 t_no_reach=1
Ep   200 | * BEST  level200=2.00 grasp200= 47.5% metric=0.475 | score  208.04
Ep   250 | score   57.86 | avg100  122.35 | grasp100  42.0% | best 0.475 |     38 st/s
    done(50): success=19 t_flicker=29 t_touched=2
Ep   300 | score  206.14 | avg100  127.58 | grasp100  44.0% | best 0.475 |     36 st/s
    done(50): success=25 t_flicker=23 t_touched=1 t_no_reach=1
Ep   350 | score   79.26 | avg100  125.23 | grasp100  40.0% | best 0.475 |     36 st/s
    done(50): success=15 t_flicker=32 t_touched=3
Ep   400 | score  204.33 | avg100  116.35 | grasp100  33.0% | best 0.475 |     35 st/s
    done(50): success=18 t_flicker=27 t_touched=3 t_no_reach=2
Ep   450 | score   58.38 | avg100  129.53 | grasp100  44.0% | best 0.475 |     35 st/s
    done(50): success=26 t_flicker=22 t_touched=2
Ep   500 | score  206.71 | avg100  142.24 | grasp100  50.0% | best 0.475 |     35 st/s
    done(50): success=24 t_flicker=23 t_touched=2 t_no_reach=1
Ep   550 | score   93.23 | avg100  131.50 | grasp100  45.0% | best 0.475 |     33 st/s
    done(50): success=21 t_flicker=22 t_touched=5 t_no_reach=2
Ep   600 | score  208.25 | avg100  120.35 | grasp100  37.0% | best 0.475 |     33 st/s
    done(50): success=16 t_flicker=33 t_touched=1
Ep   650 | score  208.23 | avg100  129.76 | grasp100  41.0% | best 0.475 |     33 st/s
    done(50): success=25 t_flicker=23 t_touched=2
Ep   700 | score  207.40 | avg100  134.07 | grasp100  49.0% | best 0.475 |     33 st/s
    done(50): success=24 t_flicker=19 t_touched=7
Ep   750 | score  101.13 | avg100  139.60 | grasp100  52.0% | best 0.475 |     33 st/s
    done(50): success=28 t_flicker=17 t_touched=5
Ep   785 | * BEST  level200=2.00 grasp200= 49.0% metric=0.490 | score  206.98
Ep   800 | score  -70.66 | avg100  137.73 | grasp100  49.0% | best 0.490 |     33 st/s
    done(50): success=21 t_flicker=24 t_touched=3 t_no_reach=2
Ep   807 | * BEST  level200=2.00 grasp200= 50.5% metric=0.505 | score  207.07
Ep   833 | * BEST  level200=2.00 grasp200= 52.0% metric=0.520 | score  208.30
Ep   850 | score  206.21 | avg100  134.36 | grasp100  48.0% | best 0.520 |     34 st/s
    done(50): success=27 t_flicker=18 t_touched=2 t_no_reach=3
  [primacy-bias reset of critic heads @ 25000 updates]
Ep   900 | score   91.90 | avg100  110.45 | grasp100  40.0% | best 0.520 |     34 st/s
    done(50): success=13 t_flicker=21 t_touched=11 t_no_reach=5
Ep   950 | score   87.24 | avg100   86.88 | grasp100  24.0% | best 0.520 |     35 st/s
    done(50): success=11 t_flicker=29 t_touched=9 t_no_reach=1
Ep  1000 | score   77.86 | avg100   98.26 | grasp100  28.0% | best 0.520 |     36 st/s
    done(50): success=17 t_flicker=21 t_touched=10 t_no_reach=2
Ep  1050 | score   73.91 | avg100  117.51 | grasp100  40.0% | best 0.520 |     35 st/s
    done(50): success=23 t_flicker=21 t_touched=5 t_no_reach=1
Ep  1100 | score   47.63 | avg100  132.98 | grasp100  46.0% | best 0.520 |     35 st/s
    done(50): success=23 t_flicker=19 t_touched=7 t_no_reach=1
Ep  1150 | score  151.75 | avg100  131.00 | grasp100  44.0% | best 0.520 |     36 st/s
    done(50): success=21 t_flicker=24 t_touched=3 t_no_reach=2
Ep  1200 | score  207.49 | avg100  127.00 | grasp100  40.0% | best 0.520 |     36 st/s
    done(50): success=19 t_flicker=24 t_touched=6 t_no_reach=1
Ep  1250 | score   79.59 | avg100  118.47 | grasp100  34.0% | best 0.520 |     36 st/s
    done(50): success=15 t_flicker=28 t_touched=7
Ep  1300 | score  207.98 | avg100  130.44 | grasp100  45.0% | best 0.520 |     36 st/s
    done(50): success=30 t_flicker=15 t_touched=5
Ep  1350 | score  210.08 | avg100  146.76 | grasp100  54.0% | best 0.520 |     37 st/s
    done(50): success=24 t_flicker=23 t_touched=3
Ep  1400 | score  163.39 | avg100  148.85 | grasp100  53.0% | best 0.520 |     37 st/s
    done(50): success=29 t_flicker=17 t_touched=4
Ep  1448 | * BEST  level200=2.00 grasp200= 53.5% metric=0.535 | score  205.56
Ep  1450 | score  210.19 | avg100  146.69 | grasp100  54.0% | best 0.535 |     37 st/s
    done(50): success=25 t_flicker=23 t_touched=2
Ep  1456 | * BEST  level200=2.00 grasp200= 55.0% metric=0.550 | score  206.69
Ep  1500 | score  207.37 | avg100  141.46 | grasp100  49.0% | best 0.550 |     37 st/s
    done(50): success=24 t_flicker=22 t_touched=4
Ep  1550 | score  208.22 | avg100  136.39 | grasp100  44.0% | best 0.550 |     37 st/s
    done(50): success=20 t_flicker=24 t_touched=6
Ep  1600 | score   57.05 | avg100  127.94 | grasp100  44.0% | best 0.550 |     37 st/s
    done(50): success=24 t_flicker=21 t_touched=2 t_no_reach=3
  [primacy-bias reset of critic heads @ 50000 updates]
Ep  1650 | score   51.87 | avg100  122.52 | grasp100  43.0% | best 0.550 |     37 st/s
    done(50): success=19 t_flicker=28 t_touched=3
Ep  1700 | score  -62.22 | avg100   93.57 | grasp100  31.0% | best 0.550 |     37 st/s
    done(50): success=12 t_flicker=23 t_touched=9 t_no_reach=6
Ep  1750 | score    9.34 | avg100   81.36 | grasp100  29.0% | best 0.550 |     38 st/s
    done(50): success=17 t_flicker=21 t_touched=8 t_no_reach=4
Ep  1800 | score  207.52 | avg100  106.43 | grasp100  36.0% | best 0.550 |     38 st/s
    done(50): success=19 t_flicker=27 t_touched=3 t_no_reach=1
Ep  1850 | score  -28.37 | avg100  125.51 | grasp100  43.0% | best 0.550 |     38 st/s
    done(50): success=24 t_flicker=19 t_touched=6 t_no_reach=1
Ep  1900 | score   95.59 | avg100  131.53 | grasp100  46.0% | best 0.550 |     38 st/s
    done(50): success=22 t_flicker=24 t_touched=3 t_no_reach=1
Ep  1950 | score   69.78 | avg100  134.09 | grasp100  45.0% | best 0.550 |     38 st/s
    done(50): success=23 t_flicker=23 t_touched=3 t_no_reach=1
========================================================================
RANDOM-SPAWN GRASP RETRAINING  |  algo=td3_ln  run=td3_ln_cereal_basewarm_s1
========================================================================
  Envs                : 5 (subprocess-parallel, fork)
  Spawn level         : 2.0 (1.0 = full position box, 2.0 = + z-rotation)
  Updates/vec-step    : 2 (0.400 per env-step; historical baseline 0.5)
  Buffer              : 2,000,000
  Actor               : 64 -> 32  (5,216 weights)  [critics 512->256]
  Warm start          : checkpoints/td3_grasp_rand_td3_ln_c2m512_s1/best
  Checkpoints         : /home/fahim/Thesis_fahim/pickandplace/checkpoints/td3_grasp_rand_td3_ln_cereal_basewarm_s1
========================================================================

Spawning 5 subprocess environments (fork)...
[robosuite WARNING] No private macro file found! (__init__.py:7)
[robosuite WARNING] It is recommended to use a private macro file (__init__.py:8)
[robosuite WARNING] To setup, run: python /home/fahim/Thesis_fahim/venv/lib/python3.12/site-packages/robosuite/scripts/setup_macros.py (__init__.py:9)
[robosuite WARNING] No private macro file found! (__init__.py:7)
[robosuite WARNING] It is recommended to use a private macro file (__init__.py:8)
[robosuite WARNING] To setup, run: python /home/fahim/Thesis_fahim/venv/lib/python3.12/site-packages/robosuite/scripts/setup_macros.py (__init__.py:9)
[robosuite WARNING] No private macro file found! (__init__.py:7)
[robosuite WARNING] It is recommended to use a private macro file (__init__.py:8)
[robosuite WARNING] To setup, run: python /home/fahim/Thesis_fahim/venv/lib/python3.12/site-packages/robosuite/scripts/setup_macros.py (__init__.py:9)
[robosuite WARNING] No private macro file found! (__init__.py:7)
[robosuite WARNING] It is recommended to use a private macro file (__init__.py:8)
[robosuite WARNING] To setup, run: python /home/fahim/Thesis_fahim/venv/lib/python3.12/site-packages/robosuite/scripts/setup_macros.py (__init__.py:9)
[robosuite WARNING] No private macro file found! (__init__.py:7)
[robosuite WARNING] It is recommended to use a private macro file (__init__.py:8)
[robosuite WARNING] To setup, run: python /home/fahim/Thesis_fahim/venv/lib/python3.12/site-packages/robosuite/scripts/setup_macros.py (__init__.py:9)
Gym has been unmaintained since 2022 and does not support NumPy 2.0 amongst other critical functionality.
Please upgrade to Gymnasium, the maintained drop-in replacement of Gym, or contact the authors of your software and request that they upgrade.
See the migration guide at https://gymnasium.farama.org/introduction/migration_guide/ for additional information.
Gym has been unmaintained since 2022 and does not support NumPy 2.0 amongst other critical functionality.
Please upgrade to Gymnasium, the maintained drop-in replacement of Gym, or contact the authors of your software and request that they upgrade.
See the migration guide at https://gymnasium.farama.org/introduction/migration_guide/ for additional information.
Gym has been unmaintained since 2022 and does not support NumPy 2.0 amongst other critical functionality.
Please upgrade to Gymnasium, the maintained drop-in replacement of Gym, or contact the authors of your software and request that they upgrade.
See the migration guide at https://gymnasium.farama.org/introduction/migration_guide/ for additional information.
Gym has been unmaintained since 2022 and does not support NumPy 2.0 amongst other critical functionality.
Please upgrade to Gymnasium, the maintained drop-in replacement of Gym, or contact the authors of your software and request that they upgrade.
See the migration guide at https://gymnasium.farama.org/introduction/migration_guide/ for additional information.
Gym has been unmaintained since 2022 and does not support NumPy 2.0 amongst other critical functionality.
Please upgrade to Gymnasium, the maintained drop-in replacement of Gym, or contact the authors of your software and request that they upgrade.
See the migration guide at https://gymnasium.farama.org/introduction/migration_guide/ for additional information.
/home/fahim/Thesis_fahim/venv/lib/python3.12/site-packages/gym/spaces/box.py:84: UserWarning: [33mWARN: Box bound precision lowered by casting to float32[0m
  logger.warn(f"Box bound precision lowered by casting to {self.dtype}")
/home/fahim/Thesis_fahim/venv/lib/python3.12/site-packages/gym/spaces/box.py:84: UserWarning: [33mWARN: Box bound precision lowered by casting to float32[0m
  logger.warn(f"Box bound precision lowered by casting to {self.dtype}")
/home/fahim/Thesis_fahim/venv/lib/python3.12/site-packages/gym/spaces/box.py:84: UserWarning: [33mWARN: Box bound precision lowered by casting to float32[0m
  logger.warn(f"Box bound precision lowered by casting to {self.dtype}")
/home/fahim/Thesis_fahim/venv/lib/python3.12/site-packages/gym/spaces/box.py:84: UserWarning: [33mWARN: Box bound precision lowered by casting to float32[0m
  logger.warn(f"Box bound precision lowered by casting to {self.dtype}")
/home/fahim/Thesis_fahim/venv/lib/python3.12/site-packages/gym/spaces/box.py:84: UserWarning: [33mWARN: Box bound precision lowered by casting to float32[0m
  logger.warn(f"Box bound precision lowered by casting to {self.dtype}")
Gym has been unmaintained since 2022 and does not support NumPy 2.0 amongst other critical functionality.
Please upgrade to Gymnasium, the maintained drop-in replacement of Gym, or contact the authors of your software and request that they upgrade.
See the migration guide at https://gymnasium.farama.org/introduction/migration_guide/ for additional information.
5 environments ready.

  Actor QAT           : per-tensor INT8 fake-quant, STE grads
  Actor weight clip   : |w| <= 8.0 * std(w) per Linear tensor (bi_s0 baseline fc1 9.96 / fc2 10.82)
Init: resumed (source: /home/fahim/Thesis_fahim/pickandplace/checkpoints/td3_grasp_rand_td3_ln_c2m512_s1/best)
Resumed replay buffer (1,666,114 transitions).

Training...

Ep    50 | score   68.19 | avg100  123.48 | grasp100  44.0% | best 0.000 |     40 st/s
    done(50): success=22 t_flicker=22 t_touched=4 t_no_reach=2
Ep   100 | score    3.70 | avg100  131.55 | grasp100  49.0% | best 0.000 |     39 st/s
    done(50): success=27 t_flicker=21 t_touched=1 t_no_reach=1
Ep   150 | score  206.24 | avg100  128.25 | grasp100  50.0% | best 0.000 |     38 st/s
    done(50): success=23 t_flicker=17 t_touched=6 t_no_reach=4
Ep   200 | * BEST  level200=2.00 grasp200= 48.5% metric=0.485 | score   57.55
Ep   250 | score   35.85 | avg100  125.37 | grasp100  45.0% | best 0.485 |     38 st/s
    done(50): success=20 t_flicker=23 t_touched=6 t_no_reach=1
Ep   300 | score  206.23 | avg100  128.79 | grasp100  48.0% | best 0.485 |     38 st/s
    done(50): success=28 t_flicker=15 t_touched=5 t_no_reach=2
Ep   350 | score   63.44 | avg100  131.82 | grasp100  49.0% | best 0.485 |     38 st/s
    done(50): success=21 t_flicker=25 t_touched=4
Ep   400 | score   38.00 | avg100  123.59 | grasp100  43.0% | best 0.485 |     38 st/s
    done(50): success=22 t_flicker=25 t_touched=1 t_no_reach=2
Ep   450 | score  208.46 | avg100  124.85 | grasp100  45.0% | best 0.485 |     38 st/s
    done(50): success=23 t_flicker=19 t_touched=7 t_no_reach=1
Ep   500 | score   93.11 | avg100  133.85 | grasp100  51.0% | best 0.485 |     38 st/s
    done(50): success=28 t_flicker=17 t_touched=4 t_no_reach=1
Ep   512 | * BEST  level200=2.00 grasp200= 50.0% metric=0.500 | score  206.60
Ep   550 | score  205.42 | avg100  131.98 | grasp100  50.0% | best 0.500 |     35 st/s
    done(50): success=22 t_flicker=24 t_touched=2 t_no_reach=2
Ep   600 | score   59.91 | avg100  118.08 | grasp100  41.0% | best 0.500 |     36 st/s
    done(50): success=19 t_flicker=26 t_touched=4 t_no_reach=1
Ep   650 | score  208.95 | avg100  114.24 | grasp100  38.0% | best 0.500 |     36 st/s
    done(50): success=19 t_flicker=25 t_touched=4 t_no_reach=2
Ep   700 | score   91.42 | avg100  134.35 | grasp100  52.0% | best 0.500 |     36 st/s
    done(50): success=33 t_flicker=12 t_touched=5
Ep   750 | score   65.72 | avg100  136.75 | grasp100  55.0% | best 0.500 |     36 st/s
    done(50): success=22 t_flicker=21 t_touched=5 t_no_reach=2
Ep   800 | score   12.08 | avg100  127.43 | grasp100  49.0% | best 0.500 |     36 st/s
    done(50): success=27 t_flicker=19 t_touched=4
Ep   804 | * BEST  level200=2.00 grasp200= 51.5% metric=0.515 | score  206.89
Ep   811 | * BEST  level200=2.00 grasp200= 53.0% metric=0.530 | score  208.33
Ep   850 | score   60.81 | avg100  132.00 | grasp100  50.0% | best 0.530 |     36 st/s
    done(50): success=23 t_flicker=22 t_touched=4 t_no_reach=1
Ep   900 | score   58.67 | avg100  121.82 | grasp100  42.0% | best 0.530 |     36 st/s
    done(50): success=19 t_flicker=27 t_touched=1 t_no_reach=3
Ep   950 | score  211.30 | avg100  113.63 | grasp100  40.0% | best 0.530 |     36 st/s
    done(50): success=21 t_flicker=20 t_touched=7 t_no_reach=2
Ep  1000 | score  212.53 | avg100  117.48 | grasp100  43.0% | best 0.530 |     36 st/s
    done(50): success=22 t_flicker=23 t_touched=4 t_no_reach=1
Ep  1050 | score   27.70 | avg100  124.88 | grasp100  46.0% | best 0.530 |     35 st/s
    done(50): success=24 t_flicker=19 t_touched=6 t_no_reach=1
Ep  1100 | score   52.63 | avg100  126.97 | grasp100  50.0% | best 0.530 |     35 st/s
    done(50): success=26 t_flicker=18 t_touched=4 t_no_reach=2
Ep  1150 | score  207.25 | avg100  125.53 | grasp100  50.0% | best 0.530 |     35 st/s
    done(50): success=24 t_flicker=18 t_touched=8
Ep  1200 | score   55.01 | avg100  126.22 | grasp100  49.0% | best 0.530 |     35 st/s
    done(50): success=25 t_flicker=21 t_touched=2 t_no_reach=2
Ep  1250 | score  209.39 | avg100  121.46 | grasp100  45.0% | best 0.530 |     36 st/s
    done(50): success=20 t_flicker=23 t_touched=3 t_no_reach=4
Ep  1300 | score   37.46 | avg100  116.09 | grasp100  41.0% | best 0.530 |     36 st/s
    done(50): success=21 t_flicker=20 t_touched=5 t_no_reach=4
Ep  1350 | score   56.58 | avg100  126.04 | grasp100  47.0% | best 0.530 |     36 st/s
    done(50): success=26 t_flicker=18 t_touched=4 t_no_reach=2
Ep  1400 | score   58.66 | avg100  134.13 | grasp100  52.0% | best 0.530 |     36 st/s
    done(50): success=26 t_flicker=20 t_touched=2 t_no_reach=2
Ep  1450 | score   59.67 | avg100  129.10 | grasp100  49.0% | best 0.530 |     36 st/s
    done(50): success=23 t_flicker=23 t_touched=3 t_no_reach=1
Ep  1500 | score   94.43 | avg100  130.80 | grasp100  51.0% | best 0.530 |     36 st/s
    done(50): success=28 t_flicker=17 t_touched=3 t_no_reach=2
  [primacy-bias reset of critic heads @ 25000 updates]
Ep  1550 | score  208.65 | avg100  120.48 | grasp100  48.0% | best 0.530 |     35 st/s
    done(50): success=20 t_flicker=18 t_touched=8 t_no_reach=4
Ep  1600 | score   52.63 | avg100   72.93 | grasp100  27.0% | best 0.530 |     35 st/s
    done(50): success=7 t_flicker=22 t_touched=8 t_no_reach=13
Ep  1650 | score  203.01 | avg100   57.17 | grasp100  21.0% | best 0.530 |     36 st/s
    done(50): success=14 t_flicker=15 t_touched=12 t_no_reach=9
========================================================================
RANDOM-SPAWN GRASP RETRAINING  |  algo=td3_ln  run=td3_ln_cereal_basewarm_s1
========================================================================
  Envs                : 5 (subprocess-parallel, fork)
  Spawn level         : 2.0 (1.0 = full position box, 2.0 = + z-rotation)
  Updates/vec-step    : 2 (0.400 per env-step; historical baseline 0.5)
  Buffer              : 2,000,000
  Actor               : 64 -> 32  (5,216 weights)  [critics 512->256]
  Warm start          : checkpoints/td3_grasp_rand_td3_ln_c2m512_s1/best
  Checkpoints         : /home/fahim/Thesis_fahim/pickandplace/checkpoints/td3_grasp_rand_td3_ln_cereal_basewarm_s1
========================================================================

Spawning 5 subprocess environments (fork)...
[robosuite WARNING] No private macro file found! (__init__.py:7)
[robosuite WARNING] It is recommended to use a private macro file (__init__.py:8)
[robosuite WARNING] To setup, run: python /home/fahim/Thesis_fahim/venv/lib/python3.12/site-packages/robosuite/scripts/setup_macros.py (__init__.py:9)
[robosuite WARNING] No private macro file found! (__init__.py:7)
[robosuite WARNING] It is recommended to use a private macro file (__init__.py:8)
[robosuite WARNING] To setup, run: python /home/fahim/Thesis_fahim/venv/lib/python3.12/site-packages/robosuite/scripts/setup_macros.py (__init__.py:9)
[robosuite WARNING] No private macro file found! (__init__.py:7)
[robosuite WARNING] It is recommended to use a private macro file (__init__.py:8)
[robosuite WARNING] To setup, run: python /home/fahim/Thesis_fahim/venv/lib/python3.12/site-packages/robosuite/scripts/setup_macros.py (__init__.py:9)
[robosuite WARNING] No private macro file found! (__init__.py:7)
[robosuite WARNING] It is recommended to use a private macro file (__init__.py:8)
[robosuite WARNING] To setup, run: python /home/fahim/Thesis_fahim/venv/lib/python3.12/site-packages/robosuite/scripts/setup_macros.py (__init__.py:9)
[robosuite WARNING] No private macro file found! (__init__.py:7)
[robosuite WARNING] It is recommended to use a private macro file (__init__.py:8)
[robosuite WARNING] To setup, run: python /home/fahim/Thesis_fahim/venv/lib/python3.12/site-packages/robosuite/scripts/setup_macros.py (__init__.py:9)
Gym has been unmaintained since 2022 and does not support NumPy 2.0 amongst other critical functionality.
Please upgrade to Gymnasium, the maintained drop-in replacement of Gym, or contact the authors of your software and request that they upgrade.
See the migration guide at https://gymnasium.farama.org/introduction/migration_guide/ for additional information.Gym has been unmaintained since 2022 and does not support NumPy 2.0 amongst other critical functionality.
Please upgrade to Gymnasium, the maintained drop-in replacement of Gym, or contact the authors of your software and request that they upgrade.
See the migration guide at https://gymnasium.farama.org/introduction/migration_guide/ for additional information.

Gym has been unmaintained since 2022 and does not support NumPy 2.0 amongst other critical functionality.
Please upgrade to Gymnasium, the maintained drop-in replacement of Gym, or contact the authors of your software and request that they upgrade.
See the migration guide at https://gymnasium.farama.org/introduction/migration_guide/ for additional information.
Gym has been unmaintained since 2022 and does not support NumPy 2.0 amongst other critical functionality.
Please upgrade to Gymnasium, the maintained drop-in replacement of Gym, or contact the authors of your software and request that they upgrade.
See the migration guide at https://gymnasium.farama.org/introduction/migration_guide/ for additional information.
Gym has been unmaintained since 2022 and does not support NumPy 2.0 amongst other critical functionality.
Please upgrade to Gymnasium, the maintained drop-in replacement of Gym, or contact the authors of your software and request that they upgrade.
See the migration guide at https://gymnasium.farama.org/introduction/migration_guide/ for additional information.
/home/fahim/Thesis_fahim/venv/lib/python3.12/site-packages/gym/spaces/box.py:84: UserWarning: [33mWARN: Box bound precision lowered by casting to float32[0m
  logger.warn(f"Box bound precision lowered by casting to {self.dtype}")
/home/fahim/Thesis_fahim/venv/lib/python3.12/site-packages/gym/spaces/box.py:84: UserWarning: [33mWARN: Box bound precision lowered by casting to float32[0m
  logger.warn(f"Box bound precision lowered by casting to {self.dtype}")
/home/fahim/Thesis_fahim/venv/lib/python3.12/site-packages/gym/spaces/box.py:84: UserWarning: [33mWARN: Box bound precision lowered by casting to float32[0m
  logger.warn(f"Box bound precision lowered by casting to {self.dtype}")
/home/fahim/Thesis_fahim/venv/lib/python3.12/site-packages/gym/spaces/box.py:84: UserWarning: [33mWARN: Box bound precision lowered by casting to float32[0m
  logger.warn(f"Box bound precision lowered by casting to {self.dtype}")
/home/fahim/Thesis_fahim/venv/lib/python3.12/site-packages/gym/spaces/box.py:84: UserWarning: [33mWARN: Box bound precision lowered by casting to float32[0m
  logger.warn(f"Box bound precision lowered by casting to {self.dtype}")
Gym has been unmaintained since 2022 and does not support NumPy 2.0 amongst other critical functionality.
Please upgrade to Gymnasium, the maintained drop-in replacement of Gym, or contact the authors of your software and request that they upgrade.
See the migration guide at https://gymnasium.farama.org/introduction/migration_guide/ for additional information.
5 environments ready.

  Actor QAT           : per-tensor INT8 fake-quant, STE grads
  Actor weight clip   : |w| <= 8.0 * std(w) per Linear tensor (bi_s0 baseline fc1 9.96 / fc2 10.82)
Init: resumed (source: /home/fahim/Thesis_fahim/pickandplace/checkpoints/td3_grasp_rand_td3_ln_c2m512_s1/best)
Resumed replay buffer (1,727,453 transitions).

Training...

Ep    50 | score   57.27 | avg100  143.88 | grasp100  58.0% | best 0.000 |     29 st/s
    done(50): success=29 t_flicker=14 t_touched=7
Ep   100 | score  206.27 | avg100  138.84 | grasp100  54.0% | best 0.000 |     34 st/s
    done(50): success=25 t_flicker=19 t_touched=4 t_no_reach=2
Ep   150 | score   89.88 | avg100  138.14 | grasp100  52.0% | best 0.000 |     35 st/s
    done(50): success=27 t_flicker=20 t_touched=3
Ep   200 | * BEST  level200=2.00 grasp200= 53.0% metric=0.530 | score  209.57
Ep   250 | score  210.02 | avg100  129.71 | grasp100  48.0% | best 0.530 |     36 st/s
    done(50): success=23 t_flicker=20 t_touched=6 t_no_reach=1
Ep   300 | score   38.20 | avg100  127.85 | grasp100  48.0% | best 0.530 |     36 st/s
    done(50): success=25 t_flicker=21 t_touched=3 t_no_reach=1
Ep   350 | score   17.59 | avg100  125.13 | grasp100  44.0% | best 0.530 |     37 st/s
    done(50): success=19 t_flicker=30 t_touched=1
Ep   400 | score  210.67 | avg100  116.12 | grasp100  39.0% | best 0.530 |     37 st/s
    done(50): success=20 t_flicker=22 t_touched=5 t_no_reach=3
Ep   450 | score  205.47 | avg100  122.28 | grasp100  44.0% | best 0.530 |     37 st/s
    done(50): success=24 t_flicker=22 t_touched=3 t_no_reach=1
Ep   500 | score   40.08 | avg100  135.85 | grasp100  53.0% | best 0.530 |     38 st/s
    done(50): success=29 t_flicker=16 t_touched=5
Ep   550 | score   94.26 | avg100  130.41 | grasp100  50.0% | best 0.530 |     35 st/s
    done(50): success=21 t_flicker=22 t_touched=7
Ep   600 | score  207.90 | avg100  123.88 | grasp100  44.0% | best 0.530 |     35 st/s
    done(50): success=23 t_flicker=23 t_touched=3 t_no_reach=1
Ep   650 | score  206.68 | avg100  128.24 | grasp100  46.0% | best 0.530 |     35 st/s
    done(50): success=23 t_flicker=21 t_touched=5 t_no_reach=1
Ep   700 | score   59.29 | avg100  134.75 | grasp100  52.0% | best 0.530 |     35 st/s
    done(50): success=29 t_flicker=15 t_touched=5 t_no_reach=1
Ep   750 | score  208.43 | avg100  144.86 | grasp100  59.0% | best 0.530 |     35 st/s
    done(50): success=30 t_flicker=17 t_touched=2 t_no_reach=1
Ep   768 | * BEST  level200=2.00 grasp200= 54.5% metric=0.545 | score  206.39
Ep   800 | score  204.46 | avg100  141.31 | grasp100  56.0% | best 0.545 |     35 st/s
    done(50): success=26 t_flicker=18 t_touched=6
Ep   804 | * BEST  level200=2.00 grasp200= 56.0% metric=0.560 | score  209.86
Ep   818 | * BEST  level200=2.00 grasp200= 57.5% metric=0.575 | score  218.14
Ep   850 | score   31.69 | avg100  140.46 | grasp100  55.0% | best 0.575 |     36 st/s
    done(50): success=29 t_flicker=16 t_touched=5
Ep   900 | score  206.77 | avg100  140.17 | grasp100  54.0% | best 0.575 |     36 st/s
    done(50): success=25 t_flicker=23 t_touched=1 t_no_reach=1
Ep   950 | score   26.66 | avg100  124.69 | grasp100  45.0% | best 0.575 |     36 st/s
    done(50): success=20 t_flicker=24 t_touched=5 t_no_reach=1
========================================================================
RANDOM-SPAWN GRASP RETRAINING  |  algo=td3_ln  run=td3_ln_cereal_basewarm_s1
========================================================================
  Envs                : 5 (subprocess-parallel, fork)
  Spawn level         : 2.0 (1.0 = full position box, 2.0 = + z-rotation)
  Updates/vec-step    : 2 (0.400 per env-step; historical baseline 0.5)
  Buffer              : 2,000,000
  Actor               : 64 -> 32  (5,216 weights)  [critics 512->256]
  Warm start          : checkpoints/td3_grasp_rand_td3_ln_c2m512_s1/best
  Checkpoints         : /home/fahim/Thesis_fahim/pickandplace/checkpoints/td3_grasp_rand_td3_ln_cereal_basewarm_s1
========================================================================

Spawning 5 subprocess environments (fork)...
[robosuite WARNING] No private macro file found! (__init__.py:7)
[robosuite WARNING] It is recommended to use a private macro file (__init__.py:8)
[robosuite WARNING] To setup, run: python /home/fahim/Thesis_fahim/venv/lib/python3.12/site-packages/robosuite/scripts/setup_macros.py (__init__.py:9)
[robosuite WARNING] No private macro file found! (__init__.py:7)
[robosuite WARNING] It is recommended to use a private macro file (__init__.py:8)
[robosuite WARNING] To setup, run: python /home/fahim/Thesis_fahim/venv/lib/python3.12/site-packages/robosuite/scripts/setup_macros.py (__init__.py:9)
[robosuite WARNING] No private macro file found! (__init__.py:7)
[robosuite WARNING] It is recommended to use a private macro file (__init__.py:8)
[robosuite WARNING] To setup, run: python /home/fahim/Thesis_fahim/venv/lib/python3.12/site-packages/robosuite/scripts/setup_macros.py (__init__.py:9)
[robosuite WARNING] No private macro file found! (__init__.py:7)
[robosuite WARNING] It is recommended to use a private macro file (__init__.py:8)
[robosuite WARNING] To setup, run: python /home/fahim/Thesis_fahim/venv/lib/python3.12/site-packages/robosuite/scripts/setup_macros.py (__init__.py:9)
[robosuite WARNING] No private macro file found! (__init__.py:7)
[robosuite WARNING] It is recommended to use a private macro file (__init__.py:8)
[robosuite WARNING] To setup, run: python /home/fahim/Thesis_fahim/venv/lib/python3.12/site-packages/robosuite/scripts/setup_macros.py (__init__.py:9)
Gym has been unmaintained since 2022 and does not support NumPy 2.0 amongst other critical functionality.
Please upgrade to Gymnasium, the maintained drop-in replacement of Gym, or contact the authors of your software and request that they upgrade.
See the migration guide at https://gymnasium.farama.org/introduction/migration_guide/ for additional information.Gym has been unmaintained since 2022 and does not support NumPy 2.0 amongst other critical functionality.
Please upgrade to Gymnasium, the maintained drop-in replacement of Gym, or contact the authors of your software and request that they upgrade.
See the migration guide at https://gymnasium.farama.org/introduction/migration_guide/ for additional information.

Gym has been unmaintained since 2022 and does not support NumPy 2.0 amongst other critical functionality.
Please upgrade to Gymnasium, the maintained drop-in replacement of Gym, or contact the authors of your software and request that they upgrade.
See the migration guide at https://gymnasium.farama.org/introduction/migration_guide/ for additional information.
Gym has been unmaintained since 2022 and does not support NumPy 2.0 amongst other critical functionality.
Please upgrade to Gymnasium, the maintained drop-in replacement of Gym, or contact the authors of your software and request that they upgrade.
See the migration guide at https://gymnasium.farama.org/introduction/migration_guide/ for additional information.
Gym has been unmaintained since 2022 and does not support NumPy 2.0 amongst other critical functionality.
Please upgrade to Gymnasium, the maintained drop-in replacement of Gym, or contact the authors of your software and request that they upgrade.
See the migration guide at https://gymnasium.farama.org/introduction/migration_guide/ for additional information.
/home/fahim/Thesis_fahim/venv/lib/python3.12/site-packages/gym/spaces/box.py:84: UserWarning: [33mWARN: Box bound precision lowered by casting to float32[0m
  logger.warn(f"Box bound precision lowered by casting to {self.dtype}")
/home/fahim/Thesis_fahim/venv/lib/python3.12/site-packages/gym/spaces/box.py:84: UserWarning: [33mWARN: Box bound precision lowered by casting to float32[0m
  logger.warn(f"Box bound precision lowered by casting to {self.dtype}")
/home/fahim/Thesis_fahim/venv/lib/python3.12/site-packages/gym/spaces/box.py:84: UserWarning: [33mWARN: Box bound precision lowered by casting to float32[0m
  logger.warn(f"Box bound precision lowered by casting to {self.dtype}")
/home/fahim/Thesis_fahim/venv/lib/python3.12/site-packages/gym/spaces/box.py:84: UserWarning: [33mWARN: Box bound precision lowered by casting to float32[0m
  logger.warn(f"Box bound precision lowered by casting to {self.dtype}")
/home/fahim/Thesis_fahim/venv/lib/python3.12/site-packages/gym/spaces/box.py:84: UserWarning: [33mWARN: Box bound precision lowered by casting to float32[0m
  logger.warn(f"Box bound precision lowered by casting to {self.dtype}")
Gym has been unmaintained since 2022 and does not support NumPy 2.0 amongst other critical functionality.
Please upgrade to Gymnasium, the maintained drop-in replacement of Gym, or contact the authors of your software and request that they upgrade.
See the migration guide at https://gymnasium.farama.org/introduction/migration_guide/ for additional information.
5 environments ready.

  Actor QAT           : per-tensor INT8 fake-quant, STE grads
  Actor weight clip   : |w| <= 8.0 * std(w) per Linear tensor (bi_s0 baseline fc1 9.96 / fc2 10.82)
Init: resumed (source: /home/fahim/Thesis_fahim/pickandplace/checkpoints/td3_grasp_rand_td3_ln_c2m512_s1/best)
Resumed replay buffer (1,747,649 transitions).

Training...

Ep    50 | score   28.57 | avg100  130.25 | grasp100  50.0% | best 0.000 |     38 st/s
    done(50): success=25 t_flicker=19 t_touched=4 t_no_reach=2
Ep   100 | score  207.13 | avg100  129.88 | grasp100  50.0% | best 0.000 |     35 st/s
    done(50): success=25 t_flicker=20 t_touched=5
Ep   150 | score  254.38 | avg100  134.85 | grasp100  53.0% | best 0.000 |     33 st/s
    done(50): success=28 t_flicker=18 t_touched=3 t_no_reach=1
Ep   200 | * BEST  level200=2.00 grasp200= 51.5% metric=0.515 | score   82.84
Ep   250 | score   37.82 | avg100  124.87 | grasp100  47.0% | best 0.515 |     32 st/s
    done(50): success=22 t_flicker=23 t_touched=4 t_no_reach=1
Ep   300 | score  205.80 | avg100  122.96 | grasp100  46.0% | best 0.515 |     31 st/s
    done(50): success=24 t_flicker=19 t_touched=6 t_no_reach=1
Ep   350 | score   85.55 | avg100  127.59 | grasp100  45.0% | best 0.515 |     31 st/s
    done(50): success=21 t_flicker=29
Ep   400 | score  227.70 | avg100  132.16 | grasp100  46.0% | best 0.515 |     31 st/s
    done(50): success=25 t_flicker=20 t_touched=4 t_no_reach=1
Ep   450 | score  208.38 | avg100  136.73 | grasp100  52.0% | best 0.515 |     31 st/s
    done(50): success=27 t_flicker=19 t_touched=3 t_no_reach=1
Ep   500 | score   22.10 | avg100  139.43 | grasp100  55.0% | best 0.515 |     31 st/s
    done(50): success=28 t_flicker=18 t_touched=3 t_no_reach=1
Ep   544 | * BEST  level200=2.00 grasp200= 53.0% metric=0.530 | score  203.56
Ep   550 | score  206.95 | avg100  139.30 | grasp100  54.0% | best 0.530 |     28 st/s
    done(50): success=26 t_flicker=20 t_touched=4
Ep   600 | score  110.22 | avg100  128.27 | grasp100  46.0% | best 0.530 |     29 st/s
    done(50): success=20 t_flicker=24 t_touched=4 t_no_reach=2
Ep   650 | score   30.59 | avg100  123.88 | grasp100  46.0% | best 0.530 |     29 st/s
    done(50): success=26 t_flicker=18 t_touched=6
Ep   700 | score   35.75 | avg100  124.65 | grasp100  49.0% | best 0.530 |     29 st/s
    done(50): success=23 t_flicker=15 t_touched=9 t_no_reach=3
Ep   750 | score  208.40 | avg100  126.48 | grasp100  51.0% | best 0.530 |     29 st/s
    done(50): success=28 t_flicker=11 t_touched=9 t_no_reach=2
Ep   800 | score  269.52 | avg100  135.91 | grasp100  54.0% | best 0.530 |     29 st/s
    done(50): success=26 t_flicker=19 t_touched=5
Ep   850 | score  204.58 | avg100  138.40 | grasp100  53.0% | best 0.530 |     29 st/s
    done(50): success=27 t_flicker=19 t_touched=3 t_no_reach=1
Ep   900 | score  207.23 | avg100  132.75 | grasp100  51.0% | best 0.530 |     29 st/s
    done(50): success=24 t_flicker=21 t_touched=4 t_no_reach=1
Ep   950 | score  206.26 | avg100  115.98 | grasp100  40.0% | best 0.530 |     30 st/s
    done(50): success=16 t_flicker=32 t_touched=2
Ep  1000 | score  213.46 | avg100  120.77 | grasp100  43.0% | best 0.530 |     30 st/s
    done(50): success=27 t_flicker=19 t_touched=2 t_no_reach=2
Ep  1050 | score   33.20 | avg100  135.05 | grasp100  53.0% | best 0.530 |     28 st/s
    done(50): success=26 t_flicker=19 t_touched=3 t_no_reach=2
Ep  1100 | score  204.90 | avg100  143.37 | grasp100  57.0% | best 0.530 |     28 st/s
    done(50): success=31 t_flicker=16 t_touched=2 t_no_reach=1
Ep  1145 | * BEST  level200=2.00 grasp200= 54.5% metric=0.545 | score  210.09
Ep  1150 | score  224.39 | avg100  139.92 | grasp100  56.0% | best 0.545 |     28 st/s
    done(50): success=25 t_flicker=18 t_touched=6 t_no_reach=1
Ep  1200 | score   54.07 | avg100  123.13 | grasp100  47.0% | best 0.545 |     29 st/s
    done(50): success=22 t_flicker=20 t_touched=6 t_no_reach=2
Ep  1250 | score   54.22 | avg100  115.96 | grasp100  42.0% | best 0.545 |     29 st/s
    done(50): success=20 t_flicker=22 t_touched=6 t_no_reach=2
Ep  1300 | score   83.17 | avg100  129.47 | grasp100  50.0% | best 0.545 |     29 st/s
    done(50): success=30 t_flicker=13 t_touched=4 t_no_reach=3
Ep  1350 | score  222.27 | avg100  138.76 | grasp100  54.0% | best 0.545 |     29 st/s
    done(50): success=24 t_flicker=19 t_touched=6 t_no_reach=1
Ep  1400 | score  206.99 | avg100  133.62 | grasp100  50.0% | best 0.545 |     29 st/s
    done(50): success=26 t_flicker=22 t_touched=1 t_no_reach=1
Ep  1450 | score  227.76 | avg100  134.58 | grasp100  51.0% | best 0.545 |     29 st/s
    done(50): success=25 t_flicker=22 t_touched=2 t_no_reach=1
Ep  1500 | score   57.45 | avg100  123.52 | grasp100  46.0% | best 0.545 |     29 st/s
    done(50): success=21 t_flicker=24 t_touched=1 t_no_reach=4
  [primacy-bias reset of critic heads @ 25000 updates]
Ep  1550 | score  207.81 | avg100  115.55 | grasp100  44.0% | best 0.545 |     28 st/s
    done(50): success=23 t_flicker=19 t_touched=3 t_no_reach=5
Ep  1600 | score   73.29 | avg100   83.33 | grasp100  32.0% | best 0.545 |     29 st/s
    done(50): success=9 t_flicker=14 t_touched=11 t_no_reach=16
Ep  1650 | score   68.16 | avg100   40.01 | grasp100  13.0% | best 0.545 |     29 st/s
    done(50): success=4 t_flicker=15 t_touched=12 t_no_reach=19
Ep  1700 | score   55.40 | avg100   40.36 | grasp100  11.0% | best 0.545 |     29 st/s
    done(50): success=7 t_flicker=26 t_touched=8 t_no_reach=9
Ep  1750 | score  207.88 | avg100   59.26 | grasp100  18.0% | best 0.545 |     29 st/s
    done(50): success=11 t_flicker=22 t_touched=8 t_no_reach=9
Ep  1800 | score   76.73 | avg100   80.88 | grasp100  28.0% | best 0.545 |     29 st/s
    done(50): success=17 t_flicker=20 t_touched=7 t_no_reach=6
Ep  1850 | score   30.72 | avg100   96.98 | grasp100  35.0% | best 0.545 |     29 st/s
    done(50): success=18 t_flicker=22 t_touched=8 t_no_reach=2
Ep  1900 | score  209.67 | avg100  114.78 | grasp100  44.0% | best 0.545 |     29 st/s
    done(50): success=26 t_flicker=17 t_touched=3 t_no_reach=4
Ep  1950 | score  214.89 | avg100  125.11 | grasp100  47.0% | best 0.545 |     29 st/s
    done(50): success=21 t_flicker=22 t_touched=6 t_no_reach=1
Ep  2000 | score  208.49 | avg100  122.31 | grasp100  43.0% | best 0.545 |     29 st/s
    done(50): success=22 t_flicker=24 t_touched=4
Ep  2050 | score   18.49 | avg100  133.99 | grasp100  51.0% | best 0.545 |     29 st/s
    done(50): success=29 t_flicker=20 t_no_reach=1
Ep  2100 | score  207.23 | avg100  145.54 | grasp100  58.0% | best 0.545 |     29 st/s
    done(50): success=29 t_flicker=19 t_touched=2
Ep  2150 | score  206.70 | avg100  141.24 | grasp100  54.0% | best 0.545 |     29 st/s
    done(50): success=25 t_flicker=19 t_touched=5 t_no_reach=1
Ep  2180 | * BEST  level200=2.00 grasp200= 56.0% metric=0.560 | score  211.82
Ep  2200 | score   61.44 | avg100  136.57 | grasp100  52.0% | best 0.560 |     29 st/s
    done(50): success=27 t_flicker=20 t_touched=1 t_no_reach=2
Ep  2250 | score   58.88 | avg100  132.70 | grasp100  51.0% | best 0.560 |     29 st/s
    done(50): success=24 t_flicker=22 t_touched=3 t_no_reach=1
Ep  2300 | score   35.28 | avg100  139.89 | grasp100  54.0% | best 0.560 |     29 st/s
    done(50): success=30 t_flicker=17 t_touched=3
Ep  2350 | score   58.93 | avg100  148.16 | grasp100  58.0% | best 0.560 |     29 st/s
    done(50): success=28 t_flicker=17 t_touched=5
Ep  2400 | score  205.85 | avg100  139.42 | grasp100  56.0% | best 0.560 |     29 st/s
    done(50): success=28 t_flicker=13 t_touched=6 t_no_reach=3
Ep  2450 | score  205.58 | avg100  128.98 | grasp100  51.0% | best 0.560 |     29 st/s
    done(50): success=23 t_flicker=20 t_touched=5 t_no_reach=2
Ep  2500 | score   76.12 | avg100  128.04 | grasp100  48.0% | best 0.560 |     29 st/s
    done(50): success=25 t_flicker=20 t_touched=5
Ep  2550 | score   26.15 | avg100  131.53 | grasp100  50.0% | best 0.560 |     29 st/s
    done(50): success=25 t_flicker=21 t_touched=3 t_no_reach=1
Ep  2600 | score  205.22 | avg100  139.18 | grasp100  55.0% | best 0.560 |     29 st/s
    done(50): success=30 t_flicker=18 t_touched=1 t_no_reach=1
Ep  2650 | score   57.05 | avg100  137.97 | grasp100  54.0% | best 0.560 |     29 st/s
    done(50): success=24 t_flicker=21 t_touched=4 t_no_reach=1
Ep  2700 | score   63.59 | avg100  128.69 | grasp100  48.0% | best 0.560 |     29 st/s
    done(50): success=24 t_flicker=23 t_touched=3
Ep  2750 | score  211.23 | avg100  128.19 | grasp100  48.0% | best 0.560 |     29 st/s
    done(50): success=24 t_flicker=22 t_touched=3 t_no_reach=1
Ep  2800 | score   11.00 | avg100  130.04 | grasp100  49.0% | best 0.560 |     29 st/s
    done(50): success=25 t_flicker=22 t_touched=3
Ep  2850 | score   58.45 | avg100  129.39 | grasp100  47.0% | best 0.560 |     29 st/s
    done(50): success=22 t_flicker=26 t_touched=1 t_no_reach=1
Ep  2900 | score  206.29 | avg100  133.52 | grasp100  50.0% | best 0.560 |     29 st/s
    done(50): success=28 t_flicker=16 t_touched=6
Ep  2950 | score   39.87 | avg100  140.32 | grasp100  57.0% | best 0.560 |     29 st/s
    done(50): success=29 t_flicker=16 t_touched=5
  [primacy-bias reset of critic heads @ 50000 updates]
Ep  3000 | score  216.52 | avg100  131.43 | grasp100  52.0% | best 0.560 |     29 st/s
    done(50): success=23 t_flicker=24 t_touched=3
Ep  3050 | score   -3.40 | avg100  106.27 | grasp100  39.0% | best 0.560 |     29 st/s
    done(50): success=16 t_flicker=19 t_touched=7 t_no_reach=8
Ep  3100 | score   13.93 | avg100   64.92 | grasp100  21.0% | best 0.560 |     29 st/s
    done(50): success=5 t_flicker=22 t_touched=14 t_no_reach=9
Ep  3150 | score   21.54 | avg100   56.71 | grasp100  16.0% | best 0.560 |     29 st/s
    done(50): success=11 t_flicker=23 t_touched=10 t_no_reach=6
Ep  3200 | score   35.72 | avg100   68.30 | grasp100  20.0% | best 0.560 |     29 st/s
    done(50): success=9 t_flicker=26 t_touched=9 t_no_reach=6
Ep  3250 | score  -20.41 | avg100   77.24 | grasp100  23.0% | best 0.560 |     29 st/s
    done(50): success=14 t_flicker=26 t_touched=6 t_no_reach=4
Ep  3300 | score    4.41 | avg100  106.04 | grasp100  38.0% | best 0.560 |     29 st/s
    done(50): success=24 t_flicker=16 t_touched=8 t_no_reach=2
Ep  3350 | score  223.76 | avg100  109.04 | grasp100  39.0% | best 0.560 |     29 st/s
    done(50): success=15 t_flicker=29 t_touched=4 t_no_reach=2
Ep  3400 | score  205.69 | avg100  113.66 | grasp100  41.0% | best 0.560 |     29 st/s
    done(50): success=26 t_flicker=19 t_touched=5
Ep  3450 | score  207.05 | avg100  135.15 | grasp100  54.0% | best 0.560 |     29 st/s
    done(50): success=28 t_flicker=18 t_touched=3 t_no_reach=1
Ep  3500 | score   54.68 | avg100  133.03 | grasp100  51.0% | best 0.560 |     29 st/s
    done(50): success=23 t_flicker=24 t_touched=2 t_no_reach=1
Ep  3550 | score   35.45 | avg100  128.56 | grasp100  48.0% | best 0.560 |     29 st/s
    done(50): success=25 t_flicker=21 t_touched=3 t_no_reach=1
Ep  3600 | score  210.90 | avg100  135.58 | grasp100  53.0% | best 0.560 |     29 st/s
    done(50): success=28 t_flicker=19 t_touched=2 t_no_reach=1
Ep  3650 | score  207.94 | avg100  131.86 | grasp100  49.0% | best 0.560 |     29 st/s
    done(50): success=21 t_flicker=24 t_touched=5
Ep  3700 | score   -1.92 | avg100  113.88 | grasp100  37.0% | best 0.560 |     29 st/s
    done(50): success=16 t_flicker=28 t_touched=4 t_no_reach=2
Ep  3750 | score   31.81 | avg100  119.95 | grasp100  42.0% | best 0.560 |     29 st/s
    done(50): success=26 t_flicker=21 t_touched=2 t_no_reach=1
Ep  3800 | score  205.14 | avg100  135.83 | grasp100  54.0% | best 0.560 |     29 st/s
    done(50): success=28 t_flicker=16 t_touched=3 t_no_reach=3
Ep  3850 | score   56.78 | avg100  143.47 | grasp100  58.0% | best 0.560 |     29 st/s
    done(50): success=30 t_flicker=18 t_touched=2
Ep  3900 | score  215.29 | avg100  135.40 | grasp100  51.0% | best 0.560 |     29 st/s
    done(50): success=21 t_flicker=23 t_touched=6
Ep  3950 | score    9.50 | avg100  122.52 | grasp100  44.0% | best 0.560 |     29 st/s
    done(50): success=23 t_flicker=23 t_touched=3 t_no_reach=1
Ep  4000 | score  205.58 | avg100  131.78 | grasp100  52.0% | best 0.560 |     29 st/s
    done(50): success=29 t_flicker=16 t_touched=4 t_no_reach=1
Ep  4050 | score   15.97 | avg100  133.21 | grasp100  52.0% | best 0.560 |     29 st/s
    done(50): success=23 t_flicker=24 t_touched=3
Ep  4100 | score   19.27 | avg100  123.02 | grasp100  45.0% | best 0.560 |     29 st/s
    done(50): success=22 t_flicker=16 t_touched=8 t_no_reach=4
Ep  4150 | score  206.34 | avg100  129.70 | grasp100  51.0% | best 0.560 |     29 st/s
    done(50): success=29 t_flicker=16 t_touched=5
Ep  4200 | score   58.67 | avg100  141.56 | grasp100  58.0% | best 0.560 |     29 st/s
    done(50): success=29 t_flicker=17 t_touched=4
Ep  4250 | score   56.24 | avg100  140.31 | grasp100  57.0% | best 0.560 |     29 st/s
    done(50): success=28 t_flicker=16 t_touched=5 t_no_reach=1
Ep  4285 | * BEST  level200=2.00 grasp200= 57.5% metric=0.575 | score  209.20
Ep  4300 | score   56.01 | avg100  140.00 | grasp100  55.0% | best 0.575 |     29 st/s
    done(50): success=27 t_flicker=23
Ep  4350 | score   79.84 | avg100  134.18 | grasp100  49.0% | best 0.575 |     29 st/s
    done(50): success=22 t_flicker=23 t_touched=4 t_no_reach=1
Ep  4400 | score  115.24 | avg100  128.42 | grasp100  46.0% | best 0.575 |     29 st/s
    done(50): success=24 t_flicker=23 t_touched=2 t_no_reach=1
Ep  4450 | score  207.53 | avg100  135.05 | grasp100  52.0% | best 0.575 |     29 st/s
    done(50): success=28 t_flicker=18 t_touched=4
Ep  4500 | score   54.64 | avg100  138.88 | grasp100  55.0% | best 0.575 |     29 st/s
    done(50): success=27 t_flicker=20 t_touched=2 t_no_reach=1
  [primacy-bias reset of critic heads @ 75000 updates]
Ep  4550 | score   12.47 | avg100  115.82 | grasp100  43.0% | best 0.575 |     29 st/s
    done(50): success=16 t_flicker=24 t_touched=4 t_no_reach=6
Ep  4600 | score  211.36 | avg100  100.21 | grasp100  38.0% | best 0.575 |     29 st/s
    done(50): success=22 t_flicker=11 t_touched=11 t_no_reach=6
Ep  4650 | score   18.01 | avg100   82.39 | grasp100  31.0% | best 0.575 |     29 st/s
    done(50): success=9 t_flicker=29 t_touched=10 t_no_reach=2
Ep  4700 | score   23.03 | avg100   56.44 | grasp100  17.0% | best 0.575 |     29 st/s
    done(50): success=8 t_flicker=24 t_touched=8 t_no_reach=10
Ep  4750 | score  205.43 | avg100   66.58 | grasp100  19.0% | best 0.575 |     29 st/s
    done(50): success=11 t_flicker=26 t_touched=10 t_no_reach=3
Ep  4800 | score   56.43 | avg100   89.84 | grasp100  29.0% | best 0.575 |     29 st/s
    done(50): success=18 t_flicker=23 t_touched=7 t_no_reach=2
Ep  4850 | score  206.37 | avg100  106.73 | grasp100  38.0% | best 0.575 |     29 st/s
    done(50): success=20 t_flicker=21 t_touched=7 t_no_reach=2
Ep  4900 | score   68.18 | avg100  124.07 | grasp100  47.0% | best 0.575 |     29 st/s
    done(50): success=27 t_flicker=17 t_touched=4 t_no_reach=2
Ep  4950 | score   12.13 | avg100  139.84 | grasp100  57.0% | best 0.575 |     29 st/s
    done(50): success=30 t_flicker=15 t_touched=2 t_no_reach=3
Ep  5000 | score   80.38 | avg100  146.40 | grasp100  60.0% | best 0.575 |     29 st/s
    done(50): success=30 t_flicker=16 t_touched=3 t_no_reach=1
Ep  5048 | * BEST  level200=2.00 grasp200= 59.0% metric=0.590 | score  205.56
Ep  5050 | score  204.90 | avg100  148.11 | grasp100  60.0% | best 0.590 |     29 st/s
    done(50): success=30 t_flicker=16 t_touched=3 t_no_reach=1
Ep  5100 | score   27.32 | avg100  139.23 | grasp100  53.0% | best 0.590 |     29 st/s
    done(50): success=23 t_flicker=24 t_touched=3
Ep  5150 | score  237.53 | avg100  133.49 | grasp100  49.0% | best 0.590 |     29 st/s
    done(50): success=26 t_flicker=20 t_touched=4
Ep  5200 | score   39.90 | avg100  132.64 | grasp100  50.0% | best 0.590 |     29 st/s
    done(50): success=24 t_flicker=23 t_touched=3
Ep  5250 | score  207.88 | avg100  131.75 | grasp100  49.0% | best 0.590 |     29 st/s
    done(50): success=25 t_flicker=23 t_touched=2
Ep  5300 | score   55.79 | avg100  137.12 | grasp100  52.0% | best 0.590 |     29 st/s
    done(50): success=27 t_flicker=19 t_touched=4
Ep  5350 | score   87.88 | avg100  150.19 | grasp100  61.0% | best 0.590 |     29 st/s
    done(50): success=34 t_flicker=13 t_touched=3
Ep  5400 | score  207.19 | avg100  157.66 | grasp100  66.0% | best 0.590 |     29 st/s
    done(50): success=32 t_flicker=15 t_touched=3
Ep  5450 | score  206.47 | avg100  138.82 | grasp100  54.0% | best 0.590 |     29 st/s
    done(50): success=22 t_flicker=24 t_touched=2 t_no_reach=2
Ep  5500 | score  210.46 | avg100  125.05 | grasp100  44.0% | best 0.590 |     29 st/s
    done(50): success=22 t_flicker=27 t_touched=1
Ep  5550 | score  210.49 | avg100  147.24 | grasp100  58.0% | best 0.590 |     29 st/s
    done(50): success=36 t_flicker=12 t_touched=2
Ep  5600 | score   76.34 | avg100  152.36 | grasp100  62.0% | best 0.590 |     29 st/s
    done(50): success=26 t_flicker=21 t_touched=2 t_no_reach=1
Ep  5650 | score   72.97 | avg100  146.03 | grasp100  57.0% | best 0.590 |     29 st/s
    done(50): success=31 t_flicker=19
Ep  5690 | * BEST  level200=2.00 grasp200= 60.5% metric=0.605 | score  206.37
Ep  5693 | * BEST  level200=2.00 grasp200= 62.0% metric=0.620 | score  220.77
Ep  5700 | score  209.24 | avg100  149.41 | grasp100  60.0% | best 0.620 |     29 st/s
    done(50): success=29 t_flicker=18 t_touched=3
Ep  5750 | score  210.77 | avg100  140.85 | grasp100  55.0% | best 0.620 |     29 st/s
    done(50): success=26 t_flicker=22 t_touched=2
Ep  5800 | score   57.46 | avg100  131.50 | grasp100  50.0% | best 0.620 |     29 st/s
    done(50): success=24 t_flicker=19 t_touched=7
Ep  5850 | score   59.02 | avg100  131.39 | grasp100  51.0% | best 0.620 |     29 st/s
    done(50): success=27 t_flicker=21 t_touched=2
Ep  5900 | score  205.93 | avg100  134.43 | grasp100  52.0% | best 0.620 |     29 st/s
    done(50): success=25 t_flicker=22 t_touched=3
Ep  5950 | score  209.46 | avg100  126.37 | grasp100  48.0% | best 0.620 |     29 st/s
    done(50): success=23 t_flicker=17 t_touched=8 t_no_reach=2
Ep  6000 | score  208.48 | avg100  131.49 | grasp100  51.0% | best 0.620 |     29 st/s
    done(50): success=28 t_flicker=16 t_touched=5 t_no_reach=1
  [primacy-bias reset of critic heads @ 100000 updates]
Ep  6050 | score  226.02 | avg100  131.48 | grasp100  48.0% | best 0.620 |     29 st/s
    done(50): success=20 t_flicker=26 t_touched=3 t_no_reach=1
Ep  6100 | score   11.36 | avg100   85.66 | grasp100  28.0% | best 0.620 |     29 st/s
    done(50): success=8 t_flicker=14 t_touched=15 t_no_reach=13
Ep  6150 | score   86.42 | avg100   54.31 | grasp100  17.0% | best 0.620 |     29 st/s
    done(50): success=9 t_flicker=20 t_touched=15 t_no_reach=6
Ep  6200 | score   55.06 | avg100   89.19 | grasp100  34.0% | best 0.620 |     29 st/s
    done(50): success=25 t_flicker=15 t_touched=7 t_no_reach=3
Ep  6250 | score  205.94 | avg100   96.36 | grasp100  36.0% | best 0.620 |     29 st/s
    done(50): success=11 t_flicker=24 t_touched=11 t_no_reach=4
Ep  6300 | score   52.86 | avg100   90.04 | grasp100  31.0% | best 0.620 |     29 st/s
    done(50): success=20 t_flicker=21 t_touched=6 t_no_reach=3
Ep  6350 | score   57.60 | avg100  115.99 | grasp100  45.0% | best 0.620 |     29 st/s
    done(50): success=25 t_flicker=16 t_touched=7 t_no_reach=2
Ep  6400 | score   35.97 | avg100  130.26 | grasp100  52.0% | best 0.620 |     29 st/s
    done(50): success=27 t_flicker=15 t_touched=7 t_no_reach=1
Ep  6450 | score  208.53 | avg100  137.39 | grasp100  54.0% | best 0.620 |     29 st/s
    done(50): success=27 t_flicker=19 t_touched=4
Ep  6500 | score   31.92 | avg100  142.12 | grasp100  56.0% | best 0.620 |     29 st/s
    done(50): success=29 t_flicker=19 t_touched=2
Ep  6550 | score   52.37 | avg100  137.84 | grasp100  54.0% | best 0.620 |     29 st/s
    done(50): success=25 t_flicker=21 t_touched=4
Ep  6600 | score   94.08 | avg100  135.90 | grasp100  52.0% | best 0.620 |     29 st/s
    done(50): success=27 t_flicker=20 t_touched=2 t_no_reach=1
Ep  6650 | score  -17.68 | avg100  135.50 | grasp100  51.0% | best 0.620 |     29 st/s
    done(50): success=24 t_flicker=21 t_touched=5
Ep  6700 | score  206.84 | avg100  136.42 | grasp100  53.0% | best 0.620 |     29 st/s
    done(50): success=29 t_flicker=20 t_touched=1
Ep  6750 | score  206.61 | avg100  139.56 | grasp100  56.0% | best 0.620 |     29 st/s
    done(50): success=27 t_flicker=20 t_touched=3
Ep  6800 | score   34.76 | avg100  127.07 | grasp100  48.0% | best 0.620 |     29 st/s
    done(50): success=21 t_flicker=25 t_no_reach=4
Ep  6850 | score  207.09 | avg100  129.69 | grasp100  48.0% | best 0.620 |     29 st/s
    done(50): success=27 t_flicker=21 t_touched=2
Ep  6900 | score   59.61 | avg100  143.09 | grasp100  57.0% | best 0.620 |     29 st/s
    done(50): success=30 t_flicker=17 t_touched=1 t_no_reach=2
Ep  6950 | score  207.55 | avg100  142.89 | grasp100  58.0% | best 0.620 |     29 st/s
    done(50): success=28 t_flicker=18 t_touched=3 t_no_reach=1
Ep  7000 | score  206.48 | avg100  143.27 | grasp100  58.0% | best 0.620 |     29 st/s
    done(50): success=30 t_flicker=17 t_touched=2 t_no_reach=1
Ep  7050 | score   55.81 | avg100  141.23 | grasp100  56.0% | best 0.620 |     29 st/s
    done(50): success=26 t_flicker=22 t_touched=1 t_no_reach=1
Ep  7100 | score   50.25 | avg100  135.76 | grasp100  50.0% | best 0.620 |     29 st/s
    done(50): success=24 t_flicker=25 t_touched=1
Ep  7150 | score   67.46 | avg100  132.32 | grasp100  48.0% | best 0.620 |     29 st/s
    done(50): success=24 t_flicker=22 t_touched=3 t_no_reach=1
Ep  7200 | score   12.79 | avg100  138.74 | grasp100  54.0% | best 0.620 |     29 st/s
    done(50): success=30 t_flicker=17 t_touched=2 t_no_reach=1
Ep  7250 | score  228.81 | avg100  153.00 | grasp100  62.0% | best 0.620 |     29 st/s
    done(50): success=32 t_flicker=17 t_touched=1
Ep  7300 | score   55.20 | avg100  158.29 | grasp100  65.0% | best 0.620 |     29 st/s
    done(50): success=33 t_flicker=16 t_no_reach=1
Ep  7350 | score  206.74 | avg100  145.19 | grasp100  56.0% | best 0.620 |     29 st/s
    done(50): success=23 t_flicker=22 t_touched=5
Ep  7400 | score   32.32 | avg100  129.65 | grasp100  46.0% | best 0.620 |     29 st/s
    done(50): success=23 t_flicker=23 t_touched=4
Ep  7450 | score   56.73 | avg100  131.90 | grasp100  50.0% | best 0.620 |     29 st/s
    done(50): success=27 t_flicker=20 t_touched=3
Ep  7500 | score   60.98 | avg100  139.58 | grasp100  55.0% | best 0.620 |     29 st/s
    done(50): success=28 t_flicker=21 t_touched=1
Ep  7550 | score   56.17 | avg100  148.09 | grasp100  60.0% | best 0.620 |     29 st/s
    done(50): success=32 t_flicker=12 t_touched=5 t_no_reach=1
Ep  7600 | score  209.13 | avg100  149.07 | grasp100  60.0% | best 0.620 |     29 st/s
    done(50): success=28 t_flicker=19 t_touched=3
  [primacy-bias reset of critic heads @ 125000 updates]
Ep  7650 | score   17.27 | avg100  124.17 | grasp100  47.0% | best 0.620 |     29 st/s
    done(50): success=19 t_flicker=19 t_touched=7 t_no_reach=5
Ep  7700 | score   23.26 | avg100   66.56 | grasp100  22.0% | best 0.620 |     29 st/s
    done(50): success=3 t_flicker=15 t_touched=21 t_no_reach=11
Ep  7750 | score  -20.04 | avg100   53.33 | grasp100  15.0% | best 0.620 |     29 st/s
    done(50): success=12 t_flicker=22 t_touched=9 t_no_reach=7
Ep  7800 | score    4.38 | avg100   75.14 | grasp100  23.0% | best 0.620 |     29 st/s
    done(50): success=11 t_flicker=22 t_touched=11 t_no_reach=6
Ep  7850 | score   30.86 | avg100   76.61 | grasp100  23.0% | best 0.620 |     29 st/s
    done(50): success=12 t_flicker=22 t_touched=11 t_no_reach=5
Ep  7900 | score  208.40 | avg100   98.04 | grasp100  33.0% | best 0.620 |     29 st/s
    done(50): success=21 t_flicker=24 t_touched=3 t_no_reach=2
Ep  7950 | score  206.39 | avg100  116.66 | grasp100  43.0% | best 0.620 |     29 st/s
    done(50): success=22 t_flicker=20 t_touched=6 t_no_reach=2
Ep  8000 | score  209.85 | avg100  129.22 | grasp100  51.0% | best 0.620 |     29 st/s
    done(50): success=29 t_flicker=16 t_touched=5
Ep  8050 | score  206.54 | avg100  137.94 | grasp100  55.0% | best 0.620 |     29 st/s
    done(50): success=26 t_flicker=17 t_touched=7
Ep  8100 | score   56.84 | avg100  141.94 | grasp100  57.0% | best 0.620 |     29 st/s
    done(50): success=31 t_flicker=15 t_touched=3 t_no_reach=1
Ep  8150 | score  -11.27 | avg100  145.16 | grasp100  60.0% | best 0.620 |     29 st/s
    done(50): success=29 t_flicker=17 t_touched=4
Ep  8200 | score   70.72 | avg100  142.98 | grasp100  58.0% | best 0.620 |     29 st/s
    done(50): success=29 t_flicker=18 t_touched=2 t_no_reach=1
Ep  8250 | score  205.62 | avg100  139.22 | grasp100  54.0% | best 0.620 |     29 st/s
    done(50): success=25 t_flicker=20 t_touched=4 t_no_reach=1
Ep  8300 | score  207.62 | avg100  139.73 | grasp100  54.0% | best 0.620 |     29 st/s
    done(50): success=29 t_flicker=18 t_touched=3
Ep  8350 | score  206.62 | avg100  142.00 | grasp100  56.0% | best 0.620 |     29 st/s
    done(50): success=27 t_flicker=19 t_touched=3 t_no_reach=1
Ep  8400 | score  206.84 | avg100  141.76 | grasp100  54.0% | best 0.620 |     29 st/s
    done(50): success=27 t_flicker=23
Ep  8450 | score  206.69 | avg100  146.08 | grasp100  56.0% | best 0.620 |     29 st/s
    done(50): success=29 t_flicker=18 t_touched=3
Ep  8500 | score  204.24 | avg100  149.24 | grasp100  58.0% | best 0.620 |     29 st/s
    done(50): success=29 t_flicker=17 t_touched=4
Ep  8550 | score  207.46 | avg100  153.01 | grasp100  60.0% | best 0.620 |     29 st/s
    done(50): success=31 t_flicker=16 t_touched=3
Ep  8600 | score   28.00 | avg100  148.28 | grasp100  59.0% | best 0.620 |     29 st/s
    done(50): success=28 t_flicker=16 t_touched=6
Ep  8650 | score  206.61 | avg100  148.31 | grasp100  60.0% | best 0.620 |     29 st/s
    done(50): success=32 t_flicker=16 t_touched=2
Ep  8700 | score   27.38 | avg100  148.66 | grasp100  61.0% | best 0.620 |     29 st/s
    done(50): success=29 t_flicker=13 t_touched=5 t_no_reach=3
Ep  8750 | score   31.86 | avg100  140.66 | grasp100  54.0% | best 0.620 |     29 st/s
    done(50): success=25 t_flicker=23 t_touched=2
Ep  8800 | score  205.38 | avg100  135.81 | grasp100  50.0% | best 0.620 |     29 st/s
    done(50): success=25 t_flicker=19 t_touched=4 t_no_reach=2
Ep  8850 | score  204.92 | avg100  137.43 | grasp100  52.0% | best 0.620 |     29 st/s
    done(50): success=27 t_flicker=18 t_touched=4 t_no_reach=1
Ep  8900 | score  203.73 | avg100  139.62 | grasp100  54.0% | best 0.620 |     29 st/s
    done(50): success=27 t_flicker=17 t_touched=6
Ep  8950 | score   79.01 | avg100  145.03 | grasp100  58.0% | best 0.620 |     29 st/s
    done(50): success=31 t_flicker=16 t_touched=2 t_no_reach=1
Ep  9000 | score  204.95 | avg100  150.64 | grasp100  61.0% | best 0.620 |     29 st/s
    done(50): success=30 t_flicker=17 t_touched=2 t_no_reach=1
Ep  9050 | score  207.55 | avg100  139.29 | grasp100  55.0% | best 0.620 |     29 st/s
    done(50): success=25 t_flicker=19 t_touched=5 t_no_reach=1
Ep  9100 | score   66.93 | avg100  133.02 | grasp100  52.0% | best 0.620 |     29 st/s
    done(50): success=27 t_flicker=17 t_touched=4 t_no_reach=2
Ep  9150 | score  207.72 | avg100  132.48 | grasp100  51.0% | best 0.620 |     29 st/s
    done(50): success=24 t_flicker=22 t_touched=2 t_no_reach=2
  [primacy-bias reset of critic heads @ 150000 updates]
Ep  9200 | score  -20.87 | avg100  113.71 | grasp100  44.0% | best 0.620 |     29 st/s
    done(50): success=20 t_flicker=15 t_touched=3 t_no_reach=12
Ep  9250 | score   -8.55 | avg100   50.10 | grasp100  21.0% | best 0.620 |     29 st/s
    done(50): success=1 t_flicker=10 t_touched=7 t_no_reach=32
Ep  9300 | score   52.74 | avg100   32.01 | grasp100  10.0% | best 0.620 |     29 st/s
    done(50): success=9 t_flicker=25 t_touched=11 t_no_reach=5
Ep  9350 | score   19.95 | avg100   64.00 | grasp100  19.0% | best 0.620 |     29 st/s
    done(50): success=10 t_flicker=22 t_touched=12 t_no_reach=6
Ep  9400 | score   61.71 | avg100   79.36 | grasp100  25.0% | best 0.620 |     29 st/s
    done(50): success=15 t_flicker=29 t_touched=5 t_no_reach=1
Ep  9450 | score   20.08 | avg100   96.79 | grasp100  33.0% | best 0.620 |     29 st/s
    done(50): success=18 t_flicker=22 t_touched=8 t_no_reach=2
Ep  9500 | score   57.98 | avg100  119.17 | grasp100  47.0% | best 0.620 |     29 st/s
    done(50): success=29 t_flicker=14 t_touched=3 t_no_reach=4
Ep  9550 | score  206.53 | avg100  121.87 | grasp100  47.0% | best 0.620 |     29 st/s
    done(50): success=18 t_flicker=21 t_touched=8 t_no_reach=3
Ep  9600 | score   69.08 | avg100  128.98 | grasp100  48.0% | best 0.620 |     29 st/s
    done(50): success=30 t_flicker=20
Ep  9650 | score   85.34 | avg100  140.93 | grasp100  55.0% | best 0.620 |     29 st/s
    done(50): success=25 t_flicker=19 t_touched=5 t_no_reach=1
Ep  9700 | score  207.25 | avg100  135.99 | grasp100  54.0% | best 0.620 |     29 st/s
    done(50): success=29 t_flicker=16 t_touched=4 t_no_reach=1
Ep  9750 | score  208.00 | avg100  138.80 | grasp100  54.0% | best 0.620 |     29 st/s
    done(50): success=25 t_flicker=19 t_touched=3 t_no_reach=3
Ep  9800 | score   21.37 | avg100  141.99 | grasp100  56.0% | best 0.620 |     29 st/s
    done(50): success=31 t_flicker=16 t_touched=3
Ep  9850 | score   16.16 | avg100  150.90 | grasp100  61.0% | best 0.620 |     29 st/s
    done(50): success=30 t_flicker=17 t_touched=2 t_no_reach=1
Ep  9900 | score  207.34 | avg100  147.08 | grasp100  58.0% | best 0.620 |     29 st/s
    done(50): success=28 t_flicker=19 t_touched=2 t_no_reach=1
Ep  9950 | score  206.70 | avg100  136.22 | grasp100  53.0% | best 0.620 |     29 st/s
    done(50): success=25 t_flicker=21 t_touched=3 t_no_reach=1
Ep 10000 | score  205.89 | avg100  134.09 | grasp100  52.0% | best 0.620 |     29 st/s
    done(50): success=27 t_flicker=19 t_touched=3 t_no_reach=1
Ep 10050 | score  208.43 | avg100  143.40 | grasp100  59.0% | best 0.620 |     29 st/s
    done(50): success=32 t_flicker=14 t_touched=1 t_no_reach=3
Ep 10100 | score   57.02 | avg100  146.83 | grasp100  61.0% | best 0.620 |     29 st/s
    done(50): success=29 t_flicker=18 t_touched=1 t_no_reach=2
Ep 10150 | score  206.43 | avg100  140.68 | grasp100  55.0% | best 0.620 |     29 st/s
    done(50): success=26 t_flicker=21 t_touched=2 t_no_reach=1
Ep 10200 | score   65.68 | avg100  135.09 | grasp100  51.0% | best 0.620 |     29 st/s
    done(50): success=25 t_flicker=21 t_touched=4
Ep 10250 | score   23.24 | avg100  133.50 | grasp100  51.0% | best 0.620 |     29 st/s
    done(50): success=26 t_flicker=21 t_touched=2 t_no_reach=1
Ep 10300 | score   29.04 | avg100  139.52 | grasp100  56.0% | best 0.620 |     29 st/s
    done(50): success=30 t_flicker=13 t_touched=6 t_no_reach=1
Ep 10350 | score   54.19 | avg100  148.65 | grasp100  62.0% | best 0.620 |     29 st/s
    done(50): success=32 t_flicker=13 t_touched=2 t_no_reach=3
Ep 10400 | score  243.44 | avg100  143.10 | grasp100  57.0% | best 0.620 |     29 st/s
    done(50): success=25 t_flicker=21 t_touched=4
Ep 10450 | score   60.41 | avg100  136.32 | grasp100  52.0% | best 0.620 |     29 st/s
    done(50): success=27 t_flicker=18 t_touched=5
Ep 10500 | score  206.76 | avg100  132.28 | grasp100  51.0% | best 0.620 |     29 st/s
    done(50): success=24 t_flicker=22 t_touched=3 t_no_reach=1
Ep 10550 | score   67.62 | avg100  131.52 | grasp100  51.0% | best 0.620 |     29 st/s
    done(50): success=27 t_flicker=20 t_touched=3
Ep 10600 | score  209.57 | avg100  140.04 | grasp100  55.0% | best 0.620 |     29 st/s
    done(50): success=28 t_flicker=19 t_touched=2 t_no_reach=1
Ep 10650 | score   56.09 | avg100  135.92 | grasp100  51.0% | best 0.620 |     29 st/s
    done(50): success=23 t_flicker=24 t_touched=3
Ep 10700 | score  205.78 | avg100  129.02 | grasp100  47.0% | best 0.620 |     29 st/s
    done(50): success=24 t_flicker=21 t_touched=2 t_no_reach=3
  [primacy-bias reset of critic heads @ 175000 updates]
Ep 10750 | score    2.27 | avg100  130.09 | grasp100  50.0% | best 0.620 |     29 st/s
    done(50): success=26 t_flicker=19 t_touched=4 t_no_reach=1
Ep 10800 | score  206.53 | avg100  118.66 | grasp100  47.0% | best 0.620 |     29 st/s
    done(50): success=21 t_flicker=18 t_touched=8 t_no_reach=3
Ep 10850 | score   36.49 | avg100   79.29 | grasp100  27.0% | best 0.620 |     29 st/s
    done(50): success=6 t_flicker=24 t_touched=13 t_no_reach=7
Ep 10900 | score   18.05 | avg100   62.40 | grasp100  18.0% | best 0.620 |     29 st/s
    done(50): success=12 t_flicker=21 t_touched=4 t_no_reach=13
Ep 10950 | score  205.76 | avg100   80.87 | grasp100  26.0% | best 0.620 |     29 st/s
    done(50): success=14 t_flicker=24 t_touched=8 t_no_reach=4
Ep 11000 | score  205.03 | avg100   99.60 | grasp100  34.0% | best 0.620 |     29 st/s
    done(50): success=20 t_flicker=21 t_touched=9
Ep 11050 | score  -18.28 | avg100  100.80 | grasp100  35.0% | best 0.620 |     29 st/s
    done(50): success=15 t_flicker=24 t_touched=8 t_no_reach=3
Ep 11100 | score   69.06 | avg100  112.57 | grasp100  41.0% | best 0.620 |     29 st/s
    done(50): success=26 t_flicker=20 t_touched=4
Ep 11150 | score   61.61 | avg100  137.87 | grasp100  55.0% | best 0.620 |     29 st/s
    done(50): success=29 t_flicker=16 t_touched=5
Ep 11200 | score  205.90 | avg100  137.28 | grasp100  55.0% | best 0.620 |     29 st/s
    done(50): success=26 t_flicker=23 t_no_reach=1
Ep 11250 | score  208.24 | avg100  140.09 | grasp100  56.0% | best 0.620 |     29 st/s
    done(50): success=30 t_flicker=16 t_touched=4
Ep 11300 | score   32.53 | avg100  140.31 | grasp100  56.0% | best 0.620 |     29 st/s
    done(50): success=26 t_flicker=20 t_touched=4
Ep 11350 | score   38.69 | avg100  141.53 | grasp100  57.0% | best 0.620 |     29 st/s
    done(50): success=31 t_flicker=14 t_touched=4 t_no_reach=1
Ep 11400 | score   14.07 | avg100  143.26 | grasp100  56.0% | best 0.620 |     29 st/s
    done(50): success=25 t_flicker=20 t_touched=4 t_no_reach=1
Ep 11450 | score   57.74 | avg100  145.41 | grasp100  58.0% | best 0.620 |     29 st/s
    done(50): success=33 t_flicker=12 t_touched=5
Ep 11500 | score  205.41 | avg100  160.66 | grasp100  69.0% | best 0.620 |     29 st/s
    done(50): success=36 t_flicker=11 t_touched=2 t_no_reach=1
Ep 11550 | score  207.86 | avg100  153.64 | grasp100  63.0% | best 0.620 |     29 st/s
    done(50): success=27 t_flicker=18 t_touched=4 t_no_reach=1
Ep 11590 | * BEST  level200=2.00 grasp200= 63.5% metric=0.635 | score  210.09
Ep 11600 | score   26.21 | avg100  146.45 | grasp100  58.0% | best 0.635 |     29 st/s
    done(50): success=31 t_flicker=17 t_touched=1 t_no_reach=1
Ep 11650 | score  206.46 | avg100  147.73 | grasp100  60.0% | best 0.635 |     29 st/s
    done(50): success=29 t_flicker=20 t_touched=1
Ep 11700 | score  103.44 | avg100  144.37 | grasp100  58.0% | best 0.635 |     29 st/s
    done(50): success=29 t_flicker=20 t_no_reach=1
Ep 11750 | score  207.97 | avg100  145.45 | grasp100  59.0% | best 0.635 |     29 st/s
    done(50): success=30 t_flicker=15 t_touched=4 t_no_reach=1
Ep 11800 | score  207.42 | avg100  150.12 | grasp100  62.0% | best 0.635 |     29 st/s
    done(50): success=32 t_flicker=15 t_touched=2 t_no_reach=1
Ep 11850 | score   35.12 | avg100  143.37 | grasp100  56.0% | best 0.635 |     29 st/s
    done(50): success=24 t_flicker=23 t_touched=3
Ep 11900 | score  205.39 | avg100  140.73 | grasp100  54.0% | best 0.635 |     29 st/s
    done(50): success=30 t_flicker=16 t_touched=4
Ep 11950 | score   25.80 | avg100  156.39 | grasp100  65.0% | best 0.635 |     29 st/s
    done(50): success=35 t_flicker=15
Ep 12000 | score  205.96 | avg100  154.69 | grasp100  64.0% | best 0.635 |     29 st/s
    done(50): success=29 t_flicker=17 t_touched=3 t_no_reach=1
Ep 12050 | score  205.33 | avg100  140.64 | grasp100  56.0% | best 0.635 |     29 st/s
    done(50): success=27 t_flicker=16 t_touched=4 t_no_reach=3
Ep 12100 | score   60.32 | avg100  136.89 | grasp100  56.0% | best 0.635 |     29 st/s
    done(50): success=29 t_flicker=12 t_touched=7 t_no_reach=2
Ep 12150 | score  208.37 | avg100  137.79 | grasp100  57.0% | best 0.635 |     29 st/s
    done(50): success=28 t_flicker=17 t_touched=5
Ep 12200 | score   60.84 | avg100  128.23 | grasp100  51.0% | best 0.635 |     29 st/s
    done(50): success=23 t_flicker=21 t_touched=5 t_no_reach=1
Ep 12250 | score   38.57 | avg100  130.23 | grasp100  51.0% | best 0.635 |     29 st/s
    done(50): success=28 t_flicker=18 t_touched=4
Ep 12300 | score   24.06 | avg100  145.33 | grasp100  60.0% | best 0.635 |     29 st/s
    done(50): success=32 t_flicker=10 t_touched=8
  [primacy-bias reset of critic heads @ 200000 updates]
Ep 12350 | score    1.83 | avg100   91.43 | grasp100  37.0% | best 0.635 |     29 st/s
    done(50): success=5 t_flicker=16 t_touched=13 t_no_reach=16
Ep 12400 | score    8.37 | avg100   28.80 | grasp100   7.0% | best 0.635 |     29 st/s
    done(50): success=2 t_flicker=14 t_touched=18 t_no_reach=16
Ep 12450 | score   62.45 | avg100   41.38 | grasp100  11.0% | best 0.635 |     29 st/s
    done(50): success=9 t_flicker=20 t_touched=10 t_no_reach=11
Ep 12500 | score   81.49 | avg100   74.24 | grasp100  26.0% | best 0.635 |     29 st/s
    done(50): success=17 t_flicker=22 t_touched=6 t_no_reach=5
Ep 12550 | score  208.34 | avg100  105.76 | grasp100  41.0% | best 0.635 |     29 st/s
    done(50): success=24 t_flicker=21 t_touched=3 t_no_reach=2
Ep 12600 | score   75.70 | avg100  115.11 | grasp100  43.0% | best 0.635 |     29 st/s
    done(50): success=19 t_flicker=23 t_touched=6 t_no_reach=2
Ep 12650 | score  209.37 | avg100  114.37 | grasp100  43.0% | best 0.635 |     29 st/s
    done(50): success=24 t_flicker=14 t_touched=8 t_no_reach=4
Ep 12700 | score   60.77 | avg100  124.51 | grasp100  50.0% | best 0.635 |     29 st/s
    done(50): success=26 t_flicker=13 t_touched=8 t_no_reach=3
Ep 12750 | score   85.00 | avg100  137.52 | grasp100  56.0% | best 0.635 |     29 st/s
    done(50): success=30 t_flicker=18 t_touched=2
Ep 12800 | score  207.05 | avg100  150.71 | grasp100  61.0% | best 0.635 |     29 st/s
    done(50): success=31 t_flicker=15 t_touched=3 t_no_reach=1
Ep 12850 | score   37.68 | avg100  139.04 | grasp100  52.0% | best 0.635 |     29 st/s
    done(50): success=21 t_flicker=26 t_touched=2 t_no_reach=1
Ep 12900 | score   59.24 | avg100  141.52 | grasp100  55.0% | best 0.635 |     29 st/s
    done(50): success=34 t_flicker=15 t_touched=1
Ep 12950 | score  205.78 | avg100  143.34 | grasp100  58.0% | best 0.635 |     29 st/s
    done(50): success=24 t_flicker=19 t_touched=4 t_no_reach=3
Ep 13000 | score  204.37 | avg100  125.86 | grasp100  48.0% | best 0.635 |     29 st/s
    done(50): success=24 t_flicker=19 t_touched=5 t_no_reach=2
Ep 13050 | score   56.64 | avg100  133.75 | grasp100  51.0% | best 0.635 |     29 st/s
    done(50): success=27 t_flicker=20 t_touched=2 t_no_reach=1
Ep 13100 | score   96.90 | avg100  136.79 | grasp100  51.0% | best 0.635 |     29 st/s
    done(50): success=24 t_flicker=24 t_touched=1 t_no_reach=1
Ep 13150 | score  206.89 | avg100  138.39 | grasp100  54.0% | best 0.635 |     29 st/s
    done(50): success=30 t_flicker=18 t_touched=1 t_no_reach=1
Ep 13200 | score  205.96 | avg100  133.07 | grasp100  51.0% | best 0.635 |     29 st/s
    done(50): success=21 t_flicker=25 t_touched=4
Ep 13250 | score  210.24 | avg100  121.78 | grasp100  42.0% | best 0.635 |     29 st/s
    done(50): success=21 t_flicker=22 t_touched=6 t_no_reach=1
Ep 13300 | score  -11.02 | avg100  139.85 | grasp100  54.0% | best 0.635 |     29 st/s
    done(50): success=33 t_flicker=15 t_touched=2
Ep 13350 | score  205.23 | avg100  153.05 | grasp100  63.0% | best 0.635 |     29 st/s
    done(50): success=30 t_flicker=18 t_touched=2
Ep 13400 | score  209.67 | avg100  146.62 | grasp100  60.0% | best 0.635 |     29 st/s
    done(50): success=30 t_flicker=13 t_touched=6 t_no_reach=1
Ep 13450 | score   88.29 | avg100  138.18 | grasp100  56.0% | best 0.635 |     29 st/s
    done(50): success=26 t_flicker=19 t_touched=5
Ep 13500 | score  207.85 | avg100  139.37 | grasp100  56.0% | best 0.635 |     29 st/s
    done(50): success=30 t_flicker=16 t_touched=2 t_no_reach=2
Ep 13550 | score   55.10 | avg100  154.88 | grasp100  65.0% | best 0.635 |     29 st/s
    done(50): success=35 t_flicker=11 t_touched=3 t_no_reach=1
Ep 13600 | score  208.13 | avg100  149.14 | grasp100  62.0% | best 0.635 |     29 st/s
    done(50): success=27 t_flicker=17 t_touched=6
Ep 13650 | score   41.03 | avg100  144.09 | grasp100  58.0% | best 0.635 |     29 st/s
    done(50): success=31 t_flicker=16 t_touched=2 t_no_reach=1
Ep 13700 | score   30.94 | avg100  145.22 | grasp100  57.0% | best 0.635 |     29 st/s
    done(50): success=26 t_flicker=21 t_touched=3
Ep 13750 | score  198.10 | avg100  156.26 | grasp100  66.0% | best 0.635 |     29 st/s
    done(50): success=40 t_flicker=8 t_touched=1 t_no_reach=1
Ep 13800 | score   89.06 | avg100  155.69 | grasp100  66.0% | best 0.635 |     29 st/s
    done(50): success=26 t_flicker=21 t_touched=1 t_no_reach=2
  [primacy-bias reset of critic heads @ 225000 updates]
Ep 13850 | score   54.51 | avg100  121.14 | grasp100  47.0% | best 0.635 |     29 st/s
    done(50): success=21 t_flicker=17 t_touched=3 t_no_reach=9
Ep 13900 | score   23.42 | avg100   56.43 | grasp100  22.0% | best 0.635 |     29 st/s
    done(50): success=1 t_flicker=16 t_touched=5 t_no_reach=28
Ep 13950 | score   41.13 | avg100   25.13 | grasp100   7.0% | best 0.635 |     29 st/s
    done(50): success=6 t_flicker=19 t_touched=11 t_no_reach=14
Ep 14000 | score   29.35 | avg100   59.89 | grasp100  19.0% | best 0.635 |     29 st/s
    done(50): success=13 t_flicker=20 t_touched=13 t_no_reach=4
Ep 14050 | score   33.36 | avg100   97.22 | grasp100  36.0% | best 0.635 |     29 st/s
    done(50): success=23 t_flicker=20 t_touched=7
Ep 14100 | score   35.41 | avg100  118.69 | grasp100  46.0% | best 0.635 |     29 st/s
    done(50): success=23 t_flicker=16 t_touched=9 t_no_reach=2
Ep 14150 | score   81.17 | avg100  123.68 | grasp100  48.0% | best 0.635 |     29 st/s
    done(50): success=25 t_flicker=18 t_touched=5 t_no_reach=2
Ep 14200 | score    4.52 | avg100  134.99 | grasp100  55.0% | best 0.635 |     29 st/s
    done(50): success=30 t_flicker=14 t_touched=5 t_no_reach=1
Ep 14250 | score  206.16 | avg100  140.42 | grasp100  59.0% | best 0.635 |     29 st/s
    done(50): success=29 t_flicker=15 t_touched=4 t_no_reach=2
Ep 14300 | score  209.37 | avg100  144.83 | grasp100  60.0% | best 0.635 |     29 st/s
    done(50): success=31 t_flicker=13 t_touched=4 t_no_reach=2
Ep 14350 | score   71.90 | avg100  147.61 | grasp100  59.0% | best 0.635 |     29 st/s
    done(50): success=28 t_flicker=21 t_touched=1
Ep 14400 | score   55.71 | avg100  148.29 | grasp100  59.0% | best 0.635 |     29 st/s
    done(50): success=31 t_flicker=18 t_touched=1
Ep 14450 | score  206.13 | avg100  145.91 | grasp100  58.0% | best 0.635 |     29 st/s
    done(50): success=27 t_flicker=22 t_touched=1
Ep 14500 | score  236.96 | avg100  143.77 | grasp100  56.0% | best 0.635 |     29 st/s
    done(50): success=29 t_flicker=19 t_touched=2
Ep 14550 | score   55.90 | avg100  140.86 | grasp100  56.0% | best 0.635 |     29 st/s
    done(50): success=27 t_flicker=18 t_touched=4 t_no_reach=1
Ep 14600 | score   54.15 | avg100  158.65 | grasp100  67.0% | best 0.635 |     29 st/s
    done(50): success=40 t_flicker=9 t_touched=1
Ep 14619 | * BEST  level200=2.00 grasp200= 65.0% metric=0.650 | score  209.34
Ep 14642 | * BEST  level200=2.00 grasp200= 66.5% metric=0.665 | score  206.15
Ep 14650 | score  207.00 | avg100  177.28 | grasp100  77.0% | best 0.665 |     29 st/s
    done(50): success=37 t_flicker=10 t_touched=3
Ep 14664 | * BEST  level200=2.00 grasp200= 68.0% metric=0.680 | score  208.61
Ep 14672 | * BEST  level200=2.00 grasp200= 69.5% metric=0.695 | score  267.83
Ep 14700 | score  210.16 | avg100  154.80 | grasp100  65.0% | best 0.695 |     29 st/s
    done(50): success=28 t_flicker=19 t_touched=2 t_no_reach=1
Ep 14750 | score  -22.38 | avg100  143.09 | grasp100  58.0% | best 0.695 |     29 st/s
    done(50): success=30 t_flicker=17 t_touched=1 t_no_reach=2
Ep 14800 | score  207.90 | avg100  157.30 | grasp100  65.0% | best 0.695 |     29 st/s
    done(50): success=35 t_flicker=14 t_touched=1
Ep 14850 | score   -6.23 | avg100  162.43 | grasp100  69.0% | best 0.695 |     29 st/s
    done(50): success=34 t_flicker=11 t_touched=5
Ep 14900 | score  235.38 | avg100  161.84 | grasp100  70.0% | best 0.695 |     29 st/s
    done(50): success=36 t_flicker=11 t_touched=3
Ep 14950 | score  210.84 | avg100  144.03 | grasp100  58.0% | best 0.695 |     29 st/s
    done(50): success=22 t_flicker=23 t_touched=5
Ep 15000 | score   54.92 | avg100  133.77 | grasp100  51.0% | best 0.695 |     29 st/s
    done(50): success=29 t_flicker=17 t_touched=3 t_no_reach=1
Ep 15050 | score  207.14 | avg100  135.57 | grasp100  51.0% | best 0.695 |     29 st/s
    done(50): success=22 t_flicker=25 t_touched=2 t_no_reach=1
Ep 15100 | score   92.14 | avg100  125.21 | grasp100  45.0% | best 0.695 |     29 st/s
    done(50): success=23 t_flicker=20 t_touched=6 t_no_reach=1
Ep 15150 | score  211.68 | avg100  124.94 | grasp100  47.0% | best 0.695 |     29 st/s
    done(50): success=24 t_flicker=22 t_touched=3 t_no_reach=1
Ep 15200 | score  206.89 | avg100  136.16 | grasp100  55.0% | best 0.695 |     29 st/s
    done(50): success=31 t_flicker=13 t_touched=6
Ep 15250 | score  208.19 | avg100  149.03 | grasp100  61.0% | best 0.695 |     29 st/s
    done(50): success=30 t_flicker=19 t_no_reach=1
Ep 15300 | score  205.32 | avg100  154.69 | grasp100  64.0% | best 0.695 |     29 st/s
    done(50): success=34 t_flicker=15 t_touched=1
Ep 15350 | score  205.53 | avg100  153.43 | grasp100  64.0% | best 0.695 |     29 st/s
    done(50): success=30 t_flicker=16 t_touched=4
Ep 15400 | score  206.27 | avg100  147.48 | grasp100  59.0% | best 0.695 |     29 st/s
    done(50): success=29 t_flicker=16 t_touched=4 t_no_reach=1
  [primacy-bias reset of critic heads @ 250000 updates]
Ep 15450 | score    5.07 | avg100  102.00 | grasp100  38.0% | best 0.695 |     29 st/s
    done(50): success=9 t_flicker=18 t_touched=15 t_no_reach=8
Ep 15500 | score   62.28 | avg100   38.27 | grasp100   9.0% | best 0.695 |     29 st/s
    done(50): t_flicker=23 t_touched=16 t_no_reach=11
Ep 15550 | score   11.94 | avg100   27.39 | grasp100   3.0% | best 0.695 |     29 st/s
    done(50): success=3 t_flicker=24 t_touched=13 t_no_reach=10
Ep 15600 | score   29.50 | avg100   55.41 | grasp100  15.0% | best 0.695 |     29 st/s
    done(50): success=12 t_flicker=23 t_touched=8 t_no_reach=7
Ep 15650 | score  206.69 | avg100  101.45 | grasp100  39.0% | best 0.695 |     29 st/s
    done(50): success=27 t_flicker=14 t_touched=7 t_no_reach=2
Ep 15700 | score   63.02 | avg100  123.62 | grasp100  51.0% | best 0.695 |     29 st/s
    done(50): success=24 t_flicker=18 t_touched=4 t_no_reach=4
Ep 15750 | score   71.73 | avg100  119.14 | grasp100  46.0% | best 0.695 |     29 st/s
    done(50): success=22 t_flicker=21 t_touched=6 t_no_reach=1
Ep 15800 | score   18.09 | avg100  129.94 | grasp100  50.0% | best 0.695 |     29 st/s
    done(50): success=28 t_flicker=16 t_touched=6
Ep 15850 | score   63.63 | avg100  137.55 | grasp100  54.0% | best 0.695 |     29 st/s
    done(50): success=26 t_flicker=21 t_touched=2 t_no_reach=1
Ep 15900 | score   75.26 | avg100  136.96 | grasp100  53.0% | best 0.695 |     29 st/s
    done(50): success=27 t_flicker=17 t_touched=6
Ep 15950 | score  208.83 | avg100  140.66 | grasp100  55.0% | best 0.695 |     29 st/s
    done(50): success=28 t_flicker=18 t_touched=2 t_no_reach=2
Ep 16000 | score   90.64 | avg100  125.81 | grasp100  46.0% | best 0.695 |     29 st/s
    done(50): success=18 t_flicker=25 t_touched=5 t_no_reach=2
Ep 16050 | score   56.60 | avg100  134.20 | grasp100  50.0% | best 0.695 |     29 st/s
    done(50): success=32 t_flicker=16 t_touched=2
Ep 16100 | score   64.92 | avg100  137.15 | grasp100  52.0% | best 0.695 |     29 st/s
    done(50): success=20 t_flicker=26 t_touched=3 t_no_reach=1
Ep 16150 | score   28.87 | avg100  129.20 | grasp100  49.0% | best 0.695 |     29 st/s
    done(50): success=29 t_flicker=17 t_touched=3 t_no_reach=1
Ep 16200 | score   10.08 | avg100  138.52 | grasp100  55.0% | best 0.695 |     29 st/s
    done(50): success=26 t_flicker=20 t_touched=2 t_no_reach=2
Ep 16250 | score  207.57 | avg100  138.65 | grasp100  55.0% | best 0.695 |     29 st/s
    done(50): success=29 t_flicker=16 t_touched=3 t_no_reach=2
Ep 16300 | score  205.56 | avg100  148.87 | grasp100  60.0% | best 0.695 |     29 st/s
    done(50): success=31 t_flicker=17 t_touched=2
Ep 16350 | score  205.35 | avg100  159.68 | grasp100  66.0% | best 0.695 |     29 st/s
    done(50): success=35 t_flicker=12 t_touched=3
Ep 16400 | score  207.97 | avg100  161.92 | grasp100  67.0% | best 0.695 |     29 st/s
    done(50): success=32 t_flicker=16 t_touched=1 t_no_reach=1
Ep 16450 | score   73.61 | avg100  156.39 | grasp100  64.0% | best 0.695 |     29 st/s
    done(50): success=32 t_flicker=12 t_touched=6
Ep 16500 | score  206.63 | avg100  145.61 | grasp100  59.0% | best 0.695 |     29 st/s
    done(50): success=27 t_flicker=17 t_touched=5 t_no_reach=1
Ep 16550 | score   55.84 | avg100  133.99 | grasp100  53.0% | best 0.695 |     29 st/s
    done(50): success=26 t_flicker=15 t_touched=8 t_no_reach=1
Ep 16600 | score   58.49 | avg100  139.48 | grasp100  56.0% | best 0.695 |     29 st/s
    done(50): success=30 t_flicker=16 t_touched=4
Ep 16650 | score  208.02 | avg100  157.10 | grasp100  65.0% | best 0.695 |     29 st/s
    done(50): success=35 t_flicker=15
Ep 16700 | score  207.30 | avg100  155.10 | grasp100  65.0% | best 0.695 |     29 st/s
    done(50): success=30 t_flicker=15 t_touched=5
Ep 16750 | score   53.95 | avg100  145.26 | grasp100  60.0% | best 0.695 |     29 st/s
    done(50): success=30 t_flicker=15 t_touched=5
Ep 16800 | score  207.14 | avg100  156.44 | grasp100  66.0% | best 0.695 |     29 st/s
    done(50): success=36 t_flicker=12 t_touched=2
Ep 16850 | score  208.15 | avg100  158.42 | grasp100  67.0% | best 0.695 |     29 st/s
    done(50): success=31 t_flicker=18 t_touched=1
Ep 16900 | score  209.16 | avg100  142.26 | grasp100  57.0% | best 0.695 |     29 st/s
    done(50): success=26 t_flicker=20 t_touched=4
Ep 16950 | score  205.32 | avg100  138.91 | grasp100  54.0% | best 0.695 |     29 st/s
    done(50): success=28 t_flicker=16 t_touched=6
  [primacy-bias reset of critic heads @ 275000 updates]
Ep 17000 | score  -26.99 | avg100  113.53 | grasp100  46.0% | best 0.695 |     29 st/s
    done(50): success=18 t_flicker=8 t_touched=12 t_no_reach=12
Ep 17050 | score   11.63 | avg100   73.82 | grasp100  32.0% | best 0.695 |     29 st/s
    done(50): success=14 t_flicker=13 t_touched=9 t_no_reach=14
Ep 17100 | score  201.86 | avg100   72.72 | grasp100  30.0% | best 0.695 |     29 st/s
    done(50): success=16 t_flicker=19 t_touched=9 t_no_reach=6
Ep 17150 | score  205.45 | avg100   94.25 | grasp100  38.0% | best 0.695 |     29 st/s
    done(50): success=22 t_flicker=15 t_touched=10 t_no_reach=3
Ep 17200 | score  207.01 | avg100  112.81 | grasp100  45.0% | best 0.695 |     29 st/s
    done(50): success=23 t_flicker=20 t_touched=5 t_no_reach=2
Ep 17250 | score   33.78 | avg100  123.71 | grasp100  49.0% | best 0.695 |     29 st/s
    done(50): success=26 t_flicker=12 t_touched=10 t_no_reach=2
Ep 17300 | score  205.16 | avg100  133.35 | grasp100  54.0% | best 0.695 |     29 st/s
    done(50): success=28 t_flicker=12 t_touched=10
Ep 17350 | score  207.57 | avg100  139.72 | grasp100  56.0% | best 0.695 |     29 st/s
    done(50): success=28 t_flicker=18 t_touched=3 t_no_reach=1
Ep 17400 | score  208.22 | avg100  140.29 | grasp100  57.0% | best 0.695 |     29 st/s
    done(50): success=29 t_flicker=16 t_touched=3 t_no_reach=2
Ep 17450 | score  206.36 | avg100  141.86 | grasp100  58.0% | best 0.695 |     29 st/s
    done(50): success=29 t_flicker=18 t_touched=3
Ep 17500 | score  206.97 | avg100  148.47 | grasp100  61.0% | best 0.695 |     29 st/s
    done(50): success=32 t_flicker=16 t_touched=1 t_no_reach=1
Ep 17550 | score  205.88 | avg100  140.56 | grasp100  57.0% | best 0.695 |     29 st/s
    done(50): success=25 t_flicker=19 t_touched=6
Ep 17600 | score  207.92 | avg100  137.26 | grasp100  54.0% | best 0.695 |     29 st/s
    done(50): success=29 t_flicker=17 t_touched=4
Ep 17650 | score  205.52 | avg100  150.45 | grasp100  60.0% | best 0.695 |     29 st/s
    done(50): success=31 t_flicker=17 t_touched=2
Ep 17700 | score  205.63 | avg100  153.38 | grasp100  62.0% | best 0.695 |     29 st/s
    done(50): success=31 t_flicker=15 t_touched=3 t_no_reach=1
Ep 17750 | score   56.00 | avg100  152.85 | grasp100  62.0% | best 0.695 |     29 st/s
    done(50): success=31 t_flicker=16 t_touched=2 t_no_reach=1
Ep 17800 | score  206.67 | avg100  143.03 | grasp100  56.0% | best 0.695 |     29 st/s
    done(50): success=25 t_flicker=21 t_touched=4
Ep 17850 | score  208.68 | avg100  132.73 | grasp100  50.0% | best 0.695 |     29 st/s
    done(50): success=25 t_flicker=24 t_no_reach=1
Ep 17900 | score   35.37 | avg100  153.57 | grasp100  63.0% | best 0.695 |     29 st/s
    done(50): success=38 t_flicker=8 t_touched=4
Ep 17950 | score   32.21 | avg100  152.89 | grasp100  63.0% | best 0.695 |     29 st/s
    done(50): success=25 t_flicker=22 t_touched=2 t_no_reach=1
Ep 18000 | score   56.34 | avg100  137.96 | grasp100  54.0% | best 0.695 |     29 st/s
    done(50): success=29 t_flicker=18 t_touched=2 t_no_reach=1
Ep 18050 | score  219.71 | avg100  147.63 | grasp100  60.0% | best 0.695 |     29 st/s
    done(50): success=31 t_flicker=16 t_touched=3
Ep 18100 | score   11.85 | avg100  142.33 | grasp100  58.0% | best 0.695 |     29 st/s
    done(50): success=27 t_flicker=18 t_touched=5
Ep 18150 | score  206.57 | avg100  145.81 | grasp100  60.0% | best 0.695 |     29 st/s
    done(50): success=33 t_flicker=15 t_touched=2
Ep 18200 | score   88.21 | avg100  154.09 | grasp100  63.0% | best 0.695 |     29 st/s
    done(50): success=30 t_flicker=19 t_touched=1
Ep 18250 | score   66.72 | avg100  138.01 | grasp100  53.0% | best 0.695 |     29 st/s
    done(50): success=23 t_flicker=24 t_touched=3
Ep 18300 | score   56.53 | avg100  131.53 | grasp100  50.0% | best 0.695 |     29 st/s
    done(50): success=27 t_flicker=16 t_touched=6 t_no_reach=1
Ep 18350 | score  208.90 | avg100  145.20 | grasp100  60.0% | best 0.695 |     29 st/s
    done(50): success=33 t_flicker=13 t_touched=4
Ep 18400 | score   27.05 | avg100  158.40 | grasp100  69.0% | best 0.695 |     29 st/s
    done(50): success=36 t_flicker=11 t_touched=2 t_no_reach=1
Ep 18450 | score   63.44 | avg100  149.40 | grasp100  62.0% | best 0.695 |     29 st/s
    done(50): success=26 t_flicker=16 t_touched=6 t_no_reach=2
Ep 18500 | score   13.00 | avg100  130.44 | grasp100  50.0% | best 0.695 |     29 st/s
    done(50): success=24 t_flicker=19 t_touched=4 t_no_reach=3
Ep 18550 | score  207.21 | avg100  135.67 | grasp100  54.0% | best 0.695 |     29 st/s
    done(50): success=30 t_flicker=15 t_touched=5
  [primacy-bias reset of critic heads @ 300000 updates]
Ep 18600 | score   97.42 | avg100  119.58 | grasp100  48.0% | best 0.695 |     29 st/s
    done(50): success=18 t_flicker=16 t_touched=7 t_no_reach=9
Ep 18650 | score   60.88 | avg100   52.41 | grasp100  19.0% | best 0.695 |     29 st/s
    done(50): success=1 t_flicker=14 t_touched=9 t_no_reach=26
Ep 18700 | score   54.74 | avg100   40.00 | grasp100  13.0% | best 0.695 |     29 st/s
    done(50): success=12 t_flicker=18 t_touched=12 t_no_reach=8
Ep 18750 | score  205.66 | avg100   85.85 | grasp100  31.0% | best 0.695 |     29 st/s
    done(50): success=19 t_flicker=22 t_touched=6 t_no_reach=3
Ep 18800 | score   62.96 | avg100  104.29 | grasp100  39.0% | best 0.695 |     29 st/s
    done(50): success=20 t_flicker=18 t_touched=9 t_no_reach=3
Ep 18850 | score   20.52 | avg100  120.50 | grasp100  48.0% | best 0.695 |     29 st/s
    done(50): success=28 t_flicker=15 t_touched=5 t_no_reach=2
Ep 18900 | score   42.29 | avg100  124.71 | grasp100  48.0% | best 0.695 |     29 st/s
    done(50): success=20 t_flicker=24 t_touched=6
Ep 18950 | score  207.61 | avg100  119.08 | grasp100  43.0% | best 0.695 |     29 st/s
    done(50): success=23 t_flicker=21 t_touched=6
Ep 19000 | score  277.56 | avg100  123.11 | grasp100  46.0% | best 0.695 |     29 st/s
    done(50): success=23 t_flicker=19 t_touched=6 t_no_reach=2
Ep 19050 | score   14.76 | avg100  126.52 | grasp100  49.0% | best 0.695 |     29 st/s
    done(50): success=26 t_flicker=19 t_touched=4 t_no_reach=1
Ep 19100 | score   42.37 | avg100  139.47 | grasp100  55.0% | best 0.695 |     29 st/s
    done(50): success=29 t_flicker=17 t_touched=4
Ep 19150 | score   28.93 | avg100  153.88 | grasp100  63.0% | best 0.695 |     29 st/s
    done(50): success=34 t_flicker=13 t_touched=2 t_no_reach=1
Ep 19200 | score  243.76 | avg100  155.21 | grasp100  65.0% | best 0.695 |     29 st/s
    done(50): success=31 t_flicker=17 t_touched=2
Ep 19250 | score  205.53 | avg100  152.69 | grasp100  63.0% | best 0.695 |     29 st/s
    done(50): success=32 t_flicker=13 t_touched=4 t_no_reach=1
Ep 19300 | score  205.72 | avg100  149.64 | grasp100  62.0% | best 0.695 |     29 st/s
    done(50): success=30 t_flicker=17 t_touched=2 t_no_reach=1
Ep 19350 | score  207.68 | avg100  140.05 | grasp100  57.0% | best 0.695 |     29 st/s
    done(50): success=27 t_flicker=16 t_touched=6 t_no_reach=1
Ep 19400 | score   82.48 | avg100  147.74 | grasp100  61.0% | best 0.695 |     29 st/s
    done(50): success=34 t_flicker=13 t_touched=1 t_no_reach=2
Ep 19450 | score  209.55 | avg100  164.51 | grasp100  71.0% | best 0.695 |     29 st/s
    done(50): success=37 t_flicker=9 t_touched=4
Ep 19500 | score   87.43 | avg100  166.47 | grasp100  71.0% | best 0.695 |     29 st/s
    done(50): success=34 t_flicker=15 t_touched=1
Ep 19550 | score   54.79 | avg100  157.52 | grasp100  66.0% | best 0.695 |     29 st/s
    done(50): success=32 t_flicker=15 t_touched=2 t_no_reach=1
Ep 19600 | score   61.38 | avg100  164.20 | grasp100  70.0% | best 0.695 |     29 st/s
    done(50): success=38 t_flicker=11 t_touched=1
Ep 19650 | score   49.31 | avg100  159.66 | grasp100  64.0% | best 0.695 |     29 st/s
    done(50): success=26 t_flicker=22 t_touched=2
Ep 19700 | score  111.76 | avg100  147.80 | grasp100  57.0% | best 0.695 |     29 st/s
    done(50): success=31 t_flicker=14 t_touched=5
Ep 19750 | score  206.34 | avg100  160.40 | grasp100  68.0% | best 0.695 |     29 st/s
    done(50): success=37 t_flicker=11 t_touched=2
Ep 19800 | score  101.55 | avg100  159.14 | grasp100  68.0% | best 0.695 |     29 st/s
    done(50): success=31 t_flicker=16 t_touched=3
Ep 19850 | score  208.69 | avg100  145.21 | grasp100  59.0% | best 0.695 |     29 st/s
    done(50): success=28 t_flicker=15 t_touched=6 t_no_reach=1
Ep 19900 | score   44.45 | avg100  138.34 | grasp100  54.0% | best 0.695 |     29 st/s
    done(50): success=26 t_flicker=19 t_touched=3 t_no_reach=2
Ep 19950 | score   57.74 | avg100  144.77 | grasp100  59.0% | best 0.695 |     29 st/s
    done(50): success=33 t_flicker=13 t_touched=2 t_no_reach=2
Ep 20000 | score   59.24 | avg100  154.09 | grasp100  66.0% | best 0.695 |     29 st/s
    done(50): success=33 t_flicker=13 t_touched=4
Ep 20050 | score   23.17 | avg100  158.02 | grasp100  68.0% | best 0.695 |     29 st/s
    done(50): success=35 t_flicker=10 t_touched=5
Ep 20100 | score  154.47 | avg100  150.38 | grasp100  62.0% | best 0.695 |     29 st/s
    done(50): success=27 t_flicker=17 t_touched=5 t_no_reach=1
Ep 20150 | score  205.93 | avg100  146.38 | grasp100  57.0% | best 0.695 |     29 st/s
    done(50): success=30 t_flicker=18 t_touched=2
  [primacy-bias reset of critic heads @ 325000 updates]
Ep 20200 | score  228.20 | avg100  143.49 | grasp100  58.0% | best 0.695 |     29 st/s
    done(50): success=28 t_flicker=14 t_touched=5 t_no_reach=3
Ep 20250 | score  -21.25 | avg100   96.77 | grasp100  40.0% | best 0.695 |     29 st/s
    done(50): success=12 t_flicker=10 t_touched=8 t_no_reach=20
Ep 20300 | score   14.26 | avg100   40.45 | grasp100  14.0% | best 0.695 |     29 st/s
    done(50): success=2 t_flicker=17 t_touched=12 t_no_reach=19
Ep 20350 | score  207.18 | avg100   44.79 | grasp100  11.0% | best 0.695 |     29 st/s
    done(50): success=9 t_flicker=23 t_touched=10 t_no_reach=8
Ep 20400 | score  205.35 | avg100   80.52 | grasp100  25.0% | best 0.695 |     29 st/s
    done(50): success=16 t_flicker=23 t_touched=7 t_no_reach=4
Ep 20450 | score   17.42 | avg100  101.49 | grasp100  37.0% | best 0.695 |     29 st/s
    done(50): success=21 t_flicker=22 t_touched=5 t_no_reach=2
Ep 20500 | score   43.27 | avg100  108.54 | grasp100  41.0% | best 0.695 |     29 st/s
    done(50): success=20 t_flicker=21 t_touched=6 t_no_reach=3
Ep 20550 | score  209.99 | avg100  123.83 | grasp100  50.0% | best 0.695 |     29 st/s
    done(50): success=30 t_flicker=15 t_touched=3 t_no_reach=2
Ep 20600 | score   29.30 | avg100  141.23 | grasp100  60.0% | best 0.695 |     29 st/s
    done(50): success=30 t_flicker=17 t_touched=3
Ep 20650 | score   69.22 | avg100  142.08 | grasp100  59.0% | best 0.695 |     29 st/s
    done(50): success=29 t_flicker=17 t_touched=4
Ep 20700 | score  206.12 | avg100  134.66 | grasp100  53.0% | best 0.695 |     29 st/s
    done(50): success=24 t_flicker=22 t_touched=4
Ep 20750 | score  208.28 | avg100  134.95 | grasp100  53.0% | best 0.695 |     29 st/s
    done(50): success=29 t_flicker=19 t_touched=2
Ep 20800 | score   63.12 | avg100  135.57 | grasp100  55.0% | best 0.695 |     29 st/s
    done(50): success=26 t_flicker=18 t_touched=5 t_no_reach=1
Ep 20850 | score  243.47 | avg100  146.33 | grasp100  62.0% | best 0.695 |     29 st/s
    done(50): success=36 t_flicker=10 t_touched=4
Ep 20900 | score  209.44 | avg100  165.17 | grasp100  71.0% | best 0.695 |     29 st/s
    done(50): success=35 t_flicker=12 t_touched=3
Ep 20950 | score   63.76 | avg100  160.36 | grasp100  68.0% | best 0.695 |     29 st/s
    done(50): success=33 t_flicker=11 t_touched=6
Ep 20996 | * BEST  level200=2.00 grasp200= 71.0% metric=0.710 | score  204.41
Ep 21000 | score   54.33 | avg100  161.44 | grasp100  70.0% | best 0.710 |     29 st/s
    done(50): success=37 t_flicker=10 t_touched=3
Ep 21050 | score   55.58 | avg100  159.68 | grasp100  68.0% | best 0.710 |     29 st/s
    done(50): success=31 t_flicker=17 t_touched=2
Ep 21100 | score   32.72 | avg100  149.52 | grasp100  61.0% | best 0.710 |     29 st/s
    done(50): success=30 t_flicker=18 t_touched=2
Ep 21150 | score   22.03 | avg100  148.77 | grasp100  60.0% | best 0.710 |     29 st/s
    done(50): success=30 t_flicker=16 t_touched=4
Ep 21200 | score   74.99 | avg100  151.17 | grasp100  62.0% | best 0.710 |     29 st/s
    done(50): success=32 t_flicker=13 t_touched=4 t_no_reach=1
Ep 21250 | score   34.00 | avg100  158.33 | grasp100  67.0% | best 0.710 |     29 st/s
    done(50): success=35 t_flicker=12 t_touched=3
Ep 21300 | score   23.08 | avg100  160.69 | grasp100  68.0% | best 0.710 |     29 st/s
    done(50): success=33 t_flicker=16 t_touched=1
Ep 21350 | score  218.21 | avg100  151.23 | grasp100  62.0% | best 0.710 |     29 st/s
    done(50): success=29 t_flicker=20 t_touched=1
Ep 21400 | score  205.13 | avg100  146.91 | grasp100  60.0% | best 0.710 |     29 st/s
    done(50): success=31 t_flicker=15 t_touched=3 t_no_reach=1
Ep 21450 | score   68.27 | avg100  161.83 | grasp100  69.0% | best 0.710 |     29 st/s
    done(50): success=38 t_flicker=11 t_no_reach=1
Ep 21500 | score  205.20 | avg100  166.11 | grasp100  71.0% | best 0.710 |     29 st/s
    done(50): success=33 t_flicker=17
Ep 21550 | score   55.49 | avg100  159.24 | grasp100  68.0% | best 0.710 |     29 st/s
    done(50): success=35 t_flicker=11 t_touched=3 t_no_reach=1
Ep 21600 | score   58.27 | avg100  165.40 | grasp100  72.0% | best 0.710 |     29 st/s
    done(50): success=37 t_flicker=11 t_touched=1 t_no_reach=1
Ep 21650 | score  211.58 | avg100  159.86 | grasp100  68.0% | best 0.710 |     29 st/s
    done(50): success=31 t_flicker=16 t_touched=2 t_no_reach=1
Ep 21700 | score   57.08 | avg100  143.25 | grasp100  58.0% | best 0.710 |     29 st/s
    done(50): success=27 t_flicker=18 t_touched=5
Ep 21750 | score  206.65 | avg100  138.79 | grasp100  55.0% | best 0.710 |     29 st/s
    done(50): success=28 t_flicker=15 t_touched=6 t_no_reach=1
Ep 21800 | score  206.71 | avg100  150.97 | grasp100  62.0% | best 0.710 |     29 st/s
    done(50): success=34 t_flicker=15 t_touched=1
  [primacy-bias reset of critic heads @ 350000 updates]
Ep 21850 | score  -12.70 | avg100   98.82 | grasp100  41.0% | best 0.710 |     29 st/s
    done(50): success=7 t_flicker=14 t_touched=8 t_no_reach=21
Ep 21900 | score   59.38 | avg100   39.70 | grasp100  15.0% | best 0.710 |     29 st/s
    done(50): success=8 t_flicker=12 t_touched=15 t_no_reach=15
Ep 21950 | score   91.74 | avg100   57.91 | grasp100  21.0% | best 0.710 |     29 st/s
    done(50): success=13 t_flicker=17 t_touched=11 t_no_reach=9
Ep 22000 | score   61.86 | avg100   92.96 | grasp100  36.0% | best 0.710 |     29 st/s
    done(50): success=23 t_flicker=13 t_touched=9 t_no_reach=5
Ep 22050 | score   56.85 | avg100  115.23 | grasp100  47.0% | best 0.710 |     29 st/s
    done(50): success=24 t_flicker=14 t_touched=9 t_no_reach=3
Ep 22100 | score   81.29 | avg100  117.40 | grasp100  45.0% | best 0.710 |     29 st/s
    done(50): success=21 t_flicker=22 t_touched=5 t_no_reach=2
Ep 22150 | score  206.76 | avg100  126.78 | grasp100  48.0% | best 0.710 |     29 st/s
    done(50): success=27 t_flicker=19 t_touched=3 t_no_reach=1
Ep 22200 | score  207.57 | avg100  140.20 | grasp100  56.0% | best 0.710 |     29 st/s
    done(50): success=29 t_flicker=20 t_touched=1
Ep 22250 | score  208.60 | avg100  155.83 | grasp100  66.0% | best 0.710 |     29 st/s
    done(50): success=37 t_flicker=11 t_touched=2
Ep 22300 | score  206.80 | avg100  152.35 | grasp100  64.0% | best 0.710 |     29 st/s
    done(50): success=27 t_flicker=16 t_touched=4 t_no_reach=3
Ep 22350 | score  207.77 | avg100  136.57 | grasp100  54.0% | best 0.710 |     29 st/s
    done(50): success=27 t_flicker=18 t_touched=4 t_no_reach=1
Ep 22400 | score   58.40 | avg100  143.87 | grasp100  58.0% | best 0.710 |     29 st/s
    done(50): success=31 t_flicker=17 t_touched=2
Ep 22450 | score  209.10 | avg100  153.77 | grasp100  64.0% | best 0.710 |     29 st/s
    done(50): success=33 t_flicker=14 t_touched=3
Ep 22500 | score  210.17 | avg100  148.99 | grasp100  63.0% | best 0.710 |     29 st/s
    done(50): success=30 t_flicker=14 t_touched=5 t_no_reach=1
Ep 22550 | score  210.25 | avg100  141.69 | grasp100  59.0% | best 0.710 |     29 st/s
    done(50): success=29 t_flicker=16 t_touched=4 t_no_reach=1
Ep 22600 | score  206.91 | avg100  147.32 | grasp100  61.0% | best 0.710 |     29 st/s
    done(50): success=32 t_flicker=16 t_touched=2
Ep 22650 | score  208.71 | avg100  152.88 | grasp100  64.0% | best 0.710 |     29 st/s
    done(50): success=32 t_flicker=15 t_touched=2 t_no_reach=1
Ep 22700 | score   57.33 | avg100  154.97 | grasp100  64.0% | best 0.710 |     29 st/s
    done(50): success=32 t_flicker=14 t_touched=3 t_no_reach=1
Ep 22750 | score  208.13 | avg100  160.17 | grasp100  68.0% | best 0.710 |     29 st/s
    done(50): success=36 t_flicker=11 t_touched=2 t_no_reach=1
Ep 22800 | score  206.56 | avg100  164.28 | grasp100  72.0% | best 0.710 |     29 st/s
    done(50): success=36 t_flicker=11 t_touched=2 t_no_reach=1
Ep 22850 | score   55.88 | avg100  162.39 | grasp100  71.0% | best 0.710 |     29 st/s
    done(50): success=35 t_flicker=12 t_touched=3
Ep 22900 | score  208.11 | avg100  159.85 | grasp100  70.0% | best 0.710 |     29 st/s
    done(50): success=35 t_flicker=11 t_touched=4
Ep 22912 | * BEST  level200=2.00 grasp200= 72.5% metric=0.725 | score  205.15
Ep 22950 | score  207.21 | avg100  164.41 | grasp100  70.0% | best 0.725 |     29 st/s
    done(50): success=35 t_flicker=15
Ep 23000 | score   79.04 | avg100  164.97 | grasp100  68.0% | best 0.725 |     29 st/s
    done(50): success=33 t_flicker=14 t_touched=3
Ep 23050 | score  206.38 | avg100  164.87 | grasp100  70.0% | best 0.725 |     29 st/s
    done(50): success=37 t_flicker=9 t_touched=4
Ep 23100 | score  206.34 | avg100  159.63 | grasp100  70.0% | best 0.725 |     29 st/s
    done(50): success=33 t_flicker=9 t_touched=7 t_no_reach=1
Ep 23150 | score   16.79 | avg100  158.61 | grasp100  68.0% | best 0.725 |     29 st/s
    done(50): success=35 t_flicker=15
Ep 23200 | score  114.13 | avg100  158.48 | grasp100  65.0% | best 0.725 |     29 st/s
    done(50): success=30 t_flicker=19 t_no_reach=1
Ep 23250 | score   57.32 | avg100  154.21 | grasp100  64.0% | best 0.725 |     29 st/s
    done(50): success=34 t_flicker=14 t_no_reach=2
Ep 23300 | score  209.43 | avg100  157.68 | grasp100  68.0% | best 0.725 |     29 st/s
    done(50): success=34 t_flicker=12 t_touched=3 t_no_reach=1
Ep 23350 | score  209.44 | avg100  151.17 | grasp100  62.0% | best 0.725 |     29 st/s
    done(50): success=28 t_flicker=19 t_touched=2 t_no_reach=1
Ep 23400 | score  232.48 | avg100  141.25 | grasp100  56.0% | best 0.725 |     29 st/s
    done(50): success=28 t_flicker=15 t_touched=5 t_no_reach=2
  [primacy-bias reset of critic heads @ 375000 updates]
Ep 23450 | score  203.52 | avg100  143.64 | grasp100  60.0% | best 0.725 |     29 st/s
    done(50): success=32 t_flicker=10 t_touched=7 t_no_reach=1
Ep 23500 | score  -12.32 | avg100   82.82 | grasp100  34.0% | best 0.725 |     29 st/s
    done(50): success=2 t_flicker=17 t_touched=13 t_no_reach=18
Ep 23550 | score   -7.51 | avg100   22.81 | grasp100   3.0% | best 0.725 |     29 st/s
    done(50): success=1 t_flicker=25 t_touched=14 t_no_reach=10
Ep 23600 | score   57.94 | avg100   44.95 | grasp100  10.0% | best 0.725 |     29 st/s
    done(50): success=9 t_flicker=20 t_touched=15 t_no_reach=6
Ep 23650 | score   81.38 | avg100   76.42 | grasp100  25.0% | best 0.725 |     29 st/s
    done(50): success=16 t_flicker=20 t_touched=12 t_no_reach=2
Ep 23700 | score  207.83 | avg100   96.35 | grasp100  34.0% | best 0.725 |     29 st/s
    done(50): success=18 t_flicker=20 t_touched=9 t_no_reach=3
Ep 23750 | score   15.31 | avg100  108.02 | grasp100  40.0% | best 0.725 |     29 st/s
    done(50): success=22 t_flicker=20 t_touched=7 t_no_reach=1
Ep 23800 | score  207.11 | avg100  125.27 | grasp100  49.0% | best 0.725 |     29 st/s
    done(50): success=27 t_flicker=20 t_touched=3
Ep 23850 | score  205.18 | avg100  126.34 | grasp100  49.0% | best 0.725 |     29 st/s
    done(50): success=22 t_flicker=21 t_touched=5 t_no_reach=2
Ep 23900 | score  206.70 | avg100  118.27 | grasp100  44.0% | best 0.725 |     29 st/s
    done(50): success=22 t_flicker=23 t_touched=5
Ep 23950 | score  207.01 | avg100  135.97 | grasp100  55.0% | best 0.725 |     29 st/s
    done(50): success=33 t_flicker=14 t_touched=3
Ep 24000 | score   57.04 | avg100  143.28 | grasp100  59.0% | best 0.725 |     29 st/s
    done(50): success=26 t_flicker=20 t_touched=2 t_no_reach=2
Ep 24050 | score   84.72 | avg100  139.32 | grasp100  54.0% | best 0.725 |     29 st/s
    done(50): success=28 t_flicker=21 t_touched=1
Ep 24100 | score  215.55 | avg100  144.35 | grasp100  58.0% | best 0.725 |     29 st/s
    done(50): success=30 t_flicker=14 t_touched=5 t_no_reach=1
Ep 24150 | score   29.93 | avg100  153.92 | grasp100  65.0% | best 0.725 |     29 st/s
    done(50): success=35 t_flicker=11 t_touched=4
Ep 24200 | score  207.75 | avg100  159.33 | grasp100  67.0% | best 0.725 |     29 st/s
    done(50): success=32 t_flicker=14 t_touched=2 t_no_reach=2
Ep 24250 | score  205.15 | avg100  143.21 | grasp100  58.0% | best 0.725 |     29 st/s
    done(50): success=26 t_flicker=18 t_touched=5 t_no_reach=1
Ep 24300 | score  209.68 | avg100  145.93 | grasp100  60.0% | best 0.725 |     29 st/s
    done(50): success=34 t_flicker=13 t_touched=3
Ep 24350 | score  206.40 | avg100  148.64 | grasp100  61.0% | best 0.725 |     29 st/s
    done(50): success=27 t_flicker=18 t_touched=3 t_no_reach=2
Ep 24400 | score  208.55 | avg100  149.05 | grasp100  60.0% | best 0.725 |     29 st/s
    done(50): success=33 t_flicker=15 t_touched=2
Ep 24450 | score  210.80 | avg100  151.65 | grasp100  63.0% | best 0.725 |     29 st/s
    done(50): success=30 t_flicker=16 t_touched=4
Ep 24500 | score  208.03 | avg100  140.23 | grasp100  58.0% | best 0.725 |     29 st/s
    done(50): success=28 t_flicker=15 t_touched=6 t_no_reach=1
Ep 24550 | score   56.79 | avg100  140.39 | grasp100  58.0% | best 0.725 |     29 st/s
    done(50): success=30 t_flicker=12 t_touched=8
Ep 24600 | score  143.88 | avg100  157.88 | grasp100  66.0% | best 0.725 |     29 st/s
    done(50): success=36 t_flicker=14
Ep 24650 | score   56.39 | avg100  160.89 | grasp100  66.0% | best 0.725 |     29 st/s
    done(50): success=30 t_flicker=19 t_touched=1
Ep 24700 | score   80.81 | avg100  157.78 | grasp100  65.0% | best 0.725 |     29 st/s
    done(50): success=35 t_flicker=13 t_touched=2
Ep 24750 | score  206.21 | avg100  153.45 | grasp100  63.0% | best 0.725 |     29 st/s
    done(50): success=28 t_flicker=16 t_touched=6
Ep 24800 | score  210.12 | avg100  151.38 | grasp100  63.0% | best 0.725 |     29 st/s
    done(50): success=35 t_flicker=12 t_touched=3
Ep 24850 | score  204.95 | avg100  163.58 | grasp100  71.0% | best 0.725 |     29 st/s
    done(50): success=36 t_flicker=12 t_touched=1 t_no_reach=1
Ep 24900 | score  206.29 | avg100  153.45 | grasp100  63.0% | best 0.725 |     29 st/s
    done(50): success=27 t_flicker=20 t_touched=3
Ep 24950 | score   83.47 | avg100  149.32 | grasp100  58.0% | best 0.725 |     29 st/s
    done(50): success=31 t_flicker=16 t_touched=3
Ep 25000 | score  206.79 | avg100  157.34 | grasp100  65.0% | best 0.725 |     29 st/s
    done(50): success=34 t_flicker=13 t_touched=2 t_no_reach=1
Ep 25050 | score   19.58 | avg100  149.62 | grasp100  64.0% | best 0.725 |     29 st/s
    done(50): success=30 t_flicker=9 t_touched=8 t_no_reach=3
  [primacy-bias reset of critic heads @ 400000 updates]
Ep 25100 | score   -2.78 | avg100  115.56 | grasp100  48.0% | best 0.725 |     29 st/s
    done(50): success=18 t_flicker=14 t_touched=11 t_no_reach=7
Ep 25150 | score  202.07 | avg100   55.39 | grasp100  22.0% | best 0.725 |     29 st/s
    done(50): success=4 t_flicker=11 t_touched=8 t_no_reach=27
Ep 25200 | score  204.76 | avg100   36.64 | grasp100  13.0% | best 0.725 |     29 st/s
    done(50): success=9 t_flicker=18 t_touched=11 t_no_reach=12
Ep 25250 | score   71.64 | avg100   63.80 | grasp100  21.0% | best 0.725 |     29 st/s
    done(50): success=12 t_flicker=23 t_touched=9 t_no_reach=6
Ep 25300 | score  206.58 | avg100   89.38 | grasp100  31.0% | best 0.725 |     29 st/s
    done(50): success=19 t_flicker=20 t_touched=6 t_no_reach=5
Ep 25350 | score  206.14 | avg100   99.70 | grasp100  34.0% | best 0.725 |     29 st/s
    done(50): success=15 t_flicker=27 t_touched=5 t_no_reach=3
Ep 25400 | score   60.33 | avg100  111.64 | grasp100  40.0% | best 0.725 |     29 st/s
    done(50): success=25 t_flicker=19 t_touched=4 t_no_reach=2
Ep 25450 | score  206.59 | avg100  140.80 | grasp100  58.0% | best 0.725 |     29 st/s
    done(50): success=33 t_flicker=13 t_touched=4
Ep 25500 | score  205.80 | avg100  147.91 | grasp100  62.0% | best 0.725 |     29 st/s
    done(50): success=29 t_flicker=16 t_touched=4 t_no_reach=1
Ep 25550 | score  206.38 | avg100  146.59 | grasp100  61.0% | best 0.725 |     29 st/s
    done(50): success=32 t_flicker=16 t_touched=2
Ep 25600 | score  215.15 | avg100  136.46 | grasp100  56.0% | best 0.725 |     29 st/s
    done(50): success=24 t_flicker=17 t_touched=8 t_no_reach=1
Ep 25650 | score  205.58 | avg100  130.85 | grasp100  53.0% | best 0.725 |     29 st/s
    done(50): success=29 t_flicker=17 t_touched=4
Ep 25700 | score   90.96 | avg100  146.53 | grasp100  61.0% | best 0.725 |     29 st/s
    done(50): success=32 t_flicker=14 t_touched=4
Ep 25750 | score  206.98 | avg100  143.07 | grasp100  58.0% | best 0.725 |     29 st/s
    done(50): success=26 t_flicker=20 t_touched=4
Ep 25800 | score   27.85 | avg100  131.58 | grasp100  51.0% | best 0.725 |     29 st/s
    done(50): success=25 t_flicker=19 t_touched=5 t_no_reach=1
Ep 25850 | score  208.09 | avg100  146.36 | grasp100  60.0% | best 0.725 |     29 st/s
    done(50): success=35 t_flicker=13 t_touched=1 t_no_reach=1
Ep 25900 | score  209.24 | avg100  151.96 | grasp100  64.0% | best 0.725 |     29 st/s
    done(50): success=29 t_flicker=11 t_touched=7 t_no_reach=3
Ep 25950 | score  207.13 | avg100  146.77 | grasp100  60.0% | best 0.725 |     29 st/s
    done(50): success=31 t_flicker=15 t_touched=3 t_no_reach=1
Ep 26000 | score   58.79 | avg100  156.93 | grasp100  65.0% | best 0.725 |     29 st/s
    done(50): success=34 t_flicker=16
Ep 26050 | score  205.23 | avg100  154.93 | grasp100  64.0% | best 0.725 |     29 st/s
    done(50): success=30 t_flicker=18 t_touched=2
Ep 26100 | score  205.90 | avg100  152.43 | grasp100  64.0% | best 0.725 |     29 st/s
    done(50): success=34 t_flicker=11 t_touched=3 t_no_reach=2
Ep 26150 | score  204.19 | avg100  151.53 | grasp100  64.0% | best 0.725 |     29 st/s
    done(50): success=30 t_flicker=16 t_touched=3 t_no_reach=1
Ep 26200 | score   68.66 | avg100  150.73 | grasp100  60.0% | best 0.725 |     29 st/s
    done(50): success=30 t_flicker=19 t_touched=1
Ep 26250 | score  231.69 | avg100  149.13 | grasp100  59.0% | best 0.725 |     29 st/s
    done(50): success=29 t_flicker=18 t_touched=2 t_no_reach=1
Ep 26300 | score  206.12 | avg100  155.46 | grasp100  66.0% | best 0.725 |     29 st/s
    done(50): success=37 t_flicker=12 t_touched=1
Ep 26350 | score   46.46 | avg100  171.91 | grasp100  75.0% | best 0.725 |     29 st/s
    done(50): success=38 t_flicker=11 t_touched=1
Ep 26400 | score  205.26 | avg100  155.49 | grasp100  65.0% | best 0.725 |     29 st/s
    done(50): success=27 t_flicker=18 t_touched=2 t_no_reach=3
Ep 26450 | score   73.85 | avg100  149.33 | grasp100  61.0% | best 0.725 |     29 st/s
    done(50): success=34 t_flicker=16
Ep 26500 | score  205.59 | avg100  155.27 | grasp100  66.0% | best 0.725 |     29 st/s
    done(50): success=32 t_flicker=13 t_touched=5
Ep 26550 | score  206.11 | avg100  144.48 | grasp100  62.0% | best 0.725 |     29 st/s
    done(50): success=30 t_flicker=16 t_touched=4
Ep 26600 | score  205.75 | avg100  142.70 | grasp100  61.0% | best 0.725 |     29 st/s
    done(50): success=31 t_flicker=13 t_touched=4 t_no_reach=2
Ep 26650 | score    9.26 | avg100  150.54 | grasp100  65.0% | best 0.725 |     29 st/s
    done(50): success=34 t_flicker=13 t_touched=2 t_no_reach=1
  [primacy-bias reset of critic heads @ 425000 updates]
Ep 26700 | score  -27.67 | avg100  110.79 | grasp100  49.0% | best 0.725 |     29 st/s
    done(50): success=15 t_flicker=7 t_touched=7 t_no_reach=21
Ep 26750 | score   58.71 | avg100   21.07 | grasp100  15.0% | best 0.725 |     29 st/s
    done(50): t_flicker=4 t_touched=1 t_no_reach=45
Ep 26800 | score  206.84 | avg100   -1.14 | grasp100   4.0% | best 0.725 |     29 st/s
    done(50): success=4 t_flicker=8 t_touched=9 t_no_reach=29
Ep 26850 | score   45.47 | avg100   42.04 | grasp100  14.0% | best 0.725 |     29 st/s
    done(50): success=10 t_flicker=17 t_touched=14 t_no_reach=9
Ep 26900 | score   40.56 | avg100   75.42 | grasp100  24.0% | best 0.725 |     29 st/s
    done(50): success=14 t_flicker=19 t_touched=9 t_no_reach=8
Ep 26950 | score  211.74 | avg100   99.03 | grasp100  34.0% | best 0.725 |     29 st/s
    done(50): success=20 t_flicker=27 t_touched=1 t_no_reach=2
Ep 27000 | score   58.11 | avg100  115.85 | grasp100  43.0% | best 0.725 |     29 st/s
    done(50): success=23 t_flicker=21 t_touched=4 t_no_reach=2
Ep 27050 | score  206.84 | avg100  122.66 | grasp100  45.0% | best 0.725 |     29 st/s
    done(50): success=22 t_flicker=25 t_touched=3
Ep 27100 | score   55.22 | avg100  134.15 | grasp100  50.0% | best 0.725 |     29 st/s
    done(50): success=28 t_flicker=19 t_touched=3
Ep 27150 | score  208.62 | avg100  147.77 | grasp100  60.0% | best 0.725 |     29 st/s
    done(50): success=32 t_flicker=14 t_touched=4
Ep 27200 | score  205.99 | avg100  156.43 | grasp100  66.0% | best 0.725 |     29 st/s
    done(50): success=34 t_flicker=12 t_touched=4
Ep 27250 | score  205.55 | avg100  147.40 | grasp100  61.0% | best 0.725 |     29 st/s
    done(50): success=27 t_flicker=18 t_touched=4 t_no_reach=1
Ep 27300 | score   57.97 | avg100  142.95 | grasp100  58.0% | best 0.725 |     29 st/s
    done(50): success=31 t_flicker=13 t_touched=6
Ep 27350 | score  215.65 | avg100  154.07 | grasp100  64.0% | best 0.725 |     29 st/s
    done(50): success=33 t_flicker=16 t_no_reach=1
Ep 27400 | score  221.88 | avg100  159.60 | grasp100  67.0% | best 0.725 |     29 st/s
    done(50): success=34 t_flicker=14 t_touched=2
Ep 27450 | score  218.06 | avg100  161.30 | grasp100  68.0% | best 0.725 |     29 st/s
    done(50): success=34 t_flicker=13 t_touched=2 t_no_reach=1
Ep 27500 | score  208.12 | avg100  162.14 | grasp100  68.0% | best 0.725 |     29 st/s
    done(50): success=34 t_flicker=14 t_touched=2
Ep 27550 | score   22.02 | avg100  164.55 | grasp100  68.0% | best 0.725 |     29 st/s
    done(50): success=34 t_flicker=13 t_touched=3
Ep 27600 | score   33.40 | avg100  161.85 | grasp100  67.0% | best 0.725 |     29 st/s
    done(50): success=33 t_flicker=15 t_touched=2
Ep 27650 | score  206.92 | avg100  164.39 | grasp100  71.0% | best 0.725 |     29 st/s
    done(50): success=38 t_flicker=9 t_touched=1 t_no_reach=2
Ep 27700 | score  208.89 | avg100  160.77 | grasp100  69.0% | best 0.725 |     29 st/s
    done(50): success=31 t_flicker=17 t_touched=2
Ep 27750 | score  208.60 | avg100  147.28 | grasp100  61.0% | best 0.725 |     29 st/s
    done(50): success=30 t_flicker=15 t_touched=5
Ep 27800 | score  208.42 | avg100  150.75 | grasp100  62.0% | best 0.725 |     29 st/s
    done(50): success=32 t_flicker=16 t_touched=2
Ep 27850 | score  206.83 | avg100  160.23 | grasp100  66.0% | best 0.725 |     29 st/s
    done(50): success=34 t_flicker=13 t_touched=1 t_no_reach=2
Ep 27900 | score  205.96 | avg100  160.00 | grasp100  67.0% | best 0.725 |     29 st/s
    done(50): success=33 t_flicker=12 t_touched=4 t_no_reach=1
Ep 27950 | score  259.16 | avg100  155.82 | grasp100  64.0% | best 0.725 |     29 st/s
    done(50): success=31 t_flicker=14 t_touched=3 t_no_reach=2
Ep 28000 | score   59.35 | avg100  158.34 | grasp100  65.0% | best 0.725 |     29 st/s
    done(50): success=34 t_flicker=13 t_touched=3
Ep 28050 | score  205.05 | avg100  163.45 | grasp100  69.0% | best 0.725 |     29 st/s
    done(50): success=35 t_flicker=11 t_touched=3 t_no_reach=1
Ep 28100 | score  206.52 | avg100  156.34 | grasp100  65.0% | best 0.725 |     29 st/s
    done(50): success=30 t_flicker=18 t_touched=1 t_no_reach=1
Ep 28150 | score  237.54 | avg100  145.35 | grasp100  57.0% | best 0.725 |     29 st/s
    done(50): success=27 t_flicker=19 t_touched=2 t_no_reach=2
Ep 28200 | score  209.42 | avg100  158.87 | grasp100  66.0% | best 0.725 |     29 st/s
    done(50): success=39 t_flicker=10 t_no_reach=1
Ep 28250 | score  212.11 | avg100  166.34 | grasp100  72.0% | best 0.725 |     29 st/s
    done(50): success=33 t_flicker=11 t_touched=5 t_no_reach=1
  [primacy-bias reset of critic heads @ 450000 updates]
Ep 28300 | score  205.92 | avg100  159.93 | grasp100  67.0% | best 0.725 |     29 st/s
    done(50): success=34 t_flicker=13 t_touched=1 t_no_reach=2
Ep 28350 | score  -12.67 | avg100   80.10 | grasp100  35.0% | best 0.725 |     29 st/s
    done(50): success=1 t_flicker=8 t_touched=8 t_no_reach=33
Ep 28400 | score  -26.64 | avg100    2.77 | grasp100   4.0% | best 0.725 |     29 st/s
    done(50): success=3 t_flicker=12 t_touched=3 t_no_reach=32
Ep 28450 | score   32.63 | avg100   38.86 | grasp100  16.0% | best 0.725 |     29 st/s
    done(50): success=13 t_flicker=18 t_touched=8 t_no_reach=11
Ep 28500 | score   56.50 | avg100   81.58 | grasp100  30.0% | best 0.725 |     29 st/s
    done(50): success=17 t_flicker=20 t_touched=10 t_no_reach=3
Ep 28550 | score   73.52 | avg100  119.44 | grasp100  48.0% | best 0.725 |     29 st/s
    done(50): success=31 t_flicker=14 t_touched=5
Ep 28600 | score  205.67 | avg100  137.55 | grasp100  57.0% | best 0.725 |     29 st/s
    done(50): success=26 t_flicker=19 t_touched=5
Ep 28650 | score   50.50 | avg100  137.01 | grasp100  56.0% | best 0.725 |     29 st/s
    done(50): success=30 t_flicker=17 t_touched=3
Ep 28700 | score  206.51 | avg100  134.81 | grasp100  54.0% | best 0.725 |     29 st/s
    done(50): success=24 t_flicker=21 t_touched=4 t_no_reach=1
Ep 28750 | score   56.28 | avg100  141.17 | grasp100  58.0% | best 0.725 |     29 st/s
    done(50): success=34 t_flicker=14 t_touched=1 t_no_reach=1
Ep 28800 | score  207.94 | avg100  148.24 | grasp100  63.0% | best 0.725 |     29 st/s
    done(50): success=29 t_flicker=17 t_touched=4
Ep 28850 | score  208.89 | avg100  148.01 | grasp100  62.0% | best 0.725 |     29 st/s
    done(50): success=33 t_flicker=11 t_touched=6
Ep 28900 | score  205.13 | avg100  157.24 | grasp100  65.0% | best 0.725 |     29 st/s
    done(50): success=32 t_flicker=17 t_no_reach=1
Ep 28950 | score   57.61 | avg100  152.98 | grasp100  64.0% | best 0.725 |     29 st/s
    done(50): success=32 t_flicker=11 t_touched=5 t_no_reach=2
Ep 29000 | score   59.89 | avg100  147.02 | grasp100  62.0% | best 0.725 |     29 st/s
    done(50): success=30 t_flicker=16 t_touched=3 t_no_reach=1
Ep 29050 | score  215.85 | avg100  156.45 | grasp100  66.0% | best 0.725 |     29 st/s
    done(50): success=36 t_flicker=12 t_touched=2
Ep 29100 | score  209.41 | avg100  161.77 | grasp100  69.0% | best 0.725 |     29 st/s
    done(50): success=33 t_flicker=13 t_touched=4
Ep 29150 | score   72.56 | avg100  152.27 | grasp100  64.0% | best 0.725 |     29 st/s
    done(50): success=31 t_flicker=12 t_touched=7
Ep 29200 | score  205.63 | avg100  142.19 | grasp100  59.0% | best 0.725 |     29 st/s
    done(50): success=28 t_flicker=15 t_touched=6 t_no_reach=1
Ep 29250 | score  204.58 | avg100  156.23 | grasp100  66.0% | best 0.725 |     29 st/s
    done(50): success=38 t_flicker=10 t_touched=1 t_no_reach=1
Ep 29300 | score   91.92 | avg100  171.86 | grasp100  74.0% | best 0.725 |     29 st/s
    done(50): success=36 t_flicker=12 t_touched=2
Ep 29350 | score   40.92 | avg100  165.31 | grasp100  71.0% | best 0.725 |     29 st/s
    done(50): success=35 t_flicker=13 t_touched=2
Ep 29400 | score  206.26 | avg100  162.19 | grasp100  70.0% | best 0.725 |     29 st/s
    done(50): success=35 t_flicker=11 t_touched=4
Ep 29450 | score  205.26 | avg100  155.71 | grasp100  66.0% | best 0.725 |     29 st/s
    done(50): success=31 t_flicker=15 t_touched=4
Ep 29500 | score  205.60 | avg100  152.82 | grasp100  63.0% | best 0.725 |     29 st/s
    done(50): success=32 t_flicker=15 t_touched=3
Ep 29550 | score   52.87 | avg100  153.17 | grasp100  64.0% | best 0.725 |     29 st/s
    done(50): success=32 t_flicker=13 t_touched=3 t_no_reach=2
Ep 29600 | score  -10.77 | avg100  159.35 | grasp100  69.0% | best 0.725 |     29 st/s
    done(50): success=37 t_flicker=12 t_no_reach=1
Ep 29650 | score  208.40 | avg100  156.28 | grasp100  67.0% | best 0.725 |     29 st/s
    done(50): success=30 t_flicker=16 t_touched=3 t_no_reach=1
Ep 29700 | score   52.71 | avg100  146.87 | grasp100  61.0% | best 0.725 |     29 st/s
    done(50): success=31 t_flicker=16 t_touched=3
Ep 29750 | score   63.15 | avg100  152.64 | grasp100  64.0% | best 0.725 |     29 st/s
    done(50): success=33 t_flicker=16 t_no_reach=1
Ep 29800 | score  209.29 | avg100  157.36 | grasp100  65.0% | best 0.725 |     29 st/s
    done(50): success=32 t_flicker=17 t_touched=1
Ep 29850 | score  206.38 | avg100  157.16 | grasp100  66.0% | best 0.725 |     29 st/s
    done(50): success=34 t_flicker=11 t_touched=5
Ep 29900 | score  203.93 | avg100  150.62 | grasp100  63.0% | best 0.725 |     29 st/s
    done(50): success=29 t_flicker=19 t_touched=1 t_no_reach=1
  [primacy-bias reset of critic heads @ 475000 updates]
Ep 29950 | score   58.16 | avg100  152.72 | grasp100  63.0% | best 0.725 |     29 st/s
    done(50): success=34 t_flicker=13 t_touched=3
Ep 30000 | score   55.16 | avg100   89.16 | grasp100  35.0% | best 0.725 |     29 st/s
    done(50): success=1 t_flicker=19 t_touched=13 t_no_reach=17
Ep 30050 | score   68.06 | avg100   20.66 | grasp100   4.0% | best 0.725 |     29 st/s
    done(50): success=3 t_flicker=15 t_touched=15 t_no_reach=17
Ep 30100 | score   23.54 | avg100   39.13 | grasp100  11.0% | best 0.725 |     29 st/s
    done(50): success=8 t_flicker=21 t_touched=14 t_no_reach=7
Ep 30150 | score   32.49 | avg100   79.53 | grasp100  29.0% | best 0.725 |     29 st/s
    done(50): success=21 t_flicker=15 t_touched=11 t_no_reach=3
Ep 30200 | score   64.86 | avg100  120.69 | grasp100  49.0% | best 0.725 |     29 st/s
    done(50): success=28 t_flicker=19 t_touched=2 t_no_reach=1
Ep 30250 | score   -9.35 | avg100  125.12 | grasp100  49.0% | best 0.725 |     29 st/s
    done(50): success=21 t_flicker=20 t_touched=5 t_no_reach=4
Ep 30300 | score  207.14 | avg100  132.21 | grasp100  52.0% | best 0.725 |     29 st/s
    done(50): success=31 t_flicker=18 t_touched=1
Ep 30350 | score   92.63 | avg100  152.33 | grasp100  64.0% | best 0.725 |     29 st/s
    done(50): success=33 t_flicker=13 t_touched=2 t_no_reach=2
Ep 30400 | score  206.32 | avg100  144.61 | grasp100  62.0% | best 0.725 |     29 st/s
    done(50): success=29 t_flicker=12 t_touched=7 t_no_reach=2
Ep 30450 | score  208.14 | avg100  144.27 | grasp100  61.0% | best 0.725 |     29 st/s
    done(50): success=32 t_flicker=13 t_touched=3 t_no_reach=2
Ep 30500 | score  207.80 | avg100  153.89 | grasp100  63.0% | best 0.725 |     29 st/s
    done(50): success=31 t_flicker=18 t_no_reach=1
Ep 30550 | score  206.02 | avg100  161.33 | grasp100  67.0% | best 0.725 |     29 st/s
    done(50): success=36 t_flicker=12 t_no_reach=2
Ep 30600 | score  208.49 | avg100  161.70 | grasp100  69.0% | best 0.725 |     29 st/s
    done(50): success=33 t_flicker=14 t_touched=3
Ep 30650 | score  206.24 | avg100  159.77 | grasp100  68.0% | best 0.725 |     29 st/s
    done(50): success=35 t_flicker=13 t_touched=2
Ep 30700 | score  208.54 | avg100  163.92 | grasp100  70.0% | best 0.725 |     29 st/s
    done(50): success=35 t_flicker=13 t_touched=1 t_no_reach=1
Ep 30750 | score  239.06 | avg100  169.93 | grasp100  74.0% | best 0.725 |     29 st/s
    done(50): success=39 t_flicker=10 t_touched=1
Ep 30769 | * BEST  level200=2.00 grasp200= 74.0% metric=0.740 | score  208.91
Ep 30784 | * BEST  level200=2.00 grasp200= 75.5% metric=0.755 | score  206.49
Ep 30800 | score  210.00 | avg100  177.33 | grasp100  78.0% | best 0.755 |     29 st/s
    done(50): success=39 t_flicker=11
Ep 30850 | score   55.96 | avg100  162.70 | grasp100  68.0% | best 0.755 |     29 st/s
    done(50): success=29 t_flicker=17 t_touched=3 t_no_reach=1
Ep 30900 | score   57.56 | avg100  161.64 | grasp100  69.0% | best 0.755 |     29 st/s
    done(50): success=40 t_flicker=7 t_touched=3
Ep 30950 | score  208.05 | avg100  165.64 | grasp100  72.0% | best 0.755 |     29 st/s
    done(50): success=32 t_flicker=17 t_touched=1
Ep 31000 | score  246.45 | avg100  155.54 | grasp100  64.0% | best 0.755 |     29 st/s
    done(50): success=32 t_flicker=16 t_touched=2
Ep 31050 | score  247.48 | avg100  166.90 | grasp100  71.0% | best 0.755 |     29 st/s
    done(50): success=39 t_flicker=8 t_touched=2 t_no_reach=1
Ep 31100 | score   58.02 | avg100  166.92 | grasp100  73.0% | best 0.755 |     29 st/s
    done(50): success=34 t_flicker=12 t_touched=4
Ep 31150 | score  230.59 | avg100  161.47 | grasp100  69.0% | best 0.755 |     29 st/s
    done(50): success=35 t_flicker=15
Ep 31200 | score   59.00 | avg100  167.71 | grasp100  72.0% | best 0.755 |     29 st/s
    done(50): success=37 t_flicker=10 t_touched=3
Ep 31250 | score  206.53 | avg100  164.82 | grasp100  72.0% | best 0.755 |     29 st/s
    done(50): success=35 t_flicker=12 t_touched=1 t_no_reach=2
Ep 31300 | score  207.71 | avg100  164.48 | grasp100  71.0% | best 0.755 |     29 st/s
    done(50): success=36 t_flicker=12 t_touched=1 t_no_reach=1
Ep 31350 | score   54.77 | avg100  156.77 | grasp100  66.0% | best 0.755 |     29 st/s
    done(50): success=30 t_flicker=16 t_touched=3 t_no_reach=1
Ep 31400 | score   55.16 | avg100  163.16 | grasp100  71.0% | best 0.755 |     29 st/s
    done(50): success=41 t_flicker=8 t_no_reach=1
Ep 31450 | score  209.30 | avg100  182.26 | grasp100  83.0% | best 0.755 |     29 st/s
    done(50): success=42 t_flicker=6 t_touched=2
Ep 31500 | score  207.00 | avg100  171.75 | grasp100  76.0% | best 0.755 |     29 st/s
    done(50): success=34 t_flicker=14 t_touched=2
Ep 31550 | score  243.54 | avg100  154.86 | grasp100  66.0% | best 0.755 |     29 st/s
    done(50): success=32 t_flicker=13 t_touched=4 t_no_reach=1
Ep 31600 | score  206.36 | avg100  152.79 | grasp100  66.0% | best 0.755 |     29 st/s
    done(50): success=34 t_flicker=12 t_touched=1 t_no_reach=3
Ep 31650 | score  209.63 | avg100  158.08 | grasp100  68.0% | best 0.755 |     29 st/s
    done(50): success=34 t_flicker=13 t_no_reach=3
  [primacy-bias reset of critic heads @ 500000 updates]
Ep 31700 | score   45.99 | avg100  141.28 | grasp100  58.0% | best 0.755 |     29 st/s
    done(50): success=24 t_flicker=20 t_touched=3 t_no_reach=3
Ep 31750 | score  202.50 | avg100  108.12 | grasp100  44.0% | best 0.755 |     29 st/s
    done(50): success=20 t_flicker=12 t_touched=8 t_no_reach=10
Ep 31800 | score  204.68 | avg100   79.91 | grasp100  34.0% | best 0.755 |     29 st/s
    done(50): success=14 t_flicker=11 t_touched=5 t_no_reach=20
Ep 31850 | score  209.01 | avg100   80.50 | grasp100  32.0% | best 0.755 |     29 st/s
    done(50): success=18 t_flicker=18 t_touched=8 t_no_reach=6
Ep 31900 | score   80.32 | avg100   99.74 | grasp100  39.0% | best 0.755 |     29 st/s
    done(50): success=21 t_flicker=15 t_touched=9 t_no_reach=5
Ep 31950 | score  207.94 | avg100  116.87 | grasp100  47.0% | best 0.755 |     29 st/s
    done(50): success=26 t_flicker=18 t_touched=6
Ep 32000 | score  209.09 | avg100  132.73 | grasp100  55.0% | best 0.755 |     29 st/s
    done(50): success=29 t_flicker=18 t_touched=3
Ep 32050 | score  205.52 | avg100  138.30 | grasp100  57.0% | best 0.755 |     29 st/s
    done(50): success=28 t_flicker=18 t_touched=4
Ep 32100 | score   60.46 | avg100  139.13 | grasp100  56.0% | best 0.755 |     29 st/s
    done(50): success=28 t_flicker=19 t_touched=2 t_no_reach=1
Ep 32150 | score  -14.81 | avg100  141.60 | grasp100  57.0% | best 0.755 |     29 st/s
    done(50): success=29 t_flicker=17 t_touched=4
Ep 32200 | score  208.22 | avg100  137.19 | grasp100  53.0% | best 0.755 |     29 st/s
    done(50): success=24 t_flicker=23 t_touched=1 t_no_reach=2
Ep 32250 | score  209.27 | avg100  142.93 | grasp100  57.0% | best 0.755 |     29 st/s
    done(50): success=33 t_flicker=15 t_touched=1 t_no_reach=1
Ep 32300 | score  205.19 | avg100  154.18 | grasp100  65.0% | best 0.755 |     29 st/s
    done(50): success=32 t_flicker=14 t_touched=3 t_no_reach=1
Ep 32350 | score  222.67 | avg100  151.84 | grasp100  63.0% | best 0.755 |     29 st/s
    done(50): success=31 t_flicker=17 t_touched=1 t_no_reach=1
Ep 32400 | score  102.97 | avg100  156.91 | grasp100  65.0% | best 0.755 |     29 st/s
    done(50): success=34 t_flicker=13 t_touched=2 t_no_reach=1
Ep 32450 | score  205.88 | avg100  164.42 | grasp100  70.0% | best 0.755 |     29 st/s
    done(50): success=36 t_flicker=10 t_touched=4
Ep 32500 | score  206.58 | avg100  169.23 | grasp100  73.0% | best 0.755 |     29 st/s
    done(50): success=37 t_flicker=11 t_touched=1 t_no_reach=1
Ep 32550 | score   71.11 | avg100  167.86 | grasp100  73.0% | best 0.755 |     29 st/s
    done(50): success=36 t_flicker=13 t_no_reach=1
Ep 32600 | score  258.87 | avg100  169.69 | grasp100  74.0% | best 0.755 |     29 st/s
    done(50): success=38 t_flicker=11 t_touched=1
Ep 32650 | score  112.19 | avg100  170.64 | grasp100  72.0% | best 0.755 |     29 st/s
    done(50): success=34 t_flicker=16
Ep 32700 | score  206.80 | avg100  163.22 | grasp100  68.0% | best 0.755 |     29 st/s
    done(50): success=34 t_flicker=14 t_touched=2
Ep 32750 | score   45.25 | avg100  168.00 | grasp100  71.0% | best 0.755 |     29 st/s
    done(50): success=37 t_flicker=13
Ep 32800 | score  122.11 | avg100  162.33 | grasp100  67.0% | best 0.755 |     29 st/s
    done(50): success=30 t_flicker=18 t_touched=2
Ep 32850 | score   13.42 | avg100  154.39 | grasp100  63.0% | best 0.755 |     29 st/s
    done(50): success=33 t_flicker=16 t_touched=1
Ep 32900 | score    2.44 | avg100  159.76 | grasp100  67.0% | best 0.755 |     29 st/s
    done(50): success=34 t_flicker=15 t_touched=1
Ep 32950 | score  205.96 | avg100  163.30 | grasp100  70.0% | best 0.755 |     29 st/s
    done(50): success=36 t_flicker=13 t_touched=1
Ep 33000 | score  205.37 | avg100  173.82 | grasp100  76.0% | best 0.755 |     29 st/s
    done(50): success=40 t_flicker=10
Ep 33050 | score   72.66 | avg100  165.34 | grasp100  69.0% | best 0.755 |     29 st/s
    done(50): success=29 t_flicker=19 t_touched=1 t_no_reach=1
Ep 33100 | score   92.24 | avg100  162.29 | grasp100  68.0% | best 0.755 |     29 st/s
    done(50): success=39 t_flicker=8 t_touched=2 t_no_reach=1
Ep 33150 | score  101.77 | avg100  175.20 | grasp100  79.0% | best 0.755 |     29 st/s
    done(50): success=40 t_flicker=7 t_touched=3
Ep 33200 | score  205.95 | avg100  177.26 | grasp100  81.0% | best 0.755 |     29 st/s
    done(50): success=41 t_flicker=7 t_touched=2
Ep 33226 | * BEST  level200=2.00 grasp200= 77.0% metric=0.770 | score  203.88
Ep 33250 | score  207.55 | avg100  173.19 | grasp100  77.0% | best 0.770 |     29 st/s
    done(50): success=36 t_flicker=14
Ep 33300 | score  207.48 | avg100  163.74 | grasp100  69.0% | best 0.770 |     29 st/s
    done(50): success=33 t_flicker=17
Ep 33350 | score   70.61 | avg100  159.17 | grasp100  68.0% | best 0.770 |     29 st/s
    done(50): success=35 t_flicker=11 t_touched=3 t_no_reach=1
Ep 33400 | score  208.91 | avg100  158.55 | grasp100  68.0% | best 0.770 |     29 st/s
    done(50): success=33 t_flicker=15 t_touched=2
  [primacy-bias reset of critic heads @ 525000 updates]
Ep 33450 | score   -6.03 | avg100  152.30 | grasp100  64.0% | best 0.770 |     29 st/s
    done(50): success=31 t_flicker=13 t_touched=3 t_no_reach=3
Ep 33500 | score   46.35 | avg100  123.63 | grasp100  50.0% | best 0.770 |     29 st/s
    done(50): success=19 t_flicker=15 t_touched=9 t_no_reach=7
Ep 33550 | score   20.00 | avg100   82.21 | grasp100  32.0% | best 0.770 |     29 st/s
    done(50): success=13 t_flicker=12 t_touched=16 t_no_reach=9
Ep 33600 | score  -11.19 | avg100   69.27 | grasp100  27.0% | best 0.770 |     29 st/s
    done(50): success=14 t_flicker=19 t_touched=9 t_no_reach=8
Ep 33650 | score  -12.32 | avg100   86.12 | grasp100  34.0% | best 0.770 |     29 st/s
    done(50): success=20 t_flicker=10 t_touched=14 t_no_reach=6
Ep 33700 | score   93.57 | avg100  106.37 | grasp100  42.0% | best 0.770 |     29 st/s
    done(50): success=22 t_flicker=17 t_touched=8 t_no_reach=3
Ep 33750 | score   73.69 | avg100  108.26 | grasp100  39.0% | best 0.770 |     29 st/s
    done(50): success=17 t_flicker=21 t_touched=11 t_no_reach=1
Ep 33800 | score  208.51 | avg100  125.00 | grasp100  47.0% | best 0.770 |     29 st/s
    done(50): success=30 t_flicker=18 t_touched=2
Ep 33850 | score  205.84 | avg100  139.11 | grasp100  55.0% | best 0.770 |     29 st/s
    done(50): success=25 t_flicker=20 t_touched=4 t_no_reach=1
Ep 33900 | score   87.73 | avg100  130.85 | grasp100  49.0% | best 0.770 |     29 st/s
    done(50): success=24 t_flicker=25 t_touched=1
Ep 33950 | score  207.17 | avg100  146.27 | grasp100  58.0% | best 0.770 |     29 st/s
    done(50): success=34 t_flicker=15 t_touched=1
Ep 34000 | score  222.35 | avg100  158.64 | grasp100  67.0% | best 0.770 |     29 st/s
    done(50): success=33 t_flicker=15 t_touched=2
Ep 34050 | score   57.75 | avg100  158.74 | grasp100  67.0% | best 0.770 |     29 st/s
    done(50): success=34 t_flicker=15 t_touched=1
Ep 34100 | score   74.70 | avg100  154.13 | grasp100  64.0% | best 0.770 |     29 st/s
    done(50): success=30 t_flicker=18 t_touched=2
Ep 34150 | score  206.06 | avg100  160.18 | grasp100  69.0% | best 0.770 |     29 st/s
    done(50): success=39 t_flicker=8 t_touched=3
Ep 34200 | score   32.92 | avg100  164.71 | grasp100  73.0% | best 0.770 |     29 st/s
    done(50): success=34 t_flicker=13 t_touched=3
Ep 34250 | score  209.40 | avg100  165.83 | grasp100  71.0% | best 0.770 |     29 st/s
    done(50): success=37 t_flicker=12 t_touched=1
Ep 34300 | score  205.33 | avg100  151.97 | grasp100  61.0% | best 0.770 |     29 st/s
    done(50): success=24 t_flicker=21 t_touched=3 t_no_reach=2
Ep 34350 | score   61.71 | avg100  147.86 | grasp100  59.0% | best 0.770 |     29 st/s
    done(50): success=35 t_flicker=13 t_touched=2
Ep 34400 | score  207.80 | avg100  161.67 | grasp100  68.0% | best 0.770 |     29 st/s
    done(50): success=33 t_flicker=16 t_touched=1
Ep 34450 | score  208.43 | avg100  154.51 | grasp100  64.0% | best 0.770 |     29 st/s
    done(50): success=31 t_flicker=15 t_touched=3 t_no_reach=1
Ep 34500 | score   55.72 | avg100  163.07 | grasp100  70.0% | best 0.770 |     29 st/s
    done(50): success=39 t_flicker=11
Ep 34550 | score  207.76 | avg100  177.49 | grasp100  80.0% | best 0.770 |     28 st/s
    done(50): success=41 t_flicker=8 t_touched=1
Ep 34600 | score  209.69 | avg100  165.80 | grasp100  72.0% | best 0.770 |     28 st/s
    done(50): success=31 t_flicker=19
Ep 34650 | score  208.84 | avg100  163.25 | grasp100  70.0% | best 0.770 |     28 st/s
    done(50): success=39 t_flicker=10 t_touched=1
Ep 34700 | score  207.37 | avg100  160.83 | grasp100  70.0% | best 0.770 |     28 st/s
    done(50): success=31 t_flicker=16 t_touched=2 t_no_reach=1
Ep 34750 | score  206.74 | avg100  152.20 | grasp100  66.0% | best 0.770 |     28 st/s
    done(50): success=35 t_flicker=10 t_touched=2 t_no_reach=3
Ep 34800 | score  206.41 | avg100  166.05 | grasp100  74.0% | best 0.770 |     28 st/s
    done(50): success=39 t_flicker=10 t_touched=1
Ep 34850 | score  204.73 | avg100  175.31 | grasp100  78.0% | best 0.770 |     28 st/s
    done(50): success=39 t_flicker=9 t_touched=2
Ep 34900 | score   54.62 | avg100  170.88 | grasp100  75.0% | best 0.770 |     28 st/s
    done(50): success=36 t_flicker=13 t_touched=1
Ep 34950 | score  207.55 | avg100  166.57 | grasp100  73.0% | best 0.770 |     28 st/s
    done(50): success=37 t_flicker=12 t_no_reach=1
Ep 35000 | score  245.05 | avg100  164.55 | grasp100  72.0% | best 0.770 |     29 st/s
    done(50): success=35 t_flicker=13 t_touched=2
Ep 35050 | score   52.65 | avg100  163.02 | grasp100  72.0% | best 0.770 |     28 st/s
    done(50): success=37 t_flicker=11 t_touched=1 t_no_reach=1
Ep 35100 | score  206.84 | avg100  155.21 | grasp100  68.0% | best 0.770 |     28 st/s
    done(50): success=31 t_flicker=13 t_touched=5 t_no_reach=1
Ep 35150 | score  204.80 | avg100  147.13 | grasp100  63.0% | best 0.770 |     28 st/s
    done(50): success=32 t_flicker=12 t_touched=5 t_no_reach=1
  [primacy-bias reset of critic heads @ 550000 updates]
Ep 35200 | score  -27.99 | avg100   96.22 | grasp100  42.0% | best 0.770 |     28 st/s
    done(50): success=10 t_flicker=14 t_touched=1 t_no_reach=25
Ep 35250 | score    6.27 | avg100   13.66 | grasp100  10.0% | best 0.770 |     29 st/s
    done(50): t_flicker=2 t_touched=8 t_no_reach=40
Ep 35300 | score  209.73 | avg100   17.40 | grasp100   9.0% | best 0.770 |     29 st/s
    done(50): success=9 t_flicker=16 t_touched=16 t_no_reach=9
Ep 35350 | score  205.97 | avg100   77.86 | grasp100  29.0% | best 0.770 |     29 st/s
    done(50): success=20 t_flicker=17 t_touched=8 t_no_reach=5
Ep 35400 | score  207.28 | avg100  110.86 | grasp100  44.0% | best 0.770 |     29 st/s
    done(50): success=24 t_flicker=16 t_touched=10
Ep 35450 | score  208.28 | avg100  127.46 | grasp100  53.0% | best 0.770 |     29 st/s
    done(50): success=29 t_flicker=14 t_touched=4 t_no_reach=3
Ep 35500 | score  206.00 | avg100  134.74 | grasp100  56.0% | best 0.770 |     29 st/s
    done(50): success=27 t_flicker=14 t_touched=9
Ep 35550 | score  206.24 | avg100  145.08 | grasp100  60.0% | best 0.770 |     29 st/s
    done(50): success=33 t_flicker=15 t_touched=2
Ep 35600 | score   66.10 | avg100  159.08 | grasp100  67.0% | best 0.770 |     29 st/s
    done(50): success=34 t_flicker=15 t_touched=1
Ep 35650 | score   65.52 | avg100  150.85 | grasp100  62.0% | best 0.770 |     29 st/s
    done(50): success=28 t_flicker=20 t_touched=2
Ep 35700 | score  212.60 | avg100  154.25 | grasp100  64.0% | best 0.770 |     29 st/s
    done(50): success=36 t_flicker=11 t_touched=2 t_no_reach=1
Ep 35750 | score  204.86 | avg100  164.12 | grasp100  69.0% | best 0.770 |     29 st/s
    done(50): success=33 t_flicker=14 t_touched=1 t_no_reach=2
Ep 35800 | score  205.24 | avg100  154.38 | grasp100  62.0% | best 0.770 |     29 st/s
    done(50): success=29 t_flicker=19 t_touched=1 t_no_reach=1
Ep 35850 | score   28.30 | avg100  148.45 | grasp100  61.0% | best 0.770 |     29 st/s
    done(50): success=32 t_flicker=10 t_touched=8
Ep 35900 | score  206.63 | avg100  155.52 | grasp100  66.0% | best 0.770 |     29 st/s
    done(50): success=34 t_flicker=14 t_touched=1 t_no_reach=1
Ep 35950 | score  221.63 | avg100  164.69 | grasp100  69.0% | best 0.770 |     29 st/s
    done(50): success=35 t_flicker=15
Ep 36000 | score  206.08 | avg100  166.17 | grasp100  71.0% | best 0.770 |     29 st/s
    done(50): success=36 t_flicker=12 t_touched=2
Ep 36050 | score  206.86 | avg100  159.72 | grasp100  68.0% | best 0.770 |     28 st/s
    done(50): success=32 t_flicker=17 t_touched=1
Ep 36100 | score  206.41 | avg100  166.34 | grasp100  72.0% | best 0.770 |     28 st/s
    done(50): success=40 t_flicker=6 t_touched=4
Ep 36150 | score  237.27 | avg100  175.50 | grasp100  77.0% | best 0.770 |     28 st/s
    done(50): success=37 t_flicker=11 t_touched=2
Ep 36200 | score  214.66 | avg100  167.86 | grasp100  70.0% | best 0.770 |     28 st/s
    done(50): success=33 t_flicker=14 t_touched=2 t_no_reach=1
Ep 36250 | score  206.25 | avg100  169.13 | grasp100  71.0% | best 0.770 |     28 st/s
    done(50): success=38 t_flicker=12
Ep 36300 | score  252.63 | avg100  180.06 | grasp100  80.0% | best 0.770 |     28 st/s
    done(50): success=42 t_flicker=6 t_touched=1 t_no_reach=1
Ep 36350 | score  205.84 | avg100  179.82 | grasp100  83.0% | best 0.770 |     28 st/s
    done(50): success=41 t_flicker=6 t_touched=2 t_no_reach=1
Ep 36357 | * BEST  level200=2.00 grasp200= 78.5% metric=0.785 | score  206.34
Ep 36379 | * BEST  level200=2.00 grasp200= 80.0% metric=0.800 | score  208.54
Ep 36400 | score  238.76 | avg100  164.72 | grasp100  75.0% | best 0.800 |     28 st/s
    done(50): success=34 t_flicker=9 t_touched=6 t_no_reach=1
Ep 36450 | score  206.27 | avg100  158.06 | grasp100  68.0% | best 0.800 |     28 st/s
    done(50): success=34 t_flicker=15 t_touched=1
Ep 36500 | score  205.04 | avg100  164.89 | grasp100  72.0% | best 0.800 |     28 st/s
    done(50): success=38 t_flicker=10 t_touched=1 t_no_reach=1
Ep 36550 | score  208.48 | avg100  161.22 | grasp100  72.0% | best 0.800 |     28 st/s
    done(50): success=34 t_flicker=12 t_touched=2 t_no_reach=2
Ep 36600 | score  207.05 | avg100  157.96 | grasp100  70.0% | best 0.800 |     28 st/s
    done(50): success=36 t_flicker=10 t_touched=2 t_no_reach=2
Ep 36650 | score  205.50 | avg100  164.01 | grasp100  73.0% | best 0.800 |     28 st/s
    done(50): success=37 t_flicker=12 t_no_reach=1
Ep 36700 | score  208.05 | avg100  172.32 | grasp100  76.0% | best 0.800 |     28 st/s
    done(50): success=39 t_flicker=11
Ep 36750 | score  207.44 | avg100  172.71 | grasp100  75.0% | best 0.800 |     28 st/s
    done(50): success=36 t_flicker=14
Ep 36800 | score  207.38 | avg100  161.08 | grasp100  69.0% | best 0.800 |     28 st/s
    done(50): success=33 t_flicker=14 t_touched=3
Ep 36850 | score  206.81 | avg100  160.19 | grasp100  69.0% | best 0.800 |     28 st/s
    done(50): success=36 t_flicker=12 t_touched=2
  [primacy-bias reset of critic heads @ 575000 updates]
Ep 36900 | score  205.46 | avg100  160.21 | grasp100  69.0% | best 0.800 |     28 st/s
    done(50): success=33 t_flicker=14 t_touched=2 t_no_reach=1
Ep 36950 | score  -15.74 | avg100   81.48 | grasp100  37.0% | best 0.800 |     28 st/s
    done(50): success=4 t_flicker=8 t_touched=3 t_no_reach=35
Ep 37000 | score  -11.37 | avg100    3.88 | grasp100   4.0% | best 0.800 |     28 st/s
    done(50): t_flicker=11 t_touched=11 t_no_reach=28
Ep 37050 | score   57.55 | avg100   26.53 | grasp100   8.0% | best 0.800 |     28 st/s
    done(50): success=8 t_flicker=14 t_touched=21 t_no_reach=7
Ep 37100 | score   78.04 | avg100   74.12 | grasp100  26.0% | best 0.800 |     28 st/s
    done(50): success=18 t_flicker=16 t_touched=9 t_no_reach=7
Ep 37150 | score   25.83 | avg100  105.32 | grasp100  40.0% | best 0.800 |     28 st/s
    done(50): success=22 t_flicker=21 t_touched=6 t_no_reach=1
Ep 37200 | score  205.85 | avg100  129.15 | grasp100  52.0% | best 0.800 |     28 st/s
    done(50): success=30 t_flicker=16 t_touched=3 t_no_reach=1
Ep 37250 | score   37.68 | avg100  136.95 | grasp100  55.0% | best 0.800 |     28 st/s
    done(50): success=25 t_flicker=20 t_touched=4 t_no_reach=1
Ep 37300 | score   58.79 | avg100  135.13 | grasp100  52.0% | best 0.800 |     28 st/s
    done(50): success=27 t_flicker=19 t_touched=4
Ep 37350 | score  203.70 | avg100  151.62 | grasp100  63.0% | best 0.800 |     28 st/s
    done(50): success=36 t_flicker=12 t_touched=1 t_no_reach=1
Ep 37400 | score  206.70 | avg100  160.16 | grasp100  69.0% | best 0.800 |     28 st/s
    done(50): success=33 t_flicker=14 t_touched=3
Ep 37450 | score   60.44 | avg100  164.76 | grasp100  71.0% | best 0.800 |     28 st/s
    done(50): success=38 t_flicker=9 t_touched=3
Ep 37500 | score  208.36 | avg100  174.18 | grasp100  77.0% | best 0.800 |     28 st/s
    done(50): success=39 t_flicker=7 t_touched=4
Ep 37550 | score  206.68 | avg100  167.81 | grasp100  73.0% | best 0.800 |     28 st/s
    done(50): success=34 t_flicker=14 t_touched=1 t_no_reach=1
Ep 37600 | score   88.65 | avg100  151.44 | grasp100  63.0% | best 0.800 |     28 st/s
    done(50): success=29 t_flicker=18 t_touched=1 t_no_reach=2
Ep 37650 | score   57.73 | avg100  148.48 | grasp100  61.0% | best 0.800 |     28 st/s
    done(50): success=32 t_flicker=16 t_touched=2
Ep 37700 | score  209.26 | avg100  158.43 | grasp100  68.0% | best 0.800 |     28 st/s
    done(50): success=36 t_flicker=10 t_touched=3 t_no_reach=1
Ep 37750 | score  205.15 | avg100  161.96 | grasp100  71.0% | best 0.800 |     28 st/s
    done(50): success=35 t_flicker=13 t_touched=2
Ep 37800 | score  208.43 | avg100  171.17 | grasp100  74.0% | best 0.800 |     28 st/s
    done(50): success=39 t_flicker=11
Ep 37850 | score  206.12 | avg100  179.25 | grasp100  78.0% | best 0.800 |     28 st/s
    done(50): success=39 t_flicker=9 t_touched=1 t_no_reach=1
Ep 37900 | score  239.81 | avg100  179.59 | grasp100  78.0% | best 0.800 |     28 st/s
    done(50): success=39 t_flicker=11
Ep 37950 | score  204.18 | avg100  165.89 | grasp100  71.0% | best 0.800 |     28 st/s
    done(50): success=32 t_flicker=14 t_touched=4
Ep 38000 | score  245.87 | avg100  151.75 | grasp100  64.0% | best 0.800 |     28 st/s
    done(50): success=32 t_flicker=15 t_touched=3
Ep 38050 | score  207.18 | avg100  163.64 | grasp100  72.0% | best 0.800 |     28 st/s
    done(50): success=40 t_flicker=8 t_touched=1 t_no_reach=1
Ep 38100 | score  207.46 | avg100  174.76 | grasp100  78.0% | best 0.800 |     28 st/s
    done(50): success=38 t_flicker=11 t_touched=1
Ep 38150 | score  207.39 | avg100  181.11 | grasp100  81.0% | best 0.800 |     28 st/s
    done(50): success=43 t_flicker=6 t_touched=1
Ep 38189 | * BEST  level200=2.00 grasp200= 81.5% metric=0.815 | score  206.79
Ep 38200 | score  206.22 | avg100  188.00 | grasp100  86.0% | best 0.815 |     28 st/s
    done(50): success=43 t_flicker=7
Ep 38250 | score  204.22 | avg100  175.33 | grasp100  79.0% | best 0.815 |     28 st/s
    done(50): success=36 t_flicker=9 t_touched=4 t_no_reach=1
Ep 38300 | score  204.37 | avg100  163.75 | grasp100  73.0% | best 0.815 |     28 st/s
    done(50): success=37 t_flicker=12 t_touched=1
Ep 38350 | score   55.51 | avg100  170.09 | grasp100  76.0% | best 0.815 |     28 st/s
    done(50): success=39 t_flicker=9 t_touched=2
Ep 38400 | score  208.03 | avg100  169.07 | grasp100  76.0% | best 0.815 |     28 st/s
    done(50): success=37 t_flicker=10 t_touched=3
Ep 38450 | score  205.79 | avg100  168.83 | grasp100  75.0% | best 0.815 |     28 st/s
    done(50): success=38 t_flicker=12
Ep 38500 | score  235.79 | avg100  171.92 | grasp100  76.0% | best 0.815 |     28 st/s
    done(50): success=38 t_flicker=9 t_touched=3
Ep 38550 | score  203.32 | avg100  174.42 | grasp100  78.0% | best 0.815 |     28 st/s
    done(50): success=40 t_flicker=8 t_touched=2
Ep 38600 | score  206.50 | avg100  172.76 | grasp100  76.0% | best 0.815 |     28 st/s
    done(50): success=36 t_flicker=13 t_touched=1
  [primacy-bias reset of critic heads @ 600000 updates]
Ep 38650 | score   12.23 | avg100  147.31 | grasp100  64.0% | best 0.815 |     28 st/s
    done(50): success=28 t_flicker=14 t_touched=5 t_no_reach=3
Ep 38700 | score  -27.84 | avg100   54.47 | grasp100  28.0% | best 0.815 |     28 st/s
    done(50): t_flicker=2 t_touched=3 t_no_reach=45
Ep 38750 | score  202.76 | avg100   -7.22 | grasp100   3.0% | best 0.815 |     28 st/s
    done(50): success=3 t_flicker=8 t_touched=4 t_no_reach=35
Ep 38800 | score   24.24 | avg100   42.21 | grasp100  19.0% | best 0.815 |     28 st/s
    done(50): success=16 t_flicker=14 t_touched=9 t_no_reach=11
Ep 38850 | score  205.60 | avg100   92.25 | grasp100  37.0% | best 0.815 |     28 st/s
    done(50): success=21 t_flicker=13 t_touched=10 t_no_reach=6
Ep 38900 | score  207.12 | avg100  106.63 | grasp100  41.0% | best 0.815 |     28 st/s
    done(50): success=20 t_flicker=22 t_touched=5 t_no_reach=3
Ep 38950 | score  208.13 | avg100  125.98 | grasp100  50.0% | best 0.815 |     28 st/s
    done(50): success=30 t_flicker=15 t_touched=3 t_no_reach=2
Ep 39000 | score  205.16 | avg100  145.85 | grasp100  60.0% | best 0.815 |     28 st/s
    done(50): success=30 t_flicker=18 t_touched=1 t_no_reach=1
Ep 39050 | score  205.64 | avg100  137.58 | grasp100  54.0% | best 0.815 |     28 st/s
    done(50): success=24 t_flicker=22 t_touched=4
Ep 39100 | score   59.09 | avg100  133.14 | grasp100  52.0% | best 0.815 |     28 st/s
    done(50): success=28 t_flicker=18 t_touched=4
Ep 39150 | score    8.67 | avg100  149.58 | grasp100  63.0% | best 0.815 |     28 st/s
    done(50): success=35 t_flicker=11 t_touched=3 t_no_reach=1
Ep 39200 | score   61.90 | avg100  153.82 | grasp100  66.0% | best 0.815 |     28 st/s
    done(50): success=31 t_flicker=16 t_touched=2 t_no_reach=1
Ep 39250 | score  -19.74 | avg100  149.46 | grasp100  63.0% | best 0.815 |     28 st/s
    done(50): success=32 t_flicker=16 t_touched=1 t_no_reach=1
Ep 39300 | score  208.50 | avg100  152.79 | grasp100  65.0% | best 0.815 |     28 st/s
    done(50): success=33 t_flicker=11 t_touched=6
Ep 39350 | score  204.74 | avg100  158.40 | grasp100  68.0% | best 0.815 |     28 st/s
    done(50): success=35 t_flicker=13 t_touched=1 t_no_reach=1
Ep 39400 | score   -4.92 | avg100  160.79 | grasp100  70.0% | best 0.815 |     28 st/s
    done(50): success=35 t_flicker=9 t_touched=4 t_no_reach=2
Ep 39450 | score  205.58 | avg100  163.71 | grasp100  72.0% | best 0.815 |     28 st/s
    done(50): success=37 t_flicker=11 t_touched=2
Ep 39500 | score   39.04 | avg100  162.47 | grasp100  69.0% | best 0.815 |     28 st/s
    done(50): success=32 t_flicker=17 t_touched=1
Ep 39550 | score  208.16 | avg100  159.88 | grasp100  67.0% | best 0.815 |     28 st/s
    done(50): success=35 t_flicker=13 t_touched=2
Ep 39600 | score  204.76 | avg100  163.05 | grasp100  70.0% | best 0.815 |     28 st/s
    done(50): success=35 t_flicker=14 t_touched=1
Ep 39650 | score   56.79 | avg100  169.38 | grasp100  74.0% | best 0.815 |     28 st/s
    done(50): success=39 t_flicker=11
Ep 39700 | score  204.77 | avg100  172.68 | grasp100  77.0% | best 0.815 |     28 st/s
    done(50): success=38 t_flicker=9 t_touched=3
Ep 39750 | score  203.16 | avg100  178.71 | grasp100  81.0% | best 0.815 |     28 st/s
    done(50): success=43 t_flicker=7
Ep 39800 | score  216.28 | avg100  175.73 | grasp100  79.0% | best 0.815 |     28 st/s
    done(50): success=36 t_flicker=11 t_touched=3
Ep 39850 | score  205.34 | avg100  171.58 | grasp100  77.0% | best 0.815 |     28 st/s
    done(50): success=41 t_flicker=6 t_touched=3
Ep 39900 | score  205.11 | avg100  162.59 | grasp100  71.0% | best 0.815 |     28 st/s
    done(50): success=30 t_flicker=16 t_touched=3 t_no_reach=1
Ep 39950 | score    4.63 | avg100  159.00 | grasp100  68.0% | best 0.815 |     28 st/s
    done(50): success=38 t_flicker=9 t_touched=2 t_no_reach=1
Ep 40000 | score  208.46 | avg100  166.61 | grasp100  73.0% | best 0.815 |     28 st/s
    done(50): success=35 t_flicker=12 t_touched=1 t_no_reach=2
Ep 40050 | score   54.85 | avg100  164.04 | grasp100  72.0% | best 0.815 |     28 st/s
    done(50): success=37 t_flicker=11 t_no_reach=2
Ep 40100 | score  214.92 | avg100  172.37 | grasp100  77.0% | best 0.815 |     28 st/s
    done(50): success=40 t_flicker=10
Ep 40150 | score  207.23 | avg100  179.63 | grasp100  81.0% | best 0.815 |     28 st/s
    done(50): success=41 t_flicker=7 t_touched=2
Ep 40200 | score  206.60 | avg100  173.61 | grasp100  76.0% | best 0.815 |     28 st/s
    done(50): success=35 t_flicker=12 t_touched=2 t_no_reach=1
Ep 40250 | score  215.60 | avg100  167.50 | grasp100  74.0% | best 0.815 |     28 st/s
    done(50): success=39 t_flicker=7 t_touched=3 t_no_reach=1
Ep 40300 | score  206.98 | avg100  166.47 | grasp100  75.0% | best 0.815 |     28 st/s
    done(50): success=36 t_flicker=11 t_touched=2 t_no_reach=1
Ep 40350 | score  204.90 | avg100  170.29 | grasp100  75.0% | best 0.815 |     28 st/s
    done(50): success=39 t_flicker=10 t_touched=1
  [primacy-bias reset of critic heads @ 625000 updates]
Ep 40400 | score   -6.35 | avg100  155.05 | grasp100  69.0% | best 0.815 |     28 st/s
    done(50): success=30 t_flicker=10 t_touched=2 t_no_reach=8
Ep 40450 | score   35.67 | avg100   82.81 | grasp100  38.0% | best 0.815 |     28 st/s
    done(50): success=8 t_flicker=12 t_touched=5 t_no_reach=25
Ep 40500 | score   46.53 | avg100   58.52 | grasp100  24.0% | best 0.815 |     28 st/s
    done(50): success=16 t_flicker=19 t_touched=4 t_no_reach=11
Ep 40550 | score  188.42 | avg100   91.16 | grasp100  34.0% | best 0.815 |     28 st/s
    done(50): success=18 t_flicker=21 t_touched=4 t_no_reach=7
Ep 40600 | score  206.09 | avg100  104.25 | grasp100  38.0% | best 0.815 |     28 st/s
    done(50): success=20 t_flicker=26 t_touched=2 t_no_reach=2
Ep 40650 | score  206.62 | avg100  108.75 | grasp100  40.0% | best 0.815 |     28 st/s
    done(50): success=20 t_flicker=21 t_touched=5 t_no_reach=4
Ep 40700 | score   11.23 | avg100  129.83 | grasp100  53.0% | best 0.815 |     28 st/s
    done(50): success=33 t_flicker=12 t_touched=5
Ep 40750 | score   75.35 | avg100  146.15 | grasp100  63.0% | best 0.815 |     28 st/s
    done(50): success=30 t_flicker=12 t_touched=6 t_no_reach=2
Ep 40800 | score   34.71 | avg100  146.87 | grasp100  63.0% | best 0.815 |     28 st/s
    done(50): success=33 t_flicker=14 t_touched=2 t_no_reach=1
Ep 40850 | score  208.58 | avg100  146.47 | grasp100  61.0% | best 0.815 |     28 st/s
    done(50): success=28 t_flicker=21 t_touched=1
Ep 40900 | score  204.79 | avg100  154.33 | grasp100  64.0% | best 0.815 |     28 st/s
    done(50): success=36 t_flicker=12 t_touched=2
Ep 40950 | score  125.38 | avg100  160.27 | grasp100  67.0% | best 0.815 |     28 st/s
    done(50): success=31 t_flicker=18 t_touched=1
Ep 41000 | score  205.06 | avg100  162.85 | grasp100  68.0% | best 0.815 |     28 st/s
    done(50): success=37 t_flicker=13
Ep 41050 | score   61.66 | avg100  175.71 | grasp100  76.0% | best 0.815 |     28 st/s
    done(50): success=39 t_flicker=11
Ep 41100 | score  205.88 | avg100  172.02 | grasp100  76.0% | best 0.815 |     28 st/s
    done(50): success=37 t_flicker=11 t_touched=1 t_no_reach=1
Ep 41150 | score   55.03 | avg100  166.43 | grasp100  73.0% | best 0.815 |     28 st/s
    done(50): success=36 t_flicker=13 t_no_reach=1
Ep 41200 | score   68.80 | avg100  163.47 | grasp100  70.0% | best 0.815 |     28 st/s
    done(50): success=34 t_flicker=13 t_touched=3
Ep 41250 | score  206.34 | avg100  169.22 | grasp100  73.0% | best 0.815 |     28 st/s
    done(50): success=39 t_flicker=11
Ep 41300 | score  206.58 | avg100  160.95 | grasp100  68.0% | best 0.815 |     28 st/s
    done(50): success=29 t_flicker=18 t_touched=3
Ep 41350 | score   66.28 | avg100  158.87 | grasp100  67.0% | best 0.815 |     28 st/s
    done(50): success=38 t_flicker=11 t_touched=1
Ep 41400 | score  205.41 | avg100  169.88 | grasp100  74.0% | best 0.815 |     28 st/s
    done(50): success=36 t_flicker=11 t_touched=2 t_no_reach=1
Ep 41450 | score   25.52 | avg100  169.14 | grasp100  74.0% | best 0.815 |     28 st/s
    done(50): success=38 t_flicker=10 t_touched=1 t_no_reach=1
Ep 41500 | score  211.18 | avg100  175.69 | grasp100  79.0% | best 0.815 |     28 st/s
    done(50): success=41 t_flicker=6 t_touched=3
Ep 41550 | score  205.54 | avg100  175.39 | grasp100  78.0% | best 0.815 |     28 st/s
    done(50): success=37 t_flicker=12 t_touched=1
Ep 41600 | score   53.02 | avg100  170.28 | grasp100  76.0% | best 0.815 |     28 st/s
    done(50): success=39 t_flicker=7 t_touched=1 t_no_reach=3
Ep 41650 | score  207.23 | avg100  166.98 | grasp100  74.0% | best 0.815 |     28 st/s
    done(50): success=35 t_flicker=13 t_touched=1 t_no_reach=1
Ep 41700 | score  207.32 | avg100  167.19 | grasp100  73.0% | best 0.815 |     28 st/s
    done(50): success=38 t_flicker=9 t_touched=3
Ep 41750 | score  209.70 | avg100  170.59 | grasp100  76.0% | best 0.815 |     28 st/s
    done(50): success=38 t_flicker=11 t_touched=1
Ep 41800 | score  208.21 | avg100  172.14 | grasp100  76.0% | best 0.815 |     28 st/s
    done(50): success=38 t_flicker=12
Ep 41850 | score  208.97 | avg100  173.66 | grasp100  77.0% | best 0.815 |     28 st/s
    done(50): success=39 t_flicker=9 t_no_reach=2
Ep 41900 | score  205.50 | avg100  172.29 | grasp100  76.0% | best 0.815 |     28 st/s
    done(50): success=37 t_flicker=12 t_touched=1
Ep 41950 | score  204.03 | avg100  162.53 | grasp100  71.0% | best 0.815 |     28 st/s
    done(50): success=34 t_flicker=12 t_touched=1 t_no_reach=3
Ep 42000 | score  207.98 | avg100  165.17 | grasp100  74.0% | best 0.815 |     28 st/s
    done(50): success=40 t_flicker=9 t_touched=1
Ep 42050 | score  206.98 | avg100  166.10 | grasp100  74.0% | best 0.815 |     28 st/s
    done(50): success=34 t_flicker=14 t_touched=1 t_no_reach=1
Ep 42100 | score  205.42 | avg100  162.39 | grasp100  71.0% | best 0.815 |     28 st/s
    done(50): success=37 t_flicker=12 t_touched=1
Ep 42150 | score  204.82 | avg100  166.71 | grasp100  72.0% | best 0.815 |     28 st/s
    done(50): success=35 t_flicker=13 t_touched=1 t_no_reach=1
  [primacy-bias reset of critic heads @ 650000 updates]
Ep 42200 | score   52.58 | avg100  165.90 | grasp100  74.0% | best 0.815 |     28 st/s
    done(50): success=39 t_flicker=6 t_no_reach=5
Ep 42250 | score  -27.71 | avg100   77.61 | grasp100  39.0% | best 0.815 |     28 st/s
    done(50): t_flicker=4 t_touched=7 t_no_reach=39
Ep 42300 | score   53.67 | avg100   -9.36 | grasp100   1.0% | best 0.815 |     28 st/s
    done(50): success=1 t_flicker=7 t_touched=4 t_no_reach=38
Ep 42350 | score  204.54 | avg100   27.15 | grasp100  14.0% | best 0.815 |     28 st/s
    done(50): success=13 t_flicker=14 t_touched=7 t_no_reach=16
Ep 42400 | score   63.09 | avg100   91.18 | grasp100  38.0% | best 0.815 |     28 st/s
    done(50): success=25 t_flicker=14 t_touched=5 t_no_reach=6
Ep 42450 | score  206.51 | avg100  129.50 | grasp100  54.0% | best 0.815 |     28 st/s
    done(50): success=29 t_flicker=15 t_touched=3 t_no_reach=3
Ep 42500 | score   92.48 | avg100  133.68 | grasp100  54.0% | best 0.815 |     28 st/s
    done(50): success=25 t_flicker=22 t_touched=3
Ep 42550 | score  207.42 | avg100  143.95 | grasp100  59.0% | best 0.815 |     28 st/s
    done(50): success=34 t_flicker=13 t_touched=2 t_no_reach=1
Ep 42600 | score  207.18 | avg100  153.06 | grasp100  64.0% | best 0.815 |     28 st/s
    done(50): success=30 t_flicker=15 t_touched=3 t_no_reach=2
Ep 42650 | score   91.19 | avg100  149.17 | grasp100  60.0% | best 0.815 |     28 st/s
    done(50): success=30 t_flicker=19 t_touched=1
Ep 42700 | score  206.03 | avg100  151.55 | grasp100  62.0% | best 0.815 |     28 st/s
    done(50): success=32 t_flicker=14 t_touched=3 t_no_reach=1
Ep 42750 | score  -18.27 | avg100  152.21 | grasp100  64.0% | best 0.815 |     28 st/s
    done(50): success=32 t_flicker=15 t_touched=2 t_no_reach=1
Ep 42800 | score   57.91 | avg100  157.89 | grasp100  67.0% | best 0.815 |     28 st/s
    done(50): success=35 t_flicker=14 t_touched=1
Ep 42850 | score  205.04 | avg100  165.08 | grasp100  69.0% | best 0.815 |     28 st/s
    done(50): success=34 t_flicker=16
Ep 42900 | score  209.22 | avg100  163.96 | grasp100  68.0% | best 0.815 |     28 st/s
    done(50): success=34 t_flicker=15 t_touched=1
Ep 42950 | score  101.06 | avg100  166.99 | grasp100  72.0% | best 0.815 |     28 st/s
    done(50): success=38 t_flicker=11 t_no_reach=1
Ep 43000 | score  204.96 | avg100  171.80 | grasp100  76.0% | best 0.815 |     28 st/s
    done(50): success=38 t_flicker=12
Ep 43050 | score   36.50 | avg100  169.69 | grasp100  75.0% | best 0.815 |     28 st/s
    done(50): success=37 t_flicker=11 t_touched=1 t_no_reach=1
Ep 43100 | score  209.18 | avg100  173.50 | grasp100  77.0% | best 0.815 |     28 st/s
    done(50): success=40 t_flicker=9 t_no_reach=1
Ep 43150 | score  206.87 | avg100  169.24 | grasp100  74.0% | best 0.815 |     28 st/s
    done(50): success=34 t_flicker=14 t_no_reach=2
Ep 43200 | score    6.34 | avg100  169.00 | grasp100  75.0% | best 0.815 |     28 st/s
    done(50): success=41 t_flicker=7 t_touched=2
Ep 43250 | score  209.64 | avg100  170.62 | grasp100  77.0% | best 0.815 |     28 st/s
    done(50): success=36 t_flicker=10 t_touched=3 t_no_reach=1
Ep 43300 | score  205.92 | avg100  165.42 | grasp100  72.0% | best 0.815 |     28 st/s
    done(50): success=36 t_flicker=14
Ep 43350 | score  205.08 | avg100  166.94 | grasp100  70.0% | best 0.815 |     28 st/s
    done(50): success=34 t_flicker=15 t_touched=1
Ep 43400 | score  205.01 | avg100  167.02 | grasp100  71.0% | best 0.815 |     28 st/s
    done(50): success=37 t_flicker=10 t_touched=3
Ep 43450 | score  204.37 | avg100  174.05 | grasp100  77.0% | best 0.815 |     28 st/s
    done(50): success=40 t_flicker=10
Ep 43500 | score  208.24 | avg100  176.78 | grasp100  78.0% | best 0.815 |     28 st/s
    done(50): success=38 t_flicker=11 t_touched=1
Ep 43550 | score  206.38 | avg100  181.13 | grasp100  81.0% | best 0.815 |     28 st/s
    done(50): success=43 t_flicker=6 t_no_reach=1
Ep 43600 | score   58.13 | avg100  180.17 | grasp100  81.0% | best 0.815 |     28 st/s
    done(50): success=38 t_flicker=11 t_touched=1
Ep 43631 | * BEST  level200=2.00 grasp200= 83.0% metric=0.830 | score  207.58
Ep 43650 | score   55.09 | avg100  177.53 | grasp100  79.0% | best 0.830 |     28 st/s
    done(50): success=41 t_flicker=9
Ep 43700 | score  208.27 | avg100  177.35 | grasp100  79.0% | best 0.830 |     28 st/s
    done(50): success=38 t_flicker=10 t_touched=2
Ep 43750 | score  205.76 | avg100  178.95 | grasp100  80.0% | best 0.830 |     28 st/s
    done(50): success=42 t_flicker=8
Ep 43800 | score   58.68 | avg100  179.52 | grasp100  80.0% | best 0.830 |     28 st/s
    done(50): success=38 t_flicker=12
Ep 43850 | score  122.81 | avg100  168.10 | grasp100  73.0% | best 0.830 |     28 st/s
    done(50): success=35 t_flicker=14 t_touched=1
Ep 43900 | score  206.18 | avg100  170.85 | grasp100  75.0% | best 0.830 |     28 st/s
    done(50): success=40 t_flicker=8 t_touched=1 t_no_reach=1
Ep 43950 | score  238.35 | avg100  180.86 | grasp100  81.0% | best 0.830 |     28 st/s
    done(50): success=41 t_flicker=9
  [primacy-bias reset of critic heads @ 675000 updates]
Ep 44000 | score  -17.94 | avg100  119.85 | grasp100  56.0% | best 0.830 |     28 st/s
    done(50): success=15 t_flicker=5 t_touched=2 t_no_reach=28
Ep 44050 | score   59.65 | avg100   16.29 | grasp100  15.0% | best 0.830 |     28 st/s
    done(50): t_flicker=3 t_touched=1 t_no_reach=46
Ep 44100 | score   47.50 | avg100  -17.45 | grasp100   0.0% | best 0.830 |     28 st/s
    done(50): t_flicker=4 t_touched=6 t_no_reach=40
Ep 44150 | score  207.42 | avg100   34.54 | grasp100  16.0% | best 0.830 |     28 st/s
    done(50): success=16 t_flicker=18 t_touched=10 t_no_reach=6
Ep 44200 | score  207.01 | avg100  100.83 | grasp100  40.0% | best 0.830 |     28 st/s
    done(50): success=24 t_flicker=18 t_touched=8
Ep 44250 | score   -7.72 | avg100  138.31 | grasp100  59.0% | best 0.830 |     28 st/s
    done(50): success=35 t_flicker=10 t_touched=3 t_no_reach=2
Ep 44300 | score  209.40 | avg100  160.63 | grasp100  71.0% | best 0.830 |     28 st/s
    done(50): success=36 t_flicker=11 t_touched=3
Ep 44350 | score   57.96 | avg100  160.91 | grasp100  70.0% | best 0.830 |     28 st/s
    done(50): success=34 t_flicker=11 t_touched=2 t_no_reach=3
Ep 44400 | score  206.09 | avg100  158.65 | grasp100  69.0% | best 0.830 |     28 st/s
    done(50): success=35 t_flicker=13 t_touched=1 t_no_reach=1
Ep 44450 | score  205.53 | avg100  150.98 | grasp100  63.0% | best 0.830 |     28 st/s
    done(50): success=28 t_flicker=19 t_touched=2 t_no_reach=1
Ep 44500 | score   63.06 | avg100  155.00 | grasp100  65.0% | best 0.830 |     28 st/s
    done(50): success=37 t_flicker=11 t_touched=1 t_no_reach=1
Ep 44550 | score  204.79 | avg100  159.92 | grasp100  67.0% | best 0.830 |     28 st/s
    done(50): success=30 t_flicker=18 t_touched=2
Ep 44600 | score   44.78 | avg100  149.09 | grasp100  61.0% | best 0.830 |     28 st/s
    done(50): success=31 t_flicker=17 t_no_reach=2
Ep 44650 | score  208.09 | avg100  161.09 | grasp100  70.0% | best 0.830 |     28 st/s
    done(50): success=39 t_flicker=11
Ep 44700 | score  207.91 | avg100  175.62 | grasp100  78.0% | best 0.830 |     28 st/s
    done(50): success=39 t_flicker=9 t_touched=2
Ep 44750 | score    3.52 | avg100  173.18 | grasp100  75.0% | best 0.830 |     28 st/s
    done(50): success=36 t_flicker=14
Ep 44800 | score  206.01 | avg100  176.58 | grasp100  77.0% | best 0.830 |     28 st/s
    done(50): success=41 t_flicker=7 t_touched=1 t_no_reach=1
Ep 44850 | score  210.78 | avg100  180.78 | grasp100  80.0% | best 0.830 |     28 st/s
    done(50): success=39 t_flicker=9 t_touched=1 t_no_reach=1
Ep 44900 | score  207.23 | avg100  180.76 | grasp100  81.0% | best 0.830 |     28 st/s
    done(50): success=42 t_flicker=8
Ep 44950 | score  203.62 | avg100  188.12 | grasp100  87.0% | best 0.830 |     28 st/s
    done(50): success=45 t_flicker=5
Ep 44974 | * BEST  level200=2.00 grasp200= 84.5% metric=0.845 | score  207.70
Ep 45000 | score   58.18 | avg100  188.77 | grasp100  87.0% | best 0.845 |     28 st/s
    done(50): success=42 t_flicker=7 t_touched=1
Ep 45050 | score   36.30 | avg100  181.37 | grasp100  81.0% | best 0.845 |     28 st/s
    done(50): success=39 t_flicker=11
Ep 45100 | score  206.44 | avg100  174.09 | grasp100  77.0% | best 0.845 |     28 st/s
    done(50): success=38 t_flicker=8 t_touched=3 t_no_reach=1
Ep 45150 | score  233.60 | avg100  172.26 | grasp100  77.0% | best 0.845 |     28 st/s
    done(50): success=39 t_flicker=11
Ep 45200 | score   56.06 | avg100  179.13 | grasp100  81.0% | best 0.845 |     28 st/s
    done(50): success=42 t_flicker=7 t_no_reach=1
Ep 45250 | score  205.60 | avg100  183.55 | grasp100  84.0% | best 0.845 |     28 st/s
    done(50): success=42 t_flicker=7 t_touched=1
Ep 45300 | score  206.65 | avg100  179.89 | grasp100  81.0% | best 0.845 |     28 st/s
    done(50): success=39 t_flicker=11
Ep 45350 | score  242.42 | avg100  177.20 | grasp100  79.0% | best 0.845 |     28 st/s
    done(50): success=40 t_flicker=9 t_touched=1
Ep 45400 | score   56.85 | avg100  173.12 | grasp100  77.0% | best 0.845 |     28 st/s
    done(50): success=37 t_flicker=10 t_touched=2 t_no_reach=1
Ep 45450 | score  211.55 | avg100  178.38 | grasp100  81.0% | best 0.845 |     28 st/s
    done(50): success=44 t_flicker=5 t_touched=1
Ep 45500 | score   96.30 | avg100  182.18 | grasp100  83.0% | best 0.845 |     28 st/s
    done(50): success=39 t_flicker=10 t_touched=1
Ep 45550 | score   55.70 | avg100  167.43 | grasp100  72.0% | best 0.845 |     28 st/s
    done(50): success=33 t_flicker=16 t_no_reach=1
Ep 45600 | score  207.22 | avg100  161.00 | grasp100  68.0% | best 0.845 |     28 st/s
    done(50): success=35 t_flicker=13 t_touched=2
Ep 45650 | score  206.58 | avg100  164.65 | grasp100  71.0% | best 0.845 |     28 st/s
    done(50): success=36 t_flicker=11 t_touched=2 t_no_reach=1
Ep 45700 | score  207.19 | avg100  170.90 | grasp100  75.0% | best 0.845 |     28 st/s
    done(50): success=39 t_flicker=10 t_no_reach=1
  [primacy-bias reset of critic heads @ 700000 updates]
Ep 45750 | score  205.69 | avg100  176.49 | grasp100  79.0% | best 0.845 |     28 st/s
    done(50): success=40 t_flicker=10
Ep 45800 | score  -27.54 | avg100   97.81 | grasp100  46.0% | best 0.845 |     28 st/s
    done(50): success=6 t_flicker=4 t_touched=8 t_no_reach=32
Ep 45850 | score  -25.03 | avg100    2.56 | grasp100   6.0% | best 0.845 |     28 st/s
    done(50): t_flicker=10 t_touched=2 t_no_reach=38
Ep 45900 | score   35.00 | avg100   17.97 | grasp100  11.0% | best 0.845 |     28 st/s
    done(50): success=11 t_flicker=12 t_touched=9 t_no_reach=18
Ep 45950 | score  -19.56 | avg100   77.08 | grasp100  33.0% | best 0.845 |     28 st/s
    done(50): success=22 t_flicker=14 t_touched=6 t_no_reach=8
Ep 46000 | score  205.23 | avg100  119.06 | grasp100  50.0% | best 0.845 |     28 st/s
    done(50): success=28 t_flicker=17 t_touched=3 t_no_reach=2
Ep 46050 | score  205.79 | avg100  140.87 | grasp100  59.0% | best 0.845 |     28 st/s
    done(50): success=31 t_flicker=14 t_touched=4 t_no_reach=1
Ep 46100 | score  207.40 | avg100  147.39 | grasp100  62.0% | best 0.845 |     28 st/s
    done(50): success=31 t_flicker=14 t_touched=5
Ep 46150 | score   56.75 | avg100  148.64 | grasp100  62.0% | best 0.845 |     28 st/s
    done(50): success=31 t_flicker=17 t_touched=2
Ep 46200 | score   19.33 | avg100  150.18 | grasp100  61.0% | best 0.845 |     28 st/s
    done(50): success=30 t_flicker=16 t_touched=4
Ep 46250 | score   57.11 | avg100  156.87 | grasp100  66.0% | best 0.845 |     28 st/s
    done(50): success=36 t_flicker=10 t_touched=4
Ep 46300 | score  210.22 | avg100  160.02 | grasp100  69.0% | best 0.845 |     28 st/s
    done(50): success=33 t_flicker=12 t_touched=4 t_no_reach=1
Ep 46350 | score  205.86 | avg100  166.48 | grasp100  74.0% | best 0.845 |     28 st/s
    done(50): success=41 t_flicker=6 t_touched=3
Ep 46400 | score  206.41 | avg100  172.69 | grasp100  76.0% | best 0.845 |     28 st/s
    done(50): success=35 t_flicker=15
Ep 46450 | score   63.82 | avg100  172.69 | grasp100  75.0% | best 0.845 |     28 st/s
    done(50): success=40 t_flicker=6 t_touched=4
Ep 46500 | score  204.46 | avg100  173.11 | grasp100  77.0% | best 0.845 |     28 st/s
    done(50): success=37 t_flicker=10 t_touched=3
Ep 46550 | score  262.67 | avg100  171.11 | grasp100  75.0% | best 0.845 |     28 st/s
    done(50): success=38 t_flicker=10 t_touched=2
Ep 46600 | score  206.98 | avg100  176.64 | grasp100  78.0% | best 0.845 |     28 st/s
    done(50): success=40 t_flicker=9 t_touched=1
Ep 46650 | score  206.25 | avg100  173.21 | grasp100  76.0% | best 0.845 |     28 st/s
    done(50): success=36 t_flicker=12 t_touched=2
Ep 46700 | score  206.85 | avg100  169.23 | grasp100  74.0% | best 0.845 |     28 st/s
    done(50): success=38 t_flicker=12
Ep 46750 | score  206.14 | avg100  174.45 | grasp100  78.0% | best 0.845 |     28 st/s
    done(50): success=40 t_flicker=10
Ep 46800 | score  205.50 | avg100  175.10 | grasp100  78.0% | best 0.845 |     28 st/s
    done(50): success=38 t_flicker=10 t_no_reach=2
Ep 46850 | score  205.05 | avg100  175.98 | grasp100  78.0% | best 0.845 |     28 st/s
    done(50): success=40 t_flicker=9 t_no_reach=1
Ep 46900 | score   56.02 | avg100  175.98 | grasp100  78.0% | best 0.845 |     28 st/s
    done(50): success=38 t_flicker=11 t_touched=1
Ep 46950 | score  209.49 | avg100  179.99 | grasp100  81.0% | best 0.845 |     28 st/s
    done(50): success=43 t_flicker=7
Ep 47000 | score   56.73 | avg100  189.17 | grasp100  86.0% | best 0.845 |     28 st/s
    done(50): success=43 t_flicker=7
Ep 47050 | score  208.09 | avg100  186.66 | grasp100  84.0% | best 0.845 |     28 st/s
    done(50): success=41 t_flicker=8 t_no_reach=1
Ep 47100 | score  206.84 | avg100  173.27 | grasp100  77.0% | best 0.845 |     28 st/s
    done(50): success=36 t_flicker=12 t_touched=2
Ep 47150 | score  209.91 | avg100  176.47 | grasp100  80.0% | best 0.845 |     28 st/s
    done(50): success=44 t_flicker=5 t_no_reach=1
Ep 47200 | score   56.83 | avg100  183.91 | grasp100  84.0% | best 0.845 |     28 st/s
    done(50): success=40 t_flicker=9 t_touched=1
Ep 47250 | score  205.88 | avg100  181.70 | grasp100  81.0% | best 0.845 |     28 st/s
    done(50): success=41 t_flicker=9
Ep 47300 | score  238.16 | avg100  179.84 | grasp100  80.0% | best 0.845 |     28 st/s
    done(50): success=39 t_flicker=8 t_touched=1 t_no_reach=2
Ep 47350 | score  207.64 | avg100  180.91 | grasp100  82.0% | best 0.845 |     28 st/s
    done(50): success=43 t_flicker=7
Ep 47400 | score  206.09 | avg100  178.25 | grasp100  82.0% | best 0.845 |     28 st/s
    done(50): success=39 t_flicker=9 t_touched=2
Ep 47450 | score  203.93 | avg100  175.67 | grasp100  81.0% | best 0.845 |     28 st/s
    done(50): success=42 t_flicker=6 t_touched=1 t_no_reach=1
Ep 47500 | score  205.04 | avg100  181.32 | grasp100  82.0% | best 0.845 |     28 st/s
    done(50): success=40 t_flicker=10
  [primacy-bias reset of critic heads @ 725000 updates]
Ep 47550 | score    9.26 | avg100  172.92 | grasp100  79.0% | best 0.845 |     28 st/s
    done(50): success=39 t_flicker=4 t_touched=1 t_no_reach=6
Ep 47600 | score  -27.53 | avg100   88.51 | grasp100  43.0% | best 0.845 |     28 st/s
    done(50): success=4 t_flicker=8 t_touched=4 t_no_reach=34
Ep 47650 | score  205.37 | avg100   11.34 | grasp100   8.0% | best 0.845 |     28 st/s
    done(50): success=4 t_flicker=8 t_touched=7 t_no_reach=31
Ep 47700 | score   -4.21 | avg100   49.57 | grasp100  23.0% | best 0.845 |     28 st/s
    done(50): success=19 t_flicker=17 t_touched=7 t_no_reach=7
Ep 47750 | score  204.36 | avg100  103.40 | grasp100  41.0% | best 0.845 |     28 st/s
    done(50): success=22 t_flicker=22 t_touched=4 t_no_reach=2
Ep 47800 | score  205.83 | avg100  137.54 | grasp100  55.0% | best 0.845 |     28 st/s
    done(50): success=33 t_flicker=16 t_touched=1
Ep 47850 | score  246.55 | avg100  155.31 | grasp100  66.0% | best 0.845 |     28 st/s
    done(50): success=33 t_flicker=12 t_touched=4 t_no_reach=1
Ep 47900 | score  205.41 | avg100  145.97 | grasp100  60.0% | best 0.845 |     28 st/s
    done(50): success=27 t_flicker=18 t_touched=3 t_no_reach=2
Ep 47950 | score  206.62 | avg100  147.07 | grasp100  61.0% | best 0.845 |     28 st/s
    done(50): success=34 t_flicker=13 t_touched=3
Ep 48000 | score  207.59 | avg100  158.96 | grasp100  69.0% | best 0.845 |     28 st/s
    done(50): success=35 t_flicker=15
Ep 48050 | score   56.72 | avg100  163.34 | grasp100  71.0% | best 0.845 |     28 st/s
    done(50): success=36 t_flicker=13 t_touched=1
Ep 48100 | score  208.83 | avg100  160.88 | grasp100  69.0% | best 0.845 |     28 st/s
    done(50): success=33 t_flicker=16 t_touched=1
Ep 48150 | score   59.18 | avg100  162.09 | grasp100  70.0% | best 0.845 |     28 st/s
    done(50): success=37 t_flicker=10 t_touched=3
Ep 48200 | score   56.23 | avg100  165.93 | grasp100  73.0% | best 0.845 |     28 st/s
    done(50): success=36 t_flicker=13 t_touched=1
Ep 48250 | score   83.17 | avg100  171.53 | grasp100  76.0% | best 0.845 |     28 st/s
    done(50): success=40 t_flicker=8 t_touched=2
Ep 48300 | score  229.50 | avg100  182.31 | grasp100  84.0% | best 0.845 |     28 st/s
    done(50): success=44 t_flicker=2 t_touched=4
Ep 48350 | score  206.11 | avg100  187.07 | grasp100  86.0% | best 0.845 |     28 st/s
    done(50): success=42 t_flicker=8
Ep 48400 | score  211.27 | avg100  171.10 | grasp100  73.0% | best 0.845 |     28 st/s
    done(50): success=31 t_flicker=19
Ep 48450 | score  206.03 | avg100  173.16 | grasp100  75.0% | best 0.845 |     28 st/s
    done(50): success=44 t_flicker=6
Ep 48500 | score  205.05 | avg100  185.60 | grasp100  85.0% | best 0.845 |     28 st/s
    done(50): success=41 t_flicker=9
Ep 48550 | score  206.65 | avg100  171.82 | grasp100  75.0% | best 0.845 |     28 st/s
    done(50): success=34 t_flicker=16
Ep 48600 | score  215.52 | avg100  168.27 | grasp100  72.0% | best 0.845 |     28 st/s
    done(50): success=38 t_flicker=11 t_touched=1
Ep 48650 | score   76.25 | avg100  175.60 | grasp100  77.0% | best 0.845 |     28 st/s
    done(50): success=39 t_flicker=11
Ep 48700 | score  207.12 | avg100  178.83 | grasp100  79.0% | best 0.845 |     28 st/s
    done(50): success=40 t_flicker=10
Ep 48750 | score  207.61 | avg100  183.65 | grasp100  81.0% | best 0.845 |     28 st/s
    done(50): success=41 t_flicker=9
Ep 48800 | score  205.58 | avg100  182.05 | grasp100  79.0% | best 0.845 |     28 st/s
    done(50): success=38 t_flicker=12
Ep 48850 | score  207.30 | avg100  172.58 | grasp100  74.0% | best 0.845 |     28 st/s
    done(50): success=36 t_flicker=14
Ep 48900 | score  203.49 | avg100  172.18 | grasp100  75.0% | best 0.845 |     28 st/s
    done(50): success=39 t_flicker=11
Ep 48950 | score  213.72 | avg100  172.31 | grasp100  75.0% | best 0.845 |     28 st/s
    done(50): success=36 t_flicker=12 t_touched=2
Ep 49000 | score  222.78 | avg100  174.11 | grasp100  76.0% | best 0.845 |     28 st/s
    done(50): success=40 t_flicker=8 t_touched=1 t_no_reach=1
Ep 49050 | score  208.57 | avg100  172.37 | grasp100  77.0% | best 0.845 |     28 st/s
    done(50): success=37 t_flicker=12 t_no_reach=1
Ep 49100 | score  243.39 | avg100  175.66 | grasp100  79.0% | best 0.845 |     28 st/s
    done(50): success=42 t_flicker=8
Ep 49150 | score  207.23 | avg100  183.54 | grasp100  82.0% | best 0.845 |     28 st/s
    done(50): success=40 t_flicker=10
Ep 49200 | score  204.20 | avg100  180.51 | grasp100  81.0% | best 0.845 |     28 st/s
    done(50): success=41 t_flicker=8 t_touched=1
Ep 49250 | score  204.05 | avg100  179.03 | grasp100  82.0% | best 0.845 |     28 st/s
    done(50): success=41 t_flicker=8 t_touched=1
Ep 49300 | score  207.28 | avg100  178.93 | grasp100  81.0% | best 0.845 |     28 st/s
    done(50): success=40 t_flicker=10
Ep 49350 | score  205.25 | avg100  185.39 | grasp100  84.0% | best 0.845 |     28 st/s
    done(50): success=44 t_flicker=6
Ep 49400 | score  206.58 | avg100  180.25 | grasp100  81.0% | best 0.845 |     28 st/s
    done(50): success=37 t_flicker=12 t_touched=1
  [primacy-bias reset of critic heads @ 750000 updates]
Ep 49450 | score   21.86 | avg100  126.04 | grasp100  53.0% | best 0.845 |     28 st/s
    done(50): success=16 t_flicker=17 t_touched=5 t_no_reach=12
Ep 49500 | score   -4.53 | avg100   63.25 | grasp100  23.0% | best 0.845 |     28 st/s
    done(50): success=7 t_flicker=17 t_touched=11 t_no_reach=15
Ep 49550 | score   57.68 | avg100   52.11 | grasp100  17.0% | best 0.845 |     28 st/s
    done(50): success=10 t_flicker=19 t_touched=12 t_no_reach=9
Ep 49600 | score  205.69 | avg100   85.42 | grasp100  30.0% | best 0.845 |     28 st/s
    done(50): success=20 t_flicker=25 t_touched=3 t_no_reach=2
Ep 49650 | score   56.18 | avg100  114.69 | grasp100  44.0% | best 0.845 |     28 st/s
    done(50): success=24 t_flicker=17 t_touched=4 t_no_reach=5
Ep 49700 | score  207.99 | avg100  126.59 | grasp100  50.0% | best 0.845 |     28 st/s
    done(50): success=26 t_flicker=21 t_touched=1 t_no_reach=2
Ep 49750 | score  204.03 | avg100  141.98 | grasp100  57.0% | best 0.845 |     28 st/s
    done(50): success=31 t_flicker=14 t_touched=2 t_no_reach=3
Ep 49800 | score   51.49 | avg100  149.24 | grasp100  62.0% | best 0.845 |     28 st/s
    done(50): success=31 t_flicker=16 t_touched=3
Ep 49850 | score  217.31 | avg100  157.34 | grasp100  67.0% | best 0.845 |     28 st/s
    done(50): success=36 t_flicker=12 t_touched=2
Ep 49900 | score  212.11 | avg100  158.41 | grasp100  66.0% | best 0.845 |     28 st/s
    done(50): success=30 t_flicker=19 t_touched=1
Ep 49950 | score   11.51 | avg100  150.19 | grasp100  61.0% | best 0.845 |     28 st/s
    done(50): success=31 t_flicker=16 t_touched=1 t_no_reach=2
Ep 50000 | score  208.33 | avg100  153.74 | grasp100  64.0% | best 0.845 |     28 st/s
    done(50): success=33 t_flicker=15 t_touched=2
Ep 50050 | score  205.71 | avg100  171.82 | grasp100  76.0% | best 0.845 |     28 st/s
    done(50): success=43 t_flicker=6 t_touched=1
Ep 50100 | score  207.99 | avg100  176.30 | grasp100  79.0% | best 0.845 |     28 st/s
    done(50): success=36 t_flicker=14
Ep 50150 | score  208.64 | avg100  173.35 | grasp100  76.0% | best 0.845 |     28 st/s
    done(50): success=40 t_flicker=9 t_touched=1
Ep 50200 | score  207.55 | avg100  181.81 | grasp100  81.0% | best 0.845 |     28 st/s
    done(50): success=41 t_flicker=9
Ep 50250 | score  208.81 | avg100  173.05 | grasp100  76.0% | best 0.845 |     28 st/s
    done(50): success=35 t_flicker=14 t_touched=1
Ep 50300 | score  208.25 | avg100  171.78 | grasp100  75.0% | best 0.845 |     28 st/s
    done(50): success=40 t_flicker=10
Ep 50350 | score  205.50 | avg100  179.68 | grasp100  79.0% | best 0.845 |     28 st/s
    done(50): success=39 t_flicker=10 t_no_reach=1
Ep 50400 | score  207.15 | avg100  183.05 | grasp100  81.0% | best 0.845 |     28 st/s
    done(50): success=42 t_flicker=7 t_no_reach=1
Ep 50450 | score  208.66 | avg100  190.48 | grasp100  87.0% | best 0.845 |     28 st/s
    done(50): success=45 t_flicker=4 t_touched=1
Ep 50500 | score   44.19 | avg100  186.21 | grasp100  85.0% | best 0.845 |     28 st/s
    done(50): success=40 t_flicker=10
Ep 50550 | score  209.47 | avg100  176.14 | grasp100  78.0% | best 0.845 |     28 st/s
    done(50): success=38 t_flicker=11 t_touched=1
Ep 50600 | score   55.59 | avg100  172.52 | grasp100  76.0% | best 0.845 |     28 st/s
    done(50): success=38 t_flicker=11 t_touched=1
Ep 50650 | score  208.16 | avg100  167.68 | grasp100  74.0% | best 0.845 |     28 st/s
    done(50): success=36 t_flicker=11 t_touched=2 t_no_reach=1
Ep 50700 | score   66.20 | avg100  174.53 | grasp100  78.0% | best 0.845 |     28 st/s
    done(50): success=42 t_flicker=8
Ep 50750 | score  211.58 | avg100  181.46 | grasp100  82.0% | best 0.845 |     28 st/s
    done(50): success=40 t_flicker=10
Ep 50800 | score   62.65 | avg100  182.64 | grasp100  83.0% | best 0.845 |     28 st/s
    done(50): success=43 t_flicker=6 t_no_reach=1
Ep 50850 | score   74.32 | avg100  186.96 | grasp100  85.0% | best 0.845 |     28 st/s
    done(50): success=42 t_flicker=8
Ep 50876 | * BEST  level200=2.00 grasp200= 86.0% metric=0.860 | score  204.98
Ep 50900 | score  208.58 | avg100  188.25 | grasp100  86.0% | best 0.860 |     28 st/s
    done(50): success=44 t_flicker=5 t_touched=1
Ep 50950 | score  209.00 | avg100  182.59 | grasp100  82.0% | best 0.860 |     28 st/s
    done(50): success=38 t_flicker=12
Ep 51000 | score  208.88 | avg100  179.88 | grasp100  80.0% | best 0.860 |     28 st/s
    done(50): success=42 t_flicker=8
Ep 51050 | score  206.59 | avg100  184.02 | grasp100  84.0% | best 0.860 |     28 st/s
    done(50): success=42 t_flicker=7 t_touched=1
Ep 51100 | score  208.36 | avg100  180.79 | grasp100  82.0% | best 0.860 |     28 st/s
    done(50): success=40 t_flicker=10
Ep 51150 | score  208.39 | avg100  171.35 | grasp100  75.0% | best 0.860 |     28 st/s
    done(50): success=35 t_flicker=13 t_touched=2
Ep 51200 | score  206.05 | avg100  178.79 | grasp100  79.0% | best 0.860 |     28 st/s
    done(50): success=44 t_flicker=6
Ep 51250 | score  205.60 | avg100  182.74 | grasp100  82.0% | best 0.860 |     28 st/s
    done(50): success=38 t_flicker=12
  [primacy-bias reset of critic heads @ 775000 updates]
Ep 51300 | score  206.59 | avg100  185.93 | grasp100  85.0% | best 0.860 |     28 st/s
    done(50): success=47 t_flicker=3
Ep 51350 | score  -18.41 | avg100  107.46 | grasp100  52.0% | best 0.860 |     28 st/s
    done(50): success=5 t_flicker=7 t_touched=7 t_no_reach=31
Ep 51400 | score   45.96 | avg100   17.62 | grasp100  10.0% | best 0.860 |     28 st/s
    done(50): success=5 t_flicker=11 t_touched=7 t_no_reach=27
Ep 51450 | score   20.33 | avg100   49.65 | grasp100  20.0% | best 0.860 |     28 st/s
    done(50): success=15 t_flicker=17 t_touched=6 t_no_reach=12
Ep 51500 | score  206.50 | avg100  100.95 | grasp100  42.0% | best 0.860 |     28 st/s
    done(50): success=27 t_flicker=13 t_touched=4 t_no_reach=6
Ep 51550 | score   27.37 | avg100  118.47 | grasp100  49.0% | best 0.860 |     28 st/s
    done(50): success=22 t_flicker=18 t_touched=4 t_no_reach=6
Ep 51600 | score  206.07 | avg100  126.42 | grasp100  51.0% | best 0.860 |     28 st/s
    done(50): success=29 t_flicker=13 t_touched=5 t_no_reach=3
Ep 51650 | score  208.46 | avg100  143.84 | grasp100  59.0% | best 0.860 |     28 st/s
    done(50): success=30 t_flicker=19 t_no_reach=1
Ep 51700 | score   38.35 | avg100  145.76 | grasp100  59.0% | best 0.860 |     28 st/s
    done(50): success=29 t_flicker=17 t_touched=2 t_no_reach=2
Ep 51750 | score  206.22 | avg100  158.98 | grasp100  69.0% | best 0.860 |     28 st/s
    done(50): success=40 t_flicker=8 t_no_reach=2
Ep 51800 | score  206.43 | avg100  173.24 | grasp100  78.0% | best 0.860 |     28 st/s
    done(50): success=38 t_flicker=9 t_touched=3
Ep 51850 | score  208.38 | avg100  176.15 | grasp100  78.0% | best 0.860 |     28 st/s
    done(50): success=40 t_flicker=9 t_touched=1
Ep 51900 | score  206.63 | avg100  176.04 | grasp100  77.0% | best 0.860 |     28 st/s
    done(50): success=37 t_flicker=11 t_touched=2
Ep 51950 | score  205.88 | avg100  173.67 | grasp100  76.0% | best 0.860 |     28 st/s
    done(50): success=39 t_flicker=9 t_touched=2
Ep 52000 | score  206.50 | avg100  180.72 | grasp100  81.0% | best 0.860 |     28 st/s
    done(50): success=42 t_flicker=8
Ep 52050 | score  208.43 | avg100  176.84 | grasp100  79.0% | best 0.860 |     28 st/s
    done(50): success=37 t_flicker=12 t_touched=1
Ep 52100 | score  206.50 | avg100  168.01 | grasp100  72.0% | best 0.860 |     28 st/s
    done(50): success=35 t_flicker=15
Ep 52150 | score  203.91 | avg100  181.88 | grasp100  80.0% | best 0.860 |     28 st/s
    done(50): success=45 t_flicker=5
Ep 52200 | score  116.33 | avg100  188.05 | grasp100  84.0% | best 0.860 |     28 st/s
    done(50): success=39 t_flicker=11
Ep 52250 | score  234.66 | avg100  185.01 | grasp100  82.0% | best 0.860 |     28 st/s
    done(50): success=43 t_flicker=7
Ep 52300 | score  207.51 | avg100  184.63 | grasp100  82.0% | best 0.860 |     28 st/s
    done(50): success=39 t_flicker=11
Ep 52350 | score  211.48 | avg100  175.24 | grasp100  75.0% | best 0.860 |     28 st/s
    done(50): success=36 t_flicker=14
Ep 52400 | score  205.62 | avg100  169.35 | grasp100  72.0% | best 0.860 |     28 st/s
    done(50): success=36 t_flicker=14
Ep 52450 | score  204.06 | avg100  174.26 | grasp100  77.0% | best 0.860 |     28 st/s
    done(50): success=41 t_flicker=8 t_touched=1
Ep 52500 | score  206.90 | avg100  183.57 | grasp100  83.0% | best 0.860 |     28 st/s
    done(50): success=42 t_flicker=8
Ep 52550 | score  204.24 | avg100  185.03 | grasp100  83.0% | best 0.860 |     28 st/s
    done(50): success=41 t_flicker=9
Ep 52600 | score  207.73 | avg100  183.99 | grasp100  82.0% | best 0.860 |     28 st/s
    done(50): success=41 t_flicker=8 t_touched=1
Ep 52650 | score  218.62 | avg100  181.65 | grasp100  82.0% | best 0.860 |     28 st/s
    done(50): success=41 t_flicker=8 t_touched=1
Ep 52700 | score  205.86 | avg100  186.85 | grasp100  86.0% | best 0.860 |     28 st/s
    done(50): success=45 t_flicker=5
Ep 52750 | score   90.84 | avg100  191.99 | grasp100  89.0% | best 0.860 |     28 st/s
    done(50): success=44 t_flicker=5 t_touched=1
Ep 52800 | score  207.00 | avg100  189.44 | grasp100  86.0% | best 0.860 |     28 st/s
    done(50): success=42 t_flicker=8
Ep 52850 | score  208.21 | avg100  185.70 | grasp100  84.0% | best 0.860 |     28 st/s
    done(50): success=42 t_flicker=7 t_touched=1
Ep 52900 | score  207.30 | avg100  180.80 | grasp100  83.0% | best 0.860 |     28 st/s
    done(50): success=41 t_flicker=7 t_touched=1 t_no_reach=1
Ep 52950 | score  204.81 | avg100  184.41 | grasp100  85.0% | best 0.860 |     28 st/s
    done(50): success=44 t_flicker=6
Ep 53000 | score  208.08 | avg100  187.88 | grasp100  87.0% | best 0.860 |     28 st/s
    done(50): success=43 t_flicker=6 t_touched=1
Ep 53050 | score  131.63 | avg100  185.61 | grasp100  85.0% | best 0.860 |     28 st/s
    done(50): success=42 t_flicker=7 t_no_reach=1
Ep 53100 | score  234.92 | avg100  185.36 | grasp100  85.0% | best 0.860 |     28 st/s
    done(50): success=43 t_flicker=6 t_touched=1
  [primacy-bias reset of critic heads @ 800000 updates]
Ep 53150 | score    7.86 | avg100  153.37 | grasp100  70.0% | best 0.860 |     28 st/s
    done(50): success=27 t_flicker=12 t_touched=1 t_no_reach=10
Ep 53200 | score  -27.91 | avg100   51.89 | grasp100  27.0% | best 0.860 |     28 st/s
    done(50): t_flicker=4 t_touched=7 t_no_reach=39
Ep 53250 | score  -19.44 | avg100  -12.09 | grasp100   0.0% | best 0.860 |     28 st/s
    done(50): t_flicker=7 t_touched=11 t_no_reach=32
Ep 53300 | score   67.39 | avg100   27.99 | grasp100  11.0% | best 0.860 |     29 st/s
    done(50): success=11 t_flicker=20 t_touched=8 t_no_reach=11
Ep 53350 | score  207.81 | avg100  100.12 | grasp100  39.0% | best 0.860 |     29 st/s
    done(50): success=28 t_flicker=17 t_touched=2 t_no_reach=3
Ep 53400 | score   55.89 | avg100  127.82 | grasp100  51.0% | best 0.860 |     29 st/s
    done(50): success=23 t_flicker=19 t_touched=5 t_no_reach=3
Ep 53450 | score  204.43 | avg100  137.45 | grasp100  57.0% | best 0.860 |     29 st/s
    done(50): success=34 t_flicker=13 t_touched=2 t_no_reach=1
Ep 53500 | score  205.35 | avg100  157.13 | grasp100  69.0% | best 0.860 |     29 st/s
    done(50): success=35 t_flicker=13 t_touched=1 t_no_reach=1
Ep 53550 | score  204.23 | avg100  160.61 | grasp100  71.0% | best 0.860 |     29 st/s
    done(50): success=36 t_flicker=13 t_touched=1
Ep 53600 | score  221.32 | avg100  169.04 | grasp100  75.0% | best 0.860 |     29 st/s
    done(50): success=39 t_flicker=9 t_touched=2
Ep 53650 | score   53.83 | avg100  170.46 | grasp100  75.0% | best 0.860 |     29 st/s
    done(50): success=36 t_flicker=13 t_touched=1
Ep 53700 | score  207.86 | avg100  174.36 | grasp100  77.0% | best 0.860 |     29 st/s
    done(50): success=41 t_flicker=9
Ep 53750 | score  210.07 | avg100  173.41 | grasp100  78.0% | best 0.860 |     29 st/s
    done(50): success=37 t_flicker=6 t_touched=4 t_no_reach=3
Ep 53800 | score  206.29 | avg100  172.74 | grasp100  77.0% | best 0.860 |     29 st/s
    done(50): success=40 t_flicker=10
Ep 53850 | score  208.66 | avg100  177.24 | grasp100  78.0% | best 0.860 |     29 st/s
    done(50): success=38 t_flicker=10 t_touched=2
Ep 53900 | score   33.00 | avg100  178.12 | grasp100  78.0% | best 0.860 |     29 st/s
    done(50): success=40 t_flicker=10
Ep 53950 | score  204.46 | avg100  187.37 | grasp100  84.0% | best 0.860 |     29 st/s
    done(50): success=44 t_flicker=5 t_touched=1
Ep 54000 | score  207.30 | avg100  188.46 | grasp100  86.0% | best 0.860 |     29 st/s
    done(50): success=42 t_flicker=8
Ep 54050 | score  206.90 | avg100  184.95 | grasp100  84.0% | best 0.860 |     29 st/s
    done(50): success=42 t_flicker=8
Ep 54100 | score   60.22 | avg100  175.79 | grasp100  78.0% | best 0.860 |     29 st/s
    done(50): success=36 t_flicker=12 t_touched=1 t_no_reach=1
Ep 54150 | score   56.85 | avg100  171.64 | grasp100  75.0% | best 0.860 |     29 st/s
    done(50): success=39 t_flicker=9 t_touched=2
Ep 54200 | score  243.65 | avg100  182.91 | grasp100  81.0% | best 0.860 |     29 st/s
    done(50): success=42 t_flicker=8
Ep 54250 | score  205.47 | avg100  185.49 | grasp100  83.0% | best 0.860 |     29 st/s
    done(50): success=41 t_flicker=8 t_no_reach=1
Ep 54300 | score  210.18 | avg100  188.43 | grasp100  86.0% | best 0.860 |     29 st/s
    done(50): success=45 t_flicker=4 t_touched=1
Ep 54350 | score  206.91 | avg100  188.41 | grasp100  85.0% | best 0.860 |     29 st/s
    done(50): success=40 t_flicker=10
Ep 54400 | score  205.91 | avg100  186.65 | grasp100  84.0% | best 0.860 |     29 st/s
    done(50): success=44 t_flicker=5 t_no_reach=1
Ep 54450 | score  205.14 | avg100  190.54 | grasp100  87.0% | best 0.860 |     29 st/s
    done(50): success=43 t_flicker=7
Ep 54500 | score  205.26 | avg100  187.60 | grasp100  86.0% | best 0.860 |     29 st/s
    done(50): success=43 t_flicker=6 t_touched=1
Ep 54550 | score   56.87 | avg100  181.66 | grasp100  82.0% | best 0.860 |     29 st/s
    done(50): success=39 t_flicker=10 t_no_reach=1
Ep 54600 | score  217.44 | avg100  187.58 | grasp100  84.0% | best 0.860 |     29 st/s
    done(50): success=45 t_flicker=5
Ep 54650 | score  205.34 | avg100  193.13 | grasp100  89.0% | best 0.860 |     29 st/s
    done(50): success=44 t_flicker=5 t_no_reach=1
Ep 54700 | score  205.75 | avg100  185.40 | grasp100  85.0% | best 0.860 |     29 st/s
    done(50): success=41 t_flicker=9
Ep 54741 | * BEST  level200=2.00 grasp200= 87.5% metric=0.875 | score  206.85
Ep 54750 | score  207.60 | avg100  186.08 | grasp100  85.0% | best 0.875 |     29 st/s
    done(50): success=44 t_flicker=6
Ep 54800 | score  205.37 | avg100  189.14 | grasp100  88.0% | best 0.875 |     29 st/s
    done(50): success=44 t_flicker=3 t_touched=3
Ep 54850 | score  222.20 | avg100  189.22 | grasp100  89.0% | best 0.875 |     29 st/s
    done(50): success=45 t_flicker=3 t_touched=1 t_no_reach=1
Ep 54864 | * BEST  level200=2.00 grasp200= 89.0% metric=0.890 | score  207.37
Ep 54900 | score   56.40 | avg100  190.14 | grasp100  88.0% | best 0.890 |     29 st/s
    done(50): success=43 t_flicker=7
Ep 54950 | score  204.94 | avg100  183.52 | grasp100  83.0% | best 0.890 |     29 st/s
    done(50): success=40 t_flicker=9 t_touched=1
  [primacy-bias reset of critic heads @ 825000 updates]
Ep 55000 | score  -27.86 | avg100  134.67 | grasp100  63.0% | best 0.890 |     29 st/s
    done(50): success=23 t_flicker=6 t_no_reach=21

========================================================================
DONE  td3_ln_cereal_basewarm_s1
  Episodes     : 55000
  Env steps    : 2,064,435  (72436s)
  Best metric  : 0.890  (policy in /home/fahim/Thesis_fahim/pickandplace/checkpoints/td3_grasp_rand_td3_ln_cereal_basewarm_s1/best)
  Final grasp% : 63.0
  CSV          : /home/fahim/Thesis_fahim/pickandplace/logs/grasp_rand_td3_ln_cereal_basewarm_s1/episodes.csv
  Probe CSV    : /home/fahim/Thesis_fahim/pickandplace/logs/grasp_rand_td3_ln_cereal_basewarm_s1/probe.csv
  Manifest     : /home/fahim/Thesis_fahim/pickandplace/logs/grasp_rand_td3_ln_cereal_basewarm_s1/manifest.json
========================================================================

