========================================================================
RANDOM-SPAWN GRASP RETRAINING  |  algo=td3_ln  run=td3_ln_cereal_alignwarm_s0
========================================================================
  Envs                : 5 (subprocess-parallel, fork)
  Spawn level         : 2.0 (1.0 = full position box, 2.0 = + z-rotation)
  Updates/vec-step    : 2 (0.400 per env-step; historical baseline 0.5)
  Buffer              : 2,000,000
  Actor               : 64 -> 32  (5,216 weights)  [critics 512->256]
  Warm start          : checkpoints/td3_grasp_rand_td3_ln_c2m512_s1/best
  Checkpoints         : /home/fahim/Thesis_fahim/pickandplace/checkpoints/td3_grasp_rand_td3_ln_cereal_alignwarm_s0
========================================================================

Spawning 5 subprocess environments (fork)...
[robosuite WARNING] No private macro file found! (__init__.py:7)
[robosuite WARNING] It is recommended to use a private macro file (__init__.py:8)
[robosuite WARNING] To setup, run: python /home/fahim/Thesis_fahim/venv/lib/python3.12/site-packages/robosuite/scripts/setup_macros.py (__init__.py:9)
[robosuite WARNING] No private macro file found! (__init__.py:7)
[robosuite WARNING] It is recommended to use a private macro file (__init__.py:8)
[robosuite WARNING] To setup, run: python /home/fahim/Thesis_fahim/venv/lib/python3.12/site-packages/robosuite/scripts/setup_macros.py (__init__.py:9)
[robosuite WARNING] No private macro file found! (__init__.py:7)
[robosuite WARNING] It is recommended to use a private macro file (__init__.py:8)
[robosuite WARNING] To setup, run: python /home/fahim/Thesis_fahim/venv/lib/python3.12/site-packages/robosuite/scripts/setup_macros.py (__init__.py:9)
[robosuite WARNING] No private macro file found! (__init__.py:7)
[robosuite WARNING] It is recommended to use a private macro file (__init__.py:8)
[robosuite WARNING] To setup, run: python /home/fahim/Thesis_fahim/venv/lib/python3.12/site-packages/robosuite/scripts/setup_macros.py (__init__.py:9)
[robosuite WARNING] No private macro file found! (__init__.py:7)
[robosuite WARNING] It is recommended to use a private macro file (__init__.py:8)
[robosuite WARNING] To setup, run: python /home/fahim/Thesis_fahim/venv/lib/python3.12/site-packages/robosuite/scripts/setup_macros.py (__init__.py:9)
Gym has been unmaintained since 2022 and does not support NumPy 2.0 amongst other critical functionality.
Please upgrade to Gymnasium, the maintained drop-in replacement of Gym, or contact the authors of your software and request that they upgrade.
See the migration guide at https://gymnasium.farama.org/introduction/migration_guide/ for additional information.
Gym has been unmaintained since 2022 and does not support NumPy 2.0 amongst other critical functionality.
Please upgrade to Gymnasium, the maintained drop-in replacement of Gym, or contact the authors of your software and request that they upgrade.
See the migration guide at https://gymnasium.farama.org/introduction/migration_guide/ for additional information.
Gym has been unmaintained since 2022 and does not support NumPy 2.0 amongst other critical functionality.
Please upgrade to Gymnasium, the maintained drop-in replacement of Gym, or contact the authors of your software and request that they upgrade.
See the migration guide at https://gymnasium.farama.org/introduction/migration_guide/ for additional information.
Gym has been unmaintained since 2022 and does not support NumPy 2.0 amongst other critical functionality.
Please upgrade to Gymnasium, the maintained drop-in replacement of Gym, or contact the authors of your software and request that they upgrade.
See the migration guide at https://gymnasium.farama.org/introduction/migration_guide/ for additional information.
Gym has been unmaintained since 2022 and does not support NumPy 2.0 amongst other critical functionality.
Please upgrade to Gymnasium, the maintained drop-in replacement of Gym, or contact the authors of your software and request that they upgrade.
See the migration guide at https://gymnasium.farama.org/introduction/migration_guide/ for additional information.
/home/fahim/Thesis_fahim/venv/lib/python3.12/site-packages/gym/spaces/box.py:84: UserWarning: [33mWARN: Box bound precision lowered by casting to float32[0m
  logger.warn(f"Box bound precision lowered by casting to {self.dtype}")
/home/fahim/Thesis_fahim/venv/lib/python3.12/site-packages/gym/spaces/box.py:84: UserWarning: [33mWARN: Box bound precision lowered by casting to float32[0m
  logger.warn(f"Box bound precision lowered by casting to {self.dtype}")
/home/fahim/Thesis_fahim/venv/lib/python3.12/site-packages/gym/spaces/box.py:84: UserWarning: [33mWARN: Box bound precision lowered by casting to float32[0m
  logger.warn(f"Box bound precision lowered by casting to {self.dtype}")
/home/fahim/Thesis_fahim/venv/lib/python3.12/site-packages/gym/spaces/box.py:84: UserWarning: [33mWARN: Box bound precision lowered by casting to float32[0m
  logger.warn(f"Box bound precision lowered by casting to {self.dtype}")
/home/fahim/Thesis_fahim/venv/lib/python3.12/site-packages/gym/spaces/box.py:84: UserWarning: [33mWARN: Box bound precision lowered by casting to float32[0m
  logger.warn(f"Box bound precision lowered by casting to {self.dtype}")
Gym has been unmaintained since 2022 and does not support NumPy 2.0 amongst other critical functionality.
Please upgrade to Gymnasium, the maintained drop-in replacement of Gym, or contact the authors of your software and request that they upgrade.
See the migration guide at https://gymnasium.farama.org/introduction/migration_guide/ for additional information.
5 environments ready.

  Actor QAT           : per-tensor INT8 fake-quant, STE grads
  Actor weight clip   : |w| <= 8.0 * std(w) per Linear tensor (bi_s0 baseline fc1 9.96 / fc2 10.82)
Init: warm-started (actor only, critics fresh) (source: /home/fahim/Thesis_fahim/pickandplace/checkpoints/td3_grasp_rand_td3_ln_c2m512_s1/best)
Fresh replay buffer.

Training...

Ep    50 | score  -45.23 | avg100    7.79 | grasp100   8.0% | best 0.000 |    143 st/s
    done(50): success=4 t_flicker=11 t_touched=18 t_no_reach=17
Ep   100 | score  -34.15 | avg100  -24.90 | grasp100   4.0% | best 0.000 |     59 st/s
    done(50): t_flicker=3 t_touched=4 t_no_reach=43
Ep   150 | score  -53.47 | avg100  -61.60 | grasp100   0.0% | best 0.000 |     47 st/s
    done(50): t_touched=3 t_no_reach=47
Ep   200 | * BEST  level200=2.00 grasp200=  2.0% metric=0.020 | score  -40.48
Ep   250 | score  -56.63 | avg100  -52.83 | grasp100   0.0% | best 0.020 |     40 st/s
    done(50): t_flicker=4 t_touched=4 t_no_reach=42
Ep   300 | score  -73.35 | avg100  -55.38 | grasp100   0.0% | best 0.020 |     39 st/s
    done(50): t_flicker=2 t_touched=2 t_no_reach=46
Ep   350 | score  -78.96 | avg100  -65.24 | grasp100   0.0% | best 0.020 |     38 st/s
    done(50): t_touched=2 t_no_reach=48
  [primacy-bias reset of critic heads @ 25000 updates]
Ep   400 | score  -59.97 | avg100  -69.54 | grasp100   1.0% | best 0.020 |     37 st/s
    done(50): success=1 t_no_reach=49
Ep   450 | score  -66.17 | avg100  -62.13 | grasp100   1.0% | best 0.020 |     37 st/s
    done(50): t_flicker=1 t_touched=4 t_no_reach=45
Ep   500 | score  -65.23 | avg100  -46.49 | grasp100   0.0% | best 0.020 |     36 st/s
    done(50): t_flicker=2 t_touched=11 t_no_reach=37
Ep   550 | score  -58.15 | avg100  -38.02 | grasp100   0.0% | best 0.020 |     36 st/s
    done(50): t_flicker=6 t_touched=3 t_no_reach=41
Ep   600 | score  -16.80 | avg100  -35.08 | grasp100   1.0% | best 0.020 |     36 st/s
    done(50): success=1 t_flicker=3 t_touched=8 t_no_reach=38
Ep   650 | score  -43.57 | avg100  -30.50 | grasp100   2.0% | best 0.020 |     36 st/s
    done(50): success=1 t_flicker=3 t_touched=12 t_no_reach=34
  [primacy-bias reset of critic heads @ 50000 updates]
Ep   700 | score  -29.48 | avg100  -40.34 | grasp100   1.0% | best 0.020 |     35 st/s
    done(50): t_flicker=2 t_touched=7 t_no_reach=41
Ep   750 | score  -30.02 | avg100  -39.74 | grasp100   0.0% | best 0.020 |     35 st/s
    done(50): t_flicker=6 t_touched=8 t_no_reach=36
Ep   800 | score  -15.62 | avg100  -34.58 | grasp100   0.0% | best 0.020 |     35 st/s
    done(50): t_flicker=4 t_touched=2 t_no_reach=44
Ep   850 | score   10.55 | avg100  -22.92 | grasp100   0.0% | best 0.020 |     35 st/s
    done(50): t_flicker=8 t_touched=14 t_no_reach=28
Ep   900 | score   -5.02 | avg100   -0.40 | grasp100   1.0% | best 0.020 |     35 st/s
    done(50): success=1 t_flicker=11 t_touched=15 t_no_reach=23
Ep   950 | score  -26.88 | avg100    6.19 | grasp100   2.0% | best 0.020 |     35 st/s
    done(50): success=1 t_flicker=10 t_touched=16 t_no_reach=23
Ep  1000 | score  -60.43 | avg100    2.17 | grasp100   2.0% | best 0.020 |     35 st/s
    done(50): success=1 t_flicker=14 t_touched=16 t_no_reach=19
  [primacy-bias reset of critic heads @ 75000 updates]
Ep  1050 | score  -29.96 | avg100  -11.84 | grasp100   1.0% | best 0.020 |     34 st/s
    done(50): t_flicker=11 t_touched=17 t_no_reach=22
Ep  1100 | score   11.02 | avg100  -13.35 | grasp100   0.0% | best 0.020 |     34 st/s
    done(50): t_flicker=18 t_touched=11 t_no_reach=21
Ep  1150 | score  -20.03 | avg100   -6.28 | grasp100   1.0% | best 0.020 |     34 st/s
    done(50): success=1 t_flicker=10 t_touched=10 t_no_reach=29
Ep  1200 | score   53.10 | avg100    2.42 | grasp100   2.0% | best 0.020 |     34 st/s
    done(50): success=1 t_flicker=17 t_touched=10 t_no_reach=22
Ep  1250 | score  113.04 | avg100   11.43 | grasp100   2.0% | best 0.020 |     34 st/s
    done(50): success=1 t_flicker=13 t_touched=8 t_no_reach=28
Ep  1300 | score   -4.30 | avg100   25.46 | grasp100   3.0% | best 0.020 |     34 st/s
    done(50): success=2 t_flicker=25 t_touched=5 t_no_reach=18
Ep  1304 | * BEST  level200=2.00 grasp200=  3.5% metric=0.035 | score  205.88
Ep  1348 | * BEST  level200=2.00 grasp200=  5.0% metric=0.050 | score  163.93
Ep  1350 | score  155.05 | avg100   47.64 | grasp100   9.0% | best 0.050 |     34 st/s
    done(50): success=7 t_flicker=15 t_touched=17 t_no_reach=11
Ep  1360 | * BEST  level200=2.00 grasp200=  6.5% metric=0.065 | score  193.04
Ep  1371 | * BEST  level200=2.00 grasp200=  8.0% metric=0.080 | score  151.19
  [primacy-bias reset of critic heads @ 100000 updates]
Ep  1400 | score  -57.45 | avg100   37.74 | grasp100  12.0% | best 0.080 |     34 st/s
    done(50): success=5 t_flicker=16 t_touched=11 t_no_reach=18
Ep  1450 | score  -10.94 | avg100    6.33 | grasp100   5.0% | best 0.080 |     34 st/s
    done(50): t_flicker=15 t_touched=12 t_no_reach=23
Ep  1500 | score   70.90 | avg100    0.62 | grasp100   1.0% | best 0.080 |     34 st/s
    done(50): success=1 t_flicker=15 t_touched=16 t_no_reach=18
Ep  1550 | score   22.42 | avg100   24.53 | grasp100   2.0% | best 0.080 |     34 st/s
    done(50): success=1 t_flicker=27 t_touched=16 t_no_reach=6
Ep  1600 | score   58.72 | avg100   47.96 | grasp100   8.0% | best 0.080 |     34 st/s
    done(50): success=7 t_flicker=21 t_touched=14 t_no_reach=8
Ep  1650 | score   89.71 | avg100   52.72 | grasp100  11.0% | best 0.080 |     34 st/s
    done(50): success=4 t_flicker=25 t_touched=15 t_no_reach=6
Ep  1695 | * BEST  level200=2.00 grasp200=  9.5% metric=0.095 | score  185.82
Ep  1700 | score    6.30 | avg100   62.81 | grasp100  11.0% | best 0.095 |     34 st/s
    done(50): success=7 t_flicker=21 t_touched=13 t_no_reach=9
Ep  1726 | * BEST  level200=2.00 grasp200= 11.0% metric=0.110 | score  169.75
  [primacy-bias reset of critic heads @ 125000 updates]
Ep  1750 | score   33.60 | avg100   70.07 | grasp100  12.0% | best 0.110 |     34 st/s
    done(50): success=5 t_flicker=24 t_touched=14 t_no_reach=7
Ep  1800 | score    8.27 | avg100   31.96 | grasp100   5.0% | best 0.110 |     34 st/s
    done(50): t_flicker=12 t_touched=8 t_no_reach=30
Ep  1850 | score   50.98 | avg100   19.67 | grasp100   2.0% | best 0.110 |     34 st/s
    done(50): success=2 t_flicker=14 t_touched=23 t_no_reach=11
Ep  1900 | score   33.94 | avg100   57.19 | grasp100  13.0% | best 0.110 |     34 st/s
    done(50): success=11 t_flicker=17 t_touched=13 t_no_reach=9
Ep  1950 | score   40.36 | avg100   79.14 | grasp100  21.0% | best 0.110 |     34 st/s
    done(50): success=10 t_flicker=23 t_touched=7 t_no_reach=10
Ep  1956 | * BEST  level200=2.00 grasp200= 12.5% metric=0.125 | score  183.53
Ep  1980 | * BEST  level200=2.00 grasp200= 14.0% metric=0.140 | score  194.67
Ep  2000 | score   60.27 | avg100   78.03 | grasp100  16.0% | best 0.140 |     34 st/s
    done(50): success=6 t_flicker=30 t_touched=10 t_no_reach=4
Ep  2011 | * BEST  level200=2.00 grasp200= 15.5% metric=0.155 | score  214.53
Ep  2036 | * BEST  level200=2.00 grasp200= 17.0% metric=0.170 | score  184.51
Ep  2050 | score   58.90 | avg100   69.92 | grasp100  14.0% | best 0.170 |     33 st/s
    done(50): success=8 t_flicker=24 t_touched=10 t_no_reach=8
Ep  2100 | score   54.36 | avg100   60.33 | grasp100  10.0% | best 0.170 |     33 st/s
    done(50): success=2 t_flicker=26 t_touched=17 t_no_reach=5
  [primacy-bias reset of critic heads @ 150000 updates]
Ep  2150 | score  188.62 | avg100   61.70 | grasp100   9.0% | best 0.170 |     33 st/s
    done(50): success=7 t_flicker=23 t_touched=12 t_no_reach=8
Ep  2200 | score  -67.08 | avg100   40.50 | grasp100   7.0% | best 0.170 |     33 st/s
    done(50): t_flicker=15 t_touched=16 t_no_reach=19
Ep  2250 | score   26.15 | avg100   17.79 | grasp100   1.0% | best 0.170 |     33 st/s
    done(50): success=1 t_flicker=21 t_touched=23 t_no_reach=5
Ep  2300 | score  -58.26 | avg100   38.44 | grasp100   2.0% | best 0.170 |     33 st/s
    done(50): success=1 t_flicker=29 t_touched=12 t_no_reach=8
Ep  2350 | score  -19.58 | avg100   48.41 | grasp100   2.0% | best 0.170 |     33 st/s
    done(50): success=1 t_flicker=34 t_touched=8 t_no_reach=7
Ep  2400 | score  -64.71 | avg100   67.52 | grasp100  10.0% | best 0.170 |     33 st/s
    done(50): success=9 t_flicker=29 t_touched=8 t_no_reach=4
Ep  2450 | score  179.89 | avg100   90.61 | grasp100  19.0% | best 0.170 |     33 st/s
    done(50): success=10 t_flicker=23 t_touched=12 t_no_reach=5
Ep  2500 | score  110.56 | avg100   81.44 | grasp100  16.0% | best 0.170 |     33 st/s
    done(50): success=6 t_flicker=27 t_touched=10 t_no_reach=7
Ep  2550 | score  108.56 | avg100   76.34 | grasp100  15.0% | best 0.170 |     33 st/s
    done(50): success=9 t_flicker=19 t_touched=18 t_no_reach=4
  [primacy-bias reset of critic heads @ 175000 updates]
Ep  2600 | score   56.35 | avg100   59.71 | grasp100  12.0% | best 0.170 |     33 st/s
    done(50): success=3 t_flicker=22 t_touched=15 t_no_reach=10
Ep  2650 | score  146.69 | avg100   46.42 | grasp100   5.0% | best 0.170 |     33 st/s
    done(50): success=2 t_flicker=29 t_touched=16 t_no_reach=3
Ep  2700 | score   91.22 | avg100   62.65 | grasp100   7.0% | best 0.170 |     33 st/s
    done(50): success=5 t_flicker=30 t_touched=11 t_no_reach=4
Ep  2750 | score  166.47 | avg100   68.99 | grasp100  11.0% | best 0.170 |     33 st/s
    done(50): success=6 t_flicker=28 t_touched=12 t_no_reach=4
Ep  2800 | score   78.25 | avg100   75.63 | grasp100  13.0% | best 0.170 |     33 st/s
    done(50): success=7 t_flicker=30 t_touched=13
Ep  2850 | score   42.54 | avg100   87.02 | grasp100  17.0% | best 0.170 |     33 st/s
    done(50): success=10 t_flicker=27 t_touched=13
Ep  2900 | score   65.12 | avg100   93.48 | grasp100  22.0% | best 0.170 |     33 st/s
    done(50): success=12 t_flicker=23 t_touched=15
Ep  2922 | * BEST  level200=2.00 grasp200= 18.5% metric=0.185 | score  201.86
Ep  2950 | score  106.83 | avg100   82.12 | grasp100  18.0% | best 0.185 |     33 st/s
    done(50): success=6 t_flicker=27 t_touched=15 t_no_reach=2
Ep  2962 | * BEST  level200=2.00 grasp200= 20.0% metric=0.200 | score  168.94
Ep  3000 | score   87.48 | avg100   74.26 | grasp100  18.0% | best 0.200 |     33 st/s
    done(50): success=12 t_flicker=25 t_touched=9 t_no_reach=4
  [primacy-bias reset of critic heads @ 200000 updates]
Ep  3050 | score   29.98 | avg100   59.77 | grasp100  15.0% | best 0.200 |     33 st/s
    done(50): success=3 t_flicker=25 t_touched=13 t_no_reach=9
Ep  3100 | score  116.20 | avg100   57.90 | grasp100   9.0% | best 0.200 |     33 st/s
    done(50): success=6 t_flicker=30 t_touched=12 t_no_reach=2
Ep  3150 | score  179.30 | avg100   74.92 | grasp100  14.0% | best 0.200 |     33 st/s
    done(50): success=8 t_flicker=25 t_touched=16 t_no_reach=1
Ep  3200 | score  131.44 | avg100   77.57 | grasp100  18.0% | best 0.200 |     33 st/s
    done(50): success=10 t_flicker=30 t_touched=7 t_no_reach=3
Ep  3250 | score  171.72 | avg100   88.47 | grasp100  21.0% | best 0.200 |     33 st/s
    done(50): success=11 t_flicker=25 t_touched=11 t_no_reach=3
Ep  3300 | score  186.87 | avg100   92.44 | grasp100  24.0% | best 0.200 |     33 st/s
    done(50): success=13 t_flicker=25 t_touched=9 t_no_reach=3
Ep  3306 | * BEST  level200=2.00 grasp200= 21.5% metric=0.215 | score  137.70
Ep  3350 | score  183.88 | avg100   90.87 | grasp100  24.0% | best 0.215 |     33 st/s
    done(50): success=11 t_flicker=34 t_touched=5
Ep  3353 | * BEST  level200=2.00 grasp200= 23.0% metric=0.230 | score  219.79
Ep  3400 | score   32.13 | avg100   91.78 | grasp100  22.0% | best 0.230 |     33 st/s
    done(50): success=11 t_flicker=29 t_touched=7 t_no_reach=3
Ep  3422 | * BEST  level200=2.00 grasp200= 24.5% metric=0.245 | score  209.11
Ep  3450 | score  193.97 | avg100   93.18 | grasp100  21.0% | best 0.245 |     33 st/s
    done(50): success=10 t_flicker=28 t_touched=11 t_no_reach=1
  [primacy-bias reset of critic heads @ 225000 updates]
Ep  3500 | score  186.18 | avg100   85.38 | grasp100  20.0% | best 0.245 |     33 st/s
    done(50): success=10 t_flicker=18 t_touched=12 t_no_reach=10
Ep  3550 | score   14.77 | avg100   74.19 | grasp100  13.0% | best 0.245 |     33 st/s
    done(50): success=3 t_flicker=29 t_touched=14 t_no_reach=4
Ep  3600 | score  123.86 | avg100   74.63 | grasp100  11.0% | best 0.245 |     33 st/s
    done(50): success=8 t_flicker=27 t_touched=12 t_no_reach=3
Ep  3650 | score  119.02 | avg100   84.18 | grasp100  18.0% | best 0.245 |     33 st/s
    done(50): success=10 t_flicker=30 t_touched=8 t_no_reach=2
Ep  3700 | score   73.94 | avg100   88.47 | grasp100  19.0% | best 0.245 |     33 st/s
    done(50): success=9 t_flicker=30 t_touched=9 t_no_reach=2
Ep  3750 | score   86.09 | avg100   86.77 | grasp100  21.0% | best 0.245 |     33 st/s
    done(50): success=12 t_flicker=23 t_touched=11 t_no_reach=4
Ep  3800 | score  234.39 | avg100  101.14 | grasp100  32.0% | best 0.245 |     33 st/s
    done(50): success=20 t_flicker=22 t_touched=5 t_no_reach=3
Ep  3814 | * BEST  level200=2.00 grasp200= 26.0% metric=0.260 | score  200.55
Ep  3830 | * BEST  level200=2.00 grasp200= 27.5% metric=0.275 | score  202.71
Ep  3850 | score  145.20 | avg100  111.60 | grasp100  35.0% | best 0.275 |     33 st/s
    done(50): success=15 t_flicker=26 t_touched=9
Ep  3900 | score   66.52 | avg100   95.54 | grasp100  24.0% | best 0.275 |     33 st/s
    done(50): success=9 t_flicker=22 t_touched=17 t_no_reach=2
Ep  3904 | * BEST  level200=2.00 grasp200= 29.0% metric=0.290 | score  165.82
Ep  3912 | * BEST  level200=2.00 grasp200= 30.5% metric=0.305 | score  154.50
  [primacy-bias reset of critic heads @ 250000 updates]
Ep  3950 | score  -64.78 | avg100   95.95 | grasp100  25.0% | best 0.305 |     33 st/s
    done(50): success=16 t_flicker=27 t_touched=7
Ep  4000 | score   75.52 | avg100   90.77 | grasp100  22.0% | best 0.305 |     33 st/s
    done(50): success=6 t_flicker=30 t_touched=9 t_no_reach=5
Ep  4050 | score  241.08 | avg100   76.51 | grasp100  11.0% | best 0.305 |     33 st/s
    done(50): success=5 t_flicker=33 t_touched=8 t_no_reach=4
Ep  4100 | score  159.84 | avg100   93.51 | grasp100  17.0% | best 0.305 |     33 st/s
    done(50): success=12 t_flicker=31 t_touched=6 t_no_reach=1
Ep  4150 | score   57.86 | avg100  108.30 | grasp100  28.0% | best 0.305 |     33 st/s
    done(50): success=16 t_flicker=23 t_touched=7 t_no_reach=4
Ep  4200 | score   76.50 | avg100  107.73 | grasp100  32.0% | best 0.305 |     33 st/s
    done(50): success=16 t_flicker=23 t_touched=10 t_no_reach=1
Ep  4250 | score   58.70 | avg100   95.00 | grasp100  29.0% | best 0.305 |     33 st/s
    done(50): success=13 t_flicker=21 t_touched=13 t_no_reach=3
Ep  4280 | * BEST  level200=2.00 grasp200= 32.0% metric=0.320 | score  162.60
Ep  4300 | score  226.72 | avg100   98.54 | grasp100  32.0% | best 0.320 |     33 st/s
    done(50): success=19 t_flicker=24 t_touched=6 t_no_reach=1
Ep  4350 | score  103.30 | avg100  104.82 | grasp100  36.0% | best 0.320 |     33 st/s
    done(50): success=17 t_flicker=25 t_touched=5 t_no_reach=3
Ep  4381 | * BEST  level200=2.00 grasp200= 33.5% metric=0.335 | score  181.47
Ep  4397 | * BEST  level200=2.00 grasp200= 35.0% metric=0.350 | score  153.83
Ep  4400 | score   44.94 | avg100  102.22 | grasp100  36.0% | best 0.350 |     33 st/s
    done(50): success=19 t_flicker=22 t_touched=7 t_no_reach=2
Ep  4424 | * BEST  level200=2.00 grasp200= 36.5% metric=0.365 | score  199.11
Ep  4442 | * BEST  level200=2.00 grasp200= 38.0% metric=0.380 | score  178.43
Ep  4450 | score   23.08 | avg100  107.57 | grasp100  40.0% | best 0.380 |     33 st/s
    done(50): success=21 t_flicker=19 t_touched=6 t_no_reach=4
Ep  4464 | * BEST  level200=2.00 grasp200= 39.5% metric=0.395 | score  199.72
  [primacy-bias reset of critic heads @ 275000 updates]
Ep  4500 | score  -62.37 | avg100   90.56 | grasp100  38.0% | best 0.395 |     33 st/s
    done(50): success=17 t_flicker=21 t_touched=1 t_no_reach=11
Ep  4550 | score   61.73 | avg100   66.91 | grasp100  25.0% | best 0.395 |     33 st/s
    done(50): success=8 t_flicker=24 t_touched=13 t_no_reach=5
Ep  4600 | score  186.98 | avg100   69.58 | grasp100  18.0% | best 0.395 |     33 st/s
    done(50): success=10 t_flicker=23 t_touched=12 t_no_reach=5
Ep  4650 | score  178.28 | avg100   88.49 | grasp100  24.0% | best 0.395 |     33 st/s
    done(50): success=14 t_flicker=26 t_touched=7 t_no_reach=3
Ep  4700 | score  202.93 | avg100  101.14 | grasp100  30.0% | best 0.395 |     33 st/s
    done(50): success=16 t_flicker=22 t_touched=7 t_no_reach=5
Ep  4750 | score   67.34 | avg100   90.74 | grasp100  25.0% | best 0.395 |     33 st/s
    done(50): success=9 t_flicker=24 t_touched=12 t_no_reach=5
Ep  4800 | score  120.17 | avg100   87.93 | grasp100  25.0% | best 0.395 |     33 st/s
    done(50): success=16 t_flicker=23 t_touched=6 t_no_reach=5
Ep  4850 | score  -26.24 | avg100   95.74 | grasp100  29.0% | best 0.395 |     33 st/s
    done(50): success=13 t_flicker=28 t_touched=7 t_no_reach=2
Ep  4900 | score  206.17 | avg100   97.20 | grasp100  30.0% | best 0.395 |     33 st/s
    done(50): success=17 t_flicker=24 t_touched=5 t_no_reach=4
Ep  4950 | score   84.16 | avg100  108.45 | grasp100  36.0% | best 0.395 |     33 st/s
    done(50): success=19 t_flicker=26 t_touched=4 t_no_reach=1
  [primacy-bias reset of critic heads @ 300000 updates]
Ep  5000 | score   87.62 | avg100  108.97 | grasp100  39.0% | best 0.395 |     33 st/s
    done(50): success=20 t_flicker=15 t_touched=10 t_no_reach=5
Ep  5050 | score   36.52 | avg100   72.51 | grasp100  23.0% | best 0.395 |     33 st/s
    done(50): success=3 t_flicker=25 t_touched=11 t_no_reach=11
Ep  5100 | score  175.59 | avg100   64.46 | grasp100  11.0% | best 0.395 |     33 st/s
    done(50): success=8 t_flicker=25 t_touched=14 t_no_reach=3
Ep  5150 | score  149.15 | avg100   83.98 | grasp100  21.0% | best 0.395 |     33 st/s
    done(50): success=13 t_flicker=24 t_touched=12 t_no_reach=1
Ep  5200 | score   78.26 | avg100   84.21 | grasp100  25.0% | best 0.395 |     33 st/s
    done(50): success=12 t_flicker=30 t_touched=6 t_no_reach=2
Ep  5250 | score   54.71 | avg100   96.90 | grasp100  31.0% | best 0.395 |     33 st/s
    done(50): success=19 t_flicker=24 t_touched=7
Ep  5300 | score  184.93 | avg100  103.87 | grasp100  36.0% | best 0.395 |     33 st/s
    done(50): success=17 t_flicker=31 t_touched=1 t_no_reach=1
Ep  5350 | score   74.43 | avg100  102.78 | grasp100  35.0% | best 0.395 |     33 st/s
    done(50): success=18 t_flicker=27 t_touched=5
Ep  5400 | score  117.86 | avg100  110.80 | grasp100  37.0% | best 0.395 |     33 st/s
    done(50): success=19 t_flicker=24 t_touched=5 t_no_reach=2
Ep  5450 | score   72.12 | avg100  107.20 | grasp100  37.0% | best 0.395 |     33 st/s
    done(50): success=18 t_flicker=21 t_touched=8 t_no_reach=3
Ep  5482 | * BEST  level200=2.00 grasp200= 41.0% metric=0.410 | score  187.27
Ep  5500 | score   81.32 | avg100  107.20 | grasp100  39.0% | best 0.410 |     33 st/s
    done(50): success=21 t_flicker=22 t_touched=6 t_no_reach=1
  [primacy-bias reset of critic heads @ 325000 updates]
Ep  5550 | score  -25.97 | avg100   96.70 | grasp100  34.0% | best 0.410 |     33 st/s
    done(50): success=13 t_flicker=23 t_touched=5 t_no_reach=9
Ep  5600 | score   27.23 | avg100   52.68 | grasp100  16.0% | best 0.410 |     33 st/s
    done(50): success=3 t_flicker=23 t_touched=17 t_no_reach=7
Ep  5650 | score   64.43 | avg100   53.61 | grasp100  13.0% | best 0.410 |     33 st/s
    done(50): success=10 t_flicker=29 t_touched=10 t_no_reach=1
Ep  5700 | score   56.31 | avg100   94.10 | grasp100  31.0% | best 0.410 |     33 st/s
    done(50): success=21 t_flicker=21 t_touched=6 t_no_reach=2
Ep  5750 | score   70.67 | avg100  114.95 | grasp100  43.0% | best 0.410 |     33 st/s
    done(50): success=22 t_flicker=25 t_touched=3
Ep  5800 | score   28.29 | avg100  110.43 | grasp100  38.0% | best 0.410 |     33 st/s
    done(50): success=16 t_flicker=26 t_touched=5 t_no_reach=3
Ep  5850 | score   50.11 | avg100  110.84 | grasp100  36.0% | best 0.410 |     33 st/s
    done(50): success=20 t_flicker=24 t_touched=5 t_no_reach=1
Ep  5900 | score  116.54 | avg100  117.63 | grasp100  40.0% | best 0.410 |     33 st/s
    done(50): success=20 t_flicker=28 t_touched=2
Ep  5938 | * BEST  level200=2.00 grasp200= 42.5% metric=0.425 | score  146.77
Ep  5950 | score  186.09 | avg100  127.57 | grasp100  51.0% | best 0.425 |     33 st/s
    done(50): success=31 t_flicker=18 t_no_reach=1
Ep  5973 | * BEST  level200=2.00 grasp200= 44.0% metric=0.440 | score  208.26
Ep  5996 | * BEST  level200=2.00 grasp200= 45.5% metric=0.455 | score  210.20
Ep  6000 | score  126.38 | avg100  126.16 | grasp100  50.0% | best 0.455 |     33 st/s
    done(50): success=19 t_flicker=24 t_touched=5 t_no_reach=2
Ep  6050 | score  165.26 | avg100  107.37 | grasp100  34.0% | best 0.455 |     33 st/s
    done(50): success=15 t_flicker=27 t_touched=6 t_no_reach=2
  [primacy-bias reset of critic heads @ 350000 updates]
Ep  6100 | score  194.20 | avg100  116.41 | grasp100  42.0% | best 0.455 |     33 st/s
    done(50): success=27 t_flicker=16 t_touched=6 t_no_reach=1
Ep  6150 | score   95.48 | avg100   90.07 | grasp100  34.0% | best 0.455 |     33 st/s
    done(50): success=7 t_flicker=23 t_touched=15 t_no_reach=5
Ep  6200 | score   96.29 | avg100   68.44 | grasp100  20.0% | best 0.455 |     33 st/s
    done(50): success=13 t_flicker=25 t_touched=6 t_no_reach=6
Ep  6250 | score  198.81 | avg100   88.85 | grasp100  30.0% | best 0.455 |     33 st/s
    done(50): success=17 t_flicker=20 t_touched=10 t_no_reach=3
Ep  6300 | score   55.52 | avg100  107.48 | grasp100  41.0% | best 0.455 |     33 st/s
    done(50): success=24 t_flicker=21 t_touched=4 t_no_reach=1
Ep  6350 | score   60.13 | avg100  111.78 | grasp100  42.0% | best 0.455 |     33 st/s
    done(50): success=18 t_flicker=20 t_touched=6 t_no_reach=6
Ep  6400 | score   74.36 | avg100  109.68 | grasp100  39.0% | best 0.455 |     33 st/s
    done(50): success=21 t_flicker=24 t_touched=4 t_no_reach=1
Ep  6450 | score   28.61 | avg100  117.84 | grasp100  43.0% | best 0.455 |     33 st/s
    done(50): success=22 t_flicker=22 t_touched=6
Ep  6500 | score  137.53 | avg100  114.54 | grasp100  42.0% | best 0.455 |     33 st/s
    done(50): success=20 t_flicker=22 t_touched=6 t_no_reach=2
Ep  6550 | score  119.02 | avg100  110.10 | grasp100  36.0% | best 0.455 |     33 st/s
    done(50): success=16 t_flicker=22 t_touched=8 t_no_reach=4
Ep  6600 | score   24.02 | avg100  114.89 | grasp100  43.0% | best 0.455 |     33 st/s
    done(50): success=27 t_flicker=16 t_touched=6 t_no_reach=1
Ep  6650 | score  213.91 | avg100  120.50 | grasp100  49.0% | best 0.455 |     33 st/s
    done(50): success=22 t_flicker=24 t_touched=3 t_no_reach=1
  [primacy-bias reset of critic heads @ 375000 updates]
Ep  6700 | score  -13.66 | avg100  113.13 | grasp100  43.0% | best 0.455 |     33 st/s
    done(50): success=21 t_flicker=18 t_touched=7 t_no_reach=4
Ep  6750 | score  -54.91 | avg100   95.46 | grasp100  34.0% | best 0.455 |     33 st/s
    done(50): success=13 t_flicker=20 t_touched=14 t_no_reach=3
Ep  6800 | score   99.59 | avg100   84.73 | grasp100  25.0% | best 0.455 |     33 st/s
    done(50): success=12 t_flicker=25 t_touched=8 t_no_reach=5
Ep  6850 | score   17.60 | avg100   99.32 | grasp100  35.0% | best 0.455 |     33 st/s
    done(50): success=23 t_flicker=17 t_touched=9 t_no_reach=1
Ep  6900 | score   86.70 | avg100  112.85 | grasp100  44.0% | best 0.455 |     32 st/s
    done(50): success=21 t_flicker=21 t_touched=7 t_no_reach=1
Ep  6950 | score   23.90 | avg100  121.19 | grasp100  45.0% | best 0.455 |     32 st/s
    done(50): success=24 t_flicker=18 t_touched=6 t_no_reach=2
Ep  7000 | score   66.99 | avg100  123.61 | grasp100  48.0% | best 0.455 |     32 st/s
    done(50): success=24 t_flicker=18 t_touched=6 t_no_reach=2
Ep  7007 | * BEST  level200=2.00 grasp200= 47.0% metric=0.470 | score  178.30
Ep  7023 | * BEST  level200=2.00 grasp200= 48.5% metric=0.485 | score  196.11
Ep  7050 | score   71.34 | avg100  129.71 | grasp100  52.0% | best 0.485 |     32 st/s
    done(50): success=28 t_flicker=18 t_touched=3 t_no_reach=1
Ep  7077 | * BEST  level200=2.00 grasp200= 50.0% metric=0.500 | score  180.37
Ep  7100 | score   94.37 | avg100  130.01 | grasp100  53.0% | best 0.500 |     32 st/s
    done(50): success=25 t_flicker=23 t_touched=1 t_no_reach=1
Ep  7109 | * BEST  level200=2.00 grasp200= 51.5% metric=0.515 | score  129.55
Ep  7122 | * BEST  level200=2.00 grasp200= 53.0% metric=0.530 | score  189.89
Ep  7150 | score   32.64 | avg100  124.56 | grasp100  56.0% | best 0.530 |     32 st/s
    done(50): success=31 t_flicker=14 t_touched=5
Ep  7200 | score  103.82 | avg100  116.29 | grasp100  47.0% | best 0.530 |     32 st/s
    done(50): success=16 t_flicker=21 t_touched=10 t_no_reach=3
Ep  7250 | score  129.87 | avg100  114.64 | grasp100  37.0% | best 0.530 |     32 st/s
    done(50): success=21 t_flicker=21 t_touched=7 t_no_reach=1
Ep  7300 | score   75.41 | avg100  123.41 | grasp100  45.0% | best 0.530 |     32 st/s
    done(50): success=24 t_flicker=19 t_touched=4 t_no_reach=3
  [primacy-bias reset of critic heads @ 400000 updates]
Ep  7350 | score  -45.92 | avg100   85.27 | grasp100  31.0% | best 0.530 |     32 st/s
    done(50): success=7 t_flicker=21 t_touched=13 t_no_reach=9
Ep  7400 | score  101.85 | avg100   61.21 | grasp100  17.0% | best 0.530 |     32 st/s
    done(50): success=10 t_flicker=25 t_touched=12 t_no_reach=3
Ep  7450 | score   13.73 | avg100   87.69 | grasp100  27.0% | best 0.530 |     32 st/s
    done(50): success=17 t_flicker=26 t_touched=6 t_no_reach=1
Ep  7500 | score   20.85 | avg100  103.94 | grasp100  37.0% | best 0.530 |     32 st/s
    done(50): success=20 t_flicker=22 t_touched=6 t_no_reach=2
Ep  7550 | score  186.63 | avg100  112.85 | grasp100  40.0% | best 0.530 |     32 st/s
    done(50): success=20 t_flicker=29 t_touched=1
Ep  7600 | score  107.94 | avg100  128.23 | grasp100  45.0% | best 0.530 |     32 st/s
    done(50): success=25 t_flicker=21 t_touched=3 t_no_reach=1
Ep  7650 | score   75.26 | avg100  129.83 | grasp100  47.0% | best 0.530 |     32 st/s
    done(50): success=22 t_flicker=23 t_touched=4 t_no_reach=1
Ep  7700 | score  185.35 | avg100  126.03 | grasp100  46.0% | best 0.530 |     32 st/s
    done(50): success=24 t_flicker=18 t_touched=6 t_no_reach=2
Ep  7750 | score   75.87 | avg100  121.17 | grasp100  46.0% | best 0.530 |     32 st/s
    done(50): success=22 t_flicker=25 t_touched=3
Ep  7800 | score   24.06 | avg100  118.34 | grasp100  47.0% | best 0.530 |     32 st/s
    done(50): success=25 t_flicker=23 t_touched=1 t_no_reach=1
Ep  7850 | score  204.09 | avg100  128.36 | grasp100  55.0% | best 0.530 |     32 st/s
    done(50): success=30 t_flicker=16 t_touched=2 t_no_reach=2
Ep  7900 | score   51.79 | avg100  125.52 | grasp100  54.0% | best 0.530 |     32 st/s
    done(50): success=24 t_flicker=22 t_touched=4
Ep  7950 | score   31.73 | avg100  121.91 | grasp100  51.0% | best 0.530 |     32 st/s
    done(50): success=27 t_flicker=20 t_touched=2 t_no_reach=1
  [primacy-bias reset of critic heads @ 425000 updates]
Ep  8000 | score  -63.19 | avg100  104.06 | grasp100  38.0% | best 0.530 |     32 st/s
    done(50): success=11 t_flicker=24 t_touched=5 t_no_reach=10
Ep  8050 | score  172.39 | avg100   81.24 | grasp100  26.0% | best 0.530 |     32 st/s
    done(50): success=15 t_flicker=24 t_touched=5 t_no_reach=6
Ep  8100 | score   57.77 | avg100   89.29 | grasp100  34.0% | best 0.530 |     32 st/s
    done(50): success=19 t_flicker=24 t_touched=5 t_no_reach=2
Ep  8150 | score   83.57 | avg100  106.02 | grasp100  40.0% | best 0.530 |     32 st/s
    done(50): success=21 t_flicker=19 t_touched=7 t_no_reach=3
Ep  8200 | score  135.97 | avg100  119.63 | grasp100  47.0% | best 0.530 |     32 st/s
    done(50): success=26 t_flicker=18 t_touched=6
Ep  8250 | score   57.62 | avg100  119.26 | grasp100  48.0% | best 0.530 |     32 st/s
    done(50): success=22 t_flicker=21 t_touched=6 t_no_reach=1
Ep  8300 | score    9.78 | avg100  126.66 | grasp100  48.0% | best 0.530 |     32 st/s
    done(50): success=26 t_flicker=19 t_touched=2 t_no_reach=3
Ep  8350 | score  208.28 | avg100  134.98 | grasp100  55.0% | best 0.530 |     32 st/s
    done(50): success=29 t_flicker=14 t_touched=6 t_no_reach=1
Ep  8400 | score   -4.73 | avg100  123.23 | grasp100  52.0% | best 0.530 |     32 st/s
    done(50): success=23 t_flicker=19 t_touched=7 t_no_reach=1
Ep  8450 | score   96.17 | avg100  117.85 | grasp100  45.0% | best 0.530 |     32 st/s
    done(50): success=22 t_flicker=23 t_touched=5
Ep  8500 | score  170.67 | avg100  120.06 | grasp100  44.0% | best 0.530 |     32 st/s
    done(50): success=22 t_flicker=25 t_touched=3
Ep  8550 | score  137.93 | avg100  125.49 | grasp100  52.0% | best 0.530 |     32 st/s
    done(50): success=30 t_flicker=17 t_touched=3
Ep  8600 | score  206.70 | avg100  132.40 | grasp100  56.0% | best 0.530 |     32 st/s
    done(50): success=26 t_flicker=19 t_touched=4 t_no_reach=1
Ep  8650 | score  111.29 | avg100  134.41 | grasp100  52.0% | best 0.530 |     32 st/s
    done(50): success=26 t_flicker=20 t_touched=3 t_no_reach=1
  [primacy-bias reset of critic heads @ 450000 updates]
Ep  8679 | * BEST  level200=2.00 grasp200= 54.5% metric=0.545 | score  194.20
Ep  8700 | score   64.47 | avg100  112.57 | grasp100  42.0% | best 0.545 |     32 st/s
    done(50): success=16 t_flicker=22 t_touched=8 t_no_reach=4
Ep  8750 | score  111.84 | avg100   97.72 | grasp100  34.0% | best 0.545 |     32 st/s
    done(50): success=18 t_flicker=20 t_touched=10 t_no_reach=2
Ep  8800 | score   86.27 | avg100   91.70 | grasp100  28.0% | best 0.545 |     32 st/s
    done(50): success=10 t_flicker=25 t_touched=11 t_no_reach=4
Ep  8850 | score   57.61 | avg100   90.88 | grasp100  30.0% | best 0.545 |     32 st/s
    done(50): success=20 t_flicker=25 t_touched=3 t_no_reach=2
Ep  8900 | score   12.14 | avg100  121.07 | grasp100  49.0% | best 0.545 |     32 st/s
    done(50): success=29 t_flicker=15 t_touched=6
Ep  8950 | score  206.54 | avg100  130.44 | grasp100  51.0% | best 0.545 |     32 st/s
    done(50): success=22 t_flicker=28
Ep  9000 | score  190.21 | avg100  124.61 | grasp100  44.0% | best 0.545 |     32 st/s
    done(50): success=22 t_flicker=27 t_touched=1
Ep  9050 | score  158.79 | avg100  132.47 | grasp100  51.0% | best 0.545 |     32 st/s
    done(50): success=29 t_flicker=16 t_touched=5
Ep  9100 | score   36.94 | avg100  138.32 | grasp100  58.0% | best 0.545 |     32 st/s
    done(50): success=29 t_flicker=18 t_touched=3
Ep  9150 | score   70.75 | avg100  129.38 | grasp100  51.0% | best 0.545 |     32 st/s
    done(50): success=22 t_flicker=26 t_touched=1 t_no_reach=1
Ep  9200 | score  174.47 | avg100  127.37 | grasp100  47.0% | best 0.545 |     32 st/s
    done(50): success=25 t_flicker=21 t_touched=2 t_no_reach=2
Ep  9250 | score  121.72 | avg100  134.22 | grasp100  50.0% | best 0.545 |     32 st/s
    done(50): success=25 t_flicker=19 t_touched=4 t_no_reach=2
Ep  9300 | score  206.32 | avg100  133.09 | grasp100  54.0% | best 0.545 |     32 st/s
    done(50): success=29 t_flicker=20 t_no_reach=1
Ep  9330 | * BEST  level200=2.00 grasp200= 56.0% metric=0.560 | score  195.00
Ep  9350 | score  197.78 | avg100  140.11 | grasp100  61.0% | best 0.560 |     32 st/s
    done(50): success=32 t_flicker=14 t_touched=4
Ep  9369 | * BEST  level200=2.00 grasp200= 57.5% metric=0.575 | score  190.19
Ep  9375 | * BEST  level200=2.00 grasp200= 59.0% metric=0.590 | score  138.79
Ep  9400 | score  187.96 | avg100  144.90 | grasp100  60.0% | best 0.590 |     32 st/s
    done(50): success=28 t_flicker=16 t_touched=2 t_no_reach=4
  [primacy-bias reset of critic heads @ 475000 updates]
Ep  9450 | score  202.47 | avg100  113.24 | grasp100  37.0% | best 0.590 |     32 st/s
    done(50): success=9 t_flicker=19 t_touched=16 t_no_reach=6
Ep  9500 | score  111.48 | avg100  104.03 | grasp100  29.0% | best 0.590 |     32 st/s
    done(50): success=20 t_flicker=19 t_touched=10 t_no_reach=1
Ep  9550 | score  -36.88 | avg100  118.53 | grasp100  43.0% | best 0.590 |     32 st/s
    done(50): success=23 t_flicker=17 t_touched=10
Ep  9600 | score   52.94 | avg100  127.28 | grasp100  50.0% | best 0.590 |     32 st/s
    done(50): success=27 t_flicker=21 t_touched=2
Ep  9650 | score  174.30 | avg100  130.94 | grasp100  51.0% | best 0.590 |     32 st/s
    done(50): success=24 t_flicker=20 t_touched=4 t_no_reach=2
Ep  9700 | score   85.30 | avg100  114.26 | grasp100  42.0% | best 0.590 |     32 st/s
    done(50): success=18 t_flicker=28 t_touched=4
Ep  9750 | score  204.75 | avg100  123.61 | grasp100  47.0% | best 0.590 |     32 st/s
    done(50): success=29 t_flicker=19 t_touched=2
Ep  9800 | score  198.43 | avg100  135.49 | grasp100  52.0% | best 0.590 |     32 st/s
    done(50): success=23 t_flicker=25 t_touched=2
Ep  9850 | score  180.20 | avg100  134.24 | grasp100  54.0% | best 0.590 |     32 st/s
    done(50): success=31 t_flicker=17 t_no_reach=2
Ep  9900 | score   47.60 | avg100  133.24 | grasp100  60.0% | best 0.590 |     32 st/s
    done(50): success=29 t_flicker=18 t_touched=3
Ep  9950 | score  188.78 | avg100  128.56 | grasp100  58.0% | best 0.590 |     32 st/s
    done(50): success=29 t_flicker=18 t_touched=2 t_no_reach=1
Ep 10000 | score  208.17 | avg100  132.13 | grasp100  54.0% | best 0.590 |     32 st/s
    done(50): success=25 t_flicker=22 t_touched=3
Ep 10050 | score  180.68 | avg100  124.39 | grasp100  48.0% | best 0.590 |     32 st/s
    done(50): success=23 t_flicker=20 t_touched=7
Ep 10100 | score  196.58 | avg100  120.29 | grasp100  47.0% | best 0.590 |     32 st/s
    done(50): success=24 t_flicker=21 t_touched=4 t_no_reach=1
Ep 10150 | score  143.11 | avg100  135.28 | grasp100  55.0% | best 0.590 |     32 st/s
    done(50): success=31 t_flicker=16 t_touched=2 t_no_reach=1
  [primacy-bias reset of critic heads @ 500000 updates]
Ep 10200 | score   55.84 | avg100   94.81 | grasp100  37.0% | best 0.590 |     32 st/s
    done(50): success=6 t_flicker=20 t_touched=13 t_no_reach=11
Ep 10250 | score  -44.67 | avg100   75.55 | grasp100  23.0% | best 0.590 |     32 st/s
    done(50): success=17 t_flicker=24 t_touched=8 t_no_reach=1
Ep 10300 | score   92.70 | avg100  115.68 | grasp100  42.0% | best 0.590 |     32 st/s
    done(50): success=25 t_flicker=21 t_touched=2 t_no_reach=2
Ep 10350 | score  187.59 | avg100  120.86 | grasp100  47.0% | best 0.590 |     32 st/s
    done(50): success=22 t_flicker=21 t_touched=4 t_no_reach=3
Ep 10400 | score  148.96 | avg100  121.09 | grasp100  49.0% | best 0.590 |     32 st/s
    done(50): success=27 t_flicker=18 t_touched=3 t_no_reach=2
Ep 10450 | score  107.26 | avg100  126.84 | grasp100  52.0% | best 0.590 |     32 st/s
    done(50): success=25 t_flicker=21 t_touched=4
Ep 10500 | score  118.31 | avg100  139.38 | grasp100  57.0% | best 0.590 |     32 st/s
    done(50): success=32 t_flicker=12 t_touched=6
Ep 10550 | score   65.93 | avg100  149.48 | grasp100  64.0% | best 0.590 |     32 st/s
    done(50): success=32 t_flicker=16 t_touched=1 t_no_reach=1
Ep 10579 | * BEST  level200=2.00 grasp200= 60.5% metric=0.605 | score  132.32
Ep 10600 | score  117.37 | avg100  142.70 | grasp100  63.0% | best 0.605 |     32 st/s
    done(50): success=31 t_flicker=14 t_touched=4 t_no_reach=1
Ep 10626 | * BEST  level200=2.00 grasp200= 62.0% metric=0.620 | score  190.17
Ep 10650 | score   60.09 | avg100  135.58 | grasp100  60.0% | best 0.620 |     32 st/s
    done(50): success=29 t_flicker=17 t_touched=4
Ep 10700 | score  189.32 | avg100  128.35 | grasp100  58.0% | best 0.620 |     32 st/s
    done(50): success=29 t_flicker=16 t_touched=3 t_no_reach=2
Ep 10750 | score   17.35 | avg100  131.79 | grasp100  61.0% | best 0.620 |     32 st/s
    done(50): success=32 t_flicker=13 t_touched=5
Ep 10800 | score  174.71 | avg100  138.97 | grasp100  63.0% | best 0.620 |     32 st/s
    done(50): success=31 t_flicker=17 t_touched=2
Ep 10850 | score  151.31 | avg100  128.55 | grasp100  54.0% | best 0.620 |     32 st/s
    done(50): success=23 t_flicker=23 t_touched=2 t_no_reach=2
Ep 10900 | score   56.14 | avg100  131.54 | grasp100  53.0% | best 0.620 |     32 st/s
    done(50): success=30 t_flicker=18 t_touched=2
  [primacy-bias reset of critic heads @ 525000 updates]
Ep 10950 | score  164.96 | avg100  115.82 | grasp100  47.0% | best 0.620 |     32 st/s
    done(50): success=17 t_flicker=15 t_touched=8 t_no_reach=10
Ep 11000 | score  161.62 | avg100   85.52 | grasp100  28.0% | best 0.620 |     32 st/s
    done(50): success=11 t_flicker=25 t_touched=11 t_no_reach=3
Ep 11050 | score  201.41 | avg100   99.52 | grasp100  28.0% | best 0.620 |     32 st/s
    done(50): success=17 t_flicker=25 t_touched=8
Ep 11100 | score  197.81 | avg100  117.67 | grasp100  38.0% | best 0.620 |     32 st/s
    done(50): success=21 t_flicker=26 t_touched=3
Ep 11150 | score  220.78 | avg100  125.26 | grasp100  48.0% | best 0.620 |     32 st/s
    done(50): success=27 t_flicker=16 t_touched=3 t_no_reach=4
Ep 11200 | score  170.08 | avg100  129.14 | grasp100  52.0% | best 0.620 |     32 st/s
    done(50): success=25 t_flicker=23 t_touched=1 t_no_reach=1
Ep 11250 | score  163.18 | avg100  130.91 | grasp100  52.0% | best 0.620 |     32 st/s
    done(50): success=27 t_flicker=20 t_touched=2 t_no_reach=1
Ep 11300 | score   61.92 | avg100  131.83 | grasp100  54.0% | best 0.620 |     32 st/s
    done(50): success=27 t_flicker=21 t_no_reach=2
Ep 11350 | score  200.97 | avg100  127.23 | grasp100  51.0% | best 0.620 |     32 st/s
    done(50): success=24 t_flicker=20 t_touched=6
Ep 11400 | score  201.78 | avg100  128.57 | grasp100  51.0% | best 0.620 |     32 st/s
    done(50): success=27 t_flicker=20 t_touched=2 t_no_reach=1
Ep 11450 | score   61.93 | avg100  135.52 | grasp100  55.0% | best 0.620 |     32 st/s
    done(50): success=28 t_flicker=20 t_touched=1 t_no_reach=1
Ep 11500 | score  191.19 | avg100  132.26 | grasp100  56.0% | best 0.620 |     32 st/s
    done(50): success=28 t_flicker=18 t_touched=1 t_no_reach=3
Ep 11550 | score   53.52 | avg100  127.13 | grasp100  56.0% | best 0.620 |     32 st/s
    done(50): success=28 t_flicker=19 t_touched=1 t_no_reach=2
Ep 11600 | score  168.75 | avg100  131.25 | grasp100  52.0% | best 0.620 |     32 st/s
    done(50): success=24 t_flicker=22 t_touched=4
Ep 11650 | score  154.19 | avg100  140.44 | grasp100  56.0% | best 0.620 |     32 st/s
    done(50): success=32 t_flicker=12 t_touched=4 t_no_reach=2
  [primacy-bias reset of critic heads @ 550000 updates]
Ep 11700 | score   61.13 | avg100  111.06 | grasp100  42.0% | best 0.620 |     32 st/s
    done(50): success=10 t_flicker=20 t_touched=13 t_no_reach=7
Ep 11750 | score  117.10 | avg100   89.35 | grasp100  28.0% | best 0.620 |     32 st/s
    done(50): success=18 t_flicker=20 t_touched=10 t_no_reach=2
Ep 11800 | score  168.76 | avg100  102.35 | grasp100  35.0% | best 0.620 |     32 st/s
    done(50): success=17 t_flicker=24 t_touched=8 t_no_reach=1
Ep 11850 | score  148.68 | avg100  114.12 | grasp100  42.0% | best 0.620 |     32 st/s
    done(50): success=25 t_flicker=20 t_touched=4 t_no_reach=1
Ep 11900 | score   52.78 | avg100  133.13 | grasp100  56.0% | best 0.620 |     32 st/s
    done(50): success=31 t_flicker=15 t_touched=4
Ep 11950 | score   68.20 | avg100  133.54 | grasp100  58.0% | best 0.620 |     32 st/s
    done(50): success=27 t_flicker=20 t_touched=2 t_no_reach=1
Ep 12000 | score  181.71 | avg100  135.22 | grasp100  57.0% | best 0.620 |     32 st/s
    done(50): success=30 t_flicker=18 t_touched=2
Ep 12050 | score  235.41 | avg100  135.81 | grasp100  56.0% | best 0.620 |     32 st/s
    done(50): success=26 t_flicker=17 t_touched=7
Ep 12100 | score  230.55 | avg100  131.60 | grasp100  54.0% | best 0.620 |     32 st/s
    done(50): success=28 t_flicker=17 t_touched=3 t_no_reach=2
Ep 12150 | score   62.52 | avg100  132.87 | grasp100  52.0% | best 0.620 |     32 st/s
    done(50): success=24 t_flicker=25 t_no_reach=1
Ep 12200 | score   59.47 | avg100  134.25 | grasp100  52.0% | best 0.620 |     32 st/s
    done(50): success=28 t_flicker=22
Ep 12250 | score  195.70 | avg100  137.29 | grasp100  58.0% | best 0.620 |     32 st/s
    done(50): success=30 t_flicker=18 t_touched=2
Ep 12300 | score   65.49 | avg100  135.32 | grasp100  56.0% | best 0.620 |     32 st/s
    done(50): success=26 t_flicker=22 t_touched=2
Ep 12350 | score  178.91 | avg100  132.83 | grasp100  56.0% | best 0.620 |     32 st/s
    done(50): success=30 t_flicker=17 t_touched=3
Ep 12400 | score  202.75 | avg100  141.18 | grasp100  66.0% | best 0.620 |     32 st/s
    done(50): success=36 t_flicker=9 t_touched=4 t_no_reach=1
  [primacy-bias reset of critic heads @ 575000 updates]
Ep 12450 | score  153.88 | avg100  138.77 | grasp100  61.0% | best 0.620 |     32 st/s
    done(50): success=25 t_flicker=20 t_touched=5
Ep 12500 | score   55.95 | avg100   96.62 | grasp100  30.0% | best 0.620 |     32 st/s
    done(50): success=5 t_flicker=23 t_touched=20 t_no_reach=2
Ep 12550 | score  102.34 | avg100   96.24 | grasp100  31.0% | best 0.620 |     32 st/s
    done(50): success=26 t_flicker=19 t_touched=3 t_no_reach=2
Ep 12600 | score  179.94 | avg100  117.68 | grasp100  43.0% | best 0.620 |     32 st/s
    done(50): success=17 t_flicker=24 t_touched=6 t_no_reach=3
Ep 12650 | score   85.03 | avg100  119.42 | grasp100  44.0% | best 0.620 |     32 st/s
    done(50): success=27 t_flicker=20 t_touched=3
Ep 12700 | score  205.18 | avg100  132.75 | grasp100  53.0% | best 0.620 |     32 st/s
    done(50): success=26 t_flicker=23 t_touched=1
Ep 12750 | score  203.73 | avg100  137.10 | grasp100  58.0% | best 0.620 |     32 st/s
    done(50): success=32 t_flicker=12 t_touched=6
Ep 12800 | score  179.63 | avg100  137.34 | grasp100  61.0% | best 0.620 |     32 st/s
    done(50): success=29 t_flicker=20 t_no_reach=1
Ep 12850 | score  191.15 | avg100  134.48 | grasp100  55.0% | best 0.620 |     32 st/s
    done(50): success=26 t_flicker=23 t_touched=1
Ep 12900 | score  194.86 | avg100  139.17 | grasp100  57.0% | best 0.620 |     32 st/s
    done(50): success=31 t_flicker=16 t_touched=2 t_no_reach=1
Ep 12950 | score   70.54 | avg100  135.01 | grasp100  54.0% | best 0.620 |     32 st/s
    done(50): success=23 t_flicker=25 t_touched=1 t_no_reach=1
Ep 13000 | score  113.17 | avg100  123.03 | grasp100  45.0% | best 0.620 |     32 st/s
    done(50): success=22 t_flicker=27 t_touched=1
Ep 13050 | score   48.83 | avg100  135.62 | grasp100  57.0% | best 0.620 |     32 st/s
    done(50): success=35 t_flicker=13 t_touched=1 t_no_reach=1
Ep 13100 | score  183.36 | avg100  139.98 | grasp100  61.0% | best 0.620 |     32 st/s
    done(50): success=26 t_flicker=22 t_touched=2
Ep 13150 | score   92.73 | avg100  126.54 | grasp100  48.0% | best 0.620 |     32 st/s
    done(50): success=22 t_flicker=24 t_touched=2 t_no_reach=2
Ep 13200 | score  164.40 | avg100  120.23 | grasp100  49.0% | best 0.620 |     32 st/s
    done(50): success=27 t_flicker=18 t_touched=4 t_no_reach=1
Ep 13250 | score  215.29 | avg100  129.19 | grasp100  58.0% | best 0.620 |     32 st/s
    done(50): success=31 t_flicker=17 t_touched=2
Ep 13300 | score  142.45 | avg100  138.21 | grasp100  61.0% | best 0.620 |     32 st/s
    done(50): success=30 t_flicker=17 t_touched=3
  [primacy-bias reset of critic heads @ 600000 updates]
Ep 13350 | score  199.47 | avg100  110.51 | grasp100  46.0% | best 0.620 |     32 st/s
    done(50): success=16 t_flicker=16 t_touched=12 t_no_reach=6
Ep 13400 | score   -6.12 | avg100   93.06 | grasp100  32.0% | best 0.620 |     32 st/s
    done(50): success=16 t_flicker=22 t_touched=9 t_no_reach=3
Ep 13450 | score   59.25 | avg100  110.46 | grasp100  42.0% | best 0.620 |     32 st/s
    done(50): success=26 t_flicker=15 t_touched=8 t_no_reach=1
Ep 13500 | score  119.86 | avg100  123.22 | grasp100  48.0% | best 0.620 |     32 st/s
    done(50): success=22 t_flicker=23 t_touched=4 t_no_reach=1
Ep 13550 | score   69.22 | avg100  133.56 | grasp100  52.0% | best 0.620 |     32 st/s
    done(50): success=30 t_flicker=16 t_touched=4
Ep 13600 | score  207.46 | avg100  135.70 | grasp100  56.0% | best 0.620 |     32 st/s
    done(50): success=26 t_flicker=22 t_touched=1 t_no_reach=1
Ep 13650 | score   75.87 | avg100  129.78 | grasp100  53.0% | best 0.620 |     32 st/s
    done(50): success=27 t_flicker=22 t_no_reach=1
Ep 13700 | score  199.64 | avg100  133.85 | grasp100  55.0% | best 0.620 |     32 st/s
    done(50): success=28 t_flicker=21 t_touched=1
Ep 13750 | score  204.45 | avg100  131.61 | grasp100  54.0% | best 0.620 |     32 st/s
    done(50): success=26 t_flicker=21 t_touched=3
Ep 13800 | score  140.28 | avg100  139.22 | grasp100  60.0% | best 0.620 |     32 st/s
    done(50): success=34 t_flicker=15 t_no_reach=1
Ep 13850 | score  185.74 | avg100  146.29 | grasp100  64.0% | best 0.620 |     32 st/s
    done(50): success=30 t_flicker=20
Ep 13900 | score  192.23 | avg100  138.94 | grasp100  58.0% | best 0.620 |     32 st/s
    done(50): success=28 t_flicker=20 t_touched=1 t_no_reach=1
Ep 13950 | score  116.63 | avg100  137.42 | grasp100  55.0% | best 0.620 |     32 st/s
    done(50): success=27 t_flicker=21 t_touched=2
Ep 14000 | score  193.07 | avg100  137.85 | grasp100  57.0% | best 0.620 |     32 st/s
    done(50): success=30 t_flicker=19 t_touched=1
Ep 14050 | score  181.55 | avg100  135.65 | grasp100  59.0% | best 0.620 |     32 st/s
    done(50): success=29 t_flicker=19 t_touched=2
Ep 14100 | score  195.02 | avg100  127.99 | grasp100  52.0% | best 0.620 |     32 st/s
    done(50): success=23 t_flicker=25 t_touched=1 t_no_reach=1
  [primacy-bias reset of critic heads @ 625000 updates]
                                                                                                                                                      ========================================================================
RANDOM-SPAWN GRASP RETRAINING  |  algo=td3_ln  run=td3_ln_cereal_alignwarm_s0
========================================================================
  Envs                : 5 (subprocess-parallel, fork)
  Spawn level         : 2.0 (1.0 = full position box, 2.0 = + z-rotation)
  Updates/vec-step    : 2 (0.400 per env-step; historical baseline 0.5)
  Buffer              : 2,000,000
  Actor               : 64 -> 32  (5,216 weights)  [critics 512->256]
  Warm start          : checkpoints/td3_grasp_rand_td3_ln_c2m512_s1/best
  Checkpoints         : /home/fahim/Thesis_fahim/pickandplace/checkpoints/td3_grasp_rand_td3_ln_cereal_alignwarm_s0
========================================================================

Spawning 5 subprocess environments (fork)...
[robosuite WARNING] No private macro file found! (__init__.py:7)
[robosuite WARNING] It is recommended to use a private macro file (__init__.py:8)
[robosuite WARNING] To setup, run: python /home/fahim/Thesis_fahim/venv/lib/python3.12/site-packages/robosuite/scripts/setup_macros.py (__init__.py:9)
[robosuite WARNING] No private macro file found! (__init__.py:7)
[robosuite WARNING] No private macro file found! (__init__.py:7)
[robosuite WARNING] It is recommended to use a private macro file (__init__.py:8)
[robosuite WARNING] To setup, run: python /home/fahim/Thesis_fahim/venv/lib/python3.12/site-packages/robosuite/scripts/setup_macros.py (__init__.py:9)
[robosuite WARNING] No private macro file found! (__init__.py:7)
[robosuite WARNING] It is recommended to use a private macro file (__init__.py:8)
[robosuite WARNING] To setup, run: python /home/fahim/Thesis_fahim/venv/lib/python3.12/site-packages/robosuite/scripts/setup_macros.py (__init__.py:9)
[robosuite WARNING] It is recommended to use a private macro file (__init__.py:8)
[robosuite WARNING] To setup, run: python /home/fahim/Thesis_fahim/venv/lib/python3.12/site-packages/robosuite/scripts/setup_macros.py (__init__.py:9)
[robosuite WARNING] No private macro file found! (__init__.py:7)
[robosuite WARNING] It is recommended to use a private macro file (__init__.py:8)
[robosuite WARNING] To setup, run: python /home/fahim/Thesis_fahim/venv/lib/python3.12/site-packages/robosuite/scripts/setup_macros.py (__init__.py:9)
Gym has been unmaintained since 2022 and does not support NumPy 2.0 amongst other critical functionality.
Please upgrade to Gymnasium, the maintained drop-in replacement of Gym, or contact the authors of your software and request that they upgrade.
See the migration guide at https://gymnasium.farama.org/introduction/migration_guide/ for additional information.Gym has been unmaintained since 2022 and does not support NumPy 2.0 amongst other critical functionality.
Please upgrade to Gymnasium, the maintained drop-in replacement of Gym, or contact the authors of your software and request that they upgrade.
See the migration guide at https://gymnasium.farama.org/introduction/migration_guide/ for additional information.
Gym has been unmaintained since 2022 and does not support NumPy 2.0 amongst other critical functionality.
Please upgrade to Gymnasium, the maintained drop-in replacement of Gym, or contact the authors of your software and request that they upgrade.
See the migration guide at https://gymnasium.farama.org/introduction/migration_guide/ for additional information.

Gym has been unmaintained since 2022 and does not support NumPy 2.0 amongst other critical functionality.
Please upgrade to Gymnasium, the maintained drop-in replacement of Gym, or contact the authors of your software and request that they upgrade.
See the migration guide at https://gymnasium.farama.org/introduction/migration_guide/ for additional information.
Gym has been unmaintained since 2022 and does not support NumPy 2.0 amongst other critical functionality.
Please upgrade to Gymnasium, the maintained drop-in replacement of Gym, or contact the authors of your software and request that they upgrade.
See the migration guide at https://gymnasium.farama.org/introduction/migration_guide/ for additional information.
/home/fahim/Thesis_fahim/venv/lib/python3.12/site-packages/gym/spaces/box.py:84: UserWarning: [33mWARN: Box bound precision lowered by casting to float32[0m
  logger.warn(f"Box bound precision lowered by casting to {self.dtype}")
/home/fahim/Thesis_fahim/venv/lib/python3.12/site-packages/gym/spaces/box.py:84: UserWarning: [33mWARN: Box bound precision lowered by casting to float32[0m
  logger.warn(f"Box bound precision lowered by casting to {self.dtype}")
/home/fahim/Thesis_fahim/venv/lib/python3.12/site-packages/gym/spaces/box.py:84: UserWarning: [33mWARN: Box bound precision lowered by casting to float32[0m
  logger.warn(f"Box bound precision lowered by casting to {self.dtype}")
/home/fahim/Thesis_fahim/venv/lib/python3.12/site-packages/gym/spaces/box.py:84: UserWarning: [33mWARN: Box bound precision lowered by casting to float32[0m
  logger.warn(f"Box bound precision lowered by casting to {self.dtype}")
Gym has been unmaintained since 2022 and does not support NumPy 2.0 amongst other critical functionality.
Please upgrade to Gymnasium, the maintained drop-in replacement of Gym, or contact the authors of your software and request that they upgrade.
See the migration guide at https://gymnasium.farama.org/introduction/migration_guide/ for additional information.
5 environments ready.

/home/fahim/Thesis_fahim/venv/lib/python3.12/site-packages/gym/spaces/box.py:84: UserWarning: [33mWARN: Box bound precision lowered by casting to float32[0m
  logger.warn(f"Box bound precision lowered by casting to {self.dtype}")
========================================================================
RANDOM-SPAWN GRASP RETRAINING  |  algo=td3_ln  run=td3_ln_cereal_alignwarm_s0
========================================================================
  Envs                : 5 (subprocess-parallel, fork)
  Spawn level         : 2.0 (1.0 = full position box, 2.0 = + z-rotation)
  Updates/vec-step    : 2 (0.400 per env-step; historical baseline 0.5)
  Buffer              : 2,000,000
  Actor               : 64 -> 32  (5,216 weights)  [critics 512->256]
  Warm start          : checkpoints/td3_grasp_rand_td3_ln_c2m512_s1/best
  Checkpoints         : /home/fahim/Thesis_fahim/pickandplace/checkpoints/td3_grasp_rand_td3_ln_cereal_alignwarm_s0
========================================================================

Spawning 5 subprocess environments (fork)...
[robosuite WARNING] No private macro file found! (__init__.py:7)
[robosuite WARNING] It is recommended to use a private macro file (__init__.py:8)
[robosuite WARNING] To setup, run: python /home/fahim/Thesis_fahim/venv/lib/python3.12/site-packages/robosuite/scripts/setup_macros.py (__init__.py:9)
[robosuite WARNING] No private macro file found! (__init__.py:7)
[robosuite WARNING] It is recommended to use a private macro file (__init__.py:8)
[robosuite WARNING] To setup, run: python /home/fahim/Thesis_fahim/venv/lib/python3.12/site-packages/robosuite/scripts/setup_macros.py (__init__.py:9)
[robosuite WARNING] No private macro file found! (__init__.py:7)
[robosuite WARNING] It is recommended to use a private macro file (__init__.py:8)
[robosuite WARNING] To setup, run: python /home/fahim/Thesis_fahim/venv/lib/python3.12/site-packages/robosuite/scripts/setup_macros.py (__init__.py:9)
[robosuite WARNING] No private macro file found! (__init__.py:7)
[robosuite WARNING] It is recommended to use a private macro file (__init__.py:8)
[robosuite WARNING] To setup, run: python /home/fahim/Thesis_fahim/venv/lib/python3.12/site-packages/robosuite/scripts/setup_macros.py (__init__.py:9)
[robosuite WARNING] No private macro file found! (__init__.py:7)
[robosuite WARNING] It is recommended to use a private macro file (__init__.py:8)
[robosuite WARNING] To setup, run: python /home/fahim/Thesis_fahim/venv/lib/python3.12/site-packages/robosuite/scripts/setup_macros.py (__init__.py:9)
Gym has been unmaintained since 2022 and does not support NumPy 2.0 amongst other critical functionality.
Please upgrade to Gymnasium, the maintained drop-in replacement of Gym, or contact the authors of your software and request that they upgrade.
See the migration guide at https://gymnasium.farama.org/introduction/migration_guide/ for additional information.
Gym has been unmaintained since 2022 and does not support NumPy 2.0 amongst other critical functionality.
Please upgrade to Gymnasium, the maintained drop-in replacement of Gym, or contact the authors of your software and request that they upgrade.
See the migration guide at https://gymnasium.farama.org/introduction/migration_guide/ for additional information.
Gym has been unmaintained since 2022 and does not support NumPy 2.0 amongst other critical functionality.
Please upgrade to Gymnasium, the maintained drop-in replacement of Gym, or contact the authors of your software and request that they upgrade.
See the migration guide at https://gymnasium.farama.org/introduction/migration_guide/ for additional information.
Gym has been unmaintained since 2022 and does not support NumPy 2.0 amongst other critical functionality.
Please upgrade to Gymnasium, the maintained drop-in replacement of Gym, or contact the authors of your software and request that they upgrade.
See the migration guide at https://gymnasium.farama.org/introduction/migration_guide/ for additional information.
Gym has been unmaintained since 2022 and does not support NumPy 2.0 amongst other critical functionality.
Please upgrade to Gymnasium, the maintained drop-in replacement of Gym, or contact the authors of your software and request that they upgrade.
See the migration guide at https://gymnasium.farama.org/introduction/migration_guide/ for additional information.
/home/fahim/Thesis_fahim/venv/lib/python3.12/site-packages/gym/spaces/box.py:84: UserWarning: [33mWARN: Box bound precision lowered by casting to float32[0m
  logger.warn(f"Box bound precision lowered by casting to {self.dtype}")
/home/fahim/Thesis_fahim/venv/lib/python3.12/site-packages/gym/spaces/box.py:84: UserWarning: [33mWARN: Box bound precision lowered by casting to float32[0m
  logger.warn(f"Box bound precision lowered by casting to {self.dtype}")
/home/fahim/Thesis_fahim/venv/lib/python3.12/site-packages/gym/spaces/box.py:84: UserWarning: [33mWARN: Box bound precision lowered by casting to float32[0m
  logger.warn(f"Box bound precision lowered by casting to {self.dtype}")
/home/fahim/Thesis_fahim/venv/lib/python3.12/site-packages/gym/spaces/box.py:84: UserWarning: [33mWARN: Box bound precision lowered by casting to float32[0m
  logger.warn(f"Box bound precision lowered by casting to {self.dtype}")
/home/fahim/Thesis_fahim/venv/lib/python3.12/site-packages/gym/spaces/box.py:84: UserWarning: [33mWARN: Box bound precision lowered by casting to float32[0m
  logger.warn(f"Box bound precision lowered by casting to {self.dtype}")
Gym has been unmaintained since 2022 and does not support NumPy 2.0 amongst other critical functionality.
Please upgrade to Gymnasium, the maintained drop-in replacement of Gym, or contact the authors of your software and request that they upgrade.
See the migration guide at https://gymnasium.farama.org/introduction/migration_guide/ for additional information.
5 environments ready.

  Actor QAT           : per-tensor INT8 fake-quant, STE grads
  Actor weight clip   : |w| <= 8.0 * std(w) per Linear tensor (bi_s0 baseline fc1 9.96 / fc2 10.82)
Init: resumed (source: /home/fahim/Thesis_fahim/pickandplace/checkpoints/td3_grasp_rand_td3_ln_c2m512_s1/best)
Resumed replay buffer (1,562,813 transitions).

Training...

Ep    50 | score  128.40 | avg100  143.03 | grasp100  62.0% | best 0.000 |     48 st/s
    done(50): success=31 t_flicker=17 t_touched=2
Ep   100 | score  172.32 | avg100  139.31 | grasp100  60.0% | best 0.000 |     47 st/s
    done(50): success=29 t_flicker=20 t_no_reach=1
Ep   150 | score  167.62 | avg100  134.15 | grasp100  54.0% | best 0.000 |     44 st/s
    done(50): success=25 t_flicker=25
Ep   200 | * BEST  level200=2.00 grasp200= 56.5% metric=0.565 | score   58.60
Ep   250 | score   58.94 | avg100  128.48 | grasp100  53.0% | best 0.565 |     37 st/s
    done(50): success=25 t_flicker=22 t_touched=3
Ep   300 | score   39.13 | avg100  135.72 | grasp100  56.0% | best 0.565 |     36 st/s
    done(50): success=31 t_flicker=16 t_touched=3
Ep   334 | * BEST  level200=2.00 grasp200= 58.0% metric=0.580 | score  176.74
Ep   350 | score  182.11 | avg100  145.52 | grasp100  64.0% | best 0.580 |     35 st/s
    done(50): success=33 t_flicker=15 t_touched=2
Ep   356 | * BEST  level200=2.00 grasp200= 59.5% metric=0.595 | score  206.76
Ep   360 | * BEST  level200=2.00 grasp200= 61.0% metric=0.610 | score  142.10
Ep   400 | score  195.61 | avg100  139.21 | grasp100  58.0% | best 0.610 |     34 st/s
    done(50): success=25 t_flicker=21 t_touched=2 t_no_reach=2
Ep   450 | score  108.02 | avg100  136.31 | grasp100  55.0% | best 0.610 |     34 st/s
    done(50): success=30 t_flicker=18 t_touched=2
Ep   500 | score   78.59 | avg100  146.20 | grasp100  62.0% | best 0.610 |     33 st/s
    done(50): success=32 t_flicker=18
Ep   550 | score  185.53 | avg100  147.18 | grasp100  62.0% | best 0.610 |     32 st/s
    done(50): success=30 t_flicker=18 t_touched=2
Ep   600 | score   40.63 | avg100  138.79 | grasp100  58.0% | best 0.610 |     32 st/s
    done(50): success=28 t_flicker=18 t_touched=3 t_no_reach=1
Ep   650 | score  152.76 | avg100  129.90 | grasp100  55.0% | best 0.610 |     32 st/s
    done(50): success=27 t_flicker=21 t_touched=1 t_no_reach=1
Ep   700 | score  142.02 | avg100  125.58 | grasp100  52.0% | best 0.610 |     32 st/s
    done(50): success=25 t_flicker=21 t_touched=4
Ep   750 | score   56.36 | avg100  132.08 | grasp100  55.0% | best 0.610 |     31 st/s
    done(50): success=30 t_flicker=20
Ep   800 | score  162.99 | avg100  137.41 | grasp100  59.0% | best 0.610 |     32 st/s
    done(50): success=29 t_flicker=17 t_touched=3 t_no_reach=1
Ep   850 | score    9.14 | avg100  138.27 | grasp100  58.0% | best 0.610 |     31 st/s
    done(50): success=29 t_flicker=18 t_touched=3
Ep   900 | score   65.50 | avg100  137.78 | grasp100  56.0% | best 0.610 |     31 st/s
    done(50): success=27 t_flicker=21 t_touched=2
Ep   950 | score  174.00 | avg100  140.27 | grasp100  62.0% | best 0.610 |     31 st/s
    done(50): success=35 t_flicker=15
Ep  1000 | score   57.22 | avg100  137.84 | grasp100  61.0% | best 0.610 |     32 st/s
    done(50): success=26 t_flicker=22 t_touched=2
Ep  1050 | score   55.42 | avg100  134.86 | grasp100  57.0% | best 0.610 |     31 st/s
    done(50): success=31 t_flicker=17 t_touched=1 t_no_reach=1
  [primacy-bias reset of critic heads @ 25000 updates]
Ep  1100 | score   95.62 | avg100  130.31 | grasp100  54.0% | best 0.610 |     32 st/s
    done(50): success=23 t_flicker=21 t_touched=4 t_no_reach=2
Ep  1150 | score  179.64 | avg100  125.57 | grasp100  49.0% | best 0.610 |     32 st/s
    done(50): success=26 t_flicker=17 t_touched=5 t_no_reach=2
Ep  1200 | score   45.35 | avg100  120.05 | grasp100  49.0% | best 0.610 |     33 st/s
    done(50): success=23 t_flicker=24 t_touched=2 t_no_reach=1
Ep  1250 | score   57.78 | avg100  117.90 | grasp100  51.0% | best 0.610 |     33 st/s
    done(50): success=28 t_flicker=18 t_touched=1 t_no_reach=3
Ep  1300 | score  200.00 | avg100  127.12 | grasp100  56.0% | best 0.610 |     33 st/s
    done(50): success=28 t_flicker=19 t_touched=2 t_no_reach=1
Ep  1350 | score   81.13 | avg100  132.41 | grasp100  59.0% | best 0.610 |     33 st/s
    done(50): success=31 t_flicker=16 t_touched=3
Ep  1400 | score  134.59 | avg100  138.30 | grasp100  57.0% | best 0.610 |     34 st/s
    done(50): success=26 t_flicker=23 t_touched=1
Ep  1450 | score  238.83 | avg100  141.53 | grasp100  61.0% | best 0.610 |     34 st/s
    done(50): success=35 t_flicker=10 t_touched=5
Ep  1479 | * BEST  level200=2.00 grasp200= 62.5% metric=0.625 | score  209.23
Ep  1490 | * BEST  level200=2.00 grasp200= 64.0% metric=0.640 | score  160.68
Ep  1500 | score  163.69 | avg100  141.18 | grasp100  69.0% | best 0.640 |     34 st/s
    done(50): success=34 t_flicker=13 t_touched=3
Ep  1550 | score  179.14 | avg100  139.07 | grasp100  67.0% | best 0.640 |     33 st/s
    done(50): success=33 t_flicker=14 t_touched=3
Ep  1576 | * BEST  level200=2.00 grasp200= 65.5% metric=0.655 | score  177.78
Ep  1593 | * BEST  level200=2.00 grasp200= 67.0% metric=0.670 | score  164.63
Ep  1600 | score  134.27 | avg100  142.67 | grasp100  65.0% | best 0.670 |     34 st/s
    done(50): success=32 t_flicker=16 t_touched=2
Ep  1650 | score  123.58 | avg100  135.70 | grasp100  57.0% | best 0.670 |     34 st/s
    done(50): success=25 t_flicker=23 t_touched=2
Ep  1700 | score  121.37 | avg100  135.13 | grasp100  55.0% | best 0.670 |     34 st/s
    done(50): success=30 t_flicker=19 t_touched=1
Ep  1750 | score   55.84 | avg100  143.69 | grasp100  65.0% | best 0.670 |     34 st/s
    done(50): success=35 t_flicker=14 t_touched=1
Ep  1800 | score  161.70 | avg100  143.85 | grasp100  68.0% | best 0.670 |     34 st/s
    done(50): success=33 t_flicker=15 t_touched=2
Ep  1850 | score   57.65 | avg100  141.92 | grasp100  66.0% | best 0.670 |     34 st/s
    done(50): success=33 t_flicker=15 t_touched=2
Ep  1895 | * BEST  level200=2.00 grasp200= 68.5% metric=0.685 | score  177.15
Ep  1900 | score  233.02 | avg100  148.87 | grasp100  69.0% | best 0.685 |     34 st/s
    done(50): success=36 t_flicker=13 t_touched=1
Ep  1950 | score   84.29 | avg100  137.81 | grasp100  59.0% | best 0.685 |     34 st/s
    done(50): success=23 t_flicker=26 t_no_reach=1
Ep  2000 | score  162.73 | avg100  134.04 | grasp100  54.0% | best 0.685 |     34 st/s
    done(50): success=31 t_flicker=19
Ep  2050 | score  -45.79 | avg100  141.04 | grasp100  60.0% | best 0.685 |     34 st/s
    done(50): success=29 t_flicker=19 t_touched=2
  [primacy-bias reset of critic heads @ 50000 updates]
Ep  2100 | score  197.47 | avg100  121.54 | grasp100  52.0% | best 0.685 |     34 st/s
    done(50): success=23 t_flicker=13 t_touched=10 t_no_reach=4
Ep  2150 | score  201.42 | avg100  108.60 | grasp100  44.0% | best 0.685 |     35 st/s
    done(50): success=21 t_flicker=18 t_touched=7 t_no_reach=4
Ep  2200 | score  -56.65 | avg100  101.38 | grasp100  41.0% | best 0.685 |     35 st/s
    done(50): success=20 t_flicker=23 t_touched=4 t_no_reach=3
Ep  2250 | score  121.55 | avg100  113.97 | grasp100  49.0% | best 0.685 |     35 st/s
    done(50): success=29 t_flicker=18 t_touched=2 t_no_reach=1
========================================================================
RANDOM-SPAWN GRASP RETRAINING  |  algo=td3_ln  run=td3_ln_cereal_alignwarm_s0
========================================================================
  Envs                : 5 (subprocess-parallel, fork)
  Spawn level         : 2.0 (1.0 = full position box, 2.0 = + z-rotation)
  Updates/vec-step    : 2 (0.400 per env-step; historical baseline 0.5)
  Buffer              : 2,000,000
  Actor               : 64 -> 32  (5,216 weights)  [critics 512->256]
  Warm start          : checkpoints/td3_grasp_rand_td3_ln_c2m512_s1/best
  Checkpoints         : /home/fahim/Thesis_fahim/pickandplace/checkpoints/td3_grasp_rand_td3_ln_cereal_alignwarm_s0
========================================================================

Spawning 5 subprocess environments (fork)...
[robosuite WARNING] No private macro file found! (__init__.py:7)
[robosuite WARNING] It is recommended to use a private macro file (__init__.py:8)
[robosuite WARNING] To setup, run: python /home/fahim/Thesis_fahim/venv/lib/python3.12/site-packages/robosuite/scripts/setup_macros.py (__init__.py:9)
[robosuite WARNING] No private macro file found! (__init__.py:7)
[robosuite WARNING] It is recommended to use a private macro file (__init__.py:8)
[robosuite WARNING] To setup, run: python /home/fahim/Thesis_fahim/venv/lib/python3.12/site-packages/robosuite/scripts/setup_macros.py (__init__.py:9)
[robosuite WARNING] No private macro file found! (__init__.py:7)
[robosuite WARNING] It is recommended to use a private macro file (__init__.py:8)
[robosuite WARNING] To setup, run: python /home/fahim/Thesis_fahim/venv/lib/python3.12/site-packages/robosuite/scripts/setup_macros.py (__init__.py:9)
[robosuite WARNING] No private macro file found! (__init__.py:7)
[robosuite WARNING] It is recommended to use a private macro file (__init__.py:8)
[robosuite WARNING] To setup, run: python /home/fahim/Thesis_fahim/venv/lib/python3.12/site-packages/robosuite/scripts/setup_macros.py (__init__.py:9)
[robosuite WARNING] No private macro file found! (__init__.py:7)
[robosuite WARNING] It is recommended to use a private macro file (__init__.py:8)
[robosuite WARNING] To setup, run: python /home/fahim/Thesis_fahim/venv/lib/python3.12/site-packages/robosuite/scripts/setup_macros.py (__init__.py:9)
Gym has been unmaintained since 2022 and does not support NumPy 2.0 amongst other critical functionality.
Please upgrade to Gymnasium, the maintained drop-in replacement of Gym, or contact the authors of your software and request that they upgrade.
See the migration guide at https://gymnasium.farama.org/introduction/migration_guide/ for additional information.
Gym has been unmaintained since 2022 and does not support NumPy 2.0 amongst other critical functionality.
Please upgrade to Gymnasium, the maintained drop-in replacement of Gym, or contact the authors of your software and request that they upgrade.
See the migration guide at https://gymnasium.farama.org/introduction/migration_guide/ for additional information.
Gym has been unmaintained since 2022 and does not support NumPy 2.0 amongst other critical functionality.
Please upgrade to Gymnasium, the maintained drop-in replacement of Gym, or contact the authors of your software and request that they upgrade.
See the migration guide at https://gymnasium.farama.org/introduction/migration_guide/ for additional information.
Gym has been unmaintained since 2022 and does not support NumPy 2.0 amongst other critical functionality.
Please upgrade to Gymnasium, the maintained drop-in replacement of Gym, or contact the authors of your software and request that they upgrade.
See the migration guide at https://gymnasium.farama.org/introduction/migration_guide/ for additional information.
Gym has been unmaintained since 2022 and does not support NumPy 2.0 amongst other critical functionality.
Please upgrade to Gymnasium, the maintained drop-in replacement of Gym, or contact the authors of your software and request that they upgrade.
See the migration guide at https://gymnasium.farama.org/introduction/migration_guide/ for additional information.
/home/fahim/Thesis_fahim/venv/lib/python3.12/site-packages/gym/spaces/box.py:84: UserWarning: [33mWARN: Box bound precision lowered by casting to float32[0m
  logger.warn(f"Box bound precision lowered by casting to {self.dtype}")
/home/fahim/Thesis_fahim/venv/lib/python3.12/site-packages/gym/spaces/box.py:84: UserWarning: [33mWARN: Box bound precision lowered by casting to float32[0m
  logger.warn(f"Box bound precision lowered by casting to {self.dtype}")
/home/fahim/Thesis_fahim/venv/lib/python3.12/site-packages/gym/spaces/box.py:84: UserWarning: [33mWARN: Box bound precision lowered by casting to float32[0m
  logger.warn(f"Box bound precision lowered by casting to {self.dtype}")
/home/fahim/Thesis_fahim/venv/lib/python3.12/site-packages/gym/spaces/box.py:84: UserWarning: [33mWARN: Box bound precision lowered by casting to float32[0m
  logger.warn(f"Box bound precision lowered by casting to {self.dtype}")
/home/fahim/Thesis_fahim/venv/lib/python3.12/site-packages/gym/spaces/box.py:84: UserWarning: [33mWARN: Box bound precision lowered by casting to float32[0m
  logger.warn(f"Box bound precision lowered by casting to {self.dtype}")
Gym has been unmaintained since 2022 and does not support NumPy 2.0 amongst other critical functionality.
Please upgrade to Gymnasium, the maintained drop-in replacement of Gym, or contact the authors of your software and request that they upgrade.
See the migration guide at https://gymnasium.farama.org/introduction/migration_guide/ for additional information.
5 environments ready.

  Actor QAT           : per-tensor INT8 fake-quant, STE grads
  Actor weight clip   : |w| <= 8.0 * std(w) per Linear tensor (bi_s0 baseline fc1 9.96 / fc2 10.82)
Init: resumed (source: /home/fahim/Thesis_fahim/pickandplace/checkpoints/td3_grasp_rand_td3_ln_c2m512_s1/best)
Resumed replay buffer (1,683,776 transitions).

Training...

Ep    50 | score  206.45 | avg100  127.41 | grasp100  58.0% | best 0.000 |     39 st/s
    done(50): success=29 t_flicker=18 t_touched=1 t_no_reach=2
Ep   100 | score  168.19 | avg100  129.55 | grasp100  59.0% | best 0.000 |     37 st/s
    done(50): success=30 t_flicker=17 t_touched=2 t_no_reach=1
Ep   150 | score   77.47 | avg100  133.47 | grasp100  60.0% | best 0.000 |     36 st/s
    done(50): success=30 t_flicker=17 t_touched=2 t_no_reach=1
Ep   200 | * BEST  level200=2.00 grasp200= 60.0% metric=0.600 | score  170.86
Ep   250 | score  162.94 | avg100  125.69 | grasp100  57.0% | best 0.600 |     36 st/s
    done(50): success=26 t_flicker=17 t_touched=6 t_no_reach=1
Ep   271 | * BEST  level200=2.00 grasp200= 61.5% metric=0.615 | score  148.91
Ep   300 | score  206.59 | avg100  126.51 | grasp100  58.0% | best 0.615 |     36 st/s
    done(50): success=32 t_flicker=15 t_touched=2 t_no_reach=1
Ep   350 | score  193.97 | avg100  139.70 | grasp100  66.0% | best 0.615 |     36 st/s
    done(50): success=34 t_flicker=15 t_no_reach=1
Ep   358 | * BEST  level200=2.00 grasp200= 63.0% metric=0.630 | score  157.36
Ep   365 | * BEST  level200=2.00 grasp200= 64.5% metric=0.645 | score  188.96
Ep   387 | * BEST  level200=2.00 grasp200= 66.0% metric=0.660 | score  169.30
Ep   400 | score  189.78 | avg100  150.31 | grasp100  74.0% | best 0.660 |     36 st/s
    done(50): success=40 t_flicker=9 t_no_reach=1
Ep   406 | * BEST  level200=2.00 grasp200= 67.5% metric=0.675 | score  207.31
Ep   436 | * BEST  level200=2.00 grasp200= 69.0% metric=0.690 | score  206.99
Ep   450 | score   67.67 | avg100  144.24 | grasp100  73.0% | best 0.690 |     36 st/s
    done(50): success=33 t_flicker=13 t_touched=3 t_no_reach=1
Ep   495 | * BEST  level200=2.00 grasp200= 70.5% metric=0.705 | score  199.16
Ep   500 | score   44.26 | avg100  137.82 | grasp100  67.0% | best 0.705 |     36 st/s
    done(50): success=34 t_flicker=15 t_touched=1
Ep   550 | score   10.18 | avg100  135.95 | grasp100  63.0% | best 0.705 |     33 st/s
    done(50): success=29 t_flicker=18 t_touched=1 t_no_reach=2
Ep   600 | score  199.77 | avg100  130.24 | grasp100  62.0% | best 0.705 |     33 st/s
    done(50): success=33 t_flicker=14 t_touched=2 t_no_reach=1
Ep   650 | score   66.02 | avg100  127.13 | grasp100  61.0% | best 0.705 |     34 st/s
    done(50): success=28 t_flicker=17 t_touched=2 t_no_reach=3
Ep   700 | score  128.04 | avg100  125.66 | grasp100  59.0% | best 0.705 |     34 st/s
    done(50): success=31 t_flicker=15 t_touched=3 t_no_reach=1
Ep   750 | score  172.04 | avg100  130.03 | grasp100  62.0% | best 0.705 |     34 st/s
    done(50): success=31 t_flicker=15 t_touched=4
Ep   800 | score  132.49 | avg100  135.51 | grasp100  64.0% | best 0.705 |     34 st/s
    done(50): success=33 t_flicker=15 t_no_reach=2
Ep   850 | score   89.25 | avg100  135.18 | grasp100  63.0% | best 0.705 |     34 st/s
    done(50): success=30 t_flicker=15 t_touched=4 t_no_reach=1
Ep   900 | score   97.81 | avg100  126.84 | grasp100  59.0% | best 0.705 |     34 st/s
    done(50): success=29 t_flicker=16 t_touched=4 t_no_reach=1
Ep   950 | score  169.05 | avg100  123.51 | grasp100  60.0% | best 0.705 |     34 st/s
    done(50): success=31 t_flicker=11 t_touched=4 t_no_reach=4
Ep  1000 | score  154.47 | avg100  137.50 | grasp100  69.0% | best 0.705 |     34 st/s
    done(50): success=38 t_flicker=10 t_touched=1 t_no_reach=1
Ep  1050 | score  149.24 | avg100  140.44 | grasp100  67.0% | best 0.705 |     33 st/s
    done(50): success=29 t_flicker=18 t_touched=2 t_no_reach=1
Ep  1100 | score   41.27 | avg100  131.13 | grasp100  60.0% | best 0.705 |     33 st/s
    done(50): success=31 t_flicker=17 t_touched=1 t_no_reach=1
Ep  1150 | score    5.24 | avg100  129.65 | grasp100  61.0% | best 0.705 |     33 st/s
    done(50): success=30 t_flicker=16 t_touched=3 t_no_reach=1
Ep  1200 | score  193.33 | avg100  132.65 | grasp100  63.0% | best 0.705 |     34 st/s
    done(50): success=33 t_flicker=14 t_no_reach=3
Ep  1250 | score  100.59 | avg100  133.52 | grasp100  62.0% | best 0.705 |     34 st/s
    done(50): success=29 t_flicker=15 t_touched=4 t_no_reach=2
Ep  1300 | score  189.15 | avg100  142.49 | grasp100  69.0% | best 0.705 |     34 st/s
    done(50): success=40 t_flicker=9 t_touched=1
Ep  1350 | score  197.53 | avg100  153.02 | grasp100  76.0% | best 0.705 |     34 st/s
    done(50): success=36 t_flicker=9 t_touched=4 t_no_reach=1
Ep  1400 | score  197.48 | avg100  144.62 | grasp100  71.0% | best 0.705 |     34 st/s
    done(50): success=35 t_flicker=13 t_touched=1 t_no_reach=1
Ep  1450 | score  189.73 | avg100  133.36 | grasp100  66.0% | best 0.705 |     34 st/s
    done(50): success=31 t_flicker=14 t_touched=3 t_no_reach=2
Ep  1500 | score  195.87 | avg100  131.33 | grasp100  62.0% | best 0.705 |     34 st/s
    done(50): success=31 t_flicker=14 t_touched=5
Ep  1550 | score  199.58 | avg100  130.23 | grasp100  61.0% | best 0.705 |     33 st/s
    done(50): success=30 t_flicker=15 t_touched=5
Ep  1600 | score  164.74 | avg100  125.51 | grasp100  60.0% | best 0.705 |     33 st/s
    done(50): success=30 t_flicker=17 t_touched=1 t_no_reach=2
Ep  1650 | score   57.88 | avg100  133.91 | grasp100  67.0% | best 0.705 |     33 st/s
    done(50): success=37 t_flicker=9 t_touched=3 t_no_reach=1
  [primacy-bias reset of critic heads @ 25000 updates]
Ep  1700 | score   60.98 | avg100  135.88 | grasp100  68.0% | best 0.705 |     33 st/s
    done(50): success=31 t_flicker=15 t_touched=3 t_no_reach=1
Ep  1750 | score   28.18 | avg100  108.50 | grasp100  51.0% | best 0.705 |     33 st/s
    done(50): success=20 t_flicker=18 t_touched=6 t_no_reach=6
Ep  1800 | score   29.24 | avg100  100.16 | grasp100  45.0% | best 0.705 |     34 st/s
    done(50): success=25 t_flicker=15 t_touched=9 t_no_reach=1
========================================================================
RANDOM-SPAWN GRASP RETRAINING  |  algo=td3_ln  run=td3_ln_cereal_alignwarm_s0
========================================================================
  Envs                : 5 (subprocess-parallel, fork)
  Spawn level         : 2.0 (1.0 = full position box, 2.0 = + z-rotation)
  Updates/vec-step    : 2 (0.400 per env-step; historical baseline 0.5)
  Buffer              : 2,000,000
  Actor               : 64 -> 32  (5,216 weights)  [critics 512->256]
  Warm start          : checkpoints/td3_grasp_rand_td3_ln_c2m512_s1/best
  Checkpoints         : /home/fahim/Thesis_fahim/pickandplace/checkpoints/td3_grasp_rand_td3_ln_cereal_alignwarm_s0
========================================================================

Spawning 5 subprocess environments (fork)...
[robosuite WARNING] No private macro file found! (__init__.py:7)
[robosuite WARNING] No private macro file found! (__init__.py:7)
[robosuite WARNING] No private macro file found! (__init__.py:7)
[robosuite WARNING] No private macro file found! (__init__.py:7)
[robosuite WARNING] It is recommended to use a private macro file (__init__.py:8)
[robosuite WARNING] It is recommended to use a private macro file (__init__.py:8)
[robosuite WARNING] It is recommended to use a private macro file (__init__.py:8)
[robosuite WARNING] To setup, run: python /home/fahim/Thesis_fahim/venv/lib/python3.12/site-packages/robosuite/scripts/setup_macros.py (__init__.py:9)
[robosuite WARNING] No private macro file found! (__init__.py:7)
[robosuite WARNING] It is recommended to use a private macro file (__init__.py:8)
[robosuite WARNING] To setup, run: python /home/fahim/Thesis_fahim/venv/lib/python3.12/site-packages/robosuite/scripts/setup_macros.py (__init__.py:9)
[robosuite WARNING] To setup, run: python /home/fahim/Thesis_fahim/venv/lib/python3.12/site-packages/robosuite/scripts/setup_macros.py (__init__.py:9)
[robosuite WARNING] To setup, run: python /home/fahim/Thesis_fahim/venv/lib/python3.12/site-packages/robosuite/scripts/setup_macros.py (__init__.py:9)
[robosuite WARNING] It is recommended to use a private macro file (__init__.py:8)
[robosuite WARNING] To setup, run: python /home/fahim/Thesis_fahim/venv/lib/python3.12/site-packages/robosuite/scripts/setup_macros.py (__init__.py:9)
Gym has been unmaintained since 2022 and does not support NumPy 2.0 amongst other critical functionality.
Please upgrade to Gymnasium, the maintained drop-in replacement of Gym, or contact the authors of your software and request that they upgrade.
See the migration guide at https://gymnasium.farama.org/introduction/migration_guide/ for additional information.
Gym has been unmaintained since 2022 and does not support NumPy 2.0 amongst other critical functionality.
Please upgrade to Gymnasium, the maintained drop-in replacement of Gym, or contact the authors of your software and request that they upgrade.
See the migration guide at https://gymnasium.farama.org/introduction/migration_guide/ for additional information.Gym has been unmaintained since 2022 and does not support NumPy 2.0 amongst other critical functionality.
Please upgrade to Gymnasium, the maintained drop-in replacement of Gym, or contact the authors of your software and request that they upgrade.
See the migration guide at https://gymnasium.farama.org/introduction/migration_guide/ for additional information.Gym has been unmaintained since 2022 and does not support NumPy 2.0 amongst other critical functionality.
Please upgrade to Gymnasium, the maintained drop-in replacement of Gym, or contact the authors of your software and request that they upgrade.
See the migration guide at https://gymnasium.farama.org/introduction/migration_guide/ for additional information.

Gym has been unmaintained since 2022 and does not support NumPy 2.0 amongst other critical functionality.
Please upgrade to Gymnasium, the maintained drop-in replacement of Gym, or contact the authors of your software and request that they upgrade.
See the migration guide at https://gymnasium.farama.org/introduction/migration_guide/ for additional information.

/home/fahim/Thesis_fahim/venv/lib/python3.12/site-packages/gym/spaces/box.py:84: UserWarning: [33mWARN: Box bound precision lowered by casting to float32[0m
  logger.warn(f"Box bound precision lowered by casting to {self.dtype}")
/home/fahim/Thesis_fahim/venv/lib/python3.12/site-packages/gym/spaces/box.py:84: UserWarning: [33mWARN: Box bound precision lowered by casting to float32[0m
  logger.warn(f"Box bound precision lowered by casting to {self.dtype}")
/home/fahim/Thesis_fahim/venv/lib/python3.12/site-packages/gym/spaces/box.py:84: UserWarning: [33mWARN: Box bound precision lowered by casting to float32[0m
  logger.warn(f"Box bound precision lowered by casting to {self.dtype}")
/home/fahim/Thesis_fahim/venv/lib/python3.12/site-packages/gym/spaces/box.py:84: UserWarning: [33mWARN: Box bound precision lowered by casting to float32[0m
  logger.warn(f"Box bound precision lowered by casting to {self.dtype}")
/home/fahim/Thesis_fahim/venv/lib/python3.12/site-packages/gym/spaces/box.py:84: UserWarning: [33mWARN: Box bound precision lowered by casting to float32[0m
  logger.warn(f"Box bound precision lowered by casting to {self.dtype}")
Gym has been unmaintained since 2022 and does not support NumPy 2.0 amongst other critical functionality.
Please upgrade to Gymnasium, the maintained drop-in replacement of Gym, or contact the authors of your software and request that they upgrade.
See the migration guide at https://gymnasium.farama.org/introduction/migration_guide/ for additional information.
5 environments ready.

  Actor QAT           : per-tensor INT8 fake-quant, STE grads
  Actor weight clip   : |w| <= 8.0 * std(w) per Linear tensor (bi_s0 baseline fc1 9.96 / fc2 10.82)
Init: resumed (source: /home/fahim/Thesis_fahim/pickandplace/checkpoints/td3_grasp_rand_td3_ln_c2m512_s1/best)
Resumed replay buffer (1,738,837 transitions).

Training...

Ep    50 | score  176.60 | avg100  145.64 | grasp100  70.0% | best 0.000 |     29 st/s
    done(50): success=35 t_flicker=12 t_touched=1 t_no_reach=2
Ep   100 | score  192.39 | avg100  135.56 | grasp100  64.0% | best 0.000 |     32 st/s
    done(50): success=29 t_flicker=20 t_no_reach=1
Ep   150 | score  205.39 | avg100  132.52 | grasp100  62.0% | best 0.000 |     33 st/s
    done(50): success=33 t_flicker=15 t_touched=2
Ep   200 | * BEST  level200=2.00 grasp200= 64.0% metric=0.640 | score   67.19
Ep   250 | score  245.35 | avg100  132.34 | grasp100  63.0% | best 0.640 |     34 st/s
    done(50): success=32 t_flicker=15 t_touched=2 t_no_reach=1
Ep   300 | score  196.05 | avg100  132.70 | grasp100  64.0% | best 0.640 |     35 st/s
    done(50): success=32 t_flicker=15 t_touched=3
Ep   350 | score   34.59 | avg100  135.93 | grasp100  65.0% | best 0.640 |     35 st/s
    done(50): success=33 t_flicker=14 t_touched=3
Ep   358 | * BEST  level200=2.00 grasp200= 65.5% metric=0.655 | score  187.83
Ep   377 | * BEST  level200=2.00 grasp200= 67.0% metric=0.670 | score  187.26
Ep   400 | score  160.05 | avg100  146.35 | grasp100  71.0% | best 0.670 |     35 st/s
    done(50): success=38 t_flicker=11 t_touched=1
Ep   435 | * BEST  level200=2.00 grasp200= 68.5% metric=0.685 | score  206.92
Ep   450 | score  127.62 | avg100  147.99 | grasp100  71.0% | best 0.685 |     35 st/s
    done(50): success=33 t_flicker=17
Ep   481 | * BEST  level200=2.00 grasp200= 70.0% metric=0.700 | score  196.38
Ep   500 | score   54.48 | avg100  141.37 | grasp100  66.0% | best 0.700 |     35 st/s
    done(50): success=33 t_flicker=15 t_no_reach=2
Ep   550 | score   39.76 | avg100  128.85 | grasp100  61.0% | best 0.700 |     32 st/s
    done(50): success=28 t_flicker=15 t_touched=5 t_no_reach=2
Ep   600 | score  168.94 | avg100  128.47 | grasp100  61.0% | best 0.700 |     32 st/s
    done(50): success=33 t_flicker=14 t_touched=2 t_no_reach=1
Ep   650 | score  167.08 | avg100  133.76 | grasp100  64.0% | best 0.700 |     33 st/s
    done(50): success=31 t_flicker=15 t_touched=3 t_no_reach=1
Ep   700 | score   79.24 | avg100  133.32 | grasp100  63.0% | best 0.700 |     33 st/s
    done(50): success=32 t_flicker=16 t_touched=2
Ep   750 | score  184.07 | avg100  134.94 | grasp100  63.0% | best 0.700 |     33 st/s
    done(50): success=31 t_flicker=15 t_touched=4
Ep   800 | score   33.97 | avg100  129.93 | grasp100  60.0% | best 0.700 |     33 st/s
    done(50): success=29 t_flicker=19 t_touched=2
Ep   850 | score   27.44 | avg100  134.17 | grasp100  63.0% | best 0.700 |     33 st/s
    done(50): success=34 t_flicker=10 t_touched=4 t_no_reach=2
Ep   900 | score  167.12 | avg100  136.30 | grasp100  64.0% | best 0.700 |     33 st/s
    done(50): success=30 t_flicker=18 t_touched=2
Ep   950 | score    3.06 | avg100  124.93 | grasp100  57.0% | best 0.700 |     34 st/s
    done(50): success=27 t_flicker=18 t_touched=2 t_no_reach=3
========================================================================
RANDOM-SPAWN GRASP RETRAINING  |  algo=td3_ln  run=td3_ln_cereal_alignwarm_s0
========================================================================
  Envs                : 5 (subprocess-parallel, fork)
  Spawn level         : 2.0 (1.0 = full position box, 2.0 = + z-rotation)
  Updates/vec-step    : 2 (0.400 per env-step; historical baseline 0.5)
  Buffer              : 2,000,000
  Actor               : 64 -> 32  (5,216 weights)  [critics 512->256]
  Warm start          : checkpoints/td3_grasp_rand_td3_ln_c2m512_s1/best
  Checkpoints         : /home/fahim/Thesis_fahim/pickandplace/checkpoints/td3_grasp_rand_td3_ln_cereal_alignwarm_s0
========================================================================

Spawning 5 subprocess environments (fork)...
[robosuite WARNING] No private macro file found! (__init__.py:7)
[robosuite WARNING] It is recommended to use a private macro file (__init__.py:8)
[robosuite WARNING] To setup, run: python /home/fahim/Thesis_fahim/venv/lib/python3.12/site-packages/robosuite/scripts/setup_macros.py (__init__.py:9)
[robosuite WARNING] No private macro file found! (__init__.py:7)
[robosuite WARNING] It is recommended to use a private macro file (__init__.py:8)
[robosuite WARNING] To setup, run: python /home/fahim/Thesis_fahim/venv/lib/python3.12/site-packages/robosuite/scripts/setup_macros.py (__init__.py:9)
[robosuite WARNING] No private macro file found! (__init__.py:7)
[robosuite WARNING] It is recommended to use a private macro file (__init__.py:8)
[robosuite WARNING] To setup, run: python /home/fahim/Thesis_fahim/venv/lib/python3.12/site-packages/robosuite/scripts/setup_macros.py (__init__.py:9)
[robosuite WARNING] No private macro file found! (__init__.py:7)
[robosuite WARNING] It is recommended to use a private macro file (__init__.py:8)
[robosuite WARNING] To setup, run: python /home/fahim/Thesis_fahim/venv/lib/python3.12/site-packages/robosuite/scripts/setup_macros.py (__init__.py:9)
[robosuite WARNING] No private macro file found! (__init__.py:7)
[robosuite WARNING] It is recommended to use a private macro file (__init__.py:8)
[robosuite WARNING] To setup, run: python /home/fahim/Thesis_fahim/venv/lib/python3.12/site-packages/robosuite/scripts/setup_macros.py (__init__.py:9)
Gym has been unmaintained since 2022 and does not support NumPy 2.0 amongst other critical functionality.
Please upgrade to Gymnasium, the maintained drop-in replacement of Gym, or contact the authors of your software and request that they upgrade.
See the migration guide at https://gymnasium.farama.org/introduction/migration_guide/ for additional information.
Gym has been unmaintained since 2022 and does not support NumPy 2.0 amongst other critical functionality.
Please upgrade to Gymnasium, the maintained drop-in replacement of Gym, or contact the authors of your software and request that they upgrade.
See the migration guide at https://gymnasium.farama.org/introduction/migration_guide/ for additional information.
Gym has been unmaintained since 2022 and does not support NumPy 2.0 amongst other critical functionality.
Please upgrade to Gymnasium, the maintained drop-in replacement of Gym, or contact the authors of your software and request that they upgrade.
See the migration guide at https://gymnasium.farama.org/introduction/migration_guide/ for additional information.
Gym has been unmaintained since 2022 and does not support NumPy 2.0 amongst other critical functionality.
Please upgrade to Gymnasium, the maintained drop-in replacement of Gym, or contact the authors of your software and request that they upgrade.
See the migration guide at https://gymnasium.farama.org/introduction/migration_guide/ for additional information.
Gym has been unmaintained since 2022 and does not support NumPy 2.0 amongst other critical functionality.
Please upgrade to Gymnasium, the maintained drop-in replacement of Gym, or contact the authors of your software and request that they upgrade.
See the migration guide at https://gymnasium.farama.org/introduction/migration_guide/ for additional information.
/home/fahim/Thesis_fahim/venv/lib/python3.12/site-packages/gym/spaces/box.py:84: UserWarning: [33mWARN: Box bound precision lowered by casting to float32[0m
  logger.warn(f"Box bound precision lowered by casting to {self.dtype}")
/home/fahim/Thesis_fahim/venv/lib/python3.12/site-packages/gym/spaces/box.py:84: UserWarning: [33mWARN: Box bound precision lowered by casting to float32[0m
  logger.warn(f"Box bound precision lowered by casting to {self.dtype}")
/home/fahim/Thesis_fahim/venv/lib/python3.12/site-packages/gym/spaces/box.py:84: UserWarning: [33mWARN: Box bound precision lowered by casting to float32[0m
  logger.warn(f"Box bound precision lowered by casting to {self.dtype}")
/home/fahim/Thesis_fahim/venv/lib/python3.12/site-packages/gym/spaces/box.py:84: UserWarning: [33mWARN: Box bound precision lowered by casting to float32[0m
  logger.warn(f"Box bound precision lowered by casting to {self.dtype}")
/home/fahim/Thesis_fahim/venv/lib/python3.12/site-packages/gym/spaces/box.py:84: UserWarning: [33mWARN: Box bound precision lowered by casting to float32[0m
  logger.warn(f"Box bound precision lowered by casting to {self.dtype}")
Gym has been unmaintained since 2022 and does not support NumPy 2.0 amongst other critical functionality.
Please upgrade to Gymnasium, the maintained drop-in replacement of Gym, or contact the authors of your software and request that they upgrade.
See the migration guide at https://gymnasium.farama.org/introduction/migration_guide/ for additional information.
5 environments ready.

  Actor QAT           : per-tensor INT8 fake-quant, STE grads
  Actor weight clip   : |w| <= 8.0 * std(w) per Linear tensor (bi_s0 baseline fc1 9.96 / fc2 10.82)
Init: resumed (source: /home/fahim/Thesis_fahim/pickandplace/checkpoints/td3_grasp_rand_td3_ln_c2m512_s1/best)
Resumed replay buffer (1,757,413 transitions).

Training...

Ep    50 | score  185.22 | avg100  120.84 | grasp100  56.0% | best 0.000 |     40 st/s
    done(50): success=28 t_flicker=19 t_touched=2 t_no_reach=1
Ep   100 | score  138.06 | avg100  128.53 | grasp100  59.0% | best 0.000 |     35 st/s
    done(50): success=31 t_flicker=15 t_touched=2 t_no_reach=2
Ep   150 | score   14.64 | avg100  136.31 | grasp100  64.0% | best 0.000 |     32 st/s
    done(50): success=33 t_flicker=14 t_touched=3
Ep   200 | * BEST  level200=2.00 grasp200= 59.5% metric=0.595 | score   82.19
Ep   245 | * BEST  level200=2.00 grasp200= 61.0% metric=0.610 | score  172.63
Ep   250 | score  204.40 | avg100  125.38 | grasp100  57.0% | best 0.610 |     31 st/s
    done(50): success=30 t_flicker=14 t_touched=4 t_no_reach=2
Ep   265 | * BEST  level200=2.00 grasp200= 62.5% metric=0.625 | score  186.75
Ep   287 | * BEST  level200=2.00 grasp200= 64.0% metric=0.640 | score  173.55
Ep   300 | score  202.17 | avg100  138.66 | grasp100  66.0% | best 0.640 |     31 st/s
    done(50): success=36 t_flicker=11 t_touched=3
Ep   350 | score   45.29 | avg100  139.85 | grasp100  68.0% | best 0.640 |     30 st/s
    done(50): success=32 t_flicker=14 t_touched=2 t_no_reach=2
Ep   374 | * BEST  level200=2.00 grasp200= 65.5% metric=0.655 | score  203.79
Ep   383 | * BEST  level200=2.00 grasp200= 67.0% metric=0.670 | score  173.01
Ep   400 | score  149.70 | avg100  138.83 | grasp100  70.0% | best 0.670 |     30 st/s
    done(50): success=38 t_flicker=8 t_touched=4
Ep   404 | * BEST  level200=2.00 grasp200= 68.5% metric=0.685 | score  199.22
Ep   413 | * BEST  level200=2.00 grasp200= 70.0% metric=0.700 | score  165.14
Ep   432 | * BEST  level200=2.00 grasp200= 71.5% metric=0.715 | score  196.36
Ep   450 | score  140.06 | avg100  139.28 | grasp100  72.0% | best 0.715 |     30 st/s
    done(50): success=34 t_flicker=12 t_touched=1 t_no_reach=3
Ep   500 | score  172.36 | avg100  139.87 | grasp100  71.0% | best 0.715 |     30 st/s
    done(50): success=37 t_flicker=9 t_touched=3 t_no_reach=1
Ep   550 | score  212.66 | avg100  142.65 | grasp100  71.0% | best 0.715 |     28 st/s
    done(50): success=34 t_flicker=12 t_touched=2 t_no_reach=2
Ep   600 | score   34.74 | avg100  132.32 | grasp100  64.0% | best 0.715 |     28 st/s
    done(50): success=30 t_flicker=15 t_touched=2 t_no_reach=3
Ep   650 | score    7.36 | avg100  126.06 | grasp100  59.0% | best 0.715 |     28 st/s
    done(50): success=29 t_flicker=18 t_touched=2 t_no_reach=1
Ep   700 | score  202.08 | avg100  131.20 | grasp100  63.0% | best 0.715 |     28 st/s
    done(50): success=34 t_flicker=13 t_touched=3
Ep   750 | score  156.90 | avg100  134.65 | grasp100  64.0% | best 0.715 |     28 st/s
    done(50): success=30 t_flicker=15 t_touched=3 t_no_reach=2
Ep   800 | score   20.01 | avg100  136.08 | grasp100  63.0% | best 0.715 |     28 st/s
    done(50): success=33 t_flicker=16 t_no_reach=1
Ep   850 | score  158.02 | avg100  130.56 | grasp100  61.0% | best 0.715 |     28 st/s
    done(50): success=28 t_flicker=17 t_touched=4 t_no_reach=1
Ep   900 | score  180.84 | avg100  129.07 | grasp100  62.0% | best 0.715 |     28 st/s
    done(50): success=34 t_flicker=12 t_touched=1 t_no_reach=3
Ep   950 | score  181.74 | avg100  138.72 | grasp100  68.0% | best 0.715 |     28 st/s
    done(50): success=34 t_flicker=13 t_touched=2 t_no_reach=1
Ep  1000 | score  197.67 | avg100  142.21 | grasp100  69.0% | best 0.715 |     28 st/s
    done(50): success=35 t_flicker=13 t_no_reach=2
Ep  1050 | score  162.25 | avg100  148.92 | grasp100  73.0% | best 0.715 |     27 st/s
    done(50): success=38 t_flicker=11 t_touched=1
Ep  1100 | score  202.42 | avg100  146.64 | grasp100  71.0% | best 0.715 |     27 st/s
    done(50): success=33 t_flicker=14 t_touched=2 t_no_reach=1
Ep  1150 | score  187.65 | avg100  139.38 | grasp100  67.0% | best 0.715 |     27 st/s
    done(50): success=34 t_flicker=8 t_touched=7 t_no_reach=1
Ep  1200 | score  205.45 | avg100  139.07 | grasp100  68.0% | best 0.715 |     27 st/s
    done(50): success=34 t_flicker=11 t_touched=3 t_no_reach=2
Ep  1250 | score  166.17 | avg100  136.02 | grasp100  63.0% | best 0.715 |     27 st/s
    done(50): success=29 t_flicker=19 t_touched=2
Ep  1300 | score  187.44 | avg100  135.05 | grasp100  62.0% | best 0.715 |     27 st/s
    done(50): success=33 t_flicker=16 t_touched=1
Ep  1350 | score  174.38 | avg100  146.85 | grasp100  72.0% | best 0.715 |     27 st/s
    done(50): success=39 t_flicker=10 t_touched=1
Ep  1400 | score  172.53 | avg100  152.44 | grasp100  75.0% | best 0.715 |     27 st/s
    done(50): success=36 t_flicker=12 t_no_reach=2
Ep  1450 | score  200.73 | avg100  142.21 | grasp100  68.0% | best 0.715 |     28 st/s
    done(50): success=32 t_flicker=15 t_touched=2 t_no_reach=1
Ep  1500 | score   40.59 | avg100  131.68 | grasp100  61.0% | best 0.715 |     28 st/s
    done(50): success=29 t_flicker=18 t_touched=2 t_no_reach=1
Ep  1550 | score  151.62 | avg100  139.46 | grasp100  69.0% | best 0.715 |     27 st/s
    done(50): success=40 t_flicker=8 t_touched=1 t_no_reach=1
Ep  1600 | score  165.35 | avg100  144.03 | grasp100  75.0% | best 0.715 |     27 st/s
    done(50): success=35 t_flicker=12 t_touched=3
Ep  1650 | score  196.86 | avg100  128.95 | grasp100  64.0% | best 0.715 |     27 st/s
    done(50): success=29 t_flicker=12 t_touched=7 t_no_reach=2
  [primacy-bias reset of critic heads @ 25000 updates]
Ep  1700 | score  202.42 | avg100  132.61 | grasp100  65.0% | best 0.715 |     27 st/s
    done(50): success=36 t_flicker=11 t_touched=2 t_no_reach=1
Ep  1750 | score   23.44 | avg100  113.44 | grasp100  54.0% | best 0.715 |     27 st/s
    done(50): success=18 t_flicker=13 t_touched=13 t_no_reach=6
Ep  1800 | score  196.08 | avg100   96.87 | grasp100  46.0% | best 0.715 |     27 st/s
    done(50): success=28 t_flicker=14 t_touched=7 t_no_reach=1
Ep  1850 | score    6.39 | avg100  100.86 | grasp100  51.0% | best 0.715 |     27 st/s
    done(50): success=23 t_flicker=8 t_touched=10 t_no_reach=9
Ep  1900 | score  207.62 | avg100  104.08 | grasp100  52.0% | best 0.715 |     27 st/s
    done(50): success=29 t_flicker=13 t_touched=6 t_no_reach=2
Ep  1950 | score  174.69 | avg100  115.85 | grasp100  56.0% | best 0.715 |     27 st/s
    done(50): success=27 t_flicker=17 t_touched=3 t_no_reach=3
Ep  2000 | score    7.26 | avg100  112.77 | grasp100  50.0% | best 0.715 |     27 st/s
    done(50): success=23 t_flicker=19 t_touched=7 t_no_reach=1
Ep  2050 | score   30.99 | avg100  115.19 | grasp100  52.0% | best 0.715 |     27 st/s
    done(50): success=29 t_flicker=11 t_touched=7 t_no_reach=3
Ep  2100 | score   19.02 | avg100  121.38 | grasp100  59.0% | best 0.715 |     27 st/s
    done(50): success=30 t_flicker=16 t_touched=2 t_no_reach=2
Ep  2150 | score   53.50 | avg100  132.05 | grasp100  65.0% | best 0.715 |     27 st/s
    done(50): success=35 t_flicker=12 t_touched=3
Ep  2200 | score   67.15 | avg100  133.70 | grasp100  65.0% | best 0.715 |     27 st/s
    done(50): success=30 t_flicker=16 t_touched=3 t_no_reach=1
Ep  2250 | score   40.75 | avg100  134.47 | grasp100  65.0% | best 0.715 |     27 st/s
    done(50): success=35 t_flicker=13 t_touched=1 t_no_reach=1
Ep  2300 | score   90.24 | avg100  137.17 | grasp100  68.0% | best 0.715 |     27 st/s
    done(50): success=33 t_flicker=13 t_touched=2 t_no_reach=2
Ep  2350 | score  101.38 | avg100  128.37 | grasp100  61.0% | best 0.715 |     27 st/s
    done(50): success=28 t_flicker=17 t_touched=4 t_no_reach=1
Ep  2400 | score  185.47 | avg100  131.24 | grasp100  59.0% | best 0.715 |     27 st/s
    done(50): success=31 t_flicker=17 t_touched=1 t_no_reach=1
Ep  2450 | score  198.82 | avg100  145.05 | grasp100  69.0% | best 0.715 |     27 st/s
    done(50): success=38 t_flicker=9 t_touched=2 t_no_reach=1
Ep  2500 | score   31.19 | avg100  146.02 | grasp100  71.0% | best 0.715 |     27 st/s
    done(50): success=33 t_flicker=14 t_touched=2 t_no_reach=1
Ep  2550 | score  194.06 | avg100  139.75 | grasp100  68.0% | best 0.715 |     27 st/s
    done(50): success=35 t_flicker=12 t_touched=2 t_no_reach=1
Ep  2600 | score  178.09 | avg100  144.31 | grasp100  72.0% | best 0.715 |     27 st/s
    done(50): success=37 t_flicker=10 t_touched=2 t_no_reach=1
Ep  2650 | score   35.10 | avg100  132.74 | grasp100  63.0% | best 0.715 |     27 st/s
    done(50): success=26 t_flicker=19 t_touched=3 t_no_reach=2
Ep  2700 | score  200.94 | avg100  123.46 | grasp100  58.0% | best 0.715 |     27 st/s
    done(50): success=32 t_flicker=14 t_touched=4
Ep  2750 | score  180.33 | avg100  141.27 | grasp100  70.0% | best 0.715 |     27 st/s
    done(50): success=38 t_flicker=11 t_no_reach=1
Ep  2800 | score  196.58 | avg100  153.42 | grasp100  80.0% | best 0.715 |     27 st/s
    done(50): success=42 t_flicker=5 t_touched=1 t_no_reach=2
Ep  2849 | * BEST  level200=2.00 grasp200= 73.0% metric=0.730 | score  158.29
Ep  2850 | score   88.99 | avg100  149.04 | grasp100  76.0% | best 0.730 |     27 st/s
    done(50): success=34 t_flicker=12 t_touched=3 t_no_reach=1
Ep  2861 | * BEST  level200=2.00 grasp200= 74.5% metric=0.745 | score  194.89
Ep  2866 | * BEST  level200=2.00 grasp200= 76.0% metric=0.760 | score  185.31
Ep  2900 | score  164.95 | avg100  144.71 | grasp100  70.0% | best 0.760 |     27 st/s
    done(50): success=36 t_flicker=13 t_touched=1
Ep  2950 | score  200.02 | avg100  145.70 | grasp100  72.0% | best 0.760 |     27 st/s
    done(50): success=36 t_flicker=10 t_touched=1 t_no_reach=3
Ep  3000 | score  191.75 | avg100  145.44 | grasp100  72.0% | best 0.760 |     27 st/s
    done(50): success=36 t_flicker=12 t_touched=1 t_no_reach=1
Ep  3050 | score  203.15 | avg100  139.25 | grasp100  68.0% | best 0.760 |     27 st/s
    done(50): success=32 t_flicker=15 t_touched=3
Ep  3100 | score   59.26 | avg100  132.54 | grasp100  61.0% | best 0.760 |     27 st/s
    done(50): success=29 t_flicker=18 t_touched=2 t_no_reach=1
Ep  3150 | score  195.04 | avg100  139.09 | grasp100  65.0% | best 0.760 |     27 st/s
    done(50): success=36 t_flicker=10 t_touched=2 t_no_reach=2
Ep  3200 | score   56.82 | avg100  140.03 | grasp100  67.0% | best 0.760 |     27 st/s
    done(50): success=31 t_flicker=16 t_touched=2 t_no_reach=1
Ep  3250 | score   57.78 | avg100  140.89 | grasp100  68.0% | best 0.760 |     27 st/s
    done(50): success=37 t_flicker=9 t_touched=4
Ep  3300 | score  166.95 | avg100  151.94 | grasp100  78.0% | best 0.760 |     27 st/s
    done(50): success=41 t_flicker=9
Ep  3350 | score  222.17 | avg100  153.30 | grasp100  79.0% | best 0.760 |     27 st/s
    done(50): success=38 t_flicker=8 t_touched=2 t_no_reach=2
  [primacy-bias reset of critic heads @ 50000 updates]
Ep  3400 | score  167.31 | avg100  115.28 | grasp100  60.0% | best 0.760 |     27 st/s
    done(50): success=22 t_flicker=5 t_touched=4 t_no_reach=19
Ep  3450 | score   17.59 | avg100   71.11 | grasp100  33.0% | best 0.760 |     27 st/s
    done(50): success=11 t_flicker=20 t_touched=10 t_no_reach=9
Ep  3500 | score   16.83 | avg100   67.51 | grasp100  26.0% | best 0.760 |     27 st/s
    done(50): success=15 t_flicker=24 t_touched=8 t_no_reach=3
Ep  3550 | score   37.03 | avg100   85.22 | grasp100  36.0% | best 0.760 |     27 st/s
    done(50): success=21 t_flicker=19 t_touched=3 t_no_reach=7
Ep  3600 | score  204.29 | avg100  107.84 | grasp100  48.0% | best 0.760 |     27 st/s
    done(50): success=27 t_flicker=14 t_touched=6 t_no_reach=3
Ep  3650 | score   46.63 | avg100  116.36 | grasp100  55.0% | best 0.760 |     27 st/s
    done(50): success=28 t_flicker=15 t_touched=6 t_no_reach=1
Ep  3700 | score  179.79 | avg100  110.55 | grasp100  52.0% | best 0.760 |     27 st/s
    done(50): success=24 t_flicker=17 t_touched=7 t_no_reach=2
Ep  3750 | score  230.29 | avg100  119.80 | grasp100  54.0% | best 0.760 |     27 st/s
    done(50): success=30 t_flicker=18 t_touched=2
Ep  3800 | score  177.37 | avg100  132.79 | grasp100  61.0% | best 0.760 |     27 st/s
    done(50): success=31 t_flicker=15 t_touched=2 t_no_reach=2
Ep  3850 | score  208.29 | avg100  128.71 | grasp100  62.0% | best 0.760 |     27 st/s
    done(50): success=31 t_flicker=13 t_touched=6
Ep  3900 | score  205.25 | avg100  135.53 | grasp100  66.0% | best 0.760 |     27 st/s
    done(50): success=35 t_flicker=14 t_touched=1
Ep  3950 | score  191.85 | avg100  144.50 | grasp100  71.0% | best 0.760 |     27 st/s
    done(50): success=36 t_flicker=11 t_touched=3
Ep  4000 | score   58.76 | avg100  135.23 | grasp100  66.0% | best 0.760 |     27 st/s
    done(50): success=30 t_flicker=16 t_touched=2 t_no_reach=2
Ep  4050 | score  160.53 | avg100  132.35 | grasp100  62.0% | best 0.760 |     27 st/s
    done(50): success=32 t_flicker=16 t_touched=2
Ep  4100 | score  151.97 | avg100  136.21 | grasp100  64.0% | best 0.760 |     27 st/s
    done(50): success=32 t_flicker=14 t_touched=3 t_no_reach=1
Ep  4150 | score  176.18 | avg100  139.43 | grasp100  66.0% | best 0.760 |     27 st/s
    done(50): success=34 t_flicker=15 t_touched=1
Ep  4200 | score  190.55 | avg100  136.24 | grasp100  64.0% | best 0.760 |     27 st/s
    done(50): success=30 t_flicker=15 t_touched=4 t_no_reach=1
Ep  4250 | score  166.10 | avg100  139.66 | grasp100  68.0% | best 0.760 |     27 st/s
    done(50): success=38 t_flicker=9 t_touched=2 t_no_reach=1
Ep  4300 | score  164.57 | avg100  150.49 | grasp100  76.0% | best 0.760 |     27 st/s
    done(50): success=38 t_flicker=10 t_touched=1 t_no_reach=1
Ep  4350 | score   49.04 | avg100  144.10 | grasp100  71.0% | best 0.760 |     27 st/s
    done(50): success=33 t_flicker=13 t_touched=3 t_no_reach=1
Ep  4400 | score  179.36 | avg100  137.97 | grasp100  66.0% | best 0.760 |     27 st/s
    done(50): success=33 t_flicker=14 t_touched=3
Ep  4450 | score  185.89 | avg100  135.63 | grasp100  68.0% | best 0.760 |     27 st/s
    done(50): success=35 t_flicker=8 t_touched=1 t_no_reach=6
Ep  4500 | score  204.08 | avg100  145.27 | grasp100  73.0% | best 0.760 |     27 st/s
    done(50): success=38 t_flicker=10 t_touched=2
Ep  4550 | score  191.05 | avg100  150.27 | grasp100  74.0% | best 0.760 |     27 st/s
    done(50): success=36 t_flicker=13 t_touched=1
Ep  4600 | score  130.58 | avg100  142.85 | grasp100  71.0% | best 0.760 |     27 st/s
    done(50): success=35 t_flicker=13 t_touched=2
Ep  4650 | score  198.70 | avg100  146.04 | grasp100  74.0% | best 0.760 |     27 st/s
    done(50): success=39 t_flicker=11
Ep  4700 | score  134.28 | avg100  141.56 | grasp100  72.0% | best 0.760 |     27 st/s
    done(50): success=33 t_flicker=12 t_touched=4 t_no_reach=1
Ep  4750 | score  185.38 | avg100  136.08 | grasp100  66.0% | best 0.760 |     27 st/s
    done(50): success=33 t_flicker=16 t_no_reach=1
Ep  4800 | score   57.55 | avg100  131.01 | grasp100  62.0% | best 0.760 |     27 st/s
    done(50): success=29 t_flicker=19 t_touched=2
Ep  4850 | score   68.11 | avg100  136.28 | grasp100  65.0% | best 0.760 |     27 st/s
    done(50): success=36 t_flicker=13 t_no_reach=1
Ep  4900 | score  200.97 | avg100  147.40 | grasp100  73.0% | best 0.760 |     27 st/s
    done(50): success=37 t_flicker=10 t_touched=3
Ep  4950 | score  182.47 | avg100  147.74 | grasp100  76.0% | best 0.760 |     27 st/s
    done(50): success=39 t_flicker=10 t_touched=1
Ep  5000 | score  200.10 | avg100  146.18 | grasp100  75.0% | best 0.760 |     27 st/s
    done(50): success=36 t_flicker=12 t_touched=1 t_no_reach=1
  [primacy-bias reset of critic heads @ 75000 updates]
Ep  5050 | score   21.39 | avg100  141.63 | grasp100  70.0% | best 0.760 |     27 st/s
    done(50): success=34 t_flicker=14 t_touched=2
Ep  5100 | score   -6.77 | avg100   70.47 | grasp100  35.0% | best 0.760 |     27 st/s
    done(50): success=1 t_flicker=3 t_touched=13 t_no_reach=33
Ep  5150 | score   -7.16 | avg100    8.68 | grasp100   2.0% | best 0.760 |     27 st/s
    done(50): success=1 t_flicker=17 t_touched=17 t_no_reach=15
Ep  5200 | score  192.04 | avg100   47.21 | grasp100  17.0% | best 0.760 |     27 st/s
    done(50): success=16 t_flicker=21 t_touched=9 t_no_reach=4
Ep  5250 | score   49.15 | avg100  101.20 | grasp100  44.0% | best 0.760 |     27 st/s
    done(50): success=28 t_flicker=19 t_touched=3
Ep  5300 | score  167.44 | avg100  121.73 | grasp100  57.0% | best 0.760 |     27 st/s
    done(50): success=29 t_flicker=13 t_touched=7 t_no_reach=1
Ep  5350 | score  201.40 | avg100  118.52 | grasp100  55.0% | best 0.760 |     27 st/s
    done(50): success=26 t_flicker=19 t_touched=5
Ep  5400 | score   55.43 | avg100  113.91 | grasp100  50.0% | best 0.760 |     27 st/s
    done(50): success=24 t_flicker=19 t_touched=6 t_no_reach=1
Ep  5450 | score  189.95 | avg100  126.32 | grasp100  59.0% | best 0.760 |     27 st/s
    done(50): success=35 t_flicker=11 t_touched=2 t_no_reach=2
Ep  5500 | score    4.70 | avg100  139.69 | grasp100  69.0% | best 0.760 |     27 st/s
    done(50): success=34 t_flicker=10 t_touched=3 t_no_reach=3
Ep  5550 | score  200.60 | avg100  134.42 | grasp100  64.0% | best 0.760 |     27 st/s
    done(50): success=30 t_flicker=17 t_touched=2 t_no_reach=1
Ep  5600 | score  173.11 | avg100  135.39 | grasp100  64.0% | best 0.760 |     27 st/s
    done(50): success=34 t_flicker=12 t_touched=3 t_no_reach=1
Ep  5650 | score  162.99 | avg100  143.66 | grasp100  72.0% | best 0.760 |     27 st/s
    done(50): success=38 t_flicker=9 t_touched=2 t_no_reach=1
Ep  5700 | score   55.67 | avg100  140.01 | grasp100  68.0% | best 0.760 |     27 st/s
    done(50): success=30 t_flicker=19 t_no_reach=1
Ep  5750 | score  180.57 | avg100  142.93 | grasp100  70.0% | best 0.760 |     27 st/s
    done(50): success=40 t_flicker=9 t_touched=1
Ep  5800 | score  189.50 | avg100  149.13 | grasp100  75.0% | best 0.760 |     27 st/s
    done(50): success=35 t_flicker=10 t_touched=4 t_no_reach=1
Ep  5850 | score  165.29 | avg100  144.35 | grasp100  72.0% | best 0.760 |     27 st/s
    done(50): success=37 t_flicker=9 t_touched=3 t_no_reach=1
Ep  5900 | score   54.88 | avg100  138.95 | grasp100  70.0% | best 0.760 |     27 st/s
    done(50): success=33 t_flicker=13 t_touched=1 t_no_reach=3
Ep  5950 | score  214.10 | avg100  144.09 | grasp100  73.0% | best 0.760 |     27 st/s
    done(50): success=40 t_flicker=7 t_touched=3
Ep  6000 | score  187.55 | avg100  150.78 | grasp100  72.0% | best 0.760 |     27 st/s
    done(50): success=32 t_flicker=17 t_touched=1
Ep  6050 | score   54.49 | avg100  152.25 | grasp100  73.0% | best 0.760 |     27 st/s
    done(50): success=41 t_flicker=8 t_touched=1
Ep  6100 | score  150.92 | avg100  151.03 | grasp100  77.0% | best 0.760 |     27 st/s
    done(50): success=36 t_flicker=7 t_touched=5 t_no_reach=2
Ep  6150 | score   57.71 | avg100  152.02 | grasp100  78.0% | best 0.760 |     27 st/s
    done(50): success=42 t_flicker=8
Ep  6200 | score  174.01 | avg100  148.92 | grasp100  76.0% | best 0.760 |     27 st/s
    done(50): success=34 t_flicker=13 t_touched=1 t_no_reach=2
Ep  6250 | score  191.63 | avg100  143.05 | grasp100  70.0% | best 0.760 |     27 st/s
    done(50): success=36 t_flicker=13 t_touched=1
Ep  6300 | score  200.44 | avg100  145.95 | grasp100  69.0% | best 0.760 |     27 st/s
    done(50): success=33 t_flicker=16 t_touched=1
Ep  6350 | score   54.50 | avg100  149.96 | grasp100  73.0% | best 0.760 |     27 st/s
    done(50): success=40 t_flicker=7 t_touched=2 t_no_reach=1
Ep  6400 | score  205.63 | avg100  156.20 | grasp100  80.0% | best 0.760 |     27 st/s
    done(50): success=40 t_flicker=8 t_touched=1 t_no_reach=1
Ep  6450 | score  192.02 | avg100  144.38 | grasp100  70.0% | best 0.760 |     27 st/s
    done(50): success=30 t_flicker=15 t_touched=4 t_no_reach=1
Ep  6500 | score  157.24 | avg100  143.41 | grasp100  70.0% | best 0.760 |     27 st/s
    done(50): success=40 t_flicker=10
Ep  6550 | score  194.37 | avg100  146.77 | grasp100  75.0% | best 0.760 |     27 st/s
    done(50): success=35 t_flicker=12 t_no_reach=3
Ep  6600 | score   57.89 | avg100  143.17 | grasp100  69.0% | best 0.760 |     27 st/s
    done(50): success=34 t_flicker=13 t_touched=3
Ep  6650 | score  197.85 | avg100  150.76 | grasp100  72.0% | best 0.760 |     27 st/s
    done(50): success=38 t_flicker=12
  [primacy-bias reset of critic heads @ 100000 updates]
Ep  6700 | score   -6.07 | avg100  140.03 | grasp100  65.0% | best 0.760 |     27 st/s
    done(50): success=27 t_flicker=18 t_touched=2 t_no_reach=3
Ep  6750 | score  168.26 | avg100   79.97 | grasp100  37.0% | best 0.760 |     27 st/s
    done(50): success=10 t_flicker=4 t_touched=15 t_no_reach=21
Ep  6800 | score   -4.62 | avg100   54.99 | grasp100  26.0% | best 0.760 |     27 st/s
    done(50): success=16 t_flicker=18 t_touched=8 t_no_reach=8
Ep  6850 | score  188.52 | avg100   87.32 | grasp100  38.0% | best 0.760 |     27 st/s
    done(50): success=22 t_flicker=18 t_touched=8 t_no_reach=2
Ep  6900 | score   43.68 | avg100  101.63 | grasp100  46.0% | best 0.760 |     27 st/s
    done(50): success=24 t_flicker=16 t_touched=7 t_no_reach=3
Ep  6950 | score   56.02 | avg100  111.07 | grasp100  51.0% | best 0.760 |     27 st/s
    done(50): success=27 t_flicker=17 t_touched=3 t_no_reach=3
Ep  7000 | score   20.81 | avg100  114.13 | grasp100  51.0% | best 0.760 |     27 st/s
    done(50): success=24 t_flicker=18 t_touched=5 t_no_reach=3
Ep  7050 | score  222.28 | avg100  124.44 | grasp100  58.0% | best 0.760 |     27 st/s
    done(50): success=34 t_flicker=11 t_touched=5
Ep  7100 | score  188.14 | avg100  133.82 | grasp100  63.0% | best 0.760 |     27 st/s
    done(50): success=29 t_flicker=12 t_touched=9
Ep  7150 | score  206.70 | avg100  129.49 | grasp100  59.0% | best 0.760 |     27 st/s
    done(50): success=30 t_flicker=17 t_touched=1 t_no_reach=2
Ep  7200 | score  187.99 | avg100  128.15 | grasp100  59.0% | best 0.760 |     27 st/s
    done(50): success=29 t_flicker=17 t_touched=4
Ep  7250 | score  199.83 | avg100  137.66 | grasp100  66.0% | best 0.760 |     27 st/s
    done(50): success=37 t_flicker=13
Ep  7300 | score  176.06 | avg100  147.74 | grasp100  74.0% | best 0.760 |     27 st/s
    done(50): success=37 t_flicker=11 t_touched=1 t_no_reach=1
Ep  7350 | score   -3.07 | avg100  146.56 | grasp100  73.0% | best 0.760 |     27 st/s
    done(50): success=36 t_flicker=12 t_touched=2
Ep  7400 | score   71.71 | avg100  150.35 | grasp100  76.0% | best 0.760 |     27 st/s
    done(50): success=40 t_flicker=8 t_no_reach=2
Ep  7450 | score  182.40 | avg100  153.70 | grasp100  79.0% | best 0.760 |     27 st/s
    done(50): success=39 t_flicker=7 t_touched=3 t_no_reach=1
Ep  7471 | * BEST  level200=2.00 grasp200= 77.5% metric=0.775 | score  181.03
Ep  7500 | score  199.26 | avg100  151.14 | grasp100  77.0% | best 0.775 |     27 st/s
    done(50): success=38 t_flicker=8 t_touched=2 t_no_reach=2
Ep  7550 | score  109.14 | avg100  146.39 | grasp100  72.0% | best 0.775 |     27 st/s
    done(50): success=34 t_flicker=14 t_no_reach=2
Ep  7600 | score  195.33 | avg100  148.68 | grasp100  71.0% | best 0.775 |     27 st/s
    done(50): success=37 t_flicker=11 t_touched=2
Ep  7650 | score  205.37 | avg100  156.55 | grasp100  78.0% | best 0.775 |     27 st/s
    done(50): success=41 t_flicker=8 t_no_reach=1
Ep  7700 | score  205.85 | avg100  155.52 | grasp100  80.0% | best 0.775 |     27 st/s
    done(50): success=39 t_flicker=8 t_touched=2 t_no_reach=1
Ep  7750 | score  156.25 | avg100  146.66 | grasp100  75.0% | best 0.775 |     27 st/s
    done(50): success=36 t_flicker=12 t_touched=1 t_no_reach=1
Ep  7800 | score  181.65 | avg100  144.22 | grasp100  72.0% | best 0.775 |     27 st/s
    done(50): success=36 t_flicker=12 t_touched=1 t_no_reach=1
Ep  7850 | score  198.21 | avg100  152.92 | grasp100  76.0% | best 0.775 |     27 st/s
    done(50): success=40 t_flicker=8 t_touched=1 t_no_reach=1
Ep  7900 | score  197.48 | avg100  162.22 | grasp100  81.0% | best 0.775 |     27 st/s
    done(50): success=41 t_flicker=9
Ep  7950 | score   21.92 | avg100  154.52 | grasp100  77.0% | best 0.775 |     27 st/s
    done(50): success=36 t_flicker=12 t_touched=2
Ep  8000 | score  187.34 | avg100  144.18 | grasp100  71.0% | best 0.775 |     27 st/s
    done(50): success=35 t_flicker=12 t_touched=1 t_no_reach=2
Ep  8050 | score  132.70 | avg100  152.21 | grasp100  78.0% | best 0.775 |     27 st/s
    done(50): success=43 t_flicker=5 t_touched=2
Ep  8100 | score  196.61 | avg100  151.58 | grasp100  78.0% | best 0.775 |     27 st/s
    done(50): success=35 t_flicker=13 t_touched=1 t_no_reach=1
Ep  8150 | score  200.96 | avg100  147.20 | grasp100  72.0% | best 0.775 |     27 st/s
    done(50): success=37 t_flicker=7 t_touched=6
Ep  8200 | score  190.57 | avg100  150.54 | grasp100  75.0% | best 0.775 |     27 st/s
    done(50): success=38 t_flicker=11 t_no_reach=1
Ep  8250 | score  192.05 | avg100  157.48 | grasp100  79.0% | best 0.775 |     27 st/s
    done(50): success=41 t_flicker=8 t_touched=1
Ep  8300 | score  166.40 | avg100  165.43 | grasp100  82.0% | best 0.775 |     27 st/s
    done(50): success=41 t_flicker=7 t_touched=1 t_no_reach=1
Ep  8323 | * BEST  level200=2.00 grasp200= 79.0% metric=0.790 | score  152.84
Ep  8338 | * BEST  level200=2.00 grasp200= 80.5% metric=0.805 | score  175.63
Ep  8350 | score  177.45 | avg100  159.93 | grasp100  80.0% | best 0.805 |     27 st/s
    done(50): success=39 t_flicker=10 t_touched=1
Ep  8400 | score  194.93 | avg100  157.68 | grasp100  79.0% | best 0.805 |     27 st/s
    done(50): success=40 t_flicker=10
  [primacy-bias reset of critic heads @ 125000 updates]
Ep  8450 | score  -20.87 | avg100   86.89 | grasp100  48.0% | best 0.805 |     27 st/s
    done(50): success=8 t_flicker=3 t_touched=3 t_no_reach=36
Ep  8500 | score   10.85 | avg100   14.13 | grasp100  11.0% | best 0.805 |     27 st/s
    done(50): success=3 t_flicker=10 t_touched=15 t_no_reach=22
Ep  8550 | score  198.62 | avg100   53.50 | grasp100  22.0% | best 0.805 |     27 st/s
    done(50): success=19 t_flicker=18 t_touched=8 t_no_reach=5
Ep  8600 | score   58.24 | avg100  105.27 | grasp100  44.0% | best 0.805 |     27 st/s
    done(50): success=25 t_flicker=20 t_touched=3 t_no_reach=2
Ep  8650 | score  -15.56 | avg100  114.51 | grasp100  48.0% | best 0.805 |     27 st/s
    done(50): success=23 t_flicker=18 t_touched=5 t_no_reach=4
Ep  8700 | score  -14.38 | avg100  111.04 | grasp100  48.0% | best 0.805 |     27 st/s
    done(50): success=25 t_flicker=20 t_touched=3 t_no_reach=2
Ep  8750 | score  163.39 | avg100  111.55 | grasp100  48.0% | best 0.805 |     27 st/s
    done(50): success=23 t_flicker=21 t_touched=4 t_no_reach=2
Ep  8800 | score  165.05 | avg100  128.46 | grasp100  58.0% | best 0.805 |     27 st/s
    done(50): success=35 t_flicker=13 t_touched=2
Ep  8850 | score  168.45 | avg100  148.89 | grasp100  72.0% | best 0.805 |     27 st/s
    done(50): success=37 t_flicker=12 t_touched=1
Ep  8900 | score  184.95 | avg100  136.23 | grasp100  65.0% | best 0.805 |     27 st/s
    done(50): success=28 t_flicker=19 t_touched=2 t_no_reach=1
Ep  8950 | score  183.96 | avg100  131.65 | grasp100  64.0% | best 0.805 |     27 st/s
    done(50): success=36 t_flicker=11 t_touched=3
Ep  9000 | score  159.03 | avg100  140.98 | grasp100  70.0% | best 0.805 |     27 st/s
    done(50): success=34 t_flicker=11 t_touched=4 t_no_reach=1
Ep  9050 | score  181.92 | avg100  139.21 | grasp100  68.0% | best 0.805 |     27 st/s
    done(50): success=34 t_flicker=10 t_touched=3 t_no_reach=3
Ep  9100 | score  163.25 | avg100  149.78 | grasp100  75.0% | best 0.805 |     27 st/s
    done(50): success=41 t_flicker=7 t_touched=1 t_no_reach=1
Ep  9150 | score  189.73 | avg100  152.19 | grasp100  77.0% | best 0.805 |     27 st/s
    done(50): success=36 t_flicker=14
Ep  9200 | score  192.34 | avg100  152.47 | grasp100  76.0% | best 0.805 |     27 st/s
    done(50): success=40 t_flicker=9 t_touched=1
Ep  9250 | score  203.18 | avg100  158.79 | grasp100  78.0% | best 0.805 |     27 st/s
    done(50): success=38 t_flicker=11 t_no_reach=1
Ep  9300 | score   55.02 | avg100  155.09 | grasp100  76.0% | best 0.805 |     27 st/s
    done(50): success=38 t_flicker=11 t_touched=1
Ep  9350 | score  175.53 | avg100  152.30 | grasp100  76.0% | best 0.805 |     27 st/s
    done(50): success=38 t_flicker=10 t_no_reach=2
Ep  9400 | score  168.60 | avg100  153.51 | grasp100  77.0% | best 0.805 |     27 st/s
    done(50): success=39 t_flicker=7 t_touched=1 t_no_reach=3
Ep  9450 | score  197.56 | avg100  147.23 | grasp100  72.0% | best 0.805 |     27 st/s
    done(50): success=33 t_flicker=14 t_touched=2 t_no_reach=1
Ep  9500 | score  123.29 | avg100  147.64 | grasp100  72.0% | best 0.805 |     27 st/s
    done(50): success=39 t_flicker=10 t_no_reach=1
Ep  9550 | score  196.43 | avg100  157.93 | grasp100  77.0% | best 0.805 |     27 st/s
    done(50): success=38 t_flicker=10 t_touched=1 t_no_reach=1
Ep  9600 | score  196.03 | avg100  147.27 | grasp100  69.0% | best 0.805 |     27 st/s
    done(50): success=31 t_flicker=16 t_touched=2 t_no_reach=1
Ep  9650 | score  145.00 | avg100  143.70 | grasp100  70.0% | best 0.805 |     27 st/s
    done(50): success=39 t_flicker=10 t_no_reach=1
Ep  9700 | score   78.56 | avg100  144.96 | grasp100  73.0% | best 0.805 |     27 st/s
    done(50): success=34 t_flicker=12 t_touched=3 t_no_reach=1
Ep  9750 | score  190.96 | avg100  140.62 | grasp100  69.0% | best 0.805 |     27 st/s
    done(50): success=35 t_flicker=13 t_touched=1 t_no_reach=1
Ep  9800 | score  147.11 | avg100  143.96 | grasp100  70.0% | best 0.805 |     27 st/s
    done(50): success=35 t_flicker=13 t_no_reach=2
Ep  9850 | score  186.45 | avg100  147.91 | grasp100  74.0% | best 0.805 |     27 st/s
    done(50): success=39 t_flicker=10 t_touched=1
Ep  9900 | score  205.77 | avg100  154.73 | grasp100  79.0% | best 0.805 |     27 st/s
    done(50): success=40 t_flicker=8 t_touched=2
Ep  9950 | score  199.88 | avg100  152.73 | grasp100  76.0% | best 0.805 |     27 st/s
    done(50): success=36 t_flicker=10 t_touched=3 t_no_reach=1
Ep 10000 | score  164.66 | avg100  146.60 | grasp100  72.0% | best 0.805 |     27 st/s
    done(50): success=36 t_flicker=11 t_touched=2 t_no_reach=1
Ep 10050 | score  141.43 | avg100  159.11 | grasp100  81.0% | best 0.805 |     27 st/s
    done(50): success=45 t_flicker=5
Ep 10100 | score  196.34 | avg100  165.94 | grasp100  87.0% | best 0.805 |     27 st/s
    done(50): success=42 t_flicker=7 t_touched=1
  [primacy-bias reset of critic heads @ 150000 updates]
Ep 10150 | score    1.27 | avg100   90.89 | grasp100  49.0% | best 0.805 |     27 st/s
    done(50): success=7 t_flicker=5 t_touched=5 t_no_reach=33
Ep 10200 | score    4.24 | avg100   18.41 | grasp100  11.0% | best 0.805 |     27 st/s
    done(50): success=4 t_flicker=8 t_touched=16 t_no_reach=22
Ep 10250 | score   48.14 | avg100   35.29 | grasp100  13.0% | best 0.805 |     27 st/s
    done(50): success=9 t_flicker=20 t_touched=14 t_no_reach=7
Ep 10300 | score   26.95 | avg100   78.63 | grasp100  31.0% | best 0.805 |     27 st/s
    done(50): success=22 t_flicker=16 t_touched=10 t_no_reach=2
Ep 10350 | score    6.67 | avg100  119.88 | grasp100  55.0% | best 0.805 |     27 st/s
    done(50): success=33 t_flicker=13 t_touched=2 t_no_reach=2
Ep 10400 | score   58.37 | avg100  130.37 | grasp100  61.0% | best 0.805 |     27 st/s
    done(50): success=28 t_flicker=17 t_touched=4 t_no_reach=1
Ep 10450 | score  195.95 | avg100  130.34 | grasp100  59.0% | best 0.805 |     27 st/s
    done(50): success=31 t_flicker=18 t_touched=1
Ep 10500 | score   62.03 | avg100  131.32 | grasp100  58.0% | best 0.805 |     27 st/s
    done(50): success=27 t_flicker=18 t_touched=5
Ep 10550 | score  168.37 | avg100  129.14 | grasp100  59.0% | best 0.805 |     27 st/s
    done(50): success=32 t_flicker=14 t_touched=4
Ep 10600 | score  189.08 | avg100  137.94 | grasp100  67.0% | best 0.805 |     27 st/s
    done(50): success=35 t_flicker=12 t_touched=2 t_no_reach=1
Ep 10650 | score  191.72 | avg100  148.93 | grasp100  74.0% | best 0.805 |     27 st/s
    done(50): success=39 t_flicker=9 t_no_reach=2
Ep 10700 | score   29.32 | avg100  147.56 | grasp100  72.0% | best 0.805 |     27 st/s
    done(50): success=33 t_flicker=16 t_touched=1
Ep 10750 | score  158.71 | avg100  141.78 | grasp100  69.0% | best 0.805 |     27 st/s
    done(50): success=36 t_flicker=11 t_touched=1 t_no_reach=2
Ep 10800 | score  193.16 | avg100  149.12 | grasp100  75.0% | best 0.805 |     27 st/s
    done(50): success=39 t_flicker=6 t_touched=4 t_no_reach=1
Ep 10850 | score  192.94 | avg100  146.96 | grasp100  75.0% | best 0.805 |     27 st/s
    done(50): success=36 t_flicker=13 t_no_reach=1
Ep 10900 | score   30.02 | avg100  143.59 | grasp100  74.0% | best 0.805 |     27 st/s
    done(50): success=38 t_flicker=11 t_touched=1
Ep 10950 | score   58.90 | avg100  149.88 | grasp100  76.0% | best 0.805 |     27 st/s
    done(50): success=38 t_flicker=11 t_touched=1
Ep 11000 | score  191.63 | avg100  154.97 | grasp100  78.0% | best 0.805 |     27 st/s
    done(50): success=40 t_flicker=5 t_touched=3 t_no_reach=2
Ep 11050 | score  125.09 | avg100  157.37 | grasp100  80.0% | best 0.805 |     27 st/s
    done(50): success=40 t_flicker=7 t_no_reach=3
Ep 11100 | score   22.02 | avg100  161.76 | grasp100  82.0% | best 0.805 |     27 st/s
    done(50): success=42 t_flicker=7 t_touched=1
Ep 11108 | * BEST  level200=2.00 grasp200= 82.0% metric=0.820 | score  185.58
Ep 11150 | score   58.59 | avg100  151.05 | grasp100  73.0% | best 0.820 |     27 st/s
    done(50): success=31 t_flicker=15 t_touched=3 t_no_reach=1
Ep 11200 | score    2.55 | avg100  137.36 | grasp100  62.0% | best 0.820 |     27 st/s
    done(50): success=31 t_flicker=16 t_touched=2 t_no_reach=1
Ep 11250 | score   68.37 | avg100  155.16 | grasp100  76.0% | best 0.820 |     27 st/s
    done(50): success=45 t_flicker=4 t_no_reach=1
Ep 11300 | score  121.32 | avg100  160.73 | grasp100  82.0% | best 0.820 |     27 st/s
    done(50): success=37 t_flicker=10 t_touched=2 t_no_reach=1
Ep 11350 | score  171.74 | avg100  157.80 | grasp100  79.0% | best 0.820 |     27 st/s
    done(50): success=42 t_flicker=8
Ep 11400 | score   26.46 | avg100  155.93 | grasp100  77.0% | best 0.820 |     27 st/s
    done(50): success=35 t_flicker=12 t_touched=2 t_no_reach=1
Ep 11450 | score  199.68 | avg100  147.90 | grasp100  71.0% | best 0.820 |     27 st/s
    done(50): success=36 t_flicker=12 t_no_reach=2
Ep 11500 | score  206.18 | avg100  149.12 | grasp100  72.0% | best 0.820 |     27 st/s
    done(50): success=36 t_flicker=11 t_touched=3
Ep 11550 | score  165.58 | avg100  149.60 | grasp100  75.0% | best 0.820 |     27 st/s
    done(50): success=39 t_flicker=8 t_touched=1 t_no_reach=2
Ep 11600 | score  201.46 | avg100  145.32 | grasp100  74.0% | best 0.820 |     27 st/s
    done(50): success=35 t_flicker=10 t_touched=4 t_no_reach=1
Ep 11650 | score  189.18 | avg100  146.19 | grasp100  73.0% | best 0.820 |     27 st/s
    done(50): success=38 t_flicker=10 t_touched=1 t_no_reach=1
Ep 11700 | score  190.90 | avg100  155.08 | grasp100  77.0% | best 0.820 |     27 st/s
    done(50): success=39 t_flicker=11
Ep 11750 | score  195.41 | avg100  156.23 | grasp100  79.0% | best 0.820 |     27 st/s
    done(50): success=40 t_flicker=8 t_touched=2
  [primacy-bias reset of critic heads @ 175000 updates]
Ep 11800 | score  184.57 | avg100  158.63 | grasp100  80.0% | best 0.820 |     27 st/s
    done(50): success=40 t_flicker=6 t_touched=2 t_no_reach=2
Ep 11850 | score   -4.65 | avg100   88.43 | grasp100  45.0% | best 0.820 |     27 st/s
    done(50): success=5 t_flicker=5 t_touched=12 t_no_reach=28
Ep 11900 | score   49.63 | avg100   29.09 | grasp100  17.0% | best 0.820 |     27 st/s
    done(50): success=12 t_flicker=4 t_touched=11 t_no_reach=23
Ep 11950 | score  195.37 | avg100   70.25 | grasp100  34.0% | best 0.820 |     27 st/s
    done(50): success=22 t_flicker=13 t_touched=8 t_no_reach=7
Ep 12000 | score   79.69 | avg100   96.76 | grasp100  43.0% | best 0.820 |     27 st/s
    done(50): success=21 t_flicker=21 t_touched=6 t_no_reach=2
Ep 12050 | score   18.30 | avg100   99.63 | grasp100  44.0% | best 0.820 |     27 st/s
    done(50): success=23 t_flicker=18 t_touched=4 t_no_reach=5
Ep 12100 | score  209.06 | avg100  110.34 | grasp100  49.0% | best 0.820 |     27 st/s
    done(50): success=26 t_flicker=14 t_touched=6 t_no_reach=4
Ep 12150 | score  189.76 | avg100  117.54 | grasp100  52.0% | best 0.820 |     27 st/s
    done(50): success=26 t_flicker=19 t_touched=4 t_no_reach=1
Ep 12200 | score  155.14 | avg100  130.12 | grasp100  60.0% | best 0.820 |     27 st/s
    done(50): success=34 t_flicker=11 t_touched=5
Ep 12250 | score  152.02 | avg100  139.87 | grasp100  66.0% | best 0.820 |     27 st/s
    done(50): success=32 t_flicker=15 t_touched=3
Ep 12300 | score  205.96 | avg100  145.47 | grasp100  71.0% | best 0.820 |     27 st/s
    done(50): success=39 t_flicker=8 t_touched=2 t_no_reach=1
Ep 12350 | score  189.87 | avg100  149.88 | grasp100  74.0% | best 0.820 |     27 st/s
    done(50): success=35 t_flicker=12 t_touched=2 t_no_reach=1
Ep 12400 | score  194.83 | avg100  151.64 | grasp100  75.0% | best 0.820 |     27 st/s
    done(50): success=40 t_flicker=10
Ep 12450 | score  174.57 | avg100  154.41 | grasp100  76.0% | best 0.820 |     27 st/s
    done(50): success=36 t_flicker=12 t_touched=1 t_no_reach=1
Ep 12500 | score   32.83 | avg100  155.78 | grasp100  77.0% | best 0.820 |     27 st/s
    done(50): success=41 t_flicker=8 t_touched=1
Ep 12550 | score   55.04 | avg100  153.81 | grasp100  76.0% | best 0.820 |     27 st/s
    done(50): success=35 t_flicker=12 t_touched=2 t_no_reach=1
Ep 12600 | score  143.41 | avg100  150.59 | grasp100  74.0% | best 0.820 |     27 st/s
    done(50): success=39 t_flicker=10 t_no_reach=1
Ep 12650 | score  203.07 | avg100  151.52 | grasp100  74.0% | best 0.820 |     27 st/s
    done(50): success=35 t_flicker=13 t_touched=1 t_no_reach=1
Ep 12700 | score  186.26 | avg100  153.68 | grasp100  75.0% | best 0.820 |     27 st/s
    done(50): success=40 t_flicker=7 t_touched=1 t_no_reach=2
Ep 12750 | score   32.52 | avg100  149.31 | grasp100  74.0% | best 0.820 |     27 st/s
    done(50): success=34 t_flicker=14 t_touched=1 t_no_reach=1
Ep 12800 | score  160.69 | avg100  147.89 | grasp100  72.0% | best 0.820 |     27 st/s
    done(50): success=38 t_flicker=12
Ep 12850 | score  185.67 | avg100  152.21 | grasp100  75.0% | best 0.820 |     27 st/s
    done(50): success=37 t_flicker=9 t_touched=4
Ep 12900 | score  154.23 | avg100  145.05 | grasp100  73.0% | best 0.820 |     27 st/s
    done(50): success=36 t_flicker=10 t_touched=3 t_no_reach=1
Ep 12950 | score   56.24 | avg100  145.68 | grasp100  70.0% | best 0.820 |     27 st/s
    done(50): success=34 t_flicker=13 t_no_reach=3
Ep 13000 | score  169.54 | avg100  153.58 | grasp100  74.0% | best 0.820 |     27 st/s
    done(50): success=40 t_flicker=9 t_touched=1
Ep 13050 | score  151.45 | avg100  155.68 | grasp100  78.0% | best 0.820 |     27 st/s
    done(50): success=38 t_flicker=11 t_touched=1
Ep 13100 | score   60.27 | avg100  148.02 | grasp100  73.0% | best 0.820 |     27 st/s
    done(50): success=35 t_flicker=13 t_no_reach=2
Ep 13150 | score   58.95 | avg100  142.96 | grasp100  70.0% | best 0.820 |     27 st/s
    done(50): success=35 t_flicker=13 t_touched=2
Ep 13200 | score   48.15 | avg100  147.53 | grasp100  72.0% | best 0.820 |     27 st/s
    done(50): success=37 t_flicker=13
Ep 13250 | score    2.67 | avg100  152.63 | grasp100  77.0% | best 0.820 |     27 st/s
    done(50): success=40 t_flicker=8 t_touched=1 t_no_reach=1
Ep 13300 | score   57.03 | avg100  158.81 | grasp100  79.0% | best 0.820 |     27 st/s
    done(50): success=39 t_flicker=9 t_touched=2
Ep 13350 | score  197.92 | avg100  157.50 | grasp100  77.0% | best 0.820 |     27 st/s
    done(50): success=38 t_flicker=10 t_touched=1 t_no_reach=1
Ep 13400 | score  146.35 | avg100  160.98 | grasp100  82.0% | best 0.820 |     27 st/s
    done(50): success=44 t_flicker=5 t_touched=1
Ep 13450 | score  230.53 | avg100  157.75 | grasp100  81.0% | best 0.820 |     27 st/s
    done(50): success=37 t_flicker=10 t_touched=1 t_no_reach=2
Ep 13500 | score  200.85 | avg100  146.02 | grasp100  71.0% | best 0.820 |     27 st/s
    done(50): success=34 t_flicker=13 t_touched=3
  [primacy-bias reset of critic heads @ 200000 updates]
Ep 13550 | score  -16.15 | avg100  121.64 | grasp100  59.0% | best 0.820 |     27 st/s
    done(50): success=25 t_flicker=6 t_touched=3 t_no_reach=16
Ep 13600 | score  202.63 | avg100   67.70 | grasp100  35.0% | best 0.820 |     27 st/s
    done(50): success=10 t_flicker=8 t_touched=10 t_no_reach=22
Ep 13650 | score  206.71 | avg100   64.60 | grasp100  31.0% | best 0.820 |     27 st/s
    done(50): success=21 t_flicker=11 t_touched=10 t_no_reach=8
Ep 13700 | score   22.85 | avg100  105.17 | grasp100  50.0% | best 0.820 |     27 st/s
    done(50): success=29 t_flicker=12 t_touched=6 t_no_reach=3
Ep 13750 | score   20.80 | avg100  122.44 | grasp100  59.0% | best 0.820 |     27 st/s
    done(50): success=30 t_flicker=10 t_touched=6 t_no_reach=4
Ep 13800 | score  199.41 | avg100  129.86 | grasp100  63.0% | best 0.820 |     27 st/s
    done(50): success=33 t_flicker=13 t_touched=4
Ep 13850 | score   -2.92 | avg100  135.06 | grasp100  65.0% | best 0.820 |     27 st/s
    done(50): success=32 t_flicker=11 t_touched=4 t_no_reach=3
Ep 13900 | score   55.34 | avg100  136.06 | grasp100  65.0% | best 0.820 |     27 st/s
    done(50): success=33 t_flicker=11 t_touched=3 t_no_reach=3
Ep 13950 | score   69.03 | avg100  136.15 | grasp100  65.0% | best 0.820 |     27 st/s
    done(50): success=32 t_flicker=14 t_touched=4
Ep 14000 | score   77.31 | avg100  139.80 | grasp100  66.0% | best 0.820 |     27 st/s
    done(50): success=34 t_flicker=13 t_touched=2 t_no_reach=1
Ep 14050 | score   59.25 | avg100  140.89 | grasp100  65.0% | best 0.820 |     27 st/s
    done(50): success=31 t_flicker=16 t_touched=2 t_no_reach=1
Ep 14100 | score   57.64 | avg100  140.84 | grasp100  67.0% | best 0.820 |     27 st/s
    done(50): success=36 t_flicker=12 t_touched=2
Ep 14150 | score  110.96 | avg100  145.75 | grasp100  72.0% | best 0.820 |     27 st/s
    done(50): success=36 t_flicker=13 t_touched=1
Ep 14200 | score  200.41 | avg100  150.06 | grasp100  73.0% | best 0.820 |     27 st/s
    done(50): success=37 t_flicker=12 t_touched=1
Ep 14250 | score  238.66 | avg100  149.10 | grasp100  70.0% | best 0.820 |     27 st/s
    done(50): success=33 t_flicker=15 t_touched=1 t_no_reach=1
Ep 14300 | score  197.21 | avg100  145.63 | grasp100  66.0% | best 0.820 |     27 st/s
    done(50): success=33 t_flicker=16 t_touched=1
Ep 14350 | score  195.71 | avg100  149.64 | grasp100  69.0% | best 0.820 |     27 st/s
    done(50): success=36 t_flicker=11 t_touched=2 t_no_reach=1
Ep 14400 | score  173.62 | avg100  155.80 | grasp100  75.0% | best 0.820 |     27 st/s
    done(50): success=39 t_flicker=5 t_touched=3 t_no_reach=3
Ep 14450 | score  173.95 | avg100  161.34 | grasp100  82.0% | best 0.820 |     27 st/s
    done(50): success=43 t_flicker=3 t_touched=2 t_no_reach=2
Ep 14500 | score  201.54 | avg100  155.16 | grasp100  81.0% | best 0.820 |     27 st/s
    done(50): success=38 t_flicker=11 t_no_reach=1
Ep 14550 | score  172.88 | avg100  145.16 | grasp100  73.0% | best 0.820 |     27 st/s
    done(50): success=35 t_flicker=13 t_touched=1 t_no_reach=1
Ep 14600 | score  202.43 | avg100  156.20 | grasp100  79.0% | best 0.820 |     27 st/s
    done(50): success=44 t_flicker=4 t_no_reach=2
Ep 14650 | score  174.84 | avg100  165.00 | grasp100  87.0% | best 0.820 |     27 st/s
    done(50): success=43 t_flicker=3 t_touched=2 t_no_reach=2
Ep 14700 | score  182.88 | avg100  164.49 | grasp100  83.0% | best 0.820 |     27 st/s
    done(50): success=40 t_flicker=9 t_touched=1
Ep 14723 | * BEST  level200=2.00 grasp200= 83.5% metric=0.835 | score  244.07
Ep 14750 | score  194.49 | avg100  166.98 | grasp100  82.0% | best 0.835 |     27 st/s
    done(50): success=42 t_flicker=7 t_no_reach=1
Ep 14800 | score  127.76 | avg100  157.81 | grasp100  78.0% | best 0.835 |     27 st/s
    done(50): success=36 t_flicker=12 t_no_reach=2
Ep 14850 | score  195.63 | avg100  151.83 | grasp100  75.0% | best 0.835 |     27 st/s
    done(50): success=39 t_flicker=8 t_touched=1 t_no_reach=2
Ep 14900 | score  192.87 | avg100  150.81 | grasp100  75.0% | best 0.835 |     27 st/s
    done(50): success=36 t_flicker=12 t_touched=2
Ep 14950 | score  203.95 | avg100  157.73 | grasp100  77.0% | best 0.835 |     27 st/s
    done(50): success=41 t_flicker=8 t_touched=1
Ep 15000 | score  201.16 | avg100  153.90 | grasp100  72.0% | best 0.835 |     27 st/s
    done(50): success=31 t_flicker=17 t_no_reach=2
Ep 15050 | score  175.50 | avg100  150.35 | grasp100  71.0% | best 0.835 |     27 st/s
    done(50): success=40 t_flicker=7 t_touched=3
Ep 15100 | score   47.84 | avg100  160.02 | grasp100  78.0% | best 0.835 |     27 st/s
    done(50): success=38 t_flicker=11 t_touched=1
Ep 15150 | score  196.06 | avg100  158.03 | grasp100  78.0% | best 0.835 |     27 st/s
    done(50): success=40 t_flicker=10
Ep 15200 | score  136.51 | avg100  152.51 | grasp100  76.0% | best 0.835 |     27 st/s
    done(50): success=36 t_flicker=11 t_touched=2 t_no_reach=1
  [primacy-bias reset of critic heads @ 225000 updates]
Ep 15250 | score  231.55 | avg100  152.35 | grasp100  74.0% | best 0.835 |     27 st/s
    done(50): success=38 t_flicker=9 t_touched=2 t_no_reach=1
Ep 15300 | score  172.65 | avg100   89.48 | grasp100  47.0% | best 0.835 |     27 st/s
    done(50): success=9 t_flicker=2 t_touched=3 t_no_reach=36
Ep 15350 | score  133.12 | avg100   39.89 | grasp100  23.0% | best 0.835 |     27 st/s
    done(50): success=14 t_flicker=18 t_touched=7 t_no_reach=11
Ep 15400 | score   60.00 | avg100   82.14 | grasp100  38.0% | best 0.835 |     27 st/s
    done(50): success=24 t_flicker=16 t_touched=6 t_no_reach=4
Ep 15450 | score   11.60 | avg100  104.84 | grasp100  48.0% | best 0.835 |     27 st/s
    done(50): success=24 t_flicker=16 t_touched=10
Ep 15500 | score   18.34 | avg100  116.91 | grasp100  55.0% | best 0.835 |     27 st/s
    done(50): success=31 t_flicker=12 t_touched=4 t_no_reach=3
Ep 15550 | score   44.06 | avg100  128.20 | grasp100  60.0% | best 0.835 |     27 st/s
    done(50): success=29 t_flicker=17 t_touched=3 t_no_reach=1
Ep 15600 | score  142.70 | avg100  129.13 | grasp100  62.0% | best 0.835 |     27 st/s
    done(50): success=33 t_flicker=12 t_touched=5
Ep 15650 | score   37.00 | avg100  134.50 | grasp100  65.0% | best 0.835 |     27 st/s
    done(50): success=32 t_flicker=12 t_touched=5 t_no_reach=1
Ep 15700 | score   56.89 | avg100  145.00 | grasp100  69.0% | best 0.835 |     27 st/s
    done(50): success=37 t_flicker=10 t_touched=2 t_no_reach=1
Ep 15750 | score   55.03 | avg100  152.49 | grasp100  75.0% | best 0.835 |     27 st/s
    done(50): success=38 t_flicker=9 t_touched=3
Ep 15800 | score   86.32 | avg100  163.61 | grasp100  82.0% | best 0.835 |     27 st/s
    done(50): success=44 t_flicker=6
Ep 15850 | score  206.89 | avg100  172.15 | grasp100  85.0% | best 0.835 |     27 st/s
    done(50): success=41 t_flicker=8 t_no_reach=1
Ep 15900 | score  157.26 | avg100  164.04 | grasp100  82.0% | best 0.835 |     27 st/s
    done(50): success=41 t_flicker=8 t_touched=1
Ep 15950 | score  185.68 | avg100  161.66 | grasp100  81.0% | best 0.835 |     27 st/s
    done(50): success=40 t_flicker=8 t_touched=2
Ep 16000 | score  194.38 | avg100  164.98 | grasp100  81.0% | best 0.835 |     27 st/s
    done(50): success=41 t_flicker=8 t_no_reach=1
Ep 16050 | score  204.56 | avg100  164.60 | grasp100  82.0% | best 0.835 |     27 st/s
    done(50): success=41 t_flicker=8 t_no_reach=1
Ep 16100 | score  183.00 | avg100  161.80 | grasp100  82.0% | best 0.835 |     27 st/s
    done(50): success=41 t_flicker=6 t_touched=2 t_no_reach=1
Ep 16150 | score   91.78 | avg100  162.39 | grasp100  83.0% | best 0.835 |     27 st/s
    done(50): success=42 t_flicker=8
Ep 16200 | score  102.08 | avg100  155.59 | grasp100  77.0% | best 0.835 |     27 st/s
    done(50): success=35 t_flicker=10 t_touched=3 t_no_reach=2
Ep 16250 | score  191.30 | avg100  156.21 | grasp100  76.0% | best 0.835 |     27 st/s
    done(50): success=41 t_flicker=8 t_touched=1
Ep 16300 | score  207.11 | avg100  160.90 | grasp100  80.0% | best 0.835 |     27 st/s
    done(50): success=39 t_flicker=7 t_touched=2 t_no_reach=2
Ep 16350 | score  198.41 | avg100  163.63 | grasp100  81.0% | best 0.835 |     27 st/s
    done(50): success=42 t_flicker=8
Ep 16400 | score  165.08 | avg100  165.40 | grasp100  81.0% | best 0.835 |     27 st/s
    done(50): success=39 t_flicker=9 t_touched=2
Ep 16450 | score  192.58 | avg100  160.54 | grasp100  79.0% | best 0.835 |     27 st/s
    done(50): success=40 t_flicker=9 t_touched=1
Ep 16500 | score  208.11 | avg100  163.62 | grasp100  80.0% | best 0.835 |     27 st/s
    done(50): success=40 t_flicker=9 t_touched=1
Ep 16550 | score  202.57 | avg100  155.80 | grasp100  73.0% | best 0.835 |     27 st/s
    done(50): success=33 t_flicker=16 t_touched=1
Ep 16600 | score   99.52 | avg100  154.38 | grasp100  74.0% | best 0.835 |     27 st/s
    done(50): success=41 t_flicker=9
Ep 16650 | score  194.71 | avg100  169.27 | grasp100  85.0% | best 0.835 |     27 st/s
    done(50): success=44 t_flicker=5 t_no_reach=1
Ep 16700 | score   19.22 | avg100  176.95 | grasp100  88.0% | best 0.835 |     27 st/s
    done(50): success=44 t_flicker=5 t_touched=1
Ep 16750 | score  193.30 | avg100  168.85 | grasp100  83.0% | best 0.835 |     27 st/s
    done(50): success=39 t_flicker=11
Ep 16774 | * BEST  level200=2.00 grasp200= 85.0% metric=0.850 | score  196.30
Ep 16800 | score  231.89 | avg100  164.51 | grasp100  80.0% | best 0.850 |     27 st/s
    done(50): success=41 t_flicker=8 t_touched=1
Ep 16850 | score  202.46 | avg100  167.94 | grasp100  85.0% | best 0.850 |     27 st/s
    done(50): success=44 t_flicker=6
Ep 16900 | score  137.92 | avg100  164.21 | grasp100  84.0% | best 0.850 |     27 st/s
    done(50): success=40 t_flicker=8 t_touched=1 t_no_reach=1
Ep 16950 | score  190.15 | avg100  161.77 | grasp100  80.0% | best 0.850 |     27 st/s
    done(50): success=40 t_flicker=8 t_touched=1 t_no_reach=1
Ep 17000 | score  225.48 | avg100  159.55 | grasp100  79.0% | best 0.850 |     27 st/s
    done(50): success=39 t_flicker=7 t_touched=1 t_no_reach=3
  [primacy-bias reset of critic heads @ 250000 updates]
Ep 17050 | score  185.86 | avg100  152.57 | grasp100  76.0% | best 0.850 |     27 st/s
    done(50): success=37 t_flicker=9 t_touched=4
Ep 17100 | score  176.87 | avg100   92.18 | grasp100  50.0% | best 0.850 |     27 st/s
    done(50): success=13 t_flicker=2 t_touched=3 t_no_reach=32
Ep 17150 | score   46.82 | avg100   56.61 | grasp100  30.0% | best 0.850 |     27 st/s
    done(50): success=17 t_flicker=10 t_touched=11 t_no_reach=12
Ep 17200 | score  193.24 | avg100   93.61 | grasp100  42.0% | best 0.850 |     27 st/s
    done(50): success=25 t_flicker=15 t_touched=5 t_no_reach=5
Ep 17250 | score    2.11 | avg100  108.86 | grasp100  50.0% | best 0.850 |     27 st/s
    done(50): success=25 t_flicker=17 t_touched=4 t_no_reach=4
Ep 17300 | score   43.48 | avg100  112.71 | grasp100  51.0% | best 0.850 |     27 st/s
    done(50): success=26 t_flicker=19 t_touched=3 t_no_reach=2
Ep 17350 | score  173.22 | avg100  127.98 | grasp100  59.0% | best 0.850 |     27 st/s
    done(50): success=33 t_flicker=15 t_touched=1 t_no_reach=1
Ep 17400 | score  189.91 | avg100  141.76 | grasp100  68.0% | best 0.850 |     27 st/s
    done(50): success=35 t_flicker=11 t_touched=2 t_no_reach=2
Ep 17450 | score    5.21 | avg100  151.77 | grasp100  74.0% | best 0.850 |     27 st/s
    done(50): success=39 t_flicker=10 t_no_reach=1
Ep 17500 | score  199.36 | avg100  154.99 | grasp100  77.0% | best 0.850 |     27 st/s
    done(50): success=38 t_flicker=10 t_touched=2
Ep 17550 | score  199.06 | avg100  158.12 | grasp100  78.0% | best 0.850 |     27 st/s
    done(50): success=40 t_flicker=7 t_touched=3
Ep 17600 | score  167.89 | avg100  160.63 | grasp100  78.0% | best 0.850 |     27 st/s
    done(50): success=38 t_flicker=10 t_touched=2
Ep 17650 | score   -1.03 | avg100  144.90 | grasp100  71.0% | best 0.850 |     27 st/s
    done(50): success=33 t_flicker=9 t_touched=4 t_no_reach=4
Ep 17700 | score   56.88 | avg100  149.31 | grasp100  76.0% | best 0.850 |     27 st/s
    done(50): success=43 t_flicker=5 t_touched=1 t_no_reach=1
Ep 17750 | score  162.67 | avg100  166.09 | grasp100  86.0% | best 0.850 |     27 st/s
    done(50): success=43 t_flicker=5 t_touched=1 t_no_reach=1
Ep 17800 | score  205.30 | avg100  165.94 | grasp100  85.0% | best 0.850 |     27 st/s
    done(50): success=42 t_flicker=5 t_touched=1 t_no_reach=2
Ep 17850 | score  132.57 | avg100  165.14 | grasp100  84.0% | best 0.850 |     27 st/s
    done(50): success=42 t_flicker=7 t_touched=1
Ep 17900 | score  204.45 | avg100  166.00 | grasp100  84.0% | best 0.850 |     27 st/s
    done(50): success=42 t_flicker=7 t_touched=1
Ep 17950 | score  194.62 | avg100  167.88 | grasp100  84.0% | best 0.850 |     27 st/s
    done(50): success=42 t_flicker=6 t_touched=2
Ep 18000 | score  182.97 | avg100  162.19 | grasp100  80.0% | best 0.850 |     27 st/s
    done(50): success=38 t_flicker=9 t_touched=3
Ep 18050 | score  250.13 | avg100  162.90 | grasp100  79.0% | best 0.850 |     27 st/s
    done(50): success=41 t_flicker=8 t_touched=1
Ep 18100 | score   94.47 | avg100  174.42 | grasp100  85.0% | best 0.850 |     27 st/s
    done(50): success=44 t_flicker=5 t_touched=1
Ep 18150 | score   55.18 | avg100  169.04 | grasp100  84.0% | best 0.850 |     27 st/s
    done(50): success=40 t_flicker=7 t_touched=3
Ep 18200 | score  188.18 | avg100  157.02 | grasp100  77.0% | best 0.850 |     27 st/s
    done(50): success=37 t_flicker=8 t_touched=2 t_no_reach=3
Ep 18250 | score  184.72 | avg100  167.61 | grasp100  83.0% | best 0.850 |     27 st/s
    done(50): success=46 t_flicker=3 t_no_reach=1
Ep 18300 | score  202.23 | avg100  178.27 | grasp100  91.0% | best 0.850 |     27 st/s
    done(50): success=45 t_flicker=4 t_touched=1
Ep 18350 | score  198.55 | avg100  171.66 | grasp100  88.0% | best 0.850 |     27 st/s
    done(50): success=43 t_flicker=4 t_touched=2 t_no_reach=1
Ep 18357 | * BEST  level200=2.00 grasp200= 86.5% metric=0.865 | score  198.01
Ep 18366 | * BEST  level200=2.00 grasp200= 88.0% metric=0.880 | score  171.41
Ep 18400 | score  218.66 | avg100  168.99 | grasp100  87.0% | best 0.880 |     27 st/s
    done(50): success=44 t_flicker=2 t_touched=2 t_no_reach=2
Ep 18450 | score  186.45 | avg100  167.57 | grasp100  85.0% | best 0.880 |     27 st/s
    done(50): success=41 t_flicker=8 t_no_reach=1
Ep 18500 | score  161.04 | avg100  159.26 | grasp100  79.0% | best 0.880 |     27 st/s
    done(50): success=38 t_flicker=10 t_touched=1 t_no_reach=1
Ep 18550 | score  169.76 | avg100  160.32 | grasp100  80.0% | best 0.880 |     27 st/s
    done(50): success=42 t_flicker=6 t_no_reach=2
Ep 18600 | score  154.71 | avg100  165.72 | grasp100  81.0% | best 0.880 |     27 st/s
    done(50): success=39 t_flicker=8 t_touched=3
Ep 18650 | score  182.91 | avg100  163.23 | grasp100  80.0% | best 0.880 |     27 st/s
    done(50): success=41 t_flicker=6 t_touched=1 t_no_reach=2
Ep 18700 | score  196.75 | avg100  164.61 | grasp100  84.0% | best 0.880 |     27 st/s
    done(50): success=43 t_flicker=6 t_no_reach=1
Ep 18750 | score  193.61 | avg100  169.57 | grasp100  87.0% | best 0.880 |     27 st/s
    done(50): success=44 t_flicker=4 t_no_reach=2
Ep 18800 | score  187.31 | avg100  161.19 | grasp100  83.0% | best 0.880 |     27 st/s
    done(50): success=39 t_flicker=6 t_touched=1 t_no_reach=4
  [primacy-bias reset of critic heads @ 275000 updates]
Ep 18850 | score    4.30 | avg100  144.39 | grasp100  75.0% | best 0.880 |     27 st/s
    done(50): success=36 t_flicker=4 t_touched=3 t_no_reach=7
Ep 18900 | score    2.11 | avg100   73.50 | grasp100  40.0% | best 0.880 |     27 st/s
    done(50): success=4 t_flicker=5 t_touched=11 t_no_reach=30
Ep 18950 | score  -15.87 | avg100   25.52 | grasp100  14.0% | best 0.880 |     27 st/s
    done(50): success=10 t_flicker=12 t_touched=7 t_no_reach=21
Ep 19000 | score   59.32 | avg100   66.95 | grasp100  31.0% | best 0.880 |     27 st/s
    done(50): success=21 t_flicker=17 t_touched=10 t_no_reach=2
Ep 19050 | score  203.24 | avg100  101.13 | grasp100  44.0% | best 0.880 |     27 st/s
    done(50): success=23 t_flicker=16 t_touched=8 t_no_reach=3
Ep 19100 | score  164.96 | avg100  114.67 | grasp100  52.0% | best 0.880 |     27 st/s
    done(50): success=29 t_flicker=11 t_touched=6 t_no_reach=4
Ep 19150 | score  134.60 | avg100  125.75 | grasp100  60.0% | best 0.880 |     27 st/s
    done(50): success=31 t_flicker=15 t_touched=4
Ep 19200 | score  200.51 | avg100  136.74 | grasp100  67.0% | best 0.880 |     27 st/s
    done(50): success=36 t_flicker=8 t_touched=3 t_no_reach=3
Ep 19250 | score  192.62 | avg100  142.14 | grasp100  71.0% | best 0.880 |     27 st/s
    done(50): success=35 t_flicker=14 t_no_reach=1
Ep 19300 | score  172.80 | avg100  142.49 | grasp100  67.0% | best 0.880 |     27 st/s
    done(50): success=32 t_flicker=14 t_touched=3 t_no_reach=1
Ep 19350 | score  197.27 | avg100  155.67 | grasp100  76.0% | best 0.880 |     27 st/s
    done(50): success=44 t_flicker=5 t_no_reach=1
Ep 19400 | score  147.83 | avg100  164.60 | grasp100  85.0% | best 0.880 |     27 st/s
    done(50): success=41 t_flicker=8 t_no_reach=1
Ep 19450 | score   74.92 | avg100  155.04 | grasp100  77.0% | best 0.880 |     27 st/s
    done(50): success=36 t_flicker=12 t_touched=1 t_no_reach=1
Ep 19500 | score  201.33 | avg100  151.19 | grasp100  75.0% | best 0.880 |     27 st/s
    done(50): success=39 t_flicker=7 t_touched=4
Ep 19550 | score  144.63 | avg100  155.93 | grasp100  80.0% | best 0.880 |     27 st/s
    done(50): success=41 t_flicker=6 t_touched=1 t_no_reach=2
Ep 19600 | score  205.43 | avg100  158.86 | grasp100  80.0% | best 0.880 |     27 st/s
    done(50): success=39 t_flicker=10 t_touched=1
Ep 19650 | score  188.35 | avg100  158.67 | grasp100  80.0% | best 0.880 |     27 st/s
    done(50): success=41 t_flicker=8 t_touched=1
Ep 19700 | score  206.14 | avg100  161.32 | grasp100  83.0% | best 0.880 |     27 st/s
    done(50): success=42 t_flicker=6 t_touched=1 t_no_reach=1
Ep 19750 | score  132.26 | avg100  169.33 | grasp100  86.0% | best 0.880 |     27 st/s
    done(50): success=44 t_flicker=4 t_touched=1 t_no_reach=1
Ep 19800 | score   30.46 | avg100  173.91 | grasp100  87.0% | best 0.880 |     27 st/s
    done(50): success=43 t_flicker=6 t_touched=1
Ep 19850 | score  185.45 | avg100  167.20 | grasp100  85.0% | best 0.880 |     27 st/s
    done(50): success=42 t_flicker=6 t_touched=1 t_no_reach=1
Ep 19900 | score   45.78 | avg100  164.04 | grasp100  85.0% | best 0.880 |     27 st/s
    done(50): success=43 t_flicker=4 t_touched=2 t_no_reach=1
Ep 19950 | score  197.68 | avg100  165.68 | grasp100  85.0% | best 0.880 |     27 st/s
    done(50): success=42 t_flicker=7 t_no_reach=1
Ep 20000 | score  193.54 | avg100  162.06 | grasp100  82.0% | best 0.880 |     27 st/s
    done(50): success=40 t_flicker=6 t_touched=2 t_no_reach=2
Ep 20050 | score  195.34 | avg100  165.60 | grasp100  84.0% | best 0.880 |     27 st/s
    done(50): success=44 t_flicker=5 t_no_reach=1
Ep 20100 | score  152.36 | avg100  171.99 | grasp100  89.0% | best 0.880 |     27 st/s
    done(50): success=45 t_flicker=4 t_touched=1
Ep 20150 | score  211.23 | avg100  164.22 | grasp100  85.0% | best 0.880 |     27 st/s
    done(50): success=40 t_flicker=7 t_touched=1 t_no_reach=2
Ep 20200 | score  191.81 | avg100  162.23 | grasp100  84.0% | best 0.880 |     27 st/s
    done(50): success=44 t_flicker=5 t_touched=1
Ep 20250 | score  168.42 | avg100  168.84 | grasp100  88.0% | best 0.880 |     27 st/s
    done(50): success=44 t_flicker=3 t_touched=1 t_no_reach=2
Ep 20300 | score  204.87 | avg100  161.63 | grasp100  82.0% | best 0.880 |     27 st/s
    done(50): success=38 t_flicker=9 t_touched=1 t_no_reach=2
Ep 20350 | score  178.68 | avg100  158.88 | grasp100  80.0% | best 0.880 |     27 st/s
    done(50): success=42 t_flicker=5 t_touched=2 t_no_reach=1
Ep 20400 | score   82.88 | avg100  164.56 | grasp100  82.0% | best 0.880 |     27 st/s
    done(50): success=40 t_flicker=9 t_touched=1
Ep 20450 | score   88.43 | avg100  165.28 | grasp100  81.0% | best 0.880 |     27 st/s
    done(50): success=41 t_flicker=9
Ep 20500 | score  181.08 | avg100  167.41 | grasp100  85.0% | best 0.880 |     27 st/s
    done(50): success=44 t_flicker=5 t_touched=1
Ep 20550 | score  187.30 | avg100  167.87 | grasp100  87.0% | best 0.880 |     27 st/s
    done(50): success=43 t_flicker=6 t_no_reach=1
Ep 20600 | score  185.30 | avg100  174.20 | grasp100  90.0% | best 0.880 |     27 st/s
    done(50): success=47 t_flicker=3
  [primacy-bias reset of critic heads @ 300000 updates]
Ep 20650 | score   73.52 | avg100  118.30 | grasp100  59.0% | best 0.880 |     27 st/s
    done(50): success=12 t_flicker=17 t_touched=7 t_no_reach=14
Ep 20700 | score   -7.36 | avg100   56.89 | grasp100  25.0% | best 0.880 |     27 st/s
    done(50): success=13 t_flicker=14 t_touched=8 t_no_reach=15
Ep 20750 | score  205.87 | avg100   75.81 | grasp100  32.0% | best 0.880 |     27 st/s
    done(50): success=19 t_flicker=24 t_touched=3 t_no_reach=4
Ep 20800 | score  205.27 | avg100  106.36 | grasp100  47.0% | best 0.880 |     27 st/s
    done(50): success=28 t_flicker=15 t_touched=5 t_no_reach=2
Ep 20850 | score  176.56 | avg100  114.98 | grasp100  52.0% | best 0.880 |     27 st/s
    done(50): success=24 t_flicker=19 t_touched=5 t_no_reach=2
Ep 20900 | score   22.80 | avg100  112.36 | grasp100  53.0% | best 0.880 |     27 st/s
    done(50): success=29 t_flicker=13 t_touched=6 t_no_reach=2
Ep 20950 | score  171.86 | avg100  121.62 | grasp100  58.0% | best 0.880 |     27 st/s
    done(50): success=29 t_flicker=17 t_touched=2 t_no_reach=2
Ep 21000 | score   -3.17 | avg100  139.20 | grasp100  64.0% | best 0.880 |     27 st/s
    done(50): success=35 t_flicker=12 t_touched=3
Ep 21050 | score   55.49 | avg100  142.64 | grasp100  68.0% | best 0.880 |     27 st/s
    done(50): success=33 t_flicker=12 t_touched=4 t_no_reach=1
Ep 21100 | score  182.81 | avg100  140.01 | grasp100  68.0% | best 0.880 |     27 st/s
    done(50): success=35 t_flicker=12 t_touched=2 t_no_reach=1
Ep 21150 | score  211.79 | avg100  151.55 | grasp100  76.0% | best 0.880 |     27 st/s
    done(50): success=41 t_flicker=6 t_touched=2 t_no_reach=1
Ep 21200 | score  191.31 | avg100  153.03 | grasp100  77.0% | best 0.880 |     27 st/s
    done(50): success=36 t_flicker=11 t_touched=2 t_no_reach=1
Ep 21250 | score  162.88 | avg100  152.54 | grasp100  76.0% | best 0.880 |     27 st/s
    done(50): success=40 t_flicker=8 t_no_reach=2
Ep 21300 | score  237.55 | avg100  167.60 | grasp100  86.0% | best 0.880 |     27 st/s
    done(50): success=46 t_flicker=4
Ep 21350 | score   26.98 | avg100  169.53 | grasp100  88.0% | best 0.880 |     27 st/s
    done(50): success=42 t_flicker=6 t_touched=2
Ep 21400 | score  182.96 | avg100  159.15 | grasp100  83.0% | best 0.880 |     27 st/s
    done(50): success=41 t_flicker=7 t_touched=1 t_no_reach=1
Ep 21450 | score  191.28 | avg100  156.29 | grasp100  81.0% | best 0.880 |     27 st/s
    done(50): success=40 t_flicker=8 t_touched=1 t_no_reach=1
Ep 21500 | score  196.05 | avg100  157.12 | grasp100  80.0% | best 0.880 |     27 st/s
    done(50): success=40 t_flicker=9 t_no_reach=1
Ep 21550 | score  170.53 | avg100  161.97 | grasp100  82.0% | best 0.880 |     27 st/s
    done(50): success=42 t_flicker=6 t_touched=1 t_no_reach=1
Ep 21600 | score   93.67 | avg100  165.95 | grasp100  85.0% | best 0.880 |     27 st/s
    done(50): success=43 t_flicker=4 t_touched=3
Ep 21650 | score  227.46 | avg100  169.20 | grasp100  86.0% | best 0.880 |     27 st/s
    done(50): success=43 t_flicker=6 t_no_reach=1
Ep 21700 | score   33.46 | avg100  169.53 | grasp100  86.0% | best 0.880 |     27 st/s
    done(50): success=43 t_flicker=7
Ep 21750 | score  162.71 | avg100  171.76 | grasp100  88.0% | best 0.880 |     27 st/s
    done(50): success=45 t_flicker=5
Ep 21800 | score  174.27 | avg100  177.99 | grasp100  91.0% | best 0.880 |     27 st/s
    done(50): success=46 t_flicker=4
Ep 21838 | * BEST  level200=2.00 grasp200= 89.5% metric=0.895 | score  186.47
Ep 21850 | score  151.60 | avg100  173.62 | grasp100  90.0% | best 0.895 |     27 st/s
    done(50): success=44 t_flicker=4 t_touched=1 t_no_reach=1
Ep 21900 | score  203.56 | avg100  172.66 | grasp100  88.0% | best 0.895 |     27 st/s
    done(50): success=44 t_flicker=6
Ep 21950 | score  220.39 | avg100  172.20 | grasp100  86.0% | best 0.895 |     27 st/s
    done(50): success=42 t_flicker=7 t_touched=1
Ep 22000 | score  163.98 | avg100  165.99 | grasp100  83.0% | best 0.895 |     27 st/s
    done(50): success=41 t_flicker=9
Ep 22050 | score  178.75 | avg100  168.92 | grasp100  86.0% | best 0.895 |     27 st/s
    done(50): success=45 t_flicker=4 t_no_reach=1
Ep 22100 | score  205.38 | avg100  164.22 | grasp100  82.0% | best 0.895 |     27 st/s
    done(50): success=37 t_flicker=10 t_touched=2 t_no_reach=1
Ep 22150 | score  215.95 | avg100  168.71 | grasp100  84.0% | best 0.895 |     27 st/s
    done(50): success=47 t_flicker=3
Ep 22200 | score   33.90 | avg100  174.88 | grasp100  91.0% | best 0.895 |     27 st/s
    done(50): success=44 t_flicker=5 t_no_reach=1
Ep 22250 | score   12.27 | avg100  164.66 | grasp100  85.0% | best 0.895 |     27 st/s
    done(50): success=41 t_flicker=7 t_touched=2
Ep 22300 | score  196.89 | avg100  169.77 | grasp100  87.0% | best 0.895 |     27 st/s
    done(50): success=46 t_flicker=4
Ep 22350 | score  193.61 | avg100  172.46 | grasp100  90.0% | best 0.895 |     27 st/s
    done(50): success=44 t_flicker=3 t_no_reach=3
Ep 22400 | score  178.63 | avg100  172.05 | grasp100  91.0% | best 0.895 |     27 st/s
    done(50): success=47 t_flicker=3
Ep 22414 | * BEST  level200=2.00 grasp200= 91.0% metric=0.910 | score  181.74
Ep 22450 | score    3.61 | avg100  172.23 | grasp100  89.0% | best 0.910 |     27 st/s
    done(50): success=42 t_flicker=5 t_touched=1 t_no_reach=2
  [primacy-bias reset of critic heads @ 325000 updates]
Ep 22500 | score  209.48 | avg100  110.47 | grasp100  57.0% | best 0.910 |     27 st/s
    done(50): success=15 t_flicker=6 t_touched=4 t_no_reach=25
Ep 22550 | score  170.82 | avg100   44.47 | grasp100  25.0% | best 0.910 |     27 st/s
    done(50): success=10 t_flicker=10 t_touched=4 t_no_reach=26
Ep 22600 | score    9.22 | avg100   61.00 | grasp100  31.0% | best 0.910 |     27 st/s
    done(50): success=21 t_flicker=11 t_touched=6 t_no_reach=12
Ep 22650 | score  173.86 | avg100   90.78 | grasp100  43.0% | best 0.910 |     27 st/s
    done(50): success=22 t_flicker=14 t_touched=11 t_no_reach=3
Ep 22700 | score  149.79 | avg100  110.09 | grasp100  53.0% | best 0.910 |     27 st/s
    done(50): success=31 t_flicker=13 t_touched=5 t_no_reach=1
Ep 22750 | score  206.85 | avg100  139.20 | grasp100  69.0% | best 0.910 |     27 st/s
    done(50): success=38 t_flicker=10 t_touched=1 t_no_reach=1
Ep 22800 | score  199.52 | avg100  154.91 | grasp100  78.0% | best 0.910 |     27 st/s
    done(50): success=40 t_flicker=6 t_touched=2 t_no_reach=2
Ep 22850 | score  199.04 | avg100  151.96 | grasp100  76.0% | best 0.910 |     27 st/s
    done(50): success=36 t_flicker=8 t_touched=4 t_no_reach=2
Ep 22900 | score  189.61 | avg100  152.25 | grasp100  76.0% | best 0.910 |     27 st/s
    done(50): success=40 t_flicker=6 t_touched=4
Ep 22950 | score   55.26 | avg100  156.43 | grasp100  79.0% | best 0.910 |     27 st/s
    done(50): success=39 t_flicker=9 t_touched=2
Ep 23000 | score  201.92 | avg100  154.51 | grasp100  76.0% | best 0.910 |     27 st/s
    done(50): success=37 t_flicker=9 t_touched=4
Ep 23050 | score   66.15 | avg100  155.74 | grasp100  78.0% | best 0.910 |     27 st/s
    done(50): success=41 t_flicker=6 t_touched=3
Ep 23100 | score  195.42 | avg100  169.16 | grasp100  87.0% | best 0.910 |     27 st/s
    done(50): success=46 t_flicker=3 t_touched=1
Ep 23150 | score  206.41 | avg100  178.06 | grasp100  91.0% | best 0.910 |     27 st/s
    done(50): success=45 t_flicker=3 t_touched=1 t_no_reach=1
Ep 23200 | score  197.83 | avg100  165.67 | grasp100  84.0% | best 0.910 |     27 st/s
    done(50): success=39 t_flicker=7 t_touched=2 t_no_reach=2
Ep 23250 | score  192.79 | avg100  164.10 | grasp100  83.0% | best 0.910 |     27 st/s
    done(50): success=44 t_flicker=4 t_touched=1 t_no_reach=1
Ep 23300 | score  226.17 | avg100  168.47 | grasp100  85.0% | best 0.910 |     27 st/s
    done(50): success=41 t_flicker=7 t_touched=2
Ep 23350 | score  196.40 | avg100  169.94 | grasp100  87.0% | best 0.910 |     27 st/s
    done(50): success=46 t_flicker=3 t_touched=1
Ep 23400 | score  190.97 | avg100  178.28 | grasp100  93.0% | best 0.910 |     27 st/s
    done(50): success=47 t_flicker=3
Ep 23450 | score  180.58 | avg100  180.13 | grasp100  93.0% | best 0.910 |     27 st/s
    done(50): success=46 t_flicker=2 t_touched=1 t_no_reach=1
Ep 23500 | score  191.53 | avg100  171.45 | grasp100  89.0% | best 0.910 |     27 st/s
    done(50): success=43 t_flicker=4 t_touched=2 t_no_reach=1
Ep 23550 | score  204.64 | avg100  169.79 | grasp100  89.0% | best 0.910 |     27 st/s
    done(50): success=46 t_flicker=3 t_touched=1
Ep 23600 | score  182.51 | avg100  172.33 | grasp100  87.0% | best 0.910 |     27 st/s
    done(50): success=41 t_flicker=7 t_touched=1 t_no_reach=1
Ep 23650 | score  202.25 | avg100  170.00 | grasp100  84.0% | best 0.910 |     27 st/s
    done(50): success=43 t_flicker=7
Ep 23700 | score   -6.81 | avg100  166.84 | grasp100  85.0% | best 0.910 |     27 st/s
    done(50): success=42 t_flicker=5 t_touched=2 t_no_reach=1
Ep 23750 | score  243.86 | avg100  160.48 | grasp100  81.0% | best 0.910 |     27 st/s
    done(50): success=39 t_flicker=7 t_touched=4
Ep 23800 | score  190.94 | avg100  164.75 | grasp100  83.0% | best 0.910 |     27 st/s
    done(50): success=44 t_flicker=3 t_touched=2 t_no_reach=1
Ep 23850 | score  189.98 | avg100  172.93 | grasp100  87.0% | best 0.910 |     27 st/s
    done(50): success=43 t_flicker=4 t_touched=3
Ep 23900 | score  190.61 | avg100  163.97 | grasp100  80.0% | best 0.910 |     27 st/s
    done(50): success=37 t_flicker=13
Ep 23950 | score  195.21 | avg100  165.59 | grasp100  84.0% | best 0.910 |     27 st/s
    done(50): success=47 t_flicker=2 t_no_reach=1
Ep 24000 | score  201.77 | avg100  177.10 | grasp100  90.0% | best 0.910 |     27 st/s
    done(50): success=43 t_flicker=7
Ep 24050 | score   54.15 | avg100  173.41 | grasp100  86.0% | best 0.910 |     27 st/s
    done(50): success=43 t_flicker=6 t_touched=1
Ep 24100 | score  196.18 | avg100  175.85 | grasp100  90.0% | best 0.910 |     27 st/s
    done(50): success=47 t_flicker=3
Ep 24150 | score  180.37 | avg100  177.10 | grasp100  91.0% | best 0.910 |     27 st/s
    done(50): success=44 t_flicker=4 t_touched=2
Ep 24200 | score  190.77 | avg100  176.26 | grasp100  90.0% | best 0.910 |     27 st/s
    done(50): success=46 t_flicker=4
Ep 24250 | score  192.25 | avg100  176.24 | grasp100  91.0% | best 0.910 |     27 st/s
    done(50): success=45 t_flicker=2 t_touched=2 t_no_reach=1
Ep 24300 | score  186.80 | avg100  171.21 | grasp100  89.0% | best 0.910 |     27 st/s
    done(50): success=44 t_flicker=4 t_touched=1 t_no_reach=1
  [primacy-bias reset of critic heads @ 350000 updates]
Ep 24350 | score  -27.70 | avg100  130.96 | grasp100  70.0% | best 0.910 |     27 st/s
    done(50): success=26 t_flicker=4 t_touched=4 t_no_reach=16
Ep 24400 | score  -24.50 | avg100   35.74 | grasp100  27.0% | best 0.910 |     27 st/s
    done(50): success=1 t_touched=3 t_no_reach=46
Ep 24450 | score    6.45 | avg100    5.37 | grasp100   9.0% | best 0.910 |     27 st/s
    done(50): success=8 t_flicker=15 t_touched=7 t_no_reach=20
Ep 24500 | score  199.45 | avg100   64.26 | grasp100  29.0% | best 0.910 |     27 st/s
    done(50): success=21 t_flicker=16 t_touched=8 t_no_reach=5
Ep 24550 | score  205.82 | avg100  113.30 | grasp100  50.0% | best 0.910 |     27 st/s
    done(50): success=29 t_flicker=17 t_touched=2 t_no_reach=2
Ep 24600 | score  136.80 | avg100  129.61 | grasp100  60.0% | best 0.910 |     27 st/s
    done(50): success=31 t_flicker=14 t_touched=3 t_no_reach=2
Ep 24650 | score  172.95 | avg100  143.46 | grasp100  69.0% | best 0.910 |     27 st/s
    done(50): success=38 t_flicker=10 t_touched=2
Ep 24700 | score  178.62 | avg100  157.27 | grasp100  77.0% | best 0.910 |     27 st/s
    done(50): success=39 t_flicker=7 t_touched=4
Ep 24750 | score  200.91 | avg100  160.28 | grasp100  82.0% | best 0.910 |     27 st/s
    done(50): success=43 t_flicker=3 t_touched=4
Ep 24800 | score  208.71 | avg100  166.49 | grasp100  86.0% | best 0.910 |     27 st/s
    done(50): success=43 t_flicker=7
Ep 24850 | score  187.85 | avg100  171.63 | grasp100  88.0% | best 0.910 |     27 st/s
    done(50): success=45 t_flicker=5
Ep 24900 | score    9.03 | avg100  166.35 | grasp100  86.0% | best 0.910 |     27 st/s
    done(50): success=41 t_flicker=8 t_touched=1
Ep 24950 | score  206.33 | avg100  168.55 | grasp100  85.0% | best 0.910 |     27 st/s
    done(50): success=44 t_flicker=5 t_no_reach=1
Ep 25000 | score  171.32 | avg100  168.28 | grasp100  85.0% | best 0.910 |     27 st/s
    done(50): success=41 t_flicker=6 t_touched=1 t_no_reach=2
Ep 25050 | score  195.42 | avg100  163.38 | grasp100  84.0% | best 0.910 |     27 st/s
    done(50): success=43 t_flicker=5 t_touched=2
Ep 25100 | score  193.84 | avg100  166.55 | grasp100  86.0% | best 0.910 |     27 st/s
    done(50): success=43 t_flicker=6 t_touched=1
Ep 25150 | score  230.67 | avg100  162.10 | grasp100  83.0% | best 0.910 |     27 st/s
    done(50): success=40 t_flicker=9 t_no_reach=1
Ep 25200 | score  183.28 | avg100  165.73 | grasp100  84.0% | best 0.910 |     27 st/s
    done(50): success=44 t_flicker=5 t_touched=1
Ep 25250 | score  216.07 | avg100  174.97 | grasp100  91.0% | best 0.910 |     27 st/s
    done(50): success=47 t_flicker=2 t_no_reach=1
Ep 25300 | score  208.05 | avg100  181.06 | grasp100  94.0% | best 0.910 |     27 st/s
    done(50): success=47 t_flicker=3
Ep 25350 | score   92.75 | avg100  170.49 | grasp100  87.0% | best 0.910 |     27 st/s
    done(50): success=40 t_flicker=6 t_touched=3 t_no_reach=1
Ep 25400 | score   61.44 | avg100  161.83 | grasp100  82.0% | best 0.910 |     27 st/s
    done(50): success=42 t_flicker=5 t_touched=2 t_no_reach=1
Ep 25450 | score  175.82 | avg100  168.00 | grasp100  87.0% | best 0.910 |     27 st/s
    done(50): success=45 t_flicker=3 t_touched=2
Ep 25500 | score  196.54 | avg100  170.77 | grasp100  88.0% | best 0.910 |     27 st/s
    done(50): success=43 t_flicker=4 t_touched=1 t_no_reach=2
Ep 25550 | score  205.34 | avg100  167.01 | grasp100  86.0% | best 0.910 |     27 st/s
    done(50): success=43 t_flicker=5 t_touched=1 t_no_reach=1
Ep 25600 | score  179.86 | avg100  163.02 | grasp100  84.0% | best 0.910 |     27 st/s
    done(50): success=41 t_flicker=8 t_touched=1
Ep 25650 | score  193.66 | avg100  174.02 | grasp100  86.0% | best 0.910 |     27 st/s
    done(50): success=45 t_flicker=5
Ep 25700 | score  201.04 | avg100  178.84 | grasp100  90.0% | best 0.910 |     27 st/s
    done(50): success=45 t_flicker=3 t_touched=1 t_no_reach=1
Ep 25750 | score  199.93 | avg100  172.20 | grasp100  88.0% | best 0.910 |     27 st/s
    done(50): success=43 t_flicker=6 t_touched=1
Ep 25800 | score  189.31 | avg100  174.50 | grasp100  88.0% | best 0.910 |     27 st/s
    done(50): success=45 t_flicker=3 t_touched=2
Ep 25850 | score  199.23 | avg100  178.97 | grasp100  91.0% | best 0.910 |     27 st/s
    done(50): success=46 t_flicker=3 t_touched=1
Ep 25900 | score   68.67 | avg100  178.58 | grasp100  92.0% | best 0.910 |     27 st/s
    done(50): success=46 t_flicker=4
Ep 25950 | score  173.28 | avg100  176.57 | grasp100  90.0% | best 0.910 |     27 st/s
    done(50): success=44 t_flicker=3 t_touched=1 t_no_reach=2
Ep 26000 | score  200.12 | avg100  168.12 | grasp100  85.0% | best 0.910 |     27 st/s
    done(50): success=41 t_flicker=5 t_no_reach=4
Ep 26050 | score  172.49 | avg100  169.21 | grasp100  86.0% | best 0.910 |     27 st/s
    done(50): success=45 t_flicker=4 t_touched=1
Ep 26100 | score  200.59 | avg100  171.74 | grasp100  87.0% | best 0.910 |     27 st/s
    done(50): success=42 t_flicker=5 t_touched=1 t_no_reach=2
Ep 26150 | score  180.91 | avg100  167.13 | grasp100  83.0% | best 0.910 |     27 st/s
    done(50): success=41 t_flicker=8 t_no_reach=1
  [primacy-bias reset of critic heads @ 375000 updates]
Ep 26200 | score  -27.93 | avg100  106.06 | grasp100  56.0% | best 0.910 |     27 st/s
    done(50): success=15 t_flicker=2 t_touched=2 t_no_reach=31
Ep 26250 | score  -27.97 | avg100   15.56 | grasp100  18.0% | best 0.910 |     27 st/s
    done(50): success=3 t_no_reach=47
Ep 26300 | score    4.16 | avg100    4.15 | grasp100  10.0% | best 0.910 |     27 st/s
    done(50): success=7 t_flicker=7 t_touched=7 t_no_reach=29
Ep 26350 | score   28.83 | avg100   56.57 | grasp100  27.0% | best 0.910 |     27 st/s
    done(50): success=20 t_flicker=13 t_touched=11 t_no_reach=6
Ep 26400 | score    9.03 | avg100   99.18 | grasp100  44.0% | best 0.910 |     27 st/s
    done(50): success=24 t_flicker=17 t_touched=5 t_no_reach=4
Ep 26450 | score   30.70 | avg100  117.69 | grasp100  55.0% | best 0.910 |     27 st/s
    done(50): success=31 t_flicker=10 t_touched=7 t_no_reach=2
Ep 26500 | score  170.08 | avg100  138.56 | grasp100  67.0% | best 0.910 |     27 st/s
    done(50): success=36 t_flicker=11 t_touched=3
Ep 26550 | score  194.18 | avg100  151.49 | grasp100  74.0% | best 0.910 |     27 st/s
    done(50): success=38 t_flicker=11 t_touched=1
Ep 26600 | score  180.71 | avg100  155.40 | grasp100  77.0% | best 0.910 |     27 st/s
    done(50): success=39 t_flicker=9 t_touched=2
Ep 26650 | score  177.76 | avg100  157.59 | grasp100  79.0% | best 0.910 |     27 st/s
    done(50): success=40 t_flicker=8 t_no_reach=2
Ep 26700 | score   94.50 | avg100  158.39 | grasp100  80.0% | best 0.910 |     27 st/s
    done(50): success=40 t_flicker=9 t_no_reach=1
Ep 26750 | score  187.53 | avg100  167.49 | grasp100  85.0% | best 0.910 |     27 st/s
    done(50): success=45 t_flicker=5
Ep 26800 | score  187.56 | avg100  161.65 | grasp100  80.0% | best 0.910 |     27 st/s
    done(50): success=35 t_flicker=11 t_touched=3 t_no_reach=1
Ep 26850 | score  189.09 | avg100  162.77 | grasp100  80.0% | best 0.910 |     27 st/s
    done(50): success=45 t_flicker=4 t_touched=1
Ep 26900 | score  181.98 | avg100  182.18 | grasp100  91.0% | best 0.910 |     27 st/s
    done(50): success=46 t_flicker=3 t_touched=1
Ep 26950 | score  186.74 | avg100  174.36 | grasp100  87.0% | best 0.910 |     27 st/s
    done(50): success=41 t_flicker=8 t_no_reach=1
Ep 27000 | score  205.77 | avg100  165.77 | grasp100  83.0% | best 0.910 |     27 st/s
    done(50): success=42 t_flicker=6 t_touched=1 t_no_reach=1
Ep 27050 | score  174.34 | avg100  168.63 | grasp100  86.0% | best 0.910 |     27 st/s
    done(50): success=44 t_flicker=5 t_touched=1
Ep 27100 | score  168.51 | avg100  173.85 | grasp100  89.0% | best 0.910 |     27 st/s
    done(50): success=45 t_flicker=5
Ep 27150 | score  192.18 | avg100  171.11 | grasp100  86.0% | best 0.910 |     27 st/s
    done(50): success=41 t_flicker=8 t_no_reach=1
Ep 27200 | score  207.27 | avg100  165.82 | grasp100  81.0% | best 0.910 |     27 st/s
    done(50): success=40 t_flicker=8 t_no_reach=2
Ep 27250 | score  156.16 | avg100  170.88 | grasp100  85.0% | best 0.910 |     27 st/s
    done(50): success=45 t_flicker=4 t_touched=1
Ep 27300 | score  185.72 | avg100  172.04 | grasp100  88.0% | best 0.910 |     27 st/s
    done(50): success=43 t_flicker=5 t_no_reach=2
Ep 27350 | score  183.87 | avg100  167.94 | grasp100  86.0% | best 0.910 |     27 st/s
    done(50): success=43 t_flicker=6 t_no_reach=1
Ep 27400 | score  196.97 | avg100  176.22 | grasp100  93.0% | best 0.910 |     27 st/s
    done(50): success=50
Ep 27450 | score  199.85 | avg100  181.93 | grasp100  96.0% | best 0.910 |     27 st/s
    done(50): success=46 t_flicker=3 t_touched=1
Ep 27500 | score  176.08 | avg100  170.90 | grasp100  87.0% | best 0.910 |     27 st/s
    done(50): success=41 t_flicker=7 t_touched=1 t_no_reach=1
Ep 27550 | score  200.28 | avg100  170.29 | grasp100  87.0% | best 0.910 |     27 st/s
    done(50): success=46 t_flicker=3 t_no_reach=1
Ep 27600 | score  201.11 | avg100  179.12 | grasp100  92.0% | best 0.910 |     27 st/s
    done(50): success=46 t_flicker=4
Ep 27650 | score    8.50 | avg100  171.70 | grasp100  86.0% | best 0.910 |     27 st/s
    done(50): success=40 t_flicker=6 t_touched=1 t_no_reach=3
Ep 27700 | score  194.33 | avg100  167.02 | grasp100  86.0% | best 0.910 |     27 st/s
    done(50): success=46 t_flicker=4
Ep 27750 | score  176.74 | avg100  169.16 | grasp100  87.0% | best 0.910 |     27 st/s
    done(50): success=41 t_flicker=6 t_touched=2 t_no_reach=1
Ep 27800 | score  174.94 | avg100  168.45 | grasp100  84.0% | best 0.910 |     27 st/s
    done(50): success=43 t_flicker=6 t_touched=1
Ep 27850 | score  187.42 | avg100  175.70 | grasp100  89.0% | best 0.910 |     27 st/s
    done(50): success=46 t_flicker=2 t_touched=2
Ep 27900 | score  179.47 | avg100  175.64 | grasp100  89.0% | best 0.910 |     27 st/s
    done(50): success=43 t_flicker=7
Ep 27950 | score  196.78 | avg100  176.13 | grasp100  89.0% | best 0.910 |     27 st/s
    done(50): success=46 t_flicker=4
  [primacy-bias reset of critic heads @ 400000 updates]
Ep 28000 | score  -25.98 | avg100  108.57 | grasp100  60.0% | best 0.910 |     27 st/s
    done(50): success=14 t_flicker=1 t_touched=1 t_no_reach=34
Ep 28050 | score   -8.19 | avg100   20.90 | grasp100  18.0% | best 0.910 |     27 st/s
    done(50): success=4 t_flicker=5 t_touched=6 t_no_reach=35
Ep 28100 | score  165.33 | avg100   29.36 | grasp100  16.0% | best 0.910 |     27 st/s
    done(50): success=12 t_flicker=12 t_touched=9 t_no_reach=17
Ep 28150 | score   21.21 | avg100   65.48 | grasp100  29.0% | best 0.910 |     27 st/s
    done(50): success=17 t_flicker=16 t_touched=10 t_no_reach=7
Ep 28200 | score  175.44 | avg100   96.97 | grasp100  45.0% | best 0.910 |     27 st/s
    done(50): success=28 t_flicker=9 t_touched=6 t_no_reach=7
Ep 28250 | score  202.37 | avg100  123.79 | grasp100  61.0% | best 0.910 |     27 st/s
    done(50): success=33 t_flicker=10 t_touched=3 t_no_reach=4
Ep 28300 | score  178.85 | avg100  141.24 | grasp100  71.0% | best 0.910 |     27 st/s
    done(50): success=38 t_flicker=6 t_touched=5 t_no_reach=1
Ep 28350 | score   58.49 | avg100  153.34 | grasp100  77.0% | best 0.910 |     27 st/s
    done(50): success=39 t_flicker=10 t_touched=1
Ep 28400 | score  161.58 | avg100  160.64 | grasp100  81.0% | best 0.910 |     27 st/s
    done(50): success=42 t_flicker=5 t_touched=2 t_no_reach=1
Ep 28450 | score  203.18 | avg100  166.96 | grasp100  85.0% | best 0.910 |     27 st/s
    done(50): success=43 t_flicker=6 t_touched=1
Ep 28500 | score  175.36 | avg100  173.75 | grasp100  89.0% | best 0.910 |     27 st/s
    done(50): success=46 t_flicker=4
Ep 28550 | score  189.64 | avg100  180.91 | grasp100  91.0% | best 0.910 |     27 st/s
    done(50): success=45 t_flicker=3 t_touched=1 t_no_reach=1
Ep 28600 | score  196.43 | avg100  183.62 | grasp100  91.0% | best 0.910 |     27 st/s
    done(50): success=46 t_flicker=3 t_no_reach=1
Ep 28650 | score  173.04 | avg100  180.29 | grasp100  91.0% | best 0.910 |     27 st/s
    done(50): success=45 t_flicker=4 t_touched=1
Ep 28700 | score  150.96 | avg100  173.01 | grasp100  88.0% | best 0.910 |     27 st/s
    done(50): success=43 t_flicker=7
Ep 28750 | score  194.24 | avg100  176.73 | grasp100  89.0% | best 0.910 |     27 st/s
    done(50): success=46 t_flicker=3 t_no_reach=1
Ep 28800 | score  201.94 | avg100  181.55 | grasp100  91.0% | best 0.910 |     27 st/s
    done(50): success=45 t_flicker=4 t_touched=1
Ep 28850 | score  187.94 | avg100  181.09 | grasp100  92.0% | best 0.910 |     27 st/s
    done(50): success=47 t_flicker=3
Ep 28900 | score  177.43 | avg100  178.01 | grasp100  90.0% | best 0.910 |     27 st/s
    done(50): success=43 t_flicker=6 t_touched=1
Ep 28950 | score   19.47 | avg100  176.02 | grasp100  88.0% | best 0.910 |     27 st/s
    done(50): success=45 t_flicker=4 t_touched=1
Ep 29000 | score  195.80 | avg100  178.53 | grasp100  89.0% | best 0.910 |     27 st/s
    done(50): success=44 t_flicker=5 t_touched=1
Ep 29050 | score  165.20 | avg100  182.16 | grasp100  93.0% | best 0.910 |     27 st/s
    done(50): success=49 t_flicker=1
Ep 29100 | score  180.11 | avg100  178.93 | grasp100  93.0% | best 0.910 |     27 st/s
    done(50): success=44 t_flicker=5 t_no_reach=1
Ep 29150 | score  199.85 | avg100  176.76 | grasp100  90.0% | best 0.910 |     27 st/s
    done(50): success=46 t_flicker=4
Ep 29167 | * BEST  level200=2.00 grasp200= 92.5% metric=0.925 | score  190.47
Ep 29200 | score  195.72 | avg100  180.74 | grasp100  92.0% | best 0.925 |     27 st/s
    done(50): success=46 t_flicker=3 t_touched=1
Ep 29250 | score  170.92 | avg100  177.77 | grasp100  90.0% | best 0.925 |     27 st/s
    done(50): success=44 t_flicker=6
Ep 29300 | score  201.02 | avg100  175.48 | grasp100  89.0% | best 0.925 |     27 st/s
    done(50): success=45 t_flicker=5
Ep 29350 | score  192.77 | avg100  174.80 | grasp100  88.0% | best 0.925 |     27 st/s
    done(50): success=43 t_flicker=6 t_touched=1
Ep 29400 | score  173.87 | avg100  173.50 | grasp100  87.0% | best 0.925 |     27 st/s
    done(50): success=44 t_flicker=3 t_no_reach=3
Ep 29450 | score  203.85 | avg100  172.90 | grasp100  86.0% | best 0.925 |     27 st/s
    done(50): success=42 t_flicker=6 t_touched=1 t_no_reach=1
Ep 29500 | score  162.45 | avg100  175.16 | grasp100  87.0% | best 0.925 |     27 st/s
    done(50): success=45 t_flicker=3 t_no_reach=2
Ep 29550 | score  183.69 | avg100  172.54 | grasp100  86.0% | best 0.925 |     27 st/s
    done(50): success=41 t_flicker=8 t_touched=1
Ep 29600 | score  182.53 | avg100  171.60 | grasp100  84.0% | best 0.925 |     27 st/s
    done(50): success=43 t_flicker=7
Ep 29650 | score  199.87 | avg100  173.10 | grasp100  86.0% | best 0.925 |     27 st/s
    done(50): success=43 t_flicker=5 t_touched=2
Ep 29700 | score  185.35 | avg100  173.91 | grasp100  87.0% | best 0.925 |     27 st/s
    done(50): success=44 t_flicker=5 t_no_reach=1
Ep 29750 | score  191.35 | avg100  180.12 | grasp100  90.0% | best 0.925 |     27 st/s
    done(50): success=46 t_flicker=3 t_touched=1
Ep 29800 | score  191.02 | avg100  182.83 | grasp100  93.0% | best 0.925 |     27 st/s
    done(50): success=47 t_flicker=3
  [primacy-bias reset of critic heads @ 425000 updates]
Ep 29850 | score  -27.80 | avg100  108.87 | grasp100  61.0% | best 0.925 |     27 st/s
    done(50): success=14 t_flicker=1 t_no_reach=35
Ep 29900 | score  -22.71 | avg100    4.62 | grasp100  14.0% | best 0.925 |     27 st/s
    done(50): t_flicker=1 t_touched=1 t_no_reach=48
Ep 29950 | score   21.63 | avg100    1.13 | grasp100   6.0% | best 0.925 |     27 st/s
    done(50): success=6 t_flicker=13 t_touched=10 t_no_reach=21
Ep 30000 | score   93.77 | avg100   58.11 | grasp100  24.0% | best 0.925 |     27 st/s
    done(50): success=18 t_flicker=18 t_touched=6 t_no_reach=8
Ep 30050 | score  190.09 | avg100   99.83 | grasp100  45.0% | best 0.925 |     27 st/s
    done(50): success=27 t_flicker=10 t_touched=7 t_no_reach=6
Ep 30100 | score   21.87 | avg100  115.07 | grasp100  56.0% | best 0.925 |     27 st/s
    done(50): success=29 t_flicker=11 t_touched=3 t_no_reach=7
Ep 30150 | score  190.90 | avg100  135.45 | grasp100  67.0% | best 0.925 |     27 st/s
    done(50): success=38 t_flicker=8 t_touched=2 t_no_reach=2
Ep 30200 | score   58.38 | avg100  153.76 | grasp100  75.0% | best 0.925 |     27 st/s
    done(50): success=37 t_flicker=8 t_touched=4 t_no_reach=1
Ep 30250 | score  205.48 | avg100  163.12 | grasp100  80.0% | best 0.925 |     27 st/s
    done(50): success=43 t_flicker=4 t_touched=2 t_no_reach=1
Ep 30300 | score  162.89 | avg100  173.77 | grasp100  89.0% | best 0.925 |     27 st/s
    done(50): success=46 t_flicker=3 t_no_reach=1
Ep 30350 | score  204.69 | avg100  175.73 | grasp100  90.0% | best 0.925 |     27 st/s
    done(50): success=44 t_flicker=6
Ep 30400 | score  172.20 | avg100  172.61 | grasp100  86.0% | best 0.925 |     27 st/s
    done(50): success=42 t_flicker=7 t_no_reach=1
Ep 30450 | score  200.09 | avg100  172.92 | grasp100  86.0% | best 0.925 |     27 st/s
    done(50): success=44 t_flicker=5 t_no_reach=1
Ep 30500 | score  206.47 | avg100  177.95 | grasp100  89.0% | best 0.925 |     27 st/s
    done(50): success=45 t_flicker=5
Ep 30550 | score  188.39 | avg100  178.76 | grasp100  89.0% | best 0.925 |     27 st/s
    done(50): success=44 t_flicker=5 t_no_reach=1
Ep 30600 | score  177.20 | avg100  175.94 | grasp100  89.0% | best 0.925 |     27 st/s
    done(50): success=45 t_flicker=5
Ep 30650 | score  194.33 | avg100  178.39 | grasp100  92.0% | best 0.925 |     27 st/s
    done(50): success=47 t_flicker=3
Ep 30700 | score  204.09 | avg100  181.84 | grasp100  93.0% | best 0.925 |     27 st/s
    done(50): success=46 t_flicker=3 t_no_reach=1
Ep 30750 | score  199.27 | avg100  184.10 | grasp100  93.0% | best 0.925 |     27 st/s
    done(50): success=47 t_flicker=2 t_touched=1
Ep 30769 | * BEST  level200=2.00 grasp200= 94.0% metric=0.940 | score  233.21
Ep 30800 | score  197.56 | avg100  181.07 | grasp100  92.0% | best 0.940 |     27 st/s
    done(50): success=45 t_flicker=3 t_no_reach=2
Ep 30850 | score  180.13 | avg100  177.31 | grasp100  92.0% | best 0.940 |     27 st/s
    done(50): success=47 t_flicker=1 t_touched=1 t_no_reach=1
Ep 30900 | score  182.53 | avg100  182.20 | grasp100  93.0% | best 0.940 |     27 st/s
    done(50): success=46 t_flicker=4
Ep 30950 | score  244.16 | avg100  182.22 | grasp100  91.0% | best 0.940 |     27 st/s
    done(50): success=45 t_flicker=5
Ep 31000 | score  153.13 | avg100  174.80 | grasp100  87.0% | best 0.940 |     27 st/s
    done(50): success=42 t_flicker=7 t_no_reach=1
Ep 31050 | score  231.43 | avg100  172.59 | grasp100  84.0% | best 0.940 |     27 st/s
    done(50): success=42 t_flicker=5 t_no_reach=3
Ep 31100 | score  180.38 | avg100  177.31 | grasp100  85.0% | best 0.940 |     27 st/s
    done(50): success=43 t_flicker=7
Ep 31150 | score  192.28 | avg100  174.57 | grasp100  87.0% | best 0.940 |     27 st/s
    done(50): success=44 t_flicker=4 t_no_reach=2
Ep 31200 | score  199.53 | avg100  172.92 | grasp100  88.0% | best 0.940 |     27 st/s
    done(50): success=44 t_flicker=4 t_touched=1 t_no_reach=1
Ep 31250 | score  189.26 | avg100  173.13 | grasp100  85.0% | best 0.940 |     27 st/s
    done(50): success=41 t_flicker=6 t_touched=2 t_no_reach=1
Ep 31300 | score  129.73 | avg100  175.80 | grasp100  86.0% | best 0.940 |     27 st/s
    done(50): success=45 t_flicker=4 t_no_reach=1
Ep 31350 | score  191.25 | avg100  180.02 | grasp100  88.0% | best 0.940 |     27 st/s
    done(50): success=43 t_flicker=7
Ep 31400 | score  191.41 | avg100  180.87 | grasp100  90.0% | best 0.940 |     27 st/s
    done(50): success=47 t_flicker=3
Ep 31450 | score  173.41 | avg100  181.51 | grasp100  92.0% | best 0.940 |     27 st/s
    done(50): success=45 t_flicker=5
Ep 31500 | score  214.34 | avg100  174.80 | grasp100  86.0% | best 0.940 |     27 st/s
    done(50): success=41 t_flicker=7 t_touched=2
Ep 31550 | score  147.86 | avg100  171.08 | grasp100  85.0% | best 0.940 |     27 st/s
    done(50): success=44 t_flicker=4 t_touched=2
Ep 31600 | score  193.90 | avg100  178.79 | grasp100  92.0% | best 0.940 |     27 st/s
    done(50): success=48 t_flicker=1 t_no_reach=1
  [primacy-bias reset of critic heads @ 450000 updates]
Ep 31650 | score  -26.49 | avg100  136.67 | grasp100  72.0% | best 0.940 |     27 st/s
    done(50): success=24 t_flicker=2 t_touched=3 t_no_reach=21
Ep 31700 | score  169.96 | avg100   41.60 | grasp100  28.0% | best 0.940 |     27 st/s
    done(50): success=4 t_touched=2 t_no_reach=44
Ep 31750 | score  148.17 | avg100   30.59 | grasp100  22.0% | best 0.940 |     27 st/s
    done(50): success=18 t_flicker=8 t_touched=2 t_no_reach=22
Ep 31800 | score   -4.67 | avg100   59.40 | grasp100  29.0% | best 0.940 |     27 st/s
    done(50): success=11 t_flicker=16 t_touched=9 t_no_reach=14
Ep 31850 | score   70.93 | avg100   64.81 | grasp100  27.0% | best 0.940 |     27 st/s
    done(50): success=16 t_flicker=16 t_touched=7 t_no_reach=11
Ep 31900 | score   29.16 | avg100  104.01 | grasp100  47.0% | best 0.940 |     27 st/s
    done(50): success=31 t_flicker=13 t_touched=5 t_no_reach=1
Ep 31950 | score  203.20 | avg100  140.49 | grasp100  68.0% | best 0.940 |     27 st/s
    done(50): success=37 t_flicker=9 t_touched=2 t_no_reach=2
Ep 32000 | score   57.19 | avg100  159.02 | grasp100  80.0% | best 0.940 |     27 st/s
    done(50): success=43 t_flicker=6 t_no_reach=1
Ep 32050 | score  182.18 | avg100  157.70 | grasp100  79.0% | best 0.940 |     27 st/s
    done(50): success=36 t_flicker=11 t_touched=2 t_no_reach=1
Ep 32100 | score  193.41 | avg100  159.41 | grasp100  79.0% | best 0.940 |     27 st/s
    done(50): success=43 t_flicker=6 t_no_reach=1
Ep 32150 | score  196.72 | avg100  175.69 | grasp100  89.0% | best 0.940 |     27 st/s
    done(50): success=46 t_flicker=2 t_no_reach=2
Ep 32200 | score  172.92 | avg100  174.18 | grasp100  88.0% | best 0.940 |     27 st/s
    done(50): success=42 t_flicker=8
Ep 32250 | score  170.97 | avg100  162.64 | grasp100  82.0% | best 0.940 |     27 st/s
    done(50): success=40 t_flicker=7 t_no_reach=3
Ep 32300 | score  199.41 | avg100  166.64 | grasp100  85.0% | best 0.940 |     27 st/s
    done(50): success=45 t_flicker=5
Ep 32350 | score  190.67 | avg100  177.65 | grasp100  90.0% | best 0.940 |     27 st/s
    done(50): success=45 t_flicker=5
Ep 32400 | score  196.88 | avg100  178.40 | grasp100  92.0% | best 0.940 |     27 st/s
    done(50): success=47 t_touched=2 t_no_reach=1
Ep 32450 | score  212.84 | avg100  183.22 | grasp100  96.0% | best 0.940 |     27 st/s
    done(50): success=49 t_touched=1
Ep 32500 | score  156.25 | avg100  184.81 | grasp100  95.0% | best 0.940 |     27 st/s
    done(50): success=46 t_flicker=3 t_touched=1
Ep 32550 | score  215.75 | avg100  182.01 | grasp100  92.0% | best 0.940 |     27 st/s
    done(50): success=46 t_flicker=4
Ep 32600 | score  181.29 | avg100  185.44 | grasp100  93.0% | best 0.940 |     27 st/s
    done(50): success=47 t_flicker=3
Ep 32650 | score   40.01 | avg100  182.14 | grasp100  91.0% | best 0.940 |     27 st/s
    done(50): success=44 t_flicker=5 t_no_reach=1
Ep 32700 | score  227.50 | avg100  180.23 | grasp100  89.0% | best 0.940 |     27 st/s
    done(50): success=45 t_flicker=5
Ep 32750 | score  188.73 | avg100  182.01 | grasp100  92.0% | best 0.940 |     27 st/s
    done(50): success=47 t_flicker=2 t_no_reach=1
Ep 32800 | score  188.48 | avg100  173.11 | grasp100  88.0% | best 0.940 |     27 st/s
    done(50): success=41 t_flicker=7 t_no_reach=2
Ep 32850 | score  196.98 | avg100  171.96 | grasp100  85.0% | best 0.940 |     27 st/s
    done(50): success=44 t_flicker=6
Ep 32900 | score  212.96 | avg100  180.31 | grasp100  89.0% | best 0.940 |     27 st/s
    done(50): success=45 t_flicker=5
Ep 32950 | score  188.74 | avg100  181.62 | grasp100  89.0% | best 0.940 |     27 st/s
    done(50): success=44 t_flicker=6
Ep 33000 | score  185.07 | avg100  183.05 | grasp100  91.0% | best 0.940 |     27 st/s
    done(50): success=47 t_flicker=2 t_no_reach=1
Ep 33050 | score  191.74 | avg100  184.38 | grasp100  93.0% | best 0.940 |     27 st/s
    done(50): success=46 t_flicker=3 t_no_reach=1
Ep 33100 | score  190.49 | avg100  181.66 | grasp100  90.0% | best 0.940 |     27 st/s
    done(50): success=44 t_flicker=5 t_no_reach=1
Ep 33150 | score  196.10 | avg100  184.13 | grasp100  92.0% | best 0.940 |     27 st/s
    done(50): success=48 t_flicker=2
Ep 33200 | score  185.30 | avg100  181.63 | grasp100  93.0% | best 0.940 |     27 st/s
    done(50): success=45 t_flicker=3 t_touched=2
Ep 33250 | score  177.15 | avg100  177.62 | grasp100  91.0% | best 0.940 |     27 st/s
    done(50): success=46 t_flicker=2 t_touched=1 t_no_reach=1
Ep 33300 | score  190.01 | avg100  179.89 | grasp100  93.0% | best 0.940 |     27 st/s
    done(50): success=47 t_flicker=1 t_touched=1 t_no_reach=1
Ep 33350 | score  172.46 | avg100  180.79 | grasp100  94.0% | best 0.940 |     27 st/s
    done(50): success=47 t_flicker=2 t_touched=1
Ep 33400 | score  192.37 | avg100  179.26 | grasp100  91.0% | best 0.940 |     27 st/s
    done(50): success=44 t_flicker=6
Ep 33450 | score  188.96 | avg100  180.16 | grasp100  90.0% | best 0.940 |     27 st/s
    done(50): success=46 t_flicker=4
  [primacy-bias reset of critic heads @ 475000 updates]
Ep 33500 | score  -27.44 | avg100  125.81 | grasp100  66.0% | best 0.940 |     27 st/s
    done(50): success=20 t_flicker=1 t_no_reach=29
Ep 33550 | score  201.12 | avg100   34.01 | grasp100  26.0% | best 0.940 |     27 st/s
    done(50): success=6 t_flicker=1 t_no_reach=43
Ep 33600 | score   -6.70 | avg100   23.31 | grasp100  19.0% | best 0.940 |     27 st/s
    done(50): success=13 t_flicker=7 t_touched=7 t_no_reach=23
Ep 33650 | score   11.59 | avg100   56.98 | grasp100  27.0% | best 0.940 |     27 st/s
    done(50): success=14 t_flicker=13 t_touched=13 t_no_reach=10
Ep 33700 | score   70.61 | avg100   81.20 | grasp100  34.0% | best 0.940 |     27 st/s
    done(50): success=20 t_flicker=22 t_touched=4 t_no_reach=4
Ep 33750 | score   65.48 | avg100  113.61 | grasp100  51.0% | best 0.940 |     27 st/s
    done(50): success=31 t_flicker=11 t_touched=4 t_no_reach=4
Ep 33800 | score  153.40 | avg100  143.79 | grasp100  70.0% | best 0.940 |     27 st/s
    done(50): success=39 t_flicker=7 t_touched=3 t_no_reach=1
Ep 33850 | score  223.41 | avg100  156.10 | grasp100  78.0% | best 0.940 |     27 st/s
    done(50): success=39 t_flicker=9 t_no_reach=2
Ep 33900 | score  197.81 | avg100  159.85 | grasp100  81.0% | best 0.940 |     27 st/s
    done(50): success=42 t_flicker=6 t_touched=1 t_no_reach=1
Ep 33950 | score  150.63 | avg100  172.09 | grasp100  87.0% | best 0.940 |     27 st/s
    done(50): success=45 t_flicker=5
Ep 34000 | score  189.68 | avg100  180.10 | grasp100  90.0% | best 0.940 |     27 st/s
    done(50): success=45 t_flicker=4 t_touched=1
Ep 34050 | score  199.02 | avg100  179.78 | grasp100  91.0% | best 0.940 |     27 st/s
    done(50): success=46 t_flicker=3 t_touched=1
Ep 34100 | score  190.40 | avg100  175.77 | grasp100  90.0% | best 0.940 |     27 st/s
    done(50): success=44 t_flicker=6
Ep 34150 | score   54.83 | avg100  177.07 | grasp100  90.0% | best 0.940 |     27 st/s
    done(50): success=46 t_flicker=4
Ep 34200 | score  197.33 | avg100  176.74 | grasp100  87.0% | best 0.940 |     27 st/s
    done(50): success=41 t_flicker=9
Ep 34250 | score  171.26 | avg100  175.99 | grasp100  87.0% | best 0.940 |     27 st/s
    done(50): success=46 t_flicker=4
Ep 34300 | score  144.84 | avg100  179.52 | grasp100  93.0% | best 0.940 |     27 st/s
    done(50): success=47 t_flicker=2 t_no_reach=1
Ep 34350 | score  224.74 | avg100  183.63 | grasp100  96.0% | best 0.940 |     27 st/s
    done(50): success=49 t_flicker=1
Ep 34400 | score  198.61 | avg100  190.08 | grasp100  97.0% | best 0.940 |     27 st/s
    done(50): success=48 t_flicker=2
Ep 34405 | * BEST  level200=2.00 grasp200= 95.5% metric=0.955 | score  172.32
Ep 34450 | score  187.61 | avg100  179.95 | grasp100  90.0% | best 0.955 |     27 st/s
    done(50): success=42 t_flicker=6 t_touched=1 t_no_reach=1
Ep 34500 | score  190.81 | avg100  173.67 | grasp100  86.0% | best 0.955 |     27 st/s
    done(50): success=44 t_flicker=6
Ep 34550 | score  237.04 | avg100  180.40 | grasp100  92.0% | best 0.955 |     27 st/s
    done(50): success=48 t_flicker=2
Ep 34600 | score  211.78 | avg100  184.27 | grasp100  95.0% | best 0.955 |     27 st/s
    done(50): success=47 t_flicker=1 t_touched=1 t_no_reach=1
Ep 34650 | score  228.87 | avg100  181.97 | grasp100  93.0% | best 0.955 |     27 st/s
    done(50): success=46 t_flicker=3 t_no_reach=1
Ep 34700 | score  193.70 | avg100  183.00 | grasp100  92.0% | best 0.955 |     27 st/s
    done(50): success=46 t_flicker=4
Ep 34750 | score  193.50 | avg100  185.44 | grasp100  91.0% | best 0.955 |     27 st/s
    done(50): success=45 t_flicker=5
Ep 34800 | score  214.71 | avg100  179.89 | grasp100  90.0% | best 0.955 |     27 st/s
    done(50): success=45 t_flicker=4 t_touched=1
Ep 34850 | score  141.00 | avg100  179.09 | grasp100  92.0% | best 0.955 |     27 st/s
    done(50): success=47 t_flicker=2 t_touched=1
Ep 34900 | score   66.69 | avg100  179.37 | grasp100  92.0% | best 0.955 |     27 st/s
    done(50): success=45 t_flicker=4 t_touched=1
Ep 34950 | score  185.11 | avg100  178.85 | grasp100  91.0% | best 0.955 |     27 st/s
    done(50): success=46 t_flicker=3 t_no_reach=1
Ep 35000 | score  189.31 | avg100  183.66 | grasp100  94.0% | best 0.955 |     27 st/s
    done(50): success=48 t_flicker=1 t_no_reach=1
Ep 35050 | score  191.98 | avg100  184.79 | grasp100  95.0% | best 0.955 |     27 st/s
    done(50): success=47 t_flicker=1 t_touched=2
Ep 35100 | score  194.91 | avg100  182.29 | grasp100  92.0% | best 0.955 |     27 st/s
    done(50): success=45 t_flicker=4 t_no_reach=1
Ep 35150 | score  166.94 | avg100  185.20 | grasp100  94.0% | best 0.955 |     27 st/s
    done(50): success=49 t_touched=1
Ep 35200 | score  198.25 | avg100  186.22 | grasp100  96.0% | best 0.955 |     27 st/s
    done(50): success=47 t_flicker=3
Ep 35250 | score  185.62 | avg100  184.56 | grasp100  94.0% | best 0.955 |     27 st/s
    done(50): success=47 t_flicker=3
Ep 35300 | score  191.57 | avg100  184.90 | grasp100  93.0% | best 0.955 |     27 st/s
    done(50): success=46 t_flicker=4
Ep 35350 | score  182.77 | avg100  186.40 | grasp100  94.0% | best 0.955 |     27 st/s
    done(50): success=48 t_flicker=2
  [primacy-bias reset of critic heads @ 500000 updates]
Ep 35400 | score  -24.91 | avg100  129.92 | grasp100  69.0% | best 0.955 |     27 st/s
    done(50): success=21 t_touched=1 t_no_reach=28
Ep 35450 | score    1.10 | avg100   45.69 | grasp100  28.0% | best 0.955 |     27 st/s
    done(50): success=7 t_flicker=10 t_touched=7 t_no_reach=26
Ep 35500 | score   -2.47 | avg100   49.59 | grasp100  25.0% | best 0.955 |     27 st/s
    done(50): success=18 t_flicker=12 t_touched=10 t_no_reach=10
Ep 35550 | score  186.05 | avg100  102.70 | grasp100  48.0% | best 0.955 |     27 st/s
    done(50): success=30 t_flicker=15 t_touched=1 t_no_reach=4
Ep 35600 | score  186.57 | avg100  123.14 | grasp100  59.0% | best 0.955 |     27 st/s
    done(50): success=29 t_flicker=14 t_touched=2 t_no_reach=5
Ep 35650 | score   61.02 | avg100  122.70 | grasp100  59.0% | best 0.955 |     27 st/s
    done(50): success=30 t_flicker=14 t_touched=3 t_no_reach=3
Ep 35700 | score   25.31 | avg100  134.64 | grasp100  64.0% | best 0.955 |     27 st/s
    done(50): success=34 t_flicker=12 t_touched=3 t_no_reach=1
Ep 35750 | score  214.46 | avg100  151.79 | grasp100  75.0% | best 0.955 |     27 st/s
    done(50): success=41 t_flicker=7 t_touched=1 t_no_reach=1
Ep 35800 | score  173.89 | avg100  165.06 | grasp100  83.0% | best 0.955 |     27 st/s
    done(50): success=42 t_flicker=8
Ep 35850 | score  202.92 | avg100  174.29 | grasp100  86.0% | best 0.955 |     27 st/s
    done(50): success=44 t_flicker=6
Ep 35900 | score  164.82 | avg100  172.81 | grasp100  86.0% | best 0.955 |     27 st/s
    done(50): success=42 t_flicker=4 t_no_reach=4
Ep 35950 | score  191.58 | avg100  172.87 | grasp100  87.0% | best 0.955 |     27 st/s
    done(50): success=45 t_flicker=4 t_touched=1
Ep 36000 | score  170.01 | avg100  180.22 | grasp100  92.0% | best 0.955 |     27 st/s
    done(50): success=47 t_flicker=3
Ep 36050 | score  185.93 | avg100  180.76 | grasp100  92.0% | best 0.955 |     27 st/s
    done(50): success=45 t_flicker=5
Ep 36100 | score  195.80 | avg100  176.65 | grasp100  89.0% | best 0.955 |     27 st/s
    done(50): success=44 t_flicker=4 t_no_reach=2
Ep 36150 | score  200.11 | avg100  178.71 | grasp100  90.0% | best 0.955 |     27 st/s
    done(50): success=46 t_flicker=4
Ep 36200 | score  168.37 | avg100  182.16 | grasp100  92.0% | best 0.955 |     27 st/s
    done(50): success=46 t_flicker=2 t_touched=1 t_no_reach=1
Ep 36250 | score  199.39 | avg100  186.93 | grasp100  95.0% | best 0.955 |     27 st/s
    done(50): success=49 t_touched=1
Ep 36300 | score  203.69 | avg100  188.71 | grasp100  97.0% | best 0.955 |     27 st/s
    done(50): success=48 t_flicker=2
Ep 36350 | score  203.67 | avg100  184.42 | grasp100  95.0% | best 0.955 |     27 st/s
    done(50): success=47 t_flicker=2 t_no_reach=1
Ep 36377 | * BEST  level200=2.00 grasp200= 97.0% metric=0.970 | score  174.96
Ep 36400 | score  188.67 | avg100  187.90 | grasp100  96.0% | best 0.970 |     27 st/s
    done(50): success=49 t_flicker=1
Ep 36450 | score  204.01 | avg100  186.27 | grasp100  95.0% | best 0.970 |     27 st/s
    done(50): success=46 t_flicker=3 t_no_reach=1
Ep 36500 | score  204.24 | avg100  179.64 | grasp100  91.0% | best 0.970 |     27 st/s
    done(50): success=45 t_flicker=5
Ep 36550 | score  203.99 | avg100  176.79 | grasp100  88.0% | best 0.970 |     27 st/s
    done(50): success=43 t_flicker=6 t_no_reach=1
Ep 36600 | score   -4.82 | avg100  181.76 | grasp100  91.0% | best 0.970 |     27 st/s
    done(50): success=48 t_flicker=1 t_no_reach=1
Ep 36650 | score  197.32 | avg100  186.79 | grasp100  95.0% | best 0.970 |     27 st/s
    done(50): success=47 t_flicker=2 t_no_reach=1
Ep 36700 | score  199.63 | avg100  186.42 | grasp100  96.0% | best 0.970 |     27 st/s
    done(50): success=49 t_flicker=1
Ep 36750 | score  228.81 | avg100  185.51 | grasp100  95.0% | best 0.970 |     27 st/s
    done(50): success=46 t_flicker=4
Ep 36800 | score  221.47 | avg100  182.38 | grasp100  92.0% | best 0.970 |     27 st/s
    done(50): success=46 t_flicker=3 t_no_reach=1
Ep 36850 | score  215.10 | avg100  180.48 | grasp100  91.0% | best 0.970 |     27 st/s
    done(50): success=45 t_flicker=5
Ep 36900 | score  201.16 | avg100  183.83 | grasp100  92.0% | best 0.970 |     27 st/s
    done(50): success=47 t_flicker=2 t_touched=1
Ep 36950 | score  197.05 | avg100  183.79 | grasp100  92.0% | best 0.970 |     27 st/s
    done(50): success=45 t_flicker=5
Ep 37000 | score  199.69 | avg100  180.11 | grasp100  90.0% | best 0.970 |     27 st/s
    done(50): success=45 t_flicker=4 t_no_reach=1
Ep 37050 | score  200.26 | avg100  182.19 | grasp100  92.0% | best 0.970 |     26 st/s
    done(50): success=47 t_flicker=2 t_no_reach=1
Ep 37100 | score   93.58 | avg100  185.93 | grasp100  95.0% | best 0.970 |     26 st/s
    done(50): success=48 t_flicker=2
Ep 37150 | score  193.10 | avg100  187.67 | grasp100  95.0% | best 0.970 |     26 st/s
    done(50): success=47 t_flicker=3
Ep 37200 | score  195.11 | avg100  188.56 | grasp100  95.0% | best 0.970 |     26 st/s
    done(50): success=48 t_flicker=2
Ep 37250 | score  203.72 | avg100  185.00 | grasp100  95.0% | best 0.970 |     26 st/s
    done(50): success=47 t_flicker=2 t_no_reach=1
  [primacy-bias reset of critic heads @ 525000 updates]
Ep 37300 | score  -22.73 | avg100  178.05 | grasp100  91.0% | best 0.970 |     26 st/s
    done(50): success=44 t_flicker=4 t_no_reach=2
Ep 37350 | score   -9.66 | avg100   98.40 | grasp100  52.0% | best 0.970 |     26 st/s
    done(50): success=8 t_flicker=3 t_touched=3 t_no_reach=36
Ep 37400 | score   -7.07 | avg100   20.81 | grasp100  14.0% | best 0.970 |     27 st/s
    done(50): success=6 t_flicker=7 t_touched=12 t_no_reach=25
Ep 37450 | score   80.50 | avg100   49.30 | grasp100  23.0% | best 0.970 |     27 st/s
    done(50): success=17 t_flicker=18 t_touched=4 t_no_reach=11
Ep 37500 | score  202.61 | avg100   91.96 | grasp100  40.0% | best 0.970 |     27 st/s
    done(50): success=23 t_flicker=19 t_touched=2 t_no_reach=6
Ep 37550 | score  163.40 | avg100  122.51 | grasp100  58.0% | best 0.970 |     27 st/s
    done(50): success=35 t_flicker=11 t_touched=2 t_no_reach=2
Ep 37600 | score   85.30 | avg100  156.87 | grasp100  79.0% | best 0.970 |     27 st/s
    done(50): success=44 t_flicker=5 t_touched=1
Ep 37650 | score  201.61 | avg100  158.79 | grasp100  80.0% | best 0.970 |     27 st/s
    done(50): success=36 t_flicker=10 t_touched=2 t_no_reach=2
Ep 37700 | score  196.45 | avg100  159.78 | grasp100  81.0% | best 0.970 |     27 st/s
    done(50): success=45 t_flicker=4 t_touched=1
Ep 37750 | score  205.66 | avg100  176.53 | grasp100  90.0% | best 0.970 |     27 st/s
    done(50): success=45 t_flicker=4 t_touched=1
Ep 37800 | score  194.43 | avg100  173.24 | grasp100  88.0% | best 0.970 |     27 st/s
    done(50): success=43 t_flicker=6 t_no_reach=1
Ep 37850 | score   60.56 | avg100  169.78 | grasp100  87.0% | best 0.970 |     27 st/s
    done(50): success=44 t_flicker=3 t_touched=1 t_no_reach=2
Ep 37900 | score  200.10 | avg100  171.95 | grasp100  88.0% | best 0.970 |     27 st/s
    done(50): success=44 t_flicker=5 t_no_reach=1
Ep 37950 | score  199.12 | avg100  180.80 | grasp100  92.0% | best 0.970 |     27 st/s
    done(50): success=48 t_flicker=1 t_no_reach=1
Ep 38000 | score  158.54 | avg100  179.30 | grasp100  92.0% | best 0.970 |     27 st/s
    done(50): success=44 t_flicker=5 t_no_reach=1
Ep 38050 | score  203.31 | avg100  180.74 | grasp100  92.0% | best 0.970 |     26 st/s
    done(50): success=48 t_flicker=2
Ep 38100 | score  145.38 | avg100  184.33 | grasp100  94.0% | best 0.970 |     26 st/s
    done(50): success=46 t_flicker=3 t_touched=1
Ep 38150 | score  208.83 | avg100  177.87 | grasp100  90.0% | best 0.970 |     26 st/s
    done(50): success=44 t_flicker=5 t_no_reach=1
Ep 38200 | score   93.24 | avg100  182.81 | grasp100  92.0% | best 0.970 |     26 st/s
    done(50): success=48 t_flicker=2
Ep 38250 | score  207.01 | avg100  187.71 | grasp100  95.0% | best 0.970 |     26 st/s
    done(50): success=47 t_flicker=2 t_touched=1
Ep 38300 | score  182.63 | avg100  183.69 | grasp100  93.0% | best 0.970 |     26 st/s
    done(50): success=46 t_flicker=4
Ep 38350 | score  186.56 | avg100  186.80 | grasp100  95.0% | best 0.970 |     26 st/s
    done(50): success=49 t_flicker=1
Ep 38400 | score  184.59 | avg100  191.60 | grasp100  99.0% | best 0.970 |     26 st/s
    done(50): success=50
Ep 38450 | score  191.10 | avg100  191.58 | grasp100 100.0% | best 0.970 |     26 st/s
    done(50): success=50
Ep 38495 | * BEST  level200=2.00 grasp200= 98.5% metric=0.985 | score  203.49
Ep 38500 | score  203.61 | avg100  190.38 | grasp100  98.0% | best 0.985 |     26 st/s
    done(50): success=48 t_flicker=2
Ep 38550 | score    1.30 | avg100  187.90 | grasp100  96.0% | best 0.985 |     26 st/s
    done(50): success=48 t_flicker=1 t_no_reach=1
Ep 38600 | score  176.84 | avg100  188.17 | grasp100  96.0% | best 0.985 |     26 st/s
    done(50): success=48 t_flicker=1 t_no_reach=1
Ep 38650 | score  197.42 | avg100  189.13 | grasp100  97.0% | best 0.985 |     26 st/s
    done(50): success=49 t_flicker=1
Ep 38700 | score  193.58 | avg100  185.57 | grasp100  95.0% | best 0.985 |     26 st/s
    done(50): success=46 t_flicker=4
Ep 38750 | score  155.18 | avg100  182.39 | grasp100  94.0% | best 0.985 |     26 st/s
    done(50): success=48 t_flicker=1 t_no_reach=1
Ep 38800 | score  -13.16 | avg100  180.67 | grasp100  94.0% | best 0.985 |     26 st/s
    done(50): success=46 t_flicker=1 t_no_reach=3
Ep 38850 | score  187.31 | avg100  183.10 | grasp100  95.0% | best 0.985 |     26 st/s
    done(50): success=49 t_flicker=1
Ep 38900 | score  184.74 | avg100  188.83 | grasp100  96.0% | best 0.985 |     26 st/s
    done(50): success=47 t_flicker=3
Ep 38950 | score  208.29 | avg100  193.09 | grasp100  97.0% | best 0.985 |     26 st/s
    done(50): success=50
Ep 39000 | score  199.93 | avg100  187.06 | grasp100  95.0% | best 0.985 |     26 st/s
    done(50): success=45 t_flicker=3 t_touched=2
Ep 39050 | score  226.32 | avg100  182.16 | grasp100  92.0% | best 0.985 |     26 st/s
    done(50): success=47 t_flicker=3
Ep 39100 | score  191.82 | avg100  184.57 | grasp100  94.0% | best 0.985 |     26 st/s
    done(50): success=47 t_flicker=1 t_no_reach=2
Ep 39150 | score  203.57 | avg100  184.26 | grasp100  94.0% | best 0.985 |     26 st/s
    done(50): success=47 t_flicker=2 t_touched=1
Ep 39200 | score  210.60 | avg100  181.10 | grasp100  91.0% | best 0.985 |     26 st/s
    done(50): success=44 t_flicker=4 t_touched=1 t_no_reach=1
Ep 39250 | score  197.87 | avg100  180.26 | grasp100  92.0% | best 0.985 |     26 st/s
    done(50): success=48 t_flicker=1 t_touched=1
  [primacy-bias reset of critic heads @ 550000 updates]
Ep 39300 | score  -27.90 | avg100  143.07 | grasp100  77.0% | best 0.985 |     26 st/s
    done(50): success=29 t_flicker=1 t_no_reach=20
Ep 39350 | score   -4.43 | avg100   38.12 | grasp100  29.0% | best 0.985 |     26 st/s
    done(50): t_flicker=1 t_touched=1 t_no_reach=48
Ep 39400 | score  -10.72 | avg100   -8.02 | grasp100   3.0% | best 0.985 |     26 st/s
    done(50): success=3 t_flicker=8 t_touched=12 t_no_reach=27
Ep 39450 | score  190.52 | avg100   37.19 | grasp100  19.0% | best 0.985 |     26 st/s
    done(50): success=16 t_flicker=11 t_touched=7 t_no_reach=16
Ep 39500 | score    1.50 | avg100   93.54 | grasp100  47.0% | best 0.985 |     26 st/s
    done(50): success=31 t_flicker=14 t_touched=1 t_no_reach=4
Ep 39550 | score  208.11 | avg100  132.67 | grasp100  66.0% | best 0.985 |     26 st/s
    done(50): success=35 t_flicker=10 t_touched=4 t_no_reach=1
Ep 39600 | score  197.12 | avg100  142.86 | grasp100  70.0% | best 0.985 |     26 st/s
    done(50): success=35 t_flicker=10 t_touched=2 t_no_reach=3
Ep 39650 | score  198.84 | avg100  159.67 | grasp100  81.0% | best 0.985 |     26 st/s
    done(50): success=46 t_flicker=4
Ep 39700 | score  183.84 | avg100  178.72 | grasp100  92.0% | best 0.985 |     26 st/s
    done(50): success=46 t_flicker=2 t_no_reach=2
Ep 39750 | score  227.85 | avg100  174.77 | grasp100  88.0% | best 0.985 |     26 st/s
    done(50): success=42 t_flicker=8
Ep 39800 | score    7.05 | avg100  177.12 | grasp100  89.0% | best 0.985 |     26 st/s
    done(50): success=47 t_flicker=3
Ep 39850 | score  167.69 | avg100  183.90 | grasp100  93.0% | best 0.985 |     26 st/s
    done(50): success=46 t_flicker=3 t_no_reach=1
Ep 39900 | score  201.86 | avg100  184.21 | grasp100  93.0% | best 0.985 |     26 st/s
    done(50): success=47 t_flicker=3
Ep 39950 | score  185.73 | avg100  183.41 | grasp100  93.0% | best 0.985 |     26 st/s
    done(50): success=46 t_flicker=4
Ep 40000 | score   55.68 | avg100  184.95 | grasp100  93.0% | best 0.985 |     26 st/s
    done(50): success=47 t_flicker=3
Ep 40050 | score  201.78 | avg100  188.72 | grasp100  95.0% | best 0.985 |     26 st/s
    done(50): success=48 t_flicker=2
Ep 40100 | score  173.75 | avg100  188.38 | grasp100  95.0% | best 0.985 |     26 st/s
    done(50): success=47 t_flicker=3
Ep 40150 | score  196.45 | avg100  178.92 | grasp100  89.0% | best 0.985 |     26 st/s
    done(50): success=42 t_flicker=6 t_no_reach=2
Ep 40200 | score  181.49 | avg100  176.40 | grasp100  87.0% | best 0.985 |     26 st/s
    done(50): success=45 t_flicker=5
Ep 40250 | score  174.81 | avg100  186.15 | grasp100  93.0% | best 0.985 |     26 st/s
    done(50): success=48 t_flicker=2
Ep 40300 | score  182.29 | avg100  186.80 | grasp100  95.0% | best 0.985 |     26 st/s
    done(50): success=47 t_flicker=3
Ep 40350 | score  233.92 | avg100  188.88 | grasp100  97.0% | best 0.985 |     26 st/s
    done(50): success=50
Ep 40400 | score  214.96 | avg100  189.97 | grasp100  99.0% | best 0.985 |     26 st/s
    done(50): success=49 t_flicker=1
Ep 40450 | score  242.87 | avg100  187.89 | grasp100  98.0% | best 0.985 |     26 st/s
    done(50): success=49 t_flicker=1
Ep 40500 | score  222.93 | avg100  182.76 | grasp100  94.0% | best 0.985 |     26 st/s
    done(50): success=45 t_flicker=3 t_touched=1 t_no_reach=1
Ep 40550 | score  206.36 | avg100  181.25 | grasp100  92.0% | best 0.985 |     26 st/s
    done(50): success=47 t_flicker=2 t_touched=1
Ep 40600 | score  207.74 | avg100  181.66 | grasp100  92.0% | best 0.985 |     26 st/s
    done(50): success=45 t_flicker=5
Ep 40650 | score  193.33 | avg100  183.72 | grasp100  94.0% | best 0.985 |     26 st/s
    done(50): success=49 t_flicker=1
Ep 40700 | score   28.02 | avg100  186.43 | grasp100  96.0% | best 0.985 |     26 st/s
    done(50): success=47 t_flicker=1 t_touched=2
Ep 40750 | score  190.64 | avg100  183.12 | grasp100  94.0% | best 0.985 |     26 st/s
    done(50): success=47 t_flicker=3
Ep 40800 | score  196.63 | avg100  184.09 | grasp100  94.0% | best 0.985 |     26 st/s
    done(50): success=47 t_flicker=2 t_no_reach=1
Ep 40850 | score  222.11 | avg100  187.07 | grasp100  95.0% | best 0.985 |     26 st/s
    done(50): success=48 t_flicker=2
Ep 40900 | score  184.78 | avg100  186.47 | grasp100  95.0% | best 0.985 |     26 st/s
    done(50): success=47 t_flicker=3
Ep 40950 | score  165.38 | avg100  187.06 | grasp100  97.0% | best 0.985 |     26 st/s
    done(50): success=50
Ep 41000 | score  189.18 | avg100  191.87 | grasp100 100.0% | best 0.985 |     26 st/s
    done(50): success=50
Ep 41050 | score  198.35 | avg100  190.41 | grasp100  98.0% | best 0.985 |     26 st/s
    done(50): success=48 t_flicker=1 t_touched=1
Ep 41100 | score  208.46 | avg100  188.39 | grasp100  95.0% | best 0.985 |     26 st/s
    done(50): success=47 t_flicker=3
Ep 41150 | score  207.53 | avg100  189.86 | grasp100  96.0% | best 0.985 |     26 st/s
    done(50): success=49 t_flicker=1
Ep 41200 | score  201.27 | avg100  190.87 | grasp100  98.0% | best 0.985 |     26 st/s
    done(50): success=49 t_flicker=1
  [primacy-bias reset of critic heads @ 575000 updates]
Ep 41250 | score   15.14 | avg100  119.57 | grasp100  63.0% | best 0.985 |     26 st/s
    done(50): success=14 t_flicker=3 t_touched=4 t_no_reach=29
Ep 41300 | score    8.72 | avg100   46.31 | grasp100  25.0% | best 0.985 |     26 st/s
    done(50): success=11 t_flicker=16 t_touched=8 t_no_reach=15
Ep 41350 | score   -5.68 | avg100   43.92 | grasp100  20.0% | best 0.985 |     26 st/s
    done(50): success=9 t_flicker=11 t_touched=12 t_no_reach=18
Ep 41400 | score  192.98 | avg100   53.79 | grasp100  24.0% | best 0.985 |     26 st/s
    done(50): success=15 t_flicker=16 t_touched=6 t_no_reach=13
Ep 41450 | score  151.20 | avg100  101.39 | grasp100  47.0% | best 0.985 |     26 st/s
    done(50): success=32 t_flicker=11 t_touched=4 t_no_reach=3
Ep 41500 | score   63.30 | avg100  143.50 | grasp100  66.0% | best 0.985 |     26 st/s
    done(50): success=34 t_flicker=14 t_no_reach=2
Ep 41550 | score  197.23 | avg100  155.69 | grasp100  74.0% | best 0.985 |     26 st/s
    done(50): success=40 t_flicker=7 t_touched=1 t_no_reach=2
Ep 41600 | score  201.09 | avg100  163.19 | grasp100  80.0% | best 0.985 |     26 st/s
    done(50): success=40 t_flicker=9 t_touched=1
Ep 41650 | score  185.22 | avg100  175.92 | grasp100  89.0% | best 0.985 |     26 st/s
    done(50): success=49 t_flicker=1
Ep 41700 | score  202.80 | avg100  185.51 | grasp100  95.0% | best 0.985 |     26 st/s
    done(50): success=46 t_flicker=4
Ep 41750 | score  162.52 | avg100  182.62 | grasp100  93.0% | best 0.985 |     26 st/s
    done(50): success=47 t_flicker=1 t_touched=1 t_no_reach=1
Ep 41800 | score  199.16 | avg100  183.19 | grasp100  94.0% | best 0.985 |     26 st/s
    done(50): success=47 t_flicker=2 t_no_reach=1
Ep 41850 | score  211.85 | avg100  182.18 | grasp100  93.0% | best 0.985 |     26 st/s
    done(50): success=46 t_flicker=4
Ep 41900 | score  184.62 | avg100  184.16 | grasp100  94.0% | best 0.985 |     26 st/s
    done(50): success=48 t_flicker=2
Ep 41950 | score  173.67 | avg100  189.73 | grasp100  96.0% | best 0.985 |     26 st/s
    done(50): success=48 t_flicker=2
Ep 42000 | score  182.29 | avg100  192.09 | grasp100  97.0% | best 0.985 |     26 st/s
    done(50): success=49 t_flicker=1
Ep 42050 | score  164.33 | avg100  188.97 | grasp100  96.0% | best 0.985 |     26 st/s
    done(50): success=47 t_flicker=3
Ep 42100 | score  210.02 | avg100  181.72 | grasp100  93.0% | best 0.985 |     26 st/s
    done(50): success=46 t_flicker=3 t_touched=1
Ep 42150 | score  191.44 | avg100  184.66 | grasp100  94.0% | best 0.985 |     26 st/s
    done(50): success=48 t_flicker=2
Ep 42200 | score  203.60 | avg100  194.04 | grasp100  97.0% | best 0.985 |     26 st/s
    done(50): success=49 t_flicker=1
Ep 42250 | score  162.99 | avg100  193.68 | grasp100  98.0% | best 0.985 |     26 st/s
    done(50): success=49 t_no_reach=1
Ep 42300 | score  184.12 | avg100  188.56 | grasp100  96.0% | best 0.985 |     26 st/s
    done(50): success=47 t_flicker=3
Ep 42350 | score  184.01 | avg100  185.49 | grasp100  93.0% | best 0.985 |     26 st/s
    done(50): success=46 t_flicker=3 t_no_reach=1
Ep 42400 | score  222.55 | avg100  187.52 | grasp100  94.0% | best 0.985 |     26 st/s
    done(50): success=48 t_flicker=2
Ep 42450 | score  177.86 | avg100  188.97 | grasp100  96.0% | best 0.985 |     26 st/s
    done(50): success=48 t_touched=2
Ep 42500 | score  162.88 | avg100  191.08 | grasp100  97.0% | best 0.985 |     26 st/s
    done(50): success=49 t_flicker=1
Ep 42550 | score  195.46 | avg100  194.09 | grasp100  98.0% | best 0.985 |     26 st/s
    done(50): success=49 t_flicker=1
Ep 42600 | score  182.50 | avg100  192.35 | grasp100  98.0% | best 0.985 |     26 st/s
    done(50): success=49 t_flicker=1
Ep 42650 | score  192.38 | avg100  189.01 | grasp100  97.0% | best 0.985 |     26 st/s
    done(50): success=48 t_flicker=2
Ep 42700 | score  171.17 | avg100  188.46 | grasp100  97.0% | best 0.985 |     26 st/s
    done(50): success=49 t_flicker=1
Ep 42750 | score  182.11 | avg100  193.18 | grasp100  99.0% | best 0.985 |     26 st/s
    done(50): success=50
Ep 42800 | score  202.66 | avg100  187.31 | grasp100  94.0% | best 0.985 |     26 st/s
    done(50): success=44 t_flicker=6
Ep 42850 | score  176.21 | avg100  184.92 | grasp100  92.0% | best 0.985 |     26 st/s
    done(50): success=48 t_flicker=1 t_no_reach=1
Ep 42900 | score  165.45 | avg100  188.70 | grasp100  95.0% | best 0.985 |     26 st/s
    done(50): success=47 t_flicker=3
Ep 42950 | score  186.21 | avg100  185.71 | grasp100  95.0% | best 0.985 |     26 st/s
    done(50): success=48 t_flicker=1 t_no_reach=1
Ep 43000 | score   38.03 | avg100  184.40 | grasp100  93.0% | best 0.985 |     26 st/s
    done(50): success=45 t_flicker=5
Ep 43050 | score  192.05 | avg100  189.10 | grasp100  93.0% | best 0.985 |     26 st/s
    done(50): success=48 t_flicker=2
Ep 43100 | score  199.59 | avg100  188.02 | grasp100  95.0% | best 0.985 |     26 st/s
    done(50): success=47 t_flicker=1 t_touched=1 t_no_reach=1
Ep 43150 | score  204.03 | avg100  187.64 | grasp100  97.0% | best 0.985 |     26 st/s
    done(50): success=50
  [primacy-bias reset of critic heads @ 600000 updates]
Ep 43200 | score  -27.54 | avg100  129.20 | grasp100  70.0% | best 0.985 |     26 st/s
    done(50): success=20 t_no_reach=30
Ep 43250 | score  -19.14 | avg100   19.25 | grasp100  20.0% | best 0.985 |     26 st/s
    done(50): t_flicker=1 t_no_reach=49
Ep 43300 | score  206.08 | avg100   -3.22 | grasp100   5.0% | best 0.985 |     26 st/s
    done(50): success=5 t_flicker=10 t_touched=12 t_no_reach=23
Ep 43350 | score   76.05 | avg100   50.95 | grasp100  25.0% | best 0.985 |     26 st/s
    done(50): success=20 t_flicker=12 t_touched=9 t_no_reach=9
Ep 43400 | score  171.63 | avg100  102.68 | grasp100  49.0% | best 0.985 |     26 st/s
    done(50): success=29 t_flicker=14 t_touched=5 t_no_reach=2
Ep 43450 | score  -15.42 | avg100  134.35 | grasp100  66.0% | best 0.985 |     26 st/s
    done(50): success=37 t_flicker=6 t_touched=2 t_no_reach=5
Ep 43500 | score  159.77 | avg100  154.12 | grasp100  79.0% | best 0.985 |     26 st/s
    done(50): success=42 t_flicker=6 t_touched=2
Ep 43550 | score  169.41 | avg100  173.50 | grasp100  89.0% | best 0.985 |     26 st/s
    done(50): success=47 t_flicker=3
Ep 43600 | score   54.54 | avg100  181.81 | grasp100  91.0% | best 0.985 |     26 st/s
    done(50): success=44 t_flicker=5 t_no_reach=1
Ep 43650 | score  183.28 | avg100  177.46 | grasp100  88.0% | best 0.985 |     26 st/s
    done(50): success=44 t_flicker=5 t_no_reach=1
Ep 43700 | score  157.02 | avg100  178.94 | grasp100  91.0% | best 0.985 |     26 st/s
    done(50): success=47 t_flicker=3
Ep 43750 | score  225.74 | avg100  181.53 | grasp100  93.0% | best 0.985 |     26 st/s
    done(50): success=46 t_flicker=3 t_no_reach=1
Ep 43800 | score  198.06 | avg100  185.80 | grasp100  94.0% | best 0.985 |     26 st/s
    done(50): success=48 t_flicker=2
Ep 43850 | score  191.87 | avg100  193.30 | grasp100  98.0% | best 0.985 |     26 st/s
    done(50): success=50
Ep 43900 | score  157.85 | avg100  192.63 | grasp100  99.0% | best 0.985 |     26 st/s
    done(50): success=49 t_flicker=1
Ep 43950 | score  190.30 | avg100  187.35 | grasp100  96.0% | best 0.985 |     26 st/s
    done(50): success=47 t_flicker=3
Ep 44000 | score  169.90 | avg100  186.72 | grasp100  95.0% | best 0.985 |     26 st/s
    done(50): success=48 t_flicker=1 t_touched=1
Ep 44050 | score  194.75 | avg100  190.01 | grasp100  97.0% | best 0.985 |     26 st/s
    done(50): success=49 t_flicker=1
Ep 44100 | score  173.85 | avg100  189.65 | grasp100  96.0% | best 0.985 |     26 st/s
    done(50): success=47 t_flicker=2 t_touched=1
Ep 44150 | score  176.54 | avg100  181.69 | grasp100  93.0% | best 0.985 |     26 st/s
    done(50): success=46 t_flicker=2 t_touched=1 t_no_reach=1
Ep 44200 | score  183.95 | avg100  180.34 | grasp100  93.0% | best 0.985 |     26 st/s
    done(50): success=47 t_flicker=3
Ep 44250 | score   48.44 | avg100  184.35 | grasp100  93.0% | best 0.985 |     26 st/s
    done(50): success=46 t_flicker=4
Ep 44300 | score  185.96 | avg100  180.53 | grasp100  91.0% | best 0.985 |     26 st/s
    done(50): success=45 t_flicker=4 t_touched=1
Ep 44350 | score  233.87 | avg100  183.49 | grasp100  92.0% | best 0.985 |     26 st/s
    done(50): success=47 t_flicker=2 t_no_reach=1
Ep 44400 | score  154.01 | avg100  189.78 | grasp100  96.0% | best 0.985 |     26 st/s
    done(50): success=49 t_flicker=1
Ep 44450 | score  163.48 | avg100  190.85 | grasp100  99.0% | best 0.985 |     26 st/s
    done(50): success=50
Ep 44500 | score  187.34 | avg100  191.65 | grasp100  97.0% | best 0.985 |     26 st/s
    done(50): success=47 t_flicker=3
Ep 44550 | score  191.32 | avg100  186.59 | grasp100  94.0% | best 0.985 |     26 st/s
    done(50): success=47 t_flicker=1 t_touched=1 t_no_reach=1
Ep 44600 | score  186.90 | avg100  187.73 | grasp100  97.0% | best 0.985 |     26 st/s
    done(50): success=50
Ep 44650 | score  184.14 | avg100  190.63 | grasp100  97.0% | best 0.985 |     26 st/s
    done(50): success=47 t_flicker=2 t_no_reach=1
Ep 44700 | score  236.97 | avg100  181.84 | grasp100  91.0% | best 0.985 |     26 st/s
    done(50): success=44 t_flicker=3 t_touched=1 t_no_reach=2
Ep 44750 | score  199.73 | avg100  179.36 | grasp100  90.0% | best 0.985 |     26 st/s
    done(50): success=46 t_flicker=3 t_no_reach=1
Ep 44800 | score  185.30 | avg100  188.45 | grasp100  95.0% | best 0.985 |     26 st/s
    done(50): success=49 t_touched=1
Ep 44850 | score  198.62 | avg100  192.60 | grasp100  97.0% | best 0.985 |     26 st/s
    done(50): success=48 t_flicker=2
Ep 44900 | score  202.44 | avg100  194.00 | grasp100  98.0% | best 0.985 |     26 st/s
    done(50): success=50
Ep 44950 | score  205.93 | avg100  195.72 | grasp100  98.0% | best 0.985 |     26 st/s
    done(50): success=48 t_flicker=1 t_no_reach=1
Ep 45000 | score  181.63 | avg100  191.49 | grasp100  95.0% | best 0.985 |     26 st/s
    done(50): success=47 t_flicker=3
Ep 45050 | score  194.83 | avg100  193.23 | grasp100  97.0% | best 0.985 |     26 st/s
    done(50): success=50
Ep 45100 | score  180.08 | avg100  199.05 | grasp100 100.0% | best 0.985 |     26 st/s
    done(50): success=50
  [primacy-bias reset of critic heads @ 625000 updates]
Ep 45150 | score  197.90 | avg100  111.73 | grasp100  60.0% | best 0.985 |     26 st/s
    done(50): success=10 t_flicker=2 t_no_reach=38
Ep 45200 | score   19.62 | avg100   33.57 | grasp100  22.0% | best 0.985 |     26 st/s
    done(50): success=12 t_flicker=7 t_touched=3 t_no_reach=28
Ep 45250 | score  202.88 | avg100   76.14 | grasp100  38.0% | best 0.985 |     26 st/s
    done(50): success=26 t_flicker=14 t_touched=1 t_no_reach=9
Ep 45300 | score  192.15 | avg100  104.31 | grasp100  49.0% | best 0.985 |     26 st/s
    done(50): success=23 t_flicker=19 t_touched=5 t_no_reach=3
Ep 45350 | score    2.47 | avg100  100.65 | grasp100  47.0% | best 0.985 |     26 st/s
    done(50): success=24 t_flicker=14 t_touched=4 t_no_reach=8
Ep 45400 | score   62.81 | avg100  125.69 | grasp100  60.0% | best 0.985 |     26 st/s
    done(50): success=36 t_flicker=11 t_touched=1 t_no_reach=2
Ep 45450 | score  185.96 | avg100  149.92 | grasp100  71.0% | best 0.985 |     26 st/s
    done(50): success=35 t_flicker=11 t_touched=2 t_no_reach=2
Ep 45500 | score   13.61 | avg100  162.35 | grasp100  80.0% | best 0.985 |     26 st/s
    done(50): success=45 t_flicker=4 t_touched=1
Ep 45550 | score  203.36 | avg100  178.09 | grasp100  90.0% | best 0.985 |     26 st/s
    done(50): success=45 t_flicker=4 t_no_reach=1
Ep 45600 | score  194.11 | avg100  185.92 | grasp100  94.0% | best 0.985 |     26 st/s
    done(50): success=49 t_touched=1
Ep 45650 | score  203.07 | avg100  189.82 | grasp100  97.0% | best 0.985 |     26 st/s
    done(50): success=48 t_flicker=1 t_touched=1
Ep 45700 | score  192.55 | avg100  188.24 | grasp100  95.0% | best 0.985 |     26 st/s
    done(50): success=47 t_flicker=3
Ep 45750 | score  199.03 | avg100  189.69 | grasp100  95.0% | best 0.985 |     26 st/s
    done(50): success=48 t_flicker=2
Ep 45800 | score  204.05 | avg100  185.55 | grasp100  94.0% | best 0.985 |     26 st/s
    done(50): success=46 t_flicker=4
Ep 45850 | score  203.17 | avg100  181.60 | grasp100  93.0% | best 0.985 |     26 st/s
    done(50): success=47 t_flicker=3
Ep 45900 | score  222.72 | avg100  184.00 | grasp100  94.0% | best 0.985 |     26 st/s
    done(50): success=47 t_flicker=3
Ep 45950 | score  200.63 | avg100  189.15 | grasp100  97.0% | best 0.985 |     26 st/s
    done(50): success=50
Ep 46000 | score  224.64 | avg100  193.93 | grasp100  99.0% | best 0.985 |     26 st/s
    done(50): success=49 t_flicker=1
Ep 46050 | score  199.43 | avg100  184.74 | grasp100  94.0% | best 0.985 |     26 st/s
    done(50): success=45 t_flicker=4 t_touched=1
Ep 46100 | score  182.32 | avg100  183.68 | grasp100  94.0% | best 0.985 |     26 st/s
    done(50): success=49 t_flicker=1
Ep 46150 | score  196.08 | avg100  184.26 | grasp100  93.0% | best 0.985 |     26 st/s
    done(50): success=44 t_flicker=5 t_touched=1
Ep 46200 | score  177.75 | avg100  183.72 | grasp100  93.0% | best 0.985 |     26 st/s
    done(50): success=49 t_flicker=1
Ep 46250 | score  171.24 | avg100  187.25 | grasp100  98.0% | best 0.985 |     26 st/s
    done(50): success=49 t_flicker=1
Ep 46300 | score  154.03 | avg100  187.01 | grasp100  97.0% | best 0.985 |     26 st/s
    done(50): success=48 t_flicker=1 t_no_reach=1
Ep 46350 | score  176.35 | avg100  186.38 | grasp100  95.0% | best 0.985 |     26 st/s
    done(50): success=47 t_touched=1 t_no_reach=2
Ep 46400 | score  187.98 | avg100  189.29 | grasp100  97.0% | best 0.985 |     26 st/s
    done(50): success=50
Ep 46450 | score  185.47 | avg100  191.31 | grasp100  98.0% | best 0.985 |     26 st/s
    done(50): success=48 t_flicker=1 t_no_reach=1
Ep 46500 | score  210.94 | avg100  185.50 | grasp100  94.0% | best 0.985 |     26 st/s
    done(50): success=46 t_flicker=4
Ep 46550 | score  197.46 | avg100  182.23 | grasp100  92.0% | best 0.985 |     26 st/s
    done(50): success=46 t_flicker=3 t_no_reach=1
Ep 46600 | score  192.79 | avg100  185.76 | grasp100  95.0% | best 0.985 |     26 st/s
    done(50): success=49 t_flicker=1
Ep 46650 | score  168.52 | avg100  186.19 | grasp100  96.0% | best 0.985 |     26 st/s
    done(50): success=47 t_flicker=1 t_no_reach=2
Ep 46700 | score  235.15 | avg100  183.52 | grasp100  94.0% | best 0.985 |     26 st/s
    done(50): success=47 t_flicker=3
Ep 46750 | score  204.43 | avg100  186.20 | grasp100  94.0% | best 0.985 |     26 st/s
    done(50): success=47 t_flicker=3
Ep 46800 | score  162.98 | avg100  187.26 | grasp100  94.0% | best 0.985 |     26 st/s
    done(50): success=47 t_flicker=2 t_no_reach=1
Ep 46850 | score  201.67 | avg100  187.13 | grasp100  94.0% | best 0.985 |     26 st/s
    done(50): success=47 t_flicker=2 t_touched=1
Ep 46900 | score  182.73 | avg100  188.21 | grasp100  96.0% | best 0.985 |     26 st/s
    done(50): success=49 t_flicker=1
Ep 46950 | score  208.38 | avg100  187.03 | grasp100  95.0% | best 0.985 |     26 st/s
    done(50): success=46 t_flicker=3 t_touched=1
Ep 47000 | score  198.58 | avg100  185.91 | grasp100  94.0% | best 0.985 |     26 st/s
    done(50): success=48 t_flicker=2
Ep 47050 | score  199.83 | avg100  189.41 | grasp100  95.0% | best 0.985 |     26 st/s
    done(50): success=47 t_flicker=2 t_no_reach=1
Ep 47100 | score  200.73 | avg100  188.53 | grasp100  94.0% | best 0.985 |     26 st/s
    done(50): success=47 t_flicker=1 t_touched=1 t_no_reach=1
  [primacy-bias reset of critic heads @ 650000 updates]
Ep 47150 | score   -5.71 | avg100   96.61 | grasp100  52.0% | best 0.985 |     26 st/s
    done(50): success=5 t_flicker=4 t_touched=5 t_no_reach=36
Ep 47200 | score  185.19 | avg100   35.35 | grasp100  22.0% | best 0.985 |     26 st/s
    done(50): success=17 t_flicker=5 t_touched=5 t_no_reach=23
Ep 47250 | score  198.26 | avg100   79.79 | grasp100  41.0% | best 0.985 |     26 st/s
    done(50): success=24 t_flicker=10 t_touched=4 t_no_reach=12
Ep 47300 | score  197.46 | avg100  118.08 | grasp100  58.0% | best 0.985 |     26 st/s
    done(50): success=34 t_flicker=11 t_touched=2 t_no_reach=3
Ep 47350 | score  207.56 | avg100  136.18 | grasp100  66.0% | best 0.985 |     26 st/s
    done(50): success=32 t_flicker=12 t_touched=3 t_no_reach=3
Ep 47400 | score  192.17 | avg100  151.49 | grasp100  76.0% | best 0.985 |     26 st/s
    done(50): success=44 t_flicker=5 t_touched=1
Ep 47450 | score  187.06 | avg100  158.22 | grasp100  79.0% | best 0.985 |     26 st/s
    done(50): success=35 t_flicker=12 t_touched=1 t_no_reach=2
Ep 47500 | score  203.18 | avg100  153.48 | grasp100  75.0% | best 0.985 |     26 st/s
    done(50): success=40 t_flicker=7 t_touched=1 t_no_reach=2
Ep 47550 | score   44.54 | avg100  171.30 | grasp100  84.0% | best 0.985 |     26 st/s
    done(50): success=44 t_flicker=5 t_no_reach=1
Ep 47600 | score  203.99 | avg100  178.92 | grasp100  88.0% | best 0.985 |     26 st/s
    done(50): success=44 t_flicker=4 t_touched=1 t_no_reach=1
Ep 47650 | score  201.25 | avg100  179.19 | grasp100  89.0% | best 0.985 |     26 st/s
    done(50): success=45 t_flicker=5
Ep 47700 | score  193.23 | avg100  187.19 | grasp100  94.0% | best 0.985 |     26 st/s
    done(50): success=49 t_flicker=1
Ep 47750 | score  188.94 | avg100  186.31 | grasp100  95.0% | best 0.985 |     26 st/s
    done(50): success=46 t_flicker=3 t_no_reach=1
Ep 47800 | score  138.34 | avg100  178.85 | grasp100  91.0% | best 0.985 |     26 st/s
    done(50): success=45 t_flicker=5
Ep 47850 | score  243.48 | avg100  181.88 | grasp100  93.0% | best 0.985 |     26 st/s
    done(50): success=48 t_flicker=2
Ep 47900 | score  183.11 | avg100  188.39 | grasp100  96.0% | best 0.985 |     26 st/s
    done(50): success=48 t_flicker=2
Ep 47950 | score  197.23 | avg100  185.99 | grasp100  94.0% | best 0.985 |     26 st/s
    done(50): success=46 t_flicker=4
Ep 48000 | score  175.06 | avg100  184.93 | grasp100  95.0% | best 0.985 |     26 st/s
    done(50): success=49 t_flicker=1
Ep 48050 | score  189.21 | avg100  186.88 | grasp100  96.0% | best 0.985 |     26 st/s
    done(50): success=47 t_flicker=2 t_touched=1
Ep 48100 | score  207.85 | avg100  190.68 | grasp100  97.0% | best 0.985 |     26 st/s
    done(50): success=50
Ep 48150 | score  166.21 | avg100  192.84 | grasp100  98.0% | best 0.985 |     26 st/s
    done(50): success=48 t_flicker=1 t_no_reach=1
Ep 48200 | score  202.26 | avg100  192.56 | grasp100  98.0% | best 0.985 |     26 st/s
    done(50): success=50
Ep 48250 | score   55.40 | avg100  194.61 | grasp100  99.0% | best 0.985 |     26 st/s
    done(50): success=49 t_flicker=1
Ep 48300 | score  172.87 | avg100  194.39 | grasp100  99.0% | best 0.985 |     26 st/s
    done(50): success=50
Ep 48350 | score  212.29 | avg100  193.03 | grasp100  99.0% | best 0.985 |     26 st/s
    done(50): success=49 t_flicker=1
Ep 48400 | score  204.43 | avg100  193.53 | grasp100  98.0% | best 0.985 |     26 st/s
    done(50): success=49 t_flicker=1
Ep 48450 | score  216.13 | avg100  195.46 | grasp100  98.0% | best 0.985 |     26 st/s
    done(50): success=49 t_flicker=1
Ep 48500 | score  199.98 | avg100  189.92 | grasp100  95.0% | best 0.985 |     26 st/s
    done(50): success=46 t_flicker=3 t_touched=1
Ep 48550 | score  195.44 | avg100  190.11 | grasp100  96.0% | best 0.985 |     26 st/s
    done(50): success=50
Ep 48600 | score  213.75 | avg100  196.25 | grasp100  99.0% | best 0.985 |     26 st/s
    done(50): success=49 t_flicker=1
Ep 48650 | score  192.22 | avg100  191.29 | grasp100  97.0% | best 0.985 |     26 st/s
    done(50): success=48 t_flicker=1 t_no_reach=1
Ep 48700 | score  197.94 | avg100  189.40 | grasp100  97.0% | best 0.985 |     26 st/s
    done(50): success=49 t_flicker=1
Ep 48750 | score  195.41 | avg100  194.24 | grasp100  98.0% | best 0.985 |     26 st/s
    done(50): success=49 t_flicker=1
Ep 48800 | score  185.07 | avg100  190.73 | grasp100  96.0% | best 0.985 |     26 st/s
    done(50): success=47 t_flicker=3
Ep 48850 | score  238.03 | avg100  191.30 | grasp100  97.0% | best 0.985 |     26 st/s
    done(50): success=50
Ep 48900 | score  205.92 | avg100  192.76 | grasp100  97.0% | best 0.985 |     26 st/s
    done(50): success=47 t_flicker=1 t_no_reach=2
Ep 48950 | score  226.52 | avg100  190.41 | grasp100  95.0% | best 0.985 |     26 st/s
    done(50): success=48 t_flicker=1 t_no_reach=1
Ep 49000 | score  204.40 | avg100  191.88 | grasp100  97.0% | best 0.985 |     26 st/s
    done(50): success=49 t_flicker=1
Ep 49050 | score  199.05 | avg100  191.01 | grasp100  97.0% | best 0.985 |     26 st/s
    done(50): success=48 t_flicker=2
Ep 49100 | score  205.99 | avg100  185.81 | grasp100  94.0% | best 0.985 |     26 st/s
    done(50): success=46 t_flicker=2 t_no_reach=2
  [primacy-bias reset of critic heads @ 675000 updates]
Ep 49150 | score  -18.00 | avg100  143.04 | grasp100  74.0% | best 0.985 |     26 st/s
    done(50): success=28 t_flicker=2 t_touched=4 t_no_reach=16
Ep 49200 | score  -17.41 | avg100   68.58 | grasp100  35.0% | best 0.985 |     26 st/s
    done(50): success=7 t_flicker=10 t_touched=13 t_no_reach=20
Ep 49250 | score  200.44 | avg100   50.23 | grasp100  23.0% | best 0.985 |     26 st/s
    done(50): success=16 t_flicker=12 t_touched=8 t_no_reach=14
Ep 49300 | score   35.13 | avg100   86.01 | grasp100  39.0% | best 0.985 |     26 st/s
    done(50): success=23 t_flicker=17 t_touched=8 t_no_reach=2
Ep 49350 | score  190.27 | avg100  111.89 | grasp100  49.0% | best 0.985 |     26 st/s
    done(50): success=26 t_flicker=19 t_touched=3 t_no_reach=2
Ep 49400 | score   50.01 | avg100  132.34 | grasp100  62.0% | best 0.985 |     26 st/s
    done(50): success=36 t_flicker=11 t_touched=3
Ep 49450 | score  199.57 | avg100  150.25 | grasp100  75.0% | best 0.985 |     26 st/s
    done(50): success=39 t_flicker=5 t_touched=3 t_no_reach=3
Ep 49500 | score  200.96 | avg100  161.18 | grasp100  81.0% | best 0.985 |     26 st/s
    done(50): success=42 t_flicker=6 t_touched=2
Ep 49550 | score  203.01 | avg100  175.81 | grasp100  88.0% | best 0.985 |     26 st/s
    done(50): success=46 t_flicker=4
Ep 49600 | score  175.22 | avg100  188.35 | grasp100  95.0% | best 0.985 |     26 st/s
    done(50): success=49 t_flicker=1
Ep 49650 | score  220.38 | avg100  184.97 | grasp100  96.0% | best 0.985 |     26 st/s
    done(50): success=47 t_flicker=1 t_no_reach=2
Ep 49700 | score  180.20 | avg100  179.45 | grasp100  95.0% | best 0.985 |     26 st/s
    done(50): success=48 t_no_reach=2
Ep 49750 | score  202.98 | avg100  185.96 | grasp100  97.0% | best 0.985 |     26 st/s
    done(50): success=49 t_flicker=1
Ep 49800 | score  200.78 | avg100  191.96 | grasp100  98.0% | best 0.985 |     26 st/s
    done(50): success=49 t_flicker=1
Ep 49850 | score  203.90 | avg100  189.42 | grasp100  95.0% | best 0.985 |     26 st/s
    done(50): success=46 t_flicker=3 t_no_reach=1
Ep 49900 | score  173.51 | avg100  189.83 | grasp100  96.0% | best 0.985 |     26 st/s
    done(50): success=50
Ep 49950 | score  205.85 | avg100  189.51 | grasp100  96.0% | best 0.985 |     26 st/s
    done(50): success=46 t_flicker=2 t_touched=1 t_no_reach=1
Ep 50000 | score  201.54 | avg100  191.13 | grasp100  96.0% | best 0.985 |     26 st/s
    done(50): success=50
Ep 50050 | score  205.28 | avg100  192.77 | grasp100  97.0% | best 0.985 |     26 st/s
    done(50): success=47 t_flicker=3
Ep 50100 | score  220.27 | avg100  189.84 | grasp100  96.0% | best 0.985 |     26 st/s
    done(50): success=49 t_flicker=1
Ep 50150 | score  184.74 | avg100  193.07 | grasp100  98.0% | best 0.985 |     26 st/s
    done(50): success=49 t_flicker=1
Ep 50200 | score  279.92 | avg100  192.37 | grasp100  97.0% | best 0.985 |     26 st/s
    done(50): success=48 t_flicker=1 t_touched=1
Ep 50250 | score  191.66 | avg100  191.77 | grasp100  97.0% | best 0.985 |     26 st/s
    done(50): success=49 t_no_reach=1
Ep 50300 | score  181.91 | avg100  190.44 | grasp100  95.0% | best 0.985 |     26 st/s
    done(50): success=46 t_flicker=4
Ep 50350 | score  236.66 | avg100  188.90 | grasp100  94.0% | best 0.985 |     26 st/s
    done(50): success=48 t_flicker=1 t_touched=1
Ep 50400 | score  197.32 | avg100  188.15 | grasp100  95.0% | best 0.985 |     26 st/s
    done(50): success=47 t_flicker=2 t_no_reach=1
Ep 50450 | score  199.31 | avg100  190.87 | grasp100  97.0% | best 0.985 |     26 st/s
    done(50): success=50
Ep 50500 | score  204.70 | avg100  193.46 | grasp100  98.0% | best 0.985 |     26 st/s
    done(50): success=48 t_flicker=2
Ep 50550 | score  192.23 | avg100  191.88 | grasp100  98.0% | best 0.985 |     26 st/s
    done(50): success=50
Ep 50600 | score  207.84 | avg100  191.72 | grasp100  99.0% | best 0.985 |     26 st/s
    done(50): success=49 t_touched=1
Ep 50650 | score  194.73 | avg100  190.11 | grasp100  96.0% | best 0.985 |     26 st/s
    done(50): success=47 t_flicker=2 t_no_reach=1
Ep 50700 | score  199.37 | avg100  193.02 | grasp100  97.0% | best 0.985 |     26 st/s
    done(50): success=50
Ep 50750 | score  165.91 | avg100  196.43 | grasp100 100.0% | best 0.985 |     26 st/s
    done(50): success=50
Ep 50800 | score  194.08 | avg100  192.48 | grasp100  97.0% | best 0.985 |     26 st/s
    done(50): success=47 t_flicker=1 t_no_reach=2
Ep 50850 | score  209.55 | avg100  191.66 | grasp100  96.0% | best 0.985 |     26 st/s
    done(50): success=49 t_flicker=1
Ep 50900 | score  197.94 | avg100  188.95 | grasp100  95.0% | best 0.985 |     26 st/s
    done(50): success=46 t_flicker=4
Ep 50950 | score  195.73 | avg100  184.76 | grasp100  93.0% | best 0.985 |     26 st/s
    done(50): success=47 t_flicker=2 t_no_reach=1
Ep 51000 | score  195.14 | avg100  188.25 | grasp100  96.0% | best 0.985 |     26 st/s
    done(50): success=49 t_no_reach=1
Ep 51050 | score  201.77 | avg100  191.24 | grasp100  98.0% | best 0.985 |     26 st/s
    done(50): success=49 t_flicker=1
Ep 51100 | score  202.80 | avg100  190.03 | grasp100  97.0% | best 0.985 |     26 st/s
    done(50): success=48 t_flicker=2
Ep 51150 | score  201.50 | avg100  193.52 | grasp100  98.0% | best 0.985 |     26 st/s
    done(50): success=50
  [primacy-bias reset of critic heads @ 700000 updates]
Ep 51200 | score  -11.38 | avg100  122.10 | grasp100  64.0% | best 0.985 |     26 st/s
    done(50): success=14 t_flicker=5 t_touched=1 t_no_reach=30
Ep 51250 | score  -21.70 | avg100   51.44 | grasp100  31.0% | best 0.985 |     26 st/s
    done(50): success=17 t_flicker=3 t_touched=4 t_no_reach=26
Ep 51300 | score    2.86 | avg100   35.59 | grasp100  22.0% | best 0.985 |     26 st/s
    done(50): success=5 t_flicker=5 t_touched=7 t_no_reach=33
Ep 51350 | score  197.38 | avg100   49.79 | grasp100  25.0% | best 0.985 |     26 st/s
    done(50): success=20 t_flicker=14 t_touched=5 t_no_reach=11
Ep 51400 | score  192.39 | avg100  117.96 | grasp100  58.0% | best 0.985 |     26 st/s
    done(50): success=38 t_flicker=5 t_touched=4 t_no_reach=3
Ep 51450 | score  235.96 | avg100  165.31 | grasp100  84.0% | best 0.985 |     26 st/s
    done(50): success=46 t_flicker=4
Ep 51500 | score  193.65 | avg100  174.70 | grasp100  88.0% | best 0.985 |     26 st/s
    done(50): success=42 t_flicker=8
Ep 51550 | score   59.81 | avg100  179.02 | grasp100  90.0% | best 0.985 |     26 st/s
    done(50): success=48 t_flicker=2
Ep 51600 | score  221.67 | avg100  187.50 | grasp100  94.0% | best 0.985 |     26 st/s
    done(50): success=46 t_flicker=4
Ep 51650 | score  200.56 | avg100  184.32 | grasp100  93.0% | best 0.985 |     26 st/s
    done(50): success=47 t_flicker=2 t_touched=1
Ep 51700 | score  211.25 | avg100  186.73 | grasp100  96.0% | best 0.985 |     26 st/s
    done(50): success=49 t_flicker=1
Ep 51750 | score  192.09 | avg100  189.49 | grasp100  97.0% | best 0.985 |     26 st/s
    done(50): success=48 t_flicker=2
Ep 51800 | score  205.58 | avg100  191.60 | grasp100  98.0% | best 0.985 |     26 st/s
    done(50): success=50
Ep 51850 | score  196.26 | avg100  188.21 | grasp100  95.0% | best 0.985 |     26 st/s
    done(50): success=45 t_flicker=3 t_touched=1 t_no_reach=1
Ep 51900 | score  194.79 | avg100  184.47 | grasp100  93.0% | best 0.985 |     26 st/s
    done(50): success=48 t_flicker=2
Ep 51950 | score  194.14 | avg100  181.59 | grasp100  93.0% | best 0.985 |     26 st/s
    done(50): success=45 t_flicker=4 t_no_reach=1
Ep 52000 | score  157.13 | avg100  184.79 | grasp100  95.0% | best 0.985 |     26 st/s
    done(50): success=50
Ep 52050 | score  188.58 | avg100  192.29 | grasp100  99.0% | best 0.985 |     26 st/s
    done(50): success=49 t_flicker=1
Ep 52100 | score  184.26 | avg100  193.08 | grasp100  98.0% | best 0.985 |     26 st/s
    done(50): success=49 t_flicker=1
Ep 52150 | score  206.49 | avg100  193.91 | grasp100  98.0% | best 0.985 |     26 st/s
    done(50): success=49 t_touched=1
Ep 52200 | score  204.87 | avg100  192.48 | grasp100  98.0% | best 0.985 |     26 st/s
    done(50): success=49 t_flicker=1
Ep 52250 | score  204.57 | avg100  193.56 | grasp100  98.0% | best 0.985 |     26 st/s
    done(50): success=49 t_touched=1
Ep 52300 | score  181.08 | avg100  195.33 | grasp100  98.0% | best 0.985 |     26 st/s
    done(50): success=49 t_touched=1
Ep 52350 | score  184.90 | avg100  191.30 | grasp100  97.0% | best 0.985 |     26 st/s
    done(50): success=48 t_flicker=1 t_touched=1
Ep 52400 | score  197.07 | avg100  191.12 | grasp100  97.0% | best 0.985 |     26 st/s
    done(50): success=49 t_touched=1
Ep 52450 | score  209.27 | avg100  197.96 | grasp100  99.0% | best 0.985 |     26 st/s
    done(50): success=50
Ep 52500 | score  224.81 | avg100  198.63 | grasp100  99.0% | best 0.985 |     26 st/s
    done(50): success=49 t_flicker=1
Ep 52550 | score  234.36 | avg100  197.58 | grasp100  99.0% | best 0.985 |     26 st/s
    done(50): success=50
Ep 52600 | score  205.91 | avg100  195.60 | grasp100  99.0% | best 0.985 |     26 st/s
    done(50): success=49 t_touched=1
Ep 52650 | score  202.09 | avg100  196.04 | grasp100  98.0% | best 0.985 |     26 st/s
    done(50): success=49 t_flicker=1
Ep 52700 | score  184.94 | avg100  199.94 | grasp100  99.0% | best 0.985 |     26 st/s
    done(50): success=50
Ep 52750 | score  198.13 | avg100  197.26 | grasp100 100.0% | best 0.985 |     26 st/s
    done(50): success=50
Ep 52800 | score  196.99 | avg100  197.88 | grasp100 100.0% | best 0.985 |     26 st/s
    done(50): success=50
Ep 52816 | * BEST  level200=2.00 grasp200=100.0% metric=1.000 | score  172.07
Ep 52850 | score  199.85 | avg100  200.15 | grasp100 100.0% | best 1.000 |     26 st/s
    done(50): success=50
Ep 52900 | score  195.87 | avg100  195.99 | grasp100  98.0% | best 1.000 |     26 st/s
    done(50): success=48 t_flicker=2
Ep 52950 | score  202.56 | avg100  193.66 | grasp100  97.0% | best 1.000 |     26 st/s
    done(50): success=49 t_flicker=1
Ep 53000 | score  197.57 | avg100  197.40 | grasp100  98.0% | best 1.000 |     26 st/s
    done(50): success=49 t_flicker=1
Ep 53050 | score  206.30 | avg100  197.35 | grasp100  97.0% | best 1.000 |     26 st/s
    done(50): success=48 t_flicker=2
Ep 53100 | score  204.29 | avg100  194.58 | grasp100  97.0% | best 1.000 |     26 st/s
    done(50): success=49 t_flicker=1
Ep 53150 | score  204.38 | avg100  194.47 | grasp100  97.0% | best 1.000 |     26 st/s
    done(50): success=48 t_flicker=2
  [primacy-bias reset of critic heads @ 725000 updates]
Ep 53200 | score  161.74 | avg100  180.89 | grasp100  91.0% | best 1.000 |     26 st/s
    done(50): success=43 t_flicker=1 t_touched=1 t_no_reach=5
Ep 53250 | score  -26.69 | avg100   82.19 | grasp100  47.0% | best 1.000 |     26 st/s
    done(50): success=4 t_flicker=1 t_touched=5 t_no_reach=40
Ep 53300 | score  182.28 | avg100   17.43 | grasp100  17.0% | best 1.000 |     26 st/s
    done(50): success=13 t_flicker=2 t_touched=4 t_no_reach=31
Ep 53350 | score  148.13 | avg100   78.60 | grasp100  45.0% | best 1.000 |     26 st/s
    done(50): success=32 t_flicker=5 t_touched=4 t_no_reach=9
Ep 53400 | score   21.40 | avg100  130.81 | grasp100  67.0% | best 1.000 |     26 st/s
    done(50): success=35 t_flicker=11 t_touched=1 t_no_reach=3
Ep 53450 | score  185.17 | avg100  146.38 | grasp100  73.0% | best 1.000 |     26 st/s
    done(50): success=38 t_flicker=9 t_touched=2 t_no_reach=1
Ep 53500 | score  199.32 | avg100  155.58 | grasp100  79.0% | best 1.000 |     26 st/s
    done(50): success=41 t_flicker=4 t_touched=4 t_no_reach=1
Ep 53550 | score  184.36 | avg100  171.10 | grasp100  86.0% | best 1.000 |     26 st/s
    done(50): success=45 t_flicker=5
Ep 53600 | score   45.17 | avg100  177.44 | grasp100  90.0% | best 1.000 |     26 st/s
    done(50): success=45 t_flicker=4 t_no_reach=1
Ep 53650 | score  197.97 | avg100  182.05 | grasp100  94.0% | best 1.000 |     26 st/s
    done(50): success=49 t_flicker=1
Ep 53700 | score  152.25 | avg100  191.30 | grasp100  98.0% | best 1.000 |     26 st/s
    done(50): success=49 t_flicker=1
Ep 53750 | score  203.83 | avg100  192.75 | grasp100  98.0% | best 1.000 |     26 st/s
    done(50): success=49 t_flicker=1
Ep 53800 | score  197.71 | avg100  194.61 | grasp100  99.0% | best 1.000 |     26 st/s
    done(50): success=50
Ep 53850 | score  184.70 | avg100  190.46 | grasp100  96.0% | best 1.000 |     26 st/s
    done(50): success=46 t_flicker=1 t_touched=3
Ep 53900 | score  206.33 | avg100  191.77 | grasp100  96.0% | best 1.000 |     26 st/s
    done(50): success=50
Ep 53950 | score  203.41 | avg100  196.69 | grasp100  99.0% | best 1.000 |     26 st/s
    done(50): success=49 t_flicker=1
Ep 54000 | score  201.41 | avg100  196.26 | grasp100  98.0% | best 1.000 |     26 st/s
    done(50): success=49 t_flicker=1
Ep 54050 | score  230.13 | avg100  195.87 | grasp100  99.0% | best 1.000 |     26 st/s
    done(50): success=50
Ep 54100 | score  193.01 | avg100  193.74 | grasp100  99.0% | best 1.000 |     26 st/s
    done(50): success=49 t_no_reach=1
Ep 54150 | score  181.46 | avg100  194.47 | grasp100  98.0% | best 1.000 |     26 st/s
    done(50): success=49 t_no_reach=1
Ep 54200 | score  185.88 | avg100  196.42 | grasp100  99.0% | best 1.000 |     26 st/s
    done(50): success=50
Ep 54250 | score  193.31 | avg100  198.33 | grasp100 100.0% | best 1.000 |     26 st/s
    done(50): success=50
Ep 54300 | score  200.88 | avg100  197.09 | grasp100  98.0% | best 1.000 |     26 st/s
    done(50): success=48 t_flicker=2
Ep 54350 | score  196.85 | avg100  192.39 | grasp100  95.0% | best 1.000 |     26 st/s
    done(50): success=47 t_flicker=1 t_no_reach=2
Ep 54400 | score   24.44 | avg100  191.70 | grasp100  96.0% | best 1.000 |     26 st/s
    done(50): success=49 t_flicker=1
Ep 54450 | score  175.87 | avg100  196.12 | grasp100  99.0% | best 1.000 |     26 st/s
    done(50): success=50
Ep 54500 | score  200.04 | avg100  195.17 | grasp100  98.0% | best 1.000 |     26 st/s
    done(50): success=48 t_flicker=1 t_touched=1
Ep 54550 | score  178.21 | avg100  192.45 | grasp100  97.0% | best 1.000 |     26 st/s
    done(50): success=49 t_flicker=1
Ep 54600 | score  181.17 | avg100  194.25 | grasp100  98.0% | best 1.000 |     26 st/s
    done(50): success=49 t_flicker=1
Ep 54650 | score  196.11 | avg100  194.94 | grasp100  98.0% | best 1.000 |     26 st/s
    done(50): success=49 t_flicker=1
Ep 54700 | score  193.63 | avg100  193.29 | grasp100  97.0% | best 1.000 |     26 st/s
    done(50): success=48 t_flicker=2
Ep 54750 | score  200.10 | avg100  190.44 | grasp100  96.0% | best 1.000 |     26 st/s
    done(50): success=48 t_flicker=2
Ep 54800 | score  190.65 | avg100  190.56 | grasp100  97.0% | best 1.000 |     26 st/s
    done(50): success=49 t_flicker=1
Ep 54850 | score  190.49 | avg100  192.50 | grasp100  97.0% | best 1.000 |     26 st/s
    done(50): success=48 t_flicker=2
Ep 54900 | score  197.09 | avg100  192.68 | grasp100  96.0% | best 1.000 |     26 st/s
    done(50): success=48 t_flicker=1 t_no_reach=1
Ep 54950 | score  207.81 | avg100  192.40 | grasp100  96.0% | best 1.000 |     26 st/s
    done(50): success=48 t_flicker=1 t_no_reach=1
Ep 55000 | score   10.97 | avg100  190.92 | grasp100  95.0% | best 1.000 |     26 st/s
    done(50): success=47 t_flicker=1 t_touched=2

========================================================================
DONE  td3_ln_cereal_alignwarm_s0
  Episodes     : 55000
  Env steps    : 1,868,120  (70771s)
  Best metric  : 1.000  (policy in /home/fahim/Thesis_fahim/pickandplace/checkpoints/td3_grasp_rand_td3_ln_cereal_alignwarm_s0/best)
  Final grasp% : 95.0
  CSV          : /home/fahim/Thesis_fahim/pickandplace/logs/grasp_rand_td3_ln_cereal_alignwarm_s0/episodes.csv
  Probe CSV    : /home/fahim/Thesis_fahim/pickandplace/logs/grasp_rand_td3_ln_cereal_alignwarm_s0/probe.csv
  Manifest     : /home/fahim/Thesis_fahim/pickandplace/logs/grasp_rand_td3_ln_cereal_alignwarm_s0/manifest.json
========================================================================

