========================================================================
RANDOM-SPAWN GRASP RETRAINING  |  algo=td3_ln  run=td3_ln_cereal_basewarm_s2
========================================================================
  Envs                : 5 (subprocess-parallel, fork)
  Spawn level         : 2.0 (1.0 = full position box, 2.0 = + z-rotation)
  Updates/vec-step    : 2 (0.400 per env-step; historical baseline 0.5)
  Buffer              : 2,000,000
  Actor               : 64 -> 32  (5,216 weights)  [critics 512->256]
  Warm start          : checkpoints/td3_grasp_rand_td3_ln_c2m512_s1/best
  Checkpoints         : /home/fahim/Thesis_fahim/pickandplace/checkpoints/td3_grasp_rand_td3_ln_cereal_basewarm_s2
========================================================================

Spawning 5 subprocess environments (fork)...
[robosuite WARNING] No private macro file found! (__init__.py:7)
[robosuite WARNING] It is recommended to use a private macro file (__init__.py:8)
[robosuite WARNING] To setup, run: python /home/fahim/Thesis_fahim/venv/lib/python3.12/site-packages/robosuite/scripts/setup_macros.py (__init__.py:9)
[robosuite WARNING] No private macro file found! (__init__.py:7)
[robosuite WARNING] It is recommended to use a private macro file (__init__.py:8)
[robosuite WARNING] To setup, run: python /home/fahim/Thesis_fahim/venv/lib/python3.12/site-packages/robosuite/scripts/setup_macros.py (__init__.py:9)
[robosuite WARNING] No private macro file found! (__init__.py:7)
[robosuite WARNING] It is recommended to use a private macro file (__init__.py:8)
[robosuite WARNING] To setup, run: python /home/fahim/Thesis_fahim/venv/lib/python3.12/site-packages/robosuite/scripts/setup_macros.py (__init__.py:9)
[robosuite WARNING] No private macro file found! (__init__.py:7)
[robosuite WARNING] It is recommended to use a private macro file (__init__.py:8)
[robosuite WARNING] To setup, run: python /home/fahim/Thesis_fahim/venv/lib/python3.12/site-packages/robosuite/scripts/setup_macros.py (__init__.py:9)
[robosuite WARNING] No private macro file found! (__init__.py:7)
[robosuite WARNING] It is recommended to use a private macro file (__init__.py:8)
[robosuite WARNING] To setup, run: python /home/fahim/Thesis_fahim/venv/lib/python3.12/site-packages/robosuite/scripts/setup_macros.py (__init__.py:9)
Gym has been unmaintained since 2022 and does not support NumPy 2.0 amongst other critical functionality.
Please upgrade to Gymnasium, the maintained drop-in replacement of Gym, or contact the authors of your software and request that they upgrade.
See the migration guide at https://gymnasium.farama.org/introduction/migration_guide/ for additional information.
Gym has been unmaintained since 2022 and does not support NumPy 2.0 amongst other critical functionality.
Please upgrade to Gymnasium, the maintained drop-in replacement of Gym, or contact the authors of your software and request that they upgrade.
See the migration guide at https://gymnasium.farama.org/introduction/migration_guide/ for additional information.
Gym has been unmaintained since 2022 and does not support NumPy 2.0 amongst other critical functionality.
Please upgrade to Gymnasium, the maintained drop-in replacement of Gym, or contact the authors of your software and request that they upgrade.
See the migration guide at https://gymnasium.farama.org/introduction/migration_guide/ for additional information.
Gym has been unmaintained since 2022 and does not support NumPy 2.0 amongst other critical functionality.
Please upgrade to Gymnasium, the maintained drop-in replacement of Gym, or contact the authors of your software and request that they upgrade.
See the migration guide at https://gymnasium.farama.org/introduction/migration_guide/ for additional information.
Gym has been unmaintained since 2022 and does not support NumPy 2.0 amongst other critical functionality.
Please upgrade to Gymnasium, the maintained drop-in replacement of Gym, or contact the authors of your software and request that they upgrade.
See the migration guide at https://gymnasium.farama.org/introduction/migration_guide/ for additional information.
/home/fahim/Thesis_fahim/venv/lib/python3.12/site-packages/gym/spaces/box.py:84: UserWarning: [33mWARN: Box bound precision lowered by casting to float32[0m
  logger.warn(f"Box bound precision lowered by casting to {self.dtype}")
/home/fahim/Thesis_fahim/venv/lib/python3.12/site-packages/gym/spaces/box.py:84: UserWarning: [33mWARN: Box bound precision lowered by casting to float32[0m
  logger.warn(f"Box bound precision lowered by casting to {self.dtype}")
/home/fahim/Thesis_fahim/venv/lib/python3.12/site-packages/gym/spaces/box.py:84: UserWarning: [33mWARN: Box bound precision lowered by casting to float32[0m
  logger.warn(f"Box bound precision lowered by casting to {self.dtype}")
/home/fahim/Thesis_fahim/venv/lib/python3.12/site-packages/gym/spaces/box.py:84: UserWarning: [33mWARN: Box bound precision lowered by casting to float32[0m
  logger.warn(f"Box bound precision lowered by casting to {self.dtype}")
Gym has been unmaintained since 2022 and does not support NumPy 2.0 amongst other critical functionality.
Please upgrade to Gymnasium, the maintained drop-in replacement of Gym, or contact the authors of your software and request that they upgrade.
See the migration guide at https://gymnasium.farama.org/introduction/migration_guide/ for additional information.
5 environments ready.

/home/fahim/Thesis_fahim/venv/lib/python3.12/site-packages/gym/spaces/box.py:84: UserWarning: [33mWARN: Box bound precision lowered by casting to float32[0m
  logger.warn(f"Box bound precision lowered by casting to {self.dtype}")
  Actor QAT           : per-tensor INT8 fake-quant, STE grads
  Actor weight clip   : |w| <= 8.0 * std(w) per Linear tensor (bi_s0 baseline fc1 9.96 / fc2 10.82)
Init: warm-started (actor only, critics fresh) (source: /home/fahim/Thesis_fahim/pickandplace/checkpoints/td3_grasp_rand_td3_ln_c2m512_s1/best)
Fresh replay buffer.

Training...

Ep    50 | score  -61.41 | avg100   -2.82 | grasp100   8.0% | best 0.000 |    128 st/s
    done(50): success=4 t_flicker=6 t_touched=18 t_no_reach=22
Ep   100 | score  -79.96 | avg100  -27.66 | grasp100   6.0% | best 0.000 |     54 st/s
    done(50): success=2 t_flicker=2 t_touched=4 t_no_reach=42
Ep   150 | score  -77.88 | avg100  -62.64 | grasp100   2.0% | best 0.000 |     44 st/s
    done(50): t_touched=1 t_no_reach=49
Ep   200 | * BEST  level200=2.00 grasp200=  3.0% metric=0.030 | score  -77.72
Ep   250 | score   26.47 | avg100  -61.47 | grasp100   1.0% | best 0.030 |     39 st/s
    done(50): success=1 t_flicker=2 t_touched=3 t_no_reach=44
Ep   300 | score   20.46 | avg100  -44.49 | grasp100   3.0% | best 0.030 |     37 st/s
    done(50): success=2 t_flicker=5 t_touched=2 t_no_reach=41
Ep   350 | score  -58.74 | avg100  -40.03 | grasp100   2.0% | best 0.030 |     37 st/s
    done(50): t_flicker=4 t_touched=7 t_no_reach=39
  [primacy-bias reset of critic heads @ 25000 updates]
Ep   400 | score  -79.08 | avg100  -55.00 | grasp100   0.0% | best 0.030 |     36 st/s
    done(50): t_flicker=1 t_touched=3 t_no_reach=46
Ep   450 | score  -75.45 | avg100  -68.63 | grasp100   0.0% | best 0.030 |     36 st/s
    done(50): t_touched=1 t_no_reach=49
Ep   500 | score  -67.99 | avg100  -66.95 | grasp100   0.0% | best 0.030 |     35 st/s
    done(50): t_flicker=1 t_touched=1 t_no_reach=48
Ep   550 | score  -72.47 | avg100  -58.11 | grasp100   0.0% | best 0.030 |     35 st/s
    done(50): t_flicker=1 t_touched=3 t_no_reach=46
Ep   600 | score  -65.54 | avg100  -55.13 | grasp100   0.0% | best 0.030 |     35 st/s
    done(50): t_flicker=2 t_touched=3 t_no_reach=45
Ep   650 | score  -65.15 | avg100  -58.66 | grasp100   0.0% | best 0.030 |     35 st/s
    done(50): t_touched=4 t_no_reach=46
  [primacy-bias reset of critic heads @ 50000 updates]
Ep   700 | score  -55.21 | avg100  -60.32 | grasp100   0.0% | best 0.030 |     34 st/s
    done(50): t_touched=10 t_no_reach=40
Ep   750 | score  -74.38 | avg100  -64.14 | grasp100   0.0% | best 0.030 |     34 st/s
    done(50): t_touched=1 t_no_reach=49
Ep   800 | score   -3.10 | avg100  -54.60 | grasp100   1.0% | best 0.030 |     34 st/s
    done(50): success=1 t_flicker=2 t_touched=10 t_no_reach=37
Ep   850 | score  -70.60 | avg100  -33.22 | grasp100   1.0% | best 0.030 |     34 st/s
    done(50): t_flicker=4 t_touched=8 t_no_reach=38
Ep   900 | score  -10.35 | avg100  -17.08 | grasp100   2.0% | best 0.030 |     34 st/s
    done(50): success=2 t_flicker=6 t_touched=12 t_no_reach=30
Ep   950 | score  -57.82 | avg100  -14.82 | grasp100   2.0% | best 0.030 |     34 st/s
    done(50): t_flicker=10 t_touched=17 t_no_reach=23
Ep  1000 | score  -48.96 | avg100  -15.65 | grasp100   2.0% | best 0.030 |     34 st/s
    done(50): success=2 t_flicker=7 t_touched=12 t_no_reach=29
  [primacy-bias reset of critic heads @ 75000 updates]
Ep  1050 | score   -5.65 | avg100  -28.74 | grasp100   2.0% | best 0.030 |     34 st/s
    done(50): t_flicker=1 t_touched=14 t_no_reach=35
Ep  1100 | score  -23.55 | avg100  -38.25 | grasp100   1.0% | best 0.030 |     34 st/s
    done(50): success=1 t_flicker=4 t_touched=8 t_no_reach=37
Ep  1150 | score  -49.67 | avg100  -21.56 | grasp100   2.0% | best 0.030 |     34 st/s
    done(50): success=1 t_flicker=5 t_touched=8 t_no_reach=36
Ep  1200 | score   -2.36 | avg100  -10.67 | grasp100   2.0% | best 0.030 |     34 st/s
    done(50): success=1 t_flicker=8 t_touched=14 t_no_reach=27
Ep  1250 | score   86.57 | avg100   -3.52 | grasp100   1.0% | best 0.030 |     33 st/s
    done(50): t_flicker=14 t_touched=11 t_no_reach=25
Ep  1300 | score  121.71 | avg100   -1.31 | grasp100   0.0% | best 0.030 |     33 st/s
    done(50): t_flicker=13 t_touched=16 t_no_reach=21
  [primacy-bias reset of critic heads @ 100000 updates]
Ep  1350 | score  -66.88 | avg100   -4.13 | grasp100   0.0% | best 0.030 |     33 st/s
    done(50): t_flicker=12 t_touched=14 t_no_reach=24
Ep  1400 | score   -3.58 | avg100   -8.25 | grasp100   2.0% | best 0.030 |     33 st/s
    done(50): success=2 t_flicker=14 t_touched=12 t_no_reach=22
Ep  1450 | score   16.34 | avg100   -0.58 | grasp100   2.0% | best 0.030 |     33 st/s
    done(50): t_flicker=12 t_touched=15 t_no_reach=23
Ep  1500 | score   29.52 | avg100   32.59 | grasp100   6.0% | best 0.030 |     33 st/s
    done(50): success=6 t_flicker=15 t_touched=21 t_no_reach=8
Ep  1509 | * BEST  level200=2.00 grasp200=  4.5% metric=0.045 | score  229.05
Ep  1533 | * BEST  level200=2.00 grasp200=  6.0% metric=0.060 | score  208.23
Ep  1550 | score   42.87 | avg100   51.61 | grasp100  11.0% | best 0.060 |     33 st/s
    done(50): success=5 t_flicker=17 t_touched=19 t_no_reach=9
Ep  1561 | * BEST  level200=2.00 grasp200=  7.0% metric=0.070 | score  213.74
Ep  1600 | score   -1.70 | avg100   38.46 | grasp100   7.0% | best 0.070 |     33 st/s
    done(50): success=2 t_flicker=13 t_touched=25 t_no_reach=10
Ep  1650 | score   -7.65 | avg100   23.87 | grasp100   3.0% | best 0.070 |     33 st/s
    done(50): success=1 t_flicker=16 t_touched=16 t_no_reach=17
  [primacy-bias reset of critic heads @ 125000 updates]
Ep  1700 | score   -8.47 | avg100    9.68 | grasp100   4.0% | best 0.070 |     33 st/s
    done(50): success=3 t_flicker=13 t_touched=10 t_no_reach=24
Ep  1750 | score  -13.19 | avg100  -10.74 | grasp100   4.0% | best 0.070 |     33 st/s
    done(50): success=1 t_flicker=8 t_touched=15 t_no_reach=26
Ep  1800 | score   32.29 | avg100    0.20 | grasp100   4.0% | best 0.070 |     33 st/s
    done(50): success=3 t_flicker=18 t_touched=14 t_no_reach=15
Ep  1850 | score   58.03 | avg100   30.36 | grasp100   6.0% | best 0.070 |     33 st/s
    done(50): success=3 t_flicker=16 t_touched=15 t_no_reach=16
Ep  1900 | score  -37.22 | avg100   36.25 | grasp100   5.0% | best 0.070 |     33 st/s
    done(50): success=2 t_flicker=13 t_touched=19 t_no_reach=16
Ep  1950 | score  -12.25 | avg100   20.90 | grasp100   3.0% | best 0.070 |     33 st/s
    done(50): success=1 t_flicker=10 t_touched=13 t_no_reach=26
Ep  2000 | score  108.14 | avg100   20.27 | grasp100   5.0% | best 0.070 |     33 st/s
    done(50): success=4 t_flicker=11 t_touched=21 t_no_reach=14
  [primacy-bias reset of critic heads @ 150000 updates]
Ep  2050 | score  -53.13 | avg100   17.97 | grasp100   4.0% | best 0.070 |     33 st/s
    done(50): t_flicker=15 t_touched=17 t_no_reach=18
Ep  2100 | score   86.70 | avg100   15.04 | grasp100   1.0% | best 0.070 |     33 st/s
    done(50): success=1 t_flicker=24 t_touched=19 t_no_reach=6
Ep  2150 | score   12.93 | avg100   32.39 | grasp100   5.0% | best 0.070 |     33 st/s
    done(50): success=4 t_flicker=21 t_touched=19 t_no_reach=6
Ep  2200 | score    3.06 | avg100   37.49 | grasp100   5.0% | best 0.070 |     33 st/s
    done(50): success=1 t_flicker=23 t_touched=19 t_no_reach=7
Ep  2250 | score  103.76 | avg100   41.29 | grasp100   4.0% | best 0.070 |     33 st/s
    done(50): success=3 t_flicker=27 t_touched=14 t_no_reach=6
Ep  2300 | score   13.42 | avg100   42.79 | grasp100   6.0% | best 0.070 |     33 st/s
    done(50): success=3 t_flicker=20 t_touched=18 t_no_reach=9
Ep  2350 | score   83.10 | avg100   52.31 | grasp100   8.0% | best 0.070 |     33 st/s
    done(50): success=5 t_flicker=21 t_touched=19 t_no_reach=5
  [primacy-bias reset of critic heads @ 175000 updates]
Ep  2382 | * BEST  level200=2.00 grasp200=  8.5% metric=0.085 | score  212.09
Ep  2400 | score    4.66 | avg100   60.08 | grasp100  11.0% | best 0.085 |     33 st/s
    done(50): success=6 t_flicker=15 t_touched=12 t_no_reach=17
Ep  2450 | score  -12.64 | avg100   40.67 | grasp100   6.0% | best 0.085 |     33 st/s
    done(50): t_flicker=24 t_touched=13 t_no_reach=13
Ep  2500 | score   75.42 | avg100   45.47 | grasp100   3.0% | best 0.085 |     33 st/s
    done(50): success=3 t_flicker=26 t_touched=16 t_no_reach=5
Ep  2550 | score   49.44 | avg100   59.34 | grasp100   7.0% | best 0.085 |     33 st/s
    done(50): success=4 t_flicker=21 t_touched=21 t_no_reach=4
Ep  2600 | score  207.96 | avg100   69.52 | grasp100  13.0% | best 0.085 |     33 st/s
    done(50): success=9 t_flicker=22 t_touched=14 t_no_reach=5
Ep  2619 | * BEST  level200=2.00 grasp200= 10.0% metric=0.100 | score  216.91
Ep  2629 | * BEST  level200=2.00 grasp200= 11.5% metric=0.115 | score  217.10
Ep  2649 | * BEST  level200=2.00 grasp200= 13.0% metric=0.130 | score  208.69
Ep  2650 | score   87.28 | avg100   86.51 | grasp100  19.0% | best 0.130 |     33 st/s
    done(50): success=10 t_flicker=29 t_touched=7 t_no_reach=4
Ep  2700 | score   43.95 | avg100   73.76 | grasp100  14.0% | best 0.130 |     33 st/s
    done(50): success=4 t_flicker=22 t_touched=20 t_no_reach=4
Ep  2707 | * BEST  level200=2.00 grasp200= 14.5% metric=0.145 | score  210.54
Ep  2717 | * BEST  level200=2.00 grasp200= 16.0% metric=0.160 | score  198.98
Ep  2738 | * BEST  level200=2.00 grasp200= 17.5% metric=0.175 | score  206.14
Ep  2750 | score   51.29 | avg100   74.42 | grasp100  17.0% | best 0.175 |     33 st/s
    done(50): success=13 t_flicker=13 t_touched=21 t_no_reach=3
  [primacy-bias reset of critic heads @ 200000 updates]
Ep  2800 | score    3.13 | avg100   72.25 | grasp100  18.0% | best 0.175 |     33 st/s
    done(50): success=5 t_flicker=16 t_touched=19 t_no_reach=10
Ep  2850 | score  214.82 | avg100   51.57 | grasp100   9.0% | best 0.175 |     33 st/s
    done(50): success=4 t_flicker=23 t_touched=11 t_no_reach=12
Ep  2900 | score   97.41 | avg100   49.17 | grasp100   6.0% | best 0.175 |     33 st/s
    done(50): success=2 t_flicker=33 t_touched=13 t_no_reach=2
Ep  2950 | score   49.84 | avg100   57.40 | grasp100   8.0% | best 0.175 |     33 st/s
    done(50): success=6 t_flicker=29 t_touched=12 t_no_reach=3
Ep  3000 | score  116.01 | avg100   72.18 | grasp100  12.0% | best 0.175 |     33 st/s
    done(50): success=6 t_flicker=28 t_touched=12 t_no_reach=4
Ep  3050 | score  -57.98 | avg100   78.83 | grasp100  13.0% | best 0.175 |     33 st/s
    done(50): success=7 t_flicker=16 t_touched=17 t_no_reach=10
Ep  3100 | score   57.52 | avg100   93.47 | grasp100  19.0% | best 0.175 |     33 st/s
    done(50): success=12 t_flicker=25 t_touched=9 t_no_reach=4
Ep  3120 | * BEST  level200=2.00 grasp200= 19.0% metric=0.190 | score  242.51
Ep  3150 | score  124.24 | avg100   98.90 | grasp100  24.0% | best 0.190 |     33 st/s
    done(50): success=12 t_flicker=24 t_touched=10 t_no_reach=4
Ep  3200 | score   57.47 | avg100   87.89 | grasp100  17.0% | best 0.190 |     33 st/s
    done(50): success=5 t_flicker=28 t_touched=14 t_no_reach=3
  [primacy-bias reset of critic heads @ 225000 updates]
Ep  3250 | score   -5.66 | avg100   63.74 | grasp100   8.0% | best 0.190 |     33 st/s
    done(50): success=3 t_flicker=17 t_touched=21 t_no_reach=9
Ep  3300 | score   -5.00 | avg100   47.03 | grasp100   8.0% | best 0.190 |     33 st/s
    done(50): success=5 t_flicker=23 t_touched=14 t_no_reach=8
Ep  3350 | score  139.69 | avg100   75.00 | grasp100  14.0% | best 0.190 |     33 st/s
    done(50): success=9 t_flicker=27 t_touched=9 t_no_reach=5
Ep  3400 | score  112.03 | avg100   93.85 | grasp100  20.0% | best 0.190 |     33 st/s
    done(50): success=11 t_flicker=27 t_touched=9 t_no_reach=3
Ep  3450 | score  -71.88 | avg100   86.28 | grasp100  19.0% | best 0.190 |     33 st/s
    done(50): success=8 t_flicker=26 t_touched=16
Ep  3500 | score   56.51 | avg100   79.39 | grasp100  12.0% | best 0.190 |     33 st/s
    done(50): success=4 t_flicker=23 t_touched=13 t_no_reach=10
Ep  3550 | score  208.73 | avg100   77.14 | grasp100  13.0% | best 0.190 |     33 st/s
    done(50): success=9 t_flicker=22 t_touched=17 t_no_reach=2
Ep  3600 | score   56.90 | avg100   75.46 | grasp100  18.0% | best 0.190 |     33 st/s
    done(50): success=9 t_flicker=20 t_touched=15 t_no_reach=6
  [primacy-bias reset of critic heads @ 250000 updates]
Ep  3650 | score  -18.26 | avg100   68.84 | grasp100  13.0% | best 0.190 |     33 st/s
    done(50): success=4 t_flicker=28 t_touched=12 t_no_reach=6
Ep  3700 | score   54.52 | avg100   57.83 | grasp100  11.0% | best 0.190 |     33 st/s
    done(50): success=7 t_flicker=26 t_touched=9 t_no_reach=8
Ep  3750 | score   17.51 | avg100   78.77 | grasp100  18.0% | best 0.190 |     33 st/s
    done(50): success=11 t_flicker=29 t_touched=9 t_no_reach=1
Ep  3800 | score  106.08 | avg100  100.09 | grasp100  24.0% | best 0.190 |     33 st/s
    done(50): success=13 t_flicker=24 t_touched=11 t_no_reach=2
Ep  3839 | * BEST  level200=2.00 grasp200= 20.5% metric=0.205 | score  205.92
Ep  3850 | * BEST  level200=2.00 grasp200= 22.0% metric=0.220 | score  208.76
Ep  3900 | score   67.33 | avg100   91.76 | grasp100  21.0% | best 0.220 |     33 st/s
    done(50): success=8 t_flicker=30 t_touched=11 t_no_reach=1
Ep  3914 | * BEST  level200=2.00 grasp200= 23.5% metric=0.235 | score  208.88
Ep  3928 | * BEST  level200=2.00 grasp200= 25.0% metric=0.250 | score  208.50
Ep  3950 | score   68.38 | avg100  110.01 | grasp100  24.0% | best 0.250 |     33 st/s
    done(50): success=16 t_flicker=20 t_touched=14
Ep  4000 | score  209.33 | avg100  107.54 | grasp100  29.0% | best 0.250 |     33 st/s
    done(50): success=13 t_flicker=20 t_touched=14 t_no_reach=3
Ep  4023 | * BEST  level200=2.00 grasp200= 26.5% metric=0.265 | score  207.63
Ep  4044 | * BEST  level200=2.00 grasp200= 28.0% metric=0.280 | score  206.74
Ep  4050 | score  207.01 | avg100  107.12 | grasp100  31.0% | best 0.280 |     32 st/s
    done(50): success=18 t_flicker=18 t_touched=10 t_no_reach=4
Ep  4070 | * BEST  level200=2.00 grasp200= 29.5% metric=0.295 | score  208.57
Ep  4081 | * BEST  level200=2.00 grasp200= 31.0% metric=0.310 | score  210.12
Ep  4093 | * BEST  level200=2.00 grasp200= 32.5% metric=0.325 | score  223.57
Ep  4100 | score   56.25 | avg100  112.47 | grasp100  35.0% | best 0.325 |     32 st/s
    done(50): success=17 t_flicker=19 t_touched=12 t_no_reach=2
  [primacy-bias reset of critic heads @ 275000 updates]
Ep  4150 | score  -31.06 | avg100   85.40 | grasp100  27.0% | best 0.325 |     32 st/s
    done(50): success=10 t_flicker=17 t_touched=18 t_no_reach=5
Ep  4200 | score   63.14 | avg100   65.58 | grasp100  20.0% | best 0.325 |     32 st/s
    done(50): success=10 t_flicker=17 t_touched=16 t_no_reach=7
Ep  4250 | score   38.84 | avg100   74.51 | grasp100  19.0% | best 0.325 |     32 st/s
    done(50): success=9 t_flicker=18 t_touched=21 t_no_reach=2
Ep  4300 | score  -17.52 | avg100   87.95 | grasp100  21.0% | best 0.325 |     32 st/s
    done(50): success=12 t_flicker=18 t_touched=18 t_no_reach=2
Ep  4350 | score  109.27 | avg100  100.13 | grasp100  25.0% | best 0.325 |     32 st/s
    done(50): success=13 t_flicker=24 t_touched=11 t_no_reach=2
Ep  4400 | score  247.46 | avg100  101.73 | grasp100  20.0% | best 0.325 |     32 st/s
    done(50): success=7 t_flicker=28 t_touched=14 t_no_reach=1
Ep  4450 | score  -28.78 | avg100   95.06 | grasp100  21.0% | best 0.325 |     32 st/s
    done(50): success=14 t_flicker=15 t_touched=19 t_no_reach=2
Ep  4500 | score  206.80 | avg100  113.61 | grasp100  37.0% | best 0.325 |     32 st/s
    done(50): success=23 t_flicker=15 t_touched=12
Ep  4550 | score  210.79 | avg100  119.01 | grasp100  36.0% | best 0.325 |     32 st/s
    done(50): success=13 t_flicker=18 t_touched=15 t_no_reach=4
  [primacy-bias reset of critic heads @ 300000 updates]
Ep  4600 | score  111.56 | avg100   98.91 | grasp100  26.0% | best 0.325 |     32 st/s
    done(50): success=13 t_flicker=16 t_touched=18 t_no_reach=3
Ep  4650 | score   94.99 | avg100   75.63 | grasp100  18.0% | best 0.325 |     32 st/s
    done(50): success=5 t_flicker=23 t_touched=15 t_no_reach=7
Ep  4700 | score  205.78 | avg100   75.78 | grasp100  14.0% | best 0.325 |     32 st/s
    done(50): success=9 t_flicker=26 t_touched=11 t_no_reach=4
Ep  4750 | score   98.07 | avg100   96.18 | grasp100  19.0% | best 0.325 |     32 st/s
    done(50): success=10 t_flicker=27 t_touched=11 t_no_reach=2
Ep  4800 | score  -28.78 | avg100   99.77 | grasp100  22.0% | best 0.325 |     32 st/s
    done(50): success=12 t_flicker=24 t_touched=11 t_no_reach=3
Ep  4850 | score  207.59 | avg100  113.82 | grasp100  35.0% | best 0.325 |     32 st/s
    done(50): success=23 t_flicker=15 t_touched=9 t_no_reach=3
Ep  4900 | score   64.63 | avg100  120.48 | grasp100  36.0% | best 0.325 |     32 st/s
    done(50): success=13 t_flicker=25 t_touched=12
Ep  4943 | * BEST  level200=2.00 grasp200= 34.0% metric=0.340 | score  207.04
Ep  4950 | score  -53.01 | avg100  119.48 | grasp100  33.0% | best 0.340 |     32 st/s
    done(50): success=20 t_flicker=20 t_touched=9 t_no_reach=1
Ep  4975 | * BEST  level200=2.00 grasp200= 35.5% metric=0.355 | score  215.65
Ep  5000 | score  206.56 | avg100  112.62 | grasp100  32.0% | best 0.355 |     32 st/s
    done(50): success=12 t_flicker=22 t_touched=12 t_no_reach=4
  [primacy-bias reset of critic heads @ 325000 updates]
Ep  5050 | score  -16.05 | avg100   89.73 | grasp100  24.0% | best 0.355 |     32 st/s
    done(50): success=12 t_flicker=15 t_touched=12 t_no_reach=11
Ep  5100 | score  207.28 | avg100   58.60 | grasp100  17.0% | best 0.355 |     32 st/s
    done(50): success=5 t_flicker=24 t_touched=10 t_no_reach=11
Ep  5150 | score   87.36 | avg100   62.44 | grasp100  17.0% | best 0.355 |     32 st/s
    done(50): success=12 t_flicker=26 t_touched=8 t_no_reach=4
Ep  5200 | score   24.51 | avg100   82.84 | grasp100  19.0% | best 0.355 |     32 st/s
    done(50): success=7 t_flicker=26 t_touched=16 t_no_reach=1
Ep  5250 | score  211.24 | avg100   92.96 | grasp100  17.0% | best 0.355 |     32 st/s
    done(50): success=10 t_flicker=30 t_touched=10
Ep  5300 | score  206.74 | avg100  113.51 | grasp100  28.0% | best 0.355 |     32 st/s
    done(50): success=18 t_flicker=21 t_touched=9 t_no_reach=2
Ep  5350 | score   57.95 | avg100  122.19 | grasp100  36.0% | best 0.355 |     32 st/s
    done(50): success=18 t_flicker=25 t_touched=4 t_no_reach=3
Ep  5400 | score  194.20 | avg100  119.81 | grasp100  32.0% | best 0.355 |     32 st/s
    done(50): success=14 t_flicker=23 t_touched=13
Ep  5450 | score  107.48 | avg100  113.51 | grasp100  29.0% | best 0.355 |     32 st/s
    done(50): success=15 t_flicker=21 t_touched=12 t_no_reach=2
Ep  5500 | score  241.98 | avg100  111.86 | grasp100  33.0% | best 0.355 |     32 st/s
    done(50): success=18 t_flicker=22 t_touched=10
  [primacy-bias reset of critic heads @ 350000 updates]
Ep  5550 | score   61.64 | avg100  105.82 | grasp100  31.0% | best 0.355 |     32 st/s
    done(50): success=13 t_flicker=20 t_touched=9 t_no_reach=8
Ep  5600 | score   61.78 | avg100   90.89 | grasp100  22.0% | best 0.355 |     32 st/s
    done(50): success=9 t_flicker=25 t_touched=14 t_no_reach=2
Ep  5650 | score   63.20 | avg100   78.06 | grasp100  16.0% | best 0.355 |     32 st/s
    done(50): success=7 t_flicker=35 t_touched=7 t_no_reach=1
Ep  5700 | score  114.60 | avg100   99.52 | grasp100  25.0% | best 0.355 |     32 st/s
    done(50): success=18 t_flicker=18 t_touched=13 t_no_reach=1
Ep  5750 | score  102.78 | avg100  117.37 | grasp100  32.0% | best 0.355 |     32 st/s
    done(50): success=14 t_flicker=25 t_touched=9 t_no_reach=2
Ep  5800 | score  101.37 | avg100  116.87 | grasp100  32.0% | best 0.355 |     32 st/s
    done(50): success=18 t_flicker=21 t_touched=9 t_no_reach=2
Ep  5850 | score   27.43 | avg100  114.97 | grasp100  33.0% | best 0.355 |     32 st/s
    done(50): success=15 t_flicker=18 t_touched=12 t_no_reach=5
Ep  5900 | score   86.91 | avg100  116.72 | grasp100  35.0% | best 0.355 |     32 st/s
    done(50): success=20 t_flicker=25 t_touched=5
Ep  5936 | * BEST  level200=2.00 grasp200= 37.0% metric=0.370 | score  210.50
Ep  5946 | * BEST  level200=2.00 grasp200= 38.5% metric=0.385 | score  211.63
Ep  5950 | score  212.53 | avg100  133.45 | grasp100  44.0% | best 0.385 |     32 st/s
    done(50): success=24 t_flicker=18 t_touched=5 t_no_reach=3
Ep  5971 | * BEST  level200=2.00 grasp200= 40.0% metric=0.400 | score  211.86
Ep  6000 | score  216.23 | avg100  134.62 | grasp100  45.0% | best 0.400 |     32 st/s
    done(50): success=21 t_flicker=18 t_touched=10 t_no_reach=1
Ep  6050 | score   64.97 | avg100  123.26 | grasp100  37.0% | best 0.400 |     32 st/s
    done(50): success=16 t_flicker=25 t_touched=8 t_no_reach=1
Ep  6053 | * BEST  level200=2.00 grasp200= 41.5% metric=0.415 | score  205.10
  [primacy-bias reset of critic heads @ 375000 updates]
Ep  6100 | score  150.82 | avg100  106.05 | grasp100  28.0% | best 0.415 |     32 st/s
    done(50): success=12 t_flicker=25 t_touched=11 t_no_reach=2
Ep  6150 | score   51.16 | avg100   89.45 | grasp100  25.0% | best 0.415 |     32 st/s
    done(50): success=13 t_flicker=25 t_touched=10 t_no_reach=2
Ep  6200 | score  -17.24 | avg100   82.19 | grasp100  22.0% | best 0.415 |     32 st/s
    done(50): success=9 t_flicker=23 t_touched=13 t_no_reach=5
Ep  6250 | score   84.57 | avg100   94.72 | grasp100  23.0% | best 0.415 |     32 st/s
    done(50): success=14 t_flicker=24 t_touched=8 t_no_reach=4
Ep  6300 | score  210.22 | avg100  116.11 | grasp100  35.0% | best 0.415 |     32 st/s
    done(50): success=21 t_flicker=16 t_touched=12 t_no_reach=1
Ep  6350 | score  -26.40 | avg100  112.81 | grasp100  38.0% | best 0.415 |     32 st/s
    done(50): success=17 t_flicker=24 t_touched=7 t_no_reach=2
Ep  6400 | score   55.42 | avg100  117.57 | grasp100  39.0% | best 0.415 |     32 st/s
    done(50): success=22 t_flicker=15 t_touched=12 t_no_reach=1
Ep  6450 | score  105.92 | avg100  131.69 | grasp100  45.0% | best 0.415 |     32 st/s
    done(50): success=23 t_flicker=16 t_touched=9 t_no_reach=2
Ep  6462 | * BEST  level200=2.00 grasp200= 43.0% metric=0.430 | score  207.93
Ep  6471 | * BEST  level200=2.00 grasp200= 44.5% metric=0.445 | score  220.13
Ep  6476 | * BEST  level200=2.00 grasp200= 46.0% metric=0.460 | score  215.27
Ep  6500 | score   47.84 | avg100  146.83 | grasp100  54.0% | best 0.460 |     32 st/s
    done(50): success=31 t_flicker=16 t_touched=3
Ep  6502 | * BEST  level200=2.00 grasp200= 47.5% metric=0.475 | score  209.51
Ep  6511 | * BEST  level200=2.00 grasp200= 49.0% metric=0.490 | score  233.60
Ep  6519 | * BEST  level200=2.00 grasp200= 50.5% metric=0.505 | score  206.00
Ep  6550 | score   64.47 | avg100  151.70 | grasp100  55.0% | best 0.505 |     32 st/s
    done(50): success=24 t_flicker=13 t_touched=10 t_no_reach=3
Ep  6600 | score   78.16 | avg100  133.48 | grasp100  45.0% | best 0.505 |     32 st/s
    done(50): success=21 t_flicker=22 t_touched=3 t_no_reach=4
Ep  6650 | score   89.11 | avg100  128.12 | grasp100  40.0% | best 0.505 |     32 st/s
    done(50): success=19 t_flicker=26 t_touched=4 t_no_reach=1
  [primacy-bias reset of critic heads @ 400000 updates]
Ep  6700 | score  -16.69 | avg100   91.25 | grasp100  26.0% | best 0.505 |     32 st/s
    done(50): success=7 t_flicker=20 t_touched=14 t_no_reach=9
Ep  6750 | score  213.38 | avg100   57.27 | grasp100  15.0% | best 0.505 |     32 st/s
    done(50): success=8 t_flicker=21 t_touched=16 t_no_reach=5
Ep  6800 | score  209.31 | avg100   85.93 | grasp100  24.0% | best 0.505 |     32 st/s
    done(50): success=16 t_flicker=24 t_touched=6 t_no_reach=4
Ep  6850 | score  114.45 | avg100  126.71 | grasp100  41.0% | best 0.505 |     32 st/s
    done(50): success=25 t_flicker=20 t_touched=5
Ep  6900 | score  206.34 | avg100  133.48 | grasp100  44.0% | best 0.505 |     32 st/s
    done(50): success=19 t_flicker=22 t_touched=8 t_no_reach=1
Ep  6950 | score  206.00 | avg100  128.86 | grasp100  38.0% | best 0.505 |     32 st/s
    done(50): success=19 t_flicker=27 t_touched=4
Ep  7000 | score   98.59 | avg100  125.88 | grasp100  37.0% | best 0.505 |     32 st/s
    done(50): success=18 t_flicker=25 t_touched=6 t_no_reach=1
Ep  7050 | score   59.93 | avg100  120.18 | grasp100  40.0% | best 0.505 |     32 st/s
    done(50): success=22 t_flicker=18 t_touched=7 t_no_reach=3
Ep  7100 | score  206.66 | avg100  114.34 | grasp100  36.0% | best 0.505 |     32 st/s
    done(50): success=14 t_flicker=27 t_touched=7 t_no_reach=2
Ep  7150 | score   26.19 | avg100  122.23 | grasp100  37.0% | best 0.505 |     32 st/s
    done(50): success=23 t_flicker=22 t_touched=3 t_no_reach=2
Ep  7200 | score  206.36 | avg100  120.09 | grasp100  40.0% | best 0.505 |     32 st/s
    done(50): success=17 t_flicker=22 t_touched=10 t_no_reach=1
  [primacy-bias reset of critic heads @ 425000 updates]
Ep  7250 | score   20.54 | avg100  102.85 | grasp100  33.0% | best 0.505 |     32 st/s
    done(50): success=16 t_flicker=20 t_touched=8 t_no_reach=6
Ep  7300 | score  -40.12 | avg100   75.16 | grasp100  22.0% | best 0.505 |     32 st/s
    done(50): success=6 t_flicker=19 t_touched=18 t_no_reach=7
Ep  7350 | score   -7.31 | avg100   63.87 | grasp100  18.0% | best 0.505 |     32 st/s
    done(50): success=12 t_flicker=24 t_touched=11 t_no_reach=3
Ep  7400 | score  130.12 | avg100  100.53 | grasp100  29.0% | best 0.505 |     32 st/s
    done(50): success=17 t_flicker=26 t_touched=6 t_no_reach=1
Ep  7450 | score  205.56 | avg100  125.14 | grasp100  42.0% | best 0.505 |     32 st/s
    done(50): success=25 t_flicker=21 t_touched=3 t_no_reach=1
Ep  7500 | score   98.00 | avg100  145.29 | grasp100  53.0% | best 0.505 |     32 st/s
    done(50): success=28 t_flicker=16 t_touched=5 t_no_reach=1
Ep  7550 | score   60.03 | avg100  138.22 | grasp100  45.0% | best 0.505 |     32 st/s
    done(50): success=17 t_flicker=25 t_touched=8
Ep  7600 | score  205.66 | avg100  131.19 | grasp100  45.0% | best 0.505 |     32 st/s
    done(50): success=28 t_flicker=15 t_touched=7
Ep  7650 | score   59.23 | avg100  146.56 | grasp100  53.0% | best 0.505 |     32 st/s
    done(50): success=25 t_flicker=20 t_touched=4 t_no_reach=1
Ep  7700 | score   83.33 | avg100  153.22 | grasp100  54.0% | best 0.505 |     32 st/s
    done(50): success=29 t_flicker=17 t_touched=4
Ep  7712 | * BEST  level200=2.00 grasp200= 52.0% metric=0.520 | score  206.90
Ep  7750 | score   74.62 | avg100  145.46 | grasp100  51.0% | best 0.520 |     32 st/s
    done(50): success=22 t_flicker=24 t_touched=4
Ep  7758 | * BEST  level200=2.00 grasp200= 53.5% metric=0.535 | score  211.80
Ep  7800 | score   86.35 | avg100  139.68 | grasp100  46.0% | best 0.535 |     32 st/s
    done(50): success=24 t_flicker=21 t_touched=5
  [primacy-bias reset of critic heads @ 450000 updates]
Ep  7850 | score   20.58 | avg100  138.53 | grasp100  42.0% | best 0.535 |     32 st/s
    done(50): success=18 t_flicker=22 t_touched=6 t_no_reach=4
Ep  7900 | score  -43.81 | avg100  105.80 | grasp100  34.0% | best 0.535 |     32 st/s
    done(50): success=16 t_flicker=12 t_touched=12 t_no_reach=10
Ep  7950 | score  165.47 | avg100   76.72 | grasp100  27.0% | best 0.535 |     32 st/s
    done(50): success=11 t_flicker=16 t_touched=18 t_no_reach=5
Ep  8000 | score  125.46 | avg100  101.75 | grasp100  33.0% | best 0.535 |     32 st/s
    done(50): success=22 t_flicker=18 t_touched=10
Ep  8050 | score  167.13 | avg100  125.98 | grasp100  40.0% | best 0.535 |     32 st/s
    done(50): success=18 t_flicker=23 t_touched=8 t_no_reach=1
Ep  8100 | score  209.63 | avg100  126.33 | grasp100  40.0% | best 0.535 |     32 st/s
    done(50): success=22 t_flicker=22 t_touched=5 t_no_reach=1
Ep  8150 | score  124.61 | avg100  142.88 | grasp100  51.0% | best 0.535 |     32 st/s
    done(50): success=29 t_flicker=16 t_touched=5
Ep  8200 | score  124.12 | avg100  146.24 | grasp100  53.0% | best 0.535 |     32 st/s
    done(50): success=24 t_flicker=20 t_touched=3 t_no_reach=3
Ep  8250 | score  113.63 | avg100  141.60 | grasp100  48.0% | best 0.535 |     32 st/s
    done(50): success=24 t_flicker=17 t_touched=8 t_no_reach=1
Ep  8300 | score  132.53 | avg100  142.96 | grasp100  46.0% | best 0.535 |     32 st/s
    done(50): success=22 t_flicker=21 t_touched=7
Ep  8350 | score  209.58 | avg100  142.53 | grasp100  46.0% | best 0.535 |     32 st/s
    done(50): success=24 t_flicker=19 t_touched=7
Ep  8400 | score   74.42 | avg100  129.49 | grasp100  41.0% | best 0.535 |     32 st/s
    done(50): success=17 t_flicker=25 t_touched=8
Ep  8450 | score  116.86 | avg100  147.92 | grasp100  55.0% | best 0.535 |     32 st/s
    done(50): success=38 t_flicker=7 t_touched=4 t_no_reach=1
  [primacy-bias reset of critic heads @ 475000 updates]
Ep  8500 | score  -62.42 | avg100  148.95 | grasp100  56.0% | best 0.535 |     32 st/s
    done(50): success=18 t_flicker=24 t_touched=4 t_no_reach=4
Ep  8550 | score   59.25 | avg100  108.13 | grasp100  33.0% | best 0.535 |     32 st/s
    done(50): success=15 t_flicker=25 t_touched=8 t_no_reach=2
Ep  8600 | score  116.46 | avg100  110.47 | grasp100  31.0% | best 0.535 |     32 st/s
    done(50): success=16 t_flicker=21 t_touched=12 t_no_reach=1
Ep  8650 | score   73.60 | avg100  127.73 | grasp100  40.0% | best 0.535 |     32 st/s
    done(50): success=24 t_flicker=20 t_touched=6
Ep  8700 | score  207.23 | avg100  133.20 | grasp100  50.0% | best 0.535 |     32 st/s
    done(50): success=26 t_flicker=19 t_touched=4 t_no_reach=1
Ep  8750 | score  209.52 | avg100  130.95 | grasp100  48.0% | best 0.535 |     32 st/s
    done(50): success=22 t_flicker=23 t_touched=5
Ep  8800 | score  208.45 | avg100  143.74 | grasp100  50.0% | best 0.535 |     32 st/s
    done(50): success=28 t_flicker=17 t_touched=5
Ep  8850 | score   61.40 | avg100  146.38 | grasp100  50.0% | best 0.535 |     32 st/s
    done(50): success=22 t_flicker=17 t_touched=8 t_no_reach=3
Ep  8900 | score  207.46 | avg100  140.94 | grasp100  50.0% | best 0.535 |     32 st/s
    done(50): success=28 t_flicker=17 t_touched=5
Ep  8950 | score  116.79 | avg100  149.42 | grasp100  54.0% | best 0.535 |     32 st/s
    done(50): success=26 t_flicker=18 t_touched=6
Ep  8987 | * BEST  level200=2.00 grasp200= 55.0% metric=0.550 | score  205.30
Ep  9000 | score  102.01 | avg100  158.49 | grasp100  59.0% | best 0.550 |     32 st/s
    done(50): success=33 t_flicker=13 t_touched=3 t_no_reach=1
Ep  9050 | score   -0.91 | avg100  152.34 | grasp100  58.0% | best 0.550 |     32 st/s
    done(50): success=25 t_flicker=14 t_touched=8 t_no_reach=3
Ep  9064 | * BEST  level200=2.00 grasp200= 56.5% metric=0.565 | score  219.67
Ep  9100 | score  209.74 | avg100  143.17 | grasp100  54.0% | best 0.565 |     32 st/s
    done(50): success=29 t_flicker=18 t_touched=3
Ep  9150 | score  206.51 | avg100  144.78 | grasp100  56.0% | best 0.565 |     32 st/s
    done(50): success=27 t_flicker=17 t_touched=4 t_no_reach=2
  [primacy-bias reset of critic heads @ 500000 updates]
Ep  9200 | score  205.08 | avg100  134.85 | grasp100  51.0% | best 0.565 |     32 st/s
    done(50): success=24 t_flicker=16 t_touched=9 t_no_reach=1
Ep  9250 | score   -4.79 | avg100  116.81 | grasp100  39.0% | best 0.565 |     32 st/s
    done(50): success=15 t_flicker=17 t_touched=16 t_no_reach=2
Ep  9300 | score  208.85 | avg100   97.59 | grasp100  29.0% | best 0.565 |     32 st/s
    done(50): success=14 t_flicker=22 t_touched=11 t_no_reach=3
Ep  9350 | score  210.13 | avg100  107.95 | grasp100  35.0% | best 0.565 |     32 st/s
    done(50): success=21 t_flicker=24 t_touched=5
Ep  9400 | score  216.82 | avg100  133.04 | grasp100  49.0% | best 0.565 |     32 st/s
    done(50): success=28 t_flicker=14 t_touched=8
Ep  9450 | score   34.48 | avg100  140.07 | grasp100  52.0% | best 0.565 |     32 st/s
    done(50): success=24 t_flicker=25 t_touched=1
Ep  9500 | score  206.03 | avg100  152.50 | grasp100  52.0% | best 0.565 |     32 st/s
    done(50): success=28 t_flicker=19 t_touched=2 t_no_reach=1
Ep  9550 | score  122.46 | avg100  157.85 | grasp100  56.0% | best 0.565 |     32 st/s
    done(50): success=28 t_flicker=15 t_touched=6 t_no_reach=1
Ep  9600 | score  212.05 | avg100  142.36 | grasp100  52.0% | best 0.565 |     32 st/s
    done(50): success=24 t_flicker=20 t_touched=6
Ep  9650 | score   56.14 | avg100  143.31 | grasp100  51.0% | best 0.565 |     32 st/s
    done(50): success=27 t_flicker=14 t_touched=6 t_no_reach=3
Ep  9700 | score  206.93 | avg100  148.03 | grasp100  55.0% | best 0.565 |     32 st/s
    done(50): success=28 t_flicker=16 t_touched=6
Ep  9750 | score  208.17 | avg100  145.91 | grasp100  57.0% | best 0.565 |     32 st/s
    done(50): success=29 t_flicker=16 t_touched=5
Ep  9800 | score  209.00 | avg100  155.83 | grasp100  59.0% | best 0.565 |     32 st/s
    done(50): success=30 t_flicker=15 t_touched=5
Ep  9811 | * BEST  level200=2.00 grasp200= 58.0% metric=0.580 | score  206.65
Ep  9835 | * BEST  level200=2.00 grasp200= 59.5% metric=0.595 | score  206.02
Ep  9844 | * BEST  level200=2.00 grasp200= 61.0% metric=0.610 | score  208.01
Ep  9850 | score  205.39 | avg100  162.71 | grasp100  63.0% | best 0.610 |     32 st/s
    done(50): success=33 t_flicker=13 t_touched=4
Ep  9866 | * BEST  level200=2.00 grasp200= 62.5% metric=0.625 | score  209.32
  [primacy-bias reset of critic heads @ 525000 updates]
Ep  9900 | score   56.52 | avg100  140.65 | grasp100  55.0% | best 0.625 |     32 st/s
    done(50): success=22 t_flicker=19 t_touched=6 t_no_reach=3
Ep  9950 | score   86.60 | avg100   99.15 | grasp100  31.0% | best 0.625 |     32 st/s
    done(50): success=9 t_flicker=28 t_touched=10 t_no_reach=3
Ep 10000 | score  208.48 | avg100  105.79 | grasp100  33.0% | best 0.625 |     32 st/s
    done(50): success=24 t_flicker=16 t_touched=8 t_no_reach=2
Ep 10050 | score    1.45 | avg100  146.15 | grasp100  55.0% | best 0.625 |     32 st/s
    done(50): success=31 t_flicker=10 t_touched=8 t_no_reach=1
Ep 10100 | score  155.25 | avg100  154.71 | grasp100  59.0% | best 0.625 |     32 st/s
    done(50): success=28 t_flicker=16 t_touched=6
Ep 10150 | score  105.34 | avg100  139.94 | grasp100  49.0% | best 0.625 |     32 st/s
    done(50): success=21 t_flicker=22 t_touched=7
Ep 10200 | score  206.79 | avg100  147.35 | grasp100  53.0% | best 0.625 |     32 st/s
    done(50): success=32 t_flicker=16 t_touched=2
Ep 10250 | score  151.78 | avg100  155.27 | grasp100  59.0% | best 0.625 |     32 st/s
    done(50): success=27 t_flicker=19 t_touched=2 t_no_reach=2
Ep 10300 | score  -17.92 | avg100  143.78 | grasp100  52.0% | best 0.625 |     32 st/s
    done(50): success=25 t_flicker=17 t_touched=8
Ep 10350 | score  207.61 | avg100  132.68 | grasp100  46.0% | best 0.625 |     32 st/s
    done(50): success=21 t_flicker=20 t_touched=9
Ep 10400 | score  208.69 | avg100  139.29 | grasp100  50.0% | best 0.625 |     32 st/s
    done(50): success=29 t_flicker=14 t_touched=7
Ep 10450 | score  141.19 | avg100  159.13 | grasp100  60.0% | best 0.625 |     32 st/s
    done(50): success=31 t_flicker=16 t_touched=3
Ep 10500 | score  207.30 | avg100  146.05 | grasp100  54.0% | best 0.625 |     32 st/s
    done(50): success=23 t_flicker=22 t_touched=4 t_no_reach=1
Ep 10550 | score  230.39 | avg100  143.86 | grasp100  54.0% | best 0.625 |     32 st/s
    done(50): success=31 t_flicker=14 t_touched=5
Ep 10600 | score  210.34 | avg100  160.58 | grasp100  64.0% | best 0.625 |     32 st/s
    done(50): success=33 t_flicker=13 t_touched=4
  [primacy-bias reset of critic heads @ 550000 updates]
Ep 10650 | score   70.27 | avg100  138.96 | grasp100  55.0% | best 0.625 |     32 st/s
    done(50): success=22 t_flicker=15 t_touched=11 t_no_reach=2
Ep 10700 | score   53.86 | avg100  115.10 | grasp100  43.0% | best 0.625 |     32 st/s
    done(50): success=21 t_flicker=13 t_touched=13 t_no_reach=3
Ep 10750 | score   51.54 | avg100  110.92 | grasp100  38.0% | best 0.625 |     32 st/s
    done(50): success=17 t_flicker=23 t_touched=10
Ep 10800 | score  208.58 | avg100  125.60 | grasp100  43.0% | best 0.625 |     32 st/s
    done(50): success=26 t_flicker=17 t_touched=5 t_no_reach=2
Ep 10850 | score  210.53 | avg100  145.18 | grasp100  55.0% | best 0.625 |     32 st/s
    done(50): success=29 t_flicker=12 t_touched=7 t_no_reach=2
Ep 10900 | score  208.78 | avg100  149.32 | grasp100  56.0% | best 0.625 |     32 st/s
    done(50): success=27 t_flicker=21 t_touched=1 t_no_reach=1
Ep 10950 | score  209.65 | avg100  156.92 | grasp100  60.0% | best 0.625 |     32 st/s
    done(50): success=33 t_flicker=15 t_touched=2
Ep 11000 | score  145.51 | avg100  161.53 | grasp100  63.0% | best 0.625 |     32 st/s
    done(50): success=30 t_flicker=18 t_touched=2
Ep 11050 | score  205.74 | avg100  164.68 | grasp100  64.0% | best 0.625 |     32 st/s
    done(50): success=34 t_flicker=11 t_touched=5
Ep 11061 | * BEST  level200=2.00 grasp200= 64.0% metric=0.640 | score  206.08
Ep 11069 | * BEST  level200=2.00 grasp200= 65.5% metric=0.655 | score  209.73
Ep 11095 | * BEST  level200=2.00 grasp200= 67.0% metric=0.670 | score  207.54
Ep 11100 | score   19.68 | avg100  168.22 | grasp100  70.0% | best 0.670 |     32 st/s
    done(50): success=36 t_flicker=10 t_touched=4
Ep 11150 | score  208.27 | avg100  156.42 | grasp100  64.0% | best 0.670 |     32 st/s
    done(50): success=28 t_flicker=17 t_touched=5
Ep 11200 | score  212.89 | avg100  148.62 | grasp100  58.0% | best 0.670 |     32 st/s
    done(50): success=30 t_flicker=16 t_touched=4
Ep 11250 | score  155.25 | avg100  153.23 | grasp100  60.0% | best 0.670 |     32 st/s
    done(50): success=30 t_flicker=15 t_touched=5
Ep 11300 | score  207.77 | avg100  151.75 | grasp100  61.0% | best 0.670 |     32 st/s
    done(50): success=31 t_flicker=15 t_touched=4
Ep 11350 | score  211.79 | avg100  158.27 | grasp100  65.0% | best 0.670 |     32 st/s
    done(50): success=34 t_flicker=16
  [primacy-bias reset of critic heads @ 575000 updates]
Ep 11400 | score  107.86 | avg100  147.84 | grasp100  56.0% | best 0.670 |     32 st/s
    done(50): success=22 t_flicker=17 t_touched=8 t_no_reach=3
Ep 11450 | score  209.92 | avg100   99.37 | grasp100  34.0% | best 0.670 |     32 st/s
    done(50): success=12 t_flicker=22 t_touched=13 t_no_reach=3
Ep 11500 | score   46.61 | avg100   84.91 | grasp100  29.0% | best 0.670 |     32 st/s
    done(50): success=17 t_flicker=18 t_touched=13 t_no_reach=2
Ep 11550 | score  208.53 | avg100  124.25 | grasp100  45.0% | best 0.670 |     32 st/s
    done(50): success=28 t_flicker=16 t_touched=6
Ep 11600 | score   71.52 | avg100  151.46 | grasp100  57.0% | best 0.670 |     32 st/s
    done(50): success=29 t_flicker=19 t_touched=2
Ep 11650 | score  212.00 | avg100  150.86 | grasp100  54.0% | best 0.670 |     32 st/s
    done(50): success=25 t_flicker=17 t_touched=8
Ep 11700 | score  209.06 | avg100  152.18 | grasp100  58.0% | best 0.670 |     32 st/s
    done(50): success=33 t_flicker=13 t_touched=4
Ep 11750 | score   75.86 | avg100  147.60 | grasp100  58.0% | best 0.670 |     32 st/s
    done(50): success=25 t_flicker=19 t_touched=4 t_no_reach=2
Ep 11800 | score  101.01 | avg100  145.88 | grasp100  53.0% | best 0.670 |     32 st/s
    done(50): success=28 t_flicker=19 t_touched=3
Ep 11850 | score  116.22 | avg100  160.73 | grasp100  62.0% | best 0.670 |     32 st/s
    done(50): success=34 t_flicker=14 t_touched=1 t_no_reach=1
Ep 11900 | score   77.66 | avg100  166.95 | grasp100  68.0% | best 0.670 |     32 st/s
    done(50): success=34 t_flicker=13 t_touched=3
Ep 11950 | score   57.97 | avg100  162.40 | grasp100  65.0% | best 0.670 |     32 st/s
    done(50): success=31 t_flicker=14 t_touched=4 t_no_reach=1
Ep 12000 | score  205.20 | avg100  155.98 | grasp100  60.0% | best 0.670 |     32 st/s
    done(50): success=29 t_flicker=15 t_touched=3 t_no_reach=3
Ep 12050 | score   57.70 | avg100  149.21 | grasp100  57.0% | best 0.670 |     32 st/s
    done(50): success=28 t_flicker=16 t_touched=2 t_no_reach=4
Ep 12100 | score  216.12 | avg100  146.58 | grasp100  54.0% | best 0.670 |     32 st/s
    done(50): success=26 t_flicker=18 t_touched=6
  [primacy-bias reset of critic heads @ 600000 updates]
Ep 12150 | score  203.62 | avg100  136.72 | grasp100  47.0% | best 0.670 |     32 st/s
    done(50): success=21 t_flicker=19 t_touched=8 t_no_reach=2
Ep 12200 | score  -48.77 | avg100  107.40 | grasp100  39.0% | best 0.670 |     32 st/s
    done(50): success=18 t_flicker=16 t_touched=13 t_no_reach=3
Ep 12250 | score  218.18 | avg100  106.87 | grasp100  42.0% | best 0.670 |     32 st/s
    done(50): success=24 t_flicker=15 t_touched=9 t_no_reach=2
Ep 12300 | score  210.37 | avg100  128.87 | grasp100  49.0% | best 0.670 |     32 st/s
    done(50): success=25 t_flicker=18 t_touched=6 t_no_reach=1
Ep 12350 | score  205.96 | avg100  134.45 | grasp100  47.0% | best 0.670 |     32 st/s
    done(50): success=22 t_flicker=21 t_touched=6 t_no_reach=1
Ep 12400 | score   78.00 | avg100  143.15 | grasp100  49.0% | best 0.670 |     32 st/s
    done(50): success=27 t_flicker=15 t_touched=6 t_no_reach=2
Ep 12450 | score  109.59 | avg100  156.71 | grasp100  59.0% | best 0.670 |     32 st/s
    done(50): success=32 t_flicker=15 t_touched=3
Ep 12500 | score  215.86 | avg100  164.11 | grasp100  66.0% | best 0.670 |     32 st/s
    done(50): success=34 t_flicker=14 t_touched=2
Ep 12550 | score  211.71 | avg100  162.56 | grasp100  64.0% | best 0.670 |     32 st/s
    done(50): success=30 t_flicker=17 t_touched=2 t_no_reach=1
Ep 12600 | score  214.01 | avg100  160.56 | grasp100  65.0% | best 0.670 |     32 st/s
    done(50): success=35 t_flicker=12 t_touched=3
Ep 12648 | * BEST  level200=2.00 grasp200= 68.5% metric=0.685 | score  210.83
Ep 12650 | score   57.84 | avg100  172.62 | grasp100  73.0% | best 0.685 |     32 st/s
    done(50): success=38 t_flicker=9 t_touched=3
Ep 12677 | * BEST  level200=2.00 grasp200= 70.0% metric=0.700 | score  212.84
Ep 12700 | score  116.28 | avg100  173.09 | grasp100  70.0% | best 0.700 |     32 st/s
    done(50): success=32 t_flicker=12 t_touched=6
Ep 12750 | score   75.78 | avg100  162.39 | grasp100  66.0% | best 0.700 |     32 st/s
    done(50): success=34 t_flicker=14 t_touched=2
Ep 12800 | score  241.32 | avg100  152.05 | grasp100  60.0% | best 0.700 |     32 st/s
    done(50): success=26 t_flicker=20 t_touched=2 t_no_reach=2
Ep 12850 | score  211.97 | avg100  150.31 | grasp100  61.0% | best 0.700 |     32 st/s
    done(50): success=35 t_flicker=9 t_touched=5 t_no_reach=1
========================================================================
RANDOM-SPAWN GRASP RETRAINING  |  algo=td3_ln  run=td3_ln_cereal_basewarm_s2
========================================================================
  Envs                : 5 (subprocess-parallel, fork)
  Spawn level         : 2.0 (1.0 = full position box, 2.0 = + z-rotation)
  Updates/vec-step    : 2 (0.400 per env-step; historical baseline 0.5)
  Buffer              : 2,000,000
  Actor               : 64 -> 32  (5,216 weights)  [critics 512->256]
  Warm start          : checkpoints/td3_grasp_rand_td3_ln_c2m512_s1/best
  Checkpoints         : /home/fahim/Thesis_fahim/pickandplace/checkpoints/td3_grasp_rand_td3_ln_cereal_basewarm_s2
========================================================================

Spawning 5 subprocess environments (fork)...
[robosuite WARNING] No private macro file found! (__init__.py:7)
[robosuite WARNING] No private macro file found! (__init__.py:7)
[robosuite WARNING] It is recommended to use a private macro file (__init__.py:8)
[robosuite WARNING] No private macro file found! (__init__.py:7)
[robosuite WARNING] It is recommended to use a private macro file (__init__.py:8)
[robosuite WARNING] To setup, run: python /home/fahim/Thesis_fahim/venv/lib/python3.12/site-packages/robosuite/scripts/setup_macros.py (__init__.py:9)
[robosuite WARNING] It is recommended to use a private macro file (__init__.py:8)
[robosuite WARNING] To setup, run: python /home/fahim/Thesis_fahim/venv/lib/python3.12/site-packages/robosuite/scripts/setup_macros.py (__init__.py:9)
[robosuite WARNING] To setup, run: python /home/fahim/Thesis_fahim/venv/lib/python3.12/site-packages/robosuite/scripts/setup_macros.py (__init__.py:9)
[robosuite WARNING] No private macro file found! (__init__.py:7)
[robosuite WARNING] It is recommended to use a private macro file (__init__.py:8)
[robosuite WARNING] To setup, run: python /home/fahim/Thesis_fahim/venv/lib/python3.12/site-packages/robosuite/scripts/setup_macros.py (__init__.py:9)
[robosuite WARNING] No private macro file found! (__init__.py:7)
[robosuite WARNING] It is recommended to use a private macro file (__init__.py:8)
[robosuite WARNING] To setup, run: python /home/fahim/Thesis_fahim/venv/lib/python3.12/site-packages/robosuite/scripts/setup_macros.py (__init__.py:9)
Gym has been unmaintained since 2022 and does not support NumPy 2.0 amongst other critical functionality.
Please upgrade to Gymnasium, the maintained drop-in replacement of Gym, or contact the authors of your software and request that they upgrade.
See the migration guide at https://gymnasium.farama.org/introduction/migration_guide/ for additional information.
Gym has been unmaintained since 2022 and does not support NumPy 2.0 amongst other critical functionality.
Please upgrade to Gymnasium, the maintained drop-in replacement of Gym, or contact the authors of your software and request that they upgrade.
See the migration guide at https://gymnasium.farama.org/introduction/migration_guide/ for additional information.
Gym has been unmaintained since 2022 and does not support NumPy 2.0 amongst other critical functionality.
Please upgrade to Gymnasium, the maintained drop-in replacement of Gym, or contact the authors of your software and request that they upgrade.
See the migration guide at https://gymnasium.farama.org/introduction/migration_guide/ for additional information.
Gym has been unmaintained since 2022 and does not support NumPy 2.0 amongst other critical functionality.
Please upgrade to Gymnasium, the maintained drop-in replacement of Gym, or contact the authors of your software and request that they upgrade.
See the migration guide at https://gymnasium.farama.org/introduction/migration_guide/ for additional information.
Gym has been unmaintained since 2022 and does not support NumPy 2.0 amongst other critical functionality.
Please upgrade to Gymnasium, the maintained drop-in replacement of Gym, or contact the authors of your software and request that they upgrade.
See the migration guide at https://gymnasium.farama.org/introduction/migration_guide/ for additional information.
/home/fahim/Thesis_fahim/venv/lib/python3.12/site-packages/gym/spaces/box.py:84: UserWarning: [33mWARN: Box bound precision lowered by casting to float32[0m
  logger.warn(f"Box bound precision lowered by casting to {self.dtype}")
/home/fahim/Thesis_fahim/venv/lib/python3.12/site-packages/gym/spaces/box.py:84: UserWarning: [33mWARN: Box bound precision lowered by casting to float32[0m
  logger.warn(f"Box bound precision lowered by casting to {self.dtype}")
/home/fahim/Thesis_fahim/venv/lib/python3.12/site-packages/gym/spaces/box.py:84: UserWarning: [33mWARN: Box bound precision lowered by casting to float32[0m
  logger.warn(f"Box bound precision lowered by casting to {self.dtype}")
/home/fahim/Thesis_fahim/venv/lib/python3.12/site-packages/gym/spaces/box.py:84: UserWarning: [33mWARN: Box bound precision lowered by casting to float32[0m
  logger.warn(f"Box bound precision lowered by casting to {self.dtype}")
Gym has been unmaintained since 2022 and does not support NumPy 2.0 amongst other critical functionality.
Please upgrade to Gymnasium, the maintained drop-in replacement of Gym, or contact the authors of your software and request that they upgrade.
See the migration guide at https://gymnasium.farama.org/introduction/migration_guide/ for additional information.
5 environments ready.

/home/fahim/Thesis_fahim/venv/lib/python3.12/site-packages/gym/spaces/box.py:84: UserWarning: [33mWARN: Box bound precision lowered by casting to float32[0m
  logger.warn(f"Box bound precision lowered by casting to {self.dtype}")
========================================================================
RANDOM-SPAWN GRASP RETRAINING  |  algo=td3_ln  run=td3_ln_cereal_basewarm_s2
========================================================================
  Envs                : 5 (subprocess-parallel, fork)
  Spawn level         : 2.0 (1.0 = full position box, 2.0 = + z-rotation)
  Updates/vec-step    : 2 (0.400 per env-step; historical baseline 0.5)
  Buffer              : 2,000,000
  Actor               : 64 -> 32  (5,216 weights)  [critics 512->256]
  Warm start          : checkpoints/td3_grasp_rand_td3_ln_c2m512_s1/best
  Checkpoints         : /home/fahim/Thesis_fahim/pickandplace/checkpoints/td3_grasp_rand_td3_ln_cereal_basewarm_s2
========================================================================

Spawning 5 subprocess environments (fork)...
[robosuite WARNING] No private macro file found! (__init__.py:7)
[robosuite WARNING] It is recommended to use a private macro file (__init__.py:8)
[robosuite WARNING] To setup, run: python /home/fahim/Thesis_fahim/venv/lib/python3.12/site-packages/robosuite/scripts/setup_macros.py (__init__.py:9)
[robosuite WARNING] No private macro file found! (__init__.py:7)
[robosuite WARNING] It is recommended to use a private macro file (__init__.py:8)
[robosuite WARNING] To setup, run: python /home/fahim/Thesis_fahim/venv/lib/python3.12/site-packages/robosuite/scripts/setup_macros.py (__init__.py:9)
[robosuite WARNING] No private macro file found! (__init__.py:7)
[robosuite WARNING] It is recommended to use a private macro file (__init__.py:8)
[robosuite WARNING] To setup, run: python /home/fahim/Thesis_fahim/venv/lib/python3.12/site-packages/robosuite/scripts/setup_macros.py (__init__.py:9)
[robosuite WARNING] No private macro file found! (__init__.py:7)
[robosuite WARNING] It is recommended to use a private macro file (__init__.py:8)
[robosuite WARNING] To setup, run: python /home/fahim/Thesis_fahim/venv/lib/python3.12/site-packages/robosuite/scripts/setup_macros.py (__init__.py:9)
[robosuite WARNING] No private macro file found! (__init__.py:7)
[robosuite WARNING] It is recommended to use a private macro file (__init__.py:8)
[robosuite WARNING] To setup, run: python /home/fahim/Thesis_fahim/venv/lib/python3.12/site-packages/robosuite/scripts/setup_macros.py (__init__.py:9)
Gym has been unmaintained since 2022 and does not support NumPy 2.0 amongst other critical functionality.
Please upgrade to Gymnasium, the maintained drop-in replacement of Gym, or contact the authors of your software and request that they upgrade.
See the migration guide at https://gymnasium.farama.org/introduction/migration_guide/ for additional information.
Gym has been unmaintained since 2022 and does not support NumPy 2.0 amongst other critical functionality.
Please upgrade to Gymnasium, the maintained drop-in replacement of Gym, or contact the authors of your software and request that they upgrade.
See the migration guide at https://gymnasium.farama.org/introduction/migration_guide/ for additional information.
Gym has been unmaintained since 2022 and does not support NumPy 2.0 amongst other critical functionality.
Please upgrade to Gymnasium, the maintained drop-in replacement of Gym, or contact the authors of your software and request that they upgrade.
See the migration guide at https://gymnasium.farama.org/introduction/migration_guide/ for additional information.
Gym has been unmaintained since 2022 and does not support NumPy 2.0 amongst other critical functionality.
Please upgrade to Gymnasium, the maintained drop-in replacement of Gym, or contact the authors of your software and request that they upgrade.
See the migration guide at https://gymnasium.farama.org/introduction/migration_guide/ for additional information.
Gym has been unmaintained since 2022 and does not support NumPy 2.0 amongst other critical functionality.
Please upgrade to Gymnasium, the maintained drop-in replacement of Gym, or contact the authors of your software and request that they upgrade.
See the migration guide at https://gymnasium.farama.org/introduction/migration_guide/ for additional information.
/home/fahim/Thesis_fahim/venv/lib/python3.12/site-packages/gym/spaces/box.py:84: UserWarning: [33mWARN: Box bound precision lowered by casting to float32[0m
  logger.warn(f"Box bound precision lowered by casting to {self.dtype}")
/home/fahim/Thesis_fahim/venv/lib/python3.12/site-packages/gym/spaces/box.py:84: UserWarning: [33mWARN: Box bound precision lowered by casting to float32[0m
  logger.warn(f"Box bound precision lowered by casting to {self.dtype}")
/home/fahim/Thesis_fahim/venv/lib/python3.12/site-packages/gym/spaces/box.py:84: UserWarning: [33mWARN: Box bound precision lowered by casting to float32[0m
  logger.warn(f"Box bound precision lowered by casting to {self.dtype}")
/home/fahim/Thesis_fahim/venv/lib/python3.12/site-packages/gym/spaces/box.py:84: UserWarning: [33mWARN: Box bound precision lowered by casting to float32[0m
  logger.warn(f"Box bound precision lowered by casting to {self.dtype}")
/home/fahim/Thesis_fahim/venv/lib/python3.12/site-packages/gym/spaces/box.py:84: UserWarning: [33mWARN: Box bound precision lowered by casting to float32[0m
  logger.warn(f"Box bound precision lowered by casting to {self.dtype}")
Gym has been unmaintained since 2022 and does not support NumPy 2.0 amongst other critical functionality.
Please upgrade to Gymnasium, the maintained drop-in replacement of Gym, or contact the authors of your software and request that they upgrade.
See the migration guide at https://gymnasium.farama.org/introduction/migration_guide/ for additional information.
5 environments ready.

  Actor QAT           : per-tensor INT8 fake-quant, STE grads
  Actor weight clip   : |w| <= 8.0 * std(w) per Linear tensor (bi_s0 baseline fc1 9.96 / fc2 10.82)
Init: resumed (source: /home/fahim/Thesis_fahim/pickandplace/checkpoints/td3_grasp_rand_td3_ln_c2m512_s1/best)
Resumed replay buffer (1,541,922 transitions).

Training...

Ep    50 | score  205.58 | avg100  167.53 | grasp100  62.0% | best 0.000 |     37 st/s
    done(50): success=31 t_flicker=15 t_touched=4
Ep   100 | score  209.00 | avg100  152.75 | grasp100  57.0% | best 0.000 |     34 st/s
    done(50): success=26 t_flicker=18 t_touched=5 t_no_reach=1
Ep   150 | score   57.46 | avg100  151.30 | grasp100  58.0% | best 0.000 |     33 st/s
    done(50): success=32 t_flicker=16 t_touched=2
Ep   200 | * BEST  level200=2.00 grasp200= 62.5% metric=0.625 | score  218.43
Ep   250 | score  208.54 | avg100  164.14 | grasp100  68.0% | best 0.625 |     32 st/s
    done(50): success=32 t_flicker=8 t_touched=8 t_no_reach=2
Ep   258 | * BEST  level200=2.00 grasp200= 64.0% metric=0.640 | score  209.05
Ep   300 | score  208.69 | avg100  156.04 | grasp100  58.0% | best 0.640 |     32 st/s
    done(50): success=26 t_flicker=24
Ep   350 | score  206.53 | avg100  150.98 | grasp100  56.0% | best 0.640 |     32 st/s
    done(50): success=30 t_flicker=12 t_touched=7 t_no_reach=1
Ep   400 | score   77.30 | avg100  161.62 | grasp100  65.0% | best 0.640 |     32 st/s
    done(50): success=35 t_flicker=14 t_touched=1
Ep   450 | score  126.50 | avg100  157.25 | grasp100  58.0% | best 0.640 |     32 st/s
    done(50): success=23 t_flicker=21 t_touched=5 t_no_reach=1
Ep   500 | score  217.94 | avg100  152.50 | grasp100  55.0% | best 0.640 |     32 st/s
    done(50): success=32 t_flicker=14 t_touched=4
Ep   550 | score  123.02 | avg100  156.44 | grasp100  60.0% | best 0.640 |     31 st/s
    done(50): success=28 t_flicker=19 t_touched=3
Ep   600 | score   58.17 | avg100  151.68 | grasp100  56.0% | best 0.640 |     31 st/s
    done(50): success=28 t_flicker=16 t_touched=5 t_no_reach=1
Ep   650 | score   12.31 | avg100  149.90 | grasp100  56.0% | best 0.640 |     31 st/s
    done(50): success=28 t_flicker=17 t_touched=5
Ep   700 | score   91.56 | avg100  155.08 | grasp100  60.0% | best 0.640 |     31 st/s
    done(50): success=32 t_flicker=14 t_touched=4
Ep   750 | score  113.65 | avg100  170.72 | grasp100  69.0% | best 0.640 |     31 st/s
    done(50): success=37 t_flicker=10 t_touched=3
Ep   800 | score  207.98 | avg100  171.42 | grasp100  70.0% | best 0.640 |     32 st/s
    done(50): success=33 t_flicker=9 t_touched=6 t_no_reach=2
Ep   819 | * BEST  level200=2.00 grasp200= 65.5% metric=0.655 | score  260.47
Ep   840 | * BEST  level200=2.00 grasp200= 67.0% metric=0.670 | score  206.66
Ep   850 | score   57.27 | avg100  166.58 | grasp100  64.0% | best 0.670 |     33 st/s
    done(50): success=31 t_flicker=13 t_touched=4 t_no_reach=2
  [primacy-bias reset of critic heads @ 25000 updates]
Ep   900 | score  237.97 | avg100  160.83 | grasp100  59.0% | best 0.670 |     33 st/s
    done(50): success=28 t_flicker=13 t_touched=9
Ep   950 | score   38.57 | avg100  130.92 | grasp100  42.0% | best 0.670 |     34 st/s
    done(50): success=14 t_flicker=26 t_touched=10
Ep  1000 | score   70.19 | avg100  117.95 | grasp100  39.0% | best 0.670 |     34 st/s
    done(50): success=25 t_flicker=20 t_touched=3 t_no_reach=2
Ep  1050 | score   56.46 | avg100  142.15 | grasp100  57.0% | best 0.670 |     34 st/s
    done(50): success=32 t_flicker=13 t_touched=4 t_no_reach=1
Ep  1100 | score  114.15 | avg100  151.70 | grasp100  61.0% | best 0.670 |     34 st/s
    done(50): success=29 t_flicker=14 t_touched=5 t_no_reach=2
Ep  1150 | score  210.06 | avg100  156.66 | grasp100  64.0% | best 0.670 |     34 st/s
    done(50): success=35 t_flicker=9 t_touched=5 t_no_reach=1
Ep  1200 | score  210.12 | avg100  158.90 | grasp100  66.0% | best 0.670 |     35 st/s
    done(50): success=31 t_flicker=14 t_touched=5
Ep  1250 | score  206.95 | avg100  146.52 | grasp100  57.0% | best 0.670 |     35 st/s
    done(50): success=26 t_flicker=18 t_touched=5 t_no_reach=1
Ep  1300 | score  108.44 | avg100  153.43 | grasp100  59.0% | best 0.670 |     35 st/s
    done(50): success=33 t_flicker=13 t_touched=4
Ep  1350 | score  208.77 | avg100  163.39 | grasp100  65.0% | best 0.670 |     35 st/s
    done(50): success=32 t_flicker=13 t_touched=3 t_no_reach=2
Ep  1400 | score  -40.02 | avg100  163.22 | grasp100  66.0% | best 0.670 |     35 st/s
    done(50): success=34 t_flicker=11 t_touched=5
Ep  1450 | score  123.15 | avg100  167.98 | grasp100  67.0% | best 0.670 |     35 st/s
    done(50): success=33 t_flicker=16 t_touched=1
Ep  1500 | score   94.12 | avg100  171.06 | grasp100  67.0% | best 0.670 |     36 st/s
    done(50): success=34 t_flicker=11 t_touched=4 t_no_reach=1
Ep  1550 | score  207.21 | avg100  162.84 | grasp100  64.0% | best 0.670 |     35 st/s
    done(50): success=30 t_flicker=13 t_touched=6 t_no_reach=1
Ep  1600 | score  206.81 | avg100  164.79 | grasp100  62.0% | best 0.670 |     35 st/s
    done(50): success=32 t_flicker=13 t_touched=4 t_no_reach=1
Ep  1650 | score   96.14 | avg100  171.82 | grasp100  66.0% | best 0.670 |     35 st/s
    done(50): success=34 t_flicker=13 t_touched=3
Ep  1700 | score   60.52 | avg100  167.50 | grasp100  68.0% | best 0.670 |     36 st/s
    done(50): success=34 t_flicker=12 t_touched=3 t_no_reach=1
  [primacy-bias reset of critic heads @ 50000 updates]
Ep  1750 | score   63.55 | avg100  142.69 | grasp100  57.0% | best 0.670 |     36 st/s
    done(50): success=23 t_flicker=15 t_touched=8 t_no_reach=4
Ep  1800 | score  218.72 | avg100   94.54 | grasp100  38.0% | best 0.670 |     36 st/s
    done(50): success=15 t_flicker=16 t_touched=13 t_no_reach=6
Ep  1850 | score  207.52 | avg100  101.21 | grasp100  39.0% | best 0.670 |     36 st/s
    done(50): success=24 t_flicker=16 t_touched=10
Ep  1900 | score  209.40 | avg100  133.72 | grasp100  50.0% | best 0.670 |     37 st/s
    done(50): success=26 t_flicker=18 t_touched=5 t_no_reach=1
========================================================================
RANDOM-SPAWN GRASP RETRAINING  |  algo=td3_ln  run=td3_ln_cereal_basewarm_s2
========================================================================
  Envs                : 5 (subprocess-parallel, fork)
  Spawn level         : 2.0 (1.0 = full position box, 2.0 = + z-rotation)
  Updates/vec-step    : 2 (0.400 per env-step; historical baseline 0.5)
  Buffer              : 2,000,000
  Actor               : 64 -> 32  (5,216 weights)  [critics 512->256]
  Warm start          : checkpoints/td3_grasp_rand_td3_ln_c2m512_s1/best
  Checkpoints         : /home/fahim/Thesis_fahim/pickandplace/checkpoints/td3_grasp_rand_td3_ln_cereal_basewarm_s2
========================================================================

Spawning 5 subprocess environments (fork)...
[robosuite WARNING] No private macro file found! (__init__.py:7)
[robosuite WARNING] It is recommended to use a private macro file (__init__.py:8)
[robosuite WARNING] To setup, run: python /home/fahim/Thesis_fahim/venv/lib/python3.12/site-packages/robosuite/scripts/setup_macros.py (__init__.py:9)
[robosuite WARNING] No private macro file found! (__init__.py:7)
[robosuite WARNING] It is recommended to use a private macro file (__init__.py:8)
[robosuite WARNING] To setup, run: python /home/fahim/Thesis_fahim/venv/lib/python3.12/site-packages/robosuite/scripts/setup_macros.py (__init__.py:9)
[robosuite WARNING] No private macro file found! (__init__.py:7)
[robosuite WARNING] It is recommended to use a private macro file (__init__.py:8)
[robosuite WARNING] To setup, run: python /home/fahim/Thesis_fahim/venv/lib/python3.12/site-packages/robosuite/scripts/setup_macros.py (__init__.py:9)
[robosuite WARNING] No private macro file found! (__init__.py:7)
[robosuite WARNING] It is recommended to use a private macro file (__init__.py:8)
[robosuite WARNING] To setup, run: python /home/fahim/Thesis_fahim/venv/lib/python3.12/site-packages/robosuite/scripts/setup_macros.py (__init__.py:9)
[robosuite WARNING] No private macro file found! (__init__.py:7)
[robosuite WARNING] It is recommended to use a private macro file (__init__.py:8)
[robosuite WARNING] To setup, run: python /home/fahim/Thesis_fahim/venv/lib/python3.12/site-packages/robosuite/scripts/setup_macros.py (__init__.py:9)
Gym has been unmaintained since 2022 and does not support NumPy 2.0 amongst other critical functionality.
Please upgrade to Gymnasium, the maintained drop-in replacement of Gym, or contact the authors of your software and request that they upgrade.
See the migration guide at https://gymnasium.farama.org/introduction/migration_guide/ for additional information.
Gym has been unmaintained since 2022 and does not support NumPy 2.0 amongst other critical functionality.
Please upgrade to Gymnasium, the maintained drop-in replacement of Gym, or contact the authors of your software and request that they upgrade.
See the migration guide at https://gymnasium.farama.org/introduction/migration_guide/ for additional information.
Gym has been unmaintained since 2022 and does not support NumPy 2.0 amongst other critical functionality.
Please upgrade to Gymnasium, the maintained drop-in replacement of Gym, or contact the authors of your software and request that they upgrade.
See the migration guide at https://gymnasium.farama.org/introduction/migration_guide/ for additional information.
Gym has been unmaintained since 2022 and does not support NumPy 2.0 amongst other critical functionality.
Please upgrade to Gymnasium, the maintained drop-in replacement of Gym, or contact the authors of your software and request that they upgrade.
See the migration guide at https://gymnasium.farama.org/introduction/migration_guide/ for additional information.
Gym has been unmaintained since 2022 and does not support NumPy 2.0 amongst other critical functionality.
Please upgrade to Gymnasium, the maintained drop-in replacement of Gym, or contact the authors of your software and request that they upgrade.
See the migration guide at https://gymnasium.farama.org/introduction/migration_guide/ for additional information.
/home/fahim/Thesis_fahim/venv/lib/python3.12/site-packages/gym/spaces/box.py:84: UserWarning: [33mWARN: Box bound precision lowered by casting to float32[0m
  logger.warn(f"Box bound precision lowered by casting to {self.dtype}")
/home/fahim/Thesis_fahim/venv/lib/python3.12/site-packages/gym/spaces/box.py:84: UserWarning: [33mWARN: Box bound precision lowered by casting to float32[0m
  logger.warn(f"Box bound precision lowered by casting to {self.dtype}")
/home/fahim/Thesis_fahim/venv/lib/python3.12/site-packages/gym/spaces/box.py:84: UserWarning: [33mWARN: Box bound precision lowered by casting to float32[0m
  logger.warn(f"Box bound precision lowered by casting to {self.dtype}")
/home/fahim/Thesis_fahim/venv/lib/python3.12/site-packages/gym/spaces/box.py:84: UserWarning: [33mWARN: Box bound precision lowered by casting to float32[0m
  logger.warn(f"Box bound precision lowered by casting to {self.dtype}")
/home/fahim/Thesis_fahim/venv/lib/python3.12/site-packages/gym/spaces/box.py:84: UserWarning: [33mWARN: Box bound precision lowered by casting to float32[0m
  logger.warn(f"Box bound precision lowered by casting to {self.dtype}")
Gym has been unmaintained since 2022 and does not support NumPy 2.0 amongst other critical functionality.
Please upgrade to Gymnasium, the maintained drop-in replacement of Gym, or contact the authors of your software and request that they upgrade.
See the migration guide at https://gymnasium.farama.org/introduction/migration_guide/ for additional information.
5 environments ready.

  Actor QAT           : per-tensor INT8 fake-quant, STE grads
  Actor weight clip   : |w| <= 8.0 * std(w) per Linear tensor (bi_s0 baseline fc1 9.96 / fc2 10.82)
Init: resumed (source: /home/fahim/Thesis_fahim/pickandplace/checkpoints/td3_grasp_rand_td3_ln_c2m512_s1/best)
Resumed replay buffer (1,652,762 transitions).

Training...

Ep    50 | score   -3.24 | avg100  122.04 | grasp100  48.0% | best 0.000 |     38 st/s
    done(50): success=24 t_flicker=16 t_touched=7 t_no_reach=3
Ep   100 | score  233.81 | avg100  126.58 | grasp100  51.0% | best 0.000 |     38 st/s
    done(50): success=27 t_flicker=15 t_touched=5 t_no_reach=3
Ep   150 | score   17.14 | avg100  138.97 | grasp100  59.0% | best 0.000 |     37 st/s
    done(50): success=32 t_flicker=12 t_touched=4 t_no_reach=2
Ep   200 | * BEST  level200=2.00 grasp200= 57.5% metric=0.575 | score  194.62
Ep   210 | * BEST  level200=2.00 grasp200= 59.0% metric=0.590 | score  208.62
Ep   220 | * BEST  level200=2.00 grasp200= 60.5% metric=0.605 | score  204.80
Ep   250 | score  207.78 | avg100  145.46 | grasp100  62.0% | best 0.605 |     37 st/s
    done(50): success=30 t_flicker=14 t_touched=5 t_no_reach=1
Ep   279 | * BEST  level200=2.00 grasp200= 62.0% metric=0.620 | score  204.70
Ep   297 | * BEST  level200=2.00 grasp200= 63.5% metric=0.635 | score  209.94
Ep   300 | score  206.68 | avg100  143.86 | grasp100  61.0% | best 0.635 |     36 st/s
    done(50): success=31 t_flicker=14 t_touched=5
Ep   350 | score  207.69 | avg100  151.21 | grasp100  64.0% | best 0.635 |     36 st/s
    done(50): success=33 t_flicker=13 t_touched=4
Ep   359 | * BEST  level200=2.00 grasp200= 65.0% metric=0.650 | score  205.33
Ep   400 | score  207.45 | avg100  147.50 | grasp100  63.0% | best 0.650 |     37 st/s
    done(50): success=30 t_flicker=11 t_touched=9
Ep   450 | score   20.10 | avg100  139.51 | grasp100  60.0% | best 0.650 |     37 st/s
    done(50): success=30 t_flicker=11 t_touched=6 t_no_reach=3
Ep   500 | score  207.30 | avg100  133.95 | grasp100  57.0% | best 0.650 |     37 st/s
    done(50): success=27 t_flicker=14 t_touched=8 t_no_reach=1
Ep   550 | score    7.95 | avg100  132.50 | grasp100  55.0% | best 0.650 |     35 st/s
    done(50): success=28 t_flicker=13 t_touched=8 t_no_reach=1
Ep   600 | score  206.60 | avg100  148.68 | grasp100  63.0% | best 0.650 |     35 st/s
    done(50): success=35 t_flicker=13 t_touched=2
Ep   650 | score  207.68 | avg100  147.65 | grasp100  64.0% | best 0.650 |     35 st/s
    done(50): success=29 t_flicker=12 t_touched=7 t_no_reach=2
Ep   700 | score   33.15 | avg100  137.97 | grasp100  59.0% | best 0.650 |     35 st/s
    done(50): success=30 t_flicker=12 t_touched=7 t_no_reach=1
Ep   750 | score  205.61 | avg100  154.52 | grasp100  68.0% | best 0.650 |     35 st/s
    done(50): success=38 t_flicker=8 t_touched=2 t_no_reach=2
Ep   800 | score  211.95 | avg100  154.91 | grasp100  67.0% | best 0.650 |     35 st/s
    done(50): success=29 t_flicker=15 t_touched=6
Ep   850 | score  204.17 | avg100  147.12 | grasp100  62.0% | best 0.650 |     35 st/s
    done(50): success=33 t_flicker=10 t_touched=6 t_no_reach=1
Ep   900 | score   54.18 | avg100  144.66 | grasp100  61.0% | best 0.650 |     35 st/s
    done(50): success=28 t_flicker=19 t_touched=3
Ep   950 | score  205.53 | avg100  141.91 | grasp100  58.0% | best 0.650 |     36 st/s
    done(50): success=30 t_flicker=17 t_touched=2 t_no_reach=1
Ep  1000 | score   52.92 | avg100  149.73 | grasp100  63.0% | best 0.650 |     36 st/s
    done(50): success=33 t_flicker=14 t_touched=2 t_no_reach=1
Ep  1050 | score  205.67 | avg100  158.89 | grasp100  70.0% | best 0.650 |     34 st/s
    done(50): success=37 t_flicker=10 t_touched=1 t_no_reach=2
Ep  1084 | * BEST  level200=2.00 grasp200= 66.5% metric=0.665 | score  207.64
Ep  1100 | score  207.95 | avg100  158.15 | grasp100  70.0% | best 0.665 |     34 st/s
    done(50): success=33 t_flicker=11 t_touched=4 t_no_reach=2
Ep  1112 | * BEST  level200=2.00 grasp200= 68.0% metric=0.680 | score  206.79
Ep  1150 | score    5.61 | avg100  145.60 | grasp100  63.0% | best 0.680 |     35 st/s
    done(50): success=30 t_flicker=11 t_touched=6 t_no_reach=3
Ep  1186 | * BEST  level200=2.00 grasp200= 69.5% metric=0.695 | score  210.54
Ep  1200 | score  210.38 | avg100  153.46 | grasp100  68.0% | best 0.695 |     34 st/s
    done(50): success=38 t_flicker=6 t_touched=6
Ep  1250 | score  207.82 | avg100  158.79 | grasp100  68.0% | best 0.695 |     35 st/s
    done(50): success=30 t_flicker=17 t_touched=3
Ep  1300 | score   57.54 | avg100  151.93 | grasp100  63.0% | best 0.695 |     35 st/s
    done(50): success=33 t_flicker=12 t_touched=4 t_no_reach=1
Ep  1350 | score  205.77 | avg100  151.29 | grasp100  65.0% | best 0.695 |     35 st/s
    done(50): success=32 t_flicker=14 t_touched=4
Ep  1400 | score  206.16 | avg100  150.56 | grasp100  64.0% | best 0.695 |     35 st/s
    done(50): success=32 t_flicker=14 t_touched=3 t_no_reach=1
Ep  1450 | score  206.91 | avg100  152.19 | grasp100  65.0% | best 0.695 |     35 st/s
    done(50): success=33 t_flicker=10 t_touched=7
Ep  1500 | score  206.86 | avg100  158.68 | grasp100  70.0% | best 0.695 |     35 st/s
    done(50): success=37 t_flicker=8 t_touched=4 t_no_reach=1
  [primacy-bias reset of critic heads @ 25000 updates]
Ep  1550 | score   24.20 | avg100  163.92 | grasp100  73.0% | best 0.695 |     34 st/s
    done(50): success=36 t_flicker=8 t_touched=4 t_no_reach=2
Ep  1600 | score  206.16 | avg100  136.48 | grasp100  58.0% | best 0.695 |     34 st/s
    done(50): success=22 t_flicker=17 t_touched=7 t_no_reach=4
========================================================================
RANDOM-SPAWN GRASP RETRAINING  |  algo=td3_ln  run=td3_ln_cereal_basewarm_s2
========================================================================
  Envs                : 5 (subprocess-parallel, fork)
  Spawn level         : 2.0 (1.0 = full position box, 2.0 = + z-rotation)
  Updates/vec-step    : 2 (0.400 per env-step; historical baseline 0.5)
  Buffer              : 2,000,000
  Actor               : 64 -> 32  (5,216 weights)  [critics 512->256]
  Warm start          : checkpoints/td3_grasp_rand_td3_ln_c2m512_s1/best
  Checkpoints         : /home/fahim/Thesis_fahim/pickandplace/checkpoints/td3_grasp_rand_td3_ln_cereal_basewarm_s2
========================================================================

Spawning 5 subprocess environments (fork)...
[robosuite WARNING] No private macro file found! (__init__.py:7)
[robosuite WARNING] It is recommended to use a private macro file (__init__.py:8)
[robosuite WARNING] To setup, run: python /home/fahim/Thesis_fahim/venv/lib/python3.12/site-packages/robosuite/scripts/setup_macros.py (__init__.py:9)
[robosuite WARNING] No private macro file found! (__init__.py:7)
[robosuite WARNING] It is recommended to use a private macro file (__init__.py:8)
[robosuite WARNING] To setup, run: python /home/fahim/Thesis_fahim/venv/lib/python3.12/site-packages/robosuite/scripts/setup_macros.py (__init__.py:9)
[robosuite WARNING] No private macro file found! (__init__.py:7)
[robosuite WARNING] It is recommended to use a private macro file (__init__.py:8)
[robosuite WARNING] To setup, run: python /home/fahim/Thesis_fahim/venv/lib/python3.12/site-packages/robosuite/scripts/setup_macros.py (__init__.py:9)
[robosuite WARNING] No private macro file found! (__init__.py:7)
[robosuite WARNING] It is recommended to use a private macro file (__init__.py:8)
[robosuite WARNING] To setup, run: python /home/fahim/Thesis_fahim/venv/lib/python3.12/site-packages/robosuite/scripts/setup_macros.py (__init__.py:9)
[robosuite WARNING] No private macro file found! (__init__.py:7)
[robosuite WARNING] It is recommended to use a private macro file (__init__.py:8)
[robosuite WARNING] To setup, run: python /home/fahim/Thesis_fahim/venv/lib/python3.12/site-packages/robosuite/scripts/setup_macros.py (__init__.py:9)
Gym has been unmaintained since 2022 and does not support NumPy 2.0 amongst other critical functionality.
Please upgrade to Gymnasium, the maintained drop-in replacement of Gym, or contact the authors of your software and request that they upgrade.
See the migration guide at https://gymnasium.farama.org/introduction/migration_guide/ for additional information.
Gym has been unmaintained since 2022 and does not support NumPy 2.0 amongst other critical functionality.
Please upgrade to Gymnasium, the maintained drop-in replacement of Gym, or contact the authors of your software and request that they upgrade.
See the migration guide at https://gymnasium.farama.org/introduction/migration_guide/ for additional information.
Gym has been unmaintained since 2022 and does not support NumPy 2.0 amongst other critical functionality.
Please upgrade to Gymnasium, the maintained drop-in replacement of Gym, or contact the authors of your software and request that they upgrade.
See the migration guide at https://gymnasium.farama.org/introduction/migration_guide/ for additional information.
Gym has been unmaintained since 2022 and does not support NumPy 2.0 amongst other critical functionality.
Please upgrade to Gymnasium, the maintained drop-in replacement of Gym, or contact the authors of your software and request that they upgrade.
See the migration guide at https://gymnasium.farama.org/introduction/migration_guide/ for additional information.
Gym has been unmaintained since 2022 and does not support NumPy 2.0 amongst other critical functionality.
Please upgrade to Gymnasium, the maintained drop-in replacement of Gym, or contact the authors of your software and request that they upgrade.
See the migration guide at https://gymnasium.farama.org/introduction/migration_guide/ for additional information.
/home/fahim/Thesis_fahim/venv/lib/python3.12/site-packages/gym/spaces/box.py:84: UserWarning: [33mWARN: Box bound precision lowered by casting to float32[0m
  logger.warn(f"Box bound precision lowered by casting to {self.dtype}")
/home/fahim/Thesis_fahim/venv/lib/python3.12/site-packages/gym/spaces/box.py:84: UserWarning: [33mWARN: Box bound precision lowered by casting to float32[0m
  logger.warn(f"Box bound precision lowered by casting to {self.dtype}")
/home/fahim/Thesis_fahim/venv/lib/python3.12/site-packages/gym/spaces/box.py:84: UserWarning: [33mWARN: Box bound precision lowered by casting to float32[0m
  logger.warn(f"Box bound precision lowered by casting to {self.dtype}")
/home/fahim/Thesis_fahim/venv/lib/python3.12/site-packages/gym/spaces/box.py:84: UserWarning: [33mWARN: Box bound precision lowered by casting to float32[0m
  logger.warn(f"Box bound precision lowered by casting to {self.dtype}")
/home/fahim/Thesis_fahim/venv/lib/python3.12/site-packages/gym/spaces/box.py:84: UserWarning: [33mWARN: Box bound precision lowered by casting to float32[0m
  logger.warn(f"Box bound precision lowered by casting to {self.dtype}")
Gym has been unmaintained since 2022 and does not support NumPy 2.0 amongst other critical functionality.
Please upgrade to Gymnasium, the maintained drop-in replacement of Gym, or contact the authors of your software and request that they upgrade.
See the migration guide at https://gymnasium.farama.org/introduction/migration_guide/ for additional information.
5 environments ready.

  Actor QAT           : per-tensor INT8 fake-quant, STE grads
  Actor weight clip   : |w| <= 8.0 * std(w) per Linear tensor (bi_s0 baseline fc1 9.96 / fc2 10.82)
Init: resumed (source: /home/fahim/Thesis_fahim/pickandplace/checkpoints/td3_grasp_rand_td3_ln_c2m512_s1/best)
Resumed replay buffer (1,713,876 transitions).

Training...

Ep    50 | score  206.55 | avg100  147.75 | grasp100  64.0% | best 0.000 |     35 st/s
    done(50): success=32 t_flicker=12 t_touched=5 t_no_reach=1
Ep   100 | score  233.21 | avg100  147.00 | grasp100  62.0% | best 0.000 |     36 st/s
    done(50): success=30 t_flicker=16 t_touched=4
Ep   150 | score   30.51 | avg100  156.26 | grasp100  68.0% | best 0.000 |     36 st/s
    done(50): success=38 t_flicker=5 t_touched=7
Ep   200 | * BEST  level200=2.00 grasp200= 68.5% metric=0.685 | score   42.32
Ep   230 | * BEST  level200=2.00 grasp200= 70.0% metric=0.700 | score  207.37
Ep   250 | score  207.79 | avg100  161.99 | grasp100  70.0% | best 0.700 |     36 st/s
    done(50): success=33 t_flicker=12 t_touched=5
Ep   300 | score   38.07 | avg100  146.27 | grasp100  62.0% | best 0.700 |     36 st/s
    done(50): success=29 t_flicker=12 t_touched=8 t_no_reach=1
Ep   350 | score  207.67 | avg100  151.07 | grasp100  66.0% | best 0.700 |     36 st/s
    done(50): success=37 t_flicker=6 t_touched=6 t_no_reach=1
Ep   400 | score   31.69 | avg100  148.21 | grasp100  64.0% | best 0.700 |     37 st/s
    done(50): success=27 t_flicker=16 t_touched=5 t_no_reach=2
Ep   450 | score   16.61 | avg100  140.40 | grasp100  59.0% | best 0.700 |     37 st/s
    done(50): success=32 t_flicker=13 t_touched=3 t_no_reach=2
Ep   500 | score  206.32 | avg100  145.65 | grasp100  62.0% | best 0.700 |     37 st/s
    done(50): success=30 t_flicker=13 t_touched=5 t_no_reach=2
Ep   550 | score  207.62 | avg100  138.45 | grasp100  58.0% | best 0.700 |     34 st/s
    done(50): success=28 t_flicker=14 t_touched=5 t_no_reach=3
Ep   600 | score   22.87 | avg100  142.11 | grasp100  61.0% | best 0.700 |     34 st/s
    done(50): success=33 t_flicker=8 t_touched=7 t_no_reach=2
Ep   650 | score  208.77 | avg100  148.05 | grasp100  64.0% | best 0.700 |     35 st/s
    done(50): success=31 t_flicker=14 t_touched=5
Ep   700 | score  208.72 | avg100  140.30 | grasp100  58.0% | best 0.700 |     35 st/s
    done(50): success=27 t_flicker=15 t_touched=7 t_no_reach=1
Ep   750 | score  206.49 | avg100  154.45 | grasp100  67.0% | best 0.700 |     35 st/s
    done(50): success=40 t_flicker=7 t_touched=1 t_no_reach=2
Ep   800 | score  209.82 | avg100  168.86 | grasp100  76.0% | best 0.700 |     35 st/s
    done(50): success=36 t_flicker=10 t_touched=3 t_no_reach=1
Ep   850 | score   30.51 | avg100  160.68 | grasp100  71.0% | best 0.700 |     35 st/s
    done(50): success=35 t_flicker=9 t_touched=6
Ep   862 | * BEST  level200=2.00 grasp200= 71.5% metric=0.715 | score  207.91
Ep   870 | * BEST  level200=2.00 grasp200= 73.0% metric=0.730 | score  208.56
Ep   900 | score   28.33 | avg100  156.34 | grasp100  68.0% | best 0.730 |     35 st/s
    done(50): success=33 t_flicker=13 t_touched=3 t_no_reach=1
Ep   950 | score  210.03 | avg100  152.88 | grasp100  65.0% | best 0.730 |     35 st/s
    done(50): success=32 t_flicker=12 t_touched=3 t_no_reach=3
========================================================================
RANDOM-SPAWN GRASP RETRAINING  |  algo=td3_ln  run=td3_ln_cereal_basewarm_s2
========================================================================
  Envs                : 5 (subprocess-parallel, fork)
  Spawn level         : 2.0 (1.0 = full position box, 2.0 = + z-rotation)
  Updates/vec-step    : 2 (0.400 per env-step; historical baseline 0.5)
  Buffer              : 2,000,000
  Actor               : 64 -> 32  (5,216 weights)  [critics 512->256]
  Warm start          : checkpoints/td3_grasp_rand_td3_ln_c2m512_s1/best
  Checkpoints         : /home/fahim/Thesis_fahim/pickandplace/checkpoints/td3_grasp_rand_td3_ln_cereal_basewarm_s2
========================================================================

Spawning 5 subprocess environments (fork)...
[robosuite WARNING] No private macro file found! (__init__.py:7)
[robosuite WARNING] It is recommended to use a private macro file (__init__.py:8)
[robosuite WARNING] To setup, run: python /home/fahim/Thesis_fahim/venv/lib/python3.12/site-packages/robosuite/scripts/setup_macros.py (__init__.py:9)
[robosuite WARNING] No private macro file found! (__init__.py:7)
[robosuite WARNING] It is recommended to use a private macro file (__init__.py:8)
[robosuite WARNING] To setup, run: python /home/fahim/Thesis_fahim/venv/lib/python3.12/site-packages/robosuite/scripts/setup_macros.py (__init__.py:9)
[robosuite WARNING] No private macro file found! (__init__.py:7)
[robosuite WARNING] It is recommended to use a private macro file (__init__.py:8)
[robosuite WARNING] To setup, run: python /home/fahim/Thesis_fahim/venv/lib/python3.12/site-packages/robosuite/scripts/setup_macros.py (__init__.py:9)
[robosuite WARNING] No private macro file found! (__init__.py:7)
[robosuite WARNING] It is recommended to use a private macro file (__init__.py:8)
[robosuite WARNING] To setup, run: python /home/fahim/Thesis_fahim/venv/lib/python3.12/site-packages/robosuite/scripts/setup_macros.py (__init__.py:9)
[robosuite WARNING] No private macro file found! (__init__.py:7)
[robosuite WARNING] It is recommended to use a private macro file (__init__.py:8)
[robosuite WARNING] To setup, run: python /home/fahim/Thesis_fahim/venv/lib/python3.12/site-packages/robosuite/scripts/setup_macros.py (__init__.py:9)
Gym has been unmaintained since 2022 and does not support NumPy 2.0 amongst other critical functionality.
Please upgrade to Gymnasium, the maintained drop-in replacement of Gym, or contact the authors of your software and request that they upgrade.
See the migration guide at https://gymnasium.farama.org/introduction/migration_guide/ for additional information.
Gym has been unmaintained since 2022 and does not support NumPy 2.0 amongst other critical functionality.
Please upgrade to Gymnasium, the maintained drop-in replacement of Gym, or contact the authors of your software and request that they upgrade.
See the migration guide at https://gymnasium.farama.org/introduction/migration_guide/ for additional information.
Gym has been unmaintained since 2022 and does not support NumPy 2.0 amongst other critical functionality.
Please upgrade to Gymnasium, the maintained drop-in replacement of Gym, or contact the authors of your software and request that they upgrade.
See the migration guide at https://gymnasium.farama.org/introduction/migration_guide/ for additional information.
Gym has been unmaintained since 2022 and does not support NumPy 2.0 amongst other critical functionality.
Please upgrade to Gymnasium, the maintained drop-in replacement of Gym, or contact the authors of your software and request that they upgrade.
See the migration guide at https://gymnasium.farama.org/introduction/migration_guide/ for additional information.
Gym has been unmaintained since 2022 and does not support NumPy 2.0 amongst other critical functionality.
Please upgrade to Gymnasium, the maintained drop-in replacement of Gym, or contact the authors of your software and request that they upgrade.
See the migration guide at https://gymnasium.farama.org/introduction/migration_guide/ for additional information.
/home/fahim/Thesis_fahim/venv/lib/python3.12/site-packages/gym/spaces/box.py:84: UserWarning: [33mWARN: Box bound precision lowered by casting to float32[0m
  logger.warn(f"Box bound precision lowered by casting to {self.dtype}")
/home/fahim/Thesis_fahim/venv/lib/python3.12/site-packages/gym/spaces/box.py:84: UserWarning: [33mWARN: Box bound precision lowered by casting to float32[0m
  logger.warn(f"Box bound precision lowered by casting to {self.dtype}")
/home/fahim/Thesis_fahim/venv/lib/python3.12/site-packages/gym/spaces/box.py:84: UserWarning: [33mWARN: Box bound precision lowered by casting to float32[0m
  logger.warn(f"Box bound precision lowered by casting to {self.dtype}")
/home/fahim/Thesis_fahim/venv/lib/python3.12/site-packages/gym/spaces/box.py:84: UserWarning: [33mWARN: Box bound precision lowered by casting to float32[0m
  logger.warn(f"Box bound precision lowered by casting to {self.dtype}")
/home/fahim/Thesis_fahim/venv/lib/python3.12/site-packages/gym/spaces/box.py:84: UserWarning: [33mWARN: Box bound precision lowered by casting to float32[0m
  logger.warn(f"Box bound precision lowered by casting to {self.dtype}")
Gym has been unmaintained since 2022 and does not support NumPy 2.0 amongst other critical functionality.
Please upgrade to Gymnasium, the maintained drop-in replacement of Gym, or contact the authors of your software and request that they upgrade.
See the migration guide at https://gymnasium.farama.org/introduction/migration_guide/ for additional information.
5 environments ready.

  Actor QAT           : per-tensor INT8 fake-quant, STE grads
  Actor weight clip   : |w| <= 8.0 * std(w) per Linear tensor (bi_s0 baseline fc1 9.96 / fc2 10.82)
Init: resumed (source: /home/fahim/Thesis_fahim/pickandplace/checkpoints/td3_grasp_rand_td3_ln_c2m512_s1/best)
Resumed replay buffer (1,734,054 transitions).

Training...

Ep    50 | score  209.51 | avg100  155.20 | grasp100  66.0% | best 0.000 |     34 st/s
    done(50): success=33 t_flicker=14 t_touched=3
Ep   100 | score    8.21 | avg100  145.29 | grasp100  60.0% | best 0.000 |     33 st/s
    done(50): success=27 t_flicker=15 t_touched=6 t_no_reach=2
Ep   150 | score  207.29 | avg100  141.78 | grasp100  59.0% | best 0.000 |     31 st/s
    done(50): success=32 t_flicker=11 t_touched=6 t_no_reach=1
Ep   200 | * BEST  level200=2.00 grasp200= 63.5% metric=0.635 | score   62.84
Ep   222 | * BEST  level200=2.00 grasp200= 65.0% metric=0.650 | score  210.89
Ep   234 | * BEST  level200=2.00 grasp200= 66.5% metric=0.665 | score  205.80
Ep   250 | score   42.21 | avg100  164.06 | grasp100  71.0% | best 0.665 |     30 st/s
    done(50): success=36 t_flicker=11 t_touched=3
Ep   270 | * BEST  level200=2.00 grasp200= 68.0% metric=0.680 | score  208.48
Ep   300 | score   80.38 | avg100  158.70 | grasp100  68.0% | best 0.680 |     30 st/s
    done(50): success=32 t_flicker=12 t_touched=6
Ep   325 | * BEST  level200=2.00 grasp200= 69.5% metric=0.695 | score  207.20
Ep   350 | score  209.65 | avg100  160.32 | grasp100  69.0% | best 0.695 |     29 st/s
    done(50): success=37 t_flicker=10 t_touched=3
Ep   400 | score   58.04 | avg100  151.99 | grasp100  65.0% | best 0.695 |     29 st/s
    done(50): success=28 t_flicker=15 t_touched=7
Ep   450 | score   16.92 | avg100  141.84 | grasp100  60.0% | best 0.695 |     29 st/s
    done(50): success=32 t_flicker=12 t_touched=5 t_no_reach=1
Ep   500 | score   64.92 | avg100  147.06 | grasp100  62.0% | best 0.695 |     30 st/s
    done(50): success=30 t_flicker=16 t_touched=2 t_no_reach=2
Ep   550 | score   22.92 | avg100  148.53 | grasp100  63.0% | best 0.695 |     27 st/s
    done(50): success=33 t_flicker=10 t_touched=7
Ep   600 | score   56.85 | avg100  157.95 | grasp100  69.0% | best 0.695 |     28 st/s
    done(50): success=36 t_flicker=8 t_touched=5 t_no_reach=1
Ep   650 | score  209.70 | avg100  154.44 | grasp100  66.0% | best 0.695 |     28 st/s
    done(50): success=30 t_flicker=16 t_touched=3 t_no_reach=1
Ep   700 | score  211.96 | avg100  147.19 | grasp100  62.0% | best 0.695 |     28 st/s
    done(50): success=32 t_flicker=12 t_touched=5 t_no_reach=1
Ep   750 | score    7.52 | avg100  156.10 | grasp100  68.0% | best 0.695 |     28 st/s
    done(50): success=36 t_flicker=9 t_touched=4 t_no_reach=1
Ep   800 | score  207.72 | avg100  157.19 | grasp100  69.0% | best 0.695 |     28 st/s
    done(50): success=33 t_flicker=10 t_touched=6 t_no_reach=1
Ep   850 | score  208.99 | avg100  155.32 | grasp100  68.0% | best 0.695 |     28 st/s
    done(50): success=35 t_flicker=9 t_touched=5 t_no_reach=1
Ep   899 | * BEST  level200=2.00 grasp200= 71.0% metric=0.710 | score  206.63
Ep   900 | score  284.00 | avg100  164.97 | grasp100  73.0% | best 0.710 |     28 st/s
    done(50): success=38 t_flicker=9 t_touched=2 t_no_reach=1
Ep   950 | score    2.57 | avg100  158.81 | grasp100  69.0% | best 0.710 |     28 st/s
    done(50): success=31 t_flicker=13 t_touched=4 t_no_reach=2
Ep   995 | * BEST  level200=2.00 grasp200= 72.5% metric=0.725 | score  207.65
Ep  1000 | score  206.00 | avg100  161.60 | grasp100  71.0% | best 0.725 |     28 st/s
    done(50): success=40 t_flicker=6 t_touched=4
Ep  1023 | * BEST  level200=2.00 grasp200= 74.0% metric=0.740 | score  257.47
Ep  1050 | score  207.32 | avg100  169.56 | grasp100  75.0% | best 0.740 |     27 st/s
    done(50): success=35 t_flicker=9 t_touched=5 t_no_reach=1
Ep  1100 | score   27.76 | avg100  150.96 | grasp100  63.0% | best 0.740 |     27 st/s
    done(50): success=28 t_flicker=11 t_touched=9 t_no_reach=2
Ep  1150 | score  207.02 | avg100  157.28 | grasp100  67.0% | best 0.740 |     27 st/s
    done(50): success=39 t_flicker=9 t_touched=2
Ep  1200 | score   12.35 | avg100  165.04 | grasp100  72.0% | best 0.740 |     27 st/s
    done(50): success=33 t_flicker=13 t_touched=4
Ep  1250 | score    9.64 | avg100  148.75 | grasp100  63.0% | best 0.740 |     27 st/s
    done(50): success=30 t_flicker=14 t_touched=3 t_no_reach=3
Ep  1300 | score  226.17 | avg100  149.01 | grasp100  63.0% | best 0.740 |     28 st/s
    done(50): success=33 t_flicker=12 t_touched=5
Ep  1350 | score  208.54 | avg100  156.53 | grasp100  69.0% | best 0.740 |     28 st/s
    done(50): success=36 t_flicker=8 t_touched=4 t_no_reach=2
Ep  1400 | score  205.79 | avg100  161.43 | grasp100  73.0% | best 0.740 |     28 st/s
    done(50): success=37 t_flicker=6 t_touched=7
Ep  1450 | score  216.89 | avg100  168.68 | grasp100  75.0% | best 0.740 |     28 st/s
    done(50): success=38 t_flicker=10 t_touched=2
Ep  1500 | score  210.65 | avg100  168.51 | grasp100  75.0% | best 0.740 |     28 st/s
    done(50): success=37 t_flicker=7 t_touched=4 t_no_reach=2
Ep  1514 | * BEST  level200=2.00 grasp200= 75.5% metric=0.755 | score  205.24
Ep  1549 | * BEST  level200=2.00 grasp200= 77.0% metric=0.770 | score  207.17
Ep  1550 | score    1.22 | avg100  172.31 | grasp100  78.0% | best 0.770 |     27 st/s
    done(50): success=41 t_flicker=8 t_touched=1
Ep  1600 | score  208.37 | avg100  168.29 | grasp100  74.0% | best 0.770 |     27 st/s
    done(50): success=33 t_flicker=11 t_touched=5 t_no_reach=1
  [primacy-bias reset of critic heads @ 25000 updates]
Ep  1650 | score   18.91 | avg100  133.16 | grasp100  57.0% | best 0.770 |     27 st/s
    done(50): success=24 t_flicker=6 t_touched=11 t_no_reach=9
Ep  1700 | score  204.18 | avg100  114.45 | grasp100  51.0% | best 0.770 |     27 st/s
    done(50): success=27 t_flicker=8 t_touched=7 t_no_reach=8
Ep  1750 | score  206.65 | avg100  112.77 | grasp100  49.0% | best 0.770 |     27 st/s
    done(50): success=22 t_flicker=14 t_touched=10 t_no_reach=4
Ep  1800 | score  208.87 | avg100  106.39 | grasp100  43.0% | best 0.770 |     27 st/s
    done(50): success=21 t_flicker=16 t_touched=13
Ep  1850 | score  208.09 | avg100  103.28 | grasp100  40.0% | best 0.770 |     28 st/s
    done(50): success=19 t_flicker=20 t_touched=11
Ep  1900 | score   13.27 | avg100  117.91 | grasp100  48.0% | best 0.770 |     28 st/s
    done(50): success=29 t_flicker=12 t_touched=7 t_no_reach=2
Ep  1950 | score   35.39 | avg100  136.65 | grasp100  58.0% | best 0.770 |     28 st/s
    done(50): success=29 t_flicker=17 t_touched=3 t_no_reach=1
Ep  2000 | score    9.16 | avg100  134.95 | grasp100  55.0% | best 0.770 |     28 st/s
    done(50): success=26 t_flicker=15 t_touched=8 t_no_reach=1
Ep  2050 | score   22.77 | avg100  142.33 | grasp100  60.0% | best 0.770 |     27 st/s
    done(50): success=34 t_flicker=12 t_touched=3 t_no_reach=1
Ep  2100 | score   -0.35 | avg100  144.85 | grasp100  63.0% | best 0.770 |     27 st/s
    done(50): success=29 t_flicker=11 t_touched=9 t_no_reach=1
Ep  2150 | score  208.77 | avg100  139.21 | grasp100  60.0% | best 0.770 |     28 st/s
    done(50): success=31 t_flicker=12 t_touched=5 t_no_reach=2
Ep  2200 | score  226.36 | avg100  146.55 | grasp100  64.0% | best 0.770 |     28 st/s
    done(50): success=33 t_flicker=12 t_touched=4 t_no_reach=1
Ep  2250 | score  207.94 | avg100  152.18 | grasp100  67.0% | best 0.770 |     28 st/s
    done(50): success=34 t_flicker=11 t_touched=3 t_no_reach=2
Ep  2300 | score  209.10 | avg100  155.69 | grasp100  69.0% | best 0.770 |     28 st/s
    done(50): success=35 t_flicker=12 t_touched=2 t_no_reach=1
Ep  2350 | score   25.55 | avg100  156.96 | grasp100  69.0% | best 0.770 |     28 st/s
    done(50): success=34 t_flicker=12 t_touched=4
Ep  2400 | score    2.34 | avg100  154.47 | grasp100  67.0% | best 0.770 |     28 st/s
    done(50): success=33 t_flicker=12 t_touched=4 t_no_reach=1
Ep  2450 | score  207.89 | avg100  162.20 | grasp100  71.0% | best 0.770 |     28 st/s
    done(50): success=38 t_flicker=10 t_touched=2
Ep  2500 | score  209.53 | avg100  167.87 | grasp100  74.0% | best 0.770 |     28 st/s
    done(50): success=36 t_flicker=11 t_touched=2 t_no_reach=1
Ep  2550 | score    2.74 | avg100  159.36 | grasp100  70.0% | best 0.770 |     27 st/s
    done(50): success=34 t_flicker=9 t_touched=3 t_no_reach=4
Ep  2600 | score   40.58 | avg100  161.87 | grasp100  71.0% | best 0.770 |     27 st/s
    done(50): success=37 t_flicker=10 t_touched=3
Ep  2650 | score  207.28 | avg100  168.88 | grasp100  76.0% | best 0.770 |     27 st/s
    done(50): success=39 t_flicker=5 t_touched=5 t_no_reach=1
Ep  2700 | score  207.21 | avg100  171.52 | grasp100  78.0% | best 0.770 |     27 st/s
    done(50): success=39 t_flicker=9 t_touched=2
Ep  2750 | score  209.06 | avg100  159.41 | grasp100  70.0% | best 0.770 |     27 st/s
    done(50): success=31 t_flicker=13 t_touched=4 t_no_reach=2
Ep  2800 | score  204.55 | avg100  162.73 | grasp100  73.0% | best 0.770 |     27 st/s
    done(50): success=42 t_flicker=7 t_touched=1
Ep  2850 | score   64.78 | avg100  169.11 | grasp100  78.0% | best 0.770 |     28 st/s
    done(50): success=36 t_flicker=9 t_touched=2 t_no_reach=3
Ep  2900 | score   71.13 | avg100  152.44 | grasp100  67.0% | best 0.770 |     28 st/s
    done(50): success=31 t_flicker=16 t_touched=2 t_no_reach=1
Ep  2950 | score  208.37 | avg100  160.00 | grasp100  70.0% | best 0.770 |     28 st/s
    done(50): success=39 t_flicker=9 t_touched=1 t_no_reach=1
Ep  3000 | score  209.38 | avg100  171.36 | grasp100  77.0% | best 0.770 |     28 st/s
    done(50): success=38 t_flicker=12
Ep  3050 | score   60.36 | avg100  154.26 | grasp100  67.0% | best 0.770 |     27 st/s
    done(50): success=29 t_flicker=12 t_touched=5 t_no_reach=4
Ep  3100 | score  205.07 | avg100  149.22 | grasp100  65.0% | best 0.770 |     27 st/s
    done(50): success=36 t_flicker=8 t_touched=5 t_no_reach=1
Ep  3150 | score  212.88 | avg100  165.13 | grasp100  73.0% | best 0.770 |     27 st/s
    done(50): success=37 t_flicker=12 t_touched=1
  [primacy-bias reset of critic heads @ 50000 updates]
Ep  3200 | score   46.49 | avg100  153.48 | grasp100  65.0% | best 0.770 |     27 st/s
    done(50): success=28 t_flicker=14 t_touched=2 t_no_reach=6
Ep  3250 | score   41.61 | avg100  117.84 | grasp100  48.0% | best 0.770 |     27 st/s
    done(50): success=20 t_flicker=13 t_touched=10 t_no_reach=7
Ep  3300 | score  207.12 | avg100   94.92 | grasp100  39.0% | best 0.770 |     28 st/s
    done(50): success=19 t_flicker=16 t_touched=8 t_no_reach=7
Ep  3350 | score  208.08 | avg100   84.15 | grasp100  33.0% | best 0.770 |     28 st/s
    done(50): success=14 t_flicker=20 t_touched=6 t_no_reach=10
Ep  3400 | score   27.81 | avg100   84.49 | grasp100  32.0% | best 0.770 |     28 st/s
    done(50): success=18 t_flicker=22 t_touched=7 t_no_reach=3
Ep  3450 | score   23.41 | avg100  118.06 | grasp100  50.0% | best 0.770 |     28 st/s
    done(50): success=32 t_flicker=11 t_touched=5 t_no_reach=2
Ep  3500 | score   76.17 | avg100  140.15 | grasp100  60.0% | best 0.770 |     28 st/s
    done(50): success=28 t_flicker=17 t_touched=5
Ep  3550 | score  206.76 | avg100  136.26 | grasp100  56.0% | best 0.770 |     28 st/s
    done(50): success=28 t_flicker=18 t_touched=3 t_no_reach=1
Ep  3600 | score  206.77 | avg100  137.97 | grasp100  58.0% | best 0.770 |     28 st/s
    done(50): success=30 t_flicker=13 t_touched=6 t_no_reach=1
Ep  3650 | score  207.21 | avg100  135.92 | grasp100  57.0% | best 0.770 |     28 st/s
    done(50): success=27 t_flicker=17 t_touched=5 t_no_reach=1
Ep  3700 | score   71.47 | avg100  140.75 | grasp100  58.0% | best 0.770 |     28 st/s
    done(50): success=31 t_flicker=17 t_touched=2
Ep  3750 | score  207.37 | avg100  163.82 | grasp100  71.0% | best 0.770 |     28 st/s
    done(50): success=40 t_flicker=5 t_touched=5
Ep  3800 | score  207.48 | avg100  168.77 | grasp100  75.0% | best 0.770 |     28 st/s
    done(50): success=35 t_flicker=9 t_touched=3 t_no_reach=3
Ep  3850 | score  209.76 | avg100  153.21 | grasp100  66.0% | best 0.770 |     28 st/s
    done(50): success=31 t_flicker=14 t_touched=3 t_no_reach=2
Ep  3900 | score  208.60 | avg100  149.35 | grasp100  63.0% | best 0.770 |     28 st/s
    done(50): success=32 t_flicker=15 t_touched=3
Ep  3950 | score   53.07 | avg100  152.24 | grasp100  66.0% | best 0.770 |     28 st/s
    done(50): success=34 t_flicker=9 t_touched=2 t_no_reach=5
Ep  4000 | score   40.54 | avg100  161.92 | grasp100  73.0% | best 0.770 |     28 st/s
    done(50): success=39 t_flicker=7 t_touched=2 t_no_reach=2
Ep  4050 | score  208.11 | avg100  175.15 | grasp100  81.0% | best 0.770 |     27 st/s
    done(50): success=42 t_flicker=6 t_touched=1 t_no_reach=1
Ep  4100 | score  204.97 | avg100  164.84 | grasp100  74.0% | best 0.770 |     27 st/s
    done(50): success=32 t_flicker=13 t_touched=5
Ep  4150 | score  207.87 | avg100  152.64 | grasp100  68.0% | best 0.770 |     28 st/s
    done(50): success=36 t_flicker=5 t_touched=6 t_no_reach=3
Ep  4200 | score  205.35 | avg100  161.49 | grasp100  74.0% | best 0.770 |     28 st/s
    done(50): success=38 t_flicker=9 t_touched=1 t_no_reach=2
Ep  4250 | score  228.70 | avg100  180.02 | grasp100  83.0% | best 0.770 |     28 st/s
    done(50): success=45 t_flicker=4 t_no_reach=1
Ep  4288 | * BEST  level200=2.00 grasp200= 78.5% metric=0.785 | score  208.68
Ep  4300 | score   10.08 | avg100  179.28 | grasp100  82.0% | best 0.785 |     28 st/s
    done(50): success=37 t_flicker=10 t_touched=3
Ep  4328 | * BEST  level200=2.00 grasp200= 80.0% metric=0.800 | score  206.09
Ep  4343 | * BEST  level200=2.00 grasp200= 81.5% metric=0.815 | score  207.10
Ep  4350 | score  207.41 | avg100  177.39 | grasp100  81.0% | best 0.815 |     28 st/s
    done(50): success=44 t_flicker=6
Ep  4354 | * BEST  level200=2.00 grasp200= 83.0% metric=0.830 | score  206.08
Ep  4400 | score   61.80 | avg100  176.33 | grasp100  81.0% | best 0.830 |     28 st/s
    done(50): success=37 t_flicker=9 t_touched=4
Ep  4450 | score   36.57 | avg100  155.34 | grasp100  68.0% | best 0.830 |     28 st/s
    done(50): success=31 t_flicker=13 t_touched=5 t_no_reach=1
Ep  4500 | score  207.70 | avg100  159.45 | grasp100  70.0% | best 0.830 |     28 st/s
    done(50): success=39 t_flicker=9 t_touched=1 t_no_reach=1
Ep  4550 | score  205.80 | avg100  173.11 | grasp100  80.0% | best 0.830 |     27 st/s
    done(50): success=41 t_flicker=4 t_touched=2 t_no_reach=3
Ep  4600 | score   28.30 | avg100  164.41 | grasp100  75.0% | best 0.830 |     27 st/s
    done(50): success=34 t_flicker=12 t_touched=3 t_no_reach=1
Ep  4650 | score  209.19 | avg100  154.71 | grasp100  66.0% | best 0.830 |     27 st/s
    done(50): success=32 t_flicker=14 t_touched=4
Ep  4700 | score  205.49 | avg100  170.10 | grasp100  75.0% | best 0.830 |     27 st/s
    done(50): success=43 t_flicker=5 t_touched=2
Ep  4750 | score  206.10 | avg100  180.92 | grasp100  84.0% | best 0.830 |     27 st/s
    done(50): success=41 t_flicker=5 t_touched=2 t_no_reach=2
Ep  4800 | score  205.60 | avg100  170.08 | grasp100  77.0% | best 0.830 |     27 st/s
    done(50): success=36 t_flicker=11 t_touched=3
  [primacy-bias reset of critic heads @ 75000 updates]
Ep  4850 | score    4.79 | avg100  137.09 | grasp100  59.0% | best 0.830 |     27 st/s
    done(50): success=23 t_flicker=14 t_touched=4 t_no_reach=9
Ep  4900 | score   34.10 | avg100   84.86 | grasp100  32.0% | best 0.830 |     28 st/s
    done(50): success=9 t_flicker=22 t_touched=13 t_no_reach=6
Ep  4950 | score   26.93 | avg100   60.01 | grasp100  20.0% | best 0.830 |     28 st/s
    done(50): success=11 t_flicker=11 t_touched=16 t_no_reach=12
Ep  5000 | score  204.69 | avg100   71.33 | grasp100  25.0% | best 0.830 |     28 st/s
    done(50): success=14 t_flicker=23 t_touched=11 t_no_reach=2
Ep  5050 | score   31.12 | avg100  102.36 | grasp100  38.0% | best 0.830 |     27 st/s
    done(50): success=24 t_flicker=15 t_touched=9 t_no_reach=2
Ep  5100 | score   55.44 | avg100  124.56 | grasp100  50.0% | best 0.830 |     28 st/s
    done(50): success=26 t_flicker=15 t_touched=6 t_no_reach=3
Ep  5150 | score   36.92 | avg100  137.51 | grasp100  58.0% | best 0.830 |     28 st/s
    done(50): success=32 t_flicker=12 t_touched=4 t_no_reach=2
Ep  5200 | score  208.38 | avg100  154.99 | grasp100  68.0% | best 0.830 |     28 st/s
    done(50): success=36 t_flicker=10 t_touched=4
Ep  5250 | score   58.66 | avg100  161.26 | grasp100  72.0% | best 0.830 |     28 st/s
    done(50): success=36 t_flicker=8 t_touched=4 t_no_reach=2
Ep  5300 | score  207.04 | avg100  146.67 | grasp100  63.0% | best 0.830 |     28 st/s
    done(50): success=27 t_flicker=19 t_touched=3 t_no_reach=1
Ep  5350 | score  208.03 | avg100  138.28 | grasp100  59.0% | best 0.830 |     28 st/s
    done(50): success=32 t_flicker=11 t_touched=5 t_no_reach=2
Ep  5400 | score  207.95 | avg100  136.85 | grasp100  59.0% | best 0.830 |     28 st/s
    done(50): success=27 t_flicker=17 t_touched=4 t_no_reach=2
Ep  5450 | score  206.07 | avg100  150.29 | grasp100  65.0% | best 0.830 |     28 st/s
    done(50): success=38 t_flicker=10 t_touched=2
Ep  5500 | score  208.65 | avg100  162.61 | grasp100  71.0% | best 0.830 |     28 st/s
    done(50): success=33 t_flicker=11 t_touched=6
Ep  5550 | score   26.80 | avg100  153.56 | grasp100  66.0% | best 0.830 |     28 st/s
    done(50): success=33 t_flicker=13 t_touched=4
Ep  5600 | score   59.47 | avg100  159.09 | grasp100  70.0% | best 0.830 |     28 st/s
    done(50): success=37 t_flicker=9 t_touched=3 t_no_reach=1
Ep  5650 | score  113.50 | avg100  168.51 | grasp100  76.0% | best 0.830 |     28 st/s
    done(50): success=39 t_flicker=6 t_touched=3 t_no_reach=2
Ep  5700 | score  205.63 | avg100  165.87 | grasp100  75.0% | best 0.830 |     28 st/s
    done(50): success=36 t_flicker=9 t_touched=4 t_no_reach=1
Ep  5750 | score  207.51 | avg100  171.14 | grasp100  78.0% | best 0.830 |     28 st/s
    done(50): success=42 t_flicker=4 t_touched=4
Ep  5800 | score  205.76 | avg100  172.42 | grasp100  79.0% | best 0.830 |     28 st/s
    done(50): success=37 t_flicker=10 t_touched=1 t_no_reach=2
Ep  5850 | score  220.05 | avg100  163.78 | grasp100  74.0% | best 0.830 |     28 st/s
    done(50): success=37 t_flicker=10 t_touched=3
Ep  5900 | score  207.76 | avg100  173.18 | grasp100  79.0% | best 0.830 |     28 st/s
    done(50): success=42 t_flicker=5 t_touched=3
Ep  5950 | score  209.90 | avg100  181.55 | grasp100  84.0% | best 0.830 |     28 st/s
    done(50): success=42 t_flicker=5 t_touched=3
Ep  6000 | score  206.29 | avg100  176.17 | grasp100  81.0% | best 0.830 |     28 st/s
    done(50): success=39 t_flicker=9 t_touched=2
Ep  6050 | score  203.01 | avg100  178.30 | grasp100  82.0% | best 0.830 |     27 st/s
    done(50): success=43 t_flicker=7
Ep  6100 | score  205.19 | avg100  176.30 | grasp100  81.0% | best 0.830 |     27 st/s
    done(50): success=38 t_flicker=7 t_touched=1 t_no_reach=4
Ep  6150 | score  205.90 | avg100  170.27 | grasp100  77.0% | best 0.830 |     27 st/s
    done(50): success=39 t_flicker=9 t_touched=1 t_no_reach=1
Ep  6200 | score   39.43 | avg100  169.96 | grasp100  76.0% | best 0.830 |     27 st/s
    done(50): success=37 t_flicker=12 t_touched=1
Ep  6250 | score  207.23 | avg100  171.59 | grasp100  78.0% | best 0.830 |     27 st/s
    done(50): success=41 t_flicker=5 t_touched=3 t_no_reach=1
Ep  6300 | score   57.86 | avg100  173.09 | grasp100  79.0% | best 0.830 |     27 st/s
    done(50): success=38 t_flicker=9 t_touched=2 t_no_reach=1
Ep  6350 | score  204.59 | avg100  167.41 | grasp100  76.0% | best 0.830 |     27 st/s
    done(50): success=38 t_flicker=7 t_touched=4 t_no_reach=1
Ep  6400 | score  206.33 | avg100  171.22 | grasp100  77.0% | best 0.830 |     27 st/s
    done(50): success=39 t_flicker=9 t_touched=2
  [primacy-bias reset of critic heads @ 100000 updates]
Ep  6450 | score  207.67 | avg100  168.06 | grasp100  75.0% | best 0.830 |     27 st/s
    done(50): success=36 t_flicker=8 t_touched=3 t_no_reach=3
Ep  6500 | score  -12.71 | avg100  102.05 | grasp100  43.0% | best 0.830 |     28 st/s
    done(50): success=7 t_flicker=14 t_touched=16 t_no_reach=13
Ep  6550 | score  205.72 | avg100   55.04 | grasp100  22.0% | best 0.830 |     27 st/s
    done(50): success=15 t_flicker=9 t_touched=11 t_no_reach=15
Ep  6600 | score  204.77 | avg100   80.94 | grasp100  34.0% | best 0.830 |     28 st/s
    done(50): success=19 t_flicker=18 t_touched=7 t_no_reach=6
Ep  6650 | score  205.17 | avg100  112.53 | grasp100  46.0% | best 0.830 |     28 st/s
    done(50): success=27 t_flicker=13 t_touched=7 t_no_reach=3
Ep  6700 | score  206.89 | avg100  132.35 | grasp100  56.0% | best 0.830 |     28 st/s
    done(50): success=29 t_flicker=16 t_touched=3 t_no_reach=2
Ep  6750 | score  206.90 | avg100  135.28 | grasp100  59.0% | best 0.830 |     28 st/s
    done(50): success=30 t_flicker=9 t_touched=8 t_no_reach=3
Ep  6800 | score  207.82 | avg100  145.56 | grasp100  64.0% | best 0.830 |     28 st/s
    done(50): success=34 t_flicker=14 t_touched=1 t_no_reach=1
Ep  6850 | score  208.19 | avg100  153.95 | grasp100  67.0% | best 0.830 |     28 st/s
    done(50): success=33 t_flicker=13 t_touched=2 t_no_reach=2
Ep  6900 | score  239.88 | avg100  154.64 | grasp100  68.0% | best 0.830 |     28 st/s
    done(50): success=35 t_flicker=12 t_touched=3
Ep  6950 | score   55.03 | avg100  147.04 | grasp100  63.0% | best 0.830 |     28 st/s
    done(50): success=28 t_flicker=19 t_touched=1 t_no_reach=2
Ep  7000 | score  207.85 | avg100  144.16 | grasp100  62.0% | best 0.830 |     28 st/s
    done(50): success=34 t_flicker=9 t_touched=6 t_no_reach=1
Ep  7050 | score  207.93 | avg100  159.94 | grasp100  72.0% | best 0.830 |     27 st/s
    done(50): success=38 t_flicker=6 t_touched=4 t_no_reach=2
Ep  7100 | score  207.70 | avg100  166.87 | grasp100  77.0% | best 0.830 |     27 st/s
    done(50): success=39 t_flicker=6 t_touched=2 t_no_reach=3
Ep  7150 | score  205.27 | avg100  163.87 | grasp100  75.0% | best 0.830 |     27 st/s
    done(50): success=36 t_flicker=7 t_touched=5 t_no_reach=2
Ep  7200 | score  206.06 | avg100  171.49 | grasp100  78.0% | best 0.830 |     28 st/s
    done(50): success=42 t_flicker=5 t_touched=2 t_no_reach=1
Ep  7250 | score   28.43 | avg100  177.37 | grasp100  81.0% | best 0.830 |     28 st/s
    done(50): success=39 t_flicker=10 t_touched=1
Ep  7300 | score   83.77 | avg100  172.63 | grasp100  78.0% | best 0.830 |     28 st/s
    done(50): success=39 t_flicker=9 t_touched=1 t_no_reach=1
Ep  7350 | score   28.92 | avg100  175.01 | grasp100  79.0% | best 0.830 |     28 st/s
    done(50): success=40 t_flicker=8 t_touched=1 t_no_reach=1
Ep  7400 | score   51.00 | avg100  164.42 | grasp100  74.0% | best 0.830 |     28 st/s
    done(50): success=34 t_flicker=12 t_touched=2 t_no_reach=2
Ep  7450 | score  208.14 | avg100  166.92 | grasp100  77.0% | best 0.830 |     28 st/s
    done(50): success=43 t_flicker=5 t_touched=1 t_no_reach=1
Ep  7500 | score  208.78 | avg100  179.52 | grasp100  83.0% | best 0.830 |     28 st/s
    done(50): success=40 t_flicker=6 t_touched=2 t_no_reach=2
Ep  7550 | score   28.30 | avg100  173.57 | grasp100  79.0% | best 0.830 |     27 st/s
    done(50): success=39 t_flicker=8 t_touched=3
Ep  7600 | score  205.20 | avg100  176.86 | grasp100  81.0% | best 0.830 |     27 st/s
    done(50): success=42 t_flicker=5 t_touched=2 t_no_reach=1
Ep  7650 | score  209.28 | avg100  183.74 | grasp100  84.0% | best 0.830 |     27 st/s
    done(50): success=42 t_flicker=7 t_touched=1
Ep  7700 | score  218.14 | avg100  185.45 | grasp100  85.0% | best 0.830 |     27 st/s
    done(50): success=43 t_flicker=6 t_touched=1
Ep  7722 | * BEST  level200=2.00 grasp200= 84.5% metric=0.845 | score  208.85
Ep  7750 | * BEST  level200=2.00 grasp200= 86.0% metric=0.860 | score  208.10
Ep  7800 | score  205.35 | avg100  180.12 | grasp100  84.0% | best 0.860 |     27 st/s
    done(50): success=39 t_flicker=7 t_touched=1 t_no_reach=3
Ep  7850 | score  204.57 | avg100  176.12 | grasp100  81.0% | best 0.860 |     27 st/s
    done(50): success=42 t_flicker=8
Ep  7900 | score  208.26 | avg100  180.91 | grasp100  83.0% | best 0.860 |     27 st/s
    done(50): success=41 t_flicker=6 t_touched=3
Ep  7950 | score  209.17 | avg100  180.46 | grasp100  83.0% | best 0.860 |     27 st/s
    done(50): success=42 t_flicker=6 t_touched=2
Ep  8000 | score  206.99 | avg100  178.90 | grasp100  82.0% | best 0.860 |     27 st/s
    done(50): success=40 t_flicker=10
Ep  8050 | score  208.29 | avg100  174.36 | grasp100  79.0% | best 0.860 |     27 st/s
    done(50): success=39 t_flicker=9 t_no_reach=2
Ep  8100 | score  205.36 | avg100  173.51 | grasp100  78.0% | best 0.860 |     27 st/s
    done(50): success=39 t_flicker=9 t_touched=2
  [primacy-bias reset of critic heads @ 125000 updates]
Ep  8150 | score   -7.90 | avg100  121.36 | grasp100  51.0% | best 0.860 |     27 st/s
    done(50): success=12 t_flicker=14 t_touched=9 t_no_reach=15
Ep  8200 | score   34.30 | avg100   52.62 | grasp100  15.0% | best 0.860 |     27 st/s
    done(50): success=3 t_flicker=21 t_touched=14 t_no_reach=12
Ep  8250 | score  164.06 | avg100   49.21 | grasp100  12.0% | best 0.860 |     27 st/s
    done(50): success=9 t_flicker=18 t_touched=18 t_no_reach=5
Ep  8300 | score   55.63 | avg100   76.53 | grasp100  26.0% | best 0.860 |     28 st/s
    done(50): success=17 t_flicker=16 t_touched=12 t_no_reach=5
Ep  8350 | score  204.41 | avg100  111.48 | grasp100  45.0% | best 0.860 |     28 st/s
    done(50): success=28 t_flicker=14 t_touched=4 t_no_reach=4
Ep  8400 | score  208.42 | avg100  142.99 | grasp100  62.0% | best 0.860 |     28 st/s
    done(50): success=34 t_flicker=12 t_touched=4
Ep  8450 | score  217.72 | avg100  136.17 | grasp100  58.0% | best 0.860 |     28 st/s
    done(50): success=24 t_flicker=20 t_touched=6
Ep  8500 | score  212.56 | avg100  134.46 | grasp100  57.0% | best 0.860 |     28 st/s
    done(50): success=33 t_flicker=13 t_touched=4
Ep  8550 | score  206.26 | avg100  149.73 | grasp100  66.0% | best 0.860 |     27 st/s
    done(50): success=33 t_flicker=10 t_touched=5 t_no_reach=2
Ep  8600 | score  206.14 | avg100  156.97 | grasp100  69.0% | best 0.860 |     27 st/s
    done(50): success=36 t_flicker=13 t_touched=1
Ep  8650 | score  206.30 | avg100  159.33 | grasp100  70.0% | best 0.860 |     27 st/s
    done(50): success=34 t_flicker=12 t_no_reach=4
Ep  8700 | score   56.00 | avg100  159.57 | grasp100  72.0% | best 0.860 |     27 st/s
    done(50): success=38 t_flicker=6 t_touched=4 t_no_reach=2
Ep  8750 | score  205.85 | avg100  170.00 | grasp100  77.0% | best 0.860 |     27 st/s
    done(50): success=39 t_flicker=9 t_touched=1 t_no_reach=1
Ep  8800 | score  205.05 | avg100  169.11 | grasp100  75.0% | best 0.860 |     28 st/s
    done(50): success=36 t_flicker=11 t_touched=3
Ep  8850 | score  204.58 | avg100  170.71 | grasp100  77.0% | best 0.860 |     27 st/s
    done(50): success=41 t_flicker=7 t_no_reach=2
Ep  8900 | score  205.11 | avg100  176.84 | grasp100  82.0% | best 0.860 |     28 st/s
    done(50): success=41 t_flicker=7 t_touched=1 t_no_reach=1
Ep  8950 | score  206.58 | avg100  170.27 | grasp100  77.0% | best 0.860 |     28 st/s
    done(50): success=36 t_flicker=11 t_touched=3
Ep  9000 | score  227.95 | avg100  176.80 | grasp100  80.0% | best 0.860 |     28 st/s
    done(50): success=44 t_flicker=5 t_touched=1
Ep  9050 | score  207.20 | avg100  185.71 | grasp100  86.0% | best 0.860 |     27 st/s
    done(50): success=42 t_flicker=7 t_no_reach=1
Ep  9100 | score  209.08 | avg100  177.51 | grasp100  81.0% | best 0.860 |     27 st/s
    done(50): success=39 t_flicker=10 t_touched=1
Ep  9150 | score  211.17 | avg100  174.12 | grasp100  79.0% | best 0.860 |     27 st/s
    done(50): success=40 t_flicker=5 t_touched=3 t_no_reach=2
Ep  9200 | score  207.17 | avg100  185.53 | grasp100  86.0% | best 0.860 |     27 st/s
    done(50): success=46 t_flicker=2 t_touched=2
Ep  9250 | score  205.51 | avg100  185.33 | grasp100  86.0% | best 0.860 |     27 st/s
    done(50): success=40 t_flicker=7 t_touched=1 t_no_reach=2
Ep  9300 | score   44.32 | avg100  169.73 | grasp100  78.0% | best 0.860 |     27 st/s
    done(50): success=38 t_flicker=8 t_touched=3 t_no_reach=1
Ep  9350 | score  204.52 | avg100  171.88 | grasp100  80.0% | best 0.860 |     27 st/s
    done(50): success=42 t_flicker=5 t_touched=1 t_no_reach=2
Ep  9400 | score  208.42 | avg100  179.72 | grasp100  84.0% | best 0.860 |     27 st/s
    done(50): success=42 t_flicker=7 t_touched=1
Ep  9450 | score  206.88 | avg100  171.17 | grasp100  79.0% | best 0.860 |     27 st/s
    done(50): success=37 t_flicker=10 t_no_reach=3
Ep  9500 | score  215.61 | avg100  170.19 | grasp100  77.0% | best 0.860 |     27 st/s
    done(50): success=40 t_flicker=8 t_touched=2
Ep  9550 | score  206.53 | avg100  176.67 | grasp100  80.0% | best 0.860 |     27 st/s
    done(50): success=40 t_flicker=7 t_touched=2 t_no_reach=1
Ep  9600 | score  209.48 | avg100  185.01 | grasp100  86.0% | best 0.860 |     27 st/s
    done(50): success=46 t_flicker=4
Ep  9650 | score  205.80 | avg100  181.83 | grasp100  85.0% | best 0.860 |     27 st/s
    done(50): success=39 t_flicker=7 t_touched=2 t_no_reach=2
Ep  9700 | score  206.07 | avg100  174.29 | grasp100  80.0% | best 0.860 |     27 st/s
    done(50): success=41 t_flicker=8 t_touched=1
Ep  9750 | score  208.21 | avg100  170.46 | grasp100  76.0% | best 0.860 |     27 st/s
    done(50): success=35 t_flicker=11 t_touched=2 t_no_reach=2
  [primacy-bias reset of critic heads @ 150000 updates]
Ep  9800 | score  201.77 | avg100  131.91 | grasp100  59.0% | best 0.860 |     27 st/s
    done(50): success=24 t_flicker=10 t_touched=3 t_no_reach=13
Ep  9850 | score   -4.32 | avg100   80.30 | grasp100  36.0% | best 0.860 |     27 st/s
    done(50): success=12 t_flicker=14 t_touched=8 t_no_reach=16
Ep  9900 | score  207.11 | avg100   84.31 | grasp100  37.0% | best 0.860 |     27 st/s
    done(50): success=25 t_flicker=7 t_touched=12 t_no_reach=6
Ep  9950 | score   55.01 | avg100  105.25 | grasp100  45.0% | best 0.860 |     27 st/s
    done(50): success=20 t_flicker=17 t_touched=10 t_no_reach=3
Ep 10000 | score  205.71 | avg100  129.09 | grasp100  55.0% | best 0.860 |     27 st/s
    done(50): success=35 t_flicker=11 t_touched=3 t_no_reach=1
Ep 10050 | score  205.67 | avg100  157.09 | grasp100  71.0% | best 0.860 |     27 st/s
    done(50): success=36 t_flicker=9 t_touched=2 t_no_reach=3
Ep 10100 | score  206.68 | avg100  148.43 | grasp100  66.0% | best 0.860 |     27 st/s
    done(50): success=30 t_flicker=14 t_touched=4 t_no_reach=2
Ep 10150 | score   28.65 | avg100  145.71 | grasp100  63.0% | best 0.860 |     27 st/s
    done(50): success=33 t_flicker=13 t_touched=4
Ep 10200 | score  216.42 | avg100  158.78 | grasp100  71.0% | best 0.860 |     27 st/s
    done(50): success=38 t_flicker=7 t_touched=3 t_no_reach=2
Ep 10250 | score  206.37 | avg100  163.36 | grasp100  73.0% | best 0.860 |     27 st/s
    done(50): success=35 t_flicker=13 t_touched=2
Ep 10300 | score  206.00 | avg100  163.46 | grasp100  73.0% | best 0.860 |     27 st/s
    done(50): success=38 t_flicker=8 t_touched=3 t_no_reach=1
Ep 10350 | score  205.17 | avg100  159.26 | grasp100  71.0% | best 0.860 |     27 st/s
    done(50): success=33 t_flicker=13 t_touched=2 t_no_reach=2
Ep 10400 | score   55.26 | avg100  156.92 | grasp100  69.0% | best 0.860 |     27 st/s
    done(50): success=36 t_flicker=12 t_touched=1 t_no_reach=1
Ep 10450 | score  206.55 | avg100  162.57 | grasp100  73.0% | best 0.860 |     27 st/s
    done(50): success=37 t_flicker=5 t_touched=8
Ep 10500 | score  210.78 | avg100  164.93 | grasp100  75.0% | best 0.860 |     27 st/s
    done(50): success=38 t_flicker=10 t_touched=2
Ep 10550 | score  208.80 | avg100  176.99 | grasp100  82.0% | best 0.860 |     27 st/s
    done(50): success=44 t_flicker=4 t_no_reach=2
Ep 10600 | score   16.92 | avg100  180.54 | grasp100  84.0% | best 0.860 |     27 st/s
    done(50): success=40 t_flicker=7 t_touched=2 t_no_reach=1
Ep 10650 | score  206.55 | avg100  172.84 | grasp100  80.0% | best 0.860 |     27 st/s
    done(50): success=40 t_flicker=4 t_touched=4 t_no_reach=2
Ep 10700 | score  206.96 | avg100  175.26 | grasp100  82.0% | best 0.860 |     27 st/s
    done(50): success=42 t_flicker=4 t_touched=4
Ep 10750 | score   39.74 | avg100  168.15 | grasp100  77.0% | best 0.860 |     27 st/s
    done(50): success=35 t_flicker=11 t_touched=3 t_no_reach=1
Ep 10800 | score  204.74 | avg100  170.69 | grasp100  79.0% | best 0.860 |     27 st/s
    done(50): success=44 t_flicker=2 t_touched=1 t_no_reach=3
Ep 10850 | score  205.77 | avg100  191.29 | grasp100  91.0% | best 0.860 |     27 st/s
    done(50): success=47 t_flicker=3
Ep 10900 | score  207.07 | avg100  196.07 | grasp100  93.0% | best 0.860 |     27 st/s
    done(50): success=46 t_flicker=2 t_touched=2
Ep 10910 | * BEST  level200=2.00 grasp200= 87.5% metric=0.875 | score  204.49
Ep 10945 | * BEST  level200=2.00 grasp200= 89.0% metric=0.890 | score  205.76
Ep 10950 | * BEST  level200=2.00 grasp200= 90.5% metric=0.905 | score  205.43
Ep 11000 | score  206.87 | avg100  184.42 | grasp100  86.0% | best 0.905 |     27 st/s
    done(50): success=42 t_flicker=6 t_touched=2
Ep 11050 | score  207.78 | avg100  183.43 | grasp100  85.0% | best 0.905 |     27 st/s
    done(50): success=43 t_flicker=7
Ep 11100 | score   67.92 | avg100  184.12 | grasp100  85.0% | best 0.905 |     27 st/s
    done(50): success=42 t_flicker=8
Ep 11150 | score  207.82 | avg100  177.94 | grasp100  82.0% | best 0.905 |     27 st/s
    done(50): success=40 t_flicker=8 t_touched=2
Ep 11200 | score  204.70 | avg100  181.60 | grasp100  84.0% | best 0.905 |     27 st/s
    done(50): success=44 t_flicker=6
Ep 11250 | score  206.64 | avg100  185.04 | grasp100  86.0% | best 0.905 |     27 st/s
    done(50): success=42 t_flicker=7 t_no_reach=1
Ep 11300 | score  206.70 | avg100  177.50 | grasp100  81.0% | best 0.905 |     27 st/s
    done(50): success=39 t_flicker=8 t_touched=1 t_no_reach=2
Ep 11350 | score   24.04 | avg100  183.56 | grasp100  85.0% | best 0.905 |     27 st/s
    done(50): success=46 t_flicker=3 t_touched=1
Ep 11400 | score  194.43 | avg100  190.82 | grasp100  91.0% | best 0.905 |     27 st/s
    done(50): success=45 t_flicker=1 t_touched=3 t_no_reach=1
Ep 11450 | score  206.89 | avg100  182.22 | grasp100  86.0% | best 0.905 |     27 st/s
    done(50): success=41 t_flicker=8 t_no_reach=1
Ep 11500 | score  192.81 | avg100  183.34 | grasp100  86.0% | best 0.905 |     27 st/s
    done(50): success=45 t_flicker=4 t_no_reach=1
  [primacy-bias reset of critic heads @ 175000 updates]
Ep 11550 | score  209.41 | avg100  161.70 | grasp100  73.0% | best 0.905 |     27 st/s
    done(50): success=28 t_flicker=16 t_touched=2 t_no_reach=4
Ep 11600 | score   14.22 | avg100  101.84 | grasp100  42.0% | best 0.905 |     27 st/s
    done(50): success=14 t_flicker=11 t_touched=11 t_no_reach=14
Ep 11650 | score  205.76 | avg100   70.45 | grasp100  29.0% | best 0.905 |     27 st/s
    done(50): success=15 t_flicker=9 t_touched=9 t_no_reach=17
Ep 11700 | score   28.67 | avg100   91.59 | grasp100  40.0% | best 0.905 |     27 st/s
    done(50): success=25 t_flicker=14 t_touched=7 t_no_reach=4
Ep 11750 | score  205.58 | avg100  107.86 | grasp100  47.0% | best 0.905 |     27 st/s
    done(50): success=22 t_flicker=12 t_touched=8 t_no_reach=8
Ep 11800 | score   11.96 | avg100  103.41 | grasp100  42.0% | best 0.905 |     27 st/s
    done(50): success=20 t_flicker=21 t_touched=9
Ep 11850 | score   48.75 | avg100  123.31 | grasp100  52.0% | best 0.905 |     27 st/s
    done(50): success=32 t_flicker=11 t_touched=3 t_no_reach=4
Ep 11900 | score  205.78 | avg100  146.68 | grasp100  65.0% | best 0.905 |     27 st/s
    done(50): success=33 t_flicker=14 t_touched=3
Ep 11950 | score  206.69 | avg100  148.57 | grasp100  65.0% | best 0.905 |     27 st/s
    done(50): success=32 t_flicker=13 t_touched=4 t_no_reach=1
Ep 12000 | score  208.39 | avg100  163.62 | grasp100  74.0% | best 0.905 |     27 st/s
    done(50): success=42 t_flicker=5 t_touched=1 t_no_reach=2
Ep 12050 | score  206.23 | avg100  183.49 | grasp100  85.0% | best 0.905 |     27 st/s
    done(50): success=43 t_flicker=7
Ep 12100 | score  206.69 | avg100  173.16 | grasp100  78.0% | best 0.905 |     27 st/s
    done(50): success=35 t_flicker=12 t_touched=2 t_no_reach=1
Ep 12150 | score  205.17 | avg100  164.63 | grasp100  72.0% | best 0.905 |     27 st/s
    done(50): success=37 t_flicker=10 t_touched=3
Ep 12200 | score  207.21 | avg100  172.57 | grasp100  78.0% | best 0.905 |     27 st/s
    done(50): success=41 t_flicker=5 t_touched=2 t_no_reach=2
Ep 12250 | score  205.99 | avg100  174.67 | grasp100  80.0% | best 0.905 |     27 st/s
    done(50): success=39 t_flicker=10 t_touched=1
Ep 12300 | score  208.02 | avg100  178.78 | grasp100  83.0% | best 0.905 |     27 st/s
    done(50): success=44 t_flicker=1 t_touched=5
Ep 12350 | score   53.45 | avg100  177.08 | grasp100  82.0% | best 0.905 |     27 st/s
    done(50): success=38 t_flicker=9 t_touched=3
Ep 12400 | score  207.66 | avg100  170.78 | grasp100  77.0% | best 0.905 |     27 st/s
    done(50): success=39 t_flicker=6 t_touched=4 t_no_reach=1
Ep 12450 | score  205.77 | avg100  174.82 | grasp100  81.0% | best 0.905 |     27 st/s
    done(50): success=42 t_flicker=5 t_touched=1 t_no_reach=2
Ep 12500 | score  207.32 | avg100  182.81 | grasp100  86.0% | best 0.905 |     27 st/s
    done(50): success=44 t_flicker=4 t_no_reach=2
Ep 12550 | score  209.18 | avg100  177.62 | grasp100  83.0% | best 0.905 |     27 st/s
    done(50): success=39 t_flicker=7 t_touched=2 t_no_reach=2
Ep 12600 | score  207.17 | avg100  178.91 | grasp100  84.0% | best 0.905 |     27 st/s
    done(50): success=45 t_flicker=5
Ep 12650 | score  204.37 | avg100  194.54 | grasp100  92.0% | best 0.905 |     27 st/s
    done(50): success=47 t_flicker=3
Ep 12700 | score  205.19 | avg100  197.65 | grasp100  93.0% | best 0.905 |     27 st/s
    done(50): success=46 t_flicker=4
Ep 12750 | score  206.84 | avg100  189.99 | grasp100  89.0% | best 0.905 |     27 st/s
    done(50): success=43 t_flicker=6 t_no_reach=1
Ep 12800 | score  206.36 | avg100  179.71 | grasp100  84.0% | best 0.905 |     27 st/s
    done(50): success=41 t_flicker=7 t_no_reach=2
Ep 12850 | score  209.74 | avg100  174.60 | grasp100  81.0% | best 0.905 |     27 st/s
    done(50): success=40 t_flicker=7 t_touched=1 t_no_reach=2
Ep 12900 | score  215.33 | avg100  177.38 | grasp100  82.0% | best 0.905 |     27 st/s
    done(50): success=42 t_flicker=8
Ep 12950 | score  208.08 | avg100  180.19 | grasp100  83.0% | best 0.905 |     27 st/s
    done(50): success=41 t_flicker=7 t_touched=1 t_no_reach=1
Ep 13000 | score  206.28 | avg100  183.33 | grasp100  85.0% | best 0.905 |     27 st/s
    done(50): success=44 t_flicker=5 t_touched=1
Ep 13050 | score  208.97 | avg100  181.59 | grasp100  84.0% | best 0.905 |     27 st/s
    done(50): success=40 t_flicker=8 t_touched=1 t_no_reach=1
Ep 13100 | score   50.32 | avg100  173.13 | grasp100  79.0% | best 0.905 |     27 st/s
    done(50): success=39 t_flicker=8 t_no_reach=3
Ep 13150 | score  204.97 | avg100  175.55 | grasp100  81.0% | best 0.905 |     27 st/s
    done(50): success=42 t_flicker=6 t_touched=1 t_no_reach=1
Ep 13200 | score  208.48 | avg100  184.69 | grasp100  86.0% | best 0.905 |     27 st/s
    done(50): success=44 t_flicker=5 t_touched=1
Ep 13250 | score  208.31 | avg100  189.49 | grasp100  88.0% | best 0.905 |     27 st/s
    done(50): success=44 t_flicker=6
  [primacy-bias reset of critic heads @ 200000 updates]
Ep 13300 | score   29.63 | avg100  121.41 | grasp100  56.0% | best 0.905 |     27 st/s
    done(50): success=12 t_flicker=7 t_touched=9 t_no_reach=22
Ep 13350 | score   21.66 | avg100   22.06 | grasp100  12.0% | best 0.905 |     27 st/s
    done(50): t_flicker=7 t_touched=7 t_no_reach=36
Ep 13400 | score   -6.74 | avg100    1.07 | grasp100   1.0% | best 0.905 |     27 st/s
    done(50): success=1 t_flicker=13 t_touched=17 t_no_reach=19
Ep 13450 | score   30.38 | avg100   38.19 | grasp100  14.0% | best 0.905 |     27 st/s
    done(50): success=13 t_flicker=14 t_touched=14 t_no_reach=9
Ep 13500 | score  207.01 | avg100   96.84 | grasp100  40.0% | best 0.905 |     27 st/s
    done(50): success=27 t_flicker=14 t_touched=7 t_no_reach=2
Ep 13550 | score   55.41 | avg100  140.51 | grasp100  61.0% | best 0.905 |     27 st/s
    done(50): success=34 t_flicker=11 t_touched=3 t_no_reach=2
Ep 13600 | score  205.38 | avg100  159.94 | grasp100  71.0% | best 0.905 |     27 st/s
    done(50): success=37 t_flicker=11 t_touched=2
Ep 13650 | score   24.26 | avg100  168.21 | grasp100  75.0% | best 0.905 |     27 st/s
    done(50): success=38 t_flicker=9 t_touched=3
Ep 13700 | score  206.46 | avg100  163.43 | grasp100  72.0% | best 0.905 |     27 st/s
    done(50): success=34 t_flicker=10 t_touched=6
Ep 13750 | score  207.84 | avg100  159.65 | grasp100  70.0% | best 0.905 |     27 st/s
    done(50): success=36 t_flicker=9 t_touched=3 t_no_reach=2
Ep 13800 | score  206.94 | avg100  164.02 | grasp100  74.0% | best 0.905 |     27 st/s
    done(50): success=38 t_flicker=7 t_touched=4 t_no_reach=1
Ep 13850 | score  205.36 | avg100  164.12 | grasp100  74.0% | best 0.905 |     27 st/s
    done(50): success=36 t_flicker=12 t_touched=2
Ep 13900 | score  206.12 | avg100  173.49 | grasp100  79.0% | best 0.905 |     27 st/s
    done(50): success=43 t_flicker=6 t_no_reach=1
Ep 13950 | score  206.91 | avg100  183.98 | grasp100  86.0% | best 0.905 |     27 st/s
    done(50): success=43 t_flicker=5 t_touched=2
Ep 14000 | score  206.01 | avg100  180.37 | grasp100  85.0% | best 0.905 |     27 st/s
    done(50): success=42 t_flicker=4 t_touched=2 t_no_reach=2
Ep 14050 | score  207.75 | avg100  181.70 | grasp100  86.0% | best 0.905 |     27 st/s
    done(50): success=44 t_flicker=3 t_touched=2 t_no_reach=1
Ep 14100 | score  227.96 | avg100  181.68 | grasp100  86.0% | best 0.905 |     27 st/s
    done(50): success=42 t_flicker=5 t_touched=2 t_no_reach=1
Ep 14150 | score  203.28 | avg100  177.19 | grasp100  84.0% | best 0.905 |     27 st/s
    done(50): success=42 t_flicker=3 t_touched=4 t_no_reach=1
Ep 14200 | score  208.08 | avg100  184.18 | grasp100  87.0% | best 0.905 |     27 st/s
    done(50): success=45 t_flicker=5
Ep 14250 | score  208.18 | avg100  194.00 | grasp100  92.0% | best 0.905 |     27 st/s
    done(50): success=47 t_flicker=1 t_touched=2
Ep 14300 | score  206.46 | avg100  194.05 | grasp100  92.0% | best 0.905 |     27 st/s
    done(50): success=45 t_flicker=3 t_touched=2
Ep 14348 | * BEST  level200=2.00 grasp200= 92.0% metric=0.920 | score  205.83
Ep 14350 | score  206.72 | avg100  194.23 | grasp100  92.0% | best 0.920 |     27 st/s
    done(50): success=47 t_flicker=1 t_no_reach=2
Ep 14400 | score  206.84 | avg100  189.41 | grasp100  90.0% | best 0.920 |     27 st/s
    done(50): success=43 t_flicker=4 t_touched=3
Ep 14450 | score  205.63 | avg100  175.00 | grasp100  82.0% | best 0.920 |     27 st/s
    done(50): success=39 t_flicker=7 t_touched=3 t_no_reach=1
Ep 14500 | score  207.11 | avg100  181.99 | grasp100  86.0% | best 0.920 |     27 st/s
    done(50): success=47 t_flicker=2 t_no_reach=1
Ep 14550 | score    3.47 | avg100  191.37 | grasp100  92.0% | best 0.920 |     27 st/s
    done(50): success=45 t_flicker=2 t_touched=1 t_no_reach=2
Ep 14600 | score  206.38 | avg100  186.63 | grasp100  89.0% | best 0.920 |     27 st/s
    done(50): success=44 t_flicker=5 t_no_reach=1
Ep 14650 | score  206.14 | avg100  186.94 | grasp100  88.0% | best 0.920 |     27 st/s
    done(50): success=44 t_flicker=5 t_touched=1
Ep 14700 | score  249.24 | avg100  191.33 | grasp100  90.0% | best 0.920 |     27 st/s
    done(50): success=46 t_flicker=3 t_touched=1
Ep 14750 | score  204.94 | avg100  189.44 | grasp100  89.0% | best 0.920 |     27 st/s
    done(50): success=43 t_flicker=5 t_touched=2
Ep 14800 | score  204.93 | avg100  192.18 | grasp100  91.0% | best 0.920 |     27 st/s
    done(50): success=48 t_flicker=2
Ep 14850 | score  206.93 | avg100  193.04 | grasp100  92.0% | best 0.920 |     27 st/s
    done(50): success=44 t_flicker=4 t_touched=2
Ep 14900 | score  207.77 | avg100  188.74 | grasp100  89.0% | best 0.920 |     27 st/s
    done(50): success=45 t_flicker=4 t_touched=1
Ep 14950 | score  206.75 | avg100  184.47 | grasp100  86.0% | best 0.920 |     27 st/s
    done(50): success=41 t_flicker=6 t_touched=1 t_no_reach=2
  [primacy-bias reset of critic heads @ 225000 updates]
Ep 15000 | score  -27.56 | avg100  146.64 | grasp100  69.0% | best 0.920 |     27 st/s
    done(50): success=28 t_flicker=5 t_touched=3 t_no_reach=14
Ep 15050 | score    4.41 | avg100   49.11 | grasp100  28.0% | best 0.920 |     27 st/s
    done(50): t_flicker=2 t_touched=7 t_no_reach=41
Ep 15100 | score   44.14 | avg100   -6.94 | grasp100   3.0% | best 0.920 |     27 st/s
    done(50): success=3 t_flicker=10 t_touched=8 t_no_reach=29
Ep 15150 | score   48.37 | avg100   54.21 | grasp100  24.0% | best 0.920 |     27 st/s
    done(50): success=21 t_flicker=14 t_touched=9 t_no_reach=6
Ep 15200 | score  211.66 | avg100  117.34 | grasp100  51.0% | best 0.920 |     27 st/s
    done(50): success=30 t_flicker=9 t_touched=7 t_no_reach=4
Ep 15250 | score  207.90 | avg100  139.67 | grasp100  63.0% | best 0.920 |     27 st/s
    done(50): success=33 t_flicker=13 t_touched=3 t_no_reach=1
Ep 15300 | score   32.75 | avg100  143.28 | grasp100  63.0% | best 0.920 |     27 st/s
    done(50): success=30 t_flicker=12 t_touched=7 t_no_reach=1
Ep 15350 | score   25.21 | avg100  143.30 | grasp100  64.0% | best 0.920 |     27 st/s
    done(50): success=34 t_flicker=10 t_touched=5 t_no_reach=1
Ep 15400 | score  206.77 | avg100  151.96 | grasp100  68.0% | best 0.920 |     27 st/s
    done(50): success=34 t_flicker=13 t_touched=1 t_no_reach=2
Ep 15450 | score  204.99 | avg100  165.38 | grasp100  75.0% | best 0.920 |     27 st/s
    done(50): success=41 t_flicker=4 t_touched=4 t_no_reach=1
Ep 15500 | score  205.89 | avg100  174.96 | grasp100  81.0% | best 0.920 |     27 st/s
    done(50): success=40 t_flicker=8 t_touched=2
Ep 15550 | score  207.86 | avg100  168.87 | grasp100  76.0% | best 0.920 |     27 st/s
    done(50): success=36 t_flicker=12 t_touched=1 t_no_reach=1
Ep 15600 | score   13.27 | avg100  170.26 | grasp100  77.0% | best 0.920 |     27 st/s
    done(50): success=41 t_flicker=7 t_touched=2
Ep 15650 | score   45.24 | avg100  169.16 | grasp100  77.0% | best 0.920 |     27 st/s
    done(50): success=36 t_flicker=11 t_touched=2 t_no_reach=1
Ep 15700 | score  205.98 | avg100  171.97 | grasp100  79.0% | best 0.920 |     27 st/s
    done(50): success=43 t_flicker=5 t_touched=2
Ep 15750 | score  204.36 | avg100  189.30 | grasp100  90.0% | best 0.920 |     27 st/s
    done(50): success=47 t_flicker=1 t_touched=2
Ep 15800 | score  209.65 | avg100  189.95 | grasp100  89.0% | best 0.920 |     27 st/s
    done(50): success=42 t_flicker=7 t_touched=1
Ep 15850 | score  206.78 | avg100  182.34 | grasp100  83.0% | best 0.920 |     27 st/s
    done(50): success=41 t_flicker=8 t_touched=1
Ep 15900 | score  210.30 | avg100  182.94 | grasp100  83.0% | best 0.920 |     27 st/s
    done(50): success=42 t_flicker=6 t_touched=2
Ep 15950 | score  205.98 | avg100  189.08 | grasp100  88.0% | best 0.920 |     27 st/s
    done(50): success=46 t_flicker=3 t_touched=1
Ep 16000 | score  205.21 | avg100  190.32 | grasp100  91.0% | best 0.920 |     27 st/s
    done(50): success=45 t_flicker=4 t_no_reach=1
Ep 16050 | score  204.76 | avg100  191.86 | grasp100  92.0% | best 0.920 |     27 st/s
    done(50): success=47 t_flicker=2 t_no_reach=1
Ep 16100 | score  206.34 | avg100  195.53 | grasp100  93.0% | best 0.920 |     27 st/s
    done(50): success=46 t_flicker=3 t_touched=1
Ep 16150 | score  224.84 | avg100  195.78 | grasp100  92.0% | best 0.920 |     27 st/s
    done(50): success=46 t_flicker=3 t_touched=1
Ep 16200 | score  231.20 | avg100  187.98 | grasp100  88.0% | best 0.920 |     27 st/s
    done(50): success=42 t_flicker=4 t_touched=4
Ep 16250 | score  203.65 | avg100  177.67 | grasp100  82.0% | best 0.920 |     27 st/s
    done(50): success=40 t_flicker=8 t_touched=1 t_no_reach=1
Ep 16300 | score  204.91 | avg100  181.69 | grasp100  85.0% | best 0.920 |     27 st/s
    done(50): success=45 t_flicker=4 t_no_reach=1
Ep 16350 | score  214.06 | avg100  193.21 | grasp100  92.0% | best 0.920 |     27 st/s
    done(50): success=47 t_flicker=3
Ep 16400 | score  206.68 | avg100  188.53 | grasp100  88.0% | best 0.920 |     27 st/s
    done(50): success=41 t_flicker=6 t_touched=3
Ep 16450 | score  206.30 | avg100  185.90 | grasp100  87.0% | best 0.920 |     27 st/s
    done(50): success=46 t_flicker=3 t_no_reach=1
Ep 16500 | score  207.23 | avg100  194.53 | grasp100  93.0% | best 0.920 |     27 st/s
    done(50): success=47 t_flicker=1 t_touched=1 t_no_reach=1
Ep 16550 | score  206.83 | avg100  191.44 | grasp100  91.0% | best 0.920 |     27 st/s
    done(50): success=44 t_flicker=3 t_touched=2 t_no_reach=1
Ep 16600 | score  207.22 | avg100  187.63 | grasp100  89.0% | best 0.920 |     27 st/s
    done(50): success=45 t_flicker=3 t_touched=2
Ep 16650 | score  205.51 | avg100  188.09 | grasp100  90.0% | best 0.920 |     27 st/s
    done(50): success=45 t_flicker=2 t_touched=2 t_no_reach=1
Ep 16700 | score  205.87 | avg100  183.80 | grasp100  87.0% | best 0.920 |     27 st/s
    done(50): success=42 t_flicker=5 t_touched=2 t_no_reach=1
  [primacy-bias reset of critic heads @ 250000 updates]
Ep 16750 | score  -26.06 | avg100  115.91 | grasp100  56.0% | best 0.920 |     27 st/s
    done(50): success=14 t_flicker=5 t_touched=4 t_no_reach=27
Ep 16800 | score  -27.83 | avg100   13.51 | grasp100  14.0% | best 0.920 |     27 st/s
    done(50): t_flicker=1 t_no_reach=49
Ep 16850 | score  -11.48 | avg100  -14.39 | grasp100   2.0% | best 0.920 |     27 st/s
    done(50): success=2 t_flicker=7 t_touched=7 t_no_reach=34
Ep 16900 | score    6.54 | avg100   46.53 | grasp100  23.0% | best 0.920 |     27 st/s
    done(50): success=21 t_flicker=11 t_touched=8 t_no_reach=10
Ep 16950 | score  208.78 | avg100  118.35 | grasp100  53.0% | best 0.920 |     27 st/s
    done(50): success=32 t_flicker=9 t_touched=4 t_no_reach=5
Ep 17000 | score  209.53 | avg100  143.16 | grasp100  64.0% | best 0.920 |     27 st/s
    done(50): success=32 t_flicker=12 t_touched=6
Ep 17050 | score  208.22 | avg100  148.25 | grasp100  65.0% | best 0.920 |     27 st/s
    done(50): success=33 t_flicker=12 t_touched=3 t_no_reach=2
Ep 17100 | score  205.32 | avg100  157.84 | grasp100  71.0% | best 0.920 |     27 st/s
    done(50): success=38 t_flicker=8 t_touched=1 t_no_reach=3
Ep 17150 | score   64.97 | avg100  167.22 | grasp100  76.0% | best 0.920 |     27 st/s
    done(50): success=38 t_flicker=9 t_touched=2 t_no_reach=1
Ep 17200 | score  207.73 | avg100  167.35 | grasp100  75.0% | best 0.920 |     27 st/s
    done(50): success=37 t_flicker=8 t_touched=4 t_no_reach=1
Ep 17250 | score   28.26 | avg100  172.48 | grasp100  78.0% | best 0.920 |     27 st/s
    done(50): success=41 t_flicker=6 t_touched=3
Ep 17300 | score  205.56 | avg100  183.29 | grasp100  84.0% | best 0.920 |     27 st/s
    done(50): success=43 t_flicker=5 t_touched=2
Ep 17350 | score  207.82 | avg100  173.21 | grasp100  78.0% | best 0.920 |     27 st/s
    done(50): success=35 t_flicker=12 t_touched=3
Ep 17400 | score  206.23 | avg100  172.93 | grasp100  79.0% | best 0.920 |     27 st/s
    done(50): success=44 t_flicker=5 t_touched=1
Ep 17450 | score  208.06 | avg100  182.10 | grasp100  85.0% | best 0.920 |     27 st/s
    done(50): success=41 t_flicker=7 t_touched=1 t_no_reach=1
Ep 17500 | score  207.59 | avg100  184.46 | grasp100  86.0% | best 0.920 |     27 st/s
    done(50): success=45 t_flicker=5
Ep 17550 | score  205.95 | avg100  187.36 | grasp100  88.0% | best 0.920 |     27 st/s
    done(50): success=43 t_flicker=6 t_no_reach=1
Ep 17600 | score   76.82 | avg100  183.63 | grasp100  85.0% | best 0.920 |     27 st/s
    done(50): success=42 t_flicker=7 t_touched=1
Ep 17650 | score  208.57 | avg100  176.42 | grasp100  81.0% | best 0.920 |     27 st/s
    done(50): success=39 t_flicker=8 t_touched=2 t_no_reach=1
Ep 17700 | score  208.96 | avg100  177.99 | grasp100  83.0% | best 0.920 |     27 st/s
    done(50): success=44 t_flicker=5 t_touched=1
Ep 17750 | score  204.77 | avg100  185.56 | grasp100  87.0% | best 0.920 |     27 st/s
    done(50): success=43 t_flicker=4 t_touched=3
Ep 17800 | score  205.37 | avg100  189.97 | grasp100  89.0% | best 0.920 |     27 st/s
    done(50): success=46 t_flicker=3 t_touched=1
Ep 17850 | score  205.21 | avg100  195.77 | grasp100  92.0% | best 0.920 |     27 st/s
    done(50): success=46 t_flicker=4
Ep 17900 | score  206.92 | avg100  190.55 | grasp100  90.0% | best 0.920 |     27 st/s
    done(50): success=44 t_flicker=5 t_touched=1
Ep 17950 | score  205.82 | avg100  177.94 | grasp100  83.0% | best 0.920 |     27 st/s
    done(50): success=39 t_flicker=8 t_touched=3
Ep 18000 | score  204.30 | avg100  176.43 | grasp100  82.0% | best 0.920 |     27 st/s
    done(50): success=43 t_flicker=4 t_touched=3
Ep 18050 | score  206.83 | avg100  187.34 | grasp100  88.0% | best 0.920 |     27 st/s
    done(50): success=45 t_flicker=5
Ep 18100 | score  206.58 | avg100  191.89 | grasp100  90.0% | best 0.920 |     27 st/s
    done(50): success=45 t_flicker=3 t_touched=1 t_no_reach=1
Ep 18150 | score  206.31 | avg100  191.99 | grasp100  91.0% | best 0.920 |     27 st/s
    done(50): success=46 t_flicker=2 t_touched=2
Ep 18200 | score  207.54 | avg100  184.03 | grasp100  87.0% | best 0.920 |     27 st/s
    done(50): success=41 t_flicker=7 t_touched=1 t_no_reach=1
Ep 18250 | score  204.57 | avg100  182.29 | grasp100  86.0% | best 0.920 |     27 st/s
    done(50): success=45 t_flicker=4 t_no_reach=1
Ep 18300 | score  209.26 | avg100  188.98 | grasp100  90.0% | best 0.920 |     27 st/s
    done(50): success=45 t_flicker=4 t_no_reach=1
Ep 18350 | score  206.97 | avg100  190.78 | grasp100  91.0% | best 0.920 |     27 st/s
    done(50): success=46 t_flicker=3 t_no_reach=1
Ep 18400 | score  208.06 | avg100  189.19 | grasp100  90.0% | best 0.920 |     27 st/s
    done(50): success=44 t_flicker=4 t_touched=1 t_no_reach=1
  [primacy-bias reset of critic heads @ 275000 updates]
Ep 18450 | score   58.01 | avg100  182.86 | grasp100  86.0% | best 0.920 |     27 st/s
    done(50): success=42 t_flicker=6 t_touched=1 t_no_reach=1
Ep 18500 | score   24.85 | avg100  103.47 | grasp100  50.0% | best 0.920 |     27 st/s
    done(50): success=8 t_flicker=4 t_touched=7 t_no_reach=31
Ep 18550 | score   27.06 | avg100   17.62 | grasp100  13.0% | best 0.920 |     27 st/s
    done(50): success=5 t_flicker=6 t_touched=2 t_no_reach=37
Ep 18600 | score   15.85 | avg100   58.74 | grasp100  31.0% | best 0.920 |     27 st/s
    done(50): success=26 t_flicker=7 t_touched=8 t_no_reach=9
Ep 18650 | score   21.24 | avg100  125.47 | grasp100  57.0% | best 0.920 |     27 st/s
    done(50): success=31 t_flicker=14 t_touched=4 t_no_reach=1
Ep 18700 | score  209.12 | avg100  138.10 | grasp100  61.0% | best 0.920 |     27 st/s
    done(50): success=30 t_flicker=11 t_touched=5 t_no_reach=4
Ep 18750 | score  -12.73 | avg100  130.57 | grasp100  58.0% | best 0.920 |     27 st/s
    done(50): success=28 t_flicker=11 t_touched=3 t_no_reach=8
Ep 18800 | score   70.43 | avg100  130.78 | grasp100  57.0% | best 0.920 |     27 st/s
    done(50): success=29 t_flicker=12 t_touched=7 t_no_reach=2
Ep 18850 | score  206.16 | avg100  153.14 | grasp100  67.0% | best 0.920 |     27 st/s
    done(50): success=38 t_flicker=10 t_touched=2
Ep 18900 | score  204.36 | avg100  176.13 | grasp100  79.0% | best 0.920 |     27 st/s
    done(50): success=41 t_flicker=9
Ep 18950 | score  206.42 | avg100  179.36 | grasp100  82.0% | best 0.920 |     27 st/s
    done(50): success=41 t_flicker=5 t_touched=2 t_no_reach=2
Ep 19000 | score  228.73 | avg100  173.63 | grasp100  80.0% | best 0.920 |     27 st/s
    done(50): success=39 t_flicker=6 t_touched=5
Ep 19050 | score  204.83 | avg100  174.33 | grasp100  80.0% | best 0.920 |     27 st/s
    done(50): success=41 t_flicker=7 t_touched=2
Ep 19100 | score  207.27 | avg100  182.45 | grasp100  85.0% | best 0.920 |     27 st/s
    done(50): success=44 t_flicker=3 t_touched=1 t_no_reach=2
Ep 19150 | score   29.00 | avg100  183.53 | grasp100  86.0% | best 0.920 |     27 st/s
    done(50): success=42 t_flicker=6 t_touched=1 t_no_reach=1
Ep 19200 | score  203.99 | avg100  190.50 | grasp100  89.0% | best 0.920 |     27 st/s
    done(50): success=47 t_flicker=2 t_touched=1
Ep 19250 | score  208.29 | avg100  189.06 | grasp100  89.0% | best 0.920 |     27 st/s
    done(50): success=42 t_flicker=4 t_touched=4
Ep 19300 | score  206.10 | avg100  185.09 | grasp100  88.0% | best 0.920 |     27 st/s
    done(50): success=46 t_flicker=1 t_touched=2 t_no_reach=1
Ep 19350 | score   73.15 | avg100  182.67 | grasp100  87.0% | best 0.920 |     27 st/s
    done(50): success=41 t_flicker=3 t_touched=3 t_no_reach=3
Ep 19400 | score  207.47 | avg100  182.96 | grasp100  86.0% | best 0.920 |     27 st/s
    done(50): success=45 t_flicker=4 t_touched=1
Ep 19450 | score  207.05 | avg100  187.73 | grasp100  89.0% | best 0.920 |     27 st/s
    done(50): success=44 t_flicker=2 t_touched=2 t_no_reach=2
Ep 19500 | score  205.46 | avg100  182.84 | grasp100  87.0% | best 0.920 |     27 st/s
    done(50): success=43 t_flicker=5 t_no_reach=2
Ep 19550 | score  206.48 | avg100  190.98 | grasp100  91.0% | best 0.920 |     27 st/s
    done(50): success=48 t_no_reach=2
Ep 19600 | score   12.92 | avg100  196.04 | grasp100  94.0% | best 0.920 |     27 st/s
    done(50): success=46 t_flicker=3 t_touched=1
Ep 19650 | score  204.72 | avg100  192.77 | grasp100  92.0% | best 0.920 |     27 st/s
    done(50): success=46 t_flicker=3 t_touched=1
Ep 19700 | score  204.95 | avg100  190.48 | grasp100  91.0% | best 0.920 |     27 st/s
    done(50): success=45 t_flicker=3 t_touched=1 t_no_reach=1
Ep 19750 | score  206.18 | avg100  180.00 | grasp100  86.0% | best 0.920 |     27 st/s
    done(50): success=41 t_flicker=4 t_touched=3 t_no_reach=2
Ep 19800 | score  205.67 | avg100  181.17 | grasp100  86.0% | best 0.920 |     27 st/s
    done(50): success=45 t_flicker=3 t_touched=1 t_no_reach=1
Ep 19850 | score  239.33 | avg100  194.19 | grasp100  92.0% | best 0.920 |     27 st/s
    done(50): success=47 t_flicker=2 t_touched=1
Ep 19900 | score  206.28 | avg100  200.26 | grasp100  95.0% | best 0.920 |     27 st/s
    done(50): success=48 t_flicker=2
Ep 19950 | score  202.55 | avg100  192.39 | grasp100  91.0% | best 0.920 |     27 st/s
    done(50): success=43 t_flicker=5 t_no_reach=2
Ep 20000 | score  207.23 | avg100  179.26 | grasp100  84.0% | best 0.920 |     27 st/s
    done(50): success=41 t_flicker=7 t_touched=2
Ep 20050 | score  206.40 | avg100  186.76 | grasp100  87.0% | best 0.920 |     27 st/s
    done(50): success=46 t_flicker=3 t_touched=1
Ep 20100 | score  210.76 | avg100  198.44 | grasp100  93.0% | best 0.920 |     27 st/s
    done(50): success=47 t_flicker=2 t_no_reach=1
Ep 20150 | score  208.58 | avg100  191.38 | grasp100  90.0% | best 0.920 |     27 st/s
    done(50): success=43 t_flicker=4 t_no_reach=3
Ep 20200 | score  205.96 | avg100  188.62 | grasp100  89.0% | best 0.920 |     27 st/s
    done(50): success=46 t_flicker=3 t_touched=1
  [primacy-bias reset of critic heads @ 300000 updates]
Ep 20250 | score  188.21 | avg100  162.10 | grasp100  77.0% | best 0.920 |     27 st/s
    done(50): success=31 t_flicker=7 t_touched=6 t_no_reach=6
Ep 20300 | score  -26.40 | avg100   55.89 | grasp100  31.0% | best 0.920 |     27 st/s
    done(50): t_flicker=1 t_touched=5 t_no_reach=44
Ep 20350 | score   -8.98 | avg100   -8.07 | grasp100   0.0% | best 0.920 |     27 st/s
    done(50): t_flicker=11 t_touched=16 t_no_reach=23
Ep 20400 | score  207.13 | avg100   30.22 | grasp100   9.0% | best 0.920 |     27 st/s
    done(50): success=9 t_flicker=20 t_touched=18 t_no_reach=3
Ep 20450 | score   61.59 | avg100   80.84 | grasp100  30.0% | best 0.920 |     27 st/s
    done(50): success=21 t_flicker=17 t_touched=8 t_no_reach=4
Ep 20500 | score  204.47 | avg100  122.13 | grasp100  52.0% | best 0.920 |     27 st/s
    done(50): success=31 t_flicker=14 t_touched=3 t_no_reach=2
Ep 20550 | score   28.81 | avg100  143.70 | grasp100  62.0% | best 0.920 |     27 st/s
    done(50): success=31 t_flicker=16 t_touched=3
Ep 20600 | score  208.60 | avg100  155.27 | grasp100  67.0% | best 0.920 |     27 st/s
    done(50): success=36 t_flicker=11 t_touched=2 t_no_reach=1
Ep 20650 | score  213.95 | avg100  170.62 | grasp100  76.0% | best 0.920 |     27 st/s
    done(50): success=40 t_flicker=9 t_touched=1
Ep 20700 | score  206.21 | avg100  178.74 | grasp100  82.0% | best 0.920 |     27 st/s
    done(50): success=42 t_flicker=6 t_touched=1 t_no_reach=1
Ep 20750 | score  205.34 | avg100  180.66 | grasp100  84.0% | best 0.920 |     27 st/s
    done(50): success=42 t_flicker=7 t_touched=1
Ep 20800 | score  206.26 | avg100  182.04 | grasp100  85.0% | best 0.920 |     27 st/s
    done(50): success=43 t_flicker=6 t_no_reach=1
Ep 20850 | score  205.18 | avg100  184.96 | grasp100  87.0% | best 0.920 |     27 st/s
    done(50): success=44 t_flicker=4 t_touched=2
Ep 20900 | score  205.43 | avg100  190.89 | grasp100  89.0% | best 0.920 |     27 st/s
    done(50): success=45 t_flicker=5
Ep 20950 | score  242.09 | avg100  193.03 | grasp100  90.0% | best 0.920 |     27 st/s
    done(50): success=45 t_flicker=3 t_touched=1 t_no_reach=1
Ep 21000 | score  207.33 | avg100  193.77 | grasp100  91.0% | best 0.920 |     27 st/s
    done(50): success=46 t_flicker=3 t_no_reach=1
Ep 21050 | score  207.21 | avg100  197.70 | grasp100  94.0% | best 0.920 |     27 st/s
    done(50): success=48 t_flicker=2
Ep 21096 | * BEST  level200=2.00 grasp200= 93.5% metric=0.935 | score  204.93
Ep 21100 | score  207.56 | avg100  199.59 | grasp100  96.0% | best 0.935 |     27 st/s
    done(50): success=48 t_flicker=1 t_touched=1
Ep 21150 | score  209.25 | avg100  198.85 | grasp100  95.0% | best 0.935 |     27 st/s
    done(50): success=47 t_flicker=2 t_no_reach=1
Ep 21151 | * BEST  level200=2.00 grasp200= 95.0% metric=0.950 | score  206.11
Ep 21200 | score  207.12 | avg100  193.02 | grasp100  91.0% | best 0.950 |     27 st/s
    done(50): success=44 t_flicker=4 t_touched=1 t_no_reach=1
Ep 21250 | score  207.61 | avg100  183.99 | grasp100  85.0% | best 0.950 |     27 st/s
    done(50): success=41 t_flicker=6 t_touched=1 t_no_reach=2
Ep 21300 | score  207.88 | avg100  188.44 | grasp100  88.0% | best 0.950 |     27 st/s
    done(50): success=47 t_flicker=3
Ep 21350 | score  205.71 | avg100  199.02 | grasp100  95.0% | best 0.950 |     27 st/s
    done(50): success=48 t_flicker=2
Ep 21400 | score  206.71 | avg100  191.38 | grasp100  91.0% | best 0.950 |     27 st/s
    done(50): success=43 t_flicker=2 t_touched=4 t_no_reach=1
Ep 21450 | score   18.29 | avg100  187.45 | grasp100  89.0% | best 0.950 |     27 st/s
    done(50): success=46 t_flicker=3 t_touched=1
Ep 21500 | score   17.29 | avg100  192.20 | grasp100  92.0% | best 0.950 |     27 st/s
    done(50): success=46 t_flicker=4
Ep 21550 | score  205.53 | avg100  197.29 | grasp100  95.0% | best 0.950 |     27 st/s
    done(50): success=49 t_flicker=1
Ep 21600 | score  206.46 | avg100  196.02 | grasp100  93.0% | best 0.950 |     27 st/s
    done(50): success=44 t_flicker=5 t_touched=1
Ep 21650 | score  204.82 | avg100  193.30 | grasp100  91.0% | best 0.950 |     27 st/s
    done(50): success=47 t_flicker=2 t_touched=1
Ep 21700 | score  206.42 | avg100  195.95 | grasp100  93.0% | best 0.950 |     27 st/s
    done(50): success=46 t_flicker=2 t_touched=1 t_no_reach=1
Ep 21750 | score  207.34 | avg100  193.82 | grasp100  92.0% | best 0.950 |     27 st/s
    done(50): success=46 t_flicker=3 t_touched=1
Ep 21800 | score   35.91 | avg100  194.75 | grasp100  93.0% | best 0.950 |     27 st/s
    done(50): success=47 t_flicker=2 t_no_reach=1
Ep 21850 | score  208.05 | avg100  184.71 | grasp100  87.0% | best 0.950 |     27 st/s
    done(50): success=40 t_flicker=5 t_touched=4 t_no_reach=1
Ep 21900 | score  214.53 | avg100  181.40 | grasp100  85.0% | best 0.950 |     27 st/s
    done(50): success=45 t_flicker=3 t_touched=1 t_no_reach=1
Ep 21950 | score  206.33 | avg100  184.40 | grasp100  87.0% | best 0.950 |     27 st/s
    done(50): success=42 t_flicker=6 t_touched=1 t_no_reach=1
  [primacy-bias reset of critic heads @ 325000 updates]
Ep 22000 | score   31.83 | avg100  167.87 | grasp100  79.0% | best 0.950 |     27 st/s
    done(50): success=37 t_flicker=8 t_touched=2 t_no_reach=3
Ep 22050 | score  -27.57 | avg100   69.37 | grasp100  37.0% | best 0.950 |     27 st/s
    done(50): t_flicker=1 t_touched=2 t_no_reach=47
Ep 22100 | score   56.32 | avg100   -6.35 | grasp100   2.0% | best 0.950 |     27 st/s
    done(50): success=2 t_flicker=9 t_touched=10 t_no_reach=29
Ep 22150 | score  206.47 | avg100   54.48 | grasp100  24.0% | best 0.950 |     27 st/s
    done(50): success=22 t_flicker=13 t_touched=11 t_no_reach=4
Ep 22200 | score  207.17 | avg100  102.53 | grasp100  42.0% | best 0.950 |     27 st/s
    done(50): success=20 t_flicker=16 t_touched=7 t_no_reach=7
Ep 22250 | score   11.35 | avg100  123.09 | grasp100  52.0% | best 0.950 |     27 st/s
    done(50): success=32 t_flicker=13 t_touched=5
Ep 22300 | score   94.28 | avg100  144.76 | grasp100  64.0% | best 0.950 |     27 st/s
    done(50): success=32 t_flicker=11 t_touched=5 t_no_reach=2
Ep 22350 | score   26.22 | avg100  155.89 | grasp100  70.0% | best 0.950 |     27 st/s
    done(50): success=38 t_flicker=12
Ep 22400 | score  207.30 | avg100  170.55 | grasp100  78.0% | best 0.950 |     27 st/s
    done(50): success=40 t_flicker=6 t_touched=3 t_no_reach=1
Ep 22450 | score  208.25 | avg100  167.71 | grasp100  76.0% | best 0.950 |     27 st/s
    done(50): success=36 t_flicker=12 t_touched=1 t_no_reach=1
Ep 22500 | score  207.54 | avg100  166.97 | grasp100  75.0% | best 0.950 |     27 st/s
    done(50): success=39 t_flicker=10 t_no_reach=1
Ep 22550 | score  203.62 | avg100  185.04 | grasp100  85.0% | best 0.950 |     27 st/s
    done(50): success=46 t_flicker=4
Ep 22600 | score  208.44 | avg100  190.30 | grasp100  88.0% | best 0.950 |     27 st/s
    done(50): success=42 t_flicker=6 t_touched=1 t_no_reach=1
Ep 22650 | score    7.85 | avg100  181.75 | grasp100  84.0% | best 0.950 |     27 st/s
    done(50): success=42 t_flicker=6 t_touched=2
Ep 22700 | score   48.33 | avg100  186.14 | grasp100  87.0% | best 0.950 |     27 st/s
    done(50): success=45 t_flicker=3 t_touched=1 t_no_reach=1
Ep 22750 | score  204.19 | avg100  189.72 | grasp100  89.0% | best 0.950 |     27 st/s
    done(50): success=44 t_flicker=6
Ep 22800 | score  208.18 | avg100  184.42 | grasp100  86.0% | best 0.950 |     27 st/s
    done(50): success=42 t_flicker=8
Ep 22850 | score  206.59 | avg100  187.93 | grasp100  88.0% | best 0.950 |     27 st/s
    done(50): success=46 t_flicker=2 t_touched=1 t_no_reach=1
Ep 22900 | score  207.15 | avg100  194.89 | grasp100  92.0% | best 0.950 |     27 st/s
    done(50): success=46 t_flicker=4
Ep 22950 | score   -5.24 | avg100  195.39 | grasp100  93.0% | best 0.950 |     27 st/s
    done(50): success=47 t_flicker=2 t_touched=1
Ep 23000 | score  210.30 | avg100  187.90 | grasp100  89.0% | best 0.950 |     27 st/s
    done(50): success=42 t_flicker=3 t_touched=3 t_no_reach=2
Ep 23050 | score   71.36 | avg100  190.19 | grasp100  90.0% | best 0.950 |     27 st/s
    done(50): success=48 t_flicker=2
Ep 23100 | score  206.27 | avg100  197.12 | grasp100  94.0% | best 0.950 |     27 st/s
    done(50): success=46 t_flicker=3 t_no_reach=1
Ep 23150 | score  206.72 | avg100  198.84 | grasp100  95.0% | best 0.950 |     27 st/s
    done(50): success=49 t_flicker=1
Ep 23200 | score  205.53 | avg100  200.24 | grasp100  96.0% | best 0.950 |     27 st/s
    done(50): success=47 t_flicker=1 t_no_reach=2
Ep 23250 | score  221.82 | avg100  197.17 | grasp100  94.0% | best 0.950 |     27 st/s
    done(50): success=47 t_flicker=3
Ep 23300 | score  204.52 | avg100  197.93 | grasp100  94.0% | best 0.950 |     27 st/s
    done(50): success=47 t_flicker=3
Ep 23350 | score  205.79 | avg100  192.83 | grasp100  92.0% | best 0.950 |     27 st/s
    done(50): success=45 t_flicker=1 t_touched=1 t_no_reach=3
Ep 23400 | score   45.26 | avg100  189.33 | grasp100  90.0% | best 0.950 |     27 st/s
    done(50): success=45 t_flicker=4 t_touched=1
Ep 23450 | score  205.26 | avg100  190.54 | grasp100  90.0% | best 0.950 |     27 st/s
    done(50): success=45 t_flicker=5
Ep 23500 | score  207.74 | avg100  189.35 | grasp100  90.0% | best 0.950 |     27 st/s
    done(50): success=45 t_flicker=1 t_touched=3 t_no_reach=1
Ep 23550 | score  207.91 | avg100  194.16 | grasp100  93.0% | best 0.950 |     27 st/s
    done(50): success=48 t_flicker=1 t_no_reach=1
Ep 23600 | score  207.88 | avg100  201.03 | grasp100  97.0% | best 0.950 |     27 st/s
    done(50): success=49 t_no_reach=1
Ep 23650 | score  207.30 | avg100  201.32 | grasp100  97.0% | best 0.950 |     27 st/s
    done(50): success=48 t_flicker=1 t_touched=1
Ep 23700 | score  227.24 | avg100  195.63 | grasp100  93.0% | best 0.950 |     27 st/s
    done(50): success=45 t_flicker=3 t_no_reach=2
Ep 23750 | score  213.56 | avg100  184.29 | grasp100  87.0% | best 0.950 |     27 st/s
    done(50): success=42 t_flicker=6 t_touched=1 t_no_reach=1
Ep 23800 | score  208.53 | avg100  184.80 | grasp100  87.0% | best 0.950 |     27 st/s
    done(50): success=45 t_flicker=5
  [primacy-bias reset of critic heads @ 350000 updates]
Ep 23850 | score  -13.33 | avg100  125.76 | grasp100  58.0% | best 0.950 |     27 st/s
    done(50): success=13 t_flicker=15 t_touched=8 t_no_reach=14
Ep 23900 | score  -11.64 | avg100   35.08 | grasp100  16.0% | best 0.950 |     27 st/s
    done(50): success=3 t_flicker=9 t_touched=7 t_no_reach=31
Ep 23950 | score   -9.50 | avg100   50.46 | grasp100  23.0% | best 0.950 |     27 st/s
    done(50): success=20 t_flicker=11 t_touched=5 t_no_reach=14
Ep 24000 | score  204.93 | avg100   86.25 | grasp100  37.0% | best 0.950 |     27 st/s
    done(50): success=17 t_flicker=13 t_touched=6 t_no_reach=14
Ep 24050 | score  206.39 | avg100  101.41 | grasp100  42.0% | best 0.950 |     27 st/s
    done(50): success=25 t_flicker=13 t_touched=7 t_no_reach=5
Ep 24100 | score   59.98 | avg100  136.24 | grasp100  59.0% | best 0.950 |     27 st/s
    done(50): success=34 t_flicker=9 t_touched=2 t_no_reach=5
Ep 24150 | score  205.58 | avg100  157.20 | grasp100  71.0% | best 0.950 |     27 st/s
    done(50): success=37 t_flicker=8 t_touched=2 t_no_reach=3
Ep 24200 | score  202.95 | avg100  157.00 | grasp100  70.0% | best 0.950 |     27 st/s
    done(50): success=33 t_flicker=12 t_touched=3 t_no_reach=2
Ep 24250 | score  222.33 | avg100  161.77 | grasp100  72.0% | best 0.950 |     27 st/s
    done(50): success=39 t_flicker=7 t_touched=1 t_no_reach=3
Ep 24300 | score  209.02 | avg100  168.14 | grasp100  76.0% | best 0.950 |     27 st/s
    done(50): success=37 t_flicker=8 t_touched=2 t_no_reach=3
Ep 24350 | score  209.74 | avg100  176.82 | grasp100  82.0% | best 0.950 |     27 st/s
    done(50): success=45 t_flicker=4 t_touched=1
Ep 24400 | score  208.24 | avg100  184.87 | grasp100  87.0% | best 0.950 |     27 st/s
    done(50): success=42 t_flicker=6 t_touched=2
Ep 24450 | score  218.29 | avg100  178.48 | grasp100  83.0% | best 0.950 |     27 st/s
    done(50): success=41 t_flicker=4 t_touched=4 t_no_reach=1
Ep 24500 | score   81.26 | avg100  181.78 | grasp100  85.0% | best 0.950 |     27 st/s
    done(50): success=44 t_flicker=4 t_touched=1 t_no_reach=1
Ep 24550 | score  204.41 | avg100  188.57 | grasp100  89.0% | best 0.950 |     27 st/s
    done(50): success=45 t_flicker=3 t_touched=2
Ep 24600 | score  208.30 | avg100  196.28 | grasp100  93.0% | best 0.950 |     27 st/s
    done(50): success=48 t_flicker=1 t_touched=1
Ep 24650 | score   33.80 | avg100  200.98 | grasp100  96.0% | best 0.950 |     27 st/s
    done(50): success=48 t_flicker=2
Ep 24700 | score  209.70 | avg100  199.55 | grasp100  96.0% | best 0.950 |     27 st/s
    done(50): success=48 t_flicker=1 t_touched=1
Ep 24750 | score  207.89 | avg100  197.55 | grasp100  94.0% | best 0.950 |     27 st/s
    done(50): success=46 t_flicker=3 t_no_reach=1
Ep 24800 | score  206.68 | avg100  197.76 | grasp100  94.0% | best 0.950 |     27 st/s
    done(50): success=48 t_flicker=2
Ep 24850 | score  223.35 | avg100  198.58 | grasp100  95.0% | best 0.950 |     27 st/s
    done(50): success=47 t_flicker=1 t_touched=2
Ep 24900 | score  206.13 | avg100  198.64 | grasp100  94.0% | best 0.950 |     27 st/s
    done(50): success=47 t_flicker=3
Ep 24950 | score  206.56 | avg100  197.71 | grasp100  93.0% | best 0.950 |     27 st/s
    done(50): success=46 t_flicker=4
Ep 25000 | score  207.95 | avg100  197.92 | grasp100  94.0% | best 0.950 |     27 st/s
    done(50): success=48 t_flicker=2
Ep 25050 | score  207.84 | avg100  201.44 | grasp100  97.0% | best 0.950 |     27 st/s
    done(50): success=49 t_flicker=1
Ep 25100 | score  204.92 | avg100  200.26 | grasp100  96.0% | best 0.950 |     27 st/s
    done(50): success=47 t_flicker=3
Ep 25120 | * BEST  level200=2.00 grasp200= 96.5% metric=0.965 | score  209.03
Ep 25150 | score  207.50 | avg100  199.17 | grasp100  95.0% | best 0.965 |     27 st/s
    done(50): success=48 t_flicker=2
Ep 25200 | score  206.02 | avg100  199.55 | grasp100  95.0% | best 0.965 |     27 st/s
    done(50): success=47 t_flicker=3
Ep 25250 | score  205.17 | avg100  200.38 | grasp100  96.0% | best 0.965 |     27 st/s
    done(50): success=49 t_no_reach=1
Ep 25300 | score  207.50 | avg100  195.40 | grasp100  94.0% | best 0.965 |     27 st/s
    done(50): success=45 t_flicker=4 t_touched=1
Ep 25350 | score  201.88 | avg100  189.66 | grasp100  90.0% | best 0.965 |     27 st/s
    done(50): success=45 t_flicker=2 t_touched=1 t_no_reach=2
Ep 25400 | score  205.43 | avg100  197.37 | grasp100  94.0% | best 0.965 |     27 st/s
    done(50): success=49 t_touched=1
Ep 25450 | score  204.96 | avg100  196.60 | grasp100  94.0% | best 0.965 |     27 st/s
    done(50): success=45 t_flicker=4 t_touched=1
Ep 25500 | score  207.11 | avg100  193.56 | grasp100  92.0% | best 0.965 |     27 st/s
    done(50): success=47 t_flicker=3
Ep 25550 | score  244.21 | avg100  199.53 | grasp100  95.0% | best 0.965 |     27 st/s
    done(50): success=48 t_flicker=2
Ep 25600 | score  210.30 | avg100  202.45 | grasp100  96.0% | best 0.965 |     27 st/s
    done(50): success=48 t_flicker=2
  [primacy-bias reset of critic heads @ 375000 updates]
Ep 25650 | score   74.62 | avg100  191.30 | grasp100  90.0% | best 0.965 |     27 st/s
    done(50): success=42 t_flicker=4 t_no_reach=4
Ep 25700 | score    3.31 | avg100   97.15 | grasp100  48.0% | best 0.965 |     27 st/s
    done(50): success=6 t_flicker=9 t_touched=2 t_no_reach=33
Ep 25750 | score   -4.23 | avg100   22.22 | grasp100  15.0% | best 0.965 |     27 st/s
    done(50): success=9 t_flicker=3 t_touched=7 t_no_reach=31
Ep 25800 | score   28.00 | avg100   62.38 | grasp100  29.0% | best 0.965 |     27 st/s
    done(50): success=20 t_flicker=16 t_touched=7 t_no_reach=7
Ep 25850 | score   -1.51 | avg100  109.90 | grasp100  48.0% | best 0.965 |     27 st/s
    done(50): success=28 t_flicker=11 t_touched=5 t_no_reach=6
Ep 25900 | score   28.95 | avg100  137.18 | grasp100  61.0% | best 0.965 |     27 st/s
    done(50): success=33 t_flicker=13 t_touched=2 t_no_reach=2
Ep 25950 | score  206.19 | avg100  146.95 | grasp100  65.0% | best 0.965 |     27 st/s
    done(50): success=32 t_flicker=13 t_no_reach=5
Ep 26000 | score  204.56 | avg100  154.07 | grasp100  69.0% | best 0.965 |     27 st/s
    done(50): success=37 t_flicker=9 t_touched=2 t_no_reach=2
Ep 26050 | score  207.54 | avg100  166.82 | grasp100  75.0% | best 0.965 |     27 st/s
    done(50): success=38 t_flicker=11 t_touched=1
Ep 26100 | score  208.36 | avg100  174.14 | grasp100  79.0% | best 0.965 |     27 st/s
    done(50): success=41 t_flicker=7 t_touched=1 t_no_reach=1
Ep 26150 | score  215.51 | avg100  182.80 | grasp100  84.0% | best 0.965 |     27 st/s
    done(50): success=43 t_flicker=7
Ep 26200 | score  207.62 | avg100  183.74 | grasp100  85.0% | best 0.965 |     27 st/s
    done(50): success=42 t_flicker=6 t_touched=1 t_no_reach=1
Ep 26250 | score  208.88 | avg100  186.08 | grasp100  87.0% | best 0.965 |     27 st/s
    done(50): success=45 t_flicker=4 t_no_reach=1
Ep 26300 | score  208.22 | avg100  186.03 | grasp100  87.0% | best 0.965 |     27 st/s
    done(50): success=42 t_flicker=6 t_touched=2
Ep 26350 | score  206.84 | avg100  188.31 | grasp100  87.0% | best 0.965 |     27 st/s
    done(50): success=45 t_flicker=4 t_touched=1
Ep 26400 | score  204.62 | avg100  199.94 | grasp100  94.0% | best 0.965 |     27 st/s
    done(50): success=49 t_flicker=1
Ep 26450 | score  204.82 | avg100  197.67 | grasp100  94.0% | best 0.965 |     27 st/s
    done(50): success=45 t_flicker=3 t_touched=1 t_no_reach=1
Ep 26500 | score  208.17 | avg100  187.84 | grasp100  89.0% | best 0.965 |     27 st/s
    done(50): success=44 t_flicker=5 t_touched=1
Ep 26550 | score  205.80 | avg100  194.76 | grasp100  93.0% | best 0.965 |     27 st/s
    done(50): success=49 t_flicker=1
Ep 26600 | score  205.83 | avg100  203.88 | grasp100  97.0% | best 0.965 |     27 st/s
    done(50): success=48 t_flicker=1 t_touched=1
Ep 26650 | score  204.61 | avg100  197.00 | grasp100  93.0% | best 0.965 |     27 st/s
    done(50): success=45 t_flicker=3 t_touched=1 t_no_reach=1
Ep 26700 | score  207.27 | avg100  194.06 | grasp100  92.0% | best 0.965 |     27 st/s
    done(50): success=47 t_flicker=2 t_touched=1
Ep 26750 | score  208.96 | avg100  197.38 | grasp100  94.0% | best 0.965 |     27 st/s
    done(50): success=47 t_flicker=3
Ep 26800 | score  206.97 | avg100  194.70 | grasp100  93.0% | best 0.965 |     27 st/s
    done(50): success=46 t_flicker=4
Ep 26850 | score  209.92 | avg100  193.04 | grasp100  92.0% | best 0.965 |     27 st/s
    done(50): success=46 t_flicker=3 t_touched=1
Ep 26900 | score  207.62 | avg100  200.47 | grasp100  95.0% | best 0.965 |     27 st/s
    done(50): success=49 t_flicker=1
Ep 26950 | score  235.81 | avg100  200.88 | grasp100  95.0% | best 0.965 |     27 st/s
    done(50): success=46 t_flicker=3 t_no_reach=1
Ep 27000 | score  209.37 | avg100  192.96 | grasp100  91.0% | best 0.965 |     27 st/s
    done(50): success=45 t_flicker=4 t_touched=1
Ep 27050 | score  206.31 | avg100  195.67 | grasp100  93.0% | best 0.965 |     27 st/s
    done(50): success=48 t_flicker=1 t_touched=1
Ep 27100 | score  206.68 | avg100  196.07 | grasp100  94.0% | best 0.965 |     27 st/s
    done(50): success=46 t_flicker=3 t_touched=1
Ep 27150 | score  217.31 | avg100  195.24 | grasp100  93.0% | best 0.965 |     27 st/s
    done(50): success=47 t_flicker=3
Ep 27200 | score  204.77 | avg100  193.35 | grasp100  91.0% | best 0.965 |     27 st/s
    done(50): success=44 t_flicker=4 t_touched=1 t_no_reach=1
Ep 27250 | score  204.52 | avg100  192.22 | grasp100  91.0% | best 0.965 |     27 st/s
    done(50): success=47 t_flicker=2 t_touched=1
Ep 27300 | score  204.21 | avg100  198.52 | grasp100  95.0% | best 0.965 |     27 st/s
    done(50): success=48 t_flicker=2
Ep 27350 | score   46.95 | avg100  194.19 | grasp100  93.0% | best 0.965 |     27 st/s
    done(50): success=45 t_flicker=4 t_touched=1
Ep 27400 | score  207.83 | avg100  195.04 | grasp100  94.0% | best 0.965 |     27 st/s
    done(50): success=49 t_touched=1
Ep 27450 | score  202.35 | avg100  202.89 | grasp100  98.0% | best 0.965 |     27 st/s
    done(50): success=49 t_no_reach=1
Ep 27500 | score  206.98 | avg100  197.73 | grasp100  94.0% | best 0.965 |     27 st/s
    done(50): success=45 t_flicker=4 t_no_reach=1
  [primacy-bias reset of critic heads @ 400000 updates]
Ep 27550 | score  -26.47 | avg100  111.63 | grasp100  55.0% | best 0.965 |     27 st/s
    done(50): success=10 t_flicker=2 t_touched=6 t_no_reach=32
Ep 27600 | score  -23.65 | avg100   12.28 | grasp100  10.0% | best 0.965 |     27 st/s
    done(50): t_flicker=8 t_touched=7 t_no_reach=35
Ep 27650 | score  207.21 | avg100    4.73 | grasp100   2.0% | best 0.965 |     27 st/s
    done(50): success=2 t_flicker=15 t_touched=10 t_no_reach=23
Ep 27700 | score  206.45 | avg100   66.19 | grasp100  28.0% | best 0.965 |     27 st/s
    done(50): success=26 t_flicker=15 t_touched=1 t_no_reach=8
Ep 27750 | score  206.08 | avg100  132.68 | grasp100  60.0% | best 0.965 |     27 st/s
    done(50): success=34 t_flicker=10 t_touched=4 t_no_reach=2
Ep 27800 | score  207.67 | avg100  155.21 | grasp100  71.0% | best 0.965 |     27 st/s
    done(50): success=37 t_flicker=11 t_touched=2
Ep 27850 | score  206.81 | avg100  171.18 | grasp100  79.0% | best 0.965 |     27 st/s
    done(50): success=42 t_flicker=6 t_touched=1 t_no_reach=1
Ep 27900 | score   66.43 | avg100  184.43 | grasp100  86.0% | best 0.965 |     27 st/s
    done(50): success=44 t_flicker=3 t_touched=1 t_no_reach=2
Ep 27950 | score  209.59 | avg100  185.65 | grasp100  87.0% | best 0.965 |     27 st/s
    done(50): success=43 t_flicker=5 t_no_reach=2
Ep 28000 | score  206.15 | avg100  180.51 | grasp100  84.0% | best 0.965 |     27 st/s
    done(50): success=41 t_flicker=7 t_touched=2
Ep 28050 | score  214.33 | avg100  179.18 | grasp100  83.0% | best 0.965 |     27 st/s
    done(50): success=42 t_flicker=7 t_no_reach=1
Ep 28100 | score  207.52 | avg100  178.21 | grasp100  83.0% | best 0.965 |     27 st/s
    done(50): success=41 t_flicker=4 t_touched=4 t_no_reach=1
Ep 28150 | score  205.16 | avg100  183.98 | grasp100  87.0% | best 0.965 |     27 st/s
    done(50): success=46 t_flicker=1 t_touched=2 t_no_reach=1
Ep 28200 | score  206.77 | avg100  189.81 | grasp100  90.0% | best 0.965 |     27 st/s
    done(50): success=44 t_flicker=2 t_touched=3 t_no_reach=1
Ep 28250 | score  206.20 | avg100  192.63 | grasp100  91.0% | best 0.965 |     27 st/s
    done(50): success=47 t_flicker=2 t_touched=1
Ep 28300 | score  205.84 | avg100  198.20 | grasp100  92.0% | best 0.965 |     27 st/s
    done(50): success=45 t_flicker=5
Ep 28350 | score   54.92 | avg100  188.81 | grasp100  86.0% | best 0.965 |     27 st/s
    done(50): success=41 t_flicker=7 t_touched=2
Ep 28400 | score  209.41 | avg100  194.60 | grasp100  91.0% | best 0.965 |     27 st/s
    done(50): success=50
Ep 28450 | score  190.78 | avg100  198.15 | grasp100  93.0% | best 0.965 |     27 st/s
    done(50): success=43 t_flicker=7
Ep 28500 | score  205.50 | avg100  190.04 | grasp100  89.0% | best 0.965 |     27 st/s
    done(50): success=46 t_flicker=2 t_no_reach=2
Ep 28550 | score  205.90 | avg100  197.25 | grasp100  94.0% | best 0.965 |     27 st/s
    done(50): success=48 t_flicker=1 t_touched=1
Ep 28600 | score  206.90 | avg100  202.53 | grasp100  96.0% | best 0.965 |     27 st/s
    done(50): success=48 t_flicker=1 t_touched=1
Ep 28650 | score  205.76 | avg100  204.32 | grasp100  97.0% | best 0.965 |     27 st/s
    done(50): success=49 t_flicker=1
Ep 28700 | score  204.23 | avg100  196.25 | grasp100  94.0% | best 0.965 |     27 st/s
    done(50): success=45 t_flicker=1 t_touched=2 t_no_reach=2
Ep 28750 | score  209.67 | avg100  193.26 | grasp100  92.0% | best 0.965 |     27 st/s
    done(50): success=47 t_flicker=2 t_no_reach=1
Ep 28800 | score  206.76 | avg100  199.95 | grasp100  95.0% | best 0.965 |     27 st/s
    done(50): success=48 t_flicker=2
Ep 28850 | score  206.11 | avg100  200.19 | grasp100  95.0% | best 0.965 |     27 st/s
    done(50): success=47 t_flicker=3
Ep 28900 | score  205.98 | avg100  199.68 | grasp100  95.0% | best 0.965 |     27 st/s
    done(50): success=48 t_flicker=2
Ep 28950 | score  208.06 | avg100  203.84 | grasp100  98.0% | best 0.965 |     27 st/s
    done(50): success=50
Ep 29000 | score  209.00 | avg100  202.24 | grasp100  97.0% | best 0.965 |     27 st/s
    done(50): success=47 t_flicker=3
Ep 29050 | score  209.99 | avg100  200.06 | grasp100  96.0% | best 0.965 |     27 st/s
    done(50): success=49 t_flicker=1
Ep 29081 | * BEST  level200=2.00 grasp200= 98.0% metric=0.980 | score  204.91
Ep 29100 | score  209.38 | avg100  203.37 | grasp100  98.0% | best 0.980 |     27 st/s
    done(50): success=49 t_flicker=1
Ep 29150 | score  205.01 | avg100  201.77 | grasp100  97.0% | best 0.980 |     27 st/s
    done(50): success=48 t_touched=1 t_no_reach=1
Ep 29200 | score  207.21 | avg100  199.69 | grasp100  95.0% | best 0.980 |     27 st/s
    done(50): success=47 t_flicker=3
Ep 29250 | score  205.77 | avg100  198.08 | grasp100  94.0% | best 0.980 |     27 st/s
    done(50): success=47 t_flicker=2 t_no_reach=1
Ep 29300 | score  203.82 | avg100  196.13 | grasp100  94.0% | best 0.980 |     27 st/s
    done(50): success=47 t_flicker=3
Ep 29350 | score  207.26 | avg100  199.09 | grasp100  96.0% | best 0.980 |     27 st/s
    done(50): success=49 t_flicker=1
  [primacy-bias reset of critic heads @ 425000 updates]
Ep 29400 | score  -14.66 | avg100  138.81 | grasp100  68.0% | best 0.980 |     27 st/s
    done(50): success=19 t_flicker=4 t_touched=3 t_no_reach=24
Ep 29450 | score  -11.03 | avg100   26.42 | grasp100  19.0% | best 0.980 |     27 st/s
    done(50): t_no_reach=50
Ep 29500 | score   55.34 | avg100   -3.07 | grasp100   1.0% | best 0.980 |     27 st/s
    done(50): success=1 t_flicker=16 t_touched=13 t_no_reach=20
Ep 29550 | score  -21.94 | avg100   40.87 | grasp100  14.0% | best 0.980 |     27 st/s
    done(50): success=13 t_flicker=12 t_touched=11 t_no_reach=14
Ep 29600 | score  208.18 | avg100   92.12 | grasp100  37.0% | best 0.980 |     27 st/s
    done(50): success=24 t_flicker=17 t_touched=7 t_no_reach=2
Ep 29650 | score  208.57 | avg100  128.57 | grasp100  54.0% | best 0.980 |     27 st/s
    done(50): success=30 t_flicker=13 t_touched=3 t_no_reach=4
Ep 29700 | score   33.32 | avg100  153.33 | grasp100  67.0% | best 0.980 |     27 st/s
    done(50): success=37 t_flicker=10 t_touched=2 t_no_reach=1
Ep 29750 | score  205.80 | avg100  172.52 | grasp100  78.0% | best 0.980 |     27 st/s
    done(50): success=41 t_flicker=6 t_touched=2 t_no_reach=1
Ep 29800 | score  206.06 | avg100  182.78 | grasp100  85.0% | best 0.980 |     27 st/s
    done(50): success=44 t_flicker=5 t_touched=1
Ep 29850 | score  208.23 | avg100  188.33 | grasp100  87.0% | best 0.980 |     27 st/s
    done(50): success=43 t_flicker=6 t_no_reach=1
Ep 29900 | score  206.40 | avg100  189.19 | grasp100  87.0% | best 0.980 |     27 st/s
    done(50): success=44 t_flicker=6
Ep 29950 | score  220.44 | avg100  193.36 | grasp100  90.0% | best 0.980 |     27 st/s
    done(50): success=46 t_flicker=4
Ep 30000 | score  206.83 | avg100  192.75 | grasp100  90.0% | best 0.980 |     27 st/s
    done(50): success=44 t_flicker=4 t_touched=2
Ep 30050 | score  205.85 | avg100  191.08 | grasp100  89.0% | best 0.980 |     27 st/s
    done(50): success=45 t_flicker=5
Ep 30100 | score  205.32 | avg100  196.04 | grasp100  92.0% | best 0.980 |     27 st/s
    done(50): success=47 t_flicker=3
Ep 30150 | score  205.87 | avg100  201.31 | grasp100  95.0% | best 0.980 |     27 st/s
    done(50): success=48 t_flicker=2
Ep 30200 | score  205.55 | avg100  204.64 | grasp100  97.0% | best 0.980 |     27 st/s
    done(50): success=49 t_flicker=1
Ep 30250 | score   56.96 | avg100  198.83 | grasp100  94.0% | best 0.980 |     27 st/s
    done(50): success=45 t_flicker=4 t_no_reach=1
Ep 30300 | score  208.15 | avg100  197.79 | grasp100  94.0% | best 0.980 |     27 st/s
    done(50): success=49 t_flicker=1
Ep 30350 | score  207.23 | avg100  200.92 | grasp100  96.0% | best 0.980 |     27 st/s
    done(50): success=47 t_flicker=2 t_no_reach=1
Ep 30400 | score  207.25 | avg100  197.86 | grasp100  94.0% | best 0.980 |     27 st/s
    done(50): success=47 t_flicker=2 t_touched=1
Ep 30450 | score  207.09 | avg100  198.42 | grasp100  95.0% | best 0.980 |     27 st/s
    done(50): success=48 t_flicker=1 t_no_reach=1
Ep 30500 | score  206.67 | avg100  201.16 | grasp100  96.0% | best 0.980 |     27 st/s
    done(50): success=48 t_flicker=2
Ep 30550 | score  207.42 | avg100  204.57 | grasp100  98.0% | best 0.980 |     27 st/s
    done(50): success=50
Ep 30600 | score  206.10 | avg100  202.58 | grasp100  98.0% | best 0.980 |     27 st/s
    done(50): success=48 t_touched=2
Ep 30650 | score  204.09 | avg100  200.55 | grasp100  96.0% | best 0.980 |     27 st/s
    done(50): success=48 t_flicker=1 t_no_reach=1
Ep 30700 | score  204.31 | avg100  199.25 | grasp100  95.0% | best 0.980 |     27 st/s
    done(50): success=47 t_flicker=2 t_no_reach=1
Ep 30750 | score  207.53 | avg100  197.27 | grasp100  94.0% | best 0.980 |     27 st/s
    done(50): success=47 t_flicker=2 t_no_reach=1
Ep 30800 | score  205.19 | avg100  199.27 | grasp100  95.0% | best 0.980 |     27 st/s
    done(50): success=48 t_flicker=1 t_touched=1
Ep 30850 | score  209.87 | avg100  197.17 | grasp100  94.0% | best 0.980 |     27 st/s
    done(50): success=46 t_flicker=3 t_touched=1
Ep 30900 | score  240.19 | avg100  197.93 | grasp100  94.0% | best 0.980 |     27 st/s
    done(50): success=48 t_flicker=1 t_touched=1
Ep 30950 | score  208.17 | avg100  199.94 | grasp100  95.0% | best 0.980 |     27 st/s
    done(50): success=47 t_flicker=2 t_no_reach=1
Ep 31000 | score  192.13 | avg100  195.98 | grasp100  93.0% | best 0.980 |     27 st/s
    done(50): success=46 t_flicker=3 t_touched=1
Ep 31050 | score  207.09 | avg100  195.74 | grasp100  93.0% | best 0.980 |     27 st/s
    done(50): success=47 t_flicker=2 t_no_reach=1
Ep 31100 | score  206.29 | avg100  194.44 | grasp100  93.0% | best 0.980 |     27 st/s
    done(50): success=46 t_flicker=2 t_touched=1 t_no_reach=1
Ep 31150 | score  204.32 | avg100  195.94 | grasp100  94.0% | best 0.980 |     27 st/s
    done(50): success=48 t_flicker=2
  [primacy-bias reset of critic heads @ 450000 updates]
Ep 31200 | score   37.86 | avg100  197.31 | grasp100  94.0% | best 0.980 |     27 st/s
    done(50): success=46 t_flicker=4
Ep 31250 | score  -23.63 | avg100   85.74 | grasp100  46.0% | best 0.980 |     27 st/s
    done(50): t_touched=1 t_no_reach=49
Ep 31300 | score  -14.25 | avg100  -11.54 | grasp100   3.0% | best 0.980 |     27 st/s
    done(50): success=3 t_flicker=5 t_touched=5 t_no_reach=37
Ep 31350 | score   18.87 | avg100   47.37 | grasp100  24.0% | best 0.980 |     27 st/s
    done(50): success=21 t_flicker=11 t_touched=6 t_no_reach=12
Ep 31400 | score   57.20 | avg100  117.08 | grasp100  54.0% | best 0.980 |     27 st/s
    done(50): success=33 t_flicker=4 t_touched=9 t_no_reach=4
Ep 31450 | score  205.56 | avg100  144.21 | grasp100  67.0% | best 0.980 |     27 st/s
    done(50): success=34 t_flicker=7 t_touched=6 t_no_reach=3
Ep 31500 | score  208.13 | avg100  151.43 | grasp100  70.0% | best 0.980 |     27 st/s
    done(50): success=36 t_flicker=9 t_touched=3 t_no_reach=2
Ep 31550 | score  206.17 | avg100  162.96 | grasp100  75.0% | best 0.980 |     27 st/s
    done(50): success=39 t_flicker=8 t_touched=2 t_no_reach=1
Ep 31600 | score  206.45 | avg100  175.54 | grasp100  81.0% | best 0.980 |     27 st/s
    done(50): success=42 t_flicker=2 t_touched=3 t_no_reach=3
Ep 31650 | score  206.07 | avg100  179.85 | grasp100  83.0% | best 0.980 |     27 st/s
    done(50): success=41 t_flicker=6 t_touched=3
Ep 31700 | score  205.87 | avg100  189.90 | grasp100  88.0% | best 0.980 |     27 st/s
    done(50): success=47 t_flicker=3
Ep 31750 | score  207.52 | avg100  198.27 | grasp100  94.0% | best 0.980 |     27 st/s
    done(50): success=47 t_flicker=2 t_no_reach=1
Ep 31800 | score  207.30 | avg100  185.32 | grasp100  87.0% | best 0.980 |     27 st/s
    done(50): success=40 t_flicker=10
Ep 31850 | score  208.09 | avg100  181.40 | grasp100  85.0% | best 0.980 |     27 st/s
    done(50): success=45 t_flicker=4 t_no_reach=1
Ep 31900 | score  204.48 | avg100  191.04 | grasp100  91.0% | best 0.980 |     27 st/s
    done(50): success=46 t_flicker=2 t_touched=1 t_no_reach=1
Ep 31950 | score  211.08 | avg100  198.55 | grasp100  95.0% | best 0.980 |     27 st/s
    done(50): success=49 t_flicker=1
Ep 32000 | score  205.44 | avg100  195.30 | grasp100  93.0% | best 0.980 |     27 st/s
    done(50): success=44 t_flicker=4 t_touched=1 t_no_reach=1
Ep 32050 | score  204.54 | avg100  196.02 | grasp100  93.0% | best 0.980 |     27 st/s
    done(50): success=49 t_flicker=1
Ep 32100 | score  208.79 | avg100  201.59 | grasp100  95.0% | best 0.980 |     27 st/s
    done(50): success=46 t_flicker=4
Ep 32150 | score  204.29 | avg100  202.93 | grasp100  96.0% | best 0.980 |     27 st/s
    done(50): success=50
Ep 32200 | score  228.96 | avg100  203.30 | grasp100  97.0% | best 0.980 |     27 st/s
    done(50): success=47 t_flicker=3
Ep 32250 | score  206.27 | avg100  200.20 | grasp100  96.0% | best 0.980 |     27 st/s
    done(50): success=49 t_flicker=1
Ep 32300 | score  208.56 | avg100  202.19 | grasp100  97.0% | best 0.980 |     27 st/s
    done(50): success=48 t_flicker=2
Ep 32350 | score  205.35 | avg100  198.85 | grasp100  95.0% | best 0.980 |     27 st/s
    done(50): success=47 t_flicker=2 t_no_reach=1
Ep 32400 | score  204.34 | avg100  195.71 | grasp100  94.0% | best 0.980 |     27 st/s
    done(50): success=47 t_flicker=2 t_no_reach=1
Ep 32450 | score  208.63 | avg100  197.77 | grasp100  95.0% | best 0.980 |     27 st/s
    done(50): success=48 t_flicker=1 t_no_reach=1
Ep 32500 | score  207.17 | avg100  202.01 | grasp100  97.0% | best 0.980 |     27 st/s
    done(50): success=49 t_flicker=1
Ep 32550 | score  208.42 | avg100  201.86 | grasp100  96.0% | best 0.980 |     27 st/s
    done(50): success=47 t_flicker=3
Ep 32600 | score  206.76 | avg100  202.21 | grasp100  96.0% | best 0.980 |     27 st/s
    done(50): success=49 t_flicker=1
Ep 32650 | score  209.03 | avg100  201.65 | grasp100  96.0% | best 0.980 |     27 st/s
    done(50): success=47 t_flicker=3
Ep 32700 | score  205.24 | avg100  197.73 | grasp100  94.0% | best 0.980 |     27 st/s
    done(50): success=47 t_flicker=3
Ep 32750 | score  207.10 | avg100  197.38 | grasp100  94.0% | best 0.980 |     27 st/s
    done(50): success=47 t_flicker=2 t_touched=1
Ep 32800 | score  207.95 | avg100  196.09 | grasp100  94.0% | best 0.980 |     27 st/s
    done(50): success=47 t_flicker=3
Ep 32850 | score   53.05 | avg100  193.81 | grasp100  93.0% | best 0.980 |     27 st/s
    done(50): success=46 t_flicker=3 t_touched=1
Ep 32900 | score  206.18 | avg100  200.92 | grasp100  96.0% | best 0.980 |     27 st/s
    done(50): success=50
Ep 32950 | score  207.68 | avg100  204.86 | grasp100  97.0% | best 0.980 |     27 st/s
    done(50): success=47 t_flicker=3
Ep 33000 | score  206.44 | avg100  204.00 | grasp100  96.0% | best 0.980 |     27 st/s
    done(50): success=49 t_flicker=1
Ep 33050 | score  207.47 | avg100  201.91 | grasp100  96.0% | best 0.980 |     27 st/s
    done(50): success=47 t_flicker=2 t_touched=1
  [primacy-bias reset of critic heads @ 475000 updates]
Ep 33100 | score  208.37 | avg100  201.82 | grasp100  96.0% | best 0.980 |     27 st/s
    done(50): success=49 t_touched=1
Ep 33150 | score  -14.36 | avg100  144.46 | grasp100  67.0% | best 0.980 |     27 st/s
    done(50): success=18 t_flicker=12 t_touched=4 t_no_reach=16
Ep 33200 | score  205.43 | avg100   83.25 | grasp100  38.0% | best 0.980 |     27 st/s
    done(50): success=20 t_flicker=10 t_touched=7 t_no_reach=13
Ep 33250 | score  207.18 | avg100  104.83 | grasp100  48.0% | best 0.980 |     27 st/s
    done(50): success=28 t_flicker=8 t_touched=5 t_no_reach=9
Ep 33300 | score  -18.77 | avg100  120.82 | grasp100  54.0% | best 0.980 |     27 st/s
    done(50): success=26 t_flicker=7 t_touched=10 t_no_reach=7
Ep 33350 | score   -7.76 | avg100  122.16 | grasp100  55.0% | best 0.980 |     27 st/s
    done(50): success=29 t_flicker=10 t_touched=4 t_no_reach=7
Ep 33400 | score  206.99 | avg100  132.91 | grasp100  60.0% | best 0.980 |     27 st/s
    done(50): success=31 t_flicker=12 t_touched=5 t_no_reach=2
Ep 33450 | score  205.83 | avg100  145.89 | grasp100  66.0% | best 0.980 |     27 st/s
    done(50): success=35 t_flicker=12 t_touched=2 t_no_reach=1
Ep 33500 | score  208.60 | avg100  167.16 | grasp100  77.0% | best 0.980 |     27 st/s
    done(50): success=42 t_flicker=5 t_touched=2 t_no_reach=1
Ep 33550 | score  207.97 | avg100  181.44 | grasp100  85.0% | best 0.980 |     27 st/s
    done(50): success=43 t_flicker=4 t_touched=2 t_no_reach=1
Ep 33600 | score  215.33 | avg100  191.20 | grasp100  90.0% | best 0.980 |     27 st/s
    done(50): success=47 t_flicker=2 t_touched=1
Ep 33650 | score  223.09 | avg100  194.84 | grasp100  92.0% | best 0.980 |     27 st/s
    done(50): success=45 t_flicker=4 t_no_reach=1
Ep 33700 | score  207.35 | avg100  195.86 | grasp100  93.0% | best 0.980 |     27 st/s
    done(50): success=48 t_flicker=2
Ep 33750 | score  207.22 | avg100  196.81 | grasp100  93.0% | best 0.980 |     27 st/s
    done(50): success=45 t_flicker=5
Ep 33800 | score  203.83 | avg100  199.96 | grasp100  95.0% | best 0.980 |     27 st/s
    done(50): success=50
Ep 33850 | score  206.67 | avg100  204.02 | grasp100  98.0% | best 0.980 |     27 st/s
    done(50): success=48 t_flicker=2
Ep 33900 | score  206.79 | avg100  199.06 | grasp100  95.0% | best 0.980 |     27 st/s
    done(50): success=47 t_flicker=3
Ep 33950 | score  203.95 | avg100  199.93 | grasp100  95.0% | best 0.980 |     27 st/s
    done(50): success=48 t_flicker=1 t_no_reach=1
Ep 34000 | score  245.31 | avg100  202.81 | grasp100  96.0% | best 0.980 |     27 st/s
    done(50): success=48 t_flicker=2
Ep 34050 | score  208.25 | avg100  201.99 | grasp100  96.0% | best 0.980 |     27 st/s
    done(50): success=48 t_flicker=2
Ep 34100 | score   10.35 | avg100  193.55 | grasp100  93.0% | best 0.980 |     27 st/s
    done(50): success=45 t_flicker=3 t_touched=1 t_no_reach=1
Ep 34150 | score  206.13 | avg100  193.72 | grasp100  93.0% | best 0.980 |     27 st/s
    done(50): success=48 t_flicker=1 t_no_reach=1
Ep 34200 | score  205.77 | avg100  202.99 | grasp100  97.0% | best 0.980 |     27 st/s
    done(50): success=49 t_flicker=1
Ep 34250 | score  205.26 | avg100  202.63 | grasp100  97.0% | best 0.980 |     27 st/s
    done(50): success=48 t_flicker=1 t_no_reach=1
Ep 34300 | score   28.68 | avg100  200.45 | grasp100  96.0% | best 0.980 |     27 st/s
    done(50): success=48 t_flicker=2
Ep 34350 | score  210.25 | avg100  199.10 | grasp100  95.0% | best 0.980 |     27 st/s
    done(50): success=47 t_flicker=3
Ep 34400 | score  206.27 | avg100  202.98 | grasp100  97.0% | best 0.980 |     27 st/s
    done(50): success=50
Ep 34450 | score  204.54 | avg100  208.10 | grasp100 100.0% | best 0.980 |     27 st/s
    done(50): success=50
Ep 34500 | score  208.24 | avg100  207.53 | grasp100 100.0% | best 0.980 |     27 st/s
    done(50): success=50
Ep 34550 | score   -5.23 | avg100  198.59 | grasp100  95.0% | best 0.980 |     26 st/s
    done(50): success=45 t_flicker=4 t_no_reach=1
Ep 34600 | score  206.86 | avg100  193.28 | grasp100  92.0% | best 0.980 |     26 st/s
    done(50): success=47 t_flicker=1 t_touched=1 t_no_reach=1
Ep 34650 | score  204.98 | avg100  198.78 | grasp100  95.0% | best 0.980 |     26 st/s
    done(50): success=48 t_flicker=2
Ep 34700 | score   60.05 | avg100  198.48 | grasp100  95.0% | best 0.980 |     26 st/s
    done(50): success=47 t_flicker=1 t_no_reach=2
Ep 34750 | score  204.84 | avg100  201.47 | grasp100  97.0% | best 0.980 |     26 st/s
    done(50): success=50
Ep 34800 | score  209.14 | avg100  205.21 | grasp100  99.0% | best 0.980 |     26 st/s
    done(50): success=49 t_flicker=1
Ep 34850 | score  209.81 | avg100  201.50 | grasp100  97.0% | best 0.980 |     26 st/s
    done(50): success=48 t_flicker=2
Ep 34900 | score  193.42 | avg100  197.51 | grasp100  95.0% | best 0.980 |     26 st/s
    done(50): success=47 t_flicker=3
Ep 34950 | score  207.91 | avg100  199.55 | grasp100  96.0% | best 0.980 |     26 st/s
    done(50): success=49 t_touched=1
Ep 35000 | score  208.50 | avg100  199.28 | grasp100  95.0% | best 0.980 |     26 st/s
    done(50): success=46 t_flicker=3 t_no_reach=1
  [primacy-bias reset of critic heads @ 500000 updates]
Ep 35050 | score  -26.96 | avg100  168.89 | grasp100  82.0% | best 0.980 |     26 st/s
    done(50): success=36 t_flicker=1 t_no_reach=13
Ep 35100 | score  -27.98 | avg100   61.22 | grasp100  37.0% | best 0.980 |     26 st/s
    done(50): success=1 t_flicker=1 t_no_reach=48
Ep 35150 | score   16.99 | avg100  -18.83 | grasp100   2.0% | best 0.980 |     26 st/s
    done(50): success=1 t_flicker=3 t_touched=2 t_no_reach=44
Ep 35200 | score  207.77 | avg100   43.83 | grasp100  26.0% | best 0.980 |     27 st/s
    done(50): success=25 t_flicker=9 t_touched=5 t_no_reach=11
Ep 35250 | score  206.50 | avg100  115.16 | grasp100  53.0% | best 0.980 |     27 st/s
    done(50): success=28 t_flicker=11 t_touched=5 t_no_reach=6
Ep 35300 | score   62.76 | avg100  129.32 | grasp100  58.0% | best 0.980 |     27 st/s
    done(50): success=30 t_flicker=13 t_touched=2 t_no_reach=5
Ep 35350 | score  206.61 | avg100  148.56 | grasp100  67.0% | best 0.980 |     27 st/s
    done(50): success=37 t_flicker=8 t_touched=2 t_no_reach=3
Ep 35400 | score  208.94 | avg100  169.44 | grasp100  77.0% | best 0.980 |     27 st/s
    done(50): success=40 t_flicker=8 t_touched=1 t_no_reach=1
Ep 35450 | score  205.51 | avg100  180.36 | grasp100  83.0% | best 0.980 |     27 st/s
    done(50): success=43 t_flicker=7
Ep 35500 | score   19.88 | avg100  185.23 | grasp100  87.0% | best 0.980 |     27 st/s
    done(50): success=44 t_flicker=4 t_touched=1 t_no_reach=1
Ep 35550 | score  208.62 | avg100  191.29 | grasp100  91.0% | best 0.980 |     26 st/s
    done(50): success=47 t_flicker=2 t_touched=1
Ep 35600 | score  205.48 | avg100  199.92 | grasp100  95.0% | best 0.980 |     26 st/s
    done(50): success=48 t_flicker=2
Ep 35650 | score  205.02 | avg100  196.95 | grasp100  93.0% | best 0.980 |     26 st/s
    done(50): success=45 t_flicker=4 t_no_reach=1
Ep 35700 | score  208.07 | avg100  192.16 | grasp100  90.0% | best 0.980 |     26 st/s
    done(50): success=45 t_flicker=3 t_touched=1 t_no_reach=1
Ep 35750 | score  207.04 | avg100  195.72 | grasp100  92.0% | best 0.980 |     26 st/s
    done(50): success=47 t_flicker=2 t_touched=1
Ep 35800 | score  208.20 | avg100  203.79 | grasp100  97.0% | best 0.980 |     26 st/s
    done(50): success=50
Ep 35850 | score  208.00 | avg100  199.29 | grasp100  94.0% | best 0.980 |     26 st/s
    done(50): success=44 t_flicker=5 t_no_reach=1
Ep 35900 | score  206.55 | avg100  195.20 | grasp100  92.0% | best 0.980 |     26 st/s
    done(50): success=48 t_flicker=2
Ep 35950 | score  209.69 | avg100  198.62 | grasp100  94.0% | best 0.980 |     26 st/s
    done(50): success=46 t_flicker=4
Ep 36000 | score  209.58 | avg100  199.73 | grasp100  95.0% | best 0.980 |     26 st/s
    done(50): success=49 t_no_reach=1
Ep 36050 | score  207.25 | avg100  204.20 | grasp100  98.0% | best 0.980 |     26 st/s
    done(50): success=49 t_flicker=1
Ep 36100 | score  203.40 | avg100  203.00 | grasp100  97.0% | best 0.980 |     26 st/s
    done(50): success=48 t_flicker=2
Ep 36150 | score  238.20 | avg100  198.91 | grasp100  94.0% | best 0.980 |     26 st/s
    done(50): success=46 t_flicker=3 t_touched=1
Ep 36200 | score  206.34 | avg100  202.25 | grasp100  96.0% | best 0.980 |     26 st/s
    done(50): success=50
Ep 36250 | score  206.36 | avg100  201.87 | grasp100  97.0% | best 0.980 |     26 st/s
    done(50): success=47 t_flicker=1 t_no_reach=2
Ep 36300 | score  207.14 | avg100  202.03 | grasp100  97.0% | best 0.980 |     26 st/s
    done(50): success=50
Ep 36350 | score  206.02 | avg100  208.20 | grasp100 100.0% | best 0.980 |     26 st/s
    done(50): success=50
Ep 36400 | score  208.41 | avg100  205.35 | grasp100  98.0% | best 0.980 |     26 st/s
    done(50): success=48 t_flicker=1 t_touched=1
Ep 36450 | score    7.44 | avg100  199.27 | grasp100  95.0% | best 0.980 |     26 st/s
    done(50): success=47 t_flicker=1 t_touched=1 t_no_reach=1
Ep 36500 | score  207.27 | avg100  198.50 | grasp100  95.0% | best 0.980 |     26 st/s
    done(50): success=48 t_flicker=1 t_touched=1
Ep 36550 | score  206.41 | avg100  198.78 | grasp100  95.0% | best 0.980 |     26 st/s
    done(50): success=47 t_flicker=2 t_no_reach=1
Ep 36600 | score  207.12 | avg100  199.08 | grasp100  95.0% | best 0.980 |     26 st/s
    done(50): success=48 t_flicker=2
Ep 36650 | score  207.30 | avg100  199.39 | grasp100  96.0% | best 0.980 |     26 st/s
    done(50): success=48 t_flicker=1 t_no_reach=1
Ep 36700 | score  206.77 | avg100  197.52 | grasp100  95.0% | best 0.980 |     26 st/s
    done(50): success=47 t_flicker=2 t_touched=1
Ep 36750 | score  206.10 | avg100  200.40 | grasp100  96.0% | best 0.980 |     26 st/s
    done(50): success=49 t_flicker=1
Ep 36800 | score  206.38 | avg100  203.60 | grasp100  98.0% | best 0.980 |     26 st/s
    done(50): success=49 t_flicker=1
Ep 36850 | score  203.30 | avg100  200.88 | grasp100  97.0% | best 0.980 |     26 st/s
    done(50): success=48 t_flicker=1 t_touched=1
Ep 36900 | score  222.66 | avg100  200.04 | grasp100  96.0% | best 0.980 |     26 st/s
    done(50): success=48 t_flicker=2
  [primacy-bias reset of critic heads @ 525000 updates]
Ep 36950 | score  -18.27 | avg100  128.26 | grasp100  63.0% | best 0.980 |     26 st/s
    done(50): success=15 t_flicker=3 t_touched=5 t_no_reach=27
Ep 37000 | score  203.05 | avg100   21.97 | grasp100  17.0% | best 0.980 |     26 st/s
    done(50): success=2 t_flicker=2 t_touched=6 t_no_reach=40
Ep 37050 | score  204.28 | avg100   26.57 | grasp100  16.0% | best 0.980 |     26 st/s
    done(50): success=14 t_flicker=17 t_touched=7 t_no_reach=12
Ep 37100 | score   15.24 | avg100   74.19 | grasp100  32.0% | best 0.980 |     26 st/s
    done(50): success=18 t_flicker=12 t_touched=10 t_no_reach=10
Ep 37150 | score  207.44 | avg100  108.72 | grasp100  49.0% | best 0.980 |     26 st/s
    done(50): success=31 t_flicker=9 t_touched=7 t_no_reach=3
Ep 37200 | score  207.55 | avg100  148.46 | grasp100  68.0% | best 0.980 |     26 st/s
    done(50): success=37 t_flicker=9 t_touched=1 t_no_reach=3
Ep 37250 | score  217.97 | avg100  169.36 | grasp100  76.0% | best 0.980 |     26 st/s
    done(50): success=39 t_flicker=10 t_touched=1
Ep 37300 | score  206.04 | avg100  181.55 | grasp100  83.0% | best 0.980 |     26 st/s
    done(50): success=44 t_flicker=4 t_touched=1 t_no_reach=1
Ep 37350 | score  207.05 | avg100  195.72 | grasp100  92.0% | best 0.980 |     26 st/s
    done(50): success=48 t_flicker=1 t_touched=1
Ep 37400 | score  208.13 | avg100  196.94 | grasp100  92.0% | best 0.980 |     26 st/s
    done(50): success=44 t_flicker=6
Ep 37450 | score  206.13 | avg100  193.09 | grasp100  90.0% | best 0.980 |     26 st/s
    done(50): success=46 t_flicker=4
Ep 37500 | score  207.76 | avg100  199.35 | grasp100  94.0% | best 0.980 |     26 st/s
    done(50): success=48 t_flicker=2
Ep 37550 | score  209.72 | avg100  202.90 | grasp100  96.0% | best 0.980 |     26 st/s
    done(50): success=48 t_flicker=2
Ep 37600 | score  206.89 | avg100  196.81 | grasp100  93.0% | best 0.980 |     26 st/s
    done(50): success=45 t_flicker=5
Ep 37650 | score  207.02 | avg100  191.51 | grasp100  89.0% | best 0.980 |     26 st/s
    done(50): success=44 t_flicker=4 t_touched=1 t_no_reach=1
Ep 37700 | score  207.02 | avg100  195.64 | grasp100  91.0% | best 0.980 |     26 st/s
    done(50): success=47 t_flicker=2 t_touched=1
Ep 37750 | score  205.19 | avg100  202.78 | grasp100  96.0% | best 0.980 |     26 st/s
    done(50): success=49 t_flicker=1
Ep 37800 | score  205.19 | avg100  208.03 | grasp100  99.0% | best 0.980 |     26 st/s
    done(50): success=50
Ep 37850 | score  205.54 | avg100  209.35 | grasp100 100.0% | best 0.980 |     26 st/s
    done(50): success=50
Ep 37900 | score  205.76 | avg100  207.23 | grasp100  99.0% | best 0.980 |     26 st/s
    done(50): success=49 t_flicker=1
Ep 37950 | score  207.62 | avg100  202.71 | grasp100  97.0% | best 0.980 |     26 st/s
    done(50): success=48 t_flicker=1 t_no_reach=1
Ep 38000 | score  207.23 | avg100  200.87 | grasp100  96.0% | best 0.980 |     26 st/s
    done(50): success=48 t_flicker=2
Ep 38050 | score  205.66 | avg100  204.92 | grasp100  98.0% | best 0.980 |     26 st/s
    done(50): success=50
Ep 38100 | score  204.17 | avg100  204.93 | grasp100  98.0% | best 0.980 |     26 st/s
    done(50): success=48 t_flicker=2
Ep 38150 | score  206.13 | avg100  199.68 | grasp100  95.0% | best 0.980 |     26 st/s
    done(50): success=47 t_flicker=3
Ep 38200 | score  208.35 | avg100  198.30 | grasp100  95.0% | best 0.980 |     26 st/s
    done(50): success=48 t_touched=1 t_no_reach=1
Ep 38250 | score  210.18 | avg100  204.03 | grasp100  98.0% | best 0.980 |     26 st/s
    done(50): success=50
Ep 38300 | score  201.87 | avg100  208.40 | grasp100 100.0% | best 0.980 |     26 st/s
    done(50): success=50
Ep 38350 | score  207.82 | avg100  208.21 | grasp100 100.0% | best 0.980 |     26 st/s
    done(50): success=50
Ep 38400 | score  206.57 | avg100  206.59 | grasp100  98.0% | best 0.980 |     26 st/s
    done(50): success=48 t_flicker=2
Ep 38450 | score  206.19 | avg100  207.03 | grasp100  97.0% | best 0.980 |     26 st/s
    done(50): success=49 t_flicker=1
Ep 38500 | score  206.44 | avg100  206.31 | grasp100  97.0% | best 0.980 |     26 st/s
    done(50): success=48 t_flicker=1 t_no_reach=1
Ep 38550 | score  207.90 | avg100  204.32 | grasp100  97.0% | best 0.980 |     26 st/s
    done(50): success=49 t_flicker=1
Ep 38600 | score  206.74 | avg100  203.12 | grasp100  97.0% | best 0.980 |     26 st/s
    done(50): success=48 t_flicker=1 t_touched=1
Ep 38650 | score   60.18 | avg100  201.32 | grasp100  95.0% | best 0.980 |     26 st/s
    done(50): success=47 t_flicker=3
Ep 38700 | score  208.14 | avg100  202.87 | grasp100  95.0% | best 0.980 |     26 st/s
    done(50): success=48 t_flicker=2
Ep 38750 | score  204.10 | avg100  205.79 | grasp100  98.0% | best 0.980 |     26 st/s
    done(50): success=50
Ep 38800 | score  207.60 | avg100  208.13 | grasp100  99.0% | best 0.980 |     26 st/s
    done(50): success=49 t_flicker=1
  [primacy-bias reset of critic heads @ 550000 updates]
Ep 38850 | score  -25.07 | avg100  148.36 | grasp100  70.0% | best 0.980 |     26 st/s
    done(50): success=21 t_flicker=6 t_touched=2 t_no_reach=21
Ep 38900 | score  -27.72 | avg100   31.79 | grasp100  21.0% | best 0.980 |     26 st/s
    done(50): t_touched=2 t_no_reach=48
Ep 38950 | score  206.60 | avg100    4.86 | grasp100  10.0% | best 0.980 |     26 st/s
    done(50): success=10 t_flicker=6 t_touched=6 t_no_reach=28
Ep 39000 | score  208.95 | avg100   76.68 | grasp100  37.0% | best 0.980 |     26 st/s
    done(50): success=27 t_flicker=6 t_touched=10 t_no_reach=7
Ep 39050 | score   76.12 | avg100  118.17 | grasp100  53.0% | best 0.980 |     26 st/s
    done(50): success=26 t_flicker=11 t_touched=8 t_no_reach=5
Ep 39100 | score  207.43 | avg100  139.67 | grasp100  63.0% | best 0.980 |     26 st/s
    done(50): success=37 t_flicker=9 t_touched=3 t_no_reach=1
Ep 39150 | score  208.01 | avg100  172.83 | grasp100  80.0% | best 0.980 |     26 st/s
    done(50): success=43 t_flicker=6 t_no_reach=1
Ep 39200 | score  207.08 | avg100  179.78 | grasp100  84.0% | best 0.980 |     26 st/s
    done(50): success=41 t_flicker=8 t_touched=1
Ep 39250 | score  206.09 | avg100  187.00 | grasp100  88.0% | best 0.980 |     26 st/s
    done(50): success=47 t_flicker=2 t_touched=1
Ep 39300 | score  206.71 | avg100  194.23 | grasp100  91.0% | best 0.980 |     26 st/s
    done(50): success=44 t_flicker=5 t_touched=1
Ep 39350 | score  205.13 | avg100  196.14 | grasp100  92.0% | best 0.980 |     26 st/s
    done(50): success=48 t_flicker=2
Ep 39400 | score  205.96 | avg100  198.54 | grasp100  93.0% | best 0.980 |     26 st/s
    done(50): success=45 t_flicker=4 t_touched=1
Ep 39450 | score  206.26 | avg100  200.88 | grasp100  94.0% | best 0.980 |     26 st/s
    done(50): success=49 t_flicker=1
Ep 39500 | score  223.06 | avg100  205.57 | grasp100  97.0% | best 0.980 |     26 st/s
    done(50): success=48 t_flicker=2
Ep 39550 | score  205.13 | avg100  200.82 | grasp100  94.0% | best 0.980 |     26 st/s
    done(50): success=46 t_flicker=4
Ep 39600 | score  206.22 | avg100  199.09 | grasp100  94.0% | best 0.980 |     26 st/s
    done(50): success=48 t_flicker=2
Ep 39650 | score  207.66 | avg100  204.15 | grasp100  97.0% | best 0.980 |     26 st/s
    done(50): success=49 t_flicker=1
Ep 39700 | score  206.47 | avg100  203.39 | grasp100  97.0% | best 0.980 |     26 st/s
    done(50): success=48 t_flicker=2
Ep 39750 | score  207.33 | avg100  204.45 | grasp100  98.0% | best 0.980 |     26 st/s
    done(50): success=50
Ep 39800 | score  206.93 | avg100  205.14 | grasp100  98.0% | best 0.980 |     26 st/s
    done(50): success=48 t_flicker=2
Ep 39850 | score   -1.00 | avg100  199.66 | grasp100  95.0% | best 0.980 |     26 st/s
    done(50): success=47 t_flicker=2 t_touched=1
Ep 39900 | score  209.34 | avg100  202.59 | grasp100  96.0% | best 0.980 |     26 st/s
    done(50): success=49 t_no_reach=1
Ep 39950 | score  219.31 | avg100  201.19 | grasp100  95.0% | best 0.980 |     26 st/s
    done(50): success=46 t_flicker=3 t_touched=1
Ep 40000 | score  207.54 | avg100  199.93 | grasp100  95.0% | best 0.980 |     26 st/s
    done(50): success=49 t_flicker=1
Ep 40050 | score  206.24 | avg100  203.16 | grasp100  97.0% | best 0.980 |     26 st/s
    done(50): success=48 t_flicker=2
Ep 40100 | score  202.87 | avg100  198.97 | grasp100  95.0% | best 0.980 |     26 st/s
    done(50): success=47 t_flicker=1 t_touched=1 t_no_reach=1
Ep 40150 | score   -1.88 | avg100  200.87 | grasp100  96.0% | best 0.980 |     26 st/s
    done(50): success=49 t_no_reach=1
Ep 40200 | score  206.31 | avg100  205.55 | grasp100  98.0% | best 0.980 |     26 st/s
    done(50): success=49 t_flicker=1
Ep 40250 | score  209.46 | avg100  203.70 | grasp100  97.0% | best 0.980 |     26 st/s
    done(50): success=48 t_flicker=2
Ep 40300 | score  204.08 | avg100  198.06 | grasp100  94.0% | best 0.980 |     26 st/s
    done(50): success=46 t_flicker=1 t_touched=2 t_no_reach=1
Ep 40350 | score  205.69 | avg100  196.98 | grasp100  94.0% | best 0.980 |     26 st/s
    done(50): success=48 t_touched=1 t_no_reach=1
Ep 40400 | score  205.76 | avg100  197.00 | grasp100  94.0% | best 0.980 |     26 st/s
    done(50): success=46 t_flicker=2 t_touched=1 t_no_reach=1
Ep 40450 | score  204.30 | avg100  194.96 | grasp100  93.0% | best 0.980 |     26 st/s
    done(50): success=47 t_flicker=1 t_touched=1 t_no_reach=1
Ep 40500 | score  212.13 | avg100  200.82 | grasp100  96.0% | best 0.980 |     26 st/s
    done(50): success=49 t_touched=1
Ep 40550 | score  202.60 | avg100  206.18 | grasp100  98.0% | best 0.980 |     26 st/s
    done(50): success=49 t_flicker=1
Ep 40600 | score  231.98 | avg100  207.41 | grasp100  99.0% | best 0.980 |     26 st/s
    done(50): success=50
Ep 40650 | score  207.41 | avg100  204.52 | grasp100  98.0% | best 0.980 |     26 st/s
    done(50): success=48 t_flicker=1 t_no_reach=1
Ep 40700 | score  205.70 | avg100  204.94 | grasp100  98.0% | best 0.980 |     26 st/s
    done(50): success=50
Ep 40750 | score  207.08 | avg100  208.87 | grasp100 100.0% | best 0.980 |     26 st/s
    done(50): success=50
  [primacy-bias reset of critic heads @ 575000 updates]
Ep 40800 | score  230.97 | avg100  178.43 | grasp100  85.0% | best 0.980 |     26 st/s
    done(50): success=35 t_flicker=5 t_no_reach=10
Ep 40850 | score   -7.68 | avg100   71.77 | grasp100  37.0% | best 0.980 |     26 st/s
    done(50): success=2 t_flicker=4 t_touched=5 t_no_reach=39
Ep 40900 | score  206.21 | avg100   29.13 | grasp100  17.0% | best 0.980 |     26 st/s
    done(50): success=15 t_flicker=8 t_touched=3 t_no_reach=24
Ep 40950 | score  204.62 | avg100   86.14 | grasp100  39.0% | best 0.980 |     26 st/s
    done(50): success=24 t_flicker=11 t_touched=3 t_no_reach=12
Ep 41000 | score  207.22 | avg100  111.88 | grasp100  48.0% | best 0.980 |     26 st/s
    done(50): success=24 t_flicker=15 t_touched=7 t_no_reach=4
Ep 41050 | score  205.47 | avg100  136.92 | grasp100  60.0% | best 0.980 |     26 st/s
    done(50): success=36 t_flicker=9 t_touched=2 t_no_reach=3
Ep 41100 | score  216.28 | avg100  173.01 | grasp100  80.0% | best 0.980 |     26 st/s
    done(50): success=44 t_flicker=4 t_no_reach=2
Ep 41150 | score  206.42 | avg100  185.04 | grasp100  86.0% | best 0.980 |     26 st/s
    done(50): success=42 t_flicker=6 t_touched=1 t_no_reach=1
Ep 41200 | score  208.71 | avg100  185.78 | grasp100  86.0% | best 0.980 |     26 st/s
    done(50): success=44 t_flicker=5 t_touched=1
Ep 41250 | score  205.97 | avg100  187.12 | grasp100  87.0% | best 0.980 |     26 st/s
    done(50): success=43 t_flicker=5 t_no_reach=2
Ep 41300 | score  206.56 | avg100  184.37 | grasp100  85.0% | best 0.980 |     26 st/s
    done(50): success=42 t_flicker=6 t_touched=2
Ep 41350 | score  206.39 | avg100  189.59 | grasp100  89.0% | best 0.980 |     26 st/s
    done(50): success=47 t_flicker=2 t_no_reach=1
Ep 41400 | score  207.62 | avg100  193.57 | grasp100  92.0% | best 0.980 |     26 st/s
    done(50): success=45 t_flicker=4 t_no_reach=1
Ep 41450 | score  243.77 | avg100  188.95 | grasp100  88.0% | best 0.980 |     26 st/s
    done(50): success=43 t_flicker=5 t_no_reach=2
Ep 41500 | score  208.55 | avg100  198.33 | grasp100  93.0% | best 0.980 |     26 st/s
    done(50): success=50
Ep 41550 | score  207.44 | avg100  205.45 | grasp100  98.0% | best 0.980 |     26 st/s
    done(50): success=48 t_flicker=1 t_touched=1
Ep 41600 | score  207.18 | avg100  202.63 | grasp100  97.0% | best 0.980 |     26 st/s
    done(50): success=49 t_flicker=1
Ep 41650 | score  204.43 | avg100  205.95 | grasp100  99.0% | best 0.980 |     26 st/s
    done(50): success=50
Ep 41700 | score  205.10 | avg100  208.45 | grasp100 100.0% | best 0.980 |     26 st/s
    done(50): success=50
Ep 41750 | score  205.85 | avg100  208.32 | grasp100  99.0% | best 0.980 |     26 st/s
    done(50): success=49 t_flicker=1
Ep 41751 | * BEST  level200=2.00 grasp200= 99.5% metric=0.995 | score  243.98
Ep 41800 | score  205.94 | avg100  205.93 | grasp100  98.0% | best 0.995 |     26 st/s
    done(50): success=49 t_touched=1
Ep 41850 | score  206.96 | avg100  206.43 | grasp100  99.0% | best 0.995 |     26 st/s
    done(50): success=50
Ep 41900 | score  205.98 | avg100  208.50 | grasp100 100.0% | best 0.995 |     26 st/s
    done(50): success=50
Ep 41950 | score  208.36 | avg100  208.16 | grasp100 100.0% | best 0.995 |     26 st/s
    done(50): success=50
Ep 42000 | score  201.37 | avg100  207.54 | grasp100 100.0% | best 0.995 |     26 st/s
    done(50): success=50
Ep 42050 | score  208.23 | avg100  207.94 | grasp100 100.0% | best 0.995 |     26 st/s
    done(50): success=50
Ep 42100 | score  204.17 | avg100  210.40 | grasp100 100.0% | best 0.995 |     26 st/s
    done(50): success=50
Ep 42150 | score  210.19 | avg100  206.79 | grasp100  98.0% | best 0.995 |     26 st/s
    done(50): success=48 t_flicker=1 t_no_reach=1
Ep 42200 | score  217.97 | avg100  200.58 | grasp100  95.0% | best 0.995 |     26 st/s
    done(50): success=47 t_flicker=2 t_no_reach=1
Ep 42250 | score  206.04 | avg100  199.68 | grasp100  94.0% | best 0.995 |     26 st/s
    done(50): success=47 t_flicker=3
Ep 42300 | score  206.44 | avg100  200.73 | grasp100  95.0% | best 0.995 |     26 st/s
    done(50): success=48 t_flicker=1 t_touched=1
Ep 42350 | score  222.10 | avg100  203.96 | grasp100  97.0% | best 0.995 |     26 st/s
    done(50): success=49 t_flicker=1
Ep 42400 | score  208.89 | avg100  204.54 | grasp100  98.0% | best 0.995 |     26 st/s
    done(50): success=49 t_touched=1
Ep 42450 | score  204.19 | avg100  199.01 | grasp100  95.0% | best 0.995 |     26 st/s
    done(50): success=46 t_flicker=3 t_touched=1
Ep 42500 | score  204.89 | avg100  198.10 | grasp100  94.0% | best 0.995 |     26 st/s
    done(50): success=48 t_flicker=2
Ep 42550 | score  207.62 | avg100  205.16 | grasp100  98.0% | best 0.995 |     26 st/s
    done(50): success=50
Ep 42600 | score  203.45 | avg100  205.51 | grasp100  98.0% | best 0.995 |     26 st/s
    done(50): success=48 t_flicker=1 t_touched=1
Ep 42650 | score  207.51 | avg100  206.12 | grasp100  98.0% | best 0.995 |     26 st/s
    done(50): success=50
Ep 42700 | score  205.30 | avg100  206.44 | grasp100  98.0% | best 0.995 |     26 st/s
    done(50): success=48 t_flicker=2
Ep 42750 | score  203.60 | avg100  203.56 | grasp100  97.0% | best 0.995 |     26 st/s
    done(50): success=49 t_touched=1
  [primacy-bias reset of critic heads @ 600000 updates]
Ep 42800 | score  -23.59 | avg100  120.55 | grasp100  59.0% | best 0.995 |     26 st/s
    done(50): success=10 t_flicker=7 t_touched=2 t_no_reach=31
Ep 42850 | score   -1.76 | avg100   21.85 | grasp100  15.0% | best 0.995 |     26 st/s
    done(50): success=5 t_flicker=4 t_touched=1 t_no_reach=40
Ep 42900 | score  207.12 | avg100   59.99 | grasp100  32.0% | best 0.995 |     26 st/s
    done(50): success=27 t_flicker=7 t_touched=7 t_no_reach=9
Ep 42950 | score   17.52 | avg100  108.17 | grasp100  51.0% | best 0.995 |     26 st/s
    done(50): success=24 t_flicker=7 t_touched=5 t_no_reach=14
Ep 43000 | score  208.09 | avg100  117.35 | grasp100  53.0% | best 0.995 |     26 st/s
    done(50): success=29 t_flicker=10 t_touched=5 t_no_reach=6
Ep 43050 | score   76.85 | avg100  151.84 | grasp100  69.0% | best 0.995 |     26 st/s
    done(50): success=40 t_flicker=6 t_touched=2 t_no_reach=2
Ep 43100 | score  204.54 | avg100  175.59 | grasp100  82.0% | best 0.995 |     26 st/s
    done(50): success=42 t_flicker=4 t_touched=1 t_no_reach=3
Ep 43150 | score  208.51 | avg100  184.09 | grasp100  87.0% | best 0.995 |     26 st/s
    done(50): success=45 t_flicker=2 t_touched=1 t_no_reach=2
Ep 43200 | score  204.82 | avg100  191.63 | grasp100  91.0% | best 0.995 |     26 st/s
    done(50): success=46 t_flicker=1 t_touched=2 t_no_reach=1
Ep 43250 | score  207.56 | avg100  194.03 | grasp100  92.0% | best 0.995 |     26 st/s
    done(50): success=46 t_flicker=2 t_touched=2
Ep 43300 | score  205.86 | avg100  194.81 | grasp100  93.0% | best 0.995 |     26 st/s
    done(50): success=47 t_flicker=1 t_touched=2
Ep 43350 | score  208.46 | avg100  196.01 | grasp100  94.0% | best 0.995 |     26 st/s
    done(50): success=47 t_flicker=3
Ep 43400 | score  209.51 | avg100  198.07 | grasp100  94.0% | best 0.995 |     26 st/s
    done(50): success=47 t_flicker=3
Ep 43450 | score  206.86 | avg100  200.07 | grasp100  95.0% | best 0.995 |     26 st/s
    done(50): success=48 t_flicker=1 t_no_reach=1
Ep 43500 | score  206.80 | avg100  201.84 | grasp100  96.0% | best 0.995 |     26 st/s
    done(50): success=48 t_flicker=2
Ep 43550 | score  208.31 | avg100  206.49 | grasp100  98.0% | best 0.995 |     26 st/s
    done(50): success=50
Ep 43600 | score  207.13 | avg100  209.09 | grasp100 100.0% | best 0.995 |     26 st/s
    done(50): success=50
Ep 43650 | score  205.81 | avg100  206.79 | grasp100  99.0% | best 0.995 |     26 st/s
    done(50): success=49 t_flicker=1
Ep 43700 | score  227.80 | avg100  206.00 | grasp100  98.0% | best 0.995 |     26 st/s
    done(50): success=49 t_no_reach=1
Ep 43750 | score  207.79 | avg100  204.12 | grasp100  97.0% | best 0.995 |     26 st/s
    done(50): success=48 t_flicker=2
Ep 43800 | score  203.43 | avg100  199.78 | grasp100  95.0% | best 0.995 |     26 st/s
    done(50): success=47 t_flicker=1 t_no_reach=2
Ep 43850 | score  235.18 | avg100  201.45 | grasp100  96.0% | best 0.995 |     26 st/s
    done(50): success=49 t_flicker=1
Ep 43900 | score  236.29 | avg100  205.22 | grasp100  98.0% | best 0.995 |     26 st/s
    done(50): success=49 t_flicker=1
Ep 43950 | score  204.49 | avg100  204.60 | grasp100  98.0% | best 0.995 |     26 st/s
    done(50): success=49 t_touched=1
Ep 44000 | score  204.09 | avg100  204.35 | grasp100  98.0% | best 0.995 |     26 st/s
    done(50): success=49 t_flicker=1
Ep 44050 | score  207.43 | avg100  206.52 | grasp100  99.0% | best 0.995 |     26 st/s
    done(50): success=50
Ep 44100 | score  205.53 | avg100  203.95 | grasp100  97.0% | best 0.995 |     26 st/s
    done(50): success=47 t_flicker=3
Ep 44150 | score  206.38 | avg100  198.40 | grasp100  93.0% | best 0.995 |     26 st/s
    done(50): success=46 t_flicker=3 t_no_reach=1
Ep 44200 | score   55.51 | avg100  200.45 | grasp100  94.0% | best 0.995 |     26 st/s
    done(50): success=48 t_flicker=2
Ep 44250 | score  204.08 | avg100  206.78 | grasp100  98.0% | best 0.995 |     26 st/s
    done(50): success=50
Ep 44300 | score  203.54 | avg100  208.47 | grasp100  99.0% | best 0.995 |     26 st/s
    done(50): success=49 t_flicker=1
Ep 44350 | score  206.66 | avg100  206.77 | grasp100  98.0% | best 0.995 |     26 st/s
    done(50): success=49 t_flicker=1
Ep 44400 | score  204.63 | avg100  205.09 | grasp100  97.0% | best 0.995 |     26 st/s
    done(50): success=48 t_flicker=2
Ep 44450 | score  208.73 | avg100  204.58 | grasp100  97.0% | best 0.995 |     26 st/s
    done(50): success=49 t_flicker=1
Ep 44500 | score  209.98 | avg100  205.75 | grasp100  98.0% | best 0.995 |     26 st/s
    done(50): success=49 t_flicker=1
Ep 44550 | score  205.99 | avg100  201.57 | grasp100  96.0% | best 0.995 |     26 st/s
    done(50): success=47 t_flicker=1 t_touched=1 t_no_reach=1
Ep 44600 | score  205.26 | avg100  201.55 | grasp100  96.0% | best 0.995 |     26 st/s
    done(50): success=49 t_flicker=1
Ep 44650 | score  205.83 | avg100  207.30 | grasp100  99.0% | best 0.995 |     26 st/s
    done(50): success=50
Ep 44700 | score  -14.60 | avg100  204.08 | grasp100  98.0% | best 0.995 |     26 st/s
    done(50): success=48 t_flicker=1 t_touched=1
Ep 44750 | score  203.88 | avg100  198.61 | grasp100  95.0% | best 0.995 |     26 st/s
    done(50): success=47 t_flicker=3
  [primacy-bias reset of critic heads @ 625000 updates]
Ep 44800 | score  -27.76 | avg100  114.17 | grasp100  57.0% | best 0.995 |     26 st/s
    done(50): success=10 t_flicker=4 t_touched=2 t_no_reach=34
Ep 44850 | score  -15.73 | avg100   11.23 | grasp100  13.0% | best 0.995 |     26 st/s
    done(50): success=3 t_flicker=1 t_touched=2 t_no_reach=44
Ep 44900 | score    0.47 | avg100   22.92 | grasp100  16.0% | best 0.995 |     26 st/s
    done(50): success=13 t_flicker=10 t_touched=8 t_no_reach=19
Ep 44950 | score   58.30 | avg100   85.58 | grasp100  40.0% | best 0.995 |     26 st/s
    done(50): success=27 t_flicker=12 t_touched=5 t_no_reach=6
Ep 45000 | score   14.58 | avg100  129.51 | grasp100  59.0% | best 0.995 |     26 st/s
    done(50): success=32 t_flicker=13 t_touched=3 t_no_reach=2
Ep 45050 | score  207.25 | avg100  156.74 | grasp100  71.0% | best 0.995 |     26 st/s
    done(50): success=39 t_flicker=9 t_touched=1 t_no_reach=1
Ep 45100 | score   65.79 | avg100  181.27 | grasp100  83.0% | best 0.995 |     26 st/s
    done(50): success=44 t_flicker=6
Ep 45150 | score  206.55 | avg100  188.31 | grasp100  87.0% | best 0.995 |     26 st/s
    done(50): success=43 t_flicker=6 t_touched=1
Ep 45200 | score  207.10 | avg100  189.48 | grasp100  89.0% | best 0.995 |     26 st/s
    done(50): success=46 t_flicker=2 t_no_reach=2
Ep 45250 | score  209.12 | avg100  191.30 | grasp100  90.0% | best 0.995 |     26 st/s
    done(50): success=44 t_flicker=5 t_no_reach=1
Ep 45300 | score   -9.20 | avg100  190.99 | grasp100  89.0% | best 0.995 |     26 st/s
    done(50): success=45 t_flicker=4 t_no_reach=1
Ep 45350 | score  216.70 | avg100  201.70 | grasp100  95.0% | best 0.995 |     26 st/s
    done(50): success=50
Ep 45400 | score  205.49 | avg100  210.11 | grasp100 100.0% | best 0.995 |     26 st/s
    done(50): success=50
Ep 45450 | score  207.35 | avg100  204.06 | grasp100  97.0% | best 0.995 |     26 st/s
    done(50): success=47 t_flicker=3
Ep 45500 | score  204.23 | avg100  199.34 | grasp100  95.0% | best 0.995 |     26 st/s
    done(50): success=48 t_flicker=1 t_no_reach=1
Ep 45550 | score  204.31 | avg100  199.30 | grasp100  95.0% | best 0.995 |     26 st/s
    done(50): success=47 t_flicker=2 t_no_reach=1
Ep 45600 | score  205.22 | avg100  204.12 | grasp100  97.0% | best 0.995 |     26 st/s
    done(50): success=50
Ep 45650 | score  205.85 | avg100  207.48 | grasp100  99.0% | best 0.995 |     26 st/s
    done(50): success=49 t_flicker=1
Ep 45700 | score  208.32 | avg100  205.18 | grasp100  98.0% | best 0.995 |     26 st/s
    done(50): success=49 t_flicker=1
Ep 45750 | score  205.13 | avg100  204.73 | grasp100  98.0% | best 0.995 |     26 st/s
    done(50): success=49 t_flicker=1
Ep 45800 | score  206.76 | avg100  206.63 | grasp100  99.0% | best 0.995 |     26 st/s
    done(50): success=50
Ep 45850 | score  205.06 | avg100  205.73 | grasp100  98.0% | best 0.995 |     26 st/s
    done(50): success=48 t_flicker=1 t_touched=1
Ep 45900 | score  206.50 | avg100  203.56 | grasp100  97.0% | best 0.995 |     26 st/s
    done(50): success=49 t_no_reach=1
Ep 45950 | score  207.06 | avg100  204.67 | grasp100  98.0% | best 0.995 |     26 st/s
    done(50): success=49 t_flicker=1
Ep 46000 | score  204.27 | avg100  203.45 | grasp100  97.0% | best 0.995 |     26 st/s
    done(50): success=48 t_flicker=1 t_no_reach=1
Ep 46050 | score  207.53 | avg100  199.55 | grasp100  95.0% | best 0.995 |     26 st/s
    done(50): success=47 t_flicker=2 t_touched=1
Ep 46100 | score  203.22 | avg100  201.46 | grasp100  96.0% | best 0.995 |     26 st/s
    done(50): success=49 t_touched=1
Ep 46150 | score  207.12 | avg100  203.08 | grasp100  97.0% | best 0.995 |     26 st/s
    done(50): success=48 t_flicker=2
Ep 46200 | score  204.86 | avg100  203.00 | grasp100  97.0% | best 0.995 |     26 st/s
    done(50): success=49 t_flicker=1
Ep 46250 | score  206.51 | avg100  203.79 | grasp100  96.0% | best 0.995 |     26 st/s
    done(50): success=47 t_flicker=3
Ep 46300 | score  204.38 | avg100  198.55 | grasp100  93.0% | best 0.995 |     26 st/s
    done(50): success=46 t_flicker=3 t_no_reach=1
Ep 46350 | score  207.98 | avg100  199.48 | grasp100  94.0% | best 0.995 |     26 st/s
    done(50): success=48 t_flicker=2
Ep 46400 | score  206.18 | avg100  206.38 | grasp100  98.0% | best 0.995 |     26 st/s
    done(50): success=50
Ep 46450 | score  204.32 | avg100  205.03 | grasp100  98.0% | best 0.995 |     26 st/s
    done(50): success=48 t_touched=2
Ep 46500 | score  207.95 | avg100  204.89 | grasp100  98.0% | best 0.995 |     26 st/s
    done(50): success=50
Ep 46550 | score  205.04 | avg100  204.69 | grasp100  98.0% | best 0.995 |     26 st/s
    done(50): success=48 t_flicker=2
Ep 46600 | score  206.18 | avg100  204.39 | grasp100  98.0% | best 0.995 |     26 st/s
    done(50): success=50
Ep 46650 | score  206.86 | avg100  205.81 | grasp100  99.0% | best 0.995 |     26 st/s
    done(50): success=49 t_touched=1
Ep 46700 | score  207.28 | avg100  202.67 | grasp100  97.0% | best 0.995 |     26 st/s
    done(50): success=48 t_flicker=1 t_no_reach=1
  [primacy-bias reset of critic heads @ 650000 updates]
Ep 46750 | score  -27.67 | avg100  115.52 | grasp100  59.0% | best 0.995 |     26 st/s
    done(50): success=11 t_flicker=1 t_no_reach=38
Ep 46800 | score  -27.17 | avg100    5.14 | grasp100  13.0% | best 0.995 |     26 st/s
    done(50): success=2 t_no_reach=48
Ep 46850 | score  206.50 | avg100   22.07 | grasp100  18.0% | best 0.995 |     26 st/s
    done(50): success=16 t_flicker=6 t_touched=7 t_no_reach=21
Ep 46900 | score  204.43 | avg100   93.31 | grasp100  44.0% | best 0.995 |     26 st/s
    done(50): success=28 t_flicker=10 t_touched=5 t_no_reach=7
Ep 46950 | score  207.88 | avg100  140.12 | grasp100  64.0% | best 0.995 |     26 st/s
    done(50): success=36 t_flicker=10 t_touched=1 t_no_reach=3
Ep 47000 | score  207.41 | avg100  152.41 | grasp100  70.0% | best 0.995 |     26 st/s
    done(50): success=34 t_flicker=8 t_touched=7 t_no_reach=1
Ep 47050 | score  207.85 | avg100  153.64 | grasp100  70.0% | best 0.995 |     26 st/s
    done(50): success=36 t_flicker=10 t_touched=1 t_no_reach=3
Ep 47100 | score    0.26 | avg100  167.01 | grasp100  77.0% | best 0.995 |     26 st/s
    done(50): success=41 t_flicker=5 t_touched=2 t_no_reach=2
Ep 47150 | score  208.35 | avg100  180.54 | grasp100  85.0% | best 0.995 |     26 st/s
    done(50): success=44 t_flicker=2 t_touched=2 t_no_reach=2
Ep 47200 | score   16.59 | avg100  184.67 | grasp100  87.0% | best 0.995 |     26 st/s
    done(50): success=43 t_flicker=3 t_touched=1 t_no_reach=3
Ep 47250 | score   -5.39 | avg100  187.22 | grasp100  88.0% | best 0.995 |     26 st/s
    done(50): success=45 t_flicker=4 t_no_reach=1
Ep 47300 | score  205.01 | avg100  198.76 | grasp100  94.0% | best 0.995 |     26 st/s
    done(50): success=49 t_touched=1
Ep 47350 | score  207.82 | avg100  204.46 | grasp100  97.0% | best 0.995 |     26 st/s
    done(50): success=48 t_flicker=1 t_touched=1
Ep 47400 | score  207.83 | avg100  205.99 | grasp100  98.0% | best 0.995 |     26 st/s
    done(50): success=50
Ep 47450 | score  222.87 | avg100  206.48 | grasp100  98.0% | best 0.995 |     26 st/s
    done(50): success=48 t_flicker=1 t_no_reach=1
Ep 47500 | score  206.27 | avg100  204.45 | grasp100  97.0% | best 0.995 |     26 st/s
    done(50): success=49 t_touched=1
Ep 47550 | score  208.42 | avg100  204.55 | grasp100  98.0% | best 0.995 |     26 st/s
    done(50): success=49 t_flicker=1
Ep 47600 | score  210.17 | avg100  204.92 | grasp100  98.0% | best 0.995 |     26 st/s
    done(50): success=49 t_flicker=1
Ep 47650 | score  205.47 | avg100  208.55 | grasp100  99.0% | best 0.995 |     26 st/s
    done(50): success=50
Ep 47700 | score  206.69 | avg100  208.34 | grasp100  99.0% | best 0.995 |     26 st/s
    done(50): success=49 t_no_reach=1
Ep 47750 | score  204.34 | avg100  206.56 | grasp100  98.0% | best 0.995 |     26 st/s
    done(50): success=49 t_flicker=1
Ep 47800 | score  205.87 | avg100  207.69 | grasp100  98.0% | best 0.995 |     26 st/s
    done(50): success=49 t_flicker=1
Ep 47850 | score  208.14 | avg100  208.79 | grasp100  98.0% | best 0.995 |     26 st/s
    done(50): success=49 t_flicker=1
Ep 47900 | score  217.44 | avg100  205.36 | grasp100  96.0% | best 0.995 |     26 st/s
    done(50): success=47 t_flicker=2 t_no_reach=1
Ep 47950 | score  207.34 | avg100  205.79 | grasp100  97.0% | best 0.995 |     26 st/s
    done(50): success=50
Ep 48000 | score  207.51 | avg100  209.67 | grasp100 100.0% | best 0.995 |     26 st/s
    done(50): success=50
Ep 48050 | score   99.47 | avg100  206.97 | grasp100  98.0% | best 0.995 |     26 st/s
    done(50): success=48 t_flicker=2
Ep 48100 | score  209.27 | avg100  206.02 | grasp100  97.0% | best 0.995 |     26 st/s
    done(50): success=49 t_flicker=1
Ep 48150 | score  208.07 | avg100  203.09 | grasp100  96.0% | best 0.995 |     26 st/s
    done(50): success=47 t_flicker=3
Ep 48200 | score  206.09 | avg100  202.91 | grasp100  96.0% | best 0.995 |     26 st/s
    done(50): success=49 t_flicker=1
Ep 48250 | score  206.82 | avg100  205.79 | grasp100  98.0% | best 0.995 |     26 st/s
    done(50): success=49 t_flicker=1
Ep 48300 | score  205.70 | avg100  205.67 | grasp100  98.0% | best 0.995 |     26 st/s
    done(50): success=49 t_flicker=1
Ep 48350 | score  207.07 | avg100  208.69 | grasp100  99.0% | best 0.995 |     26 st/s
    done(50): success=50
Ep 48400 | score  205.86 | avg100  209.08 | grasp100  99.0% | best 0.995 |     26 st/s
    done(50): success=49 t_flicker=1
Ep 48450 | score  204.77 | avg100  207.37 | grasp100  98.0% | best 0.995 |     26 st/s
    done(50): success=49 t_flicker=1
Ep 48500 | score  207.30 | avg100  202.73 | grasp100  96.0% | best 0.995 |     26 st/s
    done(50): success=47 t_flicker=2 t_touched=1
Ep 48550 | score  208.02 | avg100  200.59 | grasp100  96.0% | best 0.995 |     26 st/s
    done(50): success=49 t_no_reach=1
Ep 48600 | score  207.41 | avg100  206.09 | grasp100  99.0% | best 0.995 |     26 st/s
    done(50): success=50
  [primacy-bias reset of critic heads @ 675000 updates]
Ep 48650 | score  -11.22 | avg100  195.90 | grasp100  93.0% | best 0.995 |     26 st/s
    done(50): success=43 t_flicker=2 t_touched=2 t_no_reach=3
Ep 48700 | score  -13.12 | avg100  106.57 | grasp100  52.0% | best 0.995 |     26 st/s
    done(50): success=9 t_flicker=7 t_touched=1 t_no_reach=33
Ep 48750 | score  207.88 | avg100   54.98 | grasp100  28.0% | best 0.995 |     26 st/s
    done(50): success=19 t_flicker=5 t_touched=6 t_no_reach=20
Ep 48800 | score  207.76 | avg100   98.85 | grasp100  46.0% | best 0.995 |     26 st/s
    done(50): success=27 t_flicker=13 t_touched=6 t_no_reach=4
Ep 48850 | score    6.38 | avg100  128.39 | grasp100  60.0% | best 0.995 |     26 st/s
    done(50): success=33 t_flicker=6 t_touched=3 t_no_reach=8
Ep 48900 | score  204.75 | avg100  139.22 | grasp100  65.0% | best 0.995 |     26 st/s
    done(50): success=32 t_flicker=9 t_touched=1 t_no_reach=8
Ep 48950 | score  207.75 | avg100  160.71 | grasp100  75.0% | best 0.995 |     26 st/s
    done(50): success=43 t_flicker=4 t_touched=1 t_no_reach=2
Ep 49000 | score  205.35 | avg100  171.80 | grasp100  80.0% | best 0.995 |     26 st/s
    done(50): success=37 t_flicker=10 t_touched=1 t_no_reach=2
Ep 49050 | score  204.73 | avg100  174.88 | grasp100  81.0% | best 0.995 |     26 st/s
    done(50): success=44 t_flicker=5 t_no_reach=1
Ep 49100 | score  206.23 | avg100  192.54 | grasp100  91.0% | best 0.995 |     26 st/s
    done(50): success=47 t_flicker=2 t_touched=1
Ep 49150 | score  228.58 | avg100  194.59 | grasp100  92.0% | best 0.995 |     26 st/s
    done(50): success=45 t_flicker=4 t_no_reach=1
Ep 49200 | score  203.98 | avg100  196.39 | grasp100  93.0% | best 0.995 |     26 st/s
    done(50): success=48 t_touched=2
Ep 49250 | score  206.53 | avg100  192.06 | grasp100  91.0% | best 0.995 |     26 st/s
    done(50): success=43 t_flicker=5 t_touched=2
Ep 49300 | score  209.59 | avg100  190.50 | grasp100  89.0% | best 0.995 |     26 st/s
    done(50): success=46 t_flicker=4
Ep 49350 | score  207.08 | avg100  199.51 | grasp100  94.0% | best 0.995 |     26 st/s
    done(50): success=48 t_flicker=2
Ep 49400 | score  205.52 | avg100  201.57 | grasp100  96.0% | best 0.995 |     26 st/s
    done(50): success=48 t_flicker=1 t_no_reach=1
Ep 49450 | score  204.72 | avg100  201.54 | grasp100  96.0% | best 0.995 |     26 st/s
    done(50): success=48 t_flicker=2
Ep 49500 | score  206.80 | avg100  202.83 | grasp100  97.0% | best 0.995 |     26 st/s
    done(50): success=49 t_flicker=1
Ep 49550 | score  203.61 | avg100  204.92 | grasp100  98.0% | best 0.995 |     26 st/s
    done(50): success=49 t_flicker=1
Ep 49600 | score  207.17 | avg100  207.86 | grasp100  99.0% | best 0.995 |     26 st/s
    done(50): success=50
Ep 49650 | score  203.73 | avg100  206.08 | grasp100  98.0% | best 0.995 |     26 st/s
    done(50): success=48 t_flicker=2
Ep 49700 | score  205.68 | avg100  203.92 | grasp100  97.0% | best 0.995 |     26 st/s
    done(50): success=49 t_touched=1
Ep 49750 | score  208.25 | avg100  207.55 | grasp100  99.0% | best 0.995 |     26 st/s
    done(50): success=50
Ep 49800 | score  208.92 | avg100  207.99 | grasp100  99.0% | best 0.995 |     26 st/s
    done(50): success=49 t_flicker=1
Ep 49850 | score  207.83 | avg100  207.99 | grasp100  99.0% | best 0.995 |     26 st/s
    done(50): success=50
Ep 49900 | score  208.59 | avg100  204.62 | grasp100  97.0% | best 0.995 |     26 st/s
    done(50): success=47 t_flicker=3
Ep 49950 | score  207.22 | avg100  200.51 | grasp100  94.0% | best 0.995 |     26 st/s
    done(50): success=47 t_flicker=3
Ep 50000 | score   59.93 | avg100  202.39 | grasp100  95.0% | best 0.995 |     26 st/s
    done(50): success=48 t_flicker=2
Ep 50050 | score  206.20 | avg100  200.27 | grasp100  95.0% | best 0.995 |     26 st/s
    done(50): success=47 t_flicker=1 t_touched=2
Ep 50100 | score  205.58 | avg100  201.52 | grasp100  96.0% | best 0.995 |     26 st/s
    done(50): success=49 t_flicker=1
Ep 50150 | score  228.05 | avg100  206.67 | grasp100  98.0% | best 0.995 |     26 st/s
    done(50): success=49 t_flicker=1
Ep 50200 | score  208.42 | avg100  205.13 | grasp100  98.0% | best 0.995 |     26 st/s
    done(50): success=49 t_flicker=1
Ep 50250 | score  226.31 | avg100  199.85 | grasp100  96.0% | best 0.995 |     26 st/s
    done(50): success=47 t_flicker=2 t_touched=1
Ep 50300 | score  220.86 | avg100  199.62 | grasp100  95.0% | best 0.995 |     26 st/s
    done(50): success=48 t_flicker=2
Ep 50350 | score  250.81 | avg100  205.49 | grasp100  97.0% | best 0.995 |     26 st/s
    done(50): success=49 t_no_reach=1
Ep 50400 | score  215.56 | avg100  207.18 | grasp100  98.0% | best 0.995 |     26 st/s
    done(50): success=49 t_flicker=1
Ep 50450 | score  212.38 | avg100  203.45 | grasp100  96.0% | best 0.995 |     26 st/s
    done(50): success=47 t_flicker=2 t_touched=1
Ep 50500 | score  204.97 | avg100  206.51 | grasp100  97.0% | best 0.995 |     26 st/s
    done(50): success=50
Ep 50550 | score  206.40 | avg100  209.91 | grasp100 100.0% | best 0.995 |     26 st/s
    done(50): success=50
Ep 50600 | score  205.29 | avg100  202.63 | grasp100  97.0% | best 0.995 |     26 st/s
    done(50): success=47 t_flicker=3
  [primacy-bias reset of critic heads @ 700000 updates]
Ep 50650 | score   -9.73 | avg100  193.77 | grasp100  92.0% | best 0.995 |     26 st/s
    done(50): success=45 t_flicker=2 t_no_reach=3
Ep 50700 | score   -1.11 | avg100  109.70 | grasp100  53.0% | best 0.995 |     26 st/s
    done(50): success=8 t_flicker=8 t_touched=2 t_no_reach=32
Ep 50750 | score  -16.58 | avg100   27.50 | grasp100  16.0% | best 0.995 |     26 st/s
    done(50): success=8 t_flicker=5 t_touched=4 t_no_reach=33
Ep 50800 | score  205.98 | avg100   74.90 | grasp100  37.0% | best 0.995 |     26 st/s
    done(50): success=29 t_flicker=6 t_touched=11 t_no_reach=4
Ep 50850 | score  207.85 | avg100  130.80 | grasp100  61.0% | best 0.995 |     26 st/s
    done(50): success=32 t_flicker=8 t_touched=4 t_no_reach=6
Ep 50900 | score   -5.07 | avg100  136.44 | grasp100  64.0% | best 0.995 |     26 st/s
    done(50): success=32 t_flicker=6 t_touched=5 t_no_reach=7
Ep 50950 | score  205.85 | avg100  150.52 | grasp100  70.0% | best 0.995 |     26 st/s
    done(50): success=38 t_flicker=6 t_touched=2 t_no_reach=4
Ep 51000 | score  210.52 | avg100  173.22 | grasp100  81.0% | best 0.995 |     26 st/s
    done(50): success=43 t_flicker=5 t_touched=2
Ep 51050 | score  207.41 | avg100  188.11 | grasp100  90.0% | best 0.995 |     26 st/s
    done(50): success=47 t_flicker=2 t_touched=1
Ep 51100 | score  206.62 | avg100  196.59 | grasp100  94.0% | best 0.995 |     26 st/s
    done(50): success=47 t_flicker=2 t_touched=1
Ep 51150 | score  205.69 | avg100  194.60 | grasp100  93.0% | best 0.995 |     26 st/s
    done(50): success=46 t_flicker=2 t_no_reach=2
Ep 51200 | score  206.59 | avg100  196.02 | grasp100  94.0% | best 0.995 |     26 st/s
    done(50): success=48 t_flicker=2
Ep 51250 | score  207.23 | avg100  199.96 | grasp100  95.0% | best 0.995 |     26 st/s
    done(50): success=47 t_flicker=2 t_no_reach=1
Ep 51300 | score  207.20 | avg100  198.50 | grasp100  94.0% | best 0.995 |     26 st/s
    done(50): success=47 t_flicker=2 t_touched=1
Ep 51350 | score  207.76 | avg100  196.45 | grasp100  93.0% | best 0.995 |     26 st/s
    done(50): success=46 t_flicker=2 t_touched=1 t_no_reach=1
Ep 51400 | score  205.12 | avg100  199.17 | grasp100  94.0% | best 0.995 |     26 st/s
    done(50): success=48 t_flicker=1 t_no_reach=1
Ep 51450 | score  207.91 | avg100  205.89 | grasp100  98.0% | best 0.995 |     26 st/s
    done(50): success=50
Ep 51500 | score  207.24 | avg100  206.65 | grasp100  99.0% | best 0.995 |     26 st/s
    done(50): success=49 t_flicker=1
Ep 51550 | score  216.42 | avg100  206.23 | grasp100  99.0% | best 0.995 |     26 st/s
    done(50): success=50
Ep 51600 | score   59.09 | avg100  205.83 | grasp100  98.0% | best 0.995 |     26 st/s
    done(50): success=48 t_flicker=2
Ep 51650 | score  206.48 | avg100  205.15 | grasp100  97.0% | best 0.995 |     26 st/s
    done(50): success=49 t_flicker=1
Ep 51700 | score  209.11 | avg100  202.79 | grasp100  97.0% | best 0.995 |     26 st/s
    done(50): success=48 t_no_reach=2
Ep 51750 | score  205.26 | avg100  200.77 | grasp100  97.0% | best 0.995 |     26 st/s
    done(50): success=49 t_no_reach=1
Ep 51800 | score  196.08 | avg100  203.31 | grasp100  98.0% | best 0.995 |     26 st/s
    done(50): success=49 t_flicker=1
Ep 51850 | score  208.12 | avg100  204.60 | grasp100  98.0% | best 0.995 |     26 st/s
    done(50): success=49 t_flicker=1
Ep 51900 | score  206.11 | avg100  206.94 | grasp100  99.0% | best 0.995 |     26 st/s
    done(50): success=50
Ep 51950 | score  205.15 | avg100  208.64 | grasp100 100.0% | best 0.995 |     26 st/s
    done(50): success=50
Ep 52000 | score  249.64 | avg100  208.64 | grasp100 100.0% | best 0.995 |     26 st/s
    done(50): success=50
Ep 52050 | score  205.22 | avg100  208.75 | grasp100 100.0% | best 0.995 |     26 st/s
    done(50): success=50
Ep 52100 | score  209.79 | avg100  200.37 | grasp100  96.0% | best 0.995 |     26 st/s
    done(50): success=46 t_flicker=1 t_no_reach=3
Ep 52150 | score  207.22 | avg100  199.86 | grasp100  95.0% | best 0.995 |     26 st/s
    done(50): success=49 t_flicker=1
Ep 52200 | score  205.35 | avg100  208.30 | grasp100  99.0% | best 0.995 |     26 st/s
    done(50): success=50
Ep 52250 | score  206.06 | avg100  201.37 | grasp100  96.0% | best 0.995 |     26 st/s
    done(50): success=46 t_flicker=2 t_touched=1 t_no_reach=1
Ep 52300 | score  207.52 | avg100  199.47 | grasp100  95.0% | best 0.995 |     26 st/s
    done(50): success=49 t_flicker=1
Ep 52350 | score  208.11 | avg100  205.79 | grasp100  98.0% | best 0.995 |     26 st/s
    done(50): success=49 t_flicker=1
Ep 52400 | score  206.66 | avg100  207.55 | grasp100  99.0% | best 0.995 |     26 st/s
    done(50): success=50
Ep 52450 | score  205.62 | avg100  207.57 | grasp100  99.0% | best 0.995 |     26 st/s
    done(50): success=49 t_flicker=1
Ep 52500 | score  206.17 | avg100  202.57 | grasp100  96.0% | best 0.995 |     26 st/s
    done(50): success=47 t_flicker=2 t_no_reach=1
Ep 52550 | score  206.30 | avg100  201.47 | grasp100  95.0% | best 0.995 |     26 st/s
    done(50): success=48 t_flicker=2
Ep 52600 | score  207.98 | avg100  204.63 | grasp100  97.0% | best 0.995 |     26 st/s
    done(50): success=49 t_flicker=1
  [primacy-bias reset of critic heads @ 725000 updates]
Ep 52650 | score  -27.92 | avg100  161.88 | grasp100  78.0% | best 0.995 |     26 st/s
    done(50): success=29 t_flicker=4 t_touched=4 t_no_reach=13
Ep 52700 | score  -27.56 | avg100   60.23 | grasp100  34.0% | best 0.995 |     26 st/s
    done(50): success=5 t_flicker=1 t_no_reach=44
Ep 52750 | score   89.09 | avg100   28.16 | grasp100  18.0% | best 0.995 |     26 st/s
    done(50): success=13 t_flicker=11 t_touched=1 t_no_reach=25
Ep 52800 | score   -5.28 | avg100   89.84 | grasp100  42.0% | best 0.995 |     26 st/s
    done(50): success=29 t_flicker=8 t_touched=1 t_no_reach=12
Ep 52850 | score  207.38 | avg100  126.18 | grasp100  59.0% | best 0.995 |     26 st/s
    done(50): success=30 t_flicker=9 t_touched=1 t_no_reach=10
Ep 52900 | score  204.99 | avg100  155.02 | grasp100  73.0% | best 0.995 |     26 st/s
    done(50): success=43 t_flicker=5 t_touched=2
Ep 52950 | score  208.22 | avg100  182.10 | grasp100  86.0% | best 0.995 |     26 st/s
    done(50): success=43 t_flicker=6 t_no_reach=1
Ep 53000 | score  207.00 | avg100  181.86 | grasp100  86.0% | best 0.995 |     26 st/s
    done(50): success=43 t_flicker=4 t_no_reach=3
Ep 53050 | score  204.75 | avg100  184.64 | grasp100  87.0% | best 0.995 |     26 st/s
    done(50): success=44 t_flicker=5 t_no_reach=1
Ep 53100 | score  204.46 | avg100  184.40 | grasp100  86.0% | best 0.995 |     26 st/s
    done(50): success=42 t_flicker=8
Ep 53150 | score  206.77 | avg100  192.74 | grasp100  91.0% | best 0.995 |     26 st/s
    done(50): success=49 t_flicker=1
Ep 53200 | score  206.90 | avg100  195.56 | grasp100  94.0% | best 0.995 |     26 st/s
    done(50): success=45 t_flicker=3 t_no_reach=2
Ep 53250 | score   -6.58 | avg100  192.43 | grasp100  92.0% | best 0.995 |     26 st/s
    done(50): success=47 t_flicker=3
Ep 53300 | score  204.64 | avg100  195.82 | grasp100  93.0% | best 0.995 |     26 st/s
    done(50): success=46 t_flicker=2 t_touched=1 t_no_reach=1
Ep 53350 | score  207.81 | avg100  201.67 | grasp100  96.0% | best 0.995 |     26 st/s
    done(50): success=50
Ep 53400 | score  209.18 | avg100  207.31 | grasp100  99.0% | best 0.995 |     26 st/s
    done(50): success=49 t_flicker=1
Ep 53450 | score  204.90 | avg100  206.60 | grasp100  98.0% | best 0.995 |     26 st/s
    done(50): success=49 t_flicker=1
Ep 53500 | score  208.14 | avg100  205.86 | grasp100  97.0% | best 0.995 |     26 st/s
    done(50): success=48 t_flicker=2
Ep 53550 | score  213.29 | avg100  202.94 | grasp100  96.0% | best 0.995 |     26 st/s
    done(50): success=48 t_flicker=2
Ep 53600 | score  207.26 | avg100  201.94 | grasp100  95.0% | best 0.995 |     26 st/s
    done(50): success=47 t_flicker=3
Ep 53650 | score  205.26 | avg100  205.01 | grasp100  97.0% | best 0.995 |     26 st/s
    done(50): success=50
Ep 53700 | score  237.12 | avg100  203.37 | grasp100  97.0% | best 0.995 |     26 st/s
    done(50): success=47 t_flicker=3
Ep 53750 | score  207.07 | avg100  203.14 | grasp100  96.0% | best 0.995 |     26 st/s
    done(50): success=49 t_flicker=1
Ep 53800 | score  223.87 | avg100  206.52 | grasp100  98.0% | best 0.995 |     26 st/s
    done(50): success=49 t_flicker=1
Ep 53850 | score  200.01 | avg100  206.79 | grasp100  99.0% | best 0.995 |     26 st/s
    done(50): success=50
Ep 53900 | score  208.31 | avg100  201.59 | grasp100  96.0% | best 0.995 |     26 st/s
    done(50): success=46 t_flicker=4
Ep 53950 | score  210.22 | avg100  198.13 | grasp100  94.0% | best 0.995 |     26 st/s
    done(50): success=48 t_flicker=1 t_no_reach=1
Ep 54000 | score  206.03 | avg100  205.26 | grasp100  98.0% | best 0.995 |     26 st/s
    done(50): success=50
Ep 54050 | score  210.52 | avg100  208.30 | grasp100  99.0% | best 0.995 |     26 st/s
    done(50): success=49 t_flicker=1
Ep 54100 | score  207.35 | avg100  208.06 | grasp100  99.0% | best 0.995 |     26 st/s
    done(50): success=50
Ep 54150 | score  206.56 | avg100  209.09 | grasp100 100.0% | best 0.995 |     26 st/s
    done(50): success=50
Ep 54200 | score  205.90 | avg100  209.55 | grasp100 100.0% | best 0.995 |     26 st/s
    done(50): success=50
Ep 54250 | score  206.87 | avg100  208.81 | grasp100 100.0% | best 0.995 |     26 st/s
    done(50): success=50
Ep 54300 | score  206.74 | avg100  204.21 | grasp100  98.0% | best 0.995 |     26 st/s
    done(50): success=48 t_flicker=2
Ep 54350 | score  209.40 | avg100  204.28 | grasp100  98.0% | best 0.995 |     26 st/s
    done(50): success=50
Ep 54400 | score  210.52 | avg100  206.39 | grasp100  99.0% | best 0.995 |     26 st/s
    done(50): success=49 t_flicker=1
Ep 54450 | score  205.77 | avg100  204.73 | grasp100  98.0% | best 0.995 |     26 st/s
    done(50): success=49 t_touched=1
Ep 54500 | score  210.82 | avg100  206.11 | grasp100  99.0% | best 0.995 |     26 st/s
    done(50): success=50
Ep 54550 | score  208.04 | avg100  202.30 | grasp100  97.0% | best 0.995 |     26 st/s
    done(50): success=47 t_flicker=2 t_no_reach=1
  [primacy-bias reset of critic heads @ 750000 updates]
Ep 54600 | score  -25.82 | avg100  182.89 | grasp100  88.0% | best 0.995 |     26 st/s
    done(50): success=41 t_flicker=1 t_touched=1 t_no_reach=7
Ep 54650 | score  -17.41 | avg100   75.96 | grasp100  42.0% | best 0.995 |     26 st/s
    done(50): success=1 t_touched=1 t_no_reach=48
Ep 54700 | score   -7.82 | avg100   -5.15 | grasp100   7.0% | best 0.995 |     27 st/s
    done(50): success=6 t_flicker=1 t_touched=1 t_no_reach=42
Ep 54750 | score   99.60 | avg100   55.66 | grasp100  31.0% | best 0.995 |     27 st/s
    done(50): success=25 t_flicker=5 t_touched=8 t_no_reach=12
Ep 54800 | score   10.81 | avg100  132.81 | grasp100  63.0% | best 0.995 |     27 st/s
    done(50): success=38 t_flicker=4 t_touched=4 t_no_reach=4
Ep 54850 | score  205.99 | avg100  155.90 | grasp100  73.0% | best 0.995 |     27 st/s
    done(50): success=35 t_flicker=7 t_touched=5 t_no_reach=3
Ep 54900 | score   10.80 | avg100  166.58 | grasp100  78.0% | best 0.995 |     27 st/s
    done(50): success=43 t_flicker=4 t_touched=2 t_no_reach=1
Ep 54950 | score  225.86 | avg100  176.05 | grasp100  82.0% | best 0.995 |     27 st/s
    done(50): success=39 t_flicker=9 t_touched=1 t_no_reach=1
Ep 55000 | score  205.43 | avg100  174.34 | grasp100  79.0% | best 0.995 |     27 st/s
    done(50): success=40 t_flicker=8 t_touched=1 t_no_reach=1

========================================================================
DONE  td3_ln_cereal_basewarm_s2
  Episodes     : 55001
  Env steps    : 1,892,930  (71456s)
  Best metric  : 0.995  (policy in /home/fahim/Thesis_fahim/pickandplace/checkpoints/td3_grasp_rand_td3_ln_cereal_basewarm_s2/best)
  Final grasp% : 80.0
  CSV          : /home/fahim/Thesis_fahim/pickandplace/logs/grasp_rand_td3_ln_cereal_basewarm_s2/episodes.csv
  Probe CSV    : /home/fahim/Thesis_fahim/pickandplace/logs/grasp_rand_td3_ln_cereal_basewarm_s2/probe.csv
  Manifest     : /home/fahim/Thesis_fahim/pickandplace/logs/grasp_rand_td3_ln_cereal_basewarm_s2/manifest.json
========================================================================

