========================================================================
RANDOM-SPAWN GRASP RETRAINING  |  algo=td3_ln  run=td3_ln_cereal_align_s0
========================================================================
  Envs                : 5 (subprocess-parallel, fork)
  Spawn level         : 2.0 (1.0 = full position box, 2.0 = + z-rotation)
  Updates/vec-step    : 2 (0.400 per env-step; historical baseline 0.5)
  Buffer              : 2,000,000
  Actor               : 64 -> 32  (5,216 weights)  [critics 512->256]
  Warm start          : checkpoints/td3_grasp_rand_best_0355_backup
  Checkpoints         : /home/fahim/Thesis_fahim/pickandplace/checkpoints/td3_grasp_rand_td3_ln_cereal_align_s0
========================================================================

Spawning 5 subprocess environments (fork)...
[robosuite WARNING] No private macro file found! (__init__.py:7)
[robosuite WARNING] No private macro file found! (__init__.py:7)
[robosuite WARNING] It is recommended to use a private macro file (__init__.py:8)
[robosuite WARNING] No private macro file found! (__init__.py:7)
[robosuite WARNING] No private macro file found! (__init__.py:7)
[robosuite WARNING] To setup, run: python /home/fahim/Thesis_fahim/venv/lib/python3.12/site-packages/robosuite/scripts/setup_macros.py (__init__.py:9)
[robosuite WARNING] It is recommended to use a private macro file (__init__.py:8)
[robosuite WARNING] To setup, run: python /home/fahim/Thesis_fahim/venv/lib/python3.12/site-packages/robosuite/scripts/setup_macros.py (__init__.py:9)
[robosuite WARNING] It is recommended to use a private macro file (__init__.py:8)
[robosuite WARNING] It is recommended to use a private macro file (__init__.py:8)
[robosuite WARNING] To setup, run: python /home/fahim/Thesis_fahim/venv/lib/python3.12/site-packages/robosuite/scripts/setup_macros.py (__init__.py:9)
[robosuite WARNING] To setup, run: python /home/fahim/Thesis_fahim/venv/lib/python3.12/site-packages/robosuite/scripts/setup_macros.py (__init__.py:9)
[robosuite WARNING] No private macro file found! (__init__.py:7)
[robosuite WARNING] It is recommended to use a private macro file (__init__.py:8)
[robosuite WARNING] To setup, run: python /home/fahim/Thesis_fahim/venv/lib/python3.12/site-packages/robosuite/scripts/setup_macros.py (__init__.py:9)
Gym has been unmaintained since 2022 and does not support NumPy 2.0 amongst other critical functionality.
Please upgrade to Gymnasium, the maintained drop-in replacement of Gym, or contact the authors of your software and request that they upgrade.
See the migration guide at https://gymnasium.farama.org/introduction/migration_guide/ for additional information.
Gym has been unmaintained since 2022 and does not support NumPy 2.0 amongst other critical functionality.
Please upgrade to Gymnasium, the maintained drop-in replacement of Gym, or contact the authors of your software and request that they upgrade.
See the migration guide at https://gymnasium.farama.org/introduction/migration_guide/ for additional information.
Gym has been unmaintained since 2022 and does not support NumPy 2.0 amongst other critical functionality.
Please upgrade to Gymnasium, the maintained drop-in replacement of Gym, or contact the authors of your software and request that they upgrade.
See the migration guide at https://gymnasium.farama.org/introduction/migration_guide/ for additional information.
Gym has been unmaintained since 2022 and does not support NumPy 2.0 amongst other critical functionality.
Please upgrade to Gymnasium, the maintained drop-in replacement of Gym, or contact the authors of your software and request that they upgrade.
See the migration guide at https://gymnasium.farama.org/introduction/migration_guide/ for additional information.
Gym has been unmaintained since 2022 and does not support NumPy 2.0 amongst other critical functionality.
Please upgrade to Gymnasium, the maintained drop-in replacement of Gym, or contact the authors of your software and request that they upgrade.
See the migration guide at https://gymnasium.farama.org/introduction/migration_guide/ for additional information.
/home/fahim/Thesis_fahim/venv/lib/python3.12/site-packages/gym/spaces/box.py:84: UserWarning: [33mWARN: Box bound precision lowered by casting to float32[0m
  logger.warn(f"Box bound precision lowered by casting to {self.dtype}")
/home/fahim/Thesis_fahim/venv/lib/python3.12/site-packages/gym/spaces/box.py:84: UserWarning: [33mWARN: Box bound precision lowered by casting to float32[0m
  logger.warn(f"Box bound precision lowered by casting to {self.dtype}")
/home/fahim/Thesis_fahim/venv/lib/python3.12/site-packages/gym/spaces/box.py:84: UserWarning: [33mWARN: Box bound precision lowered by casting to float32[0m
  logger.warn(f"Box bound precision lowered by casting to {self.dtype}")
/home/fahim/Thesis_fahim/venv/lib/python3.12/site-packages/gym/spaces/box.py:84: UserWarning: [33mWARN: Box bound precision lowered by casting to float32[0m
  logger.warn(f"Box bound precision lowered by casting to {self.dtype}")
/home/fahim/Thesis_fahim/venv/lib/python3.12/site-packages/gym/spaces/box.py:84: UserWarning: [33mWARN: Box bound precision lowered by casting to float32[0m
  logger.warn(f"Box bound precision lowered by casting to {self.dtype}")
Gym has been unmaintained since 2022 and does not support NumPy 2.0 amongst other critical functionality.
Please upgrade to Gymnasium, the maintained drop-in replacement of Gym, or contact the authors of your software and request that they upgrade.
See the migration guide at https://gymnasium.farama.org/introduction/migration_guide/ for additional information.
5 environments ready.

  Actor QAT           : per-tensor INT8 fake-quant, STE grads
  Actor weight clip   : |w| <= 8.0 * std(w) per Linear tensor (bi_s0 baseline fc1 9.96 / fc2 10.82)
Init: cold (source: /home/fahim/Thesis_fahim/pickandplace/checkpoints/td3_grasp_rand_best_0355_backup)
Fresh replay buffer.

Training...

Ep    50 | score  -77.40 | avg100  -76.89 | grasp100   0.0% | best 0.000 |    192 st/s
    done(50): t_no_reach=50
Ep   100 | score  -79.92 | avg100  -78.35 | grasp100   0.0% | best 0.000 |     99 st/s
    done(50): t_no_reach=50
Ep   150 | score  -79.83 | avg100  -79.52 | grasp100   0.0% | best 0.000 |     84 st/s
    done(50): t_no_reach=50
Ep   200 | score  -79.72 | avg100  -78.02 | grasp100   0.0% | best 0.000 |     78 st/s
    done(50): t_no_reach=50
Ep   250 | score  -76.21 | avg100  -77.10 | grasp100   0.0% | best 0.000 |     75 st/s
    done(50): t_no_reach=50
Ep   300 | score  -78.96 | avg100  -77.03 | grasp100   0.0% | best 0.000 |     73 st/s
    done(50): t_touched=1 t_no_reach=49
Ep   350 | score  -79.82 | avg100  -77.50 | grasp100   0.0% | best 0.000 |     72 st/s
    done(50): t_touched=1 t_no_reach=49
  [primacy-bias reset of critic heads @ 25000 updates]
Ep   400 | score  -78.88 | avg100  -75.96 | grasp100   0.0% | best 0.000 |     71 st/s
    done(50): t_touched=2 t_no_reach=48
Ep   450 | score  -64.84 | avg100  -73.77 | grasp100   0.0% | best 0.000 |     70 st/s
    done(50): t_touched=1 t_no_reach=49
Ep   500 | score  -74.76 | avg100  -69.24 | grasp100   0.0% | best 0.000 |     70 st/s
    done(50): t_touched=2 t_no_reach=48
Ep   550 | score  -79.98 | avg100  -66.56 | grasp100   0.0% | best 0.000 |     69 st/s
    done(50): t_flicker=1 t_touched=1 t_no_reach=48
Ep   600 | score  -77.84 | avg100  -72.38 | grasp100   0.0% | best 0.000 |     68 st/s
    done(50): t_touched=1 t_no_reach=49
Ep   650 | score  -79.23 | avg100  -75.51 | grasp100   0.0% | best 0.000 |     68 st/s
    done(50): t_touched=1 t_no_reach=49
  [primacy-bias reset of critic heads @ 50000 updates]
Ep   700 | score  -71.27 | avg100  -71.08 | grasp100   0.0% | best 0.000 |     68 st/s
    done(50): t_flicker=2 t_touched=2 t_no_reach=46
Ep   750 | score  -41.11 | avg100  -66.32 | grasp100   0.0% | best 0.000 |     67 st/s
    done(50): t_touched=1 t_no_reach=49
Ep   800 | score  -79.23 | avg100  -64.77 | grasp100   0.0% | best 0.000 |     67 st/s
    done(50): t_no_reach=50
Ep   850 | score  -75.55 | avg100  -64.90 | grasp100   0.0% | best 0.000 |     67 st/s
    done(50): t_flicker=1 t_touched=1 t_no_reach=48
Ep   900 | score  -39.37 | avg100  -66.46 | grasp100   0.0% | best 0.000 |     67 st/s
    done(50): t_touched=3 t_no_reach=47
Ep   950 | score  -76.71 | avg100  -68.39 | grasp100   0.0% | best 0.000 |     67 st/s
    done(50): t_touched=2 t_no_reach=48
  [primacy-bias reset of critic heads @ 75000 updates]
Ep  1000 | score  -79.94 | avg100  -70.34 | grasp100   0.0% | best 0.000 |     67 st/s
    done(50): t_flicker=1 t_no_reach=49
Ep  1050 | score  -79.68 | avg100  -75.44 | grasp100   0.0% | best 0.000 |     66 st/s
    done(50): t_no_reach=50
Ep  1100 | score  -77.40 | avg100  -71.63 | grasp100   0.0% | best 0.000 |     66 st/s
    done(50): t_touched=3 t_no_reach=47
Ep  1150 | score  -78.35 | avg100  -66.11 | grasp100   0.0% | best 0.000 |     66 st/s
    done(50): t_touched=1 t_no_reach=49
Ep  1200 | score  -78.59 | avg100  -72.42 | grasp100   0.0% | best 0.000 |     66 st/s
    done(50): t_no_reach=50
Ep  1250 | score  -78.81 | avg100  -76.00 | grasp100   0.0% | best 0.000 |     66 st/s
    done(50): t_no_reach=50
Ep  1300 | score  -79.63 | avg100  -76.85 | grasp100   0.0% | best 0.000 |     66 st/s
    done(50): t_no_reach=50
  [primacy-bias reset of critic heads @ 100000 updates]
Ep  1350 | score  -78.27 | avg100  -78.29 | grasp100   0.0% | best 0.000 |     66 st/s
    done(50): t_no_reach=50
Ep  1400 | score  -79.83 | avg100  -78.53 | grasp100   0.0% | best 0.000 |     66 st/s
    done(50): t_no_reach=50
Ep  1450 | score  -76.04 | avg100  -76.08 | grasp100   0.0% | best 0.000 |     66 st/s
    done(50): t_touched=1 t_no_reach=49
Ep  1500 | score  -79.92 | avg100  -71.17 | grasp100   0.0% | best 0.000 |     66 st/s
    done(50): t_flicker=1 t_no_reach=49
Ep  1550 | score  -57.84 | avg100  -70.50 | grasp100   0.0% | best 0.000 |     65 st/s
    done(50): t_touched=1 t_no_reach=49
Ep  1600 | score  -78.35 | avg100  -72.41 | grasp100   0.0% | best 0.000 |     65 st/s
    done(50): t_flicker=1 t_touched=1 t_no_reach=48
  [primacy-bias reset of critic heads @ 125000 updates]
Ep  1650 | score  -77.57 | avg100  -73.53 | grasp100   0.0% | best 0.000 |     65 st/s
    done(50): t_touched=1 t_no_reach=49
Ep  1700 | score  -26.31 | avg100  -72.44 | grasp100   0.0% | best 0.000 |     65 st/s
    done(50): t_flicker=1 t_no_reach=49
Ep  1750 | score  -43.83 | avg100  -68.83 | grasp100   0.0% | best 0.000 |     65 st/s
    done(50): t_flicker=2 t_touched=1 t_no_reach=47
Ep  1800 | score  -53.02 | avg100  -64.06 | grasp100   0.0% | best 0.000 |     65 st/s
    done(50): t_touched=3 t_no_reach=47
Ep  1850 | score  -77.80 | avg100  -62.04 | grasp100   0.0% | best 0.000 |     65 st/s
    done(50): t_flicker=2 t_touched=5 t_no_reach=43
Ep  1900 | score  -41.14 | avg100  -56.41 | grasp100   0.0% | best 0.000 |     65 st/s
    done(50): t_flicker=3 t_touched=3 t_no_reach=44
  [primacy-bias reset of critic heads @ 150000 updates]
Ep  1950 | score  -79.62 | avg100  -52.70 | grasp100   0.0% | best 0.000 |     65 st/s
    done(50): t_flicker=2 t_touched=2 t_no_reach=46
Ep  2000 | score  -70.57 | avg100  -58.55 | grasp100   0.0% | best 0.000 |     65 st/s
    done(50): t_flicker=1 t_touched=2 t_no_reach=47
Ep  2050 | score  -50.00 | avg100  -62.77 | grasp100   0.0% | best 0.000 |     65 st/s
    done(50): t_flicker=4 t_no_reach=46
Ep  2100 | score   -3.78 | avg100  -56.75 | grasp100   0.0% | best 0.000 |     64 st/s
    done(50): t_flicker=4 t_touched=2 t_no_reach=44
Ep  2150 | score  -23.24 | avg100  -49.34 | grasp100   0.0% | best 0.000 |     63 st/s
    done(50): t_flicker=3 t_touched=6 t_no_reach=41
Ep  2200 | score  -34.67 | avg100  -49.15 | grasp100   0.0% | best 0.000 |     62 st/s
    done(50): t_flicker=2 t_touched=6 t_no_reach=42
  [primacy-bias reset of critic heads @ 175000 updates]
Ep  2250 | score  -73.08 | avg100  -52.41 | grasp100   0.0% | best 0.000 |     61 st/s
    done(50): t_touched=6 t_no_reach=44
Ep  2300 | score  -27.32 | avg100  -60.88 | grasp100   0.0% | best 0.000 |     60 st/s
    done(50): t_touched=3 t_no_reach=47
Ep  2350 | score  -44.80 | avg100  -60.18 | grasp100   0.0% | best 0.000 |     59 st/s
    done(50): t_flicker=4 t_touched=8 t_no_reach=38
Ep  2400 | score  -48.38 | avg100  -54.57 | grasp100   0.0% | best 0.000 |     58 st/s
    done(50): t_flicker=2 t_touched=3 t_no_reach=45
Ep  2450 | score  -24.36 | avg100  -55.94 | grasp100   0.0% | best 0.000 |     57 st/s
    done(50): t_touched=1 t_no_reach=49
Ep  2500 | score  -67.85 | avg100  -53.00 | grasp100   0.0% | best 0.000 |     56 st/s
    done(50): t_flicker=3 t_touched=5 t_no_reach=42
Ep  2550 | score  -31.29 | avg100  -51.01 | grasp100   0.0% | best 0.000 |     55 st/s
    done(50): t_flicker=2 t_touched=4 t_no_reach=44
  [primacy-bias reset of critic heads @ 200000 updates]
Ep  2600 | score  -59.20 | avg100  -61.59 | grasp100   0.0% | best 0.000 |     54 st/s
    done(50): t_flicker=1 t_touched=2 t_no_reach=47
Ep  2650 | score  -50.29 | avg100  -64.77 | grasp100   0.0% | best 0.000 |     54 st/s
    done(50): t_flicker=1 t_touched=7 t_no_reach=42
Ep  2700 | score   23.33 | avg100  -56.18 | grasp100   0.0% | best 0.000 |     53 st/s
    done(50): t_flicker=3 t_touched=7 t_no_reach=40
Ep  2750 | score  -50.87 | avg100  -39.97 | grasp100   0.0% | best 0.000 |     52 st/s
    done(50): t_flicker=7 t_touched=6 t_no_reach=37
Ep  2800 | score  -44.15 | avg100  -29.46 | grasp100   0.0% | best 0.000 |     52 st/s
    done(50): t_flicker=5 t_touched=7 t_no_reach=38
Ep  2850 | score  -35.63 | avg100  -35.41 | grasp100   0.0% | best 0.000 |     51 st/s
    done(50): t_flicker=9 t_touched=6 t_no_reach=35
  [primacy-bias reset of critic heads @ 225000 updates]
Ep  2900 | score  -78.35 | avg100  -45.36 | grasp100   0.0% | best 0.000 |     51 st/s
    done(50): t_flicker=3 t_touched=6 t_no_reach=41
Ep  2950 | score  -75.08 | avg100  -55.11 | grasp100   0.0% | best 0.000 |     50 st/s
    done(50): t_flicker=1 t_touched=6 t_no_reach=43
Ep  3000 | score  -58.76 | avg100  -49.00 | grasp100   0.0% | best 0.000 |     50 st/s
    done(50): t_flicker=6 t_touched=5 t_no_reach=39
Ep  3050 | score   45.07 | avg100  -34.84 | grasp100   0.0% | best 0.000 |     49 st/s
    done(50): t_flicker=3 t_touched=8 t_no_reach=39
Ep  3100 | score  -46.27 | avg100  -34.18 | grasp100   0.0% | best 0.000 |     49 st/s
    done(50): t_flicker=4 t_touched=7 t_no_reach=39
Ep  3150 | score  -59.97 | avg100  -36.15 | grasp100   0.0% | best 0.000 |     49 st/s
    done(50): t_flicker=6 t_touched=9 t_no_reach=35
  [primacy-bias reset of critic heads @ 250000 updates]
Ep  3200 | score  -47.82 | avg100  -35.31 | grasp100   0.0% | best 0.000 |     48 st/s
    done(50): t_flicker=3 t_touched=6 t_no_reach=41
Ep  3250 | score   35.63 | avg100  -36.06 | grasp100   0.0% | best 0.000 |     48 st/s
    done(50): t_flicker=5 t_touched=7 t_no_reach=38
Ep  3300 | score    2.13 | avg100  -33.02 | grasp100   0.0% | best 0.000 |     48 st/s
    done(50): t_flicker=6 t_touched=10 t_no_reach=34
Ep  3350 | score   54.56 | avg100  -19.86 | grasp100   0.0% | best 0.000 |     47 st/s
    done(50): t_flicker=9 t_touched=7 t_no_reach=34
Ep  3400 | score  -16.30 | avg100  -11.65 | grasp100   0.0% | best 0.000 |     47 st/s
    done(50): t_flicker=5 t_touched=10 t_no_reach=35
Ep  3450 | score  -51.50 | avg100  -12.74 | grasp100   0.0% | best 0.000 |     47 st/s
    done(50): t_flicker=9 t_touched=15 t_no_reach=26
Ep  3500 | score   -7.27 | avg100   -6.41 | grasp100   0.0% | best 0.000 |     46 st/s
    done(50): t_flicker=11 t_touched=14 t_no_reach=25
  [primacy-bias reset of critic heads @ 275000 updates]
Ep  3550 | score  -29.14 | avg100  -28.56 | grasp100   0.0% | best 0.000 |     46 st/s
    done(50): t_flicker=1 t_touched=4 t_no_reach=45
Ep  3600 | score  103.20 | avg100  -35.26 | grasp100   0.0% | best 0.000 |     46 st/s
    done(50): t_flicker=10 t_touched=9 t_no_reach=31
Ep  3650 | score   12.07 | avg100  -17.75 | grasp100   0.0% | best 0.000 |     46 st/s
    done(50): t_flicker=4 t_touched=21 t_no_reach=25
Ep  3700 | score  -47.01 | avg100   -6.89 | grasp100   0.0% | best 0.000 |     45 st/s
    done(50): t_flicker=10 t_touched=19 t_no_reach=21
Ep  3750 | score  -54.42 | avg100    2.49 | grasp100   0.0% | best 0.000 |     45 st/s
    done(50): t_flicker=9 t_touched=19 t_no_reach=22
Ep  3800 | score  -14.85 | avg100   -0.58 | grasp100   0.0% | best 0.000 |     45 st/s
    done(50): t_flicker=6 t_touched=21 t_no_reach=23
  [primacy-bias reset of critic heads @ 300000 updates]
Ep  3850 | score  -71.41 | avg100  -19.98 | grasp100   0.0% | best 0.000 |     45 st/s
    done(50): t_flicker=1 t_touched=11 t_no_reach=38
Ep  3900 | score  -38.49 | avg100  -29.36 | grasp100   0.0% | best 0.000 |     44 st/s
    done(50): t_flicker=4 t_touched=12 t_no_reach=34
Ep  3950 | score   41.84 | avg100   -9.41 | grasp100   0.0% | best 0.000 |     44 st/s
    done(50): t_flicker=16 t_touched=10 t_no_reach=24
Ep  4000 | score  -19.93 | avg100    9.54 | grasp100   0.0% | best 0.000 |     44 st/s
    done(50): t_flicker=12 t_touched=20 t_no_reach=18
Ep  4050 | score  138.56 | avg100   21.57 | grasp100   0.0% | best 0.000 |     44 st/s
    done(50): t_flicker=12 t_touched=23 t_no_reach=15
Ep  4100 | score    5.56 | avg100   24.41 | grasp100   0.0% | best 0.000 |     44 st/s
    done(50): t_flicker=11 t_touched=23 t_no_reach=16
  [primacy-bias reset of critic heads @ 325000 updates]
Ep  4150 | score  -79.89 | avg100   20.88 | grasp100   0.0% | best 0.000 |     43 st/s
    done(50): t_flicker=10 t_touched=18 t_no_reach=22
Ep  4200 | score   54.78 | avg100  -22.14 | grasp100   0.0% | best 0.000 |     43 st/s
    done(50): t_flicker=1 t_touched=3 t_no_reach=46
Ep  4250 | score  -52.43 | avg100  -25.99 | grasp100   0.0% | best 0.000 |     43 st/s
    done(50): t_flicker=16 t_touched=15 t_no_reach=19
Ep  4300 | score  -37.41 | avg100   14.95 | grasp100   0.0% | best 0.000 |     43 st/s
    done(50): t_flicker=14 t_touched=19 t_no_reach=17
Ep  4350 | score  -21.91 | avg100   18.78 | grasp100   0.0% | best 0.000 |     43 st/s
    done(50): t_flicker=16 t_touched=12 t_no_reach=22
Ep  4400 | score   20.70 | avg100   20.24 | grasp100   0.0% | best 0.000 |     43 st/s
    done(50): t_flicker=18 t_touched=16 t_no_reach=16
Ep  4450 | score  127.17 | avg100   30.79 | grasp100   0.0% | best 0.000 |     43 st/s
    done(50): t_flicker=19 t_touched=19 t_no_reach=12
  [primacy-bias reset of critic heads @ 350000 updates]
Ep  4500 | score   21.39 | avg100   26.21 | grasp100   0.0% | best 0.000 |     42 st/s
    done(50): t_flicker=14 t_touched=16 t_no_reach=20
Ep  4550 | score  176.79 | avg100   25.67 | grasp100   0.0% | best 0.000 |     42 st/s
    done(50): t_flicker=20 t_touched=10 t_no_reach=20
Ep  4600 | score    0.10 | avg100   41.27 | grasp100   1.0% | best 0.000 |     42 st/s
    done(50): success=1 t_flicker=23 t_touched=15 t_no_reach=11
Ep  4650 | score   93.88 | avg100   45.69 | grasp100   1.0% | best 0.000 |     42 st/s
    done(50): t_flicker=18 t_touched=22 t_no_reach=10
Ep  4700 | score   95.22 | avg100   39.42 | grasp100   0.0% | best 0.000 |     42 st/s
    done(50): t_flicker=21 t_touched=17 t_no_reach=12
Ep  4750 | score  101.67 | avg100   36.84 | grasp100   1.0% | best 0.000 |     42 st/s
    done(50): success=1 t_flicker=23 t_touched=14 t_no_reach=12
Ep  4800 | score   -4.36 | avg100   37.89 | grasp100   1.0% | best 0.000 |     42 st/s
    done(50): t_flicker=19 t_touched=18 t_no_reach=13
  [primacy-bias reset of critic heads @ 375000 updates]
Ep  4850 | score  -76.14 | avg100   15.99 | grasp100   0.0% | best 0.000 |     42 st/s
    done(50): t_flicker=9 t_touched=8 t_no_reach=33
Ep  4900 | score   68.66 | avg100    2.28 | grasp100   0.0% | best 0.000 |     42 st/s
    done(50): t_flicker=14 t_touched=14 t_no_reach=22
Ep  4950 | score   80.78 | avg100   23.91 | grasp100   0.0% | best 0.000 |     41 st/s
    done(50): t_flicker=25 t_touched=9 t_no_reach=16
Ep  5000 | score  -40.82 | avg100   33.64 | grasp100   0.0% | best 0.000 |     41 st/s
    done(50): t_flicker=18 t_touched=17 t_no_reach=15
Ep  5050 | score   35.41 | avg100   38.26 | grasp100   0.0% | best 0.000 |     41 st/s
    done(50): t_flicker=26 t_touched=14 t_no_reach=10
Ep  5100 | score   26.67 | avg100   46.75 | grasp100   0.0% | best 0.000 |     41 st/s
    done(50): t_flicker=28 t_touched=13 t_no_reach=9
Ep  5150 | score   40.42 | avg100   44.89 | grasp100   0.0% | best 0.000 |     41 st/s
    done(50): t_flicker=19 t_touched=20 t_no_reach=11
Ep  5200 | score   35.46 | avg100   44.39 | grasp100   0.0% | best 0.000 |     41 st/s
    done(50): t_flicker=28 t_touched=13 t_no_reach=9
  [primacy-bias reset of critic heads @ 400000 updates]
Ep  5250 | score   33.28 | avg100   11.83 | grasp100   0.0% | best 0.000 |     41 st/s
    done(50): t_flicker=9 t_touched=4 t_no_reach=37
Ep  5300 | score   84.34 | avg100   -5.16 | grasp100   0.0% | best 0.000 |     41 st/s
    done(50): t_flicker=15 t_touched=21 t_no_reach=14
Ep  5350 | score  -47.61 | avg100   25.62 | grasp100   0.0% | best 0.000 |     41 st/s
    done(50): t_flicker=28 t_touched=12 t_no_reach=10
Ep  5400 | score  107.32 | avg100   44.18 | grasp100   0.0% | best 0.000 |     41 st/s
    done(50): t_flicker=29 t_touched=14 t_no_reach=7
Ep  5450 | score   -2.81 | avg100   43.16 | grasp100   1.0% | best 0.000 |     41 st/s
    done(50): success=1 t_flicker=21 t_touched=13 t_no_reach=15
Ep  5500 | score   89.28 | avg100   44.99 | grasp100   1.0% | best 0.000 |     40 st/s
    done(50): t_flicker=28 t_touched=14 t_no_reach=8
Ep  5550 | score   13.01 | avg100   43.30 | grasp100   0.0% | best 0.000 |     40 st/s
    done(50): t_flicker=21 t_touched=20 t_no_reach=9
  [primacy-bias reset of critic heads @ 425000 updates]
Ep  5600 | score  -63.04 | avg100   39.25 | grasp100   1.0% | best 0.000 |     40 st/s
    done(50): success=1 t_flicker=23 t_touched=16 t_no_reach=10
Ep  5614 | * BEST  level200=2.00 grasp200=  1.5% metric=0.015 | score  202.59
Ep  5650 | score    3.89 | avg100   35.68 | grasp100   2.0% | best 0.015 |     40 st/s
    done(50): success=1 t_flicker=19 t_touched=12 t_no_reach=18
Ep  5700 | score   21.70 | avg100   31.90 | grasp100   1.0% | best 0.015 |     40 st/s
    done(50): t_flicker=26 t_touched=18 t_no_reach=6
Ep  5750 | score   97.09 | avg100   47.51 | grasp100   0.0% | best 0.015 |     40 st/s
    done(50): t_flicker=29 t_touched=19 t_no_reach=2
Ep  5800 | score   62.09 | avg100   60.72 | grasp100   1.0% | best 0.015 |     40 st/s
    done(50): success=1 t_flicker=30 t_touched=15 t_no_reach=4
Ep  5850 | score   41.00 | avg100   63.75 | grasp100   2.0% | best 0.015 |     40 st/s
    done(50): success=1 t_flicker=24 t_touched=18 t_no_reach=7
Ep  5900 | score   59.65 | avg100   63.97 | grasp100   2.0% | best 0.015 |     40 st/s
    done(50): success=1 t_flicker=32 t_touched=13 t_no_reach=4
Ep  5950 | score   53.51 | avg100   58.46 | grasp100   2.0% | best 0.015 |     40 st/s
    done(50): success=1 t_flicker=25 t_touched=18 t_no_reach=6
  [primacy-bias reset of critic heads @ 450000 updates]
Ep  6000 | score   66.13 | avg100   36.81 | grasp100   1.0% | best 0.015 |     40 st/s
    done(50): t_flicker=16 t_touched=16 t_no_reach=18
Ep  6050 | score  112.29 | avg100   32.83 | grasp100   0.0% | best 0.015 |     40 st/s
    done(50): t_flicker=30 t_touched=15 t_no_reach=5
Ep  6100 | score  112.24 | avg100   49.93 | grasp100   1.0% | best 0.015 |     40 st/s
    done(50): success=1 t_flicker=28 t_touched=17 t_no_reach=4
Ep  6150 | score   57.91 | avg100   59.00 | grasp100   1.0% | best 0.015 |     40 st/s
    done(50): t_flicker=35 t_touched=12 t_no_reach=3
Ep  6200 | score   82.84 | avg100   62.60 | grasp100   1.0% | best 0.015 |     40 st/s
    done(50): success=1 t_flicker=24 t_touched=20 t_no_reach=5
Ep  6250 | score   59.46 | avg100   69.27 | grasp100   2.0% | best 0.015 |     39 st/s
    done(50): success=1 t_flicker=34 t_touched=14 t_no_reach=1
Ep  6300 | score  -47.87 | avg100   74.65 | grasp100   1.0% | best 0.015 |     39 st/s
    done(50): t_flicker=29 t_touched=17 t_no_reach=4
Ep  6350 | score   69.95 | avg100   74.06 | grasp100   2.0% | best 0.015 |     39 st/s
    done(50): success=2 t_flicker=35 t_touched=10 t_no_reach=3
Ep  6384 | * BEST  level200=2.00 grasp200=  3.0% metric=0.030 | score  254.23
  [primacy-bias reset of critic heads @ 475000 updates]
Ep  6400 | score   56.28 | avg100   67.53 | grasp100   5.0% | best 0.030 |     39 st/s
    done(50): success=3 t_flicker=23 t_touched=21 t_no_reach=3
Ep  6450 | score    7.43 | avg100   50.65 | grasp100   4.0% | best 0.030 |     39 st/s
    done(50): success=1 t_flicker=22 t_touched=13 t_no_reach=14
Ep  6500 | score   56.39 | avg100   43.56 | grasp100   2.0% | best 0.030 |     39 st/s
    done(50): success=1 t_flicker=27 t_touched=12 t_no_reach=10
Ep  6550 | score   84.58 | avg100   58.05 | grasp100   2.0% | best 0.030 |     39 st/s
    done(50): success=1 t_flicker=34 t_touched=13 t_no_reach=2
Ep  6600 | score   62.95 | avg100   67.55 | grasp100   2.0% | best 0.030 |     39 st/s
    done(50): success=1 t_flicker=25 t_touched=20 t_no_reach=4
Ep  6650 | score  110.29 | avg100   61.36 | grasp100   2.0% | best 0.030 |     39 st/s
    done(50): success=1 t_flicker=28 t_touched=17 t_no_reach=4
Ep  6700 | score   56.34 | avg100   63.73 | grasp100   2.0% | best 0.030 |     39 st/s
    done(50): success=1 t_flicker=30 t_touched=16 t_no_reach=3
Ep  6750 | score  224.41 | avg100   60.98 | grasp100   3.0% | best 0.030 |     39 st/s
    done(50): success=2 t_flicker=26 t_touched=17 t_no_reach=5
Ep  6800 | score   57.57 | avg100   61.07 | grasp100   2.0% | best 0.030 |     39 st/s
    done(50): t_flicker=30 t_touched=16 t_no_reach=4
  [primacy-bias reset of critic heads @ 500000 updates]
Ep  6850 | score   -3.44 | avg100   46.92 | grasp100   0.0% | best 0.030 |     39 st/s
    done(50): t_flicker=17 t_touched=14 t_no_reach=19
Ep  6900 | score   94.16 | avg100   39.31 | grasp100   2.0% | best 0.030 |     39 st/s
    done(50): success=2 t_flicker=20 t_touched=17 t_no_reach=11
Ep  6950 | score   36.75 | avg100   60.45 | grasp100   2.0% | best 0.030 |     39 st/s
    done(50): t_flicker=26 t_touched=20 t_no_reach=4
Ep  7000 | score  121.05 | avg100   69.88 | grasp100   1.0% | best 0.030 |     39 st/s
    done(50): success=1 t_flicker=34 t_touched=13 t_no_reach=2
Ep  7050 | score   79.68 | avg100   72.03 | grasp100   1.0% | best 0.030 |     39 st/s
    done(50): t_flicker=32 t_touched=14 t_no_reach=4
Ep  7100 | score   61.06 | avg100   74.94 | grasp100   2.0% | best 0.030 |     39 st/s
    done(50): success=2 t_flicker=28 t_touched=18 t_no_reach=2
Ep  7150 | score   66.15 | avg100   71.43 | grasp100   2.0% | best 0.030 |     39 st/s
    done(50): t_flicker=32 t_touched=16 t_no_reach=2
Ep  7200 | score   67.46 | avg100   71.99 | grasp100   2.0% | best 0.030 |     39 st/s
    done(50): success=2 t_flicker=32 t_touched=13 t_no_reach=3
Ep  7250 | score  193.37 | avg100   80.16 | grasp100   5.0% | best 0.030 |     39 st/s
    done(50): success=3 t_flicker=27 t_touched=19 t_no_reach=1
  [primacy-bias reset of critic heads @ 525000 updates]
Ep  7300 | score   63.47 | avg100   66.66 | grasp100   3.0% | best 0.030 |     39 st/s
    done(50): t_flicker=25 t_touched=14 t_no_reach=11
Ep  7350 | score   13.09 | avg100   48.06 | grasp100   0.0% | best 0.030 |     38 st/s
    done(50): t_flicker=17 t_touched=26 t_no_reach=7
Ep  7400 | score   62.45 | avg100   55.84 | grasp100   0.0% | best 0.030 |     38 st/s
    done(50): t_flicker=35 t_touched=12 t_no_reach=3
Ep  7450 | score  141.40 | avg100   69.48 | grasp100   1.0% | best 0.030 |     38 st/s
    done(50): success=1 t_flicker=29 t_touched=17 t_no_reach=3
Ep  7500 | score   56.71 | avg100   74.56 | grasp100   3.0% | best 0.030 |     38 st/s
    done(50): success=2 t_flicker=31 t_touched=13 t_no_reach=4
Ep  7550 | score   60.59 | avg100   78.37 | grasp100   4.0% | best 0.030 |     38 st/s
    done(50): success=2 t_flicker=27 t_touched=18 t_no_reach=3
Ep  7600 | score   65.39 | avg100   78.28 | grasp100   5.0% | best 0.030 |     38 st/s
    done(50): success=3 t_flicker=29 t_touched=16 t_no_reach=2
Ep  7606 | * BEST  level200=2.00 grasp200=  4.5% metric=0.045 | score  241.78
Ep  7650 | score  103.98 | avg100   79.46 | grasp100   5.0% | best 0.045 |     38 st/s
    done(50): success=2 t_flicker=36 t_touched=10 t_no_reach=2
Ep  7700 | score   84.95 | avg100   81.24 | grasp100   2.0% | best 0.045 |     38 st/s
    done(50): t_flicker=29 t_touched=18 t_no_reach=3
  [primacy-bias reset of critic heads @ 550000 updates]
Ep  7750 | score   19.10 | avg100   72.06 | grasp100   1.0% | best 0.045 |     38 st/s
    done(50): success=1 t_flicker=26 t_touched=15 t_no_reach=8
Ep  7800 | score   86.81 | avg100   56.68 | grasp100   2.0% | best 0.045 |     38 st/s
    done(50): success=1 t_flicker=29 t_touched=13 t_no_reach=7
Ep  7850 | score   27.70 | avg100   60.31 | grasp100   4.0% | best 0.045 |     38 st/s
    done(50): success=3 t_flicker=32 t_touched=12 t_no_reach=3
Ep  7900 | score  108.96 | avg100   73.72 | grasp100   5.0% | best 0.045 |     38 st/s
    done(50): success=2 t_flicker=23 t_touched=22 t_no_reach=3
Ep  7950 | score   57.81 | avg100   78.32 | grasp100   5.0% | best 0.045 |     38 st/s
    done(50): success=3 t_flicker=27 t_touched=18 t_no_reach=2
Ep  8000 | score   28.45 | avg100   83.08 | grasp100   4.0% | best 0.045 |     38 st/s
    done(50): success=1 t_flicker=36 t_touched=13
Ep  8050 | score   58.16 | avg100   84.83 | grasp100   4.0% | best 0.045 |     38 st/s
    done(50): success=3 t_flicker=31 t_touched=11 t_no_reach=5
Ep  8100 | score   60.68 | avg100   79.30 | grasp100   6.0% | best 0.045 |     38 st/s
    done(50): success=3 t_flicker=27 t_touched=18 t_no_reach=2
Ep  8150 | score  204.40 | avg100   82.30 | grasp100   4.0% | best 0.045 |     38 st/s
    done(50): success=1 t_flicker=34 t_touched=14 t_no_reach=1
  [primacy-bias reset of critic heads @ 575000 updates]
Ep  8200 | score   62.96 | avg100   68.04 | grasp100   2.0% | best 0.045 |     38 st/s
    done(50): success=1 t_flicker=27 t_touched=14 t_no_reach=8
Ep  8250 | score   80.43 | avg100   54.64 | grasp100   2.0% | best 0.045 |     38 st/s
    done(50): success=1 t_flicker=25 t_touched=16 t_no_reach=8
Ep  8300 | score   -0.71 | avg100   68.93 | grasp100   2.0% | best 0.045 |     38 st/s
    done(50): success=1 t_flicker=31 t_touched=16 t_no_reach=2
Ep  8350 | score   73.97 | avg100   78.40 | grasp100   4.0% | best 0.045 |     38 st/s
    done(50): success=3 t_flicker=32 t_touched=13 t_no_reach=2
Ep  8400 | score  215.55 | avg100   80.58 | grasp100   4.0% | best 0.045 |     38 st/s
    done(50): success=1 t_flicker=36 t_touched=12 t_no_reach=1
Ep  8450 | score   56.67 | avg100   81.17 | grasp100   2.0% | best 0.045 |     38 st/s
    done(50): success=1 t_flicker=35 t_touched=11 t_no_reach=3
Ep  8500 | score  117.28 | avg100   81.63 | grasp100   4.0% | best 0.045 |     38 st/s
    done(50): success=3 t_flicker=31 t_touched=13 t_no_reach=3
Ep  8550 | score   90.85 | avg100   81.80 | grasp100   5.0% | best 0.045 |     38 st/s
    done(50): success=2 t_flicker=34 t_touched=10 t_no_reach=4
Ep  8600 | score   83.54 | avg100   83.84 | grasp100   5.0% | best 0.045 |     38 st/s
    done(50): success=3 t_flicker=32 t_touched=14 t_no_reach=1
  [primacy-bias reset of critic heads @ 600000 updates]
Ep  8650 | score   56.00 | avg100   37.77 | grasp100   4.0% | best 0.045 |     38 st/s
    done(50): success=1 t_flicker=12 t_touched=5 t_no_reach=32
Ep  8700 | score  -54.62 | avg100   24.20 | grasp100   2.0% | best 0.045 |     38 st/s
    done(50): success=1 t_flicker=28 t_touched=14 t_no_reach=7
Ep  8750 | score   90.42 | avg100   62.39 | grasp100   2.0% | best 0.045 |     38 st/s
    done(50): success=1 t_flicker=33 t_touched=14 t_no_reach=2
Ep  8800 | score  106.78 | avg100   69.43 | grasp100   3.0% | best 0.045 |     38 st/s
    done(50): success=2 t_flicker=31 t_touched=15 t_no_reach=2
Ep  8850 | score  164.79 | avg100   73.22 | grasp100   5.0% | best 0.045 |     38 st/s
    done(50): success=3 t_flicker=34 t_touched=9 t_no_reach=4
Ep  8900 | score   65.24 | avg100   77.74 | grasp100   4.0% | best 0.045 |     38 st/s
    done(50): success=1 t_flicker=38 t_touched=10 t_no_reach=1
Ep  8950 | score  109.70 | avg100   82.64 | grasp100   3.0% | best 0.045 |     38 st/s
    done(50): success=2 t_flicker=36 t_touched=11 t_no_reach=1
Ep  9000 | score    3.38 | avg100   74.36 | grasp100   3.0% | best 0.045 |     38 st/s
    done(50): success=1 t_flicker=32 t_touched=14 t_no_reach=3
Ep  9050 | score   88.92 | avg100   71.57 | grasp100   4.0% | best 0.045 |     37 st/s
    done(50): success=3 t_flicker=32 t_touched=13 t_no_reach=2
  [primacy-bias reset of critic heads @ 625000 updates]
Ep  9100 | score  222.85 | avg100   72.40 | grasp100   7.0% | best 0.045 |     37 st/s
    done(50): success=4 t_flicker=30 t_touched=7 t_no_reach=9
Ep  9150 | score   58.82 | avg100   56.61 | grasp100   5.0% | best 0.045 |     37 st/s
    done(50): success=1 t_flicker=29 t_touched=15 t_no_reach=5
Ep  9200 | * BEST  level200=2.00 grasp200=  6.0% metric=0.060 | score  231.30
Ep  9250 | score    9.57 | avg100   72.08 | grasp100   7.0% | best 0.060 |     37 st/s
    done(50): success=3 t_flicker=37 t_touched=9 t_no_reach=1
Ep  9300 | score  140.53 | avg100   77.37 | grasp100   7.0% | best 0.060 |     37 st/s
    done(50): success=4 t_flicker=31 t_touched=12 t_no_reach=3
Ep  9315 | * BEST  level200=2.00 grasp200=  7.0% metric=0.070 | score  174.13
Ep  9350 | score  121.40 | avg100   76.79 | grasp100   8.0% | best 0.070 |     37 st/s
    done(50): success=4 t_flicker=33 t_touched=12 t_no_reach=1
Ep  9373 | * BEST  level200=2.00 grasp200=  8.5% metric=0.085 | score  188.66
Ep  9400 | score   41.09 | avg100   81.55 | grasp100   8.0% | best 0.085 |     37 st/s
    done(50): success=4 t_flicker=36 t_touched=8 t_no_reach=2
Ep  9450 | score  156.28 | avg100   85.68 | grasp100   8.0% | best 0.085 |     37 st/s
    done(50): success=4 t_flicker=38 t_touched=6 t_no_reach=2
Ep  9491 | * BEST  level200=2.00 grasp200= 10.0% metric=0.100 | score  146.42
Ep  9500 | score   59.50 | avg100   88.22 | grasp100  12.0% | best 0.100 |     37 st/s
    done(50): success=8 t_flicker=36 t_touched=4 t_no_reach=2
Ep  9522 | * BEST  level200=2.00 grasp200= 11.5% metric=0.115 | score  185.33
Ep  9541 | * BEST  level200=2.00 grasp200= 13.0% metric=0.130 | score  163.58
Ep  9550 | score  122.27 | avg100   88.78 | grasp100  17.0% | best 0.130 |     37 st/s
    done(50): success=9 t_flicker=29 t_touched=11 t_no_reach=1
  [primacy-bias reset of critic heads @ 650000 updates]
Ep  9600 | score  -40.17 | avg100   66.39 | grasp100  11.0% | best 0.130 |     37 st/s
    done(50): success=2 t_flicker=23 t_touched=13 t_no_reach=12
Ep  9650 | score   66.16 | avg100   41.27 | grasp100   3.0% | best 0.130 |     37 st/s
    done(50): success=1 t_flicker=27 t_touched=12 t_no_reach=10
Ep  9700 | score   89.75 | avg100   49.51 | grasp100   3.0% | best 0.130 |     37 st/s
    done(50): success=2 t_flicker=30 t_touched=12 t_no_reach=6
Ep  9750 | score  100.98 | avg100   61.59 | grasp100   4.0% | best 0.130 |     37 st/s
    done(50): success=2 t_flicker=32 t_touched=12 t_no_reach=4
Ep  9800 | score  184.31 | avg100   63.60 | grasp100   5.0% | best 0.130 |     37 st/s
    done(50): success=3 t_flicker=32 t_touched=14 t_no_reach=1
Ep  9850 | score   89.38 | avg100   62.87 | grasp100   4.0% | best 0.130 |     37 st/s
    done(50): success=1 t_flicker=37 t_touched=11 t_no_reach=1
Ep  9900 | score  192.10 | avg100   70.17 | grasp100   7.0% | best 0.130 |     37 st/s
    done(50): success=6 t_flicker=31 t_touched=11 t_no_reach=2
Ep  9950 | score   69.76 | avg100   76.60 | grasp100   9.0% | best 0.130 |     37 st/s
    done(50): success=3 t_flicker=34 t_touched=10 t_no_reach=3
Ep 10000 | score   80.79 | avg100   86.76 | grasp100  10.0% | best 0.130 |     37 st/s
    done(50): success=7 t_flicker=35 t_touched=6 t_no_reach=2
Ep 10050 | score   62.21 | avg100   94.58 | grasp100  13.0% | best 0.130 |     37 st/s
    done(50): success=6 t_flicker=33 t_touched=11
  [primacy-bias reset of critic heads @ 675000 updates]
Ep 10100 | score   73.33 | avg100   55.84 | grasp100   8.0% | best 0.130 |     37 st/s
    done(50): success=2 t_flicker=21 t_touched=9 t_no_reach=18
Ep 10150 | score   60.61 | avg100   38.90 | grasp100   3.0% | best 0.130 |     37 st/s
    done(50): success=1 t_flicker=28 t_touched=17 t_no_reach=4
Ep 10200 | score   85.85 | avg100   67.96 | grasp100   7.0% | best 0.130 |     37 st/s
    done(50): success=6 t_flicker=32 t_touched=9 t_no_reach=3
Ep 10250 | score   55.52 | avg100   80.04 | grasp100  12.0% | best 0.130 |     37 st/s
    done(50): success=6 t_flicker=33 t_touched=9 t_no_reach=2
Ep 10300 | score   13.10 | avg100   92.83 | grasp100  16.0% | best 0.130 |     37 st/s
    done(50): success=10 t_flicker=32 t_touched=6 t_no_reach=2
Ep 10316 | * BEST  level200=2.00 grasp200= 14.5% metric=0.145 | score  177.80
Ep 10348 | * BEST  level200=2.00 grasp200= 16.0% metric=0.160 | score  154.84
Ep 10350 | score  122.10 | avg100   98.83 | grasp100  20.0% | best 0.160 |     37 st/s
    done(50): success=10 t_flicker=28 t_touched=9 t_no_reach=3
Ep 10400 | score   63.20 | avg100   90.74 | grasp100  15.0% | best 0.160 |     37 st/s
    done(50): success=5 t_flicker=31 t_touched=12 t_no_reach=2
Ep 10450 | score   80.01 | avg100   92.51 | grasp100  12.0% | best 0.160 |     37 st/s
    done(50): success=7 t_flicker=35 t_touched=6 t_no_reach=2
Ep 10500 | score   28.24 | avg100   87.04 | grasp100  12.0% | best 0.160 |     37 st/s
    done(50): success=5 t_flicker=35 t_touched=9 t_no_reach=1
Ep 10550 | score  -13.53 | avg100   84.27 | grasp100  12.0% | best 0.160 |     37 st/s
    done(50): success=7 t_flicker=30 t_touched=13
  [primacy-bias reset of critic heads @ 700000 updates]
Ep 10600 | score  -66.84 | avg100   73.82 | grasp100   9.0% | best 0.160 |     37 st/s
    done(50): success=2 t_flicker=29 t_touched=10 t_no_reach=9
Ep 10650 | score   61.64 | avg100   60.03 | grasp100   4.0% | best 0.160 |     37 st/s
    done(50): success=2 t_flicker=30 t_touched=17 t_no_reach=1
Ep 10700 | score   66.23 | avg100   66.96 | grasp100   5.0% | best 0.160 |     37 st/s
    done(50): success=3 t_flicker=35 t_touched=11 t_no_reach=1
Ep 10750 | score  125.32 | avg100   75.48 | grasp100  12.0% | best 0.160 |     37 st/s
    done(50): success=9 t_flicker=28 t_touched=10 t_no_reach=3
Ep 10800 | score   57.28 | avg100   70.85 | grasp100  15.0% | best 0.160 |     37 st/s
    done(50): success=6 t_flicker=31 t_touched=12 t_no_reach=1
Ep 10850 | score   93.77 | avg100   66.94 | grasp100  10.0% | best 0.160 |     37 st/s
    done(50): success=4 t_flicker=33 t_touched=12 t_no_reach=1
Ep 10900 | score   14.69 | avg100   82.89 | grasp100  10.0% | best 0.160 |     37 st/s
    done(50): success=6 t_flicker=28 t_touched=16
Ep 10950 | score   45.83 | avg100   81.02 | grasp100  12.0% | best 0.160 |     37 st/s
    done(50): success=6 t_flicker=31 t_touched=11 t_no_reach=2
Ep 11000 | score   63.01 | avg100   82.08 | grasp100  17.0% | best 0.160 |     37 st/s
    done(50): success=11 t_flicker=28 t_touched=9 t_no_reach=2
Ep 11050 | score   56.65 | avg100   87.31 | grasp100  18.0% | best 0.160 |     37 st/s
    done(50): success=7 t_flicker=29 t_touched=14
  [primacy-bias reset of critic heads @ 725000 updates]
Ep 11100 | score  103.59 | avg100   81.54 | grasp100  10.0% | best 0.160 |     37 st/s
    done(50): success=3 t_flicker=32 t_touched=13 t_no_reach=2
Ep 11150 | score   58.02 | avg100   69.47 | grasp100   5.0% | best 0.160 |     37 st/s
    done(50): success=2 t_flicker=21 t_touched=23 t_no_reach=4
Ep 11200 | score   71.67 | avg100   60.91 | grasp100   7.0% | best 0.160 |     37 st/s
    done(50): success=5 t_flicker=29 t_touched=12 t_no_reach=4
Ep 11250 | score  203.79 | avg100   82.09 | grasp100  17.0% | best 0.160 |     37 st/s
    done(50): success=12 t_flicker=29 t_touched=9
Ep 11300 | score   60.91 | avg100   96.64 | grasp100  21.0% | best 0.160 |     37 st/s
    done(50): success=9 t_flicker=28 t_touched=10 t_no_reach=3
Ep 11350 | score  -20.46 | avg100   94.38 | grasp100  16.0% | best 0.160 |     37 st/s
    done(50): success=7 t_flicker=34 t_touched=8 t_no_reach=1
Ep 11358 | * BEST  level200=2.00 grasp200= 17.5% metric=0.175 | score  182.13
Ep 11384 | * BEST  level200=2.00 grasp200= 19.0% metric=0.190 | score  212.26
Ep 11400 | score   57.67 | avg100   92.35 | grasp100  17.0% | best 0.190 |     37 st/s
    done(50): success=10 t_flicker=31 t_touched=6 t_no_reach=3
Ep 11450 | score  178.60 | avg100   87.12 | grasp100  18.0% | best 0.190 |     37 st/s
    done(50): success=8 t_flicker=26 t_touched=15 t_no_reach=1
Ep 11500 | score  113.41 | avg100   83.95 | grasp100  15.0% | best 0.190 |     37 st/s
    done(50): success=7 t_flicker=28 t_touched=13 t_no_reach=2
Ep 11550 | score   87.56 | avg100   84.13 | grasp100  14.0% | best 0.190 |     37 st/s
    done(50): success=7 t_flicker=32 t_touched=9 t_no_reach=2
Ep 11600 | score   54.83 | avg100   89.84 | grasp100  16.0% | best 0.190 |     37 st/s
    done(50): success=9 t_flicker=32 t_touched=9
  [primacy-bias reset of critic heads @ 750000 updates]
Ep 11650 | score  136.53 | avg100   74.88 | grasp100  14.0% | best 0.190 |     37 st/s
    done(50): success=5 t_flicker=23 t_touched=14 t_no_reach=8
Ep 11700 | score  169.84 | avg100   64.77 | grasp100  14.0% | best 0.190 |     37 st/s
    done(50): success=9 t_flicker=29 t_touched=11 t_no_reach=1
Ep 11750 | score   74.94 | avg100   74.33 | grasp100  14.0% | best 0.190 |     37 st/s
    done(50): success=5 t_flicker=34 t_touched=8 t_no_reach=3
Ep 11800 | score  116.96 | avg100   73.50 | grasp100  10.0% | best 0.190 |     37 st/s
    done(50): success=5 t_flicker=31 t_touched=13 t_no_reach=1
Ep 11850 | score   61.72 | avg100   73.58 | grasp100   7.0% | best 0.190 |     37 st/s
    done(50): success=2 t_flicker=30 t_touched=18
Ep 11900 | score  196.22 | avg100   88.47 | grasp100  15.0% | best 0.190 |     37 st/s
    done(50): success=13 t_flicker=27 t_touched=9 t_no_reach=1
Ep 11950 | score  -68.01 | avg100   95.23 | grasp100  19.0% | best 0.190 |     37 st/s
    done(50): success=6 t_flicker=32 t_touched=12
Ep 12000 | score  103.26 | avg100  102.99 | grasp100  20.0% | best 0.190 |     37 st/s
    done(50): success=14 t_flicker=28 t_touched=6 t_no_reach=2
Ep 12045 | * BEST  level200=2.00 grasp200= 20.5% metric=0.205 | score  131.74
Ep 12050 | score  152.04 | avg100  105.04 | grasp100  24.0% | best 0.205 |     37 st/s
    done(50): success=10 t_flicker=28 t_touched=11 t_no_reach=1
Ep 12069 | * BEST  level200=2.00 grasp200= 22.0% metric=0.220 | score  200.24
Ep 12100 | score    0.59 | avg100   91.67 | grasp100  20.0% | best 0.220 |     37 st/s
    done(50): success=10 t_flicker=19 t_touched=19 t_no_reach=2
  [primacy-bias reset of critic heads @ 775000 updates]
Ep 12150 | score   37.40 | avg100   85.51 | grasp100  18.0% | best 0.220 |     37 st/s
    done(50): success=8 t_flicker=27 t_touched=14 t_no_reach=1
Ep 12200 | score  -16.58 | avg100   58.46 | grasp100  12.0% | best 0.220 |     37 st/s
    done(50): success=4 t_flicker=25 t_touched=16 t_no_reach=5
Ep 12250 | score  179.16 | avg100   51.32 | grasp100   6.0% | best 0.220 |     37 st/s
    done(50): success=2 t_flicker=27 t_touched=16 t_no_reach=5
Ep 12300 | score    3.44 | avg100   70.30 | grasp100  11.0% | best 0.220 |     37 st/s
    done(50): success=9 t_flicker=25 t_touched=13 t_no_reach=3
Ep 12350 | score   59.83 | avg100   84.63 | grasp100  22.0% | best 0.220 |     37 st/s
    done(50): success=13 t_flicker=25 t_touched=12
Ep 12400 | score    8.88 | avg100   91.60 | grasp100  24.0% | best 0.220 |     37 st/s
    done(50): success=11 t_flicker=29 t_touched=10
Ep 12450 | score  218.58 | avg100   95.86 | grasp100  22.0% | best 0.220 |     36 st/s
    done(50): success=11 t_flicker=25 t_touched=12 t_no_reach=2
Ep 12500 | score   93.64 | avg100   97.72 | grasp100  20.0% | best 0.220 |     36 st/s
    done(50): success=9 t_flicker=27 t_touched=13 t_no_reach=1
Ep 12550 | score    9.52 | avg100   90.45 | grasp100  17.0% | best 0.220 |     36 st/s
    done(50): success=8 t_flicker=29 t_touched=11 t_no_reach=2
Ep 12600 | score   58.93 | avg100   86.24 | grasp100  16.0% | best 0.220 |     36 st/s
    done(50): success=8 t_flicker=26 t_touched=12 t_no_reach=4
  [primacy-bias reset of critic heads @ 800000 updates]
Ep 12650 | score   -6.73 | avg100   92.02 | grasp100  17.0% | best 0.220 |     36 st/s
    done(50): success=9 t_flicker=22 t_touched=16 t_no_reach=3
Ep 12700 | score   49.10 | avg100   67.15 | grasp100  10.0% | best 0.220 |     36 st/s
    done(50): success=1 t_flicker=25 t_touched=18 t_no_reach=6
Ep 12750 | score  133.01 | avg100   37.18 | grasp100   4.0% | best 0.220 |     36 st/s
    done(50): success=3 t_flicker=21 t_touched=21 t_no_reach=5
Ep 12800 | score  150.52 | avg100   65.13 | grasp100  12.0% | best 0.220 |     36 st/s
    done(50): success=9 t_flicker=25 t_touched=14 t_no_reach=2
Ep 12850 | score   79.20 | avg100   91.66 | grasp100  16.0% | best 0.220 |     36 st/s
    done(50): success=7 t_flicker=26 t_touched=15 t_no_reach=2
========================================================================
RANDOM-SPAWN GRASP RETRAINING  |  algo=td3_ln  run=td3_ln_cereal_align_s0
========================================================================
  Envs                : 5 (subprocess-parallel, fork)
  Spawn level         : 2.0 (1.0 = full position box, 2.0 = + z-rotation)
  Updates/vec-step    : 2 (0.400 per env-step; historical baseline 0.5)
  Buffer              : 2,000,000
  Actor               : 64 -> 32  (5,216 weights)  [critics 512->256]
  Warm start          : checkpoints/td3_grasp_rand_best_0355_backup
  Checkpoints         : /home/fahim/Thesis_fahim/pickandplace/checkpoints/td3_grasp_rand_td3_ln_cereal_align_s0
========================================================================

Spawning 5 subprocess environments (fork)...
[robosuite WARNING] No private macro file found! (__init__.py:7)
[robosuite WARNING] No private macro file found! (__init__.py:7)
[robosuite WARNING] It is recommended to use a private macro file (__init__.py:8)
[robosuite WARNING] No private macro file found! (__init__.py:7)
[robosuite WARNING] To setup, run: python /home/fahim/Thesis_fahim/venv/lib/python3.12/site-packages/robosuite/scripts/setup_macros.py (__init__.py:9)
[robosuite WARNING] It is recommended to use a private macro file (__init__.py:8)
[robosuite WARNING] To setup, run: python /home/fahim/Thesis_fahim/venv/lib/python3.12/site-packages/robosuite/scripts/setup_macros.py (__init__.py:9)
[robosuite WARNING] It is recommended to use a private macro file (__init__.py:8)
[robosuite WARNING] To setup, run: python /home/fahim/Thesis_fahim/venv/lib/python3.12/site-packages/robosuite/scripts/setup_macros.py (__init__.py:9)
[robosuite WARNING] No private macro file found! (__init__.py:7)
[robosuite WARNING] It is recommended to use a private macro file (__init__.py:8)
[robosuite WARNING] To setup, run: python /home/fahim/Thesis_fahim/venv/lib/python3.12/site-packages/robosuite/scripts/setup_macros.py (__init__.py:9)
[robosuite WARNING] No private macro file found! (__init__.py:7)
[robosuite WARNING] It is recommended to use a private macro file (__init__.py:8)
[robosuite WARNING] To setup, run: python /home/fahim/Thesis_fahim/venv/lib/python3.12/site-packages/robosuite/scripts/setup_macros.py (__init__.py:9)
Gym has been unmaintained since 2022 and does not support NumPy 2.0 amongst other critical functionality.
Please upgrade to Gymnasium, the maintained drop-in replacement of Gym, or contact the authors of your software and request that they upgrade.
See the migration guide at https://gymnasium.farama.org/introduction/migration_guide/ for additional information.
Gym has been unmaintained since 2022 and does not support NumPy 2.0 amongst other critical functionality.
Please upgrade to Gymnasium, the maintained drop-in replacement of Gym, or contact the authors of your software and request that they upgrade.
See the migration guide at https://gymnasium.farama.org/introduction/migration_guide/ for additional information.
Gym has been unmaintained since 2022 and does not support NumPy 2.0 amongst other critical functionality.
Please upgrade to Gymnasium, the maintained drop-in replacement of Gym, or contact the authors of your software and request that they upgrade.
See the migration guide at https://gymnasium.farama.org/introduction/migration_guide/ for additional information.Gym has been unmaintained since 2022 and does not support NumPy 2.0 amongst other critical functionality.
Please upgrade to Gymnasium, the maintained drop-in replacement of Gym, or contact the authors of your software and request that they upgrade.
See the migration guide at https://gymnasium.farama.org/introduction/migration_guide/ for additional information.Gym has been unmaintained since 2022 and does not support NumPy 2.0 amongst other critical functionality.
Please upgrade to Gymnasium, the maintained drop-in replacement of Gym, or contact the authors of your software and request that they upgrade.
See the migration guide at https://gymnasium.farama.org/introduction/migration_guide/ for additional information.


/home/fahim/Thesis_fahim/venv/lib/python3.12/site-packages/gym/spaces/box.py:84: UserWarning: [33mWARN: Box bound precision lowered by casting to float32[0m
  logger.warn(f"Box bound precision lowered by casting to {self.dtype}")
/home/fahim/Thesis_fahim/venv/lib/python3.12/site-packages/gym/spaces/box.py:84: UserWarning: [33mWARN: Box bound precision lowered by casting to float32[0m
  logger.warn(f"Box bound precision lowered by casting to {self.dtype}")
/home/fahim/Thesis_fahim/venv/lib/python3.12/site-packages/gym/spaces/box.py:84: UserWarning: [33mWARN: Box bound precision lowered by casting to float32[0m
  logger.warn(f"Box bound precision lowered by casting to {self.dtype}")
/home/fahim/Thesis_fahim/venv/lib/python3.12/site-packages/gym/spaces/box.py:84: UserWarning: [33mWARN: Box bound precision lowered by casting to float32[0m
  logger.warn(f"Box bound precision lowered by casting to {self.dtype}")
/home/fahim/Thesis_fahim/venv/lib/python3.12/site-packages/gym/spaces/box.py:84: UserWarning: [33mWARN: Box bound precision lowered by casting to float32[0m
  logger.warn(f"Box bound precision lowered by casting to {self.dtype}")
Gym has been unmaintained since 2022 and does not support NumPy 2.0 amongst other critical functionality.
Please upgrade to Gymnasium, the maintained drop-in replacement of Gym, or contact the authors of your software and request that they upgrade.
See the migration guide at https://gymnasium.farama.org/introduction/migration_guide/ for additional information.
5 environments ready.

========================================================================
RANDOM-SPAWN GRASP RETRAINING  |  algo=td3_ln  run=td3_ln_cereal_align_s0
========================================================================
  Envs                : 5 (subprocess-parallel, fork)
  Spawn level         : 2.0 (1.0 = full position box, 2.0 = + z-rotation)
  Updates/vec-step    : 2 (0.400 per env-step; historical baseline 0.5)
  Buffer              : 2,000,000
  Actor               : 64 -> 32  (5,216 weights)  [critics 512->256]
  Warm start          : checkpoints/td3_grasp_rand_best_0355_backup
  Checkpoints         : /home/fahim/Thesis_fahim/pickandplace/checkpoints/td3_grasp_rand_td3_ln_cereal_align_s0
========================================================================

Spawning 5 subprocess environments (fork)...
[robosuite WARNING] No private macro file found! (__init__.py:7)
[robosuite WARNING] It is recommended to use a private macro file (__init__.py:8)
[robosuite WARNING] To setup, run: python /home/fahim/Thesis_fahim/venv/lib/python3.12/site-packages/robosuite/scripts/setup_macros.py (__init__.py:9)
[robosuite WARNING] No private macro file found! (__init__.py:7)
[robosuite WARNING] It is recommended to use a private macro file (__init__.py:8)
[robosuite WARNING] To setup, run: python /home/fahim/Thesis_fahim/venv/lib/python3.12/site-packages/robosuite/scripts/setup_macros.py (__init__.py:9)
[robosuite WARNING] No private macro file found! (__init__.py:7)
[robosuite WARNING] It is recommended to use a private macro file (__init__.py:8)
[robosuite WARNING] To setup, run: python /home/fahim/Thesis_fahim/venv/lib/python3.12/site-packages/robosuite/scripts/setup_macros.py (__init__.py:9)
[robosuite WARNING] No private macro file found! (__init__.py:7)
[robosuite WARNING] It is recommended to use a private macro file (__init__.py:8)
[robosuite WARNING] To setup, run: python /home/fahim/Thesis_fahim/venv/lib/python3.12/site-packages/robosuite/scripts/setup_macros.py (__init__.py:9)
[robosuite WARNING] No private macro file found! (__init__.py:7)
[robosuite WARNING] It is recommended to use a private macro file (__init__.py:8)
[robosuite WARNING] To setup, run: python /home/fahim/Thesis_fahim/venv/lib/python3.12/site-packages/robosuite/scripts/setup_macros.py (__init__.py:9)
Gym has been unmaintained since 2022 and does not support NumPy 2.0 amongst other critical functionality.
Please upgrade to Gymnasium, the maintained drop-in replacement of Gym, or contact the authors of your software and request that they upgrade.
See the migration guide at https://gymnasium.farama.org/introduction/migration_guide/ for additional information.
Gym has been unmaintained since 2022 and does not support NumPy 2.0 amongst other critical functionality.
Please upgrade to Gymnasium, the maintained drop-in replacement of Gym, or contact the authors of your software and request that they upgrade.
See the migration guide at https://gymnasium.farama.org/introduction/migration_guide/ for additional information.
Gym has been unmaintained since 2022 and does not support NumPy 2.0 amongst other critical functionality.
Please upgrade to Gymnasium, the maintained drop-in replacement of Gym, or contact the authors of your software and request that they upgrade.
See the migration guide at https://gymnasium.farama.org/introduction/migration_guide/ for additional information.
Gym has been unmaintained since 2022 and does not support NumPy 2.0 amongst other critical functionality.
Please upgrade to Gymnasium, the maintained drop-in replacement of Gym, or contact the authors of your software and request that they upgrade.
See the migration guide at https://gymnasium.farama.org/introduction/migration_guide/ for additional information.
Gym has been unmaintained since 2022 and does not support NumPy 2.0 amongst other critical functionality.
Please upgrade to Gymnasium, the maintained drop-in replacement of Gym, or contact the authors of your software and request that they upgrade.
See the migration guide at https://gymnasium.farama.org/introduction/migration_guide/ for additional information.
/home/fahim/Thesis_fahim/venv/lib/python3.12/site-packages/gym/spaces/box.py:84: UserWarning: [33mWARN: Box bound precision lowered by casting to float32[0m
  logger.warn(f"Box bound precision lowered by casting to {self.dtype}")
/home/fahim/Thesis_fahim/venv/lib/python3.12/site-packages/gym/spaces/box.py:84: UserWarning: [33mWARN: Box bound precision lowered by casting to float32[0m
  logger.warn(f"Box bound precision lowered by casting to {self.dtype}")
/home/fahim/Thesis_fahim/venv/lib/python3.12/site-packages/gym/spaces/box.py:84: UserWarning: [33mWARN: Box bound precision lowered by casting to float32[0m
  logger.warn(f"Box bound precision lowered by casting to {self.dtype}")
/home/fahim/Thesis_fahim/venv/lib/python3.12/site-packages/gym/spaces/box.py:84: UserWarning: [33mWARN: Box bound precision lowered by casting to float32[0m
  logger.warn(f"Box bound precision lowered by casting to {self.dtype}")
/home/fahim/Thesis_fahim/venv/lib/python3.12/site-packages/gym/spaces/box.py:84: UserWarning: [33mWARN: Box bound precision lowered by casting to float32[0m
  logger.warn(f"Box bound precision lowered by casting to {self.dtype}")
Gym has been unmaintained since 2022 and does not support NumPy 2.0 amongst other critical functionality.
Please upgrade to Gymnasium, the maintained drop-in replacement of Gym, or contact the authors of your software and request that they upgrade.
See the migration guide at https://gymnasium.farama.org/introduction/migration_guide/ for additional information.
5 environments ready.

  Actor QAT           : per-tensor INT8 fake-quant, STE grads
  Actor weight clip   : |w| <= 8.0 * std(w) per Linear tensor (bi_s0 baseline fc1 9.96 / fc2 10.82)
Init: resumed (cold run) (source: /home/fahim/Thesis_fahim/pickandplace/checkpoints/td3_grasp_rand_best_0355_backup)
Resumed replay buffer (1,993,176 transitions).

Training...

Ep    50 | score   29.13 | avg100   96.66 | grasp100  10.0% | best 0.000 |     34 st/s
    done(50): success=5 t_flicker=31 t_touched=14
Ep   100 | score  128.05 | avg100   95.63 | grasp100  15.0% | best 0.000 |     33 st/s
    done(50): success=10 t_flicker=31 t_touched=9
Ep   150 | score   49.01 | avg100   95.42 | grasp100  22.0% | best 0.000 |     33 st/s
    done(50): success=12 t_flicker=21 t_touched=16 t_no_reach=1
Ep   200 | * BEST  level200=2.00 grasp200= 20.5% metric=0.205 | score   63.85
Ep   250 | score  194.23 | avg100   91.34 | grasp100  20.0% | best 0.205 |     34 st/s
    done(50): success=6 t_flicker=31 t_touched=9 t_no_reach=4
Ep   275 | * BEST  level200=2.00 grasp200= 22.0% metric=0.220 | score  194.62
Ep   300 | score   58.44 | avg100   95.63 | grasp100  18.0% | best 0.220 |     34 st/s
    done(50): success=12 t_flicker=28 t_touched=9 t_no_reach=1
Ep   350 | score  106.49 | avg100  107.32 | grasp100  22.0% | best 0.220 |     34 st/s
    done(50): success=10 t_flicker=29 t_touched=9 t_no_reach=2
Ep   400 | score  115.33 | avg100  103.36 | grasp100  24.0% | best 0.220 |     34 st/s
    done(50): success=14 t_flicker=22 t_touched=10 t_no_reach=4
Ep   414 | * BEST  level200=2.00 grasp200= 23.5% metric=0.235 | score  160.09
Ep   450 | score  192.62 | avg100  107.82 | grasp100  27.0% | best 0.235 |     34 st/s
    done(50): success=13 t_flicker=28 t_touched=8 t_no_reach=1
Ep   456 | * BEST  level200=2.00 grasp200= 25.0% metric=0.250 | score  151.67
Ep   480 | * BEST  level200=2.00 grasp200= 26.5% metric=0.265 | score  197.03
========================================================================
RANDOM-SPAWN GRASP RETRAINING  |  algo=td3_ln  run=td3_ln_cereal_align_s0
========================================================================
  Envs                : 5 (subprocess-parallel, fork)
  Spawn level         : 2.0 (1.0 = full position box, 2.0 = + z-rotation)
  Updates/vec-step    : 2 (0.400 per env-step; historical baseline 0.5)
  Buffer              : 2,000,000
  Actor               : 64 -> 32  (5,216 weights)  [critics 512->256]
  Warm start          : checkpoints/td3_grasp_rand_best_0355_backup
  Checkpoints         : /home/fahim/Thesis_fahim/pickandplace/checkpoints/td3_grasp_rand_td3_ln_cereal_align_s0
========================================================================

Spawning 5 subprocess environments (fork)...
[robosuite WARNING] No private macro file found! (__init__.py:7)
[robosuite WARNING] It is recommended to use a private macro file (__init__.py:8)
[robosuite WARNING] To setup, run: python /home/fahim/Thesis_fahim/venv/lib/python3.12/site-packages/robosuite/scripts/setup_macros.py (__init__.py:9)
[robosuite WARNING] No private macro file found! (__init__.py:7)
[robosuite WARNING] It is recommended to use a private macro file (__init__.py:8)
[robosuite WARNING] To setup, run: python /home/fahim/Thesis_fahim/venv/lib/python3.12/site-packages/robosuite/scripts/setup_macros.py (__init__.py:9)
[robosuite WARNING] No private macro file found! (__init__.py:7)
[robosuite WARNING] It is recommended to use a private macro file (__init__.py:8)
[robosuite WARNING] To setup, run: python /home/fahim/Thesis_fahim/venv/lib/python3.12/site-packages/robosuite/scripts/setup_macros.py (__init__.py:9)
[robosuite WARNING] No private macro file found! (__init__.py:7)
[robosuite WARNING] It is recommended to use a private macro file (__init__.py:8)
[robosuite WARNING] To setup, run: python /home/fahim/Thesis_fahim/venv/lib/python3.12/site-packages/robosuite/scripts/setup_macros.py (__init__.py:9)
[robosuite WARNING] No private macro file found! (__init__.py:7)
[robosuite WARNING] It is recommended to use a private macro file (__init__.py:8)
[robosuite WARNING] To setup, run: python /home/fahim/Thesis_fahim/venv/lib/python3.12/site-packages/robosuite/scripts/setup_macros.py (__init__.py:9)
Gym has been unmaintained since 2022 and does not support NumPy 2.0 amongst other critical functionality.
Please upgrade to Gymnasium, the maintained drop-in replacement of Gym, or contact the authors of your software and request that they upgrade.
See the migration guide at https://gymnasium.farama.org/introduction/migration_guide/ for additional information.
Gym has been unmaintained since 2022 and does not support NumPy 2.0 amongst other critical functionality.
Please upgrade to Gymnasium, the maintained drop-in replacement of Gym, or contact the authors of your software and request that they upgrade.
See the migration guide at https://gymnasium.farama.org/introduction/migration_guide/ for additional information.
Gym has been unmaintained since 2022 and does not support NumPy 2.0 amongst other critical functionality.
Please upgrade to Gymnasium, the maintained drop-in replacement of Gym, or contact the authors of your software and request that they upgrade.
See the migration guide at https://gymnasium.farama.org/introduction/migration_guide/ for additional information.
Gym has been unmaintained since 2022 and does not support NumPy 2.0 amongst other critical functionality.
Please upgrade to Gymnasium, the maintained drop-in replacement of Gym, or contact the authors of your software and request that they upgrade.
See the migration guide at https://gymnasium.farama.org/introduction/migration_guide/ for additional information.
Gym has been unmaintained since 2022 and does not support NumPy 2.0 amongst other critical functionality.
Please upgrade to Gymnasium, the maintained drop-in replacement of Gym, or contact the authors of your software and request that they upgrade.
See the migration guide at https://gymnasium.farama.org/introduction/migration_guide/ for additional information.
/home/fahim/Thesis_fahim/venv/lib/python3.12/site-packages/gym/spaces/box.py:84: UserWarning: [33mWARN: Box bound precision lowered by casting to float32[0m
  logger.warn(f"Box bound precision lowered by casting to {self.dtype}")
/home/fahim/Thesis_fahim/venv/lib/python3.12/site-packages/gym/spaces/box.py:84: UserWarning: [33mWARN: Box bound precision lowered by casting to float32[0m
  logger.warn(f"Box bound precision lowered by casting to {self.dtype}")
/home/fahim/Thesis_fahim/venv/lib/python3.12/site-packages/gym/spaces/box.py:84: UserWarning: [33mWARN: Box bound precision lowered by casting to float32[0m
  logger.warn(f"Box bound precision lowered by casting to {self.dtype}")
Gym has been unmaintained since 2022 and does not support NumPy 2.0 amongst other critical functionality.
Please upgrade to Gymnasium, the maintained drop-in replacement of Gym, or contact the authors of your software and request that they upgrade.
See the migration guide at https://gymnasium.farama.org/introduction/migration_guide/ for additional information.
5 environments ready.

/home/fahim/Thesis_fahim/venv/lib/python3.12/site-packages/gym/spaces/box.py:84: UserWarning: [33mWARN: Box bound precision lowered by casting to float32[0m
  logger.warn(f"Box bound precision lowered by casting to {self.dtype}")
/home/fahim/Thesis_fahim/venv/lib/python3.12/site-packages/gym/spaces/box.py:84: UserWarning: [33mWARN: Box bound precision lowered by casting to float32[0m
  logger.warn(f"Box bound precision lowered by casting to {self.dtype}")
  Actor QAT           : per-tensor INT8 fake-quant, STE grads
  Actor weight clip   : |w| <= 8.0 * std(w) per Linear tensor (bi_s0 baseline fc1 9.96 / fc2 10.82)
Init: resumed (cold run) (source: /home/fahim/Thesis_fahim/pickandplace/checkpoints/td3_grasp_rand_best_0355_backup)
Resumed replay buffer (1,993,176 transitions).

Training...

Ep    50 | score   53.91 | avg100   56.87 | grasp100  10.0% | best 0.000 |     35 st/s
    done(50): success=5 t_flicker=25 t_touched=19 t_no_reach=1
Ep   100 | score    2.99 | avg100   65.49 | grasp100  16.0% | best 0.000 |     33 st/s
    done(50): success=11 t_flicker=20 t_touched=12 t_no_reach=7
Ep   150 | score   26.36 | avg100   67.86 | grasp100  18.0% | best 0.000 |     33 st/s
    done(50): success=7 t_flicker=27 t_touched=11 t_no_reach=5
Ep   200 | * BEST  level200=2.00 grasp200= 17.5% metric=0.175 | score   32.18
Ep   219 | * BEST  level200=2.00 grasp200= 19.0% metric=0.190 | score  185.81
Ep   250 | score   59.80 | avg100   68.38 | grasp100  20.0% | best 0.190 |     33 st/s
    done(50): success=8 t_flicker=23 t_touched=16 t_no_reach=3
Ep   256 | * BEST  level200=2.00 grasp200= 20.5% metric=0.205 | score  234.99
Ep   261 | * BEST  level200=2.00 grasp200= 22.0% metric=0.220 | score  185.49
Ep   300 | score   18.90 | avg100   68.83 | grasp100  19.0% | best 0.220 |     33 st/s
    done(50): success=11 t_flicker=23 t_touched=15 t_no_reach=1
Ep   350 | score   -2.14 | avg100   71.60 | grasp100  21.0% | best 0.220 |     33 st/s
    done(50): success=10 t_flicker=20 t_touched=19 t_no_reach=1
Ep   400 | score   17.50 | avg100   71.06 | grasp100  24.0% | best 0.220 |     34 st/s
    done(50): success=14 t_flicker=18 t_touched=13 t_no_reach=5
Ep   417 | * BEST  level200=2.00 grasp200= 23.5% metric=0.235 | score  184.39
Ep   436 | * BEST  level200=2.00 grasp200= 25.0% metric=0.250 | score  192.66
Ep   450 | score   36.51 | avg100   79.16 | grasp100  28.0% | best 0.250 |     34 st/s
    done(50): success=14 t_flicker=20 t_touched=15 t_no_reach=1
Ep   500 | score  119.12 | avg100   81.29 | grasp100  27.0% | best 0.250 |     34 st/s
    done(50): success=13 t_flicker=20 t_touched=14 t_no_reach=3
Ep   550 | score   61.84 | avg100   72.57 | grasp100  24.0% | best 0.250 |     31 st/s
    done(50): success=11 t_flicker=20 t_touched=15 t_no_reach=4
Ep   553 | * BEST  level200=2.00 grasp200= 26.5% metric=0.265 | score  203.07
Ep   600 | score   75.34 | avg100   70.28 | grasp100  22.0% | best 0.265 |     31 st/s
    done(50): success=11 t_flicker=21 t_touched=16 t_no_reach=2
Ep   650 | score   29.23 | avg100   74.90 | grasp100  21.0% | best 0.265 |     32 st/s
    done(50): success=10 t_flicker=23 t_touched=14 t_no_reach=3
Ep   700 | score   -7.82 | avg100   69.05 | grasp100  18.0% | best 0.265 |     32 st/s
    done(50): success=8 t_flicker=19 t_touched=19 t_no_reach=4
Ep   750 | score   34.41 | avg100   63.05 | grasp100  18.0% | best 0.265 |     32 st/s
    done(50): success=10 t_flicker=18 t_touched=19 t_no_reach=3
Ep   800 | score  208.93 | avg100   68.10 | grasp100  22.0% | best 0.265 |     32 st/s
    done(50): success=12 t_flicker=17 t_touched=16 t_no_reach=5
Ep   850 | score  193.36 | avg100   71.90 | grasp100  28.0% | best 0.265 |     33 st/s
    done(50): success=16 t_flicker=13 t_touched=18 t_no_reach=3
Ep   900 | score   52.17 | avg100   67.04 | grasp100  22.0% | best 0.265 |     33 st/s
    done(50): success=6 t_flicker=26 t_touched=17 t_no_reach=1
Ep   950 | score   36.50 | avg100   68.22 | grasp100  18.0% | best 0.265 |     33 st/s
    done(50): success=12 t_flicker=20 t_touched=16 t_no_reach=2
Ep  1000 | score   82.42 | avg100   75.92 | grasp100  24.0% | best 0.265 |     33 st/s
    done(50): success=12 t_flicker=21 t_touched=13 t_no_reach=4
Ep  1050 | score  194.75 | avg100   73.52 | grasp100  24.0% | best 0.265 |     32 st/s
    done(50): success=12 t_flicker=19 t_touched=13 t_no_reach=6
Ep  1100 | score   39.94 | avg100   73.87 | grasp100  25.0% | best 0.265 |     32 st/s
    done(50): success=13 t_flicker=20 t_touched=15 t_no_reach=2
Ep  1147 | * BEST  level200=2.00 grasp200= 28.0% metric=0.280 | score  164.84
Ep  1150 | score   27.95 | avg100   82.64 | grasp100  31.0% | best 0.280 |     32 st/s
    done(50): success=18 t_flicker=17 t_touched=11 t_no_reach=4
  [primacy-bias reset of critic heads @ 25000 updates]
Ep  1200 | score   20.07 | avg100   65.94 | grasp100  22.0% | best 0.280 |     32 st/s
    done(50): success=4 t_flicker=22 t_touched=8 t_no_reach=16
Ep  1250 | score   58.97 | avg100   38.04 | grasp100   6.0% | best 0.280 |     32 st/s
    done(50): success=2 t_flicker=17 t_touched=23 t_no_reach=8
Ep  1300 | score   26.72 | avg100   36.87 | grasp100   7.0% | best 0.280 |     32 st/s
    done(50): success=5 t_flicker=17 t_touched=20 t_no_reach=8
Ep  1350 | score  199.17 | avg100   49.70 | grasp100  13.0% | best 0.280 |     32 st/s
    done(50): success=8 t_flicker=17 t_touched=17 t_no_reach=8
Ep  1400 | score   56.57 | avg100   46.76 | grasp100  10.0% | best 0.280 |     32 st/s
    done(50): success=2 t_flicker=24 t_touched=14 t_no_reach=10
Ep  1450 | score  165.10 | avg100   44.10 | grasp100   9.0% | best 0.280 |     32 st/s
    done(50): success=7 t_flicker=23 t_touched=15 t_no_reach=5
Ep  1500 | score   58.44 | avg100   55.07 | grasp100  15.0% | best 0.280 |     32 st/s
    done(50): success=8 t_flicker=21 t_touched=18 t_no_reach=3
Ep  1550 | score   11.39 | avg100   59.77 | grasp100  15.0% | best 0.280 |     32 st/s
    done(50): success=7 t_flicker=28 t_touched=13 t_no_reach=2
Ep  1600 | score   61.68 | avg100   62.30 | grasp100  14.0% | best 0.280 |     32 st/s
    done(50): success=7 t_flicker=23 t_touched=16 t_no_reach=4
Ep  1650 | score   64.44 | avg100   73.64 | grasp100  21.0% | best 0.280 |     32 st/s
    done(50): success=14 t_flicker=21 t_touched=11 t_no_reach=4
Ep  1700 | score  181.65 | avg100   76.49 | grasp100  24.0% | best 0.280 |     32 st/s
    done(50): success=10 t_flicker=19 t_touched=16 t_no_reach=5
Ep  1750 | score   41.20 | avg100   70.73 | grasp100  21.0% | best 0.280 |     32 st/s
    done(50): success=11 t_flicker=19 t_touched=16 t_no_reach=4
Ep  1800 | score   17.14 | avg100   78.09 | grasp100  27.0% | best 0.280 |     32 st/s
    done(50): success=16 t_flicker=16 t_touched=15 t_no_reach=3
Ep  1850 | score  189.13 | avg100   82.62 | grasp100  30.0% | best 0.280 |     32 st/s
    done(50): success=14 t_flicker=26 t_touched=9 t_no_reach=1
Ep  1896 | * BEST  level200=2.00 grasp200= 29.5% metric=0.295 | score  201.89
Ep  1900 | score   59.95 | avg100   89.69 | grasp100  33.0% | best 0.295 |     32 st/s
    done(50): success=19 t_flicker=23 t_touched=6 t_no_reach=2
Ep  1911 | * BEST  level200=2.00 grasp200= 31.0% metric=0.310 | score  138.08
Ep  1934 | * BEST  level200=2.00 grasp200= 32.5% metric=0.325 | score  196.39
Ep  1950 | score  170.55 | avg100   86.68 | grasp100  33.0% | best 0.325 |     32 st/s
    done(50): success=14 t_flicker=20 t_touched=14 t_no_reach=2
Ep  2000 | score   24.44 | avg100   81.46 | grasp100  28.0% | best 0.325 |     32 st/s
    done(50): success=14 t_flicker=21 t_touched=13 t_no_reach=2
Ep  2050 | score   12.54 | avg100   81.49 | grasp100  27.0% | best 0.325 |     31 st/s
    done(50): success=13 t_flicker=24 t_touched=13
Ep  2100 | score   29.19 | avg100   76.11 | grasp100  26.0% | best 0.325 |     32 st/s
    done(50): success=13 t_flicker=16 t_touched=20 t_no_reach=1
Ep  2150 | score   59.05 | avg100   73.52 | grasp100  26.0% | best 0.325 |     32 st/s
    done(50): success=13 t_flicker=21 t_touched=14 t_no_reach=2
Ep  2200 | score   30.67 | avg100   87.42 | grasp100  33.0% | best 0.325 |     32 st/s
    done(50): success=20 t_flicker=20 t_touched=10
Ep  2250 | score   38.45 | avg100   87.98 | grasp100  31.0% | best 0.325 |     32 st/s
    done(50): success=11 t_flicker=24 t_touched=14 t_no_reach=1
Ep  2300 | score  142.10 | avg100   72.26 | grasp100  22.0% | best 0.325 |     32 st/s
    done(50): success=11 t_flicker=23 t_touched=15 t_no_reach=1
  [primacy-bias reset of critic heads @ 50000 updates]
Ep  2350 | score   20.26 | avg100   66.52 | grasp100  17.0% | best 0.325 |     32 st/s
    done(50): success=6 t_flicker=26 t_touched=15 t_no_reach=3
Ep  2400 | score  -18.64 | avg100   59.19 | grasp100  13.0% | best 0.325 |     32 st/s
    done(50): success=7 t_flicker=25 t_touched=13 t_no_reach=5
Ep  2450 | score   94.65 | avg100   56.38 | grasp100  13.0% | best 0.325 |     32 st/s
    done(50): success=6 t_flicker=22 t_touched=17 t_no_reach=5
Ep  2500 | score  -15.64 | avg100   56.11 | grasp100  13.0% | best 0.325 |     32 st/s
    done(50): success=7 t_flicker=27 t_touched=12 t_no_reach=4
Ep  2550 | score   -5.69 | avg100   52.80 | grasp100  13.0% | best 0.325 |     32 st/s
    done(50): success=6 t_flicker=25 t_touched=14 t_no_reach=5
Ep  2600 | score  151.03 | avg100   57.95 | grasp100  16.0% | best 0.325 |     32 st/s
    done(50): success=10 t_flicker=20 t_touched=14 t_no_reach=6
Ep  2650 | score   25.41 | avg100   68.66 | grasp100  21.0% | best 0.325 |     32 st/s
    done(50): success=11 t_flicker=22 t_touched=12 t_no_reach=5
Ep  2700 | score   35.25 | avg100   78.31 | grasp100  25.0% | best 0.325 |     32 st/s
    done(50): success=14 t_flicker=24 t_touched=11 t_no_reach=1
Ep  2750 | score   36.59 | avg100   80.41 | grasp100  27.0% | best 0.325 |     32 st/s
    done(50): success=13 t_flicker=18 t_touched=17 t_no_reach=2
Ep  2800 | score  -19.71 | avg100   82.63 | grasp100  30.0% | best 0.325 |     32 st/s
    done(50): success=17 t_flicker=19 t_touched=12 t_no_reach=2
Ep  2850 | score   13.86 | avg100   85.11 | grasp100  31.0% | best 0.325 |     32 st/s
    done(50): success=14 t_flicker=19 t_touched=15 t_no_reach=2
Ep  2900 | score  137.59 | avg100   86.08 | grasp100  36.0% | best 0.325 |     32 st/s
    done(50): success=22 t_flicker=16 t_touched=9 t_no_reach=3
Ep  2926 | * BEST  level200=2.00 grasp200= 34.0% metric=0.340 | score  133.64
Ep  2943 | * BEST  level200=2.00 grasp200= 35.5% metric=0.355 | score  190.86
Ep  2950 | score  145.12 | avg100   84.63 | grasp100  38.0% | best 0.355 |     32 st/s
    done(50): success=16 t_flicker=12 t_touched=22
Ep  3000 | score    1.07 | avg100   79.33 | grasp100  32.0% | best 0.355 |     32 st/s
    done(50): success=16 t_flicker=19 t_touched=14 t_no_reach=1
Ep  3050 | score   34.85 | avg100   76.61 | grasp100  24.0% | best 0.355 |     31 st/s
    done(50): success=8 t_flicker=33 t_touched=9
Ep  3100 | score  173.24 | avg100   75.29 | grasp100  18.0% | best 0.355 |     31 st/s
    done(50): success=10 t_flicker=27 t_touched=12 t_no_reach=1
Ep  3150 | score   66.45 | avg100   89.36 | grasp100  32.0% | best 0.355 |     31 st/s
    done(50): success=22 t_flicker=17 t_touched=9 t_no_reach=2
Ep  3200 | score  201.04 | avg100   98.18 | grasp100  42.0% | best 0.355 |     31 st/s
    done(50): success=20 t_flicker=19 t_touched=10 t_no_reach=1
Ep  3250 | score  224.99 | avg100   97.40 | grasp100  36.0% | best 0.355 |     31 st/s
    done(50): success=16 t_flicker=26 t_touched=7 t_no_reach=1
Ep  3300 | score   28.43 | avg100   86.88 | grasp100  28.0% | best 0.355 |     31 st/s
    done(50): success=12 t_flicker=24 t_touched=12 t_no_reach=2
Ep  3350 | score   68.26 | avg100   82.40 | grasp100  27.0% | best 0.355 |     31 st/s
    done(50): success=15 t_flicker=25 t_touched=9 t_no_reach=1
Ep  3400 | score  150.39 | avg100   88.51 | grasp100  31.0% | best 0.355 |     31 st/s
    done(50): success=16 t_flicker=26 t_touched=7 t_no_reach=1
Ep  3450 | score  152.92 | avg100   91.22 | grasp100  34.0% | best 0.355 |     31 st/s
    done(50): success=18 t_flicker=19 t_touched=11 t_no_reach=2
Ep  3500 | score   36.98 | avg100   86.21 | grasp100  33.0% | best 0.355 |     31 st/s
    done(50): success=15 t_flicker=20 t_touched=14 t_no_reach=1
Ep  3550 | score   23.65 | avg100   73.19 | grasp100  24.0% | best 0.355 |     31 st/s
    done(50): success=9 t_flicker=26 t_touched=13 t_no_reach=2
  [primacy-bias reset of critic heads @ 75000 updates]
Ep  3600 | score   -5.77 | avg100   68.51 | grasp100  20.0% | best 0.355 |     31 st/s
    done(50): success=11 t_flicker=21 t_touched=14 t_no_reach=4
Ep  3650 | score  153.95 | avg100   62.82 | grasp100  21.0% | best 0.355 |     31 st/s
    done(50): success=10 t_flicker=20 t_touched=7 t_no_reach=13
Ep  3700 | score  212.15 | avg100   58.51 | grasp100  17.0% | best 0.355 |     31 st/s
    done(50): success=7 t_flicker=24 t_touched=13 t_no_reach=6
Ep  3750 | score  -18.54 | avg100   56.44 | grasp100  14.0% | best 0.355 |     31 st/s
    done(50): success=7 t_flicker=19 t_touched=19 t_no_reach=5
Ep  3800 | score   25.13 | avg100   51.14 | grasp100  14.0% | best 0.355 |     31 st/s
    done(50): success=7 t_flicker=19 t_touched=15 t_no_reach=9
Ep  3850 | score   38.24 | avg100   55.93 | grasp100  16.0% | best 0.355 |     31 st/s
    done(50): success=9 t_flicker=18 t_touched=17 t_no_reach=6
Ep  3900 | score   59.36 | avg100   67.03 | grasp100  21.0% | best 0.355 |     32 st/s
    done(50): success=12 t_flicker=25 t_touched=9 t_no_reach=4
Ep  3950 | score  206.39 | avg100   75.13 | grasp100  25.0% | best 0.355 |     32 st/s
    done(50): success=13 t_flicker=18 t_touched=19
Ep  4000 | score  205.50 | avg100   74.71 | grasp100  22.0% | best 0.355 |     32 st/s
    done(50): success=9 t_flicker=25 t_touched=14 t_no_reach=2
Ep  4050 | score  197.83 | avg100   77.61 | grasp100  25.0% | best 0.355 |     31 st/s
    done(50): success=16 t_flicker=19 t_touched=13 t_no_reach=2
Ep  4100 | score   34.16 | avg100   77.61 | grasp100  23.0% | best 0.355 |     31 st/s
    done(50): success=7 t_flicker=33 t_touched=8 t_no_reach=2
Ep  4150 | score   92.18 | avg100   85.39 | grasp100  29.0% | best 0.355 |     31 st/s
    done(50): success=22 t_flicker=20 t_touched=6 t_no_reach=2
Ep  4200 | score   71.98 | avg100   99.96 | grasp100  41.0% | best 0.355 |     31 st/s
    done(50): success=19 t_flicker=20 t_touched=11
Ep  4250 | score  195.55 | avg100   97.26 | grasp100  36.0% | best 0.355 |     31 st/s
    done(50): success=17 t_flicker=23 t_touched=9 t_no_reach=1
Ep  4278 | * BEST  level200=2.00 grasp200= 37.0% metric=0.370 | score  171.54
Ep  4300 | score   41.67 | avg100   90.09 | grasp100  31.0% | best 0.370 |     31 st/s
    done(50): success=14 t_flicker=23 t_touched=13
Ep  4342 | * BEST  level200=2.00 grasp200= 38.5% metric=0.385 | score  185.34
Ep  4350 | score   50.76 | avg100   92.63 | grasp100  35.0% | best 0.385 |     31 st/s
    done(50): success=21 t_flicker=18 t_touched=9 t_no_reach=2
Ep  4400 | score    7.97 | avg100  101.01 | grasp100  40.0% | best 0.385 |     31 st/s
    done(50): success=19 t_flicker=18 t_touched=11 t_no_reach=2
Ep  4450 | score  106.55 | avg100   90.94 | grasp100  32.0% | best 0.385 |     31 st/s
    done(50): success=13 t_flicker=17 t_touched=19 t_no_reach=1
Ep  4500 | score   21.27 | avg100   75.64 | grasp100  24.0% | best 0.385 |     31 st/s
    done(50): success=11 t_flicker=21 t_touched=15 t_no_reach=3
Ep  4550 | score   69.42 | avg100   85.55 | grasp100  31.0% | best 0.385 |     31 st/s
    done(50): success=20 t_flicker=17 t_touched=13
Ep  4600 | score    4.55 | avg100   90.22 | grasp100  35.0% | best 0.385 |     31 st/s
    done(50): success=15 t_flicker=17 t_touched=14 t_no_reach=4
Ep  4650 | score  148.26 | avg100   89.90 | grasp100  35.0% | best 0.385 |     31 st/s
    done(50): success=20 t_flicker=16 t_touched=13 t_no_reach=1
Ep  4700 | score   66.74 | avg100   96.18 | grasp100  39.0% | best 0.385 |     31 st/s
    done(50): success=19 t_flicker=19 t_touched=10 t_no_reach=2
Ep  4750 | score  188.73 | avg100   90.67 | grasp100  36.0% | best 0.385 |     31 st/s
    done(50): success=17 t_flicker=19 t_touched=12 t_no_reach=2
Ep  4800 | score   89.56 | avg100   90.17 | grasp100  36.0% | best 0.385 |     31 st/s
    done(50): success=19 t_flicker=17 t_touched=9 t_no_reach=5
  [primacy-bias reset of critic heads @ 100000 updates]
Ep  4850 | score  177.68 | avg100   74.48 | grasp100  29.0% | best 0.385 |     31 st/s
    done(50): success=10 t_flicker=15 t_touched=20 t_no_reach=5
Ep  4900 | score  189.38 | avg100   56.67 | grasp100  21.0% | best 0.385 |     31 st/s
    done(50): success=11 t_flicker=16 t_touched=14 t_no_reach=9
Ep  4950 | score   64.10 | avg100   53.39 | grasp100  21.0% | best 0.385 |     32 st/s
    done(50): success=10 t_flicker=15 t_touched=12 t_no_reach=13
Ep  5000 | score   16.95 | avg100   50.53 | grasp100  18.0% | best 0.385 |     32 st/s
    done(50): success=8 t_flicker=13 t_touched=22 t_no_reach=7
Ep  5050 | score  173.56 | avg100   68.26 | grasp100  24.0% | best 0.385 |     31 st/s
    done(50): success=16 t_flicker=19 t_touched=13 t_no_reach=2
Ep  5100 | score   75.04 | avg100   71.34 | grasp100  25.0% | best 0.385 |     31 st/s
    done(50): success=9 t_flicker=21 t_touched=15 t_no_reach=5
Ep  5150 | score   21.80 | avg100   66.24 | grasp100  23.0% | best 0.385 |     31 st/s
    done(50): success=14 t_flicker=18 t_touched=18
Ep  5200 | score   56.97 | avg100   79.93 | grasp100  29.0% | best 0.385 |     31 st/s
    done(50): success=15 t_flicker=24 t_touched=11
Ep  5250 | score  130.80 | avg100   81.83 | grasp100  29.0% | best 0.385 |     31 st/s
    done(50): success=14 t_flicker=18 t_touched=14 t_no_reach=4
Ep  5300 | score   61.26 | avg100   82.31 | grasp100  31.0% | best 0.385 |     31 st/s
    done(50): success=17 t_flicker=20 t_touched=8 t_no_reach=5
Ep  5350 | score  187.98 | avg100   80.44 | grasp100  28.0% | best 0.385 |     31 st/s
    done(50): success=11 t_flicker=23 t_touched=15 t_no_reach=1
Ep  5400 | score   62.25 | avg100   79.65 | grasp100  26.0% | best 0.385 |     32 st/s
    done(50): success=15 t_flicker=23 t_touched=10 t_no_reach=2
Ep  5450 | score  235.12 | avg100   87.95 | grasp100  32.0% | best 0.385 |     32 st/s
    done(50): success=17 t_flicker=21 t_touched=11 t_no_reach=1
Ep  5500 | score   57.67 | avg100   92.74 | grasp100  36.0% | best 0.385 |     32 st/s
    done(50): success=19 t_flicker=18 t_touched=13
Ep  5550 | score  169.18 | avg100   95.89 | grasp100  39.0% | best 0.385 |     31 st/s
    done(50): success=20 t_flicker=20 t_touched=9 t_no_reach=1
Ep  5600 | score  -17.83 | avg100   93.52 | grasp100  36.0% | best 0.385 |     31 st/s
    done(50): success=16 t_flicker=23 t_touched=8 t_no_reach=3
Ep  5650 | score   62.00 | avg100   96.05 | grasp100  35.0% | best 0.385 |     31 st/s
    done(50): success=19 t_flicker=22 t_touched=7 t_no_reach=2
Ep  5700 | score   22.38 | avg100   98.19 | grasp100  36.0% | best 0.385 |     31 st/s
    done(50): success=17 t_flicker=21 t_touched=12
Ep  5750 | score   52.48 | avg100   88.68 | grasp100  34.0% | best 0.385 |     31 st/s
    done(50): success=17 t_flicker=20 t_touched=11 t_no_reach=2
Ep  5800 | score   28.92 | avg100   90.28 | grasp100  34.0% | best 0.385 |     31 st/s
    done(50): success=17 t_flicker=22 t_touched=9 t_no_reach=2
Ep  5850 | score   27.67 | avg100   89.05 | grasp100  31.0% | best 0.385 |     31 st/s
    done(50): success=14 t_flicker=21 t_touched=11 t_no_reach=4
Ep  5900 | score   93.67 | avg100   87.10 | grasp100  30.0% | best 0.385 |     31 st/s
    done(50): success=16 t_flicker=26 t_touched=6 t_no_reach=2
Ep  5950 | score  197.56 | avg100   89.66 | grasp100  32.0% | best 0.385 |     31 st/s
    done(50): success=16 t_flicker=14 t_touched=19 t_no_reach=1
Ep  6000 | score   57.61 | avg100   88.09 | grasp100  32.0% | best 0.385 |     31 st/s
    done(50): success=16 t_flicker=25 t_touched=6 t_no_reach=3
  [primacy-bias reset of critic heads @ 125000 updates]
Ep  6050 | score  197.11 | avg100   94.54 | grasp100  35.0% | best 0.385 |     31 st/s
    done(50): success=19 t_flicker=19 t_touched=12
Ep  6100 | score   32.42 | avg100   84.79 | grasp100  34.0% | best 0.385 |     31 st/s
    done(50): success=15 t_flicker=14 t_touched=11 t_no_reach=10
Ep  6150 | score    0.14 | avg100   51.65 | grasp100  20.0% | best 0.385 |     31 st/s
    done(50): success=5 t_flicker=19 t_touched=16 t_no_reach=10
Ep  6200 | score  186.74 | avg100   50.88 | grasp100  19.0% | best 0.385 |     31 st/s
    done(50): success=14 t_flicker=20 t_touched=14 t_no_reach=2
Ep  6250 | score  172.10 | avg100   62.39 | grasp100  24.0% | best 0.385 |     31 st/s
    done(50): success=10 t_flicker=25 t_touched=11 t_no_reach=4
Ep  6300 | score  -21.45 | avg100   62.20 | grasp100  21.0% | best 0.385 |     31 st/s
    done(50): success=11 t_flicker=19 t_touched=15 t_no_reach=5
Ep  6350 | score    7.87 | avg100   76.67 | grasp100  28.0% | best 0.385 |     31 st/s
    done(50): success=17 t_flicker=17 t_touched=13 t_no_reach=3
Ep  6400 | score  196.07 | avg100   78.37 | grasp100  28.0% | best 0.385 |     31 st/s
    done(50): success=11 t_flicker=26 t_touched=10 t_no_reach=3
Ep  6450 | score   62.05 | avg100   77.89 | grasp100  25.0% | best 0.385 |     31 st/s
    done(50): success=14 t_flicker=19 t_touched=16 t_no_reach=1
Ep  6500 | score   40.02 | avg100   90.56 | grasp100  31.0% | best 0.385 |     31 st/s
    done(50): success=17 t_flicker=22 t_touched=10 t_no_reach=1
Ep  6550 | score   25.18 | avg100   84.97 | grasp100  29.0% | best 0.385 |     31 st/s
    done(50): success=12 t_flicker=21 t_touched=14 t_no_reach=3
Ep  6600 | score  202.42 | avg100   89.61 | grasp100  36.0% | best 0.385 |     31 st/s
    done(50): success=24 t_flicker=13 t_touched=10 t_no_reach=3
Ep  6650 | score  134.09 | avg100  105.88 | grasp100  45.0% | best 0.385 |     31 st/s
    done(50): success=21 t_flicker=21 t_touched=8
Ep  6689 | * BEST  level200=2.00 grasp200= 40.0% metric=0.400 | score  186.54
Ep  6700 | score   39.57 | avg100  108.90 | grasp100  44.0% | best 0.400 |     31 st/s
    done(50): success=23 t_flicker=21 t_touched=5 t_no_reach=1
Ep  6715 | * BEST  level200=2.00 grasp200= 41.5% metric=0.415 | score  137.58
Ep  6742 | * BEST  level200=2.00 grasp200= 43.0% metric=0.430 | score  133.81
Ep  6750 | score   23.67 | avg100  104.08 | grasp100  42.0% | best 0.430 |     31 st/s
    done(50): success=19 t_flicker=21 t_touched=9 t_no_reach=1
Ep  6800 | score  158.71 | avg100   97.44 | grasp100  36.0% | best 0.430 |     31 st/s
    done(50): success=17 t_flicker=25 t_touched=8
Ep  6850 | score  170.98 | avg100   98.48 | grasp100  36.0% | best 0.430 |     31 st/s
    done(50): success=19 t_flicker=17 t_touched=14
Ep  6900 | score   56.65 | avg100  101.95 | grasp100  40.0% | best 0.430 |     31 st/s
    done(50): success=21 t_flicker=15 t_touched=13 t_no_reach=1
Ep  6950 | score   57.98 | avg100   96.46 | grasp100  37.0% | best 0.430 |     31 st/s
    done(50): success=16 t_flicker=18 t_touched=13 t_no_reach=3
Ep  7000 | score   59.08 | avg100   89.96 | grasp100  33.0% | best 0.430 |     31 st/s
    done(50): success=17 t_flicker=20 t_touched=13
Ep  7050 | score   13.93 | avg100   90.00 | grasp100  31.0% | best 0.430 |     31 st/s
    done(50): success=14 t_flicker=22 t_touched=13 t_no_reach=1
Ep  7100 | score   22.93 | avg100   91.83 | grasp100  33.0% | best 0.430 |     31 st/s
    done(50): success=19 t_flicker=16 t_touched=13 t_no_reach=2
Ep  7150 | score  169.12 | avg100   95.83 | grasp100  36.0% | best 0.430 |     31 st/s
    done(50): success=17 t_flicker=20 t_touched=11 t_no_reach=2
Ep  7200 | score   64.21 | avg100   94.06 | grasp100  36.0% | best 0.430 |     31 st/s
    done(50): success=19 t_flicker=17 t_touched=13 t_no_reach=1
Ep  7250 | score  142.39 | avg100   88.96 | grasp100  36.0% | best 0.430 |     31 st/s
    done(50): success=17 t_flicker=16 t_touched=15 t_no_reach=2
Ep  7300 | score   30.95 | avg100  100.97 | grasp100  41.0% | best 0.430 |     31 st/s
    done(50): success=24 t_flicker=17 t_touched=8 t_no_reach=1
  [primacy-bias reset of critic heads @ 150000 updates]
Ep  7350 | score   18.04 | avg100   92.42 | grasp100  35.0% | best 0.430 |     31 st/s
    done(50): success=11 t_flicker=21 t_touched=9 t_no_reach=9
Ep  7400 | score   28.41 | avg100   44.73 | grasp100  17.0% | best 0.430 |     31 st/s
    done(50): success=6 t_flicker=9 t_touched=7 t_no_reach=28
Ep  7450 | score   25.05 | avg100   28.38 | grasp100  11.0% | best 0.430 |     31 st/s
    done(50): success=5 t_flicker=18 t_touched=8 t_no_reach=19
Ep  7500 | score   37.05 | avg100   53.90 | grasp100  19.0% | best 0.430 |     31 st/s
    done(50): success=14 t_flicker=22 t_touched=11 t_no_reach=3
Ep  7550 | score   25.47 | avg100   73.94 | grasp100  27.0% | best 0.430 |     31 st/s
    done(50): success=13 t_flicker=23 t_touched=9 t_no_reach=5
Ep  7600 | score   -9.14 | avg100   68.42 | grasp100  23.0% | best 0.430 |     31 st/s
    done(50): success=10 t_flicker=22 t_touched=12 t_no_reach=6
Ep  7650 | score   33.60 | avg100   72.49 | grasp100  24.0% | best 0.430 |     31 st/s
    done(50): success=14 t_flicker=25 t_touched=8 t_no_reach=3
Ep  7700 | score  169.59 | avg100   87.19 | grasp100  30.0% | best 0.430 |     31 st/s
    done(50): success=16 t_flicker=22 t_touched=11 t_no_reach=1
Ep  7750 | score  185.91 | avg100  101.23 | grasp100  38.0% | best 0.430 |     31 st/s
    done(50): success=22 t_flicker=24 t_touched=3 t_no_reach=1
Ep  7800 | score  162.08 | avg100  104.15 | grasp100  41.0% | best 0.430 |     31 st/s
    done(50): success=19 t_flicker=21 t_touched=10
Ep  7850 | score  133.86 | avg100   96.60 | grasp100  37.0% | best 0.430 |     31 st/s
    done(50): success=18 t_flicker=21 t_touched=9 t_no_reach=2
Ep  7900 | score   57.90 | avg100  102.77 | grasp100  40.0% | best 0.430 |     31 st/s
    done(50): success=22 t_flicker=21 t_touched=6 t_no_reach=1
Ep  7950 | score   95.95 | avg100   99.85 | grasp100  39.0% | best 0.430 |     31 st/s
    done(50): success=17 t_flicker=23 t_touched=9 t_no_reach=1
Ep  8000 | score  206.27 | avg100  103.63 | grasp100  42.0% | best 0.430 |     31 st/s
    done(50): success=25 t_flicker=16 t_touched=8 t_no_reach=1
Ep  8050 | score    6.95 | avg100  101.22 | grasp100  38.0% | best 0.430 |     31 st/s
    done(50): success=13 t_flicker=27 t_touched=9 t_no_reach=1
Ep  8100 | score   37.58 | avg100   96.53 | grasp100  36.0% | best 0.430 |     31 st/s
    done(50): success=23 t_flicker=15 t_touched=11 t_no_reach=1
Ep  8150 | score   65.18 | avg100   99.67 | grasp100  41.0% | best 0.430 |     31 st/s
    done(50): success=18 t_flicker=19 t_touched=11 t_no_reach=2
Ep  8200 | score  144.18 | avg100   97.89 | grasp100  38.0% | best 0.430 |     31 st/s
    done(50): success=20 t_flicker=24 t_touched=4 t_no_reach=2
Ep  8250 | score  187.87 | avg100  112.71 | grasp100  44.0% | best 0.430 |     31 st/s
    done(50): success=24 t_flicker=21 t_touched=5
Ep  8300 | score  207.22 | avg100  106.30 | grasp100  40.0% | best 0.430 |     31 st/s
    done(50): success=16 t_flicker=23 t_touched=9 t_no_reach=2
Ep  8350 | score   25.85 | avg100  104.15 | grasp100  40.0% | best 0.430 |     31 st/s
    done(50): success=24 t_flicker=16 t_touched=10
Ep  8370 | * BEST  level200=2.00 grasp200= 44.5% metric=0.445 | score  156.17
Ep  8400 | score  195.68 | avg100  109.25 | grasp100  43.0% | best 0.445 |     31 st/s
    done(50): success=19 t_flicker=21 t_touched=10
Ep  8450 | score  155.93 | avg100  110.44 | grasp100  44.0% | best 0.445 |     31 st/s
    done(50): success=25 t_flicker=17 t_touched=7 t_no_reach=1
Ep  8500 | score  204.76 | avg100  107.34 | grasp100  42.0% | best 0.445 |     31 st/s
    done(50): success=17 t_flicker=21 t_touched=12
Ep  8550 | score   62.56 | avg100  105.99 | grasp100  44.0% | best 0.445 |     31 st/s
    done(50): success=27 t_flicker=14 t_touched=6 t_no_reach=3
Ep  8600 | score   19.41 | avg100  101.92 | grasp100  41.0% | best 0.445 |     31 st/s
    done(50): success=14 t_flicker=26 t_touched=10
  [primacy-bias reset of critic heads @ 175000 updates]
Ep  8650 | score   -7.34 | avg100   76.92 | grasp100  27.0% | best 0.445 |     31 st/s
    done(50): success=13 t_flicker=16 t_touched=14 t_no_reach=7
Ep  8700 | score   18.50 | avg100   40.27 | grasp100  14.0% | best 0.445 |     31 st/s
    done(50): success=1 t_flicker=15 t_touched=11 t_no_reach=23
Ep  8750 | score  166.63 | avg100   28.60 | grasp100   8.0% | best 0.445 |     31 st/s
    done(50): success=7 t_flicker=18 t_touched=14 t_no_reach=11
Ep  8800 | score  133.50 | avg100   60.34 | grasp100  23.0% | best 0.445 |     31 st/s
    done(50): success=16 t_flicker=19 t_touched=13 t_no_reach=2
Ep  8850 | score   23.17 | avg100   76.56 | grasp100  30.0% | best 0.445 |     31 st/s
    done(50): success=14 t_flicker=20 t_touched=13 t_no_reach=3
Ep  8900 | score   56.35 | avg100   89.57 | grasp100  34.0% | best 0.445 |     31 st/s
    done(50): success=20 t_flicker=21 t_touched=7 t_no_reach=2
Ep  8950 | score  145.12 | avg100   96.34 | grasp100  38.0% | best 0.445 |     31 st/s
    done(50): success=18 t_flicker=15 t_touched=16 t_no_reach=1
Ep  9000 | score   61.24 | avg100   95.06 | grasp100  37.0% | best 0.445 |     31 st/s
    done(50): success=19 t_flicker=24 t_touched=5 t_no_reach=2
Ep  9050 | score   92.49 | avg100   98.87 | grasp100  38.0% | best 0.445 |     31 st/s
    done(50): success=19 t_flicker=18 t_touched=13
Ep  9100 | score  185.27 | avg100  107.20 | grasp100  43.0% | best 0.445 |     31 st/s
    done(50): success=24 t_flicker=18 t_touched=6 t_no_reach=2
Ep  9150 | score   51.46 | avg100  105.94 | grasp100  44.0% | best 0.445 |     31 st/s
    done(50): success=20 t_flicker=19 t_touched=7 t_no_reach=4
Ep  9200 | score   20.07 | avg100   96.18 | grasp100  40.0% | best 0.445 |     31 st/s
    done(50): success=20 t_flicker=15 t_touched=12 t_no_reach=3
Ep  9250 | score  186.26 | avg100   98.23 | grasp100  38.0% | best 0.445 |     31 st/s
    done(50): success=18 t_flicker=19 t_touched=12 t_no_reach=1
Ep  9300 | score  165.35 | avg100   93.84 | grasp100  38.0% | best 0.445 |     31 st/s
    done(50): success=20 t_flicker=17 t_touched=8 t_no_reach=5
Ep  9350 | score  174.73 | avg100  101.16 | grasp100  44.0% | best 0.445 |     31 st/s
    done(50): success=24 t_flicker=14 t_touched=11 t_no_reach=1
Ep  9400 | score  209.64 | avg100  114.49 | grasp100  50.0% | best 0.445 |     31 st/s
    done(50): success=26 t_flicker=13 t_touched=10 t_no_reach=1
Ep  9408 | * BEST  level200=2.00 grasp200= 46.0% metric=0.460 | score  165.48
Ep  9450 | score  211.71 | avg100  110.44 | grasp100  47.0% | best 0.460 |     31 st/s
    done(50): success=21 t_flicker=19 t_touched=9 t_no_reach=1
Ep  9488 | * BEST  level200=2.00 grasp200= 47.5% metric=0.475 | score  204.65
Ep  9500 | score  204.01 | avg100  105.77 | grasp100  43.0% | best 0.475 |     31 st/s
    done(50): success=22 t_flicker=15 t_touched=11 t_no_reach=2
Ep  9550 | score  174.72 | avg100   98.16 | grasp100  38.0% | best 0.475 |     31 st/s
    done(50): success=16 t_flicker=23 t_touched=9 t_no_reach=2
Ep  9600 | score    8.16 | avg100   88.09 | grasp100  30.0% | best 0.475 |     31 st/s
    done(50): success=14 t_flicker=24 t_touched=9 t_no_reach=3
Ep  9650 | score  166.72 | avg100   93.09 | grasp100  32.0% | best 0.475 |     31 st/s
    done(50): success=18 t_flicker=23 t_touched=7 t_no_reach=2
Ep  9700 | score  171.87 | avg100  106.09 | grasp100  39.0% | best 0.475 |     31 st/s
    done(50): success=21 t_flicker=20 t_touched=8 t_no_reach=1
Ep  9750 | score   58.64 | avg100  102.37 | grasp100  39.0% | best 0.475 |     31 st/s
    done(50): success=18 t_flicker=18 t_touched=12 t_no_reach=2
Ep  9800 | score   68.93 | avg100   93.64 | grasp100  33.0% | best 0.475 |     31 st/s
    done(50): success=15 t_flicker=25 t_touched=9 t_no_reach=1
Ep  9850 | score   32.39 | avg100   95.07 | grasp100  33.0% | best 0.475 |     31 st/s
    done(50): success=18 t_flicker=21 t_touched=9 t_no_reach=2
Ep  9900 | score   77.99 | avg100  104.17 | grasp100  41.0% | best 0.475 |     31 st/s
    done(50): success=23 t_flicker=18 t_touched=9
  [primacy-bias reset of critic heads @ 200000 updates]
Ep  9950 | score  -20.35 | avg100  101.93 | grasp100  40.0% | best 0.475 |     31 st/s
    done(50): success=17 t_flicker=21 t_touched=6 t_no_reach=6
Ep 10000 | score   71.66 | avg100   67.41 | grasp100  24.0% | best 0.475 |     31 st/s
    done(50): success=7 t_flicker=17 t_touched=18 t_no_reach=8
Ep 10050 | score  180.79 | avg100   44.96 | grasp100  16.0% | best 0.475 |     31 st/s
    done(50): success=9 t_flicker=16 t_touched=14 t_no_reach=11
Ep 10100 | score  224.16 | avg100   47.18 | grasp100  19.0% | best 0.475 |     31 st/s
    done(50): success=10 t_flicker=14 t_touched=11 t_no_reach=15
Ep 10150 | score  200.90 | avg100   62.26 | grasp100  25.0% | best 0.475 |     31 st/s
    done(50): success=15 t_flicker=17 t_touched=15 t_no_reach=3
Ep 10200 | score   -3.06 | avg100   88.41 | grasp100  36.0% | best 0.475 |     31 st/s
    done(50): success=21 t_flicker=17 t_touched=9 t_no_reach=3
Ep 10250 | score  202.14 | avg100  102.21 | grasp100  44.0% | best 0.475 |     31 st/s
    done(50): success=23 t_flicker=12 t_touched=10 t_no_reach=5
Ep 10300 | score  -19.55 | avg100   98.92 | grasp100  40.0% | best 0.475 |     31 st/s
    done(50): success=17 t_flicker=20 t_touched=12 t_no_reach=1
Ep 10350 | score   -5.64 | avg100   97.37 | grasp100  38.0% | best 0.475 |     31 st/s
    done(50): success=21 t_flicker=13 t_touched=10 t_no_reach=6
Ep 10400 | score   42.41 | avg100   98.45 | grasp100  39.0% | best 0.475 |     31 st/s
    done(50): success=18 t_flicker=15 t_touched=17
Ep 10450 | score  201.16 | avg100   97.24 | grasp100  34.0% | best 0.475 |     31 st/s
    done(50): success=16 t_flicker=22 t_touched=10 t_no_reach=2
Ep 10500 | score  203.94 | avg100  108.34 | grasp100  40.0% | best 0.475 |     31 st/s
    done(50): success=24 t_flicker=18 t_touched=6 t_no_reach=2
Ep 10550 | score  207.47 | avg100  120.26 | grasp100  50.0% | best 0.475 |     31 st/s
    done(50): success=26 t_flicker=15 t_touched=8 t_no_reach=1
Ep 10600 | score   39.40 | avg100  117.15 | grasp100  49.0% | best 0.475 |     31 st/s
    done(50): success=23 t_flicker=19 t_touched=7 t_no_reach=1
Ep 10650 | score  169.85 | avg100  110.64 | grasp100  44.0% | best 0.475 |     31 st/s
    done(50): success=21 t_flicker=17 t_touched=12
Ep 10700 | score   24.00 | avg100  107.26 | grasp100  42.0% | best 0.475 |     31 st/s
    done(50): success=21 t_flicker=17 t_touched=11 t_no_reach=1
Ep 10750 | score  171.00 | avg100   93.83 | grasp100  33.0% | best 0.475 |     31 st/s
    done(50): success=12 t_flicker=28 t_touched=10
Ep 10800 | score  198.64 | avg100  100.34 | grasp100  35.0% | best 0.475 |     31 st/s
    done(50): success=23 t_flicker=19 t_touched=8
Ep 10850 | score   39.74 | avg100  121.22 | grasp100  48.0% | best 0.475 |     31 st/s
    done(50): success=25 t_flicker=19 t_touched=4 t_no_reach=2
Ep 10900 | score  201.49 | avg100  128.16 | grasp100  52.0% | best 0.475 |     31 st/s
    done(50): success=27 t_flicker=17 t_touched=5 t_no_reach=1
Ep 10950 | score   54.78 | avg100  116.77 | grasp100  46.0% | best 0.475 |     31 st/s
    done(50): success=19 t_flicker=22 t_touched=6 t_no_reach=3
Ep 10968 | * BEST  level200=2.00 grasp200= 49.0% metric=0.490 | score  197.98
Ep 11000 | score  177.26 | avg100  110.93 | grasp100  45.0% | best 0.490 |     31 st/s
    done(50): success=26 t_flicker=14 t_touched=9 t_no_reach=1
Ep 11024 | * BEST  level200=2.00 grasp200= 50.5% metric=0.505 | score  191.15
Ep 11050 | score  164.06 | avg100  124.39 | grasp100  53.0% | best 0.505 |     31 st/s
    done(50): success=27 t_flicker=20 t_touched=2 t_no_reach=1
Ep 11100 | score   13.56 | avg100  115.49 | grasp100  47.0% | best 0.505 |     31 st/s
    done(50): success=20 t_flicker=20 t_touched=7 t_no_reach=3
Ep 11150 | score  218.42 | avg100  118.60 | grasp100  50.0% | best 0.505 |     31 st/s
    done(50): success=30 t_flicker=13 t_touched=7
Ep 11151 | * BEST  level200=2.00 grasp200= 52.0% metric=0.520 | score  224.96
Ep 11200 | score   -0.80 | avg100  118.20 | grasp100  49.0% | best 0.520 |     31 st/s
    done(50): success=19 t_flicker=23 t_touched=4 t_no_reach=4
Ep 11250 | score   11.64 | avg100  114.09 | grasp100  47.0% | best 0.520 |     31 st/s
    done(50): success=28 t_flicker=15 t_touched=7
  [primacy-bias reset of critic heads @ 225000 updates]
Ep 11300 | score  -16.63 | avg100  106.57 | grasp100  45.0% | best 0.520 |     31 st/s
    done(50): success=17 t_flicker=19 t_touched=7 t_no_reach=7
Ep 11350 | score   40.13 | avg100   51.05 | grasp100  19.0% | best 0.520 |     31 st/s
    done(50): success=2 t_flicker=14 t_touched=12 t_no_reach=22
Ep 11400 | score   62.32 | avg100   27.70 | grasp100   9.0% | best 0.520 |     31 st/s
    done(50): success=7 t_flicker=17 t_touched=16 t_no_reach=10
Ep 11450 | score   -5.28 | avg100   50.52 | grasp100  19.0% | best 0.520 |     31 st/s
    done(50): success=12 t_flicker=15 t_touched=15 t_no_reach=8
Ep 11500 | score   30.53 | avg100   63.96 | grasp100  23.0% | best 0.520 |     31 st/s
    done(50): success=11 t_flicker=20 t_touched=15 t_no_reach=4
Ep 11550 | score    1.32 | avg100   87.16 | grasp100  34.0% | best 0.520 |     31 st/s
    done(50): success=23 t_flicker=17 t_touched=7 t_no_reach=3
Ep 11600 | score   64.41 | avg100  103.83 | grasp100  44.0% | best 0.520 |     31 st/s
    done(50): success=21 t_flicker=15 t_touched=12 t_no_reach=2
Ep 11650 | score  203.61 | avg100  109.46 | grasp100  46.0% | best 0.520 |     31 st/s
    done(50): success=25 t_flicker=15 t_touched=10
Ep 11700 | score   37.25 | avg100  102.48 | grasp100  41.0% | best 0.520 |     31 st/s
    done(50): success=16 t_flicker=17 t_touched=13 t_no_reach=4
Ep 11750 | score   76.99 | avg100   87.47 | grasp100  29.0% | best 0.520 |     31 st/s
    done(50): success=13 t_flicker=27 t_touched=10
Ep 11800 | score   51.59 | avg100   91.90 | grasp100  31.0% | best 0.520 |     31 st/s
    done(50): success=18 t_flicker=23 t_touched=6 t_no_reach=3
Ep 11850 | score  201.35 | avg100  100.94 | grasp100  38.0% | best 0.520 |     31 st/s
    done(50): success=20 t_flicker=18 t_touched=7 t_no_reach=5
Ep 11900 | score   61.18 | avg100  108.71 | grasp100  42.0% | best 0.520 |     31 st/s
    done(50): success=22 t_flicker=20 t_touched=7 t_no_reach=1
Ep 11950 | score  182.53 | avg100  104.98 | grasp100  41.0% | best 0.520 |     31 st/s
    done(50): success=19 t_flicker=21 t_touched=7 t_no_reach=3
Ep 12000 | score  150.34 | avg100  102.38 | grasp100  41.0% | best 0.520 |     31 st/s
    done(50): success=22 t_flicker=17 t_touched=6 t_no_reach=5
Ep 12050 | score  210.56 | avg100  102.87 | grasp100  40.0% | best 0.520 |     31 st/s
    done(50): success=18 t_flicker=19 t_touched=12 t_no_reach=1
Ep 12100 | score   45.91 | avg100  109.22 | grasp100  43.0% | best 0.520 |     31 st/s
    done(50): success=25 t_flicker=16 t_touched=9
Ep 12150 | score   36.49 | avg100  111.45 | grasp100  45.0% | best 0.520 |     31 st/s
    done(50): success=20 t_flicker=20 t_touched=7 t_no_reach=3
Ep 12200 | score   42.21 | avg100  107.78 | grasp100  40.0% | best 0.520 |     31 st/s
    done(50): success=20 t_flicker=22 t_touched=8
Ep 12250 | score   48.13 | avg100  108.39 | grasp100  42.0% | best 0.520 |     31 st/s
    done(50): success=22 t_flicker=21 t_touched=7
Ep 12300 | score   21.87 | avg100  106.01 | grasp100  44.0% | best 0.520 |     31 st/s
    done(50): success=22 t_flicker=20 t_touched=7 t_no_reach=1
Ep 12350 | score  188.78 | avg100  110.07 | grasp100  45.0% | best 0.520 |     31 st/s
    done(50): success=23 t_flicker=21 t_touched=3 t_no_reach=3
Ep 12400 | score  213.41 | avg100  118.45 | grasp100  49.0% | best 0.520 |     31 st/s
    done(50): success=26 t_flicker=15 t_touched=7 t_no_reach=2
Ep 12450 | score  186.27 | avg100  126.51 | grasp100  55.0% | best 0.520 |     31 st/s
    done(50): success=29 t_flicker=14 t_touched=4 t_no_reach=3
Ep 12500 | score   57.04 | avg100  120.80 | grasp100  50.0% | best 0.520 |     31 st/s
    done(50): success=21 t_flicker=23 t_touched=5 t_no_reach=1
Ep 12550 | score   34.37 | avg100  117.44 | grasp100  47.0% | best 0.520 |     31 st/s
    done(50): success=26 t_flicker=15 t_touched=9
Ep 12600 | score  168.85 | avg100  113.52 | grasp100  46.0% | best 0.520 |     31 st/s
    done(50): success=20 t_flicker=19 t_touched=8 t_no_reach=3
  [primacy-bias reset of critic heads @ 250000 updates]
Ep 12650 | score   30.67 | avg100   90.05 | grasp100  33.0% | best 0.520 |     31 st/s
    done(50): success=13 t_flicker=23 t_touched=9 t_no_reach=5
Ep 12700 | score   38.45 | avg100   58.26 | grasp100  18.0% | best 0.520 |     31 st/s
    done(50): success=5 t_flicker=16 t_touched=22 t_no_reach=7
Ep 12750 | score   76.42 | avg100   51.53 | grasp100  16.0% | best 0.520 |     31 st/s
    done(50): success=11 t_flicker=19 t_touched=14 t_no_reach=6
Ep 12800 | score   64.68 | avg100   65.57 | grasp100  22.0% | best 0.520 |     31 st/s
    done(50): success=11 t_flicker=27 t_touched=10 t_no_reach=2
Ep 12850 | score  201.40 | avg100   80.56 | grasp100  28.0% | best 0.520 |     31 st/s
    done(50): success=17 t_flicker=24 t_touched=8 t_no_reach=1
Ep 12900 | score  208.26 | avg100   89.82 | grasp100  33.0% | best 0.520 |     31 st/s
    done(50): success=16 t_flicker=22 t_touched=12
Ep 12950 | score  183.77 | avg100   89.18 | grasp100  33.0% | best 0.520 |     31 st/s
    done(50): success=17 t_flicker=22 t_touched=8 t_no_reach=3
Ep 13000 | score   36.72 | avg100   98.33 | grasp100  38.0% | best 0.520 |     31 st/s
    done(50): success=21 t_flicker=19 t_touched=7 t_no_reach=3
Ep 13050 | score   50.43 | avg100  102.83 | grasp100  41.0% | best 0.520 |     31 st/s
    done(50): success=20 t_flicker=20 t_touched=8 t_no_reach=2
Ep 13100 | score  208.35 | avg100  107.94 | grasp100  42.0% | best 0.520 |     31 st/s
    done(50): success=22 t_flicker=24 t_touched=4
Ep 13150 | score  201.87 | avg100  108.57 | grasp100  42.0% | best 0.520 |     31 st/s
    done(50): success=20 t_flicker=18 t_touched=11 t_no_reach=1
Ep 13200 | score  206.90 | avg100  111.00 | grasp100  46.0% | best 0.520 |     31 st/s
    done(50): success=26 t_flicker=17 t_touched=7
Ep 13250 | score   35.24 | avg100  118.44 | grasp100  51.0% | best 0.520 |     31 st/s
    done(50): success=25 t_flicker=16 t_touched=7 t_no_reach=2
Ep 13300 | score   59.92 | avg100  114.63 | grasp100  49.0% | best 0.520 |     31 st/s
    done(50): success=24 t_flicker=15 t_touched=11
Ep 13350 | score  183.21 | avg100  103.99 | grasp100  42.0% | best 0.520 |     31 st/s
    done(50): success=18 t_flicker=23 t_touched=8 t_no_reach=1
Ep 13400 | score   25.58 | avg100  104.09 | grasp100  40.0% | best 0.520 |     31 st/s
    done(50): success=22 t_flicker=22 t_touched=6
Ep 13450 | score  204.78 | avg100  105.92 | grasp100  38.0% | best 0.520 |     31 st/s
    done(50): success=16 t_flicker=27 t_touched=6 t_no_reach=1
Ep 13500 | score   37.65 | avg100  110.78 | grasp100  42.0% | best 0.520 |     31 st/s
    done(50): success=26 t_flicker=15 t_touched=8 t_no_reach=1
Ep 13550 | score   57.94 | avg100  114.46 | grasp100  42.0% | best 0.520 |     31 st/s
    done(50): success=16 t_flicker=29 t_touched=4 t_no_reach=1
Ep 13600 | score  199.59 | avg100  105.98 | grasp100  37.0% | best 0.520 |     31 st/s
    done(50): success=21 t_flicker=18 t_touched=9 t_no_reach=2
Ep 13650 | score  196.72 | avg100  121.75 | grasp100  51.0% | best 0.520 |     31 st/s
    done(50): success=30 t_flicker=17 t_touched=3
Ep 13700 | score  160.22 | avg100  132.42 | grasp100  57.0% | best 0.520 |     31 st/s
    done(50): success=27 t_flicker=17 t_touched=5 t_no_reach=1
Ep 13750 | score  130.67 | avg100  123.57 | grasp100  51.0% | best 0.520 |     31 st/s
    done(50): success=24 t_flicker=20 t_touched=6
Ep 13789 | * BEST  level200=2.00 grasp200= 53.5% metric=0.535 | score  180.31
Ep 13800 | score   -1.82 | avg100  114.65 | grasp100  46.0% | best 0.535 |     31 st/s
    done(50): success=22 t_flicker=20 t_touched=7 t_no_reach=1
Ep 13850 | score  210.90 | avg100  108.59 | grasp100  42.0% | best 0.535 |     31 st/s
    done(50): success=20 t_flicker=20 t_touched=10
Ep 13900 | score  135.75 | avg100  108.13 | grasp100  40.0% | best 0.535 |     31 st/s
    done(50): success=20 t_flicker=22 t_touched=6 t_no_reach=2
Ep 13950 | score  197.99 | avg100  104.77 | grasp100  39.0% | best 0.535 |     31 st/s
    done(50): success=19 t_flicker=19 t_touched=10 t_no_reach=2
  [primacy-bias reset of critic heads @ 275000 updates]
Ep 14000 | score    5.12 | avg100   79.15 | grasp100  30.0% | best 0.535 |     31 st/s
    done(50): success=11 t_flicker=9 t_touched=19 t_no_reach=11
Ep 14050 | score   19.87 | avg100   35.51 | grasp100  11.0% | best 0.535 |     31 st/s
    done(50): t_flicker=23 t_touched=17 t_no_reach=10
Ep 14100 | score    2.85 | avg100   26.69 | grasp100   8.0% | best 0.535 |     31 st/s
    done(50): success=8 t_flicker=12 t_touched=20 t_no_reach=10
Ep 14150 | score    8.39 | avg100   45.38 | grasp100  12.0% | best 0.535 |     31 st/s
    done(50): success=4 t_flicker=31 t_touched=12 t_no_reach=3
Ep 14200 | score   55.25 | avg100   63.14 | grasp100  17.0% | best 0.535 |     31 st/s
    done(50): success=13 t_flicker=23 t_touched=12 t_no_reach=2
Ep 14250 | score  188.10 | avg100   84.95 | grasp100  31.0% | best 0.535 |     31 st/s
    done(50): success=18 t_flicker=16 t_touched=14 t_no_reach=2
Ep 14300 | score   63.93 | avg100   99.76 | grasp100  38.0% | best 0.535 |     31 st/s
    done(50): success=20 t_flicker=21 t_touched=8 t_no_reach=1
Ep 14350 | score   27.34 | avg100  105.99 | grasp100  42.0% | best 0.535 |     31 st/s
    done(50): success=22 t_flicker=18 t_touched=9 t_no_reach=1
Ep 14400 | score   29.66 | avg100  107.72 | grasp100  45.0% | best 0.535 |     31 st/s
    done(50): success=23 t_flicker=16 t_touched=7 t_no_reach=4
Ep 14450 | score   57.62 | avg100  107.58 | grasp100  45.0% | best 0.535 |     31 st/s
    done(50): success=22 t_flicker=18 t_touched=6 t_no_reach=4
Ep 14500 | score  190.88 | avg100  107.28 | grasp100  41.0% | best 0.535 |     31 st/s
    done(50): success=19 t_flicker=23 t_touched=8
Ep 14550 | score  201.79 | avg100  115.45 | grasp100  45.0% | best 0.535 |     31 st/s
    done(50): success=26 t_flicker=17 t_touched=7
Ep 14600 | score   59.14 | avg100  117.14 | grasp100  48.0% | best 0.535 |     31 st/s
    done(50): success=22 t_flicker=18 t_touched=9 t_no_reach=1
Ep 14650 | score  186.81 | avg100  111.68 | grasp100  44.0% | best 0.535 |     31 st/s
    done(50): success=22 t_flicker=18 t_touched=10
Ep 14700 | score  141.62 | avg100  115.46 | grasp100  47.0% | best 0.535 |     31 st/s
    done(50): success=25 t_flicker=18 t_touched=5 t_no_reach=2
Ep 14750 | score  205.38 | avg100  103.99 | grasp100  39.0% | best 0.535 |     31 st/s
    done(50): success=14 t_flicker=26 t_touched=9 t_no_reach=1
Ep 14800 | score   32.07 | avg100  103.52 | grasp100  37.0% | best 0.535 |     31 st/s
    done(50): success=23 t_flicker=17 t_touched=9 t_no_reach=1
Ep 14850 | score   70.39 | avg100  120.05 | grasp100  50.0% | best 0.535 |     31 st/s
    done(50): success=27 t_flicker=17 t_touched=6
Ep 14900 | score  129.86 | avg100  123.33 | grasp100  52.0% | best 0.535 |     31 st/s
    done(50): success=25 t_flicker=21 t_touched=4
Ep 14950 | score  184.04 | avg100  118.72 | grasp100  49.0% | best 0.535 |     31 st/s
    done(50): success=24 t_flicker=15 t_touched=9 t_no_reach=2
Ep 15000 | score  204.97 | avg100  110.43 | grasp100  45.0% | best 0.535 |     31 st/s
    done(50): success=21 t_flicker=16 t_touched=13
Ep 15050 | score  156.26 | avg100  103.70 | grasp100  40.0% | best 0.535 |     31 st/s
    done(50): success=19 t_flicker=20 t_touched=9 t_no_reach=2
Ep 15100 | score   57.41 | avg100  124.21 | grasp100  52.0% | best 0.535 |     31 st/s
    done(50): success=33 t_flicker=14 t_touched=3
Ep 15150 | score  150.28 | avg100  128.05 | grasp100  52.0% | best 0.535 |     31 st/s
    done(50): success=19 t_flicker=27 t_touched=4
Ep 15200 | score   80.72 | avg100  114.03 | grasp100  43.0% | best 0.535 |     31 st/s
    done(50): success=24 t_flicker=20 t_touched=5 t_no_reach=1
Ep 15250 | score  214.49 | avg100  126.55 | grasp100  53.0% | best 0.535 |     31 st/s
    done(50): success=29 t_flicker=12 t_touched=7 t_no_reach=2
Ep 15300 | score   74.71 | avg100  124.05 | grasp100  51.0% | best 0.535 |     31 st/s
    done(50): success=22 t_flicker=23 t_touched=5
  [primacy-bias reset of critic heads @ 300000 updates]
Ep 15350 | score   10.40 | avg100   96.78 | grasp100  37.0% | best 0.535 |     31 st/s
    done(50): success=15 t_flicker=18 t_touched=8 t_no_reach=9
Ep 15400 | score  -13.45 | avg100   43.08 | grasp100  16.0% | best 0.535 |     31 st/s
    done(50): success=1 t_flicker=9 t_touched=12 t_no_reach=28
Ep 15450 | score   11.12 | avg100   23.48 | grasp100   7.0% | best 0.535 |     31 st/s
    done(50): success=6 t_flicker=13 t_touched=20 t_no_reach=11
Ep 15500 | score  208.30 | avg100   57.69 | grasp100  20.0% | best 0.535 |     31 st/s
    done(50): success=14 t_flicker=23 t_touched=8 t_no_reach=5
Ep 15550 | score   21.39 | avg100   70.82 | grasp100  24.0% | best 0.535 |     31 st/s
    done(50): success=10 t_flicker=24 t_touched=13 t_no_reach=3
Ep 15600 | score  208.61 | avg100   96.80 | grasp100  38.0% | best 0.535 |     31 st/s
    done(50): success=28 t_flicker=16 t_touched=4 t_no_reach=2
Ep 15650 | score  -19.74 | avg100  120.02 | grasp100  52.0% | best 0.535 |     31 st/s
    done(50): success=24 t_flicker=14 t_touched=10 t_no_reach=2
Ep 15700 | score  189.69 | avg100  109.36 | grasp100  45.0% | best 0.535 |     31 st/s
    done(50): success=21 t_flicker=20 t_touched=8 t_no_reach=1
Ep 15750 | score  183.94 | avg100  106.74 | grasp100  45.0% | best 0.535 |     31 st/s
    done(50): success=24 t_flicker=15 t_touched=9 t_no_reach=2
Ep 15800 | score   38.86 | avg100  118.33 | grasp100  53.0% | best 0.535 |     31 st/s
    done(50): success=29 t_flicker=10 t_touched=8 t_no_reach=3
Ep 15850 | score  190.98 | avg100  128.12 | grasp100  57.0% | best 0.535 |     31 st/s
    done(50): success=28 t_flicker=18 t_touched=3 t_no_reach=1
Ep 15885 | * BEST  level200=2.00 grasp200= 55.0% metric=0.550 | score  202.30
Ep 15899 | * BEST  level200=2.00 grasp200= 56.5% metric=0.565 | score  214.69
Ep 15900 | score  206.44 | avg100  131.88 | grasp100  60.0% | best 0.565 |     31 st/s
    done(50): success=32 t_flicker=13 t_touched=5
Ep 15939 | * BEST  level200=2.00 grasp200= 58.0% metric=0.580 | score  161.45
Ep 15950 | score  198.08 | avg100  131.51 | grasp100  60.0% | best 0.580 |     31 st/s
    done(50): success=28 t_flicker=14 t_touched=7 t_no_reach=1
Ep 15952 | * BEST  level200=2.00 grasp200= 59.5% metric=0.595 | score  198.14
Ep 16000 | score  205.55 | avg100  122.53 | grasp100  52.0% | best 0.595 |     31 st/s
    done(50): success=24 t_flicker=17 t_touched=9
Ep 16050 | score   12.23 | avg100  121.13 | grasp100  49.0% | best 0.595 |     31 st/s
    done(50): success=25 t_flicker=21 t_touched=2 t_no_reach=2
Ep 16100 | score  182.46 | avg100  117.04 | grasp100  47.0% | best 0.595 |     31 st/s
    done(50): success=22 t_flicker=15 t_touched=12 t_no_reach=1
Ep 16150 | score  180.72 | avg100  111.37 | grasp100  44.0% | best 0.595 |     31 st/s
    done(50): success=22 t_flicker=22 t_touched=6
Ep 16200 | score  181.79 | avg100  121.23 | grasp100  52.0% | best 0.595 |     31 st/s
    done(50): success=30 t_flicker=16 t_touched=4
Ep 16250 | score  194.88 | avg100  126.41 | grasp100  55.0% | best 0.595 |     31 st/s
    done(50): success=25 t_flicker=14 t_touched=10 t_no_reach=1
Ep 16300 | score   77.43 | avg100  113.81 | grasp100  46.0% | best 0.595 |     31 st/s
    done(50): success=21 t_flicker=17 t_touched=9 t_no_reach=3
Ep 16350 | score  196.22 | avg100  120.99 | grasp100  52.0% | best 0.595 |     31 st/s
    done(50): success=31 t_flicker=13 t_touched=4 t_no_reach=2
Ep 16400 | score  196.51 | avg100  125.70 | grasp100  53.0% | best 0.595 |     31 st/s
    done(50): success=22 t_flicker=21 t_touched=7
Ep 16450 | score   48.68 | avg100  123.51 | grasp100  50.0% | best 0.595 |     31 st/s
    done(50): success=28 t_flicker=18 t_touched=3 t_no_reach=1
Ep 16500 | score   48.07 | avg100  134.14 | grasp100  57.0% | best 0.595 |     31 st/s
    done(50): success=29 t_flicker=13 t_touched=7 t_no_reach=1
Ep 16550 | score   36.83 | avg100  129.98 | grasp100  55.0% | best 0.595 |     31 st/s
    done(50): success=26 t_flicker=17 t_touched=6 t_no_reach=1
Ep 16600 | score  198.96 | avg100  126.14 | grasp100  51.0% | best 0.595 |     31 st/s
    done(50): success=25 t_flicker=19 t_touched=6
Ep 16650 | score  192.76 | avg100  133.54 | grasp100  55.0% | best 0.595 |     31 st/s
    done(50): success=30 t_flicker=16 t_touched=4
Ep 16700 | score  181.53 | avg100  127.19 | grasp100  54.0% | best 0.595 |     31 st/s
    done(50): success=24 t_flicker=16 t_touched=9 t_no_reach=1
  [primacy-bias reset of critic heads @ 325000 updates]
Ep 16750 | score   -4.35 | avg100  116.16 | grasp100  48.0% | best 0.595 |     31 st/s
    done(50): success=24 t_flicker=20 t_touched=5 t_no_reach=1
Ep 16800 | score  -19.34 | avg100   81.98 | grasp100  32.0% | best 0.595 |     31 st/s
    done(50): success=8 t_flicker=17 t_touched=12 t_no_reach=13
Ep 16850 | score   68.70 | avg100   56.57 | grasp100  22.0% | best 0.595 |     31 st/s
    done(50): success=14 t_flicker=19 t_touched=3 t_no_reach=14
Ep 16900 | score   56.83 | avg100   68.70 | grasp100  28.0% | best 0.595 |     31 st/s
    done(50): success=14 t_flicker=20 t_touched=12 t_no_reach=4
Ep 16950 | score   60.21 | avg100   80.86 | grasp100  33.0% | best 0.595 |     31 st/s
    done(50): success=19 t_flicker=16 t_touched=11 t_no_reach=4
Ep 17000 | score   60.76 | avg100   86.22 | grasp100  35.0% | best 0.595 |     31 st/s
    done(50): success=16 t_flicker=18 t_touched=11 t_no_reach=5
Ep 17050 | score  188.08 | avg100   90.73 | grasp100  37.0% | best 0.595 |     31 st/s
    done(50): success=21 t_flicker=12 t_touched=14 t_no_reach=3
Ep 17100 | score   29.29 | avg100  105.35 | grasp100  44.0% | best 0.595 |     31 st/s
    done(50): success=23 t_flicker=17 t_touched=8 t_no_reach=2
Ep 17150 | score  204.73 | avg100  114.09 | grasp100  46.0% | best 0.595 |     31 st/s
    done(50): success=23 t_flicker=21 t_touched=4 t_no_reach=2
Ep 17200 | score   75.66 | avg100  120.59 | grasp100  48.0% | best 0.595 |     31 st/s
    done(50): success=25 t_flicker=16 t_touched=7 t_no_reach=2
Ep 17250 | score  197.56 | avg100  122.89 | grasp100  52.0% | best 0.595 |     31 st/s
    done(50): success=27 t_flicker=13 t_touched=7 t_no_reach=3
Ep 17300 | score   73.05 | avg100  126.12 | grasp100  55.0% | best 0.595 |     31 st/s
    done(50): success=28 t_flicker=18 t_touched=3 t_no_reach=1
Ep 17350 | score  196.60 | avg100  125.51 | grasp100  51.0% | best 0.595 |     31 st/s
    done(50): success=23 t_flicker=21 t_touched=6
Ep 17400 | score  155.92 | avg100  117.73 | grasp100  48.0% | best 0.595 |     31 st/s
    done(50): success=25 t_flicker=13 t_touched=10 t_no_reach=2
Ep 17450 | score  205.92 | avg100  120.05 | grasp100  51.0% | best 0.595 |     31 st/s
    done(50): success=26 t_flicker=18 t_touched=5 t_no_reach=1
Ep 17500 | score  201.23 | avg100  124.41 | grasp100  50.0% | best 0.595 |     31 st/s
    done(50): success=24 t_flicker=22 t_touched=3 t_no_reach=1
Ep 17550 | score  194.39 | avg100  125.77 | grasp100  50.0% | best 0.595 |     31 st/s
    done(50): success=26 t_flicker=18 t_touched=5 t_no_reach=1
Ep 17600 | score   39.51 | avg100  132.20 | grasp100  57.0% | best 0.595 |     31 st/s
    done(50): success=31 t_flicker=12 t_touched=7
Ep 17650 | score   25.03 | avg100  135.82 | grasp100  60.0% | best 0.595 |     31 st/s
    done(50): success=29 t_flicker=12 t_touched=8 t_no_reach=1
Ep 17700 | score  165.11 | avg100  123.51 | grasp100  53.0% | best 0.595 |     31 st/s
    done(50): success=24 t_flicker=14 t_touched=12
Ep 17750 | score   58.46 | avg100  113.24 | grasp100  46.0% | best 0.595 |     31 st/s
    done(50): success=22 t_flicker=21 t_touched=7
Ep 17800 | score  203.47 | avg100  125.92 | grasp100  52.0% | best 0.595 |     31 st/s
    done(50): success=30 t_flicker=13 t_touched=6 t_no_reach=1
Ep 17850 | score  201.02 | avg100  137.65 | grasp100  61.0% | best 0.595 |     31 st/s
    done(50): success=31 t_flicker=11 t_touched=7 t_no_reach=1
Ep 17900 | score  190.24 | avg100  122.16 | grasp100  51.0% | best 0.595 |     31 st/s
    done(50): success=20 t_flicker=18 t_touched=10 t_no_reach=2
Ep 17950 | score  179.05 | avg100  112.60 | grasp100  43.0% | best 0.595 |     31 st/s
    done(50): success=23 t_flicker=20 t_touched=6 t_no_reach=1
Ep 18000 | score   35.45 | avg100  118.16 | grasp100  47.0% | best 0.595 |     31 st/s
    done(50): success=24 t_flicker=14 t_touched=9 t_no_reach=3
Ep 18050 | score  203.47 | avg100  123.72 | grasp100  51.0% | best 0.595 |     31 st/s
    done(50): success=27 t_flicker=21 t_touched=2
Ep 18100 | score  204.62 | avg100  128.15 | grasp100  53.0% | best 0.595 |     31 st/s
    done(50): success=26 t_flicker=20 t_touched=4
Ep 18150 | score  191.13 | avg100  129.95 | grasp100  57.0% | best 0.595 |     31 st/s
    done(50): success=31 t_flicker=12 t_touched=7
  [primacy-bias reset of critic heads @ 350000 updates]
Ep 18200 | score  188.85 | avg100  125.46 | grasp100  56.0% | best 0.595 |     31 st/s
    done(50): success=25 t_flicker=16 t_touched=8 t_no_reach=1
Ep 18250 | score  145.49 | avg100   88.77 | grasp100  34.0% | best 0.595 |     31 st/s
    done(50): success=9 t_flicker=20 t_touched=17 t_no_reach=4
Ep 18300 | score    5.11 | avg100   45.95 | grasp100  13.0% | best 0.595 |     31 st/s
    done(50): success=4 t_flicker=20 t_touched=15 t_no_reach=11
Ep 18350 | score   11.99 | avg100   49.21 | grasp100  17.0% | best 0.595 |     31 st/s
    done(50): success=13 t_flicker=14 t_touched=10 t_no_reach=13
Ep 18400 | score   64.33 | avg100   61.25 | grasp100  21.0% | best 0.595 |     31 st/s
    done(50): success=8 t_flicker=26 t_touched=9 t_no_reach=7
Ep 18450 | score   56.50 | avg100   65.57 | grasp100  22.0% | best 0.595 |     31 st/s
    done(50): success=14 t_flicker=17 t_touched=11 t_no_reach=8
Ep 18500 | score  207.02 | avg100   81.79 | grasp100  30.0% | best 0.595 |     31 st/s
    done(50): success=16 t_flicker=19 t_touched=12 t_no_reach=3
Ep 18550 | score  202.11 | avg100  100.63 | grasp100  38.0% | best 0.595 |     31 st/s
    done(50): success=22 t_flicker=20 t_touched=7 t_no_reach=1
Ep 18600 | score   10.76 | avg100  120.06 | grasp100  49.0% | best 0.595 |     31 st/s
    done(50): success=27 t_flicker=18 t_touched=4 t_no_reach=1
Ep 18650 | score   27.69 | avg100  125.07 | grasp100  53.0% | best 0.595 |     31 st/s
    done(50): success=26 t_flicker=17 t_touched=7
Ep 18700 | score   37.44 | avg100  130.30 | grasp100  55.0% | best 0.595 |     31 st/s
    done(50): success=29 t_flicker=16 t_touched=4 t_no_reach=1
Ep 18750 | score  150.54 | avg100  133.22 | grasp100  57.0% | best 0.595 |     31 st/s
    done(50): success=28 t_flicker=17 t_touched=5
Ep 18800 | score    9.45 | avg100  126.51 | grasp100  54.0% | best 0.595 |     31 st/s
    done(50): success=26 t_flicker=18 t_touched=6
Ep 18850 | score   14.63 | avg100  126.41 | grasp100  54.0% | best 0.595 |     31 st/s
    done(50): success=28 t_flicker=14 t_touched=6 t_no_reach=2
Ep 18900 | score  187.74 | avg100  139.82 | grasp100  63.0% | best 0.595 |     31 st/s
    done(50): success=35 t_flicker=10 t_touched=4 t_no_reach=1
Ep 18909 | * BEST  level200=2.00 grasp200= 61.0% metric=0.610 | score  207.49
Ep 18950 | score   47.69 | avg100  142.31 | grasp100  64.0% | best 0.610 |     31 st/s
    done(50): success=29 t_flicker=18 t_touched=3
Ep 19000 | score  177.08 | avg100  134.44 | grasp100  58.0% | best 0.610 |     31 st/s
    done(50): success=29 t_flicker=15 t_touched=6
Ep 19035 | * BEST  level200=2.00 grasp200= 62.5% metric=0.625 | score  246.76
Ep 19043 | * BEST  level200=2.00 grasp200= 64.0% metric=0.640 | score  203.37
Ep 19050 | score  227.39 | avg100  148.02 | grasp100  66.0% | best 0.640 |     31 st/s
    done(50): success=37 t_flicker=11 t_touched=1 t_no_reach=1
Ep 19055 | * BEST  level200=2.00 grasp200= 65.5% metric=0.655 | score  161.62
Ep 19100 | score   13.32 | avg100  144.10 | grasp100  64.0% | best 0.655 |     31 st/s
    done(50): success=27 t_flicker=15 t_touched=7 t_no_reach=1
Ep 19150 | score  207.16 | avg100  120.40 | grasp100  51.0% | best 0.655 |     31 st/s
    done(50): success=24 t_flicker=18 t_touched=7 t_no_reach=1
Ep 19200 | score  177.22 | avg100  121.63 | grasp100  52.0% | best 0.655 |     31 st/s
    done(50): success=28 t_flicker=18 t_touched=2 t_no_reach=2
Ep 19250 | score  203.60 | avg100  137.91 | grasp100  61.0% | best 0.655 |     31 st/s
    done(50): success=33 t_flicker=12 t_touched=5
Ep 19300 | score  181.59 | avg100  139.77 | grasp100  64.0% | best 0.655 |     31 st/s
    done(50): success=31 t_flicker=12 t_touched=7
Ep 19350 | score   74.52 | avg100  128.52 | grasp100  58.0% | best 0.655 |     31 st/s
    done(50): success=27 t_flicker=14 t_touched=8 t_no_reach=1
Ep 19400 | score   67.33 | avg100  125.07 | grasp100  55.0% | best 0.655 |     31 st/s
    done(50): success=28 t_flicker=13 t_touched=8 t_no_reach=1
Ep 19450 | score  169.79 | avg100  128.10 | grasp100  56.0% | best 0.655 |     31 st/s
    done(50): success=28 t_flicker=15 t_touched=7
Ep 19500 | score  202.55 | avg100  130.97 | grasp100  57.0% | best 0.655 |     31 st/s
    done(50): success=29 t_flicker=12 t_touched=9
Ep 19550 | score  188.05 | avg100  137.17 | grasp100  60.0% | best 0.655 |     31 st/s
    done(50): success=31 t_flicker=11 t_touched=7 t_no_reach=1
Ep 19600 | score   58.02 | avg100  125.35 | grasp100  52.0% | best 0.655 |     31 st/s
    done(50): success=21 t_flicker=23 t_touched=5 t_no_reach=1
  [primacy-bias reset of critic heads @ 375000 updates]
Ep 19650 | score  165.29 | avg100  108.75 | grasp100  42.0% | best 0.655 |     31 st/s
    done(50): success=21 t_flicker=20 t_touched=9
Ep 19700 | score   55.71 | avg100   83.21 | grasp100  33.0% | best 0.655 |     31 st/s
    done(50): success=12 t_flicker=14 t_touched=14 t_no_reach=10
Ep 19750 | score   55.19 | avg100   63.50 | grasp100  25.0% | best 0.655 |     31 st/s
    done(50): success=13 t_flicker=18 t_touched=10 t_no_reach=9
Ep 19800 | score   60.96 | avg100   85.80 | grasp100  36.0% | best 0.655 |     31 st/s
    done(50): success=23 t_flicker=15 t_touched=7 t_no_reach=5
Ep 19850 | score   57.05 | avg100  105.53 | grasp100  46.0% | best 0.655 |     31 st/s
    done(50): success=23 t_flicker=20 t_touched=4 t_no_reach=3
Ep 19900 | score    6.83 | avg100   97.86 | grasp100  42.0% | best 0.655 |     31 st/s
    done(50): success=19 t_flicker=18 t_touched=10 t_no_reach=3
Ep 19950 | score  139.55 | avg100   93.40 | grasp100  40.0% | best 0.655 |     31 st/s
    done(50): success=21 t_flicker=15 t_touched=14
Ep 20000 | score   32.89 | avg100  103.92 | grasp100  42.0% | best 0.655 |     31 st/s
    done(50): success=21 t_flicker=18 t_touched=8 t_no_reach=3
Ep 20050 | score   24.69 | avg100  112.77 | grasp100  45.0% | best 0.655 |     31 st/s
    done(50): success=24 t_flicker=17 t_touched=9
Ep 20100 | score   62.76 | avg100  117.37 | grasp100  47.0% | best 0.655 |     31 st/s
    done(50): success=23 t_flicker=19 t_touched=6 t_no_reach=2
Ep 20150 | score  206.72 | avg100  118.76 | grasp100  47.0% | best 0.655 |     31 st/s
    done(50): success=24 t_flicker=15 t_touched=9 t_no_reach=2
Ep 20200 | score   51.02 | avg100  125.26 | grasp100  53.0% | best 0.655 |     31 st/s
    done(50): success=29 t_flicker=18 t_touched=3
Ep 20250 | score   59.82 | avg100  121.43 | grasp100  52.0% | best 0.655 |     31 st/s
    done(50): success=23 t_flicker=24 t_touched=2 t_no_reach=1
Ep 20300 | score   67.08 | avg100  111.84 | grasp100  44.0% | best 0.655 |     31 st/s
    done(50): success=21 t_flicker=24 t_touched=4 t_no_reach=1
Ep 20350 | score  206.77 | avg100  117.05 | grasp100  47.0% | best 0.655 |     31 st/s
    done(50): success=26 t_flicker=19 t_touched=3 t_no_reach=2
Ep 20400 | score  161.19 | avg100  121.88 | grasp100  53.0% | best 0.655 |     31 st/s
    done(50): success=27 t_flicker=16 t_touched=4 t_no_reach=3
Ep 20450 | score  193.04 | avg100  125.78 | grasp100  55.0% | best 0.655 |     31 st/s
    done(50): success=28 t_flicker=17 t_touched=5
Ep 20500 | score  186.62 | avg100  129.72 | grasp100  56.0% | best 0.655 |     31 st/s
    done(50): success=28 t_flicker=15 t_touched=6 t_no_reach=1
Ep 20550 | score  202.45 | avg100  128.98 | grasp100  55.0% | best 0.655 |     30 st/s
    done(50): success=27 t_flicker=20 t_touched=2 t_no_reach=1
Ep 20600 | score   83.11 | avg100  118.22 | grasp100  48.0% | best 0.655 |     30 st/s
    done(50): success=21 t_flicker=20 t_touched=9
Ep 20650 | score   25.44 | avg100  123.75 | grasp100  52.0% | best 0.655 |     30 st/s
    done(50): success=31 t_flicker=15 t_touched=4
Ep 20700 | score  205.60 | avg100  137.19 | grasp100  61.0% | best 0.655 |     30 st/s
    done(50): success=30 t_flicker=12 t_touched=7 t_no_reach=1
Ep 20750 | score   58.29 | avg100  128.95 | grasp100  54.0% | best 0.655 |     30 st/s
    done(50): success=24 t_flicker=19 t_touched=6 t_no_reach=1
Ep 20800 | score  173.04 | avg100  116.01 | grasp100  45.0% | best 0.655 |     30 st/s
    done(50): success=21 t_flicker=19 t_touched=8 t_no_reach=2
Ep 20850 | score  139.85 | avg100  117.51 | grasp100  49.0% | best 0.655 |     30 st/s
    done(50): success=28 t_flicker=15 t_touched=6 t_no_reach=1
Ep 20900 | score   60.46 | avg100  121.33 | grasp100  51.0% | best 0.655 |     30 st/s
    done(50): success=23 t_flicker=18 t_touched=9
Ep 20950 | score   59.38 | avg100  121.28 | grasp100  51.0% | best 0.655 |     30 st/s
    done(50): success=28 t_flicker=16 t_touched=4 t_no_reach=2
Ep 21000 | score  170.90 | avg100  128.51 | grasp100  54.0% | best 0.655 |     30 st/s
    done(50): success=26 t_flicker=18 t_touched=4 t_no_reach=2
Ep 21050 | score  138.92 | avg100  138.73 | grasp100  60.0% | best 0.655 |     30 st/s
    done(50): success=34 t_flicker=12 t_touched=2 t_no_reach=2
Ep 21100 | score   63.83 | avg100  137.74 | grasp100  63.0% | best 0.655 |     30 st/s
    done(50): success=29 t_flicker=14 t_touched=7
  [primacy-bias reset of critic heads @ 400000 updates]
Ep 21150 | score   -9.70 | avg100   87.50 | grasp100  38.0% | best 0.655 |     30 st/s
    done(50): success=9 t_flicker=12 t_touched=19 t_no_reach=10
Ep 21200 | score   -5.11 | avg100   36.42 | grasp100  13.0% | best 0.655 |     30 st/s
    done(50): success=4 t_flicker=13 t_touched=16 t_no_reach=17
Ep 21250 | score   57.10 | avg100   41.43 | grasp100  13.0% | best 0.655 |     30 st/s
    done(50): success=9 t_flicker=18 t_touched=13 t_no_reach=10
Ep 21300 | score   -4.43 | avg100   67.85 | grasp100  25.0% | best 0.655 |     30 st/s
    done(50): success=16 t_flicker=16 t_touched=12 t_no_reach=6
Ep 21350 | score   48.66 | avg100   81.69 | grasp100  32.0% | best 0.655 |     31 st/s
    done(50): success=16 t_flicker=20 t_touched=8 t_no_reach=6
Ep 21400 | score   22.81 | avg100   93.95 | grasp100  37.0% | best 0.655 |     31 st/s
    done(50): success=21 t_flicker=16 t_touched=10 t_no_reach=3
Ep 21450 | score  188.88 | avg100  110.20 | grasp100  46.0% | best 0.655 |     31 st/s
    done(50): success=25 t_flicker=15 t_touched=9 t_no_reach=1
Ep 21500 | score  221.38 | avg100  117.57 | grasp100  50.0% | best 0.655 |     31 st/s
    done(50): success=25 t_flicker=14 t_touched=10 t_no_reach=1
Ep 21550 | score  206.63 | avg100  119.13 | grasp100  51.0% | best 0.655 |     30 st/s
    done(50): success=26 t_flicker=17 t_touched=6 t_no_reach=1
Ep 21600 | score   42.38 | avg100  120.15 | grasp100  53.0% | best 0.655 |     30 st/s
    done(50): success=27 t_flicker=19 t_touched=4
Ep 21650 | score   93.13 | avg100  125.85 | grasp100  53.0% | best 0.655 |     30 st/s
    done(50): success=26 t_flicker=22 t_touched=2
Ep 21700 | score   78.75 | avg100  135.45 | grasp100  56.0% | best 0.655 |     30 st/s
    done(50): success=30 t_flicker=14 t_touched=6
Ep 21750 | score   71.67 | avg100  141.33 | grasp100  61.0% | best 0.655 |     30 st/s
    done(50): success=31 t_flicker=14 t_touched=5
Ep 21800 | score   57.34 | avg100  128.19 | grasp100  52.0% | best 0.655 |     30 st/s
    done(50): success=21 t_flicker=22 t_touched=6 t_no_reach=1
Ep 21850 | score   56.66 | avg100  119.58 | grasp100  46.0% | best 0.655 |     30 st/s
    done(50): success=25 t_flicker=19 t_touched=6
Ep 21900 | score  205.34 | avg100  134.45 | grasp100  59.0% | best 0.655 |     30 st/s
    done(50): success=34 t_flicker=10 t_touched=4 t_no_reach=2
Ep 21950 | score  119.94 | avg100  136.26 | grasp100  60.0% | best 0.655 |     30 st/s
    done(50): success=26 t_flicker=18 t_touched=5 t_no_reach=1
Ep 22000 | score  178.85 | avg100  130.62 | grasp100  52.0% | best 0.655 |     30 st/s
    done(50): success=26 t_flicker=19 t_touched=5
Ep 22050 | score  105.25 | avg100  133.12 | grasp100  55.0% | best 0.655 |     30 st/s
    done(50): success=29 t_flicker=16 t_touched=5
Ep 22100 | score  207.39 | avg100  135.24 | grasp100  59.0% | best 0.655 |     30 st/s
    done(50): success=30 t_flicker=16 t_touched=3 t_no_reach=1
Ep 22150 | score  202.34 | avg100  121.88 | grasp100  52.0% | best 0.655 |     30 st/s
    done(50): success=22 t_flicker=23 t_touched=3 t_no_reach=2
Ep 22200 | score  171.96 | avg100  123.42 | grasp100  54.0% | best 0.655 |     30 st/s
    done(50): success=32 t_flicker=14 t_touched=3 t_no_reach=1
Ep 22250 | score  180.93 | avg100  139.18 | grasp100  62.0% | best 0.655 |     30 st/s
    done(50): success=30 t_flicker=12 t_touched=6 t_no_reach=2
Ep 22300 | score  190.50 | avg100  125.99 | grasp100  52.0% | best 0.655 |     30 st/s
    done(50): success=22 t_flicker=22 t_touched=4 t_no_reach=2
Ep 22350 | score   26.78 | avg100  117.96 | grasp100  48.0% | best 0.655 |     30 st/s
    done(50): success=26 t_flicker=18 t_touched=4 t_no_reach=2
Ep 22400 | score  207.54 | avg100  130.78 | grasp100  55.0% | best 0.655 |     30 st/s
    done(50): success=29 t_flicker=15 t_touched=5 t_no_reach=1
Ep 22450 | score   64.76 | avg100  139.48 | grasp100  62.0% | best 0.655 |     30 st/s
    done(50): success=33 t_flicker=11 t_touched=6
Ep 22500 | score  148.39 | avg100  141.55 | grasp100  66.0% | best 0.655 |     30 st/s
    done(50): success=33 t_flicker=14 t_touched=3
  [primacy-bias reset of critic heads @ 425000 updates]
Ep 22550 | score   80.69 | avg100  134.89 | grasp100  58.0% | best 0.655 |     30 st/s
    done(50): success=25 t_flicker=21 t_touched=4
Ep 22600 | score    7.28 | avg100   90.02 | grasp100  35.0% | best 0.655 |     30 st/s
    done(50): success=10 t_flicker=15 t_touched=15 t_no_reach=10
Ep 22650 | score  -19.57 | avg100   40.65 | grasp100  14.0% | best 0.655 |     30 st/s
    done(50): success=4 t_flicker=10 t_touched=19 t_no_reach=17
Ep 22700 | score   32.09 | avg100   52.68 | grasp100  19.0% | best 0.655 |     30 st/s
    done(50): success=15 t_flicker=14 t_touched=11 t_no_reach=10
Ep 22750 | score  165.85 | avg100   84.95 | grasp100  35.0% | best 0.655 |     30 st/s
    done(50): success=20 t_flicker=15 t_touched=14 t_no_reach=1
Ep 22800 | score   27.33 | avg100   94.95 | grasp100  40.0% | best 0.655 |     30 st/s
    done(50): success=20 t_flicker=14 t_touched=10 t_no_reach=6
Ep 22850 | score   71.94 | avg100   99.84 | grasp100  41.0% | best 0.655 |     30 st/s
    done(50): success=21 t_flicker=18 t_touched=9 t_no_reach=2
Ep 22900 | score   15.77 | avg100  110.35 | grasp100  46.0% | best 0.655 |     30 st/s
    done(50): success=25 t_flicker=17 t_touched=5 t_no_reach=3
Ep 22950 | score   59.27 | avg100  125.75 | grasp100  54.0% | best 0.655 |     30 st/s
    done(50): success=29 t_flicker=14 t_touched=6 t_no_reach=1
Ep 23000 | score   16.66 | avg100  135.06 | grasp100  61.0% | best 0.655 |     30 st/s
    done(50): success=32 t_flicker=14 t_touched=3 t_no_reach=1
Ep 23050 | score  197.95 | avg100  132.60 | grasp100  59.0% | best 0.655 |     30 st/s
    done(50): success=27 t_flicker=19 t_touched=4
Ep 23100 | score  204.07 | avg100  134.66 | grasp100  59.0% | best 0.655 |     30 st/s
    done(50): success=32 t_flicker=18
Ep 23150 | score  201.36 | avg100  140.00 | grasp100  65.0% | best 0.655 |     30 st/s
    done(50): success=33 t_flicker=13 t_touched=2 t_no_reach=2
Ep 23200 | score   17.20 | avg100  127.81 | grasp100  57.0% | best 0.655 |     30 st/s
    done(50): success=24 t_flicker=18 t_touched=4 t_no_reach=4
Ep 23250 | score  167.33 | avg100  130.39 | grasp100  58.0% | best 0.655 |     30 st/s
    done(50): success=34 t_flicker=12 t_touched=4
Ep 23300 | score   42.68 | avg100  142.28 | grasp100  66.0% | best 0.655 |     30 st/s
    done(50): success=32 t_flicker=11 t_touched=7
Ep 23350 | score  194.32 | avg100  132.79 | grasp100  58.0% | best 0.655 |     30 st/s
    done(50): success=26 t_flicker=17 t_touched=6 t_no_reach=1
Ep 23400 | score   70.05 | avg100  126.87 | grasp100  53.0% | best 0.655 |     30 st/s
    done(50): success=27 t_flicker=17 t_touched=6
Ep 23450 | score  193.31 | avg100  132.04 | grasp100  57.0% | best 0.655 |     30 st/s
    done(50): success=30 t_flicker=15 t_touched=4 t_no_reach=1
Ep 23500 | score   17.29 | avg100  131.40 | grasp100  60.0% | best 0.655 |     30 st/s
    done(50): success=30 t_flicker=12 t_touched=6 t_no_reach=2
Ep 23550 | score  203.21 | avg100  127.16 | grasp100  56.0% | best 0.655 |     30 st/s
    done(50): success=26 t_flicker=22 t_touched=2
Ep 23600 | score  146.90 | avg100  135.00 | grasp100  57.0% | best 0.655 |     30 st/s
    done(50): success=31 t_flicker=15 t_touched=2 t_no_reach=2
Ep 23650 | score  185.57 | avg100  131.32 | grasp100  57.0% | best 0.655 |     30 st/s
    done(50): success=26 t_flicker=15 t_touched=7 t_no_reach=2
Ep 23700 | score    4.97 | avg100  124.47 | grasp100  53.0% | best 0.655 |     30 st/s
    done(50): success=27 t_flicker=17 t_touched=5 t_no_reach=1
Ep 23750 | score  202.01 | avg100  128.28 | grasp100  54.0% | best 0.655 |     30 st/s
    done(50): success=27 t_flicker=16 t_touched=6 t_no_reach=1
Ep 23800 | score  188.88 | avg100  131.48 | grasp100  56.0% | best 0.655 |     30 st/s
    done(50): success=29 t_flicker=15 t_touched=6
Ep 23850 | score  208.09 | avg100  142.01 | grasp100  62.0% | best 0.655 |     30 st/s
    done(50): success=33 t_flicker=15 t_touched=2
Ep 23900 | score   34.00 | avg100  136.74 | grasp100  59.0% | best 0.655 |     30 st/s
    done(50): success=26 t_flicker=14 t_touched=10
Ep 23950 | score  202.96 | avg100  137.69 | grasp100  60.0% | best 0.655 |     30 st/s
    done(50): success=34 t_flicker=14 t_touched=2
Ep 24000 | score  206.07 | avg100  144.16 | grasp100  64.0% | best 0.655 |     30 st/s
    done(50): success=30 t_flicker=14 t_touched=3 t_no_reach=3
  [primacy-bias reset of critic heads @ 450000 updates]
Ep 24050 | score    1.02 | avg100  121.08 | grasp100  52.0% | best 0.655 |     30 st/s
    done(50): success=22 t_flicker=14 t_touched=11 t_no_reach=3
Ep 24100 | score  205.55 | avg100   57.59 | grasp100  24.0% | best 0.655 |     30 st/s
    done(50): success=2 t_flicker=11 t_touched=12 t_no_reach=25
Ep 24150 | score   62.31 | avg100   18.72 | grasp100   6.0% | best 0.655 |     30 st/s
    done(50): success=4 t_flicker=17 t_touched=13 t_no_reach=16
Ep 24200 | score   25.62 | avg100   32.79 | grasp100   8.0% | best 0.655 |     30 st/s
    done(50): success=4 t_flicker=25 t_touched=11 t_no_reach=10
Ep 24250 | score   79.06 | avg100   57.13 | grasp100  17.0% | best 0.655 |     30 st/s
    done(50): success=13 t_flicker=22 t_touched=11 t_no_reach=4
Ep 24300 | score  172.88 | avg100   89.27 | grasp100  36.0% | best 0.655 |     30 st/s
    done(50): success=23 t_flicker=15 t_touched=11 t_no_reach=1
Ep 24350 | score  191.98 | avg100  107.16 | grasp100  45.0% | best 0.655 |     30 st/s
    done(50): success=22 t_flicker=17 t_touched=9 t_no_reach=2
Ep 24400 | score  199.44 | avg100  121.48 | grasp100  50.0% | best 0.655 |     30 st/s
    done(50): success=28 t_flicker=15 t_touched=4 t_no_reach=3
Ep 24450 | score  -18.19 | avg100  125.31 | grasp100  52.0% | best 0.655 |     30 st/s
    done(50): success=24 t_flicker=21 t_touched=5
Ep 24500 | score   59.08 | avg100  134.83 | grasp100  60.0% | best 0.655 |     30 st/s
    done(50): success=36 t_flicker=10 t_touched=4
Ep 24550 | score   55.04 | avg100  137.77 | grasp100  63.0% | best 0.655 |     30 st/s
    done(50): success=27 t_flicker=15 t_touched=8
Ep 24600 | score  172.20 | avg100  133.29 | grasp100  60.0% | best 0.655 |     30 st/s
    done(50): success=33 t_flicker=14 t_touched=3
Ep 24650 | score  172.44 | avg100  136.07 | grasp100  61.0% | best 0.655 |     30 st/s
    done(50): success=28 t_flicker=19 t_touched=3
Ep 24700 | score  213.40 | avg100  145.35 | grasp100  67.0% | best 0.655 |     30 st/s
    done(50): success=39 t_flicker=4 t_touched=7
Ep 24750 | score  205.03 | avg100  146.64 | grasp100  68.0% | best 0.655 |     30 st/s
    done(50): success=29 t_flicker=16 t_touched=4 t_no_reach=1
Ep 24800 | score   37.73 | avg100  130.51 | grasp100  57.0% | best 0.655 |     30 st/s
    done(50): success=28 t_flicker=17 t_touched=4 t_no_reach=1
Ep 24850 | score  185.12 | avg100  131.09 | grasp100  57.0% | best 0.655 |     30 st/s
    done(50): success=29 t_flicker=16 t_touched=5
Ep 24900 | score  174.00 | avg100  138.53 | grasp100  59.0% | best 0.655 |     30 st/s
    done(50): success=30 t_flicker=16 t_touched=4
Ep 24950 | score  201.24 | avg100  136.86 | grasp100  59.0% | best 0.655 |     30 st/s
    done(50): success=29 t_flicker=14 t_touched=5 t_no_reach=2
Ep 25000 | score   61.24 | avg100  137.29 | grasp100  62.0% | best 0.655 |     30 st/s
    done(50): success=33 t_flicker=10 t_touched=5 t_no_reach=2
Ep 25050 | score   41.16 | avg100  134.72 | grasp100  60.0% | best 0.655 |     30 st/s
    done(50): success=27 t_flicker=17 t_touched=5 t_no_reach=1
Ep 25100 | score   67.39 | avg100  130.25 | grasp100  56.0% | best 0.655 |     30 st/s
    done(50): success=29 t_flicker=18 t_touched=3
Ep 25150 | score  190.17 | avg100  145.24 | grasp100  67.0% | best 0.655 |     30 st/s
    done(50): success=38 t_flicker=10 t_touched=2
Ep 25200 | score   76.03 | avg100  142.19 | grasp100  65.0% | best 0.655 |     30 st/s
    done(50): success=27 t_flicker=21 t_touched=1 t_no_reach=1
Ep 25250 | score   27.58 | avg100  135.05 | grasp100  58.0% | best 0.655 |     30 st/s
    done(50): success=31 t_flicker=12 t_touched=7
Ep 25300 | score  165.33 | avg100  141.71 | grasp100  63.0% | best 0.655 |     30 st/s
    done(50): success=32 t_flicker=15 t_touched=3
Ep 25350 | score  167.73 | avg100  138.40 | grasp100  61.0% | best 0.655 |     30 st/s
    done(50): success=29 t_flicker=18 t_touched=3
Ep 25400 | score  200.12 | avg100  137.34 | grasp100  61.0% | best 0.655 |     30 st/s
    done(50): success=32 t_flicker=10 t_touched=8
Ep 25450 | score  206.64 | avg100  133.20 | grasp100  57.0% | best 0.655 |     30 st/s
    done(50): success=25 t_flicker=22 t_touched=1 t_no_reach=2
Ep 25500 | score   81.98 | avg100  133.45 | grasp100  55.0% | best 0.655 |     30 st/s
    done(50): success=30 t_flicker=17 t_touched=3
  [primacy-bias reset of critic heads @ 475000 updates]
Ep 25550 | score   71.54 | avg100  107.56 | grasp100  42.0% | best 0.655 |     30 st/s
    done(50): success=12 t_flicker=24 t_touched=10 t_no_reach=4
Ep 25600 | score   39.97 | avg100   59.38 | grasp100  20.0% | best 0.655 |     30 st/s
    done(50): success=8 t_flicker=16 t_touched=15 t_no_reach=11
Ep 25650 | score   24.47 | avg100   55.82 | grasp100  24.0% | best 0.655 |     30 st/s
    done(50): success=16 t_flicker=12 t_touched=15 t_no_reach=7
Ep 25700 | score   64.56 | avg100   74.65 | grasp100  32.0% | best 0.655 |     30 st/s
    done(50): success=16 t_flicker=22 t_touched=10 t_no_reach=2
Ep 25750 | score   37.48 | avg100   84.52 | grasp100  34.0% | best 0.655 |     30 st/s
    done(50): success=18 t_flicker=19 t_touched=10 t_no_reach=3
Ep 25800 | score  248.71 | avg100  106.39 | grasp100  47.0% | best 0.655 |     30 st/s
    done(50): success=29 t_flicker=14 t_touched=5 t_no_reach=2
Ep 25850 | score  179.17 | avg100  132.96 | grasp100  62.0% | best 0.655 |     30 st/s
    done(50): success=33 t_flicker=14 t_touched=2 t_no_reach=1
Ep 25900 | score  182.81 | avg100  139.05 | grasp100  65.0% | best 0.655 |     30 st/s
    done(50): success=32 t_flicker=13 t_touched=4 t_no_reach=1
Ep 25950 | score   58.99 | avg100  128.33 | grasp100  57.0% | best 0.655 |     30 st/s
    done(50): success=25 t_flicker=18 t_touched=7
Ep 26000 | score   81.37 | avg100  125.73 | grasp100  55.0% | best 0.655 |     30 st/s
    done(50): success=30 t_flicker=17 t_touched=2 t_no_reach=1
Ep 26050 | score   10.64 | avg100  138.75 | grasp100  62.0% | best 0.655 |     30 st/s
    done(50): success=32 t_flicker=14 t_touched=4
Ep 26100 | score   22.29 | avg100  134.68 | grasp100  58.0% | best 0.655 |     30 st/s
    done(50): success=26 t_flicker=17 t_touched=7
Ep 26150 | score  167.16 | avg100  125.68 | grasp100  55.0% | best 0.655 |     30 st/s
    done(50): success=29 t_flicker=12 t_touched=6 t_no_reach=3
Ep 26200 | score   67.94 | avg100  137.18 | grasp100  64.0% | best 0.655 |     30 st/s
    done(50): success=35 t_flicker=13 t_touched=1 t_no_reach=1
Ep 26250 | score  198.69 | avg100  145.47 | grasp100  66.0% | best 0.655 |     30 st/s
    done(50): success=31 t_flicker=15 t_touched=4
Ep 26300 | score   62.36 | avg100  136.02 | grasp100  58.0% | best 0.655 |     30 st/s
    done(50): success=27 t_flicker=16 t_touched=7
Ep 26350 | score  201.59 | avg100  133.78 | grasp100  57.0% | best 0.655 |     30 st/s
    done(50): success=30 t_flicker=13 t_touched=7
Ep 26400 | score  172.66 | avg100  140.21 | grasp100  64.0% | best 0.655 |     30 st/s
    done(50): success=34 t_flicker=12 t_touched=4
Ep 26450 | score   24.53 | avg100  133.51 | grasp100  59.0% | best 0.655 |     30 st/s
    done(50): success=25 t_flicker=19 t_touched=3 t_no_reach=3
Ep 26500 | score   59.25 | avg100  132.10 | grasp100  56.0% | best 0.655 |     30 st/s
    done(50): success=31 t_flicker=13 t_touched=6
Ep 26550 | score  195.11 | avg100  138.18 | grasp100  62.0% | best 0.655 |     30 st/s
    done(50): success=31 t_flicker=13 t_touched=6
Ep 26600 | score  193.16 | avg100  140.88 | grasp100  63.0% | best 0.655 |     30 st/s
    done(50): success=32 t_flicker=15 t_touched=2 t_no_reach=1
Ep 26650 | score  202.49 | avg100  136.74 | grasp100  59.0% | best 0.655 |     30 st/s
    done(50): success=27 t_flicker=21 t_touched=2
Ep 26700 | score  179.25 | avg100  133.45 | grasp100  58.0% | best 0.655 |     30 st/s
    done(50): success=31 t_flicker=14 t_touched=5
Ep 26750 | score  187.06 | avg100  126.16 | grasp100  53.0% | best 0.655 |     30 st/s
    done(50): success=22 t_flicker=23 t_touched=5
Ep 26800 | score  121.46 | avg100  119.02 | grasp100  47.0% | best 0.655 |     30 st/s
    done(50): success=25 t_flicker=21 t_touched=4
Ep 26850 | score  195.02 | avg100  128.04 | grasp100  54.0% | best 0.655 |     30 st/s
    done(50): success=29 t_flicker=18 t_touched=3
Ep 26900 | score  154.49 | avg100  127.79 | grasp100  56.0% | best 0.655 |     30 st/s
    done(50): success=27 t_flicker=15 t_touched=6 t_no_reach=2
Ep 26950 | score  179.55 | avg100  129.05 | grasp100  54.0% | best 0.655 |     30 st/s
    done(50): success=27 t_flicker=19 t_touched=4
Ep 27000 | score   90.58 | avg100  130.40 | grasp100  53.0% | best 0.655 |     30 st/s
    done(50): success=26 t_flicker=17 t_touched=6 t_no_reach=1
Ep 27050 | score   29.28 | avg100  126.17 | grasp100  53.0% | best 0.655 |     30 st/s
    done(50): success=27 t_flicker=17 t_touched=6
  [primacy-bias reset of critic heads @ 500000 updates]
Ep 27100 | score   61.66 | avg100   97.10 | grasp100  41.0% | best 0.655 |     30 st/s
    done(50): success=14 t_flicker=16 t_touched=10 t_no_reach=10
Ep 27150 | score  176.37 | avg100   68.08 | grasp100  27.0% | best 0.655 |     30 st/s
    done(50): success=13 t_flicker=17 t_touched=9 t_no_reach=11
Ep 27200 | score    7.17 | avg100   65.42 | grasp100  28.0% | best 0.655 |     30 st/s
    done(50): success=15 t_flicker=10 t_touched=10 t_no_reach=15
Ep 27250 | score   58.12 | avg100   80.01 | grasp100  35.0% | best 0.655 |     30 st/s
    done(50): success=20 t_flicker=20 t_touched=6 t_no_reach=4
Ep 27300 | score  191.26 | avg100  107.95 | grasp100  47.0% | best 0.655 |     30 st/s
    done(50): success=27 t_flicker=13 t_touched=8 t_no_reach=2
Ep 27350 | score   16.75 | avg100  114.03 | grasp100  50.0% | best 0.655 |     30 st/s
    done(50): success=23 t_flicker=17 t_touched=7 t_no_reach=3
Ep 27400 | score   35.20 | avg100  113.74 | grasp100  49.0% | best 0.655 |     30 st/s
    done(50): success=26 t_flicker=13 t_touched=11
Ep 27450 | score  196.42 | avg100  120.27 | grasp100  53.0% | best 0.655 |     30 st/s
    done(50): success=27 t_flicker=13 t_touched=6 t_no_reach=4
Ep 27500 | score   58.38 | avg100  122.85 | grasp100  53.0% | best 0.655 |     30 st/s
    done(50): success=26 t_flicker=18 t_touched=6
Ep 27550 | score  200.22 | avg100  125.78 | grasp100  52.0% | best 0.655 |     30 st/s
    done(50): success=26 t_flicker=15 t_touched=8 t_no_reach=1
Ep 27600 | score  209.19 | avg100  122.84 | grasp100  48.0% | best 0.655 |     30 st/s
    done(50): success=22 t_flicker=25 t_touched=3
Ep 27650 | score  202.51 | avg100  124.76 | grasp100  49.0% | best 0.655 |     30 st/s
    done(50): success=27 t_flicker=19 t_touched=3 t_no_reach=1
Ep 27700 | score  196.06 | avg100  144.07 | grasp100  61.0% | best 0.655 |     30 st/s
    done(50): success=34 t_flicker=15 t_touched=1
Ep 27750 | score  181.26 | avg100  147.48 | grasp100  67.0% | best 0.655 |     30 st/s
    done(50): success=33 t_flicker=15 t_touched=2
Ep 27800 | score   63.70 | avg100  139.73 | grasp100  62.0% | best 0.655 |     30 st/s
    done(50): success=29 t_flicker=18 t_touched=2 t_no_reach=1
Ep 27850 | score  190.32 | avg100  145.66 | grasp100  64.0% | best 0.655 |     30 st/s
    done(50): success=35 t_flicker=11 t_touched=3 t_no_reach=1
Ep 27900 | score   59.65 | avg100  143.54 | grasp100  64.0% | best 0.655 |     30 st/s
    done(50): success=29 t_flicker=18 t_touched=3
Ep 27950 | score  206.00 | avg100  148.27 | grasp100  66.0% | best 0.655 |     30 st/s
    done(50): success=37 t_flicker=11 t_touched=1 t_no_reach=1
Ep 28000 | score   20.92 | avg100  143.22 | grasp100  64.0% | best 0.655 |     30 st/s
    done(50): success=27 t_flicker=16 t_touched=6 t_no_reach=1
Ep 28050 | score  105.93 | avg100  126.25 | grasp100  54.0% | best 0.655 |     30 st/s
    done(50): success=27 t_flicker=17 t_touched=6
Ep 28100 | score   58.63 | avg100  134.97 | grasp100  58.0% | best 0.655 |     30 st/s
    done(50): success=31 t_flicker=16 t_touched=2 t_no_reach=1
Ep 28150 | score  206.98 | avg100  141.85 | grasp100  62.0% | best 0.655 |     30 st/s
    done(50): success=31 t_flicker=14 t_touched=5
Ep 28200 | score   55.55 | avg100  146.12 | grasp100  64.0% | best 0.655 |     30 st/s
    done(50): success=33 t_flicker=14 t_touched=3
Ep 28250 | score   26.81 | avg100  138.58 | grasp100  58.0% | best 0.655 |     30 st/s
    done(50): success=25 t_flicker=19 t_touched=6
Ep 28300 | score  185.17 | avg100  132.97 | grasp100  57.0% | best 0.655 |     30 st/s
    done(50): success=32 t_flicker=11 t_touched=6 t_no_reach=1
Ep 28350 | score  169.88 | avg100  142.35 | grasp100  65.0% | best 0.655 |     30 st/s
    done(50): success=33 t_flicker=13 t_touched=3 t_no_reach=1
Ep 28400 | score  157.14 | avg100  145.09 | grasp100  65.0% | best 0.655 |     30 st/s
    done(50): success=32 t_flicker=15 t_touched=3
Ep 28450 | score  197.29 | avg100  148.75 | grasp100  66.0% | best 0.655 |     30 st/s
    done(50): success=34 t_flicker=12 t_touched=4
Ep 28471 | * BEST  level200=2.00 grasp200= 67.0% metric=0.670 | score  214.97
Ep 28477 | * BEST  level200=2.00 grasp200= 68.5% metric=0.685 | score  189.00
Ep 28500 | score  159.37 | avg100  155.09 | grasp100  72.0% | best 0.685 |     30 st/s
    done(50): success=38 t_flicker=10 t_touched=1 t_no_reach=1
Ep 28535 | * BEST  level200=2.00 grasp200= 70.0% metric=0.700 | score  186.96
Ep 28550 | score   19.16 | avg100  152.15 | grasp100  71.0% | best 0.700 |     30 st/s
    done(50): success=33 t_flicker=15 t_touched=2
Ep 28600 | score  178.12 | avg100  145.09 | grasp100  67.0% | best 0.700 |     30 st/s
    done(50): success=34 t_flicker=14 t_touched=2
  [primacy-bias reset of critic heads @ 525000 updates]
Ep 28650 | score   26.47 | avg100  119.68 | grasp100  56.0% | best 0.700 |     30 st/s
    done(50): success=22 t_flicker=10 t_touched=7 t_no_reach=11
Ep 28700 | score   51.59 | avg100   73.26 | grasp100  31.0% | best 0.700 |     30 st/s
    done(50): success=9 t_flicker=13 t_touched=13 t_no_reach=15
Ep 28750 | score  165.80 | avg100   69.09 | grasp100  29.0% | best 0.700 |     30 st/s
    done(50): success=20 t_flicker=14 t_touched=9 t_no_reach=7
Ep 28800 | score   79.54 | avg100   87.55 | grasp100  41.0% | best 0.700 |     30 st/s
    done(50): success=21 t_flicker=16 t_touched=5 t_no_reach=8
Ep 28850 | score   16.40 | avg100  105.01 | grasp100  49.0% | best 0.700 |     30 st/s
    done(50): success=28 t_flicker=12 t_touched=8 t_no_reach=2
Ep 28900 | score  202.98 | avg100  125.59 | grasp100  57.0% | best 0.700 |     30 st/s
    done(50): success=29 t_flicker=14 t_touched=5 t_no_reach=2
Ep 28950 | score  189.01 | avg100  125.42 | grasp100  57.0% | best 0.700 |     30 st/s
    done(50): success=28 t_flicker=9 t_touched=13
Ep 29000 | score   37.14 | avg100  118.94 | grasp100  54.0% | best 0.700 |     30 st/s
    done(50): success=26 t_flicker=16 t_touched=6 t_no_reach=2
Ep 29050 | score   49.99 | avg100  115.26 | grasp100  51.0% | best 0.700 |     30 st/s
    done(50): success=25 t_flicker=15 t_touched=6 t_no_reach=4
Ep 29100 | score  177.88 | avg100  124.96 | grasp100  55.0% | best 0.700 |     30 st/s
    done(50): success=30 t_flicker=15 t_touched=5
Ep 29150 | score  168.41 | avg100  131.88 | grasp100  57.0% | best 0.700 |     30 st/s
    done(50): success=27 t_flicker=20 t_touched=3
Ep 29200 | score  198.85 | avg100  139.26 | grasp100  63.0% | best 0.700 |     30 st/s
    done(50): success=36 t_flicker=10 t_touched=4
Ep 29250 | score  203.18 | avg100  146.46 | grasp100  68.0% | best 0.700 |     30 st/s
    done(50): success=32 t_flicker=13 t_touched=5
Ep 29300 | score  191.51 | avg100  132.57 | grasp100  57.0% | best 0.700 |     30 st/s
    done(50): success=25 t_flicker=18 t_touched=5 t_no_reach=2
Ep 29350 | score   64.52 | avg100  137.84 | grasp100  60.0% | best 0.700 |     30 st/s
    done(50): success=35 t_flicker=12 t_touched=3
Ep 29400 | score   63.49 | avg100  147.35 | grasp100  66.0% | best 0.700 |     30 st/s
    done(50): success=31 t_flicker=15 t_touched=4
Ep 29450 | score  165.99 | avg100  143.53 | grasp100  66.0% | best 0.700 |     30 st/s
    done(50): success=35 t_flicker=10 t_touched=5
Ep 29500 | score   56.92 | avg100  149.23 | grasp100  69.0% | best 0.700 |     30 st/s
    done(50): success=34 t_flicker=13 t_touched=2 t_no_reach=1
Ep 29550 | score   43.67 | avg100  147.82 | grasp100  66.0% | best 0.700 |     30 st/s
    done(50): success=32 t_flicker=14 t_touched=4
Ep 29600 | score   20.91 | avg100  134.63 | grasp100  59.0% | best 0.700 |     30 st/s
    done(50): success=27 t_flicker=17 t_touched=6
Ep 29650 | score  185.48 | avg100  136.96 | grasp100  60.0% | best 0.700 |     30 st/s
    done(50): success=33 t_flicker=15 t_touched=2
Ep 29700 | score   58.41 | avg100  150.41 | grasp100  70.0% | best 0.700 |     30 st/s
    done(50): success=37 t_flicker=11 t_touched=2
Ep 29750 | score  193.39 | avg100  144.39 | grasp100  67.0% | best 0.700 |     30 st/s
    done(50): success=30 t_flicker=15 t_touched=5
Ep 29800 | score  192.94 | avg100  137.20 | grasp100  62.0% | best 0.700 |     30 st/s
    done(50): success=32 t_flicker=14 t_touched=3 t_no_reach=1
Ep 29850 | score   23.31 | avg100  139.45 | grasp100  62.0% | best 0.700 |     30 st/s
    done(50): success=30 t_flicker=12 t_touched=8
Ep 29900 | score  204.17 | avg100  142.34 | grasp100  64.0% | best 0.700 |     30 st/s
    done(50): success=34 t_flicker=10 t_touched=6
Ep 29950 | score  237.72 | avg100  139.84 | grasp100  66.0% | best 0.700 |     30 st/s
    done(50): success=32 t_flicker=12 t_touched=6
Ep 30000 | score  181.32 | avg100  143.90 | grasp100  67.0% | best 0.700 |     30 st/s
    done(50): success=35 t_flicker=10 t_touched=4 t_no_reach=1
Ep 30050 | score  207.10 | avg100  149.98 | grasp100  69.0% | best 0.700 |     30 st/s
    done(50): success=34 t_flicker=11 t_touched=4 t_no_reach=1
Ep 30100 | score  203.82 | avg100  144.14 | grasp100  66.0% | best 0.700 |     30 st/s
    done(50): success=32 t_flicker=12 t_touched=4 t_no_reach=2
Ep 30150 | score  174.97 | avg100  146.55 | grasp100  67.0% | best 0.700 |     30 st/s
    done(50): success=35 t_flicker=13 t_touched=2
Ep 30200 | score  186.01 | avg100  155.88 | grasp100  71.0% | best 0.700 |     30 st/s
    done(50): success=36 t_flicker=11 t_touched=1 t_no_reach=2
  [primacy-bias reset of critic heads @ 550000 updates]
Ep 30250 | score  -27.39 | avg100  125.22 | grasp100  57.0% | best 0.700 |     30 st/s
    done(50): success=21 t_flicker=11 t_touched=11 t_no_reach=7
Ep 30300 | score  -19.18 | avg100   44.87 | grasp100  22.0% | best 0.700 |     30 st/s
    done(50): success=1 t_flicker=5 t_touched=13 t_no_reach=31
Ep 30350 | score   -2.80 | avg100    5.04 | grasp100   1.0% | best 0.700 |     30 st/s
    done(50): t_flicker=10 t_touched=20 t_no_reach=20
Ep 30400 | score   61.31 | avg100   23.81 | grasp100   6.0% | best 0.700 |     30 st/s
    done(50): success=6 t_flicker=20 t_touched=13 t_no_reach=11
Ep 30450 | score   59.28 | avg100   64.65 | grasp100  25.0% | best 0.700 |     30 st/s
    done(50): success=19 t_flicker=20 t_touched=5 t_no_reach=6
Ep 30500 | score  104.04 | avg100  112.04 | grasp100  49.0% | best 0.700 |     30 st/s
    done(50): success=30 t_flicker=11 t_touched=6 t_no_reach=3
Ep 30550 | score  179.78 | avg100  137.33 | grasp100  63.0% | best 0.700 |     30 st/s
    done(50): success=33 t_flicker=12 t_touched=2 t_no_reach=3
Ep 30600 | score  206.24 | avg100  132.04 | grasp100  60.0% | best 0.700 |     30 st/s
    done(50): success=27 t_flicker=14 t_touched=7 t_no_reach=2
Ep 30650 | score  204.87 | avg100  132.91 | grasp100  58.0% | best 0.700 |     30 st/s
    done(50): success=31 t_flicker=16 t_touched=2 t_no_reach=1
Ep 30700 | score  202.41 | avg100  147.52 | grasp100  66.0% | best 0.700 |     30 st/s
    done(50): success=35 t_flicker=11 t_touched=3 t_no_reach=1
Ep 30750 | score  199.29 | avg100  148.96 | grasp100  71.0% | best 0.700 |     30 st/s
    done(50): success=36 t_flicker=8 t_touched=6
Ep 30800 | score   60.29 | avg100  146.19 | grasp100  68.0% | best 0.700 |     30 st/s
    done(50): success=32 t_flicker=14 t_touched=3 t_no_reach=1
Ep 30850 | score  210.70 | avg100  145.44 | grasp100  64.0% | best 0.700 |     30 st/s
    done(50): success=32 t_flicker=13 t_touched=4 t_no_reach=1
Ep 30900 | score   56.90 | avg100  149.17 | grasp100  67.0% | best 0.700 |     30 st/s
    done(50): success=35 t_flicker=13 t_touched=2
Ep 30950 | score  168.63 | avg100  152.30 | grasp100  70.0% | best 0.700 |     30 st/s
    done(50): success=35 t_flicker=12 t_touched=3
Ep 31000 | score   18.99 | avg100  143.46 | grasp100  65.0% | best 0.700 |     30 st/s
    done(50): success=30 t_flicker=15 t_touched=4 t_no_reach=1
Ep 31050 | score  164.10 | avg100  140.69 | grasp100  64.0% | best 0.700 |     30 st/s
    done(50): success=34 t_flicker=9 t_touched=6 t_no_reach=1
Ep 31100 | score   55.85 | avg100  151.92 | grasp100  70.0% | best 0.700 |     30 st/s
    done(50): success=36 t_flicker=12 t_touched=1 t_no_reach=1
Ep 31150 | score   55.98 | avg100  150.41 | grasp100  69.0% | best 0.700 |     30 st/s
    done(50): success=33 t_flicker=11 t_touched=5 t_no_reach=1
Ep 31200 | score  177.35 | avg100  148.62 | grasp100  70.0% | best 0.700 |     30 st/s
    done(50): success=37 t_flicker=10 t_touched=1 t_no_reach=2
Ep 31250 | score  198.98 | avg100  142.56 | grasp100  66.0% | best 0.700 |     30 st/s
    done(50): success=29 t_flicker=15 t_touched=5 t_no_reach=1
Ep 31300 | score  199.29 | avg100  147.28 | grasp100  68.0% | best 0.700 |     30 st/s
    done(50): success=39 t_flicker=9 t_touched=2
Ep 31350 | score  209.56 | avg100  157.17 | grasp100  73.0% | best 0.700 |     30 st/s
    done(50): success=34 t_flicker=14 t_touched=1 t_no_reach=1
Ep 31400 | score  122.31 | avg100  145.57 | grasp100  64.0% | best 0.700 |     30 st/s
    done(50): success=30 t_flicker=15 t_touched=5
Ep 31450 | score  205.17 | avg100  148.35 | grasp100  66.0% | best 0.700 |     30 st/s
    done(50): success=36 t_flicker=11 t_touched=3
Ep 31500 | score   27.39 | avg100  156.11 | grasp100  73.0% | best 0.700 |     30 st/s
    done(50): success=37 t_flicker=7 t_touched=4 t_no_reach=2
Ep 31550 | score  206.77 | avg100  147.18 | grasp100  68.0% | best 0.700 |     30 st/s
    done(50): success=31 t_flicker=17 t_touched=2
Ep 31600 | score  -18.21 | avg100  143.81 | grasp100  66.0% | best 0.700 |     30 st/s
    done(50): success=35 t_flicker=11 t_touched=4
Ep 31609 | * BEST  level200=2.00 grasp200= 71.5% metric=0.715 | score  206.92
Ep 31650 | score  128.89 | avg100  151.03 | grasp100  70.0% | best 0.715 |     30 st/s
    done(50): success=35 t_flicker=12 t_touched=3
Ep 31700 | score  210.55 | avg100  154.87 | grasp100  69.0% | best 0.715 |     30 st/s
    done(50): success=34 t_flicker=14 t_touched=1 t_no_reach=1
Ep 31750 | score  184.72 | avg100  148.21 | grasp100  66.0% | best 0.715 |     30 st/s
    done(50): success=32 t_flicker=14 t_touched=4
  [primacy-bias reset of critic heads @ 575000 updates]
Ep 31800 | score  208.47 | avg100  140.48 | grasp100  63.0% | best 0.715 |     30 st/s
    done(50): success=31 t_flicker=14 t_touched=5
Ep 31850 | score   12.26 | avg100   89.21 | grasp100  39.0% | best 0.715 |     30 st/s
    done(50): success=8 t_flicker=14 t_touched=8 t_no_reach=20
Ep 31900 | score  -21.60 | avg100   27.77 | grasp100  14.0% | best 0.715 |     30 st/s
    done(50): success=6 t_flicker=3 t_touched=14 t_no_reach=27
Ep 31950 | score   83.33 | avg100   27.06 | grasp100  13.0% | best 0.715 |     30 st/s
    done(50): success=7 t_flicker=12 t_touched=9 t_no_reach=22
Ep 32000 | score    9.48 | avg100   57.59 | grasp100  23.0% | best 0.715 |     30 st/s
    done(50): success=16 t_flicker=23 t_touched=6 t_no_reach=5
Ep 32050 | score   53.57 | avg100   87.68 | grasp100  36.0% | best 0.715 |     30 st/s
    done(50): success=20 t_flicker=16 t_touched=12 t_no_reach=2
Ep 32100 | score  184.53 | avg100  114.32 | grasp100  49.0% | best 0.715 |     30 st/s
    done(50): success=29 t_flicker=16 t_touched=4 t_no_reach=1
Ep 32150 | score  198.52 | avg100  123.35 | grasp100  53.0% | best 0.715 |     30 st/s
    done(50): success=24 t_flicker=19 t_touched=5 t_no_reach=2
Ep 32200 | score   56.41 | avg100  121.48 | grasp100  54.0% | best 0.715 |     30 st/s
    done(50): success=30 t_flicker=15 t_touched=4 t_no_reach=1
Ep 32250 | score  205.10 | avg100  134.67 | grasp100  62.0% | best 0.715 |     30 st/s
    done(50): success=32 t_flicker=11 t_touched=4 t_no_reach=3
Ep 32300 | score   20.22 | avg100  141.52 | grasp100  66.0% | best 0.715 |     30 st/s
    done(50): success=34 t_flicker=10 t_touched=5 t_no_reach=1
Ep 32350 | score  194.70 | avg100  149.73 | grasp100  72.0% | best 0.715 |     30 st/s
    done(50): success=38 t_flicker=11 t_touched=1
Ep 32400 | score   76.35 | avg100  145.73 | grasp100  68.0% | best 0.715 |     30 st/s
    done(50): success=30 t_flicker=15 t_touched=3 t_no_reach=2
Ep 32450 | score  187.27 | avg100  146.64 | grasp100  68.0% | best 0.715 |     30 st/s
    done(50): success=38 t_flicker=8 t_touched=4
Ep 32500 | score  192.31 | avg100  144.15 | grasp100  67.0% | best 0.715 |     30 st/s
    done(50): success=29 t_flicker=17 t_touched=3 t_no_reach=1
Ep 32550 | score  203.23 | avg100  144.27 | grasp100  67.0% | best 0.715 |     30 st/s
    done(50): success=38 t_flicker=7 t_touched=5
Ep 32600 | score  193.25 | avg100  151.05 | grasp100  69.0% | best 0.715 |     30 st/s
    done(50): success=31 t_flicker=16 t_touched=3
Ep 32650 | score  196.80 | avg100  151.07 | grasp100  68.0% | best 0.715 |     30 st/s
    done(50): success=37 t_flicker=8 t_touched=5
Ep 32700 | score   43.31 | avg100  156.07 | grasp100  72.0% | best 0.715 |     30 st/s
    done(50): success=35 t_flicker=14 t_touched=1
Ep 32750 | score  201.80 | avg100  154.94 | grasp100  71.0% | best 0.715 |     30 st/s
    done(50): success=36 t_flicker=13 t_touched=1
Ep 32800 | score  106.01 | avg100  154.40 | grasp100  70.0% | best 0.715 |     30 st/s
    done(50): success=34 t_flicker=10 t_touched=4 t_no_reach=2
Ep 32850 | score  200.31 | avg100  149.11 | grasp100  67.0% | best 0.715 |     30 st/s
    done(50): success=33 t_flicker=12 t_touched=4 t_no_reach=1
Ep 32900 | score  225.77 | avg100  148.83 | grasp100  69.0% | best 0.715 |     30 st/s
    done(50): success=36 t_flicker=9 t_touched=5
Ep 32950 | score  195.66 | avg100  144.35 | grasp100  66.0% | best 0.715 |     30 st/s
    done(50): success=30 t_flicker=13 t_touched=6 t_no_reach=1
Ep 33000 | score   29.01 | avg100  140.08 | grasp100  63.0% | best 0.715 |     30 st/s
    done(50): success=33 t_flicker=12 t_touched=4 t_no_reach=1
Ep 33050 | score  190.91 | avg100  145.89 | grasp100  68.0% | best 0.715 |     30 st/s
    done(50): success=35 t_flicker=12 t_touched=1 t_no_reach=2
Ep 33100 | score   38.66 | avg100  148.13 | grasp100  68.0% | best 0.715 |     30 st/s
    done(50): success=33 t_flicker=14 t_touched=2 t_no_reach=1
Ep 33150 | score  192.48 | avg100  143.90 | grasp100  64.0% | best 0.715 |     30 st/s
    done(50): success=31 t_flicker=16 t_touched=2 t_no_reach=1
Ep 33200 | score   24.82 | avg100  144.61 | grasp100  64.0% | best 0.715 |     30 st/s
    done(50): success=33 t_flicker=12 t_touched=4 t_no_reach=1
Ep 33250 | score    6.05 | avg100  148.69 | grasp100  67.0% | best 0.715 |     30 st/s
    done(50): success=34 t_flicker=11 t_touched=3 t_no_reach=2
Ep 33300 | score  196.28 | avg100  150.87 | grasp100  69.0% | best 0.715 |     30 st/s
    done(50): success=35 t_flicker=10 t_touched=4 t_no_reach=1
Ep 33350 | score  195.47 | avg100  153.29 | grasp100  70.0% | best 0.715 |     30 st/s
    done(50): success=35 t_flicker=13 t_touched=1 t_no_reach=1
  [primacy-bias reset of critic heads @ 600000 updates]
Ep 33400 | score   15.71 | avg100  143.01 | grasp100  64.0% | best 0.715 |     30 st/s
    done(50): success=29 t_flicker=12 t_touched=8 t_no_reach=1
Ep 33450 | score   20.89 | avg100  107.47 | grasp100  47.0% | best 0.715 |     30 st/s
    done(50): success=18 t_flicker=12 t_touched=13 t_no_reach=7
Ep 33500 | score    5.79 | avg100   68.76 | grasp100  31.0% | best 0.715 |     30 st/s
    done(50): success=13 t_flicker=12 t_touched=12 t_no_reach=13
Ep 33550 | score   87.98 | avg100   81.96 | grasp100  37.0% | best 0.715 |     30 st/s
    done(50): success=24 t_flicker=12 t_touched=12 t_no_reach=2
Ep 33600 | score  198.80 | avg100  103.94 | grasp100  47.0% | best 0.715 |     30 st/s
    done(50): success=23 t_flicker=10 t_touched=15 t_no_reach=2
Ep 33650 | score    7.84 | avg100  106.68 | grasp100  46.0% | best 0.715 |     30 st/s
    done(50): success=23 t_flicker=15 t_touched=8 t_no_reach=4
Ep 33700 | score  144.92 | avg100  117.57 | grasp100  51.0% | best 0.715 |     30 st/s
    done(50): success=28 t_flicker=12 t_touched=8 t_no_reach=2
Ep 33750 | score  185.44 | avg100  119.82 | grasp100  54.0% | best 0.715 |     30 st/s
    done(50): success=26 t_flicker=18 t_touched=5 t_no_reach=1
Ep 33800 | score  207.97 | avg100  122.70 | grasp100  53.0% | best 0.715 |     30 st/s
    done(50): success=27 t_flicker=21 t_touched=1 t_no_reach=1
Ep 33850 | score  193.14 | avg100  141.38 | grasp100  65.0% | best 0.715 |     30 st/s
    done(50): success=38 t_flicker=9 t_touched=2 t_no_reach=1
Ep 33900 | score   63.84 | avg100  156.78 | grasp100  75.0% | best 0.715 |     30 st/s
    done(50): success=37 t_flicker=10 t_touched=2 t_no_reach=1
Ep 33950 | score   55.84 | avg100  148.59 | grasp100  70.0% | best 0.715 |     30 st/s
    done(50): success=33 t_flicker=14 t_touched=1 t_no_reach=2
Ep 33989 | * BEST  level200=2.00 grasp200= 73.0% metric=0.730 | score  205.68
Ep 34000 | score   75.58 | avg100  149.35 | grasp100  71.0% | best 0.730 |     30 st/s
    done(50): success=38 t_flicker=6 t_touched=5 t_no_reach=1
Ep 34027 | * BEST  level200=2.00 grasp200= 74.5% metric=0.745 | score  178.85
Ep 34050 | score  204.02 | avg100  161.21 | grasp100  76.0% | best 0.745 |     30 st/s
    done(50): success=38 t_flicker=9 t_touched=3
Ep 34100 | score  197.20 | avg100  164.58 | grasp100  78.0% | best 0.745 |     30 st/s
    done(50): success=40 t_flicker=6 t_touched=4
Ep 34143 | * BEST  level200=2.00 grasp200= 76.0% metric=0.760 | score  199.36
Ep 34150 | score  197.76 | avg100  158.28 | grasp100  76.0% | best 0.760 |     30 st/s
    done(50): success=36 t_flicker=10 t_touched=4
Ep 34200 | score   18.21 | avg100  144.81 | grasp100  67.0% | best 0.760 |     30 st/s
    done(50): success=31 t_flicker=17 t_touched=2
Ep 34250 | score   56.14 | avg100  149.91 | grasp100  69.0% | best 0.760 |     30 st/s
    done(50): success=38 t_flicker=11 t_touched=1
Ep 34300 | score   62.50 | avg100  156.51 | grasp100  73.0% | best 0.760 |     30 st/s
    done(50): success=35 t_flicker=8 t_touched=6 t_no_reach=1
Ep 34350 | score  190.64 | avg100  141.45 | grasp100  64.0% | best 0.760 |     30 st/s
    done(50): success=29 t_flicker=14 t_touched=6 t_no_reach=1
Ep 34400 | score  199.59 | avg100  149.86 | grasp100  69.0% | best 0.760 |     30 st/s
    done(50): success=40 t_flicker=9 t_touched=1
Ep 34450 | score  197.50 | avg100  154.69 | grasp100  73.0% | best 0.760 |     30 st/s
    done(50): success=33 t_flicker=12 t_touched=3 t_no_reach=2
Ep 34500 | score  205.42 | avg100  144.76 | grasp100  68.0% | best 0.760 |     30 st/s
    done(50): success=35 t_flicker=12 t_touched=3
Ep 34550 | score   57.50 | avg100  155.19 | grasp100  73.0% | best 0.760 |     30 st/s
    done(50): success=38 t_flicker=10 t_touched=2
Ep 34600 | score  203.39 | avg100  157.96 | grasp100  74.0% | best 0.760 |     30 st/s
    done(50): success=36 t_flicker=11 t_touched=2 t_no_reach=1
Ep 34650 | score   36.81 | avg100  154.87 | grasp100  72.0% | best 0.760 |     30 st/s
    done(50): success=36 t_flicker=9 t_touched=5
Ep 34700 | score   57.51 | avg100  152.99 | grasp100  70.0% | best 0.760 |     30 st/s
    done(50): success=34 t_flicker=13 t_touched=3
Ep 34750 | score   27.26 | avg100  148.66 | grasp100  68.0% | best 0.760 |     30 st/s
    done(50): success=34 t_flicker=11 t_touched=5
Ep 34800 | score  207.90 | avg100  155.74 | grasp100  72.0% | best 0.760 |     30 st/s
    done(50): success=38 t_flicker=9 t_touched=3
Ep 34850 | score  203.58 | avg100  163.50 | grasp100  76.0% | best 0.760 |     30 st/s
    done(50): success=38 t_flicker=10 t_touched=2
Ep 34900 | score  202.84 | avg100  154.46 | grasp100  69.0% | best 0.760 |     30 st/s
    done(50): success=31 t_flicker=15 t_touched=4
Ep 34950 | score  189.83 | avg100  146.07 | grasp100  65.0% | best 0.760 |     30 st/s
    done(50): success=34 t_flicker=8 t_touched=7 t_no_reach=1
Ep 35000 | score  102.05 | avg100  155.33 | grasp100  73.0% | best 0.760 |     30 st/s
    done(50): success=39 t_flicker=5 t_touched=5 t_no_reach=1
Ep 35050 | score   59.40 | avg100  163.25 | grasp100  76.0% | best 0.760 |     30 st/s
    done(50): success=37 t_flicker=10 t_touched=3
  [primacy-bias reset of critic heads @ 625000 updates]
Ep 35100 | score   28.17 | avg100  109.32 | grasp100  48.0% | best 0.760 |     30 st/s
    done(50): success=11 t_flicker=19 t_touched=8 t_no_reach=12
Ep 35150 | score   -8.17 | avg100   31.84 | grasp100  13.0% | best 0.760 |     30 st/s
    done(50): success=2 t_flicker=2 t_touched=21 t_no_reach=25
Ep 35200 | score  204.50 | avg100   33.19 | grasp100  16.0% | best 0.760 |     30 st/s
    done(50): success=14 t_flicker=11 t_touched=8 t_no_reach=17
Ep 35250 | score   19.07 | avg100   79.17 | grasp100  38.0% | best 0.760 |     30 st/s
    done(50): success=24 t_flicker=12 t_touched=7 t_no_reach=7
Ep 35300 | score   11.54 | avg100   98.27 | grasp100  45.0% | best 0.760 |     30 st/s
    done(50): success=21 t_flicker=13 t_touched=12 t_no_reach=4
Ep 35350 | score  202.78 | avg100  115.87 | grasp100  52.0% | best 0.760 |     30 st/s
    done(50): success=31 t_flicker=14 t_touched=4 t_no_reach=1
Ep 35400 | score  196.67 | avg100  135.32 | grasp100  64.0% | best 0.760 |     30 st/s
    done(50): success=33 t_flicker=11 t_touched=5 t_no_reach=1
Ep 35450 | score  188.91 | avg100  137.71 | grasp100  64.0% | best 0.760 |     30 st/s
    done(50): success=31 t_flicker=13 t_touched=5 t_no_reach=1
Ep 35500 | score  181.49 | avg100  139.81 | grasp100  65.0% | best 0.760 |     30 st/s
    done(50): success=34 t_flicker=14 t_touched=2
Ep 35550 | score  185.13 | avg100  136.74 | grasp100  63.0% | best 0.760 |     30 st/s
    done(50): success=29 t_flicker=15 t_touched=4 t_no_reach=2
Ep 35600 | score  179.77 | avg100  125.93 | grasp100  56.0% | best 0.760 |     30 st/s
    done(50): success=27 t_flicker=15 t_touched=6 t_no_reach=2
Ep 35650 | score   57.66 | avg100  139.61 | grasp100  64.0% | best 0.760 |     30 st/s
    done(50): success=37 t_flicker=10 t_touched=2 t_no_reach=1
Ep 35700 | score   35.48 | avg100  151.79 | grasp100  69.0% | best 0.760 |     30 st/s
    done(50): success=32 t_flicker=16 t_touched=1 t_no_reach=1
Ep 35750 | score  198.18 | avg100  142.48 | grasp100  64.0% | best 0.760 |     30 st/s
    done(50): success=32 t_flicker=16 t_touched=2
Ep 35800 | score   30.48 | avg100  149.19 | grasp100  70.0% | best 0.760 |     30 st/s
    done(50): success=38 t_flicker=7 t_touched=4 t_no_reach=1
Ep 35850 | score  194.95 | avg100  154.02 | grasp100  71.0% | best 0.760 |     30 st/s
    done(50): success=33 t_flicker=14 t_touched=3
Ep 35900 | score  -15.94 | avg100  159.86 | grasp100  74.0% | best 0.760 |     30 st/s
    done(50): success=41 t_flicker=8 t_touched=1
Ep 35950 | score  179.35 | avg100  157.69 | grasp100  73.0% | best 0.760 |     30 st/s
    done(50): success=32 t_flicker=15 t_touched=3
Ep 36000 | score  201.12 | avg100  145.96 | grasp100  65.0% | best 0.760 |     30 st/s
    done(50): success=33 t_flicker=11 t_touched=3 t_no_reach=3
Ep 36050 | score  160.87 | avg100  147.73 | grasp100  67.0% | best 0.760 |     30 st/s
    done(50): success=34 t_flicker=14 t_touched=2
Ep 36100 | score  176.37 | avg100  159.93 | grasp100  76.0% | best 0.760 |     30 st/s
    done(50): success=42 t_flicker=4 t_touched=4
Ep 36150 | score   80.02 | avg100  154.73 | grasp100  73.0% | best 0.760 |     30 st/s
    done(50): success=31 t_flicker=14 t_touched=3 t_no_reach=2
Ep 36200 | score  198.90 | avg100  142.17 | grasp100  63.0% | best 0.760 |     30 st/s
    done(50): success=32 t_flicker=15 t_touched=3
Ep 36250 | score  195.58 | avg100  157.13 | grasp100  73.0% | best 0.760 |     30 st/s
    done(50): success=41 t_flicker=8 t_touched=1
Ep 36300 | score   61.85 | avg100  166.20 | grasp100  79.0% | best 0.760 |     30 st/s
    done(50): success=38 t_flicker=12
Ep 36350 | score   43.17 | avg100  150.69 | grasp100  68.0% | best 0.760 |     30 st/s
    done(50): success=30 t_flicker=18 t_touched=1 t_no_reach=1
Ep 36400 | score  197.12 | avg100  144.52 | grasp100  64.0% | best 0.760 |     30 st/s
    done(50): success=34 t_flicker=13 t_touched=3
Ep 36450 | score  199.73 | avg100  148.39 | grasp100  66.0% | best 0.760 |     30 st/s
    done(50): success=32 t_flicker=15 t_touched=2 t_no_reach=1
Ep 36500 | score   32.04 | avg100  151.57 | grasp100  69.0% | best 0.760 |     30 st/s
    done(50): success=37 t_flicker=10 t_touched=3
Ep 36550 | score  205.57 | avg100  154.85 | grasp100  73.0% | best 0.760 |     30 st/s
    done(50): success=36 t_flicker=12 t_touched=2
Ep 36600 | score  202.68 | avg100  151.67 | grasp100  71.0% | best 0.760 |     30 st/s
    done(50): success=35 t_flicker=13 t_touched=2
Ep 36650 | score  166.36 | avg100  156.11 | grasp100  74.0% | best 0.760 |     30 st/s
    done(50): success=39 t_flicker=9 t_touched=2
Ep 36700 | score   55.83 | avg100  157.84 | grasp100  75.0% | best 0.760 |     30 st/s
    done(50): success=36 t_flicker=11 t_touched=3
  [primacy-bias reset of critic heads @ 650000 updates]
Ep 36750 | score  -26.98 | avg100   94.91 | grasp100  46.0% | best 0.760 |     30 st/s
    done(50): success=10 t_flicker=7 t_touched=11 t_no_reach=22
Ep 36800 | score  -13.29 | avg100   23.59 | grasp100  15.0% | best 0.760 |     30 st/s
    done(50): success=5 t_flicker=7 t_touched=9 t_no_reach=29
Ep 36850 | score  190.69 | avg100   45.51 | grasp100  25.0% | best 0.760 |     30 st/s
    done(50): success=20 t_flicker=12 t_touched=8 t_no_reach=10
Ep 36900 | score  199.79 | avg100   70.26 | grasp100  31.0% | best 0.760 |     30 st/s
    done(50): success=11 t_flicker=19 t_touched=12 t_no_reach=8
Ep 36950 | score   58.18 | avg100   76.96 | grasp100  30.0% | best 0.760 |     30 st/s
    done(50): success=19 t_flicker=21 t_touched=7 t_no_reach=3
Ep 37000 | score   61.21 | avg100  101.74 | grasp100  43.0% | best 0.760 |     30 st/s
    done(50): success=24 t_flicker=17 t_touched=6 t_no_reach=3
Ep 37050 | score  196.44 | avg100  121.49 | grasp100  53.0% | best 0.760 |     30 st/s
    done(50): success=29 t_flicker=15 t_touched=5 t_no_reach=1
Ep 37100 | score   43.43 | avg100  142.62 | grasp100  65.0% | best 0.760 |     30 st/s
    done(50): success=36 t_flicker=10 t_touched=3 t_no_reach=1
Ep 37150 | score  185.14 | avg100  156.83 | grasp100  74.0% | best 0.760 |     30 st/s
    done(50): success=38 t_flicker=9 t_touched=3
Ep 37200 | score  208.00 | avg100  155.61 | grasp100  73.0% | best 0.760 |     30 st/s
    done(50): success=35 t_flicker=13 t_touched=2
Ep 37250 | score  105.97 | avg100  145.98 | grasp100  68.0% | best 0.760 |     30 st/s
    done(50): success=33 t_flicker=14 t_touched=1 t_no_reach=2
Ep 37300 | score  199.82 | avg100  136.25 | grasp100  61.0% | best 0.760 |     30 st/s
    done(50): success=28 t_flicker=18 t_touched=3 t_no_reach=1
Ep 37350 | score  177.62 | avg100  135.73 | grasp100  60.0% | best 0.760 |     30 st/s
    done(50): success=32 t_flicker=14 t_touched=4
Ep 37400 | score   56.84 | avg100  138.34 | grasp100  62.0% | best 0.760 |     30 st/s
    done(50): success=30 t_flicker=11 t_touched=8 t_no_reach=1
Ep 37450 | score   66.42 | avg100  148.10 | grasp100  68.0% | best 0.760 |     30 st/s
    done(50): success=38 t_flicker=9 t_touched=2 t_no_reach=1
Ep 37500 | score  167.61 | avg100  151.49 | grasp100  71.0% | best 0.760 |     30 st/s
    done(50): success=33 t_flicker=8 t_touched=6 t_no_reach=3
Ep 37550 | score  201.85 | avg100  150.56 | grasp100  71.0% | best 0.760 |     30 st/s
    done(50): success=38 t_flicker=9 t_touched=3
Ep 37600 | score  230.28 | avg100  156.70 | grasp100  73.0% | best 0.760 |     30 st/s
    done(50): success=35 t_flicker=11 t_touched=4
Ep 37650 | score  205.05 | avg100  160.76 | grasp100  76.0% | best 0.760 |     30 st/s
    done(50): success=41 t_flicker=5 t_touched=2 t_no_reach=2
Ep 37700 | score  190.77 | avg100  155.06 | grasp100  74.0% | best 0.760 |     30 st/s
    done(50): success=33 t_flicker=10 t_touched=6 t_no_reach=1
Ep 37750 | score   58.56 | avg100  153.43 | grasp100  72.0% | best 0.760 |     30 st/s
    done(50): success=39 t_flicker=7 t_touched=3 t_no_reach=1
Ep 37800 | score  206.60 | avg100  158.93 | grasp100  77.0% | best 0.760 |     30 st/s
    done(50): success=38 t_flicker=6 t_touched=5 t_no_reach=1
Ep 37850 | score  194.34 | avg100  148.46 | grasp100  70.0% | best 0.760 |     30 st/s
    done(50): success=32 t_flicker=14 t_touched=3 t_no_reach=1
Ep 37900 | score  189.73 | avg100  151.35 | grasp100  71.0% | best 0.760 |     30 st/s
    done(50): success=39 t_flicker=8 t_touched=3
Ep 37950 | score  192.61 | avg100  159.91 | grasp100  76.0% | best 0.760 |     30 st/s
    done(50): success=37 t_flicker=7 t_touched=5 t_no_reach=1
Ep 38000 | score  202.40 | avg100  158.70 | grasp100  75.0% | best 0.760 |     30 st/s
    done(50): success=38 t_flicker=8 t_touched=3 t_no_reach=1
Ep 38050 | score   13.82 | avg100  142.72 | grasp100  66.0% | best 0.760 |     30 st/s
    done(50): success=28 t_flicker=12 t_touched=9 t_no_reach=1
Ep 38100 | score  156.69 | avg100  146.07 | grasp100  66.0% | best 0.760 |     30 st/s
    done(50): success=38 t_flicker=10 t_touched=1 t_no_reach=1
Ep 38150 | score  204.99 | avg100  158.90 | grasp100  74.0% | best 0.760 |     30 st/s
    done(50): success=36 t_flicker=11 t_touched=3
Ep 38200 | score  199.53 | avg100  163.59 | grasp100  78.0% | best 0.760 |     30 st/s
    done(50): success=42 t_flicker=7 t_touched=1
Ep 38250 | score  190.76 | avg100  159.12 | grasp100  76.0% | best 0.760 |     30 st/s
    done(50): success=34 t_flicker=10 t_touched=5 t_no_reach=1
Ep 38300 | score  192.70 | avg100  159.01 | grasp100  76.0% | best 0.760 |     30 st/s
    done(50): success=42 t_flicker=7 t_touched=1
Ep 38319 | * BEST  level200=2.00 grasp200= 77.5% metric=0.775 | score  138.65
  [primacy-bias reset of critic heads @ 675000 updates]
Ep 38350 | score  -12.60 | avg100  141.18 | grasp100  64.0% | best 0.775 |     30 st/s
    done(50): success=22 t_flicker=21 t_touched=3 t_no_reach=4
Ep 38400 | score  -18.34 | avg100   75.65 | grasp100  30.0% | best 0.775 |     30 st/s
    done(50): success=8 t_flicker=15 t_touched=10 t_no_reach=17
Ep 38450 | score  200.86 | avg100   58.72 | grasp100  24.0% | best 0.775 |     30 st/s
    done(50): success=16 t_flicker=17 t_touched=8 t_no_reach=9
Ep 38500 | score   29.75 | avg100   71.03 | grasp100  31.0% | best 0.775 |     30 st/s
    done(50): success=15 t_flicker=13 t_touched=11 t_no_reach=11
Ep 38550 | score  195.17 | avg100   85.68 | grasp100  40.0% | best 0.775 |     30 st/s
    done(50): success=25 t_flicker=9 t_touched=10 t_no_reach=6
Ep 38600 | score  192.43 | avg100  117.81 | grasp100  56.0% | best 0.775 |     30 st/s
    done(50): success=31 t_flicker=11 t_touched=4 t_no_reach=4
Ep 38650 | score  168.02 | avg100  133.26 | grasp100  63.0% | best 0.775 |     30 st/s
    done(50): success=32 t_flicker=12 t_touched=4 t_no_reach=2
Ep 38700 | score   11.72 | avg100  130.65 | grasp100  61.0% | best 0.775 |     30 st/s
    done(50): success=29 t_flicker=16 t_touched=5
Ep 38750 | score  192.45 | avg100  133.62 | grasp100  62.0% | best 0.775 |     30 st/s
    done(50): success=33 t_flicker=10 t_touched=6 t_no_reach=1
Ep 38800 | score  138.08 | avg100  146.13 | grasp100  69.0% | best 0.775 |     30 st/s
    done(50): success=36 t_flicker=9 t_touched=4 t_no_reach=1
Ep 38850 | score   57.80 | avg100  144.36 | grasp100  68.0% | best 0.775 |     30 st/s
    done(50): success=32 t_flicker=9 t_touched=7 t_no_reach=2
Ep 38900 | score  174.56 | avg100  148.58 | grasp100  71.0% | best 0.775 |     30 st/s
    done(50): success=39 t_flicker=7 t_touched=3 t_no_reach=1
Ep 38950 | score  203.70 | avg100  152.77 | grasp100  72.0% | best 0.775 |     30 st/s
    done(50): success=33 t_flicker=15 t_touched=2
Ep 39000 | score   47.78 | avg100  143.93 | grasp100  65.0% | best 0.775 |     30 st/s
    done(50): success=32 t_flicker=16 t_touched=1 t_no_reach=1
Ep 39050 | score  205.57 | avg100  153.68 | grasp100  73.0% | best 0.775 |     30 st/s
    done(50): success=41 t_flicker=5 t_touched=4
Ep 39100 | score   60.70 | avg100  158.11 | grasp100  76.0% | best 0.775 |     30 st/s
    done(50): success=35 t_flicker=11 t_touched=3 t_no_reach=1
Ep 39150 | score  203.85 | avg100  154.31 | grasp100  71.0% | best 0.775 |     30 st/s
    done(50): success=36 t_flicker=12 t_touched=1 t_no_reach=1
Ep 39200 | score  195.25 | avg100  160.26 | grasp100  74.0% | best 0.775 |     30 st/s
    done(50): success=38 t_flicker=11 t_touched=1
Ep 39250 | score  193.90 | avg100  153.67 | grasp100  71.0% | best 0.775 |     30 st/s
    done(50): success=33 t_flicker=13 t_touched=4
Ep 39300 | score   32.13 | avg100  147.24 | grasp100  69.0% | best 0.775 |     30 st/s
    done(50): success=36 t_flicker=10 t_touched=4
Ep 39350 | score  188.62 | avg100  159.73 | grasp100  76.0% | best 0.775 |     30 st/s
    done(50): success=40 t_flicker=6 t_touched=4
Ep 39400 | score  191.61 | avg100  170.08 | grasp100  81.0% | best 0.775 |     30 st/s
    done(50): success=41 t_flicker=8 t_touched=1
Ep 39450 | score  202.39 | avg100  161.39 | grasp100  77.0% | best 0.775 |     30 st/s
    done(50): success=36 t_flicker=8 t_touched=5 t_no_reach=1
Ep 39500 | score   63.23 | avg100  149.11 | grasp100  70.0% | best 0.775 |     30 st/s
    done(50): success=34 t_flicker=14 t_touched=2
Ep 39550 | score  200.55 | avg100  149.43 | grasp100  71.0% | best 0.775 |     30 st/s
    done(50): success=37 t_flicker=10 t_touched=2 t_no_reach=1
Ep 39600 | score  206.88 | avg100  149.33 | grasp100  70.0% | best 0.775 |     30 st/s
    done(50): success=33 t_flicker=13 t_touched=4
Ep 39650 | score  148.13 | avg100  156.67 | grasp100  74.0% | best 0.775 |     30 st/s
    done(50): success=41 t_flicker=5 t_touched=4
Ep 39700 | score   98.94 | avg100  162.27 | grasp100  77.0% | best 0.775 |     30 st/s
    done(50): success=36 t_flicker=11 t_touched=3
Ep 39750 | score   91.36 | avg100  162.73 | grasp100  74.0% | best 0.775 |     30 st/s
    done(50): success=38 t_flicker=9 t_touched=3
Ep 39800 | score  199.45 | avg100  151.64 | grasp100  67.0% | best 0.775 |     30 st/s
    done(50): success=29 t_flicker=14 t_touched=7
Ep 39850 | score  192.43 | avg100  147.98 | grasp100  67.0% | best 0.775 |     30 st/s
    done(50): success=38 t_flicker=10 t_touched=2
Ep 39900 | score  192.69 | avg100  165.77 | grasp100  79.0% | best 0.775 |     30 st/s
    done(50): success=41 t_flicker=9
Ep 39950 | score  183.27 | avg100  164.55 | grasp100  78.0% | best 0.775 |     30 st/s
    done(50): success=37 t_flicker=10 t_touched=3
Ep 40000 | score  214.32 | avg100  160.93 | grasp100  76.0% | best 0.775 |     30 st/s
    done(50): success=39 t_flicker=11
  [primacy-bias reset of critic heads @ 700000 updates]
Ep 40050 | score  174.41 | avg100  122.68 | grasp100  58.0% | best 0.775 |     30 st/s
    done(50): success=19 t_flicker=11 t_touched=6 t_no_reach=14
Ep 40100 | score   -4.41 | avg100   65.30 | grasp100  29.0% | best 0.775 |     30 st/s
    done(50): success=10 t_flicker=12 t_touched=14 t_no_reach=14
Ep 40150 | score   28.17 | avg100   53.85 | grasp100  22.0% | best 0.775 |     30 st/s
    done(50): success=12 t_flicker=14 t_touched=14 t_no_reach=10
Ep 40200 | score  197.76 | avg100   77.14 | grasp100  34.0% | best 0.775 |     30 st/s
    done(50): success=22 t_flicker=14 t_touched=11 t_no_reach=3
Ep 40250 | score  183.70 | avg100  106.32 | grasp100  49.0% | best 0.775 |     30 st/s
    done(50): success=27 t_flicker=15 t_touched=4 t_no_reach=4
Ep 40300 | score  187.99 | avg100  120.39 | grasp100  55.0% | best 0.775 |     30 st/s
    done(50): success=28 t_flicker=18 t_touched=3 t_no_reach=1
Ep 40350 | score   55.51 | avg100  121.66 | grasp100  56.0% | best 0.775 |     30 st/s
    done(50): success=28 t_flicker=12 t_touched=7 t_no_reach=3
Ep 40400 | score  219.98 | avg100  129.95 | grasp100  60.0% | best 0.775 |     30 st/s
    done(50): success=32 t_flicker=11 t_touched=7
Ep 40450 | score  164.42 | avg100  145.54 | grasp100  70.0% | best 0.775 |     30 st/s
    done(50): success=38 t_flicker=7 t_touched=5
Ep 40500 | score   58.62 | avg100  152.93 | grasp100  75.0% | best 0.775 |     30 st/s
    done(50): success=37 t_flicker=9 t_touched=4
Ep 40550 | score  200.39 | avg100  152.12 | grasp100  73.0% | best 0.775 |     30 st/s
    done(50): success=36 t_flicker=9 t_touched=4 t_no_reach=1
Ep 40600 | score  203.68 | avg100  150.65 | grasp100  71.0% | best 0.775 |     30 st/s
    done(50): success=35 t_flicker=11 t_touched=4
Ep 40650 | score  192.07 | avg100  153.32 | grasp100  72.0% | best 0.775 |     30 st/s
    done(50): success=37 t_flicker=12 t_touched=1
Ep 40700 | score  177.03 | avg100  149.93 | grasp100  69.0% | best 0.775 |     30 st/s
    done(50): success=32 t_flicker=15 t_touched=3
Ep 40750 | score   55.38 | avg100  152.06 | grasp100  71.0% | best 0.775 |     30 st/s
    done(50): success=39 t_flicker=8 t_touched=2 t_no_reach=1
Ep 40800 | score  192.97 | avg100  153.87 | grasp100  73.0% | best 0.775 |     30 st/s
    done(50): success=34 t_flicker=14 t_touched=2
Ep 40850 | score  161.78 | avg100  158.18 | grasp100  75.0% | best 0.775 |     30 st/s
    done(50): success=41 t_flicker=8 t_touched=1
Ep 40900 | score  201.19 | avg100  159.48 | grasp100  76.0% | best 0.775 |     30 st/s
    done(50): success=35 t_flicker=13 t_touched=1 t_no_reach=1
Ep 40950 | score  205.15 | avg100  160.92 | grasp100  75.0% | best 0.775 |     30 st/s
    done(50): success=40 t_flicker=9 t_touched=1
Ep 41000 | score  164.16 | avg100  163.85 | grasp100  77.0% | best 0.775 |     30 st/s
    done(50): success=37 t_flicker=11 t_touched=1 t_no_reach=1
Ep 41050 | score  193.13 | avg100  163.81 | grasp100  78.0% | best 0.775 |     30 st/s
    done(50): success=41 t_flicker=7 t_touched=2
Ep 41100 | score  202.44 | avg100  161.12 | grasp100  76.0% | best 0.775 |     30 st/s
    done(50): success=35 t_flicker=13 t_touched=2
Ep 41115 | * BEST  level200=2.00 grasp200= 79.0% metric=0.790 | score  150.20
Ep 41150 | score   56.09 | avg100  156.75 | grasp100  74.0% | best 0.790 |     30 st/s
    done(50): success=39 t_flicker=6 t_touched=5
Ep 41200 | score  196.26 | avg100  155.69 | grasp100  74.0% | best 0.790 |     30 st/s
    done(50): success=35 t_flicker=12 t_touched=2 t_no_reach=1
Ep 41250 | score  204.31 | avg100  153.89 | grasp100  71.0% | best 0.790 |     30 st/s
    done(50): success=36 t_flicker=11 t_touched=3
Ep 41300 | score  201.52 | avg100  158.44 | grasp100  74.0% | best 0.790 |     30 st/s
    done(50): success=38 t_flicker=7 t_touched=3 t_no_reach=2
Ep 41350 | score   62.32 | avg100  164.29 | grasp100  79.0% | best 0.790 |     30 st/s
    done(50): success=41 t_flicker=7 t_touched=1 t_no_reach=1
Ep 41400 | score  208.63 | avg100  169.87 | grasp100  81.0% | best 0.790 |     30 st/s
    done(50): success=40 t_flicker=7 t_touched=3
Ep 41450 | score   61.84 | avg100  163.13 | grasp100  77.0% | best 0.790 |     30 st/s
    done(50): success=37 t_flicker=12 t_no_reach=1
Ep 41500 | score  203.87 | avg100  156.98 | grasp100  76.0% | best 0.790 |     30 st/s
    done(50): success=39 t_flicker=8 t_touched=2 t_no_reach=1
Ep 41550 | score  151.53 | avg100  162.54 | grasp100  81.0% | best 0.790 |     30 st/s
    done(50): success=42 t_flicker=5 t_touched=3
Ep 41567 | * BEST  level200=2.00 grasp200= 80.5% metric=0.805 | score  205.06
Ep 41600 | score  200.39 | avg100  156.01 | grasp100  75.0% | best 0.805 |     30 st/s
    done(50): success=33 t_flicker=11 t_touched=4 t_no_reach=2
Ep 41650 | score  201.70 | avg100  153.45 | grasp100  72.0% | best 0.805 |     30 st/s
    done(50): success=39 t_flicker=7 t_touched=4
Ep 41700 | score  195.50 | avg100  155.82 | grasp100  74.0% | best 0.805 |     30 st/s
    done(50): success=35 t_flicker=10 t_touched=4 t_no_reach=1
  [primacy-bias reset of critic heads @ 725000 updates]
Ep 41750 | score  -24.82 | avg100   98.75 | grasp100  47.0% | best 0.805 |     30 st/s
    done(50): success=12 t_flicker=5 t_touched=8 t_no_reach=25
Ep 41800 | score  -27.95 | avg100   10.22 | grasp100  12.0% | best 0.805 |     30 st/s
    done(50): t_no_reach=50
Ep 41850 | score  195.23 | avg100   -6.49 | grasp100   5.0% | best 0.805 |     30 st/s
    done(50): success=5 t_flicker=11 t_touched=4 t_no_reach=30
Ep 41900 | score   31.45 | avg100   47.07 | grasp100  21.0% | best 0.805 |     30 st/s
    done(50): success=16 t_flicker=18 t_touched=12 t_no_reach=4
Ep 41950 | score  191.82 | avg100  103.55 | grasp100  44.0% | best 0.805 |     30 st/s
    done(50): success=28 t_flicker=15 t_touched=6 t_no_reach=1
Ep 42000 | score  201.31 | avg100  127.32 | grasp100  57.0% | best 0.805 |     30 st/s
    done(50): success=29 t_flicker=12 t_touched=7 t_no_reach=2
Ep 42050 | score   22.72 | avg100  129.69 | grasp100  61.0% | best 0.805 |     30 st/s
    done(50): success=32 t_flicker=10 t_touched=5 t_no_reach=3
Ep 42100 | score  205.98 | avg100  144.88 | grasp100  70.0% | best 0.805 |     30 st/s
    done(50): success=38 t_flicker=9 t_touched=3
Ep 42150 | score  204.68 | avg100  152.77 | grasp100  73.0% | best 0.805 |     30 st/s
    done(50): success=35 t_flicker=9 t_touched=5 t_no_reach=1
Ep 42200 | score  202.22 | avg100  150.42 | grasp100  71.0% | best 0.805 |     30 st/s
    done(50): success=36 t_flicker=8 t_touched=5 t_no_reach=1
Ep 42250 | score  214.21 | avg100  150.38 | grasp100  69.0% | best 0.805 |     30 st/s
    done(50): success=33 t_flicker=15 t_touched=1 t_no_reach=1
Ep 42300 | score   56.79 | avg100  146.21 | grasp100  66.0% | best 0.805 |     30 st/s
    done(50): success=33 t_flicker=12 t_touched=4 t_no_reach=1
Ep 42350 | score  168.45 | avg100  149.92 | grasp100  69.0% | best 0.805 |     30 st/s
    done(50): success=36 t_flicker=10 t_touched=3 t_no_reach=1
Ep 42400 | score   33.82 | avg100  157.68 | grasp100  74.0% | best 0.805 |     30 st/s
    done(50): success=38 t_flicker=10 t_touched=2
Ep 42450 | score  189.37 | avg100  164.36 | grasp100  79.0% | best 0.805 |     30 st/s
    done(50): success=41 t_flicker=6 t_touched=2 t_no_reach=1
Ep 42500 | score  186.81 | avg100  172.18 | grasp100  83.0% | best 0.805 |     30 st/s
    done(50): success=42 t_flicker=4 t_touched=3 t_no_reach=1
Ep 42550 | score  200.53 | avg100  171.08 | grasp100  82.0% | best 0.805 |     30 st/s
    done(50): success=40 t_flicker=7 t_touched=3
Ep 42568 | * BEST  level200=2.00 grasp200= 82.0% metric=0.820 | score  204.73
Ep 42600 | score   55.90 | avg100  166.67 | grasp100  80.0% | best 0.820 |     30 st/s
    done(50): success=40 t_flicker=10
Ep 42650 | score    7.66 | avg100  166.25 | grasp100  79.0% | best 0.820 |     30 st/s
    done(50): success=39 t_flicker=6 t_touched=4 t_no_reach=1
Ep 42700 | score  172.27 | avg100  157.15 | grasp100  73.0% | best 0.820 |     30 st/s
    done(50): success=34 t_flicker=14 t_touched=2
Ep 42750 | score  169.07 | avg100  151.88 | grasp100  68.0% | best 0.820 |     30 st/s
    done(50): success=34 t_flicker=12 t_touched=4
Ep 42800 | score  199.70 | avg100  156.15 | grasp100  71.0% | best 0.820 |     30 st/s
    done(50): success=37 t_flicker=9 t_touched=2 t_no_reach=2
Ep 42850 | score  193.84 | avg100  161.28 | grasp100  77.0% | best 0.820 |     30 st/s
    done(50): success=40 t_flicker=8 t_touched=2
Ep 42900 | score  209.09 | avg100  162.14 | grasp100  79.0% | best 0.820 |     30 st/s
    done(50): success=39 t_flicker=8 t_touched=3
Ep 42950 | score   57.09 | avg100  158.26 | grasp100  77.0% | best 0.820 |     30 st/s
    done(50): success=38 t_flicker=8 t_touched=4
Ep 43000 | score   49.73 | avg100  162.15 | grasp100  78.0% | best 0.820 |     30 st/s
    done(50): success=40 t_flicker=9 t_touched=1
Ep 43050 | score  196.18 | avg100  159.00 | grasp100  76.0% | best 0.820 |     30 st/s
    done(50): success=36 t_flicker=12 t_touched=2
Ep 43100 | score  178.69 | avg100  148.72 | grasp100  69.0% | best 0.820 |     30 st/s
    done(50): success=33 t_flicker=12 t_touched=5
Ep 43150 | score   34.57 | avg100  155.62 | grasp100  73.0% | best 0.820 |     30 st/s
    done(50): success=40 t_flicker=9 t_touched=1
Ep 43200 | score  205.07 | avg100  169.78 | grasp100  84.0% | best 0.820 |     30 st/s
    done(50): success=44 t_flicker=5 t_touched=1
Ep 43250 | score  204.44 | avg100  163.39 | grasp100  80.0% | best 0.820 |     30 st/s
    done(50): success=36 t_flicker=11 t_touched=2 t_no_reach=1
Ep 43300 | score  197.61 | avg100  155.20 | grasp100  73.0% | best 0.820 |     30 st/s
    done(50): success=37 t_flicker=10 t_touched=3
Ep 43350 | score  183.97 | avg100  159.99 | grasp100  75.0% | best 0.820 |     30 st/s
    done(50): success=38 t_flicker=11 t_touched=1
  [primacy-bias reset of critic heads @ 750000 updates]
Ep 43400 | score   -1.04 | avg100  154.71 | grasp100  75.0% | best 0.820 |     30 st/s
    done(50): success=37 t_flicker=4 t_touched=2 t_no_reach=7
Ep 43450 | score    3.29 | avg100   80.84 | grasp100  42.0% | best 0.820 |     30 st/s
    done(50): success=5 t_flicker=8 t_touched=8 t_no_reach=29
Ep 43500 | score   -2.37 | avg100    1.29 | grasp100   5.0% | best 0.820 |     30 st/s
    done(50): t_flicker=6 t_touched=5 t_no_reach=39
Ep 43550 | score   37.11 | avg100   32.72 | grasp100  18.0% | best 0.820 |     30 st/s
    done(50): success=18 t_flicker=11 t_touched=10 t_no_reach=11
Ep 43600 | score  170.80 | avg100   95.63 | grasp100  44.0% | best 0.820 |     30 st/s
    done(50): success=26 t_flicker=17 t_touched=6 t_no_reach=1
Ep 43650 | score  195.95 | avg100  127.22 | grasp100  59.0% | best 0.820 |     30 st/s
    done(50): success=33 t_flicker=8 t_touched=9
Ep 43700 | score  146.56 | avg100  130.15 | grasp100  61.0% | best 0.820 |     30 st/s
    done(50): success=28 t_flicker=12 t_touched=8 t_no_reach=2
Ep 43750 | score  182.73 | avg100  132.78 | grasp100  62.0% | best 0.820 |     30 st/s
    done(50): success=34 t_flicker=13 t_touched=3
Ep 43800 | score  197.71 | avg100  152.52 | grasp100  73.0% | best 0.820 |     30 st/s
    done(50): success=39 t_flicker=9 t_touched=2
Ep 43850 | score   57.58 | avg100  161.50 | grasp100  79.0% | best 0.820 |     30 st/s
    done(50): success=40 t_flicker=6 t_touched=4
Ep 43900 | score  189.50 | avg100  153.28 | grasp100  73.0% | best 0.820 |     30 st/s
    done(50): success=33 t_flicker=12 t_touched=5
Ep 43950 | score  201.29 | avg100  148.88 | grasp100  70.0% | best 0.820 |     30 st/s
    done(50): success=37 t_flicker=11 t_touched=2
Ep 44000 | score  177.27 | avg100  149.77 | grasp100  70.0% | best 0.820 |     30 st/s
    done(50): success=33 t_flicker=15 t_touched=2
Ep 44050 | score   71.07 | avg100  147.21 | grasp100  68.0% | best 0.820 |     30 st/s
    done(50): success=35 t_flicker=10 t_touched=4 t_no_reach=1
Ep 44100 | score   56.99 | avg100  152.95 | grasp100  72.0% | best 0.820 |     30 st/s
    done(50): success=37 t_flicker=9 t_touched=4
Ep 44150 | score  203.66 | avg100  163.58 | grasp100  78.0% | best 0.820 |     30 st/s
    done(50): success=41 t_flicker=5 t_touched=3 t_no_reach=1
Ep 44200 | score  186.29 | avg100  169.87 | grasp100  81.0% | best 0.820 |     30 st/s
    done(50): success=40 t_flicker=9 t_no_reach=1
Ep 44250 | score   61.24 | avg100  162.10 | grasp100  76.0% | best 0.820 |     30 st/s
    done(50): success=36 t_flicker=8 t_touched=5 t_no_reach=1
Ep 44300 | score  198.95 | avg100  158.85 | grasp100  73.0% | best 0.820 |     30 st/s
    done(50): success=37 t_flicker=10 t_touched=3
Ep 44350 | score  200.36 | avg100  164.66 | grasp100  77.0% | best 0.820 |     30 st/s
    done(50): success=40 t_flicker=6 t_touched=2 t_no_reach=2
Ep 44400 | score  179.47 | avg100  163.50 | grasp100  78.0% | best 0.820 |     30 st/s
    done(50): success=38 t_flicker=8 t_touched=3 t_no_reach=1
Ep 44450 | score   75.38 | avg100  163.85 | grasp100  78.0% | best 0.820 |     30 st/s
    done(50): success=40 t_flicker=9 t_no_reach=1
Ep 44500 | score  202.52 | avg100  172.79 | grasp100  85.0% | best 0.820 |     30 st/s
    done(50): success=45 t_flicker=3 t_touched=2
Ep 44550 | score  184.27 | avg100  171.72 | grasp100  84.0% | best 0.820 |     30 st/s
    done(50): success=39 t_flicker=8 t_touched=3
Ep 44600 | score   66.45 | avg100  169.18 | grasp100  80.0% | best 0.820 |     30 st/s
    done(50): success=41 t_flicker=8 t_touched=1
Ep 44650 | score  194.06 | avg100  165.14 | grasp100  78.0% | best 0.820 |     30 st/s
    done(50): success=37 t_flicker=10 t_touched=2 t_no_reach=1
Ep 44700 | score  195.18 | avg100  165.25 | grasp100  80.0% | best 0.820 |     30 st/s
    done(50): success=43 t_flicker=5 t_touched=1 t_no_reach=1
Ep 44750 | score  194.44 | avg100  163.62 | grasp100  78.0% | best 0.820 |     30 st/s
    done(50): success=35 t_flicker=12 t_touched=3
Ep 44800 | score  200.18 | avg100  150.84 | grasp100  68.0% | best 0.820 |     30 st/s
    done(50): success=33 t_flicker=14 t_touched=3
Ep 44850 | score   53.09 | avg100  159.62 | grasp100  75.0% | best 0.820 |     30 st/s
    done(50): success=42 t_flicker=5 t_touched=3
Ep 44900 | score  205.36 | avg100  174.95 | grasp100  86.0% | best 0.820 |     30 st/s
    done(50): success=44 t_flicker=4 t_no_reach=2
Ep 44950 | score  192.40 | avg100  172.40 | grasp100  83.0% | best 0.820 |     30 st/s
    done(50): success=39 t_flicker=9 t_touched=2
Ep 45000 | score  215.33 | avg100  157.33 | grasp100  73.0% | best 0.820 |     30 st/s
    done(50): success=34 t_flicker=10 t_touched=6
Ep 45050 | score  169.23 | avg100  156.49 | grasp100  75.0% | best 0.820 |     30 st/s
    done(50): success=41 t_flicker=5 t_touched=1 t_no_reach=3
  [primacy-bias reset of critic heads @ 775000 updates]
Ep 45100 | score   -9.42 | avg100  147.56 | grasp100  72.0% | best 0.820 |     30 st/s
    done(50): success=31 t_flicker=8 t_touched=9 t_no_reach=2
Ep 45150 | score  -23.01 | avg100   56.07 | grasp100  31.0% | best 0.820 |     30 st/s
    done(50): t_flicker=2 t_touched=7 t_no_reach=41
Ep 45200 | score   35.92 | avg100   -9.91 | grasp100   3.0% | best 0.820 |     30 st/s
    done(50): success=3 t_flicker=5 t_touched=9 t_no_reach=33
Ep 45250 | score   14.65 | avg100   22.05 | grasp100  16.0% | best 0.820 |     30 st/s
    done(50): success=13 t_flicker=7 t_touched=9 t_no_reach=21
Ep 45300 | score  196.66 | avg100   83.06 | grasp100  42.0% | best 0.820 |     30 st/s
    done(50): success=29 t_flicker=10 t_touched=5 t_no_reach=6
Ep 45350 | score   24.86 | avg100  117.08 | grasp100  54.0% | best 0.820 |     30 st/s
    done(50): success=25 t_flicker=16 t_touched=6 t_no_reach=3
Ep 45400 | score  182.46 | avg100  121.16 | grasp100  55.0% | best 0.820 |     30 st/s
    done(50): success=30 t_flicker=11 t_touched=6 t_no_reach=3
Ep 45450 | score  180.29 | avg100  133.95 | grasp100  62.0% | best 0.820 |     30 st/s
    done(50): success=32 t_flicker=10 t_touched=7 t_no_reach=1
Ep 45500 | score  184.61 | avg100  145.30 | grasp100  68.0% | best 0.820 |     30 st/s
    done(50): success=36 t_flicker=12 t_touched=1 t_no_reach=1
Ep 45550 | score  205.55 | avg100  152.57 | grasp100  72.0% | best 0.820 |     30 st/s
    done(50): success=36 t_flicker=13 t_touched=1
Ep 45600 | score  173.50 | avg100  154.41 | grasp100  72.0% | best 0.820 |     30 st/s
    done(50): success=36 t_flicker=12 t_touched=2
Ep 45650 | score  142.79 | avg100  159.66 | grasp100  77.0% | best 0.820 |     30 st/s
    done(50): success=41 t_flicker=7 t_touched=2
Ep 45700 | score  179.98 | avg100  164.10 | grasp100  80.0% | best 0.820 |     30 st/s
    done(50): success=39 t_flicker=7 t_touched=4
Ep 45750 | score  199.01 | avg100  163.67 | grasp100  78.0% | best 0.820 |     30 st/s
    done(50): success=39 t_flicker=9 t_touched=2
Ep 45800 | score   55.18 | avg100  163.64 | grasp100  79.0% | best 0.820 |     30 st/s
    done(50): success=40 t_flicker=7 t_touched=3
Ep 45850 | score  162.30 | avg100  167.81 | grasp100  81.0% | best 0.820 |     30 st/s
    done(50): success=41 t_flicker=9
Ep 45900 | score  173.15 | avg100  167.03 | grasp100  80.0% | best 0.820 |     30 st/s
    done(50): success=39 t_flicker=8 t_touched=3
Ep 45950 | score  161.60 | avg100  166.03 | grasp100  82.0% | best 0.820 |     30 st/s
    done(50): success=43 t_flicker=6 t_touched=1
Ep 46000 | score  201.69 | avg100  167.08 | grasp100  82.0% | best 0.820 |     30 st/s
    done(50): success=39 t_flicker=9 t_touched=2
Ep 46050 | score  224.01 | avg100  158.90 | grasp100  74.0% | best 0.820 |     30 st/s
    done(50): success=35 t_flicker=13 t_touched=2
Ep 46100 | score   57.99 | avg100  161.29 | grasp100  74.0% | best 0.820 |     30 st/s
    done(50): success=39 t_flicker=9 t_touched=2
Ep 46150 | score  192.12 | avg100  167.25 | grasp100  80.0% | best 0.820 |     30 st/s
    done(50): success=41 t_flicker=8 t_no_reach=1
Ep 46200 | score  162.51 | avg100  164.60 | grasp100  81.0% | best 0.820 |     30 st/s
    done(50): success=40 t_flicker=8 t_touched=2
Ep 46250 | score  193.05 | avg100  168.61 | grasp100  83.0% | best 0.820 |     30 st/s
    done(50): success=43 t_flicker=5 t_touched=2
Ep 46300 | score   60.51 | avg100  169.03 | grasp100  83.0% | best 0.820 |     30 st/s
    done(50): success=40 t_flicker=9 t_no_reach=1
Ep 46350 | score  205.91 | avg100  160.81 | grasp100  78.0% | best 0.820 |     30 st/s
    done(50): success=38 t_flicker=11 t_touched=1
Ep 46400 | score  195.62 | avg100  157.53 | grasp100  75.0% | best 0.820 |     30 st/s
    done(50): success=37 t_flicker=12 t_touched=1
Ep 46450 | score  207.98 | avg100  159.54 | grasp100  78.0% | best 0.820 |     30 st/s
    done(50): success=41 t_flicker=7 t_touched=2
Ep 46500 | score  165.72 | avg100  155.84 | grasp100  77.0% | best 0.820 |     30 st/s
    done(50): success=36 t_flicker=12 t_touched=2
Ep 46550 | score  200.75 | avg100  161.45 | grasp100  78.0% | best 0.820 |     30 st/s
    done(50): success=42 t_flicker=6 t_touched=2
Ep 46600 | score  187.72 | avg100  175.44 | grasp100  86.0% | best 0.820 |     30 st/s
    done(50): success=44 t_flicker=5 t_touched=1
Ep 46610 | * BEST  level200=2.00 grasp200= 83.5% metric=0.835 | score  209.01
Ep 46650 | score   60.40 | avg100  176.71 | grasp100  84.0% | best 0.835 |     30 st/s
    done(50): success=40 t_flicker=8 t_touched=2
Ep 46684 | * BEST  level200=2.00 grasp200= 85.0% metric=0.850 | score  191.69
Ep 46700 | score   60.73 | avg100  173.87 | grasp100  83.0% | best 0.850 |     30 st/s
    done(50): success=43 t_flicker=4 t_touched=2 t_no_reach=1
Ep 46750 | score   58.33 | avg100  161.15 | grasp100  77.0% | best 0.850 |     30 st/s
    done(50): success=34 t_flicker=15 t_touched=1
Ep 46800 | score  167.62 | avg100  159.18 | grasp100  75.0% | best 0.850 |     30 st/s
    done(50): success=41 t_flicker=7 t_touched=2
Ep 46850 | score   83.96 | avg100  174.28 | grasp100  86.0% | best 0.850 |     30 st/s
    done(50): success=45 t_flicker=3 t_touched=2
  [primacy-bias reset of critic heads @ 800000 updates]
Ep 46900 | score    5.92 | avg100  133.12 | grasp100  64.0% | best 0.850 |     30 st/s
    done(50): success=19 t_flicker=14 t_touched=13 t_no_reach=4
Ep 46950 | score  191.79 | avg100   76.62 | grasp100  36.0% | best 0.850 |     30 st/s
    done(50): success=17 t_flicker=10 t_touched=8 t_no_reach=15
Ep 47000 | score  174.93 | avg100   80.77 | grasp100  41.0% | best 0.850 |     30 st/s
    done(50): success=24 t_flicker=9 t_touched=6 t_no_reach=11
Ep 47050 | score  155.67 | avg100   93.40 | grasp100  45.0% | best 0.850 |     30 st/s
    done(50): success=21 t_flicker=13 t_touched=11 t_no_reach=5
Ep 47100 | score  208.86 | avg100  117.96 | grasp100  56.0% | best 0.850 |     30 st/s
    done(50): success=35 t_flicker=10 t_touched=4 t_no_reach=1
Ep 47150 | score  195.56 | avg100  130.20 | grasp100  60.0% | best 0.850 |     30 st/s
    done(50): success=25 t_flicker=13 t_touched=11 t_no_reach=1
Ep 47200 | score  195.14 | avg100  125.56 | grasp100  56.0% | best 0.850 |     30 st/s
    done(50): success=31 t_flicker=10 t_touched=5 t_no_reach=4
Ep 47250 | score  192.56 | avg100  143.43 | grasp100  67.0% | best 0.850 |     30 st/s
    done(50): success=36 t_flicker=9 t_touched=5
Ep 47300 | score  190.99 | avg100  145.89 | grasp100  69.0% | best 0.850 |     30 st/s
    done(50): success=33 t_flicker=14 t_touched=1 t_no_reach=2
Ep 47350 | score  185.48 | avg100  141.74 | grasp100  67.0% | best 0.850 |     30 st/s
    done(50): success=34 t_flicker=11 t_touched=4 t_no_reach=1
Ep 47400 | score  199.67 | avg100  144.25 | grasp100  68.0% | best 0.850 |     30 st/s
    done(50): success=34 t_flicker=14 t_touched=2
Ep 47450 | score   55.28 | avg100  153.09 | grasp100  73.0% | best 0.850 |     30 st/s
    done(50): success=39 t_flicker=11
Ep 47500 | score  202.45 | avg100  157.38 | grasp100  76.0% | best 0.850 |     30 st/s
    done(50): success=37 t_flicker=8 t_touched=4 t_no_reach=1
Ep 47550 | score   49.74 | avg100  156.99 | grasp100  75.0% | best 0.850 |     30 st/s
    done(50): success=38 t_flicker=8 t_touched=3 t_no_reach=1
Ep 47600 | score  168.15 | avg100  160.92 | grasp100  77.0% | best 0.850 |     30 st/s
    done(50): success=39 t_flicker=11
Ep 47650 | score  183.07 | avg100  152.46 | grasp100  75.0% | best 0.850 |     30 st/s
    done(50): success=36 t_flicker=10 t_touched=4
Ep 47700 | score  198.52 | avg100  157.01 | grasp100  79.0% | best 0.850 |     30 st/s
    done(50): success=43 t_flicker=6 t_no_reach=1
Ep 47750 | score   58.91 | avg100  167.07 | grasp100  81.0% | best 0.850 |     30 st/s
    done(50): success=38 t_flicker=10 t_touched=2
Ep 47800 | score  213.57 | avg100  162.08 | grasp100  77.0% | best 0.850 |     30 st/s
    done(50): success=39 t_flicker=5 t_touched=6
Ep 47850 | score  204.76 | avg100  166.36 | grasp100  80.0% | best 0.850 |     30 st/s
    done(50): success=41 t_flicker=8 t_touched=1
Ep 47900 | score  197.27 | avg100  171.50 | grasp100  82.0% | best 0.850 |     30 st/s
    done(50): success=41 t_flicker=7 t_touched=2
Ep 47950 | score  193.61 | avg100  175.23 | grasp100  85.0% | best 0.850 |     30 st/s
    done(50): success=44 t_flicker=4 t_touched=1 t_no_reach=1
Ep 48000 | score  192.27 | avg100  172.15 | grasp100  83.0% | best 0.850 |     30 st/s
    done(50): success=39 t_flicker=10 t_touched=1
Ep 48050 | score  191.32 | avg100  165.00 | grasp100  79.0% | best 0.850 |     30 st/s
    done(50): success=40 t_flicker=6 t_touched=3 t_no_reach=1
Ep 48100 | score  190.39 | avg100  158.83 | grasp100  77.0% | best 0.850 |     30 st/s
    done(50): success=37 t_flicker=10 t_touched=3
Ep 48150 | score   28.25 | avg100  158.28 | grasp100  74.0% | best 0.850 |     30 st/s
    done(50): success=37 t_flicker=12 t_touched=1
Ep 48200 | score   22.83 | avg100  157.96 | grasp100  73.0% | best 0.850 |     30 st/s
    done(50): success=36 t_flicker=8 t_touched=6
Ep 48250 | score  203.30 | avg100  169.36 | grasp100  83.0% | best 0.850 |     30 st/s
    done(50): success=47 t_flicker=3
Ep 48300 | score  199.94 | avg100  176.62 | grasp100  87.0% | best 0.850 |     30 st/s
    done(50): success=40 t_flicker=8 t_touched=2
Ep 48350 | score   89.20 | avg100  171.15 | grasp100  81.0% | best 0.850 |     30 st/s
    done(50): success=41 t_flicker=8 t_no_reach=1
Ep 48400 | score  194.94 | avg100  176.15 | grasp100  84.0% | best 0.850 |     30 st/s
    done(50): success=43 t_flicker=6 t_touched=1
Ep 48450 | score  211.01 | avg100  167.18 | grasp100  80.0% | best 0.850 |     30 st/s
    done(50): success=37 t_flicker=12 t_touched=1
Ep 48500 | score  177.31 | avg100  162.82 | grasp100  78.0% | best 0.850 |     30 st/s
    done(50): success=41 t_flicker=8 t_touched=1
Ep 48550 | score  168.15 | avg100  168.68 | grasp100  82.0% | best 0.850 |     30 st/s
    done(50): success=41 t_flicker=9
Ep 48600 | score  213.68 | avg100  172.99 | grasp100  86.0% | best 0.850 |     30 st/s
    done(50): success=45 t_flicker=2 t_touched=2 t_no_reach=1
Ep 48646 | * BEST  level200=2.00 grasp200= 86.5% metric=0.865 | score  203.84
Ep 48650 | score   13.67 | avg100  178.09 | grasp100  89.0% | best 0.865 |     30 st/s
    done(50): success=44 t_flicker=4 t_touched=2
  [primacy-bias reset of critic heads @ 825000 updates]
Ep 48700 | score  -26.52 | avg100  116.10 | grasp100  59.0% | best 0.865 |     30 st/s
    done(50): success=15 t_flicker=4 t_touched=6 t_no_reach=25
Ep 48750 | score  -27.43 | avg100   15.19 | grasp100  16.0% | best 0.865 |     30 st/s
    done(50): success=1 t_flicker=1 t_no_reach=48
Ep 48800 | score  -13.67 | avg100    0.97 | grasp100   8.0% | best 0.865 |     30 st/s
    done(50): success=7 t_flicker=12 t_touched=3 t_no_reach=28
Ep 48850 | score   95.01 | avg100   57.87 | grasp100  27.0% | best 0.865 |     30 st/s
    done(50): success=20 t_flicker=12 t_touched=11 t_no_reach=7
Ep 48900 | score  205.39 | avg100  112.48 | grasp100  50.0% | best 0.865 |     30 st/s
    done(50): success=30 t_flicker=15 t_touched=4 t_no_reach=1
Ep 48950 | score   30.42 | avg100  142.71 | grasp100  68.0% | best 0.865 |     30 st/s
    done(50): success=38 t_flicker=8 t_touched=4
Ep 49000 | score  159.71 | avg100  148.13 | grasp100  71.0% | best 0.865 |     30 st/s
    done(50): success=33 t_flicker=16 t_touched=1
Ep 49050 | score   36.90 | avg100  144.71 | grasp100  68.0% | best 0.865 |     30 st/s
    done(50): success=35 t_flicker=8 t_touched=4 t_no_reach=3
Ep 49100 | score  200.68 | avg100  155.43 | grasp100  77.0% | best 0.865 |     30 st/s
    done(50): success=42 t_flicker=5 t_touched=3
Ep 49150 | score  206.96 | avg100  164.08 | grasp100  83.0% | best 0.865 |     30 st/s
    done(50): success=41 t_flicker=4 t_touched=2 t_no_reach=3
Ep 49200 | score  203.99 | avg100  161.96 | grasp100  81.0% | best 0.865 |     30 st/s
    done(50): success=40 t_flicker=5 t_touched=3 t_no_reach=2
Ep 49250 | score  194.74 | avg100  170.83 | grasp100  86.0% | best 0.865 |     30 st/s
    done(50): success=46 t_flicker=2 t_touched=2
Ep 49300 | score  206.82 | avg100  171.00 | grasp100  85.0% | best 0.865 |     30 st/s
    done(50): success=39 t_flicker=6 t_touched=5
Ep 49350 | score  188.90 | avg100  160.08 | grasp100  79.0% | best 0.865 |     30 st/s
    done(50): success=40 t_flicker=8 t_touched=2
Ep 49400 | score  199.45 | avg100  167.45 | grasp100  83.0% | best 0.865 |     30 st/s
    done(50): success=43 t_flicker=7
Ep 49450 | score  183.30 | avg100  164.91 | grasp100  80.0% | best 0.865 |     30 st/s
    done(50): success=37 t_flicker=10 t_touched=3
Ep 49500 | score    1.02 | avg100  153.60 | grasp100  72.0% | best 0.865 |     30 st/s
    done(50): success=35 t_flicker=13 t_touched=2
Ep 49550 | score  189.55 | avg100  165.03 | grasp100  79.0% | best 0.865 |     30 st/s
    done(50): success=44 t_flicker=6
Ep 49600 | score  198.84 | avg100  165.87 | grasp100  80.0% | best 0.865 |     30 st/s
    done(50): success=36 t_flicker=13 t_no_reach=1
Ep 49650 | score  203.93 | avg100  165.82 | grasp100  79.0% | best 0.865 |     30 st/s
    done(50): success=43 t_flicker=5 t_touched=2
Ep 49700 | score  189.59 | avg100  175.61 | grasp100  85.0% | best 0.865 |     30 st/s
    done(50): success=42 t_flicker=6 t_touched=2
Ep 49750 | score  197.67 | avg100  178.58 | grasp100  89.0% | best 0.865 |     30 st/s
    done(50): success=47 t_flicker=2 t_touched=1
Ep 49800 | score    9.30 | avg100  174.90 | grasp100  88.0% | best 0.865 |     30 st/s
    done(50): success=41 t_flicker=8 t_no_reach=1
Ep 49850 | score  192.72 | avg100  166.99 | grasp100  82.0% | best 0.865 |     30 st/s
    done(50): success=41 t_flicker=8 t_touched=1
Ep 49890 | * BEST  level200=2.00 grasp200= 88.0% metric=0.880 | score  186.31
Ep 49900 | score  173.24 | avg100  174.79 | grasp100  87.0% | best 0.880 |     30 st/s
    done(50): success=46 t_flicker=3 t_touched=1
Ep 49950 | score   94.25 | avg100  178.66 | grasp100  87.0% | best 0.880 |     30 st/s
    done(50): success=41 t_flicker=8 t_touched=1
Ep 50000 | score   12.67 | avg100  172.50 | grasp100  83.0% | best 0.880 |     30 st/s
    done(50): success=42 t_flicker=6 t_touched=2
Ep 50050 | score  198.52 | avg100  167.25 | grasp100  82.0% | best 0.880 |     30 st/s
    done(50): success=40 t_flicker=7 t_touched=3
Ep 50100 | score  172.61 | avg100  171.79 | grasp100  84.0% | best 0.880 |     30 st/s
    done(50): success=44 t_flicker=6
Ep 50150 | score  170.99 | avg100  176.62 | grasp100  86.0% | best 0.880 |     30 st/s
    done(50): success=42 t_flicker=7 t_touched=1
Ep 50200 | score  158.72 | avg100  167.56 | grasp100  81.0% | best 0.880 |     30 st/s
    done(50): success=39 t_flicker=8 t_touched=1 t_no_reach=2
Ep 50250 | score   30.05 | avg100  167.12 | grasp100  83.0% | best 0.880 |     30 st/s
    done(50): success=44 t_flicker=4 t_touched=2
Ep 50300 | score  205.81 | avg100  168.02 | grasp100  84.0% | best 0.880 |     30 st/s
    done(50): success=40 t_flicker=9 t_touched=1
Ep 50350 | score  207.03 | avg100  179.97 | grasp100  90.0% | best 0.880 |     30 st/s
    done(50): success=50
Ep 50396 | * BEST  level200=2.00 grasp200= 89.5% metric=0.895 | score  188.12
Ep 50400 | score  197.65 | avg100  186.87 | grasp100  95.0% | best 0.895 |     30 st/s
    done(50): success=45 t_flicker=3 t_touched=1 t_no_reach=1
Ep 50450 | score  175.98 | avg100  174.05 | grasp100  86.0% | best 0.895 |     30 st/s
    done(50): success=41 t_flicker=8 t_touched=1
  [primacy-bias reset of critic heads @ 850000 updates]
Ep 50500 | score  -27.55 | avg100  128.06 | grasp100  60.0% | best 0.895 |     30 st/s
    done(50): success=19 t_flicker=16 t_touched=5 t_no_reach=10
Ep 50550 | score  -15.05 | avg100   32.96 | grasp100  20.0% | best 0.895 |     30 st/s
    done(50): success=1 t_flicker=3 t_touched=1 t_no_reach=45
Ep 50600 | score   45.74 | avg100   20.04 | grasp100  17.0% | best 0.895 |     30 st/s
    done(50): success=16 t_flicker=7 t_touched=9 t_no_reach=18
Ep 50650 | score   23.00 | avg100   77.79 | grasp100  39.0% | best 0.895 |     30 st/s
    done(50): success=23 t_flicker=14 t_touched=6 t_no_reach=7
Ep 50700 | score  205.26 | avg100  113.49 | grasp100  54.0% | best 0.895 |     30 st/s
    done(50): success=31 t_flicker=10 t_touched=7 t_no_reach=2
Ep 50750 | score   69.63 | avg100  128.07 | grasp100  59.0% | best 0.895 |     30 st/s
    done(50): success=28 t_flicker=14 t_touched=4 t_no_reach=4
Ep 50800 | score   77.08 | avg100  127.62 | grasp100  57.0% | best 0.895 |     30 st/s
    done(50): success=29 t_flicker=14 t_touched=3 t_no_reach=4
Ep 50850 | score   55.33 | avg100  145.99 | grasp100  69.0% | best 0.895 |     30 st/s
    done(50): success=40 t_flicker=8 t_touched=2
Ep 50900 | score  192.87 | avg100  153.18 | grasp100  75.0% | best 0.895 |     30 st/s
    done(50): success=35 t_flicker=9 t_touched=4 t_no_reach=2
Ep 50950 | score  190.45 | avg100  145.60 | grasp100  72.0% | best 0.895 |     30 st/s
    done(50): success=37 t_flicker=11 t_touched=1 t_no_reach=1
Ep 51000 | score  203.02 | avg100  150.97 | grasp100  75.0% | best 0.895 |     30 st/s
    done(50): success=38 t_flicker=9 t_touched=3
Ep 51050 | score  206.45 | avg100  159.14 | grasp100  77.0% | best 0.895 |     30 st/s
    done(50): success=39 t_flicker=11
Ep 51100 | score  200.31 | avg100  164.74 | grasp100  80.0% | best 0.895 |     30 st/s
    done(50): success=41 t_flicker=4 t_touched=5
Ep 51150 | score  178.80 | avg100  171.20 | grasp100  85.0% | best 0.895 |     30 st/s
    done(50): success=44 t_flicker=5 t_no_reach=1
Ep 51200 | score  192.80 | avg100  172.46 | grasp100  84.0% | best 0.895 |     30 st/s
    done(50): success=40 t_flicker=9 t_touched=1
Ep 51250 | score  199.77 | avg100  157.14 | grasp100  74.0% | best 0.895 |     30 st/s
    done(50): success=34 t_flicker=11 t_touched=5
Ep 51300 | score   30.80 | avg100  158.45 | grasp100  75.0% | best 0.895 |     30 st/s
    done(50): success=41 t_flicker=6 t_touched=2 t_no_reach=1
Ep 51350 | score  188.30 | avg100  172.82 | grasp100  84.0% | best 0.895 |     30 st/s
    done(50): success=43 t_flicker=6 t_touched=1
Ep 51400 | score   67.22 | avg100  174.51 | grasp100  85.0% | best 0.895 |     30 st/s
    done(50): success=42 t_flicker=6 t_touched=2
Ep 51450 | score  201.31 | avg100  176.21 | grasp100  85.0% | best 0.895 |     30 st/s
    done(50): success=43 t_flicker=6 t_touched=1
Ep 51500 | score  191.12 | avg100  165.62 | grasp100  81.0% | best 0.895 |     30 st/s
    done(50): success=38 t_flicker=7 t_touched=4 t_no_reach=1
Ep 51550 | score  194.37 | avg100  171.84 | grasp100  86.0% | best 0.895 |     30 st/s
    done(50): success=48 t_flicker=2
Ep 51600 | score  197.84 | avg100  185.58 | grasp100  93.0% | best 0.895 |     30 st/s
    done(50): success=45 t_flicker=5
Ep 51650 | score  185.63 | avg100  180.45 | grasp100  90.0% | best 0.895 |     30 st/s
    done(50): success=45 t_flicker=5
Ep 51698 | * BEST  level200=2.00 grasp200= 91.0% metric=0.910 | score  206.82
Ep 51700 | score  201.00 | avg100  181.11 | grasp100  89.0% | best 0.910 |     30 st/s
    done(50): success=44 t_flicker=5 t_touched=1
Ep 51750 | score  235.08 | avg100  177.50 | grasp100  85.0% | best 0.910 |     30 st/s
    done(50): success=41 t_flicker=8 t_touched=1
Ep 51800 | score   47.91 | avg100  174.31 | grasp100  84.0% | best 0.910 |     30 st/s
    done(50): success=43 t_flicker=6 t_touched=1
Ep 51850 | score  202.61 | avg100  179.81 | grasp100  89.0% | best 0.910 |     30 st/s
    done(50): success=46 t_flicker=1 t_touched=3
Ep 51900 | score  179.71 | avg100  178.55 | grasp100  89.0% | best 0.910 |     30 st/s
    done(50): success=43 t_flicker=4 t_touched=3
Ep 51950 | score    7.46 | avg100  170.59 | grasp100  83.0% | best 0.910 |     30 st/s
    done(50): success=40 t_flicker=7 t_touched=2 t_no_reach=1
Ep 52000 | score  251.01 | avg100  174.86 | grasp100  84.0% | best 0.910 |     30 st/s
    done(50): success=44 t_flicker=5 t_touched=1
Ep 52050 | score  180.77 | avg100  179.60 | grasp100  88.0% | best 0.910 |     30 st/s
    done(50): success=44 t_flicker=2 t_touched=4
Ep 52100 | score   51.08 | avg100  171.87 | grasp100  83.0% | best 0.910 |     30 st/s
    done(50): success=39 t_flicker=10 t_touched=1
Ep 52150 | score  204.94 | avg100  168.35 | grasp100  80.0% | best 0.910 |     30 st/s
    done(50): success=41 t_flicker=9
Ep 52200 | score  197.22 | avg100  174.34 | grasp100  85.0% | best 0.910 |     30 st/s
    done(50): success=44 t_flicker=4 t_touched=2
Ep 52250 | score  204.29 | avg100  177.71 | grasp100  88.0% | best 0.910 |     30 st/s
    done(50): success=44 t_flicker=3 t_touched=3
  [primacy-bias reset of critic heads @ 875000 updates]
Ep 52300 | score  -27.70 | avg100  127.24 | grasp100  63.0% | best 0.910 |     30 st/s
    done(50): success=19 t_flicker=8 t_touched=6 t_no_reach=17
Ep 52350 | score  -27.08 | avg100   30.12 | grasp100  20.0% | best 0.910 |     30 st/s
    done(50): success=1 t_flicker=3 t_touched=2 t_no_reach=44
Ep 52400 | score  207.24 | avg100    7.60 | grasp100  12.0% | best 0.910 |     30 st/s
    done(50): success=11 t_flicker=5 t_touched=9 t_no_reach=25
Ep 52450 | score  172.21 | avg100   77.07 | grasp100  39.0% | best 0.910 |     30 st/s
    done(50): success=28 t_flicker=14 t_touched=6 t_no_reach=2
Ep 52500 | score   55.36 | avg100  112.46 | grasp100  51.0% | best 0.910 |     30 st/s
    done(50): success=23 t_flicker=14 t_touched=10 t_no_reach=3
Ep 52550 | score  191.62 | avg100  113.22 | grasp100  52.0% | best 0.910 |     30 st/s
    done(50): success=29 t_flicker=9 t_touched=8 t_no_reach=4
Ep 52600 | score  184.14 | avg100  135.20 | grasp100  65.0% | best 0.910 |     30 st/s
    done(50): success=36 t_flicker=7 t_touched=7
Ep 52650 | score   74.95 | avg100  150.42 | grasp100  75.0% | best 0.910 |     30 st/s
    done(50): success=39 t_flicker=9 t_no_reach=2
Ep 52700 | score  200.70 | avg100  150.51 | grasp100  75.0% | best 0.910 |     30 st/s
    done(50): success=36 t_flicker=11 t_touched=1 t_no_reach=2
Ep 52750 | score   10.14 | avg100  151.39 | grasp100  74.0% | best 0.910 |     30 st/s
    done(50): success=38 t_flicker=8 t_touched=3 t_no_reach=1
Ep 52800 | score  190.06 | avg100  158.16 | grasp100  79.0% | best 0.910 |     30 st/s
    done(50): success=41 t_flicker=6 t_touched=1 t_no_reach=2
Ep 52850 | score   55.59 | avg100  164.44 | grasp100  83.0% | best 0.910 |     30 st/s
    done(50): success=42 t_flicker=7 t_touched=1
Ep 52900 | score  221.68 | avg100  171.74 | grasp100  85.0% | best 0.910 |     30 st/s
    done(50): success=43 t_flicker=7
Ep 52950 | score  196.36 | avg100  177.78 | grasp100  88.0% | best 0.910 |     30 st/s
    done(50): success=45 t_flicker=5
Ep 53000 | score  182.56 | avg100  180.57 | grasp100  91.0% | best 0.910 |     30 st/s
    done(50): success=46 t_flicker=2 t_touched=2
Ep 53050 | score  185.15 | avg100  174.65 | grasp100  88.0% | best 0.910 |     30 st/s
    done(50): success=42 t_flicker=7 t_touched=1
Ep 53100 | score   60.39 | avg100  179.57 | grasp100  91.0% | best 0.910 |     30 st/s
    done(50): success=49 t_flicker=1
Ep 53150 | score  196.83 | avg100  181.76 | grasp100  90.0% | best 0.910 |     30 st/s
    done(50): success=41 t_flicker=7 t_touched=2
Ep 53200 | score  187.75 | avg100  174.74 | grasp100  85.0% | best 0.910 |     30 st/s
    done(50): success=44 t_flicker=4 t_touched=2
Ep 53250 | score   58.64 | avg100  174.26 | grasp100  84.0% | best 0.910 |     30 st/s
    done(50): success=40 t_flicker=10
Ep 53300 | score  157.16 | avg100  174.72 | grasp100  84.0% | best 0.910 |     30 st/s
    done(50): success=44 t_flicker=4 t_touched=2
Ep 53350 | score  199.16 | avg100  177.64 | grasp100  87.0% | best 0.910 |     30 st/s
    done(50): success=43 t_flicker=7
Ep 53400 | score   96.11 | avg100  161.45 | grasp100  76.0% | best 0.910 |     30 st/s
    done(50): success=33 t_flicker=14 t_touched=2 t_no_reach=1
Ep 53450 | score  188.87 | avg100  158.33 | grasp100  75.0% | best 0.910 |     30 st/s
    done(50): success=42 t_flicker=7 t_touched=1
Ep 53500 | score  184.86 | avg100  173.20 | grasp100  86.0% | best 0.910 |     30 st/s
    done(50): success=44 t_flicker=5 t_touched=1
Ep 53550 | score  193.18 | avg100  168.31 | grasp100  83.0% | best 0.910 |     30 st/s
    done(50): success=39 t_flicker=9 t_touched=2
Ep 53600 | score   66.75 | avg100  166.13 | grasp100  81.0% | best 0.910 |     30 st/s
    done(50): success=42 t_flicker=8
Ep 53650 | score  202.29 | avg100  174.23 | grasp100  85.0% | best 0.910 |     30 st/s
    done(50): success=43 t_flicker=5 t_touched=2
Ep 53700 | score  200.58 | avg100  176.57 | grasp100  86.0% | best 0.910 |     30 st/s
    done(50): success=43 t_flicker=6 t_touched=1
Ep 53750 | score  208.19 | avg100  178.74 | grasp100  88.0% | best 0.910 |     30 st/s
    done(50): success=45 t_flicker=5
Ep 53800 | score  189.45 | avg100  179.48 | grasp100  88.0% | best 0.910 |     30 st/s
    done(50): success=43 t_flicker=7
Ep 53850 | score  183.75 | avg100  179.07 | grasp100  88.0% | best 0.910 |     30 st/s
    done(50): success=45 t_flicker=4 t_no_reach=1
Ep 53900 | score  200.18 | avg100  173.12 | grasp100  84.0% | best 0.910 |     30 st/s
    done(50): success=39 t_flicker=10 t_touched=1
Ep 53950 | score  204.51 | avg100  172.70 | grasp100  85.0% | best 0.910 |     30 st/s
    done(50): success=46 t_flicker=2 t_touched=1 t_no_reach=1
Ep 54000 | score  198.42 | avg100  175.53 | grasp100  86.0% | best 0.910 |     30 st/s
    done(50): success=40 t_flicker=10
Ep 54050 | score   54.38 | avg100  173.06 | grasp100  82.0% | best 0.910 |     30 st/s
    done(50): success=42 t_flicker=8
Ep 54100 | score  192.60 | avg100  179.03 | grasp100  87.0% | best 0.910 |     30 st/s
    done(50): success=45 t_flicker=4 t_touched=1
  [primacy-bias reset of critic heads @ 900000 updates]
Ep 54150 | score   55.16 | avg100  114.92 | grasp100  57.0% | best 0.910 |     30 st/s
    done(50): success=12 t_flicker=5 t_touched=8 t_no_reach=25
Ep 54200 | score   20.57 | avg100   31.96 | grasp100  16.0% | best 0.910 |     30 st/s
    done(50): success=4 t_flicker=8 t_touched=13 t_no_reach=25
Ep 54250 | score   12.31 | avg100   28.20 | grasp100  13.0% | best 0.910 |     30 st/s
    done(50): success=9 t_flicker=13 t_touched=13 t_no_reach=15
Ep 54300 | score    0.65 | avg100   60.62 | grasp100  26.0% | best 0.910 |     30 st/s
    done(50): success=17 t_flicker=18 t_touched=9 t_no_reach=6
Ep 54350 | score  191.90 | avg100   94.55 | grasp100  41.0% | best 0.910 |     30 st/s
    done(50): success=24 t_flicker=10 t_touched=13 t_no_reach=3
Ep 54400 | score  162.70 | avg100  131.59 | grasp100  63.0% | best 0.910 |     30 st/s
    done(50): success=39 t_flicker=8 t_touched=3
Ep 54450 | score  197.80 | avg100  147.47 | grasp100  73.0% | best 0.910 |     30 st/s
    done(50): success=34 t_flicker=8 t_touched=3 t_no_reach=5
Ep 54500 | score  159.76 | avg100  150.83 | grasp100  73.0% | best 0.910 |     30 st/s
    done(50): success=39 t_flicker=8 t_touched=3
Ep 54550 | score  195.80 | avg100  161.58 | grasp100  79.0% | best 0.910 |     30 st/s
    done(50): success=40 t_flicker=7 t_touched=2 t_no_reach=1
Ep 54600 | score  179.17 | avg100  163.53 | grasp100  82.0% | best 0.910 |     30 st/s
    done(50): success=42 t_flicker=5 t_touched=3
Ep 54650 | score  188.91 | avg100  165.75 | grasp100  82.0% | best 0.910 |     30 st/s
    done(50): success=40 t_flicker=9 t_touched=1
Ep 54700 | score  191.22 | avg100  164.75 | grasp100  80.0% | best 0.910 |     30 st/s
    done(50): success=40 t_flicker=9 t_touched=1
Ep 54750 | score  166.08 | avg100  174.72 | grasp100  88.0% | best 0.910 |     30 st/s
    done(50): success=48 t_flicker=2
Ep 54800 | score  204.90 | avg100  181.94 | grasp100  94.0% | best 0.910 |     30 st/s
    done(50): success=46 t_flicker=4
Ep 54850 | score   54.35 | avg100  177.83 | grasp100  90.0% | best 0.910 |     30 st/s
    done(50): success=44 t_flicker=4 t_touched=2
Ep 54900 | score  168.81 | avg100  170.83 | grasp100  83.0% | best 0.910 |     30 st/s
    done(50): success=39 t_flicker=10 t_touched=1
Ep 54950 | score  195.00 | avg100  173.34 | grasp100  85.0% | best 0.910 |     30 st/s
    done(50): success=46 t_flicker=4
Ep 55000 | score  193.34 | avg100  169.18 | grasp100  84.0% | best 0.910 |     30 st/s
    done(50): success=38 t_flicker=8 t_touched=3 t_no_reach=1

========================================================================
DONE  td3_ln_cereal_align_s0
  Episodes     : 55000
  Env steps    : 2,283,690  (76117s)
  Best metric  : 0.910  (policy in /home/fahim/Thesis_fahim/pickandplace/checkpoints/td3_grasp_rand_td3_ln_cereal_align_s0/best)
  Final grasp% : 84.0
  CSV          : /home/fahim/Thesis_fahim/pickandplace/logs/grasp_rand_td3_ln_cereal_align_s0/episodes.csv
  Probe CSV    : /home/fahim/Thesis_fahim/pickandplace/logs/grasp_rand_td3_ln_cereal_align_s0/probe.csv
  Manifest     : /home/fahim/Thesis_fahim/pickandplace/logs/grasp_rand_td3_ln_cereal_align_s0/manifest.json
========================================================================

