========================================================================
RANDOM-SPAWN GRASP RETRAINING  |  algo=td3_ln  run=td3_ln_cereal_alignwarm_s1
========================================================================
  Envs                : 5 (subprocess-parallel, fork)
  Spawn level         : 2.0 (1.0 = full position box, 2.0 = + z-rotation)
  Updates/vec-step    : 2 (0.400 per env-step; historical baseline 0.5)
  Buffer              : 2,000,000
  Actor               : 64 -> 32  (5,216 weights)  [critics 512->256]
  Warm start          : checkpoints/td3_grasp_rand_td3_ln_c2m512_s1/best
  Checkpoints         : /home/fahim/Thesis_fahim/pickandplace/checkpoints/td3_grasp_rand_td3_ln_cereal_alignwarm_s1
========================================================================

Spawning 5 subprocess environments (fork)...
[robosuite WARNING] No private macro file found! (__init__.py:7)
[robosuite WARNING] It is recommended to use a private macro file (__init__.py:8)
[robosuite WARNING] To setup, run: python /home/fahim/Thesis_fahim/venv/lib/python3.12/site-packages/robosuite/scripts/setup_macros.py (__init__.py:9)
[robosuite WARNING] No private macro file found! (__init__.py:7)
[robosuite WARNING] It is recommended to use a private macro file (__init__.py:8)
[robosuite WARNING] To setup, run: python /home/fahim/Thesis_fahim/venv/lib/python3.12/site-packages/robosuite/scripts/setup_macros.py (__init__.py:9)
[robosuite WARNING] No private macro file found! (__init__.py:7)
[robosuite WARNING] It is recommended to use a private macro file (__init__.py:8)
[robosuite WARNING] To setup, run: python /home/fahim/Thesis_fahim/venv/lib/python3.12/site-packages/robosuite/scripts/setup_macros.py (__init__.py:9)
[robosuite WARNING] No private macro file found! (__init__.py:7)
[robosuite WARNING] It is recommended to use a private macro file (__init__.py:8)
[robosuite WARNING] To setup, run: python /home/fahim/Thesis_fahim/venv/lib/python3.12/site-packages/robosuite/scripts/setup_macros.py (__init__.py:9)
[robosuite WARNING] No private macro file found! (__init__.py:7)
[robosuite WARNING] It is recommended to use a private macro file (__init__.py:8)
[robosuite WARNING] To setup, run: python /home/fahim/Thesis_fahim/venv/lib/python3.12/site-packages/robosuite/scripts/setup_macros.py (__init__.py:9)
Gym has been unmaintained since 2022 and does not support NumPy 2.0 amongst other critical functionality.
Please upgrade to Gymnasium, the maintained drop-in replacement of Gym, or contact the authors of your software and request that they upgrade.
See the migration guide at https://gymnasium.farama.org/introduction/migration_guide/ for additional information.
Gym has been unmaintained since 2022 and does not support NumPy 2.0 amongst other critical functionality.
Please upgrade to Gymnasium, the maintained drop-in replacement of Gym, or contact the authors of your software and request that they upgrade.
See the migration guide at https://gymnasium.farama.org/introduction/migration_guide/ for additional information.
Gym has been unmaintained since 2022 and does not support NumPy 2.0 amongst other critical functionality.
Please upgrade to Gymnasium, the maintained drop-in replacement of Gym, or contact the authors of your software and request that they upgrade.
See the migration guide at https://gymnasium.farama.org/introduction/migration_guide/ for additional information.
Gym has been unmaintained since 2022 and does not support NumPy 2.0 amongst other critical functionality.
Please upgrade to Gymnasium, the maintained drop-in replacement of Gym, or contact the authors of your software and request that they upgrade.
See the migration guide at https://gymnasium.farama.org/introduction/migration_guide/ for additional information.
Gym has been unmaintained since 2022 and does not support NumPy 2.0 amongst other critical functionality.
Please upgrade to Gymnasium, the maintained drop-in replacement of Gym, or contact the authors of your software and request that they upgrade.
See the migration guide at https://gymnasium.farama.org/introduction/migration_guide/ for additional information.
/home/fahim/Thesis_fahim/venv/lib/python3.12/site-packages/gym/spaces/box.py:84: UserWarning: [33mWARN: Box bound precision lowered by casting to float32[0m
  logger.warn(f"Box bound precision lowered by casting to {self.dtype}")
Gym has been unmaintained since 2022 and does not support NumPy 2.0 amongst other critical functionality.
Please upgrade to Gymnasium, the maintained drop-in replacement of Gym, or contact the authors of your software and request that they upgrade.
See the migration guide at https://gymnasium.farama.org/introduction/migration_guide/ for additional information.
5 environments ready.

/home/fahim/Thesis_fahim/venv/lib/python3.12/site-packages/gym/spaces/box.py:84: UserWarning: [33mWARN: Box bound precision lowered by casting to float32[0m
  logger.warn(f"Box bound precision lowered by casting to {self.dtype}")
/home/fahim/Thesis_fahim/venv/lib/python3.12/site-packages/gym/spaces/box.py:84: UserWarning: [33mWARN: Box bound precision lowered by casting to float32[0m
  logger.warn(f"Box bound precision lowered by casting to {self.dtype}")
/home/fahim/Thesis_fahim/venv/lib/python3.12/site-packages/gym/spaces/box.py:84: UserWarning: [33mWARN: Box bound precision lowered by casting to float32[0m
  logger.warn(f"Box bound precision lowered by casting to {self.dtype}")
/home/fahim/Thesis_fahim/venv/lib/python3.12/site-packages/gym/spaces/box.py:84: UserWarning: [33mWARN: Box bound precision lowered by casting to float32[0m
  logger.warn(f"Box bound precision lowered by casting to {self.dtype}")
  Actor QAT           : per-tensor INT8 fake-quant, STE grads
  Actor weight clip   : |w| <= 8.0 * std(w) per Linear tensor (bi_s0 baseline fc1 9.96 / fc2 10.82)
Init: warm-started (actor only, critics fresh) (source: /home/fahim/Thesis_fahim/pickandplace/checkpoints/td3_grasp_rand_td3_ln_c2m512_s1/best)
Fresh replay buffer.

Training...

Ep    50 | score   29.46 | avg100    4.13 | grasp100   6.0% | best 0.000 |    123 st/s
    done(50): success=3 t_flicker=14 t_touched=14 t_no_reach=19
Ep   100 | score  -40.29 | avg100  -33.25 | grasp100   3.0% | best 0.000 |     54 st/s
    done(50): t_touched=4 t_no_reach=46
Ep   150 | score  143.07 | avg100  -64.15 | grasp100   1.0% | best 0.000 |     44 st/s
    done(50): success=1 t_flicker=1 t_touched=6 t_no_reach=42
Ep   200 | * BEST  level200=2.00 grasp200=  2.0% metric=0.020 | score  -61.22
Ep   250 | score  -41.61 | avg100  -63.67 | grasp100   0.0% | best 0.020 |     39 st/s
    done(50): t_flicker=3 t_touched=3 t_no_reach=44
Ep   300 | score  -68.36 | avg100  -57.25 | grasp100   1.0% | best 0.020 |     38 st/s
    done(50): success=1 t_flicker=2 t_touched=2 t_no_reach=45
Ep   350 | score  -53.16 | avg100  -52.52 | grasp100   2.0% | best 0.020 |     37 st/s
    done(50): success=1 t_flicker=3 t_touched=6 t_no_reach=40
  [primacy-bias reset of critic heads @ 25000 updates]
Ep   400 | score  -79.10 | avg100  -57.52 | grasp100   1.0% | best 0.020 |     36 st/s
    done(50): t_touched=6 t_no_reach=44
Ep   450 | score  -58.39 | avg100  -65.06 | grasp100   0.0% | best 0.020 |     36 st/s
    done(50): t_touched=1 t_no_reach=49
Ep   500 | score  -61.10 | avg100  -47.68 | grasp100   0.0% | best 0.020 |     36 st/s
    done(50): t_flicker=7 t_touched=7 t_no_reach=36
Ep   550 | score   -9.57 | avg100  -30.35 | grasp100   0.0% | best 0.020 |     35 st/s
    done(50): t_flicker=2 t_touched=11 t_no_reach=37
Ep   600 | score  -67.00 | avg100  -36.75 | grasp100   0.0% | best 0.020 |     35 st/s
    done(50): t_flicker=3 t_touched=5 t_no_reach=42
Ep   650 | score  -67.17 | avg100  -38.31 | grasp100   0.0% | best 0.020 |     35 st/s
    done(50): t_flicker=5 t_touched=4 t_no_reach=41
  [primacy-bias reset of critic heads @ 50000 updates]
Ep   700 | score  -74.46 | avg100  -30.04 | grasp100   2.0% | best 0.020 |     35 st/s
    done(50): success=2 t_flicker=4 t_touched=6 t_no_reach=38
Ep   750 | score  -15.69 | avg100  -27.54 | grasp100   2.0% | best 0.020 |     35 st/s
    done(50): t_flicker=6 t_touched=10 t_no_reach=34
Ep   800 | score   34.64 | avg100  -22.09 | grasp100   1.0% | best 0.020 |     34 st/s
    done(50): success=1 t_flicker=7 t_touched=20 t_no_reach=22
Ep   850 | score  -67.55 | avg100  -11.58 | grasp100   1.0% | best 0.020 |     34 st/s
    done(50): t_flicker=10 t_touched=16 t_no_reach=24
Ep   900 | score   26.91 | avg100   -8.10 | grasp100   1.0% | best 0.020 |     34 st/s
    done(50): success=1 t_flicker=16 t_touched=4 t_no_reach=29
Ep   950 | score  -37.39 | avg100   -6.70 | grasp100   4.0% | best 0.020 |     34 st/s
    done(50): success=3 t_flicker=10 t_touched=10 t_no_reach=27
Ep   972 | * BEST  level200=2.00 grasp200=  3.5% metric=0.035 | score  171.14
Ep  1000 | score   10.99 | avg100    1.74 | grasp100   5.0% | best 0.035 |     34 st/s
    done(50): success=2 t_flicker=18 t_touched=9 t_no_reach=21
  [primacy-bias reset of critic heads @ 75000 updates]
Ep  1050 | score  -60.63 | avg100   -7.37 | grasp100   2.0% | best 0.035 |     34 st/s
    done(50): t_flicker=9 t_touched=13 t_no_reach=28
Ep  1100 | score  -77.69 | avg100  -24.85 | grasp100   0.0% | best 0.035 |     34 st/s
    done(50): t_flicker=8 t_touched=8 t_no_reach=34
Ep  1150 | score  -26.61 | avg100   -1.58 | grasp100   1.0% | best 0.035 |     34 st/s
    done(50): success=1 t_flicker=18 t_touched=13 t_no_reach=18
Ep  1200 | score   65.20 | avg100   18.14 | grasp100   1.0% | best 0.035 |     34 st/s
    done(50): t_flicker=17 t_touched=17 t_no_reach=16
Ep  1250 | score   78.20 | avg100   28.33 | grasp100   0.0% | best 0.035 |     34 st/s
    done(50): t_flicker=27 t_touched=15 t_no_reach=8
Ep  1300 | score   76.77 | avg100   48.73 | grasp100   4.0% | best 0.035 |     34 st/s
    done(50): success=4 t_flicker=21 t_touched=18 t_no_reach=7
Ep  1350 | score   81.17 | avg100   42.12 | grasp100   5.0% | best 0.035 |     34 st/s
    done(50): success=1 t_flicker=22 t_touched=16 t_no_reach=11
  [primacy-bias reset of critic heads @ 100000 updates]
Ep  1400 | score   26.44 | avg100   16.64 | grasp100   1.0% | best 0.035 |     34 st/s
    done(50): t_flicker=22 t_touched=10 t_no_reach=18
Ep  1450 | score   37.15 | avg100   16.79 | grasp100   0.0% | best 0.035 |     34 st/s
    done(50): t_flicker=28 t_touched=14 t_no_reach=8
Ep  1500 | score   18.18 | avg100   40.69 | grasp100   2.0% | best 0.035 |     33 st/s
    done(50): success=2 t_flicker=28 t_touched=16 t_no_reach=4
Ep  1550 | score   44.65 | avg100   57.88 | grasp100   4.0% | best 0.035 |     33 st/s
    done(50): success=2 t_flicker=30 t_touched=15 t_no_reach=3
Ep  1600 | score   55.75 | avg100   67.75 | grasp100   5.0% | best 0.035 |     33 st/s
    done(50): success=3 t_flicker=28 t_touched=13 t_no_reach=6
Ep  1628 | * BEST  level200=2.00 grasp200=  5.0% metric=0.050 | score  205.95
Ep  1650 | score   37.82 | avg100   63.54 | grasp100   7.0% | best 0.050 |     33 st/s
    done(50): success=4 t_flicker=24 t_touched=11 t_no_reach=11
Ep  1686 | * BEST  level200=2.00 grasp200=  6.5% metric=0.065 | score  120.77
Ep  1700 | score    4.05 | avg100   56.95 | grasp100   7.0% | best 0.065 |     33 st/s
    done(50): success=3 t_flicker=28 t_touched=11 t_no_reach=8
Ep  1730 | * BEST  level200=2.00 grasp200=  8.0% metric=0.080 | score  163.56
  [primacy-bias reset of critic heads @ 125000 updates]
Ep  1750 | score   34.07 | avg100   60.69 | grasp100   8.0% | best 0.080 |     33 st/s
    done(50): success=5 t_flicker=21 t_touched=16 t_no_reach=8
Ep  1800 | score   52.59 | avg100   48.38 | grasp100   9.0% | best 0.080 |     33 st/s
    done(50): success=4 t_flicker=16 t_touched=13 t_no_reach=17
Ep  1850 | score   49.85 | avg100   41.81 | grasp100   5.0% | best 0.080 |     33 st/s
    done(50): success=1 t_flicker=31 t_touched=11 t_no_reach=7
Ep  1900 | score  106.21 | avg100   60.75 | grasp100   1.0% | best 0.080 |     33 st/s
    done(50): t_flicker=33 t_touched=12 t_no_reach=5
Ep  1950 | score   32.56 | avg100   65.31 | grasp100   2.0% | best 0.080 |     33 st/s
    done(50): success=2 t_flicker=22 t_touched=23 t_no_reach=3
Ep  2000 | score  215.46 | avg100   68.55 | grasp100   9.0% | best 0.080 |     33 st/s
    done(50): success=7 t_flicker=25 t_touched=14 t_no_reach=4
Ep  2050 | score   76.52 | avg100   69.60 | grasp100  13.0% | best 0.080 |     33 st/s
    done(50): success=6 t_flicker=24 t_touched=11 t_no_reach=9
Ep  2074 | * BEST  level200=2.00 grasp200=  9.5% metric=0.095 | score  182.77
Ep  2083 | * BEST  level200=2.00 grasp200= 11.0% metric=0.110 | score  138.13
Ep  2098 | * BEST  level200=2.00 grasp200= 12.5% metric=0.125 | score  184.65
Ep  2100 | score  112.82 | avg100   68.00 | grasp100  16.0% | best 0.125 |     33 st/s
    done(50): success=10 t_flicker=23 t_touched=8 t_no_reach=9
  [primacy-bias reset of critic heads @ 150000 updates]
Ep  2150 | score   33.97 | avg100   64.93 | grasp100  13.0% | best 0.125 |     33 st/s
    done(50): success=3 t_flicker=23 t_touched=15 t_no_reach=9
Ep  2200 | score   64.41 | avg100   54.93 | grasp100   5.0% | best 0.125 |     33 st/s
    done(50): success=2 t_flicker=24 t_touched=15 t_no_reach=9
Ep  2250 | score   63.26 | avg100   50.51 | grasp100   3.0% | best 0.125 |     33 st/s
    done(50): success=1 t_flicker=28 t_touched=15 t_no_reach=6
Ep  2300 | score   91.36 | avg100   61.43 | grasp100   8.0% | best 0.125 |     33 st/s
    done(50): success=7 t_flicker=25 t_touched=16 t_no_reach=2
Ep  2350 | score   73.93 | avg100   76.73 | grasp100  11.0% | best 0.125 |     33 st/s
    done(50): success=4 t_flicker=25 t_touched=18 t_no_reach=3
Ep  2400 | score   93.15 | avg100   75.21 | grasp100  11.0% | best 0.125 |     33 st/s
    done(50): success=7 t_flicker=23 t_touched=18 t_no_reach=2
Ep  2450 | score  136.27 | avg100   78.78 | grasp100  15.0% | best 0.125 |     33 st/s
    done(50): success=8 t_flicker=28 t_touched=11 t_no_reach=3
Ep  2500 | score   99.21 | avg100   75.39 | grasp100  13.0% | best 0.125 |     33 st/s
    done(50): success=5 t_flicker=31 t_touched=9 t_no_reach=5
Ep  2550 | score   92.25 | avg100   71.09 | grasp100  10.0% | best 0.125 |     33 st/s
    done(50): success=5 t_flicker=23 t_touched=19 t_no_reach=3
  [primacy-bias reset of critic heads @ 175000 updates]
Ep  2600 | score   11.17 | avg100   56.69 | grasp100   6.0% | best 0.125 |     33 st/s
    done(50): success=1 t_flicker=28 t_touched=12 t_no_reach=9
Ep  2650 | score   57.62 | avg100   46.16 | grasp100   2.0% | best 0.125 |     33 st/s
    done(50): success=1 t_flicker=25 t_touched=17 t_no_reach=7
Ep  2700 | score   58.57 | avg100   63.71 | grasp100   7.0% | best 0.125 |     33 st/s
    done(50): success=6 t_flicker=26 t_touched=13 t_no_reach=5
Ep  2750 | score  111.46 | avg100   74.06 | grasp100  11.0% | best 0.125 |     33 st/s
    done(50): success=5 t_flicker=30 t_touched=13 t_no_reach=2
Ep  2800 | score   61.17 | avg100   72.65 | grasp100  10.0% | best 0.125 |     33 st/s
    done(50): success=5 t_flicker=25 t_touched=15 t_no_reach=5
Ep  2850 | score   87.40 | avg100   76.38 | grasp100  16.0% | best 0.125 |     33 st/s
    done(50): success=11 t_flicker=23 t_touched=14 t_no_reach=2
Ep  2851 | * BEST  level200=2.00 grasp200= 14.0% metric=0.140 | score  165.42
Ep  2900 | score   20.73 | avg100   75.52 | grasp100  16.0% | best 0.140 |     33 st/s
    done(50): success=5 t_flicker=28 t_touched=11 t_no_reach=6
Ep  2950 | score  175.98 | avg100   77.80 | grasp100  13.0% | best 0.140 |     33 st/s
    done(50): success=8 t_flicker=29 t_touched=10 t_no_reach=3
  [primacy-bias reset of critic heads @ 200000 updates]
Ep  3000 | score   48.02 | avg100   68.64 | grasp100  10.0% | best 0.140 |     33 st/s
    done(50): success=2 t_flicker=25 t_touched=15 t_no_reach=8
Ep  3050 | score  -57.03 | avg100   32.71 | grasp100   3.0% | best 0.140 |     33 st/s
    done(50): success=1 t_flicker=22 t_touched=12 t_no_reach=15
Ep  3100 | score  125.07 | avg100   43.50 | grasp100   6.0% | best 0.140 |     33 st/s
    done(50): success=5 t_flicker=25 t_touched=12 t_no_reach=8
Ep  3150 | score   60.72 | avg100   71.80 | grasp100   9.0% | best 0.140 |     33 st/s
    done(50): success=4 t_flicker=35 t_touched=9 t_no_reach=2
Ep  3200 | score   58.53 | avg100   84.85 | grasp100  14.0% | best 0.140 |     33 st/s
    done(50): success=10 t_flicker=26 t_touched=12 t_no_reach=2
Ep  3250 | score   29.68 | avg100   86.08 | grasp100  17.0% | best 0.140 |     33 st/s
    done(50): success=7 t_flicker=28 t_touched=9 t_no_reach=6
Ep  3279 | * BEST  level200=2.00 grasp200= 15.5% metric=0.155 | score  141.56
Ep  3300 | score   61.61 | avg100   80.85 | grasp100  17.0% | best 0.155 |     33 st/s
    done(50): success=10 t_flicker=27 t_touched=9 t_no_reach=4
Ep  3318 | * BEST  level200=2.00 grasp200= 17.0% metric=0.170 | score  200.00
Ep  3330 | * BEST  level200=2.00 grasp200= 18.5% metric=0.185 | score  166.02
Ep  3350 | score   45.70 | avg100   92.53 | grasp100  21.0% | best 0.185 |     33 st/s
    done(50): success=11 t_flicker=26 t_touched=10 t_no_reach=3
Ep  3400 | score  139.54 | avg100   88.62 | grasp100  21.0% | best 0.185 |     33 st/s
    done(50): success=10 t_flicker=27 t_touched=10 t_no_reach=3
Ep  3411 | * BEST  level200=2.00 grasp200= 20.0% metric=0.200 | score  172.53
  [primacy-bias reset of critic heads @ 225000 updates]
Ep  3450 | score  -24.77 | avg100   76.25 | grasp100  17.0% | best 0.200 |     33 st/s
    done(50): success=7 t_flicker=24 t_touched=15 t_no_reach=4
Ep  3500 | score  -14.31 | avg100   60.91 | grasp100  13.0% | best 0.200 |     33 st/s
    done(50): success=6 t_flicker=21 t_touched=19 t_no_reach=4
Ep  3550 | score   56.46 | avg100   60.76 | grasp100  12.0% | best 0.200 |     33 st/s
    done(50): success=6 t_flicker=29 t_touched=12 t_no_reach=3
Ep  3600 | score  125.85 | avg100   70.94 | grasp100  11.0% | best 0.200 |     33 st/s
    done(50): success=5 t_flicker=32 t_touched=12 t_no_reach=1
Ep  3650 | score  -64.03 | avg100   74.45 | grasp100  16.0% | best 0.200 |     33 st/s
    done(50): success=11 t_flicker=24 t_touched=11 t_no_reach=4
Ep  3700 | score   96.42 | avg100   73.91 | grasp100  19.0% | best 0.200 |     33 st/s
    done(50): success=8 t_flicker=25 t_touched=9 t_no_reach=8
Ep  3750 | score   50.03 | avg100   75.76 | grasp100  15.0% | best 0.200 |     33 st/s
    done(50): success=7 t_flicker=27 t_touched=13 t_no_reach=3
Ep  3800 | score  -42.95 | avg100   82.86 | grasp100  17.0% | best 0.200 |     33 st/s
    done(50): success=10 t_flicker=26 t_touched=7 t_no_reach=7
Ep  3850 | score    1.91 | avg100   84.17 | grasp100  20.0% | best 0.200 |     33 st/s
    done(50): success=10 t_flicker=25 t_touched=10 t_no_reach=5
  [primacy-bias reset of critic heads @ 250000 updates]
Ep  3900 | score   52.13 | avg100   77.22 | grasp100  16.0% | best 0.200 |     33 st/s
    done(50): success=6 t_flicker=23 t_touched=14 t_no_reach=7
Ep  3950 | score  -20.75 | avg100   65.58 | grasp100  13.0% | best 0.200 |     33 st/s
    done(50): success=7 t_flicker=23 t_touched=16 t_no_reach=4
Ep  4000 | score  141.53 | avg100   63.30 | grasp100  10.0% | best 0.200 |     33 st/s
    done(50): success=3 t_flicker=34 t_touched=8 t_no_reach=5
Ep  4050 | score   15.52 | avg100   72.32 | grasp100  10.0% | best 0.200 |     33 st/s
    done(50): success=7 t_flicker=27 t_touched=14 t_no_reach=2
Ep  4100 | score  195.91 | avg100   74.43 | grasp100  14.0% | best 0.200 |     33 st/s
    done(50): success=7 t_flicker=29 t_touched=10 t_no_reach=4
Ep  4150 | score   58.81 | avg100   80.37 | grasp100  19.0% | best 0.200 |     33 st/s
    done(50): success=12 t_flicker=27 t_touched=8 t_no_reach=3
Ep  4200 | score   59.00 | avg100   93.92 | grasp100  26.0% | best 0.200 |     33 st/s
    done(50): success=14 t_flicker=26 t_touched=3 t_no_reach=7
Ep  4218 | * BEST  level200=2.00 grasp200= 21.5% metric=0.215 | score  162.03
Ep  4227 | * BEST  level200=2.00 grasp200= 23.0% metric=0.230 | score  141.54
Ep  4250 | score   45.63 | avg100   91.48 | grasp100  27.0% | best 0.230 |     33 st/s
    done(50): success=13 t_flicker=20 t_touched=9 t_no_reach=8
Ep  4264 | * BEST  level200=2.00 grasp200= 24.5% metric=0.245 | score  189.89
Ep  4285 | * BEST  level200=2.00 grasp200= 26.0% metric=0.260 | score  203.68
Ep  4297 | * BEST  level200=2.00 grasp200= 27.5% metric=0.275 | score  193.19
Ep  4300 | score   17.62 | avg100   97.85 | grasp100  30.0% | best 0.275 |     32 st/s
    done(50): success=17 t_flicker=25 t_touched=1 t_no_reach=7
Ep  4319 | * BEST  level200=2.00 grasp200= 29.0% metric=0.290 | score  180.84
Ep  4350 | score  142.40 | avg100  101.18 | grasp100  31.0% | best 0.290 |     32 st/s
    done(50): success=14 t_flicker=24 t_touched=6 t_no_reach=6
  [primacy-bias reset of critic heads @ 275000 updates]
Ep  4400 | score   -8.52 | avg100   71.31 | grasp100  20.0% | best 0.290 |     32 st/s
    done(50): success=6 t_flicker=17 t_touched=13 t_no_reach=14
Ep  4450 | score   -0.97 | avg100   57.75 | grasp100  17.0% | best 0.290 |     32 st/s
    done(50): success=11 t_flicker=22 t_touched=10 t_no_reach=7
Ep  4500 | score   55.77 | avg100   68.34 | grasp100  16.0% | best 0.290 |     32 st/s
    done(50): success=5 t_flicker=28 t_touched=13 t_no_reach=4
Ep  4550 | score  162.76 | avg100   99.85 | grasp100  28.0% | best 0.290 |     32 st/s
    done(50): success=23 t_flicker=22 t_touched=5
Ep  4600 | score  207.50 | avg100  118.54 | grasp100  37.0% | best 0.290 |     32 st/s
    done(50): success=14 t_flicker=30 t_touched=4 t_no_reach=2
Ep  4650 | score   74.94 | avg100  106.23 | grasp100  29.0% | best 0.290 |     32 st/s
    done(50): success=15 t_flicker=24 t_touched=9 t_no_reach=2
Ep  4663 | * BEST  level200=2.00 grasp200= 30.5% metric=0.305 | score  138.56
Ep  4700 | * BEST  level200=2.00 grasp200= 32.0% metric=0.320 | score  181.42
Ep  4750 | score  119.97 | avg100   88.62 | grasp100  24.0% | best 0.320 |     32 st/s
    done(50): success=12 t_flicker=27 t_touched=10 t_no_reach=1
Ep  4800 | score  113.15 | avg100   90.31 | grasp100  25.0% | best 0.320 |     32 st/s
    done(50): success=13 t_flicker=25 t_touched=11 t_no_reach=1
Ep  4850 | score   69.41 | avg100  107.13 | grasp100  37.0% | best 0.320 |     32 st/s
    done(50): success=24 t_flicker=18 t_touched=8
  [primacy-bias reset of critic heads @ 300000 updates]
Ep  4900 | score  -30.62 | avg100  107.92 | grasp100  35.0% | best 0.320 |     32 st/s
    done(50): success=11 t_flicker=23 t_touched=12 t_no_reach=4
Ep  4950 | score  115.86 | avg100   60.58 | grasp100  12.0% | best 0.320 |     32 st/s
    done(50): success=1 t_flicker=20 t_touched=18 t_no_reach=11
Ep  5000 | score   80.71 | avg100   45.48 | grasp100   6.0% | best 0.320 |     32 st/s
    done(50): success=5 t_flicker=26 t_touched=15 t_no_reach=4
Ep  5050 | score  134.03 | avg100   85.42 | grasp100  18.0% | best 0.320 |     32 st/s
    done(50): success=13 t_flicker=26 t_touched=10 t_no_reach=1
Ep  5100 | score   58.20 | avg100  110.65 | grasp100  32.0% | best 0.320 |     32 st/s
    done(50): success=19 t_flicker=22 t_touched=7 t_no_reach=2
Ep  5150 | score   61.81 | avg100  102.56 | grasp100  31.0% | best 0.320 |     32 st/s
    done(50): success=12 t_flicker=26 t_touched=7 t_no_reach=5
Ep  5200 | score  113.87 | avg100  107.73 | grasp100  34.0% | best 0.320 |     32 st/s
    done(50): success=22 t_flicker=18 t_touched=6 t_no_reach=4
Ep  5203 | * BEST  level200=2.00 grasp200= 33.5% metric=0.335 | score  199.26
Ep  5215 | * BEST  level200=2.00 grasp200= 35.0% metric=0.350 | score  134.78
Ep  5250 | score  125.52 | avg100  113.63 | grasp100  38.0% | best 0.350 |     32 st/s
    done(50): success=16 t_flicker=28 t_touched=3 t_no_reach=3
Ep  5300 | score  123.94 | avg100  100.45 | grasp100  35.0% | best 0.350 |     32 st/s
    done(50): success=19 t_flicker=23 t_touched=4 t_no_reach=4
Ep  5317 | * BEST  level200=2.00 grasp200= 36.5% metric=0.365 | score  202.48
Ep  5350 | score   52.47 | avg100   96.33 | grasp100  34.0% | best 0.365 |     32 st/s
    done(50): success=15 t_flicker=24 t_touched=6 t_no_reach=5
Ep  5400 | score  202.05 | avg100   94.35 | grasp100  30.0% | best 0.365 |     32 st/s
    done(50): success=15 t_flicker=21 t_touched=8 t_no_reach=6
  [primacy-bias reset of critic heads @ 325000 updates]
Ep  5450 | score   -7.31 | avg100   96.72 | grasp100  34.0% | best 0.365 |     32 st/s
    done(50): success=19 t_flicker=16 t_touched=7 t_no_reach=8
Ep  5500 | score  176.57 | avg100   86.46 | grasp100  32.0% | best 0.365 |     32 st/s
    done(50): success=13 t_flicker=25 t_touched=11 t_no_reach=1
Ep  5550 | score   93.96 | avg100   85.41 | grasp100  25.0% | best 0.365 |     32 st/s
    done(50): success=12 t_flicker=23 t_touched=12 t_no_reach=3
Ep  5600 | score   56.36 | avg100  100.74 | grasp100  25.0% | best 0.365 |     32 st/s
    done(50): success=13 t_flicker=29 t_touched=7 t_no_reach=1
Ep  5650 | score  175.31 | avg100  109.25 | grasp100  33.0% | best 0.365 |     32 st/s
    done(50): success=20 t_flicker=24 t_touched=3 t_no_reach=3
Ep  5700 | score  114.61 | avg100  109.71 | grasp100  35.0% | best 0.365 |     32 st/s
    done(50): success=15 t_flicker=29 t_touched=5 t_no_reach=1
Ep  5750 | score   76.50 | avg100  107.13 | grasp100  33.0% | best 0.365 |     32 st/s
    done(50): success=18 t_flicker=24 t_touched=4 t_no_reach=4
Ep  5778 | * BEST  level200=2.00 grasp200= 38.0% metric=0.380 | score  164.96
Ep  5800 | score  262.12 | avg100  117.68 | grasp100  40.0% | best 0.380 |     32 st/s
    done(50): success=22 t_flicker=24 t_touched=4
Ep  5850 | score  176.73 | avg100  114.72 | grasp100  40.0% | best 0.380 |     32 st/s
    done(50): success=18 t_flicker=20 t_touched=9 t_no_reach=3
Ep  5900 | * BEST  level200=2.00 grasp200= 39.5% metric=0.395 | score  207.00
Ep  5950 | score  -71.95 | avg100  108.54 | grasp100  35.0% | best 0.395 |     32 st/s
    done(50): success=14 t_flicker=23 t_touched=10 t_no_reach=3
Ep  6000 | score   56.48 | avg100  103.04 | grasp100  29.0% | best 0.395 |     32 st/s
    done(50): success=15 t_flicker=24 t_touched=8 t_no_reach=3
  [primacy-bias reset of critic heads @ 350000 updates]
Ep  6050 | score  196.98 | avg100  111.26 | grasp100  33.0% | best 0.395 |     32 st/s
    done(50): success=18 t_flicker=27 t_touched=1 t_no_reach=4
Ep  6100 | score  101.64 | avg100   83.09 | grasp100  20.0% | best 0.395 |     32 st/s
    done(50): success=2 t_flicker=26 t_touched=15 t_no_reach=7
Ep  6150 | score  -70.52 | avg100   64.77 | grasp100  11.0% | best 0.395 |     32 st/s
    done(50): success=9 t_flicker=30 t_touched=10 t_no_reach=1
Ep  6200 | score   80.20 | avg100   93.64 | grasp100  23.0% | best 0.395 |     32 st/s
    done(50): success=14 t_flicker=29 t_touched=5 t_no_reach=2
Ep  6250 | score   42.15 | avg100  111.44 | grasp100  36.0% | best 0.395 |     32 st/s
    done(50): success=22 t_flicker=20 t_touched=5 t_no_reach=3
Ep  6300 | score   40.60 | avg100  102.24 | grasp100  37.0% | best 0.395 |     32 st/s
    done(50): success=15 t_flicker=29 t_touched=2 t_no_reach=4
Ep  6350 | score   86.30 | avg100  105.85 | grasp100  35.0% | best 0.395 |     32 st/s
    done(50): success=20 t_flicker=24 t_touched=6
Ep  6400 | score   90.48 | avg100  121.21 | grasp100  40.0% | best 0.395 |     32 st/s
    done(50): success=20 t_flicker=26 t_touched=1 t_no_reach=3
Ep  6450 | score  164.46 | avg100  121.77 | grasp100  41.0% | best 0.395 |     32 st/s
    done(50): success=21 t_flicker=23 t_touched=4 t_no_reach=2
Ep  6500 | score   57.64 | avg100  121.51 | grasp100  40.0% | best 0.395 |     32 st/s
    done(50): success=19 t_flicker=20 t_touched=11
Ep  6506 | * BEST  level200=2.00 grasp200= 41.0% metric=0.410 | score  192.48
Ep  6550 | score  200.95 | avg100  120.49 | grasp100  42.0% | best 0.410 |     32 st/s
    done(50): success=23 t_flicker=24 t_touched=2 t_no_reach=1
Ep  6600 | score   99.29 | avg100  113.74 | grasp100  39.0% | best 0.410 |     32 st/s
    done(50): success=16 t_flicker=28 t_touched=5 t_no_reach=1
Ep  6650 | score  179.01 | avg100  108.60 | grasp100  33.0% | best 0.410 |     32 st/s
    done(50): success=17 t_flicker=23 t_touched=8 t_no_reach=2
  [primacy-bias reset of critic heads @ 375000 updates]
Ep  6700 | score   97.92 | avg100   98.22 | grasp100  32.0% | best 0.410 |     32 st/s
    done(50): success=15 t_flicker=27 t_touched=7 t_no_reach=1
Ep  6750 | score   87.72 | avg100   83.07 | grasp100  25.0% | best 0.410 |     32 st/s
    done(50): success=10 t_flicker=29 t_touched=9 t_no_reach=2
Ep  6800 | score  194.97 | avg100   90.58 | grasp100  27.0% | best 0.410 |     32 st/s
    done(50): success=17 t_flicker=24 t_touched=7 t_no_reach=2
Ep  6850 | score  -13.50 | avg100  106.84 | grasp100  39.0% | best 0.410 |     32 st/s
    done(50): success=22 t_flicker=23 t_touched=4 t_no_reach=1
Ep  6900 | score   68.16 | avg100  101.86 | grasp100  41.0% | best 0.410 |     32 st/s
    done(50): success=19 t_flicker=24 t_touched=5 t_no_reach=2
Ep  6950 | score   57.53 | avg100  106.41 | grasp100  44.0% | best 0.410 |     32 st/s
    done(50): success=25 t_flicker=18 t_touched=7
Ep  6958 | * BEST  level200=2.00 grasp200= 42.5% metric=0.425 | score  177.45
Ep  6989 | * BEST  level200=2.00 grasp200= 44.0% metric=0.440 | score  158.92
Ep  7000 | score   97.67 | avg100  121.05 | grasp100  46.0% | best 0.440 |     32 st/s
    done(50): success=21 t_flicker=23 t_touched=6
Ep  7050 | score  -45.48 | avg100  107.72 | grasp100  33.0% | best 0.440 |     32 st/s
    done(50): success=12 t_flicker=27 t_touched=6 t_no_reach=5
Ep  7100 | score  185.45 | avg100  103.68 | grasp100  27.0% | best 0.440 |     32 st/s
    done(50): success=15 t_flicker=23 t_touched=10 t_no_reach=2
Ep  7150 | score   54.78 | avg100  116.93 | grasp100  34.0% | best 0.440 |     32 st/s
    done(50): success=19 t_flicker=24 t_touched=6 t_no_reach=1
Ep  7200 | score   62.89 | avg100  121.04 | grasp100  41.0% | best 0.440 |     32 st/s
    done(50): success=22 t_flicker=20 t_touched=7 t_no_reach=1
Ep  7250 | score  190.16 | avg100  114.75 | grasp100  41.0% | best 0.440 |     32 st/s
    done(50): success=19 t_flicker=23 t_touched=6 t_no_reach=2
  [primacy-bias reset of critic heads @ 400000 updates]
Ep  7300 | score   35.84 | avg100  114.16 | grasp100  45.0% | best 0.440 |     32 st/s
    done(50): success=26 t_flicker=20 t_touched=2 t_no_reach=2
Ep  7350 | score    4.25 | avg100  107.39 | grasp100  46.0% | best 0.440 |     32 st/s
    done(50): success=20 t_flicker=22 t_touched=4 t_no_reach=4
Ep  7400 | score   57.77 | avg100   90.13 | grasp100  34.0% | best 0.440 |     32 st/s
    done(50): success=14 t_flicker=20 t_touched=12 t_no_reach=4
Ep  7450 | score   57.80 | avg100   95.92 | grasp100  37.0% | best 0.440 |     32 st/s
    done(50): success=23 t_flicker=18 t_touched=8 t_no_reach=1
Ep  7500 | score  172.35 | avg100  111.98 | grasp100  44.0% | best 0.440 |     32 st/s
    done(50): success=21 t_flicker=24 t_touched=5
Ep  7550 | score  221.88 | avg100  118.89 | grasp100  49.0% | best 0.440 |     32 st/s
    done(50): success=28 t_flicker=15 t_touched=4 t_no_reach=3
Ep  7596 | * BEST  level200=2.00 grasp200= 45.5% metric=0.455 | score  222.54
Ep  7600 | score  196.52 | avg100  116.34 | grasp100  47.0% | best 0.455 |     32 st/s
    done(50): success=19 t_flicker=20 t_touched=8 t_no_reach=3
Ep  7650 | score  125.90 | avg100  117.27 | grasp100  40.0% | best 0.455 |     32 st/s
    done(50): success=21 t_flicker=26 t_touched=3
Ep  7700 | score  194.53 | avg100  115.60 | grasp100  39.0% | best 0.455 |     32 st/s
    done(50): success=18 t_flicker=24 t_touched=8
Ep  7750 | score  116.74 | avg100  110.76 | grasp100  36.0% | best 0.455 |     32 st/s
    done(50): success=18 t_flicker=25 t_touched=5 t_no_reach=2
Ep  7800 | score  -68.93 | avg100  113.08 | grasp100  37.0% | best 0.455 |     32 st/s
    done(50): success=19 t_flicker=23 t_touched=8
Ep  7850 | score   55.70 | avg100  108.85 | grasp100  40.0% | best 0.455 |     32 st/s
    done(50): success=21 t_flicker=20 t_touched=5 t_no_reach=4
Ep  7900 | score  111.81 | avg100  113.24 | grasp100  44.0% | best 0.455 |     32 st/s
    done(50): success=23 t_flicker=19 t_touched=5 t_no_reach=3
Ep  7950 | score  196.93 | avg100  129.88 | grasp100  52.0% | best 0.455 |     32 st/s
    done(50): success=29 t_flicker=16 t_touched=5
Ep  7953 | * BEST  level200=2.00 grasp200= 47.0% metric=0.470 | score  178.41
  [primacy-bias reset of critic heads @ 425000 updates]
Ep  7969 | * BEST  level200=2.00 grasp200= 48.5% metric=0.485 | score  185.08
Ep  8000 | score   -6.94 | avg100  113.09 | grasp100  46.0% | best 0.485 |     32 st/s
    done(50): success=17 t_flicker=15 t_touched=10 t_no_reach=8
Ep  8050 | score   58.32 | avg100   79.38 | grasp100  23.0% | best 0.485 |     32 st/s
    done(50): success=6 t_flicker=28 t_touched=13 t_no_reach=3
Ep  8100 | score  162.36 | avg100   97.40 | grasp100  30.0% | best 0.485 |     32 st/s
    done(50): success=24 t_flicker=20 t_touched=4 t_no_reach=2
Ep  8150 | score  -50.52 | avg100  110.55 | grasp100  39.0% | best 0.485 |     32 st/s
    done(50): success=15 t_flicker=30 t_touched=4 t_no_reach=1
Ep  8200 | score  201.61 | avg100  101.71 | grasp100  36.0% | best 0.485 |     32 st/s
    done(50): success=21 t_flicker=24 t_touched=3 t_no_reach=2
Ep  8250 | score  163.20 | avg100  113.05 | grasp100  45.0% | best 0.485 |     32 st/s
    done(50): success=24 t_flicker=16 t_touched=7 t_no_reach=3
Ep  8300 | score   85.93 | avg100  117.74 | grasp100  49.0% | best 0.485 |     32 st/s
    done(50): success=25 t_flicker=19 t_touched=5 t_no_reach=1
Ep  8342 | * BEST  level200=2.00 grasp200= 50.0% metric=0.500 | score  193.74
Ep  8350 | score  120.00 | avg100  129.59 | grasp100  56.0% | best 0.500 |     32 st/s
    done(50): success=31 t_flicker=12 t_touched=7
Ep  8354 | * BEST  level200=2.00 grasp200= 51.5% metric=0.515 | score  203.28
Ep  8359 | * BEST  level200=2.00 grasp200= 53.0% metric=0.530 | score  189.58
Ep  8362 | * BEST  level200=2.00 grasp200= 54.5% metric=0.545 | score  163.01
Ep  8390 | * BEST  level200=2.00 grasp200= 56.0% metric=0.560 | score  167.68
Ep  8400 | score  123.37 | avg100  137.36 | grasp100  62.0% | best 0.560 |     32 st/s
    done(50): success=31 t_flicker=13 t_touched=4 t_no_reach=2
Ep  8450 | score  191.08 | avg100  120.84 | grasp100  50.0% | best 0.560 |     32 st/s
    done(50): success=19 t_flicker=21 t_touched=7 t_no_reach=3
Ep  8500 | score  182.02 | avg100  116.87 | grasp100  45.0% | best 0.560 |     32 st/s
    done(50): success=26 t_flicker=19 t_touched=4 t_no_reach=1
Ep  8550 | score  187.01 | avg100  123.12 | grasp100  53.0% | best 0.560 |     32 st/s
    done(50): success=27 t_flicker=17 t_touched=4 t_no_reach=2
Ep  8600 | score  167.68 | avg100  121.38 | grasp100  53.0% | best 0.560 |     32 st/s
    done(50): success=26 t_flicker=18 t_touched=5 t_no_reach=1
Ep  8650 | score   19.31 | avg100  121.69 | grasp100  49.0% | best 0.560 |     32 st/s
    done(50): success=23 t_flicker=21 t_touched=6
  [primacy-bias reset of critic heads @ 450000 updates]
Ep  8700 | score  155.44 | avg100  103.22 | grasp100  39.0% | best 0.560 |     32 st/s
    done(50): success=16 t_flicker=22 t_touched=4 t_no_reach=8
Ep  8750 | score  147.50 | avg100   87.11 | grasp100  34.0% | best 0.560 |     32 st/s
    done(50): success=18 t_flicker=16 t_touched=12 t_no_reach=4
Ep  8800 | score  -50.55 | avg100  102.06 | grasp100  39.0% | best 0.560 |     32 st/s
    done(50): success=21 t_flicker=19 t_touched=10
Ep  8850 | score  163.72 | avg100  106.79 | grasp100  39.0% | best 0.560 |     32 st/s
    done(50): success=18 t_flicker=23 t_touched=5 t_no_reach=4
Ep  8900 | score  186.20 | avg100  109.51 | grasp100  42.0% | best 0.560 |     32 st/s
    done(50): success=24 t_flicker=21 t_touched=2 t_no_reach=3
Ep  8950 | score   59.00 | avg100  120.41 | grasp100  49.0% | best 0.560 |     32 st/s
    done(50): success=25 t_flicker=18 t_touched=5 t_no_reach=2
Ep  9000 | score  155.57 | avg100  124.17 | grasp100  49.0% | best 0.560 |     32 st/s
    done(50): success=24 t_flicker=16 t_touched=7 t_no_reach=3
Ep  9050 | score  194.73 | avg100  125.13 | grasp100  48.0% | best 0.560 |     32 st/s
    done(50): success=24 t_flicker=20 t_touched=4 t_no_reach=2
Ep  9100 | score  167.60 | avg100  128.71 | grasp100  54.0% | best 0.560 |     32 st/s
    done(50): success=30 t_flicker=17 t_touched=3
Ep  9150 | score  -71.36 | avg100  127.41 | grasp100  54.0% | best 0.560 |     32 st/s
    done(50): success=24 t_flicker=21 t_touched=4 t_no_reach=1
Ep  9200 | score   46.89 | avg100  122.92 | grasp100  51.0% | best 0.560 |     32 st/s
    done(50): success=27 t_flicker=18 t_touched=3 t_no_reach=2
Ep  9250 | score  192.18 | avg100  126.14 | grasp100  54.0% | best 0.560 |     32 st/s
    done(50): success=27 t_flicker=22 t_no_reach=1
Ep  9300 | score  186.50 | avg100  125.46 | grasp100  53.0% | best 0.560 |     32 st/s
    done(50): success=26 t_flicker=20 t_touched=3 t_no_reach=1
Ep  9350 | score  188.62 | avg100  130.30 | grasp100  56.0% | best 0.560 |     32 st/s
    done(50): success=30 t_flicker=17 t_touched=2 t_no_reach=1
  [primacy-bias reset of critic heads @ 475000 updates]
Ep  9400 | score  177.60 | avg100  125.32 | grasp100  51.0% | best 0.560 |     32 st/s
    done(50): success=21 t_flicker=27 t_no_reach=2
Ep  9450 | score   86.88 | avg100   95.59 | grasp100  32.0% | best 0.560 |     32 st/s
    done(50): success=11 t_flicker=21 t_touched=10 t_no_reach=8
Ep  9500 | score  110.39 | avg100   84.21 | grasp100  24.0% | best 0.560 |     32 st/s
    done(50): success=13 t_flicker=28 t_touched=8 t_no_reach=1
Ep  9550 | score  170.51 | avg100   88.42 | grasp100  25.0% | best 0.560 |     32 st/s
    done(50): success=12 t_flicker=27 t_touched=10 t_no_reach=1
Ep  9600 | score  121.15 | avg100  104.27 | grasp100  34.0% | best 0.560 |     32 st/s
    done(50): success=22 t_flicker=20 t_touched=6 t_no_reach=2
Ep  9650 | score   -7.76 | avg100  129.48 | grasp100  51.0% | best 0.560 |     32 st/s
    done(50): success=29 t_flicker=17 t_touched=1 t_no_reach=3
Ep  9700 | score  174.49 | avg100  134.21 | grasp100  56.0% | best 0.560 |     32 st/s
    done(50): success=27 t_flicker=19 t_touched=4
Ep  9750 | score  -69.38 | avg100  132.88 | grasp100  58.0% | best 0.560 |     32 st/s
    done(50): success=31 t_flicker=15 t_touched=3 t_no_reach=1
Ep  9796 | * BEST  level200=2.00 grasp200= 57.5% metric=0.575 | score  189.19
Ep  9800 | score  119.65 | avg100  134.31 | grasp100  61.0% | best 0.575 |     32 st/s
    done(50): success=30 t_flicker=14 t_touched=5 t_no_reach=1
Ep  9850 | score  112.74 | avg100  129.78 | grasp100  56.0% | best 0.575 |     32 st/s
    done(50): success=26 t_flicker=20 t_touched=3 t_no_reach=1
Ep  9900 | score  201.88 | avg100  126.99 | grasp100  51.0% | best 0.575 |     32 st/s
    done(50): success=25 t_flicker=22 t_touched=3
Ep  9950 | score  200.06 | avg100  130.54 | grasp100  54.0% | best 0.575 |     32 st/s
    done(50): success=29 t_flicker=13 t_touched=6 t_no_reach=2
Ep 10000 | score  166.84 | avg100  129.07 | grasp100  55.0% | best 0.575 |     32 st/s
    done(50): success=26 t_flicker=18 t_touched=4 t_no_reach=2
Ep 10050 | score  -58.80 | avg100  127.91 | grasp100  54.0% | best 0.575 |     32 st/s
    done(50): success=28 t_flicker=17 t_touched=3 t_no_reach=2
  [primacy-bias reset of critic heads @ 500000 updates]
Ep 10100 | score  169.08 | avg100  130.57 | grasp100  55.0% | best 0.575 |     32 st/s
    done(50): success=27 t_flicker=17 t_touched=5 t_no_reach=1
Ep 10150 | score   80.85 | avg100  108.06 | grasp100  36.0% | best 0.575 |     32 st/s
    done(50): success=9 t_flicker=26 t_touched=8 t_no_reach=7
Ep 10200 | score  116.59 | avg100   90.72 | grasp100  25.0% | best 0.575 |     32 st/s
    done(50): success=16 t_flicker=16 t_touched=13 t_no_reach=5
Ep 10250 | score  207.11 | avg100  107.68 | grasp100  39.0% | best 0.575 |     32 st/s
    done(50): success=23 t_flicker=20 t_touched=5 t_no_reach=2
Ep 10300 | score  161.31 | avg100  120.25 | grasp100  48.0% | best 0.575 |     32 st/s
    done(50): success=25 t_flicker=20 t_touched=5
Ep 10350 | score  184.18 | avg100  127.81 | grasp100  52.0% | best 0.575 |     32 st/s
    done(50): success=27 t_flicker=21 t_touched=2
Ep 10400 | score  178.81 | avg100  135.63 | grasp100  54.0% | best 0.575 |     32 st/s
    done(50): success=27 t_flicker=19 t_touched=2 t_no_reach=2
Ep 10450 | score  206.62 | avg100  134.96 | grasp100  56.0% | best 0.575 |     32 st/s
    done(50): success=29 t_flicker=18 t_touched=3
Ep 10500 | score   71.78 | avg100  133.75 | grasp100  58.0% | best 0.575 |     32 st/s
    done(50): success=29 t_flicker=19 t_touched=2
Ep 10550 | score   59.19 | avg100  129.02 | grasp100  54.0% | best 0.575 |     32 st/s
    done(50): success=25 t_flicker=21 t_touched=3 t_no_reach=1
Ep 10600 | score  111.03 | avg100  127.55 | grasp100  53.0% | best 0.575 |     32 st/s
    done(50): success=28 t_flicker=15 t_touched=4 t_no_reach=3
Ep 10650 | score   56.25 | avg100  138.36 | grasp100  58.0% | best 0.575 |     32 st/s
    done(50): success=30 t_flicker=15 t_touched=5
Ep 10700 | score  152.48 | avg100  145.59 | grasp100  62.0% | best 0.575 |     32 st/s
    done(50): success=32 t_flicker=18
Ep 10750 | score   50.19 | avg100  139.09 | grasp100  56.0% | best 0.575 |     32 st/s
    done(50): success=24 t_flicker=19 t_touched=6 t_no_reach=1
Ep 10761 | * BEST  level200=2.00 grasp200= 59.0% metric=0.590 | score  163.27
Ep 10798 | * BEST  level200=2.00 grasp200= 60.5% metric=0.605 | score  170.70
Ep 10800 | score  -46.10 | avg100  141.74 | grasp100  59.0% | best 0.605 |     32 st/s
    done(50): success=35 t_flicker=14 t_touched=1
Ep 10850 | score   32.88 | avg100  138.28 | grasp100  60.0% | best 0.605 |     32 st/s
    done(50): success=25 t_flicker=17 t_touched=4 t_no_reach=4
Ep 10900 | score   42.79 | avg100  128.92 | grasp100  55.0% | best 0.605 |     32 st/s
    done(50): success=30 t_flicker=16 t_touched=3 t_no_reach=1
  [primacy-bias reset of critic heads @ 525000 updates]
Ep 10950 | score   77.37 | avg100  108.41 | grasp100  41.0% | best 0.605 |     32 st/s
    done(50): success=11 t_flicker=22 t_touched=10 t_no_reach=7
Ep 11000 | score  174.28 | avg100   85.08 | grasp100  24.0% | best 0.605 |     32 st/s
    done(50): success=13 t_flicker=27 t_touched=6 t_no_reach=4
Ep 11050 | score  146.85 | avg100   96.19 | grasp100  31.0% | best 0.605 |     32 st/s
    done(50): success=18 t_flicker=25 t_touched=7
Ep 11100 | score   49.40 | avg100  108.73 | grasp100  41.0% | best 0.605 |     32 st/s
    done(50): success=23 t_flicker=22 t_touched=2 t_no_reach=3
Ep 11150 | score   50.42 | avg100  129.64 | grasp100  52.0% | best 0.605 |     32 st/s
    done(50): success=29 t_flicker=16 t_touched=5
Ep 11200 | score  165.74 | avg100  134.36 | grasp100  52.0% | best 0.605 |     32 st/s
    done(50): success=23 t_flicker=21 t_touched=3 t_no_reach=3
Ep 11250 | score  135.32 | avg100  132.01 | grasp100  53.0% | best 0.605 |     32 st/s
    done(50): success=30 t_flicker=16 t_touched=2 t_no_reach=2
Ep 11300 | score   56.53 | avg100  137.26 | grasp100  59.0% | best 0.605 |     32 st/s
    done(50): success=29 t_flicker=15 t_touched=5 t_no_reach=1
Ep 11350 | score   62.55 | avg100  137.20 | grasp100  57.0% | best 0.605 |     32 st/s
    done(50): success=28 t_flicker=20 t_touched=1 t_no_reach=1
Ep 11400 | score  230.91 | avg100  138.60 | grasp100  58.0% | best 0.605 |     32 st/s
    done(50): success=30 t_flicker=14 t_touched=5 t_no_reach=1
Ep 11450 | score  115.92 | avg100  127.90 | grasp100  55.0% | best 0.605 |     32 st/s
    done(50): success=25 t_flicker=22 t_touched=1 t_no_reach=2
Ep 11500 | score  157.77 | avg100  131.92 | grasp100  54.0% | best 0.605 |     32 st/s
    done(50): success=29 t_flicker=18 t_touched=2 t_no_reach=1
Ep 11550 | score  172.06 | avg100  134.27 | grasp100  57.0% | best 0.605 |     32 st/s
    done(50): success=28 t_flicker=17 t_touched=3 t_no_reach=2
Ep 11600 | score   50.62 | avg100  127.78 | grasp100  55.0% | best 0.605 |     32 st/s
    done(50): success=27 t_flicker=22 t_no_reach=1
Ep 11650 | score  170.63 | avg100  129.26 | grasp100  55.0% | best 0.605 |     32 st/s
    done(50): success=28 t_flicker=19 t_touched=3
Ep 11700 | score  195.51 | avg100  123.72 | grasp100  55.0% | best 0.605 |     32 st/s
    done(50): success=27 t_flicker=14 t_touched=6 t_no_reach=3
  [primacy-bias reset of critic heads @ 550000 updates]
Ep 11750 | score  163.01 | avg100  112.51 | grasp100  49.0% | best 0.605 |     32 st/s
    done(50): success=22 t_flicker=14 t_touched=10 t_no_reach=4
Ep 11800 | score  -68.36 | avg100   89.23 | grasp100  33.0% | best 0.605 |     32 st/s
    done(50): success=11 t_flicker=21 t_touched=13 t_no_reach=5
Ep 11850 | score   50.97 | avg100   78.94 | grasp100  25.0% | best 0.605 |     32 st/s
    done(50): success=14 t_flicker=28 t_touched=5 t_no_reach=3
Ep 11900 | score   17.42 | avg100  102.46 | grasp100  38.0% | best 0.605 |     32 st/s
    done(50): success=24 t_flicker=15 t_touched=9 t_no_reach=2
Ep 11950 | score  158.07 | avg100  116.82 | grasp100  45.0% | best 0.605 |     32 st/s
    done(50): success=21 t_flicker=26 t_touched=3
Ep 12000 | score   77.85 | avg100  124.63 | grasp100  49.0% | best 0.605 |     32 st/s
    done(50): success=28 t_flicker=17 t_touched=4 t_no_reach=1
Ep 12050 | score  193.46 | avg100  137.49 | grasp100  58.0% | best 0.605 |     32 st/s
    done(50): success=30 t_flicker=19 t_touched=1
Ep 12100 | score   56.42 | avg100  131.95 | grasp100  55.0% | best 0.605 |     32 st/s
    done(50): success=25 t_flicker=19 t_touched=4 t_no_reach=2
Ep 12150 | score  244.44 | avg100  127.42 | grasp100  53.0% | best 0.605 |     32 st/s
    done(50): success=28 t_flicker=19 t_touched=2 t_no_reach=1
Ep 12200 | score  195.72 | avg100  135.14 | grasp100  59.0% | best 0.605 |     32 st/s
    done(50): success=31 t_flicker=16 t_touched=2 t_no_reach=1
Ep 12250 | score  198.59 | avg100  142.37 | grasp100  61.0% | best 0.605 |     32 st/s
    done(50): success=30 t_flicker=16 t_touched=4
Ep 12300 | score  165.65 | avg100  145.31 | grasp100  59.0% | best 0.605 |     32 st/s
    done(50): success=29 t_flicker=21
Ep 12350 | score  207.40 | avg100  143.67 | grasp100  58.0% | best 0.605 |     32 st/s
    done(50): success=29 t_flicker=18 t_touched=3
Ep 12363 | * BEST  level200=2.00 grasp200= 62.0% metric=0.620 | score  172.18
Ep 12400 | score  176.44 | avg100  146.10 | grasp100  65.0% | best 0.620 |     32 st/s
    done(50): success=36 t_flicker=11 t_touched=3
Ep 12442 | * BEST  level200=2.00 grasp200= 63.5% metric=0.635 | score  182.48
Ep 12450 | score  179.95 | avg100  147.87 | grasp100  70.0% | best 0.635 |     32 st/s
    done(50): success=34 t_flicker=13 t_touched=2 t_no_reach=1
Ep 12500 | score  190.98 | avg100  136.19 | grasp100  60.0% | best 0.635 |     32 st/s
    done(50): success=26 t_flicker=18 t_touched=6
  [primacy-bias reset of critic heads @ 575000 updates]
Ep 12550 | score   58.21 | avg100  110.81 | grasp100  43.0% | best 0.635 |     32 st/s
    done(50): success=17 t_flicker=15 t_touched=12 t_no_reach=6
Ep 12600 | score   56.14 | avg100   77.25 | grasp100  26.0% | best 0.635 |     32 st/s
    done(50): success=9 t_flicker=20 t_touched=15 t_no_reach=6
Ep 12650 | score  173.25 | avg100   82.79 | grasp100  27.0% | best 0.635 |     32 st/s
    done(50): success=18 t_flicker=26 t_touched=6
Ep 12700 | score   53.58 | avg100  117.12 | grasp100  44.0% | best 0.635 |     32 st/s
    done(50): success=26 t_flicker=22 t_touched=2
Ep 12750 | score  173.20 | avg100  123.57 | grasp100  45.0% | best 0.635 |     32 st/s
    done(50): success=19 t_flicker=26 t_touched=4 t_no_reach=1
Ep 12800 | score   85.07 | avg100  125.40 | grasp100  45.0% | best 0.635 |     32 st/s
    done(50): success=26 t_flicker=20 t_touched=3 t_no_reach=1
Ep 12850 | score  193.04 | avg100  131.27 | grasp100  52.0% | best 0.635 |     32 st/s
    done(50): success=26 t_flicker=21 t_touched=3
Ep 12900 | score  162.48 | avg100  143.49 | grasp100  59.0% | best 0.635 |     32 st/s
    done(50): success=33 t_flicker=15 t_touched=2
Ep 12950 | score   56.49 | avg100  148.31 | grasp100  61.0% | best 0.635 |     32 st/s
    done(50): success=28 t_flicker=18 t_touched=4
Ep 13000 | score   95.96 | avg100  131.24 | grasp100  51.0% | best 0.635 |     32 st/s
    done(50): success=23 t_flicker=20 t_touched=6 t_no_reach=1
Ep 13050 | score  203.93 | avg100  132.92 | grasp100  52.0% | best 0.635 |     32 st/s
    done(50): success=29 t_flicker=19 t_touched=2
Ep 13100 | score  104.23 | avg100  141.37 | grasp100  59.0% | best 0.635 |     32 st/s
    done(50): success=30 t_flicker=17 t_touched=3
Ep 13150 | score  204.71 | avg100  139.07 | grasp100  58.0% | best 0.635 |     32 st/s
    done(50): success=28 t_flicker=19 t_touched=2 t_no_reach=1
Ep 13200 | score  204.82 | avg100  137.23 | grasp100  57.0% | best 0.635 |     32 st/s
    done(50): success=29 t_flicker=15 t_touched=6
Ep 13250 | score   81.22 | avg100  135.62 | grasp100  57.0% | best 0.635 |     32 st/s
    done(50): success=28 t_flicker=19 t_touched=3
Ep 13300 | score  165.13 | avg100  143.43 | grasp100  60.0% | best 0.635 |     32 st/s
    done(50): success=32 t_flicker=16 t_touched=2
  [primacy-bias reset of critic heads @ 600000 updates]
Ep 13350 | score  -17.50 | avg100  128.94 | grasp100  52.0% | best 0.635 |     32 st/s
    done(50): success=20 t_flicker=18 t_touched=8 t_no_reach=4
Ep 13400 | score    2.25 | avg100   79.17 | grasp100  26.0% | best 0.635 |     32 st/s
    done(50): success=6 t_flicker=21 t_touched=16 t_no_reach=7
Ep 13450 | score  131.26 | avg100   73.14 | grasp100  21.0% | best 0.635 |     32 st/s
    done(50): success=15 t_flicker=25 t_touched=8 t_no_reach=2
Ep 13500 | score  -66.93 | avg100  103.23 | grasp100  35.0% | best 0.635 |     32 st/s
    done(50): success=20 t_flicker=24 t_touched=4 t_no_reach=2
Ep 13550 | score  182.53 | avg100  133.67 | grasp100  53.0% | best 0.635 |     32 st/s
    done(50): success=33 t_flicker=13 t_touched=4
Ep 13600 | score  202.70 | avg100  150.82 | grasp100  60.0% | best 0.635 |     32 st/s
    done(50): success=27 t_flicker=21 t_touched=2
Ep 13650 | score  185.80 | avg100  139.73 | grasp100  55.0% | best 0.635 |     32 st/s
    done(50): success=28 t_flicker=20 t_touched=2
Ep 13700 | score   74.82 | avg100  141.53 | grasp100  63.0% | best 0.635 |     32 st/s
    done(50): success=35 t_flicker=11 t_touched=3 t_no_reach=1
Ep 13750 | score   96.36 | avg100  150.55 | grasp100  68.0% | best 0.635 |     32 st/s
    done(50): success=33 t_flicker=16 t_touched=1
Ep 13800 | score  202.89 | avg100  149.90 | grasp100  64.0% | best 0.635 |     32 st/s
    done(50): success=31 t_flicker=18 t_touched=1
Ep 13822 | * BEST  level200=2.00 grasp200= 65.0% metric=0.650 | score  219.57
Ep 13850 | score  206.38 | avg100  146.45 | grasp100  60.0% | best 0.650 |     32 st/s
    done(50): success=29 t_flicker=19 t_touched=1 t_no_reach=1
Ep 13900 | score  205.89 | avg100  151.52 | grasp100  65.0% | best 0.650 |     32 st/s
    done(50): success=36 t_flicker=13 t_touched=1
========================================================================
RANDOM-SPAWN GRASP RETRAINING  |  algo=td3_ln  run=td3_ln_cereal_alignwarm_s1
========================================================================
  Envs                : 5 (subprocess-parallel, fork)
  Spawn level         : 2.0 (1.0 = full position box, 2.0 = + z-rotation)
  Updates/vec-step    : 2 (0.400 per env-step; historical baseline 0.5)
  Buffer              : 2,000,000
  Actor               : 64 -> 32  (5,216 weights)  [critics 512->256]
  Warm start          : checkpoints/td3_grasp_rand_td3_ln_c2m512_s1/best
  Checkpoints         : /home/fahim/Thesis_fahim/pickandplace/checkpoints/td3_grasp_rand_td3_ln_cereal_alignwarm_s1
========================================================================

Spawning 5 subprocess environments (fork)...
[robosuite WARNING] No private macro file found! (__init__.py:7)
[robosuite WARNING] It is recommended to use a private macro file (__init__.py:8)
[robosuite WARNING] No private macro file found! (__init__.py:7)
[robosuite WARNING] To setup, run: python /home/fahim/Thesis_fahim/venv/lib/python3.12/site-packages/robosuite/scripts/setup_macros.py (__init__.py:9)
[robosuite WARNING] No private macro file found! (__init__.py:7)
[robosuite WARNING] It is recommended to use a private macro file (__init__.py:8)
[robosuite WARNING] To setup, run: python /home/fahim/Thesis_fahim/venv/lib/python3.12/site-packages/robosuite/scripts/setup_macros.py (__init__.py:9)
[robosuite WARNING] It is recommended to use a private macro file (__init__.py:8)
[robosuite WARNING] To setup, run: python /home/fahim/Thesis_fahim/venv/lib/python3.12/site-packages/robosuite/scripts/setup_macros.py (__init__.py:9)
[robosuite WARNING] No private macro file found! (__init__.py:7)
[robosuite WARNING] It is recommended to use a private macro file (__init__.py:8)
[robosuite WARNING] To setup, run: python /home/fahim/Thesis_fahim/venv/lib/python3.12/site-packages/robosuite/scripts/setup_macros.py (__init__.py:9)
[robosuite WARNING] No private macro file found! (__init__.py:7)
[robosuite WARNING] It is recommended to use a private macro file (__init__.py:8)
[robosuite WARNING] To setup, run: python /home/fahim/Thesis_fahim/venv/lib/python3.12/site-packages/robosuite/scripts/setup_macros.py (__init__.py:9)
Gym has been unmaintained since 2022 and does not support NumPy 2.0 amongst other critical functionality.
Please upgrade to Gymnasium, the maintained drop-in replacement of Gym, or contact the authors of your software and request that they upgrade.
See the migration guide at https://gymnasium.farama.org/introduction/migration_guide/ for additional information.
Gym has been unmaintained since 2022 and does not support NumPy 2.0 amongst other critical functionality.
Please upgrade to Gymnasium, the maintained drop-in replacement of Gym, or contact the authors of your software and request that they upgrade.
See the migration guide at https://gymnasium.farama.org/introduction/migration_guide/ for additional information.
Gym has been unmaintained since 2022 and does not support NumPy 2.0 amongst other critical functionality.
Please upgrade to Gymnasium, the maintained drop-in replacement of Gym, or contact the authors of your software and request that they upgrade.
See the migration guide at https://gymnasium.farama.org/introduction/migration_guide/ for additional information.
Gym has been unmaintained since 2022 and does not support NumPy 2.0 amongst other critical functionality.
Please upgrade to Gymnasium, the maintained drop-in replacement of Gym, or contact the authors of your software and request that they upgrade.
See the migration guide at https://gymnasium.farama.org/introduction/migration_guide/ for additional information.Gym has been unmaintained since 2022 and does not support NumPy 2.0 amongst other critical functionality.
Please upgrade to Gymnasium, the maintained drop-in replacement of Gym, or contact the authors of your software and request that they upgrade.
See the migration guide at https://gymnasium.farama.org/introduction/migration_guide/ for additional information.

/home/fahim/Thesis_fahim/venv/lib/python3.12/site-packages/gym/spaces/box.py:84: UserWarning: [33mWARN: Box bound precision lowered by casting to float32[0m
  logger.warn(f"Box bound precision lowered by casting to {self.dtype}")
/home/fahim/Thesis_fahim/venv/lib/python3.12/site-packages/gym/spaces/box.py:84: UserWarning: [33mWARN: Box bound precision lowered by casting to float32[0m
  logger.warn(f"Box bound precision lowered by casting to {self.dtype}")
/home/fahim/Thesis_fahim/venv/lib/python3.12/site-packages/gym/spaces/box.py:84: UserWarning: [33mWARN: Box bound precision lowered by casting to float32[0m
  logger.warn(f"Box bound precision lowered by casting to {self.dtype}")
/home/fahim/Thesis_fahim/venv/lib/python3.12/site-packages/gym/spaces/box.py:84: UserWarning: [33mWARN: Box bound precision lowered by casting to float32[0m
  logger.warn(f"Box bound precision lowered by casting to {self.dtype}")
/home/fahim/Thesis_fahim/venv/lib/python3.12/site-packages/gym/spaces/box.py:84: UserWarning: [33mWARN: Box bound precision lowered by casting to float32[0m
  logger.warn(f"Box bound precision lowered by casting to {self.dtype}")
Gym has been unmaintained since 2022 and does not support NumPy 2.0 amongst other critical functionality.
Please upgrade to Gymnasium, the maintained drop-in replacement of Gym, or contact the authors of your software and request that they upgrade.
See the migration guide at https://gymnasium.farama.org/introduction/migration_guide/ for additional information.
5 environments ready.

========================================================================
RANDOM-SPAWN GRASP RETRAINING  |  algo=td3_ln  run=td3_ln_cereal_alignwarm_s1
========================================================================
  Envs                : 5 (subprocess-parallel, fork)
  Spawn level         : 2.0 (1.0 = full position box, 2.0 = + z-rotation)
  Updates/vec-step    : 2 (0.400 per env-step; historical baseline 0.5)
  Buffer              : 2,000,000
  Actor               : 64 -> 32  (5,216 weights)  [critics 512->256]
  Warm start          : checkpoints/td3_grasp_rand_td3_ln_c2m512_s1/best
  Checkpoints         : /home/fahim/Thesis_fahim/pickandplace/checkpoints/td3_grasp_rand_td3_ln_cereal_alignwarm_s1
========================================================================

Spawning 5 subprocess environments (fork)...
[robosuite WARNING] No private macro file found! (__init__.py:7)
[robosuite WARNING] It is recommended to use a private macro file (__init__.py:8)
[robosuite WARNING] To setup, run: python /home/fahim/Thesis_fahim/venv/lib/python3.12/site-packages/robosuite/scripts/setup_macros.py (__init__.py:9)
[robosuite WARNING] No private macro file found! (__init__.py:7)
[robosuite WARNING] It is recommended to use a private macro file (__init__.py:8)
[robosuite WARNING] To setup, run: python /home/fahim/Thesis_fahim/venv/lib/python3.12/site-packages/robosuite/scripts/setup_macros.py (__init__.py:9)
[robosuite WARNING] No private macro file found! (__init__.py:7)
[robosuite WARNING] It is recommended to use a private macro file (__init__.py:8)
[robosuite WARNING] To setup, run: python /home/fahim/Thesis_fahim/venv/lib/python3.12/site-packages/robosuite/scripts/setup_macros.py (__init__.py:9)
[robosuite WARNING] No private macro file found! (__init__.py:7)
[robosuite WARNING] It is recommended to use a private macro file (__init__.py:8)
[robosuite WARNING] To setup, run: python /home/fahim/Thesis_fahim/venv/lib/python3.12/site-packages/robosuite/scripts/setup_macros.py (__init__.py:9)
[robosuite WARNING] No private macro file found! (__init__.py:7)
[robosuite WARNING] It is recommended to use a private macro file (__init__.py:8)
[robosuite WARNING] To setup, run: python /home/fahim/Thesis_fahim/venv/lib/python3.12/site-packages/robosuite/scripts/setup_macros.py (__init__.py:9)
Gym has been unmaintained since 2022 and does not support NumPy 2.0 amongst other critical functionality.
Please upgrade to Gymnasium, the maintained drop-in replacement of Gym, or contact the authors of your software and request that they upgrade.
See the migration guide at https://gymnasium.farama.org/introduction/migration_guide/ for additional information.
Gym has been unmaintained since 2022 and does not support NumPy 2.0 amongst other critical functionality.
Please upgrade to Gymnasium, the maintained drop-in replacement of Gym, or contact the authors of your software and request that they upgrade.
See the migration guide at https://gymnasium.farama.org/introduction/migration_guide/ for additional information.
Gym has been unmaintained since 2022 and does not support NumPy 2.0 amongst other critical functionality.
Please upgrade to Gymnasium, the maintained drop-in replacement of Gym, or contact the authors of your software and request that they upgrade.
See the migration guide at https://gymnasium.farama.org/introduction/migration_guide/ for additional information.
Gym has been unmaintained since 2022 and does not support NumPy 2.0 amongst other critical functionality.
Please upgrade to Gymnasium, the maintained drop-in replacement of Gym, or contact the authors of your software and request that they upgrade.
See the migration guide at https://gymnasium.farama.org/introduction/migration_guide/ for additional information.
Gym has been unmaintained since 2022 and does not support NumPy 2.0 amongst other critical functionality.
Please upgrade to Gymnasium, the maintained drop-in replacement of Gym, or contact the authors of your software and request that they upgrade.
See the migration guide at https://gymnasium.farama.org/introduction/migration_guide/ for additional information.
/home/fahim/Thesis_fahim/venv/lib/python3.12/site-packages/gym/spaces/box.py:84: UserWarning: [33mWARN: Box bound precision lowered by casting to float32[0m
  logger.warn(f"Box bound precision lowered by casting to {self.dtype}")
/home/fahim/Thesis_fahim/venv/lib/python3.12/site-packages/gym/spaces/box.py:84: UserWarning: [33mWARN: Box bound precision lowered by casting to float32[0m
  logger.warn(f"Box bound precision lowered by casting to {self.dtype}")
/home/fahim/Thesis_fahim/venv/lib/python3.12/site-packages/gym/spaces/box.py:84: UserWarning: [33mWARN: Box bound precision lowered by casting to float32[0m
  logger.warn(f"Box bound precision lowered by casting to {self.dtype}")
/home/fahim/Thesis_fahim/venv/lib/python3.12/site-packages/gym/spaces/box.py:84: UserWarning: [33mWARN: Box bound precision lowered by casting to float32[0m
  logger.warn(f"Box bound precision lowered by casting to {self.dtype}")
/home/fahim/Thesis_fahim/venv/lib/python3.12/site-packages/gym/spaces/box.py:84: UserWarning: [33mWARN: Box bound precision lowered by casting to float32[0m
  logger.warn(f"Box bound precision lowered by casting to {self.dtype}")
Gym has been unmaintained since 2022 and does not support NumPy 2.0 amongst other critical functionality.
Please upgrade to Gymnasium, the maintained drop-in replacement of Gym, or contact the authors of your software and request that they upgrade.
See the migration guide at https://gymnasium.farama.org/introduction/migration_guide/ for additional information.
5 environments ready.

  Actor QAT           : per-tensor INT8 fake-quant, STE grads
  Actor weight clip   : |w| <= 8.0 * std(w) per Linear tensor (bi_s0 baseline fc1 9.96 / fc2 10.82)
Init: resumed (source: /home/fahim/Thesis_fahim/pickandplace/checkpoints/td3_grasp_rand_td3_ln_c2m512_s1/best)
Resumed replay buffer (1,530,289 transitions).

Training...

Ep    50 | score  199.26 | avg100  141.15 | grasp100  64.0% | best 0.000 |     49 st/s
    done(50): success=32 t_flicker=16 t_touched=1 t_no_reach=1
Ep   100 | score  167.59 | avg100  138.34 | grasp100  60.0% | best 0.000 |     47 st/s
    done(50): success=28 t_flicker=17 t_touched=3 t_no_reach=2
Ep   150 | score  197.40 | avg100  139.72 | grasp100  59.0% | best 0.000 |     40 st/s
    done(50): success=31 t_flicker=16 t_touched=2 t_no_reach=1
Ep   200 | * BEST  level200=2.00 grasp200= 62.0% metric=0.620 | score  181.26
Ep   250 | score   73.39 | avg100  143.87 | grasp100  64.0% | best 0.620 |     36 st/s
    done(50): success=31 t_flicker=15 t_touched=3 t_no_reach=1
Ep   287 | * BEST  level200=2.00 grasp200= 63.5% metric=0.635 | score  173.70
Ep   300 | score  199.38 | avg100  145.93 | grasp100  63.0% | best 0.635 |     35 st/s
    done(50): success=32 t_flicker=17 t_touched=1
Ep   350 | score  193.08 | avg100  148.66 | grasp100  60.0% | best 0.635 |     34 st/s
    done(50): success=28 t_flicker=19 t_touched=3
Ep   400 | score  -64.92 | avg100  137.30 | grasp100  56.0% | best 0.635 |     34 st/s
    done(50): success=28 t_flicker=17 t_touched=1 t_no_reach=4
Ep   450 | score    9.01 | avg100  142.40 | grasp100  65.0% | best 0.635 |     33 st/s
    done(50): success=37 t_flicker=10 t_touched=1 t_no_reach=2
Ep   500 | score  155.60 | avg100  146.15 | grasp100  67.0% | best 0.635 |     33 st/s
    done(50): success=30 t_flicker=17 t_touched=2 t_no_reach=1
Ep   530 | * BEST  level200=2.00 grasp200= 65.0% metric=0.650 | score  200.75
Ep   538 | * BEST  level200=2.00 grasp200= 66.5% metric=0.665 | score  197.16
Ep   550 | score  177.24 | avg100  146.44 | grasp100  67.0% | best 0.665 |     31 st/s
    done(50): success=37 t_flicker=9 t_touched=3 t_no_reach=1
Ep   563 | * BEST  level200=2.00 grasp200= 68.0% metric=0.680 | score  193.75
Ep   600 | score   86.10 | avg100  149.25 | grasp100  69.0% | best 0.680 |     31 st/s
    done(50): success=32 t_flicker=14 t_touched=2 t_no_reach=2
Ep   650 | score  197.60 | avg100  146.97 | grasp100  66.0% | best 0.680 |     32 st/s
    done(50): success=34 t_flicker=13 t_touched=3
Ep   700 | score  106.06 | avg100  144.36 | grasp100  61.0% | best 0.680 |     32 st/s
    done(50): success=27 t_flicker=22 t_touched=1
Ep   750 | score   96.18 | avg100  138.82 | grasp100  54.0% | best 0.680 |     31 st/s
    done(50): success=27 t_flicker=20 t_touched=2 t_no_reach=1
Ep   800 | score  200.58 | avg100  140.33 | grasp100  58.0% | best 0.680 |     31 st/s
    done(50): success=31 t_flicker=15 t_touched=3 t_no_reach=1
Ep   850 | score   56.20 | avg100  129.98 | grasp100  55.0% | best 0.680 |     32 st/s
    done(50): success=24 t_flicker=22 t_touched=4
Ep   900 | score   96.90 | avg100  130.00 | grasp100  52.0% | best 0.680 |     32 st/s
    done(50): success=28 t_flicker=19 t_touched=2 t_no_reach=1
Ep   950 | score  172.79 | avg100  129.35 | grasp100  52.0% | best 0.680 |     32 st/s
    done(50): success=24 t_flicker=20 t_touched=4 t_no_reach=2
  [primacy-bias reset of critic heads @ 25000 updates]
Ep  1000 | score  175.52 | avg100  103.41 | grasp100  40.0% | best 0.680 |     33 st/s
    done(50): success=16 t_flicker=19 t_touched=7 t_no_reach=8
Ep  1050 | score  196.76 | avg100   93.16 | grasp100  30.0% | best 0.680 |     33 st/s
    done(50): success=14 t_flicker=30 t_touched=5 t_no_reach=1
Ep  1100 | score  137.25 | avg100  113.39 | grasp100  39.0% | best 0.680 |     34 st/s
    done(50): success=25 t_flicker=20 t_touched=4 t_no_reach=1
Ep  1150 | score  139.51 | avg100  122.80 | grasp100  46.0% | best 0.680 |     34 st/s
    done(50): success=21 t_flicker=24 t_touched=5
Ep  1200 | score   63.83 | avg100  125.72 | grasp100  51.0% | best 0.680 |     34 st/s
    done(50): success=30 t_flicker=16 t_touched=3 t_no_reach=1
Ep  1250 | score  178.62 | avg100  136.89 | grasp100  61.0% | best 0.680 |     34 st/s
    done(50): success=31 t_flicker=12 t_touched=5 t_no_reach=2
Ep  1300 | score   43.95 | avg100  142.38 | grasp100  64.0% | best 0.680 |     35 st/s
    done(50): success=33 t_flicker=16 t_touched=1
Ep  1350 | score  138.78 | avg100  146.62 | grasp100  65.0% | best 0.680 |     35 st/s
    done(50): success=32 t_flicker=16 t_touched=2
Ep  1400 | score  154.03 | avg100  143.88 | grasp100  64.0% | best 0.680 |     35 st/s
    done(50): success=32 t_flicker=12 t_touched=4 t_no_reach=2
Ep  1450 | score  198.58 | avg100  142.08 | grasp100  64.0% | best 0.680 |     35 st/s
    done(50): success=32 t_flicker=13 t_touched=5
Ep  1500 | score  180.34 | avg100  143.27 | grasp100  66.0% | best 0.680 |     35 st/s
    done(50): success=34 t_flicker=13 t_touched=2 t_no_reach=1
Ep  1550 | score  197.55 | avg100  140.33 | grasp100  62.0% | best 0.680 |     35 st/s
    done(50): success=28 t_flicker=18 t_touched=3 t_no_reach=1
Ep  1600 | score  173.53 | avg100  149.80 | grasp100  67.0% | best 0.680 |     35 st/s
    done(50): success=39 t_flicker=11
Ep  1650 | score  202.02 | avg100  159.31 | grasp100  76.0% | best 0.680 |     35 st/s
    done(50): success=37 t_flicker=12 t_no_reach=1
Ep  1700 | score  196.11 | avg100  147.13 | grasp100  66.0% | best 0.680 |     35 st/s
    done(50): success=29 t_flicker=16 t_touched=4 t_no_reach=1
Ep  1720 | * BEST  level200=2.00 grasp200= 69.5% metric=0.695 | score  169.13
Ep  1725 | * BEST  level200=2.00 grasp200= 71.0% metric=0.710 | score  197.36
Ep  1731 | * BEST  level200=2.00 grasp200= 72.5% metric=0.725 | score  192.32
Ep  1750 | score  190.36 | avg100  151.05 | grasp100  68.0% | best 0.725 |     35 st/s
    done(50): success=39 t_flicker=10 t_touched=1
Ep  1800 | score  200.47 | avg100  153.29 | grasp100  72.0% | best 0.725 |     35 st/s
    done(50): success=33 t_flicker=13 t_touched=4
  [primacy-bias reset of critic heads @ 50000 updates]
Ep  1850 | score  109.91 | avg100  138.31 | grasp100  59.0% | best 0.725 |     36 st/s
    done(50): success=26 t_flicker=18 t_touched=2 t_no_reach=4
Ep  1900 | score   -0.94 | avg100  113.68 | grasp100  42.0% | best 0.725 |     36 st/s
    done(50): success=16 t_flicker=22 t_touched=10 t_no_reach=2
Ep  1950 | score  194.35 | avg100   93.16 | grasp100  30.0% | best 0.725 |     36 st/s
    done(50): success=14 t_flicker=29 t_touched=6 t_no_reach=1
Ep  2000 | score  188.80 | avg100  114.04 | grasp100  45.0% | best 0.725 |     36 st/s
    done(50): success=31 t_flicker=14 t_touched=3 t_no_reach=2
Ep  2050 | score  123.61 | avg100  134.49 | grasp100  65.0% | best 0.725 |     36 st/s
    done(50): success=34 t_flicker=11 t_touched=3 t_no_reach=2
========================================================================
RANDOM-SPAWN GRASP RETRAINING  |  algo=td3_ln  run=td3_ln_cereal_alignwarm_s1
========================================================================
  Envs                : 5 (subprocess-parallel, fork)
  Spawn level         : 2.0 (1.0 = full position box, 2.0 = + z-rotation)
  Updates/vec-step    : 2 (0.400 per env-step; historical baseline 0.5)
  Buffer              : 2,000,000
  Actor               : 64 -> 32  (5,216 weights)  [critics 512->256]
  Warm start          : checkpoints/td3_grasp_rand_td3_ln_c2m512_s1/best
  Checkpoints         : /home/fahim/Thesis_fahim/pickandplace/checkpoints/td3_grasp_rand_td3_ln_cereal_alignwarm_s1
========================================================================

Spawning 5 subprocess environments (fork)...
[robosuite WARNING] No private macro file found! (__init__.py:7)
[robosuite WARNING] It is recommended to use a private macro file (__init__.py:8)
[robosuite WARNING] To setup, run: python /home/fahim/Thesis_fahim/venv/lib/python3.12/site-packages/robosuite/scripts/setup_macros.py (__init__.py:9)
[robosuite WARNING] No private macro file found! (__init__.py:7)
[robosuite WARNING] It is recommended to use a private macro file (__init__.py:8)
[robosuite WARNING] To setup, run: python /home/fahim/Thesis_fahim/venv/lib/python3.12/site-packages/robosuite/scripts/setup_macros.py (__init__.py:9)
[robosuite WARNING] No private macro file found! (__init__.py:7)
[robosuite WARNING] It is recommended to use a private macro file (__init__.py:8)
[robosuite WARNING] To setup, run: python /home/fahim/Thesis_fahim/venv/lib/python3.12/site-packages/robosuite/scripts/setup_macros.py (__init__.py:9)
[robosuite WARNING] No private macro file found! (__init__.py:7)
[robosuite WARNING] It is recommended to use a private macro file (__init__.py:8)
[robosuite WARNING] To setup, run: python /home/fahim/Thesis_fahim/venv/lib/python3.12/site-packages/robosuite/scripts/setup_macros.py (__init__.py:9)
[robosuite WARNING] No private macro file found! (__init__.py:7)
[robosuite WARNING] It is recommended to use a private macro file (__init__.py:8)
[robosuite WARNING] To setup, run: python /home/fahim/Thesis_fahim/venv/lib/python3.12/site-packages/robosuite/scripts/setup_macros.py (__init__.py:9)
Gym has been unmaintained since 2022 and does not support NumPy 2.0 amongst other critical functionality.
Please upgrade to Gymnasium, the maintained drop-in replacement of Gym, or contact the authors of your software and request that they upgrade.
See the migration guide at https://gymnasium.farama.org/introduction/migration_guide/ for additional information.
Gym has been unmaintained since 2022 and does not support NumPy 2.0 amongst other critical functionality.
Please upgrade to Gymnasium, the maintained drop-in replacement of Gym, or contact the authors of your software and request that they upgrade.
See the migration guide at https://gymnasium.farama.org/introduction/migration_guide/ for additional information.
Gym has been unmaintained since 2022 and does not support NumPy 2.0 amongst other critical functionality.
Please upgrade to Gymnasium, the maintained drop-in replacement of Gym, or contact the authors of your software and request that they upgrade.
See the migration guide at https://gymnasium.farama.org/introduction/migration_guide/ for additional information.
Gym has been unmaintained since 2022 and does not support NumPy 2.0 amongst other critical functionality.
Please upgrade to Gymnasium, the maintained drop-in replacement of Gym, or contact the authors of your software and request that they upgrade.
See the migration guide at https://gymnasium.farama.org/introduction/migration_guide/ for additional information.
Gym has been unmaintained since 2022 and does not support NumPy 2.0 amongst other critical functionality.
Please upgrade to Gymnasium, the maintained drop-in replacement of Gym, or contact the authors of your software and request that they upgrade.
See the migration guide at https://gymnasium.farama.org/introduction/migration_guide/ for additional information.
/home/fahim/Thesis_fahim/venv/lib/python3.12/site-packages/gym/spaces/box.py:84: UserWarning: [33mWARN: Box bound precision lowered by casting to float32[0m
  logger.warn(f"Box bound precision lowered by casting to {self.dtype}")
/home/fahim/Thesis_fahim/venv/lib/python3.12/site-packages/gym/spaces/box.py:84: UserWarning: [33mWARN: Box bound precision lowered by casting to float32[0m
  logger.warn(f"Box bound precision lowered by casting to {self.dtype}")
/home/fahim/Thesis_fahim/venv/lib/python3.12/site-packages/gym/spaces/box.py:84: UserWarning: [33mWARN: Box bound precision lowered by casting to float32[0m
  logger.warn(f"Box bound precision lowered by casting to {self.dtype}")
/home/fahim/Thesis_fahim/venv/lib/python3.12/site-packages/gym/spaces/box.py:84: UserWarning: [33mWARN: Box bound precision lowered by casting to float32[0m
  logger.warn(f"Box bound precision lowered by casting to {self.dtype}")
/home/fahim/Thesis_fahim/venv/lib/python3.12/site-packages/gym/spaces/box.py:84: UserWarning: [33mWARN: Box bound precision lowered by casting to float32[0m
  logger.warn(f"Box bound precision lowered by casting to {self.dtype}")
Gym has been unmaintained since 2022 and does not support NumPy 2.0 amongst other critical functionality.
Please upgrade to Gymnasium, the maintained drop-in replacement of Gym, or contact the authors of your software and request that they upgrade.
See the migration guide at https://gymnasium.farama.org/introduction/migration_guide/ for additional information.
5 environments ready.

  Actor QAT           : per-tensor INT8 fake-quant, STE grads
  Actor weight clip   : |w| <= 8.0 * std(w) per Linear tensor (bi_s0 baseline fc1 9.96 / fc2 10.82)
Init: resumed (source: /home/fahim/Thesis_fahim/pickandplace/checkpoints/td3_grasp_rand_td3_ln_c2m512_s1/best)
Resumed replay buffer (1,671,289 transitions).

Training...

Ep    50 | score  167.25 | avg100  132.46 | grasp100  66.0% | best 0.000 |     36 st/s
    done(50): success=33 t_flicker=11 t_touched=4 t_no_reach=2
Ep   100 | score  188.94 | avg100  128.30 | grasp100  60.0% | best 0.000 |     36 st/s
    done(50): success=27 t_flicker=17 t_touched=4 t_no_reach=2
Ep   150 | score   61.23 | avg100  126.98 | grasp100  58.0% | best 0.000 |     35 st/s
    done(50): success=31 t_flicker=13 t_touched=5 t_no_reach=1
Ep   200 | * BEST  level200=2.00 grasp200= 58.5% metric=0.585 | score   81.46
Ep   250 | score   55.38 | avg100  127.79 | grasp100  60.0% | best 0.585 |     36 st/s
    done(50): success=34 t_flicker=11 t_touched=1 t_no_reach=4
Ep   253 | * BEST  level200=2.00 grasp200= 60.0% metric=0.600 | score  216.01
Ep   295 | * BEST  level200=2.00 grasp200= 61.5% metric=0.615 | score  172.17
Ep   300 | score   40.55 | avg100  134.32 | grasp100  66.0% | best 0.615 |     35 st/s
    done(50): success=32 t_flicker=14 t_touched=4
Ep   350 | score  207.75 | avg100  126.71 | grasp100  60.0% | best 0.615 |     36 st/s
    done(50): success=28 t_flicker=15 t_touched=6 t_no_reach=1
Ep   400 | score   14.96 | avg100  121.80 | grasp100  57.0% | best 0.615 |     36 st/s
    done(50): success=29 t_flicker=15 t_touched=6
Ep   423 | * BEST  level200=2.00 grasp200= 63.0% metric=0.630 | score  160.77
Ep   450 | score  165.50 | avg100  132.81 | grasp100  65.0% | best 0.630 |     36 st/s
    done(50): success=36 t_flicker=7 t_touched=5 t_no_reach=2
Ep   500 | score   69.72 | avg100  136.60 | grasp100  67.0% | best 0.630 |     35 st/s
    done(50): success=31 t_flicker=16 t_touched=2 t_no_reach=1
Ep   509 | * BEST  level200=2.00 grasp200= 64.5% metric=0.645 | score  205.57
Ep   515 | * BEST  level200=2.00 grasp200= 66.0% metric=0.660 | score  182.83
Ep   528 | * BEST  level200=2.00 grasp200= 67.5% metric=0.675 | score  137.41
Ep   550 | score   64.36 | avg100  142.35 | grasp100  70.0% | best 0.675 |     33 st/s
    done(50): success=39 t_flicker=7 t_touched=2 t_no_reach=2
Ep   554 | * BEST  level200=2.00 grasp200= 69.0% metric=0.690 | score  180.11
Ep   583 | * BEST  level200=2.00 grasp200= 70.5% metric=0.705 | score  150.67
Ep   600 | score  185.61 | avg100  147.36 | grasp100  73.0% | best 0.705 |     33 st/s
    done(50): success=34 t_flicker=8 t_touched=5 t_no_reach=3
Ep   650 | score  182.90 | avg100  136.90 | grasp100  63.0% | best 0.705 |     33 st/s
    done(50): success=29 t_flicker=18 t_no_reach=3
Ep   700 | score  287.88 | avg100  127.22 | grasp100  58.0% | best 0.705 |     34 st/s
    done(50): success=29 t_flicker=9 t_touched=8 t_no_reach=4
Ep   750 | score  184.44 | avg100  127.64 | grasp100  62.0% | best 0.705 |     34 st/s
    done(50): success=33 t_flicker=13 t_touched=3 t_no_reach=1
Ep   800 | score  204.04 | avg100  129.49 | grasp100  62.0% | best 0.705 |     34 st/s
    done(50): success=29 t_flicker=13 t_touched=7 t_no_reach=1
Ep   850 | score  200.42 | avg100  133.01 | grasp100  62.0% | best 0.705 |     34 st/s
    done(50): success=33 t_flicker=14 t_touched=3
Ep   900 | score  153.99 | avg100  128.27 | grasp100  60.0% | best 0.705 |     34 st/s
    done(50): success=27 t_flicker=16 t_touched=4 t_no_reach=3
Ep   950 | score   55.76 | avg100  128.00 | grasp100  58.0% | best 0.705 |     34 st/s
    done(50): success=31 t_flicker=16 t_touched=2 t_no_reach=1
Ep  1000 | score  193.83 | avg100  129.50 | grasp100  58.0% | best 0.705 |     34 st/s
    done(50): success=27 t_flicker=17 t_touched=5 t_no_reach=1
Ep  1050 | score  178.80 | avg100  140.03 | grasp100  67.0% | best 0.705 |     33 st/s
    done(50): success=40 t_flicker=7 t_touched=2 t_no_reach=1
Ep  1100 | score  181.24 | avg100  149.73 | grasp100  73.0% | best 0.705 |     33 st/s
    done(50): success=33 t_flicker=14 t_touched=2 t_no_reach=1
Ep  1150 | score  171.40 | avg100  138.95 | grasp100  65.0% | best 0.705 |     33 st/s
    done(50): success=32 t_flicker=16 t_touched=2
Ep  1200 | score  197.59 | avg100  137.68 | grasp100  64.0% | best 0.705 |     33 st/s
    done(50): success=32 t_flicker=14 t_touched=2 t_no_reach=2
Ep  1250 | score  173.62 | avg100  141.16 | grasp100  68.0% | best 0.705 |     33 st/s
    done(50): success=36 t_flicker=7 t_touched=4 t_no_reach=3
Ep  1300 | score  178.31 | avg100  142.39 | grasp100  68.0% | best 0.705 |     34 st/s
    done(50): success=32 t_flicker=14 t_touched=3 t_no_reach=1
Ep  1350 | score  185.27 | avg100  131.08 | grasp100  61.0% | best 0.705 |     34 st/s
    done(50): success=29 t_flicker=15 t_touched=3 t_no_reach=3
Ep  1400 | score  208.75 | avg100  132.35 | grasp100  63.0% | best 0.705 |     34 st/s
    done(50): success=34 t_flicker=13 t_touched=3
Ep  1450 | score   86.72 | avg100  135.06 | grasp100  66.0% | best 0.705 |     34 st/s
    done(50): success=32 t_flicker=11 t_touched=3 t_no_reach=4
Ep  1500 | score  187.97 | avg100  145.67 | grasp100  73.0% | best 0.705 |     34 st/s
    done(50): success=41 t_flicker=7 t_touched=1 t_no_reach=1
Ep  1529 | * BEST  level200=2.00 grasp200= 72.0% metric=0.720 | score  184.97
Ep  1550 | score  195.18 | avg100  149.76 | grasp100  74.0% | best 0.720 |     33 st/s
    done(50): success=33 t_flicker=11 t_touched=3 t_no_reach=3
Ep  1600 | score   55.91 | avg100  138.46 | grasp100  69.0% | best 0.720 |     33 st/s
    done(50): success=36 t_flicker=11 t_touched=3
  [primacy-bias reset of critic heads @ 25000 updates]
Ep  1650 | score  205.04 | avg100  146.64 | grasp100  72.0% | best 0.720 |     33 st/s
    done(50): success=36 t_flicker=11 t_touched=1 t_no_reach=2
Ep  1700 | score   16.83 | avg100  121.78 | grasp100  56.0% | best 0.720 |     33 st/s
    done(50): success=20 t_flicker=13 t_touched=12 t_no_reach=5
========================================================================
RANDOM-SPAWN GRASP RETRAINING  |  algo=td3_ln  run=td3_ln_cereal_alignwarm_s1
========================================================================
  Envs                : 5 (subprocess-parallel, fork)
  Spawn level         : 2.0 (1.0 = full position box, 2.0 = + z-rotation)
  Updates/vec-step    : 2 (0.400 per env-step; historical baseline 0.5)
  Buffer              : 2,000,000
  Actor               : 64 -> 32  (5,216 weights)  [critics 512->256]
  Warm start          : checkpoints/td3_grasp_rand_td3_ln_c2m512_s1/best
  Checkpoints         : /home/fahim/Thesis_fahim/pickandplace/checkpoints/td3_grasp_rand_td3_ln_cereal_alignwarm_s1
========================================================================

Spawning 5 subprocess environments (fork)...
[robosuite WARNING] No private macro file found! (__init__.py:7)
[robosuite WARNING] It is recommended to use a private macro file (__init__.py:8)
[robosuite WARNING] To setup, run: python /home/fahim/Thesis_fahim/venv/lib/python3.12/site-packages/robosuite/scripts/setup_macros.py (__init__.py:9)
[robosuite WARNING] No private macro file found! (__init__.py:7)
[robosuite WARNING] It is recommended to use a private macro file (__init__.py:8)
[robosuite WARNING] To setup, run: python /home/fahim/Thesis_fahim/venv/lib/python3.12/site-packages/robosuite/scripts/setup_macros.py (__init__.py:9)
[robosuite WARNING] No private macro file found! (__init__.py:7)
[robosuite WARNING] It is recommended to use a private macro file (__init__.py:8)
[robosuite WARNING] To setup, run: python /home/fahim/Thesis_fahim/venv/lib/python3.12/site-packages/robosuite/scripts/setup_macros.py (__init__.py:9)
[robosuite WARNING] No private macro file found! (__init__.py:7)
[robosuite WARNING] It is recommended to use a private macro file (__init__.py:8)
[robosuite WARNING] To setup, run: python /home/fahim/Thesis_fahim/venv/lib/python3.12/site-packages/robosuite/scripts/setup_macros.py (__init__.py:9)
[robosuite WARNING] No private macro file found! (__init__.py:7)
[robosuite WARNING] It is recommended to use a private macro file (__init__.py:8)
[robosuite WARNING] To setup, run: python /home/fahim/Thesis_fahim/venv/lib/python3.12/site-packages/robosuite/scripts/setup_macros.py (__init__.py:9)
Gym has been unmaintained since 2022 and does not support NumPy 2.0 amongst other critical functionality.
Please upgrade to Gymnasium, the maintained drop-in replacement of Gym, or contact the authors of your software and request that they upgrade.
See the migration guide at https://gymnasium.farama.org/introduction/migration_guide/ for additional information.
Gym has been unmaintained since 2022 and does not support NumPy 2.0 amongst other critical functionality.
Please upgrade to Gymnasium, the maintained drop-in replacement of Gym, or contact the authors of your software and request that they upgrade.
See the migration guide at https://gymnasium.farama.org/introduction/migration_guide/ for additional information.
Gym has been unmaintained since 2022 and does not support NumPy 2.0 amongst other critical functionality.
Please upgrade to Gymnasium, the maintained drop-in replacement of Gym, or contact the authors of your software and request that they upgrade.
See the migration guide at https://gymnasium.farama.org/introduction/migration_guide/ for additional information.
Gym has been unmaintained since 2022 and does not support NumPy 2.0 amongst other critical functionality.
Please upgrade to Gymnasium, the maintained drop-in replacement of Gym, or contact the authors of your software and request that they upgrade.
See the migration guide at https://gymnasium.farama.org/introduction/migration_guide/ for additional information.
Gym has been unmaintained since 2022 and does not support NumPy 2.0 amongst other critical functionality.
Please upgrade to Gymnasium, the maintained drop-in replacement of Gym, or contact the authors of your software and request that they upgrade.
See the migration guide at https://gymnasium.farama.org/introduction/migration_guide/ for additional information.
/home/fahim/Thesis_fahim/venv/lib/python3.12/site-packages/gym/spaces/box.py:84: UserWarning: [33mWARN: Box bound precision lowered by casting to float32[0m
  logger.warn(f"Box bound precision lowered by casting to {self.dtype}")
/home/fahim/Thesis_fahim/venv/lib/python3.12/site-packages/gym/spaces/box.py:84: UserWarning: [33mWARN: Box bound precision lowered by casting to float32[0m
  logger.warn(f"Box bound precision lowered by casting to {self.dtype}")
/home/fahim/Thesis_fahim/venv/lib/python3.12/site-packages/gym/spaces/box.py:84: UserWarning: [33mWARN: Box bound precision lowered by casting to float32[0m
  logger.warn(f"Box bound precision lowered by casting to {self.dtype}")
/home/fahim/Thesis_fahim/venv/lib/python3.12/site-packages/gym/spaces/box.py:84: UserWarning: [33mWARN: Box bound precision lowered by casting to float32[0m
  logger.warn(f"Box bound precision lowered by casting to {self.dtype}")
/home/fahim/Thesis_fahim/venv/lib/python3.12/site-packages/gym/spaces/box.py:84: UserWarning: [33mWARN: Box bound precision lowered by casting to float32[0m
  logger.warn(f"Box bound precision lowered by casting to {self.dtype}")
Gym has been unmaintained since 2022 and does not support NumPy 2.0 amongst other critical functionality.
Please upgrade to Gymnasium, the maintained drop-in replacement of Gym, or contact the authors of your software and request that they upgrade.
See the migration guide at https://gymnasium.farama.org/introduction/migration_guide/ for additional information.
5 environments ready.

  Actor QAT           : per-tensor INT8 fake-quant, STE grads
  Actor weight clip   : |w| <= 8.0 * std(w) per Linear tensor (bi_s0 baseline fc1 9.96 / fc2 10.82)
Init: resumed (source: /home/fahim/Thesis_fahim/pickandplace/checkpoints/td3_grasp_rand_td3_ln_c2m512_s1/best)
Resumed replay buffer (1,728,196 transitions).

Training...

Ep    50 | score  190.45 | avg100  136.33 | grasp100  66.0% | best 0.000 |     29 st/s
    done(50): success=33 t_flicker=12 t_touched=2 t_no_reach=3
Ep   100 | score  185.12 | avg100  139.18 | grasp100  65.0% | best 0.000 |     33 st/s
    done(50): success=32 t_flicker=14 t_touched=3 t_no_reach=1
Ep   150 | score  155.39 | avg100  139.21 | grasp100  65.0% | best 0.000 |     34 st/s
    done(50): success=33 t_flicker=10 t_touched=5 t_no_reach=2
Ep   200 | * BEST  level200=2.00 grasp200= 65.0% metric=0.650 | score  187.14
Ep   225 | * BEST  level200=2.00 grasp200= 66.5% metric=0.665 | score  185.91
Ep   250 | score   -4.07 | avg100  140.63 | grasp100  68.0% | best 0.665 |     35 st/s
    done(50): success=36 t_flicker=11 t_touched=3
Ep   262 | * BEST  level200=2.00 grasp200= 68.0% metric=0.680 | score  175.53
Ep   266 | * BEST  level200=2.00 grasp200= 69.5% metric=0.695 | score  190.00
Ep   300 | score  185.86 | avg100  144.29 | grasp100  69.0% | best 0.695 |     35 st/s
    done(50): success=33 t_flicker=16 t_touched=1
Ep   350 | score   10.93 | avg100  139.33 | grasp100  66.0% | best 0.695 |     35 st/s
    done(50): success=33 t_flicker=11 t_touched=3 t_no_reach=3
Ep   400 | score  -17.20 | avg100  140.30 | grasp100  70.0% | best 0.695 |     35 st/s
    done(50): success=37 t_flicker=6 t_touched=6 t_no_reach=1
Ep   450 | score  176.23 | avg100  140.31 | grasp100  71.0% | best 0.695 |     35 st/s
    done(50): success=34 t_flicker=10 t_touched=5 t_no_reach=1
Ep   479 | * BEST  level200=2.00 grasp200= 71.0% metric=0.710 | score  206.44
Ep   500 | score  203.13 | avg100  146.16 | grasp100  72.0% | best 0.710 |     35 st/s
    done(50): success=38 t_flicker=11 t_no_reach=1
Ep   550 | score  182.04 | avg100  148.56 | grasp100  73.0% | best 0.710 |     32 st/s
    done(50): success=35 t_flicker=9 t_touched=4 t_no_reach=2
Ep   600 | score  184.89 | avg100  144.38 | grasp100  69.0% | best 0.710 |     33 st/s
    done(50): success=34 t_flicker=12 t_touched=3 t_no_reach=1
Ep   650 | score  194.07 | avg100  135.76 | grasp100  63.0% | best 0.710 |     33 st/s
    done(50): success=29 t_flicker=14 t_touched=5 t_no_reach=2
Ep   700 | score  205.51 | avg100  134.78 | grasp100  65.0% | best 0.710 |     33 st/s
    done(50): success=36 t_flicker=10 t_touched=4
Ep   750 | score  169.65 | avg100  137.79 | grasp100  67.0% | best 0.710 |     34 st/s
    done(50): success=31 t_flicker=13 t_touched=4 t_no_reach=2
Ep   800 | score  202.88 | avg100  137.69 | grasp100  66.0% | best 0.710 |     34 st/s
    done(50): success=35 t_flicker=11 t_touched=4
Ep   850 | score  194.53 | avg100  139.24 | grasp100  66.0% | best 0.710 |     34 st/s
    done(50): success=31 t_flicker=15 t_touched=3 t_no_reach=1
Ep   900 | score  186.51 | avg100  135.33 | grasp100  65.0% | best 0.710 |     34 st/s
    done(50): success=34 t_flicker=8 t_touched=3 t_no_reach=5
Ep   950 | score  205.65 | avg100  129.60 | grasp100  61.0% | best 0.710 |     34 st/s
    done(50): success=27 t_flicker=19 t_touched=3 t_no_reach=1
========================================================================
RANDOM-SPAWN GRASP RETRAINING  |  algo=td3_ln  run=td3_ln_cereal_alignwarm_s1
========================================================================
  Envs                : 5 (subprocess-parallel, fork)
  Spawn level         : 2.0 (1.0 = full position box, 2.0 = + z-rotation)
  Updates/vec-step    : 2 (0.400 per env-step; historical baseline 0.5)
  Buffer              : 2,000,000
  Actor               : 64 -> 32  (5,216 weights)  [critics 512->256]
  Warm start          : checkpoints/td3_grasp_rand_td3_ln_c2m512_s1/best
  Checkpoints         : /home/fahim/Thesis_fahim/pickandplace/checkpoints/td3_grasp_rand_td3_ln_cereal_alignwarm_s1
========================================================================

Spawning 5 subprocess environments (fork)...
[robosuite WARNING] No private macro file found! (__init__.py:7)
[robosuite WARNING] It is recommended to use a private macro file (__init__.py:8)
[robosuite WARNING] To setup, run: python /home/fahim/Thesis_fahim/venv/lib/python3.12/site-packages/robosuite/scripts/setup_macros.py (__init__.py:9)
[robosuite WARNING] No private macro file found! (__init__.py:7)
[robosuite WARNING] It is recommended to use a private macro file (__init__.py:8)
[robosuite WARNING] To setup, run: python /home/fahim/Thesis_fahim/venv/lib/python3.12/site-packages/robosuite/scripts/setup_macros.py (__init__.py:9)
[robosuite WARNING] No private macro file found! (__init__.py:7)
[robosuite WARNING] It is recommended to use a private macro file (__init__.py:8)
[robosuite WARNING] To setup, run: python /home/fahim/Thesis_fahim/venv/lib/python3.12/site-packages/robosuite/scripts/setup_macros.py (__init__.py:9)
[robosuite WARNING] No private macro file found! (__init__.py:7)
[robosuite WARNING] It is recommended to use a private macro file (__init__.py:8)
[robosuite WARNING] To setup, run: python /home/fahim/Thesis_fahim/venv/lib/python3.12/site-packages/robosuite/scripts/setup_macros.py (__init__.py:9)
[robosuite WARNING] No private macro file found! (__init__.py:7)
[robosuite WARNING] It is recommended to use a private macro file (__init__.py:8)
[robosuite WARNING] To setup, run: python /home/fahim/Thesis_fahim/venv/lib/python3.12/site-packages/robosuite/scripts/setup_macros.py (__init__.py:9)
Gym has been unmaintained since 2022 and does not support NumPy 2.0 amongst other critical functionality.
Please upgrade to Gymnasium, the maintained drop-in replacement of Gym, or contact the authors of your software and request that they upgrade.
See the migration guide at https://gymnasium.farama.org/introduction/migration_guide/ for additional information.
Gym has been unmaintained since 2022 and does not support NumPy 2.0 amongst other critical functionality.
Please upgrade to Gymnasium, the maintained drop-in replacement of Gym, or contact the authors of your software and request that they upgrade.
See the migration guide at https://gymnasium.farama.org/introduction/migration_guide/ for additional information.
Gym has been unmaintained since 2022 and does not support NumPy 2.0 amongst other critical functionality.
Please upgrade to Gymnasium, the maintained drop-in replacement of Gym, or contact the authors of your software and request that they upgrade.
See the migration guide at https://gymnasium.farama.org/introduction/migration_guide/ for additional information.
Gym has been unmaintained since 2022 and does not support NumPy 2.0 amongst other critical functionality.
Please upgrade to Gymnasium, the maintained drop-in replacement of Gym, or contact the authors of your software and request that they upgrade.
See the migration guide at https://gymnasium.farama.org/introduction/migration_guide/ for additional information.
Gym has been unmaintained since 2022 and does not support NumPy 2.0 amongst other critical functionality.
Please upgrade to Gymnasium, the maintained drop-in replacement of Gym, or contact the authors of your software and request that they upgrade.
See the migration guide at https://gymnasium.farama.org/introduction/migration_guide/ for additional information.
/home/fahim/Thesis_fahim/venv/lib/python3.12/site-packages/gym/spaces/box.py:84: UserWarning: [33mWARN: Box bound precision lowered by casting to float32[0m
  logger.warn(f"Box bound precision lowered by casting to {self.dtype}")
/home/fahim/Thesis_fahim/venv/lib/python3.12/site-packages/gym/spaces/box.py:84: UserWarning: [33mWARN: Box bound precision lowered by casting to float32[0m
  logger.warn(f"Box bound precision lowered by casting to {self.dtype}")
/home/fahim/Thesis_fahim/venv/lib/python3.12/site-packages/gym/spaces/box.py:84: UserWarning: [33mWARN: Box bound precision lowered by casting to float32[0m
  logger.warn(f"Box bound precision lowered by casting to {self.dtype}")
/home/fahim/Thesis_fahim/venv/lib/python3.12/site-packages/gym/spaces/box.py:84: UserWarning: [33mWARN: Box bound precision lowered by casting to float32[0m
  logger.warn(f"Box bound precision lowered by casting to {self.dtype}")
/home/fahim/Thesis_fahim/venv/lib/python3.12/site-packages/gym/spaces/box.py:84: UserWarning: [33mWARN: Box bound precision lowered by casting to float32[0m
  logger.warn(f"Box bound precision lowered by casting to {self.dtype}")
Gym has been unmaintained since 2022 and does not support NumPy 2.0 amongst other critical functionality.
Please upgrade to Gymnasium, the maintained drop-in replacement of Gym, or contact the authors of your software and request that they upgrade.
See the migration guide at https://gymnasium.farama.org/introduction/migration_guide/ for additional information.
5 environments ready.

  Actor QAT           : per-tensor INT8 fake-quant, STE grads
  Actor weight clip   : |w| <= 8.0 * std(w) per Linear tensor (bi_s0 baseline fc1 9.96 / fc2 10.82)
Init: resumed (source: /home/fahim/Thesis_fahim/pickandplace/checkpoints/td3_grasp_rand_td3_ln_c2m512_s1/best)
Resumed replay buffer (1,747,258 transitions).

Training...

Ep    50 | score  201.91 | avg100  149.28 | grasp100  70.0% | best 0.000 |     35 st/s
    done(50): success=35 t_flicker=8 t_touched=5 t_no_reach=2
Ep   100 | score   37.75 | avg100  141.46 | grasp100  67.0% | best 0.000 |     33 st/s
    done(50): success=32 t_flicker=14 t_touched=4
Ep   150 | score  207.85 | avg100  140.17 | grasp100  69.0% | best 0.000 |     31 st/s
    done(50): success=37 t_flicker=9 t_touched=4
Ep   200 | * BEST  level200=2.00 grasp200= 68.0% metric=0.680 | score  196.70
Ep   250 | score  148.02 | avg100  136.13 | grasp100  66.0% | best 0.680 |     30 st/s
    done(50): success=34 t_flicker=11 t_touched=3 t_no_reach=2
Ep   286 | * BEST  level200=2.00 grasp200= 69.5% metric=0.695 | score  200.97
Ep   300 | score   61.06 | avg100  139.81 | grasp100  68.0% | best 0.695 |     30 st/s
    done(50): success=34 t_flicker=14 t_touched=1 t_no_reach=1
Ep   350 | score  157.77 | avg100  138.76 | grasp100  66.0% | best 0.695 |     30 st/s
    done(50): success=32 t_flicker=16 t_touched=2
Ep   400 | score   54.44 | avg100  135.76 | grasp100  65.0% | best 0.695 |     30 st/s
    done(50): success=33 t_flicker=11 t_touched=5 t_no_reach=1
Ep   450 | score   59.56 | avg100  141.54 | grasp100  67.0% | best 0.695 |     30 st/s
    done(50): success=34 t_flicker=14 t_touched=1 t_no_reach=1
Ep   500 | score  191.56 | avg100  147.06 | grasp100  69.0% | best 0.695 |     29 st/s
    done(50): success=35 t_flicker=12 t_touched=1 t_no_reach=2
Ep   550 | score  201.53 | avg100  151.19 | grasp100  72.0% | best 0.695 |     27 st/s
    done(50): success=37 t_flicker=10 t_touched=2 t_no_reach=1
Ep   560 | * BEST  level200=2.00 grasp200= 71.0% metric=0.710 | score  175.39
Ep   600 | score  196.15 | avg100  146.43 | grasp100  70.0% | best 0.710 |     27 st/s
    done(50): success=33 t_flicker=14 t_touched=1 t_no_reach=2
Ep   650 | score  201.37 | avg100  129.55 | grasp100  59.0% | best 0.710 |     27 st/s
    done(50): success=26 t_flicker=16 t_touched=5 t_no_reach=3
Ep   700 | score  157.17 | avg100  128.55 | grasp100  60.0% | best 0.710 |     27 st/s
    done(50): success=34 t_flicker=11 t_touched=2 t_no_reach=3
Ep   750 | score  204.02 | avg100  138.24 | grasp100  69.0% | best 0.710 |     28 st/s
    done(50): success=35 t_flicker=11 t_touched=3 t_no_reach=1
Ep   800 | score  177.58 | avg100  138.96 | grasp100  68.0% | best 0.710 |     28 st/s
    done(50): success=33 t_flicker=10 t_touched=7
Ep   850 | score  196.97 | avg100  135.21 | grasp100  63.0% | best 0.710 |     28 st/s
    done(50): success=30 t_flicker=19 t_touched=1
Ep   900 | score  203.00 | avg100  131.66 | grasp100  59.0% | best 0.710 |     28 st/s
    done(50): success=29 t_flicker=15 t_touched=6
Ep   950 | score  158.43 | avg100  134.62 | grasp100  63.0% | best 0.710 |     28 st/s
    done(50): success=34 t_flicker=14 t_touched=1 t_no_reach=1
Ep  1000 | score  189.90 | avg100  140.56 | grasp100  67.0% | best 0.710 |     28 st/s
    done(50): success=33 t_flicker=15 t_touched=2
Ep  1050 | score   56.68 | avg100  145.85 | grasp100  68.0% | best 0.710 |     27 st/s
    done(50): success=35 t_flicker=13 t_touched=2
Ep  1100 | score  194.60 | avg100  153.85 | grasp100  72.0% | best 0.710 |     27 st/s
    done(50): success=37 t_flicker=12 t_touched=1
Ep  1150 | score  169.55 | avg100  145.61 | grasp100  68.0% | best 0.710 |     27 st/s
    done(50): success=31 t_flicker=16 t_touched=1 t_no_reach=2
Ep  1200 | score  200.18 | avg100  133.39 | grasp100  63.0% | best 0.710 |     27 st/s
    done(50): success=32 t_flicker=13 t_touched=4 t_no_reach=1
Ep  1250 | score  166.73 | avg100  135.17 | grasp100  66.0% | best 0.710 |     27 st/s
    done(50): success=34 t_flicker=9 t_touched=6 t_no_reach=1
Ep  1300 | score  202.69 | avg100  139.30 | grasp100  70.0% | best 0.710 |     27 st/s
    done(50): success=36 t_flicker=10 t_touched=3 t_no_reach=1
Ep  1350 | score  183.78 | avg100  139.64 | grasp100  71.0% | best 0.710 |     27 st/s
    done(50): success=35 t_flicker=11 t_touched=2 t_no_reach=2
Ep  1379 | * BEST  level200=2.00 grasp200= 72.5% metric=0.725 | score  163.45
Ep  1400 | score  190.51 | avg100  146.59 | grasp100  73.0% | best 0.725 |     27 st/s
    done(50): success=38 t_flicker=9 t_touched=3
Ep  1450 | score  174.58 | avg100  149.45 | grasp100  73.0% | best 0.725 |     27 st/s
    done(50): success=35 t_flicker=13 t_touched=1 t_no_reach=1
Ep  1468 | * BEST  level200=2.00 grasp200= 74.0% metric=0.740 | score  155.59
Ep  1500 | score  176.44 | avg100  155.90 | grasp100  77.0% | best 0.740 |     27 st/s
    done(50): success=42 t_flicker=6 t_touched=2
Ep  1511 | * BEST  level200=2.00 grasp200= 75.5% metric=0.755 | score  174.81
Ep  1550 | score   27.61 | avg100  157.35 | grasp100  78.0% | best 0.755 |     27 st/s
    done(50): success=36 t_flicker=12 t_touched=1 t_no_reach=1
Ep  1600 | score  200.17 | avg100  141.34 | grasp100  69.0% | best 0.755 |     27 st/s
    done(50): success=33 t_flicker=13 t_touched=3 t_no_reach=1
Ep  1650 | score  186.48 | avg100  141.48 | grasp100  69.0% | best 0.755 |     27 st/s
    done(50): success=36 t_flicker=13 t_no_reach=1
  [primacy-bias reset of critic heads @ 25000 updates]
Ep  1700 | score   -9.71 | avg100  123.29 | grasp100  58.0% | best 0.755 |     27 st/s
    done(50): success=22 t_flicker=14 t_touched=4 t_no_reach=10
Ep  1750 | score   31.82 | avg100   90.25 | grasp100  40.0% | best 0.755 |     27 st/s
    done(50): success=18 t_flicker=12 t_touched=11 t_no_reach=9
Ep  1800 | score    1.28 | avg100   89.57 | grasp100  39.0% | best 0.755 |     27 st/s
    done(50): success=21 t_flicker=16 t_touched=6 t_no_reach=7
Ep  1850 | score   30.03 | avg100  107.77 | grasp100  49.0% | best 0.755 |     27 st/s
    done(50): success=28 t_flicker=13 t_touched=5 t_no_reach=4
Ep  1900 | score   43.35 | avg100  107.54 | grasp100  49.0% | best 0.755 |     27 st/s
    done(50): success=21 t_flicker=20 t_touched=8 t_no_reach=1
Ep  1950 | score   58.36 | avg100   96.56 | grasp100  42.0% | best 0.755 |     28 st/s
    done(50): success=21 t_flicker=20 t_touched=3 t_no_reach=6
Ep  2000 | score   34.63 | avg100  102.01 | grasp100  44.0% | best 0.755 |     28 st/s
    done(50): success=23 t_flicker=21 t_touched=5 t_no_reach=1
Ep  2050 | score   60.41 | avg100  122.35 | grasp100  56.0% | best 0.755 |     27 st/s
    done(50): success=33 t_flicker=14 t_touched=2 t_no_reach=1
Ep  2100 | score  160.71 | avg100  136.73 | grasp100  66.0% | best 0.755 |     27 st/s
    done(50): success=33 t_flicker=15 t_touched=2
Ep  2150 | score  196.06 | avg100  140.15 | grasp100  67.0% | best 0.755 |     27 st/s
    done(50): success=34 t_flicker=12 t_touched=4
Ep  2200 | score  161.85 | avg100  135.71 | grasp100  64.0% | best 0.755 |     27 st/s
    done(50): success=30 t_flicker=18 t_touched=1 t_no_reach=1
Ep  2250 | score  169.43 | avg100  137.63 | grasp100  65.0% | best 0.755 |     27 st/s
    done(50): success=35 t_flicker=12 t_touched=3
Ep  2300 | score   56.42 | avg100  139.25 | grasp100  65.0% | best 0.755 |     27 st/s
    done(50): success=30 t_flicker=16 t_touched=4
Ep  2350 | score   56.02 | avg100  142.40 | grasp100  68.0% | best 0.755 |     27 st/s
    done(50): success=38 t_flicker=9 t_touched=3
Ep  2400 | score  169.59 | avg100  140.34 | grasp100  68.0% | best 0.755 |     27 st/s
    done(50): success=30 t_flicker=15 t_touched=4 t_no_reach=1
Ep  2450 | score  207.59 | avg100  137.83 | grasp100  67.0% | best 0.755 |     27 st/s
    done(50): success=37 t_flicker=8 t_touched=5
Ep  2500 | score  180.57 | avg100  137.76 | grasp100  66.0% | best 0.755 |     28 st/s
    done(50): success=29 t_flicker=17 t_touched=2 t_no_reach=2
Ep  2550 | score  198.21 | avg100  131.97 | grasp100  60.0% | best 0.755 |     27 st/s
    done(50): success=31 t_flicker=15 t_touched=3 t_no_reach=1
Ep  2600 | score   22.31 | avg100  141.58 | grasp100  66.0% | best 0.755 |     27 st/s
    done(50): success=35 t_flicker=10 t_touched=4 t_no_reach=1
Ep  2650 | score  182.73 | avg100  146.86 | grasp100  70.0% | best 0.755 |     27 st/s
    done(50): success=35 t_flicker=12 t_touched=1 t_no_reach=2
Ep  2700 | score  191.17 | avg100  146.18 | grasp100  71.0% | best 0.755 |     27 st/s
    done(50): success=36 t_flicker=11 t_touched=3
Ep  2750 | score  201.57 | avg100  138.82 | grasp100  68.0% | best 0.755 |     27 st/s
    done(50): success=32 t_flicker=11 t_touched=6 t_no_reach=1
Ep  2800 | score  189.75 | avg100  132.31 | grasp100  63.0% | best 0.755 |     27 st/s
    done(50): success=31 t_flicker=13 t_touched=4 t_no_reach=2
Ep  2850 | score  201.09 | avg100  142.80 | grasp100  67.0% | best 0.755 |     27 st/s
    done(50): success=36 t_flicker=12 t_touched=1 t_no_reach=1
Ep  2900 | score  200.95 | avg100  152.79 | grasp100  72.0% | best 0.755 |     27 st/s
    done(50): success=36 t_flicker=10 t_touched=2 t_no_reach=2
Ep  2950 | score  162.29 | avg100  145.59 | grasp100  67.0% | best 0.755 |     27 st/s
    done(50): success=31 t_flicker=14 t_touched=3 t_no_reach=2
Ep  3000 | score   65.73 | avg100  150.77 | grasp100  72.0% | best 0.755 |     27 st/s
    done(50): success=41 t_flicker=6 t_touched=1 t_no_reach=2
Ep  3050 | score   73.31 | avg100  148.23 | grasp100  73.0% | best 0.755 |     27 st/s
    done(50): success=32 t_flicker=12 t_touched=4 t_no_reach=2
Ep  3100 | score  141.51 | avg100  147.67 | grasp100  74.0% | best 0.755 |     27 st/s
    done(50): success=42 t_flicker=6 t_touched=2
Ep  3141 | * BEST  level200=2.00 grasp200= 77.0% metric=0.770 | score  196.10
Ep  3150 | score  204.82 | avg100  161.41 | grasp100  83.0% | best 0.770 |     27 st/s
    done(50): success=41 t_flicker=6 t_touched=2 t_no_reach=1
Ep  3153 | * BEST  level200=2.00 grasp200= 78.5% metric=0.785 | score  180.79
Ep  3200 | score  202.81 | avg100  159.63 | grasp100  79.0% | best 0.785 |     27 st/s
    done(50): success=38 t_flicker=8 t_touched=4
Ep  3238 | * BEST  level200=2.00 grasp200= 80.0% metric=0.800 | score  196.47
Ep  3250 | * BEST  level200=2.00 grasp200= 81.5% metric=0.815 | score  156.11
  [primacy-bias reset of critic heads @ 50000 updates]
Ep  3300 | score  107.05 | avg100  150.00 | grasp100  74.0% | best 0.815 |     27 st/s
    done(50): success=32 t_flicker=17 t_touched=1
Ep  3350 | score  205.63 | avg100  111.58 | grasp100  48.0% | best 0.815 |     27 st/s
    done(50): success=16 t_flicker=20 t_touched=10 t_no_reach=4
Ep  3400 | score   28.84 | avg100   70.84 | grasp100  26.0% | best 0.815 |     27 st/s
    done(50): success=10 t_flicker=18 t_touched=11 t_no_reach=11
Ep  3450 | score   -0.47 | avg100   68.44 | grasp100  27.0% | best 0.815 |     27 st/s
    done(50): success=17 t_flicker=14 t_touched=13 t_no_reach=6
Ep  3500 | score  151.92 | avg100   84.50 | grasp100  38.0% | best 0.815 |     27 st/s
    done(50): success=21 t_flicker=14 t_touched=8 t_no_reach=7
Ep  3550 | score   56.63 | avg100   98.90 | grasp100  45.0% | best 0.815 |     27 st/s
    done(50): success=24 t_flicker=12 t_touched=11 t_no_reach=3
Ep  3600 | score   39.07 | avg100  110.15 | grasp100  50.0% | best 0.815 |     27 st/s
    done(50): success=26 t_flicker=17 t_touched=4 t_no_reach=3
Ep  3650 | score  166.45 | avg100  120.18 | grasp100  55.0% | best 0.815 |     27 st/s
    done(50): success=29 t_flicker=14 t_touched=5 t_no_reach=2
Ep  3700 | score   55.83 | avg100  129.42 | grasp100  61.0% | best 0.815 |     27 st/s
    done(50): success=32 t_flicker=12 t_touched=5 t_no_reach=1
Ep  3750 | score  195.55 | avg100  131.75 | grasp100  62.0% | best 0.815 |     27 st/s
    done(50): success=30 t_flicker=16 t_touched=2 t_no_reach=2
Ep  3800 | score   59.50 | avg100  133.69 | grasp100  62.0% | best 0.815 |     27 st/s
    done(50): success=32 t_flicker=16 t_touched=2
Ep  3850 | score    3.91 | avg100  128.36 | grasp100  61.0% | best 0.815 |     27 st/s
    done(50): success=29 t_flicker=17 t_touched=4
Ep  3900 | score  195.98 | avg100  129.31 | grasp100  63.0% | best 0.815 |     27 st/s
    done(50): success=34 t_flicker=8 t_touched=8
Ep  3950 | score   66.62 | avg100  127.81 | grasp100  59.0% | best 0.815 |     28 st/s
    done(50): success=25 t_flicker=19 t_touched=5 t_no_reach=1
Ep  4000 | score   68.62 | avg100  133.97 | grasp100  63.0% | best 0.815 |     28 st/s
    done(50): success=38 t_flicker=7 t_touched=3 t_no_reach=2
Ep  4050 | score   39.61 | avg100  140.70 | grasp100  69.0% | best 0.815 |     27 st/s
    done(50): success=31 t_flicker=15 t_touched=4
Ep  4100 | score  120.41 | avg100  137.72 | grasp100  64.0% | best 0.815 |     27 st/s
    done(50): success=33 t_flicker=13 t_touched=4
Ep  4150 | score   60.15 | avg100  144.31 | grasp100  68.0% | best 0.815 |     27 st/s
    done(50): success=35 t_flicker=12 t_touched=2 t_no_reach=1
Ep  4200 | score  190.09 | avg100  144.75 | grasp100  70.0% | best 0.815 |     27 st/s
    done(50): success=35 t_flicker=9 t_touched=4 t_no_reach=2
Ep  4250 | score  188.94 | avg100  143.71 | grasp100  66.0% | best 0.815 |     27 st/s
    done(50): success=31 t_flicker=15 t_touched=4
Ep  4300 | score  187.28 | avg100  151.04 | grasp100  70.0% | best 0.815 |     27 st/s
    done(50): success=39 t_flicker=9 t_touched=1 t_no_reach=1
Ep  4350 | score  197.28 | avg100  153.86 | grasp100  76.0% | best 0.815 |     27 st/s
    done(50): success=37 t_flicker=10 t_touched=2 t_no_reach=1
Ep  4400 | score  156.55 | avg100  149.83 | grasp100  74.0% | best 0.815 |     27 st/s
    done(50): success=37 t_flicker=11 t_touched=1 t_no_reach=1
Ep  4450 | score  198.66 | avg100  153.09 | grasp100  76.0% | best 0.815 |     27 st/s
    done(50): success=39 t_flicker=7 t_touched=2 t_no_reach=2
Ep  4500 | score   29.60 | avg100  152.30 | grasp100  74.0% | best 0.815 |     28 st/s
    done(50): success=35 t_flicker=12 t_touched=2 t_no_reach=1
Ep  4550 | score  180.39 | avg100  154.03 | grasp100  74.0% | best 0.815 |     27 st/s
    done(50): success=39 t_flicker=10 t_touched=1
Ep  4600 | score   58.07 | avg100  161.33 | grasp100  80.0% | best 0.815 |     27 st/s
    done(50): success=41 t_flicker=6 t_touched=3
Ep  4650 | score  144.10 | avg100  158.51 | grasp100  77.0% | best 0.815 |     27 st/s
    done(50): success=36 t_flicker=11 t_touched=3
Ep  4700 | score  180.44 | avg100  146.77 | grasp100  67.0% | best 0.815 |     27 st/s
    done(50): success=31 t_flicker=16 t_touched=3
Ep  4750 | score  216.04 | avg100  147.53 | grasp100  67.0% | best 0.815 |     27 st/s
    done(50): success=36 t_flicker=12 t_touched=1 t_no_reach=1
Ep  4800 | score  177.15 | avg100  156.00 | grasp100  75.0% | best 0.815 |     27 st/s
    done(50): success=39 t_flicker=10 t_no_reach=1
Ep  4850 | score  198.62 | avg100  151.03 | grasp100  74.0% | best 0.815 |     27 st/s
    done(50): success=35 t_flicker=12 t_touched=3
  [primacy-bias reset of critic heads @ 75000 updates]
Ep  4900 | score    6.35 | avg100  148.55 | grasp100  73.0% | best 0.815 |     27 st/s
    done(50): success=38 t_flicker=10 t_touched=1 t_no_reach=1
Ep  4950 | score  192.85 | avg100  118.92 | grasp100  59.0% | best 0.815 |     27 st/s
    done(50): success=21 t_flicker=12 t_touched=5 t_no_reach=12
Ep  5000 | score   54.86 | avg100   67.78 | grasp100  33.0% | best 0.815 |     28 st/s
    done(50): success=12 t_flicker=12 t_touched=9 t_no_reach=17
Ep  5050 | score  180.13 | avg100   68.66 | grasp100  32.0% | best 0.815 |     27 st/s
    done(50): success=20 t_flicker=14 t_touched=5 t_no_reach=11
Ep  5100 | score  -18.10 | avg100   92.72 | grasp100  45.0% | best 0.815 |     27 st/s
    done(50): success=25 t_flicker=15 t_touched=6 t_no_reach=4
Ep  5150 | score   37.09 | avg100   95.30 | grasp100  44.0% | best 0.815 |     28 st/s
    done(50): success=19 t_flicker=19 t_touched=7 t_no_reach=5
Ep  5200 | score   67.66 | avg100   96.71 | grasp100  39.0% | best 0.815 |     28 st/s
    done(50): success=20 t_flicker=23 t_touched=6 t_no_reach=1
Ep  5250 | score  188.60 | avg100  116.07 | grasp100  52.0% | best 0.815 |     28 st/s
    done(50): success=32 t_flicker=13 t_touched=3 t_no_reach=2
Ep  5300 | score  206.40 | avg100  131.60 | grasp100  63.0% | best 0.815 |     28 st/s
    done(50): success=31 t_flicker=12 t_touched=5 t_no_reach=2
Ep  5350 | score   55.20 | avg100  135.18 | grasp100  63.0% | best 0.815 |     28 st/s
    done(50): success=32 t_flicker=15 t_touched=2 t_no_reach=1
Ep  5400 | score  174.05 | avg100  145.68 | grasp100  69.0% | best 0.815 |     28 st/s
    done(50): success=37 t_flicker=10 t_touched=3
Ep  5450 | score  188.53 | avg100  148.25 | grasp100  72.0% | best 0.815 |     28 st/s
    done(50): success=35 t_flicker=10 t_touched=5
Ep  5500 | score  169.16 | avg100  148.45 | grasp100  74.0% | best 0.815 |     28 st/s
    done(50): success=39 t_flicker=9 t_touched=2
Ep  5550 | score   56.33 | avg100  150.23 | grasp100  75.0% | best 0.815 |     27 st/s
    done(50): success=36 t_flicker=10 t_touched=1 t_no_reach=3
Ep  5600 | score  219.57 | avg100  144.08 | grasp100  68.0% | best 0.815 |     27 st/s
    done(50): success=32 t_flicker=14 t_touched=3 t_no_reach=1
Ep  5650 | score  208.56 | avg100  141.18 | grasp100  65.0% | best 0.815 |     27 st/s
    done(50): success=33 t_flicker=13 t_touched=3 t_no_reach=1
Ep  5700 | score  188.81 | avg100  148.79 | grasp100  70.0% | best 0.815 |     27 st/s
    done(50): success=37 t_flicker=12 t_touched=1
Ep  5750 | score  189.09 | avg100  151.10 | grasp100  72.0% | best 0.815 |     28 st/s
    done(50): success=35 t_flicker=12 t_touched=3
Ep  5800 | score  197.58 | avg100  145.26 | grasp100  70.0% | best 0.815 |     28 st/s
    done(50): success=35 t_flicker=12 t_touched=1 t_no_reach=2
Ep  5850 | score  182.36 | avg100  145.27 | grasp100  69.0% | best 0.815 |     28 st/s
    done(50): success=34 t_flicker=13 t_touched=2 t_no_reach=1
Ep  5900 | score  214.01 | avg100  148.65 | grasp100  69.0% | best 0.815 |     28 st/s
    done(50): success=35 t_flicker=12 t_touched=3
Ep  5950 | score   56.24 | avg100  143.63 | grasp100  67.0% | best 0.815 |     28 st/s
    done(50): success=32 t_flicker=14 t_touched=2 t_no_reach=2
Ep  6000 | score   28.40 | avg100  144.54 | grasp100  69.0% | best 0.815 |     28 st/s
    done(50): success=37 t_flicker=9 t_touched=4
Ep  6050 | score  181.99 | avg100  155.65 | grasp100  77.0% | best 0.815 |     27 st/s
    done(50): success=40 t_flicker=6 t_touched=2 t_no_reach=2
Ep  6100 | score  135.58 | avg100  150.37 | grasp100  75.0% | best 0.815 |     27 st/s
    done(50): success=35 t_flicker=12 t_touched=3
Ep  6150 | score  153.17 | avg100  150.03 | grasp100  73.0% | best 0.815 |     27 st/s
    done(50): success=38 t_flicker=10 t_touched=2
Ep  6200 | score   31.96 | avg100  162.13 | grasp100  80.0% | best 0.815 |     27 st/s
    done(50): success=42 t_flicker=6 t_touched=2
Ep  6250 | score   44.29 | avg100  156.17 | grasp100  79.0% | best 0.815 |     27 st/s
    done(50): success=37 t_flicker=11 t_touched=1 t_no_reach=1
Ep  6300 | score  213.46 | avg100  152.92 | grasp100  76.0% | best 0.815 |     27 st/s
    done(50): success=39 t_flicker=10 t_touched=1
Ep  6350 | score  183.08 | avg100  160.98 | grasp100  77.0% | best 0.815 |     27 st/s
    done(50): success=38 t_flicker=11 t_touched=1
Ep  6400 | score  199.52 | avg100  152.73 | grasp100  72.0% | best 0.815 |     27 st/s
    done(50): success=34 t_flicker=11 t_touched=4 t_no_reach=1
Ep  6450 | score   26.87 | avg100  153.43 | grasp100  74.0% | best 0.815 |     27 st/s
    done(50): success=40 t_flicker=10
Ep  6500 | score   65.03 | avg100  159.64 | grasp100  79.0% | best 0.815 |     27 st/s
    done(50): success=39 t_flicker=8 t_no_reach=3
  [primacy-bias reset of critic heads @ 100000 updates]
Ep  6550 | score  100.95 | avg100  149.12 | grasp100  73.0% | best 0.815 |     27 st/s
    done(50): success=34 t_flicker=10 t_touched=4 t_no_reach=2
Ep  6600 | score   -0.23 | avg100   84.49 | grasp100  42.0% | best 0.815 |     27 st/s
    done(50): success=8 t_flicker=6 t_touched=9 t_no_reach=27
Ep  6650 | score  186.44 | avg100   36.09 | grasp100  19.0% | best 0.815 |     27 st/s
    done(50): success=11 t_flicker=10 t_touched=11 t_no_reach=18
Ep  6700 | score    0.64 | avg100   63.22 | grasp100  29.0% | best 0.815 |     28 st/s
    done(50): success=18 t_flicker=19 t_touched=7 t_no_reach=6
Ep  6750 | score   57.66 | avg100   82.90 | grasp100  34.0% | best 0.815 |     28 st/s
    done(50): success=16 t_flicker=18 t_touched=13 t_no_reach=3
Ep  6800 | score  207.61 | avg100   98.12 | grasp100  42.0% | best 0.815 |     28 st/s
    done(50): success=26 t_flicker=18 t_touched=4 t_no_reach=2
Ep  6850 | score   53.56 | avg100  118.95 | grasp100  56.0% | best 0.815 |     28 st/s
    done(50): success=30 t_flicker=13 t_touched=4 t_no_reach=3
Ep  6900 | score  189.52 | avg100  135.36 | grasp100  64.0% | best 0.815 |     28 st/s
    done(50): success=34 t_flicker=15 t_no_reach=1
Ep  6950 | score   35.05 | avg100  135.88 | grasp100  64.0% | best 0.815 |     28 st/s
    done(50): success=30 t_flicker=15 t_touched=5
Ep  7000 | score  175.05 | avg100  133.40 | grasp100  63.0% | best 0.815 |     28 st/s
    done(50): success=33 t_flicker=12 t_touched=4 t_no_reach=1
Ep  7050 | score  177.49 | avg100  138.54 | grasp100  63.0% | best 0.815 |     28 st/s
    done(50): success=30 t_flicker=17 t_touched=3
Ep  7100 | score  192.83 | avg100  142.02 | grasp100  67.0% | best 0.815 |     28 st/s
    done(50): success=37 t_flicker=9 t_touched=2 t_no_reach=2
Ep  7150 | score  206.97 | avg100  146.41 | grasp100  70.0% | best 0.815 |     28 st/s
    done(50): success=33 t_flicker=15 t_touched=2
Ep  7200 | score  254.50 | avg100  157.95 | grasp100  75.0% | best 0.815 |     28 st/s
    done(50): success=42 t_flicker=8
Ep  7250 | score  192.61 | avg100  160.99 | grasp100  79.0% | best 0.815 |     28 st/s
    done(50): success=37 t_flicker=11 t_touched=1 t_no_reach=1
Ep  7300 | score  201.95 | avg100  151.73 | grasp100  74.0% | best 0.815 |     28 st/s
    done(50): success=37 t_flicker=12 t_no_reach=1
Ep  7350 | score   68.21 | avg100  160.04 | grasp100  79.0% | best 0.815 |     28 st/s
    done(50): success=42 t_flicker=7 t_touched=1
Ep  7400 | score  178.88 | avg100  167.38 | grasp100  84.0% | best 0.815 |     28 st/s
    done(50): success=42 t_flicker=7 t_no_reach=1
Ep  7450 | score   48.16 | avg100  159.92 | grasp100  79.0% | best 0.815 |     28 st/s
    done(50): success=37 t_flicker=11 t_touched=2
Ep  7500 | score   57.61 | avg100  154.07 | grasp100  75.0% | best 0.815 |     28 st/s
    done(50): success=38 t_flicker=10 t_no_reach=2
Ep  7550 | score  203.78 | avg100  157.81 | grasp100  79.0% | best 0.815 |     27 st/s
    done(50): success=41 t_flicker=6 t_touched=1 t_no_reach=2
Ep  7600 | score   55.94 | avg100  163.80 | grasp100  84.0% | best 0.815 |     27 st/s
    done(50): success=43 t_flicker=5 t_touched=2
Ep  7650 | score  183.50 | avg100  155.75 | grasp100  78.0% | best 0.815 |     27 st/s
    done(50): success=35 t_flicker=13 t_touched=2
Ep  7700 | score  206.03 | avg100  150.95 | grasp100  73.0% | best 0.815 |     27 st/s
    done(50): success=38 t_flicker=11 t_no_reach=1
Ep  7750 | score   63.70 | avg100  157.32 | grasp100  79.0% | best 0.815 |     27 st/s
    done(50): success=41 t_flicker=7 t_touched=1 t_no_reach=1
Ep  7800 | score  191.34 | avg100  159.31 | grasp100  81.0% | best 0.815 |     27 st/s
    done(50): success=40 t_flicker=9 t_touched=1
Ep  7850 | score   21.54 | avg100  159.12 | grasp100  79.0% | best 0.815 |     27 st/s
    done(50): success=39 t_flicker=8 t_touched=3
Ep  7900 | score    2.71 | avg100  155.57 | grasp100  77.0% | best 0.815 |     27 st/s
    done(50): success=38 t_flicker=9 t_touched=1 t_no_reach=2
Ep  7950 | score   62.87 | avg100  155.19 | grasp100  76.0% | best 0.815 |     27 st/s
    done(50): success=38 t_flicker=7 t_touched=3 t_no_reach=2
Ep  8000 | score  195.86 | avg100  146.67 | grasp100  69.0% | best 0.815 |     28 st/s
    done(50): success=31 t_flicker=15 t_touched=1 t_no_reach=3
Ep  8050 | score  192.05 | avg100  145.68 | grasp100  68.0% | best 0.815 |     27 st/s
    done(50): success=37 t_flicker=11 t_touched=1 t_no_reach=1
Ep  8100 | score  189.00 | avg100  156.19 | grasp100  75.0% | best 0.815 |     27 st/s
    done(50): success=38 t_flicker=8 t_touched=2 t_no_reach=2
Ep  8150 | score  173.67 | avg100  155.78 | grasp100  75.0% | best 0.815 |     27 st/s
    done(50): success=37 t_flicker=11 t_touched=1 t_no_reach=1
  [primacy-bias reset of critic heads @ 125000 updates]
Ep  8200 | score   -8.32 | avg100  130.14 | grasp100  61.0% | best 0.815 |     27 st/s
    done(50): success=24 t_flicker=13 t_touched=5 t_no_reach=8
Ep  8250 | score   75.45 | avg100   77.31 | grasp100  36.0% | best 0.815 |     27 st/s
    done(50): success=12 t_flicker=11 t_touched=8 t_no_reach=19
Ep  8300 | score  193.74 | avg100   55.74 | grasp100  26.0% | best 0.815 |     27 st/s
    done(50): success=14 t_flicker=10 t_touched=14 t_no_reach=12
Ep  8350 | score    1.37 | avg100   74.23 | grasp100  33.0% | best 0.815 |     28 st/s
    done(50): success=19 t_flicker=20 t_touched=6 t_no_reach=5
Ep  8400 | score  -13.92 | avg100   96.02 | grasp100  43.0% | best 0.815 |     28 st/s
    done(50): success=24 t_flicker=16 t_touched=6 t_no_reach=4
Ep  8450 | score  197.18 | avg100  108.63 | grasp100  47.0% | best 0.815 |     28 st/s
    done(50): success=23 t_flicker=18 t_touched=6 t_no_reach=3
Ep  8500 | score  139.75 | avg100  123.97 | grasp100  55.0% | best 0.815 |     28 st/s
    done(50): success=32 t_flicker=13 t_touched=3 t_no_reach=2
Ep  8550 | score   13.01 | avg100  133.40 | grasp100  62.0% | best 0.815 |     27 st/s
    done(50): success=30 t_flicker=14 t_touched=6
Ep  8600 | score  201.99 | avg100  139.46 | grasp100  70.0% | best 0.815 |     27 st/s
    done(50): success=40 t_flicker=4 t_touched=5 t_no_reach=1
Ep  8650 | score   56.44 | avg100  144.33 | grasp100  71.0% | best 0.815 |     27 st/s
    done(50): success=31 t_flicker=16 t_touched=3
Ep  8700 | score  162.55 | avg100  150.62 | grasp100  71.0% | best 0.815 |     28 st/s
    done(50): success=40 t_flicker=9 t_touched=1
Ep  8750 | score  202.64 | avg100  159.87 | grasp100  79.0% | best 0.815 |     28 st/s
    done(50): success=39 t_flicker=8 t_touched=3
Ep  8800 | score  180.96 | avg100  156.73 | grasp100  77.0% | best 0.815 |     28 st/s
    done(50): success=38 t_flicker=10 t_touched=2
Ep  8850 | score  226.27 | avg100  149.18 | grasp100  71.0% | best 0.815 |     28 st/s
    done(50): success=33 t_flicker=14 t_touched=2 t_no_reach=1
Ep  8900 | score  157.57 | avg100  150.13 | grasp100  71.0% | best 0.815 |     28 st/s
    done(50): success=38 t_flicker=10 t_touched=2
Ep  8950 | score  202.03 | avg100  149.30 | grasp100  70.0% | best 0.815 |     28 st/s
    done(50): success=32 t_flicker=14 t_touched=2 t_no_reach=2
Ep  9000 | score  173.84 | avg100  147.90 | grasp100  70.0% | best 0.815 |     28 st/s
    done(50): success=38 t_flicker=10 t_touched=1 t_no_reach=1
Ep  9050 | score  187.77 | avg100  151.96 | grasp100  72.0% | best 0.815 |     27 st/s
    done(50): success=34 t_flicker=12 t_touched=2 t_no_reach=2
Ep  9100 | score  168.37 | avg100  153.89 | grasp100  73.0% | best 0.815 |     27 st/s
    done(50): success=39 t_flicker=8 t_touched=1 t_no_reach=2
Ep  9150 | score  161.62 | avg100  162.98 | grasp100  82.0% | best 0.815 |     27 st/s
    done(50): success=43 t_flicker=6 t_touched=1
Ep  9200 | score  156.91 | avg100  166.24 | grasp100  86.0% | best 0.815 |     27 st/s
    done(50): success=43 t_flicker=6 t_touched=1
Ep  9228 | * BEST  level200=2.00 grasp200= 83.0% metric=0.830 | score  204.63
Ep  9250 | score  204.73 | avg100  164.01 | grasp100  83.0% | best 0.830 |     27 st/s
    done(50): success=40 t_flicker=7 t_touched=3
Ep  9300 | score  178.80 | avg100  153.40 | grasp100  75.0% | best 0.830 |     27 st/s
    done(50): success=35 t_flicker=11 t_touched=2 t_no_reach=2
Ep  9350 | score   21.56 | avg100  151.93 | grasp100  75.0% | best 0.830 |     27 st/s
    done(50): success=40 t_flicker=7 t_touched=3
Ep  9400 | score  205.61 | avg100  151.31 | grasp100  74.0% | best 0.830 |     27 st/s
    done(50): success=34 t_flicker=14 t_touched=1 t_no_reach=1
Ep  9450 | score    0.79 | avg100  160.14 | grasp100  80.0% | best 0.830 |     27 st/s
    done(50): success=46 t_flicker=3 t_touched=1
Ep  9500 | score  183.78 | avg100  172.39 | grasp100  87.0% | best 0.830 |     27 st/s
    done(50): success=41 t_flicker=7 t_touched=2
Ep  9550 | score  210.53 | avg100  157.17 | grasp100  76.0% | best 0.830 |     27 st/s
    done(50): success=35 t_flicker=11 t_touched=1 t_no_reach=3
Ep  9600 | score   10.23 | avg100  161.04 | grasp100  80.0% | best 0.830 |     27 st/s
    done(50): success=45 t_flicker=3 t_touched=2
Ep  9650 | score  229.02 | avg100  160.80 | grasp100  80.0% | best 0.830 |     27 st/s
    done(50): success=35 t_flicker=11 t_touched=2 t_no_reach=2
Ep  9700 | score  200.73 | avg100  152.72 | grasp100  74.0% | best 0.830 |     27 st/s
    done(50): success=39 t_flicker=7 t_touched=2 t_no_reach=2
Ep  9750 | score  193.76 | avg100  162.67 | grasp100  81.0% | best 0.830 |     27 st/s
    done(50): success=42 t_flicker=5 t_touched=3
Ep  9800 | score  199.76 | avg100  164.92 | grasp100  83.0% | best 0.830 |     27 st/s
    done(50): success=41 t_flicker=7 t_touched=1 t_no_reach=1
  [primacy-bias reset of critic heads @ 150000 updates]
Ep  9850 | score  -12.17 | avg100  119.66 | grasp100  60.0% | best 0.830 |     27 st/s
    done(50): success=19 t_flicker=11 t_touched=2 t_no_reach=18
Ep  9900 | score   -7.20 | avg100   35.88 | grasp100  19.0% | best 0.830 |     27 st/s
    done(50): t_flicker=7 t_touched=14 t_no_reach=29
Ep  9950 | score   13.70 | avg100    3.98 | grasp100   2.0% | best 0.830 |     28 st/s
    done(50): success=2 t_flicker=24 t_touched=8 t_no_reach=16
Ep 10000 | score    4.48 | avg100   41.92 | grasp100  16.0% | best 0.830 |     28 st/s
    done(50): success=14 t_flicker=17 t_touched=16 t_no_reach=3
Ep 10050 | score   49.66 | avg100   85.15 | grasp100  35.0% | best 0.830 |     27 st/s
    done(50): success=21 t_flicker=22 t_touched=6 t_no_reach=1
Ep 10100 | score  195.40 | avg100  105.96 | grasp100  47.0% | best 0.830 |     27 st/s
    done(50): success=26 t_flicker=16 t_touched=5 t_no_reach=3
Ep 10150 | score   11.60 | avg100  121.17 | grasp100  57.0% | best 0.830 |     27 st/s
    done(50): success=31 t_flicker=14 t_touched=5
Ep 10200 | score   58.73 | avg100  138.63 | grasp100  67.0% | best 0.830 |     27 st/s
    done(50): success=36 t_flicker=8 t_touched=3 t_no_reach=3
Ep 10250 | score   97.05 | avg100  145.28 | grasp100  71.0% | best 0.830 |     27 st/s
    done(50): success=35 t_flicker=10 t_touched=3 t_no_reach=2
Ep 10300 | score  150.99 | avg100  140.62 | grasp100  68.0% | best 0.830 |     28 st/s
    done(50): success=33 t_flicker=12 t_touched=5
Ep 10350 | score  178.37 | avg100  146.38 | grasp100  70.0% | best 0.830 |     28 st/s
    done(50): success=37 t_flicker=9 t_touched=3 t_no_reach=1
Ep 10400 | score  206.52 | avg100  152.56 | grasp100  74.0% | best 0.830 |     28 st/s
    done(50): success=37 t_flicker=9 t_touched=4
Ep 10450 | score  166.85 | avg100  155.73 | grasp100  77.0% | best 0.830 |     28 st/s
    done(50): success=40 t_flicker=7 t_touched=2 t_no_reach=1
Ep 10500 | score  200.14 | avg100  157.19 | grasp100  79.0% | best 0.830 |     28 st/s
    done(50): success=39 t_flicker=7 t_touched=2 t_no_reach=2
Ep 10550 | score   20.84 | avg100  155.09 | grasp100  76.0% | best 0.830 |     27 st/s
    done(50): success=37 t_flicker=11 t_touched=2
Ep 10600 | score  106.59 | avg100  161.91 | grasp100  78.0% | best 0.830 |     27 st/s
    done(50): success=41 t_flicker=8 t_no_reach=1
Ep 10650 | score  184.48 | avg100  163.33 | grasp100  80.0% | best 0.830 |     27 st/s
    done(50): success=39 t_flicker=11
Ep 10700 | score  202.21 | avg100  155.41 | grasp100  75.0% | best 0.830 |     27 st/s
    done(50): success=36 t_flicker=9 t_touched=4 t_no_reach=1
Ep 10750 | score  204.81 | avg100  158.48 | grasp100  77.0% | best 0.830 |     27 st/s
    done(50): success=41 t_flicker=7 t_touched=2
Ep 10800 | score   14.97 | avg100  163.25 | grasp100  81.0% | best 0.830 |     27 st/s
    done(50): success=40 t_flicker=8 t_touched=2
Ep 10850 | score  225.52 | avg100  170.74 | grasp100  87.0% | best 0.830 |     27 st/s
    done(50): success=47 t_flicker=1 t_touched=2
Ep 10878 | * BEST  level200=2.00 grasp200= 84.5% metric=0.845 | score  196.03
Ep 10896 | * BEST  level200=2.00 grasp200= 86.0% metric=0.860 | score  156.25
Ep 10900 | score  169.10 | avg100  171.63 | grasp100  90.0% | best 0.860 |     27 st/s
    done(50): success=43 t_flicker=6 t_touched=1
Ep 10950 | score  191.40 | avg100  160.49 | grasp100  82.0% | best 0.860 |     27 st/s
    done(50): success=39 t_flicker=9 t_touched=1 t_no_reach=1
Ep 11000 | score  177.13 | avg100  151.37 | grasp100  74.0% | best 0.860 |     27 st/s
    done(50): success=35 t_flicker=9 t_touched=4 t_no_reach=2
Ep 11050 | score  196.74 | avg100  157.09 | grasp100  78.0% | best 0.860 |     27 st/s
    done(50): success=43 t_flicker=6 t_touched=1
Ep 11100 | score  202.78 | avg100  168.07 | grasp100  85.0% | best 0.860 |     27 st/s
    done(50): success=42 t_flicker=7 t_touched=1
Ep 11150 | score  191.20 | avg100  168.59 | grasp100  86.0% | best 0.860 |     27 st/s
    done(50): success=44 t_flicker=5 t_touched=1
Ep 11200 | score  177.16 | avg100  164.38 | grasp100  84.0% | best 0.860 |     27 st/s
    done(50): success=40 t_flicker=6 t_touched=2 t_no_reach=2
Ep 11250 | score  196.59 | avg100  154.89 | grasp100  77.0% | best 0.860 |     27 st/s
    done(50): success=37 t_flicker=6 t_touched=5 t_no_reach=2
Ep 11300 | score   48.89 | avg100  154.32 | grasp100  75.0% | best 0.860 |     27 st/s
    done(50): success=38 t_flicker=12
Ep 11350 | score  194.05 | avg100  164.95 | grasp100  81.0% | best 0.860 |     27 st/s
    done(50): success=43 t_flicker=5 t_touched=1 t_no_reach=1
Ep 11400 | score   57.07 | avg100  165.72 | grasp100  84.0% | best 0.860 |     27 st/s
    done(50): success=41 t_flicker=6 t_touched=3
  [primacy-bias reset of critic heads @ 175000 updates]
Ep 11450 | score  201.79 | avg100  143.91 | grasp100  71.0% | best 0.860 |     27 st/s
    done(50): success=30 t_flicker=11 t_touched=5 t_no_reach=4
Ep 11500 | score    8.58 | avg100   80.02 | grasp100  38.0% | best 0.860 |     27 st/s
    done(50): success=8 t_flicker=9 t_touched=12 t_no_reach=21
Ep 11550 | score  -24.36 | avg100   16.67 | grasp100   9.0% | best 0.860 |     27 st/s
    done(50): success=1 t_flicker=10 t_touched=10 t_no_reach=29
Ep 11600 | score   19.33 | avg100   29.86 | grasp100  11.0% | best 0.860 |     27 st/s
    done(50): success=10 t_flicker=20 t_touched=13 t_no_reach=7
Ep 11650 | score   35.71 | avg100   79.98 | grasp100  33.0% | best 0.860 |     27 st/s
    done(50): success=23 t_flicker=13 t_touched=12 t_no_reach=2
Ep 11700 | score   46.89 | avg100  109.61 | grasp100  49.0% | best 0.860 |     27 st/s
    done(50): success=26 t_flicker=17 t_touched=4 t_no_reach=3
Ep 11750 | score  203.78 | avg100  124.03 | grasp100  57.0% | best 0.860 |     27 st/s
    done(50): success=31 t_flicker=13 t_touched=2 t_no_reach=4
Ep 11800 | score  187.83 | avg100  140.44 | grasp100  69.0% | best 0.860 |     27 st/s
    done(50): success=38 t_flicker=11 t_touched=1
Ep 11850 | score  179.31 | avg100  149.59 | grasp100  73.0% | best 0.860 |     27 st/s
    done(50): success=35 t_flicker=12 t_touched=3
Ep 11900 | score  142.05 | avg100  154.39 | grasp100  76.0% | best 0.860 |     27 st/s
    done(50): success=41 t_flicker=6 t_touched=3
Ep 11950 | score   61.23 | avg100  147.99 | grasp100  72.0% | best 0.860 |     28 st/s
    done(50): success=31 t_flicker=14 t_touched=4 t_no_reach=1
Ep 12000 | score  203.64 | avg100  145.50 | grasp100  69.0% | best 0.860 |     28 st/s
    done(50): success=38 t_flicker=9 t_touched=2 t_no_reach=1
Ep 12050 | score  196.81 | avg100  149.75 | grasp100  74.0% | best 0.860 |     27 st/s
    done(50): success=36 t_flicker=12 t_touched=2
Ep 12100 | score  199.73 | avg100  147.84 | grasp100  73.0% | best 0.860 |     27 st/s
    done(50): success=37 t_flicker=9 t_touched=3 t_no_reach=1
Ep 12150 | score  193.78 | avg100  154.90 | grasp100  75.0% | best 0.860 |     27 st/s
    done(50): success=38 t_flicker=10 t_touched=1 t_no_reach=1
Ep 12200 | score  177.56 | avg100  157.79 | grasp100  77.0% | best 0.860 |     27 st/s
    done(50): success=39 t_flicker=8 t_touched=1 t_no_reach=2
Ep 12250 | score  201.36 | avg100  154.13 | grasp100  75.0% | best 0.860 |     27 st/s
    done(50): success=36 t_flicker=12 t_touched=1 t_no_reach=1
Ep 12300 | score  204.28 | avg100  156.41 | grasp100  76.0% | best 0.860 |     27 st/s
    done(50): success=40 t_flicker=7 t_touched=3
Ep 12350 | score   28.33 | avg100  153.94 | grasp100  77.0% | best 0.860 |     27 st/s
    done(50): success=37 t_flicker=9 t_touched=1 t_no_reach=3
Ep 12400 | score  185.17 | avg100  152.30 | grasp100  76.0% | best 0.860 |     27 st/s
    done(50): success=39 t_flicker=8 t_touched=2 t_no_reach=1
Ep 12450 | score  178.03 | avg100  156.00 | grasp100  77.0% | best 0.860 |     27 st/s
    done(50): success=38 t_flicker=8 t_touched=4
Ep 12500 | score   36.72 | avg100  156.34 | grasp100  78.0% | best 0.860 |     27 st/s
    done(50): success=40 t_flicker=8 t_touched=2
Ep 12550 | score  233.41 | avg100  163.08 | grasp100  82.0% | best 0.860 |     27 st/s
    done(50): success=42 t_flicker=7 t_no_reach=1
Ep 12600 | score   37.50 | avg100  166.41 | grasp100  83.0% | best 0.860 |     27 st/s
    done(50): success=41 t_flicker=7 t_touched=1 t_no_reach=1
Ep 12650 | score  205.67 | avg100  166.35 | grasp100  82.0% | best 0.860 |     27 st/s
    done(50): success=41 t_flicker=6 t_touched=3
Ep 12700 | score   22.42 | avg100  160.48 | grasp100  80.0% | best 0.860 |     27 st/s
    done(50): success=39 t_flicker=7 t_touched=2 t_no_reach=2
Ep 12750 | score  198.27 | avg100  162.86 | grasp100  81.0% | best 0.860 |     27 st/s
    done(50): success=42 t_flicker=7 t_touched=1
Ep 12800 | score  195.36 | avg100  168.92 | grasp100  83.0% | best 0.860 |     27 st/s
    done(50): success=41 t_flicker=8 t_no_reach=1
Ep 12850 | score  184.55 | avg100  160.17 | grasp100  77.0% | best 0.860 |     27 st/s
    done(50): success=36 t_flicker=14
Ep 12900 | score  184.23 | avg100  161.42 | grasp100  78.0% | best 0.860 |     27 st/s
    done(50): success=42 t_flicker=5 t_touched=2 t_no_reach=1
Ep 12950 | score  164.37 | avg100  156.08 | grasp100  78.0% | best 0.860 |     27 st/s
    done(50): success=36 t_flicker=9 t_touched=2 t_no_reach=3
Ep 13000 | score  196.15 | avg100  150.12 | grasp100  75.0% | best 0.860 |     27 st/s
    done(50): success=39 t_flicker=8 t_touched=2 t_no_reach=1
  [primacy-bias reset of critic heads @ 200000 updates]
Ep 13050 | score  226.89 | avg100  158.72 | grasp100  80.0% | best 0.860 |     27 st/s
    done(50): success=41 t_flicker=4 t_touched=4 t_no_reach=1
Ep 13100 | score    1.15 | avg100  101.49 | grasp100  50.0% | best 0.860 |     27 st/s
    done(50): success=9 t_flicker=11 t_touched=14 t_no_reach=16
Ep 13150 | score  189.15 | avg100   33.99 | grasp100  13.0% | best 0.860 |     27 st/s
    done(50): success=4 t_flicker=13 t_touched=8 t_no_reach=25
Ep 13200 | score  189.17 | avg100   41.94 | grasp100  15.0% | best 0.860 |     27 st/s
    done(50): success=11 t_flicker=18 t_touched=14 t_no_reach=7
Ep 13250 | score  194.60 | avg100   67.29 | grasp100  27.0% | best 0.860 |     27 st/s
    done(50): success=16 t_flicker=18 t_touched=11 t_no_reach=5
Ep 13300 | score  196.31 | avg100   92.70 | grasp100  38.0% | best 0.860 |     27 st/s
    done(50): success=22 t_flicker=20 t_touched=5 t_no_reach=3
Ep 13350 | score  203.97 | avg100  121.93 | grasp100  55.0% | best 0.860 |     27 st/s
    done(50): success=33 t_flicker=11 t_touched=2 t_no_reach=4
Ep 13400 | score   20.65 | avg100  125.00 | grasp100  61.0% | best 0.860 |     28 st/s
    done(50): success=28 t_flicker=13 t_touched=6 t_no_reach=3
Ep 13450 | score  192.62 | avg100  129.51 | grasp100  63.0% | best 0.860 |     28 st/s
    done(50): success=35 t_flicker=10 t_touched=2 t_no_reach=3
Ep 13500 | score  173.34 | avg100  149.83 | grasp100  74.0% | best 0.860 |     28 st/s
    done(50): success=39 t_flicker=8 t_touched=1 t_no_reach=2
Ep 13550 | score  201.60 | avg100  146.85 | grasp100  70.0% | best 0.860 |     27 st/s
    done(50): success=31 t_flicker=17 t_touched=2
Ep 13600 | score  198.38 | avg100  144.97 | grasp100  68.0% | best 0.860 |     27 st/s
    done(50): success=37 t_flicker=10 t_touched=2 t_no_reach=1
Ep 13650 | score  196.46 | avg100  148.29 | grasp100  72.0% | best 0.860 |     27 st/s
    done(50): success=35 t_flicker=10 t_touched=3 t_no_reach=2
Ep 13700 | score  197.26 | avg100  152.81 | grasp100  75.0% | best 0.860 |     27 st/s
    done(50): success=40 t_flicker=8 t_touched=1 t_no_reach=1
Ep 13750 | score  156.39 | avg100  160.45 | grasp100  79.0% | best 0.860 |     27 st/s
    done(50): success=39 t_flicker=7 t_touched=4
Ep 13800 | score  182.33 | avg100  162.42 | grasp100  80.0% | best 0.860 |     27 st/s
    done(50): success=41 t_flicker=6 t_touched=2 t_no_reach=1
Ep 13850 | score  190.90 | avg100  157.05 | grasp100  80.0% | best 0.860 |     27 st/s
    done(50): success=39 t_flicker=6 t_touched=4 t_no_reach=1
Ep 13900 | score  205.04 | avg100  152.11 | grasp100  77.0% | best 0.860 |     27 st/s
    done(50): success=38 t_flicker=9 t_touched=2 t_no_reach=1
Ep 13950 | score  153.37 | avg100  167.51 | grasp100  85.0% | best 0.860 |     27 st/s
    done(50): success=47 t_flicker=2 t_touched=1
Ep 14000 | score  170.90 | avg100  171.96 | grasp100  89.0% | best 0.860 |     27 st/s
    done(50): success=42 t_flicker=5 t_touched=3
Ep 14050 | score  198.64 | avg100  164.81 | grasp100  84.0% | best 0.860 |     27 st/s
    done(50): success=42 t_flicker=7 t_touched=1
Ep 14100 | score  146.07 | avg100  161.87 | grasp100  83.0% | best 0.860 |     27 st/s
    done(50): success=41 t_flicker=5 t_touched=3 t_no_reach=1
Ep 14150 | score  204.12 | avg100  160.97 | grasp100  81.0% | best 0.860 |     27 st/s
    done(50): success=40 t_flicker=6 t_touched=3 t_no_reach=1
Ep 14200 | score  179.93 | avg100  172.51 | grasp100  87.0% | best 0.860 |     27 st/s
    done(50): success=47 t_flicker=3
Ep 14250 | score  -13.31 | avg100  166.77 | grasp100  85.0% | best 0.860 |     27 st/s
    done(50): success=38 t_flicker=9 t_touched=2 t_no_reach=1
Ep 14300 | score  204.87 | avg100  152.36 | grasp100  75.0% | best 0.860 |     27 st/s
    done(50): success=37 t_flicker=10 t_touched=2 t_no_reach=1
Ep 14350 | score  207.15 | avg100  154.08 | grasp100  77.0% | best 0.860 |     27 st/s
    done(50): success=40 t_flicker=5 t_touched=5
Ep 14400 | score    1.67 | avg100  170.31 | grasp100  87.0% | best 0.860 |     27 st/s
    done(50): success=47 t_flicker=1 t_no_reach=2
Ep 14450 | score  172.43 | avg100  179.32 | grasp100  90.0% | best 0.860 |     27 st/s
    done(50): success=43 t_flicker=6 t_touched=1
Ep 14500 | score  189.09 | avg100  170.41 | grasp100  85.0% | best 0.860 |     27 st/s
    done(50): success=42 t_flicker=6 t_touched=1 t_no_reach=1
Ep 14545 | * BEST  level200=2.00 grasp200= 87.5% metric=0.875 | score  205.45
Ep 14550 | score  207.62 | avg100  171.53 | grasp100  86.0% | best 0.875 |     27 st/s
    done(50): success=44 t_flicker=4 t_touched=1 t_no_reach=1
Ep 14600 | score  202.06 | avg100  177.53 | grasp100  89.0% | best 0.875 |     27 st/s
    done(50): success=45 t_flicker=4 t_touched=1
Ep 14650 | score  192.42 | avg100  176.88 | grasp100  89.0% | best 0.875 |     27 st/s
    done(50): success=44 t_flicker=5 t_touched=1
Ep 14667 | * BEST  level200=2.00 grasp200= 89.0% metric=0.890 | score  171.13
Ep 14700 | score  148.94 | avg100  173.58 | grasp100  87.0% | best 0.890 |     27 st/s
    done(50): success=43 t_flicker=6 t_no_reach=1
  [primacy-bias reset of critic heads @ 225000 updates]
Ep 14750 | score  187.52 | avg100  125.66 | grasp100  64.0% | best 0.890 |     27 st/s
    done(50): success=21 t_flicker=6 t_touched=7 t_no_reach=16
Ep 14800 | score   66.32 | avg100   47.90 | grasp100  26.0% | best 0.890 |     27 st/s
    done(50): success=5 t_flicker=9 t_touched=5 t_no_reach=31
Ep 14850 | score    0.06 | avg100   23.25 | grasp100  10.0% | best 0.890 |     27 st/s
    done(50): success=5 t_flicker=13 t_touched=17 t_no_reach=15
Ep 14900 | score   56.39 | avg100   44.76 | grasp100  17.0% | best 0.890 |     27 st/s
    done(50): success=12 t_flicker=20 t_touched=9 t_no_reach=9
Ep 14950 | score  201.72 | avg100   85.79 | grasp100  37.0% | best 0.890 |     27 st/s
    done(50): success=25 t_flicker=13 t_touched=8 t_no_reach=4
Ep 15000 | score   10.10 | avg100  119.78 | grasp100  54.0% | best 0.890 |     27 st/s
    done(50): success=29 t_flicker=11 t_touched=6 t_no_reach=4
Ep 15050 | score  182.60 | avg100  133.03 | grasp100  62.0% | best 0.890 |     27 st/s
    done(50): success=33 t_flicker=12 t_touched=2 t_no_reach=3
Ep 15100 | score  198.28 | avg100  137.56 | grasp100  63.0% | best 0.890 |     27 st/s
    done(50): success=30 t_flicker=16 t_touched=2 t_no_reach=2
Ep 15150 | score  169.67 | avg100  140.96 | grasp100  65.0% | best 0.890 |     27 st/s
    done(50): success=35 t_flicker=9 t_touched=3 t_no_reach=3
Ep 15200 | score  205.74 | avg100  148.99 | grasp100  72.0% | best 0.890 |     27 st/s
    done(50): success=37 t_flicker=11 t_touched=2
Ep 15250 | score  199.63 | avg100  154.96 | grasp100  76.0% | best 0.890 |     27 st/s
    done(50): success=39 t_flicker=9 t_touched=1 t_no_reach=1
Ep 15300 | score  201.52 | avg100  155.87 | grasp100  77.0% | best 0.890 |     27 st/s
    done(50): success=38 t_flicker=7 t_touched=3 t_no_reach=2
Ep 15350 | score   39.58 | avg100  158.27 | grasp100  78.0% | best 0.890 |     27 st/s
    done(50): success=40 t_flicker=6 t_touched=3 t_no_reach=1
Ep 15400 | score  200.88 | avg100  161.34 | grasp100  81.0% | best 0.890 |     27 st/s
    done(50): success=41 t_flicker=6 t_touched=3
Ep 15450 | score  191.54 | avg100  159.13 | grasp100  78.0% | best 0.890 |     27 st/s
    done(50): success=37 t_flicker=11 t_touched=2
Ep 15500 | score  194.91 | avg100  157.16 | grasp100  74.0% | best 0.890 |     27 st/s
    done(50): success=37 t_flicker=9 t_no_reach=4
Ep 15550 | score  188.96 | avg100  163.22 | grasp100  79.0% | best 0.890 |     27 st/s
    done(50): success=42 t_flicker=7 t_touched=1
Ep 15600 | score  200.92 | avg100  174.72 | grasp100  86.0% | best 0.890 |     27 st/s
    done(50): success=44 t_flicker=6
Ep 15650 | score  219.31 | avg100  172.99 | grasp100  85.0% | best 0.890 |     27 st/s
    done(50): success=41 t_flicker=7 t_touched=1 t_no_reach=1
Ep 15700 | score  182.45 | avg100  168.68 | grasp100  85.0% | best 0.890 |     27 st/s
    done(50): success=44 t_flicker=5 t_touched=1
Ep 15750 | score  190.09 | avg100  169.17 | grasp100  86.0% | best 0.890 |     27 st/s
    done(50): success=42 t_flicker=8
Ep 15800 | score  198.14 | avg100  171.70 | grasp100  86.0% | best 0.890 |     27 st/s
    done(50): success=44 t_flicker=5 t_no_reach=1
Ep 15850 | score   10.82 | avg100  169.96 | grasp100  84.0% | best 0.890 |     27 st/s
    done(50): success=40 t_flicker=10
Ep 15900 | score  182.60 | avg100  169.26 | grasp100  83.0% | best 0.890 |     27 st/s
    done(50): success=43 t_flicker=7
Ep 15950 | score  190.81 | avg100  168.08 | grasp100  85.0% | best 0.890 |     27 st/s
    done(50): success=42 t_flicker=5 t_touched=1 t_no_reach=2
Ep 16000 | score   55.84 | avg100  164.74 | grasp100  84.0% | best 0.890 |     27 st/s
    done(50): success=42 t_flicker=7 t_touched=1
Ep 16050 | score  207.93 | avg100  166.00 | grasp100  82.0% | best 0.890 |     27 st/s
    done(50): success=40 t_flicker=6 t_touched=2 t_no_reach=2
Ep 16100 | score    7.65 | avg100  162.51 | grasp100  80.0% | best 0.890 |     27 st/s
    done(50): success=40 t_flicker=8 t_touched=1 t_no_reach=1
Ep 16150 | score   51.03 | avg100  162.15 | grasp100  82.0% | best 0.890 |     27 st/s
    done(50): success=42 t_flicker=5 t_touched=1 t_no_reach=2
Ep 16200 | score  192.43 | avg100  167.72 | grasp100  86.0% | best 0.890 |     27 st/s
    done(50): success=44 t_flicker=6
Ep 16250 | score  200.80 | avg100  171.23 | grasp100  87.0% | best 0.890 |     27 st/s
    done(50): success=43 t_flicker=5 t_touched=2
Ep 16300 | score  207.49 | avg100  168.00 | grasp100  85.0% | best 0.890 |     27 st/s
    done(50): success=42 t_flicker=6 t_touched=1 t_no_reach=1
Ep 16350 | score  199.33 | avg100  171.26 | grasp100  88.0% | best 0.890 |     27 st/s
    done(50): success=46 t_flicker=3 t_touched=1
  [primacy-bias reset of critic heads @ 250000 updates]
Ep 16400 | score  203.73 | avg100  168.07 | grasp100  86.0% | best 0.890 |     27 st/s
    done(50): success=40 t_flicker=9 t_touched=1
Ep 16450 | score    4.99 | avg100  129.11 | grasp100  63.0% | best 0.890 |     27 st/s
    done(50): success=23 t_flicker=13 t_touched=3 t_no_reach=11
Ep 16500 | score  180.89 | avg100   89.57 | grasp100  42.0% | best 0.890 |     27 st/s
    done(50): success=19 t_flicker=16 t_touched=6 t_no_reach=9
Ep 16550 | score   -6.39 | avg100   91.73 | grasp100  43.0% | best 0.890 |     27 st/s
    done(50): success=24 t_flicker=15 t_touched=5 t_no_reach=6
Ep 16600 | score  178.19 | avg100   96.76 | grasp100  43.0% | best 0.890 |     27 st/s
    done(50): success=19 t_flicker=17 t_touched=5 t_no_reach=9
Ep 16650 | score  194.14 | avg100   93.32 | grasp100  41.0% | best 0.890 |     27 st/s
    done(50): success=22 t_flicker=13 t_touched=9 t_no_reach=6
Ep 16700 | score  204.25 | avg100  109.96 | grasp100  51.0% | best 0.890 |     27 st/s
    done(50): success=29 t_flicker=8 t_touched=11 t_no_reach=2
Ep 16750 | score  205.42 | avg100  123.10 | grasp100  59.0% | best 0.890 |     27 st/s
    done(50): success=30 t_flicker=9 t_touched=5 t_no_reach=6
Ep 16800 | score  179.53 | avg100  134.92 | grasp100  65.0% | best 0.890 |     27 st/s
    done(50): success=35 t_flicker=12 t_touched=1 t_no_reach=2
Ep 16850 | score  180.14 | avg100  138.75 | grasp100  66.0% | best 0.890 |     27 st/s
    done(50): success=31 t_flicker=14 t_touched=3 t_no_reach=2
Ep 16900 | score  169.20 | avg100  144.54 | grasp100  70.0% | best 0.890 |     27 st/s
    done(50): success=39 t_flicker=9 t_touched=2
Ep 16950 | score  190.60 | avg100  159.40 | grasp100  79.0% | best 0.890 |     27 st/s
    done(50): success=40 t_flicker=8 t_touched=2
Ep 17000 | score  192.35 | avg100  154.51 | grasp100  76.0% | best 0.890 |     27 st/s
    done(50): success=36 t_flicker=10 t_touched=3 t_no_reach=1
Ep 17050 | score   76.52 | avg100  158.67 | grasp100  77.0% | best 0.890 |     27 st/s
    done(50): success=41 t_flicker=9
Ep 17100 | score  190.74 | avg100  171.02 | grasp100  86.0% | best 0.890 |     27 st/s
    done(50): success=45 t_flicker=4 t_touched=1
Ep 17150 | score  195.88 | avg100  171.74 | grasp100  87.0% | best 0.890 |     27 st/s
    done(50): success=42 t_flicker=7 t_touched=1
Ep 17200 | score   21.71 | avg100  160.78 | grasp100  80.0% | best 0.890 |     27 st/s
    done(50): success=38 t_flicker=8 t_touched=4
Ep 17250 | score  205.70 | avg100  160.91 | grasp100  80.0% | best 0.890 |     27 st/s
    done(50): success=42 t_flicker=5 t_touched=2 t_no_reach=1
Ep 17300 | score  195.34 | avg100  169.21 | grasp100  84.0% | best 0.890 |     27 st/s
    done(50): success=42 t_flicker=6 t_touched=2
Ep 17350 | score  194.84 | avg100  171.59 | grasp100  86.0% | best 0.890 |     27 st/s
    done(50): success=44 t_flicker=5 t_touched=1
Ep 17400 | score  135.58 | avg100  174.50 | grasp100  89.0% | best 0.890 |     27 st/s
    done(50): success=45 t_flicker=4 t_touched=1
Ep 17450 | score  187.28 | avg100  171.00 | grasp100  88.0% | best 0.890 |     27 st/s
    done(50): success=43 t_flicker=5 t_touched=1 t_no_reach=1
Ep 17500 | score  202.42 | avg100  171.44 | grasp100  88.0% | best 0.890 |     27 st/s
    done(50): success=45 t_flicker=3 t_no_reach=2
Ep 17537 | * BEST  level200=2.00 grasp200= 90.5% metric=0.905 | score  182.48
Ep 17550 | score  188.43 | avg100  177.91 | grasp100  91.0% | best 0.905 |     27 st/s
    done(50): success=46 t_flicker=3 t_no_reach=1
Ep 17569 | * BEST  level200=2.00 grasp200= 92.0% metric=0.920 | score  206.95
Ep 17600 | score  176.72 | avg100  178.79 | grasp100  91.0% | best 0.920 |     27 st/s
    done(50): success=45 t_flicker=3 t_touched=2
Ep 17650 | score  174.54 | avg100  175.12 | grasp100  91.0% | best 0.920 |     27 st/s
    done(50): success=46 t_flicker=4
Ep 17700 | score  197.47 | avg100  171.43 | grasp100  90.0% | best 0.920 |     27 st/s
    done(50): success=44 t_flicker=6
Ep 17750 | score  199.95 | avg100  170.22 | grasp100  88.0% | best 0.920 |     27 st/s
    done(50): success=44 t_flicker=4 t_touched=1 t_no_reach=1
Ep 17800 | score  224.52 | avg100  165.50 | grasp100  83.0% | best 0.920 |     27 st/s
    done(50): success=39 t_flicker=9 t_touched=1 t_no_reach=1
Ep 17850 | score  204.96 | avg100  166.10 | grasp100  83.0% | best 0.920 |     27 st/s
    done(50): success=44 t_flicker=5 t_no_reach=1
Ep 17900 | score  199.77 | avg100  168.98 | grasp100  86.0% | best 0.920 |     27 st/s
    done(50): success=42 t_flicker=6 t_touched=1 t_no_reach=1
Ep 17950 | score  169.10 | avg100  164.99 | grasp100  85.0% | best 0.920 |     27 st/s
    done(50): success=43 t_flicker=4 t_touched=1 t_no_reach=2
Ep 18000 | score  159.52 | avg100  168.10 | grasp100  87.0% | best 0.920 |     27 st/s
    done(50): success=44 t_flicker=2 t_touched=3 t_no_reach=1
Ep 18050 | score  205.91 | avg100  170.34 | grasp100  86.0% | best 0.920 |     27 st/s
    done(50): success=42 t_flicker=7 t_touched=1
Ep 18100 | score   92.83 | avg100  163.04 | grasp100  82.0% | best 0.920 |     27 st/s
    done(50): success=40 t_flicker=7 t_touched=2 t_no_reach=1
Ep 18150 | score  256.69 | avg100  157.64 | grasp100  80.0% | best 0.920 |     27 st/s
    done(50): success=40 t_flicker=8 t_touched=2
  [primacy-bias reset of critic heads @ 275000 updates]
Ep 18200 | score   -5.72 | avg100  109.35 | grasp100  56.0% | best 0.920 |     27 st/s
    done(50): success=16 t_flicker=9 t_touched=4 t_no_reach=21
Ep 18250 | score   -2.72 | avg100   30.00 | grasp100  16.0% | best 0.920 |     27 st/s
    done(50): t_flicker=9 t_touched=3 t_no_reach=38
Ep 18300 | score   24.80 | avg100    7.24 | grasp100   3.0% | best 0.920 |     27 st/s
    done(50): success=3 t_flicker=10 t_touched=13 t_no_reach=24
Ep 18350 | score   12.61 | avg100   43.00 | grasp100  19.0% | best 0.920 |     27 st/s
    done(50): success=16 t_flicker=16 t_touched=8 t_no_reach=10
Ep 18400 | score  188.99 | avg100   87.73 | grasp100  41.0% | best 0.920 |     27 st/s
    done(50): success=25 t_flicker=9 t_touched=9 t_no_reach=7
Ep 18450 | score   10.57 | avg100  116.60 | grasp100  55.0% | best 0.920 |     27 st/s
    done(50): success=30 t_flicker=14 t_touched=1 t_no_reach=5
Ep 18500 | score  187.59 | avg100  130.42 | grasp100  61.0% | best 0.920 |     27 st/s
    done(50): success=31 t_flicker=11 t_touched=5 t_no_reach=3
Ep 18550 | score   53.91 | avg100  142.36 | grasp100  66.0% | best 0.920 |     27 st/s
    done(50): success=35 t_flicker=13 t_touched=1 t_no_reach=1
Ep 18600 | score  186.35 | avg100  144.95 | grasp100  68.0% | best 0.920 |     27 st/s
    done(50): success=33 t_flicker=11 t_touched=4 t_no_reach=2
Ep 18650 | score  206.27 | avg100  144.19 | grasp100  70.0% | best 0.920 |     27 st/s
    done(50): success=37 t_flicker=11 t_touched=1 t_no_reach=1
Ep 18700 | score  184.77 | avg100  151.21 | grasp100  76.0% | best 0.920 |     27 st/s
    done(50): success=39 t_flicker=7 t_touched=1 t_no_reach=3
Ep 18750 | score  200.05 | avg100  155.74 | grasp100  78.0% | best 0.920 |     27 st/s
    done(50): success=39 t_flicker=9 t_touched=1 t_no_reach=1
Ep 18800 | score    1.39 | avg100  164.31 | grasp100  82.0% | best 0.920 |     27 st/s
    done(50): success=43 t_flicker=5 t_touched=1 t_no_reach=1
Ep 18850 | score  188.03 | avg100  171.43 | grasp100  90.0% | best 0.920 |     27 st/s
    done(50): success=47 t_flicker=1 t_touched=1 t_no_reach=1
Ep 18900 | score  201.12 | avg100  165.41 | grasp100  87.0% | best 0.920 |     27 st/s
    done(50): success=40 t_flicker=7 t_touched=3
Ep 18950 | score  178.86 | avg100  150.83 | grasp100  74.0% | best 0.920 |     27 st/s
    done(50): success=34 t_flicker=14 t_touched=1 t_no_reach=1
Ep 19000 | score  179.80 | avg100  154.68 | grasp100  74.0% | best 0.920 |     27 st/s
    done(50): success=40 t_flicker=9 t_no_reach=1
Ep 19050 | score  191.70 | avg100  167.33 | grasp100  84.0% | best 0.920 |     27 st/s
    done(50): success=44 t_flicker=6
Ep 19100 | score  191.19 | avg100  178.05 | grasp100  92.0% | best 0.920 |     27 st/s
    done(50): success=48 t_flicker=2
Ep 19150 | score  188.16 | avg100  181.86 | grasp100  92.0% | best 0.920 |     27 st/s
    done(50): success=44 t_flicker=6
Ep 19200 | score  199.02 | avg100  175.14 | grasp100  87.0% | best 0.920 |     27 st/s
    done(50): success=43 t_flicker=6 t_touched=1
Ep 19250 | score  193.70 | avg100  163.91 | grasp100  83.0% | best 0.920 |     27 st/s
    done(50): success=40 t_flicker=7 t_touched=1 t_no_reach=2
Ep 19300 | score  203.15 | avg100  157.41 | grasp100  81.0% | best 0.920 |     27 st/s
    done(50): success=41 t_flicker=6 t_touched=2 t_no_reach=1
Ep 19350 | score  161.06 | avg100  168.12 | grasp100  86.0% | best 0.920 |     27 st/s
    done(50): success=45 t_flicker=3 t_touched=1 t_no_reach=1
Ep 19400 | score  152.23 | avg100  173.88 | grasp100  89.0% | best 0.920 |     27 st/s
    done(50): success=44 t_flicker=4 t_no_reach=2
Ep 19450 | score  209.49 | avg100  178.45 | grasp100  91.0% | best 0.920 |     27 st/s
    done(50): success=47 t_flicker=3
Ep 19500 | score  151.82 | avg100  177.10 | grasp100  90.0% | best 0.920 |     27 st/s
    done(50): success=43 t_flicker=4 t_touched=3
Ep 19550 | score  201.99 | avg100  170.42 | grasp100  87.0% | best 0.920 |     27 st/s
    done(50): success=44 t_flicker=4 t_no_reach=2
Ep 19600 | score  184.45 | avg100  172.16 | grasp100  90.0% | best 0.920 |     27 st/s
    done(50): success=46 t_flicker=1 t_touched=3
Ep 19650 | score  181.85 | avg100  173.56 | grasp100  91.0% | best 0.920 |     27 st/s
    done(50): success=45 t_flicker=5
Ep 19700 | score  206.27 | avg100  178.07 | grasp100  92.0% | best 0.920 |     27 st/s
    done(50): success=47 t_flicker=1 t_no_reach=2
Ep 19750 | score  170.13 | avg100  180.69 | grasp100  94.0% | best 0.920 |     27 st/s
    done(50): success=47 t_flicker=3
Ep 19767 | * BEST  level200=2.00 grasp200= 93.5% metric=0.935 | score  209.32
Ep 19800 | score  181.92 | avg100  180.21 | grasp100  94.0% | best 0.935 |     27 st/s
    done(50): success=47 t_flicker=3
Ep 19850 | score  213.54 | avg100  178.73 | grasp100  92.0% | best 0.935 |     27 st/s
    done(50): success=45 t_flicker=3 t_touched=2
  [primacy-bias reset of critic heads @ 300000 updates]
Ep 19900 | score  -19.04 | avg100  128.89 | grasp100  67.0% | best 0.935 |     27 st/s
    done(50): success=22 t_flicker=6 t_touched=8 t_no_reach=14
Ep 19950 | score   42.14 | avg100   34.93 | grasp100  23.0% | best 0.935 |     27 st/s
    done(50): success=1 t_flicker=6 t_touched=1 t_no_reach=42
Ep 20000 | score    4.63 | avg100   -6.14 | grasp100   1.0% | best 0.935 |     27 st/s
    done(50): t_flicker=8 t_touched=16 t_no_reach=26
Ep 20050 | score   46.23 | avg100   33.06 | grasp100  14.0% | best 0.935 |     27 st/s
    done(50): success=14 t_flicker=16 t_touched=11 t_no_reach=9
Ep 20100 | score  174.28 | avg100   98.70 | grasp100  47.0% | best 0.935 |     27 st/s
    done(50): success=33 t_flicker=7 t_touched=7 t_no_reach=3
Ep 20150 | score  203.21 | avg100  131.45 | grasp100  65.0% | best 0.935 |     27 st/s
    done(50): success=32 t_flicker=12 t_touched=3 t_no_reach=3
Ep 20200 | score   -3.62 | avg100  135.56 | grasp100  64.0% | best 0.935 |     27 st/s
    done(50): success=32 t_flicker=14 t_touched=3 t_no_reach=1
Ep 20250 | score  152.72 | avg100  146.67 | grasp100  70.0% | best 0.935 |     27 st/s
    done(50): success=38 t_flicker=10 t_touched=1 t_no_reach=1
Ep 20300 | score  161.95 | avg100  152.37 | grasp100  74.0% | best 0.935 |     27 st/s
    done(50): success=36 t_flicker=13 t_no_reach=1
Ep 20350 | score   55.58 | avg100  143.77 | grasp100  70.0% | best 0.935 |     27 st/s
    done(50): success=34 t_flicker=10 t_touched=4 t_no_reach=2
Ep 20400 | score  196.78 | avg100  150.16 | grasp100  73.0% | best 0.935 |     27 st/s
    done(50): success=39 t_flicker=8 t_touched=2 t_no_reach=1
Ep 20450 | score  176.28 | avg100  162.39 | grasp100  80.0% | best 0.935 |     27 st/s
    done(50): success=41 t_flicker=6 t_touched=2 t_no_reach=1
Ep 20500 | score  152.07 | avg100  165.79 | grasp100  84.0% | best 0.935 |     27 st/s
    done(50): success=43 t_flicker=5 t_no_reach=2
Ep 20550 | score  201.97 | avg100  169.60 | grasp100  87.0% | best 0.935 |     27 st/s
    done(50): success=44 t_flicker=3 t_touched=3
Ep 20600 | score  160.77 | avg100  177.87 | grasp100  92.0% | best 0.935 |     27 st/s
    done(50): success=48 t_flicker=2
Ep 20650 | score  192.29 | avg100  175.52 | grasp100  89.0% | best 0.935 |     27 st/s
    done(50): success=41 t_flicker=5 t_touched=3 t_no_reach=1
Ep 20700 | score  220.93 | avg100  167.53 | grasp100  84.0% | best 0.935 |     27 st/s
    done(50): success=43 t_flicker=5 t_no_reach=2
Ep 20750 | score  192.41 | avg100  169.60 | grasp100  85.0% | best 0.935 |     27 st/s
    done(50): success=42 t_flicker=5 t_touched=1 t_no_reach=2
Ep 20800 | score  195.22 | avg100  169.90 | grasp100  84.0% | best 0.935 |     27 st/s
    done(50): success=42 t_flicker=6 t_touched=1 t_no_reach=1
Ep 20850 | score  155.47 | avg100  163.58 | grasp100  81.0% | best 0.935 |     27 st/s
    done(50): success=39 t_flicker=7 t_touched=3 t_no_reach=1
Ep 20900 | score  197.57 | avg100  168.22 | grasp100  83.0% | best 0.935 |     27 st/s
    done(50): success=44 t_flicker=5 t_no_reach=1
Ep 20950 | score  193.36 | avg100  183.85 | grasp100  92.0% | best 0.935 |     27 st/s
    done(50): success=48 t_flicker=1 t_touched=1
Ep 21000 | score  188.73 | avg100  184.24 | grasp100  93.0% | best 0.935 |     27 st/s
    done(50): success=45 t_flicker=4 t_touched=1
Ep 21050 | score    9.25 | avg100  176.95 | grasp100  89.0% | best 0.935 |     27 st/s
    done(50): success=44 t_flicker=4 t_touched=1 t_no_reach=1
Ep 21100 | score  199.04 | avg100  172.29 | grasp100  85.0% | best 0.935 |     27 st/s
    done(50): success=41 t_flicker=8 t_no_reach=1
Ep 21150 | score  193.97 | avg100  176.30 | grasp100  88.0% | best 0.935 |     27 st/s
    done(50): success=47 t_flicker=1 t_touched=1 t_no_reach=1
Ep 21200 | score  201.26 | avg100  179.76 | grasp100  92.0% | best 0.935 |     27 st/s
    done(50): success=45 t_flicker=3 t_touched=2
Ep 21250 | score  199.58 | avg100  172.92 | grasp100  88.0% | best 0.935 |     27 st/s
    done(50): success=43 t_flicker=3 t_touched=2 t_no_reach=2
Ep 21300 | score  191.28 | avg100  174.15 | grasp100  89.0% | best 0.935 |     27 st/s
    done(50): success=46 t_flicker=2 t_touched=1 t_no_reach=1
Ep 21350 | score  182.07 | avg100  168.56 | grasp100  85.0% | best 0.935 |     27 st/s
    done(50): success=39 t_flicker=7 t_touched=4
Ep 21400 | score  164.12 | avg100  163.75 | grasp100  82.0% | best 0.935 |     27 st/s
    done(50): success=43 t_flicker=3 t_touched=4
Ep 21450 | score  189.20 | avg100  172.13 | grasp100  87.0% | best 0.935 |     27 st/s
    done(50): success=44 t_flicker=5 t_no_reach=1
Ep 21500 | score  199.32 | avg100  177.91 | grasp100  89.0% | best 0.935 |     27 st/s
    done(50): success=45 t_flicker=4 t_touched=1
Ep 21550 | score  -10.19 | avg100  181.23 | grasp100  91.0% | best 0.935 |     27 st/s
    done(50): success=46 t_flicker=2 t_touched=1 t_no_reach=1
  [primacy-bias reset of critic heads @ 325000 updates]
Ep 21600 | score  -24.34 | avg100  135.42 | grasp100  71.0% | best 0.935 |     27 st/s
    done(50): success=25 t_flicker=4 t_touched=4 t_no_reach=17
Ep 21650 | score  -22.05 | avg100   39.97 | grasp100  28.0% | best 0.935 |     27 st/s
    done(50): success=3 t_no_reach=47
Ep 21700 | score   10.95 | avg100  -11.80 | grasp100   3.0% | best 0.935 |     27 st/s
    done(50): t_flicker=4 t_touched=4 t_no_reach=42
Ep 21750 | score   22.08 | avg100   16.87 | grasp100  10.0% | best 0.935 |     27 st/s
    done(50): success=10 t_flicker=15 t_touched=11 t_no_reach=14
Ep 21800 | score  203.10 | avg100   73.80 | grasp100  35.0% | best 0.935 |     27 st/s
    done(50): success=25 t_flicker=11 t_touched=8 t_no_reach=6
Ep 21850 | score  199.48 | avg100  113.88 | grasp100  54.0% | best 0.935 |     27 st/s
    done(50): success=29 t_flicker=16 t_touched=2 t_no_reach=3
Ep 21900 | score  195.23 | avg100  137.84 | grasp100  67.0% | best 0.935 |     27 st/s
    done(50): success=38 t_flicker=7 t_touched=3 t_no_reach=2
Ep 21950 | score   57.83 | avg100  159.00 | grasp100  79.0% | best 0.935 |     27 st/s
    done(50): success=41 t_flicker=6 t_touched=2 t_no_reach=1
Ep 22000 | score   10.74 | avg100  164.12 | grasp100  79.0% | best 0.935 |     27 st/s
    done(50): success=38 t_flicker=10 t_no_reach=2
Ep 22050 | score  188.26 | avg100  153.86 | grasp100  74.0% | best 0.935 |     27 st/s
    done(50): success=36 t_flicker=12 t_touched=2
Ep 22100 | score  175.57 | avg100  156.70 | grasp100  77.0% | best 0.935 |     27 st/s
    done(50): success=41 t_flicker=7 t_no_reach=2
Ep 22150 | score  191.47 | avg100  167.41 | grasp100  83.0% | best 0.935 |     27 st/s
    done(50): success=42 t_flicker=6 t_touched=2
Ep 22200 | score  180.92 | avg100  172.20 | grasp100  86.0% | best 0.935 |     27 st/s
    done(50): success=44 t_flicker=5 t_no_reach=1
Ep 22250 | score  188.38 | avg100  164.83 | grasp100  83.0% | best 0.935 |     27 st/s
    done(50): success=39 t_flicker=7 t_touched=1 t_no_reach=3
Ep 22300 | score  157.20 | avg100  171.13 | grasp100  86.0% | best 0.935 |     27 st/s
    done(50): success=47 t_flicker=2 t_no_reach=1
Ep 22350 | score    3.64 | avg100  179.75 | grasp100  91.0% | best 0.935 |     27 st/s
    done(50): success=44 t_flicker=4 t_touched=1 t_no_reach=1
Ep 22400 | score  199.52 | avg100  172.31 | grasp100  88.0% | best 0.935 |     27 st/s
    done(50): success=44 t_flicker=4 t_touched=1 t_no_reach=1
Ep 22450 | score  181.78 | avg100  174.87 | grasp100  88.0% | best 0.935 |     27 st/s
    done(50): success=44 t_flicker=5 t_touched=1
Ep 22500 | score  152.79 | avg100  171.02 | grasp100  85.0% | best 0.935 |     27 st/s
    done(50): success=41 t_flicker=5 t_touched=2 t_no_reach=2
Ep 22550 | score  171.88 | avg100  169.20 | grasp100  85.0% | best 0.935 |     27 st/s
    done(50): success=44 t_flicker=2 t_touched=3 t_no_reach=1
Ep 22600 | score  188.38 | avg100  172.92 | grasp100  87.0% | best 0.935 |     27 st/s
    done(50): success=43 t_flicker=5 t_touched=1 t_no_reach=1
Ep 22650 | score  202.90 | avg100  170.31 | grasp100  85.0% | best 0.935 |     27 st/s
    done(50): success=42 t_flicker=4 t_touched=3 t_no_reach=1
Ep 22700 | score  179.91 | avg100  173.80 | grasp100  86.0% | best 0.935 |     27 st/s
    done(50): success=44 t_flicker=3 t_touched=3
Ep 22750 | score   20.76 | avg100  173.21 | grasp100  87.0% | best 0.935 |     27 st/s
    done(50): success=43 t_flicker=5 t_no_reach=2
Ep 22800 | score  180.16 | avg100  170.80 | grasp100  87.0% | best 0.935 |     27 st/s
    done(50): success=44 t_flicker=5 t_touched=1
Ep 22850 | score  183.33 | avg100  179.34 | grasp100  91.0% | best 0.935 |     27 st/s
    done(50): success=47 t_flicker=3
Ep 22900 | score  195.82 | avg100  180.96 | grasp100  92.0% | best 0.935 |     27 st/s
    done(50): success=45 t_flicker=5
Ep 22950 | score  202.98 | avg100  180.36 | grasp100  91.0% | best 0.935 |     27 st/s
    done(50): success=46 t_flicker=3 t_touched=1
Ep 23000 | score  189.57 | avg100  177.21 | grasp100  89.0% | best 0.935 |     27 st/s
    done(50): success=43 t_flicker=5 t_no_reach=2
Ep 23050 | score  204.15 | avg100  175.04 | grasp100  90.0% | best 0.935 |     27 st/s
    done(50): success=47 t_flicker=2 t_touched=1
Ep 23100 | score  172.95 | avg100  178.41 | grasp100  93.0% | best 0.935 |     27 st/s
    done(50): success=46 t_flicker=2 t_touched=2
Ep 23150 | score  204.57 | avg100  179.52 | grasp100  92.0% | best 0.935 |     27 st/s
    done(50): success=46 t_flicker=2 t_touched=1 t_no_reach=1
Ep 23200 | score  194.99 | avg100  184.50 | grasp100  94.0% | best 0.935 |     27 st/s
    done(50): success=48 t_flicker=1 t_touched=1
Ep 23250 | score  169.35 | avg100  182.65 | grasp100  94.0% | best 0.935 |     27 st/s
    done(50): success=46 t_flicker=3 t_touched=1
  [primacy-bias reset of critic heads @ 350000 updates]
Ep 23300 | score  -14.89 | avg100  135.93 | grasp100  70.0% | best 0.935 |     27 st/s
    done(50): success=24 t_flicker=9 t_touched=3 t_no_reach=14
Ep 23350 | score   36.76 | avg100   71.41 | grasp100  38.0% | best 0.935 |     27 st/s
    done(50): success=14 t_flicker=9 t_touched=7 t_no_reach=20
Ep 23400 | score  193.31 | avg100   64.57 | grasp100  34.0% | best 0.935 |     27 st/s
    done(50): success=20 t_flicker=9 t_touched=11 t_no_reach=10
Ep 23450 | score   64.73 | avg100   84.85 | grasp100  40.0% | best 0.935 |     27 st/s
    done(50): success=20 t_flicker=14 t_touched=8 t_no_reach=8
Ep 23500 | score  -10.84 | avg100   99.88 | grasp100  48.0% | best 0.935 |     27 st/s
    done(50): success=28 t_flicker=7 t_touched=6 t_no_reach=9
Ep 23550 | score  183.80 | avg100  116.51 | grasp100  59.0% | best 0.935 |     27 st/s
    done(50): success=31 t_flicker=9 t_touched=6 t_no_reach=4
Ep 23600 | score   58.55 | avg100  135.69 | grasp100  68.0% | best 0.935 |     27 st/s
    done(50): success=37 t_flicker=8 t_touched=5
Ep 23650 | score  187.16 | avg100  148.66 | grasp100  72.0% | best 0.935 |     27 st/s
    done(50): success=35 t_flicker=11 t_touched=4
Ep 23700 | score   16.65 | avg100  145.34 | grasp100  69.0% | best 0.935 |     27 st/s
    done(50): success=34 t_flicker=12 t_touched=1 t_no_reach=3
Ep 23750 | score  205.31 | avg100  156.16 | grasp100  77.0% | best 0.935 |     27 st/s
    done(50): success=43 t_flicker=6 t_touched=1
Ep 23800 | score  194.07 | avg100  161.94 | grasp100  79.0% | best 0.935 |     27 st/s
    done(50): success=36 t_flicker=12 t_touched=2
Ep 23850 | score  192.26 | avg100  149.25 | grasp100  71.0% | best 0.935 |     27 st/s
    done(50): success=35 t_flicker=11 t_touched=1 t_no_reach=3
Ep 23900 | score  173.92 | avg100  151.91 | grasp100  74.0% | best 0.935 |     27 st/s
    done(50): success=39 t_flicker=11
Ep 23950 | score  193.88 | avg100  164.82 | grasp100  82.0% | best 0.935 |     27 st/s
    done(50): success=43 t_flicker=4 t_touched=1 t_no_reach=2
Ep 24000 | score  200.66 | avg100  171.46 | grasp100  86.0% | best 0.935 |     27 st/s
    done(50): success=43 t_flicker=7
Ep 24050 | score   41.58 | avg100  174.98 | grasp100  88.0% | best 0.935 |     27 st/s
    done(50): success=45 t_flicker=5
Ep 24100 | score  186.09 | avg100  174.90 | grasp100  88.0% | best 0.935 |     27 st/s
    done(50): success=43 t_flicker=6 t_touched=1
Ep 24150 | score  193.74 | avg100  173.57 | grasp100  88.0% | best 0.935 |     27 st/s
    done(50): success=45 t_flicker=5
Ep 24200 | score  205.01 | avg100  178.13 | grasp100  92.0% | best 0.935 |     27 st/s
    done(50): success=47 t_flicker=3
Ep 24250 | score  190.50 | avg100  186.11 | grasp100  96.0% | best 0.935 |     27 st/s
    done(50): success=49 t_flicker=1
Ep 24300 | score  168.01 | avg100  182.21 | grasp100  93.0% | best 0.935 |     27 st/s
    done(50): success=44 t_flicker=5 t_no_reach=1
Ep 24350 | score  204.10 | avg100  175.30 | grasp100  89.0% | best 0.935 |     27 st/s
    done(50): success=45 t_flicker=5
Ep 24400 | score  206.45 | avg100  175.68 | grasp100  89.0% | best 0.935 |     27 st/s
    done(50): success=44 t_flicker=4 t_touched=2
Ep 24450 | score  201.65 | avg100  179.36 | grasp100  91.0% | best 0.935 |     27 st/s
    done(50): success=47 t_flicker=3
Ep 24500 | score  196.79 | avg100  183.11 | grasp100  94.0% | best 0.935 |     27 st/s
    done(50): success=47 t_flicker=1 t_touched=2
Ep 24550 | score  188.67 | avg100  179.49 | grasp100  93.0% | best 0.935 |     27 st/s
    done(50): success=46 t_flicker=3 t_touched=1
Ep 24600 | score   32.70 | avg100  172.43 | grasp100  89.0% | best 0.935 |     27 st/s
    done(50): success=43 t_flicker=4 t_touched=1 t_no_reach=2
Ep 24650 | score  197.64 | avg100  168.80 | grasp100  86.0% | best 0.935 |     27 st/s
    done(50): success=43 t_flicker=5 t_touched=1 t_no_reach=1
Ep 24700 | score  200.13 | avg100  168.55 | grasp100  85.0% | best 0.935 |     27 st/s
    done(50): success=42 t_flicker=4 t_touched=3 t_no_reach=1
Ep 24750 | score  156.07 | avg100  173.17 | grasp100  88.0% | best 0.935 |     27 st/s
    done(50): success=46 t_flicker=3 t_touched=1
Ep 24800 | score  199.56 | avg100  177.81 | grasp100  91.0% | best 0.935 |     27 st/s
    done(50): success=45 t_flicker=2 t_touched=1 t_no_reach=2
Ep 24850 | score  196.06 | avg100  174.08 | grasp100  88.0% | best 0.935 |     27 st/s
    done(50): success=43 t_flicker=5 t_no_reach=2
Ep 24900 | score  154.50 | avg100  167.95 | grasp100  85.0% | best 0.935 |     27 st/s
    done(50): success=42 t_flicker=5 t_touched=1 t_no_reach=2
Ep 24950 | score  187.72 | avg100  171.05 | grasp100  87.0% | best 0.935 |     27 st/s
    done(50): success=45 t_flicker=3 t_touched=1 t_no_reach=1
Ep 25000 | score  199.81 | avg100  185.43 | grasp100  95.0% | best 0.935 |     27 st/s
    done(50): success=50
Ep 25050 | score  149.21 | avg100  184.36 | grasp100  95.0% | best 0.935 |     27 st/s
    done(50): success=45 t_flicker=5
  [primacy-bias reset of critic heads @ 375000 updates]
Ep 25100 | score   18.39 | avg100  153.25 | grasp100  77.0% | best 0.935 |     27 st/s
    done(50): success=32 t_flicker=8 t_touched=7 t_no_reach=3
Ep 25150 | score  184.63 | avg100   94.72 | grasp100  48.0% | best 0.935 |     27 st/s
    done(50): success=16 t_flicker=12 t_touched=12 t_no_reach=10
Ep 25200 | score  190.15 | avg100   60.19 | grasp100  31.0% | best 0.935 |     27 st/s
    done(50): success=15 t_flicker=13 t_touched=6 t_no_reach=16
Ep 25250 | score   -7.44 | avg100   85.35 | grasp100  40.0% | best 0.935 |     27 st/s
    done(50): success=25 t_flicker=14 t_touched=4 t_no_reach=7
Ep 25300 | score  155.39 | avg100  109.82 | grasp100  50.0% | best 0.935 |     27 st/s
    done(50): success=25 t_flicker=12 t_touched=7 t_no_reach=6
Ep 25350 | score  198.37 | avg100  121.96 | grasp100  59.0% | best 0.935 |     27 st/s
    done(50): success=34 t_flicker=12 t_touched=1 t_no_reach=3
Ep 25400 | score  181.11 | avg100  132.35 | grasp100  63.0% | best 0.935 |     27 st/s
    done(50): success=29 t_flicker=14 t_touched=2 t_no_reach=5
Ep 25450 | score  206.13 | avg100  138.74 | grasp100  65.0% | best 0.935 |     27 st/s
    done(50): success=36 t_flicker=10 t_touched=2 t_no_reach=2
Ep 25500 | score   56.91 | avg100  153.23 | grasp100  76.0% | best 0.935 |     27 st/s
    done(50): success=40 t_flicker=5 t_touched=3 t_no_reach=2
Ep 25550 | score  201.31 | avg100  154.62 | grasp100  75.0% | best 0.935 |     27 st/s
    done(50): success=35 t_flicker=13 t_touched=1 t_no_reach=1
Ep 25600 | score  205.51 | avg100  151.38 | grasp100  73.0% | best 0.935 |     27 st/s
    done(50): success=38 t_flicker=9 t_touched=1 t_no_reach=2
Ep 25650 | score  194.87 | avg100  158.57 | grasp100  79.0% | best 0.935 |     27 st/s
    done(50): success=41 t_flicker=6 t_touched=3
Ep 25700 | score   59.15 | avg100  155.04 | grasp100  77.0% | best 0.935 |     27 st/s
    done(50): success=36 t_flicker=10 t_touched=3 t_no_reach=1
Ep 25750 | score  205.74 | avg100  161.43 | grasp100  80.0% | best 0.935 |     27 st/s
    done(50): success=44 t_flicker=5 t_no_reach=1
Ep 25800 | score   72.83 | avg100  175.14 | grasp100  88.0% | best 0.935 |     27 st/s
    done(50): success=44 t_flicker=5 t_touched=1
Ep 25850 | score  188.80 | avg100  167.07 | grasp100  83.0% | best 0.935 |     27 st/s
    done(50): success=39 t_flicker=8 t_touched=2 t_no_reach=1
Ep 25900 | score  145.35 | avg100  170.76 | grasp100  87.0% | best 0.935 |     27 st/s
    done(50): success=48 t_flicker=1 t_touched=1
Ep 25950 | score  204.87 | avg100  175.95 | grasp100  91.0% | best 0.935 |     27 st/s
    done(50): success=43 t_flicker=6 t_touched=1
Ep 26000 | score  188.97 | avg100  174.35 | grasp100  87.0% | best 0.935 |     27 st/s
    done(50): success=44 t_flicker=5 t_touched=1
Ep 26050 | score  196.26 | avg100  179.69 | grasp100  90.0% | best 0.935 |     27 st/s
    done(50): success=46 t_flicker=4
Ep 26100 | score  -12.53 | avg100  179.47 | grasp100  91.0% | best 0.935 |     27 st/s
    done(50): success=45 t_flicker=4 t_touched=1
Ep 26150 | score  191.56 | avg100  178.95 | grasp100  90.0% | best 0.935 |     27 st/s
    done(50): success=45 t_flicker=4 t_touched=1
Ep 26200 | score  209.28 | avg100  180.84 | grasp100  90.0% | best 0.935 |     27 st/s
    done(50): success=45 t_flicker=3 t_touched=1 t_no_reach=1
Ep 26250 | score  190.68 | avg100  183.51 | grasp100  92.0% | best 0.935 |     27 st/s
    done(50): success=47 t_flicker=2 t_no_reach=1
Ep 26300 | score  193.72 | avg100  182.27 | grasp100  92.0% | best 0.935 |     27 st/s
    done(50): success=45 t_flicker=5
Ep 26350 | score  193.07 | avg100  182.78 | grasp100  93.0% | best 0.935 |     27 st/s
    done(50): success=48 t_flicker=1 t_touched=1
Ep 26400 | score  202.13 | avg100  181.82 | grasp100  94.0% | best 0.935 |     27 st/s
    done(50): success=46 t_flicker=1 t_touched=1 t_no_reach=2
Ep 26450 | score  197.41 | avg100  177.38 | grasp100  91.0% | best 0.935 |     27 st/s
    done(50): success=45 t_flicker=5
Ep 26500 | score  229.47 | avg100  173.88 | grasp100  89.0% | best 0.935 |     27 st/s
    done(50): success=44 t_touched=3 t_no_reach=3
Ep 26550 | score  196.93 | avg100  169.63 | grasp100  87.0% | best 0.935 |     27 st/s
    done(50): success=43 t_flicker=3 t_touched=3 t_no_reach=1
Ep 26600 | score  158.62 | avg100  167.68 | grasp100  86.0% | best 0.935 |     27 st/s
    done(50): success=43 t_flicker=5 t_no_reach=2
Ep 26650 | score  197.76 | avg100  168.45 | grasp100  87.0% | best 0.935 |     27 st/s
    done(50): success=44 t_flicker=5 t_touched=1
Ep 26700 | score  203.91 | avg100  178.21 | grasp100  91.0% | best 0.935 |     27 st/s
    done(50): success=47 t_flicker=2 t_touched=1
Ep 26750 | score  217.81 | avg100  180.39 | grasp100  91.0% | best 0.935 |     27 st/s
    done(50): success=44 t_flicker=5 t_touched=1
Ep 26800 | score  208.29 | avg100  170.69 | grasp100  87.0% | best 0.935 |     27 st/s
    done(50): success=43 t_flicker=1 t_touched=1 t_no_reach=5
Ep 26850 | score  193.83 | avg100  171.61 | grasp100  90.0% | best 0.935 |     27 st/s
    done(50): success=47 t_touched=3
  [primacy-bias reset of critic heads @ 400000 updates]
Ep 26900 | score  -14.40 | avg100  124.86 | grasp100  68.0% | best 0.935 |     27 st/s
    done(50): success=21 t_flicker=2 t_touched=2 t_no_reach=25
Ep 26950 | score   -6.54 | avg100   25.51 | grasp100  21.0% | best 0.935 |     27 st/s
    done(50): t_touched=1 t_no_reach=49
Ep 27000 | score   31.40 | avg100    1.07 | grasp100   8.0% | best 0.935 |     27 st/s
    done(50): success=8 t_flicker=8 t_touched=5 t_no_reach=29
Ep 27050 | score  185.03 | avg100   50.93 | grasp100  25.0% | best 0.935 |     27 st/s
    done(50): success=17 t_flicker=13 t_touched=8 t_no_reach=12
Ep 27100 | score  109.06 | avg100   88.84 | grasp100  39.0% | best 0.935 |     27 st/s
    done(50): success=22 t_flicker=15 t_touched=9 t_no_reach=4
Ep 27150 | score   50.61 | avg100  121.21 | grasp100  57.0% | best 0.935 |     27 st/s
    done(50): success=35 t_flicker=6 t_touched=8 t_no_reach=1
Ep 27200 | score   71.12 | avg100  137.89 | grasp100  66.0% | best 0.935 |     27 st/s
    done(50): success=31 t_flicker=16 t_touched=1 t_no_reach=2
Ep 27250 | score   67.86 | avg100  139.00 | grasp100  66.0% | best 0.935 |     27 st/s
    done(50): success=35 t_flicker=13 t_no_reach=2
Ep 27300 | score  202.41 | avg100  156.09 | grasp100  77.0% | best 0.935 |     27 st/s
    done(50): success=42 t_flicker=4 t_touched=2 t_no_reach=2
Ep 27350 | score  183.24 | avg100  173.64 | grasp100  88.0% | best 0.935 |     27 st/s
    done(50): success=46 t_flicker=4
Ep 27400 | score  203.47 | avg100  171.97 | grasp100  88.0% | best 0.935 |     27 st/s
    done(50): success=42 t_flicker=4 t_touched=1 t_no_reach=3
Ep 27450 | score  153.69 | avg100  168.65 | grasp100  86.0% | best 0.935 |     27 st/s
    done(50): success=44 t_flicker=4 t_touched=1 t_no_reach=1
Ep 27500 | score  201.63 | avg100  171.64 | grasp100  87.0% | best 0.935 |     27 st/s
    done(50): success=43 t_flicker=4 t_touched=2 t_no_reach=1
Ep 27550 | score  184.58 | avg100  176.82 | grasp100  91.0% | best 0.935 |     27 st/s
    done(50): success=48 t_flicker=1 t_touched=1
Ep 27600 | score  211.35 | avg100  177.73 | grasp100  92.0% | best 0.935 |     27 st/s
    done(50): success=44 t_flicker=5 t_touched=1
Ep 27650 | score   27.13 | avg100  174.51 | grasp100  90.0% | best 0.935 |     27 st/s
    done(50): success=46 t_flicker=4
Ep 27700 | score  136.09 | avg100  182.75 | grasp100  95.0% | best 0.935 |     27 st/s
    done(50): success=49 t_flicker=1
Ep 27750 | score  186.83 | avg100  179.33 | grasp100  91.0% | best 0.935 |     27 st/s
    done(50): success=42 t_flicker=6 t_no_reach=2
Ep 27800 | score  202.85 | avg100  175.58 | grasp100  87.0% | best 0.935 |     27 st/s
    done(50): success=45 t_flicker=3 t_touched=2
Ep 27850 | score  205.18 | avg100  178.85 | grasp100  89.0% | best 0.935 |     27 st/s
    done(50): success=44 t_flicker=6
Ep 27900 | score  184.83 | avg100  180.30 | grasp100  90.0% | best 0.935 |     27 st/s
    done(50): success=46 t_flicker=4
Ep 27950 | score  195.62 | avg100  184.24 | grasp100  92.0% | best 0.935 |     27 st/s
    done(50): success=46 t_flicker=4
Ep 28000 | score  198.58 | avg100  186.85 | grasp100  94.0% | best 0.935 |     27 st/s
    done(50): success=48 t_flicker=2
Ep 28050 | score   60.52 | avg100  187.09 | grasp100  95.0% | best 0.935 |     27 st/s
    done(50): success=47 t_flicker=3
Ep 28100 | score  204.69 | avg100  183.73 | grasp100  94.0% | best 0.935 |     27 st/s
    done(50): success=47 t_flicker=3
Ep 28105 | * BEST  level200=2.00 grasp200= 95.0% metric=0.950 | score  198.96
Ep 28150 | score  189.65 | avg100  178.53 | grasp100  93.0% | best 0.950 |     27 st/s
    done(50): success=46 t_flicker=2 t_touched=1 t_no_reach=1
Ep 28200 | score  220.15 | avg100  180.69 | grasp100  94.0% | best 0.950 |     27 st/s
    done(50): success=48 t_flicker=2
Ep 28250 | score   -9.94 | avg100  182.54 | grasp100  94.0% | best 0.950 |     27 st/s
    done(50): success=46 t_flicker=3 t_no_reach=1
Ep 28300 | score  205.90 | avg100  178.22 | grasp100  91.0% | best 0.950 |     27 st/s
    done(50): success=45 t_flicker=5
Ep 28350 | score  200.48 | avg100  180.66 | grasp100  92.0% | best 0.950 |     27 st/s
    done(50): success=47 t_flicker=3
Ep 28400 | score  179.98 | avg100  179.60 | grasp100  92.0% | best 0.950 |     27 st/s
    done(50): success=45 t_flicker=5
Ep 28450 | score  192.74 | avg100  180.84 | grasp100  92.0% | best 0.950 |     27 st/s
    done(50): success=47 t_flicker=1 t_touched=1 t_no_reach=1
Ep 28500 | score  178.74 | avg100  190.16 | grasp100  97.0% | best 0.950 |     27 st/s
    done(50): success=50
Ep 28550 | score  176.50 | avg100  189.68 | grasp100  97.0% | best 0.950 |     27 st/s
    done(50): success=47 t_flicker=3
Ep 28600 | score  193.27 | avg100  182.54 | grasp100  94.0% | best 0.950 |     27 st/s
    done(50): success=47 t_flicker=3
Ep 28650 | score  158.99 | avg100  177.53 | grasp100  93.0% | best 0.950 |     27 st/s
    done(50): success=46 t_flicker=2 t_no_reach=2
  [primacy-bias reset of critic heads @ 425000 updates]
Ep 28700 | score  -27.12 | avg100  128.03 | grasp100  69.0% | best 0.950 |     27 st/s
    done(50): success=23 t_flicker=1 t_no_reach=26
Ep 28750 | score  -27.13 | avg100   27.20 | grasp100  23.0% | best 0.950 |     27 st/s
    done(50): t_touched=1 t_no_reach=49
Ep 28800 | score   -0.59 | avg100  -15.57 | grasp100   2.0% | best 0.950 |     27 st/s
    done(50): success=2 t_flicker=5 t_touched=5 t_no_reach=38
Ep 28850 | score   15.50 | avg100   36.85 | grasp100  20.0% | best 0.950 |     27 st/s
    done(50): success=18 t_flicker=12 t_touched=11 t_no_reach=9
Ep 28900 | score   -6.44 | avg100   99.81 | grasp100  46.0% | best 0.950 |     27 st/s
    done(50): success=28 t_flicker=10 t_touched=8 t_no_reach=4
Ep 28950 | score   15.74 | avg100  129.36 | grasp100  61.0% | best 0.950 |     27 st/s
    done(50): success=33 t_flicker=10 t_touched=5 t_no_reach=2
Ep 29000 | score    3.89 | avg100  136.52 | grasp100  66.0% | best 0.950 |     27 st/s
    done(50): success=33 t_flicker=10 t_touched=3 t_no_reach=4
Ep 29050 | score  202.67 | avg100  151.88 | grasp100  75.0% | best 0.950 |     27 st/s
    done(50): success=42 t_flicker=6 t_touched=2
Ep 29100 | score   61.33 | avg100  166.21 | grasp100  81.0% | best 0.950 |     27 st/s
    done(50): success=39 t_flicker=8 t_touched=2 t_no_reach=1
Ep 29150 | score  201.13 | avg100  166.05 | grasp100  82.0% | best 0.950 |     27 st/s
    done(50): success=43 t_flicker=3 t_touched=3 t_no_reach=1
Ep 29200 | score  193.19 | avg100  163.62 | grasp100  81.0% | best 0.950 |     27 st/s
    done(50): success=38 t_flicker=11 t_no_reach=1
Ep 29250 | score   57.15 | avg100  171.06 | grasp100  85.0% | best 0.950 |     27 st/s
    done(50): success=47 t_flicker=3
Ep 29300 | score  192.49 | avg100  186.04 | grasp100  97.0% | best 0.950 |     27 st/s
    done(50): success=50
Ep 29350 | score  186.59 | avg100  181.75 | grasp100  94.0% | best 0.950 |     27 st/s
    done(50): success=44 t_flicker=6
Ep 29400 | score  182.87 | avg100  176.22 | grasp100  89.0% | best 0.950 |     27 st/s
    done(50): success=45 t_flicker=4 t_no_reach=1
Ep 29450 | score  201.93 | avg100  177.18 | grasp100  89.0% | best 0.950 |     27 st/s
    done(50): success=44 t_flicker=2 t_touched=4
Ep 29500 | score   21.31 | avg100  174.58 | grasp100  89.0% | best 0.950 |     27 st/s
    done(50): success=45 t_flicker=4 t_touched=1
Ep 29550 | score  183.49 | avg100  174.11 | grasp100  89.0% | best 0.950 |     27 st/s
    done(50): success=44 t_flicker=6
Ep 29600 | score  168.17 | avg100  177.77 | grasp100  90.0% | best 0.950 |     27 st/s
    done(50): success=46 t_flicker=3 t_touched=1
Ep 29650 | score  173.73 | avg100  179.49 | grasp100  90.0% | best 0.950 |     27 st/s
    done(50): success=44 t_flicker=6
Ep 29700 | score  196.93 | avg100  181.81 | grasp100  92.0% | best 0.950 |     27 st/s
    done(50): success=48 t_flicker=1 t_touched=1
Ep 29750 | score  213.97 | avg100  182.58 | grasp100  93.0% | best 0.950 |     27 st/s
    done(50): success=45 t_flicker=1 t_touched=2 t_no_reach=2
Ep 29800 | score  207.66 | avg100  178.14 | grasp100  89.0% | best 0.950 |     27 st/s
    done(50): success=44 t_flicker=4 t_touched=1 t_no_reach=1
Ep 29850 | score  198.72 | avg100  179.29 | grasp100  90.0% | best 0.950 |     27 st/s
    done(50): success=46 t_flicker=3 t_touched=1
Ep 29900 | score  194.95 | avg100  180.10 | grasp100  90.0% | best 0.950 |     27 st/s
    done(50): success=44 t_flicker=3 t_touched=2 t_no_reach=1
Ep 29950 | score  187.38 | avg100  178.59 | grasp100  90.0% | best 0.950 |     27 st/s
    done(50): success=46 t_flicker=2 t_touched=2
Ep 30000 | score  194.16 | avg100  184.75 | grasp100  94.0% | best 0.950 |     27 st/s
    done(50): success=48 t_flicker=2
Ep 30050 | score   54.50 | avg100  179.76 | grasp100  90.0% | best 0.950 |     27 st/s
    done(50): success=42 t_flicker=5 t_no_reach=3
Ep 30100 | score  215.68 | avg100  176.55 | grasp100  88.0% | best 0.950 |     27 st/s
    done(50): success=46 t_flicker=2 t_no_reach=2
Ep 30150 | score  196.02 | avg100  178.63 | grasp100  90.0% | best 0.950 |     27 st/s
    done(50): success=44 t_flicker=3 t_touched=2 t_no_reach=1
Ep 30200 | score  223.42 | avg100  173.08 | grasp100  87.0% | best 0.950 |     27 st/s
    done(50): success=43 t_flicker=3 t_touched=2 t_no_reach=2
Ep 30250 | score  201.10 | avg100  179.45 | grasp100  90.0% | best 0.950 |     27 st/s
    done(50): success=47 t_flicker=3
Ep 30300 | score  175.29 | avg100  184.07 | grasp100  93.0% | best 0.950 |     27 st/s
    done(50): success=46 t_flicker=2 t_touched=1 t_no_reach=1
Ep 30350 | score  203.79 | avg100  184.86 | grasp100  95.0% | best 0.950 |     27 st/s
    done(50): success=49 t_flicker=1
Ep 30400 | score  204.29 | avg100  185.21 | grasp100  96.0% | best 0.950 |     27 st/s
    done(50): success=47 t_flicker=1 t_touched=1 t_no_reach=1
  [primacy-bias reset of critic heads @ 450000 updates]
Ep 30450 | score   14.41 | avg100  166.01 | grasp100  85.0% | best 0.950 |     27 st/s
    done(50): success=38 t_flicker=4 t_touched=4 t_no_reach=4
Ep 30500 | score  181.62 | avg100  102.15 | grasp100  53.0% | best 0.950 |     27 st/s
    done(50): success=15 t_flicker=7 t_touched=4 t_no_reach=24
Ep 30550 | score   44.88 | avg100   61.18 | grasp100  33.0% | best 0.950 |     27 st/s
    done(50): success=18 t_flicker=4 t_touched=4 t_no_reach=24
Ep 30600 | score  197.98 | avg100   78.73 | grasp100  40.0% | best 0.950 |     27 st/s
    done(50): success=22 t_flicker=12 t_touched=8 t_no_reach=8
Ep 30650 | score    6.07 | avg100   98.20 | grasp100  47.0% | best 0.950 |     27 st/s
    done(50): success=25 t_flicker=9 t_touched=12 t_no_reach=4
Ep 30700 | score   67.97 | avg100  112.36 | grasp100  52.0% | best 0.950 |     27 st/s
    done(50): success=27 t_flicker=12 t_touched=6 t_no_reach=5
Ep 30750 | score  156.98 | avg100  131.03 | grasp100  63.0% | best 0.950 |     27 st/s
    done(50): success=36 t_flicker=7 t_touched=4 t_no_reach=3
Ep 30800 | score  204.80 | avg100  143.90 | grasp100  71.0% | best 0.950 |     27 st/s
    done(50): success=35 t_flicker=12 t_touched=3
Ep 30850 | score  186.03 | avg100  150.55 | grasp100  74.0% | best 0.950 |     27 st/s
    done(50): success=39 t_flicker=9 t_touched=2
Ep 30900 | score  178.26 | avg100  160.74 | grasp100  80.0% | best 0.950 |     27 st/s
    done(50): success=41 t_flicker=7 t_no_reach=2
Ep 30950 | score  200.02 | avg100  161.73 | grasp100  81.0% | best 0.950 |     27 st/s
    done(50): success=40 t_flicker=8 t_touched=2
Ep 31000 | score  222.44 | avg100  166.09 | grasp100  82.0% | best 0.950 |     27 st/s
    done(50): success=42 t_flicker=8
Ep 31050 | score  182.49 | avg100  176.55 | grasp100  88.0% | best 0.950 |     27 st/s
    done(50): success=46 t_flicker=4
Ep 31100 | score  207.33 | avg100  170.97 | grasp100  86.0% | best 0.950 |     27 st/s
    done(50): success=40 t_flicker=7 t_touched=3
Ep 31150 | score  196.27 | avg100  168.74 | grasp100  84.0% | best 0.950 |     27 st/s
    done(50): success=44 t_flicker=4 t_touched=1 t_no_reach=1
Ep 31200 | score  200.76 | avg100  180.23 | grasp100  91.0% | best 0.950 |     27 st/s
    done(50): success=47 t_flicker=2 t_touched=1
Ep 31250 | score  193.64 | avg100  187.09 | grasp100  96.0% | best 0.950 |     27 st/s
    done(50): success=49 t_flicker=1
Ep 31300 | score  203.13 | avg100  189.15 | grasp100  98.0% | best 0.950 |     27 st/s
    done(50): success=49 t_flicker=1
Ep 31350 | score   48.01 | avg100  184.31 | grasp100  95.0% | best 0.950 |     27 st/s
    done(50): success=46 t_flicker=3 t_no_reach=1
Ep 31400 | score  200.43 | avg100  183.94 | grasp100  93.0% | best 0.950 |     27 st/s
    done(50): success=47 t_flicker=3
Ep 31450 | score  169.34 | avg100  184.43 | grasp100  92.0% | best 0.950 |     27 st/s
    done(50): success=45 t_flicker=3 t_touched=1 t_no_reach=1
Ep 31500 | score  192.14 | avg100  175.65 | grasp100  87.0% | best 0.950 |     27 st/s
    done(50): success=42 t_flicker=6 t_touched=1 t_no_reach=1
Ep 31550 | score  201.72 | avg100  178.69 | grasp100  91.0% | best 0.950 |     27 st/s
    done(50): success=49 t_flicker=1
Ep 31600 | score  194.25 | avg100  184.25 | grasp100  94.0% | best 0.950 |     27 st/s
    done(50): success=45 t_flicker=5
Ep 31650 | score  191.10 | avg100  185.04 | grasp100  94.0% | best 0.950 |     27 st/s
    done(50): success=49 t_no_reach=1
Ep 31700 | score  180.88 | avg100  189.02 | grasp100  98.0% | best 0.950 |     27 st/s
    done(50): success=49 t_touched=1
Ep 31750 | score  179.54 | avg100  187.18 | grasp100  96.0% | best 0.950 |     27 st/s
    done(50): success=47 t_flicker=2 t_touched=1
Ep 31800 | score  213.72 | avg100  183.87 | grasp100  93.0% | best 0.950 |     27 st/s
    done(50): success=46 t_flicker=3 t_no_reach=1
Ep 31850 | score  198.65 | avg100  180.02 | grasp100  91.0% | best 0.950 |     27 st/s
    done(50): success=45 t_flicker=2 t_touched=1 t_no_reach=2
Ep 31900 | score  171.69 | avg100  175.99 | grasp100  90.0% | best 0.950 |     27 st/s
    done(50): success=45 t_flicker=3 t_no_reach=2
Ep 31950 | score  173.36 | avg100  180.54 | grasp100  92.0% | best 0.950 |     27 st/s
    done(50): success=47 t_flicker=3
Ep 32000 | score  191.70 | avg100  188.76 | grasp100  95.0% | best 0.950 |     27 st/s
    done(50): success=48 t_flicker=1 t_no_reach=1
Ep 32050 | score  191.86 | avg100  186.41 | grasp100  95.0% | best 0.950 |     27 st/s
    done(50): success=47 t_flicker=2 t_no_reach=1
Ep 32100 | score  161.31 | avg100  180.32 | grasp100  92.0% | best 0.950 |     27 st/s
    done(50): success=45 t_flicker=4 t_touched=1
Ep 32150 | score  187.04 | avg100  183.98 | grasp100  94.0% | best 0.950 |     27 st/s
    done(50): success=49 t_flicker=1
Ep 32200 | score  202.65 | avg100  189.91 | grasp100  98.0% | best 0.950 |     27 st/s
    done(50): success=49 t_flicker=1
Ep 32237 | * BEST  level200=2.00 grasp200= 96.5% metric=0.965 | score  190.22
Ep 32250 | score  195.69 | avg100  187.82 | grasp100  97.0% | best 0.965 |     27 st/s
    done(50): success=48 t_flicker=2
Ep 32300 | score  177.66 | avg100  183.42 | grasp100  95.0% | best 0.965 |     27 st/s
    done(50): success=47 t_flicker=2 t_no_reach=1
  [primacy-bias reset of critic heads @ 475000 updates]
Ep 32350 | score  -15.78 | avg100  117.76 | grasp100  62.0% | best 0.965 |     27 st/s
    done(50): success=15 t_flicker=8 t_touched=1 t_no_reach=26
Ep 32400 | score   12.70 | avg100   41.32 | grasp100  25.0% | best 0.965 |     27 st/s
    done(50): success=10 t_flicker=3 t_touched=7 t_no_reach=30
Ep 32450 | score  174.20 | avg100   44.92 | grasp100  25.0% | best 0.965 |     27 st/s
    done(50): success=15 t_flicker=9 t_touched=5 t_no_reach=21
Ep 32500 | score  169.83 | avg100   80.05 | grasp100  39.0% | best 0.965 |     27 st/s
    done(50): success=24 t_flicker=13 t_touched=8 t_no_reach=5
Ep 32550 | score  145.21 | avg100  104.50 | grasp100  50.0% | best 0.965 |     27 st/s
    done(50): success=26 t_flicker=12 t_touched=6 t_no_reach=6
Ep 32600 | score   57.11 | avg100  121.81 | grasp100  58.0% | best 0.965 |     27 st/s
    done(50): success=32 t_flicker=11 t_touched=4 t_no_reach=3
Ep 32650 | score  242.36 | avg100  144.11 | grasp100  69.0% | best 0.965 |     27 st/s
    done(50): success=37 t_flicker=11 t_no_reach=2
Ep 32700 | score  175.72 | avg100  163.17 | grasp100  80.0% | best 0.965 |     27 st/s
    done(50): success=43 t_flicker=6 t_touched=1
Ep 32750 | score  192.96 | avg100  166.13 | grasp100  82.0% | best 0.965 |     27 st/s
    done(50): success=39 t_flicker=9 t_touched=1 t_no_reach=1
Ep 32800 | score  203.74 | avg100  157.93 | grasp100  78.0% | best 0.965 |     27 st/s
    done(50): success=39 t_flicker=9 t_touched=2
Ep 32850 | score   16.09 | avg100  163.71 | grasp100  82.0% | best 0.965 |     27 st/s
    done(50): success=43 t_flicker=6 t_touched=1
Ep 32900 | score  110.02 | avg100  176.71 | grasp100  89.0% | best 0.965 |     27 st/s
    done(50): success=46 t_flicker=4
Ep 32950 | score  201.24 | avg100  172.30 | grasp100  85.0% | best 0.965 |     27 st/s
    done(50): success=39 t_flicker=9 t_touched=1 t_no_reach=1
Ep 33000 | score  196.16 | avg100  175.45 | grasp100  87.0% | best 0.965 |     27 st/s
    done(50): success=48 t_flicker=1 t_touched=1
Ep 33050 | score  201.60 | avg100  182.48 | grasp100  94.0% | best 0.965 |     27 st/s
    done(50): success=46 t_flicker=2 t_touched=2
Ep 33100 | score  179.63 | avg100  183.97 | grasp100  94.0% | best 0.965 |     27 st/s
    done(50): success=48 t_flicker=2
Ep 33150 | score  208.49 | avg100  187.15 | grasp100  95.0% | best 0.965 |     27 st/s
    done(50): success=47 t_flicker=2 t_no_reach=1
Ep 33200 | score  205.39 | avg100  183.01 | grasp100  92.0% | best 0.965 |     27 st/s
    done(50): success=45 t_flicker=5
Ep 33250 | score  235.62 | avg100  184.06 | grasp100  91.0% | best 0.965 |     27 st/s
    done(50): success=46 t_flicker=3 t_touched=1
Ep 33300 | score  204.22 | avg100  183.99 | grasp100  92.0% | best 0.965 |     27 st/s
    done(50): success=46 t_flicker=4
Ep 33350 | score  194.77 | avg100  187.45 | grasp100  96.0% | best 0.965 |     27 st/s
    done(50): success=50
Ep 33400 | score  184.90 | avg100  190.21 | grasp100  98.0% | best 0.965 |     27 st/s
    done(50): success=48 t_flicker=1 t_touched=1
Ep 33450 | score  174.72 | avg100  191.25 | grasp100  98.0% | best 0.965 |     27 st/s
    done(50): success=50
Ep 33461 | * BEST  level200=2.00 grasp200= 98.0% metric=0.980 | score  234.16
Ep 33500 | score  170.85 | avg100  194.97 | grasp100 100.0% | best 0.980 |     27 st/s
    done(50): success=50
Ep 33550 | score  184.10 | avg100  191.15 | grasp100  98.0% | best 0.980 |     27 st/s
    done(50): success=48 t_flicker=1 t_no_reach=1
Ep 33600 | score    0.13 | avg100  183.91 | grasp100  94.0% | best 0.980 |     27 st/s
    done(50): success=46 t_flicker=3 t_no_reach=1
Ep 33650 | score  203.98 | avg100  177.18 | grasp100  90.0% | best 0.980 |     27 st/s
    done(50): success=44 t_flicker=3 t_touched=2 t_no_reach=1
Ep 33700 | score  204.09 | avg100  176.73 | grasp100  90.0% | best 0.980 |     27 st/s
    done(50): success=46 t_touched=1 t_no_reach=3
Ep 33750 | score  169.30 | avg100  182.43 | grasp100  93.0% | best 0.980 |     27 st/s
    done(50): success=47 t_flicker=2 t_no_reach=1
Ep 33800 | score  197.50 | avg100  182.64 | grasp100  93.0% | best 0.980 |     27 st/s
    done(50): success=46 t_flicker=3 t_touched=1
Ep 33850 | score  196.34 | avg100  184.34 | grasp100  94.0% | best 0.980 |     27 st/s
    done(50): success=48 t_flicker=1 t_touched=1
Ep 33900 | score  194.59 | avg100  189.22 | grasp100  97.0% | best 0.980 |     27 st/s
    done(50): success=49 t_flicker=1
Ep 33950 | score  202.62 | avg100  187.01 | grasp100  96.0% | best 0.980 |     27 st/s
    done(50): success=47 t_flicker=1 t_no_reach=2
Ep 34000 | score  210.35 | avg100  183.14 | grasp100  94.0% | best 0.980 |     27 st/s
    done(50): success=47 t_flicker=3
Ep 34050 | score  158.40 | avg100  178.22 | grasp100  92.0% | best 0.980 |     27 st/s
    done(50): success=45 t_flicker=3 t_touched=2
Ep 34100 | score  186.37 | avg100  178.64 | grasp100  93.0% | best 0.980 |     27 st/s
    done(50): success=48 t_flicker=2
  [primacy-bias reset of critic heads @ 500000 updates]
Ep 34150 | score  -18.83 | avg100  165.78 | grasp100  87.0% | best 0.980 |     27 st/s
    done(50): success=39 t_flicker=2 t_no_reach=9
Ep 34200 | score  -21.16 | avg100   66.35 | grasp100  40.0% | best 0.980 |     27 st/s
    done(50): success=1 t_flicker=1 t_touched=1 t_no_reach=47
Ep 34250 | score   -3.58 | avg100   -1.21 | grasp100   7.0% | best 0.980 |     27 st/s
    done(50): success=6 t_flicker=6 t_touched=7 t_no_reach=31
Ep 34300 | score  -21.30 | avg100   33.22 | grasp100  18.0% | best 0.980 |     27 st/s
    done(50): success=12 t_flicker=16 t_touched=6 t_no_reach=16
Ep 34350 | score  200.90 | avg100   73.35 | grasp100  35.0% | best 0.980 |     27 st/s
    done(50): success=23 t_flicker=9 t_touched=2 t_no_reach=16
Ep 34400 | score  156.86 | avg100  112.39 | grasp100  57.0% | best 0.980 |     27 st/s
    done(50): success=34 t_flicker=10 t_touched=3 t_no_reach=3
Ep 34450 | score  199.75 | avg100  129.88 | grasp100  64.0% | best 0.980 |     27 st/s
    done(50): success=30 t_flicker=14 t_touched=5 t_no_reach=1
Ep 34500 | score  154.53 | avg100  141.38 | grasp100  69.0% | best 0.980 |     27 st/s
    done(50): success=39 t_flicker=7 t_touched=1 t_no_reach=3
Ep 34550 | score  195.23 | avg100  164.52 | grasp100  84.0% | best 0.980 |     27 st/s
    done(50): success=45 t_flicker=4 t_touched=1
Ep 34600 | score   20.39 | avg100  164.00 | grasp100  82.0% | best 0.980 |     27 st/s
    done(50): success=37 t_flicker=10 t_touched=1 t_no_reach=2
Ep 34650 | score  181.57 | avg100  167.83 | grasp100  83.0% | best 0.980 |     27 st/s
    done(50): success=46 t_flicker=3 t_touched=1
Ep 34700 | score  193.09 | avg100  169.08 | grasp100  85.0% | best 0.980 |     27 st/s
    done(50): success=39 t_flicker=8 t_touched=2 t_no_reach=1
Ep 34750 | score  190.43 | avg100  167.92 | grasp100  85.0% | best 0.980 |     27 st/s
    done(50): success=46 t_flicker=4
Ep 34800 | score  173.94 | avg100  180.97 | grasp100  93.0% | best 0.980 |     27 st/s
    done(50): success=47 t_flicker=2 t_no_reach=1
Ep 34850 | score  203.64 | avg100  185.60 | grasp100  96.0% | best 0.980 |     27 st/s
    done(50): success=49 t_flicker=1
Ep 34900 | score  184.14 | avg100  185.47 | grasp100  96.0% | best 0.980 |     27 st/s
    done(50): success=47 t_flicker=1 t_touched=2
Ep 34950 | score  225.63 | avg100  181.59 | grasp100  92.0% | best 0.980 |     27 st/s
    done(50): success=45 t_flicker=5
Ep 35000 | score  170.63 | avg100  186.03 | grasp100  94.0% | best 0.980 |     27 st/s
    done(50): success=49 t_flicker=1
Ep 35050 | score  200.22 | avg100  190.90 | grasp100  97.0% | best 0.980 |     27 st/s
    done(50): success=48 t_flicker=2
Ep 35100 | score  201.03 | avg100  191.03 | grasp100  96.0% | best 0.980 |     27 st/s
    done(50): success=48 t_flicker=2
Ep 35150 | score  203.42 | avg100  191.86 | grasp100  96.0% | best 0.980 |     27 st/s
    done(50): success=48 t_flicker=2
Ep 35200 | score  193.78 | avg100  191.24 | grasp100  97.0% | best 0.980 |     27 st/s
    done(50): success=49 t_touched=1
Ep 35250 | score  200.77 | avg100  177.46 | grasp100  91.0% | best 0.980 |     27 st/s
    done(50): success=42 t_flicker=3 t_touched=4 t_no_reach=1
Ep 35300 | score  214.74 | avg100  174.06 | grasp100  89.0% | best 0.980 |     27 st/s
    done(50): success=47 t_flicker=3
Ep 35350 | score  206.50 | avg100  189.05 | grasp100  97.0% | best 0.980 |     27 st/s
    done(50): success=50
Ep 35400 | score  192.49 | avg100  191.14 | grasp100  99.0% | best 0.980 |     27 st/s
    done(50): success=49 t_no_reach=1
Ep 35450 | score   42.88 | avg100  186.02 | grasp100  97.0% | best 0.980 |     27 st/s
    done(50): success=48 t_flicker=2
Ep 35500 | score  198.54 | avg100  183.72 | grasp100  94.0% | best 0.980 |     27 st/s
    done(50): success=46 t_flicker=4
Ep 35550 | score  185.98 | avg100  188.33 | grasp100  96.0% | best 0.980 |     27 st/s
    done(50): success=50
Ep 35600 | score  193.11 | avg100  190.62 | grasp100  99.0% | best 0.980 |     27 st/s
    done(50): success=49 t_no_reach=1
Ep 35650 | score  189.58 | avg100  186.57 | grasp100  96.0% | best 0.980 |     27 st/s
    done(50): success=47 t_flicker=1 t_touched=1 t_no_reach=1
Ep 35700 | score  186.60 | avg100  183.12 | grasp100  93.0% | best 0.980 |     27 st/s
    done(50): success=46 t_flicker=2 t_touched=1 t_no_reach=1
Ep 35750 | score  201.59 | avg100  177.59 | grasp100  92.0% | best 0.980 |     27 st/s
    done(50): success=46 t_flicker=2 t_touched=1 t_no_reach=1
Ep 35800 | score  187.18 | avg100  180.66 | grasp100  94.0% | best 0.980 |     27 st/s
    done(50): success=48 t_flicker=2
Ep 35850 | score  204.44 | avg100  189.23 | grasp100  96.0% | best 0.980 |     27 st/s
    done(50): success=48 t_flicker=2
Ep 35900 | score  183.92 | avg100  187.24 | grasp100  94.0% | best 0.980 |     27 st/s
    done(50): success=46 t_flicker=4
Ep 35950 | score  202.06 | avg100  190.23 | grasp100  96.0% | best 0.980 |     27 st/s
    done(50): success=50
  [primacy-bias reset of critic heads @ 525000 updates]
Ep 36000 | score  -27.60 | avg100  148.08 | grasp100  77.0% | best 0.980 |     27 st/s
    done(50): success=27 t_flicker=2 t_no_reach=21
Ep 36050 | score   15.54 | avg100   40.97 | grasp100  27.0% | best 0.980 |     27 st/s
    done(50): t_flicker=7 t_touched=3 t_no_reach=40
Ep 36100 | score  184.64 | avg100   -5.84 | grasp100   3.0% | best 0.980 |     27 st/s
    done(50): success=3 t_flicker=5 t_touched=11 t_no_reach=31
Ep 36150 | score    0.68 | avg100   41.94 | grasp100  22.0% | best 0.980 |     27 st/s
    done(50): success=19 t_flicker=12 t_touched=12 t_no_reach=7
Ep 36200 | score  192.57 | avg100   92.84 | grasp100  46.0% | best 0.980 |     27 st/s
    done(50): success=27 t_flicker=8 t_touched=9 t_no_reach=6
Ep 36250 | score  199.84 | avg100  125.90 | grasp100  62.0% | best 0.980 |     27 st/s
    done(50): success=35 t_flicker=9 t_touched=3 t_no_reach=3
Ep 36300 | score  195.08 | avg100  154.32 | grasp100  75.0% | best 0.980 |     27 st/s
    done(50): success=40 t_flicker=9 t_no_reach=1
Ep 36350 | score  184.35 | avg100  158.06 | grasp100  78.0% | best 0.980 |     27 st/s
    done(50): success=38 t_flicker=7 t_touched=2 t_no_reach=3
Ep 36400 | score  183.00 | avg100  158.84 | grasp100  81.0% | best 0.980 |     27 st/s
    done(50): success=43 t_flicker=3 t_touched=1 t_no_reach=3
Ep 36450 | score  201.81 | avg100  165.61 | grasp100  86.0% | best 0.980 |     27 st/s
    done(50): success=43 t_flicker=5 t_no_reach=2
Ep 36500 | score  193.14 | avg100  167.54 | grasp100  86.0% | best 0.980 |     27 st/s
    done(50): success=43 t_flicker=6 t_no_reach=1
Ep 36550 | score  203.39 | avg100  174.18 | grasp100  89.0% | best 0.980 |     27 st/s
    done(50): success=46 t_flicker=4
Ep 36600 | score   24.42 | avg100  175.91 | grasp100  88.0% | best 0.980 |     27 st/s
    done(50): success=42 t_flicker=6 t_touched=1 t_no_reach=1
Ep 36650 | score  174.94 | avg100  181.91 | grasp100  91.0% | best 0.980 |     27 st/s
    done(50): success=49 t_no_reach=1
Ep 36700 | score  229.91 | avg100  190.00 | grasp100  97.0% | best 0.980 |     27 st/s
    done(50): success=48 t_flicker=1 t_no_reach=1
Ep 36750 | score  201.09 | avg100  185.33 | grasp100  95.0% | best 0.980 |     27 st/s
    done(50): success=47 t_flicker=2 t_no_reach=1
Ep 36800 | score  200.42 | avg100  186.49 | grasp100  96.0% | best 0.980 |     27 st/s
    done(50): success=49 t_flicker=1
Ep 36850 | score  199.91 | avg100  186.03 | grasp100  95.0% | best 0.980 |     27 st/s
    done(50): success=46 t_flicker=2 t_touched=1 t_no_reach=1
Ep 36900 | score  191.88 | avg100  183.61 | grasp100  93.0% | best 0.980 |     27 st/s
    done(50): success=47 t_flicker=1 t_touched=1 t_no_reach=1
Ep 36950 | score  199.99 | avg100  185.89 | grasp100  94.0% | best 0.980 |     27 st/s
    done(50): success=47 t_flicker=3
Ep 37000 | score  198.19 | avg100  183.82 | grasp100  93.0% | best 0.980 |     27 st/s
    done(50): success=46 t_flicker=3 t_no_reach=1
Ep 37050 | score  225.33 | avg100  183.85 | grasp100  93.0% | best 0.980 |     27 st/s
    done(50): success=47 t_flicker=1 t_no_reach=2
Ep 37100 | score  186.83 | avg100  186.83 | grasp100  95.0% | best 0.980 |     27 st/s
    done(50): success=48 t_flicker=2
Ep 37150 | score  220.40 | avg100  186.23 | grasp100  94.0% | best 0.980 |     27 st/s
    done(50): success=46 t_flicker=3 t_touched=1
Ep 37200 | score  209.71 | avg100  187.33 | grasp100  95.0% | best 0.980 |     27 st/s
    done(50): success=49 t_flicker=1
Ep 37250 | score  214.82 | avg100  184.22 | grasp100  94.0% | best 0.980 |     27 st/s
    done(50): success=45 t_flicker=4 t_no_reach=1
Ep 37300 | score  246.10 | avg100  180.90 | grasp100  92.0% | best 0.980 |     27 st/s
    done(50): success=47 t_flicker=1 t_touched=1 t_no_reach=1
Ep 37350 | score  181.01 | avg100  184.00 | grasp100  94.0% | best 0.980 |     27 st/s
    done(50): success=47 t_flicker=1 t_touched=1 t_no_reach=1
Ep 37400 | score  200.37 | avg100  184.98 | grasp100  95.0% | best 0.980 |     27 st/s
    done(50): success=48 t_flicker=1 t_touched=1
Ep 37450 | score  188.34 | avg100  189.46 | grasp100  96.0% | best 0.980 |     27 st/s
    done(50): success=48 t_flicker=2
Ep 37500 | score  200.66 | avg100  189.23 | grasp100  94.0% | best 0.980 |     27 st/s
    done(50): success=46 t_flicker=3 t_no_reach=1
Ep 37550 | score  183.70 | avg100  186.29 | grasp100  94.0% | best 0.980 |     27 st/s
    done(50): success=48 t_flicker=2
Ep 37600 | score  196.34 | avg100  185.09 | grasp100  95.0% | best 0.980 |     27 st/s
    done(50): success=47 t_flicker=2 t_no_reach=1
Ep 37650 | score  231.84 | avg100  185.83 | grasp100  94.0% | best 0.980 |     27 st/s
    done(50): success=47 t_flicker=3
Ep 37700 | score  196.26 | avg100  191.06 | grasp100  97.0% | best 0.980 |     27 st/s
    done(50): success=50
Ep 37750 | score  203.30 | avg100  193.92 | grasp100 100.0% | best 0.980 |     27 st/s
    done(50): success=50
Ep 37800 | score  220.18 | avg100  193.45 | grasp100  99.0% | best 0.980 |     27 st/s
    done(50): success=49 t_no_reach=1
  [primacy-bias reset of critic heads @ 550000 updates]
Ep 37850 | score  177.58 | avg100  163.14 | grasp100  82.0% | best 0.980 |     27 st/s
    done(50): success=33 t_flicker=7 t_touched=2 t_no_reach=8
Ep 37900 | score  -27.20 | avg100   56.96 | grasp100  34.0% | best 0.980 |     27 st/s
    done(50): success=1 t_no_reach=49
Ep 37950 | score  191.90 | avg100   11.31 | grasp100  16.0% | best 0.980 |     27 st/s
    done(50): success=15 t_flicker=3 t_touched=3 t_no_reach=29
Ep 38000 | score  198.70 | avg100   66.02 | grasp100  37.0% | best 0.980 |     27 st/s
    done(50): success=22 t_flicker=8 t_touched=14 t_no_reach=6
Ep 38050 | score  212.84 | avg100  106.70 | grasp100  51.0% | best 0.980 |     27 st/s
    done(50): success=29 t_flicker=14 t_touched=3 t_no_reach=4
Ep 38100 | score  201.22 | avg100  132.42 | grasp100  63.0% | best 0.980 |     27 st/s
    done(50): success=34 t_flicker=11 t_no_reach=5
Ep 38150 | score  204.35 | avg100  151.54 | grasp100  74.0% | best 0.980 |     27 st/s
    done(50): success=40 t_flicker=7 t_touched=1 t_no_reach=2
Ep 38200 | score   97.52 | avg100  169.33 | grasp100  84.0% | best 0.980 |     27 st/s
    done(50): success=44 t_flicker=5 t_touched=1
Ep 38250 | score  207.73 | avg100  169.71 | grasp100  82.0% | best 0.980 |     27 st/s
    done(50): success=38 t_flicker=11 t_no_reach=1
Ep 38300 | score  195.66 | avg100  166.52 | grasp100  80.0% | best 0.980 |     27 st/s
    done(50): success=42 t_flicker=6 t_touched=1 t_no_reach=1
Ep 38350 | score  202.65 | avg100  172.53 | grasp100  85.0% | best 0.980 |     27 st/s
    done(50): success=43 t_flicker=6 t_touched=1
Ep 38400 | score  174.06 | avg100  177.96 | grasp100  89.0% | best 0.980 |     27 st/s
    done(50): success=46 t_flicker=4
Ep 38450 | score  182.80 | avg100  177.71 | grasp100  91.0% | best 0.980 |     27 st/s
    done(50): success=45 t_flicker=3 t_touched=2
Ep 38500 | score  200.18 | avg100  180.75 | grasp100  92.0% | best 0.980 |     27 st/s
    done(50): success=47 t_flicker=3
Ep 38550 | score  201.46 | avg100  184.37 | grasp100  94.0% | best 0.980 |     27 st/s
    done(50): success=47 t_flicker=2 t_touched=1
Ep 38600 | score  176.50 | avg100  182.95 | grasp100  94.0% | best 0.980 |     27 st/s
    done(50): success=47 t_flicker=3
Ep 38650 | score  201.66 | avg100  182.44 | grasp100  93.0% | best 0.980 |     27 st/s
    done(50): success=46 t_flicker=4
Ep 38700 | score  205.89 | avg100  183.34 | grasp100  93.0% | best 0.980 |     27 st/s
    done(50): success=47 t_flicker=3
Ep 38750 | score  202.75 | avg100  187.32 | grasp100  96.0% | best 0.980 |     27 st/s
    done(50): success=49 t_flicker=1
Ep 38800 | score  198.46 | avg100  188.94 | grasp100  98.0% | best 0.980 |     27 st/s
    done(50): success=49 t_flicker=1
Ep 38850 | score  193.42 | avg100  189.55 | grasp100  98.0% | best 0.980 |     27 st/s
    done(50): success=49 t_no_reach=1
Ep 38900 | score  193.71 | avg100  186.16 | grasp100  96.0% | best 0.980 |     27 st/s
    done(50): success=47 t_flicker=2 t_no_reach=1
Ep 38950 | score  161.90 | avg100  182.95 | grasp100  93.0% | best 0.980 |     27 st/s
    done(50): success=46 t_flicker=2 t_touched=2
Ep 39000 | score  178.16 | avg100  182.64 | grasp100  92.0% | best 0.980 |     27 st/s
    done(50): success=46 t_flicker=3 t_touched=1
Ep 39050 | score  210.39 | avg100  184.36 | grasp100  94.0% | best 0.980 |     27 st/s
    done(50): success=48 t_flicker=1 t_touched=1
Ep 39100 | score  196.23 | avg100  186.60 | grasp100  95.0% | best 0.980 |     27 st/s
    done(50): success=47 t_flicker=1 t_no_reach=2
Ep 39150 | score  202.97 | avg100  188.42 | grasp100  95.0% | best 0.980 |     27 st/s
    done(50): success=48 t_no_reach=2
Ep 39200 | score  195.91 | avg100  189.21 | grasp100  96.0% | best 0.980 |     27 st/s
    done(50): success=48 t_flicker=1 t_no_reach=1
Ep 39250 | score  -11.92 | avg100  189.41 | grasp100  97.0% | best 0.980 |     27 st/s
    done(50): success=49 t_touched=1
Ep 39300 | score  192.20 | avg100  194.57 | grasp100  99.0% | best 0.980 |     27 st/s
    done(50): success=50
Ep 39350 | score  192.41 | avg100  193.59 | grasp100  99.0% | best 0.980 |     27 st/s
    done(50): success=49 t_flicker=1
Ep 39400 | score  200.53 | avg100  187.67 | grasp100  96.0% | best 0.980 |     27 st/s
    done(50): success=47 t_flicker=1 t_no_reach=2
Ep 39450 | score  204.20 | avg100  192.00 | grasp100  97.0% | best 0.980 |     27 st/s
    done(50): success=50
Ep 39500 | score  198.78 | avg100  192.89 | grasp100  98.0% | best 0.980 |     27 st/s
    done(50): success=48 t_flicker=1 t_no_reach=1
Ep 39550 | score  187.14 | avg100  188.53 | grasp100  97.0% | best 0.980 |     27 st/s
    done(50): success=49 t_no_reach=1
Ep 39600 | score  178.92 | avg100  190.56 | grasp100  98.0% | best 0.980 |     27 st/s
    done(50): success=49 t_flicker=1
Ep 39650 | score  179.04 | avg100  193.17 | grasp100  99.0% | best 0.980 |     27 st/s
    done(50): success=50
  [primacy-bias reset of critic heads @ 575000 updates]
Ep 39700 | score   10.30 | avg100  183.18 | grasp100  93.0% | best 0.980 |     27 st/s
    done(50): success=43 t_flicker=4 t_touched=2 t_no_reach=1
Ep 39750 | score  -21.81 | avg100   87.95 | grasp100  49.0% | best 0.980 |     27 st/s
    done(50): success=6 t_flicker=1 t_touched=1 t_no_reach=42
Ep 39800 | score   -8.16 | avg100    3.09 | grasp100  11.0% | best 0.980 |     27 st/s
    done(50): success=5 t_flicker=3 t_touched=3 t_no_reach=39
Ep 39850 | score  189.83 | avg100   34.65 | grasp100  21.0% | best 0.980 |     27 st/s
    done(50): success=16 t_flicker=13 t_touched=11 t_no_reach=10
Ep 39900 | score  203.93 | avg100   84.50 | grasp100  40.0% | best 0.980 |     27 st/s
    done(50): success=24 t_flicker=11 t_touched=9 t_no_reach=6
Ep 39950 | score    6.46 | avg100  116.97 | grasp100  56.0% | best 0.980 |     27 st/s
    done(50): success=32 t_flicker=9 t_touched=7 t_no_reach=2
Ep 40000 | score  189.21 | avg100  141.51 | grasp100  68.0% | best 0.980 |     27 st/s
    done(50): success=36 t_flicker=11 t_touched=1 t_no_reach=2
Ep 40050 | score  197.92 | avg100  158.79 | grasp100  78.0% | best 0.980 |     27 st/s
    done(50): success=42 t_flicker=6 t_touched=1 t_no_reach=1
Ep 40100 | score  201.94 | avg100  169.63 | grasp100  85.0% | best 0.980 |     27 st/s
    done(50): success=43 t_flicker=7
Ep 40150 | score  196.60 | avg100  166.25 | grasp100  84.0% | best 0.980 |     27 st/s
    done(50): success=41 t_flicker=5 t_touched=1 t_no_reach=3
Ep 40200 | score  204.98 | avg100  161.60 | grasp100  80.0% | best 0.980 |     27 st/s
    done(50): success=39 t_flicker=8 t_touched=1 t_no_reach=2
Ep 40250 | score  218.44 | avg100  166.35 | grasp100  81.0% | best 0.980 |     27 st/s
    done(50): success=42 t_flicker=4 t_touched=3 t_no_reach=1
Ep 40300 | score  203.90 | avg100  169.89 | grasp100  85.0% | best 0.980 |     27 st/s
    done(50): success=43 t_flicker=5 t_touched=2
Ep 40350 | score  212.58 | avg100  170.49 | grasp100  85.0% | best 0.980 |     27 st/s
    done(50): success=42 t_flicker=5 t_touched=3
Ep 40400 | score  194.97 | avg100  173.13 | grasp100  85.0% | best 0.980 |     27 st/s
    done(50): success=43 t_flicker=6 t_no_reach=1
Ep 40450 | score  188.86 | avg100  176.81 | grasp100  87.0% | best 0.980 |     27 st/s
    done(50): success=44 t_flicker=5 t_no_reach=1
Ep 40500 | score  205.50 | avg100  178.20 | grasp100  89.0% | best 0.980 |     27 st/s
    done(50): success=45 t_flicker=3 t_touched=1 t_no_reach=1
Ep 40550 | score  200.83 | avg100  186.59 | grasp100  95.0% | best 0.980 |     27 st/s
    done(50): success=50
Ep 40600 | score  201.23 | avg100  185.40 | grasp100  95.0% | best 0.980 |     27 st/s
    done(50): success=45 t_flicker=2 t_touched=1 t_no_reach=2
Ep 40650 | score  206.51 | avg100  180.43 | grasp100  92.0% | best 0.980 |     27 st/s
    done(50): success=47 t_flicker=3
Ep 40700 | score  189.32 | avg100  186.30 | grasp100  95.0% | best 0.980 |     27 st/s
    done(50): success=48 t_flicker=2
Ep 40750 | score   72.89 | avg100  188.78 | grasp100  97.0% | best 0.980 |     27 st/s
    done(50): success=49 t_flicker=1
Ep 40800 | score  191.64 | avg100  190.57 | grasp100  98.0% | best 0.980 |     27 st/s
    done(50): success=49 t_flicker=1
Ep 40850 | score  189.41 | avg100  191.03 | grasp100  98.0% | best 0.980 |     27 st/s
    done(50): success=49 t_touched=1
Ep 40900 | score  229.70 | avg100  189.68 | grasp100  96.0% | best 0.980 |     27 st/s
    done(50): success=47 t_flicker=3
Ep 40950 | score  187.88 | avg100  189.08 | grasp100  96.0% | best 0.980 |     27 st/s
    done(50): success=49 t_flicker=1
Ep 41000 | score   16.86 | avg100  184.48 | grasp100  95.0% | best 0.980 |     27 st/s
    done(50): success=46 t_flicker=4
Ep 41050 | score  199.19 | avg100  181.88 | grasp100  91.0% | best 0.980 |     27 st/s
    done(50): success=45 t_flicker=5
Ep 41100 | score  196.92 | avg100  185.79 | grasp100  93.0% | best 0.980 |     27 st/s
    done(50): success=48 t_touched=1 t_no_reach=1
Ep 41150 | score  197.09 | avg100  189.76 | grasp100  97.0% | best 0.980 |     27 st/s
    done(50): success=49 t_no_reach=1
Ep 41200 | score  171.89 | avg100  189.92 | grasp100  96.0% | best 0.980 |     27 st/s
    done(50): success=47 t_flicker=3
Ep 41250 | score  203.87 | avg100  188.00 | grasp100  96.0% | best 0.980 |     27 st/s
    done(50): success=49 t_no_reach=1
Ep 41300 | score  216.29 | avg100  190.18 | grasp100  98.0% | best 0.980 |     27 st/s
    done(50): success=49 t_flicker=1
Ep 41350 | score  164.92 | avg100  193.07 | grasp100  98.0% | best 0.980 |     27 st/s
    done(50): success=49 t_flicker=1
Ep 41400 | score  184.10 | avg100  193.28 | grasp100  97.0% | best 0.980 |     27 st/s
    done(50): success=48 t_flicker=2
Ep 41450 | score  183.09 | avg100  193.57 | grasp100  98.0% | best 0.980 |     27 st/s
    done(50): success=50
Ep 41500 | score  208.07 | avg100  194.51 | grasp100  99.0% | best 0.980 |     27 st/s
    done(50): success=49 t_no_reach=1
Ep 41550 | score  202.93 | avg100  192.85 | grasp100  97.0% | best 0.980 |     27 st/s
    done(50): success=48 t_flicker=2
  [primacy-bias reset of critic heads @ 600000 updates]
Ep 41600 | score  -25.21 | avg100  151.81 | grasp100  78.0% | best 0.980 |     27 st/s
    done(50): success=30 t_touched=3 t_no_reach=17
Ep 41650 | score  -20.73 | avg100   47.46 | grasp100  30.0% | best 0.980 |     27 st/s
    done(50): t_flicker=1 t_touched=3 t_no_reach=46
Ep 41700 | score  -11.21 | avg100   24.68 | grasp100  17.0% | best 0.980 |     27 st/s
    done(50): success=17 t_flicker=10 t_touched=8 t_no_reach=15
Ep 41750 | score  201.24 | avg100   78.73 | grasp100  39.0% | best 0.980 |     27 st/s
    done(50): success=22 t_flicker=15 t_touched=4 t_no_reach=9
Ep 41800 | score   22.08 | avg100  101.31 | grasp100  49.0% | best 0.980 |     27 st/s
    done(50): success=27 t_flicker=12 t_touched=7 t_no_reach=4
Ep 41850 | score  203.97 | avg100  124.93 | grasp100  61.0% | best 0.980 |     27 st/s
    done(50): success=34 t_flicker=9 t_touched=5 t_no_reach=2
Ep 41900 | score  205.99 | avg100  146.77 | grasp100  73.0% | best 0.980 |     27 st/s
    done(50): success=39 t_flicker=8 t_touched=1 t_no_reach=2
Ep 41950 | score  197.36 | avg100  163.03 | grasp100  82.0% | best 0.980 |     27 st/s
    done(50): success=43 t_flicker=6 t_touched=1
Ep 42000 | score    7.87 | avg100  165.68 | grasp100  84.0% | best 0.980 |     27 st/s
    done(50): success=41 t_flicker=6 t_touched=3
Ep 42050 | score   71.47 | avg100  168.96 | grasp100  86.0% | best 0.980 |     27 st/s
    done(50): success=45 t_flicker=3 t_touched=1 t_no_reach=1
Ep 42100 | score  201.28 | avg100  175.78 | grasp100  89.0% | best 0.980 |     27 st/s
    done(50): success=44 t_flicker=6
Ep 42150 | score  172.03 | avg100  170.52 | grasp100  85.0% | best 0.980 |     27 st/s
    done(50): success=41 t_flicker=5 t_touched=1 t_no_reach=3
Ep 42200 | score  196.03 | avg100  163.07 | grasp100  81.0% | best 0.980 |     27 st/s
    done(50): success=40 t_flicker=5 t_touched=3 t_no_reach=2
Ep 42250 | score  166.92 | avg100  173.26 | grasp100  88.0% | best 0.980 |     27 st/s
    done(50): success=48 t_flicker=2
Ep 42300 | score  189.02 | avg100  189.22 | grasp100  97.0% | best 0.980 |     27 st/s
    done(50): success=49 t_no_reach=1
Ep 42350 | score  172.63 | avg100  185.41 | grasp100  95.0% | best 0.980 |     27 st/s
    done(50): success=46 t_flicker=2 t_touched=2
Ep 42400 | score  231.96 | avg100  185.14 | grasp100  96.0% | best 0.980 |     27 st/s
    done(50): success=50
Ep 42450 | score  198.81 | avg100  188.48 | grasp100  98.0% | best 0.980 |     27 st/s
    done(50): success=48 t_flicker=1 t_no_reach=1
Ep 42500 | score  178.82 | avg100  187.14 | grasp100  96.0% | best 0.980 |     27 st/s
    done(50): success=48 t_flicker=2
Ep 42550 | score  201.39 | avg100  191.98 | grasp100  98.0% | best 0.980 |     27 st/s
    done(50): success=50
Ep 42600 | score  213.80 | avg100  193.73 | grasp100 100.0% | best 0.980 |     27 st/s
    done(50): success=50
Ep 42650 | score  194.17 | avg100  187.97 | grasp100  95.0% | best 0.980 |     27 st/s
    done(50): success=45 t_flicker=3 t_no_reach=2
Ep 42700 | score  201.65 | avg100  188.17 | grasp100  94.0% | best 0.980 |     27 st/s
    done(50): success=49 t_flicker=1
Ep 42750 | score  166.50 | avg100  192.88 | grasp100  99.0% | best 0.980 |     27 st/s
    done(50): success=50
Ep 42800 | score  200.43 | avg100  191.56 | grasp100  98.0% | best 0.980 |     27 st/s
    done(50): success=48 t_flicker=2
Ep 42850 | score  191.13 | avg100  192.40 | grasp100  97.0% | best 0.980 |     27 st/s
    done(50): success=49 t_flicker=1
Ep 42900 | score  200.46 | avg100  195.05 | grasp100  98.0% | best 0.980 |     27 st/s
    done(50): success=49 t_flicker=1
Ep 42950 | score  188.31 | avg100  194.09 | grasp100  98.0% | best 0.980 |     27 st/s
    done(50): success=49 t_flicker=1
Ep 43000 | score  170.52 | avg100  191.57 | grasp100  98.0% | best 0.980 |     27 st/s
    done(50): success=49 t_flicker=1
Ep 43050 | score  200.88 | avg100  191.27 | grasp100  98.0% | best 0.980 |     27 st/s
    done(50): success=49 t_flicker=1
Ep 43100 | score  187.27 | avg100  186.72 | grasp100  96.0% | best 0.980 |     27 st/s
    done(50): success=47 t_flicker=3
Ep 43150 | score  220.21 | avg100  186.23 | grasp100  97.0% | best 0.980 |     27 st/s
    done(50): success=50
Ep 43200 | score  205.67 | avg100  188.31 | grasp100  97.0% | best 0.980 |     27 st/s
    done(50): success=47 t_touched=2 t_no_reach=1
Ep 43250 | score  194.35 | avg100  190.44 | grasp100  97.0% | best 0.980 |     27 st/s
    done(50): success=50
Ep 43300 | score  188.53 | avg100  194.17 | grasp100  99.0% | best 0.980 |     27 st/s
    done(50): success=49 t_flicker=1
Ep 43350 | score  204.43 | avg100  185.33 | grasp100  95.0% | best 0.980 |     27 st/s
    done(50): success=46 t_flicker=2 t_touched=1 t_no_reach=1
Ep 43400 | score  203.14 | avg100  187.59 | grasp100  96.0% | best 0.980 |     27 st/s
    done(50): success=50
Ep 43450 | score  204.05 | avg100  196.40 | grasp100 100.0% | best 0.980 |     27 st/s
    done(50): success=50
  [primacy-bias reset of critic heads @ 625000 updates]
Ep 43500 | score  -25.25 | avg100  153.39 | grasp100  79.0% | best 0.980 |     27 st/s
    done(50): success=29 t_flicker=3 t_touched=3 t_no_reach=15
Ep 43550 | score  180.87 | avg100   62.81 | grasp100  35.0% | best 0.980 |     27 st/s
    done(50): success=6 t_flicker=8 t_no_reach=36
Ep 43600 | score   11.14 | avg100   42.81 | grasp100  24.0% | best 0.980 |     27 st/s
    done(50): success=18 t_flicker=8 t_touched=7 t_no_reach=17
Ep 43650 | score   -3.98 | avg100   89.73 | grasp100  45.0% | best 0.980 |     27 st/s
    done(50): success=27 t_flicker=8 t_touched=7 t_no_reach=8
Ep 43700 | score  193.13 | avg100  123.46 | grasp100  60.0% | best 0.980 |     27 st/s
    done(50): success=33 t_flicker=10 t_touched=5 t_no_reach=2
Ep 43750 | score  174.29 | avg100  144.76 | grasp100  72.0% | best 0.980 |     27 st/s
    done(50): success=39 t_flicker=4 t_touched=2 t_no_reach=5
Ep 43800 | score  190.36 | avg100  152.10 | grasp100  77.0% | best 0.980 |     27 st/s
    done(50): success=38 t_flicker=9 t_touched=3
Ep 43850 | score  164.05 | avg100  147.89 | grasp100  73.0% | best 0.980 |     27 st/s
    done(50): success=35 t_flicker=10 t_touched=4 t_no_reach=1
Ep 43900 | score  207.06 | avg100  148.24 | grasp100  73.0% | best 0.980 |     27 st/s
    done(50): success=38 t_flicker=9 t_touched=3
Ep 43950 | score  202.59 | avg100  163.39 | grasp100  84.0% | best 0.980 |     27 st/s
    done(50): success=46 t_flicker=3 t_no_reach=1
Ep 44000 | score  201.59 | avg100  164.84 | grasp100  83.0% | best 0.980 |     27 st/s
    done(50): success=37 t_flicker=11 t_touched=1 t_no_reach=1
Ep 44050 | score  182.30 | avg100  171.30 | grasp100  84.0% | best 0.980 |     27 st/s
    done(50): success=47 t_flicker=2 t_touched=1
Ep 44100 | score  182.90 | avg100  181.38 | grasp100  91.0% | best 0.980 |     27 st/s
    done(50): success=44 t_flicker=6
Ep 44150 | score  204.91 | avg100  178.78 | grasp100  89.0% | best 0.980 |     27 st/s
    done(50): success=45 t_flicker=4 t_touched=1
Ep 44200 | score  181.97 | avg100  182.71 | grasp100  92.0% | best 0.980 |     27 st/s
    done(50): success=47 t_flicker=3
Ep 44250 | score  204.34 | avg100  183.03 | grasp100  93.0% | best 0.980 |     27 st/s
    done(50): success=46 t_flicker=4
Ep 44300 | score  184.32 | avg100  184.75 | grasp100  94.0% | best 0.980 |     27 st/s
    done(50): success=48 t_flicker=2
Ep 44350 | score  183.31 | avg100  192.09 | grasp100  98.0% | best 0.980 |     27 st/s
    done(50): success=50
Ep 44400 | score  188.35 | avg100  195.61 | grasp100 100.0% | best 0.980 |     27 st/s
    done(50): success=50
Ep 44450 | score  201.38 | avg100  193.74 | grasp100  99.0% | best 0.980 |     27 st/s
    done(50): success=49 t_flicker=1
Ep 44500 | score  182.83 | avg100  192.41 | grasp100  98.0% | best 0.980 |     27 st/s
    done(50): success=49 t_flicker=1
Ep 44550 | score  207.20 | avg100  191.10 | grasp100  97.0% | best 0.980 |     27 st/s
    done(50): success=48 t_flicker=2
Ep 44600 | score  207.36 | avg100  192.85 | grasp100  97.0% | best 0.980 |     27 st/s
    done(50): success=49 t_flicker=1
Ep 44650 | score  210.30 | avg100  195.02 | grasp100  98.0% | best 0.980 |     27 st/s
    done(50): success=49 t_flicker=1
Ep 44700 | score  179.43 | avg100  191.13 | grasp100  97.0% | best 0.980 |     27 st/s
    done(50): success=48 t_flicker=2
Ep 44750 | score  200.62 | avg100  189.42 | grasp100  97.0% | best 0.980 |     27 st/s
    done(50): success=49 t_flicker=1
Ep 44800 | score  199.97 | avg100  189.46 | grasp100  97.0% | best 0.980 |     27 st/s
    done(50): success=48 t_flicker=2
Ep 44850 | score  169.46 | avg100  186.91 | grasp100  96.0% | best 0.980 |     27 st/s
    done(50): success=48 t_flicker=1 t_touched=1
Ep 44900 | score  220.89 | avg100  188.87 | grasp100  97.0% | best 0.980 |     27 st/s
    done(50): success=49 t_touched=1
Ep 44950 | score  207.70 | avg100  189.74 | grasp100  97.0% | best 0.980 |     27 st/s
    done(50): success=48 t_flicker=1 t_no_reach=1
Ep 45000 | score  208.34 | avg100  189.83 | grasp100  97.0% | best 0.980 |     27 st/s
    done(50): success=49 t_flicker=1
Ep 45050 | score  188.79 | avg100  190.42 | grasp100  98.0% | best 0.980 |     27 st/s
    done(50): success=49 t_flicker=1
Ep 45100 | score  222.89 | avg100  194.11 | grasp100  99.0% | best 0.980 |     27 st/s
    done(50): success=50
Ep 45150 | score  204.13 | avg100  196.40 | grasp100 100.0% | best 0.980 |     27 st/s
    done(50): success=50
Ep 45154 | * BEST  level200=2.00 grasp200= 99.5% metric=0.995 | score  191.79
Ep 45200 | score  202.89 | avg100  192.25 | grasp100  99.0% | best 0.995 |     27 st/s
    done(50): success=49 t_flicker=1
Ep 45250 | score  172.07 | avg100  192.39 | grasp100  98.0% | best 0.995 |     27 st/s
    done(50): success=49 t_flicker=1
Ep 45300 | score  156.76 | avg100  193.15 | grasp100  99.0% | best 0.995 |     27 st/s
    done(50): success=50
Ep 45350 | score  202.51 | avg100  192.16 | grasp100  99.0% | best 0.995 |     27 st/s
    done(50): success=49 t_flicker=1
Ep 45400 | score  202.07 | avg100  190.45 | grasp100  98.0% | best 0.995 |     27 st/s
    done(50): success=49 t_flicker=1
  [primacy-bias reset of critic heads @ 650000 updates]
Ep 45450 | score  -21.77 | avg100  151.84 | grasp100  80.0% | best 0.995 |     27 st/s
    done(50): success=31 t_touched=1 t_no_reach=18
Ep 45500 | score  -23.64 | avg100   44.08 | grasp100  31.0% | best 0.995 |     27 st/s
    done(50): t_no_reach=50
Ep 45550 | score   -8.75 | avg100  -24.64 | grasp100   0.0% | best 0.995 |     27 st/s
    done(50): t_flicker=2 t_no_reach=48
Ep 45600 | score   -6.18 | avg100    6.40 | grasp100  10.0% | best 0.995 |     27 st/s
    done(50): success=10 t_flicker=12 t_touched=8 t_no_reach=20
Ep 45650 | score  204.63 | avg100   80.86 | grasp100  41.0% | best 0.995 |     27 st/s
    done(50): success=31 t_flicker=10 t_touched=4 t_no_reach=5
Ep 45700 | score    8.29 | avg100  137.47 | grasp100  69.0% | best 0.995 |     27 st/s
    done(50): success=38 t_flicker=4 t_touched=6 t_no_reach=2
Ep 45750 | score   56.55 | avg100  157.54 | grasp100  80.0% | best 0.995 |     27 st/s
    done(50): success=42 t_flicker=4 t_touched=2 t_no_reach=2
Ep 45800 | score  187.26 | avg100  167.66 | grasp100  85.0% | best 0.995 |     27 st/s
    done(50): success=43 t_flicker=4 t_touched=1 t_no_reach=2
Ep 45850 | score  194.22 | avg100  173.70 | grasp100  88.0% | best 0.995 |     27 st/s
    done(50): success=45 t_flicker=3 t_touched=1 t_no_reach=1
Ep 45900 | score  204.98 | avg100  179.27 | grasp100  91.0% | best 0.995 |     27 st/s
    done(50): success=46 t_flicker=3 t_no_reach=1
Ep 45950 | score  194.54 | avg100  171.13 | grasp100  86.0% | best 0.995 |     27 st/s
    done(50): success=40 t_flicker=7 t_touched=1 t_no_reach=2
Ep 46000 | score  187.27 | avg100  171.42 | grasp100  86.0% | best 0.995 |     27 st/s
    done(50): success=46 t_flicker=3 t_no_reach=1
Ep 46050 | score  204.82 | avg100  186.43 | grasp100  95.0% | best 0.995 |     27 st/s
    done(50): success=49 t_flicker=1
Ep 46100 | score  206.47 | avg100  193.48 | grasp100  98.0% | best 0.995 |     27 st/s
    done(50): success=49 t_no_reach=1
Ep 46150 | score  188.99 | avg100  194.14 | grasp100  98.0% | best 0.995 |     27 st/s
    done(50): success=49 t_touched=1
Ep 46200 | score  203.25 | avg100  192.68 | grasp100  99.0% | best 0.995 |     27 st/s
    done(50): success=50
Ep 46250 | score  212.60 | avg100  189.84 | grasp100  97.0% | best 0.995 |     27 st/s
    done(50): success=47 t_flicker=2 t_no_reach=1
Ep 46300 | score  201.00 | avg100  187.57 | grasp100  95.0% | best 0.995 |     27 st/s
    done(50): success=48 t_flicker=2
Ep 46350 | score  200.39 | avg100  186.41 | grasp100  95.0% | best 0.995 |     27 st/s
    done(50): success=47 t_flicker=3
Ep 46400 | score  184.50 | avg100  187.28 | grasp100  96.0% | best 0.995 |     27 st/s
    done(50): success=49 t_no_reach=1
Ep 46450 | score  201.52 | avg100  184.13 | grasp100  95.0% | best 0.995 |     27 st/s
    done(50): success=46 t_flicker=4
Ep 46500 | score  217.34 | avg100  184.25 | grasp100  95.0% | best 0.995 |     27 st/s
    done(50): success=49 t_flicker=1
Ep 46550 | score  189.11 | avg100  189.98 | grasp100  98.0% | best 0.995 |     27 st/s
    done(50): success=49 t_no_reach=1
Ep 46600 | score  187.72 | avg100  185.49 | grasp100  95.0% | best 0.995 |     27 st/s
    done(50): success=46 t_flicker=4
Ep 46650 | score  194.38 | avg100  184.64 | grasp100  95.0% | best 0.995 |     27 st/s
    done(50): success=49 t_flicker=1
Ep 46700 | score  194.35 | avg100  186.28 | grasp100  96.0% | best 0.995 |     27 st/s
    done(50): success=47 t_flicker=2 t_no_reach=1
Ep 46750 | score  200.52 | avg100  190.44 | grasp100  97.0% | best 0.995 |     27 st/s
    done(50): success=50
Ep 46800 | score  198.79 | avg100  191.44 | grasp100  98.0% | best 0.995 |     27 st/s
    done(50): success=48 t_flicker=2
Ep 46850 | score  194.88 | avg100  189.79 | grasp100  98.0% | best 0.995 |     27 st/s
    done(50): success=50
Ep 46900 | score  194.34 | avg100  189.38 | grasp100  98.0% | best 0.995 |     27 st/s
    done(50): success=48 t_flicker=1 t_no_reach=1
Ep 46950 | score  200.45 | avg100  188.24 | grasp100  97.0% | best 0.995 |     27 st/s
    done(50): success=49 t_flicker=1
Ep 47000 | score  185.29 | avg100  189.04 | grasp100  97.0% | best 0.995 |     27 st/s
    done(50): success=48 t_touched=1 t_no_reach=1
Ep 47050 | score  170.32 | avg100  185.00 | grasp100  95.0% | best 0.995 |     27 st/s
    done(50): success=47 t_flicker=1 t_touched=1 t_no_reach=1
Ep 47100 | score  203.77 | avg100  184.96 | grasp100  95.0% | best 0.995 |     27 st/s
    done(50): success=48 t_flicker=1 t_no_reach=1
Ep 47150 | score   94.67 | avg100  188.45 | grasp100  97.0% | best 0.995 |     27 st/s
    done(50): success=49 t_flicker=1
Ep 47200 | score  206.70 | avg100  184.73 | grasp100  95.0% | best 0.995 |     27 st/s
    done(50): success=46 t_flicker=3 t_no_reach=1
Ep 47250 | score  244.25 | avg100  181.45 | grasp100  92.0% | best 0.995 |     27 st/s
    done(50): success=46 t_flicker=4
Ep 47300 | score  155.76 | avg100  186.54 | grasp100  95.0% | best 0.995 |     27 st/s
    done(50): success=49 t_no_reach=1
  [primacy-bias reset of critic heads @ 675000 updates]
Ep 47350 | score  172.47 | avg100  134.09 | grasp100  68.0% | best 0.995 |     27 st/s
    done(50): success=19 t_flicker=8 t_touched=2 t_no_reach=21
Ep 47400 | score   -7.99 | avg100   58.27 | grasp100  32.0% | best 0.995 |     27 st/s
    done(50): success=13 t_flicker=6 t_touched=3 t_no_reach=28
Ep 47450 | score  189.12 | avg100   57.41 | grasp100  35.0% | best 0.995 |     27 st/s
    done(50): success=22 t_flicker=6 t_touched=5 t_no_reach=17
Ep 47500 | score  175.44 | avg100   85.05 | grasp100  46.0% | best 0.995 |     27 st/s
    done(50): success=24 t_flicker=12 t_touched=7 t_no_reach=7
Ep 47550 | score  190.93 | avg100  112.09 | grasp100  57.0% | best 0.995 |     27 st/s
    done(50): success=33 t_flicker=5 t_touched=5 t_no_reach=7
Ep 47600 | score  200.43 | avg100  136.33 | grasp100  69.0% | best 0.995 |     27 st/s
    done(50): success=36 t_flicker=7 t_touched=2 t_no_reach=5
Ep 47650 | score  189.17 | avg100  152.36 | grasp100  76.0% | best 0.995 |     27 st/s
    done(50): success=40 t_flicker=7 t_touched=1 t_no_reach=2
Ep 47700 | score  189.23 | avg100  166.91 | grasp100  84.0% | best 0.995 |     27 st/s
    done(50): success=44 t_flicker=4 t_touched=2
Ep 47750 | score  202.38 | avg100  176.89 | grasp100  91.0% | best 0.995 |     27 st/s
    done(50): success=47 t_flicker=1 t_touched=1 t_no_reach=1
Ep 47800 | score  181.70 | avg100  182.47 | grasp100  93.0% | best 0.995 |     27 st/s
    done(50): success=46 t_flicker=4
Ep 47850 | score  194.72 | avg100  183.88 | grasp100  94.0% | best 0.995 |     27 st/s
    done(50): success=48 t_flicker=1 t_touched=1
Ep 47900 | score  207.02 | avg100  178.77 | grasp100  91.0% | best 0.995 |     27 st/s
    done(50): success=43 t_flicker=6 t_touched=1
Ep 47950 | score  206.70 | avg100  181.43 | grasp100  92.0% | best 0.995 |     27 st/s
    done(50): success=49 t_flicker=1
Ep 48000 | score  204.56 | avg100  191.34 | grasp100  99.0% | best 0.995 |     27 st/s
    done(50): success=50
Ep 48050 | score  169.24 | avg100  188.71 | grasp100  98.0% | best 0.995 |     27 st/s
    done(50): success=48 t_flicker=1 t_touched=1
Ep 48100 | score  184.43 | avg100  186.28 | grasp100  95.0% | best 0.995 |     27 st/s
    done(50): success=47 t_flicker=2 t_touched=1
Ep 48150 | score   19.78 | avg100  190.61 | grasp100  96.0% | best 0.995 |     27 st/s
    done(50): success=49 t_flicker=1
Ep 48200 | score  205.75 | avg100  192.89 | grasp100  98.0% | best 0.995 |     27 st/s
    done(50): success=49 t_no_reach=1
Ep 48250 | score  178.00 | avg100  191.65 | grasp100  99.0% | best 0.995 |     27 st/s
    done(50): success=50
Ep 48300 | score  197.98 | avg100  191.43 | grasp100  99.0% | best 0.995 |     27 st/s
    done(50): success=49 t_touched=1
Ep 48350 | score  184.71 | avg100  185.85 | grasp100  94.0% | best 0.995 |     27 st/s
    done(50): success=45 t_flicker=4 t_touched=1
Ep 48400 | score  207.01 | avg100  189.98 | grasp100  94.0% | best 0.995 |     27 st/s
    done(50): success=49 t_flicker=1
Ep 48450 | score  188.15 | avg100  194.30 | grasp100  98.0% | best 0.995 |     27 st/s
    done(50): success=49 t_flicker=1
Ep 48500 | score  202.04 | avg100  192.92 | grasp100  99.0% | best 0.995 |     27 st/s
    done(50): success=50
Ep 48550 | score  193.05 | avg100  194.12 | grasp100 100.0% | best 0.995 |     27 st/s
    done(50): success=50
Ep 48600 | score  184.06 | avg100  194.65 | grasp100 100.0% | best 0.995 |     27 st/s
    done(50): success=50
Ep 48650 | score  165.92 | avg100  196.33 | grasp100  99.0% | best 0.995 |     27 st/s
    done(50): success=49 t_flicker=1
Ep 48700 | score  193.86 | avg100  186.61 | grasp100  94.0% | best 0.995 |     27 st/s
    done(50): success=45 t_flicker=1 t_touched=1 t_no_reach=3
Ep 48750 | score  194.04 | avg100  184.27 | grasp100  93.0% | best 0.995 |     27 st/s
    done(50): success=48 t_flicker=1 t_touched=1
Ep 48800 | score  193.80 | avg100  192.23 | grasp100  98.0% | best 0.995 |     27 st/s
    done(50): success=50
Ep 48850 | score  176.67 | avg100  192.88 | grasp100 100.0% | best 0.995 |     27 st/s
    done(50): success=50
Ep 48900 | score  200.78 | avg100  195.89 | grasp100 100.0% | best 0.995 |     27 st/s
    done(50): success=50
Ep 48950 | score  197.52 | avg100  196.23 | grasp100  99.0% | best 0.995 |     27 st/s
    done(50): success=49 t_touched=1
Ep 49000 | score  195.29 | avg100  192.91 | grasp100  98.0% | best 0.995 |     27 st/s
    done(50): success=49 t_touched=1
Ep 49050 | score  195.02 | avg100  192.77 | grasp100  98.0% | best 0.995 |     27 st/s
    done(50): success=49 t_no_reach=1
Ep 49100 | score  193.28 | avg100  192.69 | grasp100  99.0% | best 0.995 |     27 st/s
    done(50): success=50
Ep 49150 | score  200.09 | avg100  194.79 | grasp100 100.0% | best 0.995 |     27 st/s
    done(50): success=50
Ep 49200 | score  196.64 | avg100  193.84 | grasp100 100.0% | best 0.995 |     27 st/s
    done(50): success=50
Ep 49250 | score  157.72 | avg100  191.41 | grasp100  99.0% | best 0.995 |     27 st/s
    done(50): success=49 t_flicker=1
  [primacy-bias reset of critic heads @ 700000 updates]
Ep 49300 | score  -27.38 | avg100  142.92 | grasp100  75.0% | best 0.995 |     27 st/s
    done(50): success=26 t_flicker=1 t_touched=1 t_no_reach=22
Ep 49350 | score  -27.30 | avg100   35.78 | grasp100  27.0% | best 0.995 |     27 st/s
    done(50): success=1 t_no_reach=49
Ep 49400 | score   69.89 | avg100  -11.75 | grasp100   4.0% | best 0.995 |     27 st/s
    done(50): success=3 t_flicker=5 t_touched=3 t_no_reach=39
Ep 49450 | score   -1.65 | avg100   35.25 | grasp100  19.0% | best 0.995 |     27 st/s
    done(50): success=16 t_flicker=15 t_touched=5 t_no_reach=14
Ep 49500 | score  205.07 | avg100   96.45 | grasp100  46.0% | best 0.995 |     27 st/s
    done(50): success=30 t_flicker=8 t_touched=6 t_no_reach=6
Ep 49550 | score  198.33 | avg100  135.22 | grasp100  68.0% | best 0.995 |     27 st/s
    done(50): success=38 t_flicker=5 t_touched=3 t_no_reach=4
Ep 49600 | score  201.60 | avg100  163.71 | grasp100  84.0% | best 0.995 |     27 st/s
    done(50): success=46 t_flicker=3 t_no_reach=1
Ep 49650 | score  189.86 | avg100  179.13 | grasp100  92.0% | best 0.995 |     27 st/s
    done(50): success=46 t_flicker=3 t_touched=1
Ep 49700 | score  182.77 | avg100  175.89 | grasp100  90.0% | best 0.995 |     27 st/s
    done(50): success=44 t_flicker=5 t_touched=1
Ep 49750 | score  173.52 | avg100  182.17 | grasp100  92.0% | best 0.995 |     27 st/s
    done(50): success=48 t_flicker=2
Ep 49800 | score  194.48 | avg100  186.68 | grasp100  95.0% | best 0.995 |     27 st/s
    done(50): success=47 t_flicker=2 t_touched=1
Ep 49850 | score  206.73 | avg100  178.76 | grasp100  92.0% | best 0.995 |     27 st/s
    done(50): success=45 t_flicker=3 t_touched=1 t_no_reach=1
Ep 49900 | score  182.84 | avg100  183.58 | grasp100  93.0% | best 0.995 |     27 st/s
    done(50): success=48 t_flicker=2
Ep 49950 | score  228.96 | avg100  188.85 | grasp100  96.0% | best 0.995 |     27 st/s
    done(50): success=48 t_flicker=1 t_no_reach=1
Ep 50000 | score  205.32 | avg100  187.48 | grasp100  97.0% | best 0.995 |     27 st/s
    done(50): success=49 t_flicker=1
Ep 50050 | score  237.37 | avg100  184.15 | grasp100  94.0% | best 0.995 |     27 st/s
    done(50): success=45 t_flicker=3 t_touched=2
Ep 50100 | score  266.49 | avg100  184.27 | grasp100  92.0% | best 0.995 |     27 st/s
    done(50): success=47 t_flicker=3
Ep 50150 | score  203.16 | avg100  186.86 | grasp100  94.0% | best 0.995 |     27 st/s
    done(50): success=47 t_flicker=2 t_touched=1
Ep 50200 | score  163.22 | avg100  187.31 | grasp100  96.0% | best 0.995 |     27 st/s
    done(50): success=49 t_touched=1
Ep 50250 | score  194.39 | avg100  189.74 | grasp100  99.0% | best 0.995 |     27 st/s
    done(50): success=50
Ep 50300 | score  183.20 | avg100  188.61 | grasp100  98.0% | best 0.995 |     27 st/s
    done(50): success=48 t_flicker=1 t_no_reach=1
Ep 50350 | score  200.51 | avg100  188.34 | grasp100  97.0% | best 0.995 |     27 st/s
    done(50): success=49 t_flicker=1
Ep 50400 | score  222.52 | avg100  191.33 | grasp100  99.0% | best 0.995 |     27 st/s
    done(50): success=50
Ep 50450 | score  202.86 | avg100  190.08 | grasp100  99.0% | best 0.995 |     27 st/s
    done(50): success=49 t_flicker=1
Ep 50500 | score  200.45 | avg100  187.35 | grasp100  97.0% | best 0.995 |     27 st/s
    done(50): success=48 t_flicker=1 t_touched=1
Ep 50550 | score  186.56 | avg100  189.53 | grasp100  97.0% | best 0.995 |     27 st/s
    done(50): success=49 t_flicker=1
Ep 50600 | score  200.39 | avg100  189.13 | grasp100  97.0% | best 0.995 |     27 st/s
    done(50): success=48 t_flicker=1 t_touched=1
Ep 50650 | score  201.84 | avg100  188.93 | grasp100  97.0% | best 0.995 |     27 st/s
    done(50): success=49 t_flicker=1
Ep 50700 | score  184.01 | avg100  190.49 | grasp100  98.0% | best 0.995 |     27 st/s
    done(50): success=49 t_no_reach=1
Ep 50750 | score  179.15 | avg100  189.93 | grasp100  97.0% | best 0.995 |     27 st/s
    done(50): success=48 t_flicker=2
Ep 50800 | score  207.32 | avg100  191.34 | grasp100  97.0% | best 0.995 |     27 st/s
    done(50): success=49 t_flicker=1
Ep 50850 | score  186.61 | avg100  188.91 | grasp100  96.0% | best 0.995 |     27 st/s
    done(50): success=47 t_flicker=2 t_no_reach=1
Ep 50900 | score  185.94 | avg100  191.23 | grasp100  97.0% | best 0.995 |     27 st/s
    done(50): success=50
Ep 50950 | score  204.41 | avg100  194.04 | grasp100  98.0% | best 0.995 |     27 st/s
    done(50): success=48 t_flicker=1 t_no_reach=1
Ep 51000 | score  178.32 | avg100  190.29 | grasp100  95.0% | best 0.995 |     27 st/s
    done(50): success=47 t_flicker=2 t_touched=1
Ep 51050 | score  200.41 | avg100  190.35 | grasp100  96.0% | best 0.995 |     27 st/s
    done(50): success=49 t_flicker=1
Ep 51100 | score  198.92 | avg100  191.45 | grasp100  97.0% | best 0.995 |     27 st/s
    done(50): success=48 t_flicker=1 t_no_reach=1
Ep 51150 | score  205.07 | avg100  189.99 | grasp100  97.0% | best 0.995 |     27 st/s
    done(50): success=49 t_touched=1
  [primacy-bias reset of critic heads @ 725000 updates]
Ep 51200 | score  199.84 | avg100  191.26 | grasp100  98.0% | best 0.995 |     27 st/s
    done(50): success=49 t_flicker=1
Ep 51250 | score  133.67 | avg100  136.01 | grasp100  70.0% | best 0.995 |     27 st/s
    done(50): success=21 t_flicker=6 t_touched=5 t_no_reach=18
Ep 51300 | score   -9.17 | avg100   43.99 | grasp100  26.0% | best 0.995 |     27 st/s
    done(50): success=5 t_flicker=6 t_touched=2 t_no_reach=37
Ep 51350 | score  -13.78 | avg100   44.22 | grasp100  26.0% | best 0.995 |     27 st/s
    done(50): success=21 t_flicker=5 t_touched=8 t_no_reach=16
Ep 51400 | score  -10.14 | avg100  104.52 | grasp100  55.0% | best 0.995 |     27 st/s
    done(50): success=34 t_flicker=4 t_touched=5 t_no_reach=7
Ep 51450 | score  184.49 | avg100  141.37 | grasp100  71.0% | best 0.995 |     27 st/s
    done(50): success=37 t_flicker=8 t_touched=4 t_no_reach=1
Ep 51500 | score  157.33 | avg100  160.73 | grasp100  81.0% | best 0.995 |     27 st/s
    done(50): success=44 t_flicker=2 t_touched=1 t_no_reach=3
Ep 51550 | score  189.70 | avg100  162.80 | grasp100  84.0% | best 0.995 |     27 st/s
    done(50): success=40 t_flicker=5 t_touched=4 t_no_reach=1
Ep 51600 | score   47.47 | avg100  161.09 | grasp100  81.0% | best 0.995 |     27 st/s
    done(50): success=41 t_flicker=5 t_touched=2 t_no_reach=2
Ep 51650 | score  192.32 | avg100  166.04 | grasp100  83.0% | best 0.995 |     27 st/s
    done(50): success=42 t_flicker=6 t_no_reach=2
Ep 51700 | score  195.12 | avg100  164.16 | grasp100  83.0% | best 0.995 |     27 st/s
    done(50): success=41 t_flicker=9
Ep 51750 | score  173.47 | avg100  172.25 | grasp100  88.0% | best 0.995 |     27 st/s
    done(50): success=47 t_flicker=2 t_touched=1
Ep 51800 | score  199.25 | avg100  185.47 | grasp100  94.0% | best 0.995 |     27 st/s
    done(50): success=47 t_flicker=3
Ep 51850 | score  197.54 | avg100  186.15 | grasp100  94.0% | best 0.995 |     27 st/s
    done(50): success=47 t_flicker=1 t_touched=1 t_no_reach=1
Ep 51900 | score  195.53 | avg100  181.95 | grasp100  93.0% | best 0.995 |     27 st/s
    done(50): success=46 t_flicker=4
Ep 51950 | score   12.06 | avg100  187.15 | grasp100  95.0% | best 0.995 |     27 st/s
    done(50): success=49 t_touched=1
Ep 52000 | score  208.69 | avg100  188.84 | grasp100  97.0% | best 0.995 |     27 st/s
    done(50): success=48 t_flicker=2
Ep 52050 | score  208.98 | avg100  188.92 | grasp100  98.0% | best 0.995 |     27 st/s
    done(50): success=50
Ep 52100 | score  198.58 | avg100  193.02 | grasp100 100.0% | best 0.995 |     27 st/s
    done(50): success=50
Ep 52150 | score  179.72 | avg100  190.42 | grasp100  98.0% | best 0.995 |     27 st/s
    done(50): success=48 t_flicker=1 t_touched=1
Ep 52200 | score  172.98 | avg100  191.01 | grasp100  98.0% | best 0.995 |     27 st/s
    done(50): success=50
Ep 52250 | score  201.38 | avg100  193.64 | grasp100 100.0% | best 0.995 |     27 st/s
    done(50): success=50
Ep 52300 | score  175.09 | avg100  192.79 | grasp100  99.0% | best 0.995 |     27 st/s
    done(50): success=49 t_touched=1
Ep 52350 | score  203.55 | avg100  193.07 | grasp100  99.0% | best 0.995 |     27 st/s
    done(50): success=50
Ep 52400 | score  207.45 | avg100  191.23 | grasp100  98.0% | best 0.995 |     27 st/s
    done(50): success=48 t_flicker=1 t_no_reach=1
Ep 52450 | score  204.17 | avg100  188.58 | grasp100  96.0% | best 0.995 |     27 st/s
    done(50): success=48 t_flicker=1 t_no_reach=1
Ep 52500 | score  202.44 | avg100  190.61 | grasp100  97.0% | best 0.995 |     27 st/s
    done(50): success=49 t_flicker=1
Ep 52550 | score  196.05 | avg100  192.82 | grasp100  99.0% | best 0.995 |     27 st/s
    done(50): success=50
Ep 52600 | score  186.95 | avg100  191.88 | grasp100  98.0% | best 0.995 |     27 st/s
    done(50): success=48 t_flicker=1 t_no_reach=1
Ep 52650 | score  196.10 | avg100  191.72 | grasp100  97.0% | best 0.995 |     27 st/s
    done(50): success=49 t_flicker=1
Ep 52700 | score  199.82 | avg100  193.15 | grasp100  98.0% | best 0.995 |     27 st/s
    done(50): success=49 t_flicker=1
Ep 52750 | score  195.95 | avg100  192.18 | grasp100  99.0% | best 0.995 |     27 st/s
    done(50): success=50
Ep 52800 | score  165.12 | avg100  190.90 | grasp100  99.0% | best 0.995 |     27 st/s
    done(50): success=49 t_flicker=1
Ep 52850 | score  206.41 | avg100  191.18 | grasp100  98.0% | best 0.995 |     27 st/s
    done(50): success=49 t_flicker=1
Ep 52900 | score  190.39 | avg100  190.90 | grasp100  97.0% | best 0.995 |     27 st/s
    done(50): success=48 t_flicker=2
Ep 52950 | score  193.06 | avg100  186.82 | grasp100  96.0% | best 0.995 |     27 st/s
    done(50): success=48 t_flicker=1 t_no_reach=1
Ep 53000 | score   52.10 | avg100  186.86 | grasp100  96.0% | best 0.995 |     27 st/s
    done(50): success=48 t_flicker=1 t_no_reach=1
Ep 53050 | score  196.88 | avg100  191.65 | grasp100  98.0% | best 0.995 |     27 st/s
    done(50): success=50
Ep 53100 | score  185.25 | avg100  193.75 | grasp100 100.0% | best 0.995 |     27 st/s
    done(50): success=50
Ep 53150 | score  172.97 | avg100  193.87 | grasp100  98.0% | best 0.995 |     27 st/s
    done(50): success=48 t_flicker=2
  [primacy-bias reset of critic heads @ 750000 updates]
Ep 53200 | score  -27.67 | avg100  107.08 | grasp100  56.0% | best 0.995 |     27 st/s
    done(50): success=8 t_flicker=7 t_touched=1 t_no_reach=34
Ep 53250 | score  -14.30 | avg100    5.23 | grasp100   9.0% | best 0.995 |     27 st/s
    done(50): success=1 t_flicker=8 t_touched=4 t_no_reach=37
Ep 53300 | score   -1.07 | avg100   15.34 | grasp100  13.0% | best 0.995 |     27 st/s
    done(50): success=12 t_flicker=6 t_touched=7 t_no_reach=25
Ep 53350 | score  192.01 | avg100   70.15 | grasp100  36.0% | best 0.995 |     27 st/s
    done(50): success=24 t_flicker=10 t_touched=2 t_no_reach=14
Ep 53400 | score  202.62 | avg100  115.05 | grasp100  58.0% | best 0.995 |     27 st/s
    done(50): success=34 t_flicker=5 t_touched=5 t_no_reach=6
Ep 53450 | score    2.41 | avg100  140.08 | grasp100  71.0% | best 0.995 |     27 st/s
    done(50): success=37 t_flicker=8 t_touched=3 t_no_reach=2
Ep 53500 | score  170.64 | avg100  155.81 | grasp100  79.0% | best 0.995 |     27 st/s
    done(50): success=42 t_flicker=5 t_touched=2 t_no_reach=1
Ep 53550 | score   25.29 | avg100  173.03 | grasp100  90.0% | best 0.995 |     27 st/s
    done(50): success=48 t_flicker=1 t_touched=1
Ep 53600 | score  185.45 | avg100  180.63 | grasp100  90.0% | best 0.995 |     27 st/s
    done(50): success=42 t_flicker=8
Ep 53650 | score  201.18 | avg100  178.66 | grasp100  87.0% | best 0.995 |     27 st/s
    done(50): success=45 t_flicker=3 t_no_reach=2
Ep 53700 | score  204.30 | avg100  175.04 | grasp100  89.0% | best 0.995 |     27 st/s
    done(50): success=44 t_flicker=3 t_touched=1 t_no_reach=2
Ep 53750 | score  194.66 | avg100  175.37 | grasp100  90.0% | best 0.995 |     27 st/s
    done(50): success=46 t_flicker=3 t_no_reach=1
Ep 53800 | score  200.74 | avg100  178.58 | grasp100  91.0% | best 0.995 |     27 st/s
    done(50): success=45 t_flicker=5
Ep 53850 | score  166.75 | avg100  177.06 | grasp100  90.0% | best 0.995 |     27 st/s
    done(50): success=45 t_flicker=3 t_no_reach=2
Ep 53900 | score   55.49 | avg100  180.50 | grasp100  91.0% | best 0.995 |     27 st/s
    done(50): success=46 t_flicker=4
Ep 53950 | score  201.15 | avg100  189.24 | grasp100  96.0% | best 0.995 |     27 st/s
    done(50): success=50
Ep 54000 | score  202.43 | avg100  192.15 | grasp100  98.0% | best 0.995 |     27 st/s
    done(50): success=48 t_flicker=2
Ep 54050 | score  178.67 | avg100  189.64 | grasp100  95.0% | best 0.995 |     27 st/s
    done(50): success=47 t_flicker=3
Ep 54100 | score  203.47 | avg100  188.08 | grasp100  94.0% | best 0.995 |     27 st/s
    done(50): success=47 t_flicker=3
Ep 54150 | score  191.96 | avg100  190.86 | grasp100  96.0% | best 0.995 |     27 st/s
    done(50): success=49 t_flicker=1
Ep 54200 | score  195.19 | avg100  196.00 | grasp100  99.0% | best 0.995 |     27 st/s
    done(50): success=50
Ep 54250 | score  183.71 | avg100  188.40 | grasp100  96.0% | best 0.995 |     27 st/s
    done(50): success=46 t_flicker=3 t_touched=1
Ep 54300 | score  192.66 | avg100  184.33 | grasp100  95.0% | best 0.995 |     27 st/s
    done(50): success=49 t_flicker=1
Ep 54350 | score  164.64 | avg100  190.68 | grasp100  98.0% | best 0.995 |     27 st/s
    done(50): success=49 t_no_reach=1
Ep 54400 | score  206.80 | avg100  195.25 | grasp100  99.0% | best 0.995 |     27 st/s
    done(50): success=50
Ep 54450 | score  167.19 | avg100  193.52 | grasp100  98.0% | best 0.995 |     27 st/s
    done(50): success=48 t_flicker=2
Ep 54500 | score  169.90 | avg100  188.92 | grasp100  96.0% | best 0.995 |     27 st/s
    done(50): success=48 t_flicker=2
Ep 54550 | score  180.79 | avg100  185.49 | grasp100  93.0% | best 0.995 |     27 st/s
    done(50): success=45 t_flicker=3 t_touched=1 t_no_reach=1
Ep 54600 | score  177.58 | avg100  187.72 | grasp100  94.0% | best 0.995 |     27 st/s
    done(50): success=49 t_flicker=1
Ep 54650 | score  194.72 | avg100  190.64 | grasp100  97.0% | best 0.995 |     27 st/s
    done(50): success=48 t_touched=1 t_no_reach=1
Ep 54700 | score  195.50 | avg100  185.78 | grasp100  93.0% | best 0.995 |     27 st/s
    done(50): success=45 t_flicker=5
Ep 54750 | score  200.29 | avg100  185.89 | grasp100  93.0% | best 0.995 |     27 st/s
    done(50): success=48 t_flicker=2
Ep 54800 | score  191.04 | avg100  192.17 | grasp100  97.0% | best 0.995 |     27 st/s
    done(50): success=49 t_flicker=1
Ep 54850 | score  168.27 | avg100  195.78 | grasp100  99.0% | best 0.995 |     27 st/s
    done(50): success=50
Ep 54900 | score  208.20 | avg100  195.23 | grasp100  99.0% | best 0.995 |     27 st/s
    done(50): success=49 t_flicker=1
Ep 54950 | score  232.37 | avg100  196.14 | grasp100  99.0% | best 0.995 |     27 st/s
    done(50): success=50
Ep 55000 | score  199.12 | avg100  191.87 | grasp100  97.0% | best 0.995 |     27 st/s
    done(50): success=47 t_flicker=2 t_no_reach=1

========================================================================
DONE  td3_ln_cereal_alignwarm_s1
  Episodes     : 55000
  Env steps    : 1,935,450  (72035s)
  Best metric  : 0.995  (policy in /home/fahim/Thesis_fahim/pickandplace/checkpoints/td3_grasp_rand_td3_ln_cereal_alignwarm_s1/best)
  Final grasp% : 97.0
  CSV          : /home/fahim/Thesis_fahim/pickandplace/logs/grasp_rand_td3_ln_cereal_alignwarm_s1/episodes.csv
  Probe CSV    : /home/fahim/Thesis_fahim/pickandplace/logs/grasp_rand_td3_ln_cereal_alignwarm_s1/probe.csv
  Manifest     : /home/fahim/Thesis_fahim/pickandplace/logs/grasp_rand_td3_ln_cereal_alignwarm_s1/manifest.json
========================================================================

