========================================================================
RANDOM-SPAWN GRASP RETRAINING  |  algo=td3_ln  run=td3_ln_cereal_base_s1
========================================================================
  Envs                : 5 (subprocess-parallel, fork)
  Spawn level         : 2.0 (1.0 = full position box, 2.0 = + z-rotation)
  Updates/vec-step    : 2 (0.400 per env-step; historical baseline 0.5)
  Buffer              : 2,000,000
  Actor               : 64 -> 32  (5,216 weights)  [critics 512->256]
  Warm start          : checkpoints/td3_grasp_rand_best_0355_backup
  Checkpoints         : /home/fahim/Thesis_fahim/pickandplace/checkpoints/td3_grasp_rand_td3_ln_cereal_base_s1
========================================================================

Spawning 5 subprocess environments (fork)...
[robosuite WARNING] No private macro file found! (__init__.py:7)
[robosuite WARNING] No private macro file found! (__init__.py:7)
[robosuite WARNING] It is recommended to use a private macro file (__init__.py:8)
[robosuite WARNING] It is recommended to use a private macro file (__init__.py:8)
[robosuite WARNING] To setup, run: python /home/fahim/Thesis_fahim/venv/lib/python3.12/site-packages/robosuite/scripts/setup_macros.py (__init__.py:9)
[robosuite WARNING] To setup, run: python /home/fahim/Thesis_fahim/venv/lib/python3.12/site-packages/robosuite/scripts/setup_macros.py (__init__.py:9)
[robosuite WARNING] No private macro file found! (__init__.py:7)
[robosuite WARNING] No private macro file found! (__init__.py:7)
[robosuite WARNING] It is recommended to use a private macro file (__init__.py:8)
[robosuite WARNING] No private macro file found! (__init__.py:7)
[robosuite WARNING] It is recommended to use a private macro file (__init__.py:8)
[robosuite WARNING] To setup, run: python /home/fahim/Thesis_fahim/venv/lib/python3.12/site-packages/robosuite/scripts/setup_macros.py (__init__.py:9)
[robosuite WARNING] To setup, run: python /home/fahim/Thesis_fahim/venv/lib/python3.12/site-packages/robosuite/scripts/setup_macros.py (__init__.py:9)
[robosuite WARNING] It is recommended to use a private macro file (__init__.py:8)
[robosuite WARNING] To setup, run: python /home/fahim/Thesis_fahim/venv/lib/python3.12/site-packages/robosuite/scripts/setup_macros.py (__init__.py:9)
Gym has been unmaintained since 2022 and does not support NumPy 2.0 amongst other critical functionality.
Please upgrade to Gymnasium, the maintained drop-in replacement of Gym, or contact the authors of your software and request that they upgrade.
See the migration guide at https://gymnasium.farama.org/introduction/migration_guide/ for additional information.
Gym has been unmaintained since 2022 and does not support NumPy 2.0 amongst other critical functionality.
Please upgrade to Gymnasium, the maintained drop-in replacement of Gym, or contact the authors of your software and request that they upgrade.
See the migration guide at https://gymnasium.farama.org/introduction/migration_guide/ for additional information.
Gym has been unmaintained since 2022 and does not support NumPy 2.0 amongst other critical functionality.
Please upgrade to Gymnasium, the maintained drop-in replacement of Gym, or contact the authors of your software and request that they upgrade.
See the migration guide at https://gymnasium.farama.org/introduction/migration_guide/ for additional information.
Gym has been unmaintained since 2022 and does not support NumPy 2.0 amongst other critical functionality.
Please upgrade to Gymnasium, the maintained drop-in replacement of Gym, or contact the authors of your software and request that they upgrade.
See the migration guide at https://gymnasium.farama.org/introduction/migration_guide/ for additional information.
Gym has been unmaintained since 2022 and does not support NumPy 2.0 amongst other critical functionality.
Please upgrade to Gymnasium, the maintained drop-in replacement of Gym, or contact the authors of your software and request that they upgrade.
See the migration guide at https://gymnasium.farama.org/introduction/migration_guide/ for additional information.
/home/fahim/Thesis_fahim/venv/lib/python3.12/site-packages/gym/spaces/box.py:84: UserWarning: [33mWARN: Box bound precision lowered by casting to float32[0m
  logger.warn(f"Box bound precision lowered by casting to {self.dtype}")
/home/fahim/Thesis_fahim/venv/lib/python3.12/site-packages/gym/spaces/box.py:84: UserWarning: [33mWARN: Box bound precision lowered by casting to float32[0m
  logger.warn(f"Box bound precision lowered by casting to {self.dtype}")
/home/fahim/Thesis_fahim/venv/lib/python3.12/site-packages/gym/spaces/box.py:84: UserWarning: [33mWARN: Box bound precision lowered by casting to float32[0m
  logger.warn(f"Box bound precision lowered by casting to {self.dtype}")
/home/fahim/Thesis_fahim/venv/lib/python3.12/site-packages/gym/spaces/box.py:84: UserWarning: [33mWARN: Box bound precision lowered by casting to float32[0m
  logger.warn(f"Box bound precision lowered by casting to {self.dtype}")
/home/fahim/Thesis_fahim/venv/lib/python3.12/site-packages/gym/spaces/box.py:84: UserWarning: [33mWARN: Box bound precision lowered by casting to float32[0m
  logger.warn(f"Box bound precision lowered by casting to {self.dtype}")
Gym has been unmaintained since 2022 and does not support NumPy 2.0 amongst other critical functionality.
Please upgrade to Gymnasium, the maintained drop-in replacement of Gym, or contact the authors of your software and request that they upgrade.
See the migration guide at https://gymnasium.farama.org/introduction/migration_guide/ for additional information.
5 environments ready.

  Actor QAT           : per-tensor INT8 fake-quant, STE grads
  Actor weight clip   : |w| <= 8.0 * std(w) per Linear tensor (bi_s0 baseline fc1 9.96 / fc2 10.82)
Init: cold (source: /home/fahim/Thesis_fahim/pickandplace/checkpoints/td3_grasp_rand_best_0355_backup)
Fresh replay buffer.

Training...

Ep    50 | score  -79.74 | avg100  -62.08 | grasp100   0.0% | best 0.000 |    192 st/s
    done(50): t_touched=4 t_no_reach=46
Ep   100 | score  -73.70 | avg100  -69.64 | grasp100   0.0% | best 0.000 |     99 st/s
    done(50): t_no_reach=50
Ep   150 | score  -63.64 | avg100  -76.84 | grasp100   0.0% | best 0.000 |     85 st/s
    done(50): t_touched=2 t_no_reach=48
Ep   200 | score  -69.81 | avg100  -71.87 | grasp100   0.0% | best 0.000 |     79 st/s
    done(50): t_flicker=2 t_no_reach=48
Ep   250 | score  -15.48 | avg100  -68.01 | grasp100   0.0% | best 0.000 |     76 st/s
    done(50): t_flicker=2 t_touched=1 t_no_reach=47
Ep   300 | score  -74.50 | avg100  -69.68 | grasp100   0.0% | best 0.000 |     74 st/s
    done(50): t_flicker=1 t_touched=4 t_no_reach=45
Ep   350 | score   -2.94 | avg100  -65.14 | grasp100   0.0% | best 0.000 |     72 st/s
    done(50): t_flicker=2 t_touched=7 t_no_reach=41
  [primacy-bias reset of critic heads @ 25000 updates]
Ep   400 | score  -76.79 | avg100  -63.02 | grasp100   0.0% | best 0.000 |     71 st/s
    done(50): t_flicker=2 t_touched=3 t_no_reach=45
Ep   450 | score  -67.79 | avg100  -65.27 | grasp100   0.0% | best 0.000 |     70 st/s
    done(50): t_flicker=1 t_touched=5 t_no_reach=44
Ep   500 | score  -73.41 | avg100  -57.58 | grasp100   0.0% | best 0.000 |     69 st/s
    done(50): t_flicker=4 t_touched=6 t_no_reach=40
Ep   550 | score  -38.33 | avg100  -45.23 | grasp100   0.0% | best 0.000 |     68 st/s
    done(50): t_flicker=6 t_touched=8 t_no_reach=36
Ep   600 | score  -13.25 | avg100  -45.42 | grasp100   0.0% | best 0.000 |     67 st/s
    done(50): t_flicker=3 t_touched=2 t_no_reach=45
Ep   650 | score  -75.14 | avg100  -51.86 | grasp100   0.0% | best 0.000 |     67 st/s
    done(50): t_flicker=3 t_touched=5 t_no_reach=42
  [primacy-bias reset of critic heads @ 50000 updates]
Ep   700 | score  -78.11 | avg100  -57.67 | grasp100   0.0% | best 0.000 |     66 st/s
    done(50): t_flicker=1 t_no_reach=49
Ep   750 | score  -78.87 | avg100  -60.04 | grasp100   0.0% | best 0.000 |     66 st/s
    done(50): t_flicker=1 t_touched=10 t_no_reach=39
Ep   800 | score  -76.80 | avg100  -49.61 | grasp100   0.0% | best 0.000 |     66 st/s
    done(50): t_flicker=6 t_touched=11 t_no_reach=33
Ep   850 | score  -67.34 | avg100  -41.76 | grasp100   0.0% | best 0.000 |     65 st/s
    done(50): t_flicker=7 t_touched=6 t_no_reach=37
Ep   900 | score    8.82 | avg100  -38.38 | grasp100   0.0% | best 0.000 |     65 st/s
    done(50): t_flicker=7 t_touched=4 t_no_reach=39
Ep   950 | score  -12.24 | avg100  -35.68 | grasp100   0.0% | best 0.000 |     65 st/s
    done(50): t_flicker=5 t_touched=9 t_no_reach=36
  [primacy-bias reset of critic heads @ 75000 updates]
Ep  1000 | score  -44.21 | avg100  -30.79 | grasp100   0.0% | best 0.000 |     65 st/s
    done(50): t_flicker=7 t_touched=6 t_no_reach=37
Ep  1050 | score  -70.25 | avg100  -35.85 | grasp100   0.0% | best 0.000 |     64 st/s
    done(50): t_flicker=3 t_touched=3 t_no_reach=44
Ep  1100 | score  -53.53 | avg100  -39.72 | grasp100   0.0% | best 0.000 |     64 st/s
    done(50): t_flicker=2 t_touched=15 t_no_reach=33
Ep  1150 | score  -61.40 | avg100  -30.39 | grasp100   0.0% | best 0.000 |     64 st/s
    done(50): t_flicker=5 t_touched=17 t_no_reach=28
Ep  1200 | score  -65.23 | avg100  -25.05 | grasp100   0.0% | best 0.000 |     64 st/s
    done(50): t_flicker=9 t_touched=10 t_no_reach=31
Ep  1250 | score  -25.56 | avg100  -20.84 | grasp100   0.0% | best 0.000 |     64 st/s
    done(50): t_flicker=6 t_touched=18 t_no_reach=26
Ep  1300 | score   29.63 | avg100  -12.25 | grasp100   0.0% | best 0.000 |     64 st/s
    done(50): t_flicker=9 t_touched=17 t_no_reach=24
  [primacy-bias reset of critic heads @ 100000 updates]
Ep  1350 | score  -40.83 | avg100  -13.54 | grasp100   0.0% | best 0.000 |     64 st/s
    done(50): t_flicker=9 t_touched=11 t_no_reach=30
Ep  1400 | score  -12.15 | avg100  -12.96 | grasp100   1.0% | best 0.000 |     63 st/s
    done(50): success=1 t_flicker=11 t_touched=14 t_no_reach=24
Ep  1450 | score  -23.92 | avg100   -7.78 | grasp100   1.0% | best 0.000 |     63 st/s
    done(50): t_flicker=11 t_touched=16 t_no_reach=23
Ep  1500 | score  -59.22 | avg100   -6.93 | grasp100   1.0% | best 0.000 |     63 st/s
    done(50): success=1 t_flicker=10 t_touched=22 t_no_reach=17
Ep  1550 | score  -10.45 | avg100   -6.15 | grasp100   1.0% | best 0.000 |     63 st/s
    done(50): t_flicker=11 t_touched=20 t_no_reach=19
Ep  1600 | score  -63.38 | avg100  -11.61 | grasp100   0.0% | best 0.000 |     63 st/s
    done(50): t_flicker=14 t_touched=14 t_no_reach=22
Ep  1650 | score    7.69 | avg100   -3.96 | grasp100   0.0% | best 0.000 |     63 st/s
    done(50): t_flicker=10 t_touched=25 t_no_reach=15
  [primacy-bias reset of critic heads @ 125000 updates]
Ep  1700 | score  -13.37 | avg100    3.64 | grasp100   0.0% | best 0.000 |     63 st/s
    done(50): t_flicker=15 t_touched=15 t_no_reach=20
Ep  1750 | score  -29.57 | avg100   -0.41 | grasp100   0.0% | best 0.000 |     63 st/s
    done(50): t_flicker=14 t_touched=19 t_no_reach=17
Ep  1800 | score   85.38 | avg100    8.77 | grasp100   1.0% | best 0.000 |     63 st/s
    done(50): success=1 t_flicker=17 t_touched=20 t_no_reach=12
Ep  1850 | score   82.09 | avg100   17.94 | grasp100   1.0% | best 0.000 |     63 st/s
    done(50): t_flicker=18 t_touched=20 t_no_reach=12
Ep  1900 | score   37.86 | avg100   17.93 | grasp100   0.0% | best 0.000 |     62 st/s
    done(50): t_flicker=21 t_touched=17 t_no_reach=12
Ep  1950 | score   26.63 | avg100   22.19 | grasp100   1.0% | best 0.000 |     62 st/s
    done(50): success=1 t_flicker=22 t_touched=16 t_no_reach=11
Ep  2000 | score   46.84 | avg100   24.63 | grasp100   2.0% | best 0.000 |     62 st/s
    done(50): success=1 t_flicker=25 t_touched=12 t_no_reach=12
  [primacy-bias reset of critic heads @ 150000 updates]
Ep  2050 | score   -2.56 | avg100   15.23 | grasp100   1.0% | best 0.000 |     62 st/s
    done(50): t_flicker=17 t_touched=15 t_no_reach=18
Ep  2100 | score  -37.83 | avg100   20.58 | grasp100   0.0% | best 0.000 |     62 st/s
    done(50): t_flicker=24 t_touched=17 t_no_reach=9
Ep  2150 | score   46.81 | avg100   40.75 | grasp100   0.0% | best 0.000 |     61 st/s
    done(50): t_flicker=35 t_touched=10 t_no_reach=5
Ep  2200 | score  104.49 | avg100   46.18 | grasp100   0.0% | best 0.000 |     60 st/s
    done(50): t_flicker=24 t_touched=17 t_no_reach=9
Ep  2250 | score   -7.35 | avg100   45.57 | grasp100   1.0% | best 0.000 |     59 st/s
    done(50): success=1 t_flicker=33 t_touched=11 t_no_reach=5
Ep  2300 | score   24.64 | avg100   48.32 | grasp100   1.0% | best 0.000 |     58 st/s
    done(50): t_flicker=32 t_touched=14 t_no_reach=4
Ep  2350 | score   31.10 | avg100   46.26 | grasp100   0.0% | best 0.000 |     57 st/s
    done(50): t_flicker=25 t_touched=20 t_no_reach=5
  [primacy-bias reset of critic heads @ 175000 updates]
Ep  2400 | score  -24.31 | avg100   35.99 | grasp100   0.0% | best 0.000 |     56 st/s
    done(50): t_flicker=23 t_touched=15 t_no_reach=12
Ep  2450 | score   84.82 | avg100   28.48 | grasp100   1.0% | best 0.000 |     56 st/s
    done(50): success=1 t_flicker=22 t_touched=11 t_no_reach=16
Ep  2500 | score   13.81 | avg100   34.74 | grasp100   1.0% | best 0.000 |     55 st/s
    done(50): t_flicker=28 t_touched=13 t_no_reach=9
Ep  2550 | score  -17.92 | avg100   51.48 | grasp100   1.0% | best 0.000 |     54 st/s
    done(50): success=1 t_flicker=37 t_touched=8 t_no_reach=4
Ep  2600 | score   34.05 | avg100   57.02 | grasp100   1.0% | best 0.000 |     54 st/s
    done(50): t_flicker=28 t_touched=18 t_no_reach=4
Ep  2650 | score   75.40 | avg100   56.10 | grasp100   0.0% | best 0.000 |     53 st/s
    done(50): t_flicker=32 t_touched=15 t_no_reach=3
Ep  2700 | score   29.69 | avg100   57.14 | grasp100   1.0% | best 0.000 |     52 st/s
    done(50): success=1 t_flicker=32 t_touched=13 t_no_reach=4
Ep  2750 | score  -10.54 | avg100   66.88 | grasp100   2.0% | best 0.000 |     52 st/s
    done(50): success=1 t_flicker=40 t_touched=6 t_no_reach=3
  [primacy-bias reset of critic heads @ 200000 updates]
Ep  2800 | score   50.89 | avg100   46.26 | grasp100   1.0% | best 0.000 |     51 st/s
    done(50): t_flicker=24 t_touched=8 t_no_reach=18
Ep  2850 | score   59.22 | avg100   19.60 | grasp100   0.0% | best 0.000 |     51 st/s
    done(50): t_flicker=21 t_touched=7 t_no_reach=22
Ep  2900 | score   16.03 | avg100   45.32 | grasp100   0.0% | best 0.000 |     51 st/s
    done(50): t_flicker=33 t_touched=14 t_no_reach=3
Ep  2950 | score   74.55 | avg100   63.49 | grasp100   0.0% | best 0.000 |     50 st/s
    done(50): t_flicker=32 t_touched=12 t_no_reach=6
Ep  3000 | score  -60.07 | avg100   64.47 | grasp100   1.0% | best 0.000 |     50 st/s
    done(50): success=1 t_flicker=32 t_touched=11 t_no_reach=6
Ep  3050 | score  186.56 | avg100   74.64 | grasp100   1.0% | best 0.000 |     49 st/s
    done(50): t_flicker=41 t_touched=8 t_no_reach=1
Ep  3100 | score  137.53 | avg100   79.13 | grasp100   0.0% | best 0.000 |     49 st/s
    done(50): t_flicker=40 t_touched=8 t_no_reach=2
Ep  3150 | score  111.32 | avg100   78.45 | grasp100   1.0% | best 0.000 |     49 st/s
    done(50): success=1 t_flicker=34 t_touched=15
  [primacy-bias reset of critic heads @ 225000 updates]
Ep  3200 | score   79.73 | avg100   82.27 | grasp100   1.0% | best 0.000 |     48 st/s
    done(50): t_flicker=33 t_touched=16 t_no_reach=1
Ep  3250 | score   96.36 | avg100   65.42 | grasp100   0.0% | best 0.000 |     48 st/s
    done(50): t_flicker=32 t_touched=10 t_no_reach=8
Ep  3300 | score   78.25 | avg100   54.92 | grasp100   1.0% | best 0.000 |     48 st/s
    done(50): success=1 t_flicker=34 t_touched=12 t_no_reach=3
Ep  3350 | score  118.03 | avg100   68.67 | grasp100   1.0% | best 0.000 |     47 st/s
    done(50): t_flicker=26 t_touched=21 t_no_reach=3
Ep  3400 | score   69.08 | avg100   70.82 | grasp100   0.0% | best 0.000 |     47 st/s
    done(50): t_flicker=33 t_touched=17
Ep  3450 | score  160.33 | avg100   74.48 | grasp100   1.0% | best 0.000 |     47 st/s
    done(50): success=1 t_flicker=32 t_touched=16 t_no_reach=1
Ep  3494 | * BEST  level200=2.00 grasp200=  1.5% metric=0.015 | score  249.15
Ep  3500 | score   49.92 | avg100   76.94 | grasp100   3.0% | best 0.015 |     47 st/s
    done(50): success=2 t_flicker=37 t_touched=9 t_no_reach=2
Ep  3550 | score   55.70 | avg100   64.04 | grasp100   2.0% | best 0.015 |     46 st/s
    done(50): t_flicker=34 t_touched=10 t_no_reach=6
Ep  3600 | score   68.55 | avg100   63.62 | grasp100   0.0% | best 0.015 |     46 st/s
    done(50): t_flicker=42 t_touched=7 t_no_reach=1
  [primacy-bias reset of critic heads @ 250000 updates]
Ep  3650 | score  -21.53 | avg100   70.75 | grasp100   0.0% | best 0.015 |     46 st/s
    done(50): t_flicker=31 t_touched=14 t_no_reach=5
Ep  3700 | score  -45.75 | avg100   53.72 | grasp100   0.0% | best 0.015 |     46 st/s
    done(50): t_flicker=25 t_touched=14 t_no_reach=11
Ep  3750 | score  117.48 | avg100   47.05 | grasp100   0.0% | best 0.015 |     45 st/s
    done(50): t_flicker=32 t_touched=14 t_no_reach=4
Ep  3800 | score   76.96 | avg100   63.88 | grasp100   1.0% | best 0.015 |     45 st/s
    done(50): success=1 t_flicker=41 t_touched=8
Ep  3850 | score  102.63 | avg100   67.83 | grasp100   2.0% | best 0.015 |     45 st/s
    done(50): success=1 t_flicker=37 t_touched=11 t_no_reach=1
Ep  3900 | score   57.23 | avg100   71.43 | grasp100   3.0% | best 0.015 |     45 st/s
    done(50): success=2 t_flicker=40 t_touched=8
Ep  3950 | score   54.15 | avg100   79.24 | grasp100   3.0% | best 0.015 |     45 st/s
    done(50): success=1 t_flicker=35 t_touched=14
Ep  4000 | score   51.12 | avg100   78.23 | grasp100   1.0% | best 0.015 |     44 st/s
    done(50): t_flicker=34 t_touched=14 t_no_reach=2
Ep  4050 | score   60.73 | avg100   76.67 | grasp100   0.0% | best 0.015 |     44 st/s
    done(50): t_flicker=37 t_touched=10 t_no_reach=3
  [primacy-bias reset of critic heads @ 275000 updates]
Ep  4100 | score  140.96 | avg100   77.03 | grasp100   0.0% | best 0.015 |     44 st/s
    done(50): t_flicker=41 t_touched=8 t_no_reach=1
Ep  4150 | score   60.67 | avg100   63.42 | grasp100   0.0% | best 0.015 |     44 st/s
    done(50): t_flicker=23 t_touched=21 t_no_reach=6
Ep  4200 | score   36.34 | avg100   55.56 | grasp100   0.0% | best 0.015 |     44 st/s
    done(50): t_flicker=34 t_touched=11 t_no_reach=5
Ep  4250 | score   68.39 | avg100   67.67 | grasp100   0.0% | best 0.015 |     44 st/s
    done(50): t_flicker=35 t_touched=15
Ep  4300 | score  117.77 | avg100   81.96 | grasp100   1.0% | best 0.015 |     43 st/s
    done(50): success=1 t_flicker=33 t_touched=16
Ep  4350 | score  106.82 | avg100   87.43 | grasp100   2.0% | best 0.015 |     43 st/s
    done(50): success=1 t_flicker=36 t_touched=12 t_no_reach=1
Ep  4400 | score   88.78 | avg100   78.78 | grasp100   1.0% | best 0.015 |     43 st/s
    done(50): t_flicker=38 t_touched=11 t_no_reach=1
Ep  4450 | score  156.31 | avg100   79.22 | grasp100   1.0% | best 0.015 |     43 st/s
    done(50): success=1 t_flicker=38 t_touched=10 t_no_reach=1
Ep  4500 | score   87.60 | avg100   78.84 | grasp100   1.0% | best 0.015 |     43 st/s
    done(50): t_flicker=39 t_touched=9 t_no_reach=2
Ep  4550 | score   56.16 | avg100   77.92 | grasp100   0.0% | best 0.015 |     43 st/s
    done(50): t_flicker=44 t_touched=5 t_no_reach=1
  [primacy-bias reset of critic heads @ 300000 updates]
Ep  4600 | score   54.01 | avg100   81.58 | grasp100   1.0% | best 0.015 |     43 st/s
    done(50): success=1 t_flicker=42 t_touched=7
Ep  4650 | score   84.77 | avg100   63.78 | grasp100   1.0% | best 0.015 |     43 st/s
    done(50): t_flicker=37 t_touched=7 t_no_reach=6
Ep  4700 | score   52.27 | avg100   58.03 | grasp100   0.0% | best 0.015 |     42 st/s
    done(50): t_flicker=41 t_touched=5 t_no_reach=4
Ep  4750 | score   51.67 | avg100   70.40 | grasp100   0.0% | best 0.015 |     42 st/s
    done(50): t_flicker=34 t_touched=10 t_no_reach=6
Ep  4800 | score   79.27 | avg100   71.26 | grasp100   0.0% | best 0.015 |     42 st/s
    done(50): t_flicker=41 t_touched=9
Ep  4850 | score   57.44 | avg100   74.41 | grasp100   0.0% | best 0.015 |     42 st/s
    done(50): t_flicker=43 t_touched=7
Ep  4900 | score   86.35 | avg100   77.31 | grasp100   0.0% | best 0.015 |     42 st/s
    done(50): t_flicker=43 t_touched=7
Ep  4950 | score   87.60 | avg100   74.64 | grasp100   1.0% | best 0.015 |     42 st/s
    done(50): success=1 t_flicker=34 t_touched=13 t_no_reach=2
Ep  5000 | score   94.71 | avg100   73.50 | grasp100   1.0% | best 0.015 |     42 st/s
    done(50): t_flicker=43 t_touched=6 t_no_reach=1
Ep  5050 | score  148.66 | avg100   77.07 | grasp100   1.0% | best 0.015 |     42 st/s
    done(50): success=1 t_flicker=33 t_touched=14 t_no_reach=2
Ep  5100 | score   89.11 | avg100   82.35 | grasp100   1.0% | best 0.015 |     42 st/s
    done(50): t_flicker=36 t_touched=12 t_no_reach=2
  [primacy-bias reset of critic heads @ 325000 updates]
Ep  5150 | score   16.35 | avg100   57.23 | grasp100   0.0% | best 0.015 |     41 st/s
    done(50): t_flicker=22 t_touched=12 t_no_reach=16
Ep  5200 | score   72.78 | avg100   44.69 | grasp100   0.0% | best 0.015 |     41 st/s
    done(50): t_flicker=34 t_touched=12 t_no_reach=4
Ep  5250 | score   95.25 | avg100   68.86 | grasp100   0.0% | best 0.015 |     41 st/s
    done(50): t_flicker=43 t_touched=6 t_no_reach=1
Ep  5300 | score   59.45 | avg100   70.09 | grasp100   0.0% | best 0.015 |     41 st/s
    done(50): t_flicker=44 t_touched=3 t_no_reach=3
Ep  5350 | score   78.45 | avg100   75.40 | grasp100   0.0% | best 0.015 |     41 st/s
    done(50): t_flicker=43 t_touched=5 t_no_reach=2
Ep  5400 | score   69.01 | avg100   82.43 | grasp100   0.0% | best 0.015 |     41 st/s
    done(50): t_flicker=43 t_touched=5 t_no_reach=2
Ep  5450 | score  164.69 | avg100   79.91 | grasp100   1.0% | best 0.015 |     41 st/s
    done(50): success=1 t_flicker=43 t_touched=6
Ep  5500 | score   95.42 | avg100   81.86 | grasp100   1.0% | best 0.015 |     41 st/s
    done(50): t_flicker=45 t_touched=5
Ep  5550 | score   55.97 | avg100   81.93 | grasp100   1.0% | best 0.015 |     41 st/s
    done(50): success=1 t_flicker=42 t_touched=6 t_no_reach=1
Ep  5600 | score  101.90 | avg100   79.32 | grasp100   2.0% | best 0.015 |     41 st/s
    done(50): success=1 t_flicker=44 t_touched=5
Ep  5650 | score   79.87 | avg100   77.46 | grasp100   2.0% | best 0.015 |     41 st/s
    done(50): success=1 t_flicker=45 t_touched=3 t_no_reach=1
  [primacy-bias reset of critic heads @ 350000 updates]
Ep  5700 | score  116.78 | avg100   81.78 | grasp100   2.0% | best 0.015 |     41 st/s
    done(50): success=1 t_flicker=45 t_touched=4
Ep  5750 | score   46.48 | avg100   58.98 | grasp100   2.0% | best 0.015 |     40 st/s
    done(50): success=1 t_flicker=24 t_touched=11 t_no_reach=14
Ep  5800 | score   97.55 | avg100   55.90 | grasp100   1.0% | best 0.015 |     40 st/s
    done(50): t_flicker=39 t_touched=7 t_no_reach=4
Ep  5850 | score   61.94 | avg100   74.30 | grasp100   0.0% | best 0.015 |     40 st/s
    done(50): t_flicker=43 t_touched=6 t_no_reach=1
Ep  5900 | score   62.55 | avg100   69.66 | grasp100   0.0% | best 0.015 |     40 st/s
    done(50): t_flicker=41 t_touched=7 t_no_reach=2
Ep  5950 | score    7.29 | avg100   70.86 | grasp100   0.0% | best 0.015 |     40 st/s
    done(50): t_flicker=42 t_touched=7 t_no_reach=1
Ep  6000 | score   58.76 | avg100   72.54 | grasp100   1.0% | best 0.015 |     40 st/s
    done(50): success=1 t_flicker=48 t_touched=1
Ep  6050 | score  100.01 | avg100   79.91 | grasp100   2.0% | best 0.015 |     40 st/s
    done(50): success=1 t_flicker=45 t_touched=4
Ep  6100 | score   39.93 | avg100   77.78 | grasp100   1.0% | best 0.015 |     40 st/s
    done(50): t_flicker=45 t_touched=3 t_no_reach=2
Ep  6150 | score   57.95 | avg100   70.21 | grasp100   0.0% | best 0.015 |     40 st/s
    done(50): t_flicker=46 t_touched=4
Ep  6200 | score   58.24 | avg100   71.41 | grasp100   1.0% | best 0.015 |     40 st/s
    done(50): success=1 t_flicker=42 t_touched=6 t_no_reach=1
Ep  6250 | score  -69.08 | avg100   76.76 | grasp100   2.0% | best 0.015 |     40 st/s
    done(50): success=1 t_flicker=42 t_touched=6 t_no_reach=1
  [primacy-bias reset of critic heads @ 375000 updates]
Ep  6300 | score  -24.81 | avg100   79.33 | grasp100   2.0% | best 0.015 |     40 st/s
    done(50): success=1 t_flicker=43 t_touched=6
Ep  6350 | score   65.56 | avg100   65.11 | grasp100   2.0% | best 0.015 |     40 st/s
    done(50): success=1 t_flicker=33 t_touched=9 t_no_reach=7
Ep  6400 | score  -56.39 | avg100   62.89 | grasp100   1.0% | best 0.015 |     40 st/s
    done(50): t_flicker=38 t_touched=10 t_no_reach=2
Ep  6450 | score  -69.11 | avg100   73.15 | grasp100   0.0% | best 0.015 |     40 st/s
    done(50): t_flicker=37 t_touched=10 t_no_reach=3
Ep  6500 | score   54.23 | avg100   73.31 | grasp100   0.0% | best 0.015 |     40 st/s
    done(50): t_flicker=47 t_touched=2 t_no_reach=1
Ep  6550 | score   55.93 | avg100   66.72 | grasp100   0.0% | best 0.015 |     39 st/s
    done(50): t_flicker=44 t_touched=4 t_no_reach=2
Ep  6600 | score  -15.64 | avg100   64.97 | grasp100   0.0% | best 0.015 |     39 st/s
    done(50): t_flicker=48 t_touched=1 t_no_reach=1
Ep  6650 | score   57.95 | avg100   72.98 | grasp100   1.0% | best 0.015 |     39 st/s
    done(50): success=1 t_flicker=44 t_touched=5
Ep  6700 | score   58.89 | avg100   74.65 | grasp100   1.0% | best 0.015 |     39 st/s
    done(50): t_flicker=44 t_touched=6
Ep  6750 | score   59.11 | avg100   68.28 | grasp100   0.0% | best 0.015 |     39 st/s
    done(50): t_flicker=48 t_touched=1 t_no_reach=1
Ep  6800 | score   62.62 | avg100   69.85 | grasp100   1.0% | best 0.015 |     39 st/s
    done(50): success=1 t_flicker=44 t_touched=5
Ep  6850 | score  108.36 | avg100   73.34 | grasp100   3.0% | best 0.015 |     39 st/s
    done(50): success=2 t_flicker=44 t_touched=3 t_no_reach=1
Ep  6900 | score   93.39 | avg100   76.41 | grasp100   2.0% | best 0.015 |     39 st/s
    done(50): t_flicker=47 t_touched=3
  [primacy-bias reset of critic heads @ 400000 updates]
Ep  6950 | score  193.65 | avg100   83.70 | grasp100   0.0% | best 0.015 |     39 st/s
    done(50): t_flicker=47 t_touched=2 t_no_reach=1
Ep  7000 | score   58.26 | avg100   79.48 | grasp100   0.0% | best 0.015 |     39 st/s
    done(50): t_flicker=36 t_touched=10 t_no_reach=4
Ep  7050 | score   83.56 | avg100   76.22 | grasp100   0.0% | best 0.015 |     39 st/s
    done(50): t_flicker=44 t_touched=6
Ep  7100 | score   83.34 | avg100   77.99 | grasp100   0.0% | best 0.015 |     39 st/s
    done(50): t_flicker=48 t_touched=2
Ep  7150 | score   96.56 | avg100   74.49 | grasp100   0.0% | best 0.015 |     39 st/s
    done(50): t_flicker=39 t_touched=8 t_no_reach=3
Ep  7200 | score  160.68 | avg100   71.22 | grasp100   1.0% | best 0.015 |     39 st/s
    done(50): success=1 t_flicker=43 t_touched=6
Ep  7250 | score  109.62 | avg100   73.85 | grasp100   1.0% | best 0.015 |     39 st/s
    done(50): t_flicker=46 t_touched=3 t_no_reach=1
Ep  7300 | score   61.90 | avg100   78.09 | grasp100   0.0% | best 0.015 |     39 st/s
    done(50): t_flicker=47 t_touched=3
Ep  7350 | score   56.46 | avg100   78.21 | grasp100   0.0% | best 0.015 |     39 st/s
    done(50): t_flicker=46 t_touched=4
Ep  7400 | score   63.31 | avg100   73.53 | grasp100   0.0% | best 0.015 |     39 st/s
    done(50): t_flicker=48 t_touched=2
Ep  7450 | score  104.93 | avg100   71.94 | grasp100   0.0% | best 0.015 |     39 st/s
    done(50): t_flicker=47 t_touched=2 t_no_reach=1
Ep  7500 | score   66.33 | avg100   71.39 | grasp100   1.0% | best 0.015 |     39 st/s
    done(50): success=1 t_flicker=46 t_touched=2 t_no_reach=1
Ep  7550 | score   80.12 | avg100   68.88 | grasp100   1.0% | best 0.015 |     39 st/s
    done(50): t_flicker=48 t_touched=2
Ep  7600 | score   65.47 | avg100   76.77 | grasp100   0.0% | best 0.015 |     39 st/s
    done(50): t_flicker=40 t_touched=7 t_no_reach=3
Ep  7650 | score   94.20 | avg100   83.62 | grasp100   2.0% | best 0.015 |     38 st/s
    done(50): success=2 t_flicker=44 t_touched=4
  [primacy-bias reset of critic heads @ 425000 updates]
Ep  7700 | score  -47.71 | avg100   67.94 | grasp100   2.0% | best 0.015 |     38 st/s
    done(50): t_flicker=34 t_touched=7 t_no_reach=9
Ep  7750 | score   54.72 | avg100   57.98 | grasp100   0.0% | best 0.015 |     38 st/s
    done(50): t_flicker=39 t_touched=7 t_no_reach=4
Ep  7800 | score   86.93 | avg100   66.85 | grasp100   0.0% | best 0.015 |     38 st/s
    done(50): t_flicker=43 t_touched=5 t_no_reach=2
Ep  7850 | score   63.58 | avg100   69.80 | grasp100   0.0% | best 0.015 |     38 st/s
    done(50): t_flicker=46 t_touched=3 t_no_reach=1
Ep  7900 | score   57.92 | avg100   65.62 | grasp100   0.0% | best 0.015 |     38 st/s
    done(50): t_flicker=47 t_touched=1 t_no_reach=2
Ep  7950 | score   73.30 | avg100   64.83 | grasp100   0.0% | best 0.015 |     38 st/s
    done(50): t_flicker=42 t_touched=7 t_no_reach=1
Ep  8000 | score   55.83 | avg100   67.57 | grasp100   0.0% | best 0.015 |     38 st/s
    done(50): t_flicker=43 t_touched=5 t_no_reach=2
Ep  8050 | score   56.97 | avg100   68.14 | grasp100   1.0% | best 0.015 |     38 st/s
    done(50): success=1 t_flicker=42 t_touched=5 t_no_reach=2
Ep  8100 | score  121.45 | avg100   71.01 | grasp100   1.0% | best 0.015 |     38 st/s
    done(50): t_flicker=45 t_touched=2 t_no_reach=3
Ep  8150 | score   54.68 | avg100   73.42 | grasp100   0.0% | best 0.015 |     38 st/s
    done(50): t_flicker=48 t_touched=2
Ep  8200 | score  122.92 | avg100   77.31 | grasp100   1.0% | best 0.015 |     38 st/s
    done(50): success=1 t_flicker=44 t_touched=5
Ep  8250 | score   65.45 | avg100   77.49 | grasp100   1.0% | best 0.015 |     38 st/s
    done(50): t_flicker=44 t_touched=6
Ep  8300 | score  128.41 | avg100   77.83 | grasp100   0.0% | best 0.015 |     38 st/s
    done(50): t_flicker=47 t_touched=3
Ep  8350 | score   95.50 | avg100   76.46 | grasp100   0.0% | best 0.015 |     38 st/s
    done(50): t_flicker=47 t_touched=3
Ep  8400 | score   55.41 | avg100   73.52 | grasp100   0.0% | best 0.015 |     38 st/s
    done(50): t_flicker=48 t_touched=2
Ep  8450 | score  100.38 | avg100   76.12 | grasp100   0.0% | best 0.015 |     38 st/s
    done(50): t_flicker=48 t_touched=2
  [primacy-bias reset of critic heads @ 450000 updates]
Ep  8500 | score    2.95 | avg100   73.38 | grasp100   0.0% | best 0.015 |     38 st/s
    done(50): t_flicker=45 t_touched=3 t_no_reach=2
Ep  8550 | score   84.59 | avg100   64.24 | grasp100   1.0% | best 0.015 |     38 st/s
    done(50): success=1 t_flicker=43 t_touched=3 t_no_reach=3
Ep  8600 | score   57.38 | avg100   65.87 | grasp100   1.0% | best 0.015 |     38 st/s
    done(50): t_flicker=43 t_touched=6 t_no_reach=1
Ep  8650 | score   56.06 | avg100   68.89 | grasp100   0.0% | best 0.015 |     38 st/s
    done(50): t_flicker=41 t_touched=8 t_no_reach=1
Ep  8700 | score   54.36 | avg100   66.92 | grasp100   0.0% | best 0.015 |     38 st/s
    done(50): t_flicker=42 t_touched=7 t_no_reach=1
Ep  8750 | score   56.80 | avg100   68.33 | grasp100   0.0% | best 0.015 |     38 st/s
    done(50): t_flicker=44 t_touched=5 t_no_reach=1
Ep  8800 | score   72.58 | avg100   68.48 | grasp100   0.0% | best 0.015 |     38 st/s
    done(50): t_flicker=46 t_touched=3 t_no_reach=1
Ep  8850 | score   86.15 | avg100   69.50 | grasp100   0.0% | best 0.015 |     38 st/s
    done(50): t_flicker=43 t_touched=7
Ep  8900 | score   55.86 | avg100   73.97 | grasp100   0.0% | best 0.015 |     38 st/s
    done(50): t_flicker=48 t_touched=2
Ep  8950 | score    2.87 | avg100   73.36 | grasp100   0.0% | best 0.015 |     38 st/s
    done(50): t_flicker=49 t_touched=1
Ep  9000 | score   61.87 | avg100   74.51 | grasp100   2.0% | best 0.015 |     38 st/s
    done(50): success=2 t_flicker=45 t_touched=3
Ep  9050 | score   53.58 | avg100   75.20 | grasp100   3.0% | best 0.015 |     38 st/s
    done(50): success=1 t_flicker=48 t_touched=1
Ep  9100 | score   97.19 | avg100   72.95 | grasp100   1.0% | best 0.015 |     38 st/s
    done(50): t_flicker=50
Ep  9150 | score   60.71 | avg100   76.52 | grasp100   0.0% | best 0.015 |     37 st/s
    done(50): t_flicker=47 t_touched=3
Ep  9200 | score   59.62 | avg100   71.67 | grasp100   0.0% | best 0.015 |     37 st/s
    done(50): t_flicker=47 t_touched=3
Ep  9250 | score   99.49 | avg100   71.33 | grasp100   1.0% | best 0.015 |     37 st/s
    done(50): success=1 t_flicker=45 t_touched=4
Ep  9300 | score   60.20 | avg100   74.30 | grasp100   1.0% | best 0.015 |     37 st/s
    done(50): t_flicker=47 t_touched=3
Ep  9350 | score   73.80 | avg100   72.15 | grasp100   0.0% | best 0.015 |     37 st/s
    done(50): t_flicker=47 t_touched=3
  [primacy-bias reset of critic heads @ 475000 updates]
Ep  9400 | score  105.48 | avg100   64.91 | grasp100   0.0% | best 0.015 |     37 st/s
    done(50): t_flicker=44 t_touched=4 t_no_reach=2
Ep  9450 | score   92.84 | avg100   58.25 | grasp100   0.0% | best 0.015 |     37 st/s
    done(50): t_flicker=45 t_touched=5
Ep  9500 | score   61.74 | avg100   68.03 | grasp100   1.0% | best 0.015 |     37 st/s
    done(50): success=1 t_flicker=40 t_touched=7 t_no_reach=2
Ep  9550 | score   56.57 | avg100   73.08 | grasp100   1.0% | best 0.015 |     37 st/s
    done(50): t_flicker=46 t_touched=4
Ep  9600 | score   55.71 | avg100   69.36 | grasp100   0.0% | best 0.015 |     37 st/s
    done(50): t_flicker=47 t_touched=3
Ep  9650 | score  111.66 | avg100   73.10 | grasp100   0.0% | best 0.015 |     37 st/s
    done(50): t_flicker=46 t_touched=4
Ep  9700 | score   76.43 | avg100   76.58 | grasp100   0.0% | best 0.015 |     37 st/s
    done(50): t_flicker=47 t_touched=3
Ep  9750 | score  115.34 | avg100   72.05 | grasp100   0.0% | best 0.015 |     37 st/s
    done(50): t_flicker=48 t_touched=2
Ep  9800 | score   94.93 | avg100   69.73 | grasp100   0.0% | best 0.015 |     37 st/s
    done(50): t_flicker=49 t_touched=1
Ep  9850 | score   57.24 | avg100   72.26 | grasp100   0.0% | best 0.015 |     37 st/s
    done(50): t_flicker=49 t_touched=1
Ep  9900 | score   54.19 | avg100   71.86 | grasp100   0.0% | best 0.015 |     37 st/s
    done(50): t_flicker=47 t_touched=3
Ep  9950 | score   83.62 | avg100   71.30 | grasp100   0.0% | best 0.015 |     37 st/s
    done(50): t_flicker=48 t_touched=1 t_no_reach=1
Ep 10000 | score   87.01 | avg100   70.75 | grasp100   0.0% | best 0.015 |     37 st/s
    done(50): t_flicker=46 t_touched=4
Ep 10050 | score   72.35 | avg100   71.98 | grasp100   0.0% | best 0.015 |     37 st/s
    done(50): t_flicker=47 t_touched=3
Ep 10100 | score   56.13 | avg100   76.93 | grasp100   0.0% | best 0.015 |     37 st/s
    done(50): t_flicker=45 t_touched=5
Ep 10150 | score   57.91 | avg100   77.73 | grasp100   0.0% | best 0.015 |     37 st/s
    done(50): t_flicker=49 t_no_reach=1
Ep 10200 | score  120.57 | avg100   72.18 | grasp100   0.0% | best 0.015 |     37 st/s
    done(50): t_flicker=49 t_touched=1
Ep 10250 | score   56.85 | avg100   71.82 | grasp100   0.0% | best 0.015 |     37 st/s
    done(50): t_flicker=46 t_touched=3 t_no_reach=1
  [primacy-bias reset of critic heads @ 500000 updates]
Ep 10300 | score   44.50 | avg100   74.39 | grasp100   0.0% | best 0.015 |     37 st/s
    done(50): t_flicker=48 t_touched=2
Ep 10350 | score   56.71 | avg100   71.73 | grasp100   0.0% | best 0.015 |     37 st/s
    done(50): t_flicker=43 t_touched=5 t_no_reach=2
Ep 10400 | score  111.66 | avg100   74.25 | grasp100   0.0% | best 0.015 |     37 st/s
    done(50): t_flicker=48 t_touched=2
Ep 10450 | score   57.98 | avg100   79.45 | grasp100   0.0% | best 0.015 |     37 st/s
    done(50): t_flicker=47 t_touched=2 t_no_reach=1
Ep 10500 | score   14.44 | avg100   73.46 | grasp100   0.0% | best 0.015 |     37 st/s
    done(50): t_flicker=45 t_touched=3 t_no_reach=2
Ep 10550 | score   57.16 | avg100   74.70 | grasp100   0.0% | best 0.015 |     37 st/s
    done(50): t_flicker=48 t_touched=2
Ep 10600 | score   54.03 | avg100   77.48 | grasp100   0.0% | best 0.015 |     37 st/s
    done(50): t_flicker=47 t_touched=3
Ep 10650 | score  119.73 | avg100   72.73 | grasp100   0.0% | best 0.015 |     37 st/s
    done(50): t_flicker=47 t_touched=2 t_no_reach=1
Ep 10700 | score   55.27 | avg100   79.05 | grasp100   1.0% | best 0.015 |     37 st/s
    done(50): success=1 t_flicker=47 t_touched=2
Ep 10750 | score   54.85 | avg100   80.72 | grasp100   1.0% | best 0.015 |     37 st/s
    done(50): t_flicker=49 t_touched=1
Ep 10800 | score   56.60 | avg100   74.84 | grasp100   0.0% | best 0.015 |     37 st/s
    done(50): t_flicker=48 t_touched=2
Ep 10850 | score   58.38 | avg100   73.24 | grasp100   0.0% | best 0.015 |     37 st/s
    done(50): t_flicker=46 t_touched=3 t_no_reach=1
Ep 10900 | score  118.38 | avg100   72.50 | grasp100   1.0% | best 0.015 |     37 st/s
    done(50): success=1 t_flicker=45 t_touched=3 t_no_reach=1
Ep 10950 | score   55.15 | avg100   68.91 | grasp100   1.0% | best 0.015 |     37 st/s
    done(50): t_flicker=47 t_touched=3
Ep 11000 | score   62.78 | avg100   69.99 | grasp100   0.0% | best 0.015 |     37 st/s
    done(50): t_flicker=48 t_touched=2
Ep 11050 | score   59.78 | avg100   70.10 | grasp100   0.0% | best 0.015 |     37 st/s
    done(50): t_flicker=48 t_touched=1 t_no_reach=1
Ep 11100 | score   61.48 | avg100   68.18 | grasp100   0.0% | best 0.015 |     37 st/s
    done(50): t_flicker=50
Ep 11150 | score   59.19 | avg100   71.36 | grasp100   0.0% | best 0.015 |     37 st/s
    done(50): t_flicker=48 t_touched=2
Ep 11200 | score   56.47 | avg100   75.73 | grasp100   0.0% | best 0.015 |     37 st/s
    done(50): t_flicker=50
Ep 11250 | score  131.99 | avg100   76.91 | grasp100   0.0% | best 0.015 |     37 st/s
    done(50): t_flicker=48 t_touched=2
  [primacy-bias reset of critic heads @ 525000 updates]
Ep 11300 | score   56.17 | avg100   72.76 | grasp100   0.0% | best 0.015 |     37 st/s
    done(50): t_flicker=48 t_touched=2
Ep 11350 | score   56.52 | avg100   62.38 | grasp100   1.0% | best 0.015 |     36 st/s
    done(50): success=1 t_flicker=29 t_touched=15 t_no_reach=5
Ep 11400 | score   55.03 | avg100   64.04 | grasp100   1.0% | best 0.015 |     36 st/s
    done(50): t_flicker=42 t_touched=7 t_no_reach=1
Ep 11450 | score   61.10 | avg100   70.47 | grasp100   0.0% | best 0.015 |     36 st/s
    done(50): t_flicker=45 t_touched=5
Ep 11500 | score   58.90 | avg100   73.36 | grasp100   0.0% | best 0.015 |     36 st/s
    done(50): t_flicker=47 t_touched=3
Ep 11550 | score   81.37 | avg100   74.62 | grasp100   0.0% | best 0.015 |     36 st/s
    done(50): t_flicker=47 t_touched=3
Ep 11600 | score   70.03 | avg100   68.55 | grasp100   0.0% | best 0.015 |     36 st/s
    done(50): t_flicker=48 t_touched=2
Ep 11650 | score   89.41 | avg100   67.28 | grasp100   0.0% | best 0.015 |     36 st/s
    done(50): t_flicker=46 t_touched=4
Ep 11700 | score   57.10 | avg100   69.23 | grasp100   0.0% | best 0.015 |     36 st/s
    done(50): t_flicker=49 t_touched=1
Ep 11750 | score   56.92 | avg100   68.68 | grasp100   0.0% | best 0.015 |     36 st/s
    done(50): t_flicker=49 t_touched=1
Ep 11800 | score   86.68 | avg100   70.14 | grasp100   0.0% | best 0.015 |     36 st/s
    done(50): t_flicker=49 t_touched=1
Ep 11850 | score   58.89 | avg100   72.10 | grasp100   0.0% | best 0.015 |     36 st/s
    done(50): t_flicker=48 t_touched=2
Ep 11900 | score   56.24 | avg100   74.45 | grasp100   1.0% | best 0.015 |     36 st/s
    done(50): success=1 t_flicker=47 t_touched=1 t_no_reach=1
Ep 11950 | score  134.35 | avg100   76.91 | grasp100   1.0% | best 0.015 |     36 st/s
    done(50): t_flicker=49 t_touched=1
Ep 12000 | score   68.62 | avg100   74.00 | grasp100   0.0% | best 0.015 |     36 st/s
    done(50): t_flicker=49 t_touched=1
Ep 12050 | score  128.04 | avg100   73.79 | grasp100   0.0% | best 0.015 |     36 st/s
    done(50): t_flicker=48 t_touched=2
Ep 12100 | score   55.50 | avg100   74.71 | grasp100   0.0% | best 0.015 |     36 st/s
    done(50): t_flicker=47 t_touched=3
Ep 12150 | score   60.75 | avg100   71.99 | grasp100   0.0% | best 0.015 |     36 st/s
    done(50): t_flicker=49 t_touched=1
Ep 12200 | score   54.78 | avg100   67.79 | grasp100   0.0% | best 0.015 |     36 st/s
    done(50): t_flicker=47 t_touched=3
Ep 12250 | score   85.81 | avg100   70.01 | grasp100   1.0% | best 0.015 |     36 st/s
    done(50): success=1 t_flicker=47 t_touched=2
Ep 12300 | score   75.27 | avg100   75.25 | grasp100   1.0% | best 0.015 |     36 st/s
    done(50): t_flicker=48 t_touched=2
Ep 12350 | score   52.46 | avg100   73.71 | grasp100   0.0% | best 0.015 |     36 st/s
    done(50): t_flicker=49 t_touched=1
  [primacy-bias reset of critic heads @ 550000 updates]
Ep 12400 | score  -26.58 | avg100   65.99 | grasp100   0.0% | best 0.015 |     36 st/s
    done(50): t_flicker=46 t_touched=3 t_no_reach=1
Ep 12450 | score   84.46 | avg100   61.34 | grasp100   0.0% | best 0.015 |     36 st/s
    done(50): t_flicker=38 t_touched=9 t_no_reach=3
Ep 12500 | score   79.02 | avg100   66.74 | grasp100   0.0% | best 0.015 |     36 st/s
    done(50): t_flicker=45 t_touched=5
Ep 12550 | score  114.14 | avg100   74.80 | grasp100   0.0% | best 0.015 |     36 st/s
    done(50): t_flicker=43 t_touched=6 t_no_reach=1
Ep 12600 | score   80.30 | avg100   79.17 | grasp100   0.0% | best 0.015 |     36 st/s
    done(50): t_flicker=50
Ep 12650 | score  104.23 | avg100   76.30 | grasp100   0.0% | best 0.015 |     36 st/s
    done(50): t_flicker=50
Ep 12700 | score   55.80 | avg100   77.62 | grasp100   1.0% | best 0.015 |     36 st/s
    done(50): success=1 t_flicker=46 t_touched=3
Ep 12750 | score   54.71 | avg100   74.70 | grasp100   1.0% | best 0.015 |     36 st/s
    done(50): t_flicker=50
Ep 12800 | score  116.81 | avg100   71.63 | grasp100   0.0% | best 0.015 |     36 st/s
    done(50): t_flicker=48 t_touched=2
Ep 12850 | score  102.43 | avg100   73.97 | grasp100   0.0% | best 0.015 |     36 st/s
    done(50): t_flicker=50
Ep 12900 | score   85.90 | avg100   72.56 | grasp100   0.0% | best 0.015 |     36 st/s
    done(50): t_flicker=50
Ep 12950 | score  105.91 | avg100   73.30 | grasp100   0.0% | best 0.015 |     36 st/s
    done(50): t_flicker=49 t_touched=1
Ep 13000 | score  127.12 | avg100   69.90 | grasp100   1.0% | best 0.015 |     36 st/s
    done(50): success=1 t_flicker=48 t_touched=1
Ep 13050 | score   56.70 | avg100   72.28 | grasp100   1.0% | best 0.015 |     36 st/s
    done(50): t_flicker=48 t_touched=2
Ep 13100 | score   57.20 | avg100   68.93 | grasp100   0.0% | best 0.015 |     36 st/s
    done(50): t_flicker=49 t_touched=1
Ep 13150 | score   56.14 | avg100   68.22 | grasp100   0.0% | best 0.015 |     36 st/s
    done(50): t_flicker=48 t_touched=2
Ep 13200 | score   58.07 | avg100   73.30 | grasp100   0.0% | best 0.015 |     36 st/s
    done(50): t_flicker=47 t_touched=3
Ep 13250 | score  132.62 | avg100   71.64 | grasp100   0.0% | best 0.015 |     36 st/s
    done(50): t_flicker=49 t_touched=1
Ep 13300 | score   67.84 | avg100   72.96 | grasp100   0.0% | best 0.015 |     36 st/s
    done(50): t_flicker=49 t_touched=1
Ep 13350 | score   55.14 | avg100   70.71 | grasp100   0.0% | best 0.015 |     36 st/s
    done(50): t_flicker=50
Ep 13400 | score   74.16 | avg100   73.63 | grasp100   0.0% | best 0.015 |     36 st/s
    done(50): t_flicker=48 t_touched=2
Ep 13450 | score   56.99 | avg100   74.50 | grasp100   0.0% | best 0.015 |     36 st/s
    done(50): t_flicker=50
Ep 13500 | score   57.03 | avg100   69.99 | grasp100   0.0% | best 0.015 |     36 st/s
    done(50): t_flicker=50
Ep 13550 | score   59.95 | avg100   72.75 | grasp100   0.0% | best 0.015 |     36 st/s
    done(50): t_flicker=48 t_touched=2
  [primacy-bias reset of critic heads @ 575000 updates]
Ep 13600 | score   11.87 | avg100   58.82 | grasp100   0.0% | best 0.015 |     36 st/s
    done(50): t_flicker=34 t_touched=4 t_no_reach=12
Ep 13650 | score   81.08 | avg100   59.47 | grasp100   0.0% | best 0.015 |     36 st/s
    done(50): t_flicker=44 t_touched=5 t_no_reach=1
Ep 13700 | score   56.47 | avg100   73.74 | grasp100   0.0% | best 0.015 |     36 st/s
    done(50): t_flicker=48 t_touched=2
Ep 13750 | score  148.25 | avg100   70.30 | grasp100   0.0% | best 0.015 |     36 st/s
    done(50): t_flicker=49 t_no_reach=1
Ep 13800 | score   55.42 | avg100   70.18 | grasp100   0.0% | best 0.015 |     36 st/s
    done(50): t_flicker=47 t_touched=3
Ep 13850 | score   57.36 | avg100   71.73 | grasp100   0.0% | best 0.015 |     36 st/s
    done(50): t_flicker=45 t_touched=5
Ep 13900 | score   54.70 | avg100   68.70 | grasp100   0.0% | best 0.015 |     36 st/s
    done(50): t_flicker=50
Ep 13950 | score   57.06 | avg100   71.35 | grasp100   0.0% | best 0.015 |     36 st/s
    done(50): t_flicker=50
Ep 14000 | score   56.38 | avg100   71.96 | grasp100   0.0% | best 0.015 |     36 st/s
    done(50): t_flicker=48 t_no_reach=2
Ep 14050 | score   55.23 | avg100   67.11 | grasp100   0.0% | best 0.015 |     36 st/s
    done(50): t_flicker=49 t_touched=1
Ep 14100 | score   57.05 | avg100   71.01 | grasp100   0.0% | best 0.015 |     36 st/s
    done(50): t_flicker=50
Ep 14150 | score   57.83 | avg100   74.27 | grasp100   0.0% | best 0.015 |     36 st/s
    done(50): t_flicker=48 t_touched=2
Ep 14200 | score   68.49 | avg100   72.09 | grasp100   0.0% | best 0.015 |     36 st/s
    done(50): t_flicker=49 t_touched=1
Ep 14250 | score  198.63 | avg100   68.40 | grasp100   0.0% | best 0.015 |     36 st/s
    done(50): t_flicker=46 t_touched=4
Ep 14300 | score   60.60 | avg100   66.65 | grasp100   0.0% | best 0.015 |     36 st/s
    done(50): t_flicker=50
Ep 14350 | score  103.35 | avg100   69.79 | grasp100   1.0% | best 0.015 |     35 st/s
    done(50): success=1 t_flicker=49
Ep 14400 | score   61.91 | avg100   71.50 | grasp100   1.0% | best 0.015 |     35 st/s
    done(50): t_flicker=49 t_touched=1
Ep 14450 | score   57.84 | avg100   70.54 | grasp100   0.0% | best 0.015 |     35 st/s
    done(50): t_flicker=49 t_touched=1
Ep 14500 | score   55.86 | avg100   68.28 | grasp100   0.0% | best 0.015 |     35 st/s
    done(50): t_flicker=50
Ep 14550 | score  122.42 | avg100   65.87 | grasp100   0.0% | best 0.015 |     35 st/s
    done(50): t_flicker=48 t_touched=2
Ep 14600 | score   76.33 | avg100   67.60 | grasp100   0.0% | best 0.015 |     35 st/s
    done(50): t_flicker=50
Ep 14650 | score  127.88 | avg100   69.45 | grasp100   0.0% | best 0.015 |     35 st/s
    done(50): t_flicker=50
Ep 14700 | score   57.96 | avg100   70.17 | grasp100   0.0% | best 0.015 |     35 st/s
    done(50): t_flicker=48 t_touched=2
Ep 14750 | score  119.34 | avg100   67.29 | grasp100   0.0% | best 0.015 |     35 st/s
    done(50): t_flicker=47 t_touched=2 t_no_reach=1
Ep 14800 | score   59.90 | avg100   68.93 | grasp100   0.0% | best 0.015 |     35 st/s
    done(50): t_flicker=49 t_touched=1
Ep 14850 | score  130.15 | avg100   73.83 | grasp100   0.0% | best 0.015 |     35 st/s
    done(50): t_flicker=50
  [primacy-bias reset of critic heads @ 600000 updates]
Ep 14900 | score   33.47 | avg100   57.00 | grasp100   0.0% | best 0.015 |     35 st/s
    done(50): t_flicker=38 t_touched=7 t_no_reach=5
Ep 14950 | score  145.69 | avg100   49.97 | grasp100   0.0% | best 0.015 |     35 st/s
    done(50): t_flicker=44 t_touched=5 t_no_reach=1
Ep 15000 | score  108.29 | avg100   67.06 | grasp100   0.0% | best 0.015 |     35 st/s
    done(50): t_flicker=49 t_touched=1
Ep 15050 | score  149.77 | avg100   74.11 | grasp100   0.0% | best 0.015 |     35 st/s
    done(50): t_flicker=49 t_touched=1
Ep 15100 | score   55.02 | avg100   72.53 | grasp100   0.0% | best 0.015 |     35 st/s
    done(50): t_flicker=49 t_touched=1
Ep 15150 | score   58.71 | avg100   69.42 | grasp100   0.0% | best 0.015 |     35 st/s
    done(50): t_flicker=49 t_touched=1
Ep 15200 | score   73.93 | avg100   68.84 | grasp100   0.0% | best 0.015 |     35 st/s
    done(50): t_flicker=49 t_touched=1
Ep 15250 | score   57.25 | avg100   76.27 | grasp100   1.0% | best 0.015 |     35 st/s
    done(50): success=1 t_flicker=49
Ep 15300 | score   58.71 | avg100   76.62 | grasp100   1.0% | best 0.015 |     35 st/s
    done(50): t_flicker=50
Ep 15350 | score   55.04 | avg100   70.06 | grasp100   0.0% | best 0.015 |     35 st/s
    done(50): t_flicker=49 t_no_reach=1
Ep 15400 | score   56.66 | avg100   70.70 | grasp100   0.0% | best 0.015 |     35 st/s
    done(50): t_flicker=49 t_touched=1
Ep 15450 | score   80.48 | avg100   68.23 | grasp100   0.0% | best 0.015 |     35 st/s
    done(50): t_flicker=50
Ep 15500 | score   49.81 | avg100   66.99 | grasp100   0.0% | best 0.015 |     35 st/s
    done(50): t_flicker=50
Ep 15550 | score   97.19 | avg100   70.50 | grasp100   0.0% | best 0.015 |     35 st/s
    done(50): t_flicker=49 t_touched=1
Ep 15600 | score   58.40 | avg100   71.75 | grasp100   0.0% | best 0.015 |     35 st/s
    done(50): t_flicker=50
Ep 15650 | score  109.87 | avg100   72.92 | grasp100   0.0% | best 0.015 |     35 st/s
    done(50): t_flicker=50
Ep 15700 | score   57.71 | avg100   70.65 | grasp100   0.0% | best 0.015 |     35 st/s
    done(50): t_flicker=48 t_touched=2
Ep 15750 | score   55.61 | avg100   69.89 | grasp100   0.0% | best 0.015 |     35 st/s
    done(50): t_flicker=48 t_touched=2
Ep 15800 | score  -22.28 | avg100   70.42 | grasp100   0.0% | best 0.015 |     35 st/s
    done(50): t_flicker=49 t_touched=1
Ep 15850 | score   57.62 | avg100   68.43 | grasp100   0.0% | best 0.015 |     35 st/s
    done(50): t_flicker=50
Ep 15900 | score   53.99 | avg100   67.52 | grasp100   0.0% | best 0.015 |     35 st/s
    done(50): t_flicker=48 t_touched=1 t_no_reach=1
Ep 15950 | score   55.16 | avg100   68.71 | grasp100   1.0% | best 0.015 |     35 st/s
    done(50): success=1 t_flicker=49
Ep 16000 | score   57.72 | avg100   73.72 | grasp100   1.0% | best 0.015 |     35 st/s
    done(50): t_flicker=46 t_touched=3 t_no_reach=1
Ep 16050 | score   62.86 | avg100   73.09 | grasp100   0.0% | best 0.015 |     35 st/s
    done(50): t_flicker=49 t_touched=1
Ep 16100 | score   54.25 | avg100   71.93 | grasp100   0.0% | best 0.015 |     35 st/s
    done(50): t_flicker=50
Ep 16150 | score   76.28 | avg100   74.81 | grasp100   1.0% | best 0.015 |     35 st/s
    done(50): success=1 t_flicker=48 t_touched=1
Ep 16200 | score   58.63 | avg100   77.39 | grasp100   1.0% | best 0.015 |     35 st/s
    done(50): t_flicker=47 t_touched=3
  [primacy-bias reset of critic heads @ 625000 updates]
Ep 16250 | score   62.70 | avg100   61.35 | grasp100   0.0% | best 0.015 |     35 st/s
    done(50): t_flicker=34 t_touched=8 t_no_reach=8
Ep 16300 | score   52.28 | avg100   62.42 | grasp100   0.0% | best 0.015 |     35 st/s
    done(50): t_flicker=46 t_touched=4
Ep 16350 | score   56.69 | avg100   75.30 | grasp100   0.0% | best 0.015 |     35 st/s
    done(50): t_flicker=46 t_touched=4
Ep 16400 | score   95.39 | avg100   70.74 | grasp100   0.0% | best 0.015 |     35 st/s
    done(50): t_flicker=47 t_touched=3
Ep 16450 | score   60.20 | avg100   68.86 | grasp100   0.0% | best 0.015 |     35 st/s
    done(50): t_flicker=49 t_touched=1
Ep 16500 | score   61.15 | avg100   66.69 | grasp100   0.0% | best 0.015 |     35 st/s
    done(50): t_flicker=49 t_touched=1
Ep 16550 | score   66.15 | avg100   71.10 | grasp100   0.0% | best 0.015 |     35 st/s
    done(50): t_flicker=49 t_touched=1
Ep 16600 | score   53.95 | avg100   69.67 | grasp100   0.0% | best 0.015 |     35 st/s
    done(50): t_flicker=50
Ep 16650 | score   57.76 | avg100   64.95 | grasp100   0.0% | best 0.015 |     35 st/s
    done(50): t_flicker=49 t_touched=1
Ep 16700 | score   75.00 | avg100   66.44 | grasp100   0.0% | best 0.015 |     35 st/s
    done(50): t_flicker=50
Ep 16750 | score   55.20 | avg100   66.78 | grasp100   0.0% | best 0.015 |     35 st/s
    done(50): t_flicker=49 t_touched=1
Ep 16800 | score   55.87 | avg100   66.58 | grasp100   0.0% | best 0.015 |     35 st/s
    done(50): t_flicker=50
Ep 16850 | score   56.92 | avg100   70.89 | grasp100   1.0% | best 0.015 |     35 st/s
    done(50): success=1 t_flicker=49
Ep 16900 | score   56.48 | avg100   72.26 | grasp100   2.0% | best 0.015 |     35 st/s
    done(50): success=1 t_flicker=48 t_touched=1
Ep 16950 | score   86.22 | avg100   74.94 | grasp100   1.0% | best 0.015 |     35 st/s
    done(50): t_flicker=49 t_touched=1
Ep 17000 | score   54.98 | avg100   77.42 | grasp100   0.0% | best 0.015 |     35 st/s
    done(50): t_flicker=49 t_touched=1
Ep 17050 | score   54.42 | avg100   73.32 | grasp100   0.0% | best 0.015 |     35 st/s
    done(50): t_flicker=50
Ep 17100 | score   86.67 | avg100   69.36 | grasp100   0.0% | best 0.015 |     35 st/s
    done(50): t_flicker=49 t_touched=1
Ep 17150 | score  154.48 | avg100   68.84 | grasp100   0.0% | best 0.015 |     35 st/s
    done(50): t_flicker=50
Ep 17200 | score   70.01 | avg100   69.51 | grasp100   0.0% | best 0.015 |     35 st/s
    done(50): t_flicker=47 t_touched=3
Ep 17250 | score  128.24 | avg100   68.39 | grasp100   0.0% | best 0.015 |     35 st/s
    done(50): t_flicker=49 t_touched=1
Ep 17300 | score   57.56 | avg100   69.18 | grasp100   0.0% | best 0.015 |     35 st/s
    done(50): t_flicker=50
Ep 17350 | score   57.85 | avg100   69.68 | grasp100   0.0% | best 0.015 |     35 st/s
    done(50): t_flicker=50
Ep 17400 | score   57.03 | avg100   73.57 | grasp100   0.0% | best 0.015 |     35 st/s
    done(50): t_flicker=50
Ep 17450 | score   56.87 | avg100   74.86 | grasp100   0.0% | best 0.015 |     35 st/s
    done(50): t_flicker=50
Ep 17500 | score   55.77 | avg100   69.74 | grasp100   0.0% | best 0.015 |     35 st/s
    done(50): t_flicker=50
Ep 17550 | score   89.11 | avg100   73.66 | grasp100   1.0% | best 0.015 |     35 st/s
    done(50): success=1 t_flicker=47 t_touched=2
  [primacy-bias reset of critic heads @ 650000 updates]
Ep 17600 | score   84.63 | avg100   74.13 | grasp100   1.0% | best 0.015 |     35 st/s
    done(50): t_flicker=50
Ep 17650 | score   57.59 | avg100   58.35 | grasp100   1.0% | best 0.015 |     35 st/s
    done(50): success=1 t_flicker=32 t_touched=8 t_no_reach=9
Ep 17700 | score   88.30 | avg100   59.55 | grasp100   1.0% | best 0.015 |     35 st/s
    done(50): t_flicker=49 t_touched=1
Ep 17750 | score   57.94 | avg100   74.97 | grasp100   0.0% | best 0.015 |     35 st/s
    done(50): t_flicker=48 t_touched=2
Ep 17800 | score  115.80 | avg100   75.70 | grasp100   0.0% | best 0.015 |     35 st/s
    done(50): t_flicker=48 t_touched=1 t_no_reach=1
Ep 17850 | score   78.09 | avg100   69.05 | grasp100   0.0% | best 0.015 |     35 st/s
    done(50): t_flicker=49 t_touched=1
Ep 17900 | score   57.45 | avg100   68.61 | grasp100   1.0% | best 0.015 |     35 st/s
    done(50): success=1 t_flicker=49
Ep 17950 | score   89.33 | avg100   70.55 | grasp100   1.0% | best 0.015 |     35 st/s
    done(50): t_flicker=50
Ep 18000 | score   58.08 | avg100   68.48 | grasp100   0.0% | best 0.015 |     35 st/s
    done(50): t_flicker=50
Ep 18050 | score   56.38 | avg100   71.36 | grasp100   0.0% | best 0.015 |     35 st/s
    done(50): t_flicker=49 t_touched=1
Ep 18100 | score   54.57 | avg100   70.63 | grasp100   0.0% | best 0.015 |     35 st/s
    done(50): t_flicker=50
Ep 18150 | score   57.82 | avg100   69.46 | grasp100   0.0% | best 0.015 |     35 st/s
    done(50): t_flicker=48 t_touched=2
Ep 18200 | score   63.66 | avg100   73.29 | grasp100   0.0% | best 0.015 |     35 st/s
    done(50): t_flicker=50
Ep 18250 | score   58.25 | avg100   72.87 | grasp100   0.0% | best 0.015 |     35 st/s
    done(50): t_flicker=49 t_touched=1
Ep 18300 | score   67.17 | avg100   71.97 | grasp100   0.0% | best 0.015 |     35 st/s
    done(50): t_flicker=49 t_touched=1
Ep 18350 | score   57.16 | avg100   68.70 | grasp100   0.0% | best 0.015 |     35 st/s
    done(50): t_flicker=50
Ep 18400 | score   53.98 | avg100   65.77 | grasp100   0.0% | best 0.015 |     35 st/s
    done(50): t_flicker=49 t_touched=1
Ep 18450 | score   58.66 | avg100   68.33 | grasp100   0.0% | best 0.015 |     35 st/s
    done(50): t_flicker=50
Ep 18500 | score   56.88 | avg100   68.66 | grasp100   0.0% | best 0.015 |     34 st/s
    done(50): t_flicker=50
Ep 18550 | score   58.21 | avg100   66.77 | grasp100   0.0% | best 0.015 |     34 st/s
    done(50): t_flicker=50
Ep 18600 | score  160.02 | avg100   71.51 | grasp100   0.0% | best 0.015 |     34 st/s
    done(50): t_flicker=50
Ep 18650 | score   58.18 | avg100   74.91 | grasp100   0.0% | best 0.015 |     34 st/s
    done(50): t_flicker=50
Ep 18700 | score   83.17 | avg100   71.01 | grasp100   0.0% | best 0.015 |     34 st/s
    done(50): t_flicker=50
Ep 18750 | score   57.78 | avg100   67.54 | grasp100   0.0% | best 0.015 |     34 st/s
    done(50): t_flicker=50
Ep 18800 | score   57.01 | avg100   70.56 | grasp100   0.0% | best 0.015 |     34 st/s
    done(50): t_flicker=50
Ep 18850 | score   89.06 | avg100   74.07 | grasp100   0.0% | best 0.015 |     34 st/s
    done(50): t_flicker=50
Ep 18900 | score   57.24 | avg100   72.42 | grasp100   0.0% | best 0.015 |     34 st/s
    done(50): t_flicker=50
Ep 18950 | score   58.20 | avg100   72.19 | grasp100   0.0% | best 0.015 |     34 st/s
    done(50): t_flicker=50
Ep 19000 | score   58.55 | avg100   70.97 | grasp100   0.0% | best 0.015 |     34 st/s
    done(50): t_flicker=50
Ep 19050 | score  144.54 | avg100   69.90 | grasp100   0.0% | best 0.015 |     34 st/s
    done(50): t_flicker=50
Ep 19100 | score   90.98 | avg100   69.77 | grasp100   0.0% | best 0.015 |     34 st/s
    done(50): t_flicker=50
Ep 19150 | score   66.34 | avg100   71.15 | grasp100   0.0% | best 0.015 |     34 st/s
    done(50): t_flicker=50
  [primacy-bias reset of critic heads @ 675000 updates]
Ep 19200 | score  -56.45 | avg100   58.89 | grasp100   0.0% | best 0.015 |     34 st/s
    done(50): t_flicker=33 t_touched=6 t_no_reach=11
Ep 19250 | score   66.97 | avg100   54.78 | grasp100   0.0% | best 0.015 |     34 st/s
    done(50): t_flicker=45 t_touched=3 t_no_reach=2
Ep 19300 | score  220.08 | avg100   71.57 | grasp100   1.0% | best 0.015 |     34 st/s
    done(50): success=1 t_flicker=46 t_touched=3
Ep 19350 | score   64.17 | avg100   71.54 | grasp100   1.0% | best 0.015 |     34 st/s
    done(50): t_flicker=50
Ep 19400 | score   59.92 | avg100   71.95 | grasp100   0.0% | best 0.015 |     34 st/s
    done(50): t_flicker=49 t_touched=1
Ep 19450 | score   56.63 | avg100   77.19 | grasp100   0.0% | best 0.015 |     34 st/s
    done(50): t_flicker=48 t_touched=2
Ep 19500 | score   54.22 | avg100   75.22 | grasp100   0.0% | best 0.015 |     34 st/s
    done(50): t_flicker=50
Ep 19550 | score   59.72 | avg100   71.67 | grasp100   0.0% | best 0.015 |     34 st/s
    done(50): t_flicker=50
Ep 19600 | score   58.61 | avg100   67.75 | grasp100   0.0% | best 0.015 |     34 st/s
    done(50): t_flicker=49 t_touched=1
Ep 19650 | score   57.17 | avg100   71.10 | grasp100   1.0% | best 0.015 |     34 st/s
    done(50): success=1 t_flicker=49
Ep 19700 | score   57.26 | avg100   70.68 | grasp100   1.0% | best 0.015 |     34 st/s
    done(50): t_flicker=50
Ep 19750 | score   97.69 | avg100   66.80 | grasp100   0.0% | best 0.015 |     34 st/s
    done(50): t_flicker=50
Ep 19800 | score   54.45 | avg100   70.63 | grasp100   0.0% | best 0.015 |     34 st/s
    done(50): t_flicker=50
Ep 19850 | score   59.36 | avg100   74.26 | grasp100   0.0% | best 0.015 |     34 st/s
    done(50): t_flicker=49 t_touched=1
Ep 19900 | score   58.22 | avg100   69.78 | grasp100   0.0% | best 0.015 |     34 st/s
    done(50): t_flicker=50
Ep 19950 | score   69.53 | avg100   64.53 | grasp100   0.0% | best 0.015 |     34 st/s
    done(50): t_flicker=50
Ep 20000 | score   98.61 | avg100   66.34 | grasp100   0.0% | best 0.015 |     34 st/s
    done(50): t_flicker=49 t_touched=1
Ep 20050 | score   57.81 | avg100   67.88 | grasp100   0.0% | best 0.015 |     34 st/s
    done(50): t_flicker=50
Ep 20100 | score   59.23 | avg100   67.58 | grasp100   0.0% | best 0.015 |     34 st/s
    done(50): t_flicker=50
Ep 20150 | score   72.46 | avg100   70.44 | grasp100   0.0% | best 0.015 |     34 st/s
    done(50): t_flicker=50
Ep 20200 | score   54.57 | avg100   68.25 | grasp100   0.0% | best 0.015 |     34 st/s
    done(50): t_flicker=50
Ep 20250 | score   54.57 | avg100   65.55 | grasp100   0.0% | best 0.015 |     34 st/s
    done(50): t_flicker=50
Ep 20300 | score   53.47 | avg100   70.35 | grasp100   0.0% | best 0.015 |     34 st/s
    done(50): t_flicker=50
Ep 20350 | score   72.00 | avg100   69.94 | grasp100   0.0% | best 0.015 |     34 st/s
    done(50): t_flicker=49 t_touched=1
Ep 20400 | score   56.86 | avg100   66.67 | grasp100   0.0% | best 0.015 |     34 st/s
    done(50): t_flicker=50
Ep 20450 | score   54.74 | avg100   69.44 | grasp100   0.0% | best 0.015 |     34 st/s
    done(50): t_flicker=49 t_no_reach=1
Ep 20500 | score   56.94 | avg100   68.76 | grasp100   0.0% | best 0.015 |     34 st/s
    done(50): t_flicker=49 t_touched=1
Ep 20550 | score   83.87 | avg100   66.15 | grasp100   0.0% | best 0.015 |     34 st/s
    done(50): t_flicker=49 t_touched=1
Ep 20600 | score   60.40 | avg100   66.34 | grasp100   0.0% | best 0.015 |     34 st/s
    done(50): t_flicker=48 t_touched=1 t_no_reach=1
Ep 20650 | score   74.90 | avg100   66.93 | grasp100   0.0% | best 0.015 |     34 st/s
    done(50): t_flicker=49 t_touched=1
Ep 20700 | score  166.47 | avg100   68.85 | grasp100   0.0% | best 0.015 |     34 st/s
    done(50): t_flicker=50
Ep 20750 | score   54.78 | avg100   69.64 | grasp100   0.0% | best 0.015 |     34 st/s
    done(50): t_flicker=49 t_touched=1
Ep 20800 | score   54.89 | avg100   69.38 | grasp100   0.0% | best 0.015 |     34 st/s
    done(50): t_flicker=50
  [primacy-bias reset of critic heads @ 700000 updates]
Ep 20850 | score   63.20 | avg100   68.95 | grasp100   0.0% | best 0.015 |     34 st/s
    done(50): t_flicker=48 t_touched=2
Ep 20900 | score  -72.45 | avg100   55.38 | grasp100   0.0% | best 0.015 |     34 st/s
    done(50): t_flicker=35 t_touched=11 t_no_reach=4
Ep 20950 | score   57.69 | avg100   56.74 | grasp100   0.0% | best 0.015 |     34 st/s
    done(50): t_flicker=48 t_touched=2
Ep 21000 | score   57.13 | avg100   70.75 | grasp100   0.0% | best 0.015 |     34 st/s
    done(50): t_flicker=49 t_touched=1
Ep 21050 | score   60.41 | avg100   71.67 | grasp100   0.0% | best 0.015 |     34 st/s
    done(50): t_flicker=50
Ep 21100 | score   69.29 | avg100   73.60 | grasp100   0.0% | best 0.015 |     34 st/s
    done(50): t_flicker=50
Ep 21150 | score   61.44 | avg100   73.83 | grasp100   0.0% | best 0.015 |     34 st/s
    done(50): t_flicker=50
Ep 21200 | score   91.04 | avg100   72.67 | grasp100   0.0% | best 0.015 |     34 st/s
    done(50): t_flicker=50
Ep 21250 | score  120.53 | avg100   72.26 | grasp100   1.0% | best 0.015 |     34 st/s
    done(50): success=1 t_flicker=49
Ep 21300 | score   57.37 | avg100   70.63 | grasp100   1.0% | best 0.015 |     34 st/s
    done(50): t_flicker=48 t_touched=2
Ep 21350 | score   59.00 | avg100   68.12 | grasp100   0.0% | best 0.015 |     34 st/s
    done(50): t_flicker=50
Ep 21400 | score   84.30 | avg100   68.32 | grasp100   0.0% | best 0.015 |     34 st/s
    done(50): t_flicker=50
Ep 21450 | score   59.27 | avg100   67.73 | grasp100   0.0% | best 0.015 |     34 st/s
    done(50): t_flicker=50
Ep 21500 | score   98.68 | avg100   67.37 | grasp100   0.0% | best 0.015 |     34 st/s
    done(50): t_flicker=50
Ep 21550 | score   55.35 | avg100   69.35 | grasp100   0.0% | best 0.015 |     34 st/s
    done(50): t_flicker=50
Ep 21600 | score   58.08 | avg100   69.74 | grasp100   1.0% | best 0.015 |     34 st/s
    done(50): success=1 t_flicker=49
Ep 21650 | score   59.06 | avg100   70.55 | grasp100   1.0% | best 0.015 |     34 st/s
    done(50): t_flicker=50
Ep 21700 | score  113.93 | avg100   72.81 | grasp100   0.0% | best 0.015 |     34 st/s
    done(50): t_flicker=50
Ep 21750 | score   49.59 | avg100   70.23 | grasp100   0.0% | best 0.015 |     34 st/s
    done(50): t_flicker=50
Ep 21800 | score  121.10 | avg100   70.53 | grasp100   0.0% | best 0.015 |     34 st/s
    done(50): t_flicker=50
Ep 21850 | score   61.53 | avg100   70.30 | grasp100   0.0% | best 0.015 |     34 st/s
    done(50): t_flicker=50
Ep 21900 | score   58.75 | avg100   69.56 | grasp100   0.0% | best 0.015 |     34 st/s
    done(50): t_flicker=50
Ep 21950 | score   54.83 | avg100   68.84 | grasp100   0.0% | best 0.015 |     34 st/s
    done(50): t_flicker=50
Ep 22000 | score   59.76 | avg100   67.05 | grasp100   0.0% | best 0.015 |     34 st/s
    done(50): t_flicker=50
Ep 22050 | score  123.79 | avg100   70.73 | grasp100   0.0% | best 0.015 |     34 st/s
    done(50): t_flicker=48 t_touched=1 t_no_reach=1
Ep 22100 | score   54.80 | avg100   72.42 | grasp100   0.0% | best 0.015 |     34 st/s
    done(50): t_flicker=50
Ep 22150 | score   57.62 | avg100   73.84 | grasp100   1.0% | best 0.015 |     34 st/s
    done(50): success=1 t_flicker=49
Ep 22200 | score   55.87 | avg100   74.56 | grasp100   1.0% | best 0.015 |     34 st/s
    done(50): t_flicker=50
Ep 22250 | score   56.23 | avg100   71.94 | grasp100   0.0% | best 0.015 |     34 st/s
    done(50): t_flicker=49 t_touched=1
Ep 22300 | score   53.75 | avg100   70.29 | grasp100   0.0% | best 0.015 |     34 st/s
    done(50): t_flicker=50
Ep 22350 | score  102.92 | avg100   68.52 | grasp100   0.0% | best 0.015 |     34 st/s
    done(50): t_flicker=48 t_touched=1 t_no_reach=1
  [primacy-bias reset of critic heads @ 725000 updates]
Ep 22400 | score    4.30 | avg100   61.71 | grasp100   0.0% | best 0.015 |     34 st/s
    done(50): t_flicker=42 t_touched=1 t_no_reach=7
Ep 22450 | score   88.23 | avg100   53.91 | grasp100   0.0% | best 0.015 |     34 st/s
    done(50): t_flicker=38 t_touched=8 t_no_reach=4
Ep 22500 | score   55.65 | avg100   60.13 | grasp100   0.0% | best 0.015 |     34 st/s
    done(50): t_flicker=47 t_touched=3
Ep 22550 | score   60.64 | avg100   70.88 | grasp100   1.0% | best 0.015 |     34 st/s
    done(50): success=1 t_flicker=49
Ep 22600 | score   55.90 | avg100   71.59 | grasp100   1.0% | best 0.015 |     34 st/s
    done(50): t_flicker=50
Ep 22650 | score   57.13 | avg100   73.29 | grasp100   0.0% | best 0.015 |     34 st/s
    done(50): t_flicker=50
Ep 22700 | score   97.75 | avg100   69.90 | grasp100   0.0% | best 0.015 |     34 st/s
    done(50): t_flicker=50
Ep 22750 | score   55.79 | avg100   62.71 | grasp100   0.0% | best 0.015 |     34 st/s
    done(50): t_flicker=50
Ep 22800 | score   54.44 | avg100   65.80 | grasp100   0.0% | best 0.015 |     34 st/s
    done(50): t_flicker=50
Ep 22850 | score   60.24 | avg100   69.04 | grasp100   0.0% | best 0.015 |     34 st/s
    done(50): t_flicker=50
Ep 22900 | score   54.53 | avg100   69.94 | grasp100   0.0% | best 0.015 |     34 st/s
    done(50): t_flicker=49 t_touched=1
Ep 22950 | score   63.83 | avg100   70.19 | grasp100   0.0% | best 0.015 |     34 st/s
    done(50): t_flicker=50
Ep 23000 | score   56.15 | avg100   66.28 | grasp100   0.0% | best 0.015 |     34 st/s
    done(50): t_flicker=50
Ep 23050 | score   56.70 | avg100   64.06 | grasp100   0.0% | best 0.015 |     34 st/s
    done(50): t_flicker=50
Ep 23100 | score   55.02 | avg100   66.04 | grasp100   0.0% | best 0.015 |     34 st/s
    done(50): t_flicker=50
Ep 23150 | score  180.10 | avg100   64.84 | grasp100   0.0% | best 0.015 |     34 st/s
    done(50): t_flicker=50
Ep 23200 | score   53.13 | avg100   64.65 | grasp100   0.0% | best 0.015 |     34 st/s
    done(50): t_flicker=50
Ep 23250 | score   56.24 | avg100   66.31 | grasp100   0.0% | best 0.015 |     34 st/s
    done(50): t_flicker=50
Ep 23300 | score   56.38 | avg100   63.76 | grasp100   0.0% | best 0.015 |     34 st/s
    done(50): t_flicker=50
Ep 23350 | score   54.52 | avg100   64.45 | grasp100   0.0% | best 0.015 |     34 st/s
    done(50): t_flicker=49 t_touched=1
Ep 23400 | score   58.07 | avg100   67.80 | grasp100   0.0% | best 0.015 |     34 st/s
    done(50): t_flicker=50
Ep 23450 | score   57.21 | avg100   66.51 | grasp100   0.0% | best 0.015 |     34 st/s
    done(50): t_flicker=50
Ep 23500 | score   53.16 | avg100   63.67 | grasp100   0.0% | best 0.015 |     34 st/s
    done(50): t_flicker=50
Ep 23550 | score   57.11 | avg100   67.31 | grasp100   0.0% | best 0.015 |     33 st/s
    done(50): t_flicker=50
Ep 23600 | score   61.33 | avg100   69.46 | grasp100   0.0% | best 0.015 |     33 st/s
    done(50): t_flicker=50
Ep 23650 | score   56.41 | avg100   65.75 | grasp100   0.0% | best 0.015 |     33 st/s
    done(50): t_flicker=50
Ep 23700 | score   56.47 | avg100   65.56 | grasp100   0.0% | best 0.015 |     33 st/s
    done(50): t_flicker=50
Ep 23750 | score   54.70 | avg100   66.68 | grasp100   0.0% | best 0.015 |     33 st/s
    done(50): t_flicker=50
Ep 23800 | score   92.08 | avg100   67.62 | grasp100   0.0% | best 0.015 |     33 st/s
    done(50): t_flicker=50
Ep 23850 | score   62.40 | avg100   71.05 | grasp100   0.0% | best 0.015 |     33 st/s
    done(50): t_flicker=50
Ep 23900 | score   55.80 | avg100   68.53 | grasp100   0.0% | best 0.015 |     33 st/s
    done(50): t_flicker=50
Ep 23950 | score   55.43 | avg100   67.30 | grasp100   0.0% | best 0.015 |     33 st/s
    done(50): t_flicker=50
========================================================================
RANDOM-SPAWN GRASP RETRAINING  |  algo=td3_ln  run=td3_ln_cereal_base_s1
========================================================================
  Envs                : 5 (subprocess-parallel, fork)
  Spawn level         : 2.0 (1.0 = full position box, 2.0 = + z-rotation)
  Updates/vec-step    : 2 (0.400 per env-step; historical baseline 0.5)
  Buffer              : 2,000,000
  Actor               : 64 -> 32  (5,216 weights)  [critics 512->256]
  Warm start          : checkpoints/td3_grasp_rand_best_0355_backup
  Checkpoints         : /home/fahim/Thesis_fahim/pickandplace/checkpoints/td3_grasp_rand_td3_ln_cereal_base_s1
========================================================================

Spawning 5 subprocess environments (fork)...
[robosuite WARNING] No private macro file found! (__init__.py:7)
[robosuite WARNING] No private macro file found! (__init__.py:7)
[robosuite WARNING] No private macro file found! (__init__.py:7)
[robosuite WARNING] It is recommended to use a private macro file (__init__.py:8)
[robosuite WARNING] It is recommended to use a private macro file (__init__.py:8)
[robosuite WARNING] It is recommended to use a private macro file (__init__.py:8)
[robosuite WARNING] To setup, run: python /home/fahim/Thesis_fahim/venv/lib/python3.12/site-packages/robosuite/scripts/setup_macros.py (__init__.py:9)
[robosuite WARNING] To setup, run: python /home/fahim/Thesis_fahim/venv/lib/python3.12/site-packages/robosuite/scripts/setup_macros.py (__init__.py:9)
[robosuite WARNING] To setup, run: python /home/fahim/Thesis_fahim/venv/lib/python3.12/site-packages/robosuite/scripts/setup_macros.py (__init__.py:9)
[robosuite WARNING] No private macro file found! (__init__.py:7)
[robosuite WARNING] It is recommended to use a private macro file (__init__.py:8)
[robosuite WARNING] To setup, run: python /home/fahim/Thesis_fahim/venv/lib/python3.12/site-packages/robosuite/scripts/setup_macros.py (__init__.py:9)
[robosuite WARNING] No private macro file found! (__init__.py:7)
[robosuite WARNING] It is recommended to use a private macro file (__init__.py:8)
[robosuite WARNING] To setup, run: python /home/fahim/Thesis_fahim/venv/lib/python3.12/site-packages/robosuite/scripts/setup_macros.py (__init__.py:9)
Gym has been unmaintained since 2022 and does not support NumPy 2.0 amongst other critical functionality.
Please upgrade to Gymnasium, the maintained drop-in replacement of Gym, or contact the authors of your software and request that they upgrade.
See the migration guide at https://gymnasium.farama.org/introduction/migration_guide/ for additional information.
Gym has been unmaintained since 2022 and does not support NumPy 2.0 amongst other critical functionality.
Please upgrade to Gymnasium, the maintained drop-in replacement of Gym, or contact the authors of your software and request that they upgrade.
See the migration guide at https://gymnasium.farama.org/introduction/migration_guide/ for additional information.
Gym has been unmaintained since 2022 and does not support NumPy 2.0 amongst other critical functionality.
Please upgrade to Gymnasium, the maintained drop-in replacement of Gym, or contact the authors of your software and request that they upgrade.
See the migration guide at https://gymnasium.farama.org/introduction/migration_guide/ for additional information.Gym has been unmaintained since 2022 and does not support NumPy 2.0 amongst other critical functionality.
Please upgrade to Gymnasium, the maintained drop-in replacement of Gym, or contact the authors of your software and request that they upgrade.
See the migration guide at https://gymnasium.farama.org/introduction/migration_guide/ for additional information.

Gym has been unmaintained since 2022 and does not support NumPy 2.0 amongst other critical functionality.
Please upgrade to Gymnasium, the maintained drop-in replacement of Gym, or contact the authors of your software and request that they upgrade.
See the migration guide at https://gymnasium.farama.org/introduction/migration_guide/ for additional information.
/home/fahim/Thesis_fahim/venv/lib/python3.12/site-packages/gym/spaces/box.py:84: UserWarning: [33mWARN: Box bound precision lowered by casting to float32[0m
  logger.warn(f"Box bound precision lowered by casting to {self.dtype}")
/home/fahim/Thesis_fahim/venv/lib/python3.12/site-packages/gym/spaces/box.py:84: UserWarning: [33mWARN: Box bound precision lowered by casting to float32[0m
  logger.warn(f"Box bound precision lowered by casting to {self.dtype}")
/home/fahim/Thesis_fahim/venv/lib/python3.12/site-packages/gym/spaces/box.py:84: UserWarning: [33mWARN: Box bound precision lowered by casting to float32[0m
  logger.warn(f"Box bound precision lowered by casting to {self.dtype}")
/home/fahim/Thesis_fahim/venv/lib/python3.12/site-packages/gym/spaces/box.py:84: UserWarning: [33mWARN: Box bound precision lowered by casting to float32[0m
  logger.warn(f"Box bound precision lowered by casting to {self.dtype}")
/home/fahim/Thesis_fahim/venv/lib/python3.12/site-packages/gym/spaces/box.py:84: UserWarning: [33mWARN: Box bound precision lowered by casting to float32[0m
  logger.warn(f"Box bound precision lowered by casting to {self.dtype}")
Gym has been unmaintained since 2022 and does not support NumPy 2.0 amongst other critical functionality.
Please upgrade to Gymnasium, the maintained drop-in replacement of Gym, or contact the authors of your software and request that they upgrade.
See the migration guide at https://gymnasium.farama.org/introduction/migration_guide/ for additional information.
5 environments ready.

========================================================================
RANDOM-SPAWN GRASP RETRAINING  |  algo=td3_ln  run=td3_ln_cereal_base_s1
========================================================================
  Envs                : 5 (subprocess-parallel, fork)
  Spawn level         : 2.0 (1.0 = full position box, 2.0 = + z-rotation)
  Updates/vec-step    : 2 (0.400 per env-step; historical baseline 0.5)
  Buffer              : 2,000,000
  Actor               : 64 -> 32  (5,216 weights)  [critics 512->256]
  Warm start          : checkpoints/td3_grasp_rand_best_0355_backup
  Checkpoints         : /home/fahim/Thesis_fahim/pickandplace/checkpoints/td3_grasp_rand_td3_ln_cereal_base_s1
========================================================================

Spawning 5 subprocess environments (fork)...
[robosuite WARNING] No private macro file found! (__init__.py:7)
[robosuite WARNING] It is recommended to use a private macro file (__init__.py:8)
[robosuite WARNING] To setup, run: python /home/fahim/Thesis_fahim/venv/lib/python3.12/site-packages/robosuite/scripts/setup_macros.py (__init__.py:9)
[robosuite WARNING] No private macro file found! (__init__.py:7)
[robosuite WARNING] It is recommended to use a private macro file (__init__.py:8)
[robosuite WARNING] To setup, run: python /home/fahim/Thesis_fahim/venv/lib/python3.12/site-packages/robosuite/scripts/setup_macros.py (__init__.py:9)
[robosuite WARNING] No private macro file found! (__init__.py:7)
[robosuite WARNING] It is recommended to use a private macro file (__init__.py:8)
[robosuite WARNING] To setup, run: python /home/fahim/Thesis_fahim/venv/lib/python3.12/site-packages/robosuite/scripts/setup_macros.py (__init__.py:9)
[robosuite WARNING] No private macro file found! (__init__.py:7)
[robosuite WARNING] It is recommended to use a private macro file (__init__.py:8)
[robosuite WARNING] To setup, run: python /home/fahim/Thesis_fahim/venv/lib/python3.12/site-packages/robosuite/scripts/setup_macros.py (__init__.py:9)
[robosuite WARNING] No private macro file found! (__init__.py:7)
[robosuite WARNING] It is recommended to use a private macro file (__init__.py:8)
[robosuite WARNING] To setup, run: python /home/fahim/Thesis_fahim/venv/lib/python3.12/site-packages/robosuite/scripts/setup_macros.py (__init__.py:9)
Gym has been unmaintained since 2022 and does not support NumPy 2.0 amongst other critical functionality.
Please upgrade to Gymnasium, the maintained drop-in replacement of Gym, or contact the authors of your software and request that they upgrade.
See the migration guide at https://gymnasium.farama.org/introduction/migration_guide/ for additional information.
Gym has been unmaintained since 2022 and does not support NumPy 2.0 amongst other critical functionality.
Please upgrade to Gymnasium, the maintained drop-in replacement of Gym, or contact the authors of your software and request that they upgrade.
See the migration guide at https://gymnasium.farama.org/introduction/migration_guide/ for additional information.
Gym has been unmaintained since 2022 and does not support NumPy 2.0 amongst other critical functionality.
Please upgrade to Gymnasium, the maintained drop-in replacement of Gym, or contact the authors of your software and request that they upgrade.
See the migration guide at https://gymnasium.farama.org/introduction/migration_guide/ for additional information.
Gym has been unmaintained since 2022 and does not support NumPy 2.0 amongst other critical functionality.
Please upgrade to Gymnasium, the maintained drop-in replacement of Gym, or contact the authors of your software and request that they upgrade.
See the migration guide at https://gymnasium.farama.org/introduction/migration_guide/ for additional information.
Gym has been unmaintained since 2022 and does not support NumPy 2.0 amongst other critical functionality.
Please upgrade to Gymnasium, the maintained drop-in replacement of Gym, or contact the authors of your software and request that they upgrade.
See the migration guide at https://gymnasium.farama.org/introduction/migration_guide/ for additional information.
/home/fahim/Thesis_fahim/venv/lib/python3.12/site-packages/gym/spaces/box.py:84: UserWarning: [33mWARN: Box bound precision lowered by casting to float32[0m
  logger.warn(f"Box bound precision lowered by casting to {self.dtype}")
/home/fahim/Thesis_fahim/venv/lib/python3.12/site-packages/gym/spaces/box.py:84: UserWarning: [33mWARN: Box bound precision lowered by casting to float32[0m
  logger.warn(f"Box bound precision lowered by casting to {self.dtype}")
/home/fahim/Thesis_fahim/venv/lib/python3.12/site-packages/gym/spaces/box.py:84: UserWarning: [33mWARN: Box bound precision lowered by casting to float32[0m
  logger.warn(f"Box bound precision lowered by casting to {self.dtype}")
/home/fahim/Thesis_fahim/venv/lib/python3.12/site-packages/gym/spaces/box.py:84: UserWarning: [33mWARN: Box bound precision lowered by casting to float32[0m
  logger.warn(f"Box bound precision lowered by casting to {self.dtype}")
/home/fahim/Thesis_fahim/venv/lib/python3.12/site-packages/gym/spaces/box.py:84: UserWarning: [33mWARN: Box bound precision lowered by casting to float32[0m
  logger.warn(f"Box bound precision lowered by casting to {self.dtype}")
Gym has been unmaintained since 2022 and does not support NumPy 2.0 amongst other critical functionality.
Please upgrade to Gymnasium, the maintained drop-in replacement of Gym, or contact the authors of your software and request that they upgrade.
See the migration guide at https://gymnasium.farama.org/introduction/migration_guide/ for additional information.
5 environments ready.

  Actor QAT           : per-tensor INT8 fake-quant, STE grads
  Actor weight clip   : |w| <= 8.0 * std(w) per Linear tensor (bi_s0 baseline fc1 9.96 / fc2 10.82)
Init: resumed (cold run) (source: /home/fahim/Thesis_fahim/pickandplace/checkpoints/td3_grasp_rand_best_0355_backup)
Resumed replay buffer (1,863,717 transitions).

Training...

Ep    50 | score   56.62 | avg100   64.37 | grasp100   0.0% | best 0.000 |     28 st/s
    done(50): t_flicker=49 t_touched=1
Ep   100 | score   54.16 | avg100   66.77 | grasp100   1.0% | best 0.000 |     27 st/s
    done(50): success=1 t_flicker=49
Ep   150 | score   92.08 | avg100   70.00 | grasp100   1.0% | best 0.000 |     28 st/s
    done(50): t_flicker=50
Ep   200 | score   58.14 | avg100   68.81 | grasp100   0.0% | best 0.000 |     28 st/s
    done(50): t_flicker=50
Ep   250 | score   60.45 | avg100   72.38 | grasp100   0.0% | best 0.000 |     28 st/s
    done(50): t_flicker=50
Ep   300 | score   57.84 | avg100   72.05 | grasp100   0.0% | best 0.000 |     28 st/s
    done(50): t_flicker=50
Ep   350 | score   57.01 | avg100   64.70 | grasp100   0.0% | best 0.000 |     28 st/s
    done(50): t_flicker=50
Ep   400 | score   57.14 | avg100   68.49 | grasp100   0.0% | best 0.000 |     28 st/s
    done(50): t_flicker=50
Ep   450 | score   55.35 | avg100   71.10 | grasp100   0.0% | best 0.000 |     28 st/s
    done(50): t_flicker=50
Ep   500 | score   57.55 | avg100   69.01 | grasp100   0.0% | best 0.000 |     28 st/s
    done(50): t_flicker=50
Ep   550 | score   54.95 | avg100   68.78 | grasp100   0.0% | best 0.000 |     26 st/s
    done(50): t_flicker=50
Ep   600 | score   59.20 | avg100   69.26 | grasp100   0.0% | best 0.000 |     26 st/s
    done(50): t_flicker=50
Ep   650 | score   62.92 | avg100   73.75 | grasp100   1.0% | best 0.000 |     26 st/s
    done(50): success=1 t_flicker=46 t_touched=2 t_no_reach=1
Ep   700 | score   55.84 | avg100   73.37 | grasp100   1.0% | best 0.000 |     27 st/s
    done(50): t_flicker=50
Ep   750 | score   71.13 | avg100   71.30 | grasp100   0.0% | best 0.000 |     27 st/s
    done(50): t_flicker=49 t_touched=1
Ep   800 | score   55.89 | avg100   71.51 | grasp100   0.0% | best 0.000 |     27 st/s
    done(50): t_flicker=50
Ep   850 | score   66.11 | avg100   69.65 | grasp100   0.0% | best 0.000 |     28 st/s
    done(50): t_flicker=49 t_touched=1
Ep   900 | score   57.04 | avg100   74.85 | grasp100   0.0% | best 0.000 |     28 st/s
    done(50): t_flicker=50
Ep   950 | score   59.06 | avg100   77.37 | grasp100   0.0% | best 0.000 |     28 st/s
    done(50): t_flicker=49 t_touched=1
Ep  1000 | score   72.98 | avg100   73.36 | grasp100   0.0% | best 0.000 |     28 st/s
    done(50): t_flicker=50
Ep  1050 | score   57.96 | avg100   74.54 | grasp100   0.0% | best 0.000 |     27 st/s
    done(50): t_flicker=49 t_touched=1
Ep  1100 | score   57.88 | avg100   70.73 | grasp100   0.0% | best 0.000 |     27 st/s
    done(50): t_flicker=50
========================================================================
RANDOM-SPAWN GRASP RETRAINING  |  algo=td3_ln  run=td3_ln_cereal_base_s1
========================================================================
  Envs                : 5 (subprocess-parallel, fork)
  Spawn level         : 2.0 (1.0 = full position box, 2.0 = + z-rotation)
  Updates/vec-step    : 2 (0.400 per env-step; historical baseline 0.5)
  Buffer              : 2,000,000
  Actor               : 64 -> 32  (5,216 weights)  [critics 512->256]
  Warm start          : checkpoints/td3_grasp_rand_best_0355_backup
  Checkpoints         : /home/fahim/Thesis_fahim/pickandplace/checkpoints/td3_grasp_rand_td3_ln_cereal_base_s1
========================================================================

Spawning 5 subprocess environments (fork)...
[robosuite WARNING] No private macro file found! (__init__.py:7)
[robosuite WARNING] It is recommended to use a private macro file (__init__.py:8)
[robosuite WARNING] To setup, run: python /home/fahim/Thesis_fahim/venv/lib/python3.12/site-packages/robosuite/scripts/setup_macros.py (__init__.py:9)
[robosuite WARNING] No private macro file found! (__init__.py:7)
[robosuite WARNING] It is recommended to use a private macro file (__init__.py:8)
[robosuite WARNING] To setup, run: python /home/fahim/Thesis_fahim/venv/lib/python3.12/site-packages/robosuite/scripts/setup_macros.py (__init__.py:9)
[robosuite WARNING] No private macro file found! (__init__.py:7)
[robosuite WARNING] It is recommended to use a private macro file (__init__.py:8)
[robosuite WARNING] To setup, run: python /home/fahim/Thesis_fahim/venv/lib/python3.12/site-packages/robosuite/scripts/setup_macros.py (__init__.py:9)
[robosuite WARNING] No private macro file found! (__init__.py:7)
[robosuite WARNING] It is recommended to use a private macro file (__init__.py:8)
[robosuite WARNING] To setup, run: python /home/fahim/Thesis_fahim/venv/lib/python3.12/site-packages/robosuite/scripts/setup_macros.py (__init__.py:9)
[robosuite WARNING] No private macro file found! (__init__.py:7)
[robosuite WARNING] It is recommended to use a private macro file (__init__.py:8)
[robosuite WARNING] To setup, run: python /home/fahim/Thesis_fahim/venv/lib/python3.12/site-packages/robosuite/scripts/setup_macros.py (__init__.py:9)
Gym has been unmaintained since 2022 and does not support NumPy 2.0 amongst other critical functionality.
Please upgrade to Gymnasium, the maintained drop-in replacement of Gym, or contact the authors of your software and request that they upgrade.
See the migration guide at https://gymnasium.farama.org/introduction/migration_guide/ for additional information.
Gym has been unmaintained since 2022 and does not support NumPy 2.0 amongst other critical functionality.
Please upgrade to Gymnasium, the maintained drop-in replacement of Gym, or contact the authors of your software and request that they upgrade.
See the migration guide at https://gymnasium.farama.org/introduction/migration_guide/ for additional information.
Gym has been unmaintained since 2022 and does not support NumPy 2.0 amongst other critical functionality.
Please upgrade to Gymnasium, the maintained drop-in replacement of Gym, or contact the authors of your software and request that they upgrade.
See the migration guide at https://gymnasium.farama.org/introduction/migration_guide/ for additional information.
Gym has been unmaintained since 2022 and does not support NumPy 2.0 amongst other critical functionality.
Please upgrade to Gymnasium, the maintained drop-in replacement of Gym, or contact the authors of your software and request that they upgrade.
See the migration guide at https://gymnasium.farama.org/introduction/migration_guide/ for additional information.
Gym has been unmaintained since 2022 and does not support NumPy 2.0 amongst other critical functionality.
Please upgrade to Gymnasium, the maintained drop-in replacement of Gym, or contact the authors of your software and request that they upgrade.
See the migration guide at https://gymnasium.farama.org/introduction/migration_guide/ for additional information.
/home/fahim/Thesis_fahim/venv/lib/python3.12/site-packages/gym/spaces/box.py:84: UserWarning: [33mWARN: Box bound precision lowered by casting to float32[0m
  logger.warn(f"Box bound precision lowered by casting to {self.dtype}")
/home/fahim/Thesis_fahim/venv/lib/python3.12/site-packages/gym/spaces/box.py:84: UserWarning: [33mWARN: Box bound precision lowered by casting to float32[0m
  logger.warn(f"Box bound precision lowered by casting to {self.dtype}")
/home/fahim/Thesis_fahim/venv/lib/python3.12/site-packages/gym/spaces/box.py:84: UserWarning: [33mWARN: Box bound precision lowered by casting to float32[0m
  logger.warn(f"Box bound precision lowered by casting to {self.dtype}")
/home/fahim/Thesis_fahim/venv/lib/python3.12/site-packages/gym/spaces/box.py:84: UserWarning: [33mWARN: Box bound precision lowered by casting to float32[0m
  logger.warn(f"Box bound precision lowered by casting to {self.dtype}")
/home/fahim/Thesis_fahim/venv/lib/python3.12/site-packages/gym/spaces/box.py:84: UserWarning: [33mWARN: Box bound precision lowered by casting to float32[0m
  logger.warn(f"Box bound precision lowered by casting to {self.dtype}")
Gym has been unmaintained since 2022 and does not support NumPy 2.0 amongst other critical functionality.
Please upgrade to Gymnasium, the maintained drop-in replacement of Gym, or contact the authors of your software and request that they upgrade.
See the migration guide at https://gymnasium.farama.org/introduction/migration_guide/ for additional information.
5 environments ready.

  Actor QAT           : per-tensor INT8 fake-quant, STE grads
  Actor weight clip   : |w| <= 8.0 * std(w) per Linear tensor (bi_s0 baseline fc1 9.96 / fc2 10.82)
Init: resumed (cold run) (source: /home/fahim/Thesis_fahim/pickandplace/checkpoints/td3_grasp_rand_best_0355_backup)
Resumed replay buffer (1,900,081 transitions).

Training...

Ep    50 | score   57.37 | avg100   67.52 | grasp100   0.0% | best 0.000 |     29 st/s
    done(50): t_flicker=49 t_touched=1
Ep   100 | score  101.33 | avg100   69.53 | grasp100   0.0% | best 0.000 |     29 st/s
    done(50): t_flicker=50
Ep   150 | score   95.84 | avg100   70.53 | grasp100   0.0% | best 0.000 |     29 st/s
    done(50): t_flicker=50
Ep   200 | score   78.44 | avg100   67.99 | grasp100   0.0% | best 0.000 |     29 st/s
    done(50): t_flicker=49 t_no_reach=1
Ep   250 | score   56.98 | avg100   65.60 | grasp100   0.0% | best 0.000 |     29 st/s
    done(50): t_flicker=49 t_touched=1
Ep   300 | score   66.06 | avg100   65.22 | grasp100   0.0% | best 0.000 |     29 st/s
    done(50): t_flicker=50
Ep   350 | score   57.24 | avg100   65.78 | grasp100   0.0% | best 0.000 |     29 st/s
    done(50): t_flicker=50
Ep   400 | score   54.19 | avg100   65.63 | grasp100   0.0% | best 0.000 |     29 st/s
    done(50): t_flicker=50
Ep   450 | score   56.88 | avg100   68.57 | grasp100   0.0% | best 0.000 |     29 st/s
    done(50): t_flicker=49 t_touched=1
Ep   500 | score   57.03 | avg100   68.92 | grasp100   0.0% | best 0.000 |     29 st/s
    done(50): t_flicker=50
Ep   550 | score   57.05 | avg100   67.36 | grasp100   0.0% | best 0.000 |     26 st/s
    done(50): t_flicker=50
Ep   600 | score   67.32 | avg100   67.52 | grasp100   0.0% | best 0.000 |     27 st/s
    done(50): t_flicker=50
Ep   650 | score   67.24 | avg100   66.34 | grasp100   0.0% | best 0.000 |     27 st/s
    done(50): t_flicker=49 t_touched=1
Ep   700 | score   44.79 | avg100   69.01 | grasp100   0.0% | best 0.000 |     27 st/s
    done(50): t_flicker=50
Ep   750 | score   55.29 | avg100   68.96 | grasp100   0.0% | best 0.000 |     28 st/s
    done(50): t_flicker=50
Ep   800 | score   55.92 | avg100   67.28 | grasp100   0.0% | best 0.000 |     28 st/s
    done(50): t_flicker=50
Ep   850 | score  104.65 | avg100   68.41 | grasp100   0.0% | best 0.000 |     28 st/s
    done(50): t_flicker=49 t_touched=1
Ep   900 | score  104.97 | avg100   66.85 | grasp100   0.0% | best 0.000 |     28 st/s
    done(50): t_flicker=50
Ep   950 | score   55.62 | avg100   66.21 | grasp100   0.0% | best 0.000 |     28 st/s
    done(50): t_flicker=48 t_touched=2
Ep  1000 | score   56.74 | avg100   67.40 | grasp100   0.0% | best 0.000 |     28 st/s
    done(50): t_flicker=49 t_touched=1
Ep  1050 | score   59.04 | avg100   69.44 | grasp100   0.0% | best 0.000 |     27 st/s
    done(50): t_flicker=49 t_touched=1
Ep  1100 | score   86.74 | avg100   72.27 | grasp100   0.0% | best 0.000 |     27 st/s
    done(50): t_flicker=50
Ep  1150 | score   41.49 | avg100   73.50 | grasp100   0.0% | best 0.000 |     27 st/s
    done(50): t_flicker=50
Ep  1200 | score   60.30 | avg100   69.90 | grasp100   0.0% | best 0.000 |     27 st/s
    done(50): t_flicker=48 t_touched=2
Ep  1250 | score   59.84 | avg100   68.42 | grasp100   0.0% | best 0.000 |     27 st/s
    done(50): t_flicker=50
Ep  1300 | score   57.84 | avg100   69.17 | grasp100   0.0% | best 0.000 |     28 st/s
    done(50): t_flicker=49 t_touched=1
Ep  1350 | score   57.72 | avg100   72.21 | grasp100   1.0% | best 0.000 |     28 st/s
    done(50): success=1 t_flicker=49
Ep  1400 | score   36.05 | avg100   74.10 | grasp100   1.0% | best 0.000 |     28 st/s
    done(50): t_flicker=48 t_touched=2
Ep  1450 | score   59.34 | avg100   68.76 | grasp100   0.0% | best 0.000 |     28 st/s
    done(50): t_flicker=50
Ep  1500 | score   63.81 | avg100   67.89 | grasp100   0.0% | best 0.000 |     28 st/s
    done(50): t_flicker=49 t_touched=1
Ep  1550 | score  140.66 | avg100   71.94 | grasp100   0.0% | best 0.000 |     27 st/s
    done(50): t_flicker=50
Ep  1600 | score   59.67 | avg100   71.74 | grasp100   0.0% | best 0.000 |     27 st/s
    done(50): t_flicker=50
Ep  1650 | score   57.35 | avg100   68.21 | grasp100   0.0% | best 0.000 |     27 st/s
    done(50): t_flicker=49 t_touched=1
Ep  1700 | score   58.34 | avg100   69.28 | grasp100   1.0% | best 0.000 |     27 st/s
    done(50): success=1 t_flicker=47 t_touched=2
Ep  1750 | score  113.61 | avg100   68.81 | grasp100   1.0% | best 0.000 |     27 st/s
    done(50): t_flicker=50
Ep  1800 | score   58.79 | avg100   65.44 | grasp100   0.0% | best 0.000 |     27 st/s
    done(50): t_flicker=49 t_touched=1
Ep  1850 | score   56.05 | avg100   66.81 | grasp100   0.0% | best 0.000 |     27 st/s
    done(50): t_flicker=50
Ep  1900 | score   56.24 | avg100   70.87 | grasp100   0.0% | best 0.000 |     27 st/s
    done(50): t_flicker=50
Ep  1950 | score   95.64 | avg100   72.27 | grasp100   0.0% | best 0.000 |     28 st/s
    done(50): t_flicker=50
Ep  2000 | score   58.73 | avg100   70.47 | grasp100   0.0% | best 0.000 |     28 st/s
    done(50): t_flicker=50
Ep  2050 | score   56.89 | avg100   69.29 | grasp100   0.0% | best 0.000 |     27 st/s
    done(50): t_flicker=50
Ep  2100 | score   54.65 | avg100   67.91 | grasp100   0.0% | best 0.000 |     27 st/s
    done(50): t_flicker=50
  [primacy-bias reset of critic heads @ 25000 updates]
Ep  2150 | score   56.19 | avg100   67.80 | grasp100   0.0% | best 0.000 |     27 st/s
    done(50): t_flicker=50
Ep  2200 | score    3.67 | avg100   44.47 | grasp100   1.0% | best 0.000 |     27 st/s
    done(50): success=1 t_flicker=17 t_touched=8 t_no_reach=24
Ep  2250 | score   42.10 | avg100   36.81 | grasp100   1.0% | best 0.000 |     27 st/s
    done(50): t_flicker=43 t_touched=4 t_no_reach=3
Ep  2300 | score   58.09 | avg100   57.95 | grasp100   0.0% | best 0.000 |     27 st/s
    done(50): t_flicker=49 t_touched=1
Ep  2350 | score   59.39 | avg100   62.85 | grasp100   0.0% | best 0.000 |     27 st/s
    done(50): t_flicker=47 t_touched=3
Ep  2400 | score   82.95 | avg100   62.32 | grasp100   0.0% | best 0.000 |     27 st/s
    done(50): t_flicker=48 t_touched=1 t_no_reach=1
Ep  2450 | score   55.89 | avg100   61.04 | grasp100   0.0% | best 0.000 |     28 st/s
    done(50): t_flicker=49 t_touched=1
Ep  2500 | score   58.40 | avg100   63.57 | grasp100   0.0% | best 0.000 |     28 st/s
    done(50): t_flicker=50
Ep  2550 | score   55.65 | avg100   65.98 | grasp100   0.0% | best 0.000 |     27 st/s
    done(50): t_flicker=49 t_touched=1
Ep  2600 | score   27.49 | avg100   63.55 | grasp100   0.0% | best 0.000 |     27 st/s
    done(50): t_flicker=49 t_touched=1
Ep  2650 | score   55.86 | avg100   63.99 | grasp100   0.0% | best 0.000 |     27 st/s
    done(50): t_flicker=50
Ep  2700 | score  111.84 | avg100   66.38 | grasp100   0.0% | best 0.000 |     27 st/s
    done(50): t_flicker=50
Ep  2750 | score   56.51 | avg100   64.65 | grasp100   1.0% | best 0.000 |     27 st/s
    done(50): success=1 t_flicker=49
Ep  2800 | score   55.15 | avg100   64.94 | grasp100   1.0% | best 0.000 |     27 st/s
    done(50): t_flicker=50
Ep  2850 | score   59.74 | avg100   66.72 | grasp100   0.0% | best 0.000 |     27 st/s
    done(50): t_flicker=49 t_no_reach=1
Ep  2900 | score   61.58 | avg100   68.71 | grasp100   0.0% | best 0.000 |     27 st/s
    done(50): t_flicker=50
Ep  2950 | score   56.35 | avg100   71.14 | grasp100   1.0% | best 0.000 |     27 st/s
    done(50): success=1 t_flicker=49
Ep  3000 | score   56.83 | avg100   68.98 | grasp100   1.0% | best 0.000 |     27 st/s
    done(50): t_flicker=48 t_touched=2
Ep  3050 | score   55.32 | avg100   66.10 | grasp100   0.0% | best 0.000 |     27 st/s
    done(50): t_flicker=50
Ep  3100 | score   56.46 | avg100   70.50 | grasp100   0.0% | best 0.000 |     27 st/s
    done(50): t_flicker=50
Ep  3150 | score   95.51 | avg100   71.67 | grasp100   0.0% | best 0.000 |     27 st/s
    done(50): t_flicker=50
Ep  3200 | score   56.62 | avg100   72.62 | grasp100   0.0% | best 0.000 |     27 st/s
    done(50): t_flicker=50
Ep  3250 | score   59.68 | avg100   72.11 | grasp100   0.0% | best 0.000 |     27 st/s
    done(50): t_flicker=50
Ep  3300 | score   57.07 | avg100   69.01 | grasp100   0.0% | best 0.000 |     27 st/s
    done(50): t_flicker=48 t_touched=2
Ep  3350 | score   63.13 | avg100   69.24 | grasp100   0.0% | best 0.000 |     27 st/s
    done(50): t_flicker=50
Ep  3400 | score   89.05 | avg100   69.63 | grasp100   0.0% | best 0.000 |     27 st/s
    done(50): t_flicker=50
Ep  3450 | score  106.93 | avg100   69.95 | grasp100   0.0% | best 0.000 |     27 st/s
    done(50): t_flicker=50
Ep  3500 | score   60.89 | avg100   67.15 | grasp100   0.0% | best 0.000 |     27 st/s
    done(50): t_flicker=50
Ep  3550 | score  123.84 | avg100   64.40 | grasp100   0.0% | best 0.000 |     27 st/s
    done(50): t_flicker=49 t_no_reach=1
Ep  3600 | score   82.62 | avg100   63.60 | grasp100   0.0% | best 0.000 |     27 st/s
    done(50): t_flicker=49 t_touched=1
Ep  3650 | score   40.30 | avg100   66.75 | grasp100   0.0% | best 0.000 |     27 st/s
    done(50): t_flicker=50
Ep  3700 | score   82.58 | avg100   66.84 | grasp100   0.0% | best 0.000 |     27 st/s
    done(50): t_flicker=50
Ep  3750 | score   31.38 | avg100   66.24 | grasp100   0.0% | best 0.000 |     27 st/s
    done(50): t_flicker=50
Ep  3800 | score   64.73 | avg100   67.46 | grasp100   0.0% | best 0.000 |     27 st/s
    done(50): t_flicker=50
Ep  3850 | score   55.00 | avg100   67.48 | grasp100   0.0% | best 0.000 |     27 st/s
    done(50): t_flicker=49 t_touched=1
Ep  3900 | score   73.37 | avg100   68.74 | grasp100   0.0% | best 0.000 |     27 st/s
    done(50): t_flicker=50
Ep  3950 | score   93.60 | avg100   69.30 | grasp100   0.0% | best 0.000 |     27 st/s
    done(50): t_flicker=50
Ep  4000 | score   54.92 | avg100   71.67 | grasp100   0.0% | best 0.000 |     27 st/s
    done(50): t_flicker=50
Ep  4050 | score  129.04 | avg100   72.95 | grasp100   0.0% | best 0.000 |     27 st/s
    done(50): t_flicker=50
Ep  4100 | score   55.02 | avg100   71.39 | grasp100   0.0% | best 0.000 |     27 st/s
    done(50): t_flicker=50
Ep  4150 | score  170.54 | avg100   73.05 | grasp100   0.0% | best 0.000 |     27 st/s
    done(50): t_flicker=50
Ep  4200 | score   58.46 | avg100   69.73 | grasp100   0.0% | best 0.000 |     27 st/s
    done(50): t_flicker=50
Ep  4250 | score   56.86 | avg100   64.77 | grasp100   0.0% | best 0.000 |     27 st/s
    done(50): t_flicker=49 t_no_reach=1
Ep  4300 | score   71.30 | avg100   68.02 | grasp100   0.0% | best 0.000 |     27 st/s
    done(50): t_flicker=50
  [primacy-bias reset of critic heads @ 50000 updates]
Ep  4350 | score   55.76 | avg100   47.96 | grasp100   0.0% | best 0.000 |     27 st/s
    done(50): t_flicker=20 t_touched=18 t_no_reach=12
Ep  4400 | score   91.25 | avg100   36.39 | grasp100   0.0% | best 0.000 |     27 st/s
    done(50): t_flicker=37 t_touched=9 t_no_reach=4
Ep  4450 | score   57.58 | avg100   53.40 | grasp100   0.0% | best 0.000 |     27 st/s
    done(50): t_flicker=49 t_touched=1
Ep  4500 | score  105.86 | avg100   64.53 | grasp100   0.0% | best 0.000 |     27 st/s
    done(50): t_flicker=47 t_touched=3
Ep  4550 | score   55.16 | avg100   68.67 | grasp100   0.0% | best 0.000 |     27 st/s
    done(50): t_flicker=49 t_touched=1
Ep  4600 | score   67.51 | avg100   63.57 | grasp100   0.0% | best 0.000 |     27 st/s
    done(50): t_flicker=46 t_touched=4
Ep  4650 | score   56.76 | avg100   62.75 | grasp100   0.0% | best 0.000 |     27 st/s
    done(50): t_flicker=50
Ep  4700 | score   74.52 | avg100   66.38 | grasp100   0.0% | best 0.000 |     27 st/s
    done(50): t_flicker=50
Ep  4750 | score   56.43 | avg100   67.00 | grasp100   0.0% | best 0.000 |     27 st/s
    done(50): t_flicker=50
Ep  4800 | score   54.68 | avg100   65.14 | grasp100   0.0% | best 0.000 |     27 st/s
    done(50): t_flicker=50
Ep  4850 | score   54.19 | avg100   65.53 | grasp100   0.0% | best 0.000 |     27 st/s
    done(50): t_flicker=49 t_touched=1
Ep  4900 | score   54.77 | avg100   68.13 | grasp100   0.0% | best 0.000 |     27 st/s
    done(50): t_flicker=49 t_touched=1
Ep  4950 | score   73.15 | avg100   63.19 | grasp100   0.0% | best 0.000 |     27 st/s
    done(50): t_flicker=50
Ep  5000 | score  119.72 | avg100   63.51 | grasp100   0.0% | best 0.000 |     27 st/s
    done(50): t_flicker=50
Ep  5050 | score   60.83 | avg100   68.13 | grasp100   0.0% | best 0.000 |     27 st/s
    done(50): t_flicker=50
Ep  5100 | score  102.64 | avg100   67.34 | grasp100   0.0% | best 0.000 |     27 st/s
    done(50): t_flicker=49 t_touched=1
Ep  5150 | score   54.94 | avg100   65.41 | grasp100   0.0% | best 0.000 |     27 st/s
    done(50): t_flicker=50
Ep  5200 | score   60.60 | avg100   62.93 | grasp100   0.0% | best 0.000 |     27 st/s
    done(50): t_flicker=50
Ep  5250 | score   59.24 | avg100   64.75 | grasp100   0.0% | best 0.000 |     27 st/s
    done(50): t_flicker=49 t_touched=1
Ep  5300 | score  101.05 | avg100   67.76 | grasp100   0.0% | best 0.000 |     27 st/s
    done(50): t_flicker=50
Ep  5350 | score   56.98 | avg100   66.38 | grasp100   0.0% | best 0.000 |     27 st/s
    done(50): t_flicker=50
Ep  5400 | score   57.74 | avg100   65.53 | grasp100   0.0% | best 0.000 |     27 st/s
    done(50): t_flicker=50
Ep  5450 | score   56.41 | avg100   66.25 | grasp100   0.0% | best 0.000 |     27 st/s
    done(50): t_flicker=50
Ep  5500 | score   59.58 | avg100   63.71 | grasp100   0.0% | best 0.000 |     27 st/s
    done(50): t_flicker=50
Ep  5550 | score   58.63 | avg100   62.53 | grasp100   0.0% | best 0.000 |     27 st/s
    done(50): t_flicker=50
Ep  5600 | score  124.35 | avg100   64.12 | grasp100   0.0% | best 0.000 |     27 st/s
    done(50): t_flicker=50
Ep  5650 | score   56.74 | avg100   61.90 | grasp100   0.0% | best 0.000 |     27 st/s
    done(50): t_flicker=48 t_touched=1 t_no_reach=1
Ep  5700 | score   59.47 | avg100   65.02 | grasp100   0.0% | best 0.000 |     27 st/s
    done(50): t_flicker=50
Ep  5750 | score  128.64 | avg100   67.17 | grasp100   0.0% | best 0.000 |     27 st/s
    done(50): t_flicker=50
Ep  5800 | score   57.56 | avg100   64.79 | grasp100   0.0% | best 0.000 |     27 st/s
    done(50): t_flicker=49 t_touched=1
Ep  5850 | score   98.55 | avg100   66.31 | grasp100   0.0% | best 0.000 |     27 st/s
    done(50): t_flicker=48 t_touched=1 t_no_reach=1
Ep  5900 | score   80.34 | avg100   65.70 | grasp100   0.0% | best 0.000 |     27 st/s
    done(50): t_flicker=49 t_touched=1
Ep  5950 | score   56.22 | avg100   66.28 | grasp100   0.0% | best 0.000 |     27 st/s
    done(50): t_flicker=50
Ep  6000 | score   59.03 | avg100   67.25 | grasp100   0.0% | best 0.000 |     27 st/s
    done(50): t_flicker=50
Ep  6050 | score   54.45 | avg100   67.56 | grasp100   0.0% | best 0.000 |     27 st/s
    done(50): t_flicker=50
Ep  6100 | score   73.18 | avg100   66.17 | grasp100   0.0% | best 0.000 |     27 st/s
    done(50): t_flicker=50
Ep  6150 | score   57.83 | avg100   63.89 | grasp100   0.0% | best 0.000 |     27 st/s
    done(50): t_flicker=50
Ep  6200 | score   56.57 | avg100   67.21 | grasp100   0.0% | best 0.000 |     27 st/s
    done(50): t_flicker=50
Ep  6250 | score   56.54 | avg100   67.49 | grasp100   0.0% | best 0.000 |     27 st/s
    done(50): t_flicker=49 t_touched=1
Ep  6300 | score   80.62 | avg100   64.80 | grasp100   0.0% | best 0.000 |     27 st/s
    done(50): t_flicker=50
Ep  6350 | score   55.35 | avg100   65.82 | grasp100   0.0% | best 0.000 |     27 st/s
    done(50): t_flicker=50
Ep  6400 | score   57.42 | avg100   67.17 | grasp100   0.0% | best 0.000 |     27 st/s
    done(50): t_flicker=50
Ep  6450 | score   56.26 | avg100   69.31 | grasp100   1.0% | best 0.000 |     27 st/s
    done(50): success=1 t_flicker=49
Ep  6500 | score   55.33 | avg100   65.81 | grasp100   1.0% | best 0.000 |     27 st/s
    done(50): t_flicker=49 t_touched=1
Ep  6550 | score   65.20 | avg100   62.45 | grasp100   0.0% | best 0.000 |     27 st/s
    done(50): t_flicker=50
  [primacy-bias reset of critic heads @ 75000 updates]
Ep  6600 | score   67.86 | avg100   56.74 | grasp100   0.0% | best 0.000 |     27 st/s
    done(50): t_flicker=40 t_touched=3 t_no_reach=7
Ep  6650 | score   32.75 | avg100   46.36 | grasp100   0.0% | best 0.000 |     27 st/s
    done(50): t_flicker=31 t_touched=15 t_no_reach=4
Ep  6700 | score   56.50 | avg100   53.98 | grasp100   0.0% | best 0.000 |     27 st/s
    done(50): t_flicker=45 t_touched=5
Ep  6750 | score   56.86 | avg100   65.31 | grasp100   1.0% | best 0.000 |     27 st/s
    done(50): success=1 t_flicker=46 t_touched=3
Ep  6800 | score   17.10 | avg100   61.80 | grasp100   1.0% | best 0.000 |     27 st/s
    done(50): t_flicker=46 t_touched=4
Ep  6850 | score   20.15 | avg100   60.28 | grasp100   0.0% | best 0.000 |     27 st/s
    done(50): t_flicker=50
Ep  6900 | score   58.77 | avg100   60.98 | grasp100   0.0% | best 0.000 |     27 st/s
    done(50): t_flicker=48 t_touched=2
Ep  6950 | score   69.68 | avg100   61.49 | grasp100   0.0% | best 0.000 |     27 st/s
    done(50): t_flicker=50
Ep  7000 | score   76.17 | avg100   62.91 | grasp100   0.0% | best 0.000 |     27 st/s
    done(50): t_flicker=48 t_touched=2
Ep  7050 | score   56.40 | avg100   64.68 | grasp100   1.0% | best 0.000 |     27 st/s
    done(50): success=1 t_flicker=49
Ep  7100 | score   56.82 | avg100   62.07 | grasp100   1.0% | best 0.000 |     27 st/s
    done(50): t_flicker=50
Ep  7150 | score   55.87 | avg100   58.82 | grasp100   0.0% | best 0.000 |     27 st/s
    done(50): t_flicker=49 t_no_reach=1
Ep  7200 | score  105.97 | avg100   63.68 | grasp100   0.0% | best 0.000 |     27 st/s
    done(50): t_flicker=49 t_touched=1
Ep  7250 | score   56.60 | avg100   66.34 | grasp100   0.0% | best 0.000 |     27 st/s
    done(50): t_flicker=50
Ep  7300 | score   60.92 | avg100   64.91 | grasp100   0.0% | best 0.000 |     27 st/s
    done(50): t_flicker=50
Ep  7350 | score   61.43 | avg100   63.54 | grasp100   0.0% | best 0.000 |     27 st/s
    done(50): t_flicker=50
Ep  7400 | score   93.11 | avg100   63.80 | grasp100   0.0% | best 0.000 |     27 st/s
    done(50): t_flicker=49 t_touched=1
Ep  7450 | score   59.52 | avg100   64.14 | grasp100   0.0% | best 0.000 |     27 st/s
    done(50): t_flicker=50
Ep  7500 | score   86.44 | avg100   64.01 | grasp100   0.0% | best 0.000 |     27 st/s
    done(50): t_flicker=49 t_touched=1
Ep  7550 | score   56.17 | avg100   61.25 | grasp100   0.0% | best 0.000 |     27 st/s
    done(50): t_flicker=50
Ep  7600 | score   55.29 | avg100   61.39 | grasp100   0.0% | best 0.000 |     27 st/s
    done(50): t_flicker=49 t_no_reach=1
Ep  7650 | score   60.82 | avg100   67.40 | grasp100   0.0% | best 0.000 |     27 st/s
    done(50): t_flicker=50
Ep  7700 | score   56.32 | avg100   67.56 | grasp100   0.0% | best 0.000 |     27 st/s
    done(50): t_flicker=50
Ep  7750 | score  112.52 | avg100   63.91 | grasp100   0.0% | best 0.000 |     27 st/s
    done(50): t_flicker=50
Ep  7800 | score   54.85 | avg100   62.05 | grasp100   0.0% | best 0.000 |     27 st/s
    done(50): t_flicker=49 t_touched=1
Ep  7850 | score   59.60 | avg100   62.54 | grasp100   0.0% | best 0.000 |     27 st/s
    done(50): t_flicker=50
Ep  7900 | score   68.43 | avg100   66.15 | grasp100   0.0% | best 0.000 |     27 st/s
    done(50): t_flicker=50
Ep  7950 | score   55.27 | avg100   66.72 | grasp100   0.0% | best 0.000 |     27 st/s
    done(50): t_flicker=49 t_touched=1
Ep  8000 | score   56.78 | avg100   71.31 | grasp100   1.0% | best 0.000 |     27 st/s
    done(50): success=1 t_flicker=49
Ep  8050 | score   62.80 | avg100   70.78 | grasp100   1.0% | best 0.000 |     27 st/s
    done(50): t_flicker=50
Ep  8100 | score   92.26 | avg100   69.10 | grasp100   0.0% | best 0.000 |     27 st/s
    done(50): t_flicker=50
Ep  8150 | score   74.90 | avg100   71.77 | grasp100   0.0% | best 0.000 |     27 st/s
    done(50): t_flicker=50
Ep  8200 | score   91.94 | avg100   68.16 | grasp100   0.0% | best 0.000 |     27 st/s
    done(50): t_flicker=50
Ep  8250 | score   72.11 | avg100   67.81 | grasp100   0.0% | best 0.000 |     27 st/s
    done(50): t_flicker=50
Ep  8300 | score   90.02 | avg100   70.20 | grasp100   1.0% | best 0.000 |     27 st/s
    done(50): success=1 t_flicker=49
Ep  8350 | score   60.43 | avg100   71.06 | grasp100   1.0% | best 0.000 |     27 st/s
    done(50): t_flicker=50
Ep  8400 | score   97.07 | avg100   69.62 | grasp100   0.0% | best 0.000 |     27 st/s
    done(50): t_flicker=49 t_no_reach=1
Ep  8450 | score   64.42 | avg100   68.44 | grasp100   0.0% | best 0.000 |     27 st/s
    done(50): t_flicker=49 t_no_reach=1
Ep  8500 | score   55.45 | avg100   67.39 | grasp100   0.0% | best 0.000 |     27 st/s
    done(50): t_flicker=50
Ep  8550 | score  104.46 | avg100   68.90 | grasp100   0.0% | best 0.000 |     27 st/s
    done(50): t_flicker=49 t_touched=1
Ep  8600 | score   69.00 | avg100   68.14 | grasp100   0.0% | best 0.000 |     27 st/s
    done(50): t_flicker=50
Ep  8650 | score   64.74 | avg100   68.94 | grasp100   0.0% | best 0.000 |     27 st/s
    done(50): t_flicker=50
Ep  8700 | score   59.40 | avg100   70.26 | grasp100   0.0% | best 0.000 |     27 st/s
    done(50): t_flicker=50
Ep  8750 | score   59.47 | avg100   66.98 | grasp100   0.0% | best 0.000 |     27 st/s
    done(50): t_flicker=50
  [primacy-bias reset of critic heads @ 100000 updates]
Ep  8800 | score  -10.12 | avg100   42.90 | grasp100   0.0% | best 0.000 |     27 st/s
    done(50): t_flicker=18 t_touched=14 t_no_reach=18
Ep  8850 | score   57.48 | avg100   26.94 | grasp100   0.0% | best 0.000 |     27 st/s
    done(50): t_flicker=29 t_touched=12 t_no_reach=9
Ep  8900 | score   56.57 | avg100   47.06 | grasp100   0.0% | best 0.000 |     27 st/s
    done(50): t_flicker=46 t_touched=2 t_no_reach=2
Ep  8950 | score   56.98 | avg100   59.13 | grasp100   0.0% | best 0.000 |     27 st/s
    done(50): t_flicker=43 t_touched=6 t_no_reach=1
Ep  9000 | score  114.35 | avg100   56.84 | grasp100   0.0% | best 0.000 |     27 st/s
    done(50): t_flicker=42 t_touched=7 t_no_reach=1
Ep  9050 | score   56.13 | avg100   57.78 | grasp100   0.0% | best 0.000 |     27 st/s
    done(50): t_flicker=49 t_touched=1
Ep  9100 | score   60.37 | avg100   61.62 | grasp100   0.0% | best 0.000 |     27 st/s
    done(50): t_flicker=49 t_touched=1
Ep  9150 | score   59.28 | avg100   61.64 | grasp100   0.0% | best 0.000 |     27 st/s
    done(50): t_flicker=50
Ep  9200 | score   38.81 | avg100   63.55 | grasp100   1.0% | best 0.000 |     27 st/s
    done(50): success=1 t_flicker=49
Ep  9250 | score   56.99 | avg100   65.25 | grasp100   1.0% | best 0.000 |     27 st/s
    done(50): t_flicker=50
Ep  9300 | score   59.59 | avg100   64.61 | grasp100   0.0% | best 0.000 |     27 st/s
    done(50): t_flicker=50
Ep  9350 | score   63.22 | avg100   65.50 | grasp100   0.0% | best 0.000 |     27 st/s
    done(50): t_flicker=50
Ep  9400 | score  103.85 | avg100   64.69 | grasp100   0.0% | best 0.000 |     27 st/s
    done(50): t_flicker=49 t_touched=1
Ep  9450 | score   62.96 | avg100   64.36 | grasp100   0.0% | best 0.000 |     27 st/s
    done(50): t_flicker=50
Ep  9500 | score   55.60 | avg100   63.52 | grasp100   0.0% | best 0.000 |     27 st/s
    done(50): t_flicker=50
Ep  9550 | score   56.99 | avg100   64.00 | grasp100   0.0% | best 0.000 |     27 st/s
    done(50): t_flicker=50
Ep  9600 | score   58.56 | avg100   68.21 | grasp100   0.0% | best 0.000 |     27 st/s
    done(50): t_flicker=50
Ep  9650 | score   80.55 | avg100   70.33 | grasp100   0.0% | best 0.000 |     27 st/s
    done(50): t_flicker=50
Ep  9700 | score   56.52 | avg100   69.21 | grasp100   0.0% | best 0.000 |     27 st/s
    done(50): t_flicker=50
Ep  9750 | score   60.57 | avg100   67.15 | grasp100   0.0% | best 0.000 |     27 st/s
    done(50): t_flicker=50
Ep  9800 | score   62.97 | avg100   65.09 | grasp100   0.0% | best 0.000 |     27 st/s
    done(50): t_flicker=50
Ep  9850 | score   58.03 | avg100   66.88 | grasp100   0.0% | best 0.000 |     27 st/s
    done(50): t_flicker=50
Ep  9900 | score   70.82 | avg100   68.80 | grasp100   0.0% | best 0.000 |     27 st/s
    done(50): t_flicker=50
Ep  9950 | score   64.30 | avg100   68.88 | grasp100   0.0% | best 0.000 |     27 st/s
    done(50): t_flicker=50
Ep 10000 | score   59.48 | avg100   67.93 | grasp100   0.0% | best 0.000 |     27 st/s
    done(50): t_flicker=50
Ep 10050 | score   55.25 | avg100   66.92 | grasp100   0.0% | best 0.000 |     27 st/s
    done(50): t_flicker=50
Ep 10100 | score   58.31 | avg100   67.67 | grasp100   0.0% | best 0.000 |     27 st/s
    done(50): t_flicker=50
Ep 10150 | score   58.92 | avg100   67.94 | grasp100   0.0% | best 0.000 |     27 st/s
    done(50): t_flicker=50
Ep 10200 | score   56.92 | avg100   67.14 | grasp100   0.0% | best 0.000 |     27 st/s
    done(50): t_flicker=50
Ep 10250 | score   54.52 | avg100   66.63 | grasp100   0.0% | best 0.000 |     27 st/s
    done(50): t_flicker=50
Ep 10300 | score   84.99 | avg100   69.21 | grasp100   0.0% | best 0.000 |     27 st/s
    done(50): t_flicker=50
Ep 10350 | score   52.56 | avg100   73.86 | grasp100   0.0% | best 0.000 |     27 st/s
    done(50): t_flicker=50
Ep 10400 | score   56.62 | avg100   69.64 | grasp100   0.0% | best 0.000 |     27 st/s
    done(50): t_flicker=50
Ep 10450 | score   62.79 | avg100   67.62 | grasp100   0.0% | best 0.000 |     27 st/s
    done(50): t_flicker=50
Ep 10500 | score   27.38 | avg100   69.93 | grasp100   1.0% | best 0.000 |     27 st/s
    done(50): success=1 t_flicker=47 t_touched=2
Ep 10550 | score   56.11 | avg100   66.10 | grasp100   1.0% | best 0.000 |     27 st/s
    done(50): t_flicker=50
Ep 10600 | score  100.05 | avg100   71.82 | grasp100   0.0% | best 0.000 |     27 st/s
    done(50): t_flicker=50
Ep 10650 | score  104.16 | avg100   76.29 | grasp100   0.0% | best 0.000 |     27 st/s
    done(50): t_flicker=50
Ep 10700 | score   54.87 | avg100   74.57 | grasp100   0.0% | best 0.000 |     27 st/s
    done(50): t_flicker=50
Ep 10750 | score  109.24 | avg100   74.10 | grasp100   0.0% | best 0.000 |     27 st/s
    done(50): t_flicker=50
Ep 10800 | score  101.02 | avg100   72.21 | grasp100   0.0% | best 0.000 |     27 st/s
    done(50): t_flicker=50
Ep 10850 | score   67.07 | avg100   71.87 | grasp100   0.0% | best 0.000 |     27 st/s
    done(50): t_flicker=49 t_no_reach=1
  [primacy-bias reset of critic heads @ 125000 updates]
Ep 10900 | score    7.97 | avg100   55.71 | grasp100   0.0% | best 0.000 |     27 st/s
    done(50): t_flicker=31 t_touched=6 t_no_reach=13
Ep 10950 | score    4.43 | avg100   32.86 | grasp100   0.0% | best 0.000 |     27 st/s
    done(50): t_flicker=28 t_touched=7 t_no_reach=15
Ep 11000 | score   55.35 | avg100   44.67 | grasp100   0.0% | best 0.000 |     27 st/s
    done(50): t_flicker=46 t_touched=2 t_no_reach=2
Ep 11050 | score   55.44 | avg100   63.46 | grasp100   0.0% | best 0.000 |     27 st/s
    done(50): t_flicker=46 t_touched=4
Ep 11100 | score   86.36 | avg100   64.55 | grasp100   0.0% | best 0.000 |     27 st/s
    done(50): t_flicker=48 t_touched=2
Ep 11150 | score   29.76 | avg100   66.96 | grasp100   1.0% | best 0.000 |     27 st/s
    done(50): success=1 t_flicker=48 t_touched=1
Ep 11200 | score   56.39 | avg100   67.21 | grasp100   1.0% | best 0.000 |     27 st/s
    done(50): t_flicker=50
Ep 11250 | score   61.21 | avg100   64.80 | grasp100   0.0% | best 0.000 |     27 st/s
    done(50): t_flicker=50
Ep 11300 | score   55.18 | avg100   66.56 | grasp100   0.0% | best 0.000 |     27 st/s
    done(50): t_flicker=50
Ep 11350 | score   97.04 | avg100   68.92 | grasp100   0.0% | best 0.000 |     27 st/s
    done(50): t_flicker=50
Ep 11400 | score   59.62 | avg100   65.32 | grasp100   0.0% | best 0.000 |     27 st/s
    done(50): t_flicker=50
Ep 11450 | score   62.98 | avg100   62.68 | grasp100   0.0% | best 0.000 |     27 st/s
    done(50): t_flicker=50
Ep 11500 | score   56.86 | avg100   64.28 | grasp100   0.0% | best 0.000 |     27 st/s
    done(50): t_flicker=50
Ep 11550 | score   55.33 | avg100   65.74 | grasp100   0.0% | best 0.000 |     27 st/s
    done(50): t_flicker=50
Ep 11600 | score   55.42 | avg100   65.40 | grasp100   0.0% | best 0.000 |     27 st/s
    done(50): t_flicker=49 t_touched=1
Ep 11650 | score   60.09 | avg100   66.31 | grasp100   0.0% | best 0.000 |     27 st/s
    done(50): t_flicker=50
Ep 11700 | score   56.13 | avg100   69.78 | grasp100   0.0% | best 0.000 |     27 st/s
    done(50): t_flicker=50
Ep 11750 | score   60.29 | avg100   68.79 | grasp100   0.0% | best 0.000 |     27 st/s
    done(50): t_flicker=49 t_touched=1
Ep 11800 | score   24.17 | avg100   66.85 | grasp100   1.0% | best 0.000 |     27 st/s
    done(50): success=1 t_flicker=48 t_no_reach=1
Ep 11850 | score   56.56 | avg100   65.44 | grasp100   1.0% | best 0.000 |     27 st/s
    done(50): t_flicker=50
Ep 11900 | score   56.66 | avg100   66.92 | grasp100   0.0% | best 0.000 |     27 st/s
    done(50): t_flicker=50
Ep 11950 | score   60.51 | avg100   71.49 | grasp100   0.0% | best 0.000 |     27 st/s
    done(50): t_flicker=49 t_touched=1
Ep 12000 | score   87.42 | avg100   71.13 | grasp100   0.0% | best 0.000 |     27 st/s
    done(50): t_flicker=50
Ep 12050 | score   63.59 | avg100   69.88 | grasp100   1.0% | best 0.000 |     27 st/s
    done(50): success=1 t_flicker=49
Ep 12100 | score   76.31 | avg100   71.35 | grasp100   1.0% | best 0.000 |     27 st/s
    done(50): t_flicker=50
Ep 12150 | score   58.36 | avg100   70.80 | grasp100   1.0% | best 0.000 |     27 st/s
    done(50): success=1 t_flicker=47 t_touched=1 t_no_reach=1
Ep 12200 | score   62.30 | avg100   70.61 | grasp100   1.0% | best 0.000 |     27 st/s
    done(50): t_flicker=50
Ep 12250 | score   65.33 | avg100   71.32 | grasp100   0.0% | best 0.000 |     27 st/s
    done(50): t_flicker=50
Ep 12300 | score   80.59 | avg100   70.51 | grasp100   1.0% | best 0.000 |     27 st/s
    done(50): success=1 t_flicker=49
Ep 12350 | score   55.54 | avg100   68.96 | grasp100   1.0% | best 0.000 |     27 st/s
    done(50): t_flicker=50
Ep 12400 | score   55.63 | avg100   66.72 | grasp100   0.0% | best 0.000 |     27 st/s
    done(50): t_flicker=49 t_no_reach=1
Ep 12450 | score   62.86 | avg100   69.00 | grasp100   0.0% | best 0.000 |     27 st/s
    done(50): t_flicker=50
Ep 12500 | score   56.27 | avg100   69.75 | grasp100   0.0% | best 0.000 |     27 st/s
    done(50): t_flicker=49 t_touched=1
Ep 12550 | score   60.94 | avg100   68.90 | grasp100   0.0% | best 0.000 |     27 st/s
    done(50): t_flicker=50
Ep 12600 | score   54.34 | avg100   68.58 | grasp100   0.0% | best 0.000 |     27 st/s
    done(50): t_flicker=48 t_touched=2
Ep 12650 | score   70.79 | avg100   69.00 | grasp100   0.0% | best 0.000 |     27 st/s
    done(50): t_flicker=50
Ep 12700 | score  107.37 | avg100   69.24 | grasp100   0.0% | best 0.000 |     27 st/s
    done(50): t_flicker=50
Ep 12750 | score   58.58 | avg100   70.00 | grasp100   0.0% | best 0.000 |     27 st/s
    done(50): t_flicker=50
Ep 12800 | score   55.19 | avg100   72.19 | grasp100   0.0% | best 0.000 |     27 st/s
    done(50): t_flicker=50
Ep 12850 | score   98.16 | avg100   70.77 | grasp100   0.0% | best 0.000 |     27 st/s
    done(50): t_flicker=50
Ep 12900 | score   60.23 | avg100   69.51 | grasp100   1.0% | best 0.000 |     27 st/s
    done(50): success=1 t_flicker=49
Ep 12950 | score   85.23 | avg100   69.23 | grasp100   1.0% | best 0.000 |     27 st/s
    done(50): t_flicker=50
Ep 13000 | score   78.56 | avg100   66.62 | grasp100   0.0% | best 0.000 |     27 st/s
    done(50): t_flicker=50
  [primacy-bias reset of critic heads @ 150000 updates]
Ep 13050 | score   -3.08 | avg100   62.50 | grasp100   0.0% | best 0.000 |     27 st/s
    done(50): t_flicker=46 t_touched=2 t_no_reach=2
Ep 13100 | score   58.43 | avg100   49.67 | grasp100   0.0% | best 0.000 |     27 st/s
    done(50): t_flicker=38 t_touched=6 t_no_reach=6
Ep 13150 | score   57.29 | avg100   47.43 | grasp100   0.0% | best 0.000 |     27 st/s
    done(50): t_flicker=44 t_touched=4 t_no_reach=2
Ep 13200 | score   55.90 | avg100   60.91 | grasp100   0.0% | best 0.000 |     27 st/s
    done(50): t_flicker=48 t_touched=2
Ep 13250 | score   97.53 | avg100   61.87 | grasp100   0.0% | best 0.000 |     27 st/s
    done(50): t_flicker=46 t_touched=4
Ep 13300 | score   78.89 | avg100   59.65 | grasp100   0.0% | best 0.000 |     27 st/s
    done(50): t_flicker=49 t_touched=1
Ep 13350 | score   56.51 | avg100   61.69 | grasp100   0.0% | best 0.000 |     27 st/s
    done(50): t_flicker=48 t_touched=1 t_no_reach=1
Ep 13400 | score   58.59 | avg100   64.30 | grasp100   0.0% | best 0.000 |     27 st/s
    done(50): t_flicker=50
Ep 13450 | score   55.69 | avg100   65.25 | grasp100   0.0% | best 0.000 |     27 st/s
    done(50): t_flicker=50
Ep 13500 | score  135.57 | avg100   63.78 | grasp100   0.0% | best 0.000 |     27 st/s
    done(50): t_flicker=50
Ep 13550 | score   59.50 | avg100   64.56 | grasp100   0.0% | best 0.000 |     27 st/s
    done(50): t_flicker=50
Ep 13600 | score   43.02 | avg100   66.17 | grasp100   0.0% | best 0.000 |     27 st/s
    done(50): t_flicker=49 t_touched=1
Ep 13650 | score   75.07 | avg100   65.55 | grasp100   0.0% | best 0.000 |     27 st/s
    done(50): t_flicker=48 t_touched=2
Ep 13700 | score   57.80 | avg100   65.38 | grasp100   0.0% | best 0.000 |     27 st/s
    done(50): t_flicker=50
Ep 13750 | score   63.21 | avg100   66.80 | grasp100   0.0% | best 0.000 |     27 st/s
    done(50): t_flicker=50
Ep 13800 | score   60.82 | avg100   67.48 | grasp100   0.0% | best 0.000 |     27 st/s
    done(50): t_flicker=50
Ep 13850 | score   50.33 | avg100   67.45 | grasp100   0.0% | best 0.000 |     27 st/s
    done(50): t_flicker=50
Ep 13900 | score   57.06 | avg100   66.10 | grasp100   0.0% | best 0.000 |     27 st/s
    done(50): t_flicker=50
Ep 13950 | score  129.43 | avg100   69.20 | grasp100   1.0% | best 0.000 |     27 st/s
    done(50): success=1 t_flicker=49
Ep 14000 | score   73.74 | avg100   69.98 | grasp100   1.0% | best 0.000 |     27 st/s
    done(50): t_flicker=50
Ep 14050 | score   55.77 | avg100   64.78 | grasp100   0.0% | best 0.000 |     27 st/s
    done(50): t_flicker=49 t_touched=1
Ep 14100 | score   94.30 | avg100   65.50 | grasp100   0.0% | best 0.000 |     27 st/s
    done(50): t_flicker=50
Ep 14150 | score   55.08 | avg100   71.40 | grasp100   0.0% | best 0.000 |     27 st/s
    done(50): t_flicker=50
Ep 14200 | score   53.97 | avg100   72.35 | grasp100   0.0% | best 0.000 |     27 st/s
    done(50): t_flicker=50
Ep 14250 | score   56.42 | avg100   68.01 | grasp100   0.0% | best 0.000 |     27 st/s
    done(50): t_flicker=50
Ep 14300 | score   95.19 | avg100   68.08 | grasp100   0.0% | best 0.000 |     27 st/s
    done(50): t_flicker=50
Ep 14350 | score   54.26 | avg100   73.91 | grasp100   0.0% | best 0.000 |     27 st/s
    done(50): t_flicker=50
Ep 14400 | score   60.47 | avg100   70.53 | grasp100   0.0% | best 0.000 |     27 st/s
    done(50): t_flicker=48 t_touched=2
Ep 14450 | score   64.67 | avg100   69.80 | grasp100   0.0% | best 0.000 |     27 st/s
    done(50): t_flicker=50
Ep 14500 | score   85.28 | avg100   72.02 | grasp100   0.0% | best 0.000 |     27 st/s
    done(50): t_flicker=50
Ep 14550 | score   57.94 | avg100   68.34 | grasp100   0.0% | best 0.000 |     27 st/s
    done(50): t_flicker=50
Ep 14600 | score   73.49 | avg100   72.28 | grasp100   0.0% | best 0.000 |     27 st/s
    done(50): t_flicker=50
Ep 14650 | score   56.54 | avg100   72.10 | grasp100   0.0% | best 0.000 |     27 st/s
    done(50): t_flicker=50
Ep 14700 | score   76.24 | avg100   70.41 | grasp100   0.0% | best 0.000 |     27 st/s
    done(50): t_flicker=50
Ep 14750 | score  153.82 | avg100   73.85 | grasp100   0.0% | best 0.000 |     27 st/s
    done(50): t_flicker=50
Ep 14800 | score   92.43 | avg100   70.39 | grasp100   0.0% | best 0.000 |     27 st/s
    done(50): t_flicker=49 t_touched=1
Ep 14850 | score   91.41 | avg100   67.35 | grasp100   0.0% | best 0.000 |     27 st/s
    done(50): t_flicker=50
Ep 14900 | score   59.02 | avg100   71.95 | grasp100   0.0% | best 0.000 |     27 st/s
    done(50): t_flicker=50
Ep 14950 | score   80.38 | avg100   75.61 | grasp100   0.0% | best 0.000 |     27 st/s
    done(50): t_flicker=50
Ep 15000 | score  113.57 | avg100   74.05 | grasp100   0.0% | best 0.000 |     27 st/s
    done(50): t_flicker=50
Ep 15050 | score   58.17 | avg100   71.67 | grasp100   0.0% | best 0.000 |     27 st/s
    done(50): t_flicker=50
Ep 15100 | score  113.60 | avg100   67.58 | grasp100   0.0% | best 0.000 |     27 st/s
    done(50): t_flicker=50
Ep 15150 | score   54.88 | avg100   68.79 | grasp100   1.0% | best 0.000 |     27 st/s
    done(50): success=1 t_flicker=49
Ep 15200 | score   65.42 | avg100   72.05 | grasp100   1.0% | best 0.000 |     27 st/s
    done(50): t_flicker=50
  [primacy-bias reset of critic heads @ 175000 updates]
Ep 15250 | score   40.12 | avg100   55.76 | grasp100   0.0% | best 0.000 |     27 st/s
    done(50): t_flicker=34 t_touched=10 t_no_reach=6
Ep 15300 | score   81.34 | avg100   31.95 | grasp100   0.0% | best 0.000 |     27 st/s
    done(50): t_flicker=23 t_touched=13 t_no_reach=14
Ep 15350 | score   31.79 | avg100   40.07 | grasp100   0.0% | best 0.000 |     27 st/s
    done(50): t_flicker=44 t_touched=6
Ep 15400 | score   93.85 | avg100   61.94 | grasp100   0.0% | best 0.000 |     27 st/s
    done(50): t_flicker=46 t_touched=4
Ep 15450 | score   46.37 | avg100   63.99 | grasp100   0.0% | best 0.000 |     27 st/s
    done(50): t_flicker=45 t_touched=4 t_no_reach=1
Ep 15500 | score   57.35 | avg100   62.07 | grasp100   0.0% | best 0.000 |     27 st/s
    done(50): t_flicker=47 t_touched=3
Ep 15550 | score   57.54 | avg100   64.15 | grasp100   0.0% | best 0.000 |     27 st/s
    done(50): t_flicker=50
Ep 15600 | score   86.36 | avg100   64.74 | grasp100   0.0% | best 0.000 |     27 st/s
    done(50): t_flicker=50
Ep 15650 | score   58.49 | avg100   63.47 | grasp100   0.0% | best 0.000 |     27 st/s
    done(50): t_flicker=50
Ep 15700 | score   65.01 | avg100   66.07 | grasp100   0.0% | best 0.000 |     27 st/s
    done(50): t_flicker=50
Ep 15750 | score   58.46 | avg100   67.31 | grasp100   0.0% | best 0.000 |     27 st/s
    done(50): t_flicker=50
Ep 15800 | score   87.90 | avg100   67.73 | grasp100   1.0% | best 0.000 |     27 st/s
    done(50): success=1 t_flicker=48 t_touched=1
Ep 15850 | score   66.74 | avg100   66.80 | grasp100   1.0% | best 0.000 |     27 st/s
    done(50): t_flicker=50
Ep 15900 | score   61.02 | avg100   64.06 | grasp100   0.0% | best 0.000 |     27 st/s
    done(50): t_flicker=50
Ep 15950 | score   54.06 | avg100   66.11 | grasp100   0.0% | best 0.000 |     27 st/s
    done(50): t_flicker=50
Ep 16000 | score   58.92 | avg100   66.85 | grasp100   0.0% | best 0.000 |     27 st/s
    done(50): t_flicker=50
Ep 16050 | score   55.56 | avg100   64.40 | grasp100   0.0% | best 0.000 |     27 st/s
    done(50): t_flicker=49 t_touched=1
Ep 16100 | score   57.89 | avg100   64.01 | grasp100   0.0% | best 0.000 |     27 st/s
    done(50): t_flicker=49 t_touched=1
Ep 16150 | score   54.55 | avg100   64.50 | grasp100   0.0% | best 0.000 |     27 st/s
    done(50): t_flicker=50
Ep 16200 | score   71.71 | avg100   63.42 | grasp100   0.0% | best 0.000 |     27 st/s
    done(50): t_flicker=50
Ep 16250 | score   56.83 | avg100   65.30 | grasp100   0.0% | best 0.000 |     27 st/s
    done(50): t_flicker=50
Ep 16300 | score   56.49 | avg100   70.54 | grasp100   0.0% | best 0.000 |     27 st/s
    done(50): t_flicker=50
Ep 16350 | score   57.78 | avg100   69.92 | grasp100   0.0% | best 0.000 |     27 st/s
    done(50): t_flicker=50
Ep 16400 | score   73.50 | avg100   66.83 | grasp100   0.0% | best 0.000 |     27 st/s
    done(50): t_flicker=50
Ep 16450 | score   57.98 | avg100   65.31 | grasp100   0.0% | best 0.000 |     27 st/s
    done(50): t_flicker=50
Ep 16500 | score  100.80 | avg100   65.27 | grasp100   0.0% | best 0.000 |     27 st/s
    done(50): t_flicker=50
Ep 16550 | score   68.25 | avg100   67.44 | grasp100   0.0% | best 0.000 |     27 st/s
    done(50): t_flicker=50
Ep 16600 | score  129.65 | avg100   68.60 | grasp100   0.0% | best 0.000 |     27 st/s
    done(50): t_flicker=50
Ep 16650 | score   58.06 | avg100   66.86 | grasp100   0.0% | best 0.000 |     27 st/s
    done(50): t_flicker=49 t_touched=1
Ep 16700 | score   54.34 | avg100   66.19 | grasp100   0.0% | best 0.000 |     27 st/s
    done(50): t_flicker=49 t_touched=1
Ep 16750 | score   56.78 | avg100   65.28 | grasp100   0.0% | best 0.000 |     27 st/s
    done(50): t_flicker=49 t_touched=1
Ep 16800 | score   76.90 | avg100   64.55 | grasp100   0.0% | best 0.000 |     27 st/s
    done(50): t_flicker=50
Ep 16850 | score   55.44 | avg100   67.73 | grasp100   0.0% | best 0.000 |     27 st/s
    done(50): t_flicker=50
Ep 16900 | score   55.95 | avg100   68.93 | grasp100   0.0% | best 0.000 |     27 st/s
    done(50): t_flicker=50
Ep 16950 | score   55.11 | avg100   67.93 | grasp100   0.0% | best 0.000 |     27 st/s
    done(50): t_flicker=50
Ep 17000 | score   56.80 | avg100   68.20 | grasp100   0.0% | best 0.000 |     27 st/s
    done(50): t_flicker=50
Ep 17050 | score   63.31 | avg100   68.25 | grasp100   0.0% | best 0.000 |     27 st/s
    done(50): t_flicker=50
Ep 17100 | score   54.64 | avg100   67.65 | grasp100   0.0% | best 0.000 |     27 st/s
    done(50): t_flicker=49 t_touched=1
Ep 17150 | score   56.05 | avg100   66.71 | grasp100   0.0% | best 0.000 |     27 st/s
    done(50): t_flicker=50
Ep 17200 | score   62.50 | avg100   67.22 | grasp100   0.0% | best 0.000 |     27 st/s
    done(50): t_flicker=50
Ep 17250 | score   78.44 | avg100   68.95 | grasp100   0.0% | best 0.000 |     27 st/s
    done(50): t_flicker=49 t_no_reach=1
Ep 17300 | score   72.38 | avg100   70.00 | grasp100   0.0% | best 0.000 |     27 st/s
    done(50): t_flicker=50
Ep 17350 | score   60.38 | avg100   67.98 | grasp100   0.0% | best 0.000 |     27 st/s
    done(50): t_flicker=50
Ep 17400 | score   57.79 | avg100   65.74 | grasp100   0.0% | best 0.000 |     27 st/s
    done(50): t_flicker=50
Ep 17450 | score   66.61 | avg100   65.06 | grasp100   0.0% | best 0.000 |     27 st/s
    done(50): t_flicker=50
  [primacy-bias reset of critic heads @ 200000 updates]
Ep 17500 | score    1.47 | avg100   56.60 | grasp100   0.0% | best 0.000 |     27 st/s
    done(50): t_flicker=36 t_touched=7 t_no_reach=7
Ep 17550 | score   32.48 | avg100   39.96 | grasp100   0.0% | best 0.000 |     27 st/s
    done(50): t_flicker=29 t_touched=14 t_no_reach=7
Ep 17600 | score   55.73 | avg100   41.25 | grasp100   0.0% | best 0.000 |     27 st/s
    done(50): t_flicker=47 t_touched=3
Ep 17650 | score   53.56 | avg100   55.32 | grasp100   0.0% | best 0.000 |     27 st/s
    done(50): t_flicker=49 t_no_reach=1
Ep 17700 | score   55.88 | avg100   61.60 | grasp100   0.0% | best 0.000 |     27 st/s
    done(50): t_flicker=48 t_touched=2
Ep 17750 | score  111.10 | avg100   63.66 | grasp100   0.0% | best 0.000 |     27 st/s
    done(50): t_flicker=48 t_touched=2
Ep 17800 | score   58.75 | avg100   62.85 | grasp100   0.0% | best 0.000 |     27 st/s
    done(50): t_flicker=50
Ep 17850 | score   67.72 | avg100   63.48 | grasp100   0.0% | best 0.000 |     27 st/s
    done(50): t_flicker=50
Ep 17900 | score   58.26 | avg100   65.37 | grasp100   0.0% | best 0.000 |     27 st/s
    done(50): t_flicker=50
Ep 17950 | score   56.29 | avg100   65.17 | grasp100   0.0% | best 0.000 |     27 st/s
    done(50): t_flicker=50
Ep 18000 | score   57.44 | avg100   63.58 | grasp100   0.0% | best 0.000 |     27 st/s
    done(50): t_flicker=50
Ep 18050 | score   61.67 | avg100   63.60 | grasp100   0.0% | best 0.000 |     27 st/s
    done(50): t_flicker=50
Ep 18100 | score   58.16 | avg100   65.59 | grasp100   0.0% | best 0.000 |     27 st/s
    done(50): t_flicker=50
Ep 18150 | score   86.47 | avg100   68.74 | grasp100   0.0% | best 0.000 |     27 st/s
    done(50): t_flicker=50
Ep 18200 | score   55.79 | avg100   66.48 | grasp100   0.0% | best 0.000 |     27 st/s
    done(50): t_flicker=49 t_touched=1
Ep 18250 | score   56.78 | avg100   65.39 | grasp100   0.0% | best 0.000 |     27 st/s
    done(50): t_flicker=50
Ep 18300 | score   57.88 | avg100   64.95 | grasp100   0.0% | best 0.000 |     27 st/s
    done(50): t_flicker=50
Ep 18350 | score   58.61 | avg100   62.91 | grasp100   0.0% | best 0.000 |     27 st/s
    done(50): t_flicker=50
Ep 18400 | score   62.31 | avg100   65.60 | grasp100   0.0% | best 0.000 |     27 st/s
    done(50): t_flicker=50
Ep 18450 | score   56.31 | avg100   66.30 | grasp100   0.0% | best 0.000 |     27 st/s
    done(50): t_flicker=50
Ep 18500 | score   58.55 | avg100   67.11 | grasp100   0.0% | best 0.000 |     27 st/s
    done(50): t_flicker=49 t_touched=1
Ep 18550 | score   60.59 | avg100   69.33 | grasp100   0.0% | best 0.000 |     27 st/s
    done(50): t_flicker=50
Ep 18600 | score   57.40 | avg100   68.62 | grasp100   0.0% | best 0.000 |     27 st/s
    done(50): t_flicker=49 t_touched=1
Ep 18650 | score   59.26 | avg100   65.58 | grasp100   0.0% | best 0.000 |     27 st/s
    done(50): t_flicker=50
Ep 18700 | score   90.88 | avg100   65.26 | grasp100   0.0% | best 0.000 |     27 st/s
    done(50): t_flicker=50
Ep 18750 | score  122.71 | avg100   69.24 | grasp100   0.0% | best 0.000 |     27 st/s
    done(50): t_flicker=50
Ep 18800 | score   60.50 | avg100   68.44 | grasp100   0.0% | best 0.000 |     27 st/s
    done(50): t_flicker=50
Ep 18850 | score   92.25 | avg100   67.77 | grasp100   0.0% | best 0.000 |     27 st/s
    done(50): t_flicker=50
Ep 18900 | score  109.26 | avg100   68.07 | grasp100   0.0% | best 0.000 |     27 st/s
    done(50): t_flicker=50
Ep 18950 | score   54.39 | avg100   66.91 | grasp100   0.0% | best 0.000 |     27 st/s
    done(50): t_flicker=50
Ep 19000 | score   54.90 | avg100   66.61 | grasp100   0.0% | best 0.000 |     27 st/s
    done(50): t_flicker=50
Ep 19050 | score   56.53 | avg100   63.81 | grasp100   0.0% | best 0.000 |     27 st/s
    done(50): t_flicker=50
Ep 19100 | score   53.46 | avg100   62.34 | grasp100   0.0% | best 0.000 |     27 st/s
    done(50): t_flicker=50
Ep 19150 | score   53.18 | avg100   64.86 | grasp100   0.0% | best 0.000 |     27 st/s
    done(50): t_flicker=50
Ep 19200 | score   64.33 | avg100   66.07 | grasp100   0.0% | best 0.000 |     27 st/s
    done(50): t_flicker=50
Ep 19250 | score   71.85 | avg100   65.43 | grasp100   0.0% | best 0.000 |     27 st/s
    done(50): t_flicker=50
Ep 19300 | score   55.73 | avg100   65.26 | grasp100   0.0% | best 0.000 |     27 st/s
    done(50): t_flicker=49 t_touched=1
Ep 19350 | score  104.72 | avg100   66.19 | grasp100   0.0% | best 0.000 |     27 st/s
    done(50): t_flicker=50
Ep 19400 | score   55.62 | avg100   67.14 | grasp100   0.0% | best 0.000 |     27 st/s
    done(50): t_flicker=49 t_no_reach=1
Ep 19450 | score   59.45 | avg100   67.49 | grasp100   0.0% | best 0.000 |     27 st/s
    done(50): t_flicker=50
Ep 19500 | score   58.39 | avg100   69.80 | grasp100   0.0% | best 0.000 |     27 st/s
    done(50): t_flicker=50
Ep 19550 | score   84.49 | avg100   71.93 | grasp100   0.0% | best 0.000 |     27 st/s
    done(50): t_flicker=50
Ep 19600 | score   59.68 | avg100   68.27 | grasp100   0.0% | best 0.000 |     27 st/s
    done(50): t_flicker=50
Ep 19650 | score   65.09 | avg100   65.09 | grasp100   0.0% | best 0.000 |     27 st/s
    done(50): t_flicker=48 t_touched=1 t_no_reach=1
Ep 19700 | score   87.92 | avg100   66.78 | grasp100   0.0% | best 0.000 |     27 st/s
    done(50): t_flicker=50
Ep 19750 | score   60.43 | avg100   63.37 | grasp100   0.0% | best 0.000 |     27 st/s
    done(50): t_flicker=49 t_touched=1
  [primacy-bias reset of critic heads @ 225000 updates]
Ep 19800 | score  137.77 | avg100   62.32 | grasp100   0.0% | best 0.000 |     27 st/s
    done(50): t_flicker=49 t_touched=1
Ep 19850 | score   56.74 | avg100   38.33 | grasp100   0.0% | best 0.000 |     27 st/s
    done(50): t_flicker=15 t_touched=15 t_no_reach=20
Ep 19900 | score   58.86 | avg100   30.08 | grasp100   0.0% | best 0.000 |     27 st/s
    done(50): t_flicker=36 t_touched=11 t_no_reach=3
Ep 19950 | score   58.36 | avg100   56.20 | grasp100   0.0% | best 0.000 |     27 st/s
    done(50): t_flicker=45 t_touched=4 t_no_reach=1
Ep 20000 | score   58.32 | avg100   65.07 | grasp100   0.0% | best 0.000 |     27 st/s
    done(50): t_flicker=49 t_touched=1
Ep 20050 | score   61.33 | avg100   63.64 | grasp100   0.0% | best 0.000 |     27 st/s
    done(50): t_flicker=50
Ep 20100 | score   59.91 | avg100   60.71 | grasp100   0.0% | best 0.000 |     27 st/s
    done(50): t_flicker=50
Ep 20150 | score   95.70 | avg100   66.37 | grasp100   1.0% | best 0.000 |     27 st/s
    done(50): success=1 t_flicker=49
Ep 20200 | score   58.72 | avg100   69.48 | grasp100   1.0% | best 0.000 |     27 st/s
    done(50): t_flicker=50
Ep 20250 | score   95.45 | avg100   65.94 | grasp100   0.0% | best 0.000 |     27 st/s
    done(50): t_flicker=50
Ep 20300 | score   57.09 | avg100   66.30 | grasp100   0.0% | best 0.000 |     27 st/s
    done(50): t_flicker=50
Ep 20350 | score   65.34 | avg100   69.31 | grasp100   1.0% | best 0.000 |     27 st/s
    done(50): success=1 t_flicker=49
Ep 20400 | score   54.64 | avg100   67.35 | grasp100   1.0% | best 0.000 |     27 st/s
    done(50): t_flicker=50
Ep 20450 | score   61.91 | avg100   65.40 | grasp100   0.0% | best 0.000 |     27 st/s
    done(50): t_flicker=50
Ep 20500 | score   60.22 | avg100   66.41 | grasp100   0.0% | best 0.000 |     27 st/s
    done(50): t_flicker=50
Ep 20550 | score   60.67 | avg100   65.16 | grasp100   0.0% | best 0.000 |     27 st/s
    done(50): t_flicker=50
Ep 20600 | score   97.23 | avg100   65.82 | grasp100   0.0% | best 0.000 |     27 st/s
    done(50): t_flicker=50
Ep 20650 | score   56.39 | avg100   68.88 | grasp100   0.0% | best 0.000 |     27 st/s
    done(50): t_flicker=50
Ep 20700 | score   90.24 | avg100   68.86 | grasp100   0.0% | best 0.000 |     27 st/s
    done(50): t_flicker=50
Ep 20750 | score  121.74 | avg100   66.43 | grasp100   0.0% | best 0.000 |     27 st/s
    done(50): t_flicker=50
Ep 20800 | score   86.50 | avg100   65.66 | grasp100   0.0% | best 0.000 |     27 st/s
    done(50): t_flicker=50
Ep 20850 | score   58.03 | avg100   65.08 | grasp100   0.0% | best 0.000 |     27 st/s
    done(50): t_flicker=50
Ep 20900 | score   56.89 | avg100   65.53 | grasp100   0.0% | best 0.000 |     27 st/s
    done(50): t_flicker=50
Ep 20950 | score   84.10 | avg100   65.20 | grasp100   0.0% | best 0.000 |     27 st/s
    done(50): t_flicker=48 t_touched=2
Ep 21000 | score  110.50 | avg100   68.73 | grasp100   0.0% | best 0.000 |     27 st/s
    done(50): t_flicker=50
Ep 21050 | score   59.89 | avg100   70.54 | grasp100   0.0% | best 0.000 |     27 st/s
    done(50): t_flicker=50
Ep 21100 | score   59.97 | avg100   69.11 | grasp100   0.0% | best 0.000 |     27 st/s
    done(50): t_flicker=50
Ep 21150 | score   55.41 | avg100   69.59 | grasp100   0.0% | best 0.000 |     27 st/s
    done(50): t_flicker=50
Ep 21200 | score  101.04 | avg100   67.59 | grasp100   0.0% | best 0.000 |     27 st/s
    done(50): t_flicker=50
Ep 21250 | score   54.17 | avg100   66.05 | grasp100   0.0% | best 0.000 |     27 st/s
    done(50): t_flicker=50
Ep 21300 | score   94.53 | avg100   65.56 | grasp100   0.0% | best 0.000 |     27 st/s
    done(50): t_flicker=49 t_touched=1
Ep 21350 | score   56.94 | avg100   66.47 | grasp100   0.0% | best 0.000 |     27 st/s
    done(50): t_flicker=49 t_touched=1
Ep 21400 | score   88.64 | avg100   68.88 | grasp100   1.0% | best 0.000 |     27 st/s
    done(50): success=1 t_flicker=49
Ep 21450 | score   57.19 | avg100   69.80 | grasp100   1.0% | best 0.000 |     27 st/s
    done(50): t_flicker=50
Ep 21500 | score   80.65 | avg100   66.53 | grasp100   0.0% | best 0.000 |     27 st/s
    done(50): t_flicker=50
Ep 21550 | score   67.85 | avg100   66.07 | grasp100   0.0% | best 0.000 |     27 st/s
    done(50): t_flicker=50
Ep 21600 | score   54.59 | avg100   68.78 | grasp100   0.0% | best 0.000 |     27 st/s
    done(50): t_flicker=50
Ep 21650 | score   75.93 | avg100   66.65 | grasp100   0.0% | best 0.000 |     27 st/s
    done(50): t_flicker=50
Ep 21700 | score  108.29 | avg100   66.21 | grasp100   0.0% | best 0.000 |     27 st/s
    done(50): t_flicker=49 t_touched=1
Ep 21750 | score   63.13 | avg100   68.12 | grasp100   0.0% | best 0.000 |     27 st/s
    done(50): t_flicker=50
Ep 21800 | score   73.48 | avg100   65.60 | grasp100   0.0% | best 0.000 |     27 st/s
    done(50): t_flicker=50
Ep 21850 | score   71.78 | avg100   64.81 | grasp100   0.0% | best 0.000 |     27 st/s
    done(50): t_flicker=50
Ep 21900 | score   56.52 | avg100   67.71 | grasp100   0.0% | best 0.000 |     27 st/s
    done(50): t_flicker=50
Ep 21950 | score   88.95 | avg100   67.44 | grasp100   0.0% | best 0.000 |     27 st/s
    done(50): t_flicker=50
Ep 22000 | score   55.96 | avg100   66.84 | grasp100   0.0% | best 0.000 |     27 st/s
    done(50): t_flicker=50
Ep 22050 | score   55.44 | avg100   68.75 | grasp100   0.0% | best 0.000 |     27 st/s
    done(50): t_flicker=49 t_touched=1
  [primacy-bias reset of critic heads @ 250000 updates]
Ep 22100 | score   25.30 | avg100   67.64 | grasp100   0.0% | best 0.000 |     27 st/s
    done(50): t_flicker=47 t_touched=1 t_no_reach=2
Ep 22150 | score   10.49 | avg100   37.75 | grasp100   0.0% | best 0.000 |     27 st/s
    done(50): t_flicker=13 t_touched=13 t_no_reach=24
Ep 22200 | score   55.46 | avg100   17.73 | grasp100   0.0% | best 0.000 |     27 st/s
    done(50): t_flicker=25 t_touched=14 t_no_reach=11
Ep 22250 | score   54.33 | avg100   42.60 | grasp100   0.0% | best 0.000 |     27 st/s
    done(50): t_flicker=47 t_touched=1 t_no_reach=2
Ep 22300 | score  130.29 | avg100   61.64 | grasp100   0.0% | best 0.000 |     27 st/s
    done(50): t_flicker=48 t_touched=1 t_no_reach=1
Ep 22350 | score  103.07 | avg100   64.91 | grasp100   0.0% | best 0.000 |     27 st/s
    done(50): t_flicker=49 t_touched=1
Ep 22400 | score   87.55 | avg100   64.53 | grasp100   0.0% | best 0.000 |     27 st/s
    done(50): t_flicker=49 t_touched=1
Ep 22450 | score   75.03 | avg100   62.69 | grasp100   0.0% | best 0.000 |     27 st/s
    done(50): t_flicker=49 t_touched=1
Ep 22500 | score   63.15 | avg100   62.31 | grasp100   0.0% | best 0.000 |     27 st/s
    done(50): t_flicker=50
Ep 22550 | score   58.12 | avg100   63.04 | grasp100   0.0% | best 0.000 |     27 st/s
    done(50): t_flicker=50
Ep 22600 | score   58.15 | avg100   65.59 | grasp100   0.0% | best 0.000 |     27 st/s
    done(50): t_flicker=50
Ep 22650 | score   54.63 | avg100   67.31 | grasp100   0.0% | best 0.000 |     27 st/s
    done(50): t_flicker=50
Ep 22700 | score   56.51 | avg100   68.46 | grasp100   0.0% | best 0.000 |     27 st/s
    done(50): t_flicker=50
Ep 22750 | score   57.13 | avg100   68.61 | grasp100   0.0% | best 0.000 |     27 st/s
    done(50): t_flicker=50
Ep 22800 | score   73.37 | avg100   66.21 | grasp100   0.0% | best 0.000 |     27 st/s
    done(50): t_flicker=50
Ep 22850 | score   69.86 | avg100   67.08 | grasp100   0.0% | best 0.000 |     27 st/s
    done(50): t_flicker=50
Ep 22900 | score  125.19 | avg100   70.50 | grasp100   0.0% | best 0.000 |     27 st/s
    done(50): t_flicker=50
Ep 22950 | score   57.27 | avg100   68.99 | grasp100   0.0% | best 0.000 |     27 st/s
    done(50): t_flicker=49 t_touched=1
Ep 23000 | score   84.78 | avg100   66.10 | grasp100   0.0% | best 0.000 |     27 st/s
    done(50): t_flicker=50
Ep 23050 | score   77.86 | avg100   69.04 | grasp100   0.0% | best 0.000 |     27 st/s
    done(50): t_flicker=50
Ep 23100 | score   61.30 | avg100   70.34 | grasp100   0.0% | best 0.000 |     27 st/s
    done(50): t_flicker=50
Ep 23150 | score   53.67 | avg100   67.54 | grasp100   0.0% | best 0.000 |     27 st/s
    done(50): t_flicker=49 t_touched=1
Ep 23200 | score   98.97 | avg100   67.78 | grasp100   0.0% | best 0.000 |     27 st/s
    done(50): t_flicker=50
Ep 23250 | score   75.38 | avg100   68.92 | grasp100   0.0% | best 0.000 |     27 st/s
    done(50): t_flicker=50
Ep 23300 | score   54.20 | avg100   68.54 | grasp100   0.0% | best 0.000 |     27 st/s
    done(50): t_flicker=49 t_no_reach=1
Ep 23350 | score   68.80 | avg100   68.00 | grasp100   0.0% | best 0.000 |     27 st/s
    done(50): t_flicker=50
Ep 23400 | score   55.28 | avg100   68.07 | grasp100   0.0% | best 0.000 |     27 st/s
    done(50): t_flicker=50
Ep 23450 | score   59.28 | avg100   69.96 | grasp100   0.0% | best 0.000 |     27 st/s
    done(50): t_flicker=50
Ep 23500 | score   55.26 | avg100   68.84 | grasp100   0.0% | best 0.000 |     27 st/s
    done(50): t_flicker=50
Ep 23550 | score   56.17 | avg100   65.13 | grasp100   0.0% | best 0.000 |     27 st/s
    done(50): t_flicker=50
Ep 23600 | score   73.46 | avg100   66.47 | grasp100   0.0% | best 0.000 |     27 st/s
    done(50): t_flicker=50
Ep 23650 | score   72.17 | avg100   67.47 | grasp100   0.0% | best 0.000 |     27 st/s
    done(50): t_flicker=50
Ep 23700 | score   61.63 | avg100   67.00 | grasp100   0.0% | best 0.000 |     27 st/s
    done(50): t_flicker=50
Ep 23750 | score   56.05 | avg100   67.72 | grasp100   0.0% | best 0.000 |     27 st/s
    done(50): t_flicker=50
Ep 23800 | score   55.69 | avg100   67.80 | grasp100   0.0% | best 0.000 |     27 st/s
    done(50): t_flicker=50
Ep 23850 | score   73.70 | avg100   66.43 | grasp100   0.0% | best 0.000 |     27 st/s
    done(50): t_flicker=49 t_touched=1
Ep 23900 | score  108.43 | avg100   65.85 | grasp100   0.0% | best 0.000 |     27 st/s
    done(50): t_flicker=50
Ep 23950 | score   71.06 | avg100   65.65 | grasp100   0.0% | best 0.000 |     27 st/s
    done(50): t_flicker=50
Ep 24000 | score  103.59 | avg100   67.32 | grasp100   0.0% | best 0.000 |     27 st/s
    done(50): t_flicker=50
Ep 24050 | score   80.54 | avg100   67.35 | grasp100   0.0% | best 0.000 |     27 st/s
    done(50): t_flicker=50
Ep 24100 | score   55.28 | avg100   65.62 | grasp100   0.0% | best 0.000 |     27 st/s
    done(50): t_flicker=50
Ep 24150 | score   55.94 | avg100   71.54 | grasp100   0.0% | best 0.000 |     27 st/s
    done(50): t_flicker=50
Ep 24200 | score   84.39 | avg100   71.63 | grasp100   0.0% | best 0.000 |     27 st/s
    done(50): t_flicker=50
Ep 24250 | score   81.09 | avg100   67.93 | grasp100   0.0% | best 0.000 |     27 st/s
    done(50): t_flicker=50
Ep 24300 | score   59.48 | avg100   65.32 | grasp100   0.0% | best 0.000 |     27 st/s
    done(50): t_flicker=50
  [primacy-bias reset of critic heads @ 275000 updates]
Ep 24350 | score   21.11 | avg100   56.07 | grasp100   0.0% | best 0.000 |     27 st/s
    done(50): t_flicker=44 t_touched=2 t_no_reach=4
Ep 24400 | score   21.54 | avg100   41.31 | grasp100   0.0% | best 0.000 |     27 st/s
    done(50): t_flicker=30 t_touched=10 t_no_reach=10
Ep 24450 | score   63.26 | avg100   42.93 | grasp100   0.0% | best 0.000 |     27 st/s
    done(50): t_flicker=44 t_touched=4 t_no_reach=2
Ep 24500 | score  -14.25 | avg100   53.53 | grasp100   0.0% | best 0.000 |     27 st/s
    done(50): t_flicker=44 t_touched=4 t_no_reach=2
Ep 24550 | score   59.50 | avg100   60.38 | grasp100   0.0% | best 0.000 |     27 st/s
    done(50): t_flicker=47 t_touched=3
Ep 24600 | score   56.57 | avg100   64.96 | grasp100   0.0% | best 0.000 |     27 st/s
    done(50): t_flicker=49 t_touched=1
Ep 24650 | score   79.73 | avg100   63.93 | grasp100   0.0% | best 0.000 |     27 st/s
    done(50): t_flicker=50
Ep 24700 | score   59.71 | avg100   65.77 | grasp100   0.0% | best 0.000 |     27 st/s
    done(50): t_flicker=49 t_touched=1
Ep 24750 | score   58.20 | avg100   65.35 | grasp100   0.0% | best 0.000 |     27 st/s
    done(50): t_flicker=50
Ep 24800 | score   82.11 | avg100   65.05 | grasp100   0.0% | best 0.000 |     27 st/s
    done(50): t_flicker=50
Ep 24850 | score   60.24 | avg100   65.35 | grasp100   0.0% | best 0.000 |     27 st/s
    done(50): t_flicker=50
Ep 24900 | score   53.61 | avg100   63.23 | grasp100   0.0% | best 0.000 |     27 st/s
    done(50): t_flicker=49 t_touched=1
Ep 24950 | score   56.15 | avg100   66.74 | grasp100   0.0% | best 0.000 |     27 st/s
    done(50): t_flicker=50
Ep 25000 | score   59.53 | avg100   68.29 | grasp100   0.0% | best 0.000 |     27 st/s
    done(50): t_flicker=50
Ep 25050 | score   55.82 | avg100   64.64 | grasp100   0.0% | best 0.000 |     27 st/s
    done(50): t_flicker=50
Ep 25100 | score   54.49 | avg100   64.57 | grasp100   0.0% | best 0.000 |     27 st/s
    done(50): t_flicker=50
Ep 25150 | score   54.39 | avg100   65.24 | grasp100   0.0% | best 0.000 |     27 st/s
    done(50): t_flicker=50
Ep 25200 | score   55.64 | avg100   68.08 | grasp100   0.0% | best 0.000 |     27 st/s
    done(50): t_flicker=50
Ep 25250 | score   63.62 | avg100   69.18 | grasp100   0.0% | best 0.000 |     27 st/s
    done(50): t_flicker=50
Ep 25300 | score   93.81 | avg100   66.54 | grasp100   1.0% | best 0.000 |     27 st/s
    done(50): success=1 t_flicker=49
Ep 25350 | score   55.24 | avg100   64.51 | grasp100   1.0% | best 0.000 |     27 st/s
    done(50): t_flicker=50
Ep 25400 | score   81.89 | avg100   66.98 | grasp100   0.0% | best 0.000 |     27 st/s
    done(50): t_flicker=49 t_touched=1
Ep 25450 | score   59.06 | avg100   67.43 | grasp100   0.0% | best 0.000 |     27 st/s
    done(50): t_flicker=50
Ep 25500 | score   63.38 | avg100   66.42 | grasp100   0.0% | best 0.000 |     27 st/s
    done(50): t_flicker=50
Ep 25550 | score   57.24 | avg100   67.97 | grasp100   0.0% | best 0.000 |     27 st/s
    done(50): t_flicker=50
Ep 25600 | score  132.31 | avg100   69.23 | grasp100   0.0% | best 0.000 |     27 st/s
    done(50): t_flicker=50
Ep 25650 | score   64.56 | avg100   71.15 | grasp100   0.0% | best 0.000 |     27 st/s
    done(50): t_flicker=50
Ep 25700 | score   55.45 | avg100   72.39 | grasp100   0.0% | best 0.000 |     27 st/s
    done(50): t_flicker=50
Ep 25750 | score   58.51 | avg100   71.75 | grasp100   0.0% | best 0.000 |     27 st/s
    done(50): t_flicker=50
Ep 25800 | score   57.75 | avg100   69.64 | grasp100   0.0% | best 0.000 |     27 st/s
    done(50): t_flicker=50
Ep 25850 | score   54.55 | avg100   68.06 | grasp100   0.0% | best 0.000 |     27 st/s
    done(50): t_flicker=50
Ep 25900 | score   58.57 | avg100   69.80 | grasp100   0.0% | best 0.000 |     27 st/s
    done(50): t_flicker=50
Ep 25950 | score   56.83 | avg100   71.11 | grasp100   0.0% | best 0.000 |     27 st/s
    done(50): t_flicker=50
Ep 26000 | score   61.11 | avg100   68.52 | grasp100   0.0% | best 0.000 |     27 st/s
    done(50): t_flicker=50
Ep 26050 | score  101.89 | avg100   71.27 | grasp100   0.0% | best 0.000 |     27 st/s
    done(50): t_flicker=50
Ep 26100 | score   58.42 | avg100   69.83 | grasp100   0.0% | best 0.000 |     27 st/s
    done(50): t_flicker=50
Ep 26150 | score   60.16 | avg100   63.22 | grasp100   0.0% | best 0.000 |     27 st/s
    done(50): t_flicker=50
Ep 26200 | score  100.32 | avg100   64.40 | grasp100   0.0% | best 0.000 |     27 st/s
    done(50): t_flicker=50
Ep 26250 | score  126.95 | avg100   68.91 | grasp100   0.0% | best 0.000 |     27 st/s
    done(50): t_flicker=49 t_touched=1
Ep 26300 | score   70.04 | avg100   68.71 | grasp100   0.0% | best 0.000 |     27 st/s
    done(50): t_flicker=50
Ep 26350 | score   55.92 | avg100   63.95 | grasp100   0.0% | best 0.000 |     27 st/s
    done(50): t_flicker=49 t_touched=1
Ep 26400 | score   98.18 | avg100   63.79 | grasp100   0.0% | best 0.000 |     27 st/s
    done(50): t_flicker=49 t_touched=1
Ep 26450 | score   52.73 | avg100   68.14 | grasp100   0.0% | best 0.000 |     27 st/s
    done(50): t_flicker=50
Ep 26500 | score   96.94 | avg100   70.11 | grasp100   0.0% | best 0.000 |     27 st/s
    done(50): t_flicker=50
Ep 26550 | score   61.88 | avg100   67.30 | grasp100   0.0% | best 0.000 |     27 st/s
    done(50): t_flicker=50
Ep 26600 | score   33.20 | avg100   66.84 | grasp100   0.0% | best 0.000 |     27 st/s
    done(50): t_flicker=50
  [primacy-bias reset of critic heads @ 300000 updates]
Ep 26650 | score   -8.05 | avg100   54.06 | grasp100   0.0% | best 0.000 |     27 st/s
    done(50): t_flicker=32 t_touched=6 t_no_reach=12
Ep 26700 | score   55.96 | avg100   25.08 | grasp100   0.0% | best 0.000 |     27 st/s
    done(50): t_flicker=13 t_touched=11 t_no_reach=26
Ep 26750 | score   58.08 | avg100   32.21 | grasp100   0.0% | best 0.000 |     27 st/s
    done(50): t_flicker=42 t_touched=5 t_no_reach=3
Ep 26800 | score   19.08 | avg100   54.74 | grasp100   0.0% | best 0.000 |     27 st/s
    done(50): t_flicker=44 t_touched=6
Ep 26850 | score   64.71 | avg100   56.56 | grasp100   0.0% | best 0.000 |     27 st/s
    done(50): t_flicker=46 t_touched=3 t_no_reach=1
Ep 26900 | score   56.58 | avg100   58.95 | grasp100   0.0% | best 0.000 |     27 st/s
    done(50): t_flicker=47 t_touched=2 t_no_reach=1
Ep 26950 | score   56.08 | avg100   60.97 | grasp100   0.0% | best 0.000 |     27 st/s
    done(50): t_flicker=49 t_touched=1
Ep 27000 | score   53.94 | avg100   64.03 | grasp100   0.0% | best 0.000 |     27 st/s
    done(50): t_flicker=50
Ep 27050 | score   72.00 | avg100   65.58 | grasp100   0.0% | best 0.000 |     27 st/s
    done(50): t_flicker=49 t_touched=1
Ep 27100 | score   55.16 | avg100   64.66 | grasp100   0.0% | best 0.000 |     27 st/s
    done(50): t_flicker=50
Ep 27150 | score   59.16 | avg100   66.56 | grasp100   0.0% | best 0.000 |     27 st/s
    done(50): t_flicker=50
Ep 27200 | score   58.96 | avg100   65.17 | grasp100   0.0% | best 0.000 |     27 st/s
    done(50): t_flicker=49 t_touched=1
Ep 27250 | score   60.37 | avg100   63.94 | grasp100   0.0% | best 0.000 |     27 st/s
    done(50): t_flicker=49 t_touched=1
Ep 27300 | score   54.82 | avg100   65.08 | grasp100   0.0% | best 0.000 |     27 st/s
    done(50): t_flicker=50
Ep 27350 | score   56.53 | avg100   62.66 | grasp100   0.0% | best 0.000 |     27 st/s
    done(50): t_flicker=50
Ep 27400 | score  105.34 | avg100   66.03 | grasp100   0.0% | best 0.000 |     27 st/s
    done(50): t_flicker=50
Ep 27450 | score   71.84 | avg100   68.98 | grasp100   0.0% | best 0.000 |     27 st/s
    done(50): t_flicker=49 t_touched=1
Ep 27500 | score   56.30 | avg100   67.94 | grasp100   0.0% | best 0.000 |     27 st/s
    done(50): t_flicker=50
Ep 27550 | score   60.84 | avg100   65.98 | grasp100   0.0% | best 0.000 |     27 st/s
    done(50): t_flicker=50
Ep 27600 | score   59.74 | avg100   67.05 | grasp100   0.0% | best 0.000 |     27 st/s
    done(50): t_flicker=50
Ep 27650 | score   54.30 | avg100   68.60 | grasp100   0.0% | best 0.000 |     27 st/s
    done(50): t_flicker=50
Ep 27700 | score   87.57 | avg100   66.90 | grasp100   0.0% | best 0.000 |     27 st/s
    done(50): t_flicker=50
Ep 27750 | score   66.46 | avg100   67.22 | grasp100   0.0% | best 0.000 |     27 st/s
    done(50): t_flicker=50
Ep 27800 | score   57.62 | avg100   68.86 | grasp100   0.0% | best 0.000 |     27 st/s
    done(50): t_flicker=50
Ep 27850 | score   61.30 | avg100   68.81 | grasp100   0.0% | best 0.000 |     27 st/s
    done(50): t_flicker=50
Ep 27900 | score   59.53 | avg100   67.01 | grasp100   0.0% | best 0.000 |     27 st/s
    done(50): t_flicker=50
Ep 27950 | score   89.88 | avg100   67.00 | grasp100   0.0% | best 0.000 |     27 st/s
    done(50): t_flicker=50
Ep 28000 | score   59.36 | avg100   66.10 | grasp100   0.0% | best 0.000 |     27 st/s
    done(50): t_flicker=50
Ep 28050 | score   59.78 | avg100   65.88 | grasp100   0.0% | best 0.000 |     27 st/s
    done(50): t_flicker=50
Ep 28100 | score   56.98 | avg100   64.16 | grasp100   0.0% | best 0.000 |     27 st/s
    done(50): t_flicker=50
Ep 28150 | score   58.66 | avg100   66.82 | grasp100   0.0% | best 0.000 |     27 st/s
    done(50): t_flicker=50
Ep 28200 | score   67.12 | avg100   69.58 | grasp100   0.0% | best 0.000 |     27 st/s
    done(50): t_flicker=49 t_touched=1
Ep 28250 | score   92.63 | avg100   67.82 | grasp100   0.0% | best 0.000 |     27 st/s
    done(50): t_flicker=50
Ep 28300 | score   53.63 | avg100   65.78 | grasp100   0.0% | best 0.000 |     27 st/s
    done(50): t_flicker=50
Ep 28350 | score   56.11 | avg100   67.55 | grasp100   1.0% | best 0.000 |     27 st/s
    done(50): success=1 t_flicker=48 t_touched=1
Ep 28400 | score  118.61 | avg100   69.15 | grasp100   1.0% | best 0.000 |     27 st/s
    done(50): t_flicker=50
Ep 28450 | score   57.23 | avg100   66.05 | grasp100   0.0% | best 0.000 |     27 st/s
    done(50): t_flicker=49 t_no_reach=1
Ep 28500 | score   83.09 | avg100   64.95 | grasp100   0.0% | best 0.000 |     27 st/s
    done(50): t_flicker=50
Ep 28550 | score   54.91 | avg100   64.90 | grasp100   0.0% | best 0.000 |     27 st/s
    done(50): t_flicker=50
Ep 28600 | score   94.60 | avg100   66.03 | grasp100   0.0% | best 0.000 |     27 st/s
    done(50): t_flicker=49 t_touched=1
Ep 28650 | score   76.97 | avg100   69.25 | grasp100   0.0% | best 0.000 |     27 st/s
    done(50): t_flicker=49 t_touched=1
Ep 28700 | score   56.99 | avg100   70.91 | grasp100   0.0% | best 0.000 |     27 st/s
    done(50): t_flicker=50
Ep 28750 | score   58.78 | avg100   68.48 | grasp100   0.0% | best 0.000 |     27 st/s
    done(50): t_flicker=50
Ep 28800 | score   62.89 | avg100   65.00 | grasp100   0.0% | best 0.000 |     27 st/s
    done(50): t_flicker=50
  [primacy-bias reset of critic heads @ 325000 updates]
Ep 28850 | score    5.99 | avg100   61.99 | grasp100   0.0% | best 0.000 |     27 st/s
    done(50): t_flicker=49 t_touched=1
Ep 28900 | score   14.41 | avg100   28.37 | grasp100   0.0% | best 0.000 |     27 st/s
    done(50): t_flicker=6 t_touched=4 t_no_reach=40
Ep 28950 | score   25.89 | avg100   23.18 | grasp100   0.0% | best 0.000 |     27 st/s
    done(50): t_flicker=39 t_touched=6 t_no_reach=5
Ep 29000 | score   57.25 | avg100   56.64 | grasp100   1.0% | best 0.000 |     27 st/s
    done(50): success=1 t_flicker=46 t_touched=3
Ep 29050 | score  154.57 | avg100   64.74 | grasp100   1.0% | best 0.000 |     27 st/s
    done(50): t_flicker=48 t_touched=2
Ep 29100 | score   62.59 | avg100   66.20 | grasp100   0.0% | best 0.000 |     27 st/s
    done(50): t_flicker=49 t_touched=1
Ep 29150 | score   73.37 | avg100   65.27 | grasp100   0.0% | best 0.000 |     27 st/s
    done(50): t_flicker=50
Ep 29200 | score   55.94 | avg100   65.42 | grasp100   0.0% | best 0.000 |     27 st/s
    done(50): t_flicker=50
Ep 29250 | score   55.70 | avg100   65.68 | grasp100   0.0% | best 0.000 |     27 st/s
    done(50): t_flicker=50
Ep 29300 | score   54.72 | avg100   65.26 | grasp100   0.0% | best 0.000 |     27 st/s
    done(50): t_flicker=50
Ep 29350 | score   61.86 | avg100   63.41 | grasp100   0.0% | best 0.000 |     27 st/s
    done(50): t_flicker=50
Ep 29400 | score   68.84 | avg100   64.36 | grasp100   0.0% | best 0.000 |     27 st/s
    done(50): t_flicker=50
Ep 29450 | score   80.91 | avg100   65.06 | grasp100   0.0% | best 0.000 |     27 st/s
    done(50): t_flicker=50
Ep 29500 | score   72.50 | avg100   66.40 | grasp100   0.0% | best 0.000 |     27 st/s
    done(50): t_flicker=50
Ep 29550 | score   93.77 | avg100   69.26 | grasp100   0.0% | best 0.000 |     27 st/s
    done(50): t_flicker=50
Ep 29600 | score   45.78 | avg100   67.37 | grasp100   0.0% | best 0.000 |     27 st/s
    done(50): t_flicker=50
Ep 29650 | score   56.74 | avg100   66.64 | grasp100   0.0% | best 0.000 |     27 st/s
    done(50): t_flicker=50
Ep 29700 | score   72.02 | avg100   66.96 | grasp100   0.0% | best 0.000 |     27 st/s
    done(50): t_flicker=50
Ep 29750 | score   57.42 | avg100   64.86 | grasp100   0.0% | best 0.000 |     27 st/s
    done(50): t_flicker=49 t_touched=1
Ep 29800 | score   55.40 | avg100   63.58 | grasp100   0.0% | best 0.000 |     27 st/s
    done(50): t_flicker=50
Ep 29850 | score   55.67 | avg100   66.85 | grasp100   0.0% | best 0.000 |     27 st/s
    done(50): t_flicker=50
Ep 29900 | score   52.87 | avg100   67.09 | grasp100   0.0% | best 0.000 |     27 st/s
    done(50): t_flicker=50
Ep 29950 | score   55.49 | avg100   65.95 | grasp100   0.0% | best 0.000 |     27 st/s
    done(50): t_flicker=50
Ep 30000 | score   99.75 | avg100   66.27 | grasp100   0.0% | best 0.000 |     27 st/s
    done(50): t_flicker=50
Ep 30050 | score   56.16 | avg100   65.47 | grasp100   0.0% | best 0.000 |     27 st/s
    done(50): t_flicker=50
Ep 30100 | score   67.68 | avg100   66.14 | grasp100   0.0% | best 0.000 |     27 st/s
    done(50): t_flicker=50
Ep 30150 | score   58.56 | avg100   64.94 | grasp100   0.0% | best 0.000 |     27 st/s
    done(50): t_flicker=50
Ep 30200 | score   58.28 | avg100   65.43 | grasp100   0.0% | best 0.000 |     27 st/s
    done(50): t_flicker=50
Ep 30250 | score   57.55 | avg100   67.16 | grasp100   0.0% | best 0.000 |     27 st/s
    done(50): t_flicker=50
Ep 30300 | score   64.34 | avg100   68.54 | grasp100   0.0% | best 0.000 |     27 st/s
    done(50): t_flicker=50
Ep 30350 | score   60.68 | avg100   66.55 | grasp100   0.0% | best 0.000 |     27 st/s
    done(50): t_flicker=49 t_touched=1
Ep 30400 | score  108.41 | avg100   64.99 | grasp100   0.0% | best 0.000 |     27 st/s
    done(50): t_flicker=50
Ep 30450 | score   60.86 | avg100   65.69 | grasp100   0.0% | best 0.000 |     27 st/s
    done(50): t_flicker=50
Ep 30500 | score   56.31 | avg100   66.91 | grasp100   0.0% | best 0.000 |     27 st/s
    done(50): t_flicker=50
Ep 30550 | score   58.61 | avg100   69.80 | grasp100   0.0% | best 0.000 |     27 st/s
    done(50): t_flicker=50
Ep 30600 | score  118.92 | avg100   70.40 | grasp100   0.0% | best 0.000 |     27 st/s
    done(50): t_flicker=50
Ep 30650 | score   55.57 | avg100   71.80 | grasp100   0.0% | best 0.000 |     27 st/s
    done(50): t_flicker=50
Ep 30700 | score  104.35 | avg100   71.01 | grasp100   0.0% | best 0.000 |     27 st/s
    done(50): t_flicker=50
Ep 30750 | score   54.54 | avg100   67.06 | grasp100   0.0% | best 0.000 |     27 st/s
    done(50): t_flicker=50
Ep 30800 | score   55.22 | avg100   65.23 | grasp100   0.0% | best 0.000 |     27 st/s
    done(50): t_flicker=50
Ep 30850 | score   56.64 | avg100   66.44 | grasp100   0.0% | best 0.000 |     27 st/s
    done(50): t_flicker=50
Ep 30900 | score   67.24 | avg100   66.53 | grasp100   0.0% | best 0.000 |     27 st/s
    done(50): t_flicker=50
Ep 30950 | score   73.87 | avg100   66.17 | grasp100   0.0% | best 0.000 |     27 st/s
    done(50): t_flicker=50
Ep 31000 | score   57.69 | avg100   66.03 | grasp100   0.0% | best 0.000 |     27 st/s
    done(50): t_flicker=50
Ep 31050 | score   86.98 | avg100   66.21 | grasp100   0.0% | best 0.000 |     27 st/s
    done(50): t_flicker=49 t_no_reach=1
Ep 31100 | score   60.59 | avg100   68.16 | grasp100   0.0% | best 0.000 |     27 st/s
    done(50): t_flicker=50
  [primacy-bias reset of critic heads @ 350000 updates]
Ep 31150 | score   52.42 | avg100   66.28 | grasp100   0.0% | best 0.000 |     27 st/s
    done(50): t_flicker=49 t_touched=1
Ep 31200 | score   31.30 | avg100   45.77 | grasp100   0.0% | best 0.000 |     27 st/s
    done(50): t_flicker=30 t_touched=12 t_no_reach=8
Ep 31250 | score   34.00 | avg100   39.32 | grasp100   0.0% | best 0.000 |     27 st/s
    done(50): t_flicker=45 t_touched=5
Ep 31300 | score   55.49 | avg100   57.24 | grasp100   0.0% | best 0.000 |     27 st/s
    done(50): t_flicker=48 t_touched=2
Ep 31350 | score   56.39 | avg100   65.05 | grasp100   0.0% | best 0.000 |     27 st/s
    done(50): t_flicker=49 t_touched=1
Ep 31400 | score   55.20 | avg100   66.90 | grasp100   0.0% | best 0.000 |     27 st/s
    done(50): t_flicker=50
Ep 31450 | score   59.39 | avg100   65.26 | grasp100   0.0% | best 0.000 |     27 st/s
    done(50): t_flicker=49 t_touched=1
Ep 31500 | score   55.52 | avg100   64.33 | grasp100   0.0% | best 0.000 |     27 st/s
    done(50): t_flicker=50
Ep 31550 | score   61.45 | avg100   66.99 | grasp100   0.0% | best 0.000 |     27 st/s
    done(50): t_flicker=49 t_touched=1
Ep 31600 | score   55.87 | avg100   64.97 | grasp100   0.0% | best 0.000 |     27 st/s
    done(50): t_flicker=50
Ep 31650 | score   93.60 | avg100   65.69 | grasp100   0.0% | best 0.000 |     27 st/s
    done(50): t_flicker=50
Ep 31700 | score   55.46 | avg100   68.74 | grasp100   0.0% | best 0.000 |     27 st/s
    done(50): t_flicker=50
Ep 31750 | score   56.96 | avg100   66.50 | grasp100   0.0% | best 0.000 |     27 st/s
    done(50): t_flicker=50
Ep 31800 | score   57.44 | avg100   65.69 | grasp100   0.0% | best 0.000 |     27 st/s
    done(50): t_flicker=50
Ep 31850 | score   95.44 | avg100   63.86 | grasp100   0.0% | best 0.000 |     27 st/s
    done(50): t_flicker=50
Ep 31900 | score   54.42 | avg100   60.86 | grasp100   0.0% | best 0.000 |     27 st/s
    done(50): t_flicker=50
Ep 31950 | score   54.86 | avg100   64.08 | grasp100   1.0% | best 0.000 |     27 st/s
    done(50): success=1 t_flicker=49
Ep 32000 | score  100.24 | avg100   69.71 | grasp100   1.0% | best 0.000 |     27 st/s
    done(50): t_flicker=50
Ep 32050 | score   61.25 | avg100   68.17 | grasp100   0.0% | best 0.000 |     27 st/s
    done(50): t_flicker=50
Ep 32100 | score   56.24 | avg100   65.92 | grasp100   0.0% | best 0.000 |     27 st/s
    done(50): t_flicker=50
Ep 32150 | score   60.10 | avg100   66.58 | grasp100   0.0% | best 0.000 |     27 st/s
    done(50): t_flicker=50
Ep 32200 | score   95.38 | avg100   67.07 | grasp100   0.0% | best 0.000 |     27 st/s
    done(50): t_flicker=50
Ep 32250 | score   54.66 | avg100   66.04 | grasp100   0.0% | best 0.000 |     27 st/s
    done(50): t_flicker=50
Ep 32300 | score   61.01 | avg100   65.28 | grasp100   0.0% | best 0.000 |     27 st/s
    done(50): t_flicker=50
Ep 32350 | score  105.61 | avg100   70.26 | grasp100   0.0% | best 0.000 |     27 st/s
    done(50): t_flicker=50
Ep 32400 | score   66.64 | avg100   67.84 | grasp100   0.0% | best 0.000 |     27 st/s
    done(50): t_flicker=50
Ep 32450 | score   69.17 | avg100   62.45 | grasp100   0.0% | best 0.000 |     27 st/s
    done(50): t_flicker=50
Ep 32500 | score   60.78 | avg100   68.34 | grasp100   0.0% | best 0.000 |     27 st/s
    done(50): t_flicker=49 t_touched=1
Ep 32550 | score   54.75 | avg100   70.44 | grasp100   1.0% | best 0.000 |     27 st/s
    done(50): success=1 t_flicker=49
Ep 32600 | score   73.06 | avg100   69.87 | grasp100   1.0% | best 0.000 |     27 st/s
    done(50): t_flicker=50
Ep 32650 | score   57.59 | avg100   71.21 | grasp100   0.0% | best 0.000 |     27 st/s
    done(50): t_flicker=50
Ep 32700 | score   54.87 | avg100   70.59 | grasp100   0.0% | best 0.000 |     27 st/s
    done(50): t_flicker=50
Ep 32750 | score   86.09 | avg100   68.82 | grasp100   0.0% | best 0.000 |     27 st/s
    done(50): t_flicker=50
Ep 32800 | score   56.16 | avg100   69.47 | grasp100   1.0% | best 0.000 |     27 st/s
    done(50): success=1 t_flicker=49
Ep 32850 | score   59.15 | avg100   71.83 | grasp100   1.0% | best 0.000 |     27 st/s
    done(50): t_flicker=50
Ep 32900 | score   57.58 | avg100   68.96 | grasp100   1.0% | best 0.000 |     27 st/s
    done(50): success=1 t_flicker=49
Ep 32950 | score  116.99 | avg100   65.51 | grasp100   1.0% | best 0.000 |     27 st/s
    done(50): t_flicker=50
Ep 33000 | score   72.63 | avg100   66.26 | grasp100   0.0% | best 0.000 |     27 st/s
    done(50): t_flicker=50
Ep 33050 | score   57.42 | avg100   68.68 | grasp100   0.0% | best 0.000 |     27 st/s
    done(50): t_flicker=50
Ep 33100 | score   53.99 | avg100   66.85 | grasp100   0.0% | best 0.000 |     27 st/s
    done(50): t_flicker=50
Ep 33150 | score   56.31 | avg100   65.15 | grasp100   0.0% | best 0.000 |     27 st/s
    done(50): t_flicker=50
Ep 33200 | score   61.92 | avg100   65.76 | grasp100   0.0% | best 0.000 |     27 st/s
    done(50): t_flicker=50
Ep 33250 | score   91.84 | avg100   67.12 | grasp100   0.0% | best 0.000 |     27 st/s
    done(50): t_flicker=50
Ep 33300 | score   56.52 | avg100   68.23 | grasp100   0.0% | best 0.000 |     27 st/s
    done(50): t_flicker=50
Ep 33350 | score   86.69 | avg100   68.77 | grasp100   0.0% | best 0.000 |     27 st/s
    done(50): t_flicker=50
Ep 33400 | score   58.64 | avg100   68.48 | grasp100   1.0% | best 0.000 |     27 st/s
    done(50): success=1 t_flicker=49
Ep 33450 | score   56.94 | avg100   65.66 | grasp100   1.0% | best 0.000 |     27 st/s
    done(50): t_flicker=50
Ep 33500 | score   75.55 | avg100   66.17 | grasp100   0.0% | best 0.000 |     27 st/s
    done(50): t_flicker=50
  [primacy-bias reset of critic heads @ 375000 updates]
Ep 33550 | score    1.81 | avg100   66.24 | grasp100   0.0% | best 0.000 |     27 st/s
    done(50): t_flicker=49 t_no_reach=1
Ep 33600 | score   33.20 | avg100   31.06 | grasp100   0.0% | best 0.000 |     27 st/s
    done(50): t_flicker=2 t_touched=10 t_no_reach=38
Ep 33650 | score   55.02 | avg100   21.49 | grasp100   0.0% | best 0.000 |     27 st/s
    done(50): t_flicker=37 t_touched=8 t_no_reach=5
Ep 33700 | score   87.05 | avg100   51.50 | grasp100   0.0% | best 0.000 |     27 st/s
    done(50): t_flicker=45 t_touched=5
Ep 33750 | score   56.40 | avg100   58.15 | grasp100   0.0% | best 0.000 |     27 st/s
    done(50): t_flicker=44 t_touched=4 t_no_reach=2
Ep 33800 | score   92.49 | avg100   61.38 | grasp100   0.0% | best 0.000 |     27 st/s
    done(50): t_flicker=47 t_touched=3
Ep 33850 | score   52.96 | avg100   67.24 | grasp100   1.0% | best 0.000 |     27 st/s
    done(50): success=1 t_flicker=49
Ep 33900 | score   56.74 | avg100   68.02 | grasp100   1.0% | best 0.000 |     27 st/s
    done(50): t_flicker=50
Ep 33950 | score   56.69 | avg100   67.42 | grasp100   0.0% | best 0.000 |     27 st/s
    done(50): t_flicker=49 t_touched=1
Ep 34000 | score   83.47 | avg100   66.68 | grasp100   0.0% | best 0.000 |     27 st/s
    done(50): t_flicker=50
Ep 34050 | score   56.13 | avg100   62.45 | grasp100   0.0% | best 0.000 |     27 st/s
    done(50): t_flicker=50
Ep 34100 | score   56.50 | avg100   61.74 | grasp100   0.0% | best 0.000 |     27 st/s
    done(50): t_flicker=50
Ep 34150 | score   56.56 | avg100   62.36 | grasp100   0.0% | best 0.000 |     27 st/s
    done(50): t_flicker=50
Ep 34200 | score   58.90 | avg100   63.51 | grasp100   0.0% | best 0.000 |     27 st/s
    done(50): t_flicker=50
Ep 34250 | score   59.27 | avg100   66.73 | grasp100   0.0% | best 0.000 |     27 st/s
    done(50): t_flicker=50
Ep 34300 | score   61.35 | avg100   65.65 | grasp100   0.0% | best 0.000 |     27 st/s
    done(50): t_flicker=50
Ep 34350 | score   55.87 | avg100   66.47 | grasp100   0.0% | best 0.000 |     27 st/s
    done(50): t_flicker=50
Ep 34400 | score   61.17 | avg100   68.89 | grasp100   0.0% | best 0.000 |     27 st/s
    done(50): t_flicker=50
Ep 34450 | score   87.33 | avg100   68.13 | grasp100   0.0% | best 0.000 |     27 st/s
    done(50): t_flicker=50
Ep 34500 | score   57.49 | avg100   66.87 | grasp100   0.0% | best 0.000 |     27 st/s
    done(50): t_flicker=50
Ep 34550 | score   97.10 | avg100   66.44 | grasp100   0.0% | best 0.000 |     27 st/s
    done(50): t_flicker=50
Ep 34600 | score   58.28 | avg100   66.79 | grasp100   0.0% | best 0.000 |     27 st/s
    done(50): t_flicker=50
Ep 34650 | score   59.28 | avg100   66.60 | grasp100   0.0% | best 0.000 |     27 st/s
    done(50): t_flicker=50
Ep 34700 | score   59.34 | avg100   70.68 | grasp100   0.0% | best 0.000 |     27 st/s
    done(50): t_flicker=50
Ep 34750 | score   55.29 | avg100   70.23 | grasp100   0.0% | best 0.000 |     27 st/s
    done(50): t_flicker=50
Ep 34800 | score   67.90 | avg100   64.70 | grasp100   0.0% | best 0.000 |     27 st/s
    done(50): t_flicker=50
Ep 34850 | score   55.37 | avg100   64.07 | grasp100   0.0% | best 0.000 |     27 st/s
    done(50): t_flicker=50
Ep 34900 | score   55.59 | avg100   66.34 | grasp100   0.0% | best 0.000 |     27 st/s
    done(50): t_flicker=50
Ep 34950 | score   65.93 | avg100   66.50 | grasp100   0.0% | best 0.000 |     27 st/s
    done(50): t_flicker=50
Ep 35000 | score   56.09 | avg100   64.95 | grasp100   0.0% | best 0.000 |     27 st/s
    done(50): t_flicker=50
Ep 35050 | score   57.61 | avg100   65.72 | grasp100   0.0% | best 0.000 |     27 st/s
    done(50): t_flicker=50
Ep 35100 | score   58.07 | avg100   68.09 | grasp100   0.0% | best 0.000 |     27 st/s
    done(50): t_flicker=49 t_no_reach=1
Ep 35150 | score   59.25 | avg100   69.87 | grasp100   0.0% | best 0.000 |     27 st/s
    done(50): t_flicker=50
Ep 35200 | score   56.37 | avg100   69.62 | grasp100   0.0% | best 0.000 |     27 st/s
    done(50): t_flicker=50
Ep 35250 | score   57.00 | avg100   70.53 | grasp100   0.0% | best 0.000 |     27 st/s
    done(50): t_flicker=50
Ep 35300 | score   65.17 | avg100   68.98 | grasp100   0.0% | best 0.000 |     27 st/s
    done(50): t_flicker=50
Ep 35350 | score   64.28 | avg100   69.21 | grasp100   0.0% | best 0.000 |     27 st/s
    done(50): t_flicker=50
Ep 35400 | score   53.99 | avg100   70.06 | grasp100   0.0% | best 0.000 |     27 st/s
    done(50): t_flicker=50
Ep 35450 | score   53.77 | avg100   68.37 | grasp100   0.0% | best 0.000 |     27 st/s
    done(50): t_flicker=50
Ep 35500 | score  124.25 | avg100   70.74 | grasp100   0.0% | best 0.000 |     27 st/s
    done(50): t_flicker=50
Ep 35550 | score   56.82 | avg100   70.51 | grasp100   0.0% | best 0.000 |     27 st/s
    done(50): t_flicker=50
Ep 35600 | score   98.77 | avg100   70.17 | grasp100   0.0% | best 0.000 |     27 st/s
    done(50): t_flicker=50
Ep 35650 | score   75.26 | avg100   71.16 | grasp100   0.0% | best 0.000 |     27 st/s
    done(50): t_flicker=49 t_no_reach=1
Ep 35700 | score   54.81 | avg100   69.98 | grasp100   0.0% | best 0.000 |     27 st/s
    done(50): t_flicker=50
Ep 35750 | score   56.09 | avg100   69.72 | grasp100   0.0% | best 0.000 |     27 st/s
    done(50): t_flicker=50
Ep 35800 | score   93.52 | avg100   68.19 | grasp100   0.0% | best 0.000 |     27 st/s
    done(50): t_flicker=50
  [primacy-bias reset of critic heads @ 400000 updates]
Ep 35850 | score    4.53 | avg100   52.13 | grasp100   0.0% | best 0.000 |     27 st/s
    done(50): t_flicker=30 t_touched=9 t_no_reach=11
Ep 35900 | score   56.25 | avg100   36.97 | grasp100   0.0% | best 0.000 |     27 st/s
    done(50): t_flicker=31 t_touched=11 t_no_reach=8
Ep 35950 | score   61.78 | avg100   47.78 | grasp100   0.0% | best 0.000 |     27 st/s
    done(50): t_flicker=48 t_touched=1 t_no_reach=1
Ep 36000 | score   59.94 | avg100   58.39 | grasp100   0.0% | best 0.000 |     27 st/s
    done(50): t_flicker=45 t_touched=5
Ep 36050 | score   95.08 | avg100   61.26 | grasp100   0.0% | best 0.000 |     27 st/s
    done(50): t_flicker=49 t_touched=1
Ep 36100 | score   55.82 | avg100   63.78 | grasp100   0.0% | best 0.000 |     27 st/s
    done(50): t_flicker=50
Ep 36150 | score   64.39 | avg100   63.81 | grasp100   0.0% | best 0.000 |     27 st/s
    done(50): t_flicker=50
Ep 36200 | score   73.44 | avg100   64.39 | grasp100   0.0% | best 0.000 |     27 st/s
    done(50): t_flicker=50
Ep 36250 | score   58.11 | avg100   64.80 | grasp100   1.0% | best 0.000 |     27 st/s
    done(50): success=1 t_flicker=49
Ep 36300 | score   55.94 | avg100   64.88 | grasp100   1.0% | best 0.000 |     27 st/s
    done(50): t_flicker=50
Ep 36350 | score   59.77 | avg100   62.65 | grasp100   0.0% | best 0.000 |     27 st/s
    done(50): t_flicker=49 t_touched=1
Ep 36400 | score   56.52 | avg100   64.52 | grasp100   0.0% | best 0.000 |     27 st/s
    done(50): t_flicker=49 t_touched=1
Ep 36450 | score   54.42 | avg100   68.35 | grasp100   1.0% | best 0.000 |     27 st/s
    done(50): success=1 t_flicker=49
Ep 36500 | score   62.07 | avg100   68.25 | grasp100   1.0% | best 0.000 |     27 st/s
    done(50): t_flicker=50
Ep 36550 | score   56.76 | avg100   63.80 | grasp100   0.0% | best 0.000 |     27 st/s
    done(50): t_flicker=50
Ep 36600 | score   58.89 | avg100   63.24 | grasp100   0.0% | best 0.000 |     27 st/s
    done(50): t_flicker=50
Ep 36650 | score   56.30 | avg100   64.33 | grasp100   0.0% | best 0.000 |     27 st/s
    done(50): t_flicker=50
Ep 36700 | score   53.41 | avg100   67.27 | grasp100   0.0% | best 0.000 |     27 st/s
    done(50): t_flicker=50
Ep 36750 | score   61.25 | avg100   69.03 | grasp100   0.0% | best 0.000 |     27 st/s
    done(50): t_flicker=50
Ep 36800 | score   58.69 | avg100   65.41 | grasp100   0.0% | best 0.000 |     27 st/s
    done(50): t_flicker=50
Ep 36850 | score   57.52 | avg100   64.25 | grasp100   0.0% | best 0.000 |     27 st/s
    done(50): t_flicker=50
Ep 36900 | score   59.51 | avg100   68.64 | grasp100   0.0% | best 0.000 |     27 st/s
    done(50): t_flicker=50
Ep 36950 | score   53.85 | avg100   68.61 | grasp100   0.0% | best 0.000 |     27 st/s
    done(50): t_flicker=50
Ep 37000 | score   81.30 | avg100   67.38 | grasp100   1.0% | best 0.000 |     27 st/s
    done(50): success=1 t_flicker=49
Ep 37050 | score   83.67 | avg100   71.10 | grasp100   1.0% | best 0.000 |     27 st/s
    done(50): t_flicker=50
Ep 37100 | score   57.13 | avg100   68.40 | grasp100   0.0% | best 0.000 |     27 st/s
    done(50): t_flicker=50
Ep 37150 | score   56.52 | avg100   65.80 | grasp100   0.0% | best 0.000 |     27 st/s
    done(50): t_flicker=50
Ep 37200 | score   59.68 | avg100   68.72 | grasp100   0.0% | best 0.000 |     27 st/s
    done(50): t_flicker=50
Ep 37250 | score   60.38 | avg100   68.82 | grasp100   0.0% | best 0.000 |     27 st/s
    done(50): t_flicker=50
Ep 37300 | score   57.62 | avg100   67.70 | grasp100   0.0% | best 0.000 |     27 st/s
    done(50): t_flicker=50
Ep 37350 | score   89.95 | avg100   69.24 | grasp100   0.0% | best 0.000 |     27 st/s
    done(50): t_flicker=50
Ep 37400 | score   56.27 | avg100   68.20 | grasp100   0.0% | best 0.000 |     27 st/s
    done(50): t_flicker=50
Ep 37450 | score   56.73 | avg100   67.87 | grasp100   0.0% | best 0.000 |     27 st/s
    done(50): t_flicker=50
Ep 37500 | score   57.75 | avg100   68.14 | grasp100   1.0% | best 0.000 |     27 st/s
    done(50): success=1 t_flicker=49
Ep 37550 | score   55.06 | avg100   67.97 | grasp100   1.0% | best 0.000 |     27 st/s
    done(50): t_flicker=50
Ep 37600 | score   54.72 | avg100   69.72 | grasp100   0.0% | best 0.000 |     27 st/s
    done(50): t_flicker=50
Ep 37650 | score   74.49 | avg100   72.40 | grasp100   0.0% | best 0.000 |     27 st/s
    done(50): t_flicker=50
Ep 37700 | score   70.97 | avg100   71.24 | grasp100   0.0% | best 0.000 |     27 st/s
    done(50): t_flicker=50
Ep 37750 | score   53.96 | avg100   68.65 | grasp100   0.0% | best 0.000 |     27 st/s
    done(50): t_flicker=49 t_touched=1
Ep 37800 | score   66.71 | avg100   66.35 | grasp100   0.0% | best 0.000 |     27 st/s
    done(50): t_flicker=50
Ep 37850 | score  105.33 | avg100   70.73 | grasp100   0.0% | best 0.000 |     27 st/s
    done(50): t_flicker=50
Ep 37900 | score   56.77 | avg100   75.15 | grasp100   0.0% | best 0.000 |     27 st/s
    done(50): t_flicker=50
Ep 37950 | score   71.79 | avg100   72.89 | grasp100   0.0% | best 0.000 |     27 st/s
    done(50): t_flicker=50
Ep 38000 | score   58.78 | avg100   71.80 | grasp100   0.0% | best 0.000 |     27 st/s
    done(50): t_flicker=50
Ep 38050 | score   80.34 | avg100   66.74 | grasp100   0.0% | best 0.000 |     27 st/s
    done(50): t_flicker=50
Ep 38100 | score   80.87 | avg100   65.66 | grasp100   0.0% | best 0.000 |     27 st/s
    done(50): t_flicker=50
Ep 38150 | score   56.62 | avg100   67.24 | grasp100   1.0% | best 0.000 |     27 st/s
    done(50): success=1 t_flicker=49
  [primacy-bias reset of critic heads @ 425000 updates]
Ep 38200 | score   -9.87 | avg100   62.03 | grasp100   1.0% | best 0.000 |     27 st/s
    done(50): t_flicker=44 t_touched=4 t_no_reach=2
Ep 38250 | score    3.15 | avg100   36.05 | grasp100   0.0% | best 0.000 |     27 st/s
    done(50): t_flicker=21 t_touched=9 t_no_reach=20
Ep 38300 | score   55.26 | avg100   32.50 | grasp100   0.0% | best 0.000 |     27 st/s
    done(50): t_flicker=41 t_touched=8 t_no_reach=1
Ep 38350 | score  130.57 | avg100   58.04 | grasp100   1.0% | best 0.000 |     27 st/s
    done(50): success=1 t_flicker=44 t_touched=4 t_no_reach=1
Ep 38400 | score   58.55 | avg100   63.34 | grasp100   1.0% | best 0.000 |     27 st/s
    done(50): t_flicker=48 t_touched=2
Ep 38450 | score   55.13 | avg100   63.58 | grasp100   0.0% | best 0.000 |     27 st/s
    done(50): t_flicker=49 t_touched=1
Ep 38500 | score   63.48 | avg100   65.37 | grasp100   0.0% | best 0.000 |     27 st/s
    done(50): t_flicker=50
Ep 38550 | score   61.07 | avg100   65.94 | grasp100   0.0% | best 0.000 |     27 st/s
    done(50): t_flicker=50
Ep 38600 | score   57.03 | avg100   64.84 | grasp100   0.0% | best 0.000 |     27 st/s
    done(50): t_flicker=49 t_touched=1
Ep 38650 | score   69.91 | avg100   63.52 | grasp100   0.0% | best 0.000 |     27 st/s
    done(50): t_flicker=50
Ep 38700 | score  103.64 | avg100   64.61 | grasp100   0.0% | best 0.000 |     27 st/s
    done(50): t_flicker=50
Ep 38750 | score   65.27 | avg100   64.37 | grasp100   0.0% | best 0.000 |     27 st/s
    done(50): t_flicker=50
Ep 38800 | score   77.37 | avg100   64.06 | grasp100   0.0% | best 0.000 |     27 st/s
    done(50): t_flicker=50
Ep 38850 | score   55.79 | avg100   64.33 | grasp100   0.0% | best 0.000 |     27 st/s
    done(50): t_flicker=49 t_no_reach=1
Ep 38900 | score   55.97 | avg100   63.93 | grasp100   0.0% | best 0.000 |     27 st/s
    done(50): t_flicker=50
Ep 38950 | score   56.15 | avg100   64.98 | grasp100   0.0% | best 0.000 |     27 st/s
    done(50): t_flicker=50
Ep 39000 | score   56.98 | avg100   68.04 | grasp100   1.0% | best 0.000 |     27 st/s
    done(50): success=1 t_flicker=49
Ep 39050 | score   57.35 | avg100   68.89 | grasp100   1.0% | best 0.000 |     27 st/s
    done(50): t_flicker=50
Ep 39100 | score   56.60 | avg100   67.93 | grasp100   0.0% | best 0.000 |     27 st/s
    done(50): t_flicker=50
Ep 39150 | score   55.80 | avg100   69.44 | grasp100   0.0% | best 0.000 |     27 st/s
    done(50): t_flicker=49 t_touched=1
Ep 39200 | score   59.24 | avg100   66.80 | grasp100   0.0% | best 0.000 |     27 st/s
    done(50): t_flicker=50
Ep 39250 | score   56.67 | avg100   63.82 | grasp100   0.0% | best 0.000 |     27 st/s
    done(50): t_flicker=50
Ep 39300 | score   60.10 | avg100   64.53 | grasp100   0.0% | best 0.000 |     27 st/s
    done(50): t_flicker=50
Ep 39350 | score   58.02 | avg100   66.94 | grasp100   0.0% | best 0.000 |     27 st/s
    done(50): t_flicker=50
Ep 39400 | score   57.65 | avg100   71.00 | grasp100   0.0% | best 0.000 |     27 st/s
    done(50): t_flicker=50
Ep 39450 | score   85.80 | avg100   71.93 | grasp100   0.0% | best 0.000 |     27 st/s
    done(50): t_flicker=50
Ep 39500 | score  104.15 | avg100   69.27 | grasp100   0.0% | best 0.000 |     27 st/s
    done(50): t_flicker=50
Ep 39550 | score   68.09 | avg100   70.62 | grasp100   0.0% | best 0.000 |     27 st/s
    done(50): t_flicker=50
Ep 39600 | score   71.50 | avg100   73.93 | grasp100   0.0% | best 0.000 |     27 st/s
    done(50): t_flicker=50
Ep 39650 | score  139.80 | avg100   71.28 | grasp100   0.0% | best 0.000 |     27 st/s
    done(50): t_flicker=50
Ep 39700 | score   70.84 | avg100   66.21 | grasp100   0.0% | best 0.000 |     27 st/s
    done(50): t_flicker=50
Ep 39750 | score   83.30 | avg100   64.58 | grasp100   0.0% | best 0.000 |     27 st/s
    done(50): t_flicker=50
Ep 39800 | score   72.63 | avg100   67.16 | grasp100   1.0% | best 0.000 |     27 st/s
    done(50): success=1 t_flicker=49
Ep 39850 | score   59.30 | avg100   68.47 | grasp100   1.0% | best 0.000 |     27 st/s
    done(50): t_flicker=50
Ep 39900 | score   61.20 | avg100   70.16 | grasp100   0.0% | best 0.000 |     27 st/s
    done(50): t_flicker=50
Ep 39950 | score   93.44 | avg100   70.71 | grasp100   0.0% | best 0.000 |     27 st/s
    done(50): t_flicker=50
Ep 40000 | score   56.58 | avg100   68.71 | grasp100   0.0% | best 0.000 |     27 st/s
    done(50): t_flicker=50
Ep 40050 | score   64.41 | avg100   67.57 | grasp100   0.0% | best 0.000 |     27 st/s
    done(50): t_flicker=50
Ep 40100 | score   55.68 | avg100   67.75 | grasp100   0.0% | best 0.000 |     27 st/s
    done(50): t_flicker=50
Ep 40150 | score   73.61 | avg100   69.04 | grasp100   0.0% | best 0.000 |     27 st/s
    done(50): t_flicker=49 t_touched=1
Ep 40200 | score   70.12 | avg100   68.87 | grasp100   0.0% | best 0.000 |     27 st/s
    done(50): t_flicker=50
Ep 40250 | score   64.10 | avg100   67.90 | grasp100   0.0% | best 0.000 |     27 st/s
    done(50): t_flicker=50
Ep 40300 | score   88.82 | avg100   66.32 | grasp100   0.0% | best 0.000 |     27 st/s
    done(50): t_flicker=50
Ep 40350 | score   90.37 | avg100   67.06 | grasp100   0.0% | best 0.000 |     27 st/s
    done(50): t_flicker=50
Ep 40400 | score   56.61 | avg100   69.00 | grasp100   0.0% | best 0.000 |     27 st/s
    done(50): t_flicker=50
Ep 40450 | score   57.75 | avg100   67.53 | grasp100   0.0% | best 0.000 |     27 st/s
    done(50): t_flicker=50
Ep 40500 | score  105.09 | avg100   68.99 | grasp100   0.0% | best 0.000 |     27 st/s
    done(50): t_flicker=50
  [primacy-bias reset of critic heads @ 450000 updates]
Ep 40550 | score   24.30 | avg100   58.68 | grasp100   0.0% | best 0.000 |     27 st/s
    done(50): t_flicker=39 t_touched=7 t_no_reach=4
Ep 40600 | score   55.20 | avg100   47.91 | grasp100   0.0% | best 0.000 |     27 st/s
    done(50): t_flicker=41 t_touched=6 t_no_reach=3
Ep 40650 | score   56.18 | avg100   55.79 | grasp100   0.0% | best 0.000 |     27 st/s
    done(50): t_flicker=49 t_touched=1
Ep 40700 | score   57.52 | avg100   59.53 | grasp100   0.0% | best 0.000 |     27 st/s
    done(50): t_flicker=47 t_touched=3
Ep 40750 | score  105.16 | avg100   61.79 | grasp100   0.0% | best 0.000 |     27 st/s
    done(50): t_flicker=49 t_no_reach=1
Ep 40800 | score   59.86 | avg100   62.53 | grasp100   0.0% | best 0.000 |     27 st/s
    done(50): t_flicker=49 t_touched=1
Ep 40850 | score   74.12 | avg100   62.28 | grasp100   0.0% | best 0.000 |     27 st/s
    done(50): t_flicker=50
Ep 40900 | score   62.80 | avg100   63.39 | grasp100   0.0% | best 0.000 |     27 st/s
    done(50): t_flicker=50
Ep 40950 | score   54.87 | avg100   61.83 | grasp100   0.0% | best 0.000 |     27 st/s
    done(50): t_flicker=49 t_touched=1
Ep 41000 | score   53.81 | avg100   65.40 | grasp100   1.0% | best 0.000 |     27 st/s
    done(50): success=1 t_flicker=49
Ep 41050 | score   57.05 | avg100   66.25 | grasp100   1.0% | best 0.000 |     27 st/s
    done(50): t_flicker=50
Ep 41100 | score   56.27 | avg100   66.25 | grasp100   0.0% | best 0.000 |     27 st/s
    done(50): t_flicker=50
Ep 41150 | score   56.05 | avg100   64.91 | grasp100   0.0% | best 0.000 |     27 st/s
    done(50): t_flicker=50
Ep 41200 | score   59.97 | avg100   61.50 | grasp100   0.0% | best 0.000 |     27 st/s
    done(50): t_flicker=50
Ep 41250 | score   56.41 | avg100   61.70 | grasp100   0.0% | best 0.000 |     27 st/s
    done(50): t_flicker=50
Ep 41300 | score   57.00 | avg100   64.10 | grasp100   0.0% | best 0.000 |     27 st/s
    done(50): t_flicker=50
Ep 41350 | score   56.44 | avg100   65.86 | grasp100   0.0% | best 0.000 |     27 st/s
    done(50): t_flicker=50
Ep 41400 | score   56.95 | avg100   68.77 | grasp100   0.0% | best 0.000 |     27 st/s
    done(50): t_flicker=50
Ep 41450 | score   54.80 | avg100   69.66 | grasp100   0.0% | best 0.000 |     27 st/s
    done(50): t_flicker=50
Ep 41500 | score   66.54 | avg100   69.09 | grasp100   0.0% | best 0.000 |     27 st/s
    done(50): t_flicker=50
Ep 41550 | score   65.40 | avg100   71.27 | grasp100   0.0% | best 0.000 |     27 st/s
    done(50): t_flicker=50
Ep 41600 | score   65.93 | avg100   69.50 | grasp100   0.0% | best 0.000 |     27 st/s
    done(50): t_flicker=50
Ep 41650 | score   97.97 | avg100   67.77 | grasp100   0.0% | best 0.000 |     27 st/s
    done(50): t_flicker=49 t_touched=1
Ep 41700 | score   57.53 | avg100   68.22 | grasp100   0.0% | best 0.000 |     27 st/s
    done(50): t_flicker=50
Ep 41750 | score   55.53 | avg100   67.47 | grasp100   0.0% | best 0.000 |     27 st/s
    done(50): t_flicker=50
Ep 41800 | score   98.18 | avg100   67.70 | grasp100   0.0% | best 0.000 |     27 st/s
    done(50): t_flicker=50
Ep 41850 | score   55.52 | avg100   66.73 | grasp100   0.0% | best 0.000 |     27 st/s
    done(50): t_flicker=50
Ep 41900 | score   55.82 | avg100   67.10 | grasp100   0.0% | best 0.000 |     27 st/s
    done(50): t_flicker=49 t_touched=1
Ep 41950 | score   67.62 | avg100   70.90 | grasp100   0.0% | best 0.000 |     27 st/s
    done(50): t_flicker=50
Ep 42000 | score   96.07 | avg100   69.97 | grasp100   0.0% | best 0.000 |     27 st/s
    done(50): t_flicker=50
Ep 42050 | score   59.83 | avg100   69.73 | grasp100   0.0% | best 0.000 |     27 st/s
    done(50): t_flicker=50
Ep 42100 | score  124.98 | avg100   71.52 | grasp100   0.0% | best 0.000 |     27 st/s
    done(50): t_flicker=50
Ep 42150 | score   55.48 | avg100   70.85 | grasp100   0.0% | best 0.000 |     27 st/s
    done(50): t_flicker=50
Ep 42200 | score   63.00 | avg100   73.43 | grasp100   0.0% | best 0.000 |     27 st/s
    done(50): t_flicker=50
Ep 42250 | score   73.38 | avg100   74.52 | grasp100   0.0% | best 0.000 |     27 st/s
    done(50): t_flicker=50
Ep 42300 | score   54.87 | avg100   71.62 | grasp100   0.0% | best 0.000 |     27 st/s
    done(50): t_flicker=50
Ep 42350 | score   57.87 | avg100   68.34 | grasp100   0.0% | best 0.000 |     27 st/s
    done(50): t_flicker=50
Ep 42400 | score   59.85 | avg100   69.35 | grasp100   0.0% | best 0.000 |     27 st/s
    done(50): t_flicker=49 t_touched=1
Ep 42450 | score   91.32 | avg100   72.96 | grasp100   0.0% | best 0.000 |     27 st/s
    done(50): t_flicker=50
Ep 42500 | score   67.15 | avg100   69.34 | grasp100   0.0% | best 0.000 |     27 st/s
    done(50): t_flicker=50
Ep 42550 | score   58.30 | avg100   67.65 | grasp100   1.0% | best 0.000 |     27 st/s
    done(50): success=1 t_flicker=48 t_touched=1
Ep 42600 | score   76.69 | avg100   70.52 | grasp100   1.0% | best 0.000 |     27 st/s
    done(50): t_flicker=50
Ep 42650 | score   56.67 | avg100   70.85 | grasp100   0.0% | best 0.000 |     27 st/s
    done(50): t_flicker=50
Ep 42700 | score   66.43 | avg100   67.26 | grasp100   0.0% | best 0.000 |     27 st/s
    done(50): t_flicker=50
Ep 42750 | score  110.71 | avg100   67.79 | grasp100   0.0% | best 0.000 |     27 st/s
    done(50): t_flicker=50
Ep 42800 | score   59.86 | avg100   72.04 | grasp100   0.0% | best 0.000 |     27 st/s
    done(50): t_flicker=50
Ep 42850 | score   56.56 | avg100   70.87 | grasp100   0.0% | best 0.000 |     27 st/s
    done(50): t_flicker=50
  [primacy-bias reset of critic heads @ 475000 updates]
Ep 42900 | score    4.70 | avg100   56.97 | grasp100   0.0% | best 0.000 |     27 st/s
    done(50): t_flicker=36 t_touched=8 t_no_reach=6
Ep 42950 | score   58.93 | avg100   35.68 | grasp100   0.0% | best 0.000 |     27 st/s
    done(50): t_flicker=31 t_touched=10 t_no_reach=9
Ep 43000 | score    5.18 | avg100   43.66 | grasp100   0.0% | best 0.000 |     27 st/s
    done(50): t_flicker=46 t_touched=1 t_no_reach=3
Ep 43050 | score   57.19 | avg100   62.32 | grasp100   0.0% | best 0.000 |     27 st/s
    done(50): t_flicker=49 t_touched=1
Ep 43100 | score   57.37 | avg100   64.43 | grasp100   0.0% | best 0.000 |     27 st/s
    done(50): t_flicker=50
Ep 43150 | score   54.52 | avg100   64.40 | grasp100   0.0% | best 0.000 |     27 st/s
    done(50): t_flicker=50
Ep 43200 | score   56.44 | avg100   67.47 | grasp100   0.0% | best 0.000 |     27 st/s
    done(50): t_flicker=50
Ep 43250 | score   56.64 | avg100   67.67 | grasp100   0.0% | best 0.000 |     27 st/s
    done(50): t_flicker=50
Ep 43300 | score   56.19 | avg100   65.18 | grasp100   0.0% | best 0.000 |     27 st/s
    done(50): t_flicker=50
Ep 43350 | score   56.94 | avg100   65.74 | grasp100   1.0% | best 0.000 |     27 st/s
    done(50): success=1 t_flicker=48 t_touched=1
Ep 43400 | score   31.05 | avg100   65.04 | grasp100   2.0% | best 0.000 |     27 st/s
    done(50): success=1 t_flicker=49
Ep 43450 | score   61.67 | avg100   63.52 | grasp100   1.0% | best 0.000 |     27 st/s
    done(50): t_flicker=50
Ep 43500 | score   58.53 | avg100   62.81 | grasp100   0.0% | best 0.000 |     27 st/s
    done(50): t_flicker=50
Ep 43550 | score   79.37 | avg100   63.29 | grasp100   0.0% | best 0.000 |     27 st/s
    done(50): t_flicker=50
Ep 43600 | score   58.97 | avg100   62.80 | grasp100   0.0% | best 0.000 |     27 st/s
    done(50): t_flicker=50
Ep 43650 | score   58.22 | avg100   64.10 | grasp100   1.0% | best 0.000 |     27 st/s
    done(50): success=1 t_flicker=49
Ep 43700 | score   62.09 | avg100   64.46 | grasp100   1.0% | best 0.000 |     27 st/s
    done(50): t_flicker=49 t_touched=1
Ep 43750 | score   58.45 | avg100   67.93 | grasp100   0.0% | best 0.000 |     27 st/s
    done(50): t_flicker=50
Ep 43800 | score   59.08 | avg100   69.69 | grasp100   0.0% | best 0.000 |     27 st/s
    done(50): t_flicker=50
Ep 43850 | score  102.07 | avg100   68.42 | grasp100   0.0% | best 0.000 |     27 st/s
    done(50): t_flicker=50
Ep 43900 | score   54.70 | avg100   70.00 | grasp100   0.0% | best 0.000 |     27 st/s
    done(50): t_flicker=50
Ep 43950 | score   56.49 | avg100   69.73 | grasp100   0.0% | best 0.000 |     27 st/s
    done(50): t_flicker=50
Ep 44000 | score   60.26 | avg100   70.94 | grasp100   0.0% | best 0.000 |     27 st/s
    done(50): t_flicker=50
Ep 44050 | score   59.69 | avg100   70.88 | grasp100   0.0% | best 0.000 |     27 st/s
    done(50): t_flicker=50
Ep 44100 | score   67.22 | avg100   65.77 | grasp100   0.0% | best 0.000 |     27 st/s
    done(50): t_flicker=50
Ep 44150 | score   55.98 | avg100   66.32 | grasp100   0.0% | best 0.000 |     27 st/s
    done(50): t_flicker=50
Ep 44200 | score   93.23 | avg100   73.68 | grasp100   0.0% | best 0.000 |     27 st/s
    done(50): t_flicker=50
Ep 44250 | score  100.29 | avg100   73.45 | grasp100   1.0% | best 0.000 |     27 st/s
    done(50): success=1 t_flicker=49
Ep 44300 | score   57.72 | avg100   71.11 | grasp100   1.0% | best 0.000 |     27 st/s
    done(50): t_flicker=50
Ep 44350 | score   55.02 | avg100   69.24 | grasp100   0.0% | best 0.000 |     27 st/s
    done(50): t_flicker=50
Ep 44400 | score   57.15 | avg100   66.49 | grasp100   0.0% | best 0.000 |     27 st/s
    done(50): t_flicker=50
Ep 44450 | score   91.02 | avg100   66.79 | grasp100   0.0% | best 0.000 |     27 st/s
    done(50): t_flicker=50
Ep 44500 | score   55.38 | avg100   68.59 | grasp100   0.0% | best 0.000 |     27 st/s
    done(50): t_flicker=50
Ep 44550 | score   78.48 | avg100   68.50 | grasp100   0.0% | best 0.000 |     27 st/s
    done(50): t_flicker=50
Ep 44600 | score   58.23 | avg100   68.72 | grasp100   0.0% | best 0.000 |     27 st/s
    done(50): t_flicker=50
Ep 44650 | score   58.76 | avg100   67.90 | grasp100   0.0% | best 0.000 |     27 st/s
    done(50): t_flicker=50
Ep 44700 | score   93.52 | avg100   66.90 | grasp100   0.0% | best 0.000 |     27 st/s
    done(50): t_flicker=50
Ep 44750 | score   58.55 | avg100   67.14 | grasp100   0.0% | best 0.000 |     27 st/s
    done(50): t_flicker=50
Ep 44800 | score  113.20 | avg100   65.74 | grasp100   0.0% | best 0.000 |     27 st/s
    done(50): t_flicker=50
Ep 44850 | score   56.03 | avg100   66.61 | grasp100   0.0% | best 0.000 |     27 st/s
    done(50): t_flicker=50
Ep 44900 | score   60.90 | avg100   67.29 | grasp100   0.0% | best 0.000 |     27 st/s
    done(50): t_flicker=50
Ep 44950 | score   66.81 | avg100   69.52 | grasp100   0.0% | best 0.000 |     27 st/s
    done(50): t_flicker=50
Ep 45000 | score   55.76 | avg100   69.05 | grasp100   0.0% | best 0.000 |     27 st/s
    done(50): t_flicker=50
Ep 45050 | score  110.43 | avg100   68.84 | grasp100   0.0% | best 0.000 |     27 st/s
    done(50): t_flicker=50
Ep 45100 | score   67.39 | avg100   71.68 | grasp100   1.0% | best 0.000 |     27 st/s
    done(50): success=1 t_flicker=49
Ep 45150 | score   60.40 | avg100   69.96 | grasp100   1.0% | best 0.000 |     27 st/s
    done(50): t_flicker=50
Ep 45200 | score   59.08 | avg100   67.81 | grasp100   0.0% | best 0.000 |     27 st/s
    done(50): t_flicker=50
  [primacy-bias reset of critic heads @ 500000 updates]
Ep 45250 | score   53.61 | avg100   66.56 | grasp100   0.0% | best 0.000 |     27 st/s
    done(50): t_flicker=46 t_touched=1 t_no_reach=3
Ep 45300 | score    2.37 | avg100   45.99 | grasp100   0.0% | best 0.000 |     27 st/s
    done(50): t_flicker=27 t_touched=18 t_no_reach=5
Ep 45350 | score   56.57 | avg100   39.73 | grasp100   0.0% | best 0.000 |     27 st/s
    done(50): t_flicker=43 t_touched=5 t_no_reach=2
Ep 45400 | score   58.77 | avg100   56.76 | grasp100   0.0% | best 0.000 |     27 st/s
    done(50): t_flicker=50
Ep 45450 | score   56.84 | avg100   63.77 | grasp100   0.0% | best 0.000 |     27 st/s
    done(50): t_flicker=49 t_touched=1
Ep 45500 | score   56.05 | avg100   63.72 | grasp100   0.0% | best 0.000 |     27 st/s
    done(50): t_flicker=48 t_touched=2
Ep 45550 | score   59.58 | avg100   60.93 | grasp100   0.0% | best 0.000 |     27 st/s
    done(50): t_flicker=50
Ep 45600 | score   55.11 | avg100   62.29 | grasp100   0.0% | best 0.000 |     27 st/s
    done(50): t_flicker=50
Ep 45650 | score   58.92 | avg100   62.72 | grasp100   0.0% | best 0.000 |     27 st/s
    done(50): t_flicker=50
Ep 45700 | score   57.00 | avg100   62.78 | grasp100   0.0% | best 0.000 |     27 st/s
    done(50): t_flicker=50
Ep 45750 | score   59.33 | avg100   64.62 | grasp100   0.0% | best 0.000 |     27 st/s
    done(50): t_flicker=49 t_touched=1
Ep 45800 | score   57.88 | avg100   64.52 | grasp100   0.0% | best 0.000 |     27 st/s
    done(50): t_flicker=50
Ep 45850 | score   56.96 | avg100   64.11 | grasp100   0.0% | best 0.000 |     27 st/s
    done(50): t_flicker=50
Ep 45900 | score  115.38 | avg100   67.25 | grasp100   0.0% | best 0.000 |     27 st/s
    done(50): t_flicker=50
Ep 45950 | score   59.50 | avg100   65.94 | grasp100   0.0% | best 0.000 |     27 st/s
    done(50): t_flicker=50
Ep 46000 | score   53.84 | avg100   62.83 | grasp100   0.0% | best 0.000 |     27 st/s
    done(50): t_flicker=50
Ep 46050 | score   66.87 | avg100   64.97 | grasp100   0.0% | best 0.000 |     27 st/s
    done(50): t_flicker=50
Ep 46100 | score   61.23 | avg100   66.39 | grasp100   0.0% | best 0.000 |     27 st/s
    done(50): t_flicker=50
Ep 46150 | score   30.18 | avg100   65.61 | grasp100   0.0% | best 0.000 |     27 st/s
    done(50): t_flicker=50
Ep 46200 | score   76.93 | avg100   64.20 | grasp100   0.0% | best 0.000 |     27 st/s
    done(50): t_flicker=50
Ep 46250 | score   57.99 | avg100   66.35 | grasp100   0.0% | best 0.000 |     27 st/s
    done(50): t_flicker=49 t_touched=1
Ep 46300 | score   61.24 | avg100   69.08 | grasp100   0.0% | best 0.000 |     27 st/s
    done(50): t_flicker=49 t_touched=1
Ep 46350 | score   84.81 | avg100   69.78 | grasp100   0.0% | best 0.000 |     27 st/s
    done(50): t_flicker=50
Ep 46400 | score   82.00 | avg100   67.55 | grasp100   0.0% | best 0.000 |     27 st/s
    done(50): t_flicker=50
Ep 46450 | score  100.18 | avg100   67.57 | grasp100   0.0% | best 0.000 |     27 st/s
    done(50): t_flicker=50
Ep 46500 | score   57.36 | avg100   66.74 | grasp100   0.0% | best 0.000 |     27 st/s
    done(50): t_flicker=50
Ep 46550 | score  117.69 | avg100   64.93 | grasp100   0.0% | best 0.000 |     27 st/s
    done(50): t_flicker=50
Ep 46600 | score   88.02 | avg100   68.37 | grasp100   0.0% | best 0.000 |     27 st/s
    done(50): t_flicker=50
Ep 46650 | score   95.38 | avg100   71.61 | grasp100   0.0% | best 0.000 |     27 st/s
    done(50): t_flicker=50
Ep 46700 | score   97.23 | avg100   71.42 | grasp100   0.0% | best 0.000 |     27 st/s
    done(50): t_flicker=49 t_touched=1
Ep 46750 | score   54.95 | avg100   67.53 | grasp100   0.0% | best 0.000 |     27 st/s
    done(50): t_flicker=50
Ep 46800 | score   56.45 | avg100   67.21 | grasp100   0.0% | best 0.000 |     27 st/s
    done(50): t_flicker=50
Ep 46850 | score   57.68 | avg100   67.68 | grasp100   0.0% | best 0.000 |     27 st/s
    done(50): t_flicker=50
Ep 46900 | score   82.89 | avg100   69.35 | grasp100   0.0% | best 0.000 |     27 st/s
    done(50): t_flicker=50
Ep 46950 | score   59.19 | avg100   70.47 | grasp100   0.0% | best 0.000 |     27 st/s
    done(50): t_flicker=50
Ep 47000 | score   58.55 | avg100   67.10 | grasp100   0.0% | best 0.000 |     27 st/s
    done(50): t_flicker=50
Ep 47050 | score  120.42 | avg100   65.71 | grasp100   0.0% | best 0.000 |     27 st/s
    done(50): t_flicker=50
Ep 47100 | score   66.67 | avg100   65.86 | grasp100   0.0% | best 0.000 |     27 st/s
    done(50): t_flicker=50
Ep 47150 | score   59.08 | avg100   66.15 | grasp100   0.0% | best 0.000 |     27 st/s
    done(50): t_flicker=50
Ep 47200 | score   87.89 | avg100   65.98 | grasp100   0.0% | best 0.000 |     27 st/s
    done(50): t_flicker=50
Ep 47250 | score   79.97 | avg100   66.55 | grasp100   0.0% | best 0.000 |     27 st/s
    done(50): t_flicker=50
Ep 47300 | score   57.00 | avg100   66.11 | grasp100   0.0% | best 0.000 |     27 st/s
    done(50): t_flicker=50
Ep 47350 | score  100.75 | avg100   66.65 | grasp100   0.0% | best 0.000 |     27 st/s
    done(50): t_flicker=50
Ep 47400 | score   59.01 | avg100   67.20 | grasp100   0.0% | best 0.000 |     27 st/s
    done(50): t_flicker=49 t_no_reach=1
Ep 47450 | score  111.61 | avg100   66.99 | grasp100   0.0% | best 0.000 |     27 st/s
    done(50): t_flicker=50
Ep 47500 | score   63.91 | avg100   71.83 | grasp100   1.0% | best 0.000 |     27 st/s
    done(50): success=1 t_flicker=49
Ep 47550 | score   68.27 | avg100   68.36 | grasp100   1.0% | best 0.000 |     27 st/s
    done(50): t_flicker=49 t_touched=1
Ep 47600 | score   56.84 | avg100   62.63 | grasp100   0.0% | best 0.000 |     27 st/s
    done(50): t_flicker=50
Ep 47650 | score   57.44 | avg100   64.77 | grasp100   0.0% | best 0.000 |     27 st/s
    done(50): t_flicker=50
  [primacy-bias reset of critic heads @ 525000 updates]
Ep 47700 | score   14.21 | avg100   58.94 | grasp100   0.0% | best 0.000 |     27 st/s
    done(50): t_flicker=41 t_touched=6 t_no_reach=3
Ep 47750 | score  118.90 | avg100   39.61 | grasp100   0.0% | best 0.000 |     27 st/s
    done(50): t_flicker=23 t_touched=20 t_no_reach=7
Ep 47800 | score   61.52 | avg100   42.79 | grasp100   0.0% | best 0.000 |     27 st/s
    done(50): t_flicker=43 t_touched=5 t_no_reach=2
Ep 47850 | score   60.53 | avg100   60.81 | grasp100   0.0% | best 0.000 |     27 st/s
    done(50): t_flicker=46 t_touched=3 t_no_reach=1
Ep 47900 | score   56.69 | avg100   61.19 | grasp100   0.0% | best 0.000 |     27 st/s
    done(50): t_flicker=47 t_touched=1 t_no_reach=2
Ep 47950 | score   61.56 | avg100   59.20 | grasp100   0.0% | best 0.000 |     27 st/s
    done(50): t_flicker=49 t_touched=1
Ep 48000 | score   56.79 | avg100   60.45 | grasp100   0.0% | best 0.000 |     27 st/s
    done(50): t_flicker=48 t_touched=1 t_no_reach=1
Ep 48050 | score   80.11 | avg100   63.09 | grasp100   0.0% | best 0.000 |     27 st/s
    done(50): t_flicker=50
Ep 48100 | score   62.14 | avg100   66.12 | grasp100   0.0% | best 0.000 |     27 st/s
    done(50): t_flicker=50
Ep 48150 | score   56.81 | avg100   66.50 | grasp100   0.0% | best 0.000 |     27 st/s
    done(50): t_flicker=50
Ep 48200 | score   56.98 | avg100   64.38 | grasp100   0.0% | best 0.000 |     27 st/s
    done(50): t_flicker=49 t_touched=1
Ep 48250 | score   56.61 | avg100   63.02 | grasp100   0.0% | best 0.000 |     27 st/s
    done(50): t_flicker=49 t_touched=1
Ep 48300 | score   74.86 | avg100   62.78 | grasp100   0.0% | best 0.000 |     27 st/s
    done(50): t_flicker=50
Ep 48350 | score   64.48 | avg100   65.37 | grasp100   0.0% | best 0.000 |     27 st/s
    done(50): t_flicker=50
Ep 48400 | score   53.63 | avg100   66.05 | grasp100   0.0% | best 0.000 |     27 st/s
    done(50): t_flicker=49 t_no_reach=1
Ep 48450 | score   54.55 | avg100   65.15 | grasp100   0.0% | best 0.000 |     27 st/s
    done(50): t_flicker=50
Ep 48500 | score   61.31 | avg100   66.84 | grasp100   0.0% | best 0.000 |     27 st/s
    done(50): t_flicker=50
Ep 48550 | score  105.65 | avg100   71.31 | grasp100   0.0% | best 0.000 |     27 st/s
    done(50): t_flicker=50
Ep 48600 | score   56.47 | avg100   70.47 | grasp100   0.0% | best 0.000 |     27 st/s
    done(50): t_flicker=50
Ep 48650 | score   58.11 | avg100   66.49 | grasp100   0.0% | best 0.000 |     27 st/s
    done(50): t_flicker=50
Ep 48700 | score   85.90 | avg100   67.77 | grasp100   0.0% | best 0.000 |     27 st/s
    done(50): t_flicker=50
Ep 48750 | score  112.45 | avg100   67.26 | grasp100   0.0% | best 0.000 |     27 st/s
    done(50): t_flicker=50
Ep 48800 | score   49.22 | avg100   66.87 | grasp100   0.0% | best 0.000 |     27 st/s
    done(50): t_flicker=50
Ep 48850 | score   97.35 | avg100   66.11 | grasp100   0.0% | best 0.000 |     27 st/s
    done(50): t_flicker=50
Ep 48900 | score   34.13 | avg100   65.24 | grasp100   0.0% | best 0.000 |     27 st/s
    done(50): t_flicker=50
Ep 48950 | score   54.14 | avg100   65.61 | grasp100   0.0% | best 0.000 |     27 st/s
    done(50): t_flicker=50
Ep 49000 | score   63.64 | avg100   65.26 | grasp100   0.0% | best 0.000 |     27 st/s
    done(50): t_flicker=50
Ep 49050 | score   75.66 | avg100   66.54 | grasp100   0.0% | best 0.000 |     27 st/s
    done(50): t_flicker=50
Ep 49100 | score   72.97 | avg100   67.58 | grasp100   0.0% | best 0.000 |     27 st/s
    done(50): t_flicker=50
Ep 49150 | score   62.66 | avg100   67.50 | grasp100   0.0% | best 0.000 |     27 st/s
    done(50): t_flicker=50
Ep 49200 | score   54.75 | avg100   68.38 | grasp100   0.0% | best 0.000 |     27 st/s
    done(50): t_flicker=50
Ep 49250 | score   55.75 | avg100   66.89 | grasp100   0.0% | best 0.000 |     27 st/s
    done(50): t_flicker=50
Ep 49300 | score   54.21 | avg100   66.36 | grasp100   0.0% | best 0.000 |     27 st/s
    done(50): t_flicker=50
Ep 49350 | score   53.67 | avg100   69.06 | grasp100   0.0% | best 0.000 |     27 st/s
    done(50): t_flicker=50
Ep 49400 | score   55.76 | avg100   69.46 | grasp100   0.0% | best 0.000 |     27 st/s
    done(50): t_flicker=50
Ep 49450 | score   56.95 | avg100   65.68 | grasp100   0.0% | best 0.000 |     27 st/s
    done(50): t_flicker=50
Ep 49500 | score   64.49 | avg100   64.27 | grasp100   0.0% | best 0.000 |     27 st/s
    done(50): t_flicker=49 t_no_reach=1
Ep 49550 | score   57.61 | avg100   68.34 | grasp100   0.0% | best 0.000 |     27 st/s
    done(50): t_flicker=50
Ep 49600 | score   63.42 | avg100   67.80 | grasp100   0.0% | best 0.000 |     27 st/s
    done(50): t_flicker=49 t_touched=1
Ep 49650 | score   66.26 | avg100   69.94 | grasp100   1.0% | best 0.000 |     27 st/s
    done(50): success=1 t_flicker=49
Ep 49700 | score   56.92 | avg100   72.39 | grasp100   2.0% | best 0.000 |     27 st/s
    done(50): success=1 t_flicker=49
Ep 49750 | score   99.56 | avg100   72.24 | grasp100   1.0% | best 0.000 |     27 st/s
    done(50): t_flicker=50
Ep 49800 | score   59.31 | avg100   70.41 | grasp100   0.0% | best 0.000 |     27 st/s
    done(50): t_flicker=50
Ep 49850 | score   66.64 | avg100   65.91 | grasp100   0.0% | best 0.000 |     27 st/s
    done(50): t_flicker=49 t_touched=1
Ep 49900 | score   61.59 | avg100   66.52 | grasp100   0.0% | best 0.000 |     27 st/s
    done(50): t_flicker=50
Ep 49950 | score   58.04 | avg100   65.42 | grasp100   0.0% | best 0.000 |     27 st/s
    done(50): t_flicker=50
Ep 50000 | score   55.86 | avg100   65.52 | grasp100   0.0% | best 0.000 |     27 st/s
    done(50): t_flicker=50
Ep 50050 | score   57.31 | avg100   66.71 | grasp100   0.0% | best 0.000 |     27 st/s
    done(50): t_flicker=50
Ep 50100 | score   60.10 | avg100   65.64 | grasp100   0.0% | best 0.000 |     27 st/s
    done(50): t_flicker=50
  [primacy-bias reset of critic heads @ 550000 updates]
Ep 50150 | score   -6.40 | avg100   49.15 | grasp100   0.0% | best 0.000 |     27 st/s
    done(50): t_flicker=31 t_touched=8 t_no_reach=11
Ep 50200 | score   14.25 | avg100   29.99 | grasp100   0.0% | best 0.000 |     27 st/s
    done(50): t_flicker=25 t_touched=16 t_no_reach=9
Ep 50250 | score  104.06 | avg100   43.99 | grasp100   0.0% | best 0.000 |     27 st/s
    done(50): t_flicker=49 t_touched=1
Ep 50300 | score   57.38 | avg100   58.72 | grasp100   0.0% | best 0.000 |     27 st/s
    done(50): t_flicker=48 t_touched=1 t_no_reach=1
Ep 50350 | score   58.09 | avg100   58.37 | grasp100   0.0% | best 0.000 |     27 st/s
    done(50): t_flicker=47 t_touched=1 t_no_reach=2
Ep 50400 | score  128.85 | avg100   61.32 | grasp100   0.0% | best 0.000 |     27 st/s
    done(50): t_flicker=49 t_touched=1
Ep 50450 | score   58.62 | avg100   63.07 | grasp100   0.0% | best 0.000 |     27 st/s
    done(50): t_flicker=50
Ep 50500 | score   92.69 | avg100   64.20 | grasp100   0.0% | best 0.000 |     27 st/s
    done(50): t_flicker=49 t_touched=1
Ep 50550 | score   85.92 | avg100   64.84 | grasp100   0.0% | best 0.000 |     27 st/s
    done(50): t_flicker=50
Ep 50600 | score   56.47 | avg100   64.56 | grasp100   0.0% | best 0.000 |     27 st/s
    done(50): t_flicker=49 t_touched=1
Ep 50650 | score   54.01 | avg100   65.09 | grasp100   0.0% | best 0.000 |     27 st/s
    done(50): t_flicker=50
Ep 50700 | score   93.66 | avg100   65.24 | grasp100   0.0% | best 0.000 |     27 st/s
    done(50): t_flicker=50
Ep 50750 | score   55.63 | avg100   62.94 | grasp100   0.0% | best 0.000 |     27 st/s
    done(50): t_flicker=50
Ep 50800 | score   55.35 | avg100   61.81 | grasp100   0.0% | best 0.000 |     27 st/s
    done(50): t_flicker=50
Ep 50850 | score   71.14 | avg100   63.11 | grasp100   0.0% | best 0.000 |     27 st/s
    done(50): t_flicker=50
Ep 50900 | score   60.18 | avg100   64.96 | grasp100   0.0% | best 0.000 |     27 st/s
    done(50): t_flicker=50
Ep 50950 | score   58.00 | avg100   64.81 | grasp100   0.0% | best 0.000 |     27 st/s
    done(50): t_flicker=50
Ep 51000 | score   53.64 | avg100   63.35 | grasp100   0.0% | best 0.000 |     27 st/s
    done(50): t_flicker=50
Ep 51050 | score   61.87 | avg100   63.94 | grasp100   0.0% | best 0.000 |     27 st/s
    done(50): t_flicker=50
Ep 51100 | score   65.05 | avg100   64.66 | grasp100   0.0% | best 0.000 |     27 st/s
    done(50): t_flicker=50
Ep 51150 | score   57.71 | avg100   65.40 | grasp100   0.0% | best 0.000 |     27 st/s
    done(50): t_flicker=50
Ep 51200 | score   54.47 | avg100   66.48 | grasp100   0.0% | best 0.000 |     27 st/s
    done(50): t_flicker=50
Ep 51250 | score   75.99 | avg100   65.69 | grasp100   0.0% | best 0.000 |     27 st/s
    done(50): t_flicker=50
Ep 51300 | score   57.77 | avg100   64.76 | grasp100   0.0% | best 0.000 |     27 st/s
    done(50): t_flicker=50
Ep 51350 | score   54.74 | avg100   65.34 | grasp100   0.0% | best 0.000 |     27 st/s
    done(50): t_flicker=50
Ep 51400 | score   54.82 | avg100   65.55 | grasp100   0.0% | best 0.000 |     27 st/s
    done(50): t_flicker=50
Ep 51450 | score  102.58 | avg100   65.70 | grasp100   0.0% | best 0.000 |     27 st/s
    done(50): t_flicker=50
Ep 51500 | score   56.38 | avg100   65.54 | grasp100   1.0% | best 0.000 |     27 st/s
    done(50): success=1 t_flicker=49
Ep 51550 | score   80.32 | avg100   68.78 | grasp100   2.0% | best 0.000 |     27 st/s
    done(50): success=1 t_flicker=49
Ep 51600 | score  126.55 | avg100   68.95 | grasp100   1.0% | best 0.000 |     27 st/s
    done(50): t_flicker=50
Ep 51650 | score   57.25 | avg100   65.67 | grasp100   0.0% | best 0.000 |     27 st/s
    done(50): t_flicker=50
Ep 51700 | score   54.83 | avg100   66.28 | grasp100   0.0% | best 0.000 |     27 st/s
    done(50): t_flicker=50
Ep 51750 | score   60.23 | avg100   66.61 | grasp100   0.0% | best 0.000 |     27 st/s
    done(50): t_flicker=50
Ep 51800 | score   54.84 | avg100   68.00 | grasp100   0.0% | best 0.000 |     27 st/s
    done(50): t_flicker=50
Ep 51850 | score   55.27 | avg100   66.81 | grasp100   0.0% | best 0.000 |     27 st/s
    done(50): t_flicker=50
Ep 51900 | score   57.31 | avg100   66.83 | grasp100   0.0% | best 0.000 |     27 st/s
    done(50): t_flicker=50
Ep 51950 | score   65.84 | avg100   66.83 | grasp100   0.0% | best 0.000 |     27 st/s
    done(50): t_flicker=50
Ep 52000 | score   56.21 | avg100   65.95 | grasp100   0.0% | best 0.000 |     27 st/s
    done(50): t_flicker=50
Ep 52050 | score   83.13 | avg100   67.09 | grasp100   0.0% | best 0.000 |     27 st/s
    done(50): t_flicker=50
Ep 52100 | score   55.65 | avg100   68.83 | grasp100   0.0% | best 0.000 |     27 st/s
    done(50): t_flicker=50
Ep 52150 | score   57.46 | avg100   70.34 | grasp100   0.0% | best 0.000 |     27 st/s
    done(50): t_flicker=50
Ep 52200 | score   58.82 | avg100   68.00 | grasp100   0.0% | best 0.000 |     27 st/s
    done(50): t_flicker=50
Ep 52250 | score   78.34 | avg100   66.55 | grasp100   0.0% | best 0.000 |     27 st/s
    done(50): t_flicker=50
Ep 52300 | score   64.51 | avg100   69.42 | grasp100   1.0% | best 0.000 |     27 st/s
    done(50): success=1 t_flicker=49
Ep 52350 | score   62.02 | avg100   70.92 | grasp100   1.0% | best 0.000 |     27 st/s
    done(50): t_flicker=50
Ep 52400 | score   56.36 | avg100   68.55 | grasp100   0.0% | best 0.000 |     27 st/s
    done(50): t_flicker=50
Ep 52450 | score   60.27 | avg100   66.43 | grasp100   0.0% | best 0.000 |     27 st/s
    done(50): t_flicker=50
Ep 52500 | score   55.13 | avg100   65.35 | grasp100   0.0% | best 0.000 |     27 st/s
    done(50): t_flicker=50
Ep 52550 | score   58.07 | avg100   67.62 | grasp100   0.0% | best 0.000 |     27 st/s
    done(50): t_flicker=50
  [primacy-bias reset of critic heads @ 575000 updates]
Ep 52600 | score  -10.28 | avg100   36.51 | grasp100   0.0% | best 0.000 |     27 st/s
    done(50): t_flicker=12 t_touched=6 t_no_reach=32
Ep 52650 | score   59.05 | avg100    9.88 | grasp100   0.0% | best 0.000 |     27 st/s
    done(50): t_flicker=29 t_touched=8 t_no_reach=13
Ep 52700 | score    1.71 | avg100   36.52 | grasp100   0.0% | best 0.000 |     27 st/s
    done(50): t_flicker=46 t_touched=1 t_no_reach=3
Ep 52750 | score   58.68 | avg100   57.04 | grasp100   0.0% | best 0.000 |     27 st/s
    done(50): t_flicker=46 t_touched=3 t_no_reach=1
Ep 52800 | score   54.57 | avg100   61.25 | grasp100   0.0% | best 0.000 |     27 st/s
    done(50): t_flicker=49 t_touched=1
Ep 52850 | score   56.90 | avg100   64.20 | grasp100   0.0% | best 0.000 |     27 st/s
    done(50): t_flicker=47 t_touched=3
Ep 52900 | score   53.74 | avg100   63.39 | grasp100   0.0% | best 0.000 |     27 st/s
    done(50): t_flicker=50
Ep 52950 | score   58.87 | avg100   63.04 | grasp100   0.0% | best 0.000 |     27 st/s
    done(50): t_flicker=50
Ep 53000 | score   55.00 | avg100   64.24 | grasp100   0.0% | best 0.000 |     27 st/s
    done(50): t_flicker=50
Ep 53050 | score   56.42 | avg100   64.92 | grasp100   0.0% | best 0.000 |     27 st/s
    done(50): t_flicker=50
Ep 53100 | score   57.08 | avg100   63.74 | grasp100   0.0% | best 0.000 |     27 st/s
    done(50): t_flicker=50
Ep 53150 | score   53.29 | avg100   64.46 | grasp100   0.0% | best 0.000 |     27 st/s
    done(50): t_flicker=50
Ep 53200 | score   97.75 | avg100   65.12 | grasp100   0.0% | best 0.000 |     27 st/s
    done(50): t_flicker=50
Ep 53250 | score   60.25 | avg100   63.11 | grasp100   0.0% | best 0.000 |     27 st/s
    done(50): t_flicker=50
Ep 53300 | score   91.21 | avg100   64.56 | grasp100   0.0% | best 0.000 |     27 st/s
    done(50): t_flicker=50
Ep 53350 | score   84.69 | avg100   66.59 | grasp100   0.0% | best 0.000 |     27 st/s
    done(50): t_flicker=50
Ep 53400 | score   81.16 | avg100   66.50 | grasp100   0.0% | best 0.000 |     27 st/s
    done(50): t_flicker=50
Ep 53450 | score   77.04 | avg100   64.56 | grasp100   0.0% | best 0.000 |     27 st/s
    done(50): t_flicker=50
Ep 53500 | score   59.61 | avg100   63.70 | grasp100   0.0% | best 0.000 |     27 st/s
    done(50): t_flicker=50
Ep 53550 | score   59.06 | avg100   66.04 | grasp100   0.0% | best 0.000 |     27 st/s
    done(50): t_flicker=50
Ep 53600 | score   72.03 | avg100   68.20 | grasp100   0.0% | best 0.000 |     27 st/s
    done(50): t_flicker=50
Ep 53650 | score  104.58 | avg100   67.96 | grasp100   0.0% | best 0.000 |     27 st/s
    done(50): t_flicker=50
Ep 53700 | score   57.89 | avg100   67.22 | grasp100   0.0% | best 0.000 |     27 st/s
    done(50): t_flicker=49 t_touched=1
Ep 53750 | score   56.00 | avg100   67.77 | grasp100   0.0% | best 0.000 |     27 st/s
    done(50): t_flicker=50
Ep 53800 | score   54.89 | avg100   67.07 | grasp100   0.0% | best 0.000 |     27 st/s
    done(50): t_flicker=50
Ep 53850 | score   57.62 | avg100   65.59 | grasp100   0.0% | best 0.000 |     27 st/s
    done(50): t_flicker=50
Ep 53900 | score   57.24 | avg100   66.61 | grasp100   0.0% | best 0.000 |     27 st/s
    done(50): t_flicker=50
Ep 53950 | score   55.83 | avg100   67.01 | grasp100   0.0% | best 0.000 |     27 st/s
    done(50): t_flicker=50
Ep 54000 | score   63.46 | avg100   67.53 | grasp100   0.0% | best 0.000 |     27 st/s
    done(50): t_flicker=50
Ep 54050 | score   59.32 | avg100   67.92 | grasp100   0.0% | best 0.000 |     27 st/s
    done(50): t_flicker=50
Ep 54100 | score   67.48 | avg100   66.20 | grasp100   0.0% | best 0.000 |     27 st/s
    done(50): t_flicker=50
Ep 54150 | score   59.54 | avg100   69.70 | grasp100   0.0% | best 0.000 |     27 st/s
    done(50): t_flicker=50
Ep 54200 | score   91.51 | avg100   70.20 | grasp100   0.0% | best 0.000 |     27 st/s
    done(50): t_flicker=50
Ep 54250 | score   71.42 | avg100   66.11 | grasp100   0.0% | best 0.000 |     27 st/s
    done(50): t_flicker=50
Ep 54300 | score   59.03 | avg100   67.20 | grasp100   0.0% | best 0.000 |     27 st/s
    done(50): t_flicker=50
Ep 54350 | score  119.26 | avg100   70.87 | grasp100   0.0% | best 0.000 |     27 st/s
    done(50): t_flicker=50
Ep 54400 | score   62.22 | avg100   69.92 | grasp100   0.0% | best 0.000 |     27 st/s
    done(50): t_flicker=50
Ep 54450 | score  114.26 | avg100   70.98 | grasp100   0.0% | best 0.000 |     27 st/s
    done(50): t_flicker=50
Ep 54500 | score   54.79 | avg100   69.26 | grasp100   0.0% | best 0.000 |     27 st/s
    done(50): t_flicker=50
Ep 54550 | score   58.94 | avg100   64.99 | grasp100   0.0% | best 0.000 |     27 st/s
    done(50): t_flicker=50
Ep 54600 | score   56.00 | avg100   67.99 | grasp100   0.0% | best 0.000 |     27 st/s
    done(50): t_flicker=50
Ep 54650 | score   57.43 | avg100   69.27 | grasp100   0.0% | best 0.000 |     27 st/s
    done(50): t_flicker=49 t_no_reach=1
Ep 54700 | score   58.02 | avg100   69.59 | grasp100   0.0% | best 0.000 |     27 st/s
    done(50): t_flicker=49 t_touched=1
Ep 54750 | score  139.73 | avg100   70.06 | grasp100   0.0% | best 0.000 |     27 st/s
    done(50): t_flicker=50
Ep 54800 | score   61.41 | avg100   68.07 | grasp100   0.0% | best 0.000 |     27 st/s
    done(50): t_flicker=50
Ep 54850 | score   93.44 | avg100   66.09 | grasp100   0.0% | best 0.000 |     27 st/s
    done(50): t_flicker=50
Ep 54900 | score   61.94 | avg100   66.52 | grasp100   0.0% | best 0.000 |     27 st/s
    done(50): t_flicker=50
Ep 54950 | score  151.42 | avg100   67.68 | grasp100   0.0% | best 0.000 |     27 st/s
    done(50): t_flicker=50
  [primacy-bias reset of critic heads @ 600000 updates]
Ep 55000 | score   23.99 | avg100   61.61 | grasp100   0.0% | best 0.000 |     27 st/s
    done(50): t_flicker=44 t_touched=4 t_no_reach=2

========================================================================
DONE  td3_ln_cereal_base_s1
  Episodes     : 55000
  Env steps    : 1,501,185  (55672s)
  Best metric  : 0.000  (policy in /home/fahim/Thesis_fahim/pickandplace/checkpoints/td3_grasp_rand_td3_ln_cereal_base_s1/best)
  Final grasp% : 0.0
  CSV          : /home/fahim/Thesis_fahim/pickandplace/logs/grasp_rand_td3_ln_cereal_base_s1/episodes.csv
  Probe CSV    : /home/fahim/Thesis_fahim/pickandplace/logs/grasp_rand_td3_ln_cereal_base_s1/probe.csv
  Manifest     : /home/fahim/Thesis_fahim/pickandplace/logs/grasp_rand_td3_ln_cereal_base_s1/manifest.json
========================================================================

