res_x,res_y,res_z,res_norm,reproj,area_px,obliq_deg,cam_range,gripper_perp,gripper_dz,cx,cy,obj_yaw,det_x,det_y,det_z
-0.019883895443211147,0.002094220690753823,-0.002061099268956701,0.02009983055885368,0.07565974444150925,379.0,35.38855831462508,0.33599344026358724,0.08256804615555811,0.17246442549639995,254.0,83.5,-0.44968105692292976,0.12652972698637918,-0.22963951552975617,0.8470610992689568
-0.016073523313983408,-0.006020115082267366,-0.006793328668214471,0.018459394673804877,0.16506308317184448,500.0,6.651810836270982,0.2589552577817728,0.05338016162784341,0.15176793230848473,135.0,127.0,2.938920341899142,0.0231761571295949,-0.086748261463312,0.8517933286682146
-0.03220306697407449,0.012981901698261245,0.007224807329113014,0.03546498463531107,0.2541407346725464,257.5,48.14320230403523,0.4431276026659025,0.09552359883437994,0.18915300519594302,278.25,38.75,-2.703800899296792,0.23850643235108532,-0.3458933643366751,0.8377751926708871
-0.017914408283168468,0.00029456253087187245,-0.004490159359602286,0.018470904750316715,0.041159309446811676,517.0,31.31807769743141,0.28732416644662306,0.0810866353822566,0.14492564460036872,248.0,86.5,-2.5886528897751897,0.07151934325305555,-0.22720614199945446,0.8494901593596024
-0.026081179918575587,-0.005145488217097358,0.0037003385598841643,0.02684020306173491,0.05753745511174202,312.0,31.54282365123672,0.3337132579737578,0.08332638650396391,0.17984979565988668,157.5,58.5,0.5036924636566567,0.1832738124842015,-0.1116269976667446,0.8412996614401159
-0.01581947078563547,-0.006193009836790345,-0.006501404740032468,0.01819003272041787,0.1159362941980362,429.0,18.624437743569047,0.27156290035320113,0.047431992771929284,0.1645878385191345,145.5,134.0,2.9818125636130715,0.034891868803713415,-0.08480329152318612,0.8515014047400326
-0.01891359279466681,-0.0003672723413943313,-0.002345241910058915,0.019061978936928934,0.14305050671100616,395.0,28.97325553314047,0.3061890383163843,0.07431065431782308,0.16921311155558094,227.25,95.25,-0.28090640030623826,0.07447991569006192,-0.22404355454425176,0.847345241910059
-0.02040651971180177,-0.0038850069330476633,-0.004476164106612779,0.021249832251745215,0.154214009642601,400.0,30.831875219020127,0.295616978914325,0.08193624095505789,0.1575285621034861,182.25,64.0,-0.5383139980221733,0.13782928698212243,-0.1402618432355184,0.8494761641066129
-0.016653252273205556,0.0006944102360520454,-0.0039714510917863155,0.01713433513811991,0.09028319269418716,390.0,30.443382231674818,0.3234750375385151,0.0677743204272773,0.17655616442362765,250.5,127.0,-0.389093142647459,0.05633387225680247,-0.24990588926459575,0.8489714510917864
-0.025136090365558,0.006003082526259529,-0.0018807841103978262,0.025911337046792958,0.14363695681095123,399.5,50.26843768021898,0.39178100722915277,0.098629772022948,0.15209152591940656,301.75,29.5,-0.459041329224198,0.18277294563922514,-0.31094561881513866,0.8468807841103979
-0.01641407907515216,-0.005529051791128614,-0.010486537242094363,0.02024746574078254,0.07959248870611191,514.5,25.174942494907153,0.2471579289873365,0.06612932171571831,0.13888453612284757,161.5,100.25,-0.8411169065109717,0.032110217390187074,-0.08587950438906819,0.8554865372420944
-0.017126835288284473,-0.004339868470163238,-0.009319541734123082,0.019975404963714884,0.10841764509677887,353.0,31.37725391803188,0.31029744914977,0.0741344282642193,0.1705621218108333,212.0,89.5,-0.2873024992290809,0.12218597822318045,-0.15554255869172912,0.8543195417341232
-0.01921716512209161,-0.0010573921542602893,-0.0018264741527497241,0.019332706001185872,0.19687725603580475,361.0,22.495802322341515,0.31087086967363553,0.06815559898805723,0.17872187846447996,211.25,102.75,2.158138111801922,0.09617395732423768,-0.19238605988458918,0.8468264741527498
-0.025410155127156858,0.006244669816665882,0.0013638462862464173,0.026201754929734422,0.20676271617412567,272.5,45.686565003825294,0.4131418322127283,0.08937771477244767,0.187065408907085,279.5,70.25,1.4210033246223623,0.2042488335446706,-0.2980834044208838,0.8436361537137537
-0.018786500791368052,-0.005995433142861509,-0.0033983125679812876,0.02001065613277821,0.08040192723274231,405.0,23.29557711213455,0.28373734488054686,0.07137811322913744,0.16154590671045954,157.5,88.0,-1.2847765033603609,0.09043699219239501,-0.09017590980017194,0.8483983125679814
-0.01772071620428295,-0.0013610966662381818,-0.005325769158214255,0.0185537107893318,0.26104384660720825,478.0,28.42076768613065,0.2821955509622088,0.07653026147229626,0.1492616144370229,229.25,91.25,-1.3919835954945132,0.0694008096104327,-0.2229947933092045,0.8503257691582143
-0.015542946646037545,-0.007431601576589439,-0.0034463932805706143,0.01756956229048119,0.10924430936574936,418.5,16.829070276052324,0.27962608739004524,0.045935618581048526,0.1721983511875972,135.75,139.5,0.5575306160595781,0.013624716249469287,-0.08400812947863832,0.8484463932805707
-0.015348901402884247,-0.0013204391359027956,-0.007783518749995055,0.017260228791027375,0.29176080226898193,481.5,34.162550096144166,0.3059270189518033,0.06990233300652145,0.15550309442988197,268.25,136.25,-1.8129888565452774,0.0026635514037856942,-0.2566569162312137,0.8527835187499951
-0.016670498061123987,-0.0049434747976496995,-0.004971544415764084,0.018084792024207836,0.11360228806734085,466.0,17.695285587128694,0.25922185332141223,0.05656495957012717,0.15231502550417952,156.25,117.25,0.7695816824832935,0.04430067306638204,-0.08143747852567074,0.8499715444157642
-0.022664818788304203,-0.0017807629491018717,-0.00352409240194429,0.023006180792234997,0.08447369933128357,323.0,41.31353095642923,0.34328302153760853,0.08970444556813523,0.16865848372848613,215.5,45.5,-2.8040573298598526,0.18964712792270005,-0.17722196388252934,0.8485240924019444
-0.01835710113991948,0.00251493664755828,-0.0006071568898929902,0.018538519576584568,0.03831738606095314,412.0,30.011997404442297,0.31724796192857085,0.07369490356134414,0.16796691171991607,251.0,110.5,0.20639573805717507,0.06380109109455195,-0.24523433782241102,0.8456071568898931
-0.022462838375439234,0.006607266509923215,0.0008990417054115518,0.023431674174124388,0.1264399141073227,407.0,41.490928598450715,0.34779999016979496,0.08992082620875584,0.1571863852437384,275.25,66.0,-1.830412871084003,0.1239217098199142,-0.30614103194364317,0.8441009582945885
-0.021556018232414792,0.00031276906835317475,-0.002721470430418149,0.02172938443283559,0.191709965467453,325.0,36.95013339567433,0.34129047935789303,0.0822556973887904,0.1745308596116818,235.25,75.75,-3.0641773221228807,0.1413608448328781,-0.22744808547353604,0.8477214704304182
-0.02216175343722744,-0.0034869190893595525,-0.0017983334473969936,0.02250635295502648,0.24823424220085144,508.5,25.93132212265813,0.28050167372955587,0.08698422049414199,0.1416037069932189,177.75,49.75,-1.5729310432327515,0.12264603700377345,-0.15207087608717038,0.8467983334473971
-0.04127433093385616,0.008597550957103822,0.018331745544308164,0.04597326583133653,0.1426025629043579,264.5,40.56425994883102,0.3992803480454632,0.09266259096033766,0.1935747145284491,223.75,35.5,0.5405295230843554,0.24198313705598518,-0.21862124355517737,0.8266682544556919
-0.023329034708519658,-0.006270178504277774,-0.003020595107702917,0.02434508150964997,0.11647871881723404,365.0,35.97278863817654,0.32383180599100375,0.08970480728028266,0.1599526620257189,147.25,40.0,1.7061347888549505,0.17844450997990802,-0.09296253369085894,0.848020595107703
-0.017315655450450856,0.0003066234873468354,-0.00728681222474048,0.01878892157736437,0.22131051123142242,382.0,41.67110784021467,0.35534257320894275,0.08199342651496418,0.16980809997904223,287.25,106.25,1.5964398198261553,0.07512011327082169,-0.31671902090620635,0.8522868122247406
-0.02081428862632105,-0.004422563920409073,0.0006851120947162226,0.021289975604312665,0.1714269071817398,328.0,22.552419812342134,0.3096677911938299,0.06711892018958857,0.18606083809537755,167.75,95.75,-0.4857021582060208,0.11700985820565642,-0.11978531311447574,0.8443148879052839
-0.016240316030600922,-0.002329916847831237,-0.009889304742435323,0.01915658439232722,0.1450277417898178,447.0,39.911489075181386,0.32058017525456334,0.07610022797979385,0.15749169605018942,279.25,124.0,1.868233219390572,0.0458581994786463,-0.2539260752759108,0.8548893047424354
-0.019699157381528054,0.0003253785483554317,-0.004518659054730034,0.0202133854758384,0.1403091549873352,512.5,36.13987945397756,0.30623679854620267,0.0887936215851029,0.14483988023254057,259.5,64.75,-1.754907151796641,0.10478181428028387,-0.2203195591222776,0.8495186590547301
-0.020062690802182842,0.003970849829166179,-0.004117205853722217,0.020862180965366628,0.13694512844085693,437.0,43.97675096338319,0.3489474542366238,0.09125316870710541,0.15287670021266686,291.75,68.0,-0.32757940268299474,0.09973677648912328,-0.3182327365630608,0.8491172058537223
-0.017136313325092044,-0.003037099798028825,-0.0026078390318151623,0.017597671265675255,0.10987913608551025,405.0,16.86667943071699,0.2859372307330284,0.059920044754204996,0.17203922001396077,192.5,114.0,1.2418349096829315,0.052110476962793244,-0.16680646381533312,0.8476078390318152
-0.01954110725909894,-0.004815028012724959,-0.006513243434605354,0.0211532907064921,0.15808352828025818,519.5,30.813373159753635,0.2781284891876995,0.08889488352912482,0.1369796118856842,178.75,44.5,0.4563836115788843,0.12964305221378544,-0.0870078746900333,0.8515132434346054
-0.020147092637741476,-3.906412981141694e-05,-0.004235187255071882,0.020587464118863644,0.09065649658441544,323.5,38.6651193975281,0.3441925913966749,0.08315235209677722,0.1751367442345445,240.25,74.5,0.07423660419856752,0.14492771753648723,-0.2539986312359454,0.849235187255072
-0.02017734199340282,0.004025566965727589,-0.00425993313374784,0.02101136239319804,0.25958481431007385,316.5,47.33001273879918,0.40442148719149723,0.0884742368670212,0.1760458350933839,302.25,87.5,2.9647326484760326,0.14540522897724073,-0.3488403720578241,0.8492599331337479
-0.016677686712998026,0.0013621754458839064,-0.0019557361465678547,0.016847126161968158,0.19700831174850464,399.5,33.08038537051309,0.32698203695419237,0.06930645905967318,0.17688885022727796,256.25,125.75,-2.990118074002513,0.04634235446409591,-0.28002770075757155,0.8469557361465679
-0.01929025432913961,-0.005047039592088784,-0.008575207942466023,0.021705315293345396,0.051014333963394165,450.0,37.12827643971037,0.3043834484356827,0.09319078319185267,0.1420931447437208,167.5,27.5,-2.4094086646948085,0.16635830505925808,-0.105391244499191,0.8535752079424661
-0.01789022140285229,-0.0018965720292197785,-0.007174849727056953,0.019368414388146033,0.17617110908031464,397.5,34.04171522940519,0.3085582161164781,0.07912037431019325,0.16006634628306282,234.25,85.25,0.3800676722807491,0.10808962212358883,-0.20045237145709274,0.852174849727057
-0.015602089993744829,0.0012596883825670147,-0.0015329926178203612,0.015727749151114363,0.2701425850391388,408.0,28.778371886098363,0.32138821026414055,0.06021953732530982,0.1775521482561404,250.0,149.0,0.834612623048576,0.017992544798714226,-0.2641946844258141,0.8465329926178204
-0.021367395803513295,-0.003324398889197999,-0.0009167089709359866,0.021643881046057634,0.1328365057706833,378.0,23.493178291329283,0.30120901681575735,0.07552585407118163,0.16749014831927012,186.25,80.0,3.00184635097252,0.1217752158645007,-0.14387450580558056,0.8459167089709361
-0.020547535280435444,0.00455306181525536,0.001593571163812646,0.021106185042503795,0.04994653910398483,426.0,34.195568005661656,0.32577245733519694,0.0829647337666468,0.16593637810523776,260.5,86.5,-0.11149953532971268,0.09287081721797161,-0.23094149732766703,0.8434064288361874
-0.01968101211439717,0.0015636988394954754,-0.001233167624292264,0.019781508898395243,0.055384792387485504,396.0,31.582667067482095,0.319683672912041,0.076636386550712,0.16784547853956788,246.5,98.5,-2.0631179544421854,0.09105736378384197,-0.22907015825978203,0.8462331676242923
-0.018626747950034564,0.002110752288818185,-0.004340302008886021,0.01924186155098326,0.0706595852971077,420.0,37.98309917029919,0.33276336549591284,0.08331927874851411,0.15897224610612337,272.5,91.0,1.4452826973319004,0.08773230456899578,-0.28662521438566646,0.8493403020088861
-0.018180174957816028,-0.002059366601345869,-0.0015402176265909562,0.01836115526411128,0.12642382085323334,363.0,24.73993602819486,0.3034084014166121,0.06711908881308853,0.17715451793070613,206.25,103.0,2.5868953904801533,0.07814268111676083,-0.17918174527657718,0.846540217626591
-0.017271021836357724,-0.005003245261854389,-0.008166600781779776,0.01974877279101615,0.15080729126930237,472.0,19.877983968779976,0.2607196612137033,0.06336201431046055,0.14902392992365587,172.25,104.75,-2.7929964067776,0.053969807366670584,-0.13024277531168071,0.8531666007817799
-0.021561475886858805,-0.005558862162130432,-0.0030375236462760746,0.022472755524386535,0.33296826481819153,344.0,28.359269204569802,0.3107576000306754,0.07809899017319695,0.1719257088847178,161.5,72.0,-2.6767539972259793,0.15494333860834064,-0.09892752897808389,0.8480375236462762
-0.021663685952611478,-0.005243056258758719,-0.0009576785190039683,0.022309685702215674,0.058078743517398834,423.0,27.17778285040005,0.28963567477717284,0.08148349069628888,0.15591889018248073,159.0,64.5,-2.0396387001344265,0.1131638937025085,-0.10746014401049421,0.845957678519004
-0.020329304474996687,-0.002561833514738432,0.0024048486432900473,0.020630727287022418,0.16210274398326874,423.0,19.618505969266312,0.2812686099174896,0.06891511490989155,0.16130287406649635,187.0,95.25,-2.8597258899685705,0.08045540728897847,-0.1412864281235041,0.84259515135671
-0.01761084052088592,0.0019401881961412792,-0.00507532549866363,0.01843000170933005,0.09066704660654068,503.0,39.0246494546459,0.31968597344801947,0.08312807528925713,0.1441044508472159,288.5,103.5,1.1731513344348496,0.056557317996303015,-0.3056809806867073,0.8500753254986637
-0.020615339140298644,0.005184507634045432,0.0026285874440492574,0.02141916896679276,0.07604692131280899,386.0,32.5398818378037,0.3432766158169816,0.0814135045041205,0.1781385706851769,261.0,91.5,-2.718629913820746,0.09314939876196411,-0.262254474335035,0.8423714125559508
-0.017678048574317234,-0.001419556229144081,-0.0073014208292880856,0.01917913677436978,0.166859433054924,435.0,34.42503179441625,0.30627111722425143,0.07888112013835023,0.15641910228880695,251.0,94.25,1.196468432533045,0.06887981386653401,-0.2502398093651081,0.8523014208292882
-0.026172780075103458,0.006978944226726125,-0.001328764535602156,0.0271198395011947,0.04063475504517555,350.0,51.38615764921902,0.4285671840887411,0.10046182249897925,0.1634509725333838,301.5,15.0,-1.4546105272864391,0.216832458592487,-0.36223519262482085,0.8463287645356022
-0.017379327585166637,-0.004404366757707459,-0.008428338635856791,0.019811016279070816,0.10375404357910156,398.0,24.722027433443902,0.28399830403713056,0.06845034696903915,0.16422223827729476,183.5,95.5,1.936851556589758,0.09012943521145807,-0.12429395229954905,0.8534283386358569
-0.025843317627207096,0.013266611278762164,0.006023238353702887,0.029667481205319906,0.18371741473674774,297.5,45.37071442601116,0.4218378404114846,0.09065863463976714,0.18879776242824653,295.75,72.5,-0.8441420746948636,0.16487084482393388,-0.3568615035074612,0.8389767616462972
-0.0195422532423202,0.0017325697051855382,-0.0062804017831188386,0.020599633640618547,0.10697457939386368,388.0,45.83005026938601,0.37192831833984286,0.09265000396294014,0.16117415265481083,293.75,61.0,-0.1587184964021238,0.12375994435661002,-0.3579708272407985,0.8512804017831189
-0.016084697758544486,0.002265251117980094,-0.0033889280798440335,0.01659318227892382,0.2456177920103073,433.0,34.62475789927975,0.33338716665272866,0.07235958769514535,0.1709134401157123,276.75,134.75,0.46603605069794946,0.037543113392036254,-0.2821213967169523,0.8483889280798441
-0.018505851207373372,-0.000780005735782463,0.0013289109189258408,0.0185698934323204,0.1630450338125229,359.0,16.81633635506133,0.3104165759195313,0.05748340462119343,0.187131274996727,207.25,124.0,2.648738165224795,0.08948918213699214,-0.1551480891555542,0.8436710890810742
-0.017128698483678262,0.0024149779301051166,-0.0031822593806037913,0.017588382669054527,0.1844598650932312,568.0,32.80036464499393,0.29383124531916804,0.08043910075189334,0.14132164141837245,274.0,105.25,-1.0817468406393647,0.04041935879878181,-0.24186575438595967,0.8481822593806039
-0.015839251045744917,-0.005701849244555662,-0.008742572364793588,0.018969067716981345,0.18286727368831635,442.5,17.170645709860683,0.26783203178518805,0.044704809765151204,0.16379360028961287,165.5,137.25,2.829393268685553,0.02222434535428133,-0.11088328703410633,0.8537425723647937
-0.020089974201930566,-0.004705894110650838,-0.004885219687279951,0.021204194731417686,0.17940853536128998,336.5,28.646057361898908,0.3118828266419489,0.07668330887818794,0.17595445169512336,173.75,75.75,2.0529389142213454,0.14142467726680755,-0.1485185348913965,0.84988521968728
-0.02880727533626795,0.007420661278311647,0.0008030619677352746,0.029758532131659462,0.05592959746718407,340.0,50.46208164020149,0.4171012541212095,0.09978660715917016,0.1636198294295751,286.0,15.0,0.6186680176765178,0.23682067314976835,-0.30737169538877507,0.8441969380322648
-0.019207610706465095,-0.0009163836419510962,-0.00459560024483241,0.01977097897527211,0.06103532761335373,468.0,31.883867759799802,0.2953870318169341,0.08348398287260644,0.15065940574769254,233.5,72.5,1.657105872477313,0.09554336863556043,-0.2052314608865154,0.8495956002448325
-0.01625022905803338,-0.005381084413430576,-0.004967404907579409,0.017824172503060613,0.09172850102186203,393.0,18.011893273430534,0.283530913825213,0.04392188927081084,0.17823270411250636,158.0,137.75,2.2714536014747115,0.02567665861043502,-0.10880863585087291,0.8499674049075795
-0.025380269589446197,-0.004843956824155532,0.001492504981435605,0.025881452302118992,0.044540125876665115,387.0,31.03776433461463,0.3137318998659761,0.08752357491606869,0.16398776470162313,157.5,47.0,-2.100652165113822,0.16211023415843603,-0.13735064266669883,0.8435074950185645
-0.02126412450868699,-0.0006640567085557103,0.0011418230255051398,0.02130511023803196,0.21373090147972107,381.0,23.89347545948853,0.30416675238135066,0.07291788126876884,0.1714639172921223,208.25,91.25,-2.29035588662101,0.09578869245769929,-0.18415509111472592,0.843858176974495
-0.020939402395142664,0.0070521678551419,0.0006155877340332516,0.022103633013174445,0.33613547682762146,312.0,42.94214675199947,0.3873230312798829,0.08460515163903293,0.18501508477988582,283.25,92.25,2.4700787760020906,0.12200802647073061,-0.33657592515424534,0.8443844122659668
-0.019709513294699013,-0.0006891630346499422,-0.005000945020943948,0.02034574429960106,0.378366619348526,407.5,34.04930884571468,0.3126905963910382,0.08177620522771922,0.15914394078796312,240.0,79.75,-2.45044454922469,0.11447068385974883,-0.22606672919541412,0.850000945020944
-0.03035166808663181,-0.007645061093811703,0.004011188835106871,0.031555670657428016,0.19081446528434753,313.0,39.089302964676804,0.36009218015766997,0.09312633241130681,0.17387463265626357,136.25,28.0,0.8005769018869404,0.22020976822682387,-0.08765382510428156,0.8409888111648932
-0.021944413317450867,-0.001983263192113116,0.0013480335622373385,0.022075049336778934,0.06722339987754822,348.0,28.715886890145427,0.31848708666166237,0.07841680423637144,0.17535388910840177,203.5,76.5,1.9480626998378887,0.13541850989251417,-0.14598087139811847,0.8436519664377627
-0.02340149226989069,0.0002540996308229293,-0.001594125080326969,0.023457102162284783,0.06806336343288422,383.0,39.25743865218503,0.32728161729423055,0.09079357635729292,0.15706732947852875,221.5,43.0,-2.5514512295804677,0.15424244087610126,-0.22460288896558048,0.846594125080327
-0.01671288099919896,-0.004787948659517316,-0.009783199755322602,0.019948830570038524,0.12285497039556503,423.0,30.01808801102793,0.2751214026290506,0.07432677505662456,0.15107240525818766,178.5,82.5,-0.5493615675196276,0.0931763448034564,-0.15038166252353038,0.8547831997553227
-0.020037487990490543,-0.006107291246696983,-0.0029482091414847478,0.021154003604116373,0.20293846726417542,402.0,27.089007170754893,0.3023321142863195,0.08456796310223504,0.16079485386796766,151.75,55.75,-0.20075805345246422,0.1408692075246413,-0.08882207019004401,0.8479482091414848
-0.019613527917953538,-0.005638579114757791,-0.008997370673707539,0.022303289686990527,0.06675977259874344,380.0,41.79179737629872,0.3283988882493483,0.09469574568321652,0.15085047839040433,150.5,21.0,2.208072518969308,0.19187002892657554,-0.11175383485121751,0.8539973706737076
-0.021731053161869865,-0.00311223560293801,0.0018250705552318447,0.022028517074550967,0.19382868707180023,382.5,21.26996525637834,0.2981764175372397,0.07420570424100836,0.17289742826052035,179.25,82.5,-2.254656943349958,0.10589112283844408,-0.11934106321267447,0.8431749294447682
-0.017219070648241186,-0.004983980873667235,-0.006791010464172187,0.019169097069572632,0.10919006913900375,417.5,19.24624385010639,0.2785891017570551,0.06702634169691074,0.16478657847882416,173.75,97.5,1.4286045341934068,0.07247785607685013,-0.12205738329764264,0.8517910104641723
-0.018502010274773606,-0.00589097588244164,-0.008715656083866263,0.02128357681470791,0.2107613980770111,385.5,32.82121104748071,0.29449037516690735,0.08083194902800808,0.1532953780139752,154.25,65.75,1.6600968244123882,0.14319591927190134,-0.09835359919527867,0.8537156560838663
-0.016364042112137482,0.0007251167289562543,-0.004168235836425116,0.016902125857609737,0.235484316945076,469.0,32.04674506565433,0.3013476597896071,0.07112529057689478,0.15634434456254365,258.75,124.25,-1.8838326058444712,0.030266864534309733,-0.23618164261162158,0.8491682358364252
-0.017201043304166982,-0.0011539709462191905,-0.004090245645967383,0.017718285728052275,0.05048970878124237,412.0,24.054514800682902,0.3007188009454831,0.06623988402505236,0.1708027483288972,229.0,116.5,0.15164321921712784,0.054106857363711416,-0.21653208576451502,0.8490902456459675
-0.015282142338399094,-0.00746204194726692,-0.0014133084315548494,0.0170652683892333,0.022417817264795303,396.5,17.942338151762485,0.29465445909883803,0.037443386514551334,0.18622302652359546,133.25,155.75,0.849277317740284,0.0034519804020530596,-0.08554539707994076,0.8464133084315549
-0.019424756213988592,-0.004277731344628374,-0.006045135689019432,0.02078854985150145,0.10038331896066666,361.0,32.21783080068131,0.3042936134685955,0.08009142740157144,0.16635088681338683,179.5,68.5,0.062429618943209045,0.13992318892708241,-0.10598643060433403,0.8510451356890195
-0.019167437186780573,0.004894782597197611,-0.002319728462145565,0.019918099435465613,0.08331867307424545,408.0,40.784228781696335,0.3624378372186024,0.08611157265727977,0.1662186347666934,294.5,93.5,1.7539595760857787,0.0890888026001179,-0.31673113434249317,0.8473197284621456
-0.01583461472451778,-0.0008108866809107274,-0.008476741561503687,0.017979090860878302,0.13499142229557037,456.0,40.45610856664687,0.3278992572055168,0.074519328122919,0.15650627361340896,288.25,139.0,1.0980913611163552,0.02247876566254999,-0.2895741527492796,0.8534767415615038
-0.01700547809816412,0.0052529273216161965,-0.0022217198563139195,0.017936431359477867,0.19410036504268646,455.0,39.364155881155796,0.34859129719538706,0.07861156629703266,0.1647872600829533,299.75,132.25,-1.0194764667690384,0.02412118658750642,-0.3012433794165219,0.847221719856314
-0.023657874774916238,-0.0020567035481921514,-0.0018607023547754231,0.02381989256071133,0.1691233366727829,343.0,37.17110468558482,0.3398983834830009,0.09048223370421149,0.16986565561180444,202.0,40.25,-0.15921517865499019,0.18791779474698075,-0.15592898343806796,0.8468607023547755
-0.021610851235117204,-0.0004555097330998792,0.0022164579940764373,0.021728991377024862,0.059675607830286026,361.0,23.33131055695952,0.30749017841860565,0.07176692110226901,0.17548536410303373,199.5,91.0,-2.232432229565427,0.10320965800641985,-0.1856865295308463,0.8427835420059236
-0.02613563471950428,0.006142062012756855,0.0005668221126371442,0.026853633185609783,0.06349717080593109,326.0,47.93725870855642,0.3995499875348564,0.09602174180101142,0.17206383193334263,279.0,37.0,-0.14727104404227223,0.20369210093804774,-0.3081309623912592,0.8444331778873629
-0.021424678487945548,-0.0028017083404769383,0.0015440918163054373,0.021662193736418207,0.07921993732452393,350.0,26.820082574587197,0.3078048668327327,0.07453717792504982,0.1768890109464344,187.5,82.5,-1.0096900386603347,0.12060358587019232,-0.1568933596635438,0.8434559081836946
-0.015495870000696167,0.0017237873064371856,-0.005992186712793779,0.016703285046879002,0.214624285697937,484.5,38.057054624087094,0.3216960301602183,0.07732139500351115,0.15245374916192111,287.5,126.25,-2.063994748559964,0.021350146697423668,-0.30954445425301974,0.8509921867127939
-0.018908857682903887,0.001669978572827191,-0.004044371803449964,0.019408520566765425,0.1262560337781906,412.5,35.85615831805606,0.33379740240073075,0.08206759330617922,0.16477118332520735,268.25,93.5,-1.5048584070309265,0.0903802168848269,-0.2743854853612046,0.84904437180345
-0.027142353496327293,0.0034568484540174194,0.003488638975428504,0.027583106359772312,0.13762623071670532,352.5,38.1309478705762,0.3490278841753215,0.09045724735215105,0.1674064997035819,233.5,47.25,2.137120753307662,0.17971591672313605,-0.21791426007806314,0.8415113610245716
-0.023639672650695054,0.0003863894609036356,-0.004664735860152591,0.024098613663290063,0.12987194955348969,306.5,46.979286577232635,0.3873134624295814,0.09645036270082309,0.1667929424300948,243.5,22.75,-2.7130208114983287,0.22970887428383008,-0.2530034151397888,0.8496647358601527
-0.020907861209707806,0.004894488013921505,-0.002759026768982098,0.021649639765935723,0.2136172652244568,365.0,46.57241735048659,0.3879469310172786,0.09328026561896419,0.16796077328495584,297.75,61.0,2.614261895350939,0.143867515374693,-0.34463927561949825,0.8477590267689822
-0.01578889197711636,-0.0012386850744164624,0.000237747310149361,0.01583919108926067,0.15091490745544434,440.0,11.505164819030407,0.28763382613274824,0.04935695178687959,0.17347472732040037,208.5,141.5,-1.8657125998780635,0.022800282013218473,-0.189810735756091,0.8447622526898507
-0.01924928366439152,-0.0024198571038197003,-0.003368089552267861,0.019690979082493912,0.18450038135051727,433.5,24.968454893581537,0.290274139908087,0.07760938917310725,0.16029383370335626,206.5,80.25,-1.4526781879151518,0.09592870571744537,-0.13085220209551182,0.848368089552268
-0.022452678192317915,-0.0018304193847369088,-0.0056947593337781655,0.023235823140174368,0.08417287468910217,324.0,46.82181552090421,0.36062571883282574,0.09579384956670092,0.159831111972481,221.5,21.5,-0.26210793878385985,0.22253909163477428,-0.20303393713000098,0.8506947593337782
-0.01934513939259186,-0.0012852201595192625,-0.006373846783209847,0.0204086288562725,0.07175467163324356,492.0,37.45554171462583,0.29506281943362167,0.08946078576760924,0.1390337135272044,234.0,52.0,-2.265558668205086,0.11852632727988102,-0.2159084509606092,0.8513738467832099
-0.019107542527787166,0.0003031041307082205,-0.0027841053339487942,0.01931168806903658,0.33600670099258423,410.0,30.168969421594795,0.30984861512790923,0.0771433020284502,0.16429585877851893,238.75,92.5,2.3635105569724937,0.08195124910459183,-0.25602203858140116,0.8477841053339489
-0.03375294399707596,-0.004276606722206894,0.006589737369869675,0.034655089555937206,0.02865106612443924,306.0,38.62038927939928,0.37938193370320994,0.09581774901760842,0.18079107714930243,170.0,15.5,-3.1356392349511375,0.24776571087559493,-0.1189549046965272,0.8384102626301304
-0.020428143137445065,-0.001726817506077588,-0.008163628923236854,0.022066621126478544,0.07742388546466827,334.0,47.07722977778797,0.37561998756173126,0.09601423698811071,0.16252161432720147,253.0,28.0,-0.35427416841366427,0.204818967325315,-0.2474707005768654,0.8531636289232369
-0.015709141451033005,-0.002531863442986809,-0.0067206185043691136,0.017272931734473015,0.05439078062772751,466.0,25.018951597450368,0.2780753791980104,0.061338451290812834,0.15670254582478582,226.0,126.5,2.341950302479496,0.010539109845818316,-0.20937535447174613,0.8517206185043692
-0.027129108050384515,0.005500176242979715,0.0015925655580709686,0.027726822886332114,0.14565972983837128,264.0,44.00230362447178,0.4167329308985244,0.09360614258882537,0.18988836156661337,253.25,39.0,1.0934111498733696,0.2302557834771736,-0.2863733551506875,0.8434074344419291
-0.01784868692763915,0.0022839254729157266,-0.00492201134535275,0.018655244203453655,0.13656996190547943,389.0,42.02300342303059,0.3620687825816943,0.08373263487561226,0.16963846581949216,293.75,104.0,-2.869533313735062,0.07939980656954197,-0.3157777787140746,0.8499220113453528
-0.019258125797645645,-0.005227922829529663,-0.003713234185254488,0.020297652437264873,0.3315793573856354,429.0,23.238577646871043,0.2776488411982737,0.0724738695960899,0.15423674037203994,173.0,86.0,3.001687707193418,0.09199399024015875,-0.10384562176854259,0.8487132341852546
-0.021836293400795598,0.003919291825923599,-0.001557366804103122,0.02223982799539833,0.17093881964683533,450.5,41.67013954938099,0.34281699780820435,0.09166813240044763,0.15343352398290577,281.5,61.25,1.5528105990691083,0.12812274191319267,-0.26481998722554795,0.8465573668041032
-0.020131763115597945,-0.004833442759919052,-0.0056251645282869855,0.021454429170366243,0.13720820844173431,319.0,31.28731265896596,0.32554616237067363,0.08100166430825402,0.17551293989171446,173.25,65.0,2.8312584915413925,0.1744353839547973,-0.08261333547597406,0.8506251645282871
-0.022869631622575465,-0.004140352644057627,-0.0026930796005889546,0.02339690681061424,0.11547650396823883,356.0,34.43697415669119,0.32088976690150595,0.08729032814831263,0.16738599951868993,175.75,48.0,1.6782445456831152,0.16770851981176108,-0.12805474355686575,0.847693079600589
-0.01476505771809905,0.009068055064707425,0.0022480316575059778,0.017472555577490986,0.17676091194152832,422.5,38.1081793003802,0.3723118903500119,0.07433478485258108,0.1839511480211219,301.75,153.75,-1.2728634891251236,0.003648328136770379,-0.3432461936290058,0.8427519683424941
-0.02187815429177617,9.142041214466046e-05,-0.0061483742155410415,0.022725855284253894,0.09899576753377914,295.0,49.01026232933775,0.3998990136856857,0.09537435424036178,0.17164567557146826,267.25,36.0,-1.6420317723335152,0.21818247306707444,-0.28159812302629644,0.8511483742155411
-0.02070703505834247,-0.002196725012743511,-0.001431635232993389,0.02087238561184095,0.17799112200737,372.5,28.182363150230646,0.30364746947209487,0.07723811266369866,0.16960358249234675,196.75,77.75,-1.299183994786087,0.12055857561343293,-0.191288935432986,0.8464316352329935
-0.02324209716778297,0.003574728529712412,-0.0033960245013135992,0.02375935073252902,0.11899082362651825,323.5,48.249997461411425,0.4050775145781861,0.09639328073622938,0.17356484705467878,282.25,35.5,1.632945520027211,0.1962497341344981,-0.3254482528962802,0.8483960245013137
-0.017261622599554265,-0.0017241909747860995,-0.000577904838608756,0.017357143292876964,0.08437879383563995,445.0,16.670864428591702,0.2783734894958182,0.0595840758149448,0.16399635836872528,205.0,119.5,-2.564691274332862,0.03963098838333572,-0.17531633462265386,0.8455779048386088
-0.02661456272668586,0.00015262254554257448,0.0002453342591079988,0.026616131042523746,0.1979072093963623,287.0,39.473033998623514,0.36900228463076223,0.09026588137821116,0.1802346731562695,212.75,42.25,-2.9471063654871883,0.2158621841292055,-0.20072163983176042,0.8447546657408921
-0.022392081001413863,0.006745478263285698,0.005205134304843817,0.02395830110224432,0.13058531284332275,355.0,34.680224578045504,0.3505695422052143,0.08222347061762984,0.1831498561116175,257.75,87.0,1.8126285292265076,0.10358546086607182,-0.2647404183107554,0.8397948656951563
-0.016846352143889298,-0.006349929940116877,-0.001310599502512888,0.018051007225534627,0.29834336042404175,425.0,8.287381868125072,0.27526271443078415,0.05188689820884952,0.17030495214178287,156.5,125.0,0.9374718872361634,0.02570782702589247,-0.08452517685016991,0.846310599502513
-0.02749687744583798,-0.0002591887351605926,0.002847174774631034,0.027645105394430367,0.06858351826667786,288.0,39.94008573577026,0.36324408516276,0.09001061544374998,0.1805366191364156,206.5,42.0,0.004184666564240442,0.22528279886245145,-0.16745965062662657,0.842152825225369
-0.020367575468685006,-0.0046298580984335536,-0.0036745169160026236,0.021207918121546005,0.19333301484584808,302.0,34.981531113580715,0.33485569615476796,0.08463882397748586,0.1803443815450786,175.0,54.75,0.763670689562249,0.1772582831617772,-0.17338058995080602,0.8486745169160027
-0.018821159744156615,0.007960996076303295,0.0008188076342965367,0.020451991555444183,0.1259574592113495,382.5,41.52488421748627,0.37276111221092195,0.082836481565689,0.17512161268639626,298.25,111.5,-1.9146098586615108,0.07719164169677033,-0.3298747580900186,0.8441811923657035
-0.0204178294745615,0.0013055443514091714,-0.005943595973253335,0.021305364103883367,0.18594275414943695,374.5,46.31379696747656,0.3723124559231081,0.09344002631734881,0.1606198239762191,285.25,53.75,-2.210948271545982,0.15737671669386527,-0.2775718435254303,0.8509435959732534
-0.016370353011003577,-0.006394884415070828,-0.006099038374727028,0.01860325975423078,0.09915342926979065,404.0,15.847211714917863,0.28079977110395943,0.04665752303867519,0.17346932571897822,150.25,134.0,-2.961759110554504,0.039073808381233435,-0.09475220531865941,0.8510990383747271
-0.014495369721003829,-0.001136370738758552,-0.0028179707327122827,0.01481040312938592,0.2739976644515991,485.5,18.276661687105726,0.2823366197599091,0.04348501315799188,0.16505688205925628,217.25,162.0,0.3498879649059334,-0.00012199683328380749,-0.18890989657145965,0.8478179707327124
-0.02951564447797103,0.01577114427907894,0.008678283676090914,0.03457187973460819,0.057762522250413895,244.0,47.775590257810464,0.4482074411046054,0.09185123887965996,0.1988380922702493,288.0,62.0,1.628838437295683,0.210456303467962,-0.3732780282211004,0.8363217163239092
-0.023403702492058115,-0.00116164281106379,-0.0011110589560685558,0.023458839620942966,0.1918472796678543,370.0,37.19673684814037,0.3306956490048113,0.09059665761269944,0.16149688333588375,209.25,41.0,-0.9461405480498047,0.1675062540886962,-0.1778987528762909,0.8461110589560686
-0.022142692347049284,0.008092081243092963,0.00032889115203604824,0.023577293581129692,0.043500352650880814,409.0,45.308426581422665,0.3776215925303006,0.0937462126084264,0.16135621768689867,301.5,59.5,0.4817414738215604,0.12277241321131119,-0.33615821602817914,0.844671108847964
-0.022225848481955357,-0.006549501155931808,-0.004701824394729881,0.023643000206684143,0.2242986410856247,415.5,36.62319589961044,0.31148400751346933,0.091447282077918,0.14713362627677984,138.5,34.75,-1.3123689843465056,0.18052979566993074,-0.09020866286653745,0.84970182439473
-0.017037482469036205,0.001193107752411826,-0.00490823585722433,0.017770483792562426,0.06627260893583298,449.0,36.561253120419316,0.3118824824460875,0.07674711422172452,0.15512156948848965,267.5,111.5,-1.7742856512267438,0.04823943441660784,-0.26857016616778756,0.8499082358572244
-0.015051983935371048,-0.0030146911059618364,-0.001848191206409,0.015461772006807015,0.14429093897342682,393.0,8.448211439549192,0.29661678532286084,0.040086186628737364,0.18827314230723335,191.0,149.75,0.35201925786811056,0.006431164186537523,-0.16643909051841255,0.8468481912064091
-0.023260011362571692,0.002004000817218299,-0.004521934075576883,0.023780076443237923,0.05395396798849106,313.0,50.4901390966655,0.4097373446589868,0.09798216032169983,0.1641546913139168,278.0,24.5,-1.0417977547538273,0.23157316598477745,-0.3172076822771979,0.849521934075577
-0.014496714021256985,-0.0036137690006429607,-0.005939229379045119,0.01607757722485044,0.2334839105606079,446.5,14.483784904609864,0.27718109466457275,0.038862065355063695,0.16912106389718762,191.75,153.5,1.1333110554763963,0.012104354187589145,-0.12070308617092383,0.8509392293790452
-0.0197595760270024,0.0036952904480211934,-0.003999412527423196,0.020496129313278502,0.19857655465602875,315.0,47.68822493618669,0.40570933616310895,0.08856662089386791,0.18086052072001502,303.25,88.0,2.1734809119221583,0.14664376548522673,-0.33341318175325624,0.8489994125274233
-0.019628013009063763,0.0023991167772017263,-0.002006503527585357,0.019875631119560446,0.06440124660730362,423.0,36.74784896099751,0.31637078079030095,0.0844819118235792,0.15698761726500232,251.5,75.5,-1.1912974423933134,0.09118853128326496,-0.26059849001549673,0.8470065035275854
-0.017932538932802763,-0.004610747547739005,-0.0010538549600256353,0.018545769215706283,0.07244730740785599,413.0,16.37050884741547,0.27740171658758395,0.055014334713779256,0.16840462907404452,175.25,120.0,3.0893676846425207,0.046889501166712075,-0.0914865767919716,0.8460538549600257
-0.01854053343693065,-0.004251404651677643,-0.004064047334392695,0.019451023170374202,0.23845484852790833,537.0,17.51157684621028,0.25754722459795454,0.07598567188667205,0.14144630472268915,181.0,80.25,-1.9183165508650248,0.06399266073706723,-0.10857282272348823,0.8490640473343928
-0.026902301476974616,0.006762238216207972,0.0018049499972818683,0.027797833277855705,0.14947420358657837,365.0,45.67573616046214,0.39207497619505516,0.09770386458357544,0.1685545437751227,274.0,25.25,-2.0582432125203427,0.1958859311304033,-0.28683578736929066,0.8431950500027182
-0.017912534960200982,0.001453121541357627,-0.004471748123329844,0.0185193682989697,0.09445203095674515,416.5,37.98754587120161,0.33579243648472273,0.08120048542594144,0.16307864686688134,275.5,101.75,0.9555260740509396,0.09187320082195109,-0.2590119690372846,0.8494717481233299
-0.020726032569508668,0.00260141876324238,-0.003077316705625055,0.021114111010430977,0.24368791282176971,338.5,41.82135900268035,0.36652592545453777,0.08761383893909236,0.1756921350025601,269.5,72.25,1.0389385916895861,0.136084928144432,-0.2879987815006362,0.8480773167056251
-0.01908582325840423,-0.0027683054607428315,-0.005396870479950411,0.02002644190944519,0.1407323032617569,373.5,25.626322277553886,0.31177001489153644,0.0774489325833749,0.1742228999434634,208.75,80.5,1.4879003254559495,0.1247733555013535,-0.15733359064166885,0.8503968704799505
-0.015858693633703652,-0.005154027849752399,-0.0038184161320595766,0.017106795977074984,0.0684172585606575,466.0,6.926893598660185,0.26414748707685354,0.04897669109307723,0.15947337612103019,162.0,130.0,-1.3020633011128202,0.02314891777700763,-0.10349605161248039,0.8488184161320597
-0.02353754563809754,0.00879681952319028,0.001249880979723672,0.025158741837631334,0.04901733621954918,330.0,46.687906003850735,0.4025313531702915,0.09224418722268093,0.17264858415016537,297.0,65.5,2.843012766467158,0.1570851802135811,-0.34287502386198476,0.8437501190202764
-0.01668368976340341,-0.0009467810073491012,-0.0047601904061997935,0.017375307510966397,0.22283199429512024,391.0,26.819725146843325,0.3106001432455019,0.06631770763246414,0.17268739730855576,234.75,119.0,-1.1723134490618512,0.0677498071360964,-0.23787389091106995,0.8497601904061999
-0.020103344209023155,0.0027387782802113514,-0.005123399589242128,0.020925930760796966,0.1645640879869461,388.0,47.0932015600278,0.37939187312038614,0.09389046651721927,0.16299518655726686,298.75,57.75,-1.952269707067761,0.14496695694137768,-0.33984762382729294,0.8501233995892422
-0.018400788676210464,-0.0014010156038421206,-0.0023660823020357213,0.018605112579309243,0.12552449107170105,406.5,24.055679695286862,0.29509842263461294,0.06924942041243395,0.16779527221723856,214.5,102.25,0.5449498041739446,0.07328480456790425,-0.19537442057745938,0.8473660823020358
-0.019733882541718317,-0.003749598627585893,-0.005597465456601558,0.020852271568732667,0.10974380373954773,302.5,30.015921473271746,0.3281527563417891,0.07586320383422013,0.1865460919664127,189.5,79.25,0.5586975745334217,0.15185385765898796,-0.15511945355018217,0.8505974654566016
-0.016640275828598526,-0.0017848008401884496,-0.004298717483809944,0.01727898335251791,0.057866066694259644,461.0,23.77134683860291,0.27748127899876696,0.06490524689604672,0.15614171610329053,220.5,115.0,-1.8704990265998966,0.027519328581921847,-0.22429659123160411,0.84929871748381
-0.024885601879249347,-0.0013860652156047204,-0.0016336866520453297,0.02497765580977284,0.13504040241241455,360.0,39.61277187468372,0.34334832346815175,0.09357239550103236,0.16087043184666472,207.75,29.0,2.7671406346899023,0.20407072395174602,-0.17248182133515125,0.8466336866520454
-0.01813729423033926,0.004110089913198556,-0.00013466031347175722,0.0185976454018378,0.13202354311943054,447.0,34.99697402017305,0.3215252733942989,0.07934274049904584,0.16121258544188966,271.0,105.25,-2.586584436476793,0.042085873591051134,-0.2839311194812975,0.8451346603134718
-0.015866929209882412,-0.0034851930886772298,-0.01145533632367346,0.019877895857088494,0.09134510904550552,448.0,42.41248143984765,0.3370592240101302,0.07856735685130757,0.15541245225960876,295.5,128.0,0.42497499719236564,0.05609027551247157,-0.2961628969298392,0.8564553363236735
-0.021331511081197782,-0.005500843788095663,0.005635767394225777,0.0227388328968334,0.08631999045610428,352.0,22.015696421226135,0.30007121592653313,0.06708012245622298,0.17958062112125261,160.5,96.0,-0.7678330571931719,0.09638048845856002,-0.100135501468803,0.8393642326057743
-0.01582312953597896,-0.0013091765007481326,-0.008379532266836964,0.01795276949201551,0.22236265242099762,439.5,38.57019599724849,0.32534423125653733,0.0718270970636661,0.162493871240175,278.25,138.75,0.007180356895367259,0.0419726348327784,-0.2790199500991315,0.853379532266837
-0.01914953028715187,-0.0007923167443865398,-0.0031183750958461154,0.019417943744907063,0.18407176434993744,410.0,31.496897598094332,0.3001820324321965,0.07827140316922974,0.159730077156076,224.75,84.0,-2.4583606901354584,0.10180540784909084,-0.18056554475487227,0.8481183750958462
-0.024742524815874356,-0.0032540538466299396,-0.0007356861867604536,0.024966430158641334,0.12266263365745544,302.5,35.51174399345609,0.3482584135618547,0.08795250242549288,0.17726853377037266,182.25,45.5,-0.32191941339461594,0.20050274062394985,-0.18595048469103959,0.8457356861867605
-0.020761320534460892,-0.0013904013571645335,-0.005831293701673568,0.021609480153483802,0.06435476243495941,372.0,42.734188462304175,0.3487953204685246,0.09419801678643767,0.15927054198987778,238.5,33.0,1.3261863509402603,0.17700613867897178,-0.2334263696236464,0.8508312937016737
-0.018928186328874996,-0.004630986940527659,-0.007252538334445946,0.020792344505527895,0.18087948858737946,521.5,33.02907195354932,0.2692933146817851,0.0874405315220328,0.1312588637462041,171.75,48.5,2.1952453186471304,0.11672723728215799,-0.140906218488748,0.852252538334446
-0.02218294023375797,-0.0007176102250149585,0.0003861012488364235,0.022197902514063735,0.14781998097896576,335.5,33.4091913470773,0.33301767294283013,0.08242779298040212,0.1747203100658895,219.5,69.25,1.4936650708901025,0.1537125751328772,-0.20196257260674008,0.8446138987511637
-0.022964265791016097,0.0016579188937723144,-0.00475927819962596,0.02351078321452083,0.1733248233795166,259.0,50.1018531627211,0.41457690390232593,0.09411918449248823,0.1791625236080442,268.25,42.25,2.4583053329435822,0.2264323968885503,-0.31074053008913216,0.849759278199626
-0.016042006725227896,-0.00032960788990393786,0.0018736964517617194,0.01615442229009408,0.05305682122707367,447.0,14.931505635898136,0.285493091579099,0.0545431987977265,0.16948918164966642,214.0,134.25,-0.7071588715692354,0.012237592449129427,-0.2048748775897212,0.8431263035482384
-0.015790631858272175,-0.0019765065199027765,-0.007507224215351549,0.01759571106623029,0.23267795145511627,511.0,27.42259414535119,0.2771678810621963,0.06578481978678605,0.1484004703511782,241.25,126.75,-0.3045655514048056,0.00991853006889727,-0.20765970283841204,0.8525072242153516
-0.018794442206217177,-0.0010647151784046738,-0.006852739620117787,0.020033090539282625,0.2952364683151245,399.5,39.04720469822957,0.3314028652387099,0.08953982701127625,0.1581841619365021,247.75,56.25,0.9453542580421094,0.1395771545190326,-0.23433418773964626,0.8518527396201179
-0.015427013493931828,0.001418502014176204,-0.001808533743172358,0.015597297445595171,0.1607738882303238,448.5,25.00393202460472,0.30313257148352063,0.05953679370758388,0.1700713012748737,243.5,144.75,0.24315695751284508,0.0022364010743542283,-0.24051672744699268,0.8468085337431724
-0.02837278436385096,0.0017215562623091596,0.0028820134175764345,0.028570695648880727,0.13475877046585083,367.0,41.317491001802864,0.35242358648948746,0.09539369445596042,0.16330928706598857,222.0,23.75,0.6708545940935512,0.19145387231171307,-0.1962308155335947,0.8421179865824236
-0.02971425267886857,0.006661635662972898,0.0024245849922472917,0.030548204764838,0.27821090817451477,337.5,47.21846339056813,0.4031298303107039,0.09846618972115842,0.16716768537747806,268.75,18.75,-2.3221560800541146,0.22705931010647493,-0.2772467406033749,0.8425754150077528
-0.016428128342648667,-0.00369464284783233,-0.007165180869786125,0.018299552003049804,0.0781286358833313,535.0,20.58739992416485,0.25307597126899295,0.06356765091271942,0.14084373216350377,206.0,112.5,0.04741960686657692,0.03032124394719065,-0.17611773068883355,0.8521651808697862
-0.01857615834732998,-0.004729057376613902,-0.008634417920668769,0.021023577608132008,0.23809194564819336,448.0,36.14080415255735,0.2971649149650737,0.09100523920806351,0.14483467827540053,171.25,36.0,0.16280060417203346,0.15475227476653655,-0.12058444194004932,0.8536344179206689
-0.018698757336850252,-0.0015192158055521987,-0.0057959836373989715,0.019635299053776784,0.243289977312088,423.5,30.919502259642147,0.2973635833336938,0.07950713438891137,0.1586396616811907,223.5,80.25,2.5244965714975764,0.08338240807885682,-0.20388199848263758,0.8507959836373991
-0.01944397203913427,0.0077166412393704364,0.0005541646666756828,0.02092657877326295,0.1572578102350235,379.0,43.160168069735434,0.37935922349025514,0.08673652118735563,0.17411278235078353,302.0,96.25,2.8919637078866205,0.08305162150388605,-0.35908984458106535,0.8444458353333244
-0.02159218555307023,0.01038078494921385,0.0024567521418557003,0.024083579555509434,0.13636386394500732,361.0,42.82355187579379,0.3922293783337719,0.09023735176412924,0.17757903886510185,298.25,76.0,2.837212820815114,0.10456851119178655,-0.3822942194820163,0.8425432478581444
-0.01778953544136612,-0.004547759030009188,-0.005922637772089234,0.01929319365978659,0.13176940381526947,438.5,19.822145006879293,0.27757753015348097,0.07040112144462875,0.15967056133044988,186.75,92.5,1.9937798970042657,0.075186402165071,-0.11961740637401956,0.8509226377720893
-0.023249101362550095,-0.004136165142194462,-0.0019336495902504414,0.02369319685030935,0.1723107546567917,478.0,33.93756909112895,0.30201331089198763,0.09330138837521221,0.14747290551757464,177.75,28.0,2.7488794686442053,0.15551125510985747,-0.10526629939697386,0.8469336495902505
-0.018379893887505022,-0.0028997113297372368,-0.006009782792495866,0.01955367776978874,0.12373000383377075,378.0,27.87187004236664,0.30738406179104505,0.07361076513052973,0.17033788317959841,218.75,93.0,-2.8574346223102816,0.098382225582469,-0.2151348754039159,0.851009782792496
-0.0182479134711023,-0.004284407649953234,-0.00946336947111348,0.020997567875985477,0.19245891273021698,543.0,35.45940914894105,0.27503512292675514,0.09052129934441971,0.13345944394939935,200.0,41.75,-1.4426958536795307,0.11924750489436507,-0.11397069201881703,0.8544633694711136
-0.01791961173899262,-0.0021596704973610714,-0.0017076035117966626,0.01812988061976455,0.12535957992076874,452.0,16.718773776475786,0.2776224705748356,0.06336560125674798,0.1600391412685872,205.25,112.0,-1.6083364771359914,0.05449583612905315,-0.16107616493610477,0.8467076035117967
-0.018973119906877667,0.0012706430277008296,-0.0031002386648273372,0.019266688674587876,0.07941782474517822,357.0,34.91799470682825,0.3337835333920069,0.07681917491352566,0.17774219999149865,250.0,99.5,1.3108520079513604,0.09778495163459643,-0.23551209409980348,0.8481002386648274
-0.020628069802019672,0.0018917467138925281,-0.005793019499132468,0.021509417572399492,0.05312667787075043,444.0,46.47303495971213,0.358677541051771,0.0965234501281708,0.15095467511906102,288.5,38.0,1.7063279754749079,0.13691800320336944,-0.33090628089522467,0.8507930194991326
-0.01619818486348417,0.00445788708521444,-0.002494704146912552,0.016984625368749,0.1300816833972931,495.0,37.654683991811574,0.3272104391455752,0.08077991134978903,0.1532353422222591,292.75,116.0,-1.6159708714489707,0.019920089705675235,-0.31604028552222996,0.8474947041469126
-0.019786062921305095,0.0022373641625382246,-0.0015120229515322992,0.01996948416278235,0.22112210094928741,486.0,32.67826847924851,0.30448884739580345,0.08393792052966007,0.14975673395644373,254.25,80.0,2.2341054299501724,0.09036540946946352,-0.23163163184555727,0.8465120229515324
-0.01982382612003633,-0.003426376861961067,0.0018754267082596865,0.020204983686597486,0.14634422957897186,322.0,22.56549880761483,0.30932876111375535,0.06426750887106394,0.18378356978450372,179.75,102.0,-2.0255941854558657,0.12461726355003262,-0.12793585546928313,0.8431245732917404
-0.02117396905037952,5.599589940122329e-05,-0.002632869584899944,0.021337106250339355,0.2092890441417694,400.5,33.838261664396704,0.319896996365985,0.08503723179016684,0.16079177938443423,234.75,67.25,-0.06604878341261872,0.12963405712619874,-0.21599476323406672,0.8476328695849
-0.024808008847589685,-0.0008982601042478722,-4.739817575072358e-05,0.024824311083775034,0.06297343224287033,316.0,37.98273709975673,0.34669684168342685,0.08797150825333516,0.1765440192991944,213.0,51.0,2.51939964975497,0.1830276163468591,-0.15954116284677092,0.8450473981757508
-0.021171286808681605,0.008721636633155339,0.002298933395018965,0.023012505849015798,0.11316362023353577,325.0,42.91207021080675,0.4028347643504716,0.08541624050941624,0.1907878785122964,298.0,99.25,-2.3186844022124906,0.12678552914761199,-0.3275155851623804,0.8427010666049811
-0.01875504661532114,-0.002049112148021559,-0.0013086285091896688,0.018911984103025848,0.17514489591121674,441.0,21.634945182976935,0.2777685049702894,0.06805246524589331,0.15695679088167724,202.75,101.0,1.727590651220205,0.07159940227368006,-0.16596841759806893,0.8463086285091898
-0.020572992442645988,-0.003046729799743436,0.0017748368135070969,0.020872964002086374,0.12332049012184143,327.0,17.405137088642395,0.317310162513931,0.0657553761416096,0.19277900551306193,186.0,100.25,-0.7547791816469004,0.11160939774784276,-0.14941953051600032,0.843225163186493
-0.017785792309961662,-0.004452571674530101,-0.003493547723172785,0.018664529951327596,0.25021395087242126,518.5,10.727112399698944,0.2553720392910639,0.06624789893767472,0.1466277552321974,179.25,100.75,3.033334306863885,0.043038070222635436,-0.11105094010586201,0.8484935477231729
-0.018524948242229083,0.0006231323777655673,-0.006480282958566508,0.019635581696516496,0.1740468591451645,578.0,41.6454103632239,0.3178156765970564,0.09309949711035202,0.13600991731876944,293.0,60.75,-2.9568121261359166,0.087110139583906,-0.25530256594981227,0.8514802829585666
-0.016083675714810744,-0.0056773872038689555,-0.012191774816902812,0.020965608103461094,0.13904733955860138,444.0,29.681089368911746,0.26724945090854785,0.07351651785125939,0.1484776794357059,163.0,84.0,3.0333000079325574,0.08664277612871792,-0.09097636126288952,0.8571917748169029
-0.01575751258871997,-0.004794860153663705,-0.008949417620239597,0.018745185051588988,0.08305783569812775,470.0,13.513533713873581,0.2620430250586624,0.04790270415179044,0.1563702915190225,177.0,132.75,-1.2644334296561217,0.02333153745228598,-0.14325382644243564,0.8539494176202397
-0.018922026498051886,-0.004231803789098099,-0.008127563647805092,0.021023999166465107,0.1205330491065979,409.5,32.79738005905397,0.296771123003257,0.08489823895353989,0.15540554819947927,185.25,56.5,1.073657300349089,0.13472771827712257,-0.1496549018291979,0.8531275636478052
-0.017117775980444297,-0.002041684246700398,-0.004510949755566207,0.017819522911041785,0.2058625966310501,392.5,24.299028999029932,0.2898948788232478,0.062183255635606435,0.1702259385274748,205.5,114.25,1.4674111282481825,0.059391663136039156,-0.1867410698115635,0.8495109497555663
-0.021712237343323837,0.001640076142894964,-0.006876290881395963,0.0228340639504423,0.06920173019170761,305.0,52.87435822771879,0.43494695062751354,0.09891299704406567,0.16617692836742515,299.5,26.0,2.7572528795941387,0.23644884990794346,-0.34782594108191467,0.851876290881396
-0.02627777728435382,0.004262120680652959,2.457395259014561e-05,0.02662119185126198,0.12810276448726654,315.5,45.64627230163779,0.39665548761936237,0.09598263571589466,0.1746480390561117,260.75,30.5,3.0356818448101697,0.2201072260939984,-0.2810512902542666,0.8449754260474099
-0.015574182063254088,-0.00011149143138436401,-0.00536376408398076,0.01647232656388464,0.1513053923845291,456.5,31.987042374480414,0.31291771480066727,0.06693052286946762,0.16461592635289002,262.5,141.25,1.3330030344666084,0.026335255216610523,-0.2365086960259544,0.8503637640839808
-0.02836921173973561,0.005115969695607403,7.670209035304243e-05,0.028826918043228116,0.12949369847774506,289.5,49.29505149666978,0.4206917503268656,0.09723900883491005,0.17396405840905027,273.25,27.5,2.8139735380583946,0.23828964130768315,-0.3022939583719436,0.844923297909647
-0.017583741372287104,0.0015970687419826213,-0.004470090789762349,0.01821319029941809,0.15541313588619232,505.0,36.01644073541741,0.3059461288563622,0.0795658702612874,0.14679212301346767,275.25,108.0,0.47773427734356616,0.037841994587648004,-0.2774175027809742,0.8494700907897624
-0.024035236892311462,-0.003979049479059624,-0.0030706140673711912,0.024555124067637542,0.12979324162006378,378.5,38.52647897914168,0.3309388985253344,0.09368423034622302,0.15722174293457658,177.25,25.5,-2.874158382999358,0.19565623504772045,-0.11815854049448214,0.8480706140673713
-0.017299697638521037,-0.0063014091422200075,-0.0041595030693625246,0.01887561287338614,0.1039992943406105,571.0,18.466553184074176,0.2394019305296801,0.06378997005414887,0.13344376299298322,146.25,106.25,2.5047988510195407,0.031684329952281425,-0.07926134108184614,0.8491595030693626
-0.020259441446953227,0.004410058407191719,-0.0016973548222783963,0.020803235236137682,0.08385180681943893,402.0,39.56221061081689,0.35305400734671766,0.08631394682606748,0.16435484506875908,282.0,85.0,2.965252712768561,0.11043077519323267,-0.3114189916045774,0.8466973548222785
-0.03292167965450166,0.00659290082441899,0.012434238491431882,0.03580382129628148,0.13679955899715424,267.0,37.06283292969283,0.3870697194320315,0.08846744472845164,0.19804361179679342,225.0,51.75,0.6655532901890299,0.20122659195936132,-0.23014407528504205,0.8325657615085682
-0.01829391853269534,-0.0021685221494961437,-0.007233832921040184,0.019791368884523226,0.1707070767879486,386.0,34.55087124947529,0.30747250602841303,0.07856932844364303,0.16292654811252294,227.75,83.75,-0.7209242757563695,0.104239594319134,-0.18893565643294205,0.8522338329210403
-0.021563967581620047,0.004861682033181991,0.0008471484009402452,0.02212144458361932,0.18882837891578674,371.0,38.58944073109297,0.3476634436692244,0.08559424643272791,0.17019735352977639,263.75,77.75,-2.1673556412989967,0.12262959501850608,-0.28251525760411345,0.8441528515990598
-0.020665873695306675,0.00046673959517770647,-0.0023586316360956205,0.020805271558786875,0.034146957099437714,403.0,34.70093776283145,0.3231162343285697,0.08633893880238294,0.16344871041859688,239.0,64.5,-1.268960186684099,0.11899026707675951,-0.23011327919794192,0.8473586316360957
-0.015788449807205736,-0.0017796382885313655,-0.006657397696254064,0.017226816416237523,0.24363650381565094,448.5,28.2051630209206,0.29485440300938115,0.06749630540829386,0.16231905999682528,241.75,121.5,-1.9408587236601618,0.028633656852125246,-0.2340141120659467,0.8516573976962541
-0.019716585165768713,-0.0008518618228333386,5.181119309949356e-05,0.019735047087958573,0.1934700310230255,442.0,22.851234999443072,0.28637519275553497,0.07482791872862696,0.16284598037439713,208.75,87.75,-0.3647120343877682,0.07301839017585852,-0.18973891331704776,0.8449481888069006
-0.026292297639087414,-0.0008630434337861814,0.0003743918301681859,0.02630912253104348,0.1671254187822342,343.0,40.21965301375307,0.35646025492631356,0.09427435467665966,0.17030813697216296,214.0,27.25,2.962014536333906,0.20539420667795527,-0.18216506921620287,0.8446256081698319
-0.017951660902295136,-0.0010022847811512192,-0.005180463086954523,0.01871106361831998,0.058346573263406754,378.0,30.35217131430587,0.3206536653337653,0.07540397314050183,0.17327792628116845,239.0,98.0,1.1172141112329652,0.09839198862462568,-0.23398179865025623,0.8501804630869546
-0.01807456964373752,0.0029925169165594123,0.0026322594022818446,0.018508755086799146,0.04730940982699394,445.0,24.940121164285376,0.2985643875912667,0.07123834146019363,0.1639230898349734,238.0,109.5,-2.5138845752116543,0.04341050611374825,-0.2214702710716238,0.8423677405977182
-0.018662755703283018,-0.0019294145317308165,-0.008853639584632589,0.02074627737138039,0.21831972897052765,510.0,40.61898212662958,0.31106012595615024,0.09393554456684637,0.1381952826049887,253.25,39.75,1.670150492322495,0.13487163292446955,-0.23286581944030413,0.8538536395846327
-0.020186403469455716,0.0011485008495099591,-0.0014772978163301032,0.020272946210926335,0.03644999489188194,396.0,33.355019855157416,0.31774498961582487,0.08157863993331041,0.16258163502295986,240.0,80.5,-0.41141786960480936,0.11632907274938037,-0.23337937340710505,0.8464772978163302
-0.015261382065552437,-0.003162753099923976,-0.00881946825224511,0.017907981739274912,0.09919042885303497,436.5,23.5918386271167,0.2837514276449478,0.04994938542953906,0.16635969226298097,215.75,145.5,-2.068366122614047,0.013366863461386264,-0.18972591356093346,0.8538194682522452
-0.018936094618079588,-0.004017737576574157,-0.003559139321891669,0.01968210779697424,0.12825380265712738,410.5,21.32405096662868,0.28577530540734103,0.07275560456150891,0.16569074798070516,176.5,85.75,-0.9079838507860569,0.08771684089359404,-0.11828756193042274,0.8485591393218918
-0.022732156599362896,0.0033275000138696664,-0.002963784172267947,0.023164783975251027,0.15573284029960632,435.0,43.73272751571255,0.36073435324821135,0.09586073156189966,0.1545988454711924,280.75,39.0,2.1494900027512736,0.1528246628425986,-0.2732204669441703,0.847963784172268
-0.02287883609129099,-0.0007108909431942645,-0.0008634519577492838,0.022906157602457376,0.17928087711334229,441.0,32.704226062113506,0.30643257203865637,0.08890172465879277,0.15231752789278918,212.0,48.25,1.4140182053879242,0.13982514434228277,-0.17098303228449327,0.8458634519577494
-0.023592114959954336,-0.005695710692225325,-0.0030030648385546144,0.0244550078102174,0.11957888305187225,331.0,39.22098440030899,0.3368651749783006,0.09086429997309806,0.16217541230510435,155.0,35.25,-0.5223227536101623,0.2048185658432864,-0.09691661384893835,0.8480030648385547
-0.018035446714058226,-0.004728423522960337,-0.001966763000041616,0.018748426170920346,0.17508147656917572,353.0,15.621235571620575,0.30049976847182175,0.061937485907833906,0.18314867263480905,178.0,106.75,-3.0881982073177596,0.0912348332381015,-0.08747580784689703,0.8469667630000417
-0.0193804198066026,-0.005398936138899871,-0.0037297203478536822,0.02046118269272984,0.17822085320949554,354.0,22.74641661997866,0.3001597332676855,0.06889720098517624,0.17521693349034584,161.25,92.25,-0.2970463492444497,0.10879327370521509,-0.09088125481710708,0.8487297203478538
-0.016981017110119637,-0.006824391237532881,-0.0053458843038762804,0.01906582641396701,0.1182536780834198,396.0,19.95346528372563,0.28319839534622376,0.05961139517994778,0.17056921649200152,143.0,112.5,0.1883513495257255,0.0660384578983915,-0.08671252413132603,0.8503458843038764
-0.01717728085863876,-0.0017824587041912199,-0.004715742188442729,0.017901797706279757,0.2111775279045105,424.5,30.418257509252772,0.2980231246086311,0.07441599840448386,0.16051444945932525,231.25,96.25,-0.13853884800571187,0.07305597933159332,-0.22959007215989127,0.8497157421884428
-0.019904504095053885,-0.004460456138578595,0.001616385633113504,0.020462102891666244,0.07286389917135239,449.0,14.153441618584171,0.27641137932784904,0.07188859586301277,0.1606932962377169,168.5,87.5,1.2607347383397332,0.07438475458647731,-0.10628735264038866,0.8433836143668866
-0.01946958965472087,-0.00212954006133656,-0.002848622458157646,0.01979177890198785,0.2522566616535187,424.0,26.272352901552367,0.28876452194027447,0.07455470747003784,0.15799689904298708,210.25,88.25,1.6474056805502917,0.09348294174299508,-0.16925469647686398,0.8478486224581577
-0.023532502247808007,0.004193008891766881,-0.00258148473987152,0.024042130709895797,0.13885906338691711,373.5,48.22531943754556,0.3779956067969375,0.09747994848459456,0.1572313202143344,275.5,26.75,-1.2701861147164504,0.1676479716535335,-0.3312809708469195,0.8475814847398716
-0.02377679642946212,-0.0013185462287968741,0.0021609301371532386,0.023911173782631717,0.1482277661561966,360.5,27.007347011419526,0.31986509029168064,0.08172559248726385,0.17290061583362892,198.75,66.5,1.8146562336576781,0.1487435545505077,-0.176027503535907,0.8428390698628468
-0.01925397225717755,-0.0022700486161656708,-0.003711876032721717,0.01973946787738242,0.1868702918291092,375.0,28.222164266595186,0.3001509072691754,0.0706896279569721,0.16658619568343036,210.25,97.0,2.1113152522874756,0.1023072129979227,-0.16491439803563787,0.8487118760327218
-0.017198556314787027,-0.0017212888141694693,-0.004551177910364634,0.017873622880280222,0.2417687028646469,475.0,23.074691295875578,0.27890873583176884,0.07045116015983038,0.1541186262454849,221.75,102.75,0.5681809583570512,0.060366943571120234,-0.17872576460445866,0.8495511779103647
-0.015524053075277152,-0.007194309326247844,-0.002888853463185459,0.01735222708753886,0.03550918400287628,425.0,8.3964382458856,0.27939150315719447,0.04464062364144906,0.17189313436247844,141.5,139.5,-0.925629503080312,0.02806223594945317,-0.08020899122421038,0.8478888534631855
-0.024646754956977684,-0.00422801808703642,0.004535000004434853,0.025414658996213885,0.06352387368679047,300.0,29.789971110995815,0.33289196722929587,0.0788439447849114,0.1873550876457596,176.5,70.5,-2.548142589160412,0.1695626510533169,-0.10769744932383617,0.8404649999955652
-0.015613730266169659,0.00046526572434205105,0.006788120971189082,0.01703184168956625,0.08591900765895844,367.0,8.881571035497014,0.31466192392027253,0.04413131283464207,0.19892325616891993,205.0,149.5,-3.0495083073546487,0.027224843983724958,-0.2025486069524334,0.838211879028811
-0.015047821420950415,-0.004642045980557716,-0.009441913635005017,0.018361243244762047,0.11839326471090317,461.0,13.588500033617398,0.2673396731289087,0.03895274755001006,0.1634128928256059,178.0,148.5,-1.1460559259994694,0.005507704345025758,-0.1194462527516255,0.8544419136350051
-0.029546565670589275,-0.005105548928225068,0.00706709671917527,0.030806006375756055,0.19928143918514252,322.5,30.459588814392355,0.34703462845464184,0.08851309436834141,0.18456097014612716,158.5,43.25,0.10540777132509589,0.18621539808108906,-0.11906213111647321,0.8379329032808248
-0.018882079242785302,0.00453384054036593,-0.0019366343094270322,0.019515101307058056,0.041911929845809937,438.0,39.49675977525202,0.3351563498897853,0.08610607874818742,0.15975641537315433,280.5,85.5,-2.2068353134563137,0.06797264746932515,-0.311500337705424,0.8469366343094271
-0.01503574413675352,0.002171510652611841,-0.004414606128197329,0.01582017090702379,0.16227325797080994,454.0,36.2940612312394,0.340018030307103,0.0743126682815642,0.169387783095874,289.0,139.75,0.2357504957522512,0.00601983194599085,-0.31662990798431784,0.8494146061281974
-0.023054416574615655,-0.0062366356569981685,-0.002995411626971478,0.02407019399026626,0.14079731702804565,415.5,36.20838051959491,0.3080449077372237,0.09077118277349008,0.15307574153077785,144.5,37.25,-1.260705597658043,0.15589156198747584,-0.09786583650728889,0.8479954116269716
-0.021080297964153893,9.777319870460377e-05,-0.005136409845953427,0.021697263144495965,0.2118539959192276,403.0,41.49416158602754,0.34489091566367036,0.09334566025912691,0.1568068460975337,254.25,42.0,-1.300285451454588,0.16123176856014876,-0.2368821550687425,0.8501364098459535
-0.01751578738200711,-0.004601978839242571,-0.0058378037819051265,0.01902789977492371,0.17834053933620453,480.5,15.325050359880843,0.25971785750589366,0.06421147743995362,0.1508789140211283,169.25,103.5,3.095827091920162,0.04214524523646855,-0.09756675779243698,0.8508378037819052
-0.014541638828919753,0.002132096090564195,-0.0018933339931797022,0.01481856292559692,0.23184487223625183,436.5,31.293777341134557,0.3310414040040509,0.06132153020268681,0.1808102017641443,264.75,163.25,-1.0313386203817143,0.00492986524106844,-0.2558190809329187,0.8468933339931798
-0.020660829132380265,-0.0012070116371936668,-0.004196413118834896,0.021117211477694294,0.07450389117002487,405.0,37.58251438756035,0.3164133590099698,0.08797388385741643,0.15851678230338284,229.5,56.0,2.0587800559262255,0.13232929690794612,-0.2037798453987398,0.849196413118835
-0.015979887111542045,-0.004854024210799918,-0.006799679377201162,0.018032026585200957,0.08519644290208817,430.5,10.860034972947505,0.2768533297939312,0.05366108934217085,0.16466989123140008,187.5,124.25,-3.1063579337112186,0.04638942926954325,-0.15379166500504976,0.8517996793772012
-0.015682846386965266,-0.0025355727591723776,-0.0038290980898605387,0.016341444005839267,0.19470156729221344,486.5,11.947047126270077,0.2697573782621888,0.04914668536283519,0.15926043740944318,204.75,140.5,0.8574565429628654,0.00601454765248177,-0.16377072879853297,0.8488290980898606
-0.017551450715976705,-0.0036602391284701052,-0.008128271671558274,0.01968551683547068,0.17853140830993652,421.5,28.020653963367213,0.28209067421932943,0.07087560495438207,0.1595408617759625,205.25,95.75,0.8215969133524743,0.0829494548582869,-0.16100455631399502,0.8531282716715584
-0.019424208869022463,-0.006515589982494421,0.0019064576131344602,0.020576379264537065,0.09382312744855881,355.5,18.210859848895485,0.2970716902032205,0.05832720033406428,0.18233538112883763,153.5,112.75,-2.239545833075762,0.08152710571216766,-0.09408538269303864,0.8430935423868656
-0.02558543946832162,0.0013373457546977385,0.002181189254663485,0.02571304713602449,0.13546909391880035,307.5,35.96025080812482,0.3535661449208862,0.08595214430798456,0.18296309845900305,222.5,59.75,-2.1906859784493267,0.1800969693952882,-0.1988298480411849,0.8428188107453366
-0.025903042879294486,0.004172420632163831,0.0009289695899526995,0.02625337518943673,0.049771301448345184,369.0,42.42845574297908,0.3688765856478404,0.09490585262576613,0.16430963930393871,257.5,35.5,2.6419204440732496,0.19127066704542592,-0.24526763930491097,0.8440710304100474
-0.019135540777631563,-0.0021595832619131783,-0.005977572838624878,0.02016343467166747,0.11866772919893265,410.0,32.41121770252635,0.29900467946940207,0.08064733004663795,0.15393863300366684,217.75,75.0,-3.078160542205565,0.12423964329690369,-0.18644895840380518,0.850977572838625
-0.028683294267239867,0.002615875458041539,0.002924513954602692,0.028950422385584037,0.11933713406324387,256.0,43.875281715643105,0.3905462236346218,0.09224089981383546,0.18975482217113404,220.0,36.25,0.6188307335961509,0.23658503900085456,-0.22896056053209882,0.8420754860453974
-0.017832275398844896,0.0009946849218062659,-0.006378302110177092,0.018964761580431408,0.19097518920898438,402.0,41.55984290547779,0.35158871237334594,0.08510286773190887,0.1625085308202744,287.75,93.75,-1.9435549560977334,0.08528375761608512,-0.3094785149724684,0.8513783021101772
-0.022614801448467392,-0.0022712460380939214,-0.0040988435958349,0.023095201275206003,0.17229987680912018,414.5,40.485235389117484,0.3297533852656545,0.09541684829483402,0.15078298852170657,210.5,21.75,3.0005729707943924,0.1819273644458212,-0.18413075264309822,0.849098843595835
-0.01781232977930878,-0.006211963935605205,0.0012592115572872542,0.01890643281663984,0.0068686953745782375,405.0,6.575331824868222,0.28439989975509194,0.05784478406606664,0.17236695996787899,148.5,114.5,2.6236256871956924,0.06513948910466655,-0.10629919122074268,0.8437407884427128
-0.017859370692064336,0.003364526827504155,-0.004403736004507941,0.018699466652473306,0.08071409910917282,440.0,42.12857192500531,0.34074408450614996,0.08633456290665213,0.1556094302169423,291.0,91.0,2.620650888121529,0.07122060643011319,-0.3238031110580611,0.849403736004508
-0.02878316702413755,0.009869216339528697,0.007917112450348096,0.03144125959066011,0.054319582879543304,320.0,40.5719481926332,0.39151813585441914,0.09104271520782058,0.18422302218354336,268.0,57.5,-2.6295142498095245,0.18986016738770342,-0.27879248038197885,0.837082887549652
-0.02587347658350478,-0.004283088932009516,0.004445068881563374,0.026599629295885226,0.05074957013130188,343.0,28.181807745747644,0.3188926363485773,0.08151589478754039,0.17508801064940605,162.0,63.5,-1.6836129025078128,0.15160371232505865,-0.16335178357634778,0.8405549311184367
-0.018196716777882996,-0.0025956659376616675,-0.005996029698748129,0.019334175837172247,0.07069419324398041,344.0,26.655905906695153,0.3208943063167573,0.07234688236921656,0.18224787927450103,217.0,95.0,-1.7278921823067277,0.10886606316082915,-0.20631119839079032,0.8509960296987482
-0.01767319862948711,0.0007793169775125453,-0.0018293939097757672,0.01778471160367435,0.18346910178661346,518.5,25.64333936331374,0.27974623686338146,0.07705512887428884,0.1470712645435126,236.5,92.75,1.7962727337589084,0.04475019644360229,-0.23379254346092454,0.8468293939097759
-0.025442149654258533,0.003575982992139237,-0.0015846961802541415,0.02574105466707743,0.16681602597236633,328.0,46.16268702396135,0.3939677524273898,0.09606756370456979,0.16673808123750533,267.25,32.0,0.6111705502715119,0.2179784707508035,-0.2870715473997635,0.8465846961802542
-0.01660882069743906,-0.005643855447991675,-0.011974114182194961,0.02123877208611053,0.13557477295398712,487.0,30.20806796900358,0.25917583696875834,0.07659435345523767,0.13916241561256326,157.5,77.5,3.0239082899566436,0.07923700645550806,-0.10355377121730733,0.856974114182195
-0.016729825658768682,-0.005954719084007312,-0.003446534865403361,0.018089343507177832,0.3260899484157562,477.0,6.754511930286929,0.2607505252591642,0.0549743752087009,0.15631673495188003,159.5,120.0,-0.26355226570430307,0.02419451752648029,-0.10337178399495246,0.8484465348654034
-0.023107819811376384,-0.005117091409806901,-0.0016014222193477812,0.02372173084022284,0.12073273211717606,298.0,32.696125696715356,0.33877952839231423,0.0830978014476657,0.18108805156628183,167.75,59.0,-1.2984966441255819,0.1823012069159153,-0.10100868138287272,0.8466014222193479
-0.016054983578082348,-0.0028817425337964164,-0.008661082887824634,0.018468386353803462,0.06385771185159683,432.0,29.359838577235326,0.287757768189688,0.0651614480541066,0.1594366690976693,230.5,120.5,1.4277133350710531,0.041291773749819204,-0.20014739050303113,0.8536610828878247
-0.018260284266145566,-0.0038438860184871193,-0.006181395774682796,0.019657647237826564,0.08767488598823547,400.0,26.534945896855064,0.2876520349449625,0.07339487866020461,0.16235952117329944,188.5,85.5,0.16238535079468305,0.09244266835215058,-0.14469892274063792,0.8511813957746829
-0.02658597552481004,0.00854790735732186,0.008004651687228748,0.029050908134325332,0.059249889105558395,290.0,37.53239884273119,0.3859637483010458,0.08712619542465926,0.196915241228789,250.5,65.0,-2.719624336060886,0.16009981146749183,-0.29812177032202763,0.8369953483127713
-0.024893571060267655,0.0038390021646264594,-0.0002234384842381143,0.025188841626975236,0.19038359820842743,366.0,42.46861583693417,0.36187543816840556,0.09302776566327717,0.16154092531714082,259.25,45.25,-1.8252904627700475,0.18429912821688946,-0.25186222612877945,0.8452234384842382
-0.025310923028323967,0.007690502174407143,0.001269486874016068,0.0264839242780144,0.07084515690803528,360.0,46.31916433018402,0.39101536169126194,0.09470259462557146,0.1646790923256205,290.0,49.0,2.694005266778001,0.1789533877522187,-0.3168202078322603,0.843730513125984
-0.015981878895330683,-0.005475181558785375,-0.0053055659595471205,0.017707261117343498,0.2555541694164276,582.5,4.230461739670059,0.23751405850250376,0.05790619737525648,0.13629034673124718,159.75,115.75,0.7865234369138108,0.0038513700525277753,-0.119015354731632,0.8503055659595472
-0.02369304688165416,0.0017631111618719442,-0.004884537367895847,0.024255468183561214,0.1606079638004303,392.0,49.98331351908016,0.3875989662037521,0.099670888172133,0.1497504661205895,284.0,15.75,-0.35304000421400944,0.21692712287527585,-0.27587696514393906,0.8498845373678959
-0.015856080383699615,-0.004468464260779792,-0.008434514871770493,0.01850739039157946,0.00401182658970356,580.0,9.454553896147477,0.24054143716262338,0.061133264473336356,0.13588909371999014,184.0,112.0,-0.8175739667802258,0.0211376362633069,-0.11716916617577786,0.8534345148717706
-0.018394883870500006,0.0021787641436505356,-0.004740004869593029,0.019120314117885305,0.09881343692541122,404.5,41.33119881980936,0.344992822576673,0.0834627930567996,0.16425361075041423,284.5,97.75,-0.9309410486584266,0.08456411181365604,-0.29202033002197075,0.8497400048695931
-0.017715255050315827,-0.0014978185970795366,-0.001979817214054158,0.0178883592944843,0.19049328565597534,396.0,21.409687582184706,0.29611237905297505,0.06285616480952973,0.17370024155493147,212.75,115.25,0.13833940897992925,0.057836084413661955,-0.1782781984697953,0.8469798172140542
-0.021067622783179224,0.002515208848818784,-0.004015148973379068,0.021593805282208497,0.07025115936994553,290.0,45.37662990304507,0.39646357921336794,0.09060983860644457,0.18287964872514573,271.5,60.5,-0.7471871176881841,0.17249282787297265,-0.3336915849979107,0.8490151489733792
-0.017211557313712114,-0.0006114762252884265,-0.0022479747422363694,0.017368505945504428,0.08576278388500214,462.0,23.974483007798856,0.2802516863765183,0.0676309419454733,0.15542817685901633,221.5,109.5,-0.3488321639142535,0.04969218046875866,-0.1854442872252974,0.8472479747422365
-0.029677981219753485,-0.003166458064219141,0.003769270613285469,0.03008349093620414,0.23807880282402039,259.5,38.97797604381509,0.3743743338442515,0.08967076103306995,0.18895225482763955,181.75,39.75,1.3116498620206074,0.23753507614282998,-0.13043291065396995,0.8412307293867146
-0.020695672886627547,0.0012740677252686128,0.0002015409403832713,0.020735832357287043,0.2147088199853897,417.0,27.513561483758227,0.31178752123858117,0.08068170620875866,0.16575788304885142,231.75,79.75,-0.4108312460385275,0.0944761464648062,-0.21238066166577385,0.8447984590596168
-0.021416153182632444,-0.003548180706668791,-0.0012205798569600024,0.021742378403853863,0.20174628496170044,365.5,25.471063000284325,0.3099470037722908,0.07965899321170229,0.17180698866842714,180.5,69.25,-1.4214711869053238,0.12706856758585736,-0.1581586164985224,0.8462205798569601
-0.02179849013304952,0.007493062964582686,0.0007973477075469138,0.02306416978862643,0.12240856885910034,339.5,44.59053081081804,0.3861675319485949,0.09126703181024182,0.17944851997712685,285.5,64.25,0.5539895932794743,0.13620217648325647,-0.34278245138037317,0.8442026522924532
-0.030030260773635742,-0.005037647014310989,0.002653694477255275,0.030565283312149704,0.040374357253313065,344.0,39.555075052746474,0.35421767183931785,0.09549787374147482,0.16550842843605384,161.0,17.0,-0.5096911998542545,0.2160509065968425,-0.12096985924428362,0.8423463055227448
-0.015177819670846195,0.00032941176696182906,-0.0023346202406965277,0.015359855915379172,0.0586557500064373,452.0,26.722350118041092,0.3034204887395322,0.05837205709774642,0.1673472483458862,245.5,150.5,-2.6412609919551198,0.006581774038988937,-0.23937330705640167,0.8473346202406966
-0.018943208755139093,-0.0016454080765423984,-0.004188468516633681,0.019470382487099758,0.20154453814029694,442.0,26.853894621622757,0.28802161322781744,0.07607413487636525,0.15457143127306017,217.25,86.75,-1.1345592710092884,0.0893227386821676,-0.1975524780124813,0.8491884685166338
-0.015536296598064428,-0.004545522068601357,-0.010127859249915883,0.019094811228322656,0.11685289442539215,507.0,15.118309944072214,0.2520522877751994,0.04341576534778517,0.14873239687628048,177.5,141.0,3.120395574762239,0.001747476264747019,-0.1209486609016071,0.855127859249916
-0.017365238516183323,0.0023764556224541433,-0.004152412243568437,0.01801226186490658,0.19933255016803741,404.0,40.23803609949161,0.3448117055391059,0.08196097542632302,0.16472842603775462,283.25,104.0,0.7457435638549431,0.07197468475155756,-0.29660491928743915,0.8491524122435685
-0.027177797878410737,-0.0021159675247661713,0.009664107686002676,0.028922396053098164,0.05439510568976402,342.0,26.3361533442473,0.3175797837287164,0.0788037684367112,0.17673061124311873,179.5,71.0,3.089992370338613,0.13596001075452507,-0.13967338841672597,0.8353358923139974
-0.01968989479428032,-0.004210853863824138,-0.00880693348252437,0.021976927097251762,0.171078160405159,441.0,39.81370568155768,0.30429589136786217,0.09325940058288591,0.14357124447259728,186.75,28.25,-1.1571946308173284,0.1646510256414168,-0.16495989311329512,0.8538069334825245
-0.015167920056823051,-0.0056999870386849755,-0.007886210039080632,0.01802076468610164,0.10515141487121582,403.5,13.695415749149497,0.28058710495712436,0.04040927126443358,0.176751621399594,163.25,143.5,-0.24380816637541286,0.018402001468714003,-0.09630499044475678,0.8528862100390807
-0.024196314167390653,-0.0018535363109881964,0.0017493787418030315,0.02433017760160196,0.058054521679878235,296.0,30.31724830664461,0.3439443845786539,0.08052554659594467,0.1877055490507623,198.0,69.0,-2.7187189222248955,0.17320361327222064,-0.17296112850326886,0.843250621258197
-0.02144962908467421,0.002353432309970427,-0.006009184313032101,0.022399453734761158,0.14075897634029388,305.0,52.50103672493847,0.41572861006390993,0.09797541353229346,0.16475970469094492,288.0,27.75,-1.346343337879537,0.21796593989284263,-0.34279935124835753,0.8510091843130322
-0.02198816246264268,0.00020615825592273929,-0.006240812908310134,0.022857592512480054,0.1634492725133896,389.0,47.805931344910235,0.374804584177144,0.09802597356654315,0.1531971078876151,273.25,23.0,2.1361096183748964,0.18946006076775124,-0.27783476241345434,0.8512408129083102
-0.016295045816913427,-0.0035846262365297754,-0.0032390584170026715,0.01699616318054405,0.1100926399230957,379.0,15.779677817204105,0.2921264674452675,0.04386014367032261,0.18488025834975064,183.0,140.5,-0.5074194971061936,0.033267736243858016,-0.1396763803849466,0.8482390584170028
-0.02573356169718108,-0.0034981677620488927,-0.001733629009703641,0.026028039589207432,0.25165194272994995,314.0,42.63655498528555,0.35578839444518545,0.09410629599779362,0.16757206520037238,186.75,24.0,1.7985272979104605,0.23036112301635422,-0.13775044093206945,0.8467336290097037
-0.017807135095634738,-0.0024271627013473795,-0.006929085088084319,0.019261292772057403,0.07654787600040436,372.0,32.18891624850756,0.3148350858375451,0.07540705609334232,0.16668216246404566,232.0,94.0,-1.2359283173342093,0.10751794045154574,-0.2247225398591111,0.8519290850880844
-0.020600307714099916,-0.004809866986347555,-0.0033691559966806395,0.02142098761663266,0.21035000681877136,431.0,24.86299705746711,0.2901632776203083,0.08176078065600319,0.15854311173344604,167.0,63.75,-1.6987716051518689,0.11892756467213443,-0.1420790280915157,0.8483691559966807
-0.019470075657309432,-0.002727706792590545,-0.005522100335100255,0.02042101423922456,0.06618732959032059,372.0,30.720593253324058,0.3072480522681919,0.08004327161477862,0.16583454752885507,202.0,72.0,2.837577378929371,0.13218842054515337,-0.18066946734566694,0.8505221003351003
-0.02479541541628344,0.004031537612505437,0.0027700617229249325,0.025273289519489272,0.24064421653747559,374.0,37.44599646659571,0.34535992242652624,0.08973811548700739,0.1689008453064006,244.75,54.0,0.3562447616924632,0.1540434933657931,-0.24715875989066402,0.8422299382770752
-0.015774788510848306,-0.004161879466256041,-0.012188246978512729,0.020364639885420515,0.20845697820186615,459.0,34.174809430646384,0.29113681615428155,0.07412073052985108,0.15026207147983417,247.75,107.0,-0.9863466704231907,0.04348070249505655,-0.24748311891509425,0.8571882469785128
-0.022300563322143224,-0.0038345545554411276,-0.004383479056348394,0.023048510185281368,0.0696026012301445,388.0,39.17647869279704,0.3190908014987016,0.09217590013397524,0.15238129479046247,184.0,32.0,-2.0947904091655407,0.19269821095284415,-0.13310899650498362,0.8493834790563485
-0.022140913027795583,-0.0015476654585979688,-0.003483482693843687,0.022466640820435393,0.1382925808429718,374.5,37.58815520931115,0.33067370683280695,0.09041932924996651,0.16171888722667782,217.25,43.5,-1.9969334458437804,0.15882516117713402,-0.19702127117188842,0.8484834826938438
-0.015765324352879546,-0.0023830579733339907,0.0002574216126578488,0.015946494384109347,0.16129986941814423,399.5,15.521212688149557,0.29431278434481595,0.045909216616758515,0.18284844960957203,200.25,143.75,-0.6973145938901216,0.01947918017750837,-0.15886885185370123,0.8447425783873422
-0.026070105433616958,-0.004494174268926135,0.0018346125077149944,0.026518178722017213,0.12524868547916412,340.5,35.241603773786636,0.32918805073513396,0.08811228422559444,0.1695787135149336,174.5,45.25,-0.6515657699816776,0.17489510619955329,-0.11341860983152392,0.8431653874922851
-0.0224014625458836,0.0011259791356625914,-0.0021390587194768385,0.02253150961240598,0.20940347015857697,424.5,36.852374676591396,0.32283138164246267,0.09041968034423357,0.15432555374514867,236.75,48.75,0.17969101281391775,0.14316186392442923,-0.2387866411298424,0.8471390587194769
-0.024147751216548136,0.0011146332999665276,-0.003269460076949393,0.0243935578668726,0.05286825820803642,386.0,45.44186374244555,0.3600658842808641,0.09736740398555534,0.1549834287276476,248.0,19.5,-1.1536146760426256,0.199502967887921,-0.25222855935548066,0.8482694600769495
-0.01741334253519497,0.003456260945597367,0.004308459667514586,0.018268362342549808,0.17700570821762085,408.5,19.83618424550505,0.3126676552636806,0.06301738736435361,0.1791050867676769,235.75,128.25,-1.7936487917473816,0.028524522190660442,-0.2345322736986538,0.8406915403324855
-0.027902932389010204,0.006553361422068027,0.002852047316071138,0.028803721213187593,0.13016152381896973,331.5,44.129023190759455,0.38610894763086523,0.09330695322615178,0.17051287134610849,269.5,47.75,-2.478396191129639,0.2085303801343466,-0.24869884396374928,0.842147952683929
-0.02236772892701036,0.002163181297559713,-0.0030481306054762625,0.022677869187081253,0.1790630966424942,284.0,44.43406733428448,0.38595244605621215,0.09056355264018379,0.18009074053890006,254.75,53.0,-2.73443927653113,0.193761724484969,-0.3001372634553119,0.8480481306054763
-0.01757965763356248,-0.005120291913897748,-0.010868277569676343,0.0212927501541799,0.09870214760303497,576.0,35.89074122477619,0.2599256976064251,0.08967524089046988,0.12293683192373905,173.0,42.0,0.05785809408757359,0.11118156453199418,-0.0932200706653873,0.8558682775696764
-0.018037865377872317,-0.00025446019261546327,-0.0036358855954388147,0.018402418358547067,0.16937866806983948,430.0,29.990087195183655,0.2975756679333228,0.07372195867011672,0.15810795890234075,236.25,101.0,-2.6575913661516886,0.07353868322091422,-0.23557972797940183,0.8486358855954389
-0.016821034056253445,-0.005662392404874053,-0.007483277293976021,0.019261602049854283,0.10996252298355103,450.0,18.890125274799786,0.26819267699489263,0.06610098449074743,0.15622496131885666,163.0,99.25,1.215139834242366,0.05195628490478078,-0.09843226527061368,0.8524832772939761
-0.02235486970120011,-0.0029776222396790397,-0.00035104146025832783,0.022555036325989063,0.06799614429473877,354.0,29.86342462022466,0.3099554050706559,0.07992480009695882,0.16850712725286143,181.5,68.5,0.12149389911366347,0.13168514683862123,-0.1607604547384952,0.8453510414602584
-0.018892788279052927,-0.0011267148275262706,0.0013363422636720745,0.018973474797868824,0.13735337555408478,410.0,19.371814899987694,0.29292278970022956,0.06643671549183552,0.17065535562697465,207.0,106.0,1.2875827254830499,0.07174320434069424,-0.15281587771565164,0.843663657736328
-0.019470503139881246,-0.005090041694033209,-0.007356590123438811,0.021427282497120333,0.04255913943052292,553.0,35.81582342220376,0.2811964901272688,0.09390328859346335,0.13011660268254122,172.5,26.0,1.6997585833281161,0.1363640226573636,-0.08681313166030255,0.8523565901234389
-0.019910909587417355,-0.005759957883878147,-0.004579750180807807,0.021227235975062025,0.1364460438489914,465.5,27.221481346928115,0.2814941879680166,0.08355282426360275,0.14963504389535975,152.5,59.75,2.374917751880043,0.10243351826674625,-0.10781951964647668,0.8495797501808079
-0.016842729155130978,-0.005166929565375997,-0.004461942167152344,0.018173706678321508,0.1068633645772934,435.0,16.993507685934343,0.27032132657473673,0.06500578674997447,0.15780183397529768,162.75,100.75,-0.8451991368435164,0.06781659806448252,-0.1043236994378026,0.8494619421671524
-0.021195227363619118,-0.004970521498466149,-0.006989752791640158,0.022864828690599547,0.25863128900527954,339.0,42.22289247256485,0.3370362476427692,0.0932282397282522,0.15932413043531635,173.75,27.0,1.4583785011452415,0.20001214611670792,-0.09849640921589202,0.8519897527916402
-0.02810165053272276,-0.0074379266865637755,0.0038511445536292266,0.029323315474736534,0.24437375366687775,366.0,34.63318443758703,0.33281511158564137,0.09101637355452431,0.16513970587193239,137.25,36.25,-1.3072983098659652,0.18890187522232954,-0.09665577896424186,0.8411488554463709
-0.019703125921116366,-0.00493155391703233,-0.007275082438349401,0.021574527099909847,0.1610182821750641,327.5,33.437229384377005,0.31657705247120477,0.08052388789635205,0.1703195769958391,173.75,66.25,2.69935837187703,0.16415812542403446,-0.12254715741921036,0.8522750824383495
-0.023914573519218246,-0.0042654198709362046,-0.003429886700285656,0.024532932072181435,0.222051739692688,378.5,40.65247851559404,0.3409586368810954,0.09619629356659054,0.15592125443965266,176.75,14.5,-1.2755737351380587,0.21930228623805412,-0.10794389187196488,0.8484298867002857
-0.015657852444684622,-0.003662212144068089,-0.005188972900436628,0.016896910390042957,0.19839631021022797,507.0,20.138314123301438,0.26715127464831073,0.055025094199542414,0.15298832787706107,214.75,134.75,-3.042296632563556,0.010922778457181382,-0.1612579377899587,0.8501889729004367
-0.01598966411713646,-0.0058843757574148225,-0.005258772237876519,0.017831150329778316,0.03891397640109062,430.5,15.33896680419469,0.27257682345701306,0.04308927899311915,0.16809433223003778,162.75,139.5,-2.565829790092984,0.02645097451065114,-0.0925096789781576,0.8502587722378766
-0.02396488598422683,-6.155100854482454e-05,-0.004163685902141667,0.024323976423589497,0.12806184589862823,296.5,46.949980253526,0.3834232452405629,0.09556997204568375,0.16949416106627735,237.25,25.5,1.7590909988922996,0.22498359981128818,-0.23860701606618584,0.8491636859021418
-0.015788437650014676,-0.001924703660951016,-0.0006480960495965915,0.01591851990922466,0.1903069168329239,416.0,16.117741406101437,0.29137225400453937,0.055517436401505575,0.1758507036171879,208.75,129.0,2.8487925814952377,0.030198137452153044,-0.18068716003393875,0.8456480960495967
-0.019135399147874085,-0.0004906191212415423,-0.0040407267909116085,0.019563529351049592,0.25079116225242615,352.0,33.966258907407074,0.325822134273975,0.07849629223528223,0.17480867471118366,233.75,86.25,1.0063721704547306,0.11282864384959071,-0.2209291883849259,0.8490407267909117
-0.02300358640487718,0.0008576495904729642,-0.004110386272117239,0.023383665786456547,0.05231138691306114,366.0,45.58710318521286,0.36641900502367225,0.09650914099458931,0.16028359373983958,252.5,25.0,1.7578807907954546,0.19048348802121787,-0.24269046575698275,0.8491103862721173
-0.02705960964728743,0.005481068188284477,-0.0004214021993831363,0.027612355251985295,0.05634872615337372,324.0,48.94909291242988,0.4108843074689529,0.09765162728882595,0.1667641425054064,281.5,28.0,-0.7533986023381335,0.22328884030048307,-0.30369247335938593,0.8454214021993832
-0.02206514264658596,-0.00017560284570605766,-0.005748055793058926,0.02280222580744531,0.1993754357099533,326.0,47.579122928959386,0.3850297093756616,0.09663949422582044,0.16920738948093528,256.75,25.75,-0.749196102054466,0.21680705404410655,-0.2536115129599108,0.850748055793059
-0.02261217190401546,-0.0009807734769974874,-0.0014286427053464834,0.02267847558389822,0.14103509485721588,365.0,34.72086897523629,0.3243928758485287,0.08583408173143045,0.16720233305078425,217.0,59.25,2.696530693467849,0.14468957507924107,-0.20497257748816913,0.8464286427053466
-0.02665380500970349,-0.001908535588218907,-0.0010711772169940126,0.02674350856221001,0.18040350079536438,279.0,43.39166849891231,0.3770308007477237,0.09393412978144283,0.17685206020352362,200.0,25.75,-0.06512888093777086,0.239335577127537,-0.20050461014659302,0.8460711772169941
-0.019971136004209966,0.006602760416343889,-0.0009806204850741906,0.02105716825572794,0.10396376252174377,360.0,42.09897255876694,0.38520072241073866,0.08909316013946528,0.17578791148242978,292.75,78.0,-3.135578226718641,0.10893625442505644,-0.3624078058866412,0.8459806204850743
-0.016061239425400976,-0.00047276114252703394,-0.0062662521192056175,0.017246820883843696,0.22113467752933502,438.0,32.87592503361037,0.3146202542514377,0.07427477207595574,0.16169137641541143,262.0,115.75,-1.234265871101167,0.036447637595518535,-0.2950891308900198,0.8512662521192057
-0.02228335733623124,0.004473556100680565,-0.0024600749287619905,0.022860723676542488,0.2232518196105957,368.5,46.324953878733915,0.38561919026639874,0.09533441911321967,0.1634675908795239,287.25,44.5,1.3233984366050557,0.17281921856779286,-0.3210170532427525,0.8474600749287621
-0.01844315896631353,-0.0004156214587215934,-0.0067659896169502964,0.019649464861678557,0.19089068472385406,451.5,39.921893893994636,0.31455302349108105,0.08868417159591659,0.14722412524842388,257.25,63.25,-2.8076816453834255,0.09581933947460315,-0.27854061732644775,0.8517659896169504
-0.015139860009289267,0.004868303664132156,0.0008995552202100132,0.01592874575292374,0.0859135314822197,462.0,29.510899095231615,0.3207774356595443,0.07032567685452142,0.16831102184395197,269.0,134.5,-0.17327669538425303,0.0028478393199156803,-0.2982385793477273,0.8441004447797901
-0.0178142699913494,-0.006353920959431866,-0.002912598563385771,0.0191364510104365,0.10679837316274643,416.0,21.108667964194836,0.276151724158293,0.06343847276980251,0.16181575334315268,150.0,104.5,-2.832743006440496,0.0662630956852444,-0.08401448061159116,0.8479125985633859
-0.020384333172231928,-0.0054089131927490125,-0.0041774345209609764,0.021499496272707547,0.10240072757005692,348.0,32.25228736333963,0.3048543650780484,0.0785661202880127,0.1660258394874745,163.0,71.0,-0.2847602404137824,0.14458578337338843,-0.10195188002448959,0.8491774345209611
-0.01805258566856019,-0.0038543954766819266,-0.006191345381240554,0.019470104556503533,0.05372001230716705,396.0,26.084544937236455,0.2969741517152964,0.07488970240389793,0.16569929400124506,204.5,86.0,2.0569580928030073,0.1038301387797522,-0.14244804840607952,0.8511913453812406
-0.01958781092363432,0.0013762448944734662,0.0009739662738550425,0.01966023898868524,0.15835300087928772,390.5,26.537324790940605,0.3137533223219951,0.07543932730903748,0.17338886180065594,230.5,93.25,-0.3917732243294498,0.09030442763311551,-0.22347503537222255,0.844026033726145
-0.01904175945746464,0.0010062909523921026,-0.004949822646271085,0.019700303778022014,0.04759582132101059,474.0,37.63542506846814,0.31301835210262974,0.08508508280814879,0.14981719824943163,268.0,83.0,2.5974238942955665,0.08333230218355592,-0.2483610668820764,0.8499498226462712
-0.01974928241496167,-0.00010965009581481722,-0.004918129746644628,0.020352743777050236,0.23024336993694305,504.5,37.0528425278116,0.3068521943420784,0.09142884222898899,0.1456191031396199,248.75,49.25,1.8457995879408637,0.10805743195328077,-0.26535883650853637,0.8499181297466447
-0.02081559464226114,0.0013887368837524616,-0.0001423914608665866,0.020862354751354242,0.021975712850689888,410.0,28.023320427640154,0.31847080642274433,0.08075862606536367,0.1674555003410405,239.0,83.0,2.6440886808085007,0.10648502040623758,-0.20315185002690847,0.8451423914608667
-0.02445395226558489,-0.004162880555250742,-0.0020207547108778146,0.024887924893938505,0.21093851327896118,365.5,39.221331655692545,0.33801228675795253,0.09434361271237729,0.1601904988071221,173.25,22.5,2.6326585356092047,0.19306675739842927,-0.12520839965162078,0.8470207547108779
-0.029127475357441868,0.009544178923098778,0.003339805416707531,0.03083270134509747,0.1169745922088623,252.0,49.35463929923066,0.4450907299988082,0.09491337522871558,0.18596690358264223,283.0,44.25,-0.7271100338280106,0.23766134854823726,-0.32387054678389426,0.8416601945832926
-0.017192675868190677,-0.0007423888322891092,-0.006161209969589909,0.018278395798766032,0.0375753790140152,441.0,32.26652166652797,0.30783376131727097,0.07739290941482652,0.15845483455047082,252.5,100.0,3.1193997859343257,0.06834207954171757,-0.23813370471109888,0.85116120996959
-0.025672605163452378,0.00047794682057486493,-0.00034440003970770405,0.02567936331822053,0.04024665430188179,378.0,40.210313521807485,0.3491627288260952,0.09558008135715729,0.15935134933121875,217.5,21.5,1.9099356148404312,0.1911329998128099,-0.24200773943582973,0.8453444000397078
-0.021319579606628863,-0.001269032729091929,-0.004998613964334098,0.02193447196162533,0.03404995799064636,561.0,39.169520822309295,0.30107372186967946,0.09629282988084266,0.13492756959011032,233.5,23.0,-1.7360287455280665,0.1327478488237602,-0.2155556388489729,0.8499986139643342
-0.028870949932125856,-0.0034015425706103164,0.0034069731546735316,0.029269603822389845,0.2283875048160553,312.5,37.02987569709761,0.35568009707666187,0.09185078497683453,0.1747158063543096,173.25,31.75,2.285618142812728,0.2170224521499653,-0.1320544835504874,0.8415930268453266
-0.02031846000538312,-0.003535069593791268,-0.005452964041489317,0.021332401432119088,0.15316353738307953,367.0,33.38330865226208,0.3186425059890901,0.08653728031678333,0.16807900276874943,191.25,52.0,1.1717664529016598,0.1515856435864382,-0.13801864582616474,0.8504529640414894
-0.026234975617725892,0.0043903801884753735,-0.0013069913836150082,0.02663189085173775,0.05794330686330795,298.0,48.43979666630634,0.4183745987801652,0.09680179378065318,0.17126635379116395,276.0,31.0,-1.01839339590068,0.22935215285682237,-0.3033537531598428,0.8463069913836151
-0.01895070355092429,0.002336659634845445,-0.00318197509082796,0.019357533644624777,0.03319265693426132,490.0,35.90123122825892,0.3114200567609508,0.084536564988338,0.14843497835077668,269.0,85.5,-2.6822702190531715,0.08062592190123855,-0.24041848847590627,0.848181975090828
-0.018866350980516575,-0.006115819735551101,-0.003224574320993212,0.020093290669011978,0.15975862741470337,342.0,24.19383092406677,0.3038932844424503,0.0715259122843667,0.17652026808404986,149.75,87.0,-0.47580788697386034,0.11701107721194336,-0.08629747893312696,0.8482245743209933
-0.017804489661204653,0.00017416586342136609,-0.0033963826996978863,0.018126378603756786,0.09551625698804855,366.0,31.15935145273898,0.3177733292261404,0.06990668753737354,0.1732840328236328,236.5,111.0,-0.307823260410814,0.07932174687146053,-0.24853497741271038,0.848396382699698
-0.02878532097800182,0.008584683265801862,0.003218700612732439,0.03021012287653154,0.20809288322925568,286.5,48.92538495366534,0.4161622185254118,0.09636610553663295,0.17872311590953915,272.5,32.25,-1.4477167265998634,0.22249087888590202,-0.32046352908668396,0.8417812993872676
-0.01614250608014734,0.006630761623620807,0.0016728515860172655,0.017531284456243267,0.11744855344295502,428.5,34.699440900995405,0.34442783034780045,0.06979561599912311,0.17747641732301211,280.5,149.75,-1.0386065780770717,0.01914508776536985,-0.27142274850749565,0.8433271484139828
-0.015049953708550235,-0.0021921081212429028,-0.0032366255929062726,0.015549346927552294,0.11911188811063766,516.5,12.496625214609402,0.26527896481999524,0.0500879266969246,0.15273549107148354,210.5,142.25,-2.113614816202962,0.0011360890474217521,-0.18360069168843537,0.8482366255929064
-0.022369927765257452,0.0030953987177070874,-0.0047487072056437984,0.023076944805787272,0.20634028315544128,423.5,49.150895696977436,0.3886177380799155,0.09954921893700147,0.1515614466543752,298.75,21.5,-1.4109535749504039,0.18942578938785626,-0.3119692918123468,0.8497487072056439
-0.015925589045682198,0.0023813486300933717,-0.002978083882838267,0.016375719567799808,0.04576398804783821,474.0,35.295270947318514,0.3163370995415706,0.07215530361629922,0.1579643334652554,276.0,136.0,-1.0029584916636978,0.013146474908888902,-0.2666320294683083,0.8479780838828384
-0.01679271944302893,-0.00479456305867991,-0.006099459797134665,0.01849828832710751,0.11968667805194855,402.0,18.79668337264355,0.27814023963351864,0.05309840119394944,0.17059703442537233,173.5,123.0,-0.07146257454109806,0.045638926599388036,-0.11432325713966966,0.8510994597971347
-0.024071830441114217,0.00010279645079699917,-0.0038593312583490302,0.024379459092804326,0.17452755570411682,357.5,46.142689300933135,0.36483516288792656,0.09668273588873531,0.15711333937898264,244.75,22.5,2.219977451900956,0.214169065862044,-0.21784407793540853,0.8488593312583491
-0.03137903337716674,0.0009427016945480482,0.005395079621496657,0.03185340337063744,0.17100511491298676,352.0,38.81122667104652,0.36571708361542205,0.09615269538849118,0.17255206962020542,211.0,18.25,-1.4980158498873735,0.2209658241252448,-0.17387178158124755,0.8396049203785034
-0.024496877851471976,0.001472516186478784,-0.0006388721293079103,0.024549409076126186,0.029034459963440895,436.0,40.06331225328734,0.3369999495518746,0.09485119590863351,0.15172010430977934,245.0,32.5,-0.690447824902891,0.17121086084110174,-0.19797195855034697,0.845638872129308
-0.016963013930928986,-0.0006708106803595126,-0.00823107446499094,0.018866489218664958,0.07662542909383774,359.0,41.16523198803145,0.3579430934872682,0.08008742148065107,0.1727164426972766,281.5,109.0,-1.6419847391198281,0.0817889145170219,-0.3426066895894527,0.853231074464991
-0.019185823396631205,0.0005169896792626139,-0.004597138344100804,0.01973567274480369,0.21379733085632324,511.0,36.255488516986894,0.2980991306767787,0.08706062808686456,0.14186066951961107,255.25,69.75,1.9223579567703153,0.0975124878808759,-0.2255456948245801,0.8495971383441009
-0.01942689457280468,0.0008031162373011991,-0.002449580016506969,0.019597185274695828,0.15037739276885986,384.5,33.858580905764505,0.3271071414164125,0.077788091434568,0.17028147901195323,251.25,97.75,2.984068107496246,0.10008460092227331,-0.2346415826607027,0.847449580016507
-0.01546323432769447,-0.005234884658121941,-0.009292712922685298,0.018784838213848725,0.14848420023918152,563.0,11.668529515434054,0.23959827702095832,0.06281737957212027,0.13652446088161052,156.0,106.75,1.2830975098164141,0.010658257926787216,-0.10043396736644175,0.8542927129226854
-0.01759325850454968,-0.0027006500656429344,-0.005677955382371924,0.018683025261160814,0.13675402104854584,382.5,23.74322291838772,0.29640956658589374,0.06483882482412612,0.1727698380468714,205.5,108.25,1.976214109094836,0.0859703701958445,-0.15532429706414697,0.850677955382372
-0.029341454572158532,0.011181424297784459,0.0027420425366169177,0.03151926399854134,0.05782740190625191,290.0,51.065035557976294,0.4543739964548443,0.09982957074176396,0.1790176123553252,292.0,16.0,-1.9759312539654175,0.2365016689465426,-0.3776003333466439,0.8422579574633832
-0.02004946357769312,0.007357068164569436,-0.0004158332536789988,0.021360720002524012,0.24244940280914307,373.5,42.94797188291061,0.3862715337501566,0.08787533720386626,0.1755224804365879,302.5,91.25,-0.5708659024995666,0.10276675115357982,-0.3288333029834167,0.8454158332536791
-0.01832986419657709,-0.0003667972809501818,-0.005947825798530482,0.019274207984763887,0.12961742281913757,391.5,37.86687026637542,0.3365073646736041,0.08233781199289233,0.16620144641165724,266.5,91.25,1.0097410563830962,0.08692084560397582,-0.27603133900727084,0.8509478257985306
-0.023352290593724123,-0.003121540810083756,-0.0040759481882419735,0.023909973789947733,0.11541004478931427,331.5,42.6398872341499,0.34530129880641997,0.09317658938507031,0.16405996670475764,201.5,29.75,-2.2125322668628677,0.20141934861292993,-0.1729112799837638,0.8490759481882421
-0.024257063127674505,0.0027256137388184665,-0.0031410399724784988,0.02461097750886644,0.05923781171441078,344.0,49.32880475796278,0.3842501718549715,0.09701271196267887,0.16123944825941494,272.5,29.0,-1.0421744807221693,0.2085029738589098,-0.2688706594811205,0.8481410399724786
-0.02329934360118735,-0.0004081469631714296,-0.001295143227139528,0.023338881553505116,0.04929663985967636,386.0,36.698847785385524,0.3260707209010549,0.08947100779282237,0.1601963702990129,221.0,48.0,-0.11029465014207629,0.1656289085605458,-0.17562146423210656,0.8462951432271396
-0.024196487146876416,-0.0037615153838886223,0.0008652998743141627,0.02450240257821005,0.2102346569299698,325.0,34.57875305607168,0.339983092758815,0.08892996392183367,0.17526747535095744,178.25,42.0,0.6184797703886037,0.18846954110810027,-0.12384967899475495,0.8441347001256859
-0.01713287416653895,-0.0004250316429455503,-0.005065459975152509,0.01787106359072774,0.1835254728794098,353.5,27.732659038523117,0.33138531740593746,0.06494292853804534,0.18772617261911229,240.25,126.25,-3.0087344792366926,0.058992829810215315,-0.2561029358773315,0.8500654599751526
-0.020696318829464544,-0.0028354880465492616,-0.004212348738755312,0.02131012640623856,0.12977762520313263,374.5,31.084589572976338,0.3071205585332609,0.08009238918385145,0.16418296835332902,204.25,72.5,2.73152304255297,0.13081755254993482,-0.1688317481715182,0.8492123487387554
-0.026633005251795877,0.004853912999775112,0.0005449732963058729,0.027077194020896242,0.12199470400810242,376.5,46.123291466989535,0.3727667081142218,0.0970930339200277,0.15870658713723518,264.5,25.75,0.7167682282117508,0.19570663100711383,-0.2740839545366434,0.8444550267036942
-0.016920383401441023,-0.0032514072815431616,-0.008018474959658795,0.01900439329315482,0.13574786484241486,502.5,23.567579732473003,0.2703511872677138,0.07418124894723505,0.147346872995881,214.75,91.5,-0.1676700973563311,0.06142577178265114,-0.174035341172917,0.8530184749596589
-0.01661028776263075,-0.002712610421759437,-0.009807164831932447,0.019479229884631768,0.12760944664478302,462.0,32.42107661540665,0.29216613934730123,0.07635432697099852,0.1505961930751697,244.0,98.25,1.8727335938876428,0.06076723291881781,-0.2375444152064769,0.8548071648319325
-0.028096912294575976,-0.0012097422768003463,0.0028748917585441625,0.028269505823213782,0.04329616203904152,302.0,36.93502532244984,0.36128161102419454,0.0908190544641286,0.18015897017461302,195.5,37.5,1.8806153120127103,0.21325091008801217,-0.17765988243118166,0.8421251082414559
-0.01667269166859444,0.0021178445478137187,-0.00029463067278379107,0.016809245082336915,0.12932050228118896,458.0,24.080915640242022,0.3031940670616333,0.06778941170582842,0.16420356094459387,247.0,123.75,-0.2459253738887442,0.032417341142260074,-0.2622457227747853,0.8452946306727839
-0.015894980824198705,-0.0047590128810250515,-0.00566571202396271,0.017532795320252915,0.15025873482227325,429.0,15.09380476628758,0.26872545786940133,0.053587482055766696,0.16149462516878976,162.0,121.5,3.0122577740657492,0.05151053445946537,-0.11243948975565494,0.8506657120239628
-0.021290630515705372,-0.004785791594857675,-0.0032525013008296577,0.0220629443560372,0.11297053843736649,356.0,31.852147862439995,0.3115622329861857,0.08282852999867865,0.16683125509740293,162.25,60.0,1.338513298510375,0.15279991201697496,-0.14019929639483747,0.8482525013008297
-0.023733869775309335,0.0042520752182302335,0.001358079219214381,0.0241499709593716,0.06284236162900925,354.0,38.9976897827135,0.35659483375938866,0.0883902426030014,0.17081236217509344,257.0,63.5,1.8819641189865084,0.14219120597032242,-0.27117606987971615,0.8436419207807857
-0.021113670306975585,-0.0035942308048120264,-0.006106221718250815,0.022270866902353848,0.06519456207752228,387.0,41.25036787901428,0.32999060559710947,0.09434288736148358,0.15224040076644452,200.5,25.0,-0.6311623005179862,0.19092605507796748,-0.14954787727786586,0.8511062217182509
-0.022158685417430407,0.005707192045681597,-0.000763728550922993,0.022894598965136497,0.04590001329779625,385.0,44.434522359750545,0.3671374462018863,0.0915126493089623,0.16259024373220277,287.5,64.5,-2.9186056915433896,0.14138634464330646,-0.30611276979652813,0.8457637285509231
-0.021079938451115277,-0.006084579639858964,-0.0017839418460429135,0.022012913551064918,0.20280121266841888,368.5,28.707300320287338,0.30342769472803716,0.07898148805028814,0.16453853284301512,147.25,70.75,0.6568309580172965,0.13875655580550977,-0.09211530631003494,0.846783941846043
-0.01631967922322683,0.002222470962689571,-0.004738042871387682,0.01713827171508631,0.14038501679897308,426.0,38.343658763537476,0.3443744613956757,0.07688700040519494,0.16879825218236222,287.75,128.0,-0.47383770002506376,0.03589845340529256,-0.28775240732677304,0.8497380428713878
-0.015914344703312724,-0.005643944281916405,-0.004781964852887954,0.017549577266917013,0.04541148617863655,505.0,2.704498729558326,0.2541485524303949,0.04886557938518513,0.15062212198418246,163.5,130.5,1.9450397162822786,0.021689394603763748,-0.10184782339858268,0.849781964852888
-0.022413057724616825,-0.0026505426994482273,-0.003026964096399354,0.022771320664588056,0.21466784179210663,298.0,37.50234558539353,0.3430392923905587,0.0865199968698482,0.17645065332304444,191.0,50.75,3.1110662880502207,0.19241834002216368,-0.21761859978305992,0.8480269640963994
-0.022448095270217544,0.0036522420496771235,-0.0018709414076660824,0.022820084903459773,0.14542840421199799,339.0,42.25890685655607,0.3771235141931367,0.0894019676671249,0.17459018982660612,275.0,68.25,0.44728171872915434,0.15351612330588715,-0.27138097065678646,0.8468709414076662
-0.02106045292482571,0.005086370781407834,0.0005990108177014175,0.02167423952724714,0.11434947699308395,337.5,38.19384274287047,0.3781353817867385,0.0817080525502485,0.18740061226461735,279.25,101.5,0.44896091604507715,0.12848467017795354,-0.2826989726154845,0.8444009891822987
-0.027228539311841826,0.010333357038532498,0.0023359851938531406,0.029216920569563896,0.127597376704216,291.0,50.31130308899982,0.43858724283537043,0.09704540555349066,0.17819482355406568,296.0,36.75,0.5190609789093056,0.21317016026461938,-0.3605874723607652,0.8426640148061469
-0.02224255870785108,0.003394156430655826,-0.0028002482358748804,0.022673621367802817,0.24739952385425568,326.5,46.759415595930946,0.39027009843875565,0.09129958332853853,0.17212387943167917,287.5,65.25,-0.9476181692228386,0.17009401178758132,-0.2930373592568532,0.847800248235875
-0.01850121204887209,-0.0004395791899850787,-0.005277087794663737,0.019244109039760367,0.17512448132038116,411.5,35.00940656696873,0.3153993329431654,0.0821156438438328,0.16376936904976336,245.75,81.5,-2.1980354630170185,0.09532275802619337,-0.2324073816397307,0.8502770877946638
-0.01405478798959185,-0.004075624061537303,0.00064614222731596,0.014648046856194787,0.23546922206878662,396.0,7.989031877985263,0.29756044953699023,0.028034629663539385,0.19223572003396083,171.25,164.25,-2.6892433956274413,0.002081478118520384,-0.11823982762848745,0.8443538577726841
-0.032955866507167836,0.009974394255084229,0.006278878850428882,0.03500002853730961,0.04319698363542557,290.0,46.367132157422816,0.4267121219315322,0.0974972003236902,0.17930111431754925,265.5,23.0,-1.0836280356499162,0.2457399969017982,-0.3018437694658244,0.8387211211495712
-0.015879277235921994,-0.0028210935278976945,0.00020781035553363303,0.016129265307889374,0.0992882028222084,429.0,14.215134832224484,0.28383764463907274,0.04900449255165928,0.1739203711533922,200.75,137.75,0.07551903063847865,0.01106237552612801,-0.16780289912607732,0.8447921896444665
-0.027508659985694878,0.006486803279929121,0.0004839226827680898,0.028267280947483563,0.21423426270484924,322.0,48.88577959125218,0.4143737123425722,0.09854209933078764,0.16911990408286992,277.0,20.25,1.9018219738703355,0.21902390673686856,-0.3338802978298878,0.844516077317232
-0.017261901692934407,0.0011328099080932241,-0.0055526861173851305,0.018168346965604976,0.17590603232383728,422.0,38.96001605403201,0.331432526129078,0.0777540938086734,0.16247889156424444,279.25,117.0,0.4910469702868015,0.034779425120124864,-0.30689573731165326,0.8505526861173852
-0.01675829591019746,0.00047460034543192475,-0.004115473880680787,0.017262759123737745,0.07707137614488602,416.5,32.17463952535751,0.3259276244393422,0.07306274201227075,0.1732564364251784,262.5,119.75,0.8661144122271831,0.04479280321100663,-0.25008220075123794,0.8491154738806809
-0.0264591878093568,-0.0030504326831268247,0.0023231993188999045,0.02673557581501548,0.19721299409866333,291.5,33.206986001944124,0.34801895551882134,0.08472334396816973,0.184270688522724,182.25,55.25,-1.2139485345589787,0.19719954177316432,-0.13649420433738282,0.8426768006811002
-0.017981687305765034,-0.004887107931070209,0.003515242856171774,0.018962643134070402,0.20030686259269714,362.5,6.577413901672392,0.2978406823280788,0.05365411646392597,0.1873379898733788,167.25,120.75,-1.3163991183392407,0.06679429199502146,-0.10433882075394894,0.8414847571438283
-0.01673756140024324,-0.005442014434161174,-0.009891363383583207,0.020189119651798135,0.09084968268871307,497.0,21.79751865098485,0.26021945873593183,0.07310140000387143,0.1437257600568249,154.0,85.5,0.8642790865068779,0.0797091064523618,-0.08860042814849584,0.8548913633835833
-0.020210397155764392,-0.004383766130711897,-0.008260128678460266,0.02226897582887969,0.15637502074241638,381.0,43.97031151512063,0.33280367199253186,0.09608014818810302,0.14867387098838136,189.75,16.0,0.9235061122435965,0.20433474881053978,-0.13086868428718493,0.8532601286784604
-0.015567952021770713,-0.006195539454183399,-0.0054191783739846455,0.01761003502351886,0.24593736231327057,435.5,11.31421653054684,0.2699653030157754,0.04693345710386423,0.1656997948347807,151.5,133.75,-1.512565189896428,0.020694988891255546,-0.09208411066326401,0.8504191783739847
-0.019404681930600548,-0.0019328175320371954,-0.003107606726689305,0.01974676388696868,0.305223286151886,449.5,26.74403932859672,0.2785229869897637,0.07401309780935283,0.15298683597098128,207.25,89.0,-0.4480168117489682,0.07706668827844752,-0.18529755400535383,0.8481076067266894
-0.020206464343817232,-0.004621711514029098,-0.00604982792393971,0.02159309696421861,0.056125812232494354,414.0,34.466959269630884,0.3046747470348513,0.08922490799581327,0.15355530379414217,172.0,42.0,0.41647282976483985,0.1537339612104554,-0.12715280479131058,0.8510498279239398
-0.020412108184921895,-0.0015829939439512553,-0.007425135895378965,0.021778261488107516,0.11585429310798645,430.0,43.17275140254232,0.33435943277536945,0.09498542994869277,0.14198469505987243,248.25,32.0,-0.00492685734463052,0.1774655139646597,-0.22976460221719233,0.852425135895379
-0.024496364045089702,-0.002830429077440355,-0.0010790720946387555,0.024682941007453132,0.2464335858821869,341.5,39.16640304819248,0.3361165682596114,0.09115851388848949,0.16337551049152654,192.25,36.25,2.490819573422883,0.19979524976955748,-0.1462527501461923,0.8460790720946388
-0.023049725012782102,-0.005681414466469831,-0.0009562933625157921,0.02375884657343191,0.05765166133642197,330.0,31.968297098642417,0.3268974108357312,0.0842773525615988,0.17323408096457082,159.0,56.0,-1.0144694206763474,0.17138999835564886,-0.10112203666318248,0.8459562933625159
-0.020633482549493196,0.0017857213947763961,-0.0029297478922034603,0.020916807254738306,0.3221900761127472,423.0,37.88876289208068,0.32740948149647225,0.08920760831257563,0.1559297348165255,252.25,58.25,2.883886325523509,0.11223065108387163,-0.28351479116675177,0.8479297478922035
-0.025027471083967856,-0.006536028974502159,0.007565219164420656,0.02695044572210442,0.2060699760913849,325.0,15.727340372896041,0.3304442003590301,0.07746519906057657,0.18967668496011048,148.5,73.5,0.42219325596313634,0.1584708299743339,-0.08207460246822033,0.8374347808355794
-0.02483159848093941,0.0030753018815390942,-0.00024069132500903478,0.02502246384941189,0.05763853341341019,305.0,42.11513776429771,0.37066483268931005,0.09006696481496235,0.1726950582529324,245.5,52.0,-1.6148581016484314,0.18927636407669768,-0.26679892827279156,0.8452406913250091
-0.03248758329177165,0.01610788226764126,0.008199722108984009,0.03717717555103606,0.0695495754480362,246.0,49.80098329072846,0.46336756179072197,0.09568953500070727,0.1969722676254101,291.5,43.0,1.247187791415633,0.23160143745215359,-0.3720733784066544,0.8368002778910161
-0.018886601172697026,-0.004392976243504126,-0.004620881754884731,0.019933752590145664,0.1353258639574051,391.5,21.063421971925933,0.29055702871406547,0.07138812836561678,0.16655281636225394,172.5,87.75,1.986439406363162,0.09615177559666575,-0.1294079113633802,0.8496208817548848
-0.02069131043243974,-0.0015420815630307616,-0.003004285889603553,0.020965068010028017,0.042502790689468384,416.0,30.806898294579256,0.3063590081068346,0.0846722566378391,0.1575185552844024,213.5,62.0,-0.6459129087356205,0.1365717301791868,-0.1774837026815775,0.8480042858896036
-0.019654086100007434,-0.006525779022671416,-0.005827571269895082,0.02151347203928158,0.18083368241786957,387.5,30.526584370840713,0.2984966334130387,0.0813683576909243,0.16211724434431019,147.75,65.25,-0.41529573589243085,0.13577600557788297,-0.08176778712973169,0.8508275712698952
-0.02249313556620139,0.004027379223242755,-0.000798598204924339,0.022864791494790187,0.08118999749422073,398.0,42.2636393519082,0.34885312167519994,0.09075038351222857,0.1577559622077126,271.0,60.0,3.054521147719856,0.13573154821978037,-0.2878330559289877,0.8457985982049244
-0.0188370718343103,-0.005414919042682695,-0.008526076545164463,0.02137406383409055,0.0872785896062851,327.0,34.41762563987492,0.3206607408531711,0.08295243017924417,0.16802972685508089,163.5,59.5,-0.12461058467654301,0.17498624345522804,-0.1119949349246399,0.8535260765451645
-0.020180489575691185,-0.00010599707398648017,-0.004763763360807305,0.02073540055682659,0.21675318479537964,416.0,36.28893354494027,0.3237237627903448,0.08797923776540512,0.1596788941427182,244.75,61.25,-1.260392746887956,0.12914183988660163,-0.22704577846856636,0.8497637633608074
-0.02762733654579949,-0.006024351700792144,0.0015176917227224251,0.028317237262750854,0.06589927524328232,285.0,40.430201510169326,0.3598987769803986,0.09114884743632894,0.17818061236806726,158.5,34.0,-1.9224061520743396,0.2235970437884505,-0.07940735730190114,0.8434823082772777
-0.02624377769522404,-0.0021472219763808698,0.0048523559608301126,0.026774834981803254,0.21036724746227264,354.0,29.645026020024844,0.3201765304941171,0.08407248217068909,0.1706186899950306,181.75,57.75,-2.4395590235015194,0.16315323044675806,-0.13991446604541036,0.84014764403917
-0.026218746205230598,0.005709403432210991,0.0008379724430473967,0.026846268603687613,0.2063421905040741,276.0,47.24956950082936,0.4112478547478387,0.0950002725155688,0.1836673726182566,262.0,35.25,0.05777325666692667,0.20928236952253773,-0.35173441664519495,0.8441620275569527
-0.028198439185808666,-0.002570830986184547,0.0006609738966045775,0.028323100659484103,0.2960522472858429,327.0,43.13508812596188,0.35815613310024835,0.09537915166341338,0.16283125200121773,197.5,19.5,2.457638684770206,0.23143614963676273,-0.12740911469198543,0.8443390261033955
-0.026935966596106947,0.006985601214755166,0.0009088201058535805,0.02784189064670325,0.05744587630033493,326.0,48.570977684759555,0.3960699952602156,0.0951302004713645,0.16441570692208163,283.0,43.5,-2.6598816306710633,0.20496880059431954,-0.301515418600217,0.8440911798941465
-0.021343518219599567,0.0031423508136762535,-0.004378978579627324,0.02201353202072365,0.147037535905838,417.0,47.00579600781124,0.36549220177557323,0.09620718120085676,0.1546292142808764,287.25,39.0,0.3646630149407538,0.15033917508688557,-0.31380154262301946,0.8493789785796274
-0.028624811526372057,0.004367690031864435,0.0032003672109065517,0.029132437272212847,0.027005398645997047,372.0,40.13765184671922,0.3629912522731585,0.09558844247346225,0.16402003060860082,237.5,26.0,-0.5824295816486328,0.20341400096274398,-0.24302283643133912,0.8417996327890935
-0.019647921756280565,-0.0020746595826187653,-0.000481707310577173,0.01976302314064674,0.18653535842895508,430.5,22.412934905371078,0.285985490751923,0.07314916618370562,0.16077502942499244,202.5,89.75,1.5775095866105746,0.08789311915655665,-0.13899925270663352,0.8454817073105773
-0.01745440714710339,-0.003983761666892571,-0.008544712673892674,0.019837812393377417,0.22160117328166962,435.0,30.374120684964733,0.28641436440851,0.07751441020996656,0.15134513598982935,214.0,82.25,0.0917838671961869,0.10710046266880446,-0.15987136283688572,0.8535447126738928
-0.01530855352329103,-0.005134798268371016,-0.00913676349304704,0.018552585031747174,0.10844456404447556,445.0,15.434195199526235,0.26787076803680815,0.04152820117488935,0.16354938973993594,173.5,143.0,-0.23677776527431732,0.013067855758462135,-0.11817628564440441,0.8541367634930471
-0.016052515463926775,-0.004356766305605997,-0.0034943633022745946,0.016996330199474104,0.0015636852476745844,400.0,5.860280666215276,0.2859833589837005,0.049340524549181794,0.17604019774802182,179.0,130.0,-2.1411989197587484,0.04294801094907555,-0.11494488574207531,0.8484943633022747
-0.023115144625670686,-0.0059834044817994175,0.0037551244825895225,0.024170477863257753,0.12216217070817947,380.0,23.043487461458856,0.30512052988358995,0.08076109366572622,0.17048490767081692,158.0,65.75,2.249709306477718,0.13058050342184568,-0.0900750678309777,0.8412448755174106
-0.01993289156788426,-0.00015914506823153096,-0.004040855105485797,0.020338977442175027,0.17385251820087433,402.0,34.552432186717084,0.3149457815889197,0.08201710391137476,0.1597695447673383,239.25,78.75,-1.2694146215804547,0.11026392787287755,-0.22024428364123277,0.8490408551054859
-0.0209927098432722,-0.004024912390861585,-0.006907254149584929,0.022463391244531332,0.06427887827157974,359.0,40.47822128998327,0.33587364182491153,0.0937078459652775,0.15916131547319312,182.5,25.5,1.2214684630550494,0.19845454748974864,-0.1348863081930224,0.851907254149585
-0.022336228908920036,-0.004914577920940549,-0.0022705417582309373,0.022982940584018875,0.19639508426189423,370.0,33.52121027985761,0.31186110132174716,0.08586355005264014,0.1608056304968729,173.0,52.25,-3.1127291691983494,0.16376944769680282,-0.11028197129672412,0.847270541758231
-0.018784235902364013,-0.001586226048138295,-0.0006595798015427423,0.018862626461499384,0.32303908467292786,447.0,19.92527607334091,0.2821499971197862,0.07191635162605874,0.15938872445357466,203.75,92.75,2.962923287033438,0.0690942748396633,-0.17420731369913442,0.8456595798015428
-0.022183709377620514,-0.0012433180994270432,-0.005451761595917537,0.02287759834741865,0.1769104152917862,334.5,43.6048719132772,0.3483373874301899,0.09316373485014612,0.16207961799080273,219.25,32.25,-2.9676331747975055,0.19757281655836584,-0.23661011079349228,0.8504517615959176
-0.02661950268223684,-0.000816517900734115,0.0025904861425636305,0.026757713710006088,0.21026428043842316,280.0,37.14116834597846,0.3633127543025907,0.08660962338656493,0.1887820271196362,210.25,54.25,-1.4021018259681108,0.20310503643720693,-0.16321429926135936,0.8424095138574365
-0.01716377683473766,-0.0010162711318273399,-0.006339495576720533,0.01832531708902528,0.11828513443470001,437.0,30.318261985892512,0.30252300137945964,0.07137432946433671,0.16041270407009955,246.75,114.0,-0.28073932979904215,0.04769519576637263,-0.2339784402989641,0.8513394955767206
-0.01582052490607734,-0.0026794717983620042,-0.007863588024824342,0.017869096061250315,0.1629227250814438,512.0,23.646673470050697,0.2685666565642971,0.06293089130494586,0.14693125703259513,227.75,124.0,-1.3517124556921862,0.01037909983676505,-0.2065385946595872,0.8528635880248244
-0.020830762075436646,-0.002924924592129785,0.001288439588738921,0.02107453223886416,0.12095676362514496,333.5,19.702247694287987,0.31103393052110023,0.06657606483496908,0.18504912135758345,179.75,97.5,3.0493772180584116,0.11697050842534519,-0.1481873213499272,0.8437115604112612
-0.020118764263416966,0.00011078712961232196,-0.005165352990883609,0.020771562791361213,0.18417035043239594,408.0,39.059258673781834,0.3203050595967034,0.08632066719512967,0.15459503728102897,249.75,68.75,-0.7490420764512273,0.12229038616570893,-0.25073519215652046,0.8501653529908837
-0.01750723532015852,0.0011024472898093773,0.0014693217379324608,0.017603340164632816,0.13880884647369385,462.5,18.988313682920367,0.28975434884065,0.06601263171690015,0.16418186605254148,229.75,118.5,0.39737742600388115,0.029415322882596392,-0.19101862654935747,0.8435306782620676
-0.01922959015184597,-0.0051584506448431044,-0.0028331621858674882,0.020110036261396527,0.1549506038427353,449.0,19.658642592544666,0.2714634146545328,0.06998881715074991,0.15429960190836656,163.75,91.0,-1.9265090354219234,0.07274678386557144,-0.10033609465191787,0.8478331621858676
-0.01731183761525916,-0.0050826776967964615,-0.008177787332043773,0.019809329615985236,0.10855600982904434,421.0,25.14612011343106,0.2748699595537704,0.06844780070025074,0.1579721771010416,175.0,94.75,-2.4454083524999812,0.07402250869330942,-0.11748613300346478,0.8531777873320439
-0.021027956022635852,-0.0025675031873376164,-0.006851168997669244,0.022264445282591715,0.09256133437156677,345.0,42.79598556374574,0.340867715081688,0.09261991779419464,0.15793192698801262,214.75,34.0,-3.0129906565690936,0.19209801038361457,-0.21168137970302295,0.8518511689976693
-0.01573587933839138,-0.005174417395539296,-0.005631954143397677,0.017496039592119313,0.18585214018821716,445.0,13.142401093692104,0.2718193297096373,0.03905738724772701,0.1688581754245655,167.0,146.5,-1.4717539996914357,0.0015260871996164854,-0.10441908310052721,0.8506319541433978
-0.0193745183742407,0.004149443973297029,-0.002123506046303847,0.019927346171781393,0.06657782196998596,455.0,38.57237419985625,0.33678283415165705,0.08694182696755533,0.16005622063878222,283.0,83.5,-0.4167391772664625,0.08966426026084644,-0.27856989046815767,0.8471235060463039
-0.0210969044691479,0.0043226817366208425,0.0046058502495587295,0.022022234493752634,0.17721772193908691,363.0,29.12443784710138,0.3303945485054588,0.07521506129895358,0.1797881070564339,240.75,99.0,0.9255073958594849,0.10069174275465496,-0.2474981435148915,0.8403941497504414
-0.02035652014945233,-0.004085249294817683,-0.0037233248999981594,0.02109360857479851,0.11341150104999542,392.0,30.58933315323922,0.2963661470679681,0.08080171366226813,0.1566835445164122,180.0,66.75,-2.065565725535217,0.12874608274803112,-0.10743686195979277,0.8487233248999982
-0.017218780840720094,-0.000801940639371973,-0.005812473047035471,0.018191051793459867,0.20466887950897217,457.5,31.52852791462601,0.2928430591933519,0.07418743282551016,0.15299239190479363,244.25,104.75,-2.5173429205269784,0.05745377642774198,-0.23801579823158875,0.8508124730470356
-0.025512424897138786,-0.004962872833953733,-0.002140511180853455,0.026078644884531512,0.06353653967380524,311.0,41.77323379568606,0.3574119899617516,0.09391911842537781,0.16681220049903345,177.5,24.0,2.042448715500409,0.2314990869243368,-0.09656517620064924,0.8471405111808535
-0.019091003644077675,-0.004655557834863794,-0.008197426738917546,0.02129174591319061,0.11456617712974548,317.0,35.63510190744822,0.32702894481970685,0.08389490468344166,0.1683682485241368,178.0,57.25,0.49871699674227044,0.1806168938653278,-0.1367754898725005,0.8531974267389176
-0.01902384079419636,0.0022237613143663015,-0.005102635671850875,0.019821415785605395,0.13338761031627655,310.5,44.58317058274833,0.3893476165057515,0.08436947270441911,0.18625765783510373,287.75,96.5,1.8481005264580597,0.12926554602655813,-0.3154434778893958,0.850102635671851
-0.015540424101610894,-0.003917649715448029,-0.007512957105385798,0.01770020579027955,0.11390998214483261,468.0,18.034517098051015,0.2689133916969861,0.04427289975909472,0.15991042287737922,197.0,146.0,-1.4801694218355173,0.008801025129571951,-0.15162629319989207,0.8525129571053859
-0.018877173777214262,-0.005091351033034458,-0.004279374858684903,0.020014559558927877,0.16440990567207336,401.0,20.883921310215904,0.28802188598580775,0.07214074946687014,0.16337738399679258,162.75,86.0,2.7157438407853305,0.1104115444598504,-0.09106757028200729,0.849279374858685
-0.020352083015725747,-0.0012522989259273198,-0.007173589208311459,0.021615640582885204,0.07914099842309952,312.0,46.3697805877424,0.36424969853391703,0.09285182786104139,0.16466906369683798,243.0,40.0,-0.7457707804654266,0.18693201796917905,-0.2555209895128721,0.8521735892083115
-0.02053972166449894,-0.0006728930675187761,-0.003988466923848466,0.020934202147157056,0.23535963892936707,377.5,36.099115854057686,0.33122892620137245,0.08759261129111896,0.16536023306581948,233.25,57.25,-0.5975631885328929,0.13430432810633589,-0.24773684368321794,0.8489884669238486
-0.02586093717531429,0.0036301715671978596,-0.00011552071362719296,0.026114738410103238,0.16724459826946259,306.5,45.35830289508999,0.3909087783265197,0.09481485829287746,0.1741951258011406,254.75,34.5,0.579577054877107,0.2115412758471159,-0.270057757391943,0.8451155207136273
-0.026935204689378323,-0.00029555812314055463,0.00018109825062562201,0.02693743497141556,0.2818557024002075,307.0,42.27734205944082,0.3764259965597552,0.09526139772958375,0.17696221318287286,213.25,22.25,0.29282553899057717,0.22837497861708023,-0.18665834983798857,0.8448189017493745
-0.015403918019337454,-0.0003719996142765025,0.002477001219056918,0.015606236224621888,0.14815644919872284,393.0,14.304058786542644,0.30140182996634046,0.044617777829677345,0.1870055087187411,206.0,149.75,1.964855747723115,0.016037572303656853,-0.17939785950180148,0.8425229987809432
-0.02176874305017082,-0.0012224843694728094,-0.004230753562205258,0.022209725746214836,0.18416745960712433,343.0,39.7597682809543,0.33884356427679563,0.08850091042070389,0.1676713248348619,227.75,53.25,-2.855812066815957,0.1789295620673899,-0.1794858828598003,0.8492307535622053
-0.02244361972218578,0.005868172887548484,-0.002242992646654396,0.023306276735789253,0.11039142310619354,324.0,48.31678607845927,0.4125343891224654,0.09314923796972624,0.17424852799805812,303.0,63.75,0.939465294596224,0.17526070918159675,-0.3373429118412103,0.8472429926466545
-0.01870124517779395,0.003621419876429388,0.0045262636280689605,0.01957902744142669,0.2491651028394699,378.0,24.659284155642794,0.3160526946588505,0.06925883298508456,0.17926136812131765,231.25,109.0,1.7694288472880821,0.05181543741019104,-0.26622733079208166,0.8404737363719311
-0.023835995945579086,0.009694945476840744,0.0027120350572893415,0.02587473293907676,0.08595693856477737,305.0,44.846701016135654,0.40079549435062994,0.08934371810326314,0.18124600200900554,285.5,73.0,2.6835450976598607,0.15800390205868375,-0.3473752020884359,0.8422879649427107
-0.02482260409785142,-0.0021554033256832306,-0.002314489412499454,0.025023275144065545,0.04219697415828705,396.0,39.86416411145234,0.33842507656425347,0.09550186505449407,0.15564675433931852,208.0,21.0,-2.6323447473132395,0.18967585679053253,-0.15697097410763156,0.8473144894124995
-0.015695892495714583,0.0011455275332598047,-0.0068241128044952415,0.01715347749393579,0.24275775253772736,492.0,39.36646439809672,0.33187505238681403,0.07882847842261327,0.1557111214203012,297.75,129.75,-1.0490121466186666,0.020709595241099957,-0.29574930986120285,0.8518241128044953
-0.01927520689770866,-0.004294337986076424,-0.0055813599661433955,0.020521367370616477,0.19226165115833282,417.0,26.893265666203153,0.28999017782666553,0.07978458448957777,0.15782764006495664,181.75,69.75,2.7385629473312365,0.12065490736205453,-0.13807063966490055,0.8505813599661435
-0.016178950683274892,-0.0023811949619259865,-0.0041963055179597974,0.016883054067869434,0.11062777787446976,452.0,17.435079891963063,0.2804276897351446,0.05428068138716502,0.1640815057544731,211.5,133.5,-0.5605007785103929,0.03039666409894691,-0.17217443205952712,0.8491963055179599
-0.02180605165919297,-0.0014201541751034386,-0.002070917925748317,0.021950157810358494,0.14528989791870117,363.0,32.98251172177996,0.315761089070694,0.08270573302467596,0.1658467059485641,207.75,66.0,2.536422306557062,0.14263871959327762,-0.17058395319997946,0.8470709179257484
-0.026115078383224327,0.0016306737577991282,0.002093121908176232,0.026249525237398343,0.2234068065881729,284.0,39.35056127105541,0.36619665108201266,0.0883383377150606,0.1833258802684461,219.0,50.25,-1.8125696214218245,0.1974384978480336,-0.22756940195920553,0.8429068780918239
-0.018942325619956665,-0.0005881752922000105,-0.0016603263618781838,0.01902404619671559,0.09807214140892029,413.5,26.073339088212048,0.29963206369955,0.07064766959965214,0.16597025803503984,226.5,104.75,-0.6084091832645558,0.07712420462126193,-0.1783507928526757,0.8466603263618783
-0.016185721946759442,0.0004951907406563483,-0.007083541711877528,0.01767482311060993,0.05902270972728729,528.0,39.923278856144506,0.3184038953599975,0.08003750675222503,0.1449358029613892,297.0,124.0,1.575985940751612,0.03574877516120976,-0.2885457229924319,0.8520835417118776
-0.020527701060886777,-0.0034650467554832587,-0.005705068785455625,0.021585663522569725,0.2356031984090805,484.0,33.28963881720165,0.29465348964980254,0.090619265906774,0.14612964491371738,201.25,40.75,1.5878210409413536,0.13454488629417993,-0.1513930041759309,0.8507050687854557
-0.01833537935490054,-0.0022578969628490597,-0.007221665679675526,0.01983523859125368,0.06362347304821014,518.0,32.016541679686,0.28163627358907106,0.08554332869976004,0.14153796112918382,227.0,64.0,-2.8793305029351277,0.08900900921402795,-0.21517984096423357,0.8522216656796756
-0.02068847166052032,-0.0024590171693587293,-0.0040934466308226725,0.021232426389999493,0.09682104736566544,323.0,33.98491353481795,0.3226370799157301,0.07966509904116158,0.17414818407254662,200.5,72.0,1.4693748379907823,0.14034067530049488,-0.19832128848027183,0.8490934466308228
-0.02072744081896906,8.823338635846611e-05,-0.003148751333492239,0.020965429234683038,0.19136759638786316,451.5,35.126805689260586,0.3063230238698825,0.08665753552576433,0.15138244788179522,238.25,63.75,1.0394777263784272,0.12423547574020531,-0.19913404875436133,0.8481487513334923
-0.023186059033973472,-0.00349124262387171,-0.0034688723635141194,0.02370264086678937,0.1770073026418686,244.5,40.95070294363838,0.3731375160847494,0.08699974842675899,0.19056762965214202,194.75,49.75,0.644943184793234,0.22331304888174813,-0.14038740070660483,0.8484688723635142
-0.016737574253196774,-0.0028405447133931505,-0.003694719734102625,0.017374292505412375,0.11289550364017487,423.5,14.242982433414243,0.2835273700561114,0.05365902592850352,0.17144079636165876,200.5,129.25,0.8493570936884683,0.032670826513292936,-0.16715985316791668,0.8486947197341027
-0.02012612754731327,-0.003074629953011332,-0.007273675310786931,0.02161991470671029,0.21513746678829193,423.5,39.71184460472677,0.31964439177990484,0.09429465260146933,0.14771602868957523,204.5,26.25,-0.5280396961953526,0.17323066053760372,-0.15896438662312176,0.852273675310787
-0.01580629078526189,-0.00022636533189060448,0.004326464968865018,0.016389276029726056,0.08329494297504425,421.0,9.793530428288483,0.29592520517736376,0.0516853811779363,0.17997006160655216,212.5,139.0,0.5336355470453218,0.023005782724473574,-0.18214797994524545,0.8406735350311351
-0.021733255906861995,0.0059587603028703195,0.004328989219245516,0.022947361162463948,0.22790266573429108,392.5,32.24658081875064,0.3337198128944238,0.08032488630090798,0.17225167241028394,255.75,92.5,1.9920990397710208,0.10962657739724709,-0.24943958772087163,0.8406710107807546
-0.029094695980339813,0.000728527230563325,0.004544020833397333,0.029456412059998462,0.07740350812673569,259.0,41.65468826802105,0.3691920591604976,0.08824371289558436,0.18696236617343354,204.5,47.5,0.33871231228321885,0.2231442486558983,-0.17657628312212417,0.8404559791666028
-0.017663995535173393,-0.0022242571403301714,-0.0033721030919100503,0.01812002034644014,0.10811178386211395,475.5,20.72493737464277,0.27132041938015655,0.06596442140979165,0.1517964053919333,207.25,107.5,1.4826187007036795,0.06183321991238652,-0.15811970337878622,0.8483721030919101
-0.022601741246887574,0.001520556346521984,-0.004748284701570293,0.0231451292198029,0.19657498598098755,354.5,46.97002932568637,0.38021806748449305,0.09745426871719798,0.1602976855049264,261.5,22.75,-0.28483280527178356,0.20848849726989052,-0.28243172118851395,0.8497482847015704
-0.024346896776074295,0.0042399028298667485,-0.0025069519265108475,0.02484014828042227,0.19252826273441315,312.0,48.622449495462995,0.42012538962853146,0.09698829458054342,0.17278252132253236,286.75,34.0,0.8300996088631221,0.22540768876162215,-0.30784849352735766,0.8475069519265109
-0.021227457901547175,-0.0007272729533262801,-0.004539083538120936,0.02171951137287941,0.19012229144573212,308.0,40.00694251534136,0.3605568628482501,0.08812688226395514,0.17907738216639701,236.25,56.75,-2.8868688099638473,0.18426992558483668,-0.22221888709798163,0.849539083538121
-0.023332749647703654,-0.005126103248150396,0.0016546244767967622,0.02394643862440359,0.1644538938999176,409.5,24.80825207604228,0.2953796079236428,0.08069722107277458,0.16045811105273067,167.25,66.5,2.868535703875492,0.13214272130677454,-0.09725805172988523,0.8433453755232033
-0.02245265885663475,0.002161810686948651,-0.003309525720026407,0.022797988412799508,0.05505925044417381,341.0,44.314952713185846,0.36629659082721716,0.0935299380449036,0.16389636355791037,254.0,40.5,1.516913612151787,0.18633142533979707,-0.2832161754162704,0.8483095257200265
-0.015161403749551819,-0.005780885353958418,-0.004819458988566838,0.016926723961682974,0.16173887252807617,496.5,14.019055633623474,0.25509325520395976,0.044715903177429156,0.15243015508965174,150.5,138.75,2.3442222541992193,0.007333720248525721,-0.09734664392170227,0.8498194589885669
-0.016965293752513592,-0.0006820562043486078,-0.004234173834063215,0.01749898913743399,0.07223401963710785,462.0,27.11254086291375,0.2817157796440233,0.06657154754486261,0.15626644265510292,230.0,117.0,2.1741355656065084,0.03901229565520308,-0.20781437380385667,0.8492341738340633
-0.01647437205343348,-0.005426175762695953,-0.012154616304880461,0.021179778456855612,0.08749891817569733,609.0,31.59056386546601,0.24565785274074162,0.08412892868464183,0.12572119873437548,139.25,61.0,1.781614106524938,0.07119476562307982,-0.10784571376270803,0.8571546163048805
-0.022443467970814424,0.0020575050521568494,-0.00214118794414353,0.022639065073645808,0.0441569909453392,426.0,39.00989367397811,0.33221056317026043,0.0923688298922635,0.153039143921481,247.0,44.0,-1.4978045886090317,0.1497776428023852,-0.24693460281399168,0.8471411879441436
-0.015154401093264748,0.007918692441992892,0.008115717732780081,0.01892687076102598,0.07452844828367233,360.0,25.474534059012644,0.3614797577163003,0.059919240176801676,0.20703070809641955,257.5,158.0,2.1284784881198147,0.024100498208347886,-0.29362997382725714,0.83688428226722
-0.02693431716736605,0.009453874538224827,0.0011998041762401046,0.028570486784758996,0.054967958480119705,300.0,50.24166639292385,0.44079906095135163,0.09681510442895051,0.1743530839638492,304.0,42.0,-1.3007344816134894,0.2271139267124665,-0.3524371649038576,0.84380019582376
-0.015144644579349347,-0.002332193675770866,-0.0033751348469500675,0.0156904723323174,0.06797686219215393,480.0,17.394522206187812,0.27172269684078787,0.04732620615996368,0.15980711314227336,207.25,146.0,-1.476373462251627,0.0037051426528693938,-0.16665043012167596,0.8483751348469502
-0.0177338796818661,-0.0015991294298656755,-0.006101854685224062,0.018822336042690253,0.24260689318180084,412.5,30.943744320214098,0.3021579291384685,0.0772968916234002,0.15920941473286232,230.75,88.5,0.012026583827609372,0.08106634627864667,-0.23879810889717984,0.8511018546852241
-0.020765031564170144,0.003889326365228457,0.004718841953554875,0.02164672873250998,0.22683744132518768,399.0,25.853331841356482,0.3178633163444715,0.07637548011877207,0.17484714214714636,237.25,94.25,-2.182672976375759,0.07762103863326499,-0.23760312213462811,0.8402811580464452
-0.015891181799958607,-0.005137722440592865,-0.009524054037703289,0.01922585384811295,0.12835951149463654,473.0,14.094713907695215,0.2596211184798538,0.046860762125907424,0.15616605610905332,166.75,134.0,-1.5235118682336817,0.01455473875158023,-0.08929670743798475,0.8545240540377034
-0.02626060218622575,0.007362129820754404,0.0007098969038874525,0.027282304453528024,0.12483388185501099,306.0,47.66901240995684,0.41534196595134587,0.09627025081330318,0.1752923599642563,279.75,35.0,-1.8826792258537983,0.208356473743244,-0.34577496676888014,0.8442901030961126
-0.02575191742779137,0.008173589331516407,-0.00025236217997859356,0.02701911361310632,0.23360492289066315,316.5,49.76714229308031,0.4209639050994353,0.09700890765497723,0.16748357066176756,294.75,36.75,-1.8323748639956368,0.20498137850442513,-0.34664827420564087,0.8452523621799787
-0.020928918266426177,-0.0008436820790095612,-0.004979437484886828,0.02152965900610331,0.18416298925876617,409.5,41.49510630316679,0.3320005708679228,0.0924122412389688,0.15250116827468518,245.5,43.25,1.4837224558582742,0.16120298650246198,-0.23803233148245953,0.8499794374848869
-0.020120017650374106,9.520816434238633e-06,-0.006548938924275438,0.021159012309916573,0.127332866191864,301.0,42.645694962907584,0.3689721190331737,0.08820166598830992,0.17553080887673456,251.25,61.0,1.6003102108822296,0.17278974519088608,-0.2935574982237828,0.8515489389242755
-0.01882908456374105,-0.005119471938499889,-0.0063702078693024244,0.020526153237655657,0.13409876823425293,446.5,24.557469529467173,0.28086338963135526,0.0794760707291854,0.15394123670144266,160.5,69.75,-2.7205061486194198,0.1089406297081125,-0.11613271130947318,0.8513702078693025
-0.01799265007972875,-0.0017057118657889392,-0.009037656882608602,0.02020703223604146,0.21598006784915924,411.0,41.24962168349197,0.32865688848526325,0.08765406060938699,0.155493826810168,263.25,69.75,2.189192698332923,0.12279919429491386,-0.26810573976787333,0.8540376568826087
-0.022133407723634396,0.005040161489871353,0.00016211016980871573,0.022700600102459324,0.05578523129224777,420.0,39.34715354014719,0.33944130714482756,0.08967501667753852,0.15853184678695253,267.0,63.0,-0.8377200014538246,0.11489877490813523,-0.2845793869975874,0.8448378898301914
-0.019011385104982084,0.0011092625409246382,-0.003885338078164935,0.019436025287498254,0.12207890301942825,439.0,34.28101200666476,0.31199636812618514,0.08088544544485698,0.15753183789135228,255.0,90.25,2.2263039751150506,0.07367986416337668,-0.2536127788935589,0.848885338078165
-0.01661137347531154,-0.0031495541665241267,-0.006518649289113498,0.018120436218220938,0.07917481660842896,354.0,23.682635085648574,0.30705534355939257,0.05403384902350736,0.18592457575274346,209.0,132.0,1.7876592488323317,0.0644307569904779,-0.17491233401883396,0.8515186492891136
-0.019812471695020623,0.0018922979034652065,-0.003289818561425406,0.02017269769238986,0.1924096941947937,469.0,38.28095197890501,0.31737598506893344,0.08795249314791703,0.14994627789349113,265.25,70.0,-2.2913516797850644,0.09721963819462286,-0.24835554922471412,0.8482898185614255
-0.015729212922203147,-0.005516584909352348,-0.007458314991089732,0.018261087336749977,0.16060268878936768,495.5,15.163714441919996,0.2528184100346463,0.0536204770589794,0.14851681673776906,166.75,122.5,-0.18796150052920402,0.010977349453375565,-0.09848236132168468,0.8524583149910898
-0.01697677215552846,-0.000529431274911063,-0.007017473173784428,0.018377595600087743,0.1276664137840271,503.5,33.79251364458162,0.29533977142438944,0.0752863549650119,0.146001248677755,263.25,114.5,1.2727559900173206,0.05040271168618663,-0.22869730554947823,0.8520174731737845
-0.017505984129897095,0.004718928298618502,0.003473215920093864,0.018460525276148155,0.21205703914165497,442.5,28.286933200611006,0.30554686321918917,0.07037101526366604,0.1641466214381183,249.25,118.5,-2.546130436094791,0.04756606242386653,-0.2477413423799307,0.8415267840799062
-0.02541275327180023,0.007823437651646115,-0.0013306732252106324,0.026623014419386845,0.2401798814535141,298.0,51.81742551413015,0.4398235216631405,0.09848167759522582,0.17332274347991317,298.75,28.25,2.79824063031515,0.2084524748451,-0.3828195398976588,0.8463306732252107
-0.018733515090900862,-0.0045532389649405175,-0.005404222961069349,0.02002204281650132,0.07587038725614548,414.0,29.20059344155972,0.2881418538348307,0.07974566408133041,0.15542177795836476,180.0,70.0,-2.6463331795469087,0.10721593842718037,-0.10747166845888866,0.8504042229610694
-0.01855124398077851,-0.006349607087117001,-0.004986136412234332,0.020231849142294096,0.10369741171598434,416.0,24.461528679018087,0.2810851436790359,0.07132541899293056,0.1584629016198108,141.5,89.5,2.0483866153114922,0.09181651855763752,-0.10342681717497175,0.8499861364122344
-0.023693549994520918,-0.0023669616175502894,-0.0022421587148504507,0.02391681614145993,0.11921193450689316,356.0,35.43983417346178,0.3338573716831598,0.0892447120586589,0.16654078634016034,204.75,45.0,0.12503836596185613,0.17613608219245938,-0.15177580581062008,0.8472421587148505
-0.029297573720542425,-0.00038265581581592434,0.0022360031805914726,0.029385267764776467,0.18599064648151398,347.5,42.205398374677976,0.36241587034314315,0.09666401120762178,0.1650156677455742,209.75,15.5,0.652252769340729,0.22394784260477507,-0.1820831650221448,0.8427639968194086
-0.019943791671592298,0.005225670711932751,-0.0019308284058592307,0.020707258605674943,0.1774851381778717,406.0,43.11315146287048,0.35647423404797224,0.08670536121354555,0.16294148847662482,293.75,91.0,-2.32802222152403,0.09840527997852827,-0.30337766407309913,0.8469308284058593
-0.024961349208090927,-0.0072735311988395,0.003728091962244884,0.02626541223867823,0.1460319310426712,375.5,27.684376429917442,0.31202477217498337,0.08334308905806115,0.16722888544061,145.5,59.75,2.6125236345688396,0.15026986058960262,-0.08553205069945538,0.8412719080377552
-0.020777583166541408,0.001277890584895136,-0.004143667940676998,0.021225243239880735,0.07996933907270432,298.0,41.32756706308901,0.38192664882538746,0.08582155207733265,0.18359796035695275,264.5,76.5,0.9274602011294946,0.15883156062188641,-0.28049757864584723,0.8491436679406771
-0.02839613162618343,-0.00507519159172827,0.003226649210934074,0.029026007754334827,0.03492670878767967,342.0,35.13437717795173,0.3458614590935966,0.0922233742161162,0.17011420630981988,161.0,30.5,2.8359427479098676,0.21273705719727365,-0.10576783887149928,0.841773350789066
-0.02607617683468863,0.006244526182416832,2.7591635659351965e-05,0.02681346428299036,0.1097026988863945,380.0,47.605652928385574,0.3909241798311766,0.09627614185647781,0.16272529552443105,295.0,42.25,-0.5017128604646685,0.18842840705643368,-0.2639294191220786,0.8449724083643407
-0.02126813640779074,5.778955603358282e-05,-0.00379971843426119,0.02160497225346158,0.19056788086891174,423.0,37.517836558479225,0.32199792608710454,0.08996884097673646,0.15216838568103785,238.75,50.75,3.1169189207430623,0.1358748151995257,-0.2501464172136056,0.8487997184342613
-0.018914352649902225,0.0020836336446227732,-0.005617488340372234,0.01984062601290809,0.08915848284959793,312.0,45.17747504929115,0.3967590723420702,0.08738962214825724,0.17893723225810088,291.25,85.0,-1.6636818844643078,0.12638092922487287,-0.37946412097636234,0.8506174883403723
-0.023520958761263533,-0.0016474309851075841,-0.003371164902484458,0.023818360201732936,0.12406746298074722,347.0,39.357253532125675,0.3394981397678704,0.09082245914124648,0.16395421429048862,213.25,41.0,1.8927594348371668,0.18599027303293808,-0.17066912187373043,0.8483711649024845
-0.01764692852736678,0.00665813500466006,-0.000751770488650827,0.018876175647039244,0.2085275650024414,373.5,42.17065539490843,0.3752698190468868,0.07950692937152665,0.17955274430280743,298.75,126.5,-0.8756720691217411,0.06757189499600214,-0.3320719905871913,0.8457517704886509
-0.01439442157262988,-0.001856242826866139,-0.0034962568883429856,0.014928791715077622,0.3110182285308838,445.0,16.576664568493836,0.29042023412309814,0.04642042027240141,0.1732154029701286,216.25,154.25,-0.24087537261671152,0.002886092038882628,-0.18679162814343048,0.8484962568883431
-0.020253868756778426,-0.002293437416862193,-0.007989825173642995,0.021893294889240588,0.09317333996295929,303.0,46.8037302333993,0.3730676945875929,0.09375635283142023,0.16827725074065947,242.0,35.5,-0.06953000333803036,0.21417601998247482,-0.22981539840425586,0.8529898251736431
