res_x,res_y,res_z,res_norm,reproj,area_px,obliq_deg,cam_range,gripper_perp,gripper_dz,cx,cy,obj_yaw,det_x,det_y,det_z
-0.021922764062222322,0.002390977349737977,-0.00416842785958027,0.022443265084103773,0.023624489083886147,433.0,45.01024252442018,0.3636769421011545,0.09766794264536285,0.15580134529379697,276.0,26.5,-2.762712408193426,0.16113029140325485,-0.27968039256858607,0.8491684278595804
-0.01977206616475463,0.0005714569448322382,-0.0075087590459222975,0.021157566634018948,0.0622367188334465,382.0,50.193396889848465,0.38638203579747754,0.09809644790275937,0.15335267712747624,291.5,28.5,-1.3281136647386125,0.1768501666721177,-0.32302493956357853,0.8525087590459224
-0.01841273357824752,-0.005016687198992162,-0.009461364461883948,0.021300547545935435,0.09189855307340622,406.0,35.42244329771978,0.2939148135188782,0.0847685036724805,0.14818588370079355,183.0,56.5,0.8669884776081319,0.1383203928937059,-0.11186068075600629,0.854461364461884
-0.01848469925004933,-0.002267345414700278,-0.001131753015511272,0.018657594338029097,0.20652101933956146,471.0,19.960042047843473,0.2707765407878579,0.0670937309189734,0.15441762888283883,202.75,103.75,2.47132571729712,0.05706878223348402,-0.14638794003110261,0.8461317530155114
-0.021020968794601053,0.001257737616921939,0.0018394190851687142,0.021138743944413882,0.07510330528020859,319.0,31.34193491819681,0.3348071904098875,0.07330151684404461,0.1870252049787583,227.5,97.5,-1.10136555633506,0.11958800307640895,-0.21167235055106662,0.8431605809148314
-0.020901584920414745,-0.0049274667564693925,-0.006841521851799537,0.022538025691485726,0.21515387296676636,430.0,39.89750448630882,0.31791160214938624,0.09561158934195617,0.1479478661513861,163.0,17.25,-0.4173971404299027,0.18350253171536152,-0.11049330191736768,0.8518415218517996
-0.025030048630524104,-0.003937544997140663,-0.0022253262910247873,0.025435401945957826,0.2301776111125946,336.0,43.341191644428754,0.34510471796442105,0.09492337645297515,0.1610074470471422,175.25,20.0,-0.5801171757912844,0.21216140504524825,-0.1323000880234261,0.8472253262910249
-0.021324894913206854,-0.0037497344264462718,-0.006042663329352882,0.022479444642608457,0.10898726433515549,318.5,41.82143789884093,0.3457672830490161,0.09174476460632597,0.16705184224633596,197.75,34.5,-1.8752826419029183,0.20373707729188661,-0.16207314337921927,0.851042663329353
-0.020012991138919106,-0.0015414797792526191,-0.007688885606801588,0.0214945327027777,0.19515299797058105,439.0,45.66101316031671,0.3393791408052726,0.09736707960108779,0.14221600453010774,250.0,20.25,-1.4819887332305035,0.17363577195504667,-0.24218468315760897,0.8526888856068017
-0.019762123433900658,0.0004886215416860518,-0.007282702225774762,0.021066988995512147,0.04944213107228279,440.0,49.48018029314712,0.3661763759383251,0.09760011062132279,0.14639951149719865,299.0,35.5,0.6129105584002492,0.14659968887960498,-0.33837879559273354,0.8522827022257748
-0.018452807388792597,-0.00337594883772685,-0.002598765526855562,0.018938234166532023,0.07510145753622055,391.0,21.49250667782862,0.2865671773783969,0.06464695647037877,0.1679845954209157,188.0,103.5,2.8192308258705654,0.08287122355474136,-0.14874978741986825,0.8475987655268556
-0.023289178865188664,-0.0025550634784816395,-0.0023535739667388533,0.02354683656058138,0.04840020090341568,416.0,37.00031115656354,0.3202481976224512,0.09238873947650086,0.15302039600076,207.5,34.5,2.133129420095212,0.16855329297282973,-0.15959518076651408,0.8473535739667389
-0.016246044438829488,-0.006192253666007855,-0.0053494252332842995,0.018190500699516467,0.28268963098526,448.5,9.75163806756268,0.2763012696285143,0.04552876021939339,0.1679617233128774,131.0,142.25,-0.5722093546653784,0.0019401744613366401,-0.09491379712222466,0.8503494252332844
-0.01757296172002487,-0.005134935679175931,-0.0027380092343337603,0.018511435455145837,0.144956573843956,438.0,16.4314578904704,0.2735305846356346,0.06959790247521741,0.1578657249770088,169.25,91.75,2.1915692070395654,0.07490037429277029,-0.10931003003345773,0.8477380092343338
-0.01826261506006288,-0.004041367963455694,-0.0054566031014007255,0.019484103296130866,0.08895663172006607,312.0,25.681605562083952,0.31707880626333534,0.06745278659341337,0.18917818964999678,184.5,96.5,0.09645968093908687,0.12265154916882047,-0.14366235751794693,0.8504566031014008
-0.02380302201177764,-0.0014049441524411344,-0.0030883817637334943,0.024043623414186373,0.04300719499588013,396.0,39.07189223109683,0.33548783832136125,0.0951279267187861,0.1571546269988605,201.5,21.5,-2.54907432024283,0.18105654831832005,-0.20298288134284884,0.8480883817637336
-0.015250945601774075,-0.002889411080681664,0.0009580349348088379,0.015551780254290895,0.13049738109111786,416.0,7.723070575110216,0.2838909742299451,0.045559003441992006,0.17700600962407498,187.75,139.0,1.1920894270473628,0.010565372557264334,-0.15236221333289307,0.8440419650651912
-0.02529872308662995,-0.004160226476262657,-0.0005451861576419859,0.025644299602333935,0.03621220216155052,421.0,36.38277783233543,0.32021384905399125,0.09397570111062577,0.15252990754225582,177.0,24.5,1.499499547864839,0.18852495183328746,-0.11502229471297787,0.8455451861576421
-0.0210586453920871,0.00010197016908938816,-0.0006620317148189336,0.021069295898450937,0.07970596849918365,420.0,32.865473104080785,0.30253867199048834,0.0810627768563001,0.15464784436529178,229.0,78.0,0.8427284582773756,0.1111607565212437,-0.19854629070243604,0.845662031714819
-0.024032848501720327,0.003325752768119028,-0.0020358110162910226,0.024347134637885917,0.05428747460246086,330.0,44.73259250265292,0.38626872269929446,0.09467166149217697,0.17098834540377494,264.0,38.5,-1.9690389069974845,0.20607442270081255,-0.2801950042659665,0.8470358110162911
-0.018780107135433155,-0.0023789072232288655,-0.003185091991352307,0.019196260953332926,0.0009741085232235491,461.0,20.88486643617869,0.2836163555439286,0.07522094140037819,0.1572033858439229,210.5,87.5,1.1292077056301384,0.08267657239642666,-0.15530547526751318,0.8481850919913524
-0.023495316625928478,-0.005819581675497648,0.0034147725402191575,0.024445001651295793,0.25043022632598877,422.5,20.646427812461805,0.29508276412092244,0.08087886446157476,0.16411569902169798,153.75,66.25,2.2594800602239604,0.11654679584579133,-0.08595091144516626,0.8415852274597809
-0.01609186578842378,0.0010160166428178075,0.0019313798931095416,0.016239170627302194,0.18923108279705048,409.5,16.93441480448724,0.3036238529765152,0.053286244672246144,0.18009973651679345,221.25,141.75,2.559177818529479,0.027265027771327346,-0.20092555555948796,0.8430686201068905
-0.016441012369071598,-0.004905829298576511,-0.008644680995311793,0.019212094064350243,0.10449923574924469,483.0,19.303656231846627,0.25607733214061357,0.0576636939557757,0.15131188777059223,175.25,116.25,-0.3336678146597457,0.018926504640756167,-0.12163261195407414,0.8536446809953119
-0.022356740920314394,0.0015107525039724234,-0.005409045162485304,0.023051334175620393,0.1776052713394165,371.5,49.5239852226002,0.38501550136510304,0.0977984857137311,0.15554440636721878,283.5,28.25,0.11137536488029025,0.2023278486149251,-0.26667126400445246,0.8504090451624854
-0.025401348390509504,0.008313321708226296,0.0003161225519778821,0.02672900580546114,0.3403783142566681,355.0,48.60190812069907,0.40390486596434527,0.09597970594148394,0.16391226866113062,301.5,46.5,-2.5408182129994654,0.17884757520175554,-0.33967843768329864,0.8446838774480222
-0.027038085903594827,0.0009977035474257046,-0.0004334853696135177,0.027059959557700526,0.1621396690607071,388.0,43.33153592153349,0.3583829359323171,0.09755359368397812,0.15514425026018597,234.0,15.25,-0.21842830082638787,0.20635876509781484,-0.21727709776283113,0.8454334853696136
-0.016454108383415947,-0.0024538838890405257,-0.004558248666161058,0.017249256787950334,0.20603780448436737,474.5,20.041260942828064,0.2657899914018002,0.06358212423178985,0.15162143809616146,200.75,110.5,0.0876440212294457,0.047495995157942936,-0.15240672352052975,0.8495582486661611
-0.02014593770741266,-0.0019008087210262425,-0.00556774791560799,0.02098741758189029,0.2776249349117279,341.0,38.279030013023444,0.3361258757043555,0.08658634824764863,0.16843373786794513,226.75,59.25,-1.8941551633068998,0.16713801933571187,-0.1881562298701082,0.8505677479156081
-0.015088791704259849,-0.0027476500889101196,-0.004262946915766008,0.015918352066475586,0.07836167514324188,453.0,14.526643115287497,0.2814940060804734,0.04751762593827781,0.16869845645512005,208.0,145.5,-1.767675685156554,0.00594832593338851,-0.1715511094865595,0.8492629469157661
-0.0230040788294876,0.005582822011298227,0.00042246815996827003,0.02367559975479613,0.07190527021884918,296.0,42.30188181572439,0.39894933180965636,0.0878420168526628,0.18885366794623792,276.0,75.0,-0.1964072102507382,0.16572816563917347,-0.3033637235292158,0.8445775318400318
-0.0170248427796265,0.0010677667099137644,-0.003449239697972839,0.017403524123345605,0.1717156320810318,545.5,29.81107501639163,0.27706151666792533,0.07456935803292686,0.1404641569976015,251.75,108.5,2.3454027980836276,0.02507881069334693,-0.23885541815253533,0.8484492396979729
-0.028120759848057675,0.0022336010375119952,0.0018166707241782376,0.028267762567047886,0.06305525451898575,398.0,42.174876736325665,0.352726291641263,0.09721985833333759,0.15750711234942905,229.5,16.0,-1.105032566179337,0.18907194395663057,-0.21931928736171943,0.8431833292758218
-0.018873868063032706,-0.004889085717232539,-0.009121556603016168,0.021525074905171433,0.08820744603872299,354.0,41.191448114207844,0.3206909858788609,0.09024156575384103,0.15723486581236235,184.0,39.0,-1.0006310822016498,0.1782280494336477,-0.12896880975795993,0.8541215566030163
-0.017897020808801074,-0.0007112433280664077,-0.003006740828126464,0.018161765093456645,0.16944915056228638,417.0,25.537446630893143,0.2949184735253741,0.06942265266552816,0.1657862561696929,223.0,105.75,0.2205575612445151,0.05916285592421893,-0.20651813095469226,0.8480067408281265
-0.01629909690049411,-0.00560863591914415,-0.006243398407389522,0.018332958853349467,0.12915946543216705,438.5,18.00847487336031,0.26904721114443264,0.04703981847043702,0.16260994797556327,153.25,133.5,-0.39902737851660575,0.043936617569488634,-0.1014499623491914,0.8512433984073896
-0.021436825980946456,0.0032223975896653045,-0.0021067453294258964,0.021779800968932648,0.03836474195122719,378.0,41.25211037607496,0.360985995572067,0.09051975137986092,0.1666396470334065,273.0,62.0,1.089943671242241,0.1466222689088507,-0.28040372314098483,0.847106745329426
-0.0264836900136452,0.009021688040275533,0.0024019446766019303,0.028081061768821303,0.1563773900270462,336.0,46.09951768640155,0.39798930026557344,0.09535681317186909,0.17055623067811887,281.25,41.0,-1.1024475313271904,0.1842343456978906,-0.35415364754027506,0.8425980553233982
-0.025141253241993483,-9.214534405399544e-05,-0.0019080146870922299,0.02521371899162514,0.08479521423578262,306.0,45.32473100938443,0.37054563508792604,0.0942681586449661,0.1684252218277077,229.0,30.0,-0.12419318691852176,0.22506371652379797,-0.21059837568289802,0.8469080146870923
-0.021628272077504118,-0.005616171198071049,-0.0022690830944874785,0.02246046014832011,0.21119719743728638,399.5,30.217002504260336,0.29625988954916715,0.08237179215091828,0.15814864520924288,151.75,62.25,2.1848511062580536,0.12976587717552412,-0.12464696521098577,0.8472690830944876
-0.016527984299040024,0.011131519870838325,0.008245388930015807,0.0215655150235604,0.07820645719766617,404.0,31.039606447315165,0.3434853693577055,0.0690280366239437,0.18024643455537925,270.0,140.5,-0.2848072863140905,0.03613264082360261,-0.29566586351859053,0.8367546110699843
-0.026487312606852914,-0.005956629126119509,0.00956924128898462,0.02878592604947933,0.14651641249656677,265.5,19.96190082948813,0.3486853814639097,0.06962608042744159,0.20780475842344526,154.75,89.5,0.032590899288078054,0.16231228922462712,-0.09211231196127452,0.8354307587110155
-0.02570897763443533,-0.0017204628173407566,0.0002764892832888277,0.02576796401808885,0.20239709317684174,305.0,38.85791662995163,0.3503648681967602,0.08876136996999885,0.1716720234179454,205.25,46.25,-3.1203292172787793,0.20517804300649783,-0.14261272329859376,0.8447235107167113
-0.024283915591424732,-0.005384077900101744,0.005990718957595065,0.02558486984361449,0.06454402953386307,322.0,24.468141415906757,0.3176991306709512,0.07299934610190492,0.1826822710950764,167.0,83.5,1.4244802664216194,0.1479429432252561,-0.08610607000458008,0.839009281042405
-0.01526049369650263,0.003262779615322009,0.0035210850497222612,0.01599770104129137,0.23127393424510956,418.0,22.4170305480528,0.31451906210899877,0.060100145992649706,0.18219757137455683,241.75,142.0,-0.9799139402076803,0.01233341538272342,-0.2338995639643236,0.8414789149502778
-0.030912478510020547,0.0035251826111669105,0.003039458268920381,0.03126094283036045,0.19852286577224731,314.5,45.64695898843696,0.39564770192451165,0.09755176586529381,0.17229355698469917,243.5,17.25,0.2642200215239193,0.24147325687185,-0.2061825502717013,0.8419605417310797
-0.017034630871432803,0.00751083778836964,-6.445506093433195e-05,0.018617075164054444,0.10656841099262238,468.0,39.669117507662385,0.3454149214347224,0.08281488217524144,0.1601031322930605,301.25,114.0,-1.466683234915794,0.026273105599341824,-0.3284832297000619,0.8450644550609344
-0.017069807703560362,-0.0020762728914867357,-0.004816063906164736,0.017857315467469183,0.10299322009086609,364.0,25.84572454750214,0.30678560346702466,0.059776858812672085,0.18118193914894298,218.0,124.0,-1.5958529710608191,0.05662904096157632,-0.23489173310275188,0.8498160639061648
-0.025423297339565665,0.0011765229913183184,-0.0005547773250594856,0.025456551845162913,0.07302578538656235,288.0,44.31990006485119,0.37337173800794615,0.09231740844218739,0.17330628907887058,229.0,38.0,3.1400438664801142,0.2047705689319851,-0.2425207335770803,0.8455547773250596
-0.01605133666618528,-0.0020712066614227975,-0.008478624312985517,0.01827080666107261,0.2153787612915039,449.5,33.27681214836363,0.3052601338955598,0.07606910755491021,0.1575761588976453,256.25,106.5,-1.237316110519031,0.04530745146134519,-0.2540516471501332,0.8534786243129856
-0.017049069225675534,0.000587267598745389,-0.006726400316309444,0.018337396377612076,0.14976683259010315,455.5,39.94912281398511,0.3298643832697168,0.08481450600008698,0.15610413077051144,284.75,92.5,0.9212446046800107,0.04678784441338395,-0.3099190716842701,0.8517264003163095
-0.02316832888876942,0.002403231529700789,0.0007516433536896017,0.02330476245351326,0.035156283527612686,468.0,35.504053690163175,0.3097929883269753,0.08957461187241804,0.14961252456331064,240.5,54.0,-0.7044475001342616,0.12204417227784041,-0.2078119943695592,0.8442483566463105
-0.024936206607326983,0.002614191268672267,0.0014920279646747359,0.02511721607582878,0.11540437489748001,317.0,39.69151631622199,0.3615138229594878,0.08974501173614229,0.17659345555120431,235.25,50.0,-1.5601278287467484,0.18417738923423388,-0.24373542707304877,0.8435079720353253
-0.021547461992390965,0.002547716460157723,-0.004951865313959303,0.022255447592948677,0.18781499564647675,297.5,50.38123669393977,0.42267346979356935,0.09597558682329417,0.174050315489649,292.75,42.5,0.6980832828337864,0.20988039083948878,-0.32677987960857185,0.8499518653139594
-0.027218255340147435,-0.0010975871647448399,-0.0007551584874645467,0.02725084192620233,0.13626596331596375,337.5,42.05804086915985,0.36669895996474766,0.09657070173092396,0.16568724785253675,207.5,15.25,-2.348356974274607,0.23238008408625793,-0.1821382137529687,0.8457551584874646
-0.019563946647801755,0.0015142591364231683,-0.005770733490131352,0.020453419131881062,0.12288501113653183,333.0,44.87998471563709,0.38035568023709626,0.09015076546127765,0.1735777977953218,281.25,67.0,3.1116242277298825,0.1549823216696805,-0.32465568010629886,0.8507707334901314
-0.019340046596905566,0.005222475997425091,-0.0005718325255269496,0.020040924388645607,0.21643248200416565,410.0,37.250079990814584,0.34915060962090816,0.08272743576825596,0.16755636140426122,282.0,99.75,-1.2286340412964838,0.08176337811473436,-0.3006911611725214,0.845571832525527
-0.019394988425781565,-0.0015616618760757595,-0.0014338251261414303,0.0195105155837498,0.0032949254382401705,410.0,19.341078080305234,0.29748550235496907,0.07300120887171953,0.16800246082430104,208.0,91.0,-0.37698718987007196,0.09042573330520758,-0.16375503954617257,0.8464338251261415
-0.021155302950256083,-0.003573511406327168,-0.004357578662793182,0.021893042696041465,0.19917970895767212,364.0,34.68846893359412,0.3194003867369557,0.08769321255898012,0.16092604014022382,182.75,47.0,-2.368606682373921,0.16584589890271367,-0.16318180900832208,0.8493575786627933
-0.019761528210350737,-0.0058595969235898104,-0.004951087549518007,0.021198257976504188,0.10643679648637772,379.0,29.43154958769329,0.2951449321357159,0.0770225311224156,0.16191397406942187,147.0,75.75,0.5687705008737872,0.13243554711229158,-0.08879553993434997,0.8499510875495181
-0.01537938473512819,-0.0053045397581400755,-0.014037822116824361,0.021487765511108547,0.08000969141721725,485.0,40.05981236306954,0.29152457063214227,0.09020863074106543,0.13470476243859197,230.5,48.0,2.0769456183386836,0.11877773326097017,-0.23441771109206802,0.8590378221168244
-0.01884866864411429,-0.002519629708778115,-0.0052872471805403,0.01973767530063016,0.07141821831464767,392.0,29.15810746091209,0.29966323691556723,0.07709507424497923,0.1645563620512308,208.5,81.5,-1.7538632886656327,0.10687624370251166,-0.14277895167401414,0.8502872471805404
-0.028815169139455393,0.013529516712486311,0.004864251867646718,0.03220283747188706,0.15884093940258026,329.5,49.35745866349642,0.4275574707688366,0.09750728671213743,0.17524654331230616,303.5,37.25,2.7389149177304644,0.18648267638115718,-0.3675626264372227,0.8401357481323534
-0.01991869537404406,0.0013133437892182687,-0.005106767739039175,0.020604814341632242,0.2327975183725357,427.5,39.83237299711245,0.3334188094369738,0.08922137070055819,0.1531039385089472,266.25,64.75,0.6079274618438111,0.1222678771494419,-0.2666335795428418,0.8501067677390393
-0.022955818965649966,-0.006587013911422579,0.000334749551368585,0.0238845228948604,0.20315362513065338,384.0,28.134999357420746,0.3047210683043466,0.08202792610527884,0.16440483785036253,146.75,63.25,0.8514050717252567,0.14471471323132393,-0.10118633052440665,0.8446652504486315
-0.018971789893438756,-0.0007172759937000839,-0.005625628626577339,0.01980128768681698,0.07724092900753021,380.0,35.92576515173249,0.32787069531284563,0.0815410100851922,0.16519523331352404,249.0,84.5,-3.113323419246225,0.11055865540324258,-0.24602431303891606,0.8506256286265774
-0.022930439090899202,0.0003200771443828687,-0.003491849397508684,0.023196993307208508,0.07840341329574585,351.0,42.323385710880046,0.35221618180761316,0.09299376159381526,0.1624902962417304,235.5,37.5,1.943319359612451,0.1866566524676475,-0.2542111259252753,0.8484918493975088
-0.02349132720325456,-0.0021261725335968984,-0.0005722871058548851,0.023594291172750182,0.14817851781845093,384.5,31.119538976234878,0.31998639844772586,0.08820723841099862,0.16638846612662161,190.75,46.5,1.3410797544640503,0.1604843291631357,-0.1834736461062653,0.845572287105855
-0.016239156984848103,-0.0014925163426477428,-0.009632820970084333,0.018940144256401746,0.2128409445285797,430.0,45.503121288365435,0.34922156080039835,0.07916648390286105,0.1587821449983431,305.0,135.75,3.1138456829344454,0.02703376812570036,-0.31200324922966743,0.8546328209700844
-0.02389107354822033,0.002665844628588848,0.006400615756137817,0.024876856813672597,0.21423576772212982,354.0,29.760545196007598,0.3301653367944464,0.080389056196788,0.17976318458776286,225.25,77.0,1.152085508950535,0.1226886643299316,-0.19818324777776802,0.8385993842438623
-0.01587092567339452,-0.004542713459852243,-0.01071793616037664,0.019682395251763574,0.2464546114206314,424.5,20.844331265657143,0.27565129256053655,0.056167011722753825,0.16425852901096538,192.75,121.75,-1.851844185510565,0.043182171816508415,-0.15760310025723448,0.8557179361603767
-0.0199142395358565,0.0037988078106038214,-0.0043204967753530665,0.020728593040995592,0.054152704775333405,428.0,45.36098943811847,0.3629445474653735,0.09418595542250119,0.15441691303259564,294.5,54.0,-1.5266289415146592,0.12770247292564232,-0.34195695572008517,0.8493204967753532
-0.019508976149810023,0.0023276298852090704,0.00037312751738549643,0.019650883833573617,0.11626850813627243,370.5,30.452305575249078,0.3302076643409458,0.07404848314248522,0.17968603154702134,247.25,106.5,0.029195518485463385,0.08467308767012051,-0.23986335556887925,0.8446268724826146
-0.023085169328965177,-0.001923901634345887,-0.0029593420927968017,0.023353461115385707,0.2028312236070633,457.5,37.873915334555804,0.3096485132205406,0.09399239753373821,0.14813748945706917,202.25,27.25,-2.5453336856312263,0.16511832854678712,-0.16147050825299292,0.8479593420927969
-0.017792536663927577,-0.003805399000792381,-0.008756960082866305,0.02019256725593238,0.07181592285633087,462.0,30.7896534240082,0.27973849428359915,0.08248796777580103,0.14534180678413666,196.0,65.0,3.0760665311508477,0.10481870554660433,-0.17732013337735322,0.8537569600828664
-0.02781692922994597,0.007946300150914465,0.003642603809953293,0.02915808293404304,0.04431634396314621,339.0,43.735297903168934,0.39115132884991805,0.09460587941917503,0.17145935914687904,271.5,41.5,-0.7487653962037798,0.20015321905668665,-0.2863335877820232,0.8413573961900468
-0.020796166509242653,0.0034222236293720565,-0.0035729437568562394,0.02137657790992834,0.15434588491916656,365.0,45.17825106505717,0.38453997103820264,0.0931716981691875,0.1704302884052833,291.0,57.75,-1.953418533272266,0.14324615575092278,-0.3403219892968883,0.8485729437568563
-0.01559793575755737,0.002674810647915832,0.0016096883022906905,0.01590727218380393,0.15234774351119995,402.0,25.86290824150594,0.31655367737296786,0.057767745190176654,0.18237085626134297,240.75,147.0,-2.144865365884045,0.015197312229530217,-0.24102575137039947,0.8433903116977094
-0.017652525429408254,-0.00668782801580059,-0.0018282890366608795,0.018965266631566422,0.12096445262432098,442.0,5.092998949939155,0.2740603147556676,0.06194346776005473,0.1633600415679206,145.0,108.0,0.39406237003291594,0.050553635056328504,-0.0849124305577996,0.846828289036661
-0.01945687476452973,-0.004576001977840416,-0.008000451016260457,0.021529444632116645,0.1988467574119568,424.5,33.93579059998649,0.3006825317232471,0.08859459560683412,0.15406830821059314,181.75,44.75,-2.520894566712152,0.14029392296907167,-0.1496799422187617,0.8530004510162605
-0.023691423114155785,-6.667162045922992e-05,-0.0026060134358557585,0.02383441378147972,0.05946622043848038,371.0,41.97077825106481,0.34743905053499036,0.09360193783294346,0.15963859025786142,237.0,35.5,0.5145461255093174,0.17433920487246202,-0.22590131006557831,0.8476060134358558
-0.01569881266588849,0.0044938981886910034,-0.0012015652178682945,0.0163735029551337,0.12991027534008026,399.0,37.82729627604201,0.35899856637979893,0.07006531100553857,0.18529411453566202,286.0,154.75,-0.5036754433307052,0.024081830206190924,-0.2934771646237769,0.8462015652178684
-0.02314188768423861,-0.005447042235532981,-0.0031551887478529217,0.023982753193496624,0.17549681663513184,375.0,36.54711135396458,0.32613501262945604,0.09176226117029651,0.16055235785833888,154.0,32.75,-1.6605542027699143,0.17866628358962747,-0.0917327387460981,0.848155188747853
-0.017639037622230708,-0.002460537562184062,-0.007285430756973965,0.019242333399254137,0.062176063656806946,488.0,33.26354701746858,0.28204975365340945,0.08103631743842118,0.14438469211571137,233.5,80.5,-0.8968202761887387,0.0770876027637464,-0.20810772110163106,0.852285430756974
-0.01758744557845085,0.001581521308079148,-0.0022752738314547605,0.017804390543654718,0.1546872854232788,455.5,31.003364565095332,0.3033256600446431,0.07226258081152935,0.15945210605695004,253.75,116.5,-2.1044164213183967,0.04985471362999083,-0.22915322118927503,0.8472752738314548
-0.025556877360125713,-0.002172127743863911,0.0009519232157144675,0.025666676394593548,0.15971551835536957,374.0,31.567484985262244,0.3252359600836496,0.08890540587778903,0.16316732968266112,185.0,43.25,-1.3605397199007996,0.17078734346137872,-0.1773108021203706,0.8440480767842856
-0.0231491209399802,0.0032159353868844165,-0.00249838602106367,0.02350459472989678,0.13445191085338593,323.0,43.55890558084148,0.37971482398286,0.09176271034903448,0.17203152547102551,264.0,52.25,2.041292367702809,0.18826935956043264,-0.2780485973564653,0.8474983860210638
-0.018496924687873575,-0.0007648652917722487,-0.006911890854765068,0.01976095840316481,0.10001321882009506,539.0,35.95771720665052,0.3019543829302616,0.08693391418947823,0.1403707889855803,268.25,76.0,-2.9569638218429115,0.08789501946240044,-0.23519530396466584,0.8519118908547652
-0.024423165325398233,-0.005454864403104068,-0.003854266883756119,0.025319990588055234,0.06271278113126755,330.0,42.40196241837935,0.35129218415291,0.09503200012706775,0.16142535549479553,157.5,19.0,-2.767930930430367,0.2299022285982715,-0.08777029465153426,0.8488542668837562
-0.02234168043995058,-0.004831342414089335,-0.005080968945745945,0.02341599453003616,0.21567387878894806,461.0,36.39747073238008,0.3068348985050572,0.09408447733279199,0.143462496263014,175.25,24.25,-0.21806071866807147,0.16604513717088337,-0.10234850193934589,0.850080968945746
-0.021683776040124808,3.350038916616338e-05,-0.0027275372544758314,0.02185467284378603,0.16727280616760254,354.5,39.57203799435405,0.33970226152319455,0.0881004307483053,0.16630307315818915,239.5,58.25,-1.8317738390850469,0.16045453665574375,-0.23723718939480753,0.8477275372544759
-0.019369330022590295,0.003050665725764179,-0.0014987718177745801,0.019665294908953825,0.04992961511015892,468.0,34.932843885861914,0.3161151673626506,0.08384458810670772,0.15424902645861394,266.0,86.0,1.4167528049668887,0.07958790531182684,-0.2567869080503284,0.8464987718177747
-0.015727415517235582,-0.0021769205360822608,-0.006615857108879131,0.017200585663206525,0.10279851406812668,452.5,28.02318763163075,0.27983936018110356,0.06270694989019147,0.15778845185603685,227.5,124.75,2.1189476808523833,0.016375056647865677,-0.22310951386464103,0.8516158571088792
-0.02027410479020328,0.008118094114238306,0.006451911940615007,0.022772130879239752,0.07593153417110443,377.0,31.92328125253091,0.35016012773849725,0.07868387142350265,0.183954005549814,266.0,103.5,0.22826016532566423,0.08853943282657752,-0.27806050612080707,0.8385480880593851
-0.03316696302670802,0.008946986597384743,0.006777040344489338,0.03501462953423376,0.044154465198516846,273.0,45.560942832295616,0.4245453541420888,0.09631270917299233,0.18571464474101618,256.0,26.5,1.986447895886099,0.24727598697948583,-0.2810719056606554,0.8382229596555107
-0.018596022422553135,0.0004508420377681843,-0.003701721781520506,0.018966234540121592,0.2083236426115036,444.0,30.094342148468062,0.3030080267057708,0.07769601850243876,0.15849865095988125,243.75,94.25,0.3782719074748783,0.06982329512110742,-0.2153972520668527,0.8487017217815206
-0.01704051072929491,-0.0008105334369512551,-0.007560835346234973,0.018660176888242702,0.061858199536800385,408.0,38.13802315041861,0.32189230911220995,0.08054970563716798,0.16160180533552126,263.0,95.0,2.8874369596319065,0.06985342757465883,-0.2864828330829554,0.8525608353462351
-0.025744858440240104,-7.048677602486397e-05,-0.0011307049623752174,0.025769772956033908,0.21193420886993408,348.5,40.469427516142375,0.359672617426814,0.09496088905560103,0.16772282908493008,219.75,24.75,0.18838946333651976,0.20863029124797275,-0.2176764154315273,0.8461307049623753
-0.025010000112121622,0.0036975271602088244,-0.0014640182940190982,0.02532420111817998,0.34087035059928894,317.5,45.68177730952807,0.37912574998826315,0.09405869307825611,0.16399630197161452,255.25,38.0,-2.8874395559954635,0.20669165731489228,-0.29359926997692637,0.8464640182940192
-0.015268711963667008,0.0026700175645433255,-0.0053323488521503926,0.016391964589561176,0.19879817962646484,453.0,40.781258878753015,0.34729001890528544,0.0775193179862761,0.16236099372472113,301.0,138.25,-3.1215739464857655,0.010562549857686492,-0.3282313970859985,0.8503323488521505
-0.019184200413953495,-0.005246385610102711,-0.008943468903070517,0.021806965481534005,0.04890678450465202,452.0,38.21659034098317,0.30816368673522393,0.09457526308789914,0.14696465588846908,159.0,22.0,0.96952178663403,0.16194414574227417,-0.14043143419414775,0.8539434689030706
-0.017273223034028763,-0.003413391502012697,-0.0027913001194255216,0.0178271375124,0.0404985174536705,407.5,21.37895218353292,0.28106605504765175,0.05389688460689845,0.169104681383054,193.5,125.75,-0.806751163532499,0.04489663974287512,-0.1692981641385183,0.8477913001194256
-0.02133814834305575,0.006694078693712968,0.004072491590747074,0.022731309949595522,0.12448611855506897,330.5,35.45630397646736,0.36587894879167165,0.08064573143181092,0.18845008881655312,263.75,94.5,-1.2224289544993157,0.12255849511143259,-0.30206295576685516,0.840927508409253
-0.022891749575109366,-0.0021197514702330778,-0.0014659286214235845,0.02303637323078839,0.1787702888250351,370.0,32.61535492808075,0.3122249791992586,0.08365399869133912,0.1616737158382483,197.75,61.0,2.1803299307909687,0.14371028385192805,-0.17084966488173106,0.8464659286214237
-0.027369821426119184,-0.0034142811618431967,0.003070483794962442,0.027752338847111552,0.06874509900808334,259.0,37.080019290040994,0.36421545608075334,0.08633138390226361,0.19136164621311524,171.5,49.5,-0.17868238501897266,0.21491281150439884,-0.15362515121076287,0.8419295162050376
-0.01614383519597313,0.0028270320018127237,-0.0027187736784195504,0.016613466076905233,0.22437383234500885,480.5,36.39009529118607,0.3196413513077746,0.07704757190471523,0.15662251733672294,282.25,122.25,0.7626343533614346,0.031752737091746426,-0.2840625616007852,0.8477187736784196
-0.019669251000805438,-0.0034268846243605544,-0.008667323745408018,0.021765694890562952,0.25461599230766296,323.0,47.793932031975096,0.3587671000385246,0.09579315948537459,0.1629517305047442,223.25,22.0,-0.40267996518758875,0.21818707825447134,-0.18886530152900086,0.8536673237454081
-0.02461547999106245,0.0025919852126448095,-0.0010991761185126236,0.024775964777834055,0.19394345581531525,344.0,42.67828511177227,0.3661167153768461,0.09318342552026598,0.16697819461290087,250.75,41.25,-2.750215914030284,0.18622383559642075,-0.24931904505521255,0.8460991761185127
-0.02821058695312395,-0.004633366686085896,0.002974119712389367,0.02874283721470657,0.2211029976606369,312.5,37.443802442657606,0.3570229994613849,0.09239974435490377,0.17837590198838693,167.75,29.75,-2.3344209172438033,0.2183809378928391,-0.11896640582240621,0.8420258802876107
-0.02267587704762443,-0.007017913339986248,0.005095251552791891,0.024277728392762894,0.12934809923171997,327.0,22.27603796572333,0.31739542198251175,0.07281400270231343,0.1870209173416717,153.0,84.25,0.892181549744226,0.12164462076351575,-0.07881971451971151,0.8399047484472082
-0.023224177306257088,-0.000509606415625613,-0.0017014403139212764,0.02329199453445647,0.15144328773021698,349.0,36.79766403137364,0.33134420315883245,0.08735676130992041,0.16695913786569283,214.0,53.25,-2.770674557631691,0.1596131419635995,-0.18476628485569188,0.8467014403139214
-0.017439642321856706,0.0021876266542389944,-0.0017559110688213364,0.017663806452014857,0.15555138885974884,452.5,30.585493007918444,0.3087532584930921,0.07248950485786078,0.1596814040747423,257.75,118.5,0.5547304582191237,0.051561964070879436,-0.25130894545126947,0.8467559110688214
-0.019002718867047352,0.0017188923040036275,-0.004125880473178967,0.019521291063138213,0.1935177892446518,362.5,40.58740451911636,0.363814881113714,0.0834608588234777,0.17566097164097327,281.75,96.75,-2.4130720486444877,0.1186769567505143,-0.2801235782153086,0.849125880473179
-0.01802641442886882,-0.0061996685540193636,-0.009226388631906168,0.021178143321075007,0.07833321392536163,432.0,29.637265444238192,0.2828278407249598,0.0800467210198185,0.15261436784514026,142.5,69.5,-0.23474043442968145,0.10993099366438201,-0.08143092501858328,0.8542263886319063
-0.026231924833747755,0.0009042630365508342,0.00235121209734912,0.026352604623630378,0.062267523258924484,288.0,37.544885343244026,0.35943940698917337,0.0875960402028354,0.17912782956635276,208.0,50.0,2.543370940093852,0.19759518059351086,-0.2374238017074732,0.842648787902651
-0.016122060605337524,-0.0008031036860626228,-0.0013434857313829873,0.01619786305668662,0.11425087600946426,476.0,19.027152453788577,0.270665335713582,0.05848670806581469,0.1549002407409631,210.0,124.0,-1.9993363151749106,0.03166839243379334,-0.20350233503083523,0.8463434857313831
-0.018383970950578032,-0.004253325713276274,-0.0075195188041518035,0.020312664290557912,0.08837658166885376,359.0,34.21121627499186,0.3089622164682729,0.08317768104636264,0.163347998991608,181.5,60.5,2.8323406715775086,0.14968645910452827,-0.13709236885017595,0.8525195188041519
-0.021875231322659894,-0.004701367518516825,-0.003786700389671327,0.022692899810407275,0.1371545046567917,382.5,32.714676518047106,0.30507718513896825,0.08492316293610089,0.15868718435598717,165.75,54.5,2.6220880934125774,0.1502291256772279,-0.13980718190670455,0.8487867003896714
-0.018640474099068716,-0.0014834357908104223,-0.0005410474058291648,0.018707233592353077,0.10832027345895767,324.0,26.000345801706818,0.3187320465422897,0.06126011000543968,0.1893370851273094,208.0,116.0,0.5634400580400831,0.1034642197568141,-0.1782821744573442,0.8455410474058292
-0.015284872388734726,0.0020842637644365447,-0.0059600113165140245,0.016537630249604193,0.2217026650905609,489.5,39.86882441919141,0.3396744279566937,0.0772524532366234,0.15573015650200905,302.5,141.75,2.9262600496222735,0.004986015194749695,-0.3089174272859795,0.8509600113165141
-0.03097111744331532,-0.00011295093520968802,0.008648572879478622,0.03215619203906222,0.04838254675269127,330.0,33.280116558702055,0.3489918481202318,0.08909487678220987,0.17787968427984957,202.0,45.0,-2.0839209866667923,0.1966268360746725,-0.13881051929082197,0.8363514271205215
-0.01673610640915863,0.00047648184139481575,-0.003983796266572082,0.017210314505476453,0.14856980741024017,352.5,32.85772984575183,0.34283065060149054,0.06591609154212576,0.19225445997723078,255.5,136.25,2.7454651557940983,0.05390036312490979,-0.26453821873157296,0.8489837962665722
-0.03127493580849103,-0.0027610797752211785,0.006737649355244457,0.0321113856783633,0.13212068378925323,270.0,36.46096642500851,0.3700333987416932,0.08862283460358358,0.18839273648350885,186.0,43.75,-0.5653747233201218,0.22757448905183464,-0.10539714179158595,0.8382623506447556
-0.02142958704807442,-0.002365924656134194,3.509097386467097e-05,0.021559824486900383,0.1485670953989029,410.0,23.14575452878875,0.2920142002807839,0.07631011026160814,0.16266806210437978,189.0,79.25,2.0973395166755253,0.10739217907971234,-0.13624572263305712,0.8449649090261354
-0.022178505559642472,-0.003743861440766952,-0.002267158830890015,0.022606251712993825,0.15384702384471893,449.0,29.956045572238107,0.29479459814854203,0.08717523888002246,0.1529132328809507,186.25,50.0,0.30292260548515754,0.13005541414844235,-0.11977688444746916,0.8472671588308901
-0.016039642834957745,-0.004636042059294174,-0.0051185526077554,0.017463178663889217,0.261902391910553,486.0,12.700275613644868,0.2603902468221197,0.04790694304544979,0.15577495149325138,182.25,134.5,-2.077736983702736,0.01413431581780222,-0.10382259791312214,0.8501185526077555
-0.0168407761863809,0.0018412420603046153,-0.003616697646068312,0.017322887078875877,0.2767576277256012,462.0,34.382969452748306,0.3241385479316181,0.0766567567053095,0.16144547572042323,277.0,119.5,-2.0147992495613383,0.05108234786209988,-0.2788808442662188,0.8486166976460684
-0.018432571746065038,-0.000533008487140052,-0.00415393476344228,0.018902353642870316,0.20716045796871185,441.0,27.33421824292536,0.2996997491526078,0.07612999428468954,0.15939523687525214,235.75,94.25,-2.528927310288428,0.07471446450915689,-0.22000954279724813,0.8491539347634424
-0.02462254391482141,0.0060190734339651275,0.0029929907574421932,0.025523653882524498,0.11281196773052216,321.0,39.897180977206936,0.36960848140159785,0.08741659990345657,0.17954852108278418,258.0,67.75,-2.228731445512605,0.15322329754597747,-0.2823273863044198,0.8420070092425579
-0.01694754706375934,-0.004658934809595283,-0.011660320985141137,0.021092370907864276,0.20070956647396088,380.0,35.92554919018818,0.30520264316508094,0.08466739168355432,0.15432421919540273,197.75,58.25,-1.6858814590554472,0.14570529055987289,-0.19254011274369864,0.8566603209851412
-0.01942660476542976,-0.006121832085049614,-0.00853770814064192,0.022085340411334947,0.13921257853507996,348.0,40.611440980783414,0.32632118388154885,0.09049771814435066,0.15832370415239028,138.25,38.0,0.46805384503181774,0.18733591675922798,-0.10004893769829919,0.853537708140642
-0.02239733275461825,-0.0046474800897119,-0.005354299750300218,0.023492724650866468,0.06722929328680038,365.0,41.581388492979926,0.3338885124435012,0.09453597435150357,0.15593972080879281,169.0,21.5,2.754223824990967,0.1950062683321581,-0.1199129346120761,0.8503542997503003
-0.016727236720160715,-0.0007744575341434856,0.001063223602154828,0.016778875921606422,0.1932433843612671,396.0,16.95143481319701,0.29906953999773483,0.05499539722267514,0.17957793212568507,211.75,131.25,1.7146550109658139,0.04756559750757236,-0.18303300700293504,0.8439367763978453
-0.01794916794263718,-0.0046605127156885695,-0.008102482923379672,0.020237174657786305,0.10551408678293228,411.0,27.51233405922022,0.28156258025380987,0.07303430794346963,0.15598157795958212,184.75,86.0,-1.9611026086911951,0.10178899419691588,-0.12623232431336626,0.8531024829233798
-0.02125055375993029,0.0030208234628850417,-0.0021464089362771555,0.02157124198601774,0.06443142145872116,383.0,39.19980289528892,0.35409751079649554,0.08601805268587041,0.16792997414845634,274.5,82.0,1.6857603732592075,0.13487247414617934,-0.24477538832960186,0.8471464089362772
-0.015027223461690116,-0.0001396972950874209,0.004305284671786036,0.01563241620501899,0.14448142051696777,409.5,11.737788374256436,0.3021089573733716,0.04025602184093735,0.1872814143394652,205.75,158.75,-1.0137373728666403,0.014772411464262704,-0.1706117276289658,0.840694715328214
-0.01727887333821597,-0.0026098867921702795,-0.005475435472115708,0.018312601303893405,0.1335381418466568,456.0,24.843114596280067,0.2795279690850057,0.07051494388229247,0.15292587928387968,215.0,99.75,-2.695681596999756,0.06201932468270035,-0.18589546028452578,0.8504754354721158
-0.023597062869820745,-0.003702138655709869,0.0012963162832204667,0.023920862079250333,0.0685606375336647,282.0,28.415036278190797,0.3382249683689283,0.07466662161860893,0.19233786740505587,181.5,80.5,-1.1149199194079495,0.17416333147359903,-0.10898558249218016,0.8437036837167796
-0.02021111153418348,-0.000619890320266131,-0.0008659233541463696,0.020239148122181926,0.1489587128162384,413.0,26.585008021928015,0.2975657166861059,0.07778205085013933,0.16255974698979136,212.25,81.0,2.5803896556156687,0.099341674127132,-0.18441238952014913,0.8458659233541465
-0.01838822266299274,-0.0027835418709591386,-0.008067494769632977,0.020272131360792776,0.1351446658372879,435.0,34.20220969258353,0.30325437728310606,0.0862220741914871,0.15251811974405705,223.75,60.0,-1.9660416028612178,0.11690078403785398,-0.21396616962435486,0.8530674947696331
-0.015200554939315318,0.0022919497445424986,-0.0029269774535645166,0.015648549488956692,0.21276067197322845,517.5,29.6315427722447,0.29927194810083646,0.06880107075514887,0.1500607903553075,265.5,137.25,1.5069223401617085,0.009033821907039573,-0.27023446958222863,0.8479269774535646
-0.01617437868704144,-0.0014578412950769781,-0.008631800244552679,0.018391405672631766,0.2121688574552536,427.5,34.89512771787494,0.3141049069715217,0.0772779843683091,0.15969571597199883,259.5,104.25,2.65164197066645,0.05873679090644602,-0.2777243765842522,0.8536318002445528
-0.020393373710090132,0.0009322979960191269,-0.00011687001240279216,0.02041500745609895,0.14735350012779236,432.5,29.261243732129977,0.3016267279072957,0.08173575932973558,0.16010779871512393,225.75,74.5,-0.2872465917371024,0.09748605900355019,-0.21503508066265256,0.8451168700124029
-0.02704522232121448,-0.0011806120443154933,-0.0008331039281942454,0.02708379510626739,0.19726985692977905,343.5,42.56016087048938,0.36059044231727544,0.09535715780571669,0.16441956479704767,221.25,23.75,2.7176523457672404,0.21670664347643373,-0.13842819029708553,0.8458331039281943
-0.02953543607646064,-0.0002660149856202054,0.0029776981925402346,0.02968635098366124,0.02831087075173855,361.0,39.41859622422871,0.3579439150556086,0.09624858762523612,0.16446259084861936,204.0,16.5,2.044517443010409,0.22771586704717833,-0.18251614327506946,0.8420223018074598
-0.019005408917384684,0.006358932637189507,0.0005414738676094988,0.02004831130920066,0.07260091602802277,342.0,40.05141812407133,0.38125833707133217,0.08048019606522915,0.1874828065555859,288.0,113.5,-1.3317203268088251,0.09891629656954053,-0.3058792666582271,0.8444585261323906
-0.019485170281008934,-0.004993998878304609,-0.007628164679310601,0.02151280507165682,0.08826730400323868,396.0,35.18849489985838,0.30002100365270906,0.08623003925375178,0.1507603521165889,166.0,51.0,1.2718193970436897,0.16109149035282794,-0.11210373443033252,0.8526281646793107
-0.022022049677554223,-0.0006127266606797965,-0.0030251145886586173,0.022237298042610504,0.06480851769447327,350.0,40.495269870554786,0.34342962435141755,0.0892763583157505,0.16828981185903535,238.5,54.0,0.2153063102271639,0.17376697151349485,-0.19642614683746715,0.8480251145886587
-0.014869290007817266,-0.004877679793214643,-0.00725541419867981,0.017249016803751842,0.11114433407783508,532.0,13.120731749844964,0.24336290462225274,0.052247892035767275,0.1415086933708849,172.25,125.75,-2.584114036516241,0.010456351184675248,-0.11402174527025762,0.8522554141986799
-0.01821086870898906,0.00299649872214669,-0.0014991222840732288,0.018516536159618745,0.1138131320476532,401.0,34.578700181110804,0.323633554888181,0.0762100439672207,0.16814755749841492,259.0,106.75,2.4045414339072835,0.05923429666208095,-0.2832559380409001,0.8464991222840733
-0.015229389646298337,-0.005267104666370842,-0.0010974979927632633,0.01615181730980771,0.24573536217212677,432.5,1.5601762852159786,0.2738831587913845,0.046001148237365765,0.17085982447462178,166.75,134.75,-0.17010457091135306,0.018263873439248464,-0.09530770092407875,0.8460974979927633
-0.01774042417875861,0.005860250790731825,-0.0005256398579507326,0.018690679137816864,0.05758871138095856,481.0,37.058202146320916,0.3357534563859909,0.08119266403458797,0.15857840567289594,293.5,115.5,-2.6373657473048695,0.0410977839875452,-0.2973426248169514,0.8455256398579508
-0.016350434539488146,-0.0033184862868188003,-0.002098377787797201,0.016815238630665103,0.1346348077058792,403.0,14.535798672367665,0.2873929981030211,0.04549777907255098,0.17835863288587206,189.0,139.5,1.8585063672713371,0.024208665921928066,-0.16187869685390102,0.8470983777877973
-0.015892830057660255,-0.000748435656243579,-0.00650390079897778,0.01718845335613853,0.12092750519514084,472.5,32.15475288071602,0.29591388370074606,0.06931352400579913,0.1535583742644694,254.75,126.5,-0.005116509061996423,0.028684807390042734,-0.24607890624949705,0.8515039007989779
-0.01895888303842494,-0.005619379543203823,-0.010085148872846394,0.022197452563362523,0.09137632697820663,349.0,44.7323774835562,0.3381166051074566,0.09536570564700911,0.1556698902371071,150.5,18.0,2.9472333489736577,0.21452313943545612,-0.11878364281926856,0.8550851488728465
-0.021414271542135266,0.006315885905379737,-0.00018837586995235078,0.022327044719766632,0.057812292128801346,380.0,41.953987303503474,0.3693443625488878,0.08878372800156056,0.17054430493159367,288.0,77.5,-0.010192392626219755,0.1333210722116851,-0.3030229483532897,0.8451883758699524
-0.017903419109012914,-0.006485931134204981,0.004125657328256982,0.019483859136752626,0.05969199165701866,356.0,6.289694386810723,0.30123643777383824,0.048254751135568826,0.1916849021862801,154.0,130.0,-1.0072882077003407,0.06536003482989243,-0.08960596894700587,0.8408743426717431
-0.020269190034154616,0.0008732375132026737,-0.006603526336264487,0.021335631428876806,0.1531742960214615,357.0,48.75413585861977,0.38411377782368955,0.0952961642539389,0.16098676408265578,288.75,45.0,0.876095891929118,0.15982917527777482,-0.32766051296188214,0.8516035263362646
-0.017806578607168937,-0.0016158564751904414,-0.0028102646158592037,0.018099249184782545,0.09523824602365494,477.5,19.92877541413353,0.2774036091781175,0.06942715513811593,0.15499776293686496,215.25,102.5,0.01841716431797801,0.052046557628473954,-0.1888628508540048,0.8478102646158593
-0.023098331812416023,-0.006769093359042938,0.0026136747753702227,0.02421125468147646,0.1354026049375534,396.0,25.189855214575623,0.3007766003784653,0.08062689338243355,0.16484700812890962,145.0,67.25,-1.0073637162171594,0.13563575450801155,-0.08043517672051209,0.8423863252246299
-0.023242824259465805,-0.005568803600963748,-0.002678189672596476,0.024050221475589814,0.048767101019620895,382.0,36.5607517216777,0.3238679924957116,0.09196763313509582,0.1613669797153242,163.0,32.0,2.1356120043438804,0.1696918472940256,-0.10175034006083906,0.8476781896725966
-0.025725887882061343,0.005976973755292159,0.0007671418375236883,0.0264222260453339,0.1776319146156311,322.5,45.695061044268265,0.3949890103852872,0.09420540617084498,0.1750092306326011,274.25,44.75,2.735807214708456,0.19293049839201556,-0.30439984848535206,0.8442328581624764
-0.019078260812391543,-0.003163204221110383,-0.00554623364806861,0.020118315144391535,0.13849911093711853,511.5,28.221721529255518,0.2726664258614362,0.08399917857424613,0.14067798189520841,196.75,61.5,1.2192426719788454,0.10275935465989838,-0.168221363429657,0.8505462336480687
-0.0235042752583266,0.009184171581542777,0.0013951873981374874,0.02527343488594939,0.12654924392700195,333.0,46.985836741410495,0.4016184206709767,0.09211358746200239,0.17551874640363974,299.25,67.0,3.119338080296215,0.14757602096412725,-0.35850058274362884,0.8436048126018626
-0.016059473156652453,-0.003404037846764074,-0.010285254301291236,0.019372160637721153,0.08764661103487015,379.0,30.310117744121044,0.31048339128055935,0.06001196338472678,0.17545416495882582,235.0,135.5,3.091403789753228,0.04673540910609992,-0.2522625981460083,0.8552852543012913
-0.02138635197439992,-0.00047783317996052954,-0.005884318146879397,0.022186247437872064,0.1689588576555252,367.5,45.966380975806416,0.3540516218270994,0.09409813609645928,0.15573703310602904,256.75,39.25,2.6288474500374046,0.17989447542268971,-0.246762214630415,0.8508843181468795
-0.017400879531627375,-0.0013841841313612657,-0.009357410119338994,0.019805749123050827,0.18317656219005585,367.5,42.965537824331314,0.362143999770433,0.08415976113144726,0.1683328747806626,287.75,97.25,2.9048024504981065,0.103187884368163,-0.3271369160424185,0.8543574101193391
-0.020793634808285708,-0.0009561386103204284,-0.0003167491172850756,0.020818015745641977,0.1442556083202362,401.0,24.410165463379347,0.30255726849946274,0.07842614179712887,0.16816679407663926,205.25,77.0,0.3529892753218278,0.10772837719024915,-0.18875146475175753,0.8453167491172852
-0.025711048461861563,0.00021183715776157408,-0.0016233905534188686,0.02576311869472584,0.15383246541023254,365.0,42.853481063019025,0.3600282041168444,0.09668266689190945,0.15947233892574808,227.0,18.25,1.1100060809498749,0.2043467275483852,-0.2221985186913283,0.846623390553419
-0.019114351131675256,0.0011973926678616464,-0.00383594532310938,0.019532195086776824,0.10832448303699493,472.5,34.36166002372104,0.315964337955942,0.08300760660246721,0.1547436144419413,266.75,89.5,1.5747997200832111,0.07988293510823154,-0.23892018420442798,0.8488359453231095
-0.015675075597736787,0.00012638839202783192,-0.004293863914671903,0.016253037757235543,0.07911629229784012,449.0,29.11329470057679,0.3093506581512979,0.06725095824620946,0.16602259389993768,255.5,132.5,-1.5055846130825452,0.01814648901626706,-0.24797714860498685,0.849293863914672
-0.022315513253512942,-0.0036346432534550277,-0.003985521513582224,0.02295816075130638,0.03684406355023384,453.0,35.17369386483871,0.3105438198847381,0.09364265795302416,0.14971291102300655,187.5,27.0,1.7404262619552031,0.16757877067686533,-0.14424330949527778,0.8489855215135823
-0.01784645737701443,-0.004388704503855562,-0.00490494677479647,0.019021442400494793,0.15422223508358002,447.5,19.50322748644977,0.2721281378459915,0.06964346466978988,0.1565328523218552,175.75,92.5,2.149408970547395,0.08151966073499554,-0.13476560276218424,0.8499049467747966
-0.02850094691043903,0.01116771750160589,0.0030543706952699257,0.03076281959332503,0.13848146796226501,331.5,48.77410929836911,0.4234617588845099,0.09808544754658666,0.1710707524561056,294.5,29.75,0.5564453879421221,0.2090489529059179,-0.350531624418092,0.8419456293047302
-0.01855058149158398,-0.0025834792386107974,-0.010119129219999912,0.02128838215607957,0.22026214003562927,372.0,46.86281785373516,0.3581989427542308,0.09621844047340039,0.1571279470565472,254.0,27.75,-1.8701259264102792,0.18565911635846147,-0.2674181688787992,0.85511912922
-0.017137459793882752,0.013769929756843269,0.0080177513904236,0.023400594673084384,0.08839911222457886,363.0,36.92325709998678,0.3946526424653671,0.0784671620482071,0.1981311829341107,298.75,130.0,-1.441685013104246,0.04592078251692056,-0.36267953518665036,0.8369822486095765
-0.016578142274958754,-0.004209869410077727,-0.005884619547999792,0.018088298675203923,0.08608601242303848,520.0,10.258580106703818,0.25330764554337243,0.061683038697557195,0.14719608477691803,183.0,110.0,0.24777901477335376,0.016484635012724028,-0.14671226853067695,0.8508846195479999
-0.01555329929058489,-0.005547190251157963,-0.008396622459009961,0.01852511018116224,0.13112014532089233,443.0,20.59792558566065,0.2728914067838084,0.033614916656490475,0.16860306576448603,153.75,156.0,0.2952901950938897,0.00232014988125521,-0.08532991648955454,0.85339662245901
-0.021212446142409164,0.0012131556843648084,-0.003129432258374587,0.021476334983392104,0.06081566587090492,463.0,39.862738142060685,0.3230707804176917,0.09336320483791331,0.14976003351052347,249.5,40.5,-2.063279173565728,0.1385409755065326,-0.24706159557294752,0.8481294322583747
-0.018892610970560116,0.010657522311907475,0.004159714136725556,0.022086574039742072,0.049506209790706635,404.0,39.56579244079025,0.37107069891295513,0.0837639469977608,0.1748157760460064,300.0,109.0,0.43060792976621465,0.06269826698499449,-0.3485480034515311,0.8408402858632745
-0.024041615756710683,0.0036865605854747296,-0.0008576471783993123,0.024337739743581603,0.05362780764698982,377.0,44.50356240556234,0.36863900252138654,0.09481322132917815,0.15940705516149323,270.0,40.5,-1.26326528733813,0.18240661658004,-0.2825247503323222,0.8458576471783994
-0.01605102744184951,-0.002658451156961783,-0.01094903362326538,0.019610817978257648,0.05754522234201431,462.0,43.52575422324154,0.3355108597680536,0.08783443122990175,0.15018840966573477,295.0,86.5,0.44208710598176426,0.06784483939838287,-0.3327778169417655,0.8559490336232655
-0.015237289289468867,-0.003306159371254086,-0.004145358597248183,0.016133495361479275,0.26103511452674866,463.5,8.57942267026029,0.2693079908329954,0.04506037338599972,0.16250813602587189,189.5,140.75,1.7890929777828855,0.009515598892055305,-0.16250470439294273,0.8491453585972483
-0.016229131524882996,0.002122408380988594,0.002530446358129934,0.01656177786830311,0.1758895218372345,443.0,22.540257443563313,0.2965272179433396,0.061505378561562345,0.16924889708436008,232.5,130.5,-1.7408892217991248,0.01617143656683862,-0.21672901238476258,0.8424695536418702
-0.0247134881448951,0.0003286789344344454,-0.0014795620935721399,0.024759919832635712,0.11808076500892639,321.5,39.741909789323806,0.34998288131343797,0.09039448158023487,0.1702478617705402,215.75,42.5,-3.0739369194002437,0.19010948149350448,-0.23344877075138556,0.8464795620935722
-0.024130231585077044,0.00560801856226717,-0.00029663420057635115,0.024775107273090353,0.22299665212631226,399.5,43.86087390993731,0.3737885896980371,0.09590321990432772,0.162471525566947,279.25,37.75,-1.6358720515809186,0.16036011516360232,-0.3052034085457495,0.8452966342005764
-0.01573571386869746,-0.006419696841174161,-0.00583525191415335,0.017968732937848717,0.05881306901574135,450.0,13.289596962012274,0.26996690853548394,0.04029880703044341,0.1655923051312448,152.25,145.0,1.9496137787024963,0.01464240181411802,-0.1065132744299184,0.8508352519141534
-0.01568687887210975,-0.0024106902435886424,-0.00993252955839663,0.0187228400523852,0.12187448143959045,467.5,39.14459442420518,0.3256540155654208,0.07196651188915722,0.159049892898538,285.75,146.5,1.729775038751578,0.016276215830599895,-0.285036341211669,0.8549325295583967
-0.019968011393724366,-0.0033950285307773886,-0.007068559109361328,0.021452557554455683,0.19105839729309082,452.5,37.91152277349132,0.3040341291322095,0.09298080937798767,0.1448634935906149,193.5,30.25,-0.09935003583175449,0.15003162966505224,-0.15964920901630733,0.8520685591093614
-0.02254392515576481,0.0043096519188272064,-0.003466779709259793,0.023212501430106836,0.06249704211950302,338.0,48.75800944736291,0.3981283679799099,0.0964125897007307,0.1659186434453256,286.0,37.0,1.2487470692233966,0.1766860926030805,-0.3548237953400902,0.8484667797092599
-0.015821417841964315,-0.0016407491268578545,-0.00906109477030781,0.018306085290520503,0.1864933967590332,469.5,38.001854774875966,0.31016881378312877,0.07528894784938327,0.1522116947850337,274.5,123.75,1.2738645771348485,0.03416180405684261,-0.25366708863458154,0.8540610947703079
-0.019002241504354755,0.0032700013241685477,-0.0006108856675528518,0.019291222671171157,0.181636244058609,431.5,33.649262009492254,0.31925680704377307,0.0786121533427879,0.16006624067513042,261.25,101.25,0.4420983834131648,0.07129398904679551,-0.25858809175038955,0.8456108856675529
-0.0210539618258149,-0.00563197080488044,-0.004721539217338644,0.022299805745583604,0.06291261315345764,404.0,32.08094337443774,0.29978390968895446,0.08546458990263903,0.15594009760381655,163.5,53.5,0.9783207927174236,0.14139117323059,-0.08600489164691118,0.8497215392173387
-0.018801860738748608,0.00040250581279321906,-0.004042979379119238,0.019235843117176122,0.1373884528875351,427.5,33.325258868600585,0.31728667193515553,0.08340127364921689,0.16198335355340376,249.25,78.5,0.39777756361675287,0.09864089125487598,-0.24964600613515445,0.8490429793791193
-0.03373219560724752,-0.005508498985713595,0.008044959858964917,0.035113045448858085,0.04233984649181366,282.0,36.63359164045662,0.36999143187606187,0.0909150174282335,0.1799446734615141,155.5,34.5,2.698460690434149,0.23719813319656577,-0.09654169744297417,0.8369550401410352
-0.01986004464452837,0.00029117021742341986,-0.007924625301634736,0.021384710415375836,0.2269674390554428,399.0,50.94152368532279,0.38796416948254586,0.09908614858211595,0.15061213388311556,297.25,24.0,2.6515976165174053,0.18592009722479752,-0.32133697566169833,0.8529246253016348
-0.02322758048781251,0.0035296170845745545,-0.002279579962949363,0.0236045583921625,0.05075861141085625,369.0,45.01881810538746,0.3815366533549326,0.09580696964644954,0.1652521382490898,275.5,37.0,1.960369774167371,0.17854752106536795,-0.294175191974053,0.8472795799629494
-0.02363495307144936,-0.0046777090621995115,-0.002512445807686614,0.024224044928474665,0.21435093879699707,373.0,33.045302023310974,0.32379751831682824,0.0894230852103023,0.16205685191641928,172.75,40.75,-0.19806536802630595,0.18098669477027834,-0.10871414007103476,0.8475124458076867
-0.024688936527815925,-2.7529643292584227e-05,-0.002306680664251215,0.024796473951806407,0.04023241996765137,432.0,41.631285544628945,0.3390385148382888,0.09717574483444966,0.15202096744660143,228.5,16.5,0.4360955170990761,0.17870176254114725,-0.2148174926699609,0.8473066806642513
-0.015738808267859478,0.0013140812325758977,-0.0007858419074596723,0.01581310983588522,0.09540436416864395,440.0,25.567018437690525,0.29912431385848803,0.060312597429916404,0.16723730191820696,238.0,138.0,-0.021597236856410938,0.014448888779510977,-0.2197970865494269,0.8457858419074598
-0.017286343165769602,-0.005497616630393123,-0.010305249388653737,0.020862397120701943,0.08583789318799973,465.0,37.03628615679184,0.28785822010666123,0.09034528540545508,0.1403625139881659,162.5,38.5,-2.9390750138199744,0.13648515506263587,-0.10582633937341802,0.8553052493886538
-0.021924719696185993,0.002315245082514461,-0.0005037409336898779,0.022052379655645063,0.005452549085021019,424.0,32.919716547528004,0.32809054594190334,0.08897285813607246,0.16258631626965403,242.0,56.0,2.5821677028020593,0.12092051229196682,-0.24682882554047905,0.84550374093369
-0.02244924310121571,-0.0039732172671165245,-0.0013436648699729492,0.022837697050096653,0.29276958107948303,427.0,29.690867531567825,0.2957503922325989,0.08550753857013983,0.15462966504693887,179.25,54.25,2.1590350098676807,0.1325934119713123,-0.13508213634071706,0.846343664869973
-0.02169467925488576,0.0026191201984650525,-0.0025461135318654016,0.022000036197777635,0.10995002835988998,419.0,43.24322906055583,0.33982907402382256,0.09172446343922042,0.15357640203416179,270.0,55.75,-0.8171722812008525,0.1253768220566512,-0.2826086345474595,0.8475461135318655
-0.01624944384963562,-0.004671170291233831,-0.011162068246156398,0.02025971433273479,0.19844220578670502,503.5,22.104824894022002,0.25035073669400776,0.055035124210892725,0.14434900095720937,183.25,122.5,-2.2314515391326903,0.033448601009735755,-0.11971807547527231,0.8561620682461565
-0.019391831743139132,-0.0009058466063375237,-0.0074141769620061915,0.020780609145363737,0.1680050641298294,469.0,42.690155711853805,0.331452961021158,0.09408111668637689,0.14440898327453378,268.75,44.0,2.431598846410749,0.14280253122031028,-0.2554941722791446,0.8524141769620063
-0.018897778212320346,-0.0008600807007251576,-0.005804969238798474,0.019787961694858972,0.05742183327674866,508.0,33.954867009538894,0.2916297814062071,0.08601079588271117,0.13973286117506578,242.5,67.5,1.5854917182939032,0.09580499013433862,-0.2460584278238386,0.8508049692387986
-0.027434042529003222,0.001654176701986615,0.00019541971183167917,0.027484562556248284,0.11827042698860168,350.0,45.68290348452703,0.3683914881944514,0.09674561018853435,0.16081443900934345,241.0,21.25,0.8387603882099826,0.22160111063210827,-0.19954603884565406,0.8448045802881684
-0.022594686929746158,-0.00048821892523984167,0.0007345191410754737,0.02261189407238612,0.03958788514137268,388.0,32.13221453655128,0.31601653948841096,0.0858776631689588,0.16766541046361338,210.0,57.5,2.1699221989581505,0.12616612371533803,-0.17944744345943073,0.8442654808589246
-0.029241970904094278,0.011701573745360405,0.004186423549049634,0.03177335098169599,0.05679209902882576,310.0,48.712408052148504,0.43297641969404305,0.09656509145299226,0.17699670711083348,299.0,42.0,2.0517597271070196,0.21450626379794488,-0.34695796043176486,0.8408135764509505
-0.022243997735172494,-0.0028380869117349827,-0.0024392823565685395,0.022556601494373815,0.25042155385017395,355.5,32.2657320288789,0.3230659847043964,0.08543080903045575,0.16700383554613496,194.75,55.25,2.089126172868622,0.17166817694995853,-0.15322056819760635,0.8474392823565686
-0.02661408966501283,-0.0038380954607312723,-0.0002452587663990258,0.02689053546000013,0.032467737793922424,391.0,38.071091680300945,0.337729487800182,0.09556951919351234,0.15705092779131336,179.0,17.5,-0.35922404824187587,0.20918051424080317,-0.12730483535692103,0.8452452587663991
-0.016488201955294095,-0.004032671280867109,-0.005132544841867093,0.01773319649504485,0.23265321552753448,546.5,12.583253721520823,0.24813092625084085,0.058882117501120004,0.14224098090133386,190.25,117.25,0.7136090633573626,0.011845094816491685,-0.12430714437132868,0.8501325448418672
-0.01763705608180792,-0.0035333976841107895,-0.0005508920395169703,0.017995947556772897,0.18969549238681793,385.5,19.051466811708675,0.2896879727982347,0.06207428262168385,0.17474301664758662,189.25,108.5,1.9880747005027208,0.061132923472109205,-0.16603003490424192,0.845550892039517
-0.02034016084411408,-0.001745275682085129,0.0013659285717421144,0.020460544744312425,0.1306355744600296,375.5,21.534722879014204,0.3008663058202091,0.07196370288846525,0.17459856820817965,193.75,89.5,0.05845400399006869,0.10277353873495802,-0.20040405286596205,0.843634071428258
-0.015621654000276456,-0.004073718764149886,-0.008984646825513032,0.01847579867970372,0.10240428149700165,562.0,17.292641895721243,0.24035253748013438,0.05946151187337363,0.13503894379590986,190.5,116.0,2.645918138280183,0.004019632355351159,-0.16591073615508029,0.8539846468255131
-0.02370161447291602,-0.0041241483664919976,-0.0011852830007412773,0.02408692641586774,0.21373383700847626,378.0,36.65808706017021,0.3060446923908452,0.0865401094593927,0.15607034978345025,179.25,50.75,0.8425406542328503,0.1511196567489995,-0.12556571846353995,0.8461852830007414
-0.018946686482440883,-0.004985411477572449,-0.004741957057779578,0.020157316612149662,0.0778748095035553,361.0,22.5307985334018,0.29753784857071813,0.06863761794149566,0.17299537505827123,170.5,93.0,2.5041364176241094,0.11428368983092602,-0.12731702670534006,0.8497419570577797
-0.019010776020500247,-0.003776938646342959,-0.008408059249305544,0.021127478097958088,0.08767182379961014,402.0,36.4126485977159,0.309796740628148,0.0881822603847765,0.15289850324493992,205.5,49.0,-1.2846064210847283,0.16064215444400975,-0.16181039561480712,0.8534080592493056
-0.02656146277779925,0.004862144376759636,0.0007745706668382812,0.02701391701613812,0.21403919160366058,286.0,45.56568670823343,0.3957977318185756,0.09376816055682063,0.17791613909003157,253.0,38.75,1.3308872959346492,0.20891220900580348,-0.28359982509977427,0.8442254293331618
-0.023613318369910763,-0.004394310123571818,0.002431364476922715,0.024141464311854252,0.13798801600933075,355.5,25.48959284736728,0.3148815042486127,0.080358472614712,0.17444100209466773,171.5,66.75,-0.7081142246618843,0.1444488195083678,-0.10160049341245751,0.8425686355230774
-0.017307947669174442,0.0011519567417567211,3.94395152445437e-05,0.017346285260225674,0.07736435532569885,410.0,23.058857874573256,0.3023715664926697,0.06596382317874884,0.1742886289898814,228.5,116.5,-0.359040031298716,0.04587564104049688,-0.22340776722872271,0.8449605604847555
-0.015361141591661668,-0.005180123676254658,-0.008823937283554462,0.018456983000601005,0.0875958502292633,422.5,16.924912298241768,0.28153199925616823,0.03330463555172012,0.17660443279746296,170.25,155.75,1.5108382038643102,0.01234698402817531,-0.1203673442745002,0.8538239372835545
-0.026318662614602306,0.009659552317760445,0.004653317634919718,0.028418872564059807,0.06815264374017715,290.0,44.66951703997021,0.40623829510801024,0.08961278291662832,0.18751723047462032,280.5,69.5,-2.2797365353094903,0.1770273704943493,-0.31886674937504955,0.8403466823650804
-0.01759527305674341,0.00041422581156536076,-0.00497958097193385,0.0182910208468629,0.04901391267776489,438.0,35.74712599274433,0.3120211452820922,0.07952271950397735,0.15536639960727605,260.5,97.5,-1.0433997891501459,0.07019487174181058,-0.26864213605184684,0.8499795809719339
-0.02166702993263575,0.004681066185230287,-0.0033221723846224016,0.022414490761232735,0.14525258541107178,329.5,46.512868085123095,0.4004058157834327,0.09251354940865353,0.1744562781839264,292.75,61.5,1.0509497700381074,0.15970057343188987,-0.3323672648963991,0.8483221723846225
-0.020289315968333388,0.0004455556895070212,-0.0025376704668953476,0.02045225253447339,0.07112675160169601,424.0,34.818243344259805,0.3116924600912042,0.08473196916903716,0.15703735361812743,239.0,70.0,-2.314419738726084,0.12011064661842731,-0.2244941687316463,0.8475376704668954
-0.025127456428949757,-0.0003830261273747304,-0.00029275448214227673,0.025132080709520145,0.07453581690788269,343.0,38.22692997706027,0.3426628606673577,0.09000966058904543,0.16587164513350305,217.0,44.5,-1.3668896456535726,0.1860537584115575,-0.18836348698989971,0.8452927544821424
-0.02010455332275872,0.001434985272468825,-0.004581306724368073,0.02066979966866131,0.24846813082695007,419.0,41.457306532312685,0.33210503258721286,0.08947293631692753,0.15281300388396624,265.0,63.25,0.7363722320648011,0.11954572452486605,-0.2843915855747441,0.8495813067243682
-0.024791742001848777,0.0025840490843873076,-0.0010862165476521746,0.024949702353838796,0.0797659233212471,264.0,45.62633437019192,0.39835363124080514,0.09157814668131065,0.18491055003835355,250.0,47.5,-2.786130685516324,0.22925835503324132,-0.2549520785627652,0.8460862165476523
-0.016516955273583184,0.001107542852502752,-0.0016472224715764483,0.016635798885251758,0.1075148656964302,470.0,27.104319942614087,0.2952259095458938,0.0668630766908875,0.15975552159187678,246.0,126.5,1.384321150575728,0.03319732174829121,-0.2222824795881733,0.8466472224715765
-0.0205859638192033,-0.0016226325695201382,-0.004640118404272031,0.021164723991275645,0.20281681418418884,359.5,34.007867665169876,0.32703583302612355,0.08424972761426248,0.16955395414286678,223.25,65.75,1.2534705063504599,0.1399868996715936,-0.19770482075374754,0.8496401184042721
-0.0193081734923006,-0.0021265884613331787,-0.009344878769717235,0.0215558507443656,0.12042636424303055,419.0,48.03293903120228,0.35265911597175,0.09828606454398063,0.14494050036263106,261.0,17.75,2.3137356846007178,0.17150953099524255,-0.2854951194051972,0.8543448787697173
-0.021322637522577015,0.001506135320908264,-0.005618495203584595,0.022101828043779543,0.1390867382287979,396.5,48.02066592192113,0.3680679105563407,0.09659428958418835,0.15055537643950734,281.75,34.5,-2.9417000356134055,0.17312108088250588,-0.31235460982005303,0.8506184952035847
-0.026506696925966966,0.009075991590290267,0.005359322361902841,0.02852544375554705,0.19607611000537872,327.0,40.42025170982166,0.38720450042905097,0.09052841088221691,0.18144175001251972,269.75,60.25,0.43114311895013285,0.17052612177297927,-0.30255247010233816,0.8396406776380972
-0.01614404591241784,0.0020283831408943187,-0.0036152836700229507,0.016667778274360806,0.18237875401973724,356.0,34.792487139933016,0.3484062342351044,0.06973287544151795,0.1868005196174395,265.25,132.25,-0.7758067713359718,0.038173249928131515,-0.32169635599245616,0.848615283670023
-0.025384161157451013,0.002085322203651735,-0.00013916382408707406,0.025470052472078307,0.05066226050257683,324.0,42.28716853849682,0.36110771332461167,0.09264259481626437,0.16779947359187763,232.0,38.0,-2.7970048983520344,0.1957129074000591,-0.24174072517483317,0.8451391638240872
-0.015228707250224058,-0.005090559057712302,-0.006379516513677075,0.01727789185581858,0.0952911302447319,409.0,16.42843250988492,0.2759924374883053,0.04193219266948733,0.1705485441121969,166.5,141.0,-0.8563922138221497,0.030177274054646888,-0.10204772717980326,0.8513795165136772
-0.019100862611632713,-0.004543128647319303,-0.007333893240064726,0.02095874424843313,0.08573253452777863,385.0,35.592102404643036,0.30433209671248085,0.08652014571520442,0.15816175431350676,171.5,50.5,2.884111532921104,0.15400006363448415,-0.1034181606302043,0.8523338932400648
-0.022150337208294374,0.002374144027955938,-0.0015659304200745794,0.02233217715286944,0.24174903333187103,389.0,39.53925439988992,0.3418557232583966,0.08925744793924864,0.16268045842004153,256.75,61.0,1.5798037771366686,0.14230802869639195,-0.2371302691196468,0.8465659304200747
-0.023250404283923665,0.004318428894274029,-0.0036014193334830136,0.02392070961941518,0.06926792114973068,414.0,49.75317660655719,0.3751959082185016,0.09803094044969893,0.1472776118463327,293.5,30.5,-0.5573396929131579,0.1788794760176967,-0.29223855552849826,0.8486014193334831
-0.019715193468176406,0.00010024708608402655,0.009557692848787713,0.02191000674481096,0.1334351897239685,386.0,13.360534399463997,0.2998596125779668,0.06513138720625414,0.18124875913737626,201.0,105.75,-1.0120383870810612,0.0724683423870475,-0.1683304175188894,0.8354423071512124
-0.027938811902333688,0.009771899540467366,0.0024627514181269072,0.029700713386894513,0.21946066617965698,311.5,49.20452551289998,0.4185456981407447,0.09717049828452101,0.17315000589249263,286.5,32.25,-2.0123261146971085,0.19995210790357706,-0.3430300525050208,0.8425372485818732
-0.024365657047524164,0.006010100724136935,0.00041873577967055375,0.025099440107799447,0.19065992534160614,336.5,44.4208960295929,0.3819796532376986,0.09213082805475223,0.16709447318868775,275.25,55.5,-0.7763130365636277,0.17766236711167238,-0.2937723606256712,0.8445812642203295
-0.015250498095528572,0.000435230316675167,-0.001352490074209789,0.015316538348827707,0.09607478976249695,422.0,25.582363235386573,0.30757757446817435,0.05883894587072268,0.17580230144572817,240.0,142.5,-1.2537266260870088,0.004903458588534887,-0.24740639402319667,0.8463524900742099
-0.027351474911592788,-0.005112707584850398,0.0014441489620721226,0.027862672608928427,0.15167246758937836,380.0,34.69537562138388,0.3341594749268322,0.09312478502060845,0.16223437374930572,163.0,27.25,-0.8607994743040771,0.2020372558367469,-0.09434817140334363,0.843555851037928
-0.02018854549445065,-0.0009181384020049976,-0.007342697259609121,0.021501989451048736,0.18642397224903107,409.0,43.68229377701498,0.34427682485019184,0.09521073424682111,0.1511847579808906,252.0,32.25,1.5243732734514899,0.17252262066733903,-0.2755179084108036,0.8523426972596092
-0.021499635270573025,0.004196972827466783,-0.000496376425118572,0.02191107681602106,0.13195696473121643,417.0,39.00507627284618,0.33860121161523354,0.08746059725243298,0.161559306947489,270.75,75.0,-1.4061654824570824,0.11181066337867761,-0.2615953528884414,0.8454963764251187
-0.017828657293445446,-0.0026600916021911336,-0.007269197613167133,0.019436520834718543,0.11205347627401352,451.5,31.834326013841167,0.28834330923387724,0.07945229933998628,0.149947720921367,226.25,81.5,0.001374174288143672,0.08000607099325709,-0.21255503315646926,0.8522691976131672
-0.018221307633522518,-0.003231068885432564,-0.0013947448716128408,0.018558048692542184,0.18965214490890503,403.0,17.921835583417472,0.2841690809297671,0.06056879615688777,0.1692452252165304,185.75,111.25,-2.8553028995539593,0.06183179276288533,-0.14740708961771656,0.8463947448716129
-0.021574474137397825,-0.004039271209262896,-0.006279348518602124,0.022829889706814144,0.06471911817789078,364.0,40.395680807229255,0.33564033067665117,0.09393357886995346,0.16005774052163335,186.0,25.0,1.4272660820272067,0.1977705341155922,-0.1551085766326508,0.8512793485186022
-0.020315905794157027,-0.0028945241971329305,-0.0028716787869567106,0.020721024048543264,0.2079203724861145,347.5,29.576276043048935,0.31078424737532767,0.07707245453220754,0.17268379419673063,193.75,77.5,0.5813385350048734,0.1226420080383164,-0.16711980584275146,0.8478716787869568
-0.02738259796510603,-0.0037881964504844906,0.0004778902912916383,0.027647522181862935,0.06423798203468323,327.0,41.779446439391556,0.3534853656223957,0.09449221702367411,0.16570448267538607,186.0,22.5,-1.054538253035597,0.22338335418907296,-0.12273565654801281,0.8445221097087084
-0.021024240381214393,-0.0035239554587109256,-0.0006182731656348972,0.021326490742487585,0.15089759230613708,299.5,29.954628053173078,0.32046556473268095,0.0689320255998611,0.1880037513640067,187.75,94.25,1.0193724628690792,0.12264327669686563,-0.1336906121441093,0.845618273165635
-0.016523220763390224,-0.0021148652412946445,-0.0062834399395739204,0.017803682115191757,0.22405384480953217,446.0,26.30792290972517,0.2842919117740472,0.06716065240118829,0.15629815763541888,224.75,112.0,-1.1291364907418973,0.05794515548238174,-0.19382175206077581,0.851283439939574
-0.021047217438083632,-0.003960143860316151,-0.004595186499125492,0.021903968595716087,0.09331782907247543,378.0,34.88934035665524,0.30877473790680204,0.0853233622045547,0.15852380623230022,192.0,55.5,2.027363804360835,0.15608256517080338,-0.13866925690145565,0.8495951864991256
-0.01757658634178544,-0.0005685580497309384,-0.003153124361320203,0.01786622061108905,0.15942567586898804,436.5,22.97754942073093,0.29422333296326664,0.06831381227816473,0.16391147313265964,227.5,110.25,-2.7592234946231424,0.06006649327171943,-0.2121745117658265,0.8481531243613203
-0.0203420435409625,-0.001502112863664723,-0.007626869120932911,0.021776689625961087,0.19324027001857758,379.0,44.07292357349835,0.3513252234081702,0.0954636601601565,0.1534797280660657,242.25,27.75,-1.243059295550354,0.19153076286705664,-0.24389850414198358,0.852626869120933
-0.016621811133490684,-0.0024679353483104127,0.0019587206685107716,0.016917798228437593,0.09906619787216187,413.0,14.178457663203217,0.28147909490799083,0.05042134700294504,0.17262400133203204,188.0,130.75,0.5633908491844896,0.033579385763425944,-0.13831671160798617,0.8430412793314893
-0.015406209338397467,-0.004209473092014471,-0.012418447650647257,0.02023088707750566,0.21646516025066376,495.0,37.58116622823655,0.30521073916171093,0.06940206752845943,0.15022683904395195,275.25,145.25,2.965800204349631,0.010494109868483537,-0.25559992167053014,0.8574184476506473
-0.015748859251195096,0.002701039356130086,-0.003969028883474501,0.01646436672317438,0.14684636890888214,505.0,36.12343218111185,0.3192685480954408,0.07590380595520689,0.15328539400944896,287.25,132.0,2.036034864420667,0.001548880207497631,-0.29482712020582985,0.8489690288834746
-0.016084913882006155,-0.0008088771603746714,-0.006143940922092916,0.01723736484809375,0.040584467351436615,504.0,31.651118475969618,0.28751388989883214,0.07490996276644782,0.1482716359183056,254.0,108.5,2.855447138613916,0.025725926675018232,-0.23553504312070786,0.851143940922093
-0.02353239145759914,-0.0005496037799570253,-0.004280149216070672,0.023924781907897475,0.12710683047771454,364.5,44.344572062678935,0.3601018143002335,0.09681705447790137,0.15816593459330608,232.75,18.5,-1.4523355230255328,0.20169950958740887,-0.23966378717545872,0.8492801492160708
-0.015566036069489808,-0.0027967760143727816,-0.010310624710128669,0.01887941781158372,0.10404280573129654,512.0,34.71251510155291,0.29511102443172665,0.07112626053179442,0.14717940925790973,267.0,131.0,-0.8799999298785951,0.019094371173994484,-0.2418400180072722,0.8553106247101288
-0.019187538657359712,-0.006074629358997954,0.0008861229038243934,0.0201456688987374,0.18854504823684692,374.5,14.321512144467103,0.29106831832720326,0.06107317125065743,0.17629336320515054,157.25,107.5,0.6412450872468514,0.07791946600507076,-0.09682839314852766,0.8441138770961757
-0.020235436211454613,-0.004746030924437025,-0.002249486360239805,0.020905929232838853,0.0709703266620636,357.0,23.16508979633911,0.3009416218976339,0.07115124015329535,0.17617425519107266,170.5,88.0,-0.9154384199778713,0.11502210084466001,-0.10938744600636834,0.8472494863602399
-0.02149542535930621,-0.0016328109583958472,-0.0046980855937394095,0.022063349502046685,0.16830793023109436,451.0,37.83158661717905,0.31555939639991876,0.09251287940813369,0.1465869486957223,228.0,38.25,1.5313962619382462,0.15344382191921538,-0.19537244723914568,0.8496980855937395
-0.016342512634518976,-0.0034961942475006946,-0.007158605581900623,0.018180944070726582,0.17555201053619385,369.5,20.843160900143964,0.29641314809099495,0.05056191463501054,0.1805154703774149,196.75,132.75,0.46265947777167893,0.06196796100804987,-0.17673133939793392,0.8521586055819007
-0.025418287838337994,-0.0032684162960952,-0.0010566453633420458,0.02564933529628115,0.06480973213911057,396.0,41.18570040247114,0.3262077698239668,0.09498467186876078,0.15361920413616947,186.0,21.0,2.8556935474503597,0.1844169577795282,-0.12767380400671294,0.8460566453633421
-0.02113143847953028,-0.0020024145027136286,-0.006734434896958241,0.022268811585628448,0.13802774250507355,422.5,40.8712284734701,0.33230048511885535,0.09489307558902785,0.1497760576715076,231.25,28.5,2.8679315378523764,0.16969579429268147,-0.19472739096449418,0.8517344348969583
-0.016129559925741124,0.0011405428295065412,-0.004641567188543916,0.016822832321276352,0.23589622974395752,545.0,33.894369121979096,0.29066475251528756,0.07713692881782817,0.14180624902376393,269.25,113.0,3.049255781782128,0.02733565352777524,-0.2524164443075014,0.849641567188544
-0.02802066060038494,0.006941763783523236,0.0008477223934482137,0.028880168596539618,0.13303951919078827,317.5,50.21541889455473,0.41943766394352117,0.09950677617260302,0.1699295150518273,276.25,13.5,0.25352968745514304,0.22903459416079008,-0.32245082743829767,0.8441522776065519
-0.023793567507582214,-0.00015534884383489045,-0.0036918371121789084,0.024078780061789148,0.06058682128787041,343.0,43.846709730926136,0.36309387065546844,0.0950640446543141,0.16042806343406224,235.5,28.0,1.3228617669377574,0.20841843877177704,-0.21705922523670027,0.848691837112179
-0.029753716749284786,0.015239784521260735,0.007557770561939847,0.034273234287386024,0.13272625207901,320.5,45.20351255127951,0.43001032070768763,0.09602292887659943,0.18106483148260566,294.25,42.5,-1.1022569276803782,0.18944361284329145,-0.3794315809393631,0.8374422294380602
-0.02371401789793684,0.007186187300358249,7.98181152773525e-05,0.02477906987178949,0.12296731024980545,325.0,48.527536227655915,0.4029837529889036,0.09379172395487076,0.1739714637451577,295.0,56.25,-0.7459369087180503,0.1785158892429421,-0.32495850132951154,0.8449201818847227
-0.018996713893755374,-0.001790084150527893,-0.0022118535640598402,0.019208639624294425,0.06401119381189346,429.0,21.906762965531684,0.28883042345064563,0.07279598132578924,0.16363314026500897,207.5,92.0,1.2058976383978242,0.08167369558093183,-0.17958504238493667,0.8472118535640599
-0.01455120415254716,0.002234591590365098,-0.003337999657267443,0.015095468975051875,0.07072713226079941,523.0,33.87477897125956,0.31569688955704517,0.06993213869967427,0.15732636132118372,282.0,151.5,0.5660150132321532,-0.00017460542707723598,-0.2509903207687836,0.8483379996572675
-0.021870992859111177,0.0010022158931241032,-0.002637557358231235,0.022052244197760973,0.0698234885931015,378.0,39.94778381831054,0.33530730728132024,0.08847891996444518,0.16112682554174929,247.5,60.0,1.0400240131559815,0.14186006329781536,-0.25286297977167327,0.8476375573582313
-0.02623862361420823,-0.005218036685609703,0.00046444367759435057,0.026756475551726014,0.3225800693035126,245.0,38.28891749932742,0.3674536279981245,0.08544444097652996,0.19013081920060193,165.25,51.75,1.9663931074464245,0.22091516447795304,-0.10860495983767803,0.8445355563224057
-0.015593912571393344,-0.0017773481456084261,-0.007041089918791932,0.017201919165008028,0.10100794583559036,443.0,27.560245161178816,0.30648081746550376,0.06337045109574772,0.16826343380320186,247.5,138.0,-1.9404437240916175,0.036461434501381985,-0.20455960496417688,0.852041089918792
-0.017461950311698372,-0.0029139602356134664,-0.005015119305940008,0.018400062353040317,0.1658186912536621,474.5,19.603930137782616,0.2727437897947405,0.06804615625387267,0.15292014133884113,207.5,103.25,-0.029519093292672126,0.047998993820996184,-0.16003748996621617,0.8500151193059401
-0.0242174181217161,0.004131677353171603,-0.00356720541848643,0.024824968332918643,0.04133887216448784,309.0,50.62179252319035,0.43358015586235416,0.09870401464903814,0.17136496145467772,293.5,25.0,1.424650832456835,0.23161926749456196,-0.3394685924154081,0.8485672054184865
-0.016014395964126505,0.00795174388341513,0.0015246555889173452,0.017944795444587217,0.15984956920146942,457.0,36.41417779473157,0.3436544769794332,0.07800928965248684,0.16518124413823365,293.25,128.0,1.0874946152804132,0.01339860467109905,-0.3336391238194144,0.8434753444110827
-0.022441493175411803,0.0012355050260474676,-0.002924727461374621,0.022664975608519013,0.08087940514087677,338.0,41.32823514726442,0.35831510515390713,0.09035579692328638,0.16891258596001657,248.0,52.0,1.6861674474565334,0.16202557652229052,-0.271911584494067,0.8479247274613747
-0.014390857107972064,0.0034455189722830404,0.0026020727810545097,0.015024618199752605,0.13732193410396576,485.0,19.853758203447914,0.30327228741700557,0.058088236677246455,0.16818693105479754,246.75,151.75,-0.15537291359025932,0.005923329951568504,-0.24202104793227477,0.8423979272189456
-0.02613734748649199,0.0037869078804369793,0.005342416230536218,0.026945185397485052,0.23762844502925873,346.0,34.30759169713166,0.3505355146756657,0.08857749574406275,0.1780465959252907,230.75,53.25,-2.1722999191264116,0.16498995400616373,-0.23821291447415407,0.8396575837694639
-0.022992560066152107,0.004420551648530002,-0.0017270223748281355,0.02347725924285224,0.06853342801332474,359.0,44.17291408522316,0.37291732772433633,0.0935403701464112,0.16391456682576,271.0,46.5,0.8266792316021239,0.1684714939966323,-0.3140442539768754,0.8467270223748282
-0.016134489764346796,-0.005302404981509523,-0.010484340115155977,0.019958923973852332,0.1195627897977829,487.0,19.9204790835927,0.2566381918548671,0.06307340898520615,0.14763556167008007,175.5,106.0,-1.8373516325520147,0.04812280385290783,-0.1297692737122457,0.8554843401151561
-0.021339445222947354,0.005083005750532665,-0.0012372022348052791,0.02197133448957814,0.061513807624578476,442.0,40.88867990783903,0.35621278055851857,0.09197779625817466,0.15924000327843657,288.5,63.0,1.4395011544998775,0.12161730515201703,-0.30116700146937386,0.8462372022348054
-0.019458940185655665,0.0006937082638399095,6.051495770820203e-05,0.01947139559364842,0.12388855218887329,409.0,26.967708526917672,0.30107211335717776,0.07362754352683913,0.16470385370183893,224.75,96.0,-2.7243204372048524,0.07828909136889535,-0.20718386290838253,0.8449394850422919
-0.019738755176680514,-0.0009841083183512733,-0.0031242728860032543,0.020008698262840467,0.12113648653030396,340.0,30.445795892009794,0.32155618190650287,0.07606510491435954,0.17794113918370302,216.75,86.0,1.6807318372407758,0.12117179806186595,-0.20797071402995146,0.8481242728860033
-0.01820698159769958,-0.0037811147423645886,-0.00580461219267292,0.019480362684026833,0.14209823310375214,515.0,23.146537505055345,0.26389177366045274,0.07740937823361353,0.14232885278080576,192.25,78.0,2.0081966575091847,0.07005095438664703,-0.13417571160588385,0.850804612192673
-0.017058457122722033,0.0012488025614666165,-0.0007525777555239532,0.01712065537657309,0.17516028881072998,431.5,24.579214939164697,0.3071018103253495,0.06540587741307216,0.1696599456309683,242.5,127.75,0.058280993470655455,0.04192572085300134,-0.22154523512434965,0.845752577755524
-0.01581005190131022,-0.0034418776206653345,-0.002372817301622976,0.016353425470666417,0.16772542893886566,435.5,14.579871397157119,0.27158255377005,0.04652007448049746,0.16645760315816194,182.5,136.75,-0.6962845176474486,0.008890328674258258,-0.13673949587631942,0.8473728173016231
-0.017444536981114873,-0.0048365045095046105,-0.004151247679707426,0.018572466278182313,0.1585312783718109,533.0,18.490428720968687,0.2569275823607707,0.07449954674355255,0.14179360271363284,186.25,84.0,-1.9621901720339712,0.06335702113194246,-0.10468833072610977,0.8491512476797075
-0.02326922548420224,-0.0043731683804090205,0.0009992828296951917,0.02369767968582114,0.18504256010055542,355.5,29.832983829499543,0.3091174835599646,0.07997793889727699,0.16734264548068645,176.25,68.25,-0.9656739965978857,0.1430604151778159,-0.10005014253877445,0.8440007171703049
-0.020166924872284206,-0.0007199886742753348,-0.0025707584403892314,0.02034286217458774,0.23167091608047485,419.5,32.96639015980358,0.3037180440502009,0.08372017205193048,0.15693157903490396,223.5,67.75,0.4409876434720526,0.11334559113746881,-0.2371573371695772,0.8475707584403893
-0.02500394848333834,-0.004501640863648279,0.005164642880910009,0.025925580925218246,0.15597142279148102,360.5,24.6150290650144,0.3106263780075283,0.07925138413395809,0.17415662785642916,164.75,69.5,-1.29506358704485,0.14033577466224245,-0.11712974466788371,0.8398353571190901
-0.017921401189212385,-0.000521875413852041,-0.002607077235675326,0.018117555746983722,0.09502670913934708,413.5,25.305337384395195,0.2953727703268009,0.06942316862226856,0.16750041001154892,222.5,104.75,2.345197616402799,0.05695502065742367,-0.23328121303629915,0.8476070772356754
-0.021123493160252138,-0.0008280141919345119,0.00012092181726952589,0.021140061326286534,0.22341398894786835,407.0,28.380675183830775,0.30237054143413766,0.08044574859791395,0.1644190259423678,212.25,73.75,2.3537631663091987,0.10878860215010112,-0.18557150611230608,0.8448790781827306
-0.023131103001981623,-0.0009385359833362639,-0.001995974596209815,0.02323602139930619,0.07004646956920624,369.0,37.56753925482175,0.32269333052039245,0.08908128338704074,0.15980347117969718,204.5,45.5,-2.1145330632731754,0.15921936375162418,-0.1928652525887423,0.8469959745962099
-0.016078531756934147,0.00017339305501606894,-0.007571052016880353,0.01777273409615346,0.3433627486228943,552.0,38.47608596528161,0.3045650359170843,0.08115673645343807,0.14162809994091674,290.0,112.5,-0.7534103302760781,0.008256852953683504,-0.28839026745412377,0.8525710520168804
-0.022677858628975797,0.0023409006538172294,0.0021760010798768104,0.02290196647815377,0.055968061089515686,384.0,30.665258744344314,0.3286030678716349,0.08266889909402192,0.17211268938687774,237.0,76.0,0.37367423289707025,0.11734966309582182,-0.195834275145867,0.8428239989201233
-0.01607296481988377,0.0015189135502775564,-0.003881143358801742,0.0166045346290105,0.0678277537226677,484.0,35.21169880626609,0.30996400966751303,0.07378279306160165,0.15434060006603556,274.0,128.0,1.4846734463767934,0.00804160365925358,-0.282720392945047,0.8488811433588018
-0.023402777483598064,0.003641930250096459,0.005328637274790271,0.02427649120238871,0.05560397356748581,326.0,29.952868453073474,0.3440315942479877,0.08048760505110329,0.18795610177880195,227.5,77.5,-3.0091574129585066,0.12525427053624955,-0.25374802376601274,0.8396713627252098
-0.016815046986538372,0.0027084244652512135,-0.0041612564032247334,0.01753275286704411,0.029122071340680122,484.0,39.323061364376606,0.3258790273261397,0.08409849095957109,0.1549647347964368,289.5,100.0,-1.5971847219114135,0.03436301935732578,-0.29596962937310095,0.8491612564032248
-0.015792392152854252,-0.002294896203171526,-0.008654697172267078,0.01815406240036955,0.08796872943639755,468.0,30.145822475445314,0.29496342360393923,0.06498302335829388,0.15776645738892814,250.0,134.5,-1.3504664963952455,0.015603479540013015,-0.2595115062457494,0.8536546971722672
-0.026227511291963462,-0.0034622635447975197,0.005135620227071258,0.02694891857831049,0.1569901704788208,329.0,27.1983934384195,0.3301703695738781,0.08250016313492493,0.17961003541584986,176.0,61.25,-2.9237439450637237,0.163840909077905,-0.12450227574392471,0.8398643797729288
-0.02591951932407499,-0.005888040343393852,0.003679584824444748,0.026833371863349834,0.2179320752620697,286.0,32.43671298175839,0.3424139321767419,0.08183336719989695,0.1860077203842676,156.0,62.25,2.878359737257023,0.18928577332700033,-0.0840381497578874,0.8413204151755553
-0.022843436696393687,0.0018439187123123202,-0.0018583294495264635,0.02299295597922848,0.205051451921463,371.5,39.6901241892138,0.3445246229021641,0.09117941684871664,0.1633611467564945,242.25,46.75,0.8015972059402933,0.16458196435628691,-0.27692229427854204,0.8468583294495265
-0.023887011173789247,-0.004770250750110019,0.0023364375683980754,0.024470462511907688,0.1434144675731659,396.0,28.255586649321295,0.3058835279458527,0.08482109417616493,0.1641528537655489,165.0,55.25,0.5690265510936237,0.13879069450688686,-0.10293567699493113,0.842663562431602
-0.017316196755247565,-0.0029903909845394316,-0.007775920044841955,0.019216088073555345,0.08442498743534088,462.0,26.787585857375262,0.27509201487229007,0.07292366063910213,0.14826762185001485,210.5,92.5,1.2083760142430453,0.07605370856721572,-0.18856358312723806,0.852775920044842
-0.01748278231804444,-0.0022327603489138426,-0.006271617729515122,0.01870738050345311,0.30112749338150024,501.0,28.073302066057,0.27657486666709635,0.07713370506629343,0.1442822688628711,227.25,88.75,-2.724563184131931,0.07746933331850313,-0.18373858624767683,0.8512716177295152
-0.01970107050848574,0.0015957016825582648,0.0006431121715052557,0.019776047034359118,0.1609358936548233,413.0,27.99527175291683,0.30786888140795365,0.0751996498379602,0.16743093164328982,236.25,98.0,1.0865370412386226,0.08386420699193574,-0.20298059918345804,0.8443568878284948
-0.028730696313146592,-0.005012591524610074,0.0022898220158094063,0.02925444016375862,0.041405316442251205,344.0,38.861158112148345,0.3517017570414838,0.09486083755530918,0.16819599427710974,155.0,20.0,-2.6865040524164745,0.2096004346841651,-0.11514693639395988,0.8427101779841907
-0.017979953781051328,-0.0024409144932511506,-0.003601665107508145,0.018498886265901175,0.1636965125799179,351.5,28.23754616871718,0.3149546526866584,0.06862090294130871,0.17911517725310755,219.5,104.75,-1.8985588355376708,0.08973758420301696,-0.19491252727653147,0.8486016651075082
-0.02847713992599757,-0.0056592891862711076,0.0009744982856043638,0.029050382086425918,0.05780007317662239,305.0,43.20074902002616,0.36622029544429885,0.0956298507465507,0.17533531282178394,159.0,16.5,2.2056608056359477,0.2405441759793207,-0.08654300725586493,0.8440255017143957
-0.01515074488963151,-0.0012873632375034472,-0.002924322438992988,0.015483992913430583,0.18382392823696136,480.0,30.171871344320884,0.28247396214934956,0.06148647744614461,0.15686263802116274,236.25,133.75,2.8482255496290576,0.011840455427437302,-0.2147108887856726,0.8479243224389931
-0.026286950566823453,-0.006211331543904741,0.00048588974303731547,0.027015190143571354,0.26010894775390625,273.0,39.89462409821653,0.3531702335107211,0.08753763625926163,0.1778754988798369,152.25,46.0,-0.2065435396373058,0.22335248522458273,-0.1051799412513261,0.8445141102569628
-0.01803267815635856,-0.004283221303934812,-0.002827748393331664,0.018748856690616687,0.09933724254369736,358.0,20.525095298852545,0.2968628582969949,0.061801038704227006,0.17840302191762658,176.5,107.0,2.9550196156774606,0.08992862973088962,-0.09766750777204113,0.8478277483933317
-0.016502227812004923,-0.005583599501030975,-0.008362798036519958,0.019324505094486747,0.17421644926071167,390.0,17.23093814231847,0.28392186807237735,0.056691243857100275,0.17206253710064157,154.25,116.0,-1.599390022208022,0.05435570108671149,-0.08486774467172474,0.85336279803652
-0.021470833865416372,0.001443185380254397,-0.0043763170918920125,0.02195977327312094,0.142830029129982,392.5,41.68461881396819,0.35285979390786176,0.09265380895508428,0.16234669985826888,263.25,48.5,-1.3515188922954127,0.15100062185220614,-0.25814774286055603,0.8493763170918921
-0.016537221194033086,-0.0026064903052049337,-0.01091426452532318,0.01998486043634612,0.060086313635110855,510.0,45.826312345554086,0.3314819678326397,0.09196303873090665,0.13701149080563402,302.0,70.5,1.2127900648286425,0.09050917671943216,-0.30991521082094314,0.8559142645253233
-0.021863592060323483,0.00332185908780272,-0.00022296497512841462,0.022115630648018872,0.20197193324565887,346.5,38.23037439793368,0.35814402958067043,0.08537862443297728,0.17821920313388728,261.25,77.5,-0.6206497088801849,0.1372527593395552,-0.2430408220524432,0.8452229649751285
-0.021372757386701302,-0.0038830077316387435,-0.0016245708516675617,0.02178329033472329,0.24023352563381195,345.5,29.120690873671368,0.3140666872567838,0.07933968178010056,0.17129762502864987,182.75,70.25,-0.9348142566612911,0.1584409870348238,-0.12936677577883535,0.8466245708516676
-0.02189175375229621,0.0015321609658681123,0.0007533082175886774,0.021958230184766527,0.18614745140075684,361.5,34.53559111180401,0.3236713190246611,0.08052268610944735,0.16839893200797262,233.25,80.25,-2.661725092263484,0.12395262358280078,-0.234170656737488,0.8442466917824114
-0.02366679820809453,0.0018377449584659478,-0.002595394867486389,0.02387950415048872,0.054379627108573914,377.0,44.60159707331038,0.360624564168668,0.09542853133714622,0.1575504979679606,257.0,32.5,-2.884975940295241,0.1727079699500869,-0.27516217458832126,0.8475953948674865
-0.028296116641475355,0.008267775465200577,0.0025706381930212796,0.02959112212894893,0.04875071719288826,308.0,46.78665024554789,0.4135450290010445,0.09726766604676773,0.17761250528783668,269.0,25.5,-0.37316423510076424,0.2079846637794355,-0.3303521097258512,0.8424293618069788
-0.018066848480305125,-0.0014227994605867378,-0.007211868184580639,0.019505035632551813,0.16781969368457794,427.5,34.9657265678755,0.3083929893812789,0.08129539800759975,0.15416860191019377,246.75,84.5,1.9989883238444668,0.10661658556842911,-0.2341429596795813,0.8522118681845807
-0.025001283693146525,0.000847085695155847,7.232247660748925e-06,0.025015630969166824,0.11417543888092041,317.0,39.41644085839039,0.35705618511639553,0.0893392082527169,0.1748232758212359,229.25,50.0,-3.0615053279528324,0.1927894773188924,-0.2029864957256938,0.8449927677523393
-0.025217454934309574,-0.005951266932780905,-0.0010221484034425021,0.025930337422174165,0.06872212886810303,285.0,39.12649150662079,0.35274184121413366,0.08883993762325218,0.17979631417987008,156.5,42.0,-0.9820401283222321,0.21022340122987243,-0.08222492248963197,0.8460221484034426
-0.017620312649181957,-0.0005930220854506729,-0.004946332479977444,0.018311015756948976,0.1328054517507553,375.0,30.430312262231386,0.31283005711888473,0.06928265183978106,0.17163178577871718,233.5,110.5,2.8180918397454464,0.07062242874499426,-0.24630581486841155,0.8499463324799775
-0.026832777229482102,0.008310827303605328,-7.568107232247545e-05,0.028090452327117713,0.13675686717033386,282.0,52.3682274908435,0.45479819199287413,0.09839471007031561,0.17808291527659903,304.0,31.25,-2.243412265123366,0.23585369282023363,-0.38179367983854856,0.8450756810723226
-0.02125127370190577,0.0061528377881509555,0.0012462336785769024,0.022159132320157066,0.19904325902462006,378.0,38.84132905840431,0.356402410657383,0.08687956864208461,0.17119000495337788,272.75,77.0,0.8795499217136327,0.12458883689578538,-0.30274578601181407,0.8437537663214232
-0.015239781092720846,1.9205140400463394e-05,-0.0040555108101474335,0.015770176426492262,0.06503399461507797,482.0,26.6578670971132,0.2881994012204313,0.06385598083466389,0.1583539203434633,243.5,132.5,0.622470105126984,0.0037489523464653354,-0.23178635411161388,0.8490555108101475
-0.021624105535197197,0.00037472976914570966,-0.002005688645497883,0.021720155375593176,0.2171470820903778,403.5,35.64466659697806,0.3197008505712854,0.08627998621910749,0.15774496858539644,236.5,63.75,-2.7998048280213195,0.13746979212036425,-0.2310240442676474,0.847005688645498
-0.023534474168015296,-0.0030345642044901228,0.005316516187801601,0.0243175944256686,0.2609846889972687,370.0,18.55506823311672,0.3134978332717322,0.0794251752929779,0.1782665462070987,182.0,70.0,0.32780900412823105,0.1380858505308369,-0.12098266553296079,0.8396834838121985
-0.02982301406748139,0.005797307874115504,0.004783612136539772,0.030755550584070597,0.16209344565868378,375.0,41.65889847680796,0.3624926375410815,0.09570469039904422,0.1609271493998683,244.0,27.25,-1.726687276293511,0.20004273825054397,-0.24327225372046465,0.8402163878634603
-0.015446562718410262,-0.006413035212421078,-0.008867652071898546,0.018930361161842133,0.10200521349906921,456.0,18.694803880006553,0.26428459273500854,0.04651110333881948,0.16006905197232046,141.0,137.5,-1.2984801234602694,0.011558417580244843,-0.0804680109844396,0.8538676520718986
-0.015869173355446825,-0.004433003622579451,-0.007120204206946035,0.01794935909863185,0.22773948311805725,487.5,24.08333520563327,0.25727320774024154,0.05704357298447181,0.1475374000351436,197.75,122.25,-3.0172321893084852,0.023711847913411632,-0.17270790156552634,0.8521202042069461
-0.015116832871331386,-0.006144821087845795,-0.000977777228864718,0.01634727838420469,0.058727387338876724,415.0,9.282221683605847,0.28361269484571516,0.0388337345157048,0.17832538402607145,146.0,148.25,1.6626800494380358,0.023273058926539324,-0.09309105554262019,0.8459777772288648
-0.021993644725990247,-0.001768572165674498,-0.00013482527344843565,0.02206505004962911,0.06552788615226746,384.0,30.105623350492515,0.30793730450752027,0.08126162660455634,0.1662157970357263,205.0,70.0,-1.1782973260513325,0.13998505280494544,-0.1370547676213709,0.8451348252734485
-0.019115380978065172,0.001169846212848269,-0.006174403212063417,0.02012186833083425,0.10548978298902512,381.5,43.770335547708676,0.3625725857874888,0.08882523809817242,0.1614459796159594,286.75,76.5,2.8675363786906702,0.13824651108156136,-0.3034159118562003,0.8511744032120635
-0.01877647010090397,-0.0022478576471815503,-0.002142911930220315,0.0190315728460055,0.13040050864219666,417.5,18.369031833615125,0.28793375787628717,0.06484252932841031,0.16515244023658993,204.75,108.5,-0.08881528822555874,0.0730027706921179,-0.1681759686307446,0.8471429119302204
-0.03405729647916228,-0.004813593183664935,0.011389971129327381,0.03623260362069356,0.04503610357642174,288.0,35.551271979834475,0.36030029754783666,0.08926060055682795,0.1868145962309411,162.5,40.5,0.7950107426133179,0.22474793322187583,-0.11341456385286831,0.8336100288706727
-0.015710344762287574,-0.0010634931036612172,-0.008020501595980445,0.017671287332353475,0.12183265388011932,374.0,38.554206259367504,0.3468801258718041,0.06603732816692331,0.18059033305717886,271.75,154.0,-0.5024881210249051,0.0366930704184144,-0.28801274741221344,0.8530205015959805
-0.01847733190195458,-0.004419996166097673,-0.0033187061981685417,0.019286315644857336,0.2159081995487213,473.0,19.36420351010128,0.2647380513151541,0.06948241911270378,0.15038878316699322,173.75,93.0,2.2136642920873397,0.0670310657239645,-0.12765886461097406,0.8483187061981686
-0.021051769503575138,-0.0013022793982795378,-0.002412101642733866,0.02122948810493835,0.15437328815460205,355.0,31.702799911096484,0.3156703430731573,0.07983384821046095,0.16862388485289903,209.75,74.0,-0.7295222131140837,0.13006398039862319,-0.20681115082576515,0.847412101642734
-0.025250126273111156,-0.004624246819777397,0.0012813789378884888,0.025702032360121717,0.042264506220817566,416.0,32.57467168057985,0.3096495002161033,0.09002807992060043,0.15546843366683727,161.5,39.0,2.49601654926135,0.1589011343974607,-0.11697030624534331,0.8437186210621116
-0.027929255789545415,-0.003113724113371061,0.00142084728504277,0.028138184266570186,0.21704019606113434,323.5,39.320823415575425,0.35796223132397215,0.09393330040766112,0.17185975167250367,186.5,24.75,-0.43659221272571497,0.22178041079191932,-0.12080713325207103,0.8435791527149573
-0.01987235332475787,0.0056943323971041515,0.0017355967530534588,0.02074483415701207,0.066804438829422,345.0,34.57657073976966,0.3637090371332381,0.07936733039737327,0.19027919772250168,268.0,102.5,-2.161380771539414,0.09247935177280688,-0.2866352634728774,0.8432644032469466
-0.018396026314540043,-0.005194642747474873,-0.007236522001069057,0.020439308895143678,0.07269994169473648,495.0,27.983256406722987,0.26363841086767614,0.07895947510306053,0.14110687941506062,169.25,72.0,-1.3403874074465403,0.08987370618306555,-0.08597096019032373,0.8522365220010691
-0.028761539779908918,0.0003375650875264147,0.006970167323361087,0.02959600231813835,0.15557435154914856,265.0,34.707578720893885,0.3670771979272881,0.08399467177553521,0.19435416116495807,205.75,61.0,-1.1671047147050921,0.20764909041942103,-0.1589215869427014,0.838029832676639
-0.018727243889327824,-0.005145683407858356,0.00038887382198482534,0.01942521413713888,0.09892477095127106,410.0,17.96425496023174,0.2775564467875419,0.05992124565874823,0.16632840574034968,162.0,110.25,0.499475837998474,0.05767719204884386,-0.09814266807874227,0.8446111261780153
-0.016160299901399992,6.818025776622605e-06,-0.003347713428239474,0.016503409483687878,0.2378891408443451,409.0,28.47807913149055,0.3110679961968566,0.06679344472977577,0.17333370183432217,244.25,125.0,1.2142504884876122,0.04279672953053427,-0.23670048685147563,0.8483477134282396
-0.0183166601922784,-0.001228475675948415,-0.004826401910388078,0.018981658212242437,0.17556266486644745,373.5,31.31269855612459,0.31501631192509627,0.07444066543434918,0.17097273724619055,233.5,97.75,2.886699734352603,0.0960938441520333,-0.23131594087151705,0.8498264019103882
-0.016642037667810847,-0.005290669851558072,-0.004342127714917932,0.017994518007095357,0.034749988466501236,498.0,17.58176702336855,0.251979447702618,0.05499432244631142,0.14864949226439395,164.0,120.25,2.353082890464234,0.026181028402974718,-0.11529005926353988,0.849342127714918
-0.024791594303586573,0.009887288641210079,0.0017231223464824197,0.02674604223822985,0.17117539048194885,321.0,47.56693321301693,0.4153339419659141,0.09367475320653004,0.1804801489648048,300.75,60.0,0.560964484023272,0.1613577661762057,-0.3676764161248793,0.8432768776535177
-0.016883141426060545,0.006147448633722297,-0.000155936274390589,0.017968191484907064,0.1674714833498001,464.0,38.52747557953955,0.33272014108514014,0.08007717427241794,0.1581311439106473,290.25,117.0,2.476457194023635,0.04149310141516616,-0.3051364727010528,0.8451559362743907
-0.0180757253594709,-0.004416688862639601,-0.0013095224433943287,0.018653520761779462,0.20890593528747559,429.0,16.185184705239124,0.27192636003892556,0.05976108201768912,0.1616869223554852,171.75,111.0,0.28493599816468124,0.05844202871917167,-0.12947058096802605,0.8463095224433944
-0.016489558331343558,0.0012918668020889812,-0.006355176100079629,0.01771899311643144,0.13493603467941284,469.0,38.42678537875372,0.33081375725325485,0.08050715493606862,0.15707458214682135,289.75,115.0,2.915182232787847,0.04031826797853689,-0.2874988040323034,0.8513551761000797
-0.017385820193228332,-0.006111899519706518,-0.008831632594604288,0.02043574793875506,0.09480206668376923,384.0,26.33811603888093,0.2902458833900763,0.07111513685978164,0.16576776379977998,140.0,90.0,2.7745311236442887,0.09698297417513323,-0.08650261487136122,0.8538316325946044
-0.018106101247352166,-0.004369830839818609,-0.00785306247037787,0.020213780302349552,0.21589592099189758,559.0,26.847490136157194,0.2595503479141648,0.08300597279503531,0.13438524983953593,189.25,63.75,1.8237662861909225,0.09406771438498575,-0.1240670776983873,0.852853062470378
-0.021434399828053896,-0.003707809040263091,-0.0034381138490025,0.02202276028808915,0.20556068420410156,430.0,34.722523665716814,0.29919036109142866,0.08850751945160783,0.14777349507414694,189.75,46.0,2.558677354195441,0.14457872322604437,-0.11968466894976516,0.8484381138490026
-0.023913495227860487,0.005903326257662989,0.0038633771729406075,0.024932512871704653,0.13505485653877258,331.5,35.53324608566093,0.36533583048433144,0.08520558116062864,0.18462747717995487,255.5,74.75,1.060100464034888,0.1506905808522144,-0.2683279008729282,0.8411366228270595
-0.01670927704512557,0.0034314861673993557,-0.0031915749432132046,0.01735399629209249,0.19962748885154724,520.0,37.370183538930576,0.31434007606947495,0.08016679299291418,0.14577713445565,288.0,115.75,1.498842203351883,0.02542718284708035,-0.28061230038611534,0.8481915749432133
-0.024473351339621863,0.0021957870773512966,-0.0038996305095342354,0.024879178539343384,0.07795700430870056,312.0,51.246022564288566,0.40367583576713,0.09855541680788363,0.16089883374147596,268.5,18.0,-1.752923207500824,0.23368954045842,-0.282298219316311,0.8488996305095343
-0.025158206707271508,0.006387717206690846,0.004044597942257866,0.02626969867267175,0.2572958469390869,307.0,39.21569640837211,0.3743911867216034,0.08723901086855924,0.18504568027932333,253.75,66.25,2.7238688023019826,0.16161451919364148,-0.2761711073410712,0.8409554020577422
-0.025016359984352365,-0.0010751540702030604,-0.0011347704469915065,0.025065153642232992,0.029646484181284904,379.0,39.01267788817257,0.3475082813622704,0.09518089059451383,0.16564013290590196,214.0,23.5,0.8449068029532811,0.18378430728715417,-0.1866138888278491,0.8461347704469916
-0.01745438235818976,-0.002304903117149204,-0.009661269722374133,0.020082534066541334,0.2046765834093094,412.0,42.56323443683384,0.32569852545247463,0.08558092934442178,0.1512322754193992,269.25,81.0,2.1878631755231166,0.09298552011358506,-0.2745711059193538,0.8546612697223742
-0.020590681128119626,-0.001037177935888034,-0.0021112107797700563,0.020724601283190276,0.1330881416797638,385.0,31.10365508203343,0.3122346491524895,0.0805806359937802,0.16591206929778257,221.0,76.25,-0.3629243963976936,0.11146169698636317,-0.18721948528090046,0.8471112107797701
-0.01539207424608223,-0.004800428934803341,-0.007999120791840175,0.017998499965204178,0.20827630162239075,450.0,20.02133314948235,0.2692654857634464,0.05305439926144094,0.1610902561661195,193.25,128.0,-2.0154225259796545,0.029498407004084348,-0.13110120015884935,0.8529991207918403
-0.016299786282618224,-0.005737042043496177,-0.004875613537295043,0.017954617557411984,0.1964011788368225,488.5,5.054457363044966,0.25863163026030506,0.05218217043980355,0.15378647630317732,152.75,125.25,0.8988343749298231,0.019285763217284098,-0.10046661065770598,0.8498756135372951
-0.01613111645508103,-0.004981405651499682,-0.005313190464234063,0.01769907662171693,0.07716628164052963,481.5,13.758146802756336,0.2572525564985705,0.05417053831975382,0.1514106052129517,173.25,121.5,0.7953429046529683,0.032686160328215905,-0.12738454242875916,0.8503131904642341
-0.026011208242778694,-0.005072999777708934,0.006206262459186096,0.02721830220102157,0.0520927868783474,321.0,27.072955931571183,0.3258198170060797,0.07936291981824302,0.1834674493645737,166.5,69.0,2.6714686962541325,0.15377259512638813,-0.10753053288968752,0.838793737540814
-0.019352985654971316,-0.002583105530695462,-0.003374316747994377,0.019814048083620632,0.06045295298099518,427.0,24.218257818604837,0.2874009207416247,0.07467578303796299,0.15926329330782418,202.5,86.0,2.56605113966448,0.08368757024935487,-0.1553678774419275,0.8483743167479945
-0.017974253177820476,-0.005293805431266743,-0.006244409571513065,0.01975071654754082,0.09065881371498108,340.5,27.565890441545914,0.3026583834756245,0.07047205573398721,0.1743747320455985,170.5,89.25,-0.6773352178555404,0.12707451091122843,-0.1135813821040116,0.8512444095715131
-0.01605090925205592,-0.004820316331872576,-0.010943240359823303,0.020015535139733774,0.10344281792640686,450.0,23.985990712393395,0.2723369569668242,0.06664995434383918,0.15386347603740125,201.0,104.0,-1.8139240259055605,0.06909586066269842,-0.1432251255390882,0.8559432403598234
-0.02788707548781222,0.004831745688822081,0.004069262494252435,0.028593594438466763,0.056862857192754745,320.0,40.96676832818278,0.3717890011575079,0.09156143610160825,0.17528439826838083,245.0,46.5,2.0905798476484,0.2026256519061127,-0.2503635408213867,0.8409307375057476
-0.023217794537907205,-0.002559939357202168,-0.002238104265182339,0.02346547215418547,0.256299763917923,387.5,35.4236634177974,0.32049562787336255,0.09004070198645275,0.15991767894254516,196.75,41.25,-1.1513969715792947,0.1698032708178434,-0.1351402511381478,0.8472381042651824
-0.025921984119064156,0.0074458750732956935,-0.0004571811289786343,0.02697404921143347,0.19685983657836914,345.0,51.296428616888186,0.42479645818299416,0.09947381229740557,0.16612029208036405,303.0,23.25,0.13580149145706213,0.21860599050778995,-0.340579212826069,0.8454571811289787
-0.02846276440747128,0.0007848038078369923,0.002404116039253168,0.02857489542696882,0.1824701428413391,338.5,40.28174044388769,0.36286475276201063,0.09447583802971399,0.16984462604679906,220.25,27.5,-2.2877978450534138,0.21380247042531647,-0.18303242925369453,0.8425958839607469
-0.0271706883635979,-0.004226474798782978,0.00289883825989401,0.027649822036199933,0.24140982329845428,288.5,34.08539598827184,0.35459772645877236,0.08705473296463564,0.1841847121583181,173.25,47.75,-2.620652700633644,0.20588747747707176,-0.09773360634628621,0.8421011617401061
-0.017404859679766557,-0.0019359944858067524,0.0010506732097973481,0.017543692009244338,0.020686760544776917,348.0,16.938275501403833,0.3090447327434486,0.056137040150984384,0.18994981278549727,197.75,122.0,0.8556377727776365,0.08381553956935013,-0.17097757822937093,0.8439493267902027
-0.016711437317961007,-0.0013393543465701763,0.0003170664534817291,0.01676802130347346,0.14998210966587067,476.0,14.350084795700534,0.2745655709786309,0.05896424710961017,0.15952540717435448,209.5,122.5,0.24435247997635942,0.04120708027588816,-0.17265554194794697,0.8446829335465184
-0.026211755842724865,0.006182711470743896,-0.0017638183561803356,0.026988759154186543,0.15392909944057465,322.0,49.73450237973783,0.4247718329248974,0.09934334798132712,0.1654771435223853,284.0,16.75,0.3120744628862258,0.22340243334136792,-0.35299852687579747,0.8467638183561804
-0.015926098509235348,-0.0035681927415794623,-0.003538412548094616,0.016700089117350308,0.12230648100376129,402.0,11.197990244889496,0.2931061587459,0.04128937723483263,0.1831260227823911,191.5,148.0,-0.08952377490106662,0.02968941351119772,-0.14544583139062606,0.8485384125480947
-0.01637034282623956,-0.005490543361243952,-0.007895837629101066,0.018986269842058007,0.09968253970146179,461.0,20.192837796827146,0.26023698104292137,0.05185976032398366,0.15420181994794224,166.25,125.25,-1.7808922440496986,0.028265070690876054,-0.08475714661754509,0.8528958376291012
-0.024877961943494953,0.0020606897058594587,-0.001443874197629924,0.025004883627491644,0.19552108645439148,353.0,43.944732911720344,0.3627413146613084,0.09425329001096494,0.16713561722297843,250.25,36.75,0.31816444410374645,0.19180533838834862,-0.22928402707165638,0.84644387419763
-0.016818503385658934,-0.005311831588149851,-0.006108405718665111,0.018665214474473852,0.11122523993253708,456.5,17.767664728627878,0.26310356321328177,0.05217654452265731,0.1565734811241094,167.25,124.5,2.9984355580895294,0.04323148840532681,-0.1042361025301112,0.8511084057186652
-0.023788867263848407,-0.0005359667760151954,-0.004131418538554699,0.024150902368704652,0.03650086373090744,380.0,43.63155185154711,0.3632693411281155,0.097795601346784,0.1591333905889898,235.0,14.0,-1.6172084707644665,0.20625884642870346,-0.22850732118587755,0.8491314185385548
-0.017602845704829152,0.0005765525910506608,-0.005269979546395964,0.018383831869817055,0.238934725522995,510.0,35.62023922359065,0.30010466910748546,0.08268742335338956,0.14384740731629786,267.25,91.25,0.05382377859783668,0.054397846893119335,-0.2716044192545007,0.850269979546396
-0.01834172914321265,0.0040192929385471365,-0.0012821156357898378,0.018820668537338624,0.2408858984708786,344.0,37.70933426759294,0.3591905448311215,0.07645772919226491,0.18575826182754052,271.75,115.75,-1.1528931454701599,0.09471415320207707,-0.28374812155591506,0.8462821156357899
-0.01877357851449113,-0.0022999758999388,-0.007594321742013355,0.020381630506445723,0.1943495273590088,377.5,38.50561988436909,0.3257035353482467,0.08715292746753134,0.16165429167648016,235.25,60.25,-2.7228687123713367,0.14064809866648034,-0.22737541740536202,0.8525943217420134
-0.02141268477888178,0.00035754685475686276,-0.007804857650015373,0.02279356734103079,0.13182176649570465,357.5,52.332460412753086,0.41448810373034817,0.09994971634900586,0.15827765166682994,300.5,19.25,-2.548142940419019,0.23278922856357848,-0.2953175353630033,0.8528048576500155
-0.016097567332269566,-0.003994521246078964,-0.008347031728080934,0.018567735798204324,0.09849433600902557,462.0,22.543427309018547,0.26578360510213506,0.05739192343422054,0.1550324069920238,199.0,122.25,1.9106313450413177,0.03866123946746329,-0.14005425583142658,0.853347031728081
-0.017807720523799572,0.003768493441385967,-5.801674884109431e-05,0.01820219269798745,0.11472760885953903,312.0,35.359945450591475,0.37327015569135913,0.0672396340954882,0.2068778427003618,264.0,140.5,2.548031749915795,0.07230126801607716,-0.26665501061371194,0.8450580167488412
-0.016018202696642003,-0.005191675666502749,-0.0055333921667823915,0.017724410927539302,0.14679519832134247,505.5,14.187895011094755,0.25351009209298125,0.06515419599807168,0.14587995441498292,170.25,101.5,-2.9639953878032905,0.03609749823203037,-0.11306572400576706,0.8505333921667825
-0.024422325523983213,-0.003677597680284944,-0.00425695696206807,0.025061851313786434,0.1405397206544876,347.0,42.59879937989759,0.3493990523693723,0.09558615244599504,0.15552846814470367,192.25,18.0,-2.8079907893496183,0.23225371353792684,-0.13135622022632643,0.8492569569620682
-0.016770770353212415,-0.00028962392219006317,-0.006580496935413627,0.018017923303574178,0.1452784240245819,512.5,35.53170586523372,0.29127601512298706,0.0786503504893965,0.14217780577471906,263.5,102.75,1.696425460944257,0.044298132288342416,-0.25790502797055176,0.8515804969354137
-0.020726011901732844,-0.002781199277466062,-0.004426054901829235,0.021375046216692863,0.1673201471567154,371.5,33.43480535004182,0.3137695233201031,0.08361373598900135,0.16559778926899704,206.75,63.25,2.79307011808218,0.13238027633233107,-0.1744070571518145,0.8494260549018293
-0.018735082488266025,-0.0015691363849402729,-0.007531162439396111,0.020252997618260028,0.20555366575717926,347.0,42.54855461105883,0.35104695030343674,0.08805919220201876,0.16784528966331635,259.25,66.0,-2.721262921578248,0.14707810877020536,-0.26758894929810306,0.8525311624393962
-0.019253137269790464,0.0051276263644293996,0.0032349980826151814,0.020185169294734934,0.2344854176044464,484.5,29.61941010893544,0.2999257380158041,0.0780624338731422,0.1543382604892306,253.75,98.75,3.134908681772313,0.05032271317549405,-0.23394361356365842,0.8417650019173849
-0.018887337229651052,-0.005544818965316958,-0.006994266794822623,0.0208901003583482,0.12953126430511475,415.5,30.263357732726366,0.2880253405250839,0.08067458622706301,0.15459172851327774,145.5,67.25,-1.3183064960653599,0.11363007121438137,-0.10563578209064202,0.8519942667948227
-0.01828215843552812,0.002530264493564083,-0.0018674553061355237,0.01855065887750505,0.068045973777771,424.0,32.717025211215706,0.32226568746887463,0.07962664353843713,0.16413018417178804,259.0,96.0,-0.9857488759907219,0.06951263685781128,-0.2745792531389742,0.8468674553061356
-0.01854129534555267,0.003394258272678863,-0.004187822128801089,0.019309025777991443,0.22985798120498657,394.0,43.744624385301904,0.3706130457511102,0.0855883676355179,0.16375388324199958,303.25,102.25,1.7218799274735308,0.08232935123626398,-0.3372224008071947,0.8491878221288012
-0.026139799816853493,0.005887691954755636,-0.0015919592065793964,0.02684191470694073,0.06159350275993347,342.0,51.31562273463725,0.41570935610367915,0.0994360867902532,0.1623631850607984,293.0,20.0,1.0469760441436218,0.22420128092617694,-0.32457415396991235,0.8465919592065795
-0.016626692071787644,-0.002802202789241537,-0.008163402632322625,0.01873340258093791,0.09707842767238617,437.0,30.419576392207734,0.29766999565049834,0.0723969267981933,0.16063006768671362,240.0,107.5,0.8592446148558067,0.0615597144334835,-0.2075846882477119,0.8531634026323227
-0.023498616062041372,-0.0021598310666915976,-0.0020650254440890414,0.023687848301452163,0.049432769417762756,344.0,35.637313106809714,0.3352584599036732,0.08921386428316441,0.16804226540447098,195.5,43.5,-1.4761329128204068,0.1863404212578479,-0.15308730941042595,0.8470650254440891
-0.025665716960196955,0.0077801662922340475,0.0034324974466295455,0.027037789357432215,0.23742368817329407,289.5,43.09578017476877,0.39710424316127024,0.0894080173921365,0.1873341822837452,268.75,64.5,-1.9444516665792757,0.17969481937854148,-0.3111837098617201,0.8415675025533705
-0.029250003906930444,0.011509049141804673,0.005873427073626258,0.03197683671492737,0.1516408771276474,252.0,46.26666682870806,0.4375668662819027,0.09165657847406745,0.1964575959410143,280.0,59.25,0.3777284618701893,0.22899209002286347,-0.32762752208173607,0.8391265729263738
-0.021623445982872552,3.947762173686642e-05,-0.0011058669494736773,0.02165174164742327,0.10738642513751984,331.5,33.30021573910351,0.3343227918488018,0.07844718763690985,0.17927592931371528,229.5,84.25,-0.48960194880351676,0.1389006115392004,-0.21756470917990262,0.8461058669494738
-0.025356464583318694,0.009298476054052152,0.002937033283586521,0.027166856969509216,0.14285573363304138,402.0,44.490122741657906,0.3763219065052834,0.09519304625009141,0.1639669730935175,289.0,46.25,-2.1503805769087925,0.14313918943362744,-0.3116980392817181,0.8420629667164136
-0.01681587937067794,-0.00517446961457535,-0.006973042679191743,0.01892543946668571,0.1458495408296585,400.0,19.588988082750852,0.28059505418862035,0.057591618712873556,0.16886184146679661,176.25,115.25,1.5906587969051085,0.0626606764866879,-0.14360334979484443,0.8519730426791918
-0.014815186125901115,-0.0014160032058742056,0.002636151734104697,0.015114367369802885,0.11813811212778091,422.0,10.60216173074857,0.29648243038354344,0.03514894916817845,0.18407803467200778,197.0,164.0,1.9922510253150172,0.012324426958574662,-0.1354887110340349,0.8423638482658954
-0.02370134483510783,0.000882516771913866,-0.0021975282731151458,0.02381935585519773,0.20091059803962708,397.0,41.669549898134306,0.3463671099764456,0.09378589613833285,0.15775500387280683,249.0,38.75,-1.2470050362988347,0.17541570919717542,-0.18022890044748602,0.8471975282731152
-0.0231760049622855,0.004150094902589108,-0.002960613248512267,0.02373005951361363,0.13089734315872192,394.0,46.573075830404235,0.38331747392522253,0.09605019623418638,0.15870194227474632,293.25,43.0,1.469865466357671,0.17094092659125543,-0.2897357810107722,0.8479606132485124
-0.029919067273949385,-0.00447357525286772,0.0021270746576708133,0.030326356666858036,0.037596914917230606,318.0,40.5730509205159,0.3721746644150375,0.09641307167990557,0.171744520175098,175.0,13.0,0.25605871813515957,0.24488093847377373,-0.10706805425205622,0.8428729253423293
-0.018884549885663807,4.688894155296941e-05,-0.004145209563245267,0.01933419730116006,0.03539494797587395,441.0,34.45784219583675,0.31108696535836694,0.08294837245622727,0.1563843336290619,251.0,81.5,-1.529138161575788,0.0943338742991194,-0.20490935907368288,0.8491452095632454
-0.021162721847373916,-0.005769715543971779,-0.005461488196113473,0.022604828394923806,0.1470203846693039,403.0,35.817105645012234,0.31011978153595543,0.0901300559234671,0.1520192796606391,151.0,38.75,-1.3136043094404248,0.16975829739178078,-0.10924619479073934,0.8504614881961136
-0.01642924493801736,-0.0036779357606749608,-0.007940068504007969,0.01861429527383081,0.06775461882352829,496.0,22.195708189846098,0.2647283123180125,0.0662611564649164,0.14885739063971237,211.0,108.5,-1.4653317690174779,0.03769595525650823,-0.18049815793172191,0.852940068504008
-0.025038366108136534,0.008330088428663507,0.0041031199860877,0.026704788788055718,0.058008674532175064,345.0,42.065850324264595,0.36541213435700093,0.09034833747117879,0.17253806661657756,264.0,58.5,-1.5569676265403938,0.1419293875025697,-0.3113837613079689,0.8408968800139124
-0.022569702851576223,0.0040867919508558725,-0.0012237577424155655,0.0229693477981015,0.20143985748291016,398.5,40.259729323913156,0.3541225868421457,0.09013001399614713,0.1618685704516205,272.75,63.75,-1.3943827445209447,0.1376883190715421,-0.26761205603280785,0.8462237577424156
-0.03406940991144192,0.019551949827455672,0.011791408158037808,0.04101268998881494,0.12040730565786362,288.0,48.90056756960084,0.4530956132353847,0.09746354842594933,0.19199314680149082,298.0,34.75,-2.418693710725265,0.20863553775306032,-0.3516687053865805,0.8332085918419623
-0.022973492808438564,0.002789153550246559,0.002451110496132225,0.023271628477837147,0.05503033101558685,400.0,32.18831400059498,0.3212623080039968,0.08410423257283585,0.16417341881130165,235.5,70.5,1.7564264809761834,0.11559693577804271,-0.2301017577034512,0.8425488895038679
-0.016840565937703972,-0.00308894498634113,-0.008655471049566432,0.019184979054475925,0.09650830924510956,519.0,31.522512817107355,0.26373721758099816,0.07651875562737942,0.13560912748906728,222.5,88.5,-1.3739336130400086,0.05799797616682416,-0.2032712264284908,0.8536554710495665
-0.021085321100754423,0.002274410948746197,-0.004914965024186646,0.021769717321882577,0.0433390736579895,423.0,47.28411086262734,0.36992439494450696,0.096801996571995,0.15220353592861013,291.5,37.5,-1.085779163902274,0.1650743140307963,-0.2967499787393388,0.8499149650241867
-0.021559775099005724,-0.0013526976451199157,-0.004741618878404297,0.02211643377280479,0.07172632217407227,399.0,40.02676369053625,0.33449114609859226,0.09210570481981122,0.1549813362014998,238.0,42.5,-1.5356486369183988,0.17572115575907135,-0.18630325948932794,0.8497416188784044
-0.020012563345247314,0.0012813781676093705,-0.005740448515904051,0.02085898777073584,0.21315187215805054,440.0,44.863168895044524,0.34736838382136537,0.09331429825442912,0.1487827359515308,285.75,54.75,-0.08058427152355517,0.1209454223497904,-0.3065421335853282,0.8507404485159041
-0.025994125061974627,-0.005022646047572507,-0.0006520931432340005,0.02648295180912101,0.31829631328582764,296.0,40.569986576246066,0.3537676239822701,0.09138238246140629,0.17259294470882103,167.75,33.25,-2.855783586263782,0.2329299103218503,-0.11525335653878342,0.8456520931432341
-0.016700263682098634,-0.005530797603548923,-0.0068635804262749955,0.01888378313397478,0.22126640379428864,447.0,16.967073308860158,0.2679445808885578,0.06680571576615112,0.15351904567208585,157.25,97.25,1.6504896544680743,0.07115179303793495,-0.11438817611812747,0.8518635804262751
-0.020652569997142434,-0.0015440083134237725,-0.003635209813628637,0.021026824761430134,0.20940358936786652,433.0,29.50953673450946,0.30230148771490006,0.08370462613210251,0.1544238097797368,218.25,66.25,-0.4376810193082415,0.12470000618033449,-0.19027544718692155,0.8486352098136287
-0.019779389262543925,-0.001360800766108533,-0.0029656905648741683,0.020046728881562278,0.06655433028936386,422.0,30.07001461178398,0.2977944850810305,0.08041792472576792,0.15524177567912112,217.5,75.5,0.04491411065595877,0.10874951446282641,-0.19508215326622505,0.8479656905648743
-0.027124760175844004,-0.004468592256353349,-0.00013577513761209303,0.027490714182039497,0.2582501471042633,348.5,38.7760397472127,0.3492386620096573,0.09482608034201385,0.16561894847318215,169.75,20.25,-2.8401995815205945,0.22284139554676805,-0.1124318854551179,0.8451357751376122
-0.022327193017483177,0.003483710566408116,-0.0044498412647741015,0.023031302061154498,0.0652952566742897,394.0,47.95208954519619,0.3837850249645524,0.096536249380265,0.15566380167221538,295.5,40.5,-2.70641183571995,0.15923985006269437,-0.30811532691604865,0.8494498412647742
-0.01512267967599205,-0.0050421633995765824,-0.007936327630532869,0.017807418358365485,0.17064088582992554,462.0,16.29608072224871,0.26387272393530514,0.04234412127745484,0.15981767839134886,180.0,143.0,-0.5943465463282838,0.013269657028005626,-0.12824027429458587,0.852936327630533
-0.01771487863346341,-0.003623824624062799,-0.010786936624122223,0.021054857673162546,0.09985028952360153,375.5,48.32823597095381,0.3491022807588596,0.09574628634508878,0.14507275742049963,253.5,29.75,-0.7907701021894409,0.1848259213157959,-0.2654378963095128,0.8557869366241223
-0.016153439086785015,-0.003341961656072201,-0.007930150368230193,0.018302720751403937,0.09310884028673172,428.0,23.826255449879675,0.2792995017760242,0.06146631877531298,0.15932950912485455,207.5,116.5,-2.512632131557698,0.06744264613988239,-0.1779382636612651,0.8529301503682303
-0.01598610522447931,-0.00547828747424596,-0.009857635145404275,0.01956374617905565,0.17508472502231598,400.5,12.252969208591349,0.28215289442835606,0.055361317215078545,0.17011661216732066,145.5,119.25,1.7220129906687902,0.06640873427352818,-0.08999387320736442,0.8548576351454044
-0.02273161888712069,7.677545769960159e-05,0.0033746593716028617,0.022980877215079368,0.1785396933555603,280.5,31.289238238467593,0.34570326004236057,0.07456191950902803,0.19934526531904273,210.5,86.75,1.1795566549235326,0.14042651265495898,-0.20101193966272843,0.8416253406283972
-0.021690063905343865,0.0024330321937644506,-0.005247579920820589,0.022448064791852202,0.15526869893074036,345.0,48.64718526803834,0.399548342928436,0.09574542566075027,0.1661109805152161,293.75,44.0,2.0554889328768096,0.17281386457410502,-0.34280968437888815,0.8502475799208207
-0.016541091430071417,-6.599881167962396e-05,-0.0023867955708436472,0.016712535853009382,0.05183331295847893,414.0,20.398049379865597,0.3075689775320848,0.06155422430326635,0.1759862492984431,233.0,130.5,-1.0906411210050595,0.03622323976373336,-0.2162340591800761,0.8473867955708437
-0.01922982741308482,-0.006391420637336456,-0.0034594520920359084,0.020557342456589335,0.2596780061721802,414.0,23.615875289626267,0.2823068904779334,0.07175788462499454,0.1601930752092383,144.25,88.25,0.4280830376464272,0.08908218251432498,-0.09520927397300445,0.848459452092036
-0.02923112161141736,0.009247107126533538,0.0042198533674358,0.030947934071820008,0.04664231836795807,280.0,46.98857953731216,0.4264053840214264,0.09612488640680153,0.18478680384507185,271.5,33.0,-0.5399469858134297,0.22907918121916648,-0.3366135679407951,0.8407801466325643
-0.015430923875731802,-0.0024048598055248227,-0.0050229431896431365,0.01640508215856419,0.2496529221534729,410.5,15.6445835535196,0.2923914146606812,0.045160229883107174,0.17819243040727806,205.25,148.25,1.8591909801556863,0.01755723321895426,-0.16853241816707568,0.8500229431896432
-0.017086405535514465,0.0022101213851405954,-0.0015634978683350953,0.01729954959660521,0.20931091904640198,469.0,29.769106340911247,0.29734674394951416,0.0756750260787071,0.15667859984896682,249.75,103.25,0.22453071098100796,0.03254818014230469,-0.2704276177776784,0.8465634978683352
-0.03224979470538383,0.003808543857420188,0.0073523300822146975,0.03329581088502179,0.13515259325504303,340.0,39.33540421436305,0.3648421277712187,0.09422318433060345,0.1693081569332756,223.0,28.75,-0.5434376620302355,0.21330840916257007,-0.20190627188046098,0.8376476699177854
-0.015320501180478813,9.037582279294853e-05,-0.002202479804829016,0.015478269977651825,0.14245997369289398,455.5,23.169577115987803,0.2929073526762053,0.05619567740139388,0.16715024991479488,233.25,144.5,-2.0753472243508475,0.02171931235735826,-0.21863451206613585,0.8472024798048291
-0.015664922946988125,0.0019374262942648546,-0.003927981349586052,0.016265683787147708,0.09227954596281052,363.0,36.393343902423815,0.3704565884933273,0.07012006959222664,0.19645309914432796,281.5,148.0,0.45141250264810373,0.0252378098132279,-0.3261601071036029,0.8489279813495861
-0.016744989907151217,0.0017892604650463495,-0.0058237582418192435,0.017818874825912313,0.2722180485725403,441.0,40.92871965218642,0.338320259799149,0.08379027068484451,0.1571691117675188,290.75,101.25,1.1444773707050493,0.05596014593147819,-0.337587966582288,0.8508237582418193
-0.023753375765255047,0.00016914382658222982,-0.000218296723966227,0.023754981021654617,0.2374863624572754,399.0,35.212513112306496,0.3305683006897554,0.09005251183388222,0.1616799091853598,229.75,48.25,2.599425004447996,0.15538758530426117,-0.19836225502646074,0.8452182967239663
-0.028854331090161223,0.0050612535786943025,0.0012430449883202854,0.029321218789325223,0.15022403001785278,291.5,48.90333063054452,0.40412864328738735,0.09684779594369923,0.16805837023374093,258.5,24.75,2.704117036122867,0.2379916411664646,-0.286605446603584,0.8437569550116798
-0.01943971570697889,-0.004503726068384881,-0.0057465490988701795,0.020765570587222903,0.0935845598578453,351.5,30.001790075000827,0.306473956009559,0.07847504559479658,0.16959552481519535,169.25,71.5,-1.6158012091668783,0.1392505694441673,-0.12117878527155039,0.8507465490988703
-0.018898220535962573,-3.5991597603812764e-05,0.0025855247449910745,0.01907430137719169,0.10205680876970291,382.0,18.71681377418659,0.30553552726816163,0.06184990581328432,0.18021481241777326,214.0,118.0,-3.109403872552884,0.07194291058613636,-0.19333788910196542,0.842414475255009
-0.02104841974633949,-0.0019120050569962355,-0.00212843397524598,0.021241985979259442,0.1770557016134262,435.5,28.516832517300053,0.29723846168124196,0.0824927524838758,0.15312219464287002,212.5,68.25,1.4730711104414975,0.12143502753210118,-0.16571310337562242,0.8471284339752461
-0.015842382593324114,0.003450883901210622,-0.0024508542034020753,0.016398060015112372,0.17964814603328705,489.0,34.791804519293095,0.32479357552796895,0.07078428448562919,0.1623128169333249,282.75,148.75,-1.997362625587737,0.010146086862085237,-0.25704024573239803,0.8474508542034022
-0.021382452691634996,-0.0029474884574729465,-0.006669958218104899,0.02259170896475541,0.2522563636302948,326.0,44.647332110765156,0.3543560237165558,0.09381794472990464,0.1616746348924275,220.75,30.25,-0.4951308650786504,0.20947309443524745,-0.17085232444746337,0.851669958218105
-0.022133460215226303,0.006769788388659215,0.0036476364658355465,0.023431289928493564,0.09724342823028564,384.0,33.885022864779636,0.3494130355628283,0.08320374045159978,0.1741470084108886,265.0,87.0,1.749782657988258,0.10879436090911272,-0.27993848397032367,0.8413523635341645
-0.019263987258014162,-0.00036869539027709064,-0.0021487177882044683,0.019386957716493063,0.1438921093940735,383.0,27.845806999307406,0.3132529045138637,0.07378246361690632,0.1732610882706057,228.25,97.25,-0.11399270705444081,0.09826998592561532,-0.19439467976452465,0.8471487177882046
-0.01778912141034586,-0.0014416014798194488,-0.003500805816699759,0.018187542350325454,0.298117458820343,396.0,26.176304984387745,0.30461660619209086,0.0690605738210303,0.1718175507615669,227.5,109.0,2.6625711588869483,0.06859792660339796,-0.19557878672469028,0.8485008058166998
-0.0169976844309453,-0.0026725527484825484,-0.004537325124538194,0.017794693970203234,0.11221296340227127,416.0,20.180074070176527,0.2844530570507,0.05617079325164501,0.16921642471285725,204.0,126.0,-0.5470312255839497,0.04789367327355699,-0.15480711762308028,0.8495373251245383
-0.02740295567569362,-0.006339687927915241,0.0004906110887132886,0.02813102063608343,0.13128724694252014,325.0,38.52977629214036,0.35137949169647875,0.09292715790389385,0.1715984212773497,151.25,28.0,-1.7365617341055397,0.21395764649193383,-0.07987941137712447,0.8445093889112868
-0.017913768206944042,-0.0021453452347393043,-0.00786820627778928,0.01968284195887831,0.10251413285732269,333.0,37.343621903171965,0.3404433857213117,0.07899024954117358,0.17436558747202568,247.25,91.0,-1.537569255668605,0.12451208008370131,-0.2515938144612231,0.8528682062777894
-0.016685867329808028,-0.0057032769881939505,-0.008248340337459803,0.019467425491692118,0.10989145934581757,493.0,21.28403012378828,0.25523291768370143,0.0647595411503602,0.1455522972871206,149.5,103.0,2.5498028676335847,0.04255319230749716,-0.08741864364972782,0.8532483403374599
-0.015941113535951307,-0.001140251795663877,-0.004410047896633906,0.016579137413454594,0.2127508968114853,385.5,25.263388473108712,0.3110321730607463,0.05666869578977334,0.18365051658930986,229.75,139.75,-0.20782888446165212,0.02812591012012643,-0.217721944348784,0.849410047896634
-0.01600989515314767,-0.0011221210359029232,-0.0023337379347477816,0.016217960142449417,0.21528378129005432,463.5,12.348450949343942,0.28250727825041555,0.05711839138150068,0.1647127958700625,216.5,130.75,-2.8426411568519723,0.02715916355998052,-0.17813231938182297,0.8473337379347479
-0.019556089567065865,-0.003310797292023493,-0.00910667928178055,0.02182506873769665,0.18751446902751923,313.0,45.759027683034795,0.373322975451302,0.09528767495041235,0.16731296894036896,233.0,26.25,1.5544940242447822,0.23082202630491758,-0.22997612142911303,0.8541066792817806
-0.01859261864090321,-0.00042399497466449887,-0.006791353095863428,0.019798679666515544,0.06367859989404678,521.0,39.560796537626906,0.2995055533512324,0.08798091125090837,0.13659009440182968,265.5,70.5,-2.741255634418567,0.09203677395781666,-0.23130261515246978,0.8517913530958635
-0.01974185514328204,-0.003595610582841538,-0.00242900182384842,0.020213097482128576,0.15151211619377136,453.0,22.804367965022358,0.2777790073903208,0.07718376024538545,0.154329935036836,182.0,76.75,0.7382603362222061,0.08888709129705252,-0.1192384759588105,0.8474290018238485
-0.018927621827954183,-0.0004901983807900634,-0.0062936570285938576,0.01995257580635006,0.06489484012126923,365.0,39.779161933847796,0.3491262716990228,0.08701270812922575,0.16759759821807008,261.5,71.0,2.5040990922492328,0.1348903925169864,-0.27724816369926303,0.8512936570285939
-0.023188525237133745,-0.00041359155149445215,-0.003093158353157044,0.023397572293773587,0.18967947363853455,321.0,40.63699577398874,0.35568168077084694,0.09084755436554733,0.17116228949800483,226.25,43.25,-0.3127551050803464,0.1913909744522536,-0.24683116301991195,0.8480931583531571
-0.016698131287888086,0.003881405480710809,-0.004350867820672288,0.01768680151429875,0.1630781590938568,431.0,40.57905166229931,0.3549428151028503,0.07939124207680014,0.16672271025072705,300.0,128.75,0.19347375839979555,0.04702453126719889,-0.32194686030413106,0.8493508678206724
-0.021749620067697012,0.004420433118700162,-0.0022003272082973258,0.022303085927055998,0.04511493816971779,359.0,43.87221770147012,0.3785295419084648,0.09071486258156986,0.1712335264025039,286.5,68.5,-2.768202381866715,0.151539763070412,-0.2768490211102039,0.8472003272082974
-0.018054195615285692,-0.00031923723355531397,-0.0018228324072910862,0.018148790860863427,0.09264939278364182,392.5,23.200641611888912,0.30501108675648747,0.06527856218068877,0.1755733901659685,223.25,115.5,1.8069844883318167,0.07494281756407174,-0.18546885587167075,0.8468228324072912
-0.019182663352372148,-0.003796202842425156,-0.00043959460821985097,0.019559626088728136,0.017470913007855415,449.0,11.382928974844265,0.2742781521296621,0.06762061209084554,0.15942216124722497,176.5,96.5,-0.35653260428870537,0.06914027742842953,-0.11186989714980913,0.8454395946082199
-0.01855072857238299,-0.004391732988146185,-0.009916480552796925,0.021488448891425312,0.09070708602666855,336.0,42.1319024546041,0.3297831321741575,0.08933848004659832,0.162200721229815,207.0,45.0,0.798957434801119,0.1879917520493874,-0.15550633715349998,0.854916480552797
-0.015151888997227393,-0.005738558950833583,-0.0014900610389798619,0.016270558715556712,0.24905046820640564,404.5,6.931357990147489,0.28447313943075403,0.040941291004116184,0.17963715761908794,151.75,143.25,0.9273803692991741,0.019182454310686374,-0.127563402481269,0.84649006103898
-0.019799627252986465,-0.00266862932418796,-0.004385260172854011,0.020454274091512997,0.19391417503356934,348.5,29.720839381603636,0.31657722441354036,0.07717136357423415,0.17479550270574207,208.75,81.25,-0.20735765558014713,0.1242073523422159,-0.15573266398207625,0.8493852601728541
-0.020881213615450284,0.003284823805172754,-0.0026105892000015674,0.02129859914304837,0.29766884446144104,449.5,40.16725913604054,0.33374568857851705,0.0907244341510798,0.1535069157881508,271.75,60.75,2.2985865317808742,0.11838638117911161,-0.2900524057185972,0.8476105892000017
-0.020670403294537593,0.00039812824286633575,-0.00442092079033618,0.021141632365809057,0.14309409260749817,415.5,39.57685716116651,0.3354986778229535,0.09089101289853867,0.15557153036016902,256.25,53.5,-1.2917177114833134,0.13354956927797654,-0.2716855458787685,0.8494209207903363
-0.0197456594875534,-0.0023197591650102323,-0.005090922742981507,0.02052291026041538,0.32420438528060913,392.5,31.85858788196859,0.3002935559147642,0.0803943673214654,0.15724694146624585,206.25,72.0,0.3611336262387029,0.12646113849645996,-0.17381879857218138,0.8500909227429816
-0.01989631760850402,-0.004488156612235561,-0.0005282493696402435,0.02040308926488698,0.12698808312416077,386.0,21.024759577440207,0.29247356654831613,0.07132380796470232,0.1715122900464181,173.0,88.25,-0.9325232961310123,0.10303089337766268,-0.10188038221372622,0.8455282493696403
-0.022128633870799358,0.004797096304715365,-0.0023690823452791054,0.022766227643228807,0.13044601678848267,391.5,47.265523771095395,0.3685069508952044,0.09323003589652312,0.1558338371887812,293.5,59.25,1.9996416762458797,0.14397462420218843,-0.2989948906045977,0.8473690823452792
-0.02009895849652446,-0.00018420443417074828,-0.0027071834638676684,0.020281294490875564,0.14920246601104736,390.0,31.324443690984896,0.31044935077540026,0.07925891979993396,0.16473734556365638,226.0,81.75,-2.8008217308352226,0.12347060796956733,-0.19698759091411364,0.8477071834638678
-0.022098225802230434,0.009959700723233045,0.0034217079696069463,0.02447928323158183,0.0758557915687561,334.0,40.87163987206212,0.39638678405254846,0.08592858909443267,0.18936562468978146,292.5,92.5,0.17831493137405352,0.11209353235576532,-0.3515789359260696,0.8415782920303931
-0.02007072502871135,0.0011378768825008323,-0.006575344880909939,0.021150979345665736,0.15811143815517426,402.5,48.012481670819476,0.368712610159462,0.09406135622454054,0.154540605934524,298.25,56.5,-2.822758416985655,0.14315925890110454,-0.325545644935232,0.85157534488091
-0.016024788954660328,-0.005960374197645141,-0.005713212011156044,0.018026666721881093,0.027228331193327904,533.0,3.053592438909637,0.24778870984177132,0.05662367026296531,0.14518168632184725,162.5,117.5,-1.5285774711549467,0.01618126217796676,-0.09748189848194339,0.8507132120111561
-0.016414493525439798,-0.003328109674976598,-0.00232371081278937,0.016908919056132836,0.1573929339647293,424.0,15.180257139962839,0.2809668153321448,0.05082918381335852,0.16982702046398102,195.25,132.25,0.14345351204486956,0.04323428328651643,-0.15203561131484453,0.8473237108127895
-0.03096979020548582,-0.0030914588108094387,0.004509745472859983,0.03144873331599729,0.06201751157641411,278.0,40.65220270330622,0.3705361788160345,0.09228018129189809,0.17958929611964025,176.5,30.0,0.6223208356456942,0.23910978747933045,-0.136479085539309,0.8404902545271401
-0.030066408902988673,0.014135864960827582,0.006896153166689123,0.03393182209977687,0.19752611219882965,257.5,47.92307328498076,0.4607610971443655,0.09440150668421779,0.20307484375702856,296.75,53.25,2.541375526455599,0.22629551147781002,-0.3587774107709975,0.838103846833311
-0.0178793583634779,-0.003906872166366815,-0.010410217211927142,0.02105487421034623,0.15714697539806366,436.5,41.53744009761132,0.31676345258200417,0.0945323938928523,0.14310865032173659,216.5,26.75,0.18926672258524765,0.16293377937048034,-0.18873642396965765,0.8554102172119272
-0.017490160537704566,-0.005262313121788126,-0.00812452612349257,0.019990137062004722,0.0970417782664299,448.0,26.35500784888534,0.2655559022813217,0.06918112104316512,0.1524341482781949,152.0,93.75,-1.0595990066133494,0.06766872185294662,-0.0920399787311108,0.8531245261234927
-0.02188068430891371,-0.0016048270689646704,-0.00541170820650394,0.022597044086781936,0.24623167514801025,326.0,43.64685429658846,0.3547515681142414,0.09257179752710266,0.16581005939673343,228.75,37.25,-0.5621844647218079,0.19906410782254516,-0.22656007931696032,0.850411708206504
-0.029082028087994233,0.00703975430602688,0.0026317226031415952,0.03003745099471651,0.13911530375480652,310.0,46.08635247797047,0.4124387297463692,0.09743084402682235,0.17914513491167117,264.25,23.0,1.238874505359252,0.23397606732510629,-0.29493049324093734,0.8423682773968585
-0.025463416669049832,0.006897556101016389,0.0017130972681118628,0.026436652036109367,0.19649022817611694,320.0,43.734550228782666,0.39095246083182567,0.09305378635882594,0.17899163983655353,269.25,48.25,1.0731237266374232,0.1767657075002573,-0.3172061363923158,0.8432869027318882
-0.024680587351206484,-0.00021096085802560505,0.0012053840771754087,0.024710905431765556,0.11947557330131531,421.0,36.04892416918526,0.30873441378549393,0.08995150219760571,0.15101897523885843,205.0,42.75,-0.833965210897817,0.14089033475619306,-0.21979691496290374,0.8437946159228247
-0.016661388894019073,-0.002836736188156802,-0.008749638521515002,0.019031687427448984,0.14311622083187103,452.5,28.595972359810276,0.28040624487103194,0.06995813944783542,0.15373439559811097,224.75,105.5,-1.3977812958159728,0.04732616220410956,-0.20852593469324296,0.8537496385215151
-0.016308730190001813,-0.0020873657793900047,-0.007807395346712487,0.018201296613349086,0.11525943130254745,512.5,25.85012320953102,0.28184372028319243,0.06444650324006103,0.14996205572102017,243.25,131.5,1.3853168340839015,0.025353469322038497,-0.20371371207954828,0.8528073953467126
-0.02957381190506614,-0.007840935602267826,0.003933860205802997,0.030847461448779593,0.21753685176372528,309.0,37.56415954443464,0.35528062289663176,0.09132638951774946,0.17484200929110882,142.0,34.25,0.37270781100729167,0.22264907163990155,-0.08379379196014984,0.8410661397941971
-0.018925042618663374,0.0032630146351853573,-0.0031197081047329434,0.01945602943270788,0.1286281794309616,412.0,40.647777775042464,0.34962873458210514,0.08472758574275324,0.16353649795933023,288.0,95.75,0.9745182217084041,0.08546380694541379,-0.3045895361028866,0.848119708104733
-0.019823726536928585,-0.00267756146858672,-0.004758711088967749,0.020561974624467648,0.2244688868522644,441.0,28.771004768809778,0.2874829929594504,0.08238535912975013,0.14933822856618106,192.75,64.25,-2.533219449936523,0.111821891480637,-0.18051262996271053,0.8497587110889678
-0.017158364680727435,0.002869483723242361,-0.002814236786738311,0.01762280749615732,0.13076013326644897,447.0,33.718073610209444,0.31792623630190553,0.07759532882121571,0.1603898355118195,267.0,108.25,-2.6001033281840176,0.04140401374072656,-0.27978127578957834,0.8478142367867384
-0.01938166877273459,-0.003951243639132768,-0.006350858945150195,0.0207748602896139,0.15778055787086487,475.0,32.2836937429593,0.2816469632765878,0.08589772358678263,0.14379164358400587,192.25,55.0,-0.4444004011885983,0.11268597106180893,-0.13414824841912404,0.8513508589451503
-0.015156380300637767,-0.003910958319968849,-0.005637987793372212,0.016637258342536737,0.0862024798989296,475.0,17.834947045824656,0.2593383419983873,0.045685860053509685,0.15501115434331236,187.0,139.5,2.4651596999926464,0.0028049494433039415,-0.1516886009238169,0.8506379877933723
-0.02123352848076368,-0.0043917071824466775,-0.006336836878554797,0.02258993858657363,0.1294056922197342,400.0,36.728070967568854,0.3156352960260324,0.0916810002436092,0.15450784743103563,169.25,33.0,-0.22832854293463273,0.1804362385598408,-0.12304493288066874,0.8513368368785549
-0.01979850339599279,-0.002149361183542392,-0.004741756402012909,0.020471559393326323,0.08097361773252487,336.0,32.75460494171588,0.31697953876076923,0.07678350883650976,0.17348271580617636,209.0,82.0,-1.0357488282193128,0.13323101864235345,-0.1642166623543119,0.849741756402013
-0.01773736274947048,0.0031985787302126756,-0.0018675878000053991,0.018119956605643427,0.1139223575592041,434.5,35.56925510617362,0.3286465168261909,0.07686225513481071,0.16456329790809388,274.5,117.25,0.9808569799273752,0.05702173025716376,-0.2585248619877364,0.8468675878000055
-0.021122425239264914,-0.001305196640226547,-0.002815872435048883,0.02134922771035201,0.13865971565246582,353.5,34.03386473466752,0.32476837445815343,0.08392041844299211,0.16941305139401164,215.5,64.25,-2.8331243172447684,0.1533924503068873,-0.1939082948927659,0.847815872435049
-0.016261530835656464,0.004139071751653123,-0.0027060832250975775,0.016996828719072668,0.2787281274795532,475.5,36.1019965717186,0.3271492574812348,0.07862442603958746,0.15658512247358736,285.75,119.25,-1.2766301048478133,0.027926075045103062,-0.31167712473992737,0.8477060832250977
-0.015824069573208942,-0.0014897573186442026,-0.00902694519016689,0.018278574730883373,0.03484952077269554,556.0,37.16242840026247,0.29082173848514,0.07950275470712194,0.13529427935885807,277.0,109.5,-2.1453997867882384,0.028542900330638533,-0.2640793052055468,0.854026945190167
-0.027503894301380172,0.002145443573270567,8.99379392903521e-05,0.02758759175246191,0.20198817551136017,380.0,44.97734892692405,0.36365280184371307,0.09734150823905845,0.15640903441267962,246.75,19.75,-0.022624757259804645,0.21159015416787466,-0.2160010380774791,0.8449100620607097
-0.015569283034895,-0.0014145841657135783,-0.0038151487612092527,0.01609220254199882,0.09367057681083679,474.0,19.466990798439877,0.2757741723209427,0.05171816622304575,0.15978951126699747,215.0,142.0,-0.9975778264718075,0.015169637086582609,-0.17687509938846638,0.8488151487612093
-0.018277018906522113,-7.015541232502365e-05,0.0007879365722889276,0.01829412982169952,0.2085314393043518,408.0,19.661875001999352,0.2953675035033706,0.06615052601559923,0.17219720340147104,214.0,109.25,-1.7922139472884315,0.06761236422252434,-0.1893088180740299,0.8442120634277112
-0.020591401199883647,0.0002172336866530511,-0.005192356204512194,0.02123707976167446,0.07952968031167984,377.0,42.02958143937317,0.3419726491233403,0.09008158059490869,0.16040971979950103,254.5,56.0,-2.3837325626152284,0.1559500425926744,-0.25976840700897585,0.8501923562045123
-0.022381311126432046,0.004403913091708123,-0.002996866735403114,0.023006493615656317,0.11050398647785187,393.0,46.99901741627833,0.38630314709521846,0.09446446130618916,0.15792099941974302,303.75,57.0,1.6678355145139776,0.15190342577394605,-0.3136168578741035,0.8479968667354032
-0.019812343962367723,-0.0012008925161643147,-0.001294110034363305,0.019890848068888065,0.051189567893743515,407.0,25.157289467661627,0.30033119949021836,0.07416440916706052,0.16747467827635132,218.5,92.0,2.26623411877856,0.08713213902639542,-0.180604668460583,0.8462941100343634
-0.02327628774972662,0.003641988550437625,0.0012748259039943033,0.023593957554744544,0.20465630292892456,299.0,39.98655322905178,0.36494519666922803,0.08558862276185071,0.18353016064086114,245.75,68.25,-2.4619305628256383,0.15740012360950628,-0.2973498261012508,0.8437251740960058
-0.016433922320157203,0.001215725583328664,-0.006960260058419543,0.017888460291477056,0.1512935906648636,428.5,41.62764768268335,0.3557150912557698,0.07974107823932745,0.16461723547899731,301.25,128.5,-2.1264268207428225,0.05794516401449281,-0.31556445650847736,0.8519602600584196
-0.02363295993796677,0.004911083633593938,0.002151285514040202,0.024233521561024013,0.3130051791667938,288.0,37.99583680409524,0.38297610739516497,0.08481686419790864,0.19416624875179933,254.25,75.25,-0.4644466048862416,0.16387616153489287,-0.2683314494748097,0.8428487144859599
-0.01863626812631411,-3.8320093177501846e-05,-0.007798338725168108,0.020202129713915534,0.06885077059268951,397.0,44.362186561627524,0.35877456042978806,0.09081201085887226,0.15583606823384455,286.5,67.0,-2.6817022636983294,0.13507492643646815,-0.31876375307746607,0.8527983387251682
-0.019046887525203074,0.00031504498139708903,-0.0019462290390060977,0.019148654919087932,0.235250324010849,349.0,31.81416922439171,0.32651537802531083,0.07583631526968208,0.1797412731337633,234.0,93.75,0.4561073116095037,0.10163161490451626,-0.23890204195000264,0.8469462290390062
-0.016090796104358485,-0.004262016747823116,-0.006736304931122428,0.017957068529017402,0.06323769688606262,522.0,20.424263734409,0.25149775182554157,0.05803250552022778,0.1449560775730777,193.75,120.0,-1.4692145046228342,0.012856171520520017,-0.13505035240541616,0.8517363049311225
-0.016972759393324363,-0.0017174297044238451,-0.008107120588015881,0.01888781433734324,0.23880377411842346,419.0,36.37151589343171,0.30915117981677115,0.08146160768977245,0.15715580505884075,247.75,84.0,2.5041908475137054,0.07926727224717038,-0.26497738834804446,0.853107120588016
-0.028473653863011178,0.00029855143967599806,0.005205727250739978,0.028947153460777465,0.20665259659290314,281.5,35.4877439105098,0.3645030171974491,0.08666502867376011,0.1881688055675136,207.5,53.25,-0.27009207265227764,0.2066434438299472,-0.1754701046759841,0.8397942727492601
-0.021299069279880817,-0.0016857821215810476,-0.00267680479744703,0.02153270762059989,0.11981073766946793,322.0,30.726836843883035,0.32953922917395473,0.07876432996967604,0.1787703593436275,207.0,75.75,-2.5902387222667684,0.1481190835355359,-0.2030278364715198,0.8476768047974471
-0.02262713511401221,0.0046486607500289545,-0.0021276507654073296,0.023197503917796035,0.1318850964307785,332.0,44.11054038952526,0.38820185700086524,0.09263649495687874,0.17379605808856569,276.25,53.0,1.2549145088677038,0.16799190335106332,-0.3100262890842214,0.8471276507654074
-0.016260554952822158,-0.0015279943386828643,0.0004528684567706165,0.01633846700005646,0.17392896115779877,406.0,16.20483599780774,0.2917460281196632,0.04619430717936056,0.17901807230748334,201.75,144.75,-2.0238816321129094,0.025010646165921795,-0.14519695114499953,0.8445471315432295
-0.029507041319887073,0.0005000075182542141,0.0029941308827143853,0.02966277658471401,0.03723739832639694,330.0,40.542080563658196,0.37432529975512663,0.09579827121811449,0.17545398669335122,218.0,21.0,2.1564467605361606,0.2333328275515776,-0.15070262849630678,0.8420058691172857
-0.025165962727550284,-0.00046121729617676355,-0.0006644444730080634,0.025178957243230975,0.2943689823150635,432.5,39.51902458028882,0.3260247549260946,0.09554852969900125,0.15097281707483368,211.25,21.25,-1.0364269989634673,0.16615019093406652,-0.2010010287293067,0.8456644444730081
-0.021892463817716756,-0.0006451125450234185,-0.005701821006354746,0.022631988533805245,0.1937110275030136,402.0,45.0487526647549,0.34744834979928435,0.09643752643787051,0.1493123814990538,247.25,24.75,0.3129028284462555,0.18370968359430861,-0.25613328737584434,0.8507018210063548
-0.02123309324366318,-0.001463922879401447,-0.0035142180989362615,0.02157167234448505,0.23896805942058563,374.5,36.11314322733758,0.32399827193895914,0.08788405034388781,0.15933460528127485,215.25,51.5,0.4462450017727656,0.16005498828337483,-0.1966087462009536,0.8485142180989363
-0.01632558076764115,-0.0017049237577416998,0.0003399250060458492,0.0164178835855972,0.11360789090394974,505.5,9.3521628856876,0.2633892461579061,0.05607402672870673,0.15257946033703684,201.75,125.5,-1.470922324151872,0.019923998324829106,-0.17235323979625702,0.8446600749939542
-0.021266505765684562,0.004310549364696603,0.0036493000431254696,0.022003692738086864,0.09061403572559357,405.0,31.60180859273591,0.318915244219576,0.08027651303067104,0.1668155964462218,243.5,86.0,1.3807953683477978,0.09010446748994619,-0.24146363370072574,0.8413506999568746
-0.01833711693321277,-0.0025344421783116966,-0.0032486902840622722,0.018794340721059746,0.06280621141195297,366.0,23.327692997062748,0.30036988240178103,0.06870510671998614,0.17628843760337742,195.5,97.0,-1.2320392649825378,0.10235163975202764,-0.15124646490521865,0.8482486902840624
-0.019219559728356206,-0.0008312007046166192,-0.0050031936359788975,0.019877482670657937,0.059063661843538284,339.0,37.477782302650304,0.34321755071465976,0.08246003511453416,0.1747625734799022,247.5,80.5,-2.9362287253290265,0.12953229586330964,-0.24125248256474016,0.850003193635979
-0.02187451563828241,0.0020857954249462463,-0.004617698151721195,0.022453688186678773,0.1952231526374817,418.0,47.038627095753384,0.37529652285032206,0.09842882744128563,0.15440097577716794,283.25,24.0,-2.2225809888152033,0.17556635795960568,-0.30550550899255585,0.8496176981517213
-0.023303844046440494,0.005081022185020434,0.0028246629757513464,0.024018006884670307,0.06800711154937744,383.0,36.47175547859403,0.3433022083014972,0.08781327812388262,0.16948925855219088,252.5,64.0,0.5578514443110442,0.13150271753334677,-0.2653606856925304,0.8421753370242487
-0.024223089992491703,-0.0032503194216751685,0.001266556877956515,0.024472981662485866,0.1267770528793335,316.0,29.157914458836228,0.3312100519949279,0.08002637637039887,0.18200003996473502,188.25,69.0,3.082978768500321,0.16354524083175098,-0.11665575494532299,0.8437334431220436
-0.0205008140008629,-0.0009332278244941483,-0.004399624496539634,0.02098835354621553,0.17498937249183655,359.5,36.214716331256355,0.33734437866939154,0.08660162998708507,0.1706562300403086,234.5,61.75,0.2508248575935415,0.15120762195315504,-0.2048365060751744,0.8493996244965397
-0.027670763806303816,0.0015405879365219255,0.002156794019685271,0.027797416089589338,0.15672741830348969,371.5,41.56989129516927,0.3526813158072691,0.09541548657759828,0.1610699624412275,227.5,24.75,-1.9150802872327366,0.19545554090986278,-0.20354339066997093,0.8428432059803148
-0.016779902248106243,-0.001563883428934043,-0.0023201521978493123,0.01701158302617603,0.13426853716373444,391.0,23.57135818550054,0.30016218014293305,0.05738863333271202,0.17854040217898348,218.0,131.25,-0.3735954760151472,0.044767681793921654,-0.15242249186524884,0.8473201521978494
-0.01968606323203778,0.0008051388996503372,-0.007483425216723294,0.021075838944103982,0.11585459858179092,334.5,49.95230170057323,0.40217352354718183,0.09477867639298729,0.16297502719055712,299.5,52.75,2.125186865330835,0.1909246283010348,-0.33817004465430467,0.8524834252167234
-0.0212263326428348,-0.005439387062495221,0.001720896089797419,0.021979663610524038,0.015597501769661903,450.0,17.219126839297022,0.2802564810359305,0.07597379698055078,0.1572066283389918,158.0,78.0,0.08572745322612588,0.08669551735889873,-0.11211892422231973,0.8432791039102027
-0.015419821277527107,-0.003397848889408861,-0.007846775485063295,0.017632020610784376,0.1542537659406662,545.5,19.06915677358571,0.2515477055846891,0.0553431144726124,0.14085127847110201,208.5,131.25,-1.63753769915465,0.00660102481490866,-0.1496723880886878,0.8528467754850634
-0.015958104638962523,-0.0023217253298278284,-0.003496408187133815,0.016500799446884314,0.17475458979606628,486.5,21.981391172866914,0.2699174357088375,0.06300825006309595,0.15249426714569447,214.25,116.5,2.5815752480644605,0.028231194280587013,-0.18373959900514117,0.8484964081871339
-0.022992954308473035,0.00719852264272286,0.004709381232917087,0.02454939811209786,0.20385311543941498,346.5,37.24953180072803,0.352611970477734,0.08405795465163102,0.17866883830921798,257.25,79.5,2.413280665735244,0.12240624364995391,-0.284217133410859,0.840290618767083
