res_x,res_y,res_z,res_norm,reproj,area_px,obliq_deg,cam_range,gripper_perp,gripper_dz,cx,cy,obj_yaw,det_x,det_y,det_z
-0.017342017987468136,-0.0017348856921982625,-0.006943857501357398,0.018760932099493883,0.11197789758443832,496.5,33.09224963902489,0.28170159063298517,0.0802084525413519,0.14319839258086764,237.5,84.75,-2.5903701103599186,0.06639409299650245,-0.19010099665435842,0.8519438575013575
-0.021392829060761065,2.0308053875178755e-05,0.0011060485562053302,0.02142141197607383,0.0654180571436882,382.0,29.522095537694643,0.310628645113449,0.07899205520435017,0.16638385964924474,217.0,79.0,1.6456895712116104,0.13082735393350844,-0.18165070978726894,0.8438939514437948
-0.028720448319153546,0.001194047061296638,0.007310035328366937,0.029660184027408422,0.2419089525938034,291.0,30.952188128865018,0.3609794084501244,0.08589341452765155,0.19406362541774413,199.75,54.25,2.9938823875751313,0.18178331686883237,-0.20132353281556883,0.8376899646716331
-0.01681012326516737,-0.0055308908026578535,-0.010647669210495203,0.020652938214142172,0.14980292320251465,423.5,26.357431370438906,0.2749533973179863,0.07197662237380806,0.15291619475130935,166.5,86.75,0.9852176739766879,0.09831415730224462,-0.11998913634571752,0.8556476692104953
-0.01889808902257971,-0.0034228251165684953,-0.0065345937305931745,0.02028680397962842,0.24538515508174896,437.5,33.00817221117829,0.29459820848215396,0.08541454434996434,0.1504808774796499,205.75,58.5,1.4513893315782294,0.12688710920338353,-0.15583779591992672,0.8515345937305933
-0.016271910710079725,0.00046268909417601645,-0.007126562026068539,0.017770116647509066,0.14627723395824432,421.0,41.2553930749263,0.3479922843720327,0.07733568501496861,0.16579224301405338,294.25,132.0,-1.2725795522058254,0.03743818213866105,-0.32454489220105714,0.8521265620260686
-0.014919467274179712,-0.001758147651661629,-0.001318276842232624,0.015080432379183613,0.1502988487482071,490.0,11.920291004717468,0.27125830597955725,0.04691710808092614,0.16014758544494268,205.0,145.0,2.5734475597823887,0.013000159305384285,-0.17732925055136753,0.8463182768422327
-0.015739991620273338,-0.004393809757968825,-0.0119305930524356,0.020233436459937335,0.06573506444692612,477.0,26.99761461520285,0.27370014309165935,0.06006628364105135,0.15176470131584974,226.0,129.75,-2.671377707814024,0.020078548267910026,-0.20230619313894962,0.8569305930524357
-0.01968023938348673,0.002825746424267639,-0.004444711158008374,0.020372828039418773,0.16122835874557495,363.0,45.58852981749754,0.37612630518180873,0.09132244960884131,0.16718654794553622,289.75,65.75,-0.5153112093154247,0.136438202899619,-0.35299296939482555,0.8494447111580085
-0.01682103512500517,0.0030979103325433632,-0.0037783709810791377,0.01751628837327696,0.12626488506793976,540.0,37.14773451510635,0.3075130218764982,0.08095813810251973,0.14162461631840106,286.75,111.0,3.0819883555283387,0.02119201439135278,-0.29809873394906905,0.8487783709810792
-0.021565052555641395,-0.00576592820505728,-0.0041619975475911675,0.022707259706525696,0.22757908701896667,409.5,34.12598394850021,0.30512155249783696,0.08880189861697477,0.1539180951636292,158.25,43.25,0.9980783354882635,0.1598556206445828,-0.09268680508729407,0.8491619975475913
-0.01598944926354781,-0.0037996565575836028,-0.005858849911100528,0.017447807884888016,0.09169125556945801,451.5,11.63913741734881,0.273639165758504,0.047519015349842764,0.16516217319583026,189.75,136.5,3.0985197523038948,0.025795201608016308,-0.1522507138413694,0.8508588499111006
-0.017393392704110652,0.0011209345135915205,-0.006107723447453028,0.01846864612400535,0.19716022908687592,450.0,42.22521809216228,0.3336424591376628,0.08515915659120371,0.15415904509373468,290.25,95.75,1.9906580950381128,0.0703414350293111,-0.3034000776027248,0.8511077234474531
-0.018025338311005473,-0.0023945715191475703,-0.0042893803577717105,0.018682761515368976,0.2857478857040405,384.0,22.35631392095182,0.2974041323194257,0.06159330751394487,0.17579667639386398,209.0,116.5,-1.9353721053302202,0.06987309776700902,-0.16491620025078904,0.8492893803577718
-0.015680968697673874,-0.00571062546718791,-0.009002863934779004,0.01896195088992869,0.10043322294950485,379.0,17.032711909760938,0.2857852205792402,0.0443312657388981,0.17795752527200748,157.0,136.5,0.861354693230494,0.05130931432619671,-0.08609254073326121,0.8540028639347791
-0.019707571980452643,-0.00475210046932617,-0.008686456525471953,0.022055053371148447,0.09180034697055817,328.0,43.82787927711341,0.3336405116504422,0.09224005429608126,0.1564007137005614,174.5,30.5,2.5497861033045868,0.20633925722200408,-0.1451904088980658,0.853686456525472
-0.016268409973226032,0.0012984378281132858,-0.005475627936957217,0.017214226824183016,0.10948793590068817,431.0,37.82030888883348,0.34778875443483515,0.07402782363342335,0.17150226571606375,289.0,141.5,-2.1114936085271805,0.03485329531129042,-0.27643155610465525,0.8504756279369573
-0.017806608714072768,0.002186645311065216,-0.003961199991642239,0.018372474982600525,0.18907733261585236,497.5,34.862866966803146,0.3071925490179733,0.08167994665926023,0.14732677330723964,270.25,96.5,2.3641256677059324,0.04516472849276792,-0.2824997627552187,0.8489611999916423
-0.023780095558763426,0.0015868810609151462,0.0019964707882642596,0.023916459434745012,0.06913726776838303,290.0,35.13789173555191,0.3636073371400119,0.08286829588341155,0.19277534364516835,231.5,72.0,0.4907383223879821,0.16628086705549364,-0.22887592654720343,0.8430035292117358
-0.021439668145553675,-0.001861849160587875,-0.0034355945665283105,0.021792869533721563,0.08242025971412659,341.0,37.45012326985784,0.3274397855698546,0.0853582224867354,0.16801919824956746,212.75,59.0,0.27591109281985116,0.1648042026112233,-0.196194155970179,0.8484355945665284
-0.026011371292712637,0.005081740466812423,-0.0011755134319137994,0.026529179303702626,0.20835667848587036,280.0,49.712735667140144,0.4292111271587054,0.09676643588110792,0.17925546773493573,280.25,32.75,-2.5422649073694115,0.240677091020429,-0.3245529796332132,0.8461755134319139
-0.0183810740297419,-0.005315499137067747,-0.009128534877954175,0.021200201946704328,0.1983281672000885,472.0,28.727900684989837,0.27907939942039217,0.0841676118562809,0.14666836214322576,163.25,57.75,-2.7824560404208976,0.11906701720531164,-0.10626284050899656,0.8541285348779543
-0.026118854366419753,-0.000465419668615491,-0.0009242681924902518,0.026139346598066056,0.17676137387752533,300.5,43.07641524608985,0.36930036434414554,0.09310240050415898,0.17729330697383716,221.25,33.5,-0.7016238362838296,0.2200967897581648,-0.17289980076809916,0.8459242681924903
-0.01981071354345365,-0.0001510557881561625,0.0024822004775043593,0.019966184116210997,0.21921883523464203,473.0,20.103201446899554,0.2803289493235225,0.07371229930224092,0.15547254664218713,212.75,92.0,2.2405695455366303,0.07454568023164729,-0.16363693197505416,0.8425177995224957
-0.017946717391378895,-0.0009842976319403285,-0.00039518171116847967,0.01797803313878098,0.18443219363689423,389.0,20.309426933233738,0.2943370294498048,0.06020194549097933,0.17458458185584036,205.25,117.75,-1.447285928074007,0.06358965654399647,-0.16999776022762833,0.8453951817111686
-0.02275133858637149,0.0007270149989791197,0.002653234297950724,0.022917059377683666,0.04483695328235626,393.0,28.69047479102519,0.31027089219036535,0.08141518347416841,0.16700629662505184,214.0,71.5,-2.19272461955333,0.12028864858612562,-0.1998246513344086,0.8423467657020494
-0.020322258724466247,-0.0033104219557427705,-0.0049454494445099195,0.021175706916119984,0.1421004682779312,382.5,33.20249561920998,0.30805000198862714,0.08408064562415889,0.16177649169234054,200.5,60.75,-2.086166896909687,0.1403173623864292,-0.18036375834121898,0.84994544944451
-0.01923709518963257,-0.005102911196163004,-0.0017091402585156512,0.019975652540885597,0.07944903522729874,342.0,25.741301847805754,0.2970507226092366,0.0614337767907644,0.17925915119921132,167.75,107.0,1.9111641911833774,0.09776223009685048,-0.08227491120011614,0.8467091402585157
-0.014780308121896145,-0.002544894254065899,-0.004362866921901243,0.015619494317063751,0.15780436992645264,502.5,16.20360188029491,0.2655449131578364,0.04663812438780913,0.15413683347991958,206.5,147.25,-2.9998556760369013,0.009194391005133438,-0.1564779093852436,0.8493628669219013
-0.019584471405533294,-0.0015480300032971184,-0.0055435108301349345,0.02041270264930841,0.18265408277511597,409.5,35.053357862496384,0.30875576163027507,0.08354085069359914,0.1584567772212816,232.75,71.5,2.046590489564912,0.1105300839558176,-0.21197806500075478,0.850543510830135
-0.017083157655543878,0.0013250743582836622,-0.0058979091131334815,0.018121132123736953,0.14454247057437897,496.5,39.96676325540346,0.31739150545556116,0.08132607573893251,0.14528881048438236,289.25,111.5,2.5875427554140535,0.034872755251036024,-0.3044095422321243,0.8508979091131336
-0.01742473856219451,-0.0037312227401713194,-0.0048599810156448875,0.018470596973840035,0.24644461274147034,389.0,23.995742789985037,0.2974025422558593,0.06765699466255211,0.16987381291415737,209.25,103.25,1.5462552359596051,0.07883349263790099,-0.1499796486287288,0.849859981015645
-0.02072843920309206,-0.006006006306304476,-0.005402799479263365,0.022247034538580224,0.08662448823451996,376.0,35.07347840155916,0.3089581507798443,0.08636159200748753,0.1576097095925587,148.0,51.0,-0.17828510258800093,0.15784109489391715,-0.08609251772738617,0.8504027994792634
-0.01817130539083331,0.00020056991688394143,-0.004580679434016965,0.018740842883278024,0.20442165434360504,547.5,32.815964701880056,0.2914588708416875,0.0854418729057351,0.1414095117206523,257.25,76.5,-1.2754560585665107,0.06245032431895623,-0.2430733380641177,0.849580679434017
-0.021260425466660765,0.0028477110593490562,-0.002800861346741179,0.021632382522150568,0.24521400034427643,370.5,41.292643560726646,0.34553175670192626,0.08646778984412411,0.16240198796774685,265.25,75.25,2.846237870441062,0.13523272624435556,-0.2548065204419106,0.8478008613467413
-0.018926491817785607,0.004006498914424339,-0.003987116922761658,0.019752499270617917,0.07978343218564987,323.0,45.72164221457924,0.3942872931589854,0.08680231987457145,0.18131068297594333,297.0,91.5,2.2747373178031745,0.10311029761483144,-0.38255006464754787,0.8489871169227617
-0.01684631345754059,-0.003916146767407397,-0.005564248862756305,0.01816852630293039,0.10559626668691635,465.5,13.41479438720134,0.2665951274323992,0.05358304864970715,0.15857249774812654,187.75,125.5,2.965234686159873,0.030522151291940677,-0.13250198483533437,0.8505642488627564
-0.032516102602761304,0.016285169500930785,0.008094357942509234,0.03725617136326288,0.21513649821281433,311.0,50.0022162729036,0.441407307902398,0.09886278618763154,0.17723585832152955,298.0,25.75,-1.0681804165596673,0.22107208172755471,-0.36836418347240857,0.8369056420574909
-0.015697917579155604,-0.004118594022627237,-0.01097738413538174,0.019593121127092387,0.0883791521191597,457.5,24.17145913464436,0.2784477868932285,0.054438493280405995,0.15938285450199607,219.75,138.5,-0.27591001945379195,0.018398997235602996,-0.18797146164773146,0.8559773841353818
-0.023944064186744024,8.383982268181378e-05,-0.000899384659115654,0.023961096211564226,0.16955778002738953,363.0,37.75469694158425,0.33325946154810876,0.08959945457022564,0.16057048874621238,219.75,47.0,-2.4939408445857194,0.17422288427258775,-0.18622437291145913,0.8458993846591157
-0.01563516785983649,-0.002675773784068053,-0.007860071891236386,0.01770307796639257,0.2482675462961197,484.5,23.391888265290973,0.269056416089894,0.05251271057962611,0.15407308378163065,216.25,140.75,-0.07016240959117682,0.01581231513255667,-0.16420672687388024,0.8528600718912365
-0.02008179438924089,-0.00014516907072997798,-0.001874249900079783,0.020169589798476134,0.07609542459249496,355.0,33.08727258729031,0.316957650009282,0.0783900050770095,0.17147347357954734,221.5,81.5,-1.1181075863157992,0.09857499040424884,-0.24927188319926066,0.8468742499000799
-0.019504584895332328,0.00581555426672975,-0.0016914468408126826,0.02042328317836777,0.23869845271110535,419.0,43.272092044158306,0.3639427070842975,0.08777048809989933,0.1613916854057852,302.75,92.0,-1.4385165266731674,0.09441756142210596,-0.31932272734441297,0.8466914468408128
-0.018385843177107536,-0.003101052538496546,-0.008586293333519235,0.020527547086511444,0.11786976456642151,438.0,36.28392680023904,0.301298599844977,0.08685560352190405,0.1496418569870953,226.0,59.25,-2.680446366407355,0.13131323444515125,-0.18410117824015834,0.8535862933335193
-0.020705028055047953,-0.002660412848227045,-0.003928272767565022,0.021241640949317624,0.043139200657606125,391.0,30.442596210168617,0.3088630949426431,0.08351620617245435,0.16084621562122314,203.5,63.0,-2.8222748705468907,0.14413679528925302,-0.15410949104744479,0.8489282727675651
-0.021126766698752047,-0.0057525178317549,-0.00534551063351385,0.02253899324462311,0.22522997856140137,401.5,36.05862798947853,0.3144255182114996,0.09113086107101273,0.15761506503018696,146.5,35.75,-0.6383231756716937,0.165390822792278,-0.08359617476032119,0.8503455106335139
-0.016019513921289974,0.002152544970742798,-0.0031824021175277384,0.016473796143060604,0.09059189260005951,419.0,34.270356270573394,0.33389646698535747,0.06923937180684889,0.17690961496333413,271.5,141.5,0.698515355657227,0.03310568610493986,-0.2578714116985773,0.8481824021175278
-0.018656454972501055,0.002203895384214366,-0.0014368280591467997,0.01884104407608751,0.2366892546415329,411.0,32.19469855893681,0.3176433904156842,0.07604307130566228,0.16513307155534396,252.25,104.0,1.5251606241287965,0.07990235861209158,-0.2314883241592389,0.8464368280591469
-0.024237591987337187,0.008900252802203301,0.0013069748774573453,0.025853114872642795,0.06770380586385727,395.0,44.943608479151415,0.387087145647403,0.09585796189023665,0.16488057544973578,293.5,43.5,-1.4080464626445104,0.14254196544507242,-0.35752367000206936,0.8436930251225427
-0.02357736314255568,-0.0035037976689292205,-0.001877596945711657,0.02391012382132896,0.124165378510952,342.0,35.50022172577156,0.3330564181857181,0.08919020891557987,0.16991298827775847,180.75,42.0,-2.8799544721225705,0.17503718016799324,-0.14030768343469543,0.8468775969457117
-0.01927898938116461,-0.007461640143742357,0.002163385087639913,0.020785469449381894,0.004941694904118776,377.0,10.34508460824488,0.2969768580976212,0.061789712237695846,0.18014212106132688,139.5,108.5,2.1675152452644735,0.08178893169382813,-0.0816160934287848,0.8428366149123602
-0.01754314141413696,-0.002445483321294989,-0.006902871596470517,0.019010308667365153,0.07266505062580109,452.0,29.1861794956956,0.2843086474238469,0.07608985042187473,0.15288562694940044,221.0,89.0,-1.9642964577851427,0.07498123717127493,-0.17486735939577375,0.8519028715964706
-0.02357902626798533,-0.006084683952316969,0.002595602363204108,0.024489406080462562,0.0066318814642727375,400.0,21.068171282559863,0.3041468497987342,0.08128528588847833,0.16759448034536673,150.0,65.0,3.092874959013853,0.13650002524728624,-0.08523918536978035,0.842404397636796
-0.02259409425649858,-0.0009218987811088486,-0.003047517428269586,0.02281732576595599,0.12347577512264252,374.0,38.2161402088281,0.33134061001572235,0.09021389118281552,0.15950720101858884,221.25,45.0,1.9435334591284585,0.1738966018290981,-0.19240472986977467,0.8480475174282697
-0.015931810676076418,0.0012026672550571327,-0.0058759812255985144,0.017023400227578374,0.22406844794750214,449.5,37.89542691957168,0.3412550628739434,0.07659485236425054,0.16687774263773036,292.25,132.75,-2.4380889223299156,0.018897202173676002,-0.32240884090307353,0.8508759812255986
-0.015350851631299735,-0.0020808511326858292,0.0006584175538435488,0.015505228180126437,0.0516960546374321,481.0,11.318973525819947,0.26493690561289135,0.05169508703227155,0.1587690253020747,196.5,132.5,-2.2883130547733375,0.00041287257812961005,-0.14623936947691402,0.8443415824461565
-0.015499884185262134,-0.004565636616195842,-0.00122650327986773,0.01620480662529528,0.038874756544828415,435.5,13.839701823779212,0.2731093282490863,0.041910377381582375,0.16990975669668107,172.5,142.25,0.5821945972870495,0.004335327364107137,-0.09863650295658392,0.8462265032798678
-0.015735373077432356,0.003619040789756278,-0.0006675813796706009,0.01615998412816008,0.32011231780052185,509.5,31.492636507574797,0.30579850603734693,0.07393681901958854,0.15567279943138967,271.75,124.75,-1.2358589831174398,0.015897416476790417,-0.2693851078279222,0.8456675813796707
-0.017199070508936348,-0.0011805113709039694,-0.006922053179155174,0.018577310184287977,0.17928171157836914,433.0,34.27357833247826,0.31375769797030395,0.07941906585645626,0.1577433751023748,257.0,96.25,-0.09574320866561697,0.07675193964297265,-0.26666299964341283,0.8519220531791553
-0.021605992015145223,0.0009255513042147057,0.0033424260131468264,0.021882580922473777,0.22450266778469086,318.0,26.338196285300608,0.33085168121943825,0.0720419624819296,0.18952886966847005,213.25,94.0,-2.5977656040136865,0.11422668555567406,-0.23423262947440257,0.8416575739868533
-0.01579671600507484,-0.005910789835509661,-0.006848246616671272,0.018203630262870682,0.11955790966749191,420.0,12.693196747072342,0.27628415851890276,0.041415746779470214,0.17202146103476557,163.75,142.0,0.5746826344251031,0.017643043457131795,-0.08301554188003496,0.8518482466166714
-0.021055392747342472,-0.0019836152348001734,-0.003458703063474733,0.02142958049113101,0.04025580361485481,445.0,33.39941733542387,0.30095625312226304,0.08857054403629905,0.15057802223423244,207.0,48.5,-2.512096499700369,0.13971494790241462,-0.17045365932757403,0.8484587030634748
-0.02183423008663049,0.0017181693971705658,-0.00271816056794405,0.022069755468206248,0.2766721546649933,361.5,41.56990336816256,0.3521218398356512,0.09114052110408032,0.1637713945102356,253.25,50.75,-1.1344205398745257,0.14928707096097735,-0.2833907949225894,0.8477181605679441
-0.02382211685524463,-0.005452312257761577,-0.0020114913457289774,0.02452074749788452,0.22774821519851685,355.5,35.38828060793906,0.33071272297460924,0.09039278950498005,0.16372835691344323,155.75,37.25,-2.5832673981649212,0.19290148630663204,-0.0954227526753374,0.8470114913457291
-0.01776221299469359,-0.0027346788404844224,-0.00264770232177991,0.01816548943503075,0.35382986068725586,520.0,19.179902085158304,0.2631805780294076,0.07245181378514394,0.1450952586333487,204.0,92.0,1.1504471947600399,0.05909026269310581,-0.17731199875787867,0.84764770232178
-0.01593996153137369,-0.00045715554870862096,-0.006148671935196415,0.0170908610486441,0.03944682702422142,480.0,32.50430958403953,0.2930591857256952,0.07333934402997458,0.1527259830632105,255.0,114.5,0.9318966499769887,0.022402842972349575,-0.2508055183374559,0.8511486719351965
-0.02372436941542269,0.003992539467426698,0.003877303063391402,0.02436841305058226,0.09894312173128128,328.0,32.238420669376794,0.35013832810762147,0.08050204089684257,0.18330864528424995,240.25,83.0,-2.981305005037666,0.15062299986869693,-0.24657586200320056,0.8411226969366087
-0.01634586257620775,-0.0056587462441995,-0.008448569178740817,0.019250635147560202,0.0060244370251894,533.0,8.979209197932361,0.2508126305412672,0.06387515814100671,0.14119351014374537,151.5,104.5,-0.08063641197774365,0.05098661713346596,-0.08265615465958999,0.8534485691787409
-0.018933128734595614,0.0011137128679277186,-0.003991599887003927,0.019381346436480817,0.04739231988787651,392.0,36.06239659393332,0.32894005207579496,0.08211298330651833,0.16556945184728755,256.0,86.0,-0.7902876308278751,0.10701435133201902,-0.2539272276156821,0.848991599887004
-0.018320348455688515,-0.004388095077647952,-0.0034107877031017697,0.0191448170193386,0.24408653378486633,526.5,17.80957658106985,0.26414097576377377,0.07893352643530765,0.1417755255761105,182.25,72.25,-1.859802660687863,0.07299672383009635,-0.1424649288814911,0.8484107877031019
-0.015183594712937908,-0.006061589176956678,-0.012264167346174526,0.020437568653142862,0.17964398860931396,508.0,22.649375031168713,0.24838554960825746,0.05388227207573605,0.14337101539210162,186.25,125.0,-2.5646796943789867,0.008251763670263073,-0.14186682277106194,0.8572641673461746
-0.021110971431017284,-0.0009382566069645881,-0.005958654050738477,0.021955842008862303,0.06690037995576859,379.0,42.398694454773256,0.3381217984984813,0.09327227465366653,0.15544657545794505,233.0,35.5,-0.4863851511599071,0.1668216898590273,-0.24905891776439618,0.8509586540507386
-0.019854521195940195,-0.0024277741575663425,-0.0028997362350384748,0.020211495974147498,0.20728076994419098,384.0,31.43508138039658,0.30956488439331853,0.08234766768418492,0.16218375649102257,209.25,67.0,1.1358410127171925,0.13845502935889423,-0.16695416318526732,0.8478997362350386
-0.020127193942036437,0.001438356320839329,-0.001928162352150542,0.020270436969693016,0.12007589638233185,290.0,34.95097393394571,0.3602341886733305,0.07487137742442988,0.1942884061796858,244.0,100.75,-2.3140994022630066,0.13037731524456847,-0.26977166104946976,0.8469281623521506
-0.0212743000851066,0.011230316608597357,0.005872226989840801,0.024762853330355918,0.07334205508232117,336.0,40.65071684327612,0.38684162766333396,0.08417234384323802,0.1871357100773655,288.5,97.5,-2.4426258219461743,0.10182092201027962,-0.3515047419556917,0.8391277730101593
-0.017672316710329483,-0.003567856691932575,-0.003115113749562859,0.018296019046696317,0.13961084187030792,444.5,18.01915042412891,0.2764285433651065,0.06941524467873574,0.15838557452694213,192.5,95.25,-1.5069835994822527,0.0748172373962417,-0.15371860711294666,0.8481151137495629
-0.015207337692669078,0.005337827601495426,0.0003548820988975576,0.016120839447940606,0.11625812947750092,418.0,33.55573367392586,0.35376804566357395,0.07131327871763116,0.1818782647606827,283.75,146.0,1.895308191116185,0.013796140217044147,-0.3175419323033119,0.8446451179011025
-0.016052501673548637,0.0025348417459180594,-0.003705750962974763,0.016668557911700674,0.21619780361652374,466.0,35.954604439296254,0.3212900848321607,0.07459118736153633,0.1564610075833751,279.0,129.75,2.74395712661856,0.022284835904683338,-0.2954731731940213,0.8487057509629748
-0.03208308174929414,-0.004793290809053635,0.007301601616302222,0.033250761757818964,0.06027672067284584,244.0,38.924085459765905,0.38376819664608663,0.08963028613129152,0.19670153444635985,167.0,39.0,1.1408060004867053,0.2466989350345361,-0.11430514413520965,0.8376983983836979
-0.02443565859028765,-0.005257818653209359,1.8115896351922345e-05,0.02499492740371205,0.045144688338041306,343.0,30.17613554347778,0.32560940710747766,0.08493096783215985,0.17447754268471327,167.0,54.5,-1.5830101100981029,0.1671167789711065,-0.09047544205133613,0.8449818841036482
-0.015376222139487401,0.001795518755806108,0.0027862136738554533,0.015729433604605512,0.09555230289697647,451.5,16.136555223940576,0.294300137721999,0.05421054315434011,0.17140410453199084,226.25,143.5,1.5505393065475666,0.006930681741821957,-0.21526531589296086,0.8422137863261446
-0.017001822854630325,-0.001777418063098113,-0.0034082900448068054,0.01743093905619507,0.12975859642028809,447.0,21.370486121977812,0.2777630264555302,0.06472247422954933,0.15945292562049862,210.0,110.75,1.9585187818976113,0.057064890775758326,-0.16665628392361972,0.8484082900448069
-0.01638287565018822,-0.002343362321191006,-0.00403323571394365,0.017033994007928332,0.11528214067220688,465.5,23.982904723552192,0.28481737141025437,0.06587547689899548,0.15993256603005912,227.75,116.75,3.0824888990235713,0.039271695886766524,-0.1837747316920265,0.8490332357139437
-0.016656217436604108,-0.00443576752199995,-0.006691017971744095,0.01848987112726497,0.08731812983751297,502.5,17.54384333457114,0.25359715429956126,0.06296452325358252,0.14666420610886732,175.75,106.5,-0.1565688448464144,0.03463077563769341,-0.14418701316243165,0.8516910179717442
-0.019230240802701165,-0.004928715409705575,-0.0071950968735022824,0.02111548758468116,0.0978061780333519,440.5,31.324213544581603,0.28538530226737124,0.08339008541963862,0.14558303252011628,183.25,60.5,-2.995440060332523,0.1335412202638311,-0.1312618056595727,0.8521950968735024
-0.02375555270113941,-0.0043284820197897755,3.8646216749427253e-05,0.024146708559601333,0.20536421239376068,344.0,29.22318174005375,0.3223256242457087,0.08320084437662541,0.17415748536532705,176.75,59.75,1.3451057924030116,0.15533210719050186,-0.13099913938273466,0.8449613537832507
-0.0186994781916634,-0.0005202451982574963,-0.006294578292217579,0.019737346720966872,0.23480680584907532,403.0,39.53282878435274,0.3323093347349964,0.08662954535650441,0.15770119361838364,261.75,73.0,1.1731135105139212,0.12122709356860502,-0.2649679686551368,0.8512945782922177
-0.016198374033546792,-0.003961108727978724,-0.012198363291771708,0.020661020562489057,0.06608595699071884,360.0,46.39457908398705,0.3754634783085988,0.08805975625556627,0.16683901682383928,298.0,87.0,-1.2264680754055604,0.11351156880493977,-0.33938829145962285,0.8571983632917718
-0.02252428279901114,0.002082735490491594,-0.0014937283984449712,0.022669634475692445,0.03090512566268444,450.0,38.28788275727967,0.32710667556637807,0.09321029494585935,0.14975944110382888,245.0,39.5,-0.6883371396877912,0.1371603043502654,-0.2636775648258138,0.8464937283984451
-0.03056230975067742,0.0035492459822737965,0.005012775085197374,0.0311733834928744,0.0581938773393631,297.0,43.296389625829335,0.38266994418774847,0.09285036031107366,0.17948621185246683,241.5,40.0,-0.31087221116050834,0.2279201267762541,-0.19548817525041454,0.8399872249148027
-0.016627180056700462,-0.0023868025646018587,-0.002679692116562493,0.017010017429735187,0.15008126199245453,391.5,19.703975364490386,0.29426536006958237,0.056121839087265035,0.17733486757041983,207.25,127.5,-1.4583170410829316,0.042920878177748666,-0.1575315750300338,0.8476796921165626
-0.017793560416255863,-0.0059292530992946235,-0.006635260114684183,0.01989455984413732,0.13539624214172363,506.0,20.832071686001232,0.25763717204985054,0.07174827290147373,0.14094366413300885,154.0,88.25,-1.847866144301108,0.06550328491701601,-0.10484378984065079,0.8516352601146843
-0.02096246599900345,0.003149245044158533,-0.005223663378736587,0.021831843353273827,0.07274098694324493,285.0,48.494043006999796,0.4363120902796825,0.0927401096493452,0.18443062765239893,302.5,65.0,1.8818679156837337,0.1953744881927252,-0.35899984797359263,0.8502236633787367
-0.024740726222023196,0.006991661124136794,0.0006184070957964138,0.02571710105365695,0.1586579978466034,227.0,47.74006401429299,0.44422713692437743,0.09140081294089303,0.20366922804261034,274.0,57.25,-1.3864189861591105,0.214811196867186,-0.38089083105590105,0.8443815929042037
-0.020079448138531714,0.0012274722263704851,-0.005951183107845592,0.020978739380563417,0.18249167501926422,360.5,46.48307130553775,0.3785342965182594,0.09237673877572761,0.1609488316374904,289.75,61.25,-2.002024892940473,0.15894533068116123,-0.3146025188313771,0.8509511831078457
-0.016468568556979604,-0.00483234506612544,-0.006785487738552587,0.01845557241063229,0.12997151911258698,506.0,19.614733778738195,0.2500298936900859,0.060556677769748,0.14424105082670635,169.0,110.5,-0.964454343638043,0.03378878910338991,-0.11587505984041417,0.8517854877385527
-0.01815519342918015,-0.0032681615714975076,-0.003803086790072019,0.018834951490279434,0.06604362279176712,399.0,21.352694140881184,0.2934705981673887,0.06600654183925865,0.17042035665423738,206.0,106.5,0.6076822426756683,0.07441978997917457,-0.13493355344019634,0.8488030867900721
-0.027057542968614456,0.008546439237783032,-0.00027787186290817445,0.02837656547074947,0.1466587781906128,306.5,50.887676661096364,0.44367466989356263,0.0991361565386758,0.17398168978561535,298.5,23.75,-1.180853416322399,0.21648761976214995,-0.358170139210278,0.8452778718629083
-0.019668527614946862,-0.004601897678048569,-0.0037409191552829624,0.020543196365354614,0.18982048332691193,467.0,25.829945021070483,0.27849209878985776,0.08189563602203619,0.15041079935564716,168.75,64.0,-2.453870804467799,0.1007556475673695,-0.11186639761747051,0.848740919155283
-0.01953855872844995,-0.003880132379777357,-0.008130719135500564,0.02151555944264707,0.082486592233181,413.0,37.80517944540879,0.31098258583556315,0.09088068853504375,0.15351523510657783,200.5,39.0,-2.726109443552722,0.1533843447273153,-0.17041484769926282,0.8531307191355006
-0.023312283418509716,0.009529456668531944,0.0019855701556905636,0.02526292919329665,0.05039359629154205,350.0,44.38332614684414,0.399556889188623,0.09221816666471361,0.17521680805700346,297.5,66.0,1.661436789415214,0.14299340511117298,-0.35861403434576694,0.8430144298443095
-0.02746811765940016,-0.005678167320383759,-9.333741288486408e-05,0.028049024648667716,0.2175207883119583,293.0,42.30371177589579,0.35606640193092437,0.09234474085147884,0.17209333477522903,159.0,29.75,1.7957038788145048,0.22097813488580503,-0.10438655636993721,0.845093337412885
-0.01874299738637661,-0.00401161697778335,-0.0071519051834653125,0.020458317857425082,0.06238894164562225,400.0,32.55494311072325,0.30281662965571987,0.08437435617625685,0.1582065922131466,199.0,60.0,-0.18794889088582614,0.13814955700537276,-0.1555111808900331,0.8521519051834654
-0.03043033066358372,-0.006654093287996571,0.004105057614197216,0.03141868042735537,0.15692190825939178,296.5,39.2520991158925,0.3687285295408938,0.0935360829286231,0.18031471442644087,152.5,25.25,-1.9220956064586496,0.22902120540218607,-0.09286921940790288,0.8408949423858029
-0.015877335540824954,-0.002998016644221585,-0.0026953314125079952,0.016381169039425277,0.06280796974897385,392.5,17.506271566978707,0.2954311604324631,0.0486728151064741,0.1810213090234788,202.5,138.75,1.3610705365548825,0.0443982672881038,-0.16752179206083698,0.8476953314125081
-0.01577629637316097,-0.0014839421654081753,-0.0045733327917503175,0.01649269488070967,0.05495426058769226,443.0,21.42430693753597,0.29276835406594015,0.057311552618714345,0.16731805320352355,228.0,137.5,1.4984715779146442,0.03829690363603208,-0.19560123051166625,0.8495733327917504
-0.0161703872123366,-0.0011032222069018993,-0.004934073300728148,0.016942361145119617,0.18910907208919525,429.5,22.914490468569962,0.2987797413554788,0.05758095583898622,0.17235848396109532,230.75,138.5,-0.7179029560291887,0.01567233263699891,-0.22581277655908769,0.8499340733007282
-0.021544264673628827,-0.0021078319820575786,-0.005177498318416296,0.022257690464851904,0.059082236140966415,387.0,40.666495104403666,0.32808691249417765,0.09143138566676132,0.1532845029138422,227.5,42.5,0.48597595827219675,0.17304967421297046,-0.1921703166504545,0.8501774983184164
-0.01784813496511578,-0.0050296067145797485,-0.006204891784372446,0.019553862725612728,0.16478094458580017,357.0,25.01061225436925,0.29972519246946666,0.0734359674229103,0.16611722418024655,171.0,82.25,1.7845077471537323,0.1296050733212371,-0.14663563274714256,0.8512048917843725
-0.01595286416156616,-0.004651821077926582,-0.00420114322945786,0.017140096812236612,0.026126127690076828,466.0,5.954375652333155,0.2646961614331108,0.049602346189647456,0.16128015743389001,177.0,130.0,1.2984804718772238,0.012425091972852657,-0.13264152191052125,0.8492011432294579
-0.01901346378432088,-0.001007908090267906,-0.006692224562075744,0.020182010637826923,0.1572778820991516,559.5,36.77144108993061,0.28881771225595676,0.09096487638784231,0.13081962850716977,245.75,50.5,0.9324494037565247,0.10316602292818769,-0.23564466805741202,0.8516922245620758
-0.019151359481040714,-0.0032354760403293104,-0.006688096544094302,0.020541993831240415,0.06815744936466217,344.0,29.641642967200838,0.3145191514452248,0.07813195932449751,0.17254185918294251,195.0,75.0,-1.6786540536168892,0.14516355082371882,-0.17886498176137675,0.8516880965440944
-0.027129986262231037,0.005013803040719189,0.0011078859613367076,0.027611624125054593,0.20496155321598053,276.5,46.69718015905806,0.41311192606181224,0.09543430600462885,0.18435869112644176,258.25,32.25,-3.085466856086635,0.2278600376621459,-0.3030857194960316,0.8438921140386634
-0.01926224797495038,-0.0023035638390918045,-0.007943287146700007,0.020962738707148477,0.09498482197523117,316.0,42.35944267848662,0.3527361452845218,0.08969954060651736,0.16614131278830413,231.0,49.0,-0.2708232748080304,0.1918558763785076,-0.24282255124825008,0.8529432871467001
-0.018389972361506413,0.0010790903486893044,-0.004361921066225349,0.018930976594607702,0.09496061503887177,395.0,36.436281675554646,0.33643588547462483,0.07975481058530343,0.1683338114319649,267.5,100.5,-1.972780292427847,0.09694545468649482,-0.2816898782683332,0.8493619210662254
-0.025444618077627962,0.0028444294953808846,0.000755888375851943,0.02561426820167409,0.12091443687677383,347.0,39.85164869504676,0.35355869417979796,0.09163524133419526,0.16661854550036592,235.25,43.0,-2.8919472765330285,0.18288397731073808,-0.26072893563400557,0.8442441116241481
-0.024484955291922877,-0.005544309032221653,0.0016543868206835288,0.025159280475496277,0.22515834867954254,336.0,29.057639334145623,0.32568586714295666,0.08337394060788689,0.1779576047957011,157.25,58.75,-0.17585733474789955,0.14951868937421042,-0.0895851547102018,0.8433456131793166
-0.023850410552296447,-0.0003746686954047007,-0.0037224697503239756,0.024142063730892747,0.23266975581645966,304.0,46.29689747817418,0.3766504866825975,0.09499725530084335,0.16510619400925608,235.75,28.25,2.492549473565155,0.2189461863834854,-0.23222968220442455,0.8487224697503241
-0.01847721664339265,-0.00040082284332107476,-0.0029408439378197926,0.018714079109194922,0.15583473443984985,458.0,28.728169969617724,0.2968717243012005,0.07783402725223898,0.15501322583884403,239.0,91.75,-1.9454634507347386,0.07455865211554195,-0.202842385830557,0.8479408439378199
-0.015876638050970435,-0.003084780136045684,-0.004281451088232191,0.016730640385537815,0.15784373879432678,495.5,16.979422987562977,0.27175531621042515,0.06152903864638188,0.15702854669473476,215.5,120.25,0.16273004069129446,0.011540151443000078,-0.1720130713213374,0.8492814510882323
-0.018734103046161715,-0.0017826853619196947,-0.0062532340631418215,0.019830469492481653,0.07741783559322357,629.0,30.322730951253394,0.2631289669336605,0.08778800235871453,0.12744542393129044,224.5,56.5,1.1412978683172454,0.07584715954084731,-0.19209338591570382,0.8512532340631419
-0.022816005715016685,-0.0022095548918703023,-0.004242280759479522,0.02331199681816451,0.06942616403102875,395.0,40.77681762110173,0.3368460059941739,0.09483688141955442,0.15391570401192245,217.0,25.5,1.997310363147447,0.18807277447440493,-0.17087427066001254,0.8492422807594796
-0.016432674092182305,0.004197381344911044,-0.00203245661764595,0.017081617835471546,0.0653042122721672,426.0,38.675717601686486,0.34635797598738727,0.07585545123401935,0.16795389244495518,290.0,134.5,2.549548986241787,0.037485251350450145,-0.31352880180067894,0.847032456617646
-0.018856250469917346,0.0004029149273393484,-0.00673302235638773,0.020026335467941907,0.05349116399884224,354.0,44.62331904233127,0.3623014920246597,0.09018592455272316,0.1659817955016626,274.5,64.0,-1.2473724966349395,0.1335886716115022,-0.3134183257351676,0.8517330223563878
-0.02725276230046597,0.0026393645148080624,0.0014952020816698663,0.027421067216881936,0.15637487173080444,378.0,39.01214963312944,0.35560855928129076,0.09561983895021271,0.1622161603522626,225.25,23.0,-1.7715290725737785,0.20378578105847645,-0.24905138024987647,0.8435047979183302
-0.021707256879978154,-0.004618432208441853,-0.0013455361888519146,0.02223387921512668,0.059130363166332245,353.0,25.729718562754286,0.3092321485960649,0.07749490031450065,0.17278848886623777,163.0,73.5,-0.5155492484300471,0.1367440816689436,-0.13047207401876743,0.846345536188852
-0.024652162060168598,-0.004756282985230231,0.0005350982772294177,0.02511249992021305,0.1905905306339264,365.5,29.994553482991776,0.32416619474256647,0.08756077867989119,0.16952863823646724,163.25,46.5,1.9632649098121298,0.16650210726612988,-0.11698190224899743,0.8444649017227707
-0.017274272387157473,-0.005727071792974062,-0.0055378817980615835,0.019022827671954876,0.1291416883468628,465.0,17.847781077702734,0.264249381489793,0.06532274235347084,0.15433816832046843,154.75,101.0,-2.26145189548144,0.05781819903516037,-0.10505942123109481,0.8505378817980617
-0.014277344201004615,0.007235323800673155,0.002854503514802653,0.01625855646269275,0.19336076080799103,418.5,34.19624409099587,0.351000594983534,0.06864058159486444,0.18205248284633047,281.25,154.25,-2.4478636411152492,0.007889040547375369,-0.3123561574017838,0.8421454964851974
-0.014369323719965422,-0.002055275112363003,0.0006918260374441099,0.014532041949524689,0.22084686160087585,456.0,8.988452717278536,0.27718753114759526,0.04302755054837447,0.16913970231052122,197.25,148.0,0.5990949558244837,0.006377492923406889,-0.1792872112644614,0.844308173962556
-0.02628413878066735,-0.001064031948776939,-0.0005965979072288796,0.02631243136793537,0.0570286363363266,339.0,41.32720254243357,0.34971663022207566,0.09349767119264808,0.16225609580922817,209.5,29.5,2.443722486898655,0.20379218197584292,-0.1650993032571336,0.845596597907229
-0.01966674878318425,0.0019694977871394515,-0.005635386109328566,0.020552798005031816,0.23506130278110504,330.0,44.9952409092846,0.37476855976482554,0.08935675642772345,0.16867952052673763,277.0,68.25,-0.36459286305487504,0.1482345936138055,-0.3309557635856241,0.8506353861093287
-0.01895728113457365,0.0017471771578427553,-0.0004725723742540211,0.019043488668966553,0.05921027436852455,396.0,29.542641424055937,0.3156358941197187,0.07338171038611513,0.17374632103411713,242.5,105.5,2.596426456130111,0.0725034451748386,-0.23584448657750853,0.8454725723742541
-0.016711762412962107,0.014730377909857373,0.008693241618416891,0.023913165540151365,0.1233181357383728,365.0,37.45502330358695,0.4025033469195663,0.07619194503507602,0.19965735371519855,302.5,145.5,2.8620721093727153,0.04874626739063798,-0.36683864519637494,0.8363067583815832
-0.024728371749887318,0.004922102202760237,-0.0026261459748193605,0.02534987380986545,0.05499919131398201,349.0,50.816170613442274,0.4074947158203688,0.09963647036715469,0.1564102457895612,285.0,15.5,-0.834874434744643,0.2202205816822816,-0.31876299030459027,0.8476261459748194
-0.01748413199611694,-0.004147895134304191,-0.008059242006242084,0.019693940373069107,0.18006660044193268,388.0,20.956695290505216,0.2887830859429706,0.06547146067335517,0.16915602850496936,185.25,101.25,-2.262782625605671,0.07745455435170225,-0.15474699434720599,0.8530592420062422
-0.015561395850134614,-0.005093269310405366,-0.009105310574822334,0.018735130470238934,0.14989906549453735,496.0,17.361617583159582,0.25360597855589107,0.05889209873632028,0.14722491463134757,141.75,115.25,1.3833863008111849,0.029072195389590043,-0.08760115829015096,0.8541053105748224
-0.025024247789205062,0.0015224266537134934,-0.0030623883970405386,0.02525686011811049,0.05310172587633133,343.0,46.811967226070045,0.3851966856354827,0.09812688940786993,0.16186262142438412,251.5,16.0,2.8928650028576297,0.23142017123060302,-0.25909951376454216,0.8480623883970406
-0.024445235114599256,0.0018600584648160723,-0.0022600613307484085,0.02461985407185255,0.06939374655485153,358.0,45.72916618332749,0.37000621577999215,0.09657415932578271,0.16366943821497093,252.0,25.0,-1.328776430627074,0.20166491566151737,-0.27177783445257087,0.8472600613307485
-0.01621732570795452,-0.0042533744915222715,-0.007224332000939082,0.018256062569535835,0.11677151918411255,465.5,15.26048672213111,0.2640782321646985,0.052485697899479676,0.15656342897517994,186.5,127.25,1.7643989795297481,0.023653036089860552,-0.13885743702841635,0.8522243320009392
-0.020355546237051242,-0.00431897449461735,-0.007023998791494179,0.021962203038784562,0.2259737104177475,321.0,38.09670077061545,0.33686981515968756,0.088406670132462,0.1702525084322445,190.25,45.25,0.17976860523890253,0.1973190304204778,-0.16628647693911866,0.8520239987914943
-0.016193417112295168,0.004720721264534822,0.0002877194499293356,0.01686993626283374,0.11498624831438065,394.0,34.146952460453434,0.3561169558900063,0.06930034839115941,0.18692247261939776,278.0,148.25,2.1111099600470276,0.035429768532691704,-0.2840832809717794,0.8447122805500707
-0.023262794195080427,-0.00011536172633588859,-0.0013964272927518007,0.023304954650771433,0.14641128480434418,336.0,34.80975223942322,0.341126350182992,0.08597124202932281,0.17169632687938774,222.0,59.25,-0.3982706766776314,0.16937354950075162,-0.20933271940035728,0.8463964272927519
-0.026355155470490943,-0.005353951206945942,-0.0013524590465273656,0.026927461055076103,0.22088947892189026,345.5,40.01202968368535,0.3552096766779341,0.09593758202260314,0.16619372435820168,168.75,15.25,-2.195585160554529,0.22318194480893155,-0.1081313955719886,0.8463524590465274
-0.021188121398390936,-0.0031432817926560774,-0.007372836371136282,0.022653375575762327,0.06475499272346497,402.0,43.15970703308534,0.3415071762563593,0.09702269810389115,0.15097236949466086,217.5,15.0,-2.837919975801273,0.19204889716069057,-0.17469749802627904,0.8523728363711364
-0.02458022294516876,0.0069412227396769,0.004601710120796798,0.025952719880425874,0.21781934797763824,294.0,37.99562044259842,0.3839744515430603,0.08426322226143114,0.1941841355566727,260.25,80.25,-3.0432419835944633,0.15539054040362757,-0.2942134503940437,0.8403982898792033
-0.020040979670814363,-0.003583149632527538,-0.008337706106373965,0.021999935694709257,0.05636519193649292,404.0,42.818729121566534,0.3338238462866554,0.09649463767411315,0.14624251954648448,208.0,16.0,-1.0928956030737096,0.19455760210762166,-0.17400827649434578,0.853337706106374
-0.017220670702840085,-0.0014243044188858023,-0.006484078655902836,0.018455985981497905,0.1773843765258789,383.5,32.40542535560953,0.3195352064782816,0.0752926243855466,0.17260071367667618,244.75,100.75,1.7879873266706845,0.07738311102189521,-0.2663103188406128,0.8514840786559029
-0.024707827615558287,0.0014921317039144344,-0.0021684912104189547,0.0248476469033113,0.04905974864959717,352.0,43.31259872402452,0.37377979775676373,0.09619199456300707,0.1660543161692839,246.0,25.0,-2.085543859075473,0.2025815631490912,-0.2485836163951675,0.847168491210419
-0.016908178046681224,-0.004616256196518495,-0.00837573818057269,0.019425480591215016,0.08576492965221405,396.0,20.666380939091873,0.2842358138943901,0.06265436302797556,0.16732539916506883,184.5,107.0,2.015829857573427,0.08738399978104341,-0.12310364059042193,0.8533757381805728
-0.02139663822601015,0.0004770317067329666,-0.00351766725155378,0.021689114078648795,0.15286695957183838,341.0,38.690452338193325,0.33596430990515513,0.08495075498912201,0.16740222151726136,235.0,66.75,1.8229992180627974,0.14458015315156741,-0.25620758622418666,0.8485176672515539
-0.017686671408517284,0.0025350997534807074,-0.004213469789400737,0.01835751627914717,0.056554313749074936,456.0,39.8491827676948,0.3296657458100056,0.08401158824389568,0.15450417829086105,285.0,97.0,1.7092777700442905,0.06513690418938765,-0.296479179727374,0.8492134697894008
-0.023038859171541,0.008738620451732182,0.0016011610726629488,0.024692432770104727,0.1455918848514557,348.0,43.80780447926966,0.38872381750214363,0.0902775852283725,0.17374661313047135,291.75,72.0,-2.0978309927243894,0.14360880698459688,-0.3549254720035322,0.8433988389273371
-0.015957537136162894,-0.0019049394886921922,-0.010256444790659236,0.0190647959771784,0.05552564561367035,532.0,42.40706552757501,0.3208975997804657,0.08371104126718916,0.13780154229333386,304.0,112.0,2.98196336066695,0.033821522543576926,-0.3188695341245664,0.8552564447906593
-0.029903577323538683,-0.0027541461582360066,0.0032588678040309516,0.03020644760924284,0.22632764279842377,345.5,39.5024155565671,0.357613571602326,0.09571065577057665,0.16713646989208408,187.75,17.25,2.5155719349661676,0.2329359460828564,-0.12121819469072916,0.8417411321959691
-0.01855926688453799,-0.002741267777068984,-0.007624406117610283,0.02025074084974074,0.21420055627822876,524.0,31.581467997295675,0.27459267809733107,0.08556563628751976,0.13742832888341905,214.75,60.25,2.0308191095115284,0.0789771685479793,-0.22101686183171101,0.8526244061176104
-0.01870320485059357,-0.0025590698655842126,-0.007847875899638757,0.02044377329155112,0.17050804197788239,426.0,38.33644915072486,0.30747034720552524,0.08689307390505832,0.1473540667621026,235.75,61.75,-2.1381504925122523,0.12292887054835863,-0.22638658464393166,0.8528478758996388
-0.017209926983240358,-0.0025568765529423443,-0.0024915089613526398,0.017576314214873136,0.23656319081783295,430.5,16.717357100401628,0.2790579487133508,0.058905943613842694,0.16603364502236928,198.5,118.75,-2.170823621342859,0.05151216985599579,-0.1545082007834709,0.8474915089613527
-0.015801725157359697,0.001817643951358916,-0.004864872109444973,0.01663325969628027,0.17022483050823212,467.5,39.055068425450834,0.3313479106445829,0.0743332273118062,0.15913812342552114,290.25,141.5,-0.7274063803533819,0.010066795109067201,-0.2976439219493767,0.8498648721094451
-0.022139645252371234,0.00047061796788752663,-0.001579312731467386,0.022200891916234308,0.20246021449565887,456.5,34.27164858358215,0.3107734446868912,0.08919367423498863,0.15157760639955387,235.5,53.75,-0.06469264264421301,0.1147903005918256,-0.20492008717217072,0.8465793127314675
-0.016752798828213955,-0.005206230107315565,-0.0064612920331293955,0.018695170372219325,0.1309116631746292,456.0,19.598144029952817,0.26196840687310385,0.05847474103756002,0.15378603728677698,166.0,113.5,2.1202872323592663,0.0521062977974687,-0.1217114573239944,0.8514612920331295
-0.023272670838112824,0.002004535545597652,-0.0035279301448731815,0.023623752068623997,0.16864803433418274,374.5,45.03019088380451,0.3581507153295672,0.09489684867547082,0.15584739037790263,257.25,34.75,1.2294548448751617,0.17606894651166918,-0.2783096126373845,0.8485279301448733
-0.024480304747310028,0.0058094687184850335,-0.001123568358361915,0.025185266589181424,0.13950225710868835,260.0,46.99671641115731,0.44976671551427494,0.09154441673956053,0.1976625630738359,296.75,69.0,-2.6555893357096396,0.2104206084233104,-0.3410805403550462,0.846123568358362
-0.02275109297094438,0.0009259695660733258,-0.0029037502180918606,0.022954333280209148,0.14377494156360626,348.0,38.96960981706267,0.3533855095730444,0.09090940376394471,0.1692140175104011,238.0,46.75,-2.7389540257112595,0.17104066430061035,-0.26278516587510564,0.847903750218092
-0.020949333340450516,0.002727736337829745,-0.0032213768455474634,0.021370362227137323,0.17746008932590485,433.0,41.559661641030736,0.333771578863516,0.09108248893805655,0.151714810782708,268.0,57.75,-0.1286935499602741,0.12452727716597427,-0.2867264995035221,0.8482213768455475
-0.023296593279440392,-0.0013924834083925142,-0.0017646713391143987,0.02340479295796926,0.038476526737213135,391.0,33.37447289738261,0.3205719940426011,0.08950544950407678,0.15959909397785188,197.0,42.5,1.086761019412672,0.1580370851436834,-0.20071165489825396,0.8467646713391145
-0.01689618070562398,0.0023157673247698463,-0.0046502927905764935,0.017676790539508564,0.13156886398792267,529.5,36.31222281151342,0.31020577794938164,0.08062940687339064,0.14611464827691834,284.5,110.75,-2.4274266340069004,0.041376222939743794,-0.25616847167683715,0.8496502927905766
-0.01956567534799772,-0.004476337885933213,-0.0053166631912021645,0.020763433246478547,0.097501739859581,351.5,30.328001043305285,0.30972528015288703,0.0792485313295471,0.16885006085761356,183.25,70.5,1.49897602129787,0.1389194705141456,-0.13608591757193048,0.8503166631912022
-0.0176020666731853,0.0011309201071083574,-0.003686367427887083,0.018019462707564545,0.08527582883834839,465.0,33.65824276525638,0.3071170035448283,0.07925983031273257,0.15405952436815473,259.5,98.0,-1.5356447539243179,0.07299968586018402,-0.23845631603003928,0.8486863674278872
-0.021782392672990508,-0.0037775481301608183,-0.0005688512239414578,0.022114838732195444,0.17054420709609985,293.5,29.452618306647057,0.331529206865923,0.07568205987018249,0.19104318787626517,181.75,78.5,-2.210366489586808,0.15494108112327148,-0.14262853024200822,0.8455688512239415
-0.02308326658876672,-0.005841972523349753,-0.0025751569166411192,0.023949890866493986,0.05218710005283356,520.0,31.475359198028315,0.2946756635142876,0.09359911999604235,0.1406320400418154,146.0,27.0,-0.2734966677784527,0.14462776620692908,-0.09009657770254026,0.8475751569166412
-0.021753251934170104,-0.0027730704143941187,-0.002457320468755686,0.022066542844787197,0.15577079355716705,335.0,33.122207429847236,0.3175100730747129,0.0802293368774871,0.17008902621084598,192.75,69.25,1.9723401230066528,0.1514219532549481,-0.1635694456594708,0.8474573204687558
-0.01721307339112922,-0.006729747250794074,-0.0009031752287900208,0.018503921722755723,0.12902531027793884,470.5,7.771876425649944,0.2668574065623748,0.06058948826888564,0.15603330199535936,137.75,112.25,0.4341731832891937,0.04286466744666986,-0.08713091922485568,0.8459031752287901
-0.023488315119346737,-0.0032710853888655855,-0.001449084911993248,0.02375922544716365,0.19996802508831024,340.0,34.753573712231535,0.3288173708710238,0.08753760449453192,0.17120268398763183,180.0,47.25,0.10331212058170634,0.18779896290058704,-0.1531911511850474,0.8464490849119933
-0.023849228986640464,0.00021597743074053266,-0.0038388994327598347,0.024157183576788185,0.1988234966993332,350.0,44.595667827878685,0.3705202678907296,0.09628196578569627,0.16307554521477197,244.25,24.25,-1.7481108191367192,0.21613122784895622,-0.21732176626105215,0.8488388994327599
-0.021851113060619876,-0.0005321342320976918,-0.0053112047713265165,0.022493625873831996,0.04105732962489128,420.0,41.54841482366629,0.34011845958296333,0.0951429148649997,0.15266215160777508,243.5,30.5,1.573423399835395,0.19082668023148003,-0.20142475132546042,0.8503112047713266
-0.023085929822476703,0.0047865847863411415,-0.00035696767837212207,0.023579630523156085,0.06157580018043518,413.0,42.69745546270944,0.34686622742547163,0.09173490665727135,0.15738815897762815,273.0,57.5,-2.032830172551281,0.13740056435463943,-0.26067007187532054,0.8453569676783722
-0.016218899927368094,-0.0024233138975683355,-0.010780494484539327,0.019625091755997255,0.07884744554758072,450.0,42.97963784883811,0.3266606030935621,0.0809923745800022,0.14910907931968287,289.0,112.75,0.6946977134357621,0.06848086337190243,-0.2863386936322965,0.8557804944845394
-0.019537582491030422,-0.004817159669437132,-0.0020828037479055928,0.02023018112442298,0.16642402112483978,447.5,22.613442602411197,0.2766799348703069,0.07597293377473958,0.15429942124439422,168.75,78.5,2.223695258018555,0.08832208163059403,-0.11395545492384238,0.8470828037479057
-0.02057011976108271,0.0037541138041037314,-0.003428823109509427,0.021189148764302765,0.14849308133125305,390.0,42.26570608992454,0.36678879761405697,0.08978278243621482,0.16636780465598122,288.0,73.25,-2.7312592134252096,0.11811223886782808,-0.3075779535143294,0.8484288231095095
-0.027540920087073983,8.944022682949582e-05,0.006456631259584511,0.028287777679043904,0.11495421826839447,318.0,31.560171005647888,0.3357575439373339,0.08188524916946514,0.17879272516988198,203.0,66.75,-0.635095084738235,0.15671924175439444,-0.15214776701904179,0.8385433687404156
-0.01587288437158086,0.00046139988059967774,0.001639081412889043,0.015963957404148625,0.2522266209125519,430.5,15.828925724957623,0.292697218130849,0.05178742040360584,0.17452030672592744,215.5,141.25,1.5096998671280004,0.026258660893535367,-0.17842862755315586,0.843360918587111
-0.02069265033518916,-0.005327110070083796,-0.00679656139068574,0.022422246237398972,0.07346832752227783,356.0,39.16421112133798,0.3240770664297821,0.09061500588492119,0.15750420329613923,169.0,36.5,-0.6693719098369765,0.18971047872008628,-0.10901765647360265,0.8517965613906858
-0.019550092838269223,-0.002846500992100237,-0.0033784188705170415,0.02004301404349253,0.13481850922107697,428.0,23.167794944394473,0.28713141013358695,0.0757421741764977,0.15985662516595933,196.25,82.0,-2.946616951998249,0.10157912202178139,-0.14831551588936503,0.8483784188705171
-0.019462074962946524,-0.000937389865944771,-0.008299832695518927,0.021178722444891024,0.08516918122768402,361.0,49.871172173810116,0.3574136269453651,0.09646548127255238,0.14561901507744146,257.5,26.5,-0.951809327401045,0.18397953405996828,-0.29628622004293476,0.853299832695519
-0.025979944201072247,-0.004910127917875817,-0.001075569287491751,0.026461740421841615,0.1340288668870926,361.5,38.465397460353564,0.3370722901288449,0.09355074727255833,0.16018282867050726,167.75,25.5,1.3933236465016454,0.20643607937125663,-0.09368629467535924,0.8460755692874918
-0.028761744471342193,0.006840357542899744,0.0033878645018954323,0.02975745389364977,0.1645003855228424,317.0,46.60432869941344,0.3941462605009638,0.09576726296244514,0.1718860074883254,264.25,33.0,0.903895608212787,0.20890660146501017,-0.27995097220848014,0.8416121354981047
-0.0168356924807474,-0.005156171438454579,-0.002746725409437545,0.017820525965410762,0.0009718668879941106,424.0,5.130642516708245,0.27718260274241074,0.057936752055451825,0.16830347014471736,168.0,114.0,2.6404077552954313,0.049327081919293136,-0.11423938547782529,0.8477467254094376
-0.018633746704800225,-0.0006805023734196558,-0.003956785071341673,0.0190613679425081,0.11337044090032578,418.0,32.59736933136022,0.298400878288784,0.07924710197946444,0.15641891237430183,228.0,82.25,0.40441526024757146,0.08999122781059331,-0.22905258551536187,0.8489567850713418
-0.01860098308081691,0.0052077762121844895,-0.0013523430076596288,0.01936353108963852,0.12223552167415619,426.0,39.08154864386916,0.34700189477494087,0.0820674239899371,0.16188702106708075,289.0,107.75,2.7791444399702088,0.06903087501122117,-0.312141674266773,0.8463523430076597
-0.018635977907927037,-0.0036984307245468695,-0.010214487654682136,0.021571133963161758,0.11590587347745895,402.0,40.949904096297985,0.31835346990801466,0.09183712355817857,0.14895182502124793,217.25,38.0,-1.9412672109687197,0.16374721394489802,-0.20733137746217,0.8552144876546822
-0.019884171117477117,9.463116967139973e-05,-0.0057646796582732085,0.020703157914914658,0.20228610932826996,480.5,37.89470317136906,0.31107537763770476,0.08722681643037314,0.1455682623936242,262.75,72.25,1.2057546599187934,0.1052447255104317,-0.20997037748780395,0.8507646796582733
-0.025496095911755917,0.005390323957233989,-0.0008992193711215846,0.026075181582930304,0.17846842110157013,336.5,48.01060106537827,0.404751260318797,0.09624144387535463,0.16820214634886899,288.75,39.5,0.8003350459070263,0.20032860568467423,-0.2996158064591465,0.8458992193711217
-0.01630794160186392,0.0016657043293429874,-0.004351655400696264,0.016960555265939994,0.23299488425254822,573.0,32.76474200498827,0.29423160219107686,0.07740466560859234,0.14277365587530566,277.0,117.75,2.4974838670669013,0.02698890075403159,-0.23588588803008934,0.8493516554006963
-0.02179773457923076,-0.005101809160690932,-0.006366030263941447,0.023274364240943743,0.061316318809986115,296.0,41.28148990500107,0.3609834368161071,0.09287102354246198,0.17509350317743044,176.5,28.0,-0.5391530218387903,0.2288771897789244,-0.10350803524089576,0.8513660302639415
-0.023377848206310087,0.0019643437269707964,-0.004947116997358836,0.02397616315469433,0.1559039056301117,335.5,50.91899946759507,0.4137730257242883,0.09967684394351976,0.1650798440814727,283.5,14.75,-1.903925694989455,0.23333483754046602,-0.3018951029919927,0.8499471169973589
-0.019761176176987555,-0.0006608364953947787,-0.007885043524791024,0.02128649102504767,0.10418619215488434,393.0,45.3478473417951,0.3527170800683324,0.0934789845094949,0.15070836150228295,270.75,47.0,-1.5304588653511866,0.1582614430195876,-0.2955358771220649,0.8528850435247911
-0.020712603012702058,-0.0006129362878700417,-0.005684760190274973,0.02148730120037687,0.21267695724964142,435.0,41.222879354148255,0.3372215996089514,0.09434251657320344,0.14899135483134818,253.25,37.0,-0.3610239901782472,0.15586982153587173,-0.24428646465236384,0.8506847601902751
-0.025386828324543115,0.004720073631599708,-0.00023994390244119757,0.025823007581299788,0.03571118414402008,490.0,44.795474670191105,0.35686565730993747,0.09852833961027829,0.1469450102601736,284.5,24.5,2.0826221281291,0.16077874783581902,-0.2581315785947544,0.8452399439024413
-0.01769578528167879,0.0033442316485909895,-0.002287192872767685,0.018153676026963703,0.06510259956121445,405.0,35.76098911534062,0.3457394229059602,0.07763648162501853,0.1736555510535539,278.5,117.0,2.3236838143016634,0.059126884667646644,-0.27964379351666785,0.8472871928727678
-0.01582570694579606,0.0013865045163715117,-0.003025001339479916,0.01617176639121378,0.056971531361341476,474.0,28.687934774671305,0.3045560180911027,0.06823064127017239,0.1602512632560057,258.0,132.0,-2.1644860011209572,0.014941837203659448,-0.26027796389792296,0.84802500133948
-0.015858388495476244,0.007140360217552988,0.0007359409940516093,0.017407321415329594,0.18575479090213776,348.0,39.326016259743795,0.39437853138091883,0.07102405251308624,0.20496333930387278,293.25,159.25,-0.8491733730760768,0.015442147251701453,-0.3386704263800464,0.8442640590059485
-0.018713936933159855,-0.0049855532944828446,-0.005428546231188491,0.020113087564433363,0.18810157477855682,458.0,21.537870424515447,0.2718842928677176,0.07343136483009106,0.1504222096643376,177.0,84.75,1.3887486148982635,0.0893167445907593,-0.1019659656447378,0.8504285462311886
-0.01669657928824187,0.002444414930310057,-0.004483459844215942,0.01746002108975722,0.1293136328458786,539.5,37.1488419443937,0.3120120176511347,0.08193927399301647,0.14461142266719595,289.5,109.25,2.785441008771751,0.026953331295201256,-0.29224660514794426,0.849483459844216
-0.020097494054112264,0.0029551412141483047,-0.003651909166899836,0.020639248227925424,0.1331065446138382,378.0,40.86863577387398,0.36104222302257,0.08799675865890967,0.16831658035411923,279.25,76.0,2.807437979869612,0.1301272442115486,-0.296092931531069,0.8486519091668999
-0.022949145060192327,-0.000544951225992546,-0.003414978610974173,0.02320823797158827,0.06699898093938828,366.0,42.1334738028776,0.34428058884121315,0.09371662149378739,0.1587082634268968,227.0,32.5,-0.12903169746818063,0.19218019177178952,-0.1938837624672836,0.8484149786109743
-0.018201703392911647,-0.004424684366725995,-0.0048600970460109805,0.019352012335809562,0.2157096266746521,400.0,22.077010949766137,0.2852242016314801,0.06966833623175785,0.16538744819525153,175.25,91.75,-0.04357871511925539,0.08505155055526804,-0.13513916156622094,0.8498600970460111
-0.015772767470641547,-0.004655652321163051,-0.011797271478613203,0.020239340566297597,0.19690459966659546,524.5,29.726166609534058,0.264098648439098,0.06565327692030558,0.13965473378770732,233.25,121.5,-2.6887210574444826,0.02062002803510593,-0.20247886089874326,0.8567972714786133
-0.02766601983581607,0.010405106042958634,0.002418319593624707,0.029656755638098574,0.1376701146364212,394.5,48.497570567396906,0.3895688577770467,0.09789880813091084,0.1521909734929262,295.5,31.75,-1.0501219600681666,0.18017509595435363,-0.3287607575369526,0.8425816804063754
-0.01715020352705514,-0.0013846272440768137,-0.0051051732302440644,0.017947408373780737,0.2415817677974701,455.5,28.897201931038303,0.2889238183115391,0.07095809390744547,0.15348889052437975,236.5,109.25,-1.1386389804476926,0.05039904406952647,-0.23082536455314817,0.8501051732302441
-0.019126198188799265,-0.0024110489014103897,-0.004664746643620488,0.019833922335518738,0.09829779714345932,329.0,32.36448731801905,0.32475875386516573,0.07721086504532512,0.17704507753620968,214.5,82.0,2.9109157320262904,0.13143012252119662,-0.21167904987957178,0.8496647466436206
-0.02451602028967448,0.004423314647496346,0.0006289755991665258,0.024919802840689436,0.060461629182100296,318.0,40.91623615173404,0.37731129975515915,0.09007082848459172,0.17936939095615445,257.5,57.0,-1.9159068669312818,0.1778383606192378,-0.2555914820548951,0.8443710244008336
-0.015595993865346436,-0.004932559194558067,-0.0021709225613761873,0.016500850572720036,0.12097208201885223,408.0,13.954618807341975,0.28305144490226997,0.03825857936594279,0.178665182279082,169.0,147.25,-2.319943397357494,0.012327859122312643,-0.1320895341365339,0.8471709225613763
-0.019907527732801855,0.005229237472143877,-0.0013484925063181885,0.020626997285401114,0.05053669586777687,388.0,39.72512406401975,0.36297633682461944,0.08638955077794237,0.16794885931205705,286.0,87.0,-1.1042726748272877,0.09383925852834638,-0.33424557720305265,0.8463484925063183
-0.01710682327953321,0.0001296774338495621,-0.006935006285340606,0.018459537673835246,0.1421312689781189,475.5,39.23714145994348,0.3127822229380282,0.08295479262765765,0.1466404629222554,276.75,95.5,0.0073925179430676035,0.05039283891652578,-0.2983941003346422,0.8519350062853407
-0.01788333780361797,-0.00043228585139848397,-0.0050944031458410866,0.01859982756554443,0.12138200551271439,486.0,30.817041006712895,0.2981075845534482,0.07904975054986887,0.15203004054053493,252.75,95.0,0.347105578773779,0.05789754875354772,-0.23370441285494362,0.8500944031458412
-0.016529984835363686,-0.0048464943964048185,-0.006403411034609396,0.01837750199210693,0.0862315222620964,447.0,16.229985288752346,0.2665389753797947,0.05889380009915514,0.15794552801678663,171.0,112.75,1.9828205333852233,0.050199685050454655,-0.10515657625834933,0.8514034110346095
-0.017089186371495133,-0.0005861842226058123,-0.005892919139302455,0.01808619359525061,0.16226765513420105,464.0,31.541802336440853,0.29702903671857883,0.07216137658114986,0.15382556547540627,251.25,115.0,-0.6364349236593234,0.04362909900810484,-0.2337309306327757,0.8508929191393025
-0.024162510500247092,-0.004444616221456532,-0.00279974241014469,0.02472691013033671,0.16731534898281097,335.5,37.18867793984292,0.34088759129209095,0.09140501927258865,0.16518827413282688,163.5,33.25,1.636973205444149,0.20105931682469935,-0.12940976749725638,0.8477997424101448
-0.020167515265867034,0.009676960729982143,0.005184287616055383,0.022961904952651067,0.17204685509204865,369.0,35.98027447896561,0.366635921798138,0.07999184694406213,0.18300505652565913,281.0,109.25,1.529011907706171,0.08188791847395563,-0.3005465147465938,0.8398157123839447
-0.021651364372531096,0.011088336610226901,0.003433758217147642,0.02456671495067332,0.130056694149971,378.0,43.82700288184498,0.38170024916866796,0.08866241718018279,0.17358985104563884,302.0,86.75,-2.633187480607833,0.10214261092559614,-0.339935523425252,0.8415662417828524
-0.015938692269332033,-0.0028494406779403236,-0.007266469015729582,0.017747191197204245,0.14893457293510437,473.5,21.425417932181947,0.27048920213321515,0.06071622552809403,0.15461381520628936,213.25,121.5,-0.02619981831074847,0.03073914258565802,-0.1758418265002132,0.8522664690157297
-0.025012898617781748,-0.0033332277042176367,0.004909499687319574,0.025707171983152543,0.018360277637839317,389.0,23.69454514572182,0.3129546340479188,0.08387036102723092,0.17118732701506711,179.5,58.5,-2.089644999408745,0.1485721978551156,-0.11648168495161922,0.8400905003126805
-0.022191316840933062,0.0016369314900987475,-0.0034828365907597636,0.02252252735720153,0.11755196005105972,392.0,42.156583454740385,0.3518726014326245,0.09328526905180914,0.15641074216054862,259.25,44.0,-3.07624296120634,0.1580258353369422,-0.2627501633366865,0.8484828365907598
-0.02299484852065367,-0.0017586356265951453,-0.0046158078792083446,0.023519386474410847,0.1246107965707779,317.0,41.93855026042114,0.3585134092968431,0.0936603332158164,0.16993256851270666,206.25,28.0,1.5956326312037536,0.20863556236537,-0.21317037665828795,0.8496158078792084
-0.022220013746386352,0.00018825632796926062,-0.005489541207721271,0.022888851303765525,0.1326664686203003,381.5,46.008162682638755,0.36447896426468285,0.09695689644441313,0.15349346115511042,257.5,24.25,-2.0692991683344237,0.18253411275612957,-0.2662064063337026,0.8504895412077214
-0.026919729992640112,-0.003094504103801299,0.0010912557098174958,0.02711897228047737,0.17792995274066925,370.5,38.89982342177851,0.3346536207558931,0.09379599214091901,0.15872532077359713,181.5,25.25,1.620459522676582,0.19799972970726132,-0.11813300278051617,0.8439087442901826
-0.017145327469061396,0.003056350141974584,-0.002953615160280587,0.017664296553407913,0.18544870615005493,490.5,36.313972565291735,0.32103330139942815,0.0819705486067789,0.15292090338562403,283.5,103.75,-1.4750915170009584,0.042664042532077374,-0.2992045744767596,0.8479536151602807
-0.01618845912556082,0.0033421998272642472,-0.0010278351153054643,0.016561791979419784,0.10044540464878082,422.5,32.86841077769052,0.3245745026106768,0.06895811806903628,0.17066318372690936,264.75,135.5,-1.8246249854917085,0.023036837989514537,-0.2869579952797931,0.8460278351153055
-0.024741119262514294,-0.0027566637186972887,-0.0029727289210133012,0.025071084828099614,0.24324175715446472,274.0,44.41823531265456,0.36976596438954723,0.09273384143440536,0.17810604336998936,198.25,30.75,2.892897358987343,0.2361220920084379,-0.12820160090086957,0.8479727289210134
-0.017325157476746247,-0.004865559059622826,-0.005951723137764042,0.018954095991772595,0.20976929366588593,410.0,24.433792575644453,0.2778770718082158,0.06461559933503293,0.16048264933526868,184.0,103.25,1.576718131396814,0.08722563733439209,-0.12642199265511103,0.8509517231377641
-0.020717796653531517,-0.0016712406868109597,-0.007673062096377636,0.0221561735312125,0.10108227282762527,322.0,47.98730428319359,0.3756603432773499,0.09526880627622071,0.16358792078660545,254.25,32.0,-0.2680968172515573,0.21262388611810593,-0.25828008646810496,0.8526730620963777
-0.021615514061083307,0.001988856253387905,-0.0012187544117906457,0.021741006408117117,0.23608119785785675,349.5,37.35070129896532,0.3500797993765183,0.0849500057309205,0.174360580623655,253.75,75.25,2.175574565351281,0.15119932553871246,-0.22833461515974077,0.8462187544117907
-0.02516788681845858,-0.007085374986612852,-0.00019400284205994822,0.02614694442397405,0.1411895602941513,353.5,36.4135163639401,0.3310316706553892,0.0904775631087151,0.16421397977342955,146.25,37.5,-2.794525430211191,0.18857943140213823,-0.09076776637503303,0.84519400284206
-0.016785665359502773,0.0020647471753972857,-0.001662806188125865,0.016993724338084104,0.10273337364196777,401.0,30.4345002772147,0.32984659542896955,0.06876215882044426,0.18017011775511593,259.0,130.75,-2.2518496021214833,0.05251183467942409,-0.2382315470010279,0.846662806188126
-0.025116924119415296,0.004754961761473442,-0.0008429866413954823,0.0255769459680219,0.22745947539806366,262.0,47.11275056059961,0.4216383051927433,0.09351074237646978,0.18633067169560225,269.25,45.25,-2.9889123768869346,0.21475587726850837,-0.34304315461461155,0.8458429866413956
-0.022367477804538932,0.0007239701303607127,-0.003976804322374239,0.02272978593618186,0.24165603518486023,513.0,43.46113110652005,0.33827255014764496,0.09801743635852816,0.1426809292037824,270.75,23.25,2.7807926727952674,0.16258777865360435,-0.2345330471686077,0.8489768043223743
-0.017763460435280674,0.0069663756584325,-0.0004933512355047576,0.01908701946066375,0.06547922641038895,486.0,38.331970485888036,0.34314984578466523,0.08438615972149688,0.1570773731159868,301.0,106.5,-1.43631681377885,0.043280782115270915,-0.3294718025558459,0.8454933512355048
-0.017923459791537887,-0.0007989520318609777,-0.0024909413709924833,0.01811335209622482,0.17330299317836761,449.5,24.285532286505987,0.28622084580435975,0.06999999061041642,0.1572545804880192,223.25,104.75,-0.16547473102978472,0.06062379943060089,-0.21414047923802174,0.8474909413709926
-0.01828218804333344,-0.0031798568941639738,-0.008510430526221024,0.02041512471822793,0.09138436615467072,405.0,33.74371865650346,0.29921441551778966,0.0809198163533381,0.15278172262601575,217.0,73.5,-1.2319885104479213,0.11426321420348345,-0.20837930215377293,0.8535104305262211
-0.02401778332957996,-0.005953557082995761,-0.0023558484125068,0.0248565641179518,0.2717398405075073,412.0,37.104003570369365,0.32531394938410474,0.09472300224199993,0.15526821933617796,154.25,21.25,1.7435223765627739,0.185897308944866,-0.0808052743724013,0.8473558484125069
-0.024211146699072428,-0.0013728627540501859,-0.0010271460937731902,0.02427178208791883,0.20713579654693604,361.5,36.318047732794945,0.3309614393801738,0.08958552537467929,0.16542930949669732,206.25,44.25,-1.49857170670285,0.17157079858430246,-0.15528783058537374,0.8460271460937733
-0.023606658561346056,0.001496110968205594,0.0009857864740814293,0.023674552824364814,0.1101633682847023,321.5,37.52915162493428,0.35283068099675235,0.08702205725547062,0.1783582673610994,232.75,59.5,1.6911376446959576,0.16939612908010362,-0.22745188954547266,0.8440142135259187
-0.020380179387478964,0.0019957178235143758,-0.0003227041884692472,0.02048020359982222,0.170639768242836,375.0,34.34303688724409,0.3285334790421939,0.07968675444338305,0.17332106298966654,248.25,90.0,-2.6446225219852395,0.09283338637042227,-0.23474906727811654,0.8453227041884693
-0.023341177261595125,0.0015885331825805926,-0.00047816371959008563,0.02340005628566088,0.07977057993412018,429.0,36.53846810979474,0.32359971660476344,0.08995955213059967,0.15584804309252653,240.5,52.0,1.801568534954713,0.1505814836003135,-0.20776358432996106,0.8454781637195902
-0.02324058042709093,0.0053147780492429075,-0.0015323932069273294,0.023889739915734398,0.15275922417640686,315.5,45.65599458471295,0.40521759269677804,0.09221811636923496,0.17845219965364512,288.25,60.5,0.5207963968324172,0.168313481226698,-0.34054784889367234,0.8465323932069274
-0.016526939019614356,0.0013701135748468984,-0.004711055329768898,0.017239807623235685,0.20838667452335358,467.5,37.50396847062674,0.3144117863825419,0.07770072498652604,0.15308593783582214,276.75,115.25,1.3722194599924307,0.03775801945292036,-0.29770801574233396,0.849711055329769
-0.022051715909049224,-0.0024889303861528878,-0.004388280746976614,0.022621449045426234,0.3109656572341919,428.0,36.79639722170379,0.31327268771221767,0.09216378642660845,0.15061664565825772,202.0,34.5,-2.498043001874427,0.1605522844989261,-0.14568490546178872,0.8493882807469767
-0.023254166362682155,-0.005907821614705891,-0.0015340135694370538,0.02404187611409936,0.22265560925006866,367.0,35.90552760055691,0.3226440251991349,0.0897558866714941,0.16199937954812682,149.25,40.0,-2.75497240243928,0.17551180483509451,-0.08456230629944501,0.8465340135694371
-0.016031851755129882,0.00234221713840127,-0.004375402578977727,0.016782443193707128,0.08415495604276657,418.0,37.45886483017507,0.34800683538533034,0.07717041638980121,0.1736344775972508,287.0,125.5,-3.0249999346466776,0.04436611765438555,-0.30556060038471083,0.8493754025789778
-0.021587475006428006,0.004105100743623663,0.0019691037565929825,0.022062372920261364,0.048607513308525085,330.0,33.57631831640398,0.34869060328423607,0.07906821153422741,0.18340429685662907,246.5,90.5,2.575302374208908,0.12479278843679957,-0.2480114415551031,0.8430308962434071
-0.0149686140826213,0.0022405902631444374,-0.0010765042138554115,0.015173612411162836,0.08267935365438461,408.0,30.509270961138995,0.3287192401491976,0.06173668865799188,0.1827627962127013,257.0,152.5,-0.7103955708272415,0.007468419358981123,-0.24756748729865782,0.8460765042138555
-0.020954465633314656,-0.0030333032243297364,-0.003181528633760311,0.021410574090293115,0.060443125665187836,344.0,31.79540890909595,0.3212840136738771,0.0822609635569056,0.1710206138812964,198.0,65.0,-0.06355465798027478,0.15860522945780825,-0.15147736462710532,0.8481815286337604
-0.014778069781377549,-0.001945798995871162,-0.010052920637164897,0.0179788401609429,0.11293119937181473,440.0,40.59223689065788,0.3316017047251577,0.06976006311357609,0.16193245042715765,285.0,153.75,-1.4262270044933734,0.0015411448748275363,-0.3411588817268803,0.855052920637165
-0.024007527193165068,-0.00129708693870223,-0.0012032730632192123,0.02407263306166945,0.04735661298036575,342.0,36.48384256443971,0.34151502138929213,0.08943833736118571,0.17024975449503754,211.5,45.5,-0.011593490491193209,0.18080206291729117,-0.16948499925635443,0.8462032730632193
-0.01836067901804342,-0.0013515257724839025,-0.007736024564747979,0.019969657783339506,0.1498342752456665,411.0,40.05586325849125,0.3203693724477353,0.08635528976250445,0.15233832304683215,253.0,70.25,-1.3388972408656001,0.1250936403817344,-0.22394947799088877,0.8527360245647481
-0.01772113818638002,-0.0022804413468740237,-0.008438639579163132,0.019759802359951055,0.1468820720911026,651.5,33.7848219818123,0.26289508099296327,0.08781917172928846,0.12277313515475485,242.75,62.5,1.4206632131015164,0.07073518418013913,-0.18872586786695117,0.8534386395791632
-0.01584967340330537,-0.004480728453392924,-0.012579803509269682,0.020725359605959177,0.06768499314785004,455.5,28.52327849946233,0.27733084667106966,0.062455830225313355,0.15408440179075644,224.5,123.25,2.041945146472849,0.040343838952363875,-0.18661967708888202,0.8575798035092698
-0.0186898887175153,-0.005292470700834981,-0.002422582115238825,0.01957526731611544,0.1503065824508667,351.0,17.711247944936538,0.30076836565717346,0.061882208166495034,0.1827618285371314,168.75,106.0,-0.2133385233027061,0.09577686119194166,-0.08531712206611296,0.8474225821152389
-0.019741226148466434,-0.004040664390239132,-0.0020403524994800915,0.02025354331670328,0.1264587938785553,413.0,21.932256372172045,0.285190972207963,0.07361147843272209,0.1634721470108934,176.25,84.0,-0.04822489744042013,0.1000136429339649,-0.12357091286598447,0.8470403524994802
-0.01751224448183457,0.0024288936322406918,-0.00435378601323777,0.018208066446422845,0.18379120528697968,402.5,38.04732935756617,0.35447602513883925,0.08106063936512012,0.17205664902658668,286.5,109.75,0.1422870459417868,0.07390280490364592,-0.300394442572587,0.8493537860132379
-0.01533629307921908,-0.0015941388356296438,-0.0005577868753176007,0.015429008076906378,0.19332033395767212,429.0,8.619387530371652,0.29161610085623935,0.047437974746529304,0.1778005985571114,207.25,144.75,0.298464445508691,0.01926970199869237,-0.1812949321350215,0.8455577868753177
-0.01632689306854411,-0.002128408761882472,-0.009510910585066146,0.01901459916186652,0.06347162276506424,441.0,39.3222182054945,0.3288673062593276,0.08087479094910605,0.1559729517613605,281.5,107.0,0.4664416821195116,0.07037339272835319,-0.28027900446113685,0.8545109105850662
-0.021798590748726865,-0.004040450564983256,-0.004625287147924428,0.022647231190574022,0.07194720953702927,320.0,38.10138885544222,0.33297054228153294,0.08755873401324206,0.1697498057910155,185.0,47.5,-1.0423922075245922,0.18297263394276445,-0.1459363637774159,0.8496252871479245
-0.01595621732006086,-0.0017864221141050407,-0.006297220789388103,0.01724665662686758,0.0902184396982193,415.0,29.063200565087357,0.2977820125181685,0.06397831664658611,0.1677868450531973,234.5,125.5,-1.8354925245860214,0.02896976915051791,-0.23572629534418907,0.8512972207893882
-0.01785533502437954,-0.005939323608905936,-0.005245566838085747,0.01953470054075483,0.10175526142120361,509.0,19.884959348122564,0.255028287061952,0.0683645239191626,0.14312521876253081,147.75,96.0,0.09081648348596254,0.058782847227666635,-0.09465767917958286,0.8502455668380858
-0.016991676376277923,-0.0004657009320561678,-0.008281774168131806,0.01890824494251686,0.15708182752132416,407.5,44.73232307913526,0.348434780673528,0.08374801308248427,0.158848178835436,295.75,105.5,-2.863743042187118,0.07562433038503288,-0.3165751577803522,0.8532817741681319
-0.020837999781858407,0.0037160576139996793,-0.0008847166940232354,0.021185231712869686,0.163754403591156,435.5,36.51462752875754,0.32733007943518466,0.08656164955597496,0.15670843512547283,263.75,74.5,-2.177038160290273,0.10648438131468331,-0.2739460518836218,0.8458847166940233
-0.022624107179439107,-0.002738834584500638,-0.004568575784172024,0.02324270477469711,0.13444624841213226,325.0,40.923971724199006,0.3553172326431966,0.09294712932529278,0.16923151554249183,210.25,32.0,-2.756242352439963,0.20863441873758368,-0.17845935492985956,0.8495685757841721
-0.02105483129477556,0.0003879882984947902,-0.006827259850572753,0.02213747801440968,0.17818020284175873,364.5,50.22576596056332,0.3893245984448775,0.09845207297272358,0.1551626579150439,283.25,23.5,-2.6538168003984146,0.1979355396092008,-0.3039455667805938,0.8518272598505728
-0.01635757531130142,0.0022112932451737177,-0.005085676057877464,0.01727206382707975,0.11257052421569824,468.0,39.57198251524512,0.32966704337150016,0.07743839034463142,0.15650224931741807,290.5,128.0,2.5561619196556196,0.044534596978689577,-0.29609226228766233,0.8500856760578775
-0.015708211821300444,-0.005424522664736586,-0.013877262868835172,0.021650676421161426,0.08004018664360046,400.0,47.345976020675046,0.35338467267083695,0.08501719580742219,0.1568614786414837,302.0,104.5,1.8627000148017718,0.08264736772147181,-0.32605961804535033,0.8588772628688353
-0.023528036375105588,0.005330177926918311,0.0006997263138788234,0.024134392665141446,0.20520637929439545,426.0,40.22597815080558,0.3498146867488736,0.0924701563514047,0.15842597461580177,272.25,53.0,0.6189159115509596,0.14189519562977657,-0.27452298264438474,0.8443002736861213
-0.01728768512106378,-0.004042238893469788,-0.0014489706094075183,0.017813008391168984,0.14141225814819336,385.5,16.886665856071353,0.28609512506645146,0.057481436983838466,0.17631121544721018,175.5,115.25,1.0050870203371742,0.06433250597157064,-0.12499054832239505,0.8464489706094076
-0.02693284261285861,-0.0006733226613795384,0.002307902756013558,0.02703992954403829,0.04448859021067619,422.0,38.570002584191265,0.32775422172889235,0.09521450852977975,0.15695179258285286,204.0,22.0,0.8036525887049321,0.1669003098850252,-0.17766865748302316,0.8426920972439865
-0.021523165319257243,0.0013628916811668779,-0.0064131664281168455,0.02249961827963747,0.28566494584083557,302.0,52.029712559268575,0.4239106107117873,0.09720339919793969,0.1710590981363268,296.0,36.0,2.40184651729557,0.21470401062247865,-0.3325896336109143,0.8514131664281169
-0.014936741806674071,0.0019336041510092383,-0.0028760590714849155,0.01533351872841703,0.11630843579769135,435.5,30.556199284038684,0.32524537220781496,0.0602477857226936,0.1738999266129898,259.5,161.25,1.147377597753772,0.015119089592051736,-0.2544479396664738,0.847876059071485
-0.021051223822217455,-0.0011949229753469015,-0.001771358188457084,0.021159385037423026,0.2757129669189453,412.0,29.07621936238217,0.301095680280467,0.08223060198359705,0.15866271858887282,206.75,67.25,0.852190665354353,0.1123186203621684,-0.18394540124081657,0.8467713581884572
-0.01702161269095858,0.0028704365544300336,-0.0038712831236235035,0.017690718968918773,0.11306150257587433,442.5,36.88423109351612,0.3394442673295285,0.07863882501610966,0.16566566970932173,286.25,119.5,-1.8047473722606064,0.054831719412867214,-0.28965553400032756,0.8488712831236236
-0.025583695591226224,0.0048638558441865265,0.0005519094703847482,0.026047786428813023,0.25302281975746155,303.0,44.29128253902632,0.394673277071324,0.09305694831050461,0.17625020949138326,263.75,46.25,-0.4881286750772109,0.20952902455989103,-0.2875723889788154,0.8444480905296153
-0.020671318388042897,-0.005361371502999146,-0.00592528422324734,0.022162055442112662,0.08657485991716385,359.0,35.07117418203879,0.3119206108654841,0.08531880677681512,0.1628541103668334,160.5,53.5,-2.835378150634375,0.14974256567012498,-0.1007449627804092,0.8509252842232474
-0.025464972667376934,0.0077818873703587865,0.006359544200263745,0.027376384100722875,0.21020664274692535,299.0,38.44543291076313,0.37461491106245,0.08406257805296402,0.18970939177035373,255.25,78.25,2.3210711381383464,0.1574828233048065,-0.285661574064397,0.8386404557997363
-0.020714812671414784,-0.0006586707688390203,-0.003491359256554416,0.021017300032398493,0.19168972969055176,363.0,34.399145074313566,0.3219000730563256,0.08273485151410319,0.16894490554338215,225.25,71.0,0.5801719251023739,0.13759330529605868,-0.21031472339464327,0.8484913592565545
-0.02252789535670424,0.011274556898002774,0.002878852563682921,0.02535566000979549,0.11592201143503189,313.5,45.01145447408362,0.4196561376390575,0.08983589826155397,0.18641696049573475,303.25,81.5,1.4577037142891478,0.14139084519665496,-0.3776081717458848,0.8421211474363172
-0.01989936587266697,0.00343881214905023,-0.002389890587025212,0.02033523464700297,0.061824243515729904,357.0,39.965892698130595,0.3677240563761275,0.08328278456375496,0.1767991911741057,282.0,97.5,-0.21052254348094715,0.10453484781092684,-0.29561062058897386,0.8473898905870253
-0.01987979450006329,-0.0004247515289144965,0.0036191496374402554,0.020211009062494772,0.23355552554130554,384.0,21.04969278554799,0.29968922376426577,0.06628023213483729,0.1765062534913341,207.25,106.25,-0.8794834562773696,0.07533583032430248,-0.15219956259625372,0.8413808503625598
-0.024261128859782016,-0.0022247539450477305,-0.003671738017845594,0.024638051135157706,0.10505633056163788,296.5,43.37139689661556,0.36443172067979457,0.094138110010944,0.16838047062991368,189.75,23.5,-0.14543214517338,0.2357928906574381,-0.19641881937608294,0.8486717380178457
-0.01600730353569209,-0.006206406164407027,-0.004851192605137111,0.017840608556142556,0.1436036229133606,461.0,13.59986148188141,0.2639583779634819,0.056135435167361476,0.15638167551280324,140.5,120.0,1.139796257212494,0.025845177011569978,-0.07966100307990502,0.8498511926051372
-0.018810458368144142,-0.0028812916949958467,-0.0069929876992537165,0.020274048998985127,0.12780530750751495,432.0,31.46792379580973,0.2907094612144352,0.0801514431250932,0.1528167612483633,214.75,76.0,-1.296133282630053,0.10779726771277141,-0.14971106392753367,0.8519929876992538
-0.015464675883551845,0.004126629782542357,-0.0029490101578477645,0.016275193837757045,0.16361752152442932,441.5,38.82544253671119,0.35116264295903427,0.07707257293626261,0.16874966427537885,297.5,136.25,-1.3851531819365062,0.00892204017515003,-0.33897062543532885,0.8479490101578478
-0.016773027309721217,-0.005085485427960015,-0.009546477097632344,0.019958252231752818,0.21338558197021484,490.0,22.88812507616731,0.25974940623524295,0.07216670529242725,0.14534834056908785,164.75,87.25,-1.704742596390904,0.06901197895321723,-0.10294412189075115,0.8545464770976324
-0.029198366055774527,-0.003367701320754646,0.0031764091221558877,0.02956307777319767,0.04140715301036835,338.0,38.690999531226716,0.35266886159489197,0.0943483531860852,0.1710059358301408,176.5,22.5,2.3776813638906495,0.2066863589259359,-0.133477682049622,0.8418235908778442
-0.014764799137516708,-0.003327225995399946,-0.0033535685526258074,0.01550213367355733,0.11954093724489212,451.0,5.700672334564006,0.27986635807690247,0.042358012046979865,0.1728378952699089,196.0,148.75,2.365009116629034,0.005721421092166119,-0.14850838512472897,0.8483535685526259
-0.0187877610345632,-0.000979114985713403,-0.008134534612799671,0.020496567620309887,0.0819740742444992,364.0,45.197858460498296,0.3477828767239478,0.09162766874717969,0.154531875287652,259.0,51.0,-0.7967590253397993,0.14829137348089344,-0.30161475300168844,0.8531345346127998
-0.016717938087254566,0.00246840382382707,-0.0037530618272528793,0.017310919802423663,0.16717197000980377,520.0,36.02039076705381,0.30883551300452233,0.07872802898655713,0.14646110136124402,282.0,116.25,3.0427639164912295,0.021748583831276383,-0.2779213763901072,0.848753061827253
-0.021200158607540626,-0.002487077364017126,-0.006279661711357409,0.022250088314624137,0.1843900829553604,450.5,41.55172671975213,0.32559964231611843,0.096684421337904,0.1434575757228257,220.25,17.5,-0.7573813547508964,0.175779699490484,-0.19810553679007362,0.8512796617113575
-0.023041497682298406,-0.0020441941864270397,-0.001974564748911556,0.02321612050414171,0.1365872472524643,356.5,35.9563887661887,0.3282694302133711,0.08805565193533901,0.1674519433716305,206.25,49.5,-0.4564241670530463,0.1699680198696002,-0.1562776035847855,0.8469745647489116
-0.021585341896887877,-0.0001479303076852012,-0.005377144500661624,0.02224550631391586,0.059413518756628036,390.0,45.10758834701259,0.35533883510537384,0.09653601210429202,0.15468417987788186,250.5,25.0,-0.3141776421742156,0.18527174163804883,-0.2486488756499499,0.8503771445006617
-0.019004914714897403,-0.002221155712720968,-0.004582099720236155,0.01967526248533587,0.06307998299598694,422.0,31.04800109605836,0.30217155885444275,0.08180961598782566,0.15865061686796278,222.5,73.5,-1.4783920371540928,0.11058606327637775,-0.16046305428411486,0.8495820997202362
-0.022988917722597563,-0.0007654184261260966,-0.0044107985371489855,0.023420746084587687,0.10074910521507263,265.0,43.89952446303687,0.3871791572094298,0.0922371835151325,0.18183695148144818,224.75,37.0,-3.136343387761864,0.22840301832061846,-0.24821033563064535,0.8494107985371491
-0.023812178072823403,0.0035037900839052227,0.00029464260395195563,0.024070379801490207,0.2046542763710022,377.0,41.228275472634486,0.3511138422213913,0.09049768644600767,0.16179605430386035,261.0,57.25,-1.6886239813829327,0.16122378198029122,-0.23477602764925562,0.8447053573960481
-0.022368641458186234,0.00012751603200594763,0.00040503204263386827,0.022372671543176657,0.11532534658908844,352.5,30.67504371763497,0.3298912974963467,0.08274886875070483,0.17729751851636377,218.25,68.5,0.006003222363612663,0.14116949652795754,-0.19872575871643974,0.8445949679573662
-0.023865475091620375,-0.004451481746748004,-0.0030264964450874565,0.024465000956928454,0.22133095562458038,447.0,36.228337924340124,0.31030835915466665,0.09393909979265318,0.14596362023978182,162.75,24.25,-3.1121878357066524,0.1693476669801096,-0.14103246508174888,0.8480264964450875
-0.015785329415735863,-0.002422112197543791,-0.009913672847704724,0.01879691893880761,0.1966572403907776,461.5,38.84672563530504,0.33003428813751323,0.07471404774105701,0.16275495477749458,288.25,137.75,2.805120411316692,0.018588865469713903,-0.2798669772364076,0.8549136728477048
-0.019514964465356374,0.002476207354205784,-0.0032021915336792883,0.019930365565225143,0.03226001560688019,490.0,37.28016491109332,0.3128614213928493,0.08745461553406687,0.1472285708802077,267.0,73.5,0.4713934014656558,0.08941587518020871,-0.25411370723394994,0.8482021915336794
-0.018793120079128575,-0.0034515454551914126,-0.005270672423654199,0.019821062437096224,0.07711205631494522,382.0,28.395651187148957,0.297154375286612,0.07614477617547485,0.16596976506184713,194.5,80.5,3.0710465343455735,0.10967726750099323,-0.15224245965484634,0.8502706724236543
-0.020591913764580472,-0.0064695745713782005,-0.006794230579979299,0.022628386526583548,0.24765920639038086,362.0,41.30423358978987,0.3234739073017155,0.09203345493906821,0.15430014523535907,150.0,31.75,0.5753415327149547,0.18888138594761217,-0.07919012009962242,0.8517942305799794
-0.022718662639253345,0.0016190230677804451,-0.00014617413765649623,0.022776747675836657,0.13821880519390106,385.0,35.2871018938828,0.3294172724386272,0.08658160267765941,0.16369933503002965,237.0,62.75,2.0995347636826347,0.14563651482234413,-0.208802314003221,0.8451461741376566
-0.016690528095975855,-0.0047464950343130835,-0.0065209833209772805,0.018537156381327264,0.11151954531669617,536.5,15.634933682138016,0.24653669706434586,0.05908934420178701,0.14179541286781783,178.75,114.5,-1.0817857326249547,0.022634106970369973,-0.11199855129963456,0.8515209833209774
-0.020434719160693213,0.0007612209234318934,-0.0024007176337870195,0.020589333394450845,0.16154545545578003,378.5,32.16915728027443,0.32428850072203474,0.07965145436660641,0.17160999116568887,239.5,86.25,0.30514059372736146,0.11532654179628353,-0.1954577850752672,0.8474007176337871
-0.025376779081036083,-0.0060272139556589305,-0.0027571673000604813,0.02622804217084308,0.059158261865377426,311.0,43.44963013483034,0.36729292361202354,0.09608328720924877,0.17153158995012108,140.5,15.0,1.0905352168262643,0.23960906735193646,-0.09433248403433604,0.8477571673000606
-0.01788812554318006,-0.004703558672229408,-0.010011585579161042,0.02103188877491845,0.1586231142282486,478.5,36.688854324587396,0.29520442611600894,0.0906793982754168,0.1416368493294986,213.5,42.75,1.3527605344083908,0.14556595762409272,-0.15534367086542938,0.8550115855791611
-0.016537571376817217,-0.0038027869054337304,-0.006174004042953651,0.018057430083316683,0.2519455552101135,558.5,14.412749592295379,0.2499168060096829,0.06663430842888825,0.13930817145082908,197.75,104.25,0.1809233044958582,0.035419629793502105,-0.11103667613701798,0.8511740040429537
-0.015309160085652395,-0.006065716334109766,-0.006215987496451025,0.01760118739545869,0.002468397142365575,488.0,8.90560334006361,0.2614312687019109,0.04240554132730205,0.1570790140904854,143.0,144.0,-3.0793637149069415,0.002589686283545811,-0.09393145193332536,0.8512159874964511
-0.01727460869865391,-0.004547773103965674,-0.005835342374114205,0.01879216769081991,0.10500933974981308,380.0,17.452741977915895,0.2876834529972609,0.06170626093622111,0.1746555688404502,174.5,107.0,1.5672223693408065,0.07418782367724239,-0.12832963073948073,0.8508353423741143
-0.01953079641263912,0.003986611133735329,-0.003601850523322181,0.020256317632677857,0.03770533204078674,474.0,42.47125469702388,0.3509739345997083,0.09077297800902309,0.15215071946118053,302.5,77.5,1.421793972136316,0.09401839981239561,-0.3061869554521115,0.8486018505233223
-0.017712748147613852,-0.003266043372691943,-0.0019963898961268267,0.01812164614129909,0.18939955532550812,438.0,17.824945423710243,0.2728378813813763,0.058005261829828354,0.16091015000247488,188.25,117.25,0.8858441011772571,0.047673753108810085,-0.1248273261979952,0.8469963898961269
-0.015623055729987973,0.0016852068751574134,-0.004411179364536055,0.016321099716026997,0.22359584271907806,519.5,35.21490892345519,0.3025389384606975,0.07378119967435562,0.14904525300807736,276.25,130.75,-0.8873659494626163,0.022592962049030333,-0.24842126384578359,0.8494111793645361
-0.021616005274446737,-0.005833222197145244,-0.0008780664067175037,0.022406453664977483,0.1592448353767395,360.5,22.540559715307662,0.30693104977345104,0.07585207246981919,0.17448561427397724,164.25,77.5,2.8748864763233355,0.11757460204048228,-0.08319853679208844,0.8458780664067176
-0.020758270437443535,0.010904055584252836,0.003821040271335452,0.023757200350497637,0.06384872645139694,344.0,42.567491308612595,0.39609977192513773,0.08737608359166815,0.1846561414503053,298.5,90.0,-1.1731652242200665,0.1055386316051412,-0.36958350197411294,0.8411789597286646
-0.015241190343149427,-0.005141266940233993,-0.005421183730371704,0.01697397248334347,0.24673102796077728,432.5,4.149309829642636,0.27490788978739605,0.04228734013867198,0.1702359019929155,158.25,140.75,0.5472377488979562,0.026370431192225277,-0.09007778937808138,0.8504211837303718
-0.020088525419707737,-0.002684237535439643,-0.008275943879942904,0.021891670374571043,0.3475837707519531,441.0,43.20683039236455,0.3247027722908073,0.09527674099900184,0.14270241255310223,238.0,28.5,-1.1085167351354364,0.16883839475529783,-0.21041620528029595,0.853275943879943
-0.01614388687723576,-0.0020784720388594136,-0.009998212387788197,0.019102601405898274,0.07740418612957001,420.0,42.11885082969777,0.34680102642321803,0.07724319148075257,0.16458412624253127,294.5,132.5,-1.553696199049493,0.04777946674876599,-0.30881196242611525,0.8549982123877883
-0.01989283955255812,0.0047760110523022425,-0.0010987851210656485,0.020487622501837766,0.3522287607192993,364.0,40.25002063491217,0.3628336486885272,0.08483703930002702,0.1740774270392933,280.5,89.75,-1.4632593306291548,0.09904676094552137,-0.3204389900467087,0.8460987851210657
-0.023310079192856048,-0.0003812713728499062,-0.0050377210666031624,0.023851284941945425,0.06652853637933731,347.0,46.99691294777593,0.3755789772009751,0.0975846996524263,0.15507403459619074,246.5,17.5,-1.3171260772267623,0.23254761419646938,-0.21022280207655733,0.8500377210666032
-0.017030453542572363,-0.004287238716697658,-0.0033698438000644426,0.017882186972417544,0.10786568373441696,397.0,15.180989385856114,0.28091949793633775,0.05274495733605706,0.17274435603985883,170.75,123.0,2.785649281633371,0.047420941197190244,-0.11270964614062177,0.8483698438000645
-0.01614119535500387,0.0033596519729996444,-0.0014292335033548875,0.01654896242291918,0.33960476517677307,477.0,31.113180922624796,0.3114681671563248,0.07250243071885062,0.1610375184144177,268.25,126.5,-1.0481093918708149,0.019656670090120995,-0.2841646623122591,0.846429233503355
-0.016071651294930323,-0.0030905970750744194,-0.011221774893371173,0.01984384028820504,0.05546397715806961,537.0,43.16784110846856,0.31411767787986383,0.08923398892031575,0.13682662959096248,293.5,79.5,0.060442632714660105,0.06621027236332527,-0.2977138627057435,0.8562217748933713
-0.020846737817205863,0.00034523533132252426,-0.006215873592158805,0.021756441564902373,0.14800210297107697,364.0,45.878799115097515,0.3737724835970034,0.09472046657113001,0.15903134220308401,274.25,42.0,-2.7509650551054894,0.1825896890601846,-0.2912884210656225,0.8512158735921589
-0.02599301194607842,0.0023144216001012297,0.0015756159733419928,0.026143369772610437,0.21064594388008118,349.5,39.925096195425695,0.3556240469228425,0.09283238574988086,0.16895907389565357,232.5,37.25,2.6818580412784407,0.18444310172438128,-0.23898236620332092,0.8434243840266581
-0.01639681770899741,-0.0035930368399710866,-0.006072504415583713,0.017850514126846996,0.13452579081058502,458.0,14.243348600906309,0.2746505776901641,0.057890095800875514,0.15973316235266788,202.0,121.75,1.3259117366193096,0.04280722950877654,-0.13606893170156562,0.8510725044155838
-0.024179464947067603,0.004762897009555733,-0.0012956769296671444,0.02467813793129817,0.052900832146406174,428.0,46.154828577442586,0.3595210120704801,0.09704172344395613,0.15113615565509475,277.0,30.5,-1.2950183983925845,0.153830096855415,-0.2954201079699303,0.8462956769296672
-0.01582245284472473,-0.005214633592687562,-0.013566708183416543,0.02148483159029888,0.24506744742393494,507.5,26.46272203633212,0.252356253614938,0.0599612695504477,0.1410834619397341,204.25,119.5,-2.6279512801986904,0.0205458245005972,-0.1683765172488165,0.8585667081834166
-0.01559383159378491,-0.0002239150361054154,-0.007017386872243181,0.01710150403424943,0.05099256709218025,544.0,35.40560503841709,0.2920381092523811,0.07790606201303552,0.14227374308446683,273.5,112.5,0.694616553821936,0.005782864280884923,-0.28326263977115795,0.8520173868722433
-0.01638487383161337,0.006524105545066494,0.005994230577373583,0.018626831288648546,0.128989115357399,372.0,26.414908667183724,0.34911921977231675,0.0631149121252618,0.19926648804898695,256.75,146.0,1.206215311861577,0.02890637627465341,-0.2788103303940655,0.8390057694226265
-0.01953816510556565,0.008242045746367721,0.001268582066759949,0.0212433640047349,0.14425596594810486,360.5,40.75920754699546,0.38743306035014274,0.08321939681514187,0.18747676003466995,298.75,109.5,-2.659824295795122,0.08348053318362679,-0.33275929061008763,0.8437314179332401
-0.022045418438444667,-0.005362357502152873,0.004583838318038991,0.023146639622911438,0.0019773682579398155,370.0,13.215521305206162,0.303005318008618,0.07095628098513894,0.17729619810889152,163.0,88.0,-2.0602706934305535,0.1145238200362773,-0.10131969760194832,0.8404161616819611
-0.01690111920173358,-0.0031650670916147094,-0.007379743690452134,0.0187116567118574,0.08467529714107513,398.0,23.754560118001535,0.2963635160042582,0.06539828674789916,0.16877649621932023,216.0,111.0,1.1035096538586175,0.08012888115188037,-0.2113710314656936,0.8523797436904522
-0.015457522668466651,0.0028688217039941066,0.002406250737335802,0.01590456499330922,0.11722635477781296,419.0,19.71891115263774,0.31861960599766387,0.059375252694445886,0.18439883147244363,242.0,143.5,1.502336948480656,0.006298110399702829,-0.23907902316482219,0.8425937492626643
-0.025302326836513872,-0.002144685383515643,-0.0007394733510566187,0.02540382332588854,0.21754328906536102,447.0,37.34130906964363,0.31738470895805365,0.09503978086346675,0.149096164070307,193.25,21.25,-1.7624255395156696,0.1651515558272566,-0.15897647647214805,0.8457394733510567
-0.0164470865918893,-0.004757695988897359,-0.011740411590498545,0.020760047996047297,0.10921192914247513,482.5,28.040731556834878,0.26834052192880603,0.07535002565579427,0.14133401568930126,204.5,84.75,0.8743126032530054,0.08204523294325801,-0.18333188489910043,0.8567404115904986
-0.01769060270284807,-0.0018582715918817327,-0.010265588583205698,0.020537597382820936,0.2030869573354721,491.5,47.42500376003039,0.3443939851707464,0.09572597752262953,0.1387989668756201,299.75,47.75,-1.3925328779254371,0.1261981989634883,-0.3223361859376776,0.8552655885832058
-0.016763328785705876,-0.0025296176612798205,-0.0033239282064526643,0.017275898130389218,0.10222368687391281,501.0,15.232381883132211,0.26264719361855016,0.061175680426471174,0.14982488151932305,201.5,115.0,-0.6181484448665817,0.03295734082449022,-0.19217449554055333,0.8483239282064527
-0.016686040137513278,-0.003477738147197207,-0.007566383895026063,0.018648559283174788,0.13434001803398132,528.0,18.58025446865538,0.25757656318814337,0.06539585059662374,0.14400638268037513,207.25,109.0,1.259966679306301,0.025712768500831498,-0.17833870659881754,0.8525663838950261
-0.023357468037905837,0.003663190677823114,-0.003568651042135995,0.023910783118593612,0.22834207117557526,465.0,47.031612203295296,0.36750116625172286,0.09941581734080782,0.1496920070560529,287.25,18.75,0.018620764289857056,0.1699135126846525,-0.30846356079651266,0.8485686510421361
-0.022137716337884333,-0.0004626570406687236,-0.0010071694023728872,0.022165444421418386,0.10528009384870529,390.0,30.111302956833413,0.31211225724589314,0.08363365158848608,0.1616293034072216,207.75,63.0,1.7752616609075464,0.1251130511206643,-0.2155606893414326,0.846007169402373
-0.019848946319131214,0.001560894905221849,-0.0013805360670535727,0.019958029529924436,0.2302272468805313,355.0,32.17073962790043,0.33582253001168966,0.07928747649606382,0.1779849671667516,242.25,88.0,1.802711820022983,0.11955520459980337,-0.24432483387136197,0.8463805360670537
-0.0261570536745645,0.0052223166897582,0.003110393385297172,0.026854023824251658,0.12930279970169067,339.0,41.35353813949499,0.37183816785890766,0.09298842990208009,0.17636341570813896,251.25,42.0,-1.842145165533755,0.17801112302290412,-0.2734661696561453,0.8418896066147029
-0.0287027866511545,0.0006796941404960677,0.006349777645788146,0.029404619055809388,0.0486929714679718,312.0,34.889571408132575,0.3481281873553145,0.08734512460339365,0.18196528990297323,202.5,50.5,-1.4543414196888296,0.18300823358731588,-0.17418747855698966,0.8386502223542119
-0.02460493409858816,0.006075474455450952,0.00614449821143781,0.02607813317944875,0.17427895963191986,314.0,32.94857365282765,0.36177638366544196,0.08075398676048905,0.19180249072636613,245.75,84.75,-1.7978463940051037,0.13986868986431963,-0.24484877809032868,0.8388555017885623
-0.02413080975124912,0.005614409210314697,0.0004789301301618698,0.024779970623497984,0.04672101512551308,388.0,43.991030313357115,0.3659897245467731,0.09301138955085857,0.16115877647971244,280.0,54.0,2.1317269634816665,0.15679047401889112,-0.26525125477089134,0.8445210698698382
-0.01684577088290115,-0.005921638124067249,-0.00841853682894178,0.019741265335632772,0.12912064790725708,417.0,20.40269607178634,0.2751434956598962,0.05956902978150317,0.16174352519272406,148.25,111.75,1.9037374481882499,0.060613887503064484,-0.0800924325363233,0.8534185368289419
-0.02113818589229155,0.004656449740916668,0.0015004331009141891,0.02169692896465017,0.2925800383090973,365.0,33.856211582080896,0.3441785006382632,0.08152160661079666,0.17395790729967975,255.25,87.25,-2.863124398470204,0.12263191085050831,-0.2684810597176243,0.8434995668990859
-0.017304784230040504,-0.004722136878736877,-0.009179880690939335,0.020150045743115973,0.10164900869131088,304.0,31.034659292472757,0.3199674933631019,0.07313092153868904,0.18160675161813356,182.0,84.0,-2.037297371244606,0.13636169514610905,-0.15585409839961017,0.8541798806909394
-0.0277270269662509,0.000900665446560478,0.008357616740161333,0.02897324593843875,0.17396581172943115,298.5,27.493711247151982,0.3478632501797375,0.08016437186984517,0.1926821426990527,203.5,71.25,-0.23369160383271215,0.16883648537444126,-0.17033417132548503,0.8366423832598388
-0.01981010608418786,-0.003512974204988209,-0.002861711229567465,0.020321680097696693,0.28394442796707153,416.0,25.30083856390322,0.28675956864096963,0.07642317497477581,0.15952912114232742,186.75,78.75,-2.8145276022177073,0.09520293788782519,-0.11532048084872983,0.8478617112295675
-0.015472163372793698,0.0029817584588791024,-0.002843876459079242,0.016011444539953946,0.21901527047157288,490.0,34.72476402778922,0.31190941638068886,0.07423467108414779,0.15414975717675639,276.75,128.0,1.8495081072679478,0.003354266136449376,-0.29784553762090543,0.8478438764590793
-0.02652189258013074,0.004638507209820675,-0.00028705482918844893,0.026925989965877074,0.1885170191526413,292.5,47.567456701374745,0.40314171045162633,0.09551867705016387,0.1740853465700819,263.25,33.5,0.595882097271579,0.2204325329596295,-0.3090213223063112,0.8452870548291885
-0.018505919186608454,0.0046315703775247075,3.0464701752386247e-06,0.019076700406103455,0.061479054391384125,424.0,35.595183963898045,0.3310708951766806,0.08002415113564126,0.1677717793779404,272.0,103.0,1.8753171445467267,0.05212455220690917,-0.2743033410684641,0.8449969535298248
-0.018893812550572042,-0.0024352986467492677,-0.005929241694121901,0.01995150969882545,0.14157383143901825,495.0,28.734179352324727,0.28110156267688274,0.08347923905874849,0.1431177549279764,213.25,66.0,-0.03415852323517992,0.09594358821578836,-0.19779782183592517,0.850929241694122
-0.020147457091297227,0.0005807183858629328,-0.004205519240331079,0.020589892014533175,0.14255230128765106,339.5,40.315425649752385,0.3558050317549447,0.08655210822785808,0.17697106007969943,258.5,71.25,1.0210154415678556,0.14238219684561862,-0.26097086810117404,0.8492055192403312
-0.01781007249598327,0.001846683458483489,-0.004875128661239736,0.018557365157038253,0.22138255834579468,496.5,39.79193009113004,0.3161061193961132,0.08648806207750567,0.14387395129938096,281.5,84.25,0.4481964271903081,0.06041593832397349,-0.29549061389040787,0.8498751286612398
-0.01750692731788963,0.0017386004136183408,-0.0030590687889289203,0.01785701927443388,0.19688016176223755,434.5,30.62663781847205,0.31333667454505704,0.07532297983139219,0.1633648913194904,255.25,107.5,-2.4387671267908657,0.05569088281339573,-0.27262206895239666,0.848059068788929
-0.016405469360114694,-0.005060993820143855,-0.004535401450740606,0.017757335095463407,0.1078372374176979,409.5,17.24767081067666,0.27692261047658284,0.05137161970777264,0.1699765528466629,166.75,125.5,0.32717085974832166,0.038652267341872146,-0.10654629756144632,0.8495354014507407
-0.025329382738331713,-0.004476583410365054,0.005155836587427354,0.026233567806364173,0.07041134685277939,292.0,28.34838888543163,0.33121237680725074,0.07505918250045783,0.18887083206209632,165.5,78.5,-2.2250887717530623,0.16247504913776897,-0.10274374066394584,0.8398441634125727
-0.023404404050788752,0.005883920383213004,0.001217377502933159,0.0241633742683677,0.06423491984605789,402.0,40.96643328852452,0.3472983152840734,0.09066869318746563,0.16169806888889837,268.0,59.5,1.1926725903232362,0.13182968928382152,-0.26543160741413646,0.8437826224970669
-0.016144382036586843,0.008879603671047731,0.005641181069499179,0.019269441002712773,0.10586772114038467,384.0,32.483493026829535,0.3575018548012027,0.0693263729084368,0.1892592530971483,274.5,143.5,1.3605220371689677,0.04277867863361873,-0.3063722740135206,0.8393588189305009
-0.015843966796719282,-0.0043998521815502845,-0.007676286145388178,0.018147048026081664,0.0859370231628418,436.0,21.72411944608785,0.27901350729344,0.05741146121794998,0.16462943280499243,206.75,124.25,2.999564812646829,0.028176135732989264,-0.1692356126997506,0.8526762861453883
-0.01891274390384419,0.0066686419542621445,-0.00038346737877559267,0.020057659751753838,0.13413824141025543,412.5,39.68792587965421,0.3575858685773866,0.08537056781491084,0.1666831245571343,292.25,95.5,-3.130853404973319,0.06792356020567616,-0.3375379132437639,0.8453834673787757
-0.017490183871833306,0.0008712521313639643,-0.006143712673857493,0.018558308585802246,0.14631623029708862,515.0,38.45330230977181,0.3121582841767936,0.08340464665618773,0.14343590445896937,284.25,99.0,-0.47938308144934455,0.047191255301053656,-0.27834509234036287,0.8511437126738576
-0.021158228113826005,-0.0031415364110940758,0.0011659606425892255,0.021421935770583246,0.06150239706039429,297.0,23.342278300854698,0.3277979839850403,0.0679111023878101,0.19529150400150685,185.0,95.5,-1.038842120652219,0.135891631555779,-0.14667144010048888,0.8438340393574109
-0.017933615285039978,-0.006057703251907853,-0.010256668451930961,0.021529272482200375,0.06628861278295517,345.5,36.385018181869306,0.30732957338286904,0.08204596286180343,0.16018279857030648,153.25,62.5,-1.360871627475067,0.16116268138566575,-0.08059353098963354,0.855256668451931
-0.02138508021996216,-0.0018959856800046249,-0.003071848493099605,0.02168761561070183,0.2488890290260315,325.0,34.534524892140645,0.3329314546213415,0.08313758526925143,0.17380416175448798,209.75,65.0,-2.755294810160486,0.16600524132367386,-0.17291212436699935,0.8480718484930997
-0.01626254651427171,-0.000461583304761648,-0.00784149947472268,0.018060248954213275,0.17702451348304749,546.5,38.83894342134538,0.30861379528829197,0.079624211152242,0.14079775774889336,291.75,120.5,0.8425755482778524,0.03164364058947122,-0.25561276228238544,0.8528414994747228
-0.021430620190613953,-0.00556855930268195,-0.002188986238162993,0.022250213374543245,0.20516911149024963,367.0,26.717523399259612,0.30530927281760945,0.07896501650187551,0.1683465525574429,159.75,70.25,-3.0059054064526385,0.14330463970423754,-0.09648063644353076,0.8471889862381631
-0.020454090209005904,-0.0011739100051050277,-0.006998757521294308,0.02165018424448417,0.0988130196928978,348.0,45.69679014381045,0.35754083728438296,0.09235121092817657,0.1565211783612528,258.0,47.5,-0.1972045996021646,0.17753285003504515,-0.27057656333176877,0.8519987575212944
-0.020514352066225705,-0.00473793798936098,-0.005620604388099304,0.021791693159908664,0.0822228267788887,356.0,37.244958260228515,0.3151240182183177,0.08734632704628581,0.16395641742417666,162.0,47.5,-0.6828697485544367,0.16560045215071312,-0.11765681045150789,0.8506206043880994
-0.022883916675049742,-0.0024274268425276413,-0.002105642233145133,0.023108435098042612,0.23500554263591766,307.0,36.27496335447491,0.3411010010943028,0.08560534099630873,0.17432954737888806,198.75,55.0,-1.1476795009152687,0.19139521249769442,-0.15650564831536384,0.8471056422331452
-0.02051295443673057,-0.00065475645878596,-0.00497524516659098,0.021117837725756705,0.09363992512226105,359.0,39.323159958261954,0.3354900086161374,0.08594210992517691,0.16618928481609985,243.5,67.5,1.5526702208670609,0.14603310104205824,-0.22334676644013565,0.8499752451665911
-0.018469237202243687,0.0031066531590234203,-0.002133579183561274,0.01884983227553334,0.1259050965309143,461.5,36.304332832445375,0.31575926641794605,0.08068506937371844,0.1535728546484575,271.25,100.5,-1.7735384410760604,0.05425493215916153,-0.28268252328013155,0.8471335791835614
-0.020870917017235063,-0.002170406380544998,-0.0016682555120888232,0.02104967737165198,0.19650091230869293,420.0,26.34940462442439,0.296061354358232,0.0801433717906839,0.16270200260685364,202.75,72.75,-0.21123370103416653,0.10750940867538188,-0.15753663137323046,0.8466682555120889
-0.02120180974966042,-0.0003033026287644902,-0.0021721971859338662,0.021314951788826312,0.04086604341864586,511.0,33.13503763640478,0.291552730655278,0.0889824594630452,0.14319213490367966,226.5,52.0,-1.9194820511935884,0.12054453293220217,-0.18012531115470873,0.847172197185934
-0.025039568411130725,0.0011457324417341597,0.0015014843934073596,0.02511069780845175,0.20810799300670624,316.5,38.75547276780955,0.35250106463441333,0.08830210495740626,0.17640120089386124,224.75,52.5,0.9869920597374101,0.19308314393639625,-0.18982753571039268,0.8434985156065927
-0.01574466639063264,0.0006195926784791916,0.006292598004682626,0.016966885527051744,0.082110196352005,421.0,11.076730983324072,0.29452818352425997,0.05308057144571844,0.17860287708396172,212.5,136.0,0.5114086311136262,0.0182017008386767,-0.18897276846691738,0.8387074019953175
-0.02411976577758171,0.0025323672696151434,-0.003285521985194606,0.024473876682471394,0.06563922017812729,404.0,48.749097275404324,0.36180293833618504,0.09830031637029782,0.14775933811515385,267.0,19.5,-0.8070013189608846,0.18840452770873156,-0.257534436027059,0.8482855219851947
-0.027155202015248486,-0.006131302908341976,0.0046949474301754,0.028231903995566947,0.13384878635406494,279.0,33.774237069929384,0.3512635099612459,0.08422268791053157,0.1874498670018,154.0,55.75,0.5383603033406813,0.19023146433782437,-0.08228520292910725,0.8403050525698247
-0.01787547516500386,-0.002639704206745308,-0.006103409671214921,0.019072290378673938,0.17745260894298553,415.5,25.70754305331615,0.2918107344618185,0.07124276730616635,0.16249253146678788,215.25,97.75,2.887032861263811,0.08298798712765422,-0.1814125102350669,0.851103409671215
-0.02039207505962644,-0.00616380322722157,-0.002944013052985417,0.02150572966252236,0.16585920751094818,346.5,28.62640538274019,0.30361654083233314,0.07421712242781091,0.17185556196937923,154.5,81.25,1.3497739180893207,0.11608666317732252,-0.09531912499021977,0.8479440130529855
-0.0253448023841934,-0.0016921541164951759,0.0020148031488326223,0.025481009108281657,0.2111085057258606,309.0,30.486939116863002,0.34929699554204807,0.08498437813653732,0.18489728704774344,200.25,57.25,-1.8277304854435628,0.19214174646166174,-0.1662617953279297,0.8429851968511675
-0.022684787545665774,0.004533207447352583,-0.0011960927708534186,0.023164200691351597,0.15651869773864746,389.0,43.94392389874016,0.3585083275754815,0.0936465805397031,0.15758265019725093,270.25,46.0,2.069101805445756,0.14590502387706972,-0.31014435110247035,0.8461960927708535
-0.0177297121634422,-0.0005109634237045746,-0.004466518806228947,0.01829080553899338,0.07721400260925293,424.0,32.793719812886394,0.301206210113238,0.07759813572035007,0.15755576527453308,238.0,91.0,-1.2611413256179527,0.08005739964034493,-0.22602771397909197,0.849466518806229
-0.02431571154177678,0.005476871894389557,-0.0013124865842908395,0.02495941855421304,0.1351059377193451,348.0,48.16590930465714,0.38929361294638576,0.0960106747078616,0.16087137797364737,282.75,38.0,1.0782264792794332,0.1853722291715218,-0.3268417194799215,0.8463124865842909
-0.015091839184731504,-0.0019257845803868356,-0.0007738726003623242,0.015233881154500467,0.0730075091123581,379.5,16.056927693797157,0.3101076417827792,0.041086096774382776,0.19371017968476345,206.5,157.75,-0.712879058619543,0.017044016561835795,-0.1887619541075942,0.8457738726003624
-0.019683842606606855,0.001675265485027777,0.0004448456629673192,0.01976001168701217,0.22301632165908813,400.5,27.23865364794897,0.3110591411666193,0.07520908880794082,0.16765416218633533,232.75,94.75,-0.04186082651213668,0.09851688246981831,-0.24296495005326962,0.8445551543370328
-0.021089243955581233,0.006133024728699532,-0.0012149179428206924,0.02199650491665999,0.14618344604969025,339.5,46.27298342650588,0.38684223966046344,0.09066171817360405,0.17076121698856406,292.5,70.25,2.6776018740491025,0.131047954575225,-0.38236962661598745,0.8462149179428208
-0.020348466872012,0.00044062823414384167,-0.00303484718634639,0.020578254413981988,0.06286416202783585,399.0,37.12334954847552,0.3256613741337307,0.0858309016704952,0.15918852255862037,247.5,69.5,0.6175941547226741,0.13276792473344337,-0.22734909883771207,0.8480348471863465
-0.018325644393933707,-0.0018793284319842118,-0.003996629381916028,0.018850309393338153,0.19556666910648346,427.0,24.045214563100984,0.28910109590646904,0.07129102927415328,0.16163551646171082,214.25,97.75,0.5571277856492194,0.0751428205178235,-0.17448849735552704,0.8489966293819161
-0.015282827271130766,-0.006231248636250214,-0.008249012306363657,0.018451001951019556,0.1723814606666565,453.0,13.985114110305156,0.2687045186803327,0.04094837916653473,0.16395215820866482,153.0,143.75,-1.5461522848144469,0.01588770600453913,-0.11207106980494852,0.8532490123063637
-0.016528569001851352,-0.004535529230165092,-0.005588051572701036,0.01802750506936026,0.151723712682724,430.5,17.069732646997466,0.2723235771225182,0.0613154917177322,0.1621390475890656,175.75,108.5,2.1550083977245946,0.05035874918413331,-0.12859912057129333,0.8505880515727011
-0.019681211831572287,0.004934564843137201,0.0003147558127896133,0.020292833724545014,0.17614047229290009,351.0,38.9861532601474,0.35114654025738734,0.08060218622734555,0.17919412287988423,267.75,98.0,2.3435573489762986,0.08796722190248092,-0.2990867733283051,0.8446852441872105
-0.016010946288517854,-0.0019956338872230417,-0.005601284017432651,0.01707944197886989,0.16362141072750092,528.0,17.259451599506487,0.26312433286169884,0.0592080837371341,0.1489924443795112,218.25,128.0,1.1765362464024611,0.005655171411039323,-0.17066279964197897,0.8506012840174327
-0.016656855058928527,0.002008797978926391,-0.0037001633774800258,0.017180724629489177,0.22463202476501465,462.0,36.69084907751447,0.3164932691378398,0.07879169360048621,0.15391042692781454,274.25,110.0,1.2247947213726322,0.05058200896198753,-0.27708333197813095,0.8487001633774801
-0.02030675057583571,0.002096733782306459,-0.004424254412297213,0.020888619834919693,0.1959536373615265,415.0,42.11389341603039,0.3450506738139508,0.08980319804623844,0.15599852546353954,277.75,67.75,2.4679718047561963,0.1235758495430721,-0.2910620678055476,0.8494242544122973
-0.02327301211411642,0.005679722438341084,-0.0008830040097359548,0.023972318117395627,0.21557475626468658,419.5,44.840546422380996,0.36067529345244065,0.09583287587654668,0.15415541521913556,278.75,37.75,0.6522448495272939,0.13878004589565945,-0.3359878978036988,0.845883004009736
-0.016605344928010746,-0.003791667560885517,-0.006188161580897411,0.018122018839571336,0.09675148129463196,409.5,15.629115049102182,0.28049712829354617,0.052828250047362725,0.16955727361684414,183.5,125.25,-2.62438224913303,0.0545180342009069,-0.09809742082985197,0.8511881615808975
-0.018183411100628183,0.001036623139131554,-0.005092848067458355,0.01891158714188858,0.0666126012802124,387.0,38.090116379801294,0.3423675575654363,0.08408795762742138,0.16728517083480343,268.0,85.5,0.8579808703613953,0.10436504428831773,-0.30936050296307854,0.8500928480674584
-0.019564019244364017,-0.00015640370712938223,-0.007836219890461904,0.02107561750661461,0.045656632632017136,424.0,46.644899390435164,0.35553685671150764,0.09586271614592759,0.14821586918299867,281.0,39.0,0.20811905320679672,0.14723433369019043,-0.3091975551877804,0.852836219890462
-0.02740330140958422,0.012874086374902227,0.006572568585309968,0.03098195742592077,0.11779604107141495,317.5,44.390109462986906,0.4037718105999849,0.09315143888723462,0.18081588157553996,281.25,52.5,-1.3683540950392592,0.16330852607012142,-0.3557878996811425,0.8384274314146901
-0.01758288311805055,-0.0036229180668267413,-0.004455488674907415,0.01849688334272006,0.11574524641036987,422.0,22.14291616849313,0.2801976382364404,0.06707356939635026,0.16010022533846135,192.0,100.0,-0.8896454349600417,0.08647600384474513,-0.14909512243896708,0.8494554886749075
-0.015378890812378648,0.004152450946322606,0.003023758463507109,0.01621407557421362,0.14296869933605194,472.5,23.478554645186904,0.3064837294121369,0.06017110270541976,0.1693363525823518,249.5,150.75,2.318286347214162,0.0067044060995553375,-0.19845699706804612,0.841976241536493
-0.018663772113904895,-0.0044665779396247385,-0.0035190067891873733,0.01951076925169439,0.21500858664512634,423.0,23.707151933977833,0.2840084247180139,0.07389537783196518,0.1554897961199695,192.75,84.75,-2.569878323836454,0.10001921112273454,-0.1440138709181468,0.8485190067891875
-0.0188016696238828,-0.00023779603568707675,-0.006696531650838944,0.019960031657061904,0.21154196560382843,364.0,42.132973122695624,0.3565162217082963,0.08765943504486387,0.17012352626996752,273.0,74.75,0.17411206952713998,0.12896135490990138,-0.27640125469340443,0.851696531650839
-0.022872623641893824,-0.00515310181458721,-0.0035075446350579798,0.02370683951820964,0.18076780438423157,397.5,35.95801194467434,0.3137303494388828,0.0906862835607339,0.15213364468536428,169.5,36.75,-0.18995914337639472,0.16622348650399596,-0.0947370437298493,0.8485075446350581
-0.025654066894546135,0.004693715743273541,0.0028559813716735327,0.026235829419018718,0.11663728207349777,314.5,39.50657975852102,0.3718029485863923,0.08889836872506042,0.17784963194075465,249.75,58.5,-3.1235077489475738,0.1796960841335483,-0.2564893850541949,0.8421440186283266
-0.0202517226418079,-0.004776587496302082,0.005465478147933078,0.021513240329064286,0.33500826358795166,349.0,6.217225013160213,0.30407999203550673,0.05763988777898435,0.1875698248746619,157.5,113.0,-1.4030958209641058,0.08497227811720554,-0.13492347017219097,0.839534521852067
-0.02008480944936107,-0.005949529580971294,0.002576750646644088,0.021105357536582436,0.1036360040307045,333.0,18.993447159451584,0.307082329279582,0.062100250183476306,0.1878213147001807,161.0,105.25,-2.1761631805296835,0.0971568352063886,-0.10206351594960313,0.842423249353356
-0.018239962944741575,-0.005766776319243716,-0.008227025345027172,0.020823926223684508,0.05364399775862694,510.0,30.36777396863715,0.2737900889331277,0.08667841313247178,0.1378272403671742,153.5,51.0,1.5060524836816251,0.11358614725053644,-0.08886298089920455,0.8532270253450273
-0.022436577931533447,0.0012321449071344692,-0.0033520579421958407,0.022719033931877235,0.059064511209726334,392.0,41.653069342532596,0.34919032193672145,0.09354486058515896,0.15601939637508377,252.5,40.0,0.49555312368983695,0.17600744517603145,-0.2708654709491975,0.8483520579421959
-0.017087518958928127,0.0006171881049048256,-0.000898542424483173,0.01712225463591639,0.09438373148441315,423.5,22.260345007049793,0.30485714500314426,0.06407549575298999,0.17163088921165082,235.25,125.5,-1.434720177457927,0.049242805825303076,-0.22721513788991118,0.8458985424244833
-0.01649342253545047,-0.005233140687614185,-0.011798665675409659,0.02094342999867401,0.08232944458723068,446.0,26.063247464075463,0.2676298023422309,0.07122612019802556,0.15128315385872815,164.75,89.0,1.133239094600403,0.07796170510989615,-0.09107779209337752,0.8567986656754097
-0.0226834910330721,-0.0008972870709474945,0.0029198365174337715,0.022888235729817442,0.11146290600299835,285.0,29.769578311920863,0.3398255738650183,0.07237822204019963,0.19625758040045782,203.5,90.0,0.2569703950583277,0.14487281439524363,-0.16272634571463493,0.8420801634825663
-0.019203902863710265,-0.005486350897095024,-0.005922964037357148,0.020831981047243223,0.06776515394449234,372.0,30.22342683257776,0.3040320426977045,0.0814442733750894,0.1632203996850512,162.0,64.0,-2.532840205016606,0.14441619792383348,-0.12235718861705451,0.8509229640373572
-0.02171795846141128,-0.0015871326271515995,-0.0005271944666784822,0.021782255248560728,0.14373907446861267,313.0,32.58670519353857,0.340966842656135,0.08227592235510557,0.1814251244774906,211.25,67.0,-0.08872804220684517,0.16048607500618578,-0.19908602798760497,0.8455271944666786
-0.022680065973039065,0.0026545449727331527,-0.0013402634488406395,0.02287418430602424,0.1591295301914215,430.5,39.26453445227392,0.34027768170299955,0.09202976347878987,0.15599057788425752,262.75,51.5,1.216214021583774,0.15138685250535816,-0.2440244629693784,0.8463402634488407
-0.01634137885710555,0.0034895302848532705,-0.003181207149156151,0.017009925440348253,0.09524443000555038,463.5,36.90768238971971,0.33313249696408065,0.07668783371616435,0.1630011935626524,287.5,128.75,2.2738770889622337,0.030840056723794147,-0.28437828606385657,0.8481812071491562
-0.027298240873074697,0.0020651314365627838,0.0005932447029821653,0.027382670831975143,0.24971053004264832,297.0,46.00596504565441,0.3825188236391924,0.09490788290969847,0.17092244018685754,237.25,29.0,3.0601791108598686,0.23318258628579774,-0.2049857325816736,0.8444067552970179
-0.017686935714887844,0.003973961600282905,0.0002537816913259494,0.018129657220420647,0.21290794014930725,380.5,33.11575908034064,0.33686405055308805,0.072704718535505,0.1807808145306481,261.75,119.5,-2.405125751969394,0.062093048048117466,-0.2991684370750421,0.8447462183086741
-0.023050207776459525,-0.00014228500878710193,-0.002540782004928799,0.02319025434871836,0.2505493760108948,354.0,40.48741304788686,0.3382178880343975,0.09052039764073162,0.16195410810373556,225.0,44.75,0.8657155432427074,0.17714813476625252,-0.19029644449921365,0.8475407820049289
-0.01800270055215497,-0.005326599572016519,-0.0030180230198003644,0.01901521372793933,0.11046148091554642,477.5,16.888575905954585,0.26535558554455263,0.07241521090492656,0.14914034496986672,152.5,86.25,0.9891226707926193,0.06917916313861006,-0.10284956341721106,0.8480180230198004
-0.0287924402131719,0.004493699792541772,0.0019191230645057011,0.02920412615695402,0.1669105887413025,306.5,45.65984866171444,0.393738110742358,0.09514473857509062,0.17159803137097673,256.75,33.5,-2.5409640637340645,0.2232192957190128,-0.2700248632674398,0.8430808769354944
-0.01686370227029671,-0.0011241475914920973,-0.006544907224932506,0.01812412681073606,0.08699409663677216,462.0,33.52103473640787,0.3040221658103123,0.07867520409786895,0.15201754196823236,256.0,97.5,-0.03889981634573078,0.06302828522739215,-0.25477658223763916,0.8515449072249326
-0.017249575125801525,-0.0039293943303038426,-0.011210435374704564,0.020944255611363278,0.10916172713041306,340.0,44.13243772553586,0.3391496670268118,0.09079712935678934,0.1586394151452566,230.0,44.5,1.4879165212737706,0.16561239103919628,-0.24881749015659146,0.8562104353747046
-0.022943148523958873,0.0015833990137815168,-0.003561118794996987,0.023271802330317292,0.03585708141326904,432.0,44.711180233376496,0.35966597701731795,0.09832449338902279,0.15277284812499237,262.5,18.5,1.745370138784016,0.1933191537568681,-0.25953580933667636,0.8485611187949971
-0.016771779484963,0.008574013875608355,0.003304767565583955,0.019124010816088922,0.05619502440094948,360.0,37.29472366222747,0.37472057785014884,0.07678801877670688,0.19156720550259132,287.5,127.0,-2.6571516266689383,0.03586244732407423,-0.35423417159509246,0.8416952324344161
-0.01647581112549753,-0.0029752865970296694,-0.010498051263182151,0.019761421074961507,0.06474354863166809,487.0,38.634929110049974,0.29987633525591206,0.0846673112187753,0.14365274983506127,262.5,80.5,-0.05390056155194295,0.0535844646234746,-0.28949696333879965,0.8554980512631822
-0.016846918207634107,-0.0011569820113404572,-0.008604226449598684,0.01895230786118811,0.06188203766942024,501.0,42.210392152728474,0.3230043723763405,0.0871648991686599,0.14225145509155546,293.0,88.5,0.6122027531190123,0.07233665214024414,-0.3066092175998017,0.8536042264495988
-0.017490044564615503,-0.0029340437933582098,-0.011131263813991321,0.020938369228530016,0.09600646793842316,307.5,52.092102873538835,0.39696877296001903,0.09640062721907966,0.16249835945698143,279.5,34.25,-2.458033466092367,0.2019364587778272,-0.3206243579550146,0.8561312638139914
-0.018942371705111552,0.004977804211306502,-0.0005835242947731523,0.019594195088936468,0.07571563124656677,362.0,38.65569146393335,0.3607051738777671,0.07928320283412425,0.1813078049830178,279.0,110.75,-0.8221923320779607,0.08089327805171621,-0.2976640246329197,0.8455835242947732
-0.022813912544031006,0.0052565272814411035,-0.003103105240831905,0.023616412656517254,0.24442382156848907,284.5,51.130670648519015,0.43448098694943776,0.09570097887660917,0.1756753055265502,299.25,46.5,0.06178452438417314,0.20438924124057972,-0.3712826806540167,0.848103105240832
-0.021665664289717557,0.0015760738252533768,-0.005900933369303529,0.022510131773189408,0.3174136281013489,370.5,50.443080655257155,0.3942908353239762,0.09957824108752934,0.15415092340280623,282.75,15.25,2.6733016748258294,0.2021396949879954,-0.3145443085682057,0.8509009333693036
-0.015770226795249358,-0.0035354823468687624,-0.008828469638445191,0.018415796609312616,0.092134028673172,468.0,22.70084472481794,0.2691360921469921,0.05424880283544366,0.1538910921463441,209.0,133.0,0.1599489270260111,0.024707608603892935,-0.15486083291952457,0.8538284696384453
-0.02180012770148071,-0.005299011295834863,-0.005594438181814487,0.023121912271358437,0.14180117845535278,448.0,38.76155164095965,0.30870022260623076,0.09458347149358082,0.14267506817126152,156.0,21.75,0.9772294824643919,0.1684160437084784,-0.12179662284027885,0.8505944381818146
-0.015817938037127284,-0.00145329405320907,-0.0035577751995143903,0.01627811388711145,0.17346800863742828,382.0,29.540862422836902,0.3144106859392627,0.05828704080934911,0.18218108301114022,233.25,139.0,2.75407350871556,0.04082937718175877,-0.2023486642878183,0.8485577751995145
-0.01697629215529621,0.0026147204773478983,-0.005342608156022166,0.0179881827994222,0.270607054233551,461.5,41.21549041574483,0.3446016705652676,0.08549784885209823,0.1574964001407252,300.25,100.75,1.7905053482570645,0.05685352127435897,-0.3182653214522035,0.8503426081560223
-0.022135080426899073,0.004208940190459143,-0.00023865124649002922,0.022532951813945813,0.134205624461174,384.0,38.46442008163629,0.3515342113214242,0.08687530018602248,0.16798413551242863,269.75,76.0,-1.3792474109554531,0.1326611804190909,-0.25820649360558373,0.8452386512464901
-0.019059937851697628,-0.001536249304002868,-0.009692820244428857,0.021438098262799226,0.07650060951709747,311.0,51.684177825419795,0.4192030196839963,0.09745244090263158,0.1692266400210386,294.0,33.5,2.4675687410832756,0.21035309988088421,-0.3283240622602189,0.8546928202444289
-0.02165936681254281,-0.004643762806864141,-0.0027882703365976758,0.0223263780133869,0.15725576877593994,423.0,27.235315383702407,0.2951439551669166,0.08361511092670433,0.15433894468202647,173.25,59.0,-2.7449333224638903,0.12792278528702272,-0.11251017299814854,0.8477882703365978
-0.0175678300800568,0.004566715383248765,-0.002734853770094414,0.018356551099189333,0.3015618324279785,467.5,40.78642195639474,0.3298720195871623,0.08424821752535858,0.151700833770542,290.75,99.75,0.04084211296490591,0.04799673793977435,-0.310319473512875,0.8477348537700945
-0.019442123482069917,-0.0006374018278055837,-0.005126577902663798,0.02011676533576472,0.20913831889629364,452.5,38.039256845202274,0.3114498688245302,0.08994945281690571,0.1490029132143812,241.75,52.5,0.9107365248343955,0.11663424867885781,-0.2531707145677805,0.8501265779026639
-0.0245474442734763,-0.0015931933196087489,-0.003144830448036817,0.024799299261470467,0.16790972650051117,318.5,44.077402662912796,0.3647602048994662,0.09538399074032089,0.1657577583286679,211.5,21.25,-0.2003980662741651,0.23503384092605809,-0.21608993203021123,0.8481448304480369
-0.02210994714774983,0.003627560099138172,-0.0019698940661385667,0.02249198607906732,0.14200590550899506,430.0,40.40696624115216,0.34345812757527927,0.09097853457060294,0.15722196168758462,273.75,61.0,1.9409401896114762,0.12412773171564212,-0.27302608835110104,0.8469698940661387
-0.01572948710299825,-0.003303962030770713,-0.0064369515533373445,0.017313788578014196,0.14508026838302612,504.0,18.768417980795107,0.25756666437924985,0.05602899749407208,0.14991195772114596,199.0,125.0,-1.9334894342644835,0.002597245407793311,-0.1610565450309064,0.8514369515533374
-0.02118571226570419,0.0017136636153127771,-0.0025530650443201797,0.021407689934044388,0.07277917861938477,420.0,39.18221107852497,0.3209436278435791,0.08704266678372673,0.15278737678826315,253.5,68.0,0.9625214216062861,0.11908754686566646,-0.24032751739645988,0.8475530650443203
-0.020074617982903567,-0.0037717052037798404,-0.005328791059041826,0.02110952537255775,0.24465049803256989,446.0,32.60234677878583,0.28535610385901866,0.08442377068542198,0.14572445104357534,191.25,59.0,-2.0063739671117315,0.12264711383867914,-0.13406166891916235,0.8503287910590419
-0.0232667026041177,-0.0029554383581586463,-0.004123133565906767,0.023813321825390928,0.1601533442735672,342.5,40.64580858826205,0.3418739666317235,0.09214074654445847,0.1609756942525311,206.5,34.75,1.816600209761867,0.20424531555313835,-0.13757946622874165,0.8491231335659069
-0.016140979962693897,-0.0009373830681614903,-0.0016428341278346137,0.016251425326541048,0.15804746747016907,484.5,15.023872994677788,0.2737051357871999,0.057226507474012325,0.1573534888776511,214.75,129.5,-1.848991619490553,0.013607420753002253,-0.18468121566450837,0.8466428341278347
-0.0160222745705611,-0.0041502636145171745,-0.010660447699187281,0.01968713071098837,0.1739242821931839,476.5,24.441483602847143,0.2650660322444129,0.061347023559606584,0.14898250237876587,209.25,118.25,-2.8668161394581206,0.030795464592494243,-0.18278445381243477,0.8556604476991874
-0.032001002109918936,-0.009036644854184553,0.007247187700200719,0.03403302536980274,0.043576184660196304,282.0,36.417122084980164,0.3695451830352669,0.08960992550678291,0.18698194291883385,128.5,41.5,-0.4878582416967726,0.22389714095920626,-0.07923866485629029,0.8377528122997994
-0.01626553432196242,0.0015741062498603742,-0.0037420189876788967,0.01676448995254363,0.18172651529312134,398.0,34.94447468522112,0.34307029952490004,0.07083085001095067,0.17917489479373871,273.75,137.75,2.552952394242165,0.047521606361985026,-0.28755996946551016,0.848742018987679
-0.016727874611512317,-4.3908331422648494e-05,-0.0005664518506643956,0.016737520266131654,0.1705411672592163,441.5,20.95727895511077,0.28947798165426675,0.061321002710695086,0.1658967502745441,224.25,125.75,-0.46941052184618465,0.028317204670744694,-0.2132315943869803,0.8455664518506645
-0.015392751697930944,-0.0031437759066954007,-0.002987035302429275,0.015991951465772813,0.11027546972036362,435.5,9.5425759725953,0.2811346277144464,0.0387227725937199,0.17384834822509243,188.25,151.5,-1.4984481740920532,0.012467106494430029,-0.14554803566562433,0.8479870353024294
-0.016569903931587908,0.0020326599202663,-0.004120906295303817,0.017195211291175926,0.1126646101474762,449.0,37.13884904333905,0.3307012473692231,0.07639186183268404,0.16245149677179105,283.0,125.75,0.7713420084739255,0.03684825320606789,-0.2865953893225934,0.8491209062953039
-0.024403785299415892,0.0018723160560664143,-0.0015165386561953875,0.024522442656667098,0.03870610147714615,380.0,41.87663051513392,0.3556115850136217,0.09561739323759456,0.1571416253382032,239.0,26.0,-0.10085633940770763,0.1948826363654698,-0.2671648550453315,0.8465165386561955
-0.02523041519114569,0.010977215799430284,0.004386032885880686,0.027862347386767038,0.21780173480510712,362.0,44.320086779135686,0.38589422187833183,0.09209489962831802,0.17257111710923845,291.75,63.75,-1.541889041889582,0.14903794036816845,-0.3203648613700023,0.8406139671141194
-0.017868296935994524,0.004373688447124602,-0.002526305464236489,0.018568451882804166,0.1098131462931633,428.5,42.26529732886343,0.34786483820991987,0.08174802450525205,0.1621952956731949,296.5,115.75,-1.001739697522194,0.06781185390676532,-0.2811288550228239,0.8475263054642366
-0.0204025263694409,-0.00339279081463581,-0.0023610050632735247,0.020817023242442986,0.2514324188232422,369.5,28.668398382987128,0.31248739790692176,0.08165259719251433,0.16884190072804395,199.25,66.75,-2.3751996028286793,0.13686963354057446,-0.15834597652466892,0.8473610050632736
-0.0161236807788782,-0.0029433360495510485,-0.005525964864840693,0.017296606506688152,0.24835564196109772,501.5,15.366649485643556,0.2569835565873268,0.05785878757234336,0.148200550570591,192.5,118.75,2.4628248903238785,0.024459132246454393,-0.19232993254505218,0.8505259648648408
-0.02451304590290082,-0.0005523853673179702,0.00018855718178778513,0.024519993940508092,0.03639308363199234,424.0,34.80480262819454,0.32210756551549413,0.09251285464767316,0.15762381894994393,208.5,34.0,0.04489836031737339,0.16138191435614926,-0.1904525495419788,0.8448114428182123
-0.01688490425393191,0.0007000226312895985,0.0004676840906845392,0.016905879206874894,0.07213204354047775,350.0,23.28799095605407,0.31799410566557174,0.05689706811398741,0.19258617983482018,221.0,132.0,0.4632996508178381,0.04361869576913266,-0.24801692096566522,0.8445323159093155
-0.028359846569952718,-0.003050464202316222,0.001074245815935404,0.028543654870985362,0.23281362652778625,336.5,41.58581593819895,0.34656664687781685,0.09424741142915984,0.16332214347033214,182.5,23.25,0.5818724152062781,0.2173220593886495,-0.1503143312236121,0.8439257541840647
-0.016392336935902543,-0.0039484249101914,-0.007152655665637497,0.018315546744849056,0.13958558440208435,506.0,20.26464013078186,0.25662131142560074,0.06062753663308964,0.1455957398310309,197.5,115.5,-0.062021940096940786,0.03938126184057457,-0.15024029619339835,0.8521526556656376
-0.01631829285347343,-0.004629090298852417,-0.010140352808998165,0.01976213332961825,0.07830817252397537,422.0,27.429313395512786,0.2856369113518053,0.06983945054795095,0.15912270289754504,214.5,101.5,0.75285954930058,0.07660766560567239,-0.17365536279636237,0.8551403528089982
-0.016359371206493417,-0.005878048126280441,-0.008531032103129554,0.019363857693944716,0.16976317763328552,448.5,17.072304122123047,0.2676642032323435,0.05403130326890496,0.1592404754407276,141.75,123.5,1.343427779191306,0.040509323916304935,-0.08193620642665315,0.8535310321031296
-0.01770090758773757,-0.0007036091704822334,-0.008620855476276557,0.019701176219638756,0.07038459926843643,394.0,46.736434669860685,0.36404031836598283,0.09174185351490838,0.15856428244083853,294.5,66.5,0.5601686336441579,0.12394650054588645,-0.3250421728718191,0.8536208554762766
-0.017473398219469236,0.004041717077065965,-0.0030854338104420176,0.018198214859315626,0.16895508766174316,357.5,41.51374333649195,0.3750553344716993,0.07909201816668103,0.1827984132314623,292.75,123.25,-1.9177056022714205,0.07102023462611286,-0.32026707798268367,0.8480854338104421
-0.02023676643449085,-0.0005622865679515976,-0.004260366683281003,0.02068800633663488,0.12918798625469208,358.5,35.736013881777076,0.3428508929008755,0.08500940626218821,0.1737783939783365,246.5,71.75,0.9204120478176063,0.14149037188486252,-0.2316914161671027,0.8492603666832811
-0.024830361529307232,0.003958997537438447,-0.002901443476028054,0.025310845292524902,0.07808968424797058,312.0,50.91052221862,0.4041550763799793,0.09819002137299701,0.1649962074435498,271.5,21.0,2.8781721754984977,0.21472157718856136,-0.32795475279638026,0.8479014434760281
-0.015289606432351428,0.00039679727348085336,-0.003669910629800377,0.015728882889867474,0.1585123986005783,472.5,29.408286099417307,0.29658689161516566,0.06250605902957783,0.16055753197176392,250.25,143.5,-2.2229219480985085,0.004078834326662962,-0.22509881754351338,0.8486699106298005
-0.022795615440733413,-0.0055103000408660285,-0.0027011758809425412,0.0236071989232513,0.05139176920056343,372.0,35.18676174321705,0.32202629257032445,0.08990676110045859,0.16044002319756545,161.0,39.0,-0.6672388000033882,0.1743848929321982,-0.10576229480079674,0.8477011758809426
-0.02278843042380596,-0.00443039292808578,-0.0036777539899763845,0.02350461267684845,0.07324577867984772,327.0,38.420209321278456,0.3314212615746221,0.08869562830797675,0.168053790021358,173.5,43.0,0.847551610250216,0.19170651807772865,-0.1278706109649195,0.8486777539899765
-0.017755748456097696,-0.0008695286898305066,-0.003713642904040082,0.018160777158408758,0.11595463752746582,415.5,27.3174338531747,0.29763228400001396,0.0733545317036973,0.16431494416198344,225.25,96.5,1.7897985467269775,0.06419308109301726,-0.2416767844326362,0.8487136429040402
-0.02480664698424556,-0.005362705805041501,-0.0016596695212057755,0.025433891779907073,0.046327143907547,432.0,38.831440710055894,0.3178913721776584,0.09533244096572606,0.1483030992048754,160.5,18.5,-2.6874773911778482,0.18972483798464337,-0.11419423266113657,0.8466596695212059
-0.020838145935531432,0.004107434214023431,-0.0018899944172450223,0.021323025600281324,0.04117143154144287,450.0,40.24966046395894,0.33966138410458635,0.08914922424445965,0.15437180310211962,283.0,74.0,1.3104748277723117,0.10008578089717557,-0.27946012791521097,0.8468899944172451
-0.01663642482043317,-0.005533343732307905,-0.009200432317243656,0.019799911072779532,0.12109588086605072,373.0,20.54354312284182,0.2876739039442464,0.052128809402402755,0.17735617155493044,168.75,123.75,2.955378075267019,0.06357046156439788,-0.10705563931013232,0.8542004323172437
-0.01667075908973925,0.0007901604129787743,-0.002800793195006923,0.016922854505891132,0.2484206110239029,457.0,28.183068540726577,0.2968311356404452,0.06948683403653184,0.15885694450753263,244.75,118.0,2.690707538224842,0.05787298880727755,-0.22780415407575336,0.847800793195007
-0.0188622692034707,-0.005590254014570195,-0.002199833778748106,0.01979584320269633,0.22141613066196442,362.0,15.190497053926807,0.29640565480825604,0.06180897219744417,0.17840104412393465,157.75,106.0,-2.94199786135869,0.0965457164479538,-0.10115432769270186,0.8471998337787482
-0.016004183448135298,-0.004469528826234526,-0.004529846946061622,0.01722295239280574,0.15076452493667603,453.0,12.59781590765519,0.2665392138491723,0.057632107015717915,0.15944912256178445,179.75,116.0,-1.5836703585602268,0.027286300451159734,-0.14472472754037066,0.8495298469460617
-0.023789253231345814,-0.005400132240223829,-0.002229962543781716,0.024496177874592427,0.16843587160110474,410.0,36.710320260800984,0.3121924725266121,0.09175581716062509,0.14902275258862452,159.0,32.75,-3.089274231394312,0.17256340648231466,-0.09024582327067159,0.8472299625437818
-0.029007135845026732,0.011762913906125716,0.003372199234476403,0.031482563446640806,0.22899280488491058,309.0,50.34671063267448,0.4437195840776629,0.09835676571091206,0.17865215983603366,302.75,31.0,0.4732760124568754,0.22292074896070863,-0.35101015468610225,0.8416278007655237
-0.023805265132333886,-0.00620569697306643,-0.002685962633521388,0.02474703453367515,0.04895307868719101,428.0,37.50735141075408,0.31355200538086975,0.09365194789982677,0.1494570366459087,150.0,26.0,-0.9180379452837016,0.17350089062201113,-0.09284959837234179,0.8476859626335215
-0.016102582733314254,-0.003587843653483358,-0.009270563212835925,0.01892377169192912,0.0859558954834938,450.0,25.102317716131555,0.27673606358718705,0.06523490102822777,0.15584495782048435,215.0,112.0,2.288795763569187,0.0491631155704634,-0.1908524704220055,0.854270563212836
-0.016114337283675992,-0.0033506926849388163,-0.005562550469762284,0.017373571172606548,0.18350261449813843,392.0,22.783338201283936,0.29271743975133596,0.04166462662482248,0.1811493427882701,199.25,151.75,2.1397762658506525,0.02397675461201243,-0.15028570157237728,0.8505625504697624
-0.021297311806615107,0.004486685649064348,-0.0032354083497226904,0.0220039474979187,0.07042290270328522,439.0,46.33038638230525,0.3667037004349216,0.09524705525182132,0.15383238504023344,299.5,50.5,3.082052059281357,0.13074813667580124,-0.2987369003349276,0.8482354083497228
-0.028881493667446967,-3.8039413433027525e-05,0.005072723668474222,0.029323619300428316,0.03378351405262947,326.0,34.37021202259344,0.35004848172700964,0.08933077643467525,0.1762696506499145,204.0,44.5,0.9073318862574776,0.20016843091078104,-0.1693314633612886,0.8399272763315259
-0.020661548822694276,0.002754404460761639,-0.0028843064987216227,0.021042945793415205,0.05287448689341545,388.0,39.877031604637125,0.35160358730075,0.08758597928511998,0.16546167364679654,273.0,75.0,0.528414591858169,0.1338567095534513,-0.2744077048597286,0.8478843064987217
-0.016411593168580034,-0.0019867529526046424,0.004441768289883852,0.01711773592408423,0.03295440226793289,365.5,12.461500518312883,0.30273044024149326,0.047495166453370194,0.1918371075944253,192.25,136.5,-2.3649079948874165,0.04453732411518003,-0.16079447646741432,0.8405582317101162
-0.02003748304200767,-0.001610080205728559,-0.007644875367646353,0.021506678132953722,0.11079511791467667,289.0,42.889129133553496,0.36920577856478043,0.0891372500478707,0.1768515546014372,238.75,53.0,0.07362916933002536,0.18043332522256744,-0.27902797925550493,0.8526448753676464
-0.021713921064109493,0.001964986480301578,-0.005585205794393477,0.022506667092483338,0.06636466085910797,360.0,49.878888840171456,0.39369987920345506,0.09797960940844286,0.15663368323190296,286.5,27.5,2.5630395759809943,0.20453179800618831,-0.2900287598772238,0.8505852057943936
-0.018940652574427314,-0.0036924285583057326,-0.003563411324601362,0.019623461694401653,0.25099143385887146,492.5,18.257261131649596,0.2705450047919405,0.07692441238829698,0.1522560273365532,185.75,78.25,1.8255905099887941,0.07541805282725556,-0.12726451509136572,0.8485634113246014
-0.018309650169322733,-0.001307692053849785,-0.005694588579348681,0.01921930505816301,0.0679534301161766,468.0,29.95581889588985,0.28714842071889735,0.07919732848841464,0.14815034197204302,228.0,83.0,3.0105110023656034,0.09674622755185983,-0.20127980999550388,0.8506945885793488
-0.015862369538056517,0.0025969640547516826,-0.0021481276286683393,0.016216455900491446,0.07047143578529358,428.0,32.57257064227925,0.3312780566733711,0.06629227876829524,0.174392562797545,268.5,149.0,-2.8123123682335627,0.031220473937881507,-0.26695587202004906,0.8471481276286684
-0.020487063344568804,-0.0030004933397844713,-0.0028681086429660496,0.020903319639576923,0.07441007345914841,404.0,28.028008385073456,0.29561821991165516,0.07908644869860325,0.16040026937101215,195.5,73.5,-0.9728852050711271,0.12856481416839255,-0.14166539374527573,0.8478681086429661
-0.02299012405242315,0.006286053600343677,-0.002228196968886653,0.023937943427628755,0.09254101663827896,320.0,51.142145552961615,0.4127484570214216,0.09635793452565462,0.16853008670685254,298.0,42.0,2.636375197052396,0.17817409439038895,-0.3707138922464828,0.8472281969688867
-0.02515070572507433,0.0018147791104551891,0.0007693372703472257,0.025227827919275504,0.20694757997989655,337.5,40.23077473914095,0.35236311094096207,0.09111305156806597,0.16935885533529194,231.75,44.25,-2.3559537255447727,0.1823666385857083,-0.24132489847354305,0.8442306627296529
-0.027700103579167523,0.00892608281189572,0.0005067111381973355,0.029107171776711713,0.041615333408117294,334.0,51.301327220833954,0.43275930002133983,0.099778560067023,0.1657793020683852,302.0,20.5,2.4897716817243056,0.22049710156507732,-0.3625739903856454,0.8444932888618027
-0.014914745266398428,-0.005023783499726861,-0.004903967396507003,0.01648444488721673,0.056534554809331894,450.0,9.951867998506213,0.27002768726801274,0.043224070120839196,0.16576608215527877,177.75,141.0,-0.7238842405263796,0.010326180143102732,-0.11907231377080539,0.8499039673965071
-0.01822707938551392,0.0010516706501838557,-0.00419023187762857,0.01873207082173723,0.162064328789711,465.5,33.5935609656803,0.31037139851817996,0.08185181515745049,0.1543155835589719,260.75,90.5,1.098454143501388,0.06853844098073482,-0.2551722883869194,0.8491902318776287
-0.019565881858553374,-0.0015154661038820905,-0.005806613844186126,0.020465510859745906,0.18334265053272247,371.5,36.48123832662907,0.31604734298252907,0.08348972542870534,0.15765562984904158,224.25,68.25,1.861203990189074,0.14091133621996263,-0.20556284371687364,0.8508066138441862
-0.017465089910664727,0.0036146662303789823,-0.0026534781952026743,0.018031531384690016,0.07210900634527206,468.0,37.54468928037085,0.32629200806299036,0.07829924876125734,0.1566278335653788,284.5,120.0,-1.8890629739658222,0.04490143062849228,-0.26276623679314104,0.8476534781952028
-0.02644936763944694,0.008387312870015817,0.0015491046329105806,0.0277905701789269,0.18666869401931763,345.0,46.059210247656885,0.4033068966770929,0.09564818103693822,0.16822356211879874,288.0,42.25,-2.932664648788156,0.19524053199039693,-0.3255541261062455,0.8434508953670895
-0.01567674478319641,0.0015204101281344196,-0.006138279587208473,0.0169041548219942,0.2625144422054291,413.0,42.177912830744674,0.3644072063619215,0.0742065909012986,0.1757852939481962,300.75,154.75,1.8587214725885224,0.017610974146196036,-0.31217455156526464,0.8511382795872086
-0.01656099383272519,-0.00512484323592699,-0.012664153968041214,0.0214688455825329,0.1043645590543747,376.0,40.3816504799797,0.30594782303309587,0.0868195736376348,0.1522882323261624,202.5,53.0,-0.7878555452954059,0.149246834768697,-0.15039009489874275,0.8576641539680413
-0.02728055880012431,-0.0021367304817038885,0.0020427908701214914,0.027440253281220534,0.33060604333877563,283.0,38.677307322234576,0.35824501194823966,0.08844520146486806,0.18052035640297837,194.25,45.5,2.2268810694996097,0.21630262455525484,-0.12117703259552688,0.8429572091298786
-0.01586992522673511,0.0013132631447413667,-0.0032484976016504685,0.016252135966002383,0.19624871015548706,449.0,30.552252724699937,0.31282049065238227,0.06622013272898321,0.1666922570912962,259.25,140.0,-0.8217034335367396,0.020775399159636734,-0.2428945216931617,0.8482484976016506
-0.017355129599491557,0.0004713203949796019,-0.006129195709842827,0.0184116731010364,0.047738153487443924,510.0,36.79648041602897,0.3092369445266937,0.08288225993121236,0.14626872818345582,278.0,97.0,-2.0593256379640588,0.04669407879645756,-0.2812472535814384,0.8511291957098429
-0.023980137880522556,-0.003902562534254056,-0.0022971543999474875,0.024403973558415323,0.12716694176197052,365.0,37.30439735693849,0.3288732094125421,0.09151445179900457,0.15947769903935838,180.0,33.75,-0.7626644094532902,0.18501976106601614,-0.13992765141492958,0.8472971543999476
-0.015570818614286774,-0.005651568493513046,-0.0009717165074714096,0.01659321703970575,0.08474132418632507,372.0,12.557521877266336,0.29510703580387326,0.03833737620550816,0.1894815196986942,163.0,146.25,1.517474508289281,0.03031195574113031,-0.09434667868209821,0.8459717165074715
-0.016586121404101907,-0.005696288844758951,-0.005893492292384561,0.018500821096235943,0.11884233355522156,367.5,19.289238694426917,0.2927658117072476,0.04206084654529917,0.18582180826591788,164.5,140.25,2.265999906950881,0.04772183590289326,-0.10205567665651039,0.8508934922923846
-0.02515859129816944,0.006798909325261393,-0.0011953925950023425,0.026088481128222853,0.18698860704898834,299.0,51.20385710181561,0.4166744449236644,0.09587794743588154,0.17225059907441198,292.25,42.25,0.7555624885809065,0.20078293719307697,-0.34072028087264467,0.8461953925950024
-0.02480345775130166,-0.0012711873342708402,-0.0036589205976256256,0.025104085994099565,0.34426024556159973,353.0,44.28291120007269,0.3635020151335065,0.0970908971130817,0.15920403629789492,224.5,15.5,0.6724881435506759,0.2212792824505221,-0.20357523951031856,0.8486589205976257
-0.019701790846146816,-0.0008304231386430938,-0.006099238218299163,0.02064099978145607,0.06560534238815308,342.0,40.17282192112348,0.34599900708532605,0.08729303856565526,0.16843439381675285,245.5,63.0,1.4778199741242732,0.15110976931386022,-0.24864019594133094,0.8510992382182992
-0.017321926520548564,-0.0014833509977558168,-0.010152878348564265,0.020132819159933164,0.16451242566108704,353.5,49.75220911509195,0.3844068019894536,0.09351284005908456,0.16027221572968997,298.5,59.25,-3.1021050002250523,0.1482739539070235,-0.33798790751838376,0.8551528783485643
-0.02407695617298286,-0.00172840096865437,-0.0011132452668397574,0.024164571245696122,0.07130492478609085,332.0,36.62272640900076,0.3360665177727728,0.08818177701141734,0.17024333173167627,198.0,47.0,-0.25120732398718704,0.1760816166078531,-0.19150853950693614,0.8461132452668398
-0.030058996741414712,-0.005766563220544571,0.003006734807031397,0.0307544629391692,0.13860087096691132,365.0,40.09853753985764,0.34517674385977487,0.09585665903727465,0.16123537144577482,156.0,15.75,-0.7134539823444542,0.21684592834943456,-0.08917311608119165,0.8419932651929687
-0.01963877560657061,-0.0073336816370294655,-0.0012440780141171892,0.021000288659533843,0.19113940000534058,395.0,21.482931508583512,0.2970012035273273,0.07485557949193446,0.16784142539545932,126.25,84.0,-2.5068823054378653,0.10599437067348098,-0.09213158603597824,0.8462440780141173
-0.02043162111696227,0.00733197231735272,-9.955700170427573e-05,0.0217075763531103,0.1665305197238922,370.0,43.605409457434895,0.3887476028536592,0.08826554085346175,0.17528727699855584,304.0,90.25,1.4484793163433158,0.11088274480363958,-0.3457814606005479,0.8450995570017044
-0.02238629657334934,0.0006657448716569647,-0.0032917747295371225,0.022636812305934534,0.15930990874767303,431.5,40.90018914322467,0.32545307566776954,0.09310224923473827,0.1461613015564346,241.5,39.25,0.06696234600950192,0.16220527115124742,-0.21921790855468443,0.8482917747295372
-0.01961727358603453,-0.00520781183934893,-0.00022086662434928073,0.02029796810444687,0.0003406916803214699,466.0,13.407240679970736,0.27093285950184126,0.07112599943134368,0.15617145451596126,161.0,89.0,-1.8195806967259969,0.06740822094047194,-0.11391285054172054,0.8452208666243494
-0.016984533475598487,-0.0014785889737645996,-0.007813436402322127,0.018753943349338463,0.05428803339600563,490.0,34.93192422177425,0.29096194662356184,0.07938984619180105,0.14431385195396984,254.0,95.0,-2.664253725000369,0.0579773096926476,-0.24917931687983955,0.8528134364023222
-0.021761089925032798,0.00879374210544459,0.001658875017424677,0.02352927540885755,0.21439729630947113,367.0,44.12986074998257,0.38136698682014075,0.0890896805754593,0.17262785644449197,297.25,82.0,0.9590851788241609,0.11250331807756465,-0.32637876153913203,0.8433411249825754
-0.020294578006579786,0.00438015254308044,-5.598436041698296e-05,0.020761954797523696,0.1485939919948578,365.0,37.03904296608492,0.3486227528279117,0.08031096046670302,0.17533043317541797,267.25,99.0,-0.5061736884799531,0.10712225676076421,-0.26939270156758566,0.8450559843604171
-0.016362275067815013,-0.003562943695744697,-0.006357209835390343,0.017911804210214877,0.15786634385585785,348.5,21.473587683547034,0.3041285928155156,0.04906163471475012,0.1882425927425716,195.25,135.25,-2.802822061119332,0.05228926629911615,-0.14211067170995023,0.8513572098353904
-0.021493303801174424,-0.005244384565778207,-0.007332758539637663,0.023307402806061008,0.20054668188095093,350.0,43.60367106290063,0.3414433297581748,0.09557423382645391,0.15389812623571453,163.0,16.75,0.0018047680310142487,0.22423914205208118,-0.10828112797972085,0.8523327585396377
-0.01489314691617341,0.0008324312607440321,-0.0001228401582389349,0.014916898356396533,0.10709096491336823,430.0,21.48017377452327,0.3053651037807662,0.051078145353591155,0.17884951420330786,231.0,156.25,2.5919672314619344,0.013793524095767505,-0.20493593168831678,0.845122840158239
