res_x,res_y,res_z,res_norm,reproj,area_px,obliq_deg,cam_range,gripper_perp,gripper_dz,cx,cy,obj_yaw,det_x,det_y,det_z
-0.014814243054650109,-0.0044568637971315606,-0.013530162472844776,0.02055214657231716,1.3768561402116575e-08,414.92578125,35.224056802229356,0.32184790588459117,0.08251446785533612,0.16099536229251188,254.22653198242188,83.85118103027344,-0.4652465731403299,0.12146007459781814,-0.2230884310418708,0.8585301624728449
-0.015310921967609109,-0.0046935794979598155,-0.012546356568917671,0.020343674278662335,1.1532193866514717e-08,295.1484375,25.029278162234565,0.32315055569188944,0.0663049839924159,0.1890189194189077,167.82672119140625,96.61808776855469,-1.9939838547168427,0.1422057412488032,-0.09886955459221419,0.8575463565689178
-0.014798729199900884,-0.004785318394398427,-0.013469230746778416,0.020574786389601425,4.399300035373699e-09,530.5,11.051852819886314,0.25206286715999876,0.05321013602027621,0.1450920302299208,135.16488647460938,127.6171646118164,2.945181889241819,0.021901363015512376,-0.08798305815118095,0.8584692307467785
-0.0160948803738869,-0.003235788104106907,-0.012209263573096152,0.020459267237653993,9.893208918754226e-09,294.216796875,48.739918325373075,0.41313100351016513,0.09545021108910937,0.16971893429373386,278.5393981933594,39.193634033203125,-2.667660324121662,0.22239824575089773,-0.32967567453430696,0.8572092635730962
-0.014770322129262645,-0.004547906898795501,-0.013637119647977203,0.02061108694988072,2.408069521564471e-09,561.2578125,31.180123024338595,0.2765087745544235,0.08104506911556154,0.1357786843119938,248.22909545898438,86.86021423339844,-2.5699538851846553,0.06837525709914972,-0.2223636725697871,0.8586371196479773
-0.014940040837677915,-0.004705120821253253,-0.013423508621991154,0.020628464942858582,2.2096717344766148e-08,353.810546875,32.13715215394649,0.31328547271673346,0.08322407680175277,0.16272594847801136,157.7752685546875,59.011314392089844,0.5314544028956938,0.17213267340330382,-0.1120673650625887,0.8584235086219912
-0.01478379937077802,-0.004780938995561382,-0.013051939846437044,0.020292147133058814,1.140414696010339e-08,471.171875,9.737789065095122,0.26482584933106246,0.04728970311545535,0.15803730341272992,145.8616943359375,134.4322052001953,3.0072689837871565,0.033856197388855966,-0.08621536236441509,0.8580519398464371
-0.014852990516357953,-0.004369513831342875,-0.013249433394511123,0.02037771978600409,1.1184033255062786e-08,433.90625,27.586009764702396,0.2939065542751944,0.0742370520185305,0.15830892007112873,227.78555297851562,95.7861328125,-0.2513113602004266,0.07041931341175306,-0.22004131305430322,0.8582494333945112
-0.014758395872525004,-0.004728802382267555,-0.013801202838744642,0.02075198835044188,1.1126656040971739e-08,439.9921875,28.97292226421222,0.28471478813399376,0.08178529618630724,0.14820352337135423,182.7156219482422,64.59173583984375,-0.5750786852480123,0.13218116314284567,-0.13941804778629852,0.8588012028387447
-0.01465388203228351,-0.003901843965190943,-0.012987676173985108,0.019965980500468262,5.849743356378667e-09,428.125,38.944535912872105,0.35052101741528685,0.07175884936263832,0.16913586839660344,291.14697265625,153.11041259765625,2.1876751919408646,0.010235563536361784,-0.33433124840098644,0.8579876761739852
-0.0148078412595581,-0.004100859292991865,-0.01286155386701826,0.020037683937606195,2.037307877955641e-09,419.3984375,29.90450501106232,0.31321098282291576,0.06773647805226073,0.1676660616483957,250.8105010986328,127.39944458007812,-0.3564901647598866,0.05448846124315501,-0.24511061973555184,0.8578615538670183
-0.015320421865852918,-0.004013766468722257,-0.01311001843682269,0.020559626232667126,1.2096110779680203e-08,447.314453125,49.554276519775456,0.3738292720243477,0.09854941303968118,0.1408622915929817,302.1086730957031,30.178163528442383,-0.47517815294343824,0.17295727713952005,-0.30092876982015687,0.8581100184368228
-0.014729538740819434,-0.004708103840207145,-0.014032587121162399,0.020881548184952345,5.262806190842184e-09,558.763671875,15.844210916304363,0.24329359889675253,0.0658487421280374,0.13533848624377953,161.9813232421875,100.80924224853516,-0.8042716736307617,0.030425677055854347,-0.08670045233998966,0.8590325871211625
-0.014415032249566945,-0.005481626934496775,-0.014997640901283527,0.021512104062803995,3.9160670439741807e-07,376.9453125,39.89646458066197,0.33826135080077374,0.08342705571487169,0.16460173214995433,264.739990234375,85.53524017333984,-0.13269492931748503,0.10766429056876614,-0.28469746534076085,0.8599976409012836
-0.015355308296173181,-0.004140374761494703,-0.012179893602905723,0.020031924625812943,6.231243787624408e-08,374.546875,27.52554057832835,0.3071315541998424,0.07408946067074942,0.16770176994205066,212.65264892578125,89.83413696289062,-0.261772780656881,0.12041445123106916,-0.15574205240039765,0.8571798936029058
-0.01522807453455989,-0.004135313457172718,-0.012222839892976678,0.019959781723970012,6.734741475611372e-08,386.83984375,24.227457664813283,0.29933088462209134,0.06804120269333246,0.168325512724253,211.564453125,103.29925537109375,2.162711001528997,0.09218486673670596,-0.18930813858167675,0.8572228398929768
-0.015705539480774716,-0.0034215495761024672,-0.012277010343971884,0.02022612060850753,2.2462458559857623e-07,303.484375,45.49374307747573,0.3938277987175469,0.08934104002732875,0.1734245522768667,280.1845397949219,70.76569366455078,1.3991743327746373,0.19454421789828846,-0.2884171850281155,0.857277010343972
-0.014992036645853496,-0.0047285375027631416,-0.012856693789128348,0.020307998544737565,2.3224828726853275e-09,442.435546875,21.555352624981044,0.2735104174637419,0.07132330972398476,0.15208752548931248,158.13851928710938,88.3087387084961,-1.3089812833952164,0.08664252804688045,-0.09144280544027031,0.8578566937891284
-0.01468917225020748,-0.004757624595364995,-0.014080989672094368,0.020896914684524977,2.8635063209492273e-09,518.7109375,28.036060553996986,0.2723362318870708,0.07649329058323072,0.1405063939231428,229.72459411621094,91.70838165283203,-1.3915752023381593,0.06636926565635723,-0.21959826538007768,0.8590809896720945
-0.014742293750621267,-0.004834208729086215,-0.012934849035181273,0.02019938411508901,1.098777246966165e-08,465.33984375,9.381664549055834,0.2698136614255596,0.045796531271800535,0.16270989543298653,136.384765625,139.864501953125,0.6080969928709051,0.01282406335405301,-0.08660552232614155,0.8579348490351814
-0.014680009186019782,-0.0044726007198712114,-0.013630488861248624,0.0205255220030488,2.1567536645505925e-09,517.4375,32.453447950959564,0.29927327886198574,0.06996279306594089,0.1496561243186284,268.8797607421875,136.62229919433594,-1.8309268077406404,0.0019946591869212296,-0.2535047546472453,0.8586304888612487
-0.014742068594325128,-0.0047249080755157186,-0.013629573102927672,0.020625678309571065,1.260626047994151e-10,518.98828125,11.771005836728246,0.25035495677795616,0.056459588923996926,0.14365699681701594,156.4638214111328,117.78860473632812,0.8127536329825955,0.04237224359958318,-0.08165604524780472,0.8586295731029278
-0.014750825688116087,-0.004693498229179749,-0.013904566540128949,0.02080751678546415,9.935391176441044e-09,364.701171875,38.531953081889085,0.3299280731828511,0.08962466038772453,0.15827800959030147,215.93850708007812,45.947967529296875,-2.774974033844306,0.18173313482251194,-0.17430922860245146,0.858904566540129
-0.014853872862792952,-0.004253332472345356,-0.013229910274248358,0.02034106442664657,6.657954632061092e-09,447.7265625,31.875436017229532,0.30250785161360566,0.07368303038265789,0.1553441583355607,251.54527282714844,111.04953002929688,0.2182333336297334,0.06029786281742543,-0.2384660687025074,0.8582299102742484
-0.014780299536924363,-0.004609870091119739,-0.013765189550832058,0.02071686752452076,2.134779575335699e-10,456.1875,41.98975329573501,0.3278071145942897,0.08986961643006543,0.1425221539874948,275.5013427734375,66.37283325195312,-1.8444492944322524,0.11623917098139933,-0.2949238953426002,0.8587651895508321
-0.015530485198644611,-0.003980798821688697,-0.012536176063333127,0.020351865763486254,7.2854602350957975e-09,357.0703125,35.68256246658931,0.32902959176795044,0.08213692957432225,0.16471615397876682,235.6947479248047,76.36083984375,-3.0724946460068305,0.13533531179910793,-0.22315451758349417,0.8575361760633332
-0.014725611479141906,-0.0046813620220740315,-0.013819634323430585,0.02073019721685478,3.126396919128638e-08,545.6640625,30.263391500728897,0.26633082339896774,0.08686921975817345,0.1295824061171853,178.2677001953125,50.426963806152344,-1.5818374017233052,0.11520989504568792,-0.1508764331544559,0.8588196343234307
-0.01573819759023823,-0.004105972023354554,-0.012576663458664039,0.020560212386997512,4.155973343245023e-09,325.3671875,42.052070922995235,0.35722911304915667,0.09255836402286678,0.1626663055254769,224.29757690429688,36.1824951171875,0.6164053184337875,0.21644700371236725,-0.205917720574719,0.8575766634586641
-0.015330121172029365,-0.004744743476421218,-0.012983930293382184,0.02064237514603279,1.4591982733236364e-08,396.474609375,35.847460054066886,0.31100730430703044,0.08956417158643991,0.14998932684003963,147.81454467773438,40.57246398925781,1.7535160868466846,0.17044559644341772,-0.0944879687187155,0.8579839302933823
-0.015010101490293096,-0.003451812572163704,-0.012425824685880493,0.0197893728022513,4.966178579479674e-09,412.49609375,39.416238642085716,0.348635442488656,0.08191153173316154,0.1646690875179022,287.6877746582031,106.86997985839844,1.612225832065638,0.07281455931066393,-0.3129605848466958,0.8574258246858806
-0.015105383123747776,-0.004615447748679502,-0.01277498393842158,0.020314407987015625,8.971998255447033e-08,365.62890625,21.62687379288824,0.2950661835601873,0.06692820557675262,0.17260074206223974,168.11642456054688,96.40606689453125,-0.5251449915227905,0.11130095270308314,-0.11959242928620531,0.8577749839384217
-0.014783770078404757,-0.0041920300369528984,-0.013248393335495545,0.020289231122293763,1.1973836144818506e-08,489.7890625,35.55475411521587,0.31657402413626723,0.07603803054048228,0.1541326074571292,279.7466735839844,124.61479187011719,1.8744509432798384,0.04440165352645013,-0.25206396208678916,0.8582483933354956
-0.014932405491725018,-0.0044157764324643245,-0.013406904322320945,0.020548014472904063,4.89861413655035e-08,547.47265625,36.91447697902518,0.295109699038941,0.08874154435699094,0.13595163496494966,260.05950927734375,65.28536987304688,-1.747977156026699,0.10001506239048083,-0.21557840414145785,0.858406904322321
-0.014858329315885266,-0.0043655800726514205,-0.013516786849867124,0.020555577495530684,1.1548795253446542e-09,481.29296875,43.11829496871091,0.3353861581833316,0.09108889401307019,0.14347711921652195,291.945556640625,68.9039306640625,-0.3540944239640768,0.0945324150028257,-0.3098963066612432,0.8585167868498672
-0.015751056004745217,-0.003317044987610429,-0.011972692473109392,0.020061004904293855,5.9083364867262844e-09,306.12890625,42.28416310783524,0.3786365804680605,0.08824283902910475,0.17590076623162532,262.6664123535156,65.87420654296875,-0.7853592551116507,0.179699990797426,-0.31019738207021463,0.8569726924731095
-0.014666307249495601,-0.004693687712966438,-0.014153621984232867,0.020915455719539542,4.059524272292947e-08,440.34765625,17.252666160403535,0.27402546527210503,0.059974070246474775,0.16049343706154306,192.95098876953125,114.27324676513672,1.2326871003253026,0.0496404708871968,-0.1651498759003955,0.859153621984233
-0.014936771158192808,-0.004668500024098979,-0.013454061976358567,0.020637679345578804,2.7423082471500493e-08,551.6962890625,31.182262094229568,0.26981879066721765,0.08881968129380928,0.13003879334393098,179.17782592773438,44.93171691894531,0.4582899378104681,0.1250387161128793,-0.08715440267865927,0.8584540619763587
-0.015301434207113218,-0.003858342292428818,-0.012489363318941571,0.020124733293951567,5.367049582538641e-10,359.30078125,35.536559452195476,0.3339249618378592,0.08307676358891893,0.16688256817067482,240.79916381835938,74.98068237304688,0.07961273855279796,0.14008205910585897,-0.250179353073328,0.8574893633189417
-0.015244415725305521,-0.0037459829250207077,-0.012856016290572647,0.02029043503091933,1.3141099763913644e-08,348.921875,45.782514421670335,0.3918435938654545,0.08841330688305445,0.1674497519365591,302.6585388183594,88.00465393066406,2.992845527002399,0.14047230270914343,-0.3410688221670758,0.8578560162905727
-0.014775391072021284,-0.004304839672878313,-0.013289840635609451,0.02033380658067371,3.6027727468024295e-09,429.12890625,31.046198772300013,0.31419599841661633,0.0694161647044804,0.16555474573823636,256.61273193359375,126.30120086669922,-2.99929362418734,0.04444005882311917,-0.27436068563880933,0.8582898406356095
-0.014667157324605301,-0.004726957528110851,-0.013971009032241799,0.020800450111386263,1.4202786502437448e-08,470.4716796875,37.349294298792344,0.29730512483461496,0.09310550468069217,0.13669734365394504,167.91928100585938,27.921401977539062,-2.408850864986861,0.16173520805472377,-0.10571132656316894,0.8589710090322419
-0.014937971421782076,-0.004392746766965827,-0.013286420654227027,0.02046871242061252,4.644470585901672e-09,430.38671875,31.59363579011109,0.30133634822429445,0.07906885571445554,0.15395477535589275,234.55775451660156,85.58023071289062,0.3777137392910404,0.10513737214251861,-0.1979561967193467,0.8582864206542271
-0.0146761591964535,-0.003985547986453841,-0.012697317409760323,0.019811514604294533,3.236001688833312e-08,446.375,28.670778821674396,0.30904587160834357,0.06033462089889903,0.16638782346420045,250.86012268066406,149.56761169433594,0.815149356634977,0.017066614001422897,-0.25894944805679326,0.8576973174097604
-0.015106452640737289,-0.00451578646002182,-0.012954062193224702,0.020406003186447086,2.296390855249797e-09,410.244140625,25.786183164752025,0.2876218845138473,0.07537646577915481,0.1554527950969814,186.86227416992188,80.68304443359375,2.9915655896798214,0.1155142727017247,-0.14268311823475674,0.8579540621932248
-0.014808081245113222,-0.004504318218814002,-0.01360273978444837,0.020605889508138884,6.834495192009626e-09,477.125,35.00551718339147,0.3071749522356464,0.08295751022150234,0.15074006715697674,260.8509521484375,86.84535217285156,-0.10488960136715463,0.08713136318264939,-0.22188411729359767,0.8586027397844485
-0.014618343417000842,-0.004872937951513778,-0.014226997659203988,0.020972576163449042,2.4299653844650493e-08,436.37890625,32.465371464921034,0.3043358483899233,0.07656961855178414,0.15485164850465616,247.06866455078125,99.15351867675781,-2.089197517940964,0.08599469508644564,-0.22263352146877277,0.8592269976592041
-0.0149247660011977,-0.004240782194655124,-0.01313775234077208,0.02033060280415888,8.077365443170947e-10,448.96484375,38.370910222258075,0.32131212117978386,0.08321276475356693,0.1501747957742373,272.7452697753906,91.56468963623047,1.4531453004177264,0.08403032262015891,-0.28027367990219315,0.8581377523407722
-0.014874052084752135,-0.004451260222055442,-0.013274660222006629,0.02042713261801806,3.379066626507665e-08,404.5625,22.532027729670638,0.2910159920397782,0.06726573084743216,0.16542007533529046,206.68527221679688,103.43785858154297,2.4707989497988736,0.07483655824369694,-0.1767898516558676,0.8582746602220067
-0.014843534444532541,-0.004630025799535642,-0.013139228659813762,0.02035698856622121,2.7943944047592595e-08,504.11328125,14.249420679013557,0.255325010858106,0.06302068965580421,0.1440513020456219,172.72525024414062,105.52592468261719,-2.7564076534054776,0.0515423199748454,-0.13061599477399946,0.8581392286598138
-0.01588313246906395,-0.004621770611077866,-0.011574646054116178,0.020189281609045026,9.861818028866765e-09,375.740234375,26.284947573651376,0.30056135163108216,0.07782516060039704,0.1633885864768777,162.14349365234375,72.78375244140625,-2.6619117810291115,0.14926499519054579,-0.09986462052913646,0.8565746460541163
-0.014763496895681405,-0.0047006458391192635,-0.013774208625002116,0.02073127432500729,2.1018116136417575e-09,471.12890625,27.347515664120422,0.2750775713258233,0.08140737781235063,0.14310236007648258,159.44007873535156,64.95780944824219,-2.081589536300629,0.10626370464557842,-0.10800255443013367,0.8587742086250022
-0.014801544677295657,-0.004090153605606384,-0.013210868289370126,0.020256903077976146,2.7217881282126655e-08,483.3828125,40.801932721223146,0.34140233512585494,0.08077510659932559,0.15480456777877338,303.80987548828125,125.37448120117188,-2.6905064241283587,0.06030966414551011,-0.30085240582158335,0.8582108682893702
-0.014973769503536336,-0.004518990953585156,-0.012947116188887553,0.020304257435133487,1.6349325449027674e-08,480.9140625,19.536778913404504,0.26489654170654503,0.06887895111213044,0.14595090923431875,187.47915649414062,95.76984405517578,-2.8402761302668456,0.07509987231751812,-0.13932927068465736,0.8579471161888876
-0.014752836820011106,-0.004568454057352622,-0.013729506984802464,0.020664373417980927,9.923446064874497e-09,533.9375,39.8962073689645,0.30850042144721884,0.08309219096448457,0.13545026936107707,289.0806884765625,104.06510925292969,1.1968545961369779,0.0536993142954282,-0.2991723384332134,0.8587295069848025
-0.014789981740075689,-0.004617218857433547,-0.013675910846500772,0.020666223828523917,4.046465829077306e-09,422.0390625,35.42520990209459,0.3233809995098589,0.08142452467154865,0.16183407239462688,261.5215759277344,91.86491394042969,-2.678942477693225,0.08732404136174116,-0.25245274784355604,0.8586759108465009
-0.014901218138185304,-0.0042237584491098545,-0.013095392848908816,0.020282400038098593,6.375976191463906e-09,468.9296875,32.45201753722256,0.2993371989422708,0.07874885909291807,0.15062513026918622,251.52734375,94.99327087402344,1.1707148715944995,0.06610298343040208,-0.24743560714514232,0.8580953928489089
-0.015218315206212335,-0.004120423985437438,-0.013286815257095297,0.02061830427585116,1.112226977184605e-09,381.630859375,51.88627463441878,0.4089238178455331,0.1004208162666622,0.15149292181189067,302.04608154296875,15.455493927001953,-1.4838510385183963,0.2058779937235959,-0.3511358244126573,0.8582868152570954
-0.015115526072909807,-0.004496200605486875,-0.012493247567827215,0.02011905025433898,1.8563756754019778e-08,425.7578125,19.213259710685787,0.27944189398606134,0.06822014847878918,0.16015732934532434,183.8094024658203,96.05694580078125,1.965472558175731,0.08786563369920124,-0.12420211845176964,0.8574932475678273
-0.015490493063119448,-0.0033978553448952287,-0.012439114457156508,0.02015520688957632,7.107201938083563e-09,335.0234375,46.30908822962056,0.39490111645482456,0.09060585604669152,0.17033540961738713,296.122802734375,72.87852478027344,-0.875065483516717,0.15451802025984623,-0.3401970368838038,0.8574391144571566
-0.015417661331100146,-0.003481906161758863,-0.012516820160364706,0.020161813865987043,1.2664082227331619e-08,417.83984375,44.64298699672618,0.3628933367765896,0.09255277363258693,0.15493773427756496,294.3421630859375,61.75998306274414,-0.17697888846289386,0.11963535244538996,-0.3527563513738541,0.8575168201603648
-0.014734831707935159,-0.0038543298877050103,-0.012747395750140167,0.019861198925420365,2.2590136428135565e-09,470.140625,34.230702543499724,0.32213009646474755,0.07235488751519717,0.16155497244541617,277.2762451171875,135.24658203125,0.4826031791774651,0.036193247341426926,-0.2760018157112672,0.8577473957501403
-0.015092954858749522,-0.004078313423398677,-0.011745118209736338,0.0195544810339831,1.7336234670040085e-09,391.37890625,19.68245927352839,0.29651189700704733,0.0574297981769524,0.1740572458680648,207.5904541015625,124.54972076416016,2.602215139458868,0.08607628578836829,-0.15184978146793798,0.8567451182097364
-0.01474600344559815,-0.0044280355217616585,-0.013529960970680821,0.020496632895861747,1.2163696716527284e-08,606.0546875,35.18393565862943,0.2811990598135765,0.0804593603083792,0.13097393982829542,274.416748046875,105.62055969238281,-1.106384666370031,0.038036663760701694,-0.2350227409340929,0.8585299609706809
-0.01472599953636881,-0.004704602407092723,-0.013492656564359384,0.020519262348284047,2.0841912917735073e-10,474.9765625,6.261884954960447,0.2630356929131443,0.04443746225003084,0.15904351609004708,166.3096160888672,137.78623962402344,2.8206102746961585,0.021111093844905223,-0.11188053387156927,0.8584926565643595
-0.01563989827044518,-0.004384551130983849,-0.011549781648236612,0.01993058360038735,3.045559537895315e-08,364.20703125,25.45349343043575,0.3039977022305778,0.07642799422065177,0.1692898897341667,174.39430236816406,76.47541809082031,2.0559996391201776,0.13697460133532216,-0.14883987787106348,0.8565497816482367
-0.016097495591868738,-0.0033125203456770835,-0.012306091321395485,0.020531488961623885,3.1238272413247614e-08,377.724609375,50.4383052900478,0.3959351171257351,0.09971619781959982,0.15051067614044433,286.4360046386719,15.599996566772461,0.6712814654242367,0.22411089340536913,-0.29663851376478634,0.8573060913213956
-0.01484756041038475,-0.00447884225634626,-0.013520407706743454,0.020574535296181667,1.0243204506821257e-08,505.6953125,31.665540551612665,0.28485185925204126,0.083413543554811,0.1417345982857815,233.9917755126953,73.01463317871094,1.672292201339916,0.09118331833948008,-0.20166900227212023,0.8585204077067435
-0.014727987743274308,-0.004640511169912501,-0.012909319757364202,0.020127058987392935,2.3206017107924026e-09,432.421875,5.483110150886937,0.2754614629263883,0.04365230418760285,0.17029078926272156,158.31517028808594,138.32894897460938,2.3172006070728433,0.024154417295675946,-0.10954920909439099,0.8579093197573643
-0.014741458418560005,-0.004763232518677996,-0.013910213299875851,0.02082049505610201,3.3312017588826848e-09,432.6552734375,32.49516389112133,0.2950336984411121,0.08734319481399219,0.14858504642031167,157.94129943847656,47.8049430847168,-2.1355136046228287,0.15147142298754984,-0.13743136697217637,0.8589102132998759
-0.014896135325846063,-0.004459028347965105,-0.013280621707548734,0.02044878222273615,1.1218475926000337e-08,422.3046875,25.490233985968572,0.28798773764494123,0.07271774635171355,0.15704147255906842,208.84959411621094,92.15834045410156,-2.298038891874944,0.08942070327485836,-0.18036011947531652,0.8582806217075488
-0.015010631853931922,-0.003968712609068226,-0.013067398629466487,0.020293512642444025,3.272458215519691e-08,353.17578125,41.633975843423315,0.36878474588947235,0.08454039458172716,0.17133209841638608,283.64044189453125,92.70832824707031,2.4627761605681213,0.11607925592951987,-0.3255550446900352,0.8580673986294666
-0.015019758947229442,-0.004277008578447705,-0.01309538327366866,0.020380751318272716,3.208664167697606e-10,442.421875,33.21669353670139,0.30274419327732677,0.0815908988879341,0.1510495025352384,240.53428649902344,80.63959503173828,-2.4480083293923647,0.10978092951227926,-0.22247888365161636,0.8580953832736687
-0.015700561831676174,-0.004846912562801314,-0.01262736834775835,0.020723190743987697,1.622731460315663e-08,352.302734375,39.97604831561386,0.3377676463760597,0.09298924291370562,0.15723607547339835,136.68182373046875,28.66232681274414,0.7810997687089498,0.20555866197186823,-0.09045197363529195,0.8576273683477584
-0.015027931507138687,-0.004511575147234215,-0.013243302181488836,0.02053236684755608,1.1686625356333025e-07,386.853515625,29.49552210833197,0.3021766538769772,0.07853179104541123,0.1607625533646756,204.3477020263672,76.62492370605469,1.964985665892091,0.12850202808220199,-0.14345255944299737,0.8582433021814889
-0.01589068065670829,-0.003870731159062585,-0.012054865787242575,0.020317875887691916,1.6582506034978906e-08,428.77734375,37.21283214010695,0.3137727948412534,0.0907021150517004,0.14660658877161314,221.86619567871094,43.49419403076172,-2.500511408328361,0.14673162926291886,-0.22047805817569496,0.8570548657872427
-0.014813268210100913,-0.004671053663598823,-0.013586313524406424,0.020635880707546145,1.9739525569661964e-08,461.216796875,23.541522620714083,0.27091821783610454,0.07425266140738342,0.14726929148910384,178.9542999267578,82.73065948486328,-0.5632159208532651,0.09127673201435836,-0.15049855751944888,0.8585863135244065
-0.015368752226382953,-0.004744681169057227,-0.012683389146990742,0.02048362528084225,4.4096348794653295e-09,434.58203125,29.48372232341075,0.2914985115678813,0.0847334189976132,0.15105967386246166,152.30636596679688,55.98030090332031,-0.08188670547890771,0.1362004717605337,-0.09018468026768377,0.8576833891469908
-0.016500730396610347,-0.004693219191454573,-0.011669430883391119,0.020747916212065745,2.8441714761129333e-08,402.61279296875,39.31262065831448,0.32433303483477716,0.09457959177621839,0.14817841818072075,151.05752563476562,21.482019424438477,2.2096023980290336,0.18875723140523235,-0.11269919477452073,0.8566694308833912
-0.014926274998667707,-0.00463791727187314,-0.013398107569652318,0.020586725052921036,2.466725490535282e-09,425.98046875,23.214897143412713,0.2814423407778463,0.07404258509642685,0.15767425013563618,179.40640258789062,83.21204376220703,-2.290096997267219,0.09908634467524192,-0.11781538154373934,0.8583981075696524
-0.014924124522391086,-0.0046124419521078736,-0.012981256130671248,0.020310517577144346,8.110595750565608e-09,445.8046875,16.531109344539537,0.27204077910753904,0.0669111333939937,0.1585963328123251,174.36996459960938,97.91767120361328,1.4218226993985779,0.07018290995100003,-0.122428922219202,0.8579812561306713
-0.015019198641713138,-0.004694647288234544,-0.0132348413450869,0.020561543386375142,8.647587534937884e-09,414.5625,29.40469595052137,0.2888075049903435,0.08061957244848689,0.14877619275275455,154.93026733398438,66.31817626953125,1.648880150670865,0.13971310763884087,-0.09954992778948576,0.858234841345087
-0.014716521793956189,-0.004565775069685696,-0.013681614117284857,0.020606039904679387,5.87280712949223e-09,514.04296875,31.36830546407428,0.2903430751868684,0.07112584287149756,0.1468309662816839,259.2817077636719,124.76644897460938,-1.898965981112215,0.02861934421612844,-0.23089075081297963,0.8586816141172849
-0.014784023071547032,-0.004443600920226526,-0.013321385474029723,0.02039049382104227,5.100889666209696e-08,441.0546875,24.921795786563294,0.29065596357629037,0.06617729089124227,0.16157160850083485,229.5731201171875,117.1350326538086,0.15410707904477985,0.051689837131091466,-0.21324245579050768,0.8583213854740298
-0.014650112149008701,-0.004882771775736372,-0.012931181742880993,0.02014156665852681,1.7556894604808804e-08,442.72265625,10.064398587240644,0.28286098979549695,0.03719588988264722,0.17470515321226932,133.90780639648438,156.25604248046875,0.8369330166843143,0.002819950212662667,-0.0881246672514713,0.8579311817428811
-0.015416300170922409,-0.004690613596236487,-0.012416465077603744,0.02034288012776299,3.0653768590127584e-07,398.623046875,26.88598093185354,0.29678148683352956,0.07994084743069271,0.15997955742480252,179.60694885253906,68.95430755615234,0.07413456724614877,0.13591473288401623,-0.10557354835272592,0.8574164650776038
-0.015080969328995164,-0.003570828820322003,-0.012646746631922556,0.020003166117846933,1.5213101889344216e-08,436.31640625,41.700264620224516,0.34847718586798115,0.08607214757081338,0.15589161659691642,294.9395751953125,93.93014526367188,1.750079961684899,0.08500233474233249,-0.30826552292497356,0.8576467466319226
-0.014706135018569256,-0.004054927682182408,-0.013144458935452685,0.020136773485291037,1.9515542959425147e-08,495.6953125,37.86274984686386,0.3221557276141329,0.07447313820402995,0.15183855623945997,288.736572265625,139.68443298339844,1.0503286719465785,0.021350285956601465,-0.28633011174800793,0.8581444589354528
-0.014773254709155602,-0.003738835439352106,-0.012776346264764205,0.01988625075325406,1.7840379173961196e-09,496.625,39.39124257410257,0.33456836984569543,0.07847414972894991,0.15423263367450302,300.0419921875,133.1016845703125,-1.0001389188006065,0.021888963198497903,-0.2922516166555536,0.8577763462647643
-0.01545071351173749,-0.004405336365885054,-0.01281769214659334,0.020552974686969705,1.8441861371343293e-08,376.3466796875,36.74633033338638,0.3260178015253107,0.09042021150476594,0.15890866581998653,202.36244201660156,40.63359832763672,-0.15381480310996548,0.179710633483802,-0.15358035062037506,0.8578176921465934
-0.014186751401286314,-0.011071827669356715,-0.01986994513998197,0.026807909338994067,5.962627710687229e-06,472.5859375,47.02090955165701,0.33249997303012446,0.07624084919221785,0.1458682364243672,306.6993103027344,152.10646057128906,-1.228926407315385,0.00902702750961206,-0.29339317396445613,0.864869945139982
-0.01514553623388,-0.004359985854058973,-0.012646574441863345,0.02020724101833196,2.7129565260963773e-09,400.99609375,24.814602431483966,0.2908322591353542,0.071579256516152,0.16062233166709394,199.69454956054688,91.72557830810547,-2.2543047519576467,0.09674434300518264,-0.1817820534098872,0.8576465744418634
-0.01487719440049487,-0.004714604019514679,-0.013679317516990697,0.020752882499103308,8.294484210580322e-09,371.193359375,47.001609912268805,0.3784021657110558,0.09595389146480879,0.15781769230371478,279.43878173828125,37.52571487426758,-0.12662357338016828,0.19243366061903833,-0.29727429635898767,0.8586793175169908
-0.01534892324724739,-0.004357947242121574,-0.012213370708086813,0.020093470906445192,2.104720148166095e-10,396.03125,24.45567691434841,0.2927030602087243,0.07451903417280202,0.16313154842204214,188.09898376464844,82.84966278076172,-0.96304878599916,0.11452783062949416,-0.15533712076189918,0.8572133707080869
-0.014710718514749959,-0.004343745686556932,-0.013467525153199933,0.02041194747107101,7.71382069331139e-09,518.3515625,37.8587749802821,0.31203992535114794,0.07728569068187183,0.14497841072151496,287.62200927734375,126.49258422851562,-2.0778631531294534,0.02056499521147746,-0.3034769212600256,0.8584675251532
-0.014672853049761028,-0.0050071625420053945,-0.014333706435606275,0.02111443661393986,7.258732503956367e-10,442.078125,37.02173624150356,0.32083226925809855,0.08198793538970826,0.15448184869305104,268.66766357421875,94.10101318359375,-1.4818286035286954,0.08614421225168405,-0.267708344246372,0.8593337064356064
-0.015444000468233104,-0.004242270347676991,-0.012874821333756281,0.020549331681145002,3.528320746681857e-08,396.568359375,39.21087096525584,0.3274962811402979,0.09036437107904867,0.15104303939439712,233.7139892578125,47.78076171875,2.1448564891670854,0.16801756369504187,-0.21021514127636873,0.8578748213337564
-0.016014374478454274,-0.0036562228128540764,-0.01225906254290976,0.020496652644380137,6.666081731054874e-08,334.478515625,45.618854582323515,0.37585231396459,0.09635754185889565,0.15919861574733762,243.85650634765625,23.327735900878906,-2.7118294254663007,0.2220835761115893,-0.2489608028660311,0.8572590625429098
-0.014595122404405914,-0.0048869977407978715,-0.014087347377736537,0.0208651312255441,2.1233150349075913e-08,401.99609375,46.31947127222887,0.37170386831071756,0.09328183974672437,0.1566324526762014,298.2844543457031,61.24019241333008,2.616503192491365,0.1375547765693911,-0.3348577898647789,0.8590873473777366
-0.014699199942284642,-0.004421773168777926,-0.012813095012750075,0.019994848354142274,2.6140163811305683e-08,476.609375,14.772001950594557,0.27416638301542773,0.049337424073257044,0.16042388499750093,208.9580535888672,142.07186889648438,-1.8645509748841695,0.021710589978386756,-0.18662764766172954,0.8578130950127502
-0.014768548253712432,-0.004652426813627181,-0.013716956970974303,0.02068598562606941,7.2049339827628955e-09,469.1953125,25.979493599105886,0.2787827151793111,0.07757614848704335,0.14994496628464982,206.87266540527344,80.64663696289062,-1.437656324329958,0.09144797030676628,-0.12861963238570434,0.8587169569709744
-0.01701130219817934,-0.003463257810127296,-0.011148225062118877,0.02063156511689902,2.747205352093829e-09,362.470703125,42.88633209562791,0.35279629730791373,0.09572135478663807,0.1543776462441403,221.91966247558594,21.92377471923828,-0.2718817789267609,0.2170977156406357,-0.2014010987046106,0.856148225062119
-0.015085331453938214,-0.004304086783611799,-0.013128195176158375,0.020455852382615283,1.4449748064748746e-08,536.251953125,35.3599251079429,0.2865391377578911,0.08937539864433008,0.13227936513425587,234.28128051757812,52.44465637207031,-2.294924264293018,0.11426651934122738,-0.21288958433651667,0.8581281951761585
-0.015019629818103133,-0.004066720713536198,-0.012755368824727276,0.02012031140637693,2.113606889508901e-08,444.82421875,30.34557178395839,0.29826227761465035,0.07704073313502555,0.15432459528774045,239.42935180664062,93.21299743652344,2.3427515429036614,0.07786333639490779,-0.25165221373715674,0.8577553688247274
-0.01506869385751411,-0.004737528595514892,-0.013775646748900527,0.020958963598310353,7.768898058202467e-08,341.07958984375,41.93465855911151,0.351747893136293,0.09575268051035392,0.16042569303053222,170.46823120117188,15.956664085388184,3.1389006680329117,0.22908146073603308,-0.1184939828232192,0.8587756467489006
-0.014738204978475777,-0.004620290612043804,-0.01380442917090885,0.020715309219559035,5.5192732162367975e-08,360.341796875,45.375418829883515,0.36717744407249725,0.09591834228138457,0.15688081407952947,253.4622802734375,28.632028579711914,-0.3270571466850846,0.1991290291663457,-0.2445772274708992,0.8588044291709089
-0.014723084996118989,-0.004394827103539112,-0.013224885787373908,0.0202726747411887,7.76929631740586e-09,508.70703125,21.473546543847508,0.27126782858385895,0.06137677530471493,0.15019827854178103,226.65769958496094,126.92353820800781,2.2843919213992154,0.009553053390904299,-0.20751239081119383,0.858224885787374
-0.014908274234379112,-0.0041440119020837995,-0.013291166526249287,0.020398151458417838,1.1525780507781747e-07,453.375,45.43738193283781,0.35109917958184905,0.09017293920631049,0.14475443970622193,304.4945068359375,80.88505554199219,0.24632414442887668,0.10762455762536345,-0.3184740791431981,0.8582911665262494
-0.01631747728072777,-0.003201311851312172,-0.011718106320677824,0.020342627119404422,8.674521723150974e-08,288.166015625,44.65328988901716,0.39750889357208025,0.09354463305197822,0.17657768968786458,253.54345703125,39.359867095947266,1.0710598148799046,0.21944415270751685,-0.2776718670563956,0.8567181063206779
-0.014992742899181538,-0.0035548795586317072,-0.012634251671746033,0.019925958537103137,4.705700717977379e-08,420.5546875,41.06753789330126,0.3520106787216768,0.08371340402804657,0.16192622549309887,294.40087890625,104.53195190429688,-2.867688323744989,0.07654386254108436,-0.30993897368252715,0.8576342516717461
-0.014845010838923936,-0.004669731781611897,-0.01346101800863897,0.020576193708965417,3.317120578216759e-09,469.513671875,22.35355772137035,0.26700462800345,0.07235874190546682,0.14448895654865546,173.84535217285156,86.53425598144531,3.019517483467435,0.08758087528143704,-0.10440381281646036,0.858461018008639
-0.01429980665089188,-0.005567707898379848,-0.014875132345782527,0.021371789906302154,1.4740245468658486e-08,502.42578125,41.970661784945065,0.3248160495056134,0.09162823402783103,0.14011575844122637,282.10430908203125,61.74988555908203,1.53418201808167,0.12058625516328896,-0.2553329875012445,0.8598751323457826
-0.014964901849855647,-0.004029215862138946,-0.013190051221854127,0.020350929194379815,9.309265358581342e-09,518.1484375,43.74951811214708,0.3329585555169432,0.09125806034367834,0.13947188993399118,302.1670837402344,74.33821105957031,0.958172822867636,0.07470467681470319,-0.3172717604194068,0.8581900512218542
-0.0158502530069094,-0.003072733520325277,-0.012015276683251752,0.02012558285975997,2.622265782292743e-08,308.265625,44.52915790953695,0.39657885193550757,0.09085382976780987,0.17919560991708605,278.35723876953125,61.9494514465332,-2.4577395866466496,0.18460967704544848,-0.3277415180524382,0.8570152766832518
-0.015094338132358331,-0.004652375734473593,-0.013299074387272514,0.020648220823763323,2.3842408047869412e-09,338.17578125,31.429835498462186,0.3163859071316508,0.08090746484938983,0.16783903003272893,173.57052612304688,65.37255096435547,2.8432050853958875,0.16939795897155768,-0.08279440250141952,0.8582990743872726
-0.015436005908166184,-0.004498280838396845,-0.012701997939926324,0.020490133249052387,1.5535981390257803e-08,392.818359375,32.75987943429192,0.3084659686998933,0.08711063233239018,0.15737708117935256,176.2406463623047,48.70960998535156,1.6606710945578362,0.1602748940973518,-0.12769681536252653,0.8577019979399264
-0.014696308231210197,-0.004642808303631396,-0.013840506708328815,0.020714651107713596,1.9087840641418552e-08,467.1015625,39.529767482998444,0.35117839301603027,0.07423949168505743,0.1678626096552871,302.05218505859375,154.33428955078125,-1.265583900208462,0.0035795786498815253,-0.329535330260667,0.8588405067083289
-0.0156669946169751,-0.003909894730307284,-0.012749344039082566,0.02057395855340682,4.842187451004065e-08,321.158203125,47.266698039307755,0.39004477077017935,0.09530796463876244,0.16504470574792673,267.7535400390625,36.51360321044922,-1.6261517734958115,0.21197131339227337,-0.2775968078838445,0.8577493440390827
-0.014797454022528342,-0.004653405017866291,-0.013743483623109287,0.020724434031061417,2.2479889949522658e-08,415.29296875,26.916601000907058,0.28979498195697256,0.07713452450082535,0.15729173410223085,197.3414306640625,78.29932403564453,-1.259068792399721,0.1146489945776188,-0.18883225542786322,0.8587434836231094
-0.014973876458573787,-0.004469773409583322,-0.013665929294353174,0.020759418922694072,9.897354935617386e-09,358.861328125,47.09190835886561,0.3896719758160101,0.096315253629963,0.1632949422616392,282.8969421386719,36.15653610229492,1.6003890541225938,0.1879815134252889,-0.3174037509569845,0.8586659292943533
-0.014725515681419894,-0.004704552077622104,-0.013946951223753112,0.02082044838067975,6.851139211505597e-09,492.21875,17.616127475992602,0.26446029246010866,0.0595363657538036,0.15062731198358092,205.62551879882812,120.14445495605469,-2.5341261698475415,0.03709488146520135,-0.17233597351981786,0.8589469512237532
-0.015731157647153937,-0.004144498383625933,-0.012546757383645746,0.020544276784923744,3.518542790459378e-09,314.494140625,39.78942049667226,0.3516998954280652,0.09010216887928195,0.16744258151351576,213.0711669921875,42.98577880859375,-2.9149209667844165,0.20497877904967357,-0.1964245189025919,0.8575467573836458
-0.015183065365399637,-0.003882558096539701,-0.012638319384955299,0.020132730767065378,4.189892166550635e-08,403.30078125,35.39009178818396,0.32858577889704405,0.0821928135929075,0.16530640242181838,258.2384338378906,87.47928619384766,1.8148307342087064,0.09637644523005759,-0.25411238195093,0.8576383193849554
-0.014693250200020457,-0.004761405944106997,-0.013341282661261222,0.02040961565176199,8.667063511325068e-09,469.46484375,7.098138266732695,0.26300386479007865,0.05165752289004308,0.15827426898303454,157.34402465820312,125.7181625366211,0.9004453883907511,0.02355472508202363,-0.0861137008461798,0.8583412826612613
-0.014887640602286978,-0.004720633599252816,-0.013659137116365683,0.02074845177464904,1.7748602587630558e-08,331.5234375,38.968561835626176,0.34200185313965076,0.08996796706828279,0.1640303072454189,206.90240478515625,42.324562072753906,0.04922910145854184,0.21267356201890045,-0.16299820576253435,0.8586591371163658
-0.015521490581943687,-0.004472590065748516,-0.012553867838150046,0.02045776941602718,3.929522929269069e-09,337.8671875,32.23628001642186,0.3248252913620583,0.08477398293588945,0.17146503062293117,175.685546875,54.987937927246094,0.31923010353399534,0.17241219827503587,-0.17353785798349106,0.8575538678381501
-0.01467129371899481,-0.004818187808984908,-0.014028401377901734,0.02086283390077155,1.4120335123379846e-08,425.5078125,42.0524269090518,0.3527377286921476,0.08280720414912904,0.16027440367419798,298.68560791015625,111.90937805175781,-1.939656114432035,0.07304177567160852,-0.3170955742047304,0.8590284013779018
-0.015191708526158254,-0.004031254898308856,-0.013100881695691236,0.020461479057081535,1.5260765984237423e-09,406.25390625,45.01673854898439,0.3619885865464578,0.09337989362942237,0.1534625382537812,285.645263671875,54.21872329711914,-2.2060401205995532,0.15215059574546203,-0.27223504427571227,0.8581008816956913
-0.014748022452298615,-0.004735408856038056,-0.014003264514090175,0.020881084271151363,5.815692460942046e-08,438.05859375,11.775979237875879,0.27266079237239094,0.046397103771468634,0.16556509957961507,150.91970825195312,134.62803649902344,-2.9387795135695614,0.03745147782252847,-0.09641168087769218,0.8590032645140903
-0.014609662605131664,-0.004420156292693905,-0.01310369200795658,0.020116827963846815,4.0650078858561756e-09,527.5859375,17.698591779707577,0.27154325893454306,0.04340193392648653,0.15477116078401199,217.50697326660156,162.56129455566406,0.36567433630637886,-7.703949155972098e-06,-0.1856261110175243,0.8581036920079567
-0.015921775678166078,-0.0028820098538754335,-0.01197675840376844,0.02013086345405765,8.078264812638736e-08,285.921875,47.29909835621688,0.41723814703416245,0.09178530723452734,0.17818305019038994,288.37445068359375,62.399654388427734,1.644123773593841,0.19686243466815706,-0.354624874088146,0.8569767584037685
-0.01590789769823095,-0.004085635248624819,-0.012074727080265912,0.020385108746952863,5.3909076314084814e-08,407.333984375,36.83254571341331,0.31710538893701684,0.09061986799284896,0.1505332152116864,209.8048095703125,41.110694885253906,-0.9214076728218179,0.16001044929486904,-0.17497476043872986,0.857074727080266
-0.015354974465536825,-0.0033704657236015567,-0.012463709046177995,0.020061887329437377,2.5802931347129743e-08,452.68359375,45.59852204423349,0.35915313696760554,0.09372027152483275,0.14856361748868463,302.01043701171875,59.8419075012207,0.4928323598137627,0.11598469532979873,-0.3246956690614846,0.8574637090461781
-0.015412390705778184,-0.004811035416606976,-0.012896326908568123,0.02066405325148149,7.98314303551706e-09,446.8544921875,36.54726277576275,0.3007337338036964,0.09133000323302849,0.1389391237629416,139.18251037597656,35.22433853149414,-1.312208805576001,0.17371633789375357,-0.09194712860586228,0.8578963269085682
-0.013106176396844,-0.0068804066367714745,-0.016820442417127657,0.02240622990019577,6.500563927147596e-07,313.72265625,44.334305453052494,0.3736944378164772,0.09079641212763684,0.17069442567346982,259.2489929199219,54.2529182434082,3.0599387486271254,0.17590001440934971,-0.2918221988628913,0.8618204424171277
-0.014726282483531937,-0.004578253615410144,-0.013699502014279163,0.02062765515978572,3.7694589671843914e-09,497.5546875,34.51210252967571,0.301122442707118,0.07666533782203104,0.14633030333143482,267.842041015625,112.03981018066406,-1.7670213667895565,0.045928234431103575,-0.2627988047999656,0.8586995020142792
-0.016392347265049012,-0.0028724622896161844,-0.011577864748901101,0.020273308575737548,4.877113823908985e-09,311.095703125,47.06074585659819,0.3967913026004765,0.09547225627532847,0.1670163317198855,267.1185302734375,34.777828216552734,-0.8506994406050948,0.2055569072918927,-0.3258783326029458,0.8565778647489012
-0.014660528456583237,-0.0044419024340439095,-0.01234740417233171,0.01967536484171937,5.838178385175752e-09,425.078125,8.796915973999129,0.2860179971896037,0.040122152134288123,0.17777392934131064,191.3529815673828,150.10438537597656,0.3834417973521781,0.0060397087077497125,-0.16501187919033047,0.8573474041723318
-0.01605233364274225,-0.0033635970526610937,-0.01228117479026436,0.020489471802357665,3.1239657527493137e-09,341.3330078125,49.40172981363771,0.3979021522578867,0.09795907157883774,0.15639545059922932,278.72283935546875,24.859827041625977,-1.010994629374021,0.224365488264948,-0.31184008440731853,0.8572811747902644
-0.01577783693075646,-0.0048605011727335945,-0.01261075085433383,0.02077488019156232,1.690846929136569e-08,466.48828125,39.84490989719302,0.3109588576821732,0.09618423988987698,0.1376161984003178,143.70449829101562,15.195915222167969,0.7526999573825597,0.1766941000159855,-0.08357906852293406,0.8576107508543339
-0.014687004146318138,-0.004509077561665922,-0.01291446614636449,0.020070458567174786,2.1871588984367918e-08,484.953125,9.472430594241034,0.2701619278887123,0.039035152130725094,0.16214582712986825,192.1053009033203,153.60009765625,1.1229837142088657,0.012294644312650298,-0.11980777760990087,0.8579144661463646
-0.015782562216912682,-0.004050655825260041,-0.012625352156476422,0.020613020152817896,2.674257615353781e-08,385.57177734375,44.60475058561572,0.3527452428786826,0.09744183762721492,0.14907119537480873,229.78785705566406,14.479255676269531,-0.8125048802538692,0.20753130814409243,-0.23474403222697032,0.8576253521564765
-0.015644044409506064,-0.0025203108564718635,-0.011691282119528967,0.01969198237603989,1.3828922007519395e-08,350.046875,45.303541271757716,0.3950258328660121,0.088567530122678,0.17316865112790925,303.9412536621094,88.39263153076172,2.2048586373236443,0.1425282338677304,-0.3271975804487632,0.856691282119529
-0.014787340249818814,-0.004499954794612404,-0.01355491440619283,0.020558470988297762,1.1264769561591947e-08,475.7109375,35.102687868765294,0.30207710345931266,0.08441717870874885,0.14543920638639485,251.79067993164062,75.89347076416016,-1.1490261535556863,0.08634785852402001,-0.2536994184436826,0.8585549144061929
-0.014652475245025214,-0.004788201238063811,-0.013958997368727966,0.020796045524147776,6.941926500303452e-08,467.02734375,10.72484376889002,0.26412827316336346,0.05477839110298112,0.1554994866653422,175.8670654296875,120.81066131591797,3.1291787417984196,0.043609437478934525,-0.0913091231016468,0.858958997368728
-0.014768976248547984,-0.00466764244577747,-0.013722238003400333,0.02069322017603259,6.536053920314089e-09,579.26171875,20.613609319623503,0.24718779176834788,0.07591853049891656,0.13178811405368152,181.6050567626953,80.84577941894531,-1.9547588117266759,0.06022110354868457,-0.1081565849293884,0.8587222380034004
-0.013737343315345513,-0.009316588486827648,-0.01830666448038576,0.024711280557550536,4.827754764846759e-06,476.69140625,47.571114520564535,0.33321390225029685,0.08896978441361848,0.1374503174928806,306.1248779296875,87.48977661132812,-0.49729377703057354,0.08031942017058831,-0.3340738184870768,0.8633066644803858
-0.014936807596726803,-0.004436416655032194,-0.013578016508284163,0.02066766910461651,7.227651366292775e-08,406.7158203125,46.58481821493922,0.3695984939121808,0.0976831440004387,0.15317157726955666,274.47991943359375,25.52601432800293,-2.102041315911825,0.1839204372501555,-0.2756371324980505,0.8585780165082842
-0.015182485620873085,-0.0036102666029718677,-0.01246776025479357,0.01997465745247117,3.180918284328982e-08,446.1953125,37.55898991276486,0.3259487521996544,0.0812540228934074,0.1550826347354176,276.03228759765625,101.91863250732422,0.953966038895109,0.0891431514826232,-0.2539485808929551,0.8574677602547937
-0.015360100165991264,-0.003554679029828811,-0.01234250019154659,0.020022630473859254,1.1246245712470682e-08,373.5703125,40.169139628477915,0.3542035416456438,0.08753542492971422,0.16642695151663855,270.01837158203125,72.81322479248047,1.0273939434272576,0.13071899574091458,-0.281842683707565,0.8573425001915467
-0.014963059970495962,-0.004645096186436687,-0.013517205232898899,0.020692629595346665,1.483590637008092e-07,391.4140625,27.71180394050888,0.3024966721344262,0.07734619579414811,0.16610256519051492,209.12942504882812,81.01317596435547,1.472161524260177,0.12065059221344523,-0.155456799915975,0.858517205232899
-0.014714704186866469,-0.004658209296003579,-0.013550169767578613,0.020538464740154295,2.3088704281803984e-09,504.515625,7.100041594999212,0.25434946238415856,0.04898490220003647,0.14974162248551115,162.39053344726562,130.33218383789062,-1.2694169269926192,0.022004928330170447,-0.10399187016622921,0.8585501697675787
-0.016056966881275975,-0.0023761394034490513,-0.011474408926917756,0.01987798491077872,5.2851227394512534e-08,365.99609375,46.615497725337846,0.38401923508045505,0.09224685107429359,0.15992429424352395,297.532470703125,65.72422790527344,2.826092510427762,0.14960460145675952,-0.33170206493534543,0.8564744089269178
-0.014953742954198615,-0.003959581137584406,-0.012280647742310302,0.019751127058881223,1.2355931744423287e-07,417.5390625,26.417420686531184,0.3023250694568304,0.06636906188776531,0.16516693997244525,235.21849060058594,119.2410888671875,-1.171268792257699,0.0660198603268916,-0.23486109078083464,0.8572806477423104
-0.015001802140264336,-0.0041711748775781765,-0.013335341039786508,0.020500831396857867,8.136131768310406e-10,423.34375,45.856879495317386,0.36752723230723383,0.09384235477039879,0.15478324510672248,299.24774169921875,58.214447021484375,-1.916761336759254,0.13986541487261886,-0.3329376706695034,0.8583353410397866
-0.014861002343060203,-0.004489889871047786,-0.013194007616480374,0.020373765942464355,1.4396429826035728e-08,444.19140625,23.31427265688429,0.2833071724349404,0.06919977130078475,0.1569673469027939,214.956787109375,102.70885467529297,0.553472075178546,0.06974501823475399,-0.1922855463102537,0.8581940076164805
-0.01554009918978716,-0.004328213668932879,-0.011925337256514013,0.020060951748956533,4.1156788199714356e-08,325.888671875,27.096492345301392,0.32063120290227654,0.07565044137752734,0.18021822016650024,189.92355346679688,79.88932037353516,0.5358786646638547,0.1476600743070568,-0.15454083850883518,0.8569253372565141
-0.014794186207953357,-0.004415031530176056,-0.013225253658657676,0.020328988742775285,8.042293053733829e-09,506.53125,21.60370034055128,0.2680219095468545,0.06489802135082513,0.1472151799284428,221.22447204589844,115.52581787109375,-1.8890446336015545,0.025673238961276677,-0.2216663605416165,0.8582252536586578
-0.015318429089344443,-0.004476591009456687,-0.013100245011270495,0.02064728931812939,1.9373239013020793e-08,394.0888671875,39.98568603739084,0.32811252262754514,0.09350083993910348,0.14940387348743955,208.23806762695312,29.465879440307617,2.768612969054837,0.19450355116184112,-0.16939129554129928,0.8581002450112706
-0.014839338401146714,-0.004207225667114456,-0.013201523401939363,0.020302387350499617,6.228194848745261e-08,497.86328125,35.1294953883482,0.3056996590363712,0.07933521315568443,0.14814572235342205,271.81842041015625,105.88838958740234,-2.5570373976349994,0.03878791776185859,-0.2756138039009845,0.8582015234019394
-0.014778379162134828,-0.004259381904649973,-0.013368406448320602,0.020377858470334423,5.914202017009984e-09,475.6484375,39.80419113938819,0.3349468236877104,0.07857530153314027,0.15349938213496161,296.1479797363281,128.52523803710938,0.44757189802823305,0.05500172546472398,-0.29538870811386647,0.8583684064483207
-0.014458787882877279,-0.008241301598548356,-0.01732885411362195,0.024026335217245825,1.0387669817646383e-06,521.796875,45.222746001163614,0.3179011216628667,0.08278004849300158,0.133460951791044,305.501708984375,117.97579193115234,-1.9207117935928621,0.03256520948615966,-0.3234636916794021,0.862328854113622
-0.015341965801976373,-0.004633241229110338,-0.011720281133928423,0.019854667683304572,1.7931506945956244e-08,411.291015625,17.952023463147107,0.28170490316340235,0.06711585911777376,0.16222457259309842,161.02908325195312,96.27655792236328,-0.7837471874544562,0.09039094317933861,-0.10100310402778832,0.8567202811339285
-0.014845386226914475,-0.00307533942764332,-0.011715931915906586,0.019160017366370994,1.8733337103782333e-09,477.265625,34.725540991237075,0.3215245398721493,0.07182693407671577,0.15915747159110538,278.8038635253906,139.2492218017578,0.01616219772830075,0.04099489152371391,-0.2772537871722363,0.8567159319159067
-0.015195290306562942,-0.0041338993150134284,-0.012630155845593238,0.020186797857296913,7.806004731492067e-09,455.328125,29.068265129983242,0.28935441950484,0.0782849429394153,0.1502182964063289,225.1438751220703,84.22367858886719,-2.426549469744882,0.09785116786850191,-0.17722396218424538,0.8576301558455933
-0.014519207514149812,-0.004856093129123273,-0.014172172205335176,0.020862394213880094,1.2982778407888418e-08,330.80078125,36.754654689927655,0.3313301212954974,0.08786121090029533,0.16383204775179794,182.93280029296875,45.982418060302734,-0.32775535698250163,0.1902794233222253,-0.18434844540854625,0.8591721722053353
-0.015557376957673591,-0.003994857383012473,-0.012606245892051726,0.020418332419779864,1.7750780401115662e-08,402.125,41.36347015026972,0.33990908510558593,0.0941943059559113,0.15249558979949962,239.22227478027344,33.222232818603516,1.3200306890581368,0.17180219510218447,-0.23082191359779847,0.8576062458920518
-0.016193260695987255,-0.004562291242905914,-0.012237977136817513,0.020803948609688736,6.982575229130816e-08,381.36376953125,41.83675702659114,0.3383629284562424,0.09644988583491217,0.14984783811730085,172.30050659179688,12.981595993041992,-2.4774053211171965,0.21718687518606272,-0.10641788305544839,0.8572379771368176
-0.014733375190738529,-0.004697752449181664,-0.01385466609916075,0.020762779084315668,4.685185572839146e-09,569.51953125,30.57482880934355,0.26149225904956036,0.0873753610966188,0.1246567359814893,172.25621032714844,48.834415435791016,2.2206365258582177,0.11253242614402152,-0.14083945298009398,0.8588546660991608
-0.014917935510658495,-0.004181184445546604,-0.013312245211635654,0.020426526279388842,2.5387176805224954e-08,445.765625,45.16482687796826,0.35836247843119085,0.0913891552152394,0.15039315942304443,304.69488525390625,74.49730682373047,1.865725268794679,0.10700111397776621,-0.32066598551786757,0.8583122452116357
-0.014677909351079904,-0.00474650952328351,-0.01395423782265337,0.020801229021005223,5.0385200012215137e-08,370.970703125,34.3958084187465,0.31637542595620927,0.08255685964646449,0.1603799709943997,220.14938354492188,69.74029541015625,1.9272525347828195,0.14620754425019913,-0.19793367330847153,0.8589542378226535
-0.01626050516677982,-0.003017325898703571,-0.011846734163102557,0.020343386989119628,1.6934700752813114e-08,292.630859375,46.69713253179139,0.40384009505238605,0.09403158017120666,0.1720750676445676,268.8306579589844,42.872039794921875,2.469551404414088,0.21972863626431402,-0.3060652852966563,0.8568467341631026
-0.014692730330030067,-0.004121677609985247,-0.012263699949887075,0.019577101096242503,1.1162619273363816e-08,491.2734375,16.76813868572247,0.27081550062673887,0.05455292017655827,0.15535178524801763,214.7185821533203,134.89675903320312,-0.7038302178064942,0.010888316053931597,-0.2010828078696399,0.8572636999498872
-0.014759451711915662,-0.004385127755660745,-0.01326912490416432,0.020325856340930638,1.8967970305538984e-08,547.5625,25.65728380602233,0.2708530681360023,0.06575273123770371,0.14263856966236543,241.66197204589844,127.21936798095703,-0.32555029219384746,0.008887349922540758,-0.20525108160265407,0.8582691249041644
-0.01515075611970132,-0.004232197883898919,-0.013132873458353456,0.02049217595084207,2.5486295740506648e-08,426.5078125,38.36216269979663,0.3234842554881931,0.08955125722534088,0.15190402809826642,248.10220336914062,56.38192367553711,0.9126382467847781,0.13593346843251675,-0.23116670503415201,0.8581328734583535
-0.014692771675611671,-0.004473889445123114,-0.013494821108314237,0.020445132012883754,9.240140208532921e-09,490.265625,25.539310508230958,0.2900345245889897,0.05939003644945035,0.1583850139097318,243.71925354003906,145.47128295898438,0.27250657116315014,0.0015021592560340719,-0.23462433598769336,0.8584948211083143
-0.01519086064892572,-0.004437708334819435,-0.013226902744249536,0.0206253838443274,1.6475077968536311e-09,418.0048828125,41.509740295076135,0.3307214448725127,0.09533436829198756,0.1472003709041626,222.4754180908203,24.216537475585938,0.6943357185537197,0.17827194859678783,-0.1900715509364661,0.8582269027442496
-0.016012253725260273,-0.0036046314836984394,-0.01244664622822289,0.02059865626262831,2.4777804252806845e-09,375.5625,47.99016897491219,0.38045864863292556,0.09840851548071947,0.15229645415700788,269.22174072265625,19.24899673461914,-2.3399090485864225,0.21335731115286663,-0.26698047345670356,0.857446646228223
-0.014698177213395176,-0.004678205249543654,-0.013859898093252276,0.02073689448563996,2.453344416508685e-09,578.4296875,17.62872215039578,0.24615944053234476,0.06348807468282981,0.13414901494003761,206.7786865234375,113.09751892089844,0.06528842464369831,0.02859129281793716,-0.17513416828712222,0.8588598980932524
-0.015239994966444903,-0.004617290917667952,-0.012992105959332978,0.02055168215144883,5.996212415482205e-09,476.748046875,34.18202264175466,0.2917015647229509,0.0909439664711289,0.14047699023673632,171.60269165039062,36.27518844604492,0.17061427914248092,0.15141611138565148,-0.12069620839899527,0.8579921059593331
-0.01458800690015613,-0.004838157439033486,-0.014258193153175114,0.02096458405781349,7.903840359979597e-10,460.21875,29.52303213493537,0.28741136817341784,0.07934258931522488,0.15017745216541456,223.68521118164062,80.87513732910156,2.5232952314989263,0.0792716576421627,-0.2005630568491563,0.8592581931531752
-0.015065535796843915,-0.0034807785341521846,-0.01262110586741283,0.019959421368522752,1.0502259506495193e-08,420.34375,43.113555012206156,0.36152754275650145,0.08675481672330036,0.16093751181669502,302.79608154296875,96.65072631835938,2.917453572051265,0.0786731852615957,-0.34789242480754273,0.8576211058674129
-0.014825255210310598,-0.004508315336960778,-0.013722774972419804,0.02069849395902969,2.110890839901458e-08,398.25390625,44.42810013875458,0.3692275367682339,0.09017357278117495,0.16139951175082634,298.6393737792969,76.46424102783203,2.8059104512003104,0.09780158084902692,-0.3674051191958417,0.8587227749724199
-0.01480730984436214,-0.004626537224098032,-0.013568017711699132,0.020609521492210583,1.514304770466879e-08,466.38671875,20.079045279832094,0.26943881475369186,0.07031489170585285,0.15202518139083998,187.4547119140625,92.99456787109375,1.978810594353104,0.07220417656806702,-0.11953862817993072,0.8585680177116992
-0.015082947262317237,-0.00464356225097369,-0.013261376809948988,0.02061363828614356,1.9532460981963595e-08,522.9873046875,34.74281147555002,0.28804915868555686,0.09325999996452185,0.1361451782978761,178.21994018554688,28.36959457397461,2.734099737439771,0.1473451010096246,-0.10475890228819464,0.8582613768099491
-0.014847824739270432,-0.0045269023853453105,-0.013420430728795396,0.020519715047751803,1.0754339641039223e-08,402.07421875,27.63716805192577,0.29912992489843165,0.07352622915824017,0.16292723524329888,219.59751892089844,93.62928771972656,-2.8511753507923427,0.0948501564342344,-0.21350768434830783,0.8584204307287955
-0.014559552625561467,-0.004739925696996078,-0.014124248265335981,0.020831271140532546,3.642794288438722e-09,585.990234375,32.385740806669595,0.26914140138000403,0.0903599722548121,0.12879856515517685,200.3373260498047,42.43463134765625,-1.4421990619778284,0.11555914404882424,-0.11351517397177419,0.8591242482653361
-0.015020884486024635,-0.004528782971756962,-0.01270212146675409,0.02018615207769788,8.963723985289107e-09,488.96875,19.120515610349337,0.2660257783399172,0.06330074400311539,0.14904462331362978,205.78622436523438,112.6174545288086,-1.609136691854701,0.051597108876085165,-0.15870705246170888,0.8577021214667542
-0.01466483650305836,-0.004730739141441981,-0.013954713257118723,0.02078873119202346,1.3540333299033591e-08,396.5546875,33.19131624413614,0.3206668863706267,0.07669308389406283,0.16688772539920727,250.2575225830078,100.08544158935547,1.3448616656049945,0.09347666823077712,-0.22951071193066067,0.8589547132571188
-0.01444400871069268,-0.005084442798054645,-0.01434430893890215,0.020981900417643865,8.335196355346852e-08,484.361328125,45.630191970201324,0.34606833603698844,0.09642176517432449,0.14240338567929134,289.0106201171875,38.78779983520508,1.7253334649858911,0.13073394211204245,-0.3239300913832775,0.8593443089389022
-0.014894949857599822,-0.004648395120357862,-0.013854588312139815,0.020866641458420206,1.695873130813652e-08,534.3125,39.11120999327063,0.31259542861698586,0.08080772825472939,0.14187545805703183,293.20892333984375,116.23841094970703,-1.619788882758966,0.018616854699790887,-0.30693400331665766,0.8588545883121399
-0.014836424769450587,-0.004400431585547204,-0.013393671922946382,0.02046640529399754,3.786377433812049e-09,525.7578125,34.60671876880094,0.2900074110264804,0.08391126448291245,0.13787508498502965,254.63462829589844,80.41400146484375,2.2686462081020324,0.08541577131760901,-0.22499383609747184,0.8583936719229465
-0.015137843084606278,-0.004529280004651526,-0.012692455323193963,0.020267389884885845,1.6090895726961207e-08,369.30859375,21.40637519459309,0.29400675800254195,0.0644709509800831,0.16921568775305007,180.07675170898438,102.30921936035156,-2.1294021091963202,0.11993128051460257,-0.12683295232659267,0.857692455323194
-0.01465221116261077,-0.004759574983017295,-0.01399769443204113,0.020815289942383578,1.1252694775976124e-08,433.373046875,35.21543185544549,0.3059530656990869,0.08495417476345872,0.14942695453729304,235.2734375,67.83672332763672,-0.06483786471678646,0.12311229923842999,-0.2111791923516482,0.8589976944320412
-0.015800193368090215,-0.004113551510095376,-0.0121565554975811,0.020355570688659633,1.0409615391893112e-08,355.849609375,36.06440483062753,0.33128982548069436,0.08784396777342687,0.164434861977364,213.39654541015625,51.617713928222656,2.478973964763127,0.17401980086735963,-0.15632587144092341,0.8571565554975812
-0.015208151192817723,-0.0034620717646772214,-0.01254742816152321,0.020017786018337893,9.546668344739828e-09,362.2265625,43.04344269423008,0.3827259646035447,0.08543087373015865,0.17594151695575422,298.6659240722656,99.590576171875,-2.335191233219669,0.1208223935317481,-0.3153318767645478,0.8575474281615233
-0.014743051138566915,-0.004664535131607972,-0.013789131133426502,0.02071848407300197,4.883511817155295e-09,495.2421875,21.143365836420678,0.26441349400164443,0.06799402460701441,0.1444762882574404,203.397216796875,101.64127349853516,1.6937784468019965,0.06758740679692583,-0.16335299461448252,0.8587891311334266
-0.015228945445574127,-0.004390404931581715,-0.012187309173371963,0.019993172327944515,2.894899608918422e-08,354.3203125,21.035961408832105,0.30233045424495725,0.06565796919144591,0.17881685952618287,186.59390258789062,100.826416015625,-0.7585720064412123,0.1062653507507709,-0.14807585538416204,0.857187309173372
-0.014732634301521594,-0.004666791908249243,-0.013672853214733438,0.02063434940115432,4.144588228172097e-09,560.640625,14.707612482593824,0.24478036042599147,0.06609109224815905,0.13644844974063675,179.87635803222656,101.53897857666016,3.037209774458011,0.03998491221419537,-0.11083671987214287,0.8586728532147335
-0.014760623117540422,-0.0046146620617270595,-0.013751409082936927,0.020694742146938967,1.4857429730952276e-09,611.96875,42.32526575732091,0.30810182490748805,0.0930980715927113,0.12873879119439902,293.5781555175781,61.085731506347656,-2.9733609745587586,0.08334581445921734,-0.25006477151031964,0.858751409082937
-0.01480841602423906,-0.004672525193923749,-0.013796597119016152,0.0207718022544804,3.48032394015263e-08,482.5703125,20.3090063154504,0.265292911709518,0.07333222527911858,0.14687285713359255,163.6807861328125,84.3433609008789,3.0404600896674125,0.08536751643814623,-0.09198122327283473,0.8587965971190162
-0.014696440213849034,-0.004716054599033653,-0.01440377028664741,0.021111492709204916,3.1985276649493244e-08,498.53125,10.020471858556474,0.256535405403128,0.047778611769331986,0.15091593885261467,177.52711486816406,133.20565795898438,-1.2651374929519539,0.022270465077415043,-0.1433326319970657,0.8594037702866475
-0.01564015561699897,-0.004412376991161149,-0.012128707170186548,0.020277797613552792,2.793205489126649e-08,438.189453125,29.56284141865654,0.2916978078605468,0.08469527185674115,0.15140440467709781,185.62413024902344,57.17285919189453,1.0519576984643608,0.13144584739606965,-0.14947432862713486,0.8571287071701866
-0.014707885469117908,-0.0047946350522103665,-0.013990432111439688,0.020857675108251563,1.2549581818177558e-08,436.26953125,19.813058462757343,0.27973839060341704,0.062087522777133204,0.16074645617160133,205.65176391601562,114.65402221679688,1.503881502524489,0.05698177262471277,-0.18398811900605352,0.8589904321114398
-0.016138223681052,-0.003084712138047341,-0.01225073776647534,0.020494835651383724,1.8896089137854233e-09,326.033203125,51.82391413781866,0.4259105066251836,0.09886182405555642,0.16080248148234577,299.836181640625,26.459640502929688,2.7385952765727035,0.23087483624567162,-0.34310115280097236,0.8572507377664754
-0.015967209195105025,-0.0038571830074937696,-0.012443254671992143,0.020607382586480975,1.3669662735082966e-08,346.150390625,45.97314583694314,0.3785586062771598,0.0959359459924105,0.16218021043152941,261.14935302734375,30.880014419555664,3.0637234926530996,0.20979665800474961,-0.2729319865661199,0.8574432546719922
-0.014746103289827818,-0.004097919720787574,-0.012986548342484583,0.020072143535855347,2.0867858552264806e-08,489.1953125,31.228205624551478,0.30429025791255904,0.06702081445218754,0.1569931420943862,263.1162414550781,141.560546875,1.3265202416435888,0.025507176443184253,-0.23252226773655119,0.8579865483424847
-0.016823493052895794,-0.0026590486257621615,-0.01140475877633762,0.020498023827712042,1.1217505146987605e-07,321.685546875,48.56384337101247,0.40272004368162995,0.09713404096088434,0.1624825975423596,274.025390625,28.364280700683594,2.798640461805441,0.22674392262084334,-0.29451894005057405,0.8564047587763377
-0.014689847060662314,-0.004709345396470888,-0.013889282231731581,0.02075769018078855,5.887302645390946e-09,548.7421875,36.01592648235395,0.29427592541623443,0.07945280924628605,0.13737293157149844,275.7999267578125,108.8577651977539,0.48835498767023416,0.034948100276023214,-0.2711110886425207,0.8588892822317317
-0.01530389422291345,-0.0045673757331414905,-0.013146524199722509,0.02068577284047427,2.5696156313870233e-08,411.60546875,38.50485691222042,0.3176147547622559,0.09357734665397775,0.14714583280222526,177.6220703125,26.057477951049805,-2.89370610713601,0.18692489237832244,-0.11757021424040028,0.8581465241997226
-0.014721565712578183,-0.004693372235723525,-0.013857279485322782,0.020755154412992586,7.189250084138621e-09,639.67578125,12.820690179686737,0.22927459014664858,0.06354175473843329,0.12374598657702296,146.94383239746094,106.96884155273438,2.461945673809195,0.02910619802633857,-0.08086937798834262,0.8588572794853229
-0.015205137379038655,-0.0036691917781132566,-0.01252138193150687,0.02003607188284867,1.6360215404631617e-09,429.15234375,40.84545246914076,0.338650985774888,0.08624101870404885,0.1535308179595306,282.5453796386719,85.63031005859375,2.978812390158849,0.1053764711253181,-0.30333974141927245,0.857521381931507
-0.016735252698603598,-0.0032925298620731513,-0.01081108437727396,0.020193785707273898,5.535608860185448e-09,309.5078125,38.588803760133054,0.3570697556806242,0.0884222106172391,0.17479828892808758,225.39210510253906,52.149139404296875,0.702076815763771,0.18504016500346326,-0.2202586445985499,0.855811084377274
-0.015082288264678292,-0.004266916068503546,-0.012897657147434183,0.020298560341247513,2.8968177190336064e-08,422.8515625,30.03671324896201,0.30068437547514526,0.07841446971575883,0.15726272388612894,228.026611328125,84.30054473876953,-0.7003919889695439,0.10102796405111696,-0.18683726251393465,0.8578976571474343
-0.014998888381295344,-0.004198250567047979,-0.013200470577923396,0.020416767226397434,3.2360063073610945e-08,415.109375,38.50108737802256,0.3297056476965794,0.08556653959016965,0.15614973455091274,264.215087890625,78.13232421875,-2.1908531587853894,0.11606451581818138,-0.2734553250038835,0.8582004705779235
-0.015028636255613154,-0.004331913460254383,-0.01318047298512548,0.020453612151458377,1.0314238352293614e-09,439.921875,34.98074739736325,0.31001302668948194,0.08633366403488685,0.15262686906956702,239.60546875,64.8453140258789,-1.2696378981893794,0.11335302963706599,-0.22531462614250983,0.8581804729851256
-0.014731063071946895,-0.004279811295587549,-0.013127579675502377,0.02019045200316673,6.068729518915461e-09,480.95703125,26.468613889244864,0.2878637528163262,0.06755224295966027,0.15584887801757696,242.36257934570312,121.81065368652344,-1.9446101790941055,0.027576270116866405,-0.2315139390588905,0.8581275796755025
-0.014853901452811971,-0.004532283857212355,-0.013353132137893797,0.0204813603850977,1.1454900139540314e-08,491.5703125,23.061512621180764,0.2716606061238205,0.07468929187669103,0.14944103704340383,209.13162231445312,88.45427703857422,-0.36842694499537954,0.06815570646290178,-0.18605849128266874,0.8583531321378939
-0.015642807330275565,-0.0042586779065602876,-0.012689080365067107,0.02058753310125036,7.51167661405816e-09,381.2138671875,40.18168525579976,0.33929418802301015,0.09423715887213868,0.15724466477692767,214.76559448242188,27.635107040405273,2.966954267085383,0.19474471636914342,-0.17876943474342877,0.8576890803650672
-0.014645950970208904,-0.0046387069805463865,-0.014002693908690134,0.020786941068218785,4.9878224217536626e-08,400.29296875,31.49244201623745,0.31057633693132025,0.07540811702519644,0.16445569545943284,239.57933044433594,98.39143371582031,1.091420408968328,0.09508627869253945,-0.23034537645086106,0.8590026939086902
-0.014834491998229699,-0.004239818635346532,-0.012947309811044527,0.020141277175227557,2.479654037657042e-09,494.6328125,27.360282526663866,0.28108592978471475,0.07128821665965945,0.14834352062164702,238.47085571289062,109.8824234008789,-2.470000679348559,0.04017042846824043,-0.21423793551971784,0.8579473098110446
-0.015104100704850493,-0.004281168640724392,-0.013194633917344767,0.020507574874795216,5.298337324433078e-09,538.337890625,39.76699468137074,0.30501905359376696,0.09382583435448068,0.13385428827227652,253.49346923828125,40.388858795166016,1.6418017439096257,0.13131297792603702,-0.23051406533131055,0.8581946339173449
-0.01479323164981819,-0.00453832221831868,-0.013647433926334829,0.02063222052945689,6.26986320639844e-08,436.796875,33.9301770503144,0.30327196043274607,0.08160292849580793,0.15041149891295513,240.55357360839844,80.82462310791016,-0.4266229616178274,0.11093590092974284,-0.2276925503392764,0.8586474339263349
-0.014741553565264687,-0.004520732293420232,-0.01341575730947353,0.020438516731236468,4.971452138846644e-09,471.46875,18.203964311785008,0.2789413728094718,0.049891790209350785,0.16176340320575255,216.0085906982422,145.8579864501953,-2.0745795923590653,0.012847034961098514,-0.1883679343674372,0.8584157573094736
-0.015101763121752806,-0.004579927276107287,-0.012634510274343813,0.020215583917177954,7.004800739451866e-09,444.759765625,20.104425227726043,0.2759201502133493,0.07262678072552609,0.156615377028253,176.73817443847656,86.24357604980469,-0.8896890953782538,0.08388250939726725,-0.11772537223088961,0.8576345102743439
-0.015286764054639468,-0.0039245049708032664,-0.012917438561124595,0.020394781526373494,9.302890013884735e-09,465.07421875,44.7668052514366,0.3463584557383751,0.09578600708173397,0.14464519108233576,281.1731872558594,39.60807800292969,2.163185863434461,0.14537927029787517,-0.26596846195949736,0.8579174385611247
-0.015242607203139413,-0.004355803435639405,-0.012935918298844218,0.020460891479930642,1.1263344923406748e-08,482.82421875,34.02707951956661,0.2916938342758771,0.08884498279925687,0.14024506155169425,212.38397216796875,48.70595169067383,1.4137911484547894,0.1321889154541312,-0.16733811979204813,0.8579359182988443
-0.017271586731447186,-0.004670170953633299,-0.010497994249854425,0.0207443025486045,2.8273053231941958e-08,362.86328125,36.82671578702781,0.32704606441370665,0.09079584949254271,0.15468048289380454,155.5131378173828,35.53348159790039,-0.5311155150591288,0.19849803761477924,-0.09794215358753038,0.8554979942498545
-0.014923148163413447,-0.004575893100987383,-0.013020223028909816,0.02032646935651658,2.763856254972552e-09,385.578125,17.552325412878762,0.2890634139418842,0.06202088193180401,0.17209521260594085,178.5801239013672,107.21725463867188,3.1063240041229045,0.08812253468745672,-0.08762833826886998,0.8580202230289099
-0.015474802721934938,-0.00470374955935611,-0.011669219811035303,0.019944058518721976,1.1952127287884196e-08,382.0078125,20.661612850739548,0.2913353518522694,0.06868734471106308,0.16727743402716422,161.7035369873047,92.8211898803711,-0.28094196496727286,0.10488765662054743,-0.09157644139665085,0.8566692198110354
-0.014772587448783223,-0.004736872635595038,-0.013533597345579795,0.020587024054245458,8.250375493901174e-09,431.658203125,15.213363433837053,0.2745448469528678,0.059479541204931964,0.162381503450298,143.82296752929688,112.7697525024414,0.1945081149868991,0.06383002823705508,-0.08880004273326388,0.8585335973455799
-0.015003272715392688,-0.004157918732264426,-0.012798481097132663,0.02015409632680722,2.5757495691891563e-08,456.40625,28.07191912965677,0.28938696334181413,0.07462281669316816,0.1524317105506353,231.6575927734375,96.53221893310547,-0.462506822487889,0.07088197118834724,-0.22721461213181807,0.8577984810971327
-0.01409283051831127,-0.006818889724878763,-0.015976764741138405,0.022368776021311182,1.0430303518660367e-06,494.609375,45.526340395067564,0.3376412314143684,0.09091877894082624,0.14231307279778405,305.1068420410156,77.89864349365234,2.644043538623978,0.08808962999743271,-0.30611940932954745,0.8609767647411385
-0.014794490470855959,-0.004665874206949361,-0.013515411645858344,0.020574588267188398,1.2246134106774775e-09,498.240234375,19.02754940305661,0.260442344033678,0.07190047274002852,0.14556149895874504,168.91207885742188,87.95602416992188,1.247932183862826,0.06927474096227938,-0.1060819345720179,0.8585154116458584
-0.015058615079123094,-0.004348516469311892,-0.012794479660382607,0.02023289878798919,2.8835447363206868e-09,469.18359375,24.783714668126056,0.27770101947807235,0.07445232617340151,0.14805104184076212,210.98828125,88.9071273803711,1.6383357045484577,0.0890719671673973,-0.16703572006888864,0.8577944796603827
-0.015390773762646137,-0.0038856319075032397,-0.012911002600660915,0.02046137924207058,6.215233838702261e-08,419.4833984375,46.72738684888116,0.36257363554080213,0.0974168187366329,0.146901802353545,275.99481201171875,27.261062622070312,-1.2565701019721143,0.15950624316837164,-0.32320233004764937,0.857911002600661
-0.015048206799053943,-0.004510452480370047,-0.01318567178412089,0.020509867133731787,9.925257948850685e-09,393.9453125,30.67237056254625,0.30194033133010656,0.08164013907299958,0.1575540139123548,199.3783416748047,67.09020233154297,1.8374560465709764,0.14001496492009952,-0.17283559728433381,0.858185671784121
-0.015390582387072277,-0.003949775223724722,-0.01178300466495319,0.019781555789813846,6.020206200219036e-08,413.33203125,25.03298691189514,0.2911063775902566,0.07055059308109778,0.1585150670511989,210.88165283203125,97.65877532958984,2.136275402964765,0.09844382312781742,-0.16323467142807882,0.8567830046649533
-0.015453883551150571,-0.003749765324551846,-0.012608046732478062,0.02029399170222764,1.2801793403127704e-08,430.625,41.87826949891345,0.3333494171702759,0.0905171504019741,0.14573760960021287,267.9005126953125,60.26631546020508,2.2398442287074487,0.14714138043063202,-0.2546637667178779,0.8576080467324781
-0.014762943166532178,-0.004572524379030385,-0.013601044110053806,0.02058739592611741,6.87932733001162e-09,511.53515625,23.7310004093463,0.2691210039507823,0.07045255037876565,0.14506876004579572,222.25955200195312,103.14094543457031,0.5832272515831526,0.057931330422865385,-0.17587452903959774,0.8586010441100539
-0.015599097114963822,-0.004709345516339822,-0.012450362123510583,0.02050661559109376,1.2333043031276247e-08,415.4501953125,33.53598903671032,0.3022468895738986,0.08820719889373124,0.14955075419900454,160.48733520507812,44.9627571105957,2.461164009407481,0.16104102853810748,-0.08251412361820308,0.8574503621235107
-0.01478167069277013,-0.004732571292900098,-0.012897293166667545,0.02018006914108202,5.568612948536611e-08,462.609375,10.200640115514851,0.26913488553956594,0.04461581232355148,0.16188469465899635,142.2798309326172,139.81373596191406,-0.8751058172586085,0.027319853566946148,-0.08267072925755813,0.8578972931666676
-0.015776081729830083,-0.00451789440395188,-0.011872166838734599,0.02025449258901066,1.4043211038483605e-09,342.33984375,28.791137644342022,0.3142624911532779,0.07887906210135287,0.17094792080259014,177.202392578125,70.69075012207031,-2.513842733759897,0.16069197782616929,-0.1074075730069207,0.8568721668387347
-0.014684160623553037,-0.004260874247034613,-0.012472460408285868,0.019731748305804195,1.9062886380538657e-08,411.7578125,15.072437236992492,0.2948125130602275,0.04422202054889529,0.17966267478944498,205.53805541992188,150.05397033691406,-3.034103476844126,0.026295274341108336,-0.19782246698105674,0.857472460408286
-0.015133763898016767,-0.004713745801262326,-0.013319639861160137,0.020704178690081863,1.436191787718144e-08,382.544921875,35.72813213618978,0.31425555172563147,0.08902084958745207,0.15258126213592405,150.27505493164062,42.20740509033203,-1.3710644369254994,0.17929331894444747,-0.10028565577039275,0.8583196398611602
-0.014696275207723486,-0.004679992529627253,-0.013840995180129823,0.020723319778329242,1.6415334869179787e-08,488.0859375,7.068020463625034,0.2629526357604266,0.03887276771132729,0.1590138112804811,178.38168334960938,148.83470153808594,-1.1096120983371285,0.00515615813179883,-0.11940830620255596,0.8588409951801299
-0.01602603764607685,-0.004633063885186681,-0.011871238502979997,0.02047499614633244,1.6958075832462782e-08,359.591796875,33.92168626006653,0.323773411042233,0.08841004718726228,0.1656226349239719,159.04852294921875,43.81481170654297,0.1026777631017054,0.17269487005657663,-0.1195346161595116,0.8568712385029801
-0.014051233266173593,-0.006629016133865351,-0.015775254092473157,0.022141356166358952,1.0627560413922765e-06,508.2890625,44.43872889846428,0.3272448151527033,0.08656674487946017,0.14028362089146562,304.8294677734375,99.97494506835938,0.601220759385998,0.0592517702759828,-0.30965503186472154,0.8607752540924732
-0.014772481269572244,-0.004456005897210902,-0.01361567397187713,0.02057835681302794,5.443962169948691e-09,485.61328125,39.064704814698295,0.31985988717135955,0.0860360615045402,0.14807737571070423,280.7528381347656,85.96232604980469,-2.2308484413759087,0.06386304949611209,-0.3025104912678472,0.8586156739718772
-0.01468112254748062,-0.004510583264624779,-0.013656080150750372,0.020551623919412676,2.321527858839545e-08,482.984375,37.076735179751914,0.3286104828014011,0.07434714030434786,0.16014630907332095,289.53143310546875,140.08819580078125,0.25264400299710754,0.005665210356717949,-0.3099478140670812,0.8586560801507505
-0.015119174841677518,-0.0047155564283657,-0.01323290994415538,0.02063821275964665,1.777323355156568e-08,463.3583984375,34.333369538764806,0.2950412550272092,0.09059877181701861,0.14283824321359395,144.99237060546875,37.971195220947266,-1.233671979619203,0.1479563202545377,-0.09938691573592136,0.8582329099441555
-0.01538470581682555,-0.004035954287646748,-0.01281083831927965,0.02042292042106035,1.3870022463891019e-08,432.6640625,41.1913456897318,0.33449790289504916,0.09328851290463225,0.14913241762420748,254.7219696044922,42.4564094543457,-1.3199453632753837,0.15553617641282041,-0.23274842758239114,0.8578108383192797
-0.014718211813529405,-0.004705522575968776,-0.013852819447620845,0.020752549442158926,1.351048384279352e-09,521.29296875,14.336142386386106,0.2512672388049835,0.06393557178028057,0.14286389835541258,169.55909729003906,104.3782730102539,3.0686746259458295,0.039347669667990845,-0.09746321405571078,0.8588528194476209
-0.014692254756281725,-0.004360240688575295,-0.013348385343592284,0.020323716194801084,2.2936761823189045e-08,481.1484375,30.456346591149284,0.3178752864167462,0.06137298803113473,0.16935515041373173,265.2835998535156,163.66595458984375,-1.0160938074161787,0.0050804811684304115,-0.24932674415377923,0.8583483853435924
-0.014963009681383671,-0.004493207926196285,-0.013418635139483381,0.02059466788272617,2.4456747738099693e-08,452.94921875,34.60615473041127,0.3051110724211007,0.08791009663473084,0.14929456028273436,230.06781005859375,56.454185485839844,2.1006902698247663,0.12663147745694953,-0.2004936491097372,0.8584186351394835
-0.014921343398284818,-0.004639033101336343,-0.01317937823671611,0.020441700703005574,6.43502318098399e-08,449.54296875,15.114933992667146,0.2705054047808617,0.053822058958872675,0.15829019237188513,188.1998748779297,124.59239196777344,3.112493660220969,0.045330885556286026,-0.15400665611451334,0.8581793782367162
-0.014709616369287087,-0.004667864628937923,-0.013793327346272588,0.020698252419156543,1.811719840816295e-08,522.66015625,14.942182979084716,0.2595387955332652,0.049041501995802664,0.14929620815303113,205.16815185546875,141.2346954345703,0.8088301635533997,0.005041317634803593,-0.16163843692876742,0.8587933273462727
-0.01494756958291564,-0.004435326470041717,-0.01290504691287686,0.020239619392555537,6.458474866022357e-10,458.87890625,21.79744747932719,0.2767190536411903,0.07062126310752566,0.1547640865346439,205.63150024414062,96.46455383300781,0.8178906408588933,0.08034557372522584,-0.1602294689724234,0.857905046912877
-0.014976204593497133,-0.004746578752442901,-0.012682471085412983,0.02019063611458944,8.663778139350597e-09,403.1953125,14.999635004308022,0.2817603433225434,0.05812961078791959,0.16774645243029018,154.22447204589844,113.38426208496094,-2.2692799172541513,0.07707910143664233,-0.09585439392309016,0.8576824710854131
-0.016089746780637126,-0.003696719883476335,-0.01157972711673394,0.02016521186251053,1.9790875604996927e-09,343.6171875,35.555095016218154,0.3361352799345576,0.08579548213753715,0.16920218208760562,222.95535278320312,60.496421813964844,-2.2398505972054674,0.1706012767076037,-0.19379578240301082,0.856579727116734
-0.015784932229723297,-0.0038386049736610917,-0.012537518508018763,0.02052043722681576,2.9167479098646254e-08,402.24609375,43.77167572473671,0.3502248479400648,0.09489995142465622,0.15084315120596725,257.9396057128906,35.711524963378906,2.6347585464627534,0.18115255639585473,-0.23725661369908604,0.8575375185080188
-0.015127712415065594,-0.004644029628924906,-0.013431459495765186,0.020756174943703933,2.586823810712957e-10,444.89453125,30.90680187327352,0.29019170163670016,0.08057455423683943,0.14648474634652653,218.02093505859375,75.39330291748047,-3.0918175276160778,0.12023181493433772,-0.18396451203679345,0.8584314594957653
-0.016513709346601735,-0.0036471204202108976,-0.011498957812251076,0.020450675160284825,7.744569430201409e-09,296.8603515625,41.28295866131999,0.3706784598732377,0.09212104437814088,0.17533135040428027,220.06973266601562,36.78546905517578,0.6685730994195144,0.22441545408021643,-0.22269756465384638,0.8564989578122512
-0.014934689623839467,-0.0041115930255800626,-0.013197318821406179,0.020349923229394714,1.8889233233121416e-10,430.23828125,40.95753493280937,0.34260594951116646,0.08507268016398609,0.1556895141090453,288.2352600097656,94.18877410888672,-1.9559056768072012,0.08238617184107969,-0.3043722370250821,0.8581973188214063
-0.015253298034403506,-0.0044345001411189855,-0.013163585339665662,0.020630265907704216,3.7460315405191125e-10,450.6630859375,40.13478030920255,0.3179028138854051,0.09539883870025762,0.1417182467778758,211.18353271484375,22.004850387573242,3.001661493997537,0.1745658610317573,-0.18196749854007316,0.8581635853396657
-0.014872317849858263,-0.004781140361722905,-0.012930176228052814,0.020278920056901715,3.634560741261339e-08,445.453125,13.86212038395687,0.269851541050144,0.057982278711534996,0.15817757218253892,148.8860626220703,114.68447875976562,2.6099518563110857,0.06219947717521603,-0.10773001479462498,0.8579301762280529
-0.014715431185379643,-0.004553056549506218,-0.013753662667942312,0.0206503626045209,2.7834287652517276e-10,482.28515625,41.07025349147797,0.32809845524215,0.08628027168564296,0.14625950355350792,291.1927185058594,91.32877349853516,2.637470938989279,0.0680766669234285,-0.3158855276810507,0.8587536626679424
-0.015251228821870327,-0.0041515846849692895,-0.013099634794639714,0.020528908098738596,1.133987304058337e-08,361.388671875,42.90720999625149,0.3628581428638852,0.09103441860732504,0.16320627493855555,268.58935546875,57.83549499511719,-2.581147829858845,0.1763282291854362,-0.26477167935748086,0.8580996347946398
-0.015583785736765277,-0.0045784464187911544,-0.01219088670115731,0.020308477738609672,6.735712876348998e-09,388.259765625,28.879248362294433,0.2993607478295613,0.08130705500707598,0.15845205506668536,162.59713745117188,64.3076171875,-1.6864190838908306,0.14131402147831915,-0.16305642608956614,0.8571908867011574
-0.014394936659878288,-0.005155434079272964,-0.014843936482261677,0.021310447021990322,4.133404019057707e-08,364.31640625,27.935358863114,0.3109611088000446,0.0722781475799874,0.1733999724909875,217.5294647216797,95.48634338378906,-1.7014380994838472,0.10506428304282445,-0.20375143024917902,0.8598439364822618
-0.014784163024934495,-0.004514313430555583,-0.013516604569638657,0.020534096064572977,4.947246168285346e-09,563.2265625,27.870986991066857,0.26659594899619465,0.07710297754119963,0.1353840538836497,236.9652557373047,93.03219604492188,1.787056712120894,0.04186116083904968,-0.2284989130528564,0.8585166045696387
-0.015681759748615492,-0.0037140141047556363,-0.012612320036654356,0.020464166396181736,4.290993782518626e-09,354.7109375,46.75814397951264,0.3775723811481821,0.09599418256514305,0.15571045738110512,267.947021484375,32.626708984375,0.605456131894935,0.20821808084516047,-0.2797815503028686,0.8576123200366544
-0.01528567531592534,-0.004785032682702056,-0.012587603208614295,0.020371454591558577,3.1377038745006303e-09,521.376953125,22.219401087621552,0.25809540978443835,0.07629349604461014,0.13854892658614393,158.12310791015625,78.10150146484375,3.023319457841547,0.07791386107399434,-0.10441259398259695,0.8575876032086144
-0.014717771140182294,-0.004732361397303347,-0.013655722170261453,0.020627330891825047,2.4398245646040095e-09,518.87890625,9.449264571770389,0.2503366525934467,0.054781848628701765,0.14610754764702194,160.29412841796875,120.72107696533203,-0.2766545169343502,0.0221824630078939,-0.10459414168165643,0.8586557221702615
-0.015641640963793918,-0.004568425970668671,-0.012458943415623147,0.020512355274892626,4.646539153441154e-08,323.3515625,32.727861536211975,0.32562871437721835,0.08299998646652813,0.17023053037000646,168.31036376953125,59.41602325439453,-1.3196045021223397,0.17483502806833284,-0.10155734682201095,0.8574589434156232
-0.014647102423883944,-0.004868056597062409,-0.014268630249871461,0.021019738191887564,1.0131909533583894e-08,472.5078125,25.536783116480542,0.2816631610843127,0.06512438383561554,0.15382912173562246,230.9361572265625,120.9650650024414,1.4156382179588236,0.0398838925956208,-0.19816107643976513,0.8592686302498715
-0.014941495313446157,-0.004614221170459093,-0.013220374540756863,0.02047724645086684,6.8594809832234205e-09,436.0703125,22.78742235534426,0.2798600842671046,0.07326934625772455,0.15532054240722537,188.89495849609375,85.94828796386719,0.18280972639313703,0.08912387939945117,-0.14392858758866595,0.858220374540757
-0.015379675189316433,-0.003809738760636283,-0.012592787691569574,0.02023923961511687,9.784798749024048e-09,328.865234375,39.105109352945355,0.35945913059373014,0.08709941323061804,0.17631780184999069,251.06275939941406,65.36814880371094,-2.6762060459026613,0.14889351113199822,-0.2857641242040695,0.8575927876915697
-0.015292783364683704,-0.004142171206308193,-0.01304393143932614,0.020522449969127863,7.343021302119723e-09,401.140625,43.2633719745943,0.3439849082070874,0.09296346386701751,0.1487204323620528,259.54937744140625,45.703433990478516,-1.8279485663207637,0.1746983405213055,-0.2438810527578448,0.8580439314393262
-0.014778550709421107,-0.0046123522360169145,-0.013796257784526866,0.020736829147127087,1.2338309929305069e-08,400.857421875,47.0009367521344,0.36889672251888456,0.09468284763260576,0.14961334766707757,290.5555725097656,49.319252014160156,2.7123637591677,0.16842101543331583,-0.3045173534218362,0.858796257784527
-0.01469879131258625,-0.004723139524578077,-0.013747018423521329,0.02067227681113591,5.101667532869669e-09,628.70703125,7.520590406562105,0.22896655720189935,0.05784701867120615,0.12784889426727297,160.3724365234375,116.24162292480469,0.7594571632036907,0.0025682824697833406,-0.11976739676583929,0.8587470184235214
-0.014945004778389531,-0.004509104990184254,-0.013585515656506342,0.020694236668497085,9.659383293225687e-10,425.42578125,49.725622836617674,0.3737858839236647,0.09960570533490287,0.14104948783197901,284.5303039550781,16.38511848449707,-0.3931409594353566,0.20817908077201122,-0.26960474899188286,0.8585855156565064
-0.014766476167880828,-0.00463169098376022,-0.013577704124113743,0.02058774949011216,1.1545699951653887e-09,604.9921875,11.943471218839706,0.2353087920678647,0.06107625697317688,0.1307459044676469,184.43734741210938,112.43885040283203,-0.8140958537067372,0.02004803204748811,-0.11700593945279743,0.8585777041241138
-0.014824260951066648,-0.004289148843740154,-0.013377625795625625,0.020423427295066444,4.919584739582206e-09,449.6875,39.10937714223065,0.33365809797567386,0.08335111909607604,0.15561598982438163,284.96295166015625,98.46914672851562,-0.9640617533547887,0.08099348889422268,-0.28555241703458006,0.8583776257956257
-0.014799853586477042,-0.004497074439574672,-0.013262543397062676,0.020375338084439334,2.769315443629239e-08,436.68359375,20.521368813396503,0.28409269757269495,0.06280478145025757,0.16241751537192295,213.28900146484375,115.79346466064453,0.14615444207410375,0.05492068294982317,-0.17527894262730018,0.8582625433970628
-0.015743547830325222,-0.003174767689820779,-0.011990147080118807,0.02004250670881638,1.325185561285025e-08,315.91015625,43.816820642592276,0.3853307691719983,0.09056563624821083,0.174904650618406,271.9117736816406,60.86250305175781,-0.7730360203419041,0.16716875292011865,-0.3280016084592711,0.8569901470801189
-0.01705476418396787,-0.0014470321221071725,-0.010819390656452876,0.02024890361254414,3.2627286827846547e-07,289.30859375,51.44528789588751,0.45088976012056164,0.09731162112135024,0.17569073111218148,307.5975341796875,39.86281967163086,-1.398539890088792,0.21900212191038196,-0.3842403288104067,0.855819390656453
-0.014795675755944038,-0.004501479363761468,-0.013382141764486044,0.020451333837728097,3.419127758697016e-10,509.32421875,23.2138686347575,0.2682141950875342,0.0676909454429837,0.14429400983676666,221.86361694335938,109.71297454833984,-0.3503374642822346,0.04727629891099058,-0.18155428408682436,0.8583821417644861
-0.016278056701757776,-0.004360891187557059,-0.011864301516688158,0.020609564585751028,1.4666944991859054e-07,294.9892578125,38.210610171983596,0.3537831506258376,0.08951936978216742,0.17331868269766593,182.28439331054688,40.422000885009766,1.3237586051200079,0.22413515162483427,-0.12923847753063203,0.8568643015166882
-0.015052337688798212,-0.004277428904860131,-0.012983555116459544,0.020333272520573042,2.263594200968555e-09,449.765625,30.751773909114988,0.2964122387554255,0.08064870566742793,0.1525727869920086,232.2154083251953,80.21743774414062,-0.42851960218767127,0.08883281126697687,-0.2068291650356451,0.8579835551164596
-0.015172051198557385,-0.004120318555480729,-0.013131958352395667,0.020484542775940588,3.651933866422041e-08,444.279296875,44.5841023509689,0.3394704235650294,0.09274839851237594,0.14324482482064094,280.08282470703125,54.62576675415039,1.49072818190647,0.12713755599822327,-0.30304700274038493,0.8581319583523958
-0.015345058882456145,-0.004476546773305057,-0.012568841356073945,0.02033435703812119,3.085484934217675e-08,394.78125,27.242140070286197,0.29706394512091716,0.07960496929882657,0.1604587271693132,181.08572387695312,69.64155578613281,-1.4316767284576595,0.12099747328568106,-0.15723025043188613,0.857568841356074
-0.015187610256462786,-0.0036598861446857645,-0.012701759666005175,0.02013437286103623,1.1646970055068095e-09,385.640625,43.187349489931854,0.3674532987305703,0.09122087729081763,0.16594941260357476,285.9311828613281,64.63531494140625,0.5836329715549992,0.12959129660666974,-0.3316295022711047,0.8577017596660053
-0.015879547908746294,-0.004712031876470582,-0.012463233330956114,0.02072909721268389,3.8589504924857465e-08,380.78662109375,40.925802393174706,0.3335313955987447,0.09536923895116432,0.15039150062784246,161.45135498046875,17.70246124267578,-0.5150144169925995,0.20190019373195306,-0.12129547438212403,0.8574632333309562
-0.01470655822698111,-0.004626886946353159,-0.013761586989467167,0.0206657255901309,8.73971339743207e-10,494.0546875,27.400820556054107,0.2909866409459088,0.05849126155205019,0.15592028159711557,246.4188690185547,151.19635009765625,-2.621283684046386,0.006110512595123853,-0.23441700834308668,0.8587615869894673
-0.014865246252244183,-0.004484488438256551,-0.013369526949419286,0.02048976411635734,1.1888795725667478e-08,479.2265625,26.818293769745974,0.2776086229220415,0.0759475836612787,0.14539037284027456,217.75704956054688,87.4012451171875,-1.1379487131693915,0.08524477617927269,-0.19471339765076714,0.8583695269494194
-0.01490660276590301,-0.00470548316912249,-0.012992673315308845,0.02032628686587053,2.635085216695643e-08,541.28125,5.7316572926021925,0.24915819628844696,0.04322597366500206,0.14586758281088752,177.77163696289062,141.51211547851562,3.127051331966492,0.0011177824325856022,-0.12078869980108596,0.8579926733153089
-0.015183854919113796,-0.003191882290774828,-0.01203118503516587,0.019633822249201946,8.630751224814048e-09,438.296875,38.9778107011074,0.3349263892909232,0.08203094994705527,0.15684965324615718,283.7745056152344,104.07189178466797,0.7433546897733245,0.06979330115448804,-0.2910365813742102,0.857031185035166
-0.015325635445521624,-0.004668055040460917,-0.012983303366338905,0.02062115433170967,8.675198159835418e-08,402.515625,28.08440002478143,0.29189242340443206,0.07878622366534399,0.15408320019077715,179.94569396972656,71.44721984863281,3.0851859619650757,0.12410784832163596,-0.13712130090103122,0.857983303366339
-0.01491612375504378,-0.0046553975626402455,-0.013609806433478755,0.02072173509865373,4.603523340307447e-09,479.9375,36.517194881275685,0.2976187036309088,0.09306870280744033,0.1387683715216429,187.1708984375,29.076770782470703,-1.1106507656556552,0.15987725460218025,-0.164515349414479,0.8586098064334788
-0.014683743231772566,-0.00467332858701329,-0.013056482483509324,0.020197129752046652,3.703488349326989e-10,436.671875,2.440090751242332,0.2754062822386442,0.040326458116969485,0.1715813489551653,163.8457489013672,143.97760009765625,-0.24649921655184026,0.017917824643663517,-0.09733164889642847,0.8580564824835094
-0.015750090904278702,-0.004182379962865329,-0.012106769988927013,0.020301023255284545,1.642957592196126e-08,319.791015625,32.77928485415815,0.3275883585085089,0.08047079948352151,0.17384940032003227,198.74554443359375,69.45520782470703,-2.706944649187187,0.1647573900091087,-0.17063228485139173,0.8571067699889271
-0.015736890301658757,-0.0033970631657010975,-0.012640768458342944,0.02046897119387397,5.300821825926505e-08,340.2529296875,50.0665894129487,0.40525987203690644,0.0979497568520075,0.15812812054563408,288.2929382324219,27.97451400756836,-1.350195594303672,0.21225320110982718,-0.337048855772686,0.857640768458343
-0.015950847422404546,-0.003395472109232356,-0.01224076903874216,0.020391056642489944,2.0273368761536403e-08,417.140625,46.85232518892521,0.3656659502070411,0.09794127955336665,0.14719715175718306,273.95880126953125,23.74775505065918,2.1712768563060894,0.1834227457275131,-0.27423313204829924,0.8572407690387422
-0.014654708969966117,-0.004613591104788067,-0.013480097686887405,0.02043914752441041,1.3366096140998707e-07,418.84375,8.43962522463993,0.28174185470299495,0.043620303700356314,0.1746392190798659,183.3995361328125,141.2067108154297,-0.5145245762667678,0.031627399396910706,-0.1386474155166883,0.8584800976868875
-0.015425516693709368,-0.004564458507141156,-0.012991965343451373,0.020677814444876933,1.479514821767225e-07,352.5283203125,40.931166669805926,0.3405167889635195,0.09400829732268978,0.15631372886662465,187.25218200683594,24.52130126953125,1.828341461054103,0.2200530780128825,-0.1366841501869772,0.8579919653434515
-0.014830656698215691,-0.0046002439278415574,-0.013622387275558756,0.020656235314821483,1.6333798313894476e-08,396.98828125,31.263772968905915,0.3072447123670909,0.07541651850997419,0.15998886027657122,232.6824188232422,94.35081481933594,-1.2230632274657476,0.10454146205412669,-0.2225494586326169,0.8586223872755588
-0.014845110664875663,-0.004651149475428357,-0.01363504737764476,0.020686348616558697,4.946766996027918e-09,462.990234375,26.500804516367886,0.2784346209287154,0.08162194136164568,0.14827722035248192,167.6187286376953,64.3506088256836,-1.6839505255954768,0.11317236762291018,-0.1422377456024349,0.8586350473776448
-0.01478546871523273,-0.0047043113146360005,-0.013776738263327815,0.020749437275511325,5.374758860199336e-09,403.982421875,29.296224231404405,0.2975726146319678,0.07991707519823982,0.1575799096006275,202.3071746826172,72.5162582397461,2.8204486344340185,0.12750381360307667,-0.17869286282362148,0.8587767382633279
-0.015031940212374528,-0.004373909625880162,-0.013333103940062818,0.020563607967481974,4.375267437239927e-08,418.841796875,38.491907881558404,0.3247395107599754,0.08970257461667092,0.15279767964341284,245.244384765625,54.4095344543457,0.41022156494825307,0.14428001816188418,-0.23875331265227842,0.8583331039400629
-0.014867141258617204,-0.004144395812176599,-0.01290732257167615,0.020119813165657516,1.039510966194257e-08,485.47265625,29.839123729818724,0.29034303988806626,0.07402265257991437,0.14954299588667075,248.11026000976562,107.45762634277344,-0.9872244814667515,0.042573055242825446,-0.2475006025691737,0.8579073225716762
-0.015912921033874122,-0.0044286114222517325,-0.01218596712703568,0.02052635987652965,4.8517524220415e-08,428.5126953125,36.72478429913129,0.3090148901089825,0.0920942478397837,0.1445788067197752,184.46311950683594,32.41543960571289,-2.1317437070468643,0.18631056866457504,-0.132514939638173,0.8571859671270358
-0.015498729551137236,-0.004113345457868844,-0.012534919357428231,0.020353241310717415,6.083469727968804e-09,407.025390625,36.993539234999645,0.3191915199261857,0.09035174239541051,0.15266745056309328,217.87957763671875,43.970176696777344,-2.0443068641987754,0.15218297770047567,-0.19445559117261754,0.8575349193574283
-0.014698443666363713,-0.004379701320673723,-0.012650418923826012,0.01988112493849063,2.0623515339934784e-08,442.91015625,12.794236116431598,0.281237861719825,0.045987581753618015,0.16994060907308817,200.99246215820312,144.20513916015625,-0.7185274304875849,0.01841229949099254,-0.1568722085063615,0.8576504189238261
-0.014893241161001602,-0.004737127048836248,-0.013566023149267581,0.020695071612416138,7.421250280970071e-09,386.4453125,34.99732625708242,0.31018604366992675,0.08798392043130378,0.154178077857951,175.14849853515625,45.89473342895508,-0.69650542375913,0.16371824192693793,-0.11317565705161381,0.8585660231492677
-0.014870339031011176,-0.0045212966767355645,-0.013566229413817243,0.020630358383813757,1.177342667801895e-08,463.08984375,37.58957924358923,0.3080418711528258,0.09030306243179279,0.14289838305080826,237.1134033203125,49.408790588378906,0.1885450183337739,0.1356307404095568,-0.23313936531744425,0.8585662294138173
-0.01545993679367652,-0.004069535550811604,-0.012969915602659698,0.020586147672741206,5.510521483564901e-10,426.4599609375,44.38865959531333,0.3460810107519423,0.09728743255627934,0.14528297320193728,248.5884246826172,20.10745620727539,-1.112883446232767,0.19081515346504938,-0.24704439050470253,0.8579699156026598
-0.01571174355245028,-0.0024840354764963934,-0.011765000528654257,0.019784957799947173,8.318499311599226e-08,332.265625,47.98558395281864,0.4118949559928146,0.09303576213928837,0.17216482507958364,306.7271728515625,65.06549835205078,-0.994327190075402,0.14004477337695898,-0.40227485839692595,0.8567650005286543
-0.014749520455717036,-0.004439882626112918,-0.0133936642309751,0.02041203451249719,3.445695995196729e-08,449.4765625,25.419132001112626,0.293105028644948,0.06297629232216925,0.1614029628691872,236.28738403320312,128.97055053710938,-1.7940906761331872,0.025860700111182508,-0.2266361301269435,0.8583936642309752
-0.015626125891102738,-0.0038204952442549844,-0.012692640992531756,0.020490854780639674,1.8587125172331298e-09,369.435546875,44.937047622323355,0.3637555409689358,0.09322889885667345,0.1549681830375056,269.85833740234375,48.29936218261719,-2.432483694005695,0.19625357363643914,-0.23832498729742627,0.8576926409925318
-0.016106331492380305,-0.003070234051545384,-0.011671024121845064,0.0201259299245128,7.298171400549336e-09,315.12109375,42.48213159769148,0.37411028202208546,0.09050812799573696,0.17146784702253126,255.33547973632812,53.44327926635742,-2.751085751904834,0.18750032705033895,-0.2949038481062068,0.8566710241218451
-0.014620869223454,-0.004901424424786319,-0.014159789373605625,0.020935458278865334,8.824010855335018e-09,622.123046875,31.672282338539613,0.2555900212373711,0.08947308654009098,0.11964532011980977,173.27706909179688,42.721641540527344,0.04544106974035272,0.1082227761218857,-0.09343893815449873,0.8591597893736057
-0.014849865529848238,-0.00443025826233015,-0.01335987044960063,0.020460494445531652,2.325997616736686e-09,472.8359375,28.842665889862285,0.28653268765553075,0.07369077247602256,0.14838397404817893,236.78817749023438,101.46792602539062,-2.6571035904197364,0.07035068337289015,-0.23140392990968714,0.8583598704496007
-0.014970362248214991,-0.004853966557938488,-0.013673714306685625,0.020848098237710437,2.6452875445670543e-08,301.98046875,39.06238430633673,0.34568636736697006,0.08912591055492554,0.16849123834914448,146.5386962890625,41.14773178100586,0.0016633769312206267,0.21326446052212883,-0.12624173757150742,0.8586737143066857
-0.014769143948522592,-0.00465959792886339,-0.01347762510372863,0.020530120415319188,2.851366964762292e-08,478.80078125,16.133676731490752,0.2618651697544309,0.06598569731663813,0.15023061350910405,163.64804077148438,99.62589263916016,1.1940010056708037,0.04990439479704993,-0.09943505974662434,0.8584776251037287
-0.014937449618698528,-0.004654717743293624,-0.013362786041836605,0.020575661573344187,3.4525402980989384e-08,396.380859375,29.090240308827372,0.2948985857009123,0.07981021474995509,0.15549538267128316,181.98245239257812,69.03224182128906,0.11102731237704888,0.12426772675611965,-0.15908335923488062,0.8583627860418367
-0.015066244793807554,-0.004666378200999355,-0.013319869195406842,0.020644266348902866,6.817224118549348e-09,328.80078125,32.97018906817054,0.32237035367225036,0.08273233459535702,0.1675752186344125,152.53244018554688,60.19837188720703,2.9727276046086226,0.17950093649055326,-0.0969747837940769,0.8583198691954069
-0.01478421424108492,-0.0045628304967316735,-0.0134771387669117,0.020518910356322455,4.9620961561913646e-08,450.05859375,21.775402350230742,0.27718110303673826,0.06649018769191778,0.15584187459639087,207.634033203125,106.50889587402344,1.2273076091125965,0.06763463030272623,-0.14937976204644624,0.8584771387669118
-0.014812056995195874,-0.004473897504171653,-0.013657273792931246,0.020638166555240582,4.473931269899367e-08,524.0234375,42.85691593076368,0.3267337719441659,0.08708356106522845,0.1386718551655418,304.0082092285156,96.6529541015625,2.7743183271220637,0.0613783081313097,-0.3082977439701699,0.8586572737929313
-0.014728576467642834,-0.0046982372464545175,-0.013786923642640336,0.020714334686761482,4.529726282953561e-08,591.50390625,35.18060708475344,0.2732120344041666,0.09386591913257561,0.12368626916333969,172.88360595703125,26.2789249420166,1.6997931613445842,0.1316220959851252,-0.08720493610788124,0.8587869236426404
-0.015008922165841418,-0.004725269348528863,-0.0131981091621578,0.020537429256181648,2.0777399800664398e-09,502.5234375,26.94716759401535,0.2715520604691288,0.08343560606830121,0.14101668491400976,152.98785400390625,60.240257263183594,2.341300569016836,0.09753153084517031,-0.10885420818182596,0.8581981091621579
-0.01486088799511169,-0.004699980691211622,-0.013300306287565289,0.020489850117657415,4.953741861157823e-09,478.75390625,16.408803882691483,0.2612842703678823,0.0651783626353658,0.14896346985488473,163.1234130859375,101.04122924804688,-0.7852818556676083,0.06583475690446323,-0.10479064831196698,0.8583003062875654
-0.015953224344587263,-0.004559556808691981,-0.012305478885799692,0.020657195741176564,2.1135018180018506e-09,372.888671875,38.77355293358486,0.32963397782895393,0.0931014999304618,0.1540084043411568,174.23287963867188,27.54952621459961,1.46803257800956,0.19477014309767607,-0.09890737390566619,0.8573054788857998
-0.01608298435001651,-0.004921794028087373,-0.011931740252416723,0.020621660154045166,2.8470442003936114e-08,408.888671875,36.18012396788299,0.312834904075268,0.09094206278591926,0.14935682106588644,137.8378448486328,36.66433334350586,-1.2915087174825053,0.1768832090396233,-0.09917191162271827,0.8569317402524168
-0.01527308328205465,-0.004599207477464659,-0.012979536365685718,0.020564244372928028,1.0413748974258397e-08,356.646484375,29.690779153857584,0.30947020388110985,0.08029585123224757,0.1646151230685028,174.32577514648438,66.92406463623047,2.6607349998612015,0.15972808278497275,-0.12287950385877804,0.8579795363656858
-0.0163917846504128,-0.002939951154953435,-0.012062010943151735,0.020562733884669445,9.554456426030811e-08,362.31103515625,51.21726778977489,0.4137977847639405,0.10033950473477657,0.15591751301177859,294.01690673828125,13.278024673461914,0.8444280325303023,0.22254618729810957,-0.3273091917823283,0.8570620109431518
-0.015233098277891627,-0.0046126005824533994,-0.01326412039964786,0.020718596893938276,1.808470706521348e-08,408.33251953125,41.12834022544616,0.3278395220040546,0.09617437112027595,0.14608702074029045,177.02716064453125,14.69761848449707,-1.2680868885175254,0.2106208109967275,-0.10759671116044768,0.858264120399648
-0.01481742619767896,-0.005117568589102589,-0.015119929359794115,0.021779758750569214,8.66581562064539e-09,545.75,19.119883230755907,0.2571943199406089,0.05530239990635245,0.14305737141770358,215.54983520507812,135.2388153076172,-3.0710480278821373,0.010082352210175722,-0.1598025813449242,0.8601199293597942
-0.014765053270845312,-0.004736280195438064,-0.013784661346168625,0.02074743445848556,1.5494423452611095e-11,473.2734375,6.750697438767881,0.2639887023541311,0.04287727592971918,0.15956844312174567,163.40740966796875,140.17532348632812,-2.5315350803992076,0.025226363664359992,-0.09365777454013435,0.8587846613461687
-0.01631666230323739,-0.0036338403536539943,-0.011933472199673778,0.020538890504944982,7.454998751654784e-08,329.80859375,44.552889127748294,0.3720056059543068,0.09547382205411832,0.16172437476874524,237.78640747070312,26.099390029907227,1.77101873350155,0.21733537613029874,-0.23503472672107667,0.8569334721996739
-0.014763349070024787,-0.004550701152716663,-0.013516762374278457,0.020527255584404075,4.177667545235408e-09,451.1875,17.477841105204902,0.2782426536795864,0.05584231742055646,0.16298203729250604,209.20233154296875,129.07260131835938,2.76722631161793,0.029173048872163154,-0.1780611625421731,0.8585167623742785
-0.015267967602375976,-0.003904111350650691,-0.012304628672277662,0.01999391924831446,2.4154163114076255e-08,386.83203125,31.27480959658949,0.3160966907432941,0.07843571649451092,0.1665447728298176,234.15972900390625,86.6436996459961,1.0091760793955042,0.1089612123040926,-0.21751569615551675,0.8573046286722777
-0.016022879921650413,-0.003541491260399404,-0.012145076137614286,0.02041513447713635,4.987994906002768e-09,403.349609375,43.95251252619289,0.3549312793465182,0.09644676309854658,0.15224890387434253,253.06051635742188,25.486286163330078,1.7652707053826344,0.1835027815379911,-0.23829132490611038,0.8571450761376144
-0.016020050508110895,-0.003376169802482898,-0.01230911344677188,0.020483037242145556,1.9540717488553128e-08,355.107421875,49.08781973079087,0.39242910759280775,0.09758382080067772,0.15487643125801764,282.1578063964844,28.627655029296875,-0.7666106635087331,0.21224928116130654,-0.29483523536861855,0.857309113446772
-0.01603716347660991,-0.0035782800080434995,-0.012169296766456394,0.02044716322577684,2.5468153808105853e-08,359.439453125,45.080895177608795,0.3756431410763314,0.09657271202020212,0.1627861485075378,257.2869567871094,26.258464813232422,-0.7686729916327887,0.2107790748741305,-0.25020883579757336,0.8571692967664565
-0.015527268392627108,-0.00418714755152283,-0.012475993698315091,0.020353837159496443,6.308341227168057e-08,403.869140625,33.733845095994475,0.31092399308099095,0.08572616355831846,0.15615498205781564,217.677978515625,59.8896484375,2.6532149523750137,0.13760467156785272,-0.2017662034136438,0.8574759936983152
-0.014374392684968151,-0.004968019764066828,-0.014423294208854687,0.020960338768087828,5.650323586792183e-08,315.314453125,42.15308457581512,0.3586621420663392,0.09384619674735567,0.16349994321166295,200.58424377441406,26.248626708984375,-0.05213058583048588,0.22705616480280166,-0.1974451259707451,0.8594232942088548
-0.015071047427121842,-0.004707207778595235,-0.013405917763316899,0.020712626745496066,2.7502540689283705e-08,370.23095703125,42.468597804602595,0.3376728826278469,0.0956403896562951,0.14722708428882458,144.16317749023438,16.58854866027832,0.46654552148572564,0.22417789735989532,-0.08932299810425606,0.858405917763317
-0.01522913072794975,-0.003413088437104861,-0.012463769338144859,0.019973010327012854,7.573535043547963e-08,384.921875,43.34541961258157,0.3692431129333963,0.08906914651730873,0.1643047626293591,293.10546875,78.25694274902344,-3.130195431868716,0.10419424914879623,-0.3523919570331924,0.8574637693381449
-0.014787052200568238,-0.0042627870914206945,-0.013246609372701612,0.020305194567943913,1.2415010353095113e-08,463.38671875,33.07890075083161,0.30659247593922717,0.07434892726909915,0.15471101916191543,262.62060546875,115.99826049804688,-1.2334664189111808,0.035173450370685796,-0.29129910494112615,0.8582466093727017
-0.0156577493812107,-0.0033842146856202238,-0.012405442119189036,0.020261120869678486,1.1224299711898311e-08,398.677734375,46.48620234974401,0.37131840251125275,0.09534862755695217,0.15352222368909685,287.7684326171875,44.6242790222168,1.3218362257158192,0.16619361061277232,-0.3131592824564517,0.8574054421191891
-0.015063854681334171,-0.004266927985411451,-0.013214735309411085,0.020487938441698737,3.0723854571590437e-09,491.6640625,37.83760376426346,0.30632563943512653,0.08864305153263674,0.1407753795559631,257.630126953125,63.58049392700195,-2.7809151631255884,0.09244003518962379,-0.2746893107997579,0.8582147353094112
-0.014874369700558172,-0.005176305411327742,-0.014434538600396007,0.02136344813709964,4.316868285059172e-08,501.8359375,32.97239878536807,0.30244624815285615,0.07029657263587961,0.15297692802334595,269.3671875,134.9530792236328,-0.1402162681293964,0.0025823490111845857,-0.2881939702722674,0.8594345386003961
-0.014762503720326267,-0.004722492978395484,-0.013602180943582787,0.02062165809156985,1.687052808563294e-08,464.21875,16.816489076954067,0.26494997407508547,0.06341075681014409,0.15112617096295566,150.64447021484375,104.74280548095703,-2.81638905710572,0.06321132941422127,-0.08564590859262754,0.8586021809435829
-0.015050380287952275,-0.0046733937080217225,-0.013165971916930586,0.020535271414801517,1.1061051630179008e-08,389.74609375,28.06474110672242,0.2944245185840554,0.07843550597348851,0.1570373020915049,163.6331787109375,71.44164276123047,-0.32669666653332696,0.13925183048910877,-0.10268739950921688,0.8581659719169307
-0.015258900867642741,-0.0042117033469631915,-0.012279416508796936,0.020033885558420367,7.900695209173136e-09,421.6328125,24.62474434738679,0.2903662464243984,0.07487946369283671,0.15961122287368867,205.3052978515625,86.3480453491211,2.035500122647546,0.10103645397883475,-0.14209074053579826,0.857279416508797
-0.014820829506430322,-0.004502546628631254,-0.013513824022410748,0.02055610257588632,5.221998478077694e-08,430.93359375,28.647371355218887,0.29740965879037284,0.07547495519079653,0.15890107150439015,231.06204223632812,93.59443664550781,-0.4287838956580397,0.08553744621591151,-0.21759624384911783,0.8585138240224108
-0.014734293610453336,-0.004621428338163286,-0.013816969459386819,0.02072114024674928,4.76366146529017e-09,516.953125,36.93034716613325,0.3016941740433862,0.08494914245354605,0.1409500514363159,268.35919189453125,83.77825927734375,2.576469475190863,0.07902483633654461,-0.24273334759152101,0.8588169694593869
-0.014888834350207172,-0.004445927531827765,-0.013487329480300847,0.02057551254370995,1.247364544987306e-09,543.96484375,36.96306576959782,0.2961088710013314,0.09138209075932441,0.13704990340596368,249.3704376220703,49.71706771850586,1.869769967396805,0.10319698388852627,-0.2610225590725234,0.8584873294803009
-0.01486807006893924,-0.004454636702107828,-0.013467214838848052,0.0205491890652245,1.7853670541967404e-08,439.56640625,32.45504897607398,0.30275628618934236,0.0807426707312833,0.15413067696305904,239.51597595214844,83.51416015625,2.604434938909553,0.10053749583291569,-0.19730847644104818,0.8584672148388481
-0.015056219078076138,-0.004664170134895659,-0.01349808481279835,0.020751927852317095,5.3358704121819756e-09,401.453125,39.349613507309805,0.32317493782393103,0.09433200403554878,0.14871316870520157,173.63470458984375,22.66771697998047,2.6379562598775377,0.18366902421092052,-0.12470711007197587,0.8584980848127984
-0.01466616881454004,-0.0050701820470390735,-0.01439304765610816,0.021165138188013438,3.8756105880111136e-08,469.765625,32.935865578882726,0.2981982255631152,0.07741265691996825,0.15022299686395257,252.90151977539062,100.27384948730469,3.10457222274229,0.06581557248806694,-0.2338059114963489,0.8593930476561082
-0.014614807230279359,-0.004668507499835911,-0.014034366263981468,0.020793051461626095,1.679162942025414e-08,412.1591796875,42.04087865438582,0.3308458619876202,0.09555506445064137,0.14566138310694499,218.31617736816406,21.833656311035156,1.9057712923989527,0.18007520187963688,-0.23686128511541896,0.8590343662639816
-0.01483265516083121,-0.004581023071197093,-0.013692982734501591,0.02070002917066378,1.612885824897603e-08,608.02734375,39.08112159788284,0.2897573499862979,0.09623682404927036,0.12623320081994283,234.18292236328125,23.5202693939209,-1.7216529395608582,0.12626092437796255,-0.21224364850686775,0.8586929827345017
-0.016076362844939324,-0.004485057606262582,-0.012106102170911015,0.020618508525743946,2.4113729679697826e-08,345.58203125,38.65687545663484,0.3355486574188259,0.09178578473866848,0.15920273102872506,173.6156463623047,32.14451217651367,2.3143237521826125,0.20422786506277876,-0.13097096851483514,0.8571061021709111
-0.015619031592360527,-0.00426210633020932,-0.012209950726427055,0.02027813095418173,4.7210420461851754e-08,392.796875,31.982169761705332,0.3104122087658435,0.08643423726070179,0.1613220160838117,191.59925842285156,52.440574645996094,1.1672356379605044,0.1468862151734156,-0.1372916090897467,0.8572099507264271
-0.01602109635274368,-0.003398100791043024,-0.012301002121305915,0.020482608977333838,4.250363616620234e-09,320.685546875,49.01332356834759,0.40148990611802887,0.09675837977492163,0.16027234305347304,276.6282043457031,31.451263427734375,-0.9636266311398805,0.21913827359184015,-0.2955652721803244,0.857301002121306
-0.014701938830075284,-0.004614129010713258,-0.013800604898061009,0.02068559613458521,8.078021807023106e-09,532.296875,36.75457051007956,0.29803781353521497,0.08449505069693213,0.13781634854354363,269.29443359375,85.92111206054688,-2.6768759037684835,0.07637715718038954,-0.23346769983034757,0.8588006048980611
-0.014713414357193325,-0.004733391177088486,-0.013963936829363255,0.020829812429694353,5.4503271229577877e-08,380.759765625,24.32522080689359,0.2923127285872856,0.07159155792745293,0.16578090557567982,150.2194061279297,87.47452545166016,-0.30512786750340837,0.1128581405886201,-0.08767990749158958,0.8589639368293633
-0.014811055397748699,-0.0044382356104986365,-0.0134157881356477,0.0204706782650225,4.598024183621874e-09,401.81640625,29.614613876971593,0.30634805598816456,0.06989901267683912,0.163264627387683,236.91390991210938,111.33857727050781,-0.271535634210515,0.07632831260800457,-0.24392257593879038,0.8584157881356478
-0.016641405782980512,-0.0027999985332920474,-0.0114817641800542,0.020410959970237327,8.674576612577312e-09,332.46484375,47.27093384490962,0.39396070200493777,0.09630050210983045,0.16402265111675252,272.86383056640625,32.71311950683594,-1.4514372337966817,0.2103469636908807,-0.30907884728759005,0.8564817641800543
-0.015826459121403486,-0.003674383888376709,-0.012752449293131685,0.020654366808365555,4.4208988470018085e-08,379.06640625,49.40747725959618,0.3907642034512102,0.09962090201595063,0.15112947163970236,277.9068603515625,13.59027099609375,-2.3064128996206463,0.21189267028030917,-0.28920871021614847,0.8577524492931318
-0.014699666701565445,-0.0036303570824174902,-0.012504638361898524,0.019637354054068357,1.1173288072541254e-08,476.109375,35.004598107498914,0.32687579580411946,0.06967891369409844,0.16329892737509633,280.8382873535156,150.54412841796875,-1.0050668164030272,0.017702248386787953,-0.26116162980145735,0.8575046383618986
-0.014696207698511923,-0.004609126126726121,-0.013659316677887223,0.02058639105031959,2.7393878276882333e-09,554.515625,16.56010692274212,0.2545896640176818,0.05019106445917093,0.1423127999865026,211.1217041015625,142.73989868164062,-2.134384878106859,0.0007823430373834397,-0.18118367368295216,0.8586593166778873
-0.015583271939260068,-0.0033361329182164945,-0.012605499972037193,0.02031912342415311,1.0946377138054686e-08,392.384765625,49.62310546719339,0.39856802363526683,0.09845015987318385,0.15653065062768245,303.81805419921875,30.821212768554688,2.2085715515643027,0.17197868510944314,-0.34813855676750216,0.8576054999720373
-0.015023322614797413,-0.0042944791495464485,-0.013478940619699786,0.02063551825817722,8.794045491811175e-10,453.58984375,49.54371184726713,0.3750355145135222,0.09951467649629475,0.14283121324031922,299.31097412109375,21.937240600585938,-1.426384673628461,0.18207918423739622,-0.30457941394509325,0.8584789406196999
-0.014691487955273865,-0.004523434169942719,-0.013676303375802834,0.020575289768476127,5.970289151946417e-09,521.765625,35.01560624474332,0.3035523392314332,0.07219316288984606,0.14726611397229084,276.7272033691406,136.589599609375,-0.9797063348218727,0.011912373818480567,-0.2597272466682722,0.8586763033758029
-0.014808891912354329,-0.004698969992208132,-0.01379447032176917,0.020776693916926155,3.8789046641340974e-08,444.0234375,10.352365649378598,0.27024358581944324,0.052892092232334355,0.16290202390073782,174.06472778320312,123.5934829711914,-0.08432820552359276,0.043655099068713434,-0.11441885020614144,0.8587944703217693
-0.015427718352718334,-0.004237139738547835,-0.013057552951292295,0.02065109042667204,6.035039135099396e-09,395.515625,44.82770075358379,0.3515132431590287,0.09660508020561644,0.14791511768603938,245.22817993164062,23.05540657043457,2.2312013971967395,0.20552495377364813,-0.2135041417460637,0.8580575529512924
-0.01484796137956107,-0.004829341568640261,-0.013939498512753001,0.020930697931568765,5.500986333117908e-10,393.9033203125,41.740337190113785,0.3396347333023896,0.09610149875211985,0.15321749148595576,211.3804473876953,18.704469680786133,-1.5167314388467559,0.20443475212763912,-0.16809973831805924,0.8589394985127531
-0.015120988670736746,-0.004374514105614985,-0.013211666167219471,0.020550639769963977,3.727166131284321e-09,475.9619140625,41.496382031710574,0.32026364481453606,0.09484470069982623,0.13914731027186777,245.53167724609375,32.782344818115234,-0.7308026815915959,0.1618349716603665,-0.1921249282582532,0.8582116661672196
-0.015171363065315399,-0.003502448661276747,-0.01241385437547915,0.019913341867705138,8.220640523859402e-08,380.97265625,39.579413009034475,0.3526389723162754,0.08005098290464575,0.16853366278678839,281.963623046875,109.46674346923828,-1.6554449896895855,0.07999726365140832,-0.33977505160853544,0.8574138543754792
-0.014749699496560575,-0.004622292883467161,-0.013765611286420398,0.020698098483392505,1.0521714610689514e-09,558.046875,35.87457619116823,0.28669221968494407,0.08702039716629015,0.13269219657729148,255.5494842529297,70.14244842529297,1.9176627216071722,0.09307636398080527,-0.22040641226185032,0.8587656112864205
-0.014834245094944631,-0.004481519869589695,-0.013521152403653813,0.020566001317739172,1.5855837753875335e-09,419.11328125,33.70314814281552,0.314043516158644,0.07776112555124956,0.15920990662480639,252.01043701171875,98.3398666381836,3.0026124559778737,0.09549195144441326,-0.2293569465538118,0.8585211524036539
-0.014716957109998168,-0.004720313416250788,-0.013665846773735946,0.020630694447070653,5.5536775178666176e-09,601.65234375,9.846038100686183,0.23514664952019357,0.06283175095293528,0.13215132703055987,156.406005859375,107.19683074951172,1.2397347719040088,0.009911980709090914,-0.1009485386083129,0.858665846773736
-0.015036159001507718,-0.0042814441307234,-0.012376923962689634,0.01994003731544473,1.817234540624213e-08,411.39453125,20.402041717209485,0.28909312637784895,0.06468518522575593,0.1660708694665537,205.69876098632812,108.7291259765625,2.004661333398084,0.08341327069280254,-0.1537435029990665,0.8573769239626897
-0.015725058837937317,-0.00361597703119515,-0.01281628838861748,0.020606067393050344,1.3255804454104236e-08,319.580078125,51.97591679710877,0.4289511182700005,0.09980091576827751,0.1634592814300908,292.341796875,16.217708587646484,-1.9631550294957112,0.22288527321232138,-0.3628029320176643,0.8578162883886176
-0.014884540671242091,-0.004236735629283117,-0.013143207797045697,0.02030377775150772,3.6642845202550234e-08,478.70703125,33.23333635576535,0.3038781915492648,0.07739041780571695,0.15003345095412024,261.8922119140625,105.23954772949219,-0.8368737871547539,0.06689606948150287,-0.25040402573117265,0.8581432077970458
-0.015300050148609926,-0.003198144682313664,-0.012262034890984319,0.019866483423764424,2.2240817187935136e-08,404.515625,43.624467981692725,0.3697101510783647,0.08785726805325374,0.1636762787992826,302.82794189453125,91.51275634765625,-0.5680419984863554,0.09801733772449663,-0.3182780901365336,0.8572620348909844
-0.01466314888095524,-0.004813128586358406,-0.014052084930650133,0.020871876599675553,3.491978706193777e-09,420.60546875,37.53818034127064,0.32662228566833895,0.08231887473971461,0.1580971872795376,267.3415222167969,91.84012603759766,1.0225453645930518,0.08325413028835398,-0.2715850077018626,0.8590520849306502
-0.015768979906563563,-0.0043013311898356665,-0.012518188530595387,0.020588035879747935,2.6497922078760894e-08,372.150390625,39.439648027383086,0.33397778269380085,0.09306572861606277,0.15561772636240423,202.27215576171875,30.351295471191406,-2.2360862993143162,0.19383603792576937,-0.17173148960401188,0.8575181885305955
-0.015082569104539506,-0.004397328773922737,-0.01348865073807981,0.020706619469944374,6.721307399537579e-10,394.708984375,46.67457246296488,0.36871467411391856,0.09693377360005896,0.15089183749381363,272.9489440917969,29.593090057373047,-0.9972213659155021,0.1993284798357748,-0.2617477169683793,0.8584886507380799
-0.014780288442495626,-0.004649353303896986,-0.013767631446317097,0.020727302965640442,1.0789183768622479e-08,427.4609375,36.90162595914325,0.31038864480962397,0.08940700312788266,0.14772388207983533,221.4193878173828,48.465248107910156,-0.08029955208248261,0.15710985340185407,-0.171380257891381,0.8587676314463172
-0.016304627585137094,-0.004426603966775203,-0.01161047200909926,0.020499725940674448,1.130157745166116e-08,359.046875,35.272421895774265,0.325231520601964,0.08906337294887948,0.162791703467544,178.656005859375,42.23666763305664,0.19035007011002203,0.18057768154636095,-0.12318459041186837,0.8566104720090993
-0.014923656289609469,-0.003842716431017801,-0.012305412988488973,0.01972067887870211,3.109241530907525e-09,372.984375,27.825906656930197,0.32311141071070093,0.06482601165724301,0.18048621960577582,240.53517150878906,126.82238006591797,-2.984939097351921,0.056783611933285835,-0.25268525108925927,0.8573054129884891
-0.015208719994548897,-0.004366752229544496,-0.012828269734513342,0.020370031744900503,5.738752051342999e-08,408.734375,29.407782281145618,0.2968813860023925,0.07988018993936424,0.155567047357571,204.89328002929688,73.33123779296875,2.715460481894012,0.12532995371501918,-0.16730048398852296,0.8578282697345134
-0.01546933346685106,-0.0038931518104280416,-0.012834928763921893,0.020474186316008433,6.985522382763065e-09,423.978515625,45.6506035665355,0.3532880352512853,0.09701959429899118,0.1453266850770074,265.1697692871094,26.372114181518555,0.7100111278788634,0.184542959222169,-0.26533688972644026,0.857834928763922
-0.014583660222908988,-0.004797861440175244,-0.014092402213688016,0.020839827735582104,1.4401375203476618e-08,529.40234375,23.68242146263998,0.263694122440663,0.07408241798890183,0.14127294574185179,215.18663024902344,92.02013397216797,-0.1808507829194886,0.05908904860411911,-0.17248888701428491,0.8590924022136881
-0.014884922989746745,-0.004196093906155607,-0.013004271746782647,0.02020592042308731,3.251960256633879e-09,488.6796875,29.85138548690846,0.2883239119293014,0.07620498848863022,0.1473990861603195,244.2560272216797,98.83273315429688,1.8606094685431207,0.059041868145933804,-0.23606093172208073,0.8580042717467827
-0.01664330654157528,-0.004036898698275282,-0.011238999064877797,0.020484416118535163,3.891962307989161e-08,333.48046875,37.64717559212924,0.34290539453620017,0.09071831963841298,0.16604507935119106,195.99417114257812,38.04164505004883,1.856951080253912,0.20179730433501147,-0.17483272600970673,0.8562389990648779
-0.014763252894636932,-0.0039508833117481434,-0.012530878158424574,0.019763249287385355,4.060665581562262e-09,487.40625,27.889375408905913,0.2894121378379115,0.06777462459698033,0.1519673134589531,247.59634399414062,124.33746337890625,-0.23238350371468322,0.030507902368302565,-0.25617699491522344,0.8575308781584247
-0.014757847587295668,-0.004585158822363863,-0.013198724347281199,0.020322993658210477,8.14073963795181e-09,474.5859375,9.33085093545365,0.26111177281217013,0.053661391491761544,0.15396161284547127,162.1634979248047,121.88836669921875,3.006738501700687,0.050373401222562335,-0.11261334381431613,0.8581987243472813
-0.01532106959897278,-0.004623242078074713,-0.012791689317316779,0.020487480483451465,1.0134128203276305e-08,391.001953125,30.106747459066565,0.300328247484886,0.08274416104594275,0.1572920670809158,162.70867919921875,60.35244369506836,1.3364212876785666,0.14683035110024237,-0.14036184591162043,0.8577916893173169
-0.015548902338940657,-0.003689052577202534,-0.012226236392674394,0.0201210916501276,3.651760138723148e-08,391.52734375,39.48798647187359,0.3388747876618837,0.08833869002452126,0.15722804656320466,257.7142333984375,64.0444564819336,1.920204109595824,0.13400623853395374,-0.2632349420842834,0.8572262363926745
-0.015587129151411722,-0.004415523863799037,-0.012749237391292523,0.020615491753390197,3.81578546537753e-09,419.7099609375,39.491140249893796,0.32134278452447096,0.09432257668029062,0.1455973850934028,201.0513916015625,25.19772720336914,-0.6206388313600312,0.1853995139224036,-0.14872658421887885,0.8577492373912926
-0.015118678287192072,-0.003994335674767868,-0.013103031949177613,0.020401436147867276,5.403911096379943e-09,432.2890625,43.724985978534306,0.34993956472866095,0.09147183440515226,0.15025094033394815,288.0877685546875,64.98167419433594,-2.9569704213784203,0.13434633751306813,-0.29641124207607866,0.8581030319491777
-0.015166698871985324,-0.0047538839630224955,-0.01287584302504341,0.020455207185773563,1.7762017634481708e-08,405.8359375,28.06592525614414,0.29079638154634435,0.07895452604716709,0.15344663166401462,147.64578247070312,70.98112487792969,0.6781498830322568,0.13284331622637982,-0.0934460019868714,0.8578758430250435
-0.014911161987150812,-0.0033699208952248094,-0.01225515941595201,0.019593061296222226,1.3752409877554328e-08,457.640625,37.469104432634104,0.33490061593810416,0.0768862497600708,0.1612811356377979,288.0958251953125,128.2762451171875,-0.4836945019153227,0.03448993616921654,-0.28216001546885866,0.8572551594159521
-0.01475191226272373,-0.004746710827157455,-0.014052941566171762,0.020919735795319944,1.7631051063560221e-09,546.7421875,8.041237223992272,0.24481219003270444,0.04879083533030685,0.14135114527089865,164.27813720703125,131.11830139160156,1.9406132148955608,0.020526962163174754,-0.10274505685334163,0.8590529415661718
-0.016404693183856733,-0.003979132852547168,-0.011369494534273605,0.02035222009215636,2.5763730704397858e-08,328.53125,35.1534149502711,0.3327183894474221,0.08646806705430969,0.16810812288517019,191.67160034179688,51.05229568481445,3.0781908805463596,0.1864099754814036,-0.21629000962996098,0.8563694945342737
-0.014377742626484252,-0.005212508603654464,-0.014519202071143877,0.021087839096486455,2.134801890818494e-09,369.578125,43.0083170574586,0.3597059688251876,0.08933036605752237,0.16194192916312833,275.41693115234375,68.79932403564453,0.47286921525999714,0.14544577066215386,-0.26251622000345487,0.859519202071144
-0.014898407588443394,-0.004192314641095984,-0.013275621747803501,0.020390688647323532,1.4294552208582445e-08,365.2265625,39.77791132000968,0.36036306977392185,0.0816961351632993,0.17352597969911243,280.0379638671875,102.08914184570312,0.4949848922841354,0.12232262484157122,-0.27342028719298067,0.8582756217478036
-0.015285174317603262,-0.003854305710393968,-0.013037664936078386,0.0204566109953272,3.596752051748808e-08,328.125,50.2069816784129,0.41449977721576425,0.09701966993545913,0.16282117342413416,296.5583190917969,37.03477096557617,0.5478522776125279,0.20122679527038081,-0.34639980961183875,0.8580376649360785
-0.015448614321745824,-0.003689261672849331,-0.01267260779868562,0.020319087690447935,1.397403615044368e-08,364.41015625,45.13403281525187,0.37639108181023573,0.09126169695720562,0.16225151986886843,288.32159423828125,65.8183364868164,-0.9154850994996082,0.16330006740147607,-0.28595394115334805,0.8576726077986857
-0.015092813555153156,-0.003999923166143449,-0.012708076607501395,0.02013175644119981,3.2456945575631835e-08,447.58203125,32.63683867596112,0.30650156471530565,0.08204319598703105,0.1563383802369257,246.12225341796875,81.93020629882812,-2.179581917989912,0.09191435953247444,-0.22884703766357234,0.8577080766075015
-0.01454731156551811,-0.004675026108899319,-0.012308505768499511,0.019620893383236478,5.359111199254585e-08,439.1015625,1.6225617241127397,0.28458439821891723,0.028071895613817642,0.17928107203814536,171.60276794433594,164.60520935058594,-2.658583983041624,0.0025740016944466437,-0.11764042558112543,0.8573085057684996
-0.01635947776324634,-0.0032788321165582723,-0.012036302859580461,0.0205731825263441,2.5266647440957968e-08,320.7900390625,48.443690928578725,0.39867094318638996,0.09744404604563625,0.1609859326075399,265.98419189453125,23.418289184570312,-1.0598536957755915,0.2291436081578767,-0.2885905430941819,0.8570363028595805
-0.014682329874011402,-0.004597090365515755,-0.013465808138277247,0.020445831828881385,5.972975714030326e-08,475.09375,13.467443793588329,0.27005750336812856,0.0491046403677167,0.16024675265958133,201.54026794433594,138.46371459960938,0.03469831147673326,0.009865428164217416,-0.16602690228845926,0.8584658081382773
-0.01520723185345993,-0.004114367309827893,-0.013177802690995888,0.02053880236936626,2.6304130429366523e-08,355.36328125,49.416392996503866,0.39317773664157457,0.0984754906778157,0.15545817870910594,277.75506591796875,20.872907638549805,1.9022815878854478,0.2067224786046336,-0.3232791272401308,0.858177802690996
-0.014689826976950156,-0.004303824750476304,-0.013472761826799462,0.02039189141147063,1.229805768332426e-08,461.09375,37.234474248114466,0.3215689916991882,0.07762616977022029,0.1545588158548301,279.8778381347656,117.94964599609375,0.5213294194348682,0.03220735040414061,-0.30145910265308373,0.8584727618267995
-0.014798097476984858,-0.004385045455499198,-0.013437373886200144,0.020464000819553182,7.984233274527242e-10,446.5234375,32.26862958190854,0.3152502371369048,0.07313506141546543,0.16393453641965905,263.19256591796875,120.06010437011719,0.878148401047724,0.04283260477779403,-0.24522255495030681,0.8584373738862002
-0.016674367078412466,-0.0042493334477476385,-0.010884105990654369,0.02036062659722413,2.463443138367438e-07,323.01171875,33.038910993997646,0.3315701879249517,0.0845545707992556,0.17106338321316972,182.696044921875,55.914066314697266,-1.2569559408467377,0.18741472104221998,-0.135295303572762,0.8558841059906545
-0.014892825684452951,-0.004639835853757893,-0.012831505979850277,0.0201983137743786,5.44109610700616e-08,405.265625,11.866990210990416,0.2812276966635419,0.053771399900372774,0.17099124103735674,167.83963012695312,121.06842041015625,-1.2761482582968042,0.06370543037370938,-0.10458609283126126,0.8578315059798504
-0.014948609195901075,-0.004712318328090118,-0.012907704318202984,0.020304573171657368,3.1394236543746956e-08,519.66796875,18.80232906089251,0.2567458441745665,0.07287757624794318,0.14070941912220514,154.47073364257812,86.02288055419922,0.8529328711419336,0.07792015424801964,-0.08933012425456689,0.8579077043182031
-0.016377243333020514,-0.004306307054431052,-0.01187038842624788,0.020680050798438748,3.3774366414718315e-08,414.69287109375,40.579577124430486,0.32761405929287496,0.09599789278816215,0.14506361124059375,190.219482421875,16.429094314575195,0.9039925367972602,0.2005015949877959,-0.13094614336346577,0.856870388426248
-0.014651766038600154,-0.0047922532278398405,-0.014415092789561323,0.0211053272701771,3.821236305157072e-08,482.14453125,7.096157842377775,0.26084461866385533,0.04687612329683039,0.15670388041920402,152.19239807128906,134.2607879638672,-1.5303644404049155,0.019778802908084987,-0.09348739688960757,0.8594150927895614
-0.014766569648610214,-0.004632078214328511,-0.013731559520920422,0.020689694406817456,1.5633586869512328e-08,501.796875,24.113316692920247,0.2666727448264273,0.07377025598476482,0.14236288317675017,207.7782745361328,89.90347290039062,-0.4534636365966738,0.07242857599645719,-0.18259829332306252,0.8587315595209205
-0.015883709590405498,-0.003523267179996903,-0.0125455887426561,0.020545010072371403,2.8838716303880574e-08,407.02294921875,49.08851896889692,0.3825287817026911,0.09974610382351777,0.1486517786044932,281.642578125,13.982940673828125,-2.2785844231282395,0.2093685656437611,-0.29421777879936495,0.8575455887426562
-0.01507529406608682,-0.004649584162714354,-0.013309549621226768,0.02064042720451915,3.19490851552473e-08,445.12109375,33.510421664698754,0.29580379465505746,0.08915767120786922,0.14629558209685511,172.41415405273438,42.34067916870117,0.4200065167340872,0.148602790932725,-0.12712493214262532,0.8583095496212269
-0.014916375848921998,-0.004506081107560039,-0.013609411073975175,0.02068862260264446,7.310253291592517e-09,454.1552734375,43.24662602556833,0.3256419912158597,0.09490515091942464,0.13580041988127622,248.8622589111328,32.59710693359375,0.008807949938327814,0.1719697816286598,-0.22684151505358355,0.8586094110739753
-0.015807654455960607,-0.004369337965659997,-0.01241003982754385,0.020566529658122532,3.1197519234638094e-08,383.3916015625,37.64126627424933,0.3217683334206173,0.09113628660295324,0.15204454275862145,192.80661010742188,36.49386215209961,2.4656004371475175,0.19110654018042839,-0.14471384125797265,0.8574100398275439
-0.01614815659344815,-0.004709171127181791,-0.01141602196963687,0.020328915654378547,2.238276763932845e-08,357.822265625,32.080166354887126,0.3143556360832652,0.08421323251901697,0.16277435235744975,159.5606689453125,56.31551742553711,-1.0119922720955339,0.1644884299363149,-0.10209428000247052,0.856416021969637
-0.014939038920585013,-0.004475493645225592,-0.013425518224179034,0.020577887812576193,4.484799198678502e-09,462.791015625,37.80118392021492,0.31393566180061155,0.08914391039028456,0.14543396448454993,252.73431396484375,58.713462829589844,2.8913407866932066,0.10653620745496345,-0.2772535761267498,0.8584255182241791
-0.015614236834077172,-0.004746453469076942,-0.012194353919500522,0.020372419590191114,1.979077346447866e-08,353.77734375,27.35681896347856,0.3084929473197969,0.07761033584070781,0.1699171118761893,148.759765625,73.81611633300781,0.37396923031419244,0.14905759572444321,-0.08386417797364555,0.8571943539195006
-0.016166322511649983,-0.0035910494297543005,-0.01198689915441542,0.020443369851757435,1.20611112208735e-08,337.0234375,41.75494012791756,0.35462924588013195,0.08998777612416609,0.16094885042352602,245.91175842285156,52.483001708984375,-1.6204638247206025,0.18061108810740825,-0.26013257696149816,0.8569868991544155
-0.016400378158679313,-0.0023616700444648586,-0.011491063297154103,0.02016418668942068,8.06558801969004e-08,287.232421875,49.15538281386478,0.4319646579004575,0.09555270221900511,0.17728148221927198,291.86065673828125,43.8272819519043,1.2652421008469932,0.21551423231906125,-0.35360382609454827,0.8564910632971542
-0.014803060959232783,-0.004684505937142924,-0.013529844186096263,0.02059446268631284,5.488281118459781e-08,417.962890625,22.181466501637857,0.28077557471058473,0.07124377301939216,0.1576438539310424,172.8863525390625,88.28365325927734,2.006809235864269,0.09206823538320151,-0.1291163816697414,0.8585298441860963
-0.015058527928405452,-0.004448602575046645,-0.01322600851664757,0.02052989599398187,1.2355430456523209e-08,447.419921875,32.078152006251244,0.2943380474303072,0.08466670531277742,0.14729683265735838,213.9789581298828,62.28644561767578,-0.6793980060398509,0.13093894767515252,-0.17457718166956163,0.8582260085166477
-0.01501885101535183,-0.004768789595157738,-0.013261902427989303,0.020595759175949985,1.7404023777700672e-09,421.947265625,27.8246696722081,0.28964805637140917,0.08117187809444756,0.15468291318621596,148.42080688476562,65.83385467529297,-0.4384455802394072,0.13114077049322737,-0.08352477655724537,0.8582619024279894
-0.014718247059220618,-0.004775726158638582,-0.013893960355295887,0.02079606912839768,4.619262838900795e-08,447.880859375,41.6783258848883,0.3312757591694191,0.09070621478880014,0.14466060005734105,271.764892578125,60.539329528808594,3.0718363672081512,0.1279566597127996,-0.2790299505471064,0.858893960355296
-0.01633350510198578,-0.0047280583544502125,-0.011187525544827048,0.020354327611980694,9.479315110638709e-08,345.404296875,31.324557316175635,0.3170887936341884,0.0827947374304294,0.1653682778554183,163.95278930664062,59.943321228027344,-0.12007723345080094,0.17248267672290352,-0.11268179561287238,0.8561875255448271
-0.015242093520968461,-0.004016922887023905,-0.012692302712340009,0.02023738205707247,1.7417692177446042e-08,445.66015625,36.19919320429828,0.31362476632366193,0.08786681975996875,0.15175035479118548,245.11181640625,61.88224411010742,-1.2733334535776344,0.12420344383187891,-0.22313485265552893,0.8576923027123401
-0.015068705106414504,-0.004655977768096009,-0.013555067559168799,0.02079624627414085,7.693769532579608e-08,325.328125,39.30458298662593,0.3402606931000051,0.09106773021019618,0.16310785308617604,159.16497802734375,34.40207290649414,-1.950137944196001,0.2110384123490655,-0.08077573123459728,0.8585550675591689
-0.015438197131590253,-0.004490432844186987,-0.012600805221948841,0.020427486630603578,8.325657496754957e-09,401.49609375,31.289200387828732,0.2995195731391209,0.0839847522551377,0.15316552881225165,182.03846740722656,58.29404830932617,-2.4225745274471286,0.15234764988312427,-0.13757125517760424,0.8576008052219489
-0.01604344260830118,-0.0031022630427122166,-0.011900487999469966,0.020214789173710432,4.513205098533035e-08,313.2421875,45.712276852461116,0.3927658609314909,0.09492659792955654,0.17092891217573924,262.8798522949219,35.87599563598633,0.04936124355445392,0.1991070659256083,-0.34292275017027174,0.85690048799947
-0.016180556446465794,-0.004292657796743482,-0.012173297558614293,0.02069846591725515,2.173504043412322e-08,369.89990234375,42.057995836642256,0.34052157064935445,0.09530718531907854,0.14999698054599886,198.21168518066406,19.973529815673828,2.4423075593392745,0.21941826689741986,-0.1256872878814265,0.8571732975586144
-0.015990999373778375,-0.0032663545808003236,-0.012196409657279972,0.02037482617712082,1.0420597718052704e-08,370.830078125,47.43925701394142,0.376176738328884,0.095034494298265,0.15131047715894808,283.5492248535156,44.223876953125,-2.6301145506070065,0.19402383337199097,-0.29126346280466153,0.8571964096572801
-0.015466708721633471,-0.003592661886149817,-0.012605679747231813,0.02027386149695752,4.876409054332953e-09,461.1953125,45.328949531720355,0.35336153263694475,0.09613101025044815,0.1464025131132719,287.6019592285156,39.549800872802734,0.3880912523434597,0.14446236558891948,-0.3070665299231934,0.8576056797472319
-0.01571577710720487,-0.004017483590072701,-0.012561031019575397,0.020515977304398234,1.4268571213449377e-08,407.06640625,42.69281448908278,0.3409681107431972,0.09550392546397617,0.14825863237811887,237.6822967529297,26.5364990234375,-0.6009115269573887,0.1905049665435768,-0.234637662809402,0.8575610310195755
-0.014506566372448432,-0.00488800602699635,-0.014787835169378427,0.02128410533320369,1.0137412687072356e-07,481.1640625,23.743375443426455,0.2705319741392767,0.07319414464643775,0.1464689015661912,203.08082580566406,90.11763763427734,1.5625805969394702,0.08275176377272452,-0.13618590626225593,0.8597878351693785
-0.014717886331419017,-0.0046734604803168045,-0.013877434331976524,0.02076151715467765,2.8694944198548455e-09,466.8125,28.114818248468712,0.28048187832390714,0.07747439316539977,0.1460124143317455,214.80313110351562,82.67791748046875,0.08102487698305921,0.10436394185312009,-0.15918166402346148,0.8588774343319766
-0.014750624571582903,-0.004671793957095494,-0.013160333004810343,0.020312581047883593,2.6108104123068188e-08,480.3671875,6.52530939857561,0.2638598534789839,0.04144829270634874,0.15952582022817263,174.18121337890625,143.45645141601562,-0.25623184554551165,0.012509926806754008,-0.11863928995567993,0.8581603330048104
-0.014872690553018514,-0.004534975072384234,-0.01292635469007486,0.020220127812815944,9.605707340654135e-09,425.6328125,12.847349691624954,0.2765211427053365,0.04952797258623145,0.16660820636022156,179.6104736328125,130.18283081054688,-2.164481987643015,0.04176818603816729,-0.11476667697529708,0.8579263546900749
-0.01517887180102949,-0.0047157998243133326,-0.012958873295036089,0.020507786672673414,2.5382140833585254e-09,428.875,27.160063982948394,0.28659572670985517,0.0808608795228995,0.1537709098931913,158.63031005859375,66.28790283203125,2.4269538613426027,0.12264423059720449,-0.09134267248846378,0.8579588732950362
-0.015047627252866277,-0.00425154891785795,-0.013063456242458082,0.020375491236796234,5.920223422606341e-09,437.75390625,33.4514131638161,0.30392701355382423,0.08189584217171336,0.150746943630366,239.65492248535156,79.37102508544922,-1.2233686703263107,0.10537866355785956,-0.21615187979160636,0.8580634562424582
-0.015538482538369203,-0.004533268085012254,-0.012833609419314884,0.020656633071566212,1.4716202656472888e-07,385.6748046875,38.873570799505096,0.3278332453742292,0.09361364140576467,0.15323496020346317,182.81114196777344,25.946653366088867,1.1919470898924647,0.19300032018484564,-0.13437795249887172,0.857833609419315
-0.014784459870338273,-0.0047645997204360385,-0.014097390679402855,0.020976608117647056,1.591045162285809e-08,413.28515625,32.393502655124,0.29785305821747876,0.08584595302639587,0.148978781575701,173.65370178222656,52.50436019897461,-3.1003091555932656,0.15621767865822106,-0.11043194949722863,0.8590973906794029
-0.014749240489043552,-0.004618269740270797,-0.013654388903040271,0.020623065890235912,1.2863179854605278e-08,488.51953125,22.553982555741666,0.2682134610435723,0.07197186956689755,0.14639391535207713,204.18746948242188,93.02621459960938,2.9689088270777018,0.06505927942634283,-0.17117527000700192,0.8586543889030404
-0.015804157614849518,-0.003964578076716685,-0.012376071343491613,0.02046109525760004,5.609162467834494e-09,374.115234375,40.07471614114383,0.33860001694804,0.09301959303351845,0.15515530824322865,219.6652374267578,32.938106536865234,-2.9642217833550495,0.19119326479559484,-0.23388885081620264,0.8573760713434917
-0.016437348636309218,-0.003907447092961314,-0.011221040903883539,0.020282167831434977,3.560425199111705e-08,315.185546875,35.931190968921996,0.3459210400468072,0.08650831329915569,0.17497050007318904,210.9530029296875,54.82804870605469,-1.402869401777667,0.1929228823912793,-0.16012337006913216,0.8562210409038836
-0.014790365969582914,-0.004483038247753202,-0.013519623710843698,0.020533698710359552,2.021204315028058e-09,467.6640625,29.67356719354926,0.29423997487848425,0.07125937356315408,0.1532325759359764,247.1721954345703,114.67646789550781,-0.3218279644342917,0.04532178490121788,-0.23051167318303825,0.8585196237108438
-0.014729375315551536,-0.004549356962108647,-0.013576241356699437,0.020541798249676717,6.546310160615576e-09,547.12109375,22.178621583875632,0.26248194302262023,0.06288738204556743,0.14121860370072004,228.23794555664062,124.52301025390625,-1.3493860244417675,0.009287950246239244,-0.20466870949584057,0.8585762413566995
-0.015601224454155807,-0.004362315917590509,-0.011524267309663605,0.019880561904996395,4.6384929675014064e-08,365.24609375,21.028074427881553,0.29712828643874095,0.06645838041510209,0.17223641445918092,180.04629516601562,98.01651763916016,3.0105955766902337,0.11174097080406435,-0.14674993002446649,0.8565242673096637
-0.015056101183077125,-0.00420589203777369,-0.013143614615315435,0.02042376840410207,9.024447855665585e-09,451.10546875,36.68088710456836,0.30998004492387093,0.08614604524848403,0.14661677565659714,250.20848083496094,69.60176086425781,-0.7859055221683935,0.11722772308536909,-0.24641851298913445,0.8581436146153155
-0.014740557402311963,-0.004494960938982162,-0.013465634265012572,0.020464897080926404,2.11719064502347e-09,506.7421875,23.695462750923106,0.27357158908882706,0.06604128369846814,0.14924691004959645,230.33364868164062,119.12065887451172,0.3942614311578354,0.026648644964749835,-0.18542121832056593,0.8584656342650127
-0.014847723695724263,-0.004736054557922337,-0.013428982888503027,0.020572376944337178,3.078553634239256e-09,492.4296875,19.270036745967797,0.2600158160274503,0.06978601328597726,0.14370378120573102,164.15982055664062,91.70530700683594,-1.9263551734422897,0.06836491740944974,-0.10075849073883864,0.8584289828885031
-0.014707567637811211,-0.0045970944530910884,-0.013782432784979703,0.020673685610067594,1.4903825951151362e-09,568.5625,41.89152919378407,0.3119486420697173,0.084554413117952,0.13173950312816596,302.90301513671875,108.02182006835938,-0.4529929159560098,0.042335995433202156,-0.29794551877645764,0.8587824327849798
-0.014952273398144603,-0.0046196009311594705,-0.013046369671695923,0.020374468192975722,2.7343796116241492e-09,454.9609375,18.697097427904204,0.26955454837331055,0.06825025463009832,0.15310359476138946,175.50978088378906,95.26285552978516,-2.396862349604218,0.07166294447619487,-0.11794920976910177,0.858046369671696
-0.015891390493983526,-0.0040682754574792035,-0.012258437611806783,0.02047819449347908,4.356812155492662e-08,377.7841796875,39.63570039743215,0.3333391085034598,0.09249826404524934,0.15252465837387508,215.21170043945312,34.5892333984375,-2.978059724773503,0.18696144485496224,-0.21018060743288136,0.8572584376118069
-0.014677571348370357,-0.004694501160167092,-0.01362677701547077,0.02057081655303637,1.0897767133144498e-08,480.67578125,1.2785091361280223,0.26381759208985034,0.038738308082077434,0.1608633525524924,167.4635009765625,147.20413208007812,-1.465797397612801,0.000467779209595464,-0.10489899933589941,0.8586267770154709
-0.014863178099156854,-0.004253536743027364,-0.013344677674723804,0.020422709425387507,1.638404789616743e-08,494.69921875,39.03601007381602,0.32206146299370775,0.08686359688913468,0.14883504901036226,283.27374267578125,84.01036834716797,-0.43104706806560755,0.08515291998576259,-0.2701669097518333,0.8583446776747239
-0.015032340318157797,-0.004061752244661182,-0.01274078147811819,0.02011955763457741,3.813495741411543e-09,406.59765625,31.196393338410452,0.31020036150401514,0.0751899146882709,0.16244147532875697,241.3820037841797,99.57278442382812,0.8907906129921792,0.09462717860366486,-0.23911370953360947,0.8577407814781183
-0.015091426090140317,-0.0046686720899243445,-0.013113258578810738,0.020530591590895764,7.89813228152525e-08,431.916015625,28.54380052895179,0.28559003327212334,0.08076617053176255,0.14729361083759962,180.29495239257812,67.01541137695312,-2.0677179699850954,0.12348098868871911,-0.1068534391646861,0.8581132585788108
-0.014953258269838884,-0.003989082774412511,-0.012617382343098393,0.019967750285336372,4.773180606321148e-08,498.37890625,29.132312472022548,0.2850192883940021,0.07410437237654907,0.1461874826087307,244.70506286621094,105.31295776367188,-2.5042259650416927,0.05518825385686077,-0.2348286560965482,0.8576173823430985
-0.01601700064365244,-0.0029916363929106127,-0.012302040182961105,0.020416522490114216,9.483244411967462e-09,349.853515625,52.298290223567754,0.4247233749401156,0.10043911536850296,0.15733543410984696,301.5797119140625,14.224593162536621,2.32166318325114,0.21921090945423075,-0.3593452534393789,0.8573020401829612
-0.0162984058910097,-0.004479483254805461,-0.011903393761851677,0.0206735238376981,4.536550335387801e-08,340.4697265625,40.91618782792704,0.3440340676660035,0.09382575743472833,0.15704931791803523,178.17112731933594,24.486806869506836,2.020056681549214,0.2222850679182077,-0.09704856577979751,0.8569033937618518
-0.015228452196834413,-0.004528381020672184,-0.01292238027172421,0.020479255427546725,1.601538990314566e-08,335.810546875,33.91752635552772,0.3210055092482517,0.08376826427634572,0.16364329499133012,178.47341918945312,57.68333435058594,0.4955874884884872,0.17675434241808455,-0.1369026666866921,0.8579223802717243
-0.015489388201267967,-0.0028093855047444105,-0.011805134945513829,0.019676763068290453,1.2226992396335845e-07,345.1328125,41.34987812531377,0.3802868467146791,0.0843046116344993,0.17955515856144078,288.1787109375,97.02224731445312,1.84814196621786,0.12573109343362973,-0.3104103310702851,0.8568051349455139
-0.014799333219739055,-0.004917773287953203,-0.014947914475014312,0.0216019653044097,1.3085212913210853e-09,510.26171875,12.981429221137928,0.26140196606390853,0.044222872836776214,0.1524754655077507,197.537841796875,146.51547241210938,-1.4851355845649081,0.008059934247700112,-0.1506261696273869,0.8599479144750144
-0.015208166255982147,-0.0046782035615728496,-0.012471952466157399,0.02021691142957293,5.549699011453413e-08,427.142578125,21.397599234980863,0.2790484979393456,0.07205573063771036,0.15518480638932008,163.0438995361328,86.37329864501953,2.7094911564240127,0.10674253693861828,-0.0914807177534689,0.8574719524661575
-0.015807839562625825,-0.0037822737458585998,-0.012332974906391292,0.02040332464006802,1.541802063798059e-08,346.943359375,42.70875553861068,0.3569652131079604,0.09277875244167276,0.15950967799875815,243.38845825195312,40.428001403808594,-0.7750502627756208,0.18238777451607913,-0.25299101469294083,0.8573329749063914
-0.014821410394835394,-0.004514492196497799,-0.013604238573305727,0.02061868456143101,2.3249095093547112e-08,406.80859375,36.417234805009684,0.31943674218260887,0.08757473686792461,0.15574446141636222,234.03578186035156,57.61511993408203,-0.6002586784279179,0.12858601683667234,-0.24389524455423892,0.8586042385733058
-0.014757963631455526,-0.00416007142166841,-0.013313012351529263,0.0203061562747044,3.046477292656391e-09,429.5625,41.236819725873225,0.36017633299424084,0.07988806798160833,0.16678677594100477,303.5606689453125,129.4708251953125,-0.7500706265601369,0.0535955983782411,-0.32011667431668606,0.8583130123515293
-0.016667385434977033,-0.002958952837536777,-0.011283507594612163,0.020343910213391176,1.9502360615319958e-08,339.8046875,44.48219297532365,0.3750239132944434,0.09477499893622786,0.16302713892015563,255.25347900390625,34.854820251464844,0.6008287381934266,0.20234772410677865,-0.26346863298720835,0.8562835075946122
-0.01436041820642514,-0.0048390878474091625,-0.014342878507103252,0.020865199403022585,1.539935645666901e-08,340.556640625,42.88029111344592,0.356693068371904,0.09522040186562988,0.162438236425144,213.74493408203125,22.583858489990234,0.31696552743328815,0.21580019213412704,-0.18211482011371996,0.8593428785071033
-0.014703325447739344,-0.004574624957299794,-0.013443017842000637,0.020440883088126038,1.0133968331160759e-08,442.4140625,15.307534305169758,0.2849216641465352,0.0446005453325534,0.17108548965768355,206.3019561767578,150.345458984375,1.982128296606781,0.015336979732058742,-0.1751952341587782,0.8584430178420007
-0.015004811441272053,-0.004447675767126735,-0.013386123439353637,0.0205940400808396,7.69282237911284e-08,382.609375,37.17979002450767,0.32704052687834756,0.08838641038159237,0.15851595495771353,228.1343231201172,53.829803466796875,-2.8382846816229335,0.17216563045849115,-0.17626069146214637,0.8583861234393537
-0.015188985741788341,-0.003669283527818812,-0.012730936154234151,0.0201555368282504,2.9164079151655642e-08,355.4609375,47.677851143763846,0.39662592970429156,0.0930781983920342,0.16376058449047837,303.4112243652344,64.30172729492188,0.9695018992611576,0.1680060752011993,-0.327805455425843,0.8577309361542342
-0.014846824645562202,-0.004247061528090956,-0.012992937675811778,0.020181232943677962,5.364753530301414e-09,426.15625,26.37199371002025,0.29646472287528686,0.06925048220733258,0.16174216681743692,231.7349853515625,109.439453125,1.7965825369308404,0.04796101687795929,-0.2583588493875613,0.8579929376758119
-0.015731967905932204,-0.002947654275223699,-0.011930456922732091,0.01996294773586034,9.486141294701156e-08,341.8984375,44.50354688516921,0.3798262310869518,0.08927771231216367,0.1666035100289841,285.7115478515625,73.35334777832031,2.7112578939574883,0.14989987401903687,-0.3347326023363715,0.8569304569227322
-0.015538728769904614,-0.004323140862041885,-0.012853168090872558,0.020623907696407637,3.754581090475995e-09,430.82421875,40.13728116102335,0.324249929710804,0.09542161923729017,0.1451080756609454,208.66806030273438,21.557897567749023,-2.5834623923826907,0.18039198146258573,-0.1548032365712729,0.8578531680908726
-0.0146992559761784,-0.004514438031397949,-0.013721173895387628,0.020608709082812916,2.2991608616962367e-09,522.7109375,39.189281256525845,0.3228997917141479,0.07878830932161549,0.1488140603294088,298.0003662109375,130.1255340576172,-1.0367903423684446,0.019712958721563773,-0.2900893442965451,0.8587211738953877
-0.015213550300072584,-0.004532824117175455,-0.0127467037141058,0.020358709752469204,2.4631008344044858e-08,445.751953125,26.07554193224562,0.2818001096041956,0.07965885610749326,0.15066229631699424,182.300537109375,70.25476837158203,2.758155586733785,0.11659325076441845,-0.13783215353380152,0.8577467037141059
-0.014725723352378449,-0.0043720262231198015,-0.012869482107114694,0.020039588599863434,1.3512204688481688e-09,484.0703125,17.177101813008225,0.27144420803391867,0.054238148761038926,0.15540832916531822,212.07083129882812,134.06381225585938,-0.578313615297621,0.028943436768050466,-0.1701836007983333,0.8578694821071148
-0.015372771030539745,-0.004239526498086732,-0.012531404181261196,0.020281315658494944,5.5964463285818056e-08,400.37890625,31.868635853547744,0.3031827457184412,0.08256918147187636,0.15538621969305122,208.12828063964844,66.6059799194336,2.506786219999388,0.1362054389646244,-0.16776458087699617,0.8575314041812613
-0.014243338273779889,-0.006036764035428743,-0.015185745805665563,0.021677686243579092,4.821300194635114e-07,579.23046875,43.328598159902675,0.31336158695834937,0.0886344924887268,0.13289026955713967,305.4831237792969,89.58427429199219,-2.637994134369157,0.04846083421432965,-0.3043427416059173,0.8601857458056656
-0.016452991688648416,-0.0034846374808853997,-0.011209551223688274,0.020211325352792093,7.178324068490838e-08,320.876953125,37.756921262759064,0.3489941077377291,0.08825805562665819,0.1700232071365816,219.49667358398438,50.70166778564453,-1.782445864141877,0.1877764111534577,-0.222454090720521,0.8562095512236884
-0.014868871867289843,-0.004417147121201226,-0.0131935117136589,0.020363282904155563,4.234456341123405e-08,453.00390625,26.082948329086435,0.2868367148190226,0.07059087318155621,0.15443707268325912,227.08770751953125,105.35662841796875,-0.6085738986829906,0.07305075086859511,-0.17452182102367447,0.858193511713659
-0.014712012730854075,-0.0046464502665652385,-0.013734146846622552,0.020655740322657736,3.9190371836639315e-08,566.734375,39.19340982579391,0.3098818161280286,0.08000509726903686,0.13828519782664417,297.485595703125,124.55764770507812,1.5782229735750704,0.03427506594530439,-0.28340408198521033,0.8587341468466226
-0.014909237695002908,-0.004554414673235391,-0.013462403381166443,0.020597678666760464,1.2725188902606988e-08,516.72265625,33.47959286098771,0.2850693300014794,0.09049198701632431,0.13837231031800656,201.859619140625,41.430850982666016,1.5880185225341235,0.12892642292829606,-0.15030363625817877,0.8584624033811665
-0.014617475156085802,-0.004807588611994595,-0.014119512926961342,0.020884064103894966,3.6045966211872837e-09,552.525390625,31.386863456745292,0.2734321044677082,0.08542545976112718,0.134640113881898,227.4464111328125,64.60407257080078,-2.851382406468864,0.08529110501521321,-0.21263014931508803,0.8591195129269614
-0.015681007315282436,-0.004327306959256372,-0.012087085234815498,0.02026615911847296,2.0161435188015275e-08,359.4296875,29.59685711552515,0.3130573232207252,0.07951510553120124,0.1661545454685538,200.83993530273438,72.51911163330078,1.489259913743966,0.135333210955257,-0.1964529986903742,0.8570870852348156
-0.015079646223090978,-0.004270539469744178,-0.013041113182232777,0.020388817293017034,5.836024552507979e-09,494.927734375,34.35473194116001,0.2941402834432535,0.08656440453433444,0.14149008603305469,238.63282775878906,64.30838012695312,1.0391574093027836,0.11858768114432723,-0.1947752758982587,0.8580411131822329
-0.016273897146281024,-0.004206472820172613,-0.011693519570535438,0.020476145678840048,5.87241579808051e-08,270.748046875,37.93179939334988,0.36242873071065645,0.08690525948270747,0.1823429824451207,195.27423095703125,50.167327880859375,0.6832691256454475,0.21640088699405569,-0.13967217051030392,0.8566935195705355
-0.014876785047029606,-0.0041162716651508,-0.011340801585577709,0.019154012800462698,1.173480512761671e-07,453.97265625,12.811725134815735,0.2756260548929692,0.053444685432290334,0.16379471451018368,201.00723266601562,130.06442260742188,0.82707549322898,0.030810037307125768,-0.16588412621615903,0.8563408015855778
-0.014935922500203952,-0.004627407462663435,-0.013563798927758164,0.020699548838326535,1.7035924670949498e-08,451.9521484375,39.05101076343318,0.31134847883449757,0.09424413507673479,0.141425905072604,204.6632843017578,26.555908203125,-0.5519216633260654,0.1680404554904944,-0.15741160911346966,0.8585637989277582
-0.01470952471415933,-0.004569948329004592,-0.013375807733732259,0.02040016611638267,1.6313874695583763e-08,468.3046875,16.877810299055472,0.2776826638620922,0.05189621503338648,0.16226778890395488,213.31033325195312,139.44259643554688,0.5550749739016257,0.021909016653371013,-0.17780439694813147,0.8583758077337323
-0.015085348201012788,-0.003959722375646679,-0.012734948232891785,0.020135194017749873,5.568789518406447e-08,438.30078125,34.423224214987,0.31289373786717545,0.0802972111279108,0.15518773495814664,256.12628173828125,92.9548568725586,2.010680155646446,0.10297866969139788,-0.23952110504235463,0.8577349482328919
-0.01684073125731861,-0.00375011446168122,-0.01081377336749556,0.020362005849142047,1.66191913564262e-08,307.9921875,37.492189670840794,0.3490629000145426,0.0880784456659747,0.17160457197254064,204.73828125,48.16668701171875,0.36477664956687184,0.2108902839328771,-0.17209764142987963,0.8558137733674956
-0.014689702016750475,-0.004762563232502459,-0.013941738517290303,0.020804841426192204,3.115194546765565e-09,514.453125,21.341199000898712,0.2600567728700238,0.06593005952568098,0.14122676996655303,207.586669921875,107.93219757080078,1.516298393556912,0.058858926393963604,-0.15558139728661394,0.8589417385172904
-0.015220998978284633,-0.004232648146186457,-0.013239586095687095,0.020612635935548577,1.1764803575786686e-09,382.953125,46.63327409332435,0.3675892475725995,0.09740470618013218,0.1518063841108096,261.7862548828125,23.125411987304688,-0.2954445317694517,0.20110775500128758,-0.2766785166958055,0.8582395860956872
-0.016590159304424673,-0.0025483055977132962,-0.011457555958383159,0.020322471200742466,8.808850537889157e-09,333.697265625,48.86275011991723,0.4064909715562568,0.09696473792991646,0.16383191729066005,287.33624267578125,34.34562683105469,0.7900252682907044,0.21765095128997253,-0.3010602850997776,0.8564575559583832
-0.01548548778875683,-0.004084387955982677,-0.012706254420967511,0.020443371992924005,5.580282458339525e-09,332.673828125,39.01598846398763,0.3500479754962019,0.0880756823678759,0.17091021128355044,236.7130584716797,57.12820053100586,-2.891918605398588,0.17852795547204633,-0.21886177209532523,0.8577062544209676
-0.01523571341617952,-0.004649265442075098,-0.012768580129332241,0.02041517256772532,3.0134124529013206e-08,454.0625,26.82623797081004,0.2788568606924874,0.08053399052141579,0.14603490644660166,167.75372314453125,67.24637603759766,2.8700658723346772,0.1240456850752504,-0.09773488953596053,0.8577685801293323
-0.013773456398994938,-0.005805422610659194,-0.01542117885382932,0.021476121393425775,1.1839251357059766e-07,379.798828125,43.816231195712,0.34940264407671423,0.09349116107857848,0.15178471042410746,254.21746826171875,40.76923370361328,1.5010089162166798,0.17765222288215726,-0.2752489421186626,0.8604211788538294
-0.014662068685949168,-0.004649868594423637,-0.014094546843692823,0.020862736800955663,1.7882195280094493e-08,551.0703125,3.229553872900643,0.24574971484525995,0.04465298118034388,0.14315506723452576,150.77919006347656,139.16830444335938,2.3615387389872784,0.00683438518492307,-0.09847766068123705,0.8590945468436929
-0.014766584722917767,-0.004265235005667195,-0.012975266892371828,0.020114716129266096,1.4525654457031578e-08,511.859375,23.72966232371029,0.27204229576103506,0.06638745263142339,0.1475253495967943,230.29302978515625,117.74100494384766,2.2208494483451404,0.036813586625607256,-0.20423119500253809,0.8579752668923719
-0.014619167443107832,-0.005200949291486345,-0.014259093508340537,0.021073482814709,5.653214429912623e-07,510.1015625,41.17142640560564,0.3360853661364004,0.07617671140558045,0.1544708302411839,305.7530822753906,150.192626953125,-2.974606619889879,-5.3373795876636085e-05,-0.3020380107795212,0.8592590935083406
-0.01471051242824864,-0.0047004333531263515,-0.013889151881670836,0.020770213999883606,4.088280380898368e-09,656.73828125,24.444464121347114,0.2432969957395319,0.08386107542943802,0.12398666315758511,139.67105102539062,61.65855407714844,1.7936361265351468,0.06943090599789498,-0.10857145617227763,0.8588891518816709
-0.014927864116515366,-0.00445980376222177,-0.013519465322932689,0.020627819063019096,1.4622972277500423e-10,460.859375,40.232871873984074,0.3171002467052728,0.09231176186151475,0.14166086654269183,247.23907470703125,44.39979553222656,-1.4810431734369134,0.14226203894808614,-0.24041729399961306,0.8585194653229328
-0.01466218225200508,-0.0030813004445847114,-0.011244537205303828,0.018732688482496918,1.2556311546063625e-09,397.9609375,29.365726577381764,0.33920919261640076,0.059986442577269025,0.18767045315833564,258.0863037109375,158.4437713623047,2.1201667418009347,0.023608279367088217,-0.28262998094067954,0.8562445372053039
-0.01664916314061521,-0.002206782093050086,-0.011359800275180687,0.020275837412571194,2.116648545325006e-07,327.076171875,50.78664514411208,0.4208195759846215,0.09678862314418796,0.1617934795124284,304.647216796875,42.38071060180664,-1.2680190350678093,0.21682877268571565,-0.3407765082725827,0.8563598002751808
-0.014686928939058666,-0.004618277610431598,-0.013634160806228146,0.020565133372727258,6.614180758646171e-09,525.40625,15.364100591437838,0.2612148483445814,0.04734899870335626,0.14954808718299528,207.80499267578125,146.4832305908203,-1.44295516962547,0.003247427012578713,-0.16436434618701523,0.8586341608062282
-0.014696588624491275,-0.00475809385209372,-0.013952977456827553,0.020816213733856507,2.36248953733309e-09,443.4296875,30.474114914656088,0.29317305149170886,0.07729642157275589,0.15135829196125883,231.19268798828125,88.77647399902344,0.01765931224958912,0.07802905522127185,-0.2356391444749518,0.8589529774568276
-0.01479875945088846,-0.004570691287647283,-0.01362007168219681,0.020625247944216687,7.075491303965009e-09,444.93359375,29.809991951883426,0.2968070228413535,0.07633733473618909,0.15650822851139468,237.8490447998047,94.88299560546875,-2.213896157179987,0.0716547665199833,-0.22914310448175237,0.8586200716821969
-0.014857936147031424,-0.0047993568041530404,-0.013849617412312165,0.02087112825772132,3.143207294442618e-08,504.36328125,3.559878744454236,0.2552299234092868,0.04661547466508886,0.15184049273444444,167.21170043945312,134.53375244140625,-1.5348115607413484,0.013521493098653047,-0.08963507307442457,0.8588496174123122
-0.0152786636134645,-0.004051136949140166,-0.013149060802880363,0.02056081400119989,3.2676645833618068e-09,337.4765625,48.160996947171604,0.3943068373648894,0.09620661978417192,0.16143340225748848,280.2840576171875,35.50581741333008,-1.8489079685423464,0.19737453517048276,-0.3343616999989856,0.8581490608028804
-0.014205947459338425,-0.00548653888929812,-0.01455910747213518,0.02106842809956279,1.4392895764103741e-06,323.658203125,52.683157416429395,0.4233538889532709,0.09766003984791609,0.16006711304259735,308.1583557128906,37.69621658325195,1.2022518330324405,0.19948412286974188,-0.37430813253308015,0.8595591074721353
-0.015687479942736532,-0.003427451021391692,-0.012620522181240657,0.020423565496381562,7.296510506904497e-09,348.078125,50.004952155298255,0.40125003415323235,0.09695299783615098,0.1551154106605055,295.04193115234375,37.15673065185547,-1.843855120933274,0.1949169410193703,-0.3350472338527328,0.8576205221812407
-0.015061284100438527,-0.004656405001013775,-0.013585865749723203,0.02081105798504945,3.280962612706162e-09,451.099609375,40.03509917631572,0.3209389269674201,0.09241150578663912,0.1438947400098488,246.29478454589844,43.53144836425781,1.4861401507659813,0.15533535233647433,-0.23421960856045532,0.8585858657497233
-0.014853291126129597,-0.004569106546076451,-0.013745685664118268,0.02074706886005118,2.28473879815283e-08,327.431640625,41.10142036034587,0.3589853450787985,0.0880723416024344,0.16833406213689173,251.51646423339844,61.59918212890625,1.5615862694122051,0.16752301866664157,-0.2889788708612721,0.8587456856641184
-0.014784381672418162,-0.0046863113601898765,-0.013684456411799717,0.020683418549331374,1.8277553692769288e-08,473.74609375,24.99274803851497,0.2725292539685457,0.07931356176828706,0.14662698815894537,160.93545532226562,70.3173828125,-2.722285177776703,0.10489592681678961,-0.1165658718877832,0.8586844564117998
-0.0150501354609998,-0.004150710571619698,-0.013094434086930451,0.02037643687450692,3.688868233098219e-08,445.78515625,38.225940758751314,0.3231645391777268,0.08751859129778476,0.15143704960584614,263.55706787109375,70.42145538330078,2.17578448304712,0.11985667967618491,-0.26566074106204257,0.8580944340869305
-0.01515385485834507,-0.004004641634677952,-0.01296126910659956,0.0203389028352976,7.041117910944195e-09,464.62109375,39.87545761622726,0.3220466519380651,0.08959815919412248,0.14540846751054426,267.3578796386719,63.520381927490234,-0.8747748738150595,0.1079192220428459,-0.2755345838730381,0.8579612691065996
-0.018036277730536482,0.001210944986841267,-0.007383061858830198,0.019526477013161268,4.529857960733352e-06,371.34375,47.015261481329205,0.3959871939493688,0.0941259531822149,0.1643814029685119,306.00360107421875,59.569515228271484,-2.9483095846446616,0.1548997668376647,-0.34862279374655686,0.8523830618588303
-0.014946198218084433,-0.004154608937914389,-0.01307212817661707,0.02028620594559698,6.585528211644487e-08,477.2109375,33.74845106355567,0.3006868444952376,0.08072502575422798,0.14834504779290014,255.34324645996094,91.03831481933594,2.2536328117828264,0.06961467727647903,-0.24834890741471985,0.8580721281766172
-0.015006239572064956,-0.0040419813446274655,-0.011459501447926401,0.01930919503033599,1.159280387241779e-07,385.0390625,17.689213251253417,0.301855715385397,0.05391737544114602,0.18098372359393056,209.46405029296875,132.56820678710938,1.7765235595082576,0.06282562308723132,-0.17401990684073063,0.8564595014479265
-0.015081528248924725,-0.004101629336628693,-0.012995788689458276,0.020326494562497965,4.7612780385009046e-09,514.73046875,37.699937710393584,0.30503107431152854,0.08790892803637124,0.14024030776545826,265.70947265625,70.4447021484375,-2.3128096762619714,0.09248869474852696,-0.24236162198462022,0.8579957886894584
-0.01470189409356852,-0.004689021452120773,-0.01400634106996268,0.020840110419215085,1.8753951724903573e-09,537.91015625,9.334766459490297,0.24620512081065668,0.053597708210431014,0.14196879065889612,167.235595703125,122.95040893554688,-0.18165917686784583,0.009950030624740936,-0.09930992477891626,0.8590063410699628
-0.01476723231921339,-0.004414953493558693,-0.013462498241974985,0.020464648143446937,1.4664684577780918e-08,539.2890625,32.874923094994735,0.2875267806000186,0.07514900110357445,0.13955622360956443,263.51446533203125,115.20274353027344,1.2765156841528642,0.04819317184987156,-0.2248117833308306,0.8584624982419751
-0.014692759821046036,-0.0045491230172440555,-0.013716243388406157,0.020608421678405167,1.7709281152633594e-08,504.1171875,29.373566032979276,0.28581883382364265,0.07039573843268097,0.1469571621296183,249.68338012695312,118.8853530883789,-2.4893355542023765,0.04475283811501547,-0.23847329106406814,0.8587162433884062
-0.01659911396034991,-0.0021455912149804246,-0.011411705479362433,0.020257373173197826,2.496453177514013e-08,329.203125,50.87518304145551,0.4231496237823891,0.09840712386814394,0.16324171122576137,299.0827331542969,28.81658172607422,2.826375364150183,0.19963883553364967,-0.3728505110310323,0.8564117054793625
-0.009811407727354338,-0.006820732911587413,-0.018977372664709224,0.022426029347587435,7.345701760641532e-06,403.36181640625,48.0687733133611,0.3233695269932995,0.09720241817929039,0.13794924249593832,205.19644165039062,12.339174270629883,-2.0977033341887643,0.19965178662516783,-0.16395317673689455,0.8639773726647093
-0.015009001649783096,-0.004645133503959342,-0.01323962175335247,0.020545923682439814,9.103795051146335e-09,451.7734375,26.69147954058759,0.27948677779642667,0.07978598893470955,0.14758637916608164,180.47994995117188,70.07778930664062,-2.626659695480968,0.1034914249860626,-0.10737977391986983,0.8582396217533526
-0.01477803161922664,-0.004744203397899868,-0.013676181426512946,0.02068660491309303,1.806174587670739e-08,454.30078125,22.207748773890476,0.27150832235985767,0.07118849422946326,0.1497728566055322,142.10745239257812,89.89837646484375,2.0464189164277418,0.08804330619608565,-0.10503222086418888,0.858676181426513
-0.01527399867417037,-0.00446643778820105,-0.013016079413909365,0.02055875544199171,4.777058393301559e-08,383.302734375,36.42396747349371,0.320065969171532,0.08910304965006176,0.15576686564110143,205.27438354492188,45.70182800292969,0.13702297125563762,0.16771653087210883,-0.14967632963996932,0.8580160794139094
-0.01605540099130104,-0.004168940134628374,-0.012302392846397447,0.020651993428835794,3.2853719744707632e-09,390.24365234375,42.41411589336737,0.3424013322649139,0.09660665194852307,0.15047727171858527,210.3061981201172,15.954462051391602,0.6773690799281816,0.21070566987553369,-0.17829688070333236,0.8573023928463975
-0.014804227802788159,-0.00447552509056226,-0.013706382938287076,0.020665440206394475,5.2138400263856965e-09,455.046875,41.995381972261235,0.3403868330340981,0.08660980172022142,0.15116593394419697,294.1675109863281,91.66850280761719,-2.343000484095859,0.09326571610972413,-0.2936764682706041,0.8587063829382872
-0.015888007021140654,-0.004880387747044065,-0.011777383431434973,0.020370412665342633,1.9941101214726586e-08,418.81640625,29.49138836553226,0.29391726155244374,0.0832825034775076,0.15172341004693013,146.0618896484375,60.155418395996094,2.5873422683737455,0.14119651840265235,-0.08792519415125082,0.8567773834314351
-0.016056309103247957,-0.002788625653045884,-0.011277180908308981,0.01981808023726308,4.810863529769449e-08,316.9765625,40.79628691259344,0.3725139036414951,0.08577558321842156,0.17646444738932077,265.116455078125,76.98735046386719,0.9357560638573975,0.15411028655859296,-0.2764310624079062,0.8562771809083091
-0.015182595228787371,-0.004725377295734093,-0.013273070697735534,0.020712672309852295,7.048607386650474e-08,376.5986328125,37.937393247015024,0.3247226131507723,0.09217193208539161,0.15361448640115027,161.25820922851562,30.883071899414062,2.8300477204731447,0.1995235207998776,-0.10611765316749346,0.8582730706977356
-0.015203839359926835,-0.004122603641516842,-0.013217490958948308,0.02056343014473482,7.315299654919727e-08,425.333984375,47.27874983417219,0.3709148235935796,0.09618721700496603,0.1494802129298234,295.50335693359375,42.97258758544922,-0.5046644834077915,0.1775560695816719,-0.25356228929814495,0.8582174909589484
-0.015546970103701846,-0.003383041580143298,-0.012663382031715908,0.02033505579583107,2.5517620017012632e-08,366.03125,50.462542799270345,0.4041689224207858,0.09771076266836484,0.1567805776622061,304.29949951171875,36.18981170654297,-2.8346248401724714,0.18274248875546753,-0.35525321596180626,0.857663382031716
-0.015276837696024254,-0.004271053007232656,-0.01315467173430751,0.020607499902187253,2.8888795799986156e-09,455.455078125,37.80280071206188,0.3101025607351793,0.08991610438670815,0.14281343238099153,239.40896606445312,51.21210479736328,3.1216904664106537,0.12988351648775923,-0.24581757465033935,0.8581546717343076
-0.014507564709558593,-0.005241310617725314,-0.014444951044111365,0.02113285076510701,2.3465354104246217e-07,333.57421875,45.148909569539335,0.3844878073172233,0.08736837839954952,0.17010976955436174,291.8253173828125,85.40047454833984,-1.6438157291370434,0.12197414128452924,-0.37213917671401425,0.8594449510441114
-0.015356467930523865,-0.004283119851528211,-0.012938728320360582,0.020532338237810713,2.7995740836672667e-08,381.826171875,38.02984701852423,0.32669951024804517,0.09065081640552519,0.1543866508726125,213.65521240234375,41.79618453979492,1.893172453099574,0.1778257822021984,-0.1680334330073098,0.8579387283203607
-0.014891121068367486,-0.0034608075397928872,-0.012477136360027119,0.01973326144475302,1.7620919834371307e-08,416.71875,40.802226918690984,0.35954326619833676,0.07943371003888462,0.16782737843143114,299.0536193847656,126.98866271972656,-0.8796320099403843,0.06481608753700284,-0.32195304804273833,0.8574771363600272
-0.014667698140696383,-0.004522591202630405,-0.01339768452529111,0.02037383495005108,5.838666794488745e-08,477.9921875,18.201001566744214,0.28017707052942303,0.04658504186192605,0.16331397533318048,216.79067993164062,154.5374755859375,-0.2522014652072317,0.003159368606949131,-0.1841252797676662,0.8583976845252912
-0.014424035822786396,-0.005107181222373691,-0.014425699870380448,0.02102943000191603,1.340782507242011e-08,339.337890625,43.20114918846119,0.3639911982313329,0.09368937050397091,0.16184137604392201,242.52175903320312,35.938838958740234,-0.03510917456055426,0.2083461870484828,-0.22700165459874436,0.8594256998703805
