res_x,res_y,res_z,res_norm,reproj,area_px,obliq_deg,cam_range,gripper_perp,gripper_dz,cx,cy,obj_yaw,det_x,det_y,det_z
-0.01476680556921145,-0.004670540364555109,-0.013849031294431269,0.020776625371074327,3.932278502816189e-08,466.875,45.44948374968394,0.3497249526345166,0.09762855990450882,0.14612074185894597,276.40972900390625,26.896636962890625,-2.775290435032959,0.15397433291024398,-0.272618874854293,0.8588490312944314
-0.015720365375333056,-0.003385990624030777,-0.012491109341235651,0.020362284562757176,4.78264539083284e-09,412.447265625,48.540883729346724,0.3788526722397377,0.09808059578529665,0.1483703268321629,291.932373046875,28.724716186523438,-1.3203842419127885,0.17279846588269612,-0.3190674919947155,0.8574911093412357
-0.014915025456223446,-0.00466561364357003,-0.013425774462364592,0.02060284822409614,3.386939395610966e-09,438.04296875,31.597342789105603,0.28877462538529003,0.08455156204488146,0.1442214737003129,183.53909301757812,57.21381378173828,0.8618595869220985,0.13482268477168183,-0.11221175431142842,0.8584257744623647
-0.014753040595248547,-0.00459370133089218,-0.013413668802272127,0.02046169126586414,4.635360095761598e-09,525.72265625,18.91220134060162,0.2577582253572163,0.06696635816806835,0.14213571309607798,203.381591796875,104.51349639892578,2.436013567896935,0.05333712357868324,-0.1440615841149107,0.8584136688022722
-0.01580810941846572,-0.003341252407995987,-0.010903790751969011,0.01949238168626011,6.574369137979374e-08,360.30859375,28.767112695620703,0.3203054577343278,0.07331160523932286,0.17428199514162057,228.12930297851562,97.87820434570312,-1.0788006523734217,0.11437514370027362,-0.2070733605261487,0.8559037907519691
-0.0157696471127233,-0.004657873222768269,-0.012504108889956567,0.020657451250120255,5.224944366055695e-10,461.326171875,38.387146201660265,0.3102903721984062,0.09553099822020884,0.14228527911322908,163.3441162109375,17.661869049072266,-0.4273040256549573,0.17837059390767007,-0.11076289545106881,0.8575041088899567
-0.015524736073838724,-0.004665196968935581,-0.012855951918636865,0.02068953824172057,1.5945067488587483e-08,381.775390625,40.83516492149687,0.3308348013161549,0.09485552307618411,0.15037682141953013,175.5643310546875,20.376880645751953,-0.5908019105306659,0.20265609248856287,-0.1315724360516312,0.857855951918637
-0.014702888338856607,-0.004734403898058487,-0.01395752376711945,0.02081830866051662,3.1338762696009326e-09,353.4296875,39.1287335440138,0.33545874309162377,0.09168616641659377,0.1591369818085694,198.458740234375,34.858707427978516,-1.8996942379220894,0.19711507071753637,-0.16108847390760705,0.8589575237671195
-0.015242895333451273,-0.004245327915306629,-0.013194294392086525,0.020602380245012427,4.441861545245729e-09,472.509765625,44.11042543614761,0.3316328446027655,0.09733525081590717,0.1367105957448228,250.46063232421875,20.540197372436523,-1.4401583968549334,0.16886567614957884,-0.23948083502155496,0.8581942943920866
-0.015307606469256996,-0.0036325585918169367,-0.0127832865694536,0.020271426029201657,1.253671833012504e-09,480.896484375,47.56803705961223,0.35806913230350607,0.09755145970427716,0.14089892715351982,299.8163146972656,36.12562561035156,0.6354341638159373,0.14214517191496132,-0.33425761545923055,0.8577832865694537
-0.01499771403531587,-0.004493057610257367,-0.012786027289323432,0.02021389341066005,1.7867357593459587e-09,435.37109375,18.39338741598575,0.27577340984262144,0.06456401728838818,0.15779733365844784,188.61480712890625,104.01789855957031,2.802479371181828,0.07941613020126463,-0.14763267864733773,0.8577860272893235
-0.0148739511683878,-0.0046297923614166125,-0.013713543610541112,0.02075405211103676,2.1139904049505276e-08,455.349609375,37.44938278473774,0.30599457487852255,0.09236724451493454,0.14166042635695775,208.3270263671875,34.853145599365234,2.1527287770488854,0.16013806527602886,-0.1575204518835791,0.8587135436105412
-0.014749818344174078,-0.004843274704652276,-0.012628807352595861,0.020012526732020572,2.6907960304356493e-08,480.8515625,9.290641270359984,0.2688106152023871,0.04519414145681235,0.16068234119356584,131.31619262695312,143.17013549804688,-0.5912717704796479,0.00044394836668122835,-0.09626277608358023,0.857628807352596
-0.01473388198292419,-0.004700418243000645,-0.013839547674325825,0.02075365726265635,3.2568643337782532e-09,482.6796875,19.74954218531951,0.2621284952688834,0.0698624070393316,0.14676418653701673,169.98619079589844,91.95091247558594,2.2995212045668563,0.0720612945556696,-0.10974454746963301,0.8588395476743259
-0.015375330777489787,-0.004514496037429233,-0.013052115076216508,0.02066734571617718,1.5410162035323083e-08,476.044921875,39.14110559469929,0.31293182657457846,0.09620616192894567,0.14252086312664858,200.17776489257812,17.215988159179688,-2.3081492769971677,0.1768945506159828,-0.13848701688648646,0.8580521150762166
-0.015173576127637867,-0.004449817028352898,-0.01246344268837829,0.0201339436706655,3.235807355395082e-08,337.07421875,22.22445340095271,0.3094488448312164,0.0673768419587876,0.1821713500630192,184.96484375,96.82036590576172,0.07802260481988635,0.11956251023639546,-0.14325390845304972,0.8574634426883784
-0.015848713519925894,-0.004178933410240976,-0.012366036899372213,0.020532025552305967,2.8116287964508047e-08,425.8037109375,39.29673307584366,0.32297385867135614,0.0950272007918109,0.1478769718632218,201.7544708251953,22.05413246154785,-2.530881331144455,0.1731022398264683,-0.200208892085049,0.8573660368993723
-0.014719035720252023,-0.004536331245071662,-0.012916205559951655,0.02010116115466951,1.518945147438444e-08,462.7421875,9.241915033092614,0.26992306122546267,0.045756530900591424,0.16313176912931449,188.1090545654297,139.30657958984375,1.189795913836361,0.010033462675742282,-0.15071529316850307,0.8579162055599517
-0.015456764843679693,-0.004602765819998661,-0.013025349233010353,0.020730575372344198,2.0434043790373835e-08,459.990234375,37.820128911431894,0.30433117055988607,0.0939397248494691,0.14004974446688745,177.6459197998047,24.834583282470703,1.5073254413848012,0.1786829935903372,-0.11457975536924186,0.8580253492330104
-0.014982760807703818,-0.004377661072161004,-0.013166358563848402,0.020420578731157536,1.4485926236318392e-08,469.88671875,32.03931745985856,0.2879494411760422,0.0810591634551618,0.1421435175162623,229.7218475341797,78.43684387207031,0.8288002728516786,0.10508487193686042,-0.19406665946118565,0.8581663585638485
-0.015928114551477524,-0.003429844999981446,-0.012206605601194687,0.02035853359630809,3.4193945452898333e-08,357.453125,44.769212961943005,0.3716218263852464,0.09461407889897755,0.16081755081887128,264.3314208984375,38.91236877441406,-1.991530943369802,0.19796968875056975,-0.273439406497866,0.8572066056011948
-0.01480916460152773,-0.004591935531992164,-0.013436872212232998,0.020516987180699643,3.518006330693879e-09,492.6015625,24.25764586844499,0.27242407705517635,0.07519005439406379,0.14695160562304221,211.14434814453125,88.05126953125,1.0960124539644096,0.07870562986252123,-0.15309244695874988,0.8584368722122331
-0.015211207334583074,-0.004742941509821005,-0.012726479982580363,0.020392145926514837,1.9801968065280562e-08,467.654296875,25.39080538524034,0.276914280607235,0.08076565164234559,0.14797444649889846,154.06385803222656,66.92082214355469,2.2899508238619246,0.10826268655444593,-0.0870275516108429,0.8577264799825804
-0.014768648915329696,-0.004266881285034108,-0.012672532932441527,0.019922659401010158,7.399537871322082e-09,449.4375,19.955880073118646,0.2880380313620451,0.05331582405632623,0.16549582369124238,221.53672790527344,142.1388702392578,2.530643759244069,0.02594181089823326,-0.19564265763163605,0.8576725329324416
-0.014738527476034817,-0.004655951876302175,-0.013180936965720869,0.020313522080884494,6.980282574176044e-09,520.171875,8.597868489337129,0.25135855635096066,0.05734177354194713,0.14677563180018316,175.68917846679688,116.89874267578125,-0.30666547746544404,0.017224019747719387,-0.12188248937634848,0.858180936965721
-0.014575143174530153,-0.004880034071054806,-0.014090067676755025,0.020851367778355584,1.916625080866652e-09,409.580078125,48.303845536793226,0.37173008844297123,0.09774828976695221,0.14686338385294906,283.8431396484375,28.672103881835938,0.09567184941532127,0.19454625086914085,-0.2602804774294252,0.8590900676767551
-0.015659191225577296,-0.003280744756453291,-0.012455851834298204,0.020276138708200404,1.1265066213184127e-08,394.095703125,48.71079949671845,0.3841137280060711,0.09589663957245845,0.15114029427485454,302.0658874511719,47.20880126953125,-2.512954275417717,0.16910541803682333,-0.32808437121861905,0.8574558518342983
-0.015417193799411033,-0.004293154067878974,-0.013069318078462455,0.02066223878322892,9.12329856106453e-09,424.93896484375,44.30259521816561,0.340438175480991,0.09748664283305693,0.14250841755133703,234.6365966796875,15.808478355407715,-0.2321778537134296,0.19473787299363104,-0.21198624014752646,0.8580693180784625
-0.014573445981252535,-0.005108983568969688,-0.015092455826389739,0.021593268945391604,1.7417184139389974e-08,527.33203125,18.553769363043475,0.25477618422494136,0.06370399915825434,0.14108723093593278,200.89517211914062,110.60794067382812,0.07076888406909979,0.045615332755779524,-0.1497516238406006,0.8600924558263898
-0.015400288552891134,-0.004332588071471272,-0.012775646068571733,0.020473332395552445,1.6432895932894098e-08,371.462890625,36.275135121343546,0.32717468162618735,0.08655317414405679,0.1612258397149814,227.15670776367188,59.528900146484375,-1.903776939022818,0.16239237018119035,-0.18572445051966316,0.8577756460685718
-0.01471282666207377,-0.0045433211432324705,-0.013217176403480746,0.020292924566939586,1.6656874990417236e-08,484.75,15.444939229620038,0.2723690965833838,0.04762789825108626,0.1597442269674053,208.53135681152344,145.816162109375,-1.7252668843721368,0.0055723608912024315,-0.16975543843223714,0.8582171764034808
-0.015094172418405771,-0.004206933767632648,-0.013145660128164094,0.020453379010007433,9.068519091215421e-08,323.65234375,42.919709082580034,0.38044635811692407,0.08781800569638222,0.17528553965810556,276.49884033203125,75.36935424804688,-0.16590489666923375,0.15781825922809165,-0.29357396775028494,0.8581456601281642
-0.014744957483118125,-0.0045805312737032255,-0.013709118891711336,0.020647880731818728,5.631048960452745e-10,602.44921875,29.40788862787598,0.26514054438047124,0.07444580714523649,0.130204277803863,252.15802001953125,109.26409149169922,2.2993386330443943,0.022798925396838553,-0.23320712016891834,0.8587091188917114
-0.014939714126699727,-0.004598248946571432,-0.013662912450377207,0.02076087975469318,4.2352779061616275e-09,445.3984375,43.08733210309706,0.33128610170842343,0.09715289321446478,0.1420275291748736,230.01168823242188,16.51935386657715,-1.0463870763160485,0.17589089823527262,-0.212487437377636,0.8586629124503773
-0.016131897474737505,-0.004453009652497841,-0.01182231683001056,0.020489865454166166,2.388515341067432e-08,390.357421875,35.54913173603572,0.31696185551317935,0.09012171473534421,0.15453410558536795,184.48692321777344,39.44744873046875,-0.9832528138131249,0.1754860788453525,-0.12940488582269463,0.8568223168300106
-0.014476999463087711,-0.005048106756635473,-0.014784004735303058,0.021298678158376258,1.1841969183024048e-08,458.375,25.271975094613094,0.2819156053683273,0.0693477899177813,0.1540089922625163,223.34149169921875,106.26266479492188,0.21667561657890017,0.05574283457850557,-0.2021812675261232,0.8597840047353031
-0.01474676015209208,-0.004683784624998397,-0.013262059416443317,0.020378591545098867,2.4940908005532947e-08,478.76171875,8.189321052282887,0.2618522369063769,0.046777224802243354,0.15559128696650948,153.65792846679688,134.03472900390625,-0.4002622137168651,0.042384280821086605,-0.10237481364333716,0.8582620594164434
-0.016087695462376678,-0.004499334442044978,-0.012057898942439027,0.02060220577068435,1.3356892258897801e-09,389.6357421875,37.56579797737652,0.3238906275453173,0.09284080584024808,0.15420849478546272,175.25799560546875,28.603618621826172,-0.8269277155654144,0.1852853471422843,-0.14452563790236525,0.8570578989424391
-0.01578561071344839,-0.0032387325713666426,-0.011835419161074667,0.019993800063612246,7.456088013668705e-08,410.4921875,41.20912834077513,0.348019724786911,0.0905091823167563,0.15691097320175773,273.59771728515625,62.343318939208984,1.065503189299089,0.14097105364135262,-0.2739425929799529,0.8568354191610748
-0.015664797637237993,-0.003379365691602909,-0.01238713485835885,0.020254557696784414,5.1895799657586394e-08,374.296875,46.61695092494515,0.37588303123544686,0.09525324045626804,0.1557671511431581,281.7934265136719,41.73945999145508,-1.0684357136799734,0.1734154533214834,-0.3417525938083966,0.8573871348583589
-0.016637094829179105,-0.0036761091306696803,-0.01160332569107736,0.020614166725553256,5.1147726054523446e-08,345.1015625,42.617843959468146,0.357188008011618,0.0942221512673575,0.15872991082372256,229.57894897460938,30.35313606262207,-0.08300145353416126,0.2165595581109836,-0.20701441189628234,0.8566033256910774
-0.015003398804310716,-0.004692052567322608,-0.013354327824420809,0.020626570355195037,4.2305867253844553e-08,444.5078125,28.75715192487169,0.2833347856711251,0.08223090859668536,0.14706340047930955,152.22010803222656,62.8004150390625,2.2122753778379827,0.12314100390233072,-0.1255710838417342,0.8583543278244209
-0.01469815517357375,-0.004630061353836978,-0.013802177402877924,0.020687516397752088,1.4355044264391381e-08,459.9921875,34.386192558886954,0.3163368181149653,0.06892330991962779,0.15819886822248552,270.1148376464844,140.9883575439453,-0.27936700299861617,0.034302811698136336,-0.27990428229391523,0.858802177402878
-0.015471505379744843,-0.004756535290626043,-0.012165778269767946,0.02024841395259398,8.60153761550464e-08,296.279296875,26.364310403146444,0.32429471927290116,0.06950806831189711,0.1860697388646927,155.12355041503906,90.07423400878906,0.017463352504899072,0.15129648199751905,-0.09331240579676799,0.857165778269768
-0.01683510060729107,-0.004091698767440921,-0.011274944116400731,0.020670921026626977,1.6239798839023933e-08,339.404296875,37.752886258162576,0.3356214944366727,0.08872743089917261,0.16012059001825585,205.76913452148438,46.54378890991211,3.137978134001767,0.19630416597935357,-0.1402414873484936,0.8562749441164008
-0.014993153429270989,-0.004675604099578928,-0.013224744708804748,0.020531677867693107,1.1026261681479355e-08,368.947265625,25.968441043502413,0.2963588115270444,0.07294109795525684,0.16346680742867659,167.60597229003906,84.00630950927734,1.3863415710782316,0.13865218106310237,-0.0868145438051029,0.8582247447088048
-0.014727592028823714,-0.004447214140854083,-0.013347103984242992,0.020367249822896547,8.945234242219158e-08,462.8828125,25.60921042624068,0.29596630652340744,0.06016718646032322,0.16532938234059158,242.31031799316406,142.49635314941406,-0.9563841054438156,0.011800513715044503,-0.2261895702081475,0.8583471039842431
-0.016563818107476147,-0.0036003046332921673,-0.011774368236065036,0.020638750231264415,1.641224756099291e-08,355.2880859375,45.402097545450076,0.37384298255714854,0.09747425510092686,0.15747973047971375,244.0041961669922,17.82872772216797,0.2804637810813844,0.2271245964693056,-0.19905706302724221,0.8567743682360651
-0.014716199378159177,-0.004570941989377519,-0.013779759429957572,0.020672247211067588,3.906127865604958e-09,515.34375,40.656075139674286,0.32699505824589153,0.0827472576355406,0.14638782792403726,301.5330810546875,114.4561767578125,-1.4517711855783932,0.023954674106068198,-0.3164014499223147,0.8587797594299577
-0.014862395734100503,-0.004233243788680174,-0.01259314716268034,0.019934856793875695,6.453569678654958e-09,401.21875,20.840471180088393,0.2984859526128205,0.05966971614116717,0.17340485589242738,218.6293182373047,124.62992095947266,-1.5755499405155846,0.05442162899211646,-0.23273476220555844,0.8575931471626804
-0.015760596983105668,-0.004131665438088461,-0.012792492490815599,0.020715089685631287,1.9299806197636826e-08,327.90625,42.290001177771664,0.3569089303551277,0.09230446663495605,0.16106857391311447,229.56948852539062,38.2179069519043,-3.138401316736429,0.1951078685755251,-0.2372125451476735,0.8577924924908157
-0.014786983591933596,-0.004417140512421924,-0.01341648212390223,0.02044915662406595,3.010135429803995e-08,476.125,32.00578322300845,0.2996696018443024,0.07611330168381339,0.1526383010867286,256.7669372558594,106.71922302246094,-1.235515810692601,0.044043098387093506,-0.25170571329913405,0.8584164821239023
-0.01487809205793697,-0.0038446204962304664,-0.012843967593727301,0.020027636745088014,4.1045844056952774e-08,492.3046875,38.28068354136157,0.3220332177806239,0.08475394852028087,0.14998656349309358,285.2518005371094,93.03943634033203,0.923626328705177,0.044616867245645384,-0.3054871835892942,0.8578439675937274
-0.014649477374417755,-0.005500725341635537,-0.014538353700497275,0.021359515325691542,1.9142325982102193e-06,438.91015625,47.24282387383958,0.360178280654255,0.09346684851111411,0.1504967465156638,305.38311767578125,63.36154556274414,2.5145686587881824,0.11217577803025046,-0.34708361092854406,0.8595383537004974
-0.015248559016416877,-0.004447163947929184,-0.012331554735490746,0.02010878070523705,1.9381552363029186e-08,416.5546875,22.446972277084953,0.28524721293316213,0.07255984240581954,0.15962495886655959,187.3751220703125,87.35115814208984,0.6958975645494879,0.10771342927306343,-0.11515739148689164,0.8573315547354908
-0.014923058588620683,-0.004465194577331938,-0.013433011586912569,0.02056894359336345,1.7990021916602927e-08,524.25390625,36.2993547455049,0.2920101405150814,0.08950278113580297,0.13542786962270847,240.91110229492188,54.577857971191406,-0.7508441902559972,0.11379890197769167,-0.20094356826252646,0.8584330115869127
-0.01581916056849575,-0.003792461747916115,-0.01223911404759881,0.020357419283184894,2.7699494253852208e-08,353.59375,39.57394112258373,0.34383801750184545,0.08973488342759219,0.16286231353893077,235.88206481933594,50.281761169433594,-1.5492078237481524,0.17506034319540265,-0.23732877405646038,0.8572391140475989
-0.015997045154345108,-0.003021340160522523,-0.012062684866317674,0.0202618438504454,2.7373101563199498e-09,324.57421875,48.91130524521376,0.4120844893763765,0.09598423078398628,0.16693949593729063,293.3021240234375,42.641578674316406,0.6748127050516042,0.20432997400144293,-0.3212108229878916,0.8570626848663178
-0.016696469667025315,-0.003914311657624514,-0.011609027299098962,0.020709018565015017,5.546579640025584e-09,364.5556640625,42.7170226372506,0.35135131296771205,0.09647842882811664,0.15483337904090233,208.01278686523438,15.833221435546875,-2.3549010710660676,0.2218582984131358,-0.17932148926008903,0.856609027299099
-0.014296599768532009,-0.005605365009584529,-0.01489462368421135,0.02139305252942024,4.638388304556429e-07,363.7421875,44.125952894364346,0.3676505699190121,0.0900950424053918,0.1644539076012418,281.6739807128906,67.44617462158203,3.0446901057049343,0.14971497479041077,-0.31753605596029116,0.8598946236842114
-0.014961179950252729,-0.003972274700335232,-0.012949239862549256,0.020181642272535757,1.4750464849555556e-08,440.74609375,39.05689891362835,0.3331244088386133,0.08269079493985561,0.15517895406723892,282.46307373046875,100.22018432617188,-1.2097061953967443,0.07738451146808152,-0.2914964104747611,0.8579492398625493
-0.0148919478361699,-0.004534628681182484,-0.013374358237833617,0.020523314203737077,1.7690791054292276e-08,435.8984375,25.03006050174953,0.28438872023317263,0.0729808622291118,0.15606192771260885,208.48733520507812,91.48489379882812,-0.38709664888077994,0.08592269271559591,-0.16078207274106585,0.8583743582378337
-0.01555917598660217,-0.004490458519499918,-0.012574767808000042,0.020503096364269502,7.581705574466469e-08,390.640625,34.514632630827556,0.3094245469146362,0.08767725242964346,0.15270885099501696,183.12698364257812,47.181819915771484,-2.4038623529116627,0.16024977193905976,-0.16226486189514933,0.8575747678080001
-0.015251847148463116,-0.004775379384734532,-0.012533503098246412,0.02031038624994568,3.748514387780233e-08,415.712890625,25.81365130329815,0.286298824096787,0.0768063169404294,0.15433155852069347,147.3040313720703,76.35708618164062,0.5755117890793703,0.12792586605040396,-0.08987975747320524,0.8575335030982465
-0.01483264047696177,-0.004561098088722154,-0.013665847037806045,0.020677674302359582,1.9360548719760118e-09,511.814453125,36.197316460899344,0.2918551082959918,0.09012009520439394,0.1350767375176103,230.99124145507812,48.44226837158203,2.059822606950158,0.11823098900280375,-0.23516115276148594,0.8586658470378061
-0.015107729422192337,-0.004412483343481488,-0.012867209768881782,0.020329254408046653,2.112122698960661e-09,427.08984375,26.61848108975714,0.2910158295240369,0.07699353189497114,0.15697639946288933,208.798828125,81.9423828125,-1.7761149222692132,0.1031353044805897,-0.14088609803931076,0.8578672097688819
-0.015919217467671526,-0.0029226616979145525,-0.012109880287983654,0.020214169208077042,5.5898063067161274e-08,377.71484375,49.3049298634901,0.4006473505563341,0.09740357633687995,0.15827241115667579,304.02630615234375,38.0679817199707,2.7141406573238287,0.1735867247093733,-0.35111044802682184,0.8571098802879837
-0.01510747781998499,-0.004019070168158501,-0.012953083326763037,0.02030199937858305,1.7511804228931283e-09,456.015625,39.9988184219627,0.32279870735495186,0.089113990028147,0.14525762292122335,266.4326171875,65.31086730957031,0.6156465630898067,0.11745665959538283,-0.261301165585465,0.8579530833267631
-0.01538133338247083,-0.004792012785915956,-0.012460889949865495,0.02036719375627758,1.4449653029657838e-08,425.603515625,28.27534091818209,0.2897723235782977,0.08189017827627411,0.15160919834912845,147.30169677734375,63.81487274169922,0.843153241653559,0.1371402276481448,-0.10298133164991327,0.8574608899498656
-0.01516944852058126,-0.004057438147055337,-0.012809745461009436,0.02026486001707381,3.735724618536551e-08,406.3671875,35.19654185394441,0.31912618155470396,0.08148187275323532,0.15801111647909194,249.5774688720703,85.0179672241211,-3.0684081603936995,0.10675631403038509,-0.2426841508855608,0.8578097454610095
-0.01600196733568221,-0.003991036258310987,-0.012099279279815356,0.020454434436531426,3.2020132323395956e-08,352.9267578125,39.382495168917295,0.3415810896255114,0.09174063797476792,0.1599446385440756,215.1338348388672,37.52372741699219,-2.550383612094943,0.1913141083602297,-0.19078881469228384,0.8570992792798154
-0.015326455254968674,-0.004266458433249881,-0.013012518311776411,0.020553066220384792,1.7969384202842775e-07,384.53515625,41.17849473860902,0.33921314410132486,0.0929086089065455,0.15296962732746267,235.8115997314453,37.97942352294922,2.001890137971662,0.17905266863171698,-0.24962459034764253,0.8580125183117765
-0.015155865505026872,-0.004508825127796018,-0.013128602854547311,0.020552128263319498,3.578638185786076e-08,417.884765625,33.03153940862927,0.30473863424089603,0.08811441798656319,0.1538321503779292,191.17135620117188,47.03548049926758,1.3030806822144725,0.15214886746490802,-0.18109099351206617,0.8581286028545474
-0.014943186721891148,-0.004160512733346944,-0.01323504322620983,0.02039056313124502,9.498051234402283e-09,473.9921875,41.88099990530793,0.34463664750576445,0.0791307363567183,0.1551799227422176,305.51751708984375,136.39434814453125,3.1206920094147788,0.025737797862743404,-0.30933525283896823,0.8582350432262099
-0.015042460863311194,-0.00432264567290333,-0.013061019606433355,0.020385071194316574,2.1111043468913238e-10,403.87890625,31.19033455358435,0.3076801472449637,0.08044919788238118,0.1603015492251917,225.70718383789062,77.68330383300781,1.4144338231365687,0.11384005164502246,-0.19119475747627585,0.8580610196064334
-0.014799044135445416,-0.00460950318915776,-0.013314742555150083,0.020433834595680798,7.816740144050982e-09,447.1640625,14.466520744969959,0.27294258241179303,0.05601318044778896,0.16166172261619194,193.07321166992188,122.12671661376953,-1.8291396476540807,0.04211029027855931,-0.15753631052792896,0.8583147425551502
-0.014519419972444422,-0.005045253697849916,-0.014274548903656314,0.020976913205111043,7.340861696292222e-09,463.33203125,45.56157719935002,0.3485797719769152,0.09414871541446475,0.1444628609042924,294.8110046386719,54.32343292236328,-1.5446587775740788,0.12230765336223025,-0.3331128942116314,0.8592745489036564
-0.014582533386369029,-0.005018466191630322,-0.014473973292028708,0.021150205335633606,6.197430568732898e-09,409.67578125,31.83874856000391,0.31294321832719935,0.0739923121384768,0.16483893073760714,247.94607543945312,107.23065948486328,0.04124192038113373,0.07974664490667951,-0.23251725949203986,0.8594739732920288
-0.015080890569506372,-0.004542851382484531,-0.01334777096148898,0.020645429244584294,3.7866200841563113e-08,508.759765625,36.621790011493225,0.2962909092554468,0.09388397597714009,0.137749060588377,202.57305908203125,27.85653305053711,-2.526867711907829,0.15711404978732832,-0.15885155850485427,0.8583477709614891
-0.014762966238440561,-0.004800049393621192,-0.013765167286364233,0.020747661958884212,2.068726301374113e-09,496.08984375,28.034931823145097,0.27382840539010567,0.08236051095428223,0.14033359958063873,196.25823974609375,65.46341705322266,3.066201639383018,0.10178913512111731,-0.1763254829845244,0.8587651672863643
-0.015734303763035223,-0.0036121971947492004,-0.01242205929850948,0.020369679445119016,1.4380613144737708e-08,373.91015625,45.43491611974586,0.3679668094108777,0.09455461236887894,0.15539469603841627,271.9533996582031,41.93457794189453,-0.757929157117931,0.1880705935897759,-0.27477509043635956,0.8574220592985096
-0.01561630091853447,-0.003041040301128395,-0.012093986878619178,0.019984526492051805,2.034013668605894e-08,393.984375,44.776314707476224,0.372692640610292,0.0931508133853718,0.16190924528352035,291.7862548828125,58.217716217041016,-1.9655774133267274,0.1380662901602146,-0.33385872536638783,0.8570939868786193
-0.014668399331154828,-0.003990616097989036,-0.012479173121925924,0.01966765663689376,1.6070767827613963e-08,452.6015625,24.785105539334573,0.30094336082749823,0.05769849311107142,0.16828199483712636,241.14602661132812,147.6685791015625,-2.1716599373553023,0.014267775803127675,-0.2343603246244946,0.857479173121926
-0.014636267606557694,-0.0047078653783689944,-0.014111426898973711,0.020869036752967165,1.2259631088085143e-09,481.142578125,14.842626232044324,0.26127872153309534,0.06188743143448614,0.15107690370560778,145.7139892578125,108.58016204833984,0.41374088964503886,0.047537377233477944,-0.08689239319523119,0.8591114268989738
-0.015056435944718477,-0.0045817016374186115,-0.013299414212171734,0.020604918627324168,6.897591831034333e-09,452.2333984375,32.19803100556571,0.29391637069159243,0.08839991860469161,0.14876934501468186,182.3426971435547,45.49916076660156,-2.500218887677065,0.13589348414926042,-0.14967424255918352,0.8582994142121718
-0.014935430960671653,-0.004531945727561687,-0.013655215861850811,0.020738142402160712,3.7117594331448345e-08,410.236328125,41.33345881965464,0.33269788150202734,0.09354202480722351,0.14858938783186637,237.86167907714844,36.04977035522461,0.5444745414528044,0.16558321271897788,-0.22143603595847586,0.8586552158618509
-0.014715719163446186,-0.0037722958400830398,-0.01272804759329782,0.019818824433850246,6.836537380650043e-08,448.5234375,35.90423339415429,0.3447866401249326,0.07003985595939421,0.1737676321602325,286.54254150390625,155.41177368164062,-0.5517979320448362,0.02309873670374862,-0.28521097059500283,0.8577280475932979
-0.01582239314326414,-0.004768974144382418,-0.012348827291951081,0.02062970612142199,1.0140803752278771e-08,407.0341796875,36.10536820978176,0.31437375599319484,0.09167598755374765,0.15135871931424072,154.2020263671875,33.174896240234375,-1.6685449214196697,0.171346789048653,-0.09241080683724866,0.8573488272919512
-0.014728955456533438,-0.004662140221956074,-0.013791423724429874,0.020709443465156033,4.994132218882896e-09,537.03125,29.945563930048113,0.27462648086756436,0.08099213647692449,0.13787869914825546,234.15292358398438,80.97333526611328,-0.8802409998109337,0.07417752059804913,-0.20590611844185905,0.85879142372443
-0.01480760307139039,-0.004281188561704896,-0.013187095845815344,0.020285294700039317,5.088945931319699e-10,502.8359375,30.111460537506936,0.2906421779167592,0.07217062488012288,0.14854028404258945,254.1959686279297,117.16595458984375,-2.119004429532488,0.04707487112293037,-0.223290511319491,0.8581870958458154
-0.015208861367358606,-0.004500051829464835,-0.013143185334720808,0.020598622558370815,1.2149503625380476e-08,403.296875,35.185950685595635,0.3076118624375598,0.08878428243135662,0.14907222113222585,185.46580505371094,43.89338684082031,-1.3565803522759965,0.16043932746861161,-0.17498287803476967,0.8581431853347209
-0.015075414217796262,-0.004156161344470333,-0.013190252699126437,0.02045787274440369,1.2982112052029038e-09,350.62109375,43.64803674795855,0.3644394702970827,0.09165463170634257,0.16133965879296275,264.20159912109375,52.82427978515625,2.033179385376378,0.1801956528382487,-0.27067650062511056,0.8581902526991265
-0.01464524712252506,-0.0048238861643598585,-0.014073022801072366,0.020875897867302227,5.5641060647815266e-09,563.41015625,37.28103983032497,0.29291424290537477,0.08683259395367886,0.133209657039273,268.80987548828125,76.7486572265625,-2.9241882467860916,0.08404334189705193,-0.23113628309207823,0.8590730228010725
-0.015144153576687747,-0.004710043654884782,-0.01343688033025936,0.020786525726896633,1.463402465873287e-08,361.4189453125,41.573840369582626,0.3379550234608624,0.09492341947728179,0.1518427420482923,157.81703186035156,19.536529541015625,-2.7345335496263186,0.22062321684956102,-0.08851511539975354,0.8584368803302594
-0.015398684214653652,-0.004623062936875658,-0.012890538325318945,0.020607235738386978,5.091962762548974e-08,491.8046875,36.75353537689245,0.29645047589502904,0.09393646989153588,0.135652926883441,175.9078369140625,25.003368377685547,-0.20497705437012625,0.15910214094558645,-0.10255678141655956,0.857890538325319
-0.015154140190001747,-0.004344319255516815,-0.013151483928180552,0.0205300415052009,2.3483924138645307e-08,396.23828125,37.756562124606546,0.3266680939671329,0.08809270990565446,0.15587912648448443,240.21786499023438,58.58537292480469,-1.8288314992190984,0.15392490080562068,-0.23285936975012456,0.8581514839281806
-0.014837493763725382,-0.004396763664732822,-0.013476631871716882,0.02052077870154736,3.518740498975603e-08,511.51171875,35.95547624613097,0.30130314322130325,0.08381856245337448,0.14227116640467163,266.5411376953125,86.47676086425781,1.4206573455205525,0.07505606905296193,-0.2493394786598314,0.858476631871717
-0.014776157862444066,-0.004300828645113164,-0.012980623380251743,0.020132773071547587,1.4356893451861197e-09,504.1640625,21.78114802667077,0.27307806024439996,0.06270696041720861,0.15142368558466424,228.02276611328125,125.1277084350586,2.1307080658654796,0.01542379899307416,-0.22098560575561013,0.8579806233802518
-0.014833102758588873,-0.004279434994371889,-0.013265102323553046,0.02035429785014074,1.813411110163088e-08,421.62109375,35.01716580194072,0.32624303324171827,0.07871948710672773,0.16423699128564595,266.71905517578125,103.91995239257812,0.25412898088306907,0.08309843079496311,-0.2656629770121969,0.8582651023235531
-0.014900642661920815,-0.004563255618182327,-0.013750337171338112,0.02078278676935819,3.824414562814127e-08,309.1435546875,47.26088239481747,0.3939331515079168,0.09623606424026745,0.16518726722518873,256.5387268066406,27.026838302612305,1.956664145448039,0.22900966661469863,-0.2675616634450883,0.8587503371713382
-0.01489753656227974,-0.004294033023630017,-0.013116131388277497,0.02030783636498593,1.18263541182273e-08,478.2421875,30.660290391625256,0.2918508727494081,0.07756367918364324,0.14908424135312426,244.0106964111328,94.90003204345703,0.3819501371437917,0.06612480926083403,-0.2106523770054545,0.8581161313882776
-0.014664422368409688,-0.004757192976276914,-0.013991176801706473,0.020818962431141043,4.721377955263506e-09,448.58203125,35.27605092510914,0.31400061019848297,0.08048230492073878,0.15517146388004976,263.41290283203125,95.48068237304688,2.886154066080329,0.06747733921377361,-0.28253617354362975,0.8589911768017066
-0.015433998510588853,-0.004276711974004949,-0.01286117879723292,0.02054041127601514,9.757205710059225e-09,379.4052734375,41.21628427061528,0.34354432663916595,0.09484706067209801,0.15599235525007238,220.4606170654297,25.46428680419922,0.1728725991375957,0.1983194313183215,-0.2134701902335472,0.857861178797233
-0.016719549318539778,-0.0026856767098619727,-0.011186829219817285,0.020295352591131223,1.0245697268373988e-07,352.640625,44.17150691897943,0.364872780417957,0.09395919917094013,0.15427349104581634,255.6959686279297,38.60319519042969,-2.848382396605822,0.19840120652131044,-0.28721606610685557,0.8561868292198174
-0.01489394684049846,-0.00378552981383129,-0.012900189647430782,0.020064266281094856,1.2858483167121904e-08,487.0625,40.13062443781073,0.33733650227161394,0.07752385585285816,0.15479315292944074,301.3001403808594,138.45529174804688,-3.12697831553968,0.010187784734517945,-0.3217758497076239,0.8579001896474309
-0.015174258456214812,-0.00465131535463964,-0.013234242606461777,0.020664898538125018,1.428115181667522e-09,478.79541015625,36.52519718546969,0.30234572147457395,0.09446352540095707,0.14267388218507782,159.55905151367188,22.506818771362305,0.9702965733502164,0.1579342037845355,-0.14102650444961082,0.8582342426064619
-0.01482958486506613,-0.004504492495435303,-0.012832541858250224,0.02012165923713488,4.608002424077995e-09,457.79296875,13.657393022082603,0.2707517918017412,0.05373151445302692,0.1590634396442293,194.29702758789062,126.47169494628906,-0.8039321807204456,0.042453001573912484,-0.1682070631450957,0.8578325418582503
-0.019800238985232727,-9.700972450632506e-05,-0.007523677117859395,0.02118170418386537,2.6052764496853342e-06,330.82666015625,47.35069293869105,0.399684559145303,0.09901632697305394,0.16459501553388556,254.31832885742188,10.259845733642578,2.7663430494407075,0.22290883390504512,-0.31897763238217564,0.8525236771178595
-0.015286008735163115,-0.0033382348311625787,-0.011962391838961972,0.01969529622392956,2.102364327072337e-08,368.0234375,36.38639149524704,0.34602297300300106,0.08066728679044247,0.17241520538684407,264.4517822265625,94.85076141357422,-1.2036449467327819,0.11650635550353995,-0.2920306422419796,0.8569623918389621
-0.014851752175259442,-0.004666895553112532,-0.013704011795098281,0.02074016383877374,1.9395741901462316e-08,411.326171875,32.28091657130286,0.29739822503483476,0.08347566545547976,0.1494356326645736,198.30674743652344,61.765586853027344,2.168836447929225,0.13567028645207813,-0.1683025207988516,0.8587040117950984
-0.01578959803916838,-0.0045476859322404195,-0.01234202606905499,0.020550388343436244,1.719565290159153e-08,294.46484375,35.84837378419555,0.34491547771186226,0.08623916086646291,0.1759491363490978,171.89559936523438,49.918304443359375,-0.2185678095140762,0.20333258811744803,-0.15249174644036564,0.8573420260690551
-0.014696315381307452,-0.004746428927135338,-0.013949244115103676,0.020810854973545793,3.251880187349343e-08,530.765625,36.305832968234256,0.3060233209838101,0.07712715622455336,0.14539204690003882,283.0155029296875,122.5874252319336,0.7068939380630018,0.03030521727708075,-0.27648910067183713,0.8589492441151038
-0.015857451619807755,-0.0041198360287975355,-0.012510570660396736,0.020614223221540544,1.2187148001885362e-07,365.82421875,42.509004957529214,0.3533963124683901,0.09574243050256198,0.1591084835897555,223.78628540039062,22.329662322998047,-0.38645319134449424,0.21437527887347366,-0.18817235012456388,0.8575105706603968
-0.015438303126698305,-0.004037499572568298,-0.012834958524887807,0.02047873937931488,1.3673673038283596e-07,377.841796875,42.693075361863,0.3498218499591425,0.09310152394098319,0.15524241220652568,251.1113739013672,41.773773193359375,-2.7182174909607237,0.1770466587320566,-0.24268956026999944,0.8578349585248879
-0.014617239864222642,-0.004414528710425691,-0.013163513561434192,0.020160105512259954,5.48406478628749e-06,397.662109375,50.723934755787816,0.38297603276435205,0.09698056148018581,0.15126649565800898,306.0,42.49474334716797,2.1713087857034217,0.16205134820878667,-0.3119366931241842,0.8581635135614343
-0.01604576829718285,-0.004874620359919896,-0.011895564897661304,0.0205604734414044,1.7428557441689918e-07,273.828125,34.848799503270584,0.3479272496802128,0.08228665676451892,0.18135667905268515,146.81947326660156,61.062103271484375,-0.5712534827061919,0.20813251956075063,-0.10001480266925694,0.8568955648976614
-0.016347302796442142,-0.004560571638576941,-0.011855013808574011,0.02070204035332358,8.467115897303756e-09,347.283203125,38.16658732208756,0.338048034875721,0.09236712805542369,0.16354676846742355,168.31674194335938,30.019145965576172,-2.355677598329182,0.2065176537361573,-0.11903920086991517,0.8568550138085741
-0.014980322826726136,-0.004727542292963988,-0.013108322894210378,0.020459419767519686,8.792416572589445e-09,369.125,24.539302035109408,0.2975318342215742,0.07283865124213756,0.16881734289466943,153.75265502929688,84.5137710571289,0.844902084341293,0.11394906654261745,-0.08111008556673377,0.8581083228942105
-0.015410984795892452,-0.004332453815841214,-0.012654309602333158,0.020405885424487874,4.709087164656012e-08,385.947265625,35.61540740053508,0.31737973040617606,0.08719930073721627,0.15600626857728095,214.1187744140625,53.891395568847656,-2.743634106690233,0.15179994945323486,-0.18094343745547628,0.8576543096023332
-0.014744487355399245,-0.004285486470769068,-0.013286208358178175,0.020304891878599022,2.3890763145573146e-08,489.77734375,32.21617707500452,0.2952709284731446,0.07245016664925431,0.14815110678538546,258.37432861328125,119.186279296875,0.5911315185541249,0.048866809104421975,-0.2448358323262614,0.8582862083581783
-0.015268920954875864,-0.003500841922869702,-0.012352295089562038,0.019949311649146886,6.238734862051842e-09,390.140625,39.966797053254815,0.35341583378509217,0.0834757076705533,0.1674345570245902,282.495849609375,97.17955017089844,-2.4185314306503676,0.11494315883834282,-0.27490384398843526,0.8573522950895621
-0.014661084543734798,-0.0047009443844819865,-0.0139924013495355,0.020804652691910407,5.347849807435523e-08,461.16796875,26.666745289845093,0.2769639091436062,0.07977069138424624,0.14784835512751093,143.20166015625,70.20381927490234,-0.2399958729683503,0.10656566377924799,-0.08292964918812065,0.8589924013495356
-0.016043431814230152,-0.0038395561495391806,-0.011994434037426505,0.020396086479555136,1.12547567709953e-07,319.029296875,38.080754454361575,0.34122511800643096,0.08757055970852957,0.16478218343157713,208.57247924804688,50.27949523925781,2.546503939841142,0.18740668757399326,-0.2326799825213832,0.8569944340374266
-0.014743342796003658,-0.004498823762229737,-0.013217557581694406,0.02030540323336336,3.836126971634712e-09,527.6171875,17.522271316664106,0.2581563712421098,0.05852956023370624,0.14302616889065167,210.1686553955078,124.20121765136719,-1.979686057997411,0.030289674624459473,-0.19980661495466812,0.8582175575816945
-0.015307403031598055,-0.004559514198297782,-0.012824875690563786,0.020483729977098176,2.2993249526592763e-09,389.28125,30.579321278272797,0.3028317784192833,0.08317907549983418,0.15804264210519603,181.7815399169922,60.570655822753906,2.823078022024201,0.1466098911855483,-0.13678618036515444,0.8578248756905639
-0.014763642158050497,-0.0046210406999619424,-0.013831662703343461,0.02075172378528428,1.5189820956607036e-08,418.8828125,45.756131339387125,0.3666871566234515,0.09084893255275424,0.1542079393647483,304.95855712890625,77.65038299560547,1.7703484635960522,0.11619424477721596,-0.31665059092729814,0.8588316627033435
-0.01551866529604573,-0.004548937796393954,-0.012349920887689825,0.020348030705165377,1.4181080310038396e-08,418.587890625,30.904149457807673,0.29448996753689327,0.08469424556583467,0.15012396385796867,166.37779235839844,55.281166076660156,2.6078109859568013,0.14387255965061374,-0.13995961162882742,0.8573499208876899
-0.015070486690765328,-0.004220753158584473,-0.01229286179045197,0.01990097428070771,1.0945288231312134e-08,362.8515625,22.213226914419284,0.30616002547398236,0.06130722156379786,0.1775852707426866,208.50900268554688,116.25178527832031,0.5890539799521738,0.0998942323485107,-0.17554485708957016,0.857292861790452
-0.014708256193886509,-0.004242668367877067,-0.013392533130040074,0.020339443915309154,4.99705432588371e-09,515.8125,40.489355109646446,0.3298973302519556,0.07724406112919859,0.148297634688483,302.85772705078125,142.10618591308594,2.942393979497426,0.004409398999901478,-0.3025904951536659,0.8583925331300402
-0.015508247329742625,-0.004424298422378209,-0.012571869869939967,0.020448277770937873,3.0419943897186386e-08,372.66796875,36.79737514152683,0.3223890701778766,0.08902133706063581,0.15665924153043098,202.4434356689453,45.565670013427734,-2.094021466510381,0.1811639659610998,-0.13449917180365345,0.85757186986994
-0.014955085385846452,-0.0031549284428386004,-0.011358570732156292,0.0190427225326314,8.526371431116786e-08,388.8046875,29.070509551767017,0.3344583949506702,0.06588478747917846,0.18487968551164657,256.0427551269531,136.8231964111328,2.72124100669646,0.05211934210159761,-0.26090680844733954,0.8563585707321564
-0.01612731893208741,-0.004487313073409729,-0.012012520860452347,0.020604054260724067,6.922070383552636e-08,305.8623046875,37.647475840395266,0.34587893109681633,0.08850764843413603,0.16964256626781204,186.35342407226562,44.32829284667969,-0.5984169530899636,0.21242687217543102,-0.1036709084933974,0.8570125208604524
-0.015121212623576033,-0.004510698816541092,-0.012820724215323542,0.020331464394536952,3.2350204293152274e-08,451.505859375,24.4002507925608,0.27754952022196283,0.0761280694372995,0.14981224691519157,189.10813903808594,79.9725570678711,2.11305842190798,0.10108380465521395,-0.13410094847265022,0.8578207242153236
-0.014979341923784847,-0.004616876136026973,-0.013387259835830001,0.020613465396121557,2.6159230337441386e-09,491.349609375,30.58962609149314,0.2815492827891478,0.08703457587566414,0.14179313187601073,186.82330322265625,50.70619583129883,0.28176953399323046,0.12285625051258472,-0.11890386975220914,0.8583872598358301
-0.014723803924605048,-0.00468231038295415,-0.013688944475953146,0.020642229370837428,2.8534210549935324e-09,527.08203125,8.227094796449801,0.2517817595231681,0.04776388369963683,0.14720455962505363,182.929443359375,135.13442993164062,-2.0862452155519553,0.012818476907449522,-0.10377632958946216,0.8586889444759532
-0.014770254822878234,-0.004257749160895885,-0.013326965860904871,0.020344455620821888,8.170911058869024e-09,492.546875,35.53502853497347,0.31250320290096906,0.07669189004850659,0.15173520750558667,277.7520751953125,119.98430633544922,-2.005157666569407,0.049011826498597214,-0.2727818530450183,0.858326965860905
-0.014801968941587126,-0.004405443254833941,-0.013291137025896016,0.02037548866310734,3.119213776159313e-09,468.45703125,29.18888981159978,0.28915789549487364,0.07601840167758596,0.1502580346127984,236.22317504882812,94.92105102539062,-2.5366400412123653,0.07108386170467898,-0.21613710802955424,0.8582911370258961
-0.015218825152668702,-0.003999233555066317,-0.012886946356519768,0.020339122263541464,6.5327614429122605e-09,360.61328125,40.12171833943384,0.34861431042190144,0.08734159638978654,0.16366858396882222,258.40203857421875,68.25540161132812,-2.2285656921407733,0.14381957878382476,-0.27230907931538834,0.8578869463565199
-0.015664064309410697,-0.004251496810907557,-0.012182368373515384,0.02029404432365661,4.785421126030087e-08,399.171875,32.06234295497095,0.30422541705362144,0.08450611713071589,0.1538021718070285,198.13619995117188,58.76245880126953,-1.6680900929339473,0.14442180780552424,-0.19294755074238637,0.8571823683735155
-0.015533108480683677,-0.004836144829449773,-0.01274614350535519,0.020667121960815184,4.04318925006919e-08,379.287109375,36.789508357265404,0.3205273428896814,0.09037178322812124,0.154115268787677,138.7550048828125,38.41660690307617,0.4929919396206961,0.1834424204744819,-0.10133462495389903,0.8577461435053553
-0.015541162460130875,-0.0045315869015566945,-0.012831231159917689,0.02065680283920491,2.9979730697959894e-08,401.5048828125,39.237646226970824,0.3237769275463788,0.094444148477286,0.14846278939917534,169.4379425048828,21.947895050048828,2.7561626051369514,0.18815009803767072,-0.1200288278002313,0.8578312311599178
-0.014851351302835825,-0.004215376506566282,-0.012385963049200366,0.019792526753007335,5.558002769134873e-08,439.22265625,17.282454802896538,0.2850690226972167,0.055124674500690474,0.16612874547432988,212.31234741210938,131.51905822753906,1.7158047057893,0.04568971209024747,-0.17959208803051224,0.8573859630492005
-0.01504234919000641,-0.004542237318196252,-0.012904939466061194,0.020333264657491797,3.7358699467304746e-10,443.078125,23.12922746806024,0.2760768774202013,0.0728083271446306,0.1511791214169006,185.33078002929688,86.65132141113281,-1.9576528093082337,0.09888217544428511,-0.12635059971085857,0.8579049394660613
-0.015109970103764109,-0.004035407665747726,-0.01304079649221479,0.02036315507765882,2.4964784017811326e-08,413.71875,40.00176729352198,0.3397571393388692,0.08594186707544858,0.1570355865925187,275.0338134765625,82.64222717285156,1.6765398717446172,0.12873189049001316,-0.2377191572009691,0.8580407964922149
-0.01472442164239727,-0.004697363734985305,-0.013866613357767177,0.02076431517714127,2.0331835770548423e-08,461.11328125,15.188306646349082,0.2833723753241663,0.0403013195807546,0.169109516309912,206.14358520507812,159.31256103515625,-0.9807629405891198,0.014469609644969858,-0.1660540611890679,0.8588666133577673
-0.016469524513292977,-0.0029620581096695964,-0.01140209389512803,0.02024911778651933,4.2761389096312996e-08,330.53125,43.82752658250204,0.38184997505904567,0.09327228046588301,0.1706121782713007,263.82147216796875,45.18809509277344,-1.684308374158269,0.20243148363285685,-0.25448306201088705,0.8564020938951281
-0.014900094914687037,-0.004375764054793507,-0.013031656651206758,0.02027274561091434,5.656135471099333e-08,489.0703125,23.71326751461408,0.2714419492580503,0.07056509228642739,0.14536965810478863,215.63185119628906,99.98764038085938,-2.6699983675035366,0.059640546259171416,-0.18412958302190255,0.8580316566512068
-0.01661293595552163,-0.004272771840831899,-0.010103254714575627,0.01990783705211754,3.327019371113238e-08,309.7578125,27.2588685842501,0.3248844528559976,0.07447237714671001,0.18093829640725978,181.9036407470703,81.13912963867188,-1.1032911552005547,0.1671792045592999,-0.10841494930705813,0.8551032547145757
-0.015012541585490286,-0.004361100925049682,-0.013000566013775305,0.020332494259511644,3.5593490821383966e-08,455.546875,27.1721515910073,0.28384672910731173,0.07773202618133321,0.15042510433016243,212.61041259765625,81.45780944824219,2.5353377743166474,0.09414310417843881,-0.18067117891536558,0.8580005660137754
-0.014987326885259306,-0.004426037109846154,-0.013305620603955681,0.020524358974636985,2.71456213063459e-09,459.6953125,33.20552711774636,0.29684972965479234,0.0861246653890098,0.14727999390973434,224.21185302734375,60.49866485595703,-1.9835299762780638,0.11349988826012054,-0.21232367438546784,0.8583056206039558
-0.014683264600576607,-0.00424204902041081,-0.013272006210725329,0.020242020355677102,5.736313091198042e-10,547.140625,32.663206659190685,0.28702619779162625,0.06883726326200518,0.1397157615981467,265.9035949707031,137.58250427246094,1.5074853898044782,0.008516531568300862,-0.2637004708172753,0.8582720062107254
-0.014906920344646211,-0.003988334961191831,-0.012850980118270017,0.020081603021782485,3.953341654039377e-09,453.0546875,33.241112308453516,0.3090279030450563,0.07725064460916443,0.1554765360982815,259.7117614746094,104.49221801757812,2.639653075966274,0.05746933256405079,-0.27519388291813734,0.8578509801182701
-0.014856437198142086,-0.004484740161369183,-0.013436652728261667,0.02052730515867193,8.893295877498986e-09,480.65234375,29.996873154854942,0.2862184648977101,0.08172029555741658,0.14678801599926505,226.12429809570312,74.86294555664062,-0.32051480079200795,0.09194912249160214,-0.20961804250526425,0.8584366527282618
-0.01605229729127622,-0.004160753422685404,-0.012283870321480816,0.020636898687711274,1.1689182066731973e-08,379.0107421875,42.27908575257937,0.34449229869757947,0.0952245628330999,0.1529687984037611,221.8637237548828,24.561094284057617,2.713823734848807,0.20571371844649547,-0.13544804891871562,0.8572838703214809
-0.01669025332208038,-0.0039419557577010655,-0.011582446701713267,0.020694362583779095,6.80048870549399e-08,397.1123046875,41.12972706751159,0.33819090936235247,0.09620569658857733,0.14990244595436586,204.56784057617188,16.884613037109375,2.029227115251622,0.21487068429279807,-0.1788402025029886,0.8565824467017134
-0.015111023056138276,-0.0035414103938979924,-0.012488000117734988,0.01992071164194945,9.032272707543143e-09,375.8125,40.15968410067878,0.36444003743231684,0.08054031158431667,0.17445333257024143,288.5477294921875,113.65998840332031,-1.347737076008396,0.09502191070829412,-0.2959789236271396,0.8574880001177351
-0.015469033917352604,-0.004641134875633307,-0.012568402059752737,0.02046450276956716,2.370928342543266e-09,427.869140625,32.02940780309313,0.2937080009206055,0.08606042033425991,0.14582011473614676,166.37506103515625,51.56591033935547,1.270734740261733,0.1570753539891716,-0.11245659843300382,0.8575684020597528
-0.015097212759166867,-0.004393299788330085,-0.013248553121065432,0.02056091135935819,6.408022112935896e-09,391.94921875,38.33652430002177,0.33054482764644344,0.08925350035978216,0.15806637332662854,239.2109375,54.3863410949707,0.22561538720268695,0.1668421345951075,-0.19264557370981686,0.8582485531210655
-0.01471915580792781,-0.004688518242196252,-0.014136259185512423,0.02093966510633459,1.6741907860051697e-09,587.17578125,7.421183853278534,0.23651877111919808,0.05247196447575235,0.13462784838405228,172.74337768554688,125.96736907958984,-2.5899416139063947,0.010306216984785793,-0.114210906821276,0.8591362591855125
-0.014877764586178802,-0.004060352557869018,-0.012877669042453133,0.020091508204784062,1.1068999938856905e-08,448.5859375,32.919150988086784,0.309850246644152,0.07607939365490188,0.15676901074003502,259.3686828613281,107.43057250976562,2.3550910656957855,0.05590119253927069,-0.2761990867608844,0.8578776690424532
-0.014756055207135035,-0.004783632305084884,-0.013515755667457885,0.02057425465402547,2.5192083974445723e-09,477.95703125,8.073803907050866,0.26147516099431684,0.046194041172256735,0.15844156679992716,167.37136840820312,134.98556518554688,-0.15630080618591247,0.017790539000085162,-0.09579117328536471,0.858515755667458
-0.014738796002826612,-0.004142050418365462,-0.013217285853573513,0.020225858068727114,2.877297955450331e-09,518.2109375,39.24776180090542,0.3193244083801945,0.08113168222458289,0.14588675967727316,294.0626220703125,116.23092651367188,-2.6228362233014657,0.0380961558116132,-0.2873403236078541,0.8582172858535736
-0.014738002773891798,-0.0045453182863592345,-0.012862457223117518,0.02008261561410968,1.830885132392268e-08,443.1640625,9.785341430401948,0.27647323706840293,0.04536320770269121,0.16759455345055174,189.5242462158203,140.13961791992188,1.873981507577645,0.022596234156331718,-0.1606518648543606,0.8578624572231176
-0.014686647771023256,-0.005366065345017018,-0.014766562313865639,0.021506827813658896,1.7540660479653525e-08,518.6484375,30.32236768775501,0.2863722971241585,0.06933138266427616,0.14529571274958153,255.06787109375,126.76959991455078,-0.031067146164186595,0.027478625103405735,-0.2414612765607236,0.8597665623138657
-0.015999361114605676,-0.004695006038673025,-0.012362605313878117,0.02075708669166894,2.4898003658790913e-08,382.5478515625,40.07102636612557,0.3344435262826956,0.09524216070379318,0.15339243379607537,151.07415771484375,18.51143455505371,2.961216015032296,0.21156361751163685,-0.11970801632379936,0.8573626053138782
-0.01537614850417976,-0.003752865865133681,-0.012761934363950456,0.020331672674279766,9.120946664609164e-09,418.02734375,42.284460862143305,0.3521443232746885,0.08873137698390637,0.15797074643759557,288.372802734375,77.93209075927734,-0.002784420578219033,0.1272829491737296,-0.29295419658277627,0.8577619343639505
-0.014752609504233107,-0.0046808206920274376,-0.0137357122210775,0.020693461763454636,4.35636842155418e-08,399.94140625,13.678539627115047,0.283034178314977,0.048205444053050106,0.1738235326369456,154.7259063720703,130.573486328125,-1.0107415837193756,0.06220922522511262,-0.09141107938918341,0.8587357122210776
-0.01567602589982936,-0.0033044356903146332,-0.01240386402016691,0.02026111857411474,1.3718682190244635e-08,390.888671875,46.65726775499325,0.37567945413623566,0.09525432336296459,0.15518642639875335,289.43353271484375,45.5005989074707,0.8382263180647193,0.15523601114344956,-0.32348283975836484,0.857403864020167
-0.014647405961911608,-0.004904643978312417,-0.014472660671818072,0.021167426411555786,1.877224348190154e-10,512.296875,22.957007122463654,0.2648921003301525,0.06942945261675354,0.1433353668809061,215.7677001953125,102.93794250488281,0.02924661425341895,0.048887384983216625,-0.18557406335088283,0.8594726606718182
-0.01483819070527273,-0.00472971102365588,-0.013501238371683266,0.02061129562502917,1.2687356720775256e-09,442.84765625,27.74954174788618,0.28255554843905606,0.08060078017668952,0.14873209498185613,145.3245849609375,67.63395690917969,-0.9712949857806185,0.12737561340086825,-0.08247455905589915,0.8585012383716834
-0.015632198010559234,-0.00467204095090816,-0.012576011044995172,0.020599748423030206,1.9593469957612797e-08,419.2509765625,35.60292026185153,0.3113950436659396,0.0918952867439335,0.15146915834292551,163.7203369140625,32.386600494384766,2.1713415074878415,0.16208122104511902,-0.10264710271089465,0.8575760110449953
-0.016223480799298,-0.0030092609262883374,-0.011693531404485924,0.02022364104891538,2.5497209676927923e-08,357.53515625,45.250257617933755,0.37693757241619785,0.09413302743098455,0.16254855739059149,274.6849365234375,45.27438735961914,2.7589889060334074,0.18342809130925222,-0.29541361380377157,0.856693531404486
-0.014775455948536784,-0.004641160190569843,-0.01370550100427903,0.020680793606145165,1.1027171176181128e-08,551.328125,28.163377665268033,0.26333692682853643,0.08393160101887483,0.132518714538998,197.1922607421875,61.9476432800293,1.1949838015813479,0.09845654979604362,-0.16674340746019753,0.8587055010042791
-0.015536535529732387,-0.0032430451139726646,-0.012382407218297753,0.020130208304874816,1.657236126106909e-08,378.0703125,46.14260278213797,0.38144146505432447,0.09203048214739168,0.1617411517872045,299.8629455566406,67.69387817382812,3.088909783045509,0.13960828123553304,-0.3460733660481134,0.8573824072182978
-0.014792893591487555,-0.004181735668650877,-0.012736429479805245,0.01996329757093233,3.746846832797246e-09,407.25,25.126314395450404,0.30780684693837507,0.059877207548319926,0.1730029897803118,235.3809814453125,136.1298828125,3.0793412461729064,0.04546882954093502,-0.2514849003241215,0.8577364294798053
-0.015934712544319884,-0.0036129976004852238,-0.012196572924298432,0.02038934051481183,4.696335054177325e-08,407.61328125,43.01363761298269,0.34520877234198866,0.09402196763629352,0.14942477832861,257.3709411621094,39.817604064941406,2.6449401257148333,0.17444283599260968,-0.2436270502098903,0.8571965729242985
-0.015356388728000672,-0.002942995508013302,-0.011851338892897578,0.019619738297947793,1.741254251896862e-08,389.3671875,40.80833735813217,0.3587827565709634,0.08406532255553308,0.16583894600710403,288.2165832519531,97.94194030761719,2.9057720030979897,0.10114339356453629,-0.3255781046657665,0.8568513388928977
-0.014752381117990085,-0.004632875188881835,-0.013718532116851478,0.020671100711071793,1.0849223741615788e-08,436.60546875,27.25394032765184,0.28740980166089014,0.0783357347415655,0.15476501107707286,205.6065673828125,77.555419921875,0.36692693607104127,0.10168712349995353,-0.18507472817319612,0.8587185321168516
-0.015647342736346354,-0.004055290732783101,-0.012926069979402599,0.020697052996707058,6.596084858756512e-06,382.72265625,50.47790670186013,0.3891109189404177,0.09661898870766265,0.1515001301651422,306.181884765625,44.028324127197266,0.9196882837827722,0.1535928963090976,-0.34873554136630425,0.8579260699794027
-0.01606279133369584,-0.0038071126879977157,-0.012172463409013567,0.020510393411457068,1.6835990379604482e-08,395.7587890625,43.292180154596636,0.3452078447599988,0.09661341922204764,0.14892326607015338,227.64268493652344,18.781843185424805,1.1062769343447343,0.19469847042021948,-0.21817956884556902,0.8571724634090137
-0.014549541725753096,-0.005065705439709606,-0.014455587126174785,0.021126157606005027,5.138617975575244e-09,506.984375,35.82137460446799,0.3028364931740149,0.08292557161208476,0.14412397263887589,267.3105163574219,90.19483184814453,1.5785296893121867,0.07531812570230938,-0.23265708609685673,0.8594555871261749
-0.014702117852562188,-0.004501193404555237,-0.013546110178872084,0.020491708381537674,1.8400275081376094e-08,480.671875,29.67473287546302,0.2989713543044083,0.06733819186789886,0.1567703476357375,256.1498718261719,132.8238525390625,-1.4889453072679866,0.01717353127109246,-0.24334956680840378,0.8585461101788722
-0.01433117275124196,-0.011402610238065991,-0.020449718224615276,0.0274516485503758,6.530166956508765e-06,562.0625,47.02212828029093,0.30140875112315646,0.08617779492731008,0.1255667349145796,305.00091552734375,101.38548278808594,1.06164660037796,0.020225014401639083,-0.3214475042135023,0.8654497182246154
-0.01521836791074438,-0.004540023466691107,-0.013135589879014198,0.02060956710885846,1.1087138318544021e-08,485.1220703125,36.1926395721947,0.2989574426976732,0.0935716927228997,0.14056284265757457,188.1517791748047,27.485925674438477,1.7126771869625141,0.16048162533409677,-0.1433379292820417,0.8581355898790143
-0.014987960437471026,-0.00463538703013,-0.012727889008351312,0.020202102108523367,5.1879092133333415e-09,481.318359375,18.08394918794753,0.26381494848481185,0.06955906822824427,0.14870991008830037,176.16734313964844,92.8966064453125,2.164851845898664,0.07866116379545214,-0.1345189202359098,0.8577278890083514
-0.01580337851729316,-0.0033773312210500506,-0.012436252054822905,0.02039150568027308,3.033575834976432e-09,366.234375,49.84590303174587,0.3987183299992098,0.09801095003005453,0.15558012970601276,294.619873046875,30.221683502197266,0.564593247904523,0.19635138451277204,-0.33598657569543605,0.857436252054823
-0.015380097191158154,-0.004127701963071495,-0.013032631869833278,0.020577531595407872,1.0927077020994602e-08,401.271484375,43.91423367695516,0.3537211865365391,0.09612188789191102,0.15421444440671384,254.2608642578125,28.31998062133789,-1.8588228183615334,0.18248863205803564,-0.2658739461543385,0.8580326318698334
-0.014790316264406925,-0.003954106624075027,-0.013076589287840168,0.020134189871921598,1.5525406515948248e-09,405.578125,39.740341334214165,0.36700397984768285,0.07843881083142884,0.17703684225584693,299.27667236328125,130.389404296875,-1.4282348384611752,0.043573638987444735,-0.34495549880573206,0.8580765892878403
-0.01473884303317355,-0.004668008648114591,-0.013644999705132888,0.020620616277126098,8.981292154430776e-09,553.1484375,12.469582548326457,0.24535274387108566,0.06156486839455331,0.13943570461978494,183.55914306640625,110.63859558105469,0.24210733886927446,0.014645335770938824,-0.1462541292926401,0.858644999705133
-0.01471827989459028,-0.004706368842302966,-0.01313514672491145,0.020280772919695458,1.0958831175855721e-08,481.59375,3.7339747507981573,0.2681195110516695,0.033256298618727115,0.16386454149858454,154.147216796875,156.53494262695312,0.3012573046481823,0.0014851304852605985,-0.08617073789840954,0.8581351467249115
-0.01496253916477594,-0.004402178045277982,-0.013378776112487278,0.02054868365778795,2.3224776768415722e-08,510.55859375,39.08299534632494,0.3098215451902926,0.09334468300649748,0.13951068965641078,250.01132202148438,40.77909851074219,-2.0480948201433464,0.13229106852889938,-0.24144626184330473,0.8583787761124874
-0.014743688243661533,-0.004291126503877751,-0.01348131450985457,0.02043369645003519,1.9509421633756574e-08,447.76171875,41.857886250956454,0.3475805568574357,0.0838143142802331,0.15717474739942627,300.744384765625,109.30624389648438,0.44328187826247367,0.05854934425809591,-0.33359935463574586,0.8584813145098547
-0.014880181198567377,-0.004567040111735643,-0.013686674584644898,0.02072685960463777,3.908354528903146e-09,414.2890625,45.18571707825385,0.35085221253992105,0.09483973914649574,0.14657802775524764,270.7919616699219,40.675506591796875,-1.2340348793582743,0.1732451820218967,-0.27427114963511184,0.858686674584645
-0.014916553612433825,-0.003858284334711415,-0.01298411683489531,0.02014887638709176,3.9262197937262044e-09,486.66015625,41.515845996070155,0.33298202321589654,0.08781698638243683,0.14815332645410484,295.4755859375,86.85026550292969,0.4577923494010108,0.06671036556896719,-0.33157798376401587,0.8579841168348954
-0.0156311210695248,-0.0031244378133760686,-0.012261258158360988,0.020110507431832004,5.355555998676209e-08,383.27734375,47.040534020103564,0.3864206592579396,0.09274848752057399,0.16090862883014811,305.4776611328125,67.77213287353516,2.283878527229487,0.16410365579982333,-0.29626816894030805,0.8572612581583611
-0.014698227829266858,-0.004639215303218286,-0.01345117200592394,0.020457131966226384,6.08893246933917e-09,502.1796875,10.128311439895603,0.2598939486583095,0.045068310011417166,0.15320232261719613,189.7023468017578,141.28158569335938,1.7919946483455398,0.008976537431853296,-0.16117164846097853,0.858451172005924
-0.014754338277173347,-0.004548961857275602,-0.013144978271324215,0.020277426013421838,4.351324189855177e-09,492.01953125,23.38189391413997,0.27942861343694225,0.06154365517283764,0.15357347245490593,232.79519653320312,130.7841339111328,-1.6978658488922176,0.01469664331912897,-0.21005764214649839,0.8581449782713243
-0.01422504387514592,-0.005556193184481639,-0.014920670226346688,0.02135063361955554,6.616121339675374e-08,354.9453125,44.603012520807866,0.37239475280152695,0.09184516951664012,0.16446908705853536,277.52301025390625,57.28544998168945,3.1008175355448233,0.1580488700283308,-0.31301879312682396,0.8599206702263468
-0.015798095811286578,-0.004003382914720466,-0.012252170302942789,0.02038927618030565,2.9189358485837147e-08,356.958984375,38.36676387638301,0.33539659615535566,0.09019123711104608,0.15947525356116954,216.0686492919922,43.371952056884766,-3.0923421034468674,0.18119408915989596,-0.22911670890223065,0.8572521703029429
-0.013267179419103187,-0.006748571513689405,-0.01621668796363629,0.02201232008953171,2.4627172479085857e-07,437.046875,46.28366097027844,0.35089790624850814,0.0958467279294115,0.14655147180388706,279.7220458984375,38.259490966796875,-1.65883601909233,0.14949706299762847,-0.29284681846979294,0.8612166879636364
-0.014657733267335795,-0.004799494173442734,-0.013604354185814183,0.020566058000267166,3.7128380370177183e-09,487.578125,6.232913825590149,0.26207932896645486,0.03997469384986977,0.15782320285958396,153.02056884765625,145.67678833007812,1.963346216382597,0.013564421212756358,-0.10813347709764982,0.8586043541858143
-0.014720474892295906,-0.004146237293373323,-0.013209934590173056,0.02020856344781401,1.0393831573196621e-08,500.28125,36.484063765659656,0.3219535108042239,0.07196856968607303,0.15577248786676157,286.4012145996094,147.16110229492188,1.7596038739692328,0.01530981185078605,-0.2833007941618843,0.8582099345901731
-0.01572722527778672,-0.004434324767335712,-0.01251141277936385,0.02058019195284849,3.798486147843505e-08,484.9306640625,36.241621708038906,0.2970675718861039,0.09291644256966185,0.13942063992061238,193.711181640625,30.578807830810547,-0.08820562083295155,0.1457908435491146,-0.158609912779749,0.8575114127793639
-0.01570380093097451,-0.0032973391081750347,-0.012364364919033477,0.020257327778485545,1.5595252023103967e-07,371.30078125,47.62558768589345,0.38458526247481317,0.09635108234027512,0.1570210582355519,286.39202880859375,37.47639083862305,1.2160509030526372,0.1698459683782902,-0.34721680431308793,0.8573643649190336
-0.014712302280633145,-0.004717577335839385,-0.013902030029643742,0.020783979726257073,5.214791265473195e-09,508.453125,35.46753922779908,0.304332366612948,0.07528418632900885,0.14737075952569778,274.849853515625,124.0840072631836,1.266577232766574,0.03305268849551144,-0.2505902604256,0.8589020300296438
-0.014876214672422824,-0.004248323828259903,-0.013187991233927998,0.020329120274028847,1.1546901212966532e-09,472.59765625,34.71217151693409,0.3040392385585449,0.07859634655527259,0.14748913510875528,261.8623046875,101.77210998535156,0.472653149836823,0.06716796221486358,-0.2510697665979611,0.8581879912339281
-0.015581844295941921,-0.004638608032070168,-0.012291921189114485,0.020381410222493568,6.9117662704343275e-09,438.47265625,30.12308066863216,0.29047773349201406,0.08526243136646662,0.1483697156320407,164.1326904296875,54.21003341674805,0.9483094763822938,0.13591905570071702,-0.08699825441972145,0.8572919211891146
-0.01501799317743513,-0.00417711736622689,-0.012967978648031009,0.020277004186627534,3.6015999071992155e-09,458.4453125,33.625479159190384,0.3065742680174646,0.08337354460639287,0.153058354284492,249.73992919921875,78.88111114501953,0.408149005764599,0.0948570236935625,-0.24506638295613434,0.8579679786480311
-0.017259966301029078,-0.0046852924499032195,-0.010850193876815295,0.020918535063867632,1.9309677412593373e-08,315.7421875,38.98956894600264,0.3449215509038129,0.09081218033936996,0.1610495197257339,155.8831787109375,35.01030731201172,2.701434117758026,0.22072590389034732,-0.09736490397878454,0.8558501938768154
-0.015300770811932013,-0.003957741550946026,-0.013102053904853861,0.02052903120337274,4.953236398819172e-08,431.8955078125,49.3782323662391,0.37988437740449943,0.09905369325554422,0.14543470527989644,297.6974182128906,24.358749389648438,2.6421124833351466,0.18136082339220116,-0.3170880638933289,0.858102053904854
-0.015880372178221497,-0.0032059432194085913,-0.012066255238832424,0.020200465537545273,1.3019709754757969e-08,395.853515625,45.4629183741633,0.36757736345101855,0.09578761979506949,0.15546546297320674,276.061279296875,37.31304931640625,1.9805589570645004,0.17120031275577693,-0.28743963167006986,0.8570662552388325
-0.015293568261884771,-0.004645463558181892,-0.013007452244582107,0.020607459225882488,1.2360918955067746e-09,397.404296875,35.10546505996571,0.3104362551026517,0.08927001613846869,0.15156184547952378,173.3312225341797,41.43768310546875,-0.19410160892165318,0.17264530996071376,-0.10874638557505238,0.8580074522445822
-0.015070229993973061,-0.004487868920826504,-0.013420270402333734,0.020672601606801226,2.7181159545364153e-09,473.82763671875,41.734671521890974,0.3237026930694496,0.09708434324067702,0.1409073777085189,229.0414581298828,17.158279418945312,0.4822244073341812,0.1690830560073044,-0.21035715339242697,0.8584202704023338
-0.01488270256621248,-0.0045187201406162725,-0.013188562469971354,0.02039244584173011,2.171309709808611e-08,485.6328125,25.314098978607607,0.2853972146053928,0.06037532683342121,0.15483458135569528,238.26547241210938,138.16847229003906,-0.012790866489261993,0.01359278307786398,-0.21396428517623473,0.8581885624699714
-0.015051240725160397,-0.0046959229375043016,-0.01331977499350101,0.020639959919515366,1.161073193145512e-08,500.2626953125,33.020918091507454,0.2841163002386386,0.09030008616241797,0.13734798838331863,163.06503295898438,38.66227722167969,-2.930886577204287,0.13425005262202666,-0.10662803306630685,0.8583197749935011
-0.0154280334828064,-0.003804156773152323,-0.012389690465728798,0.020149448025638002,1.7225733728309933e-08,450.041015625,36.264225345030795,0.3132306523470887,0.08893492280419917,0.1507003667376151,242.4840850830078,56.450870513916016,2.547555320387307,0.11442382607858723,-0.24070942368481227,0.8573896904657289
-0.015142083583390364,-0.004582323051989107,-0.013101331400184324,0.02054081946409701,5.7385754814731627e-08,472.9375,29.77445888867891,0.28192173848421265,0.08538822613876519,0.1428719985167275,179.89910888671875,54.8740234375,2.1746697587921235,0.12528625245348696,-0.13447303055584447,0.8581013314001844
-0.015262058256035466,-0.003925167872029622,-0.012820618102463266,0.02031515723698546,2.186055503283768e-10,470.4453125,41.424926095332225,0.32607777116220776,0.0916640114640466,0.14330189746356392,270.70391845703125,56.33545684814453,-0.8263868076702731,0.11894420105780092,-0.2760643464769648,0.8578206181024634
-0.014727787439983882,-0.004632039328905449,-0.013419795308112104,0.020456158420717744,9.803161837851349e-09,540.48828125,9.718103798654543,0.2479177571145905,0.0546211605001964,0.14209127389525367,183.52435302734375,123.21472930908203,-2.236872711109203,0.031926944600084016,-0.1197572064376007,0.8584197953081122
-0.015171158240061738,-0.004126441144300441,-0.013088030780817217,0.02045698190305666,1.1166176427934715e-08,499.115234375,42.062641809277316,0.3237292701828892,0.09402531759327194,0.13873512945572275,269.3589172363281,44.529144287109375,2.3960038226296962,0.1385818577172329,-0.2522735777411817,0.8580880307808173
-0.015222692213644015,-0.004117580928016201,-0.012862896883623187,0.02035040410332984,3.944183590842698e-10,537.921875,34.37951225901812,0.28305288533114675,0.0859538794076372,0.13267493353024107,243.0144805908203,67.97547912597656,1.6141154459757459,0.09212990413566229,-0.24280092759654756,0.8578628968836233
-0.01596239247424333,-0.003953156680579356,-0.012382904319383492,0.02058547401994901,1.3930286257846092e-08,396.7294921875,44.4235604537789,0.3504816545320532,0.09668426107582839,0.14823611497812827,241.53578186035156,21.735387802124023,0.8341074654922161,0.21012946057734838,-0.19393870546308808,0.8573829043193836
-0.015499514489136557,-0.00415683999322633,-0.012453815911852795,0.020312848123652128,9.53031253914105e-09,433.986328125,31.75365977915878,0.300600315783907,0.08589350292886073,0.15447707541068512,210.4766845703125,57.724365234375,2.1710375222051623,0.11907095127472843,-0.17577882239144424,0.8574538159118529
-0.015579784299013577,-0.003585316670263572,-0.012779165602167408,0.020466832874616397,1.6726916740594788e-08,342.7734375,50.10977799120293,0.4063682516810832,0.09651750027873339,0.16003111795961644,299.4891052246094,42.45556640625,2.079215528815695,0.20084407719286418,-0.3316710700161409,0.8577791656021675
-0.016119926625213138,-0.002765842635787774,-0.011871453774908058,0.020209733660243416,1.2136352722791344e-07,417.3046875,49.690687262931036,0.3876780607596222,0.09831663406010366,0.14855116215482822,305.815185546875,33.22644805908203,0.29077912849839266,0.18407057978833655,-0.3246703923251666,0.8568714537749081
-0.01559461884913027,-0.004435528353117002,-0.012586609780456559,0.020525320815676394,2.302500767825677e-08,382.32421875,33.15898951314861,0.3108473665775283,0.08538474217650623,0.15685650812224694,195.25851440429688,55.590171813964844,2.102660273530171,0.1650187980639163,-0.15162312675622433,0.8575866097804566
-0.015596049433032277,-0.004560920034465316,-0.012804840763599445,0.020688226034619582,2.8990381650828567e-08,424.8212890625,39.6874184150701,0.32102415520822164,0.09550276625689881,0.14449134579411294,179.57032775878906,17.957759857177734,-0.3915186870644957,0.19816247400882261,-0.12658201078318698,0.8578048407635995
-0.014685349150397953,-0.004728161567770325,-0.014183779820914011,0.020956970236372472,4.577009882211769e-09,588.4921875,12.951290087173325,0.23892327210215103,0.05877238590879588,0.13318974592228694,190.64614868164062,118.05928039550781,0.7855759592690807,0.010042242011595546,-0.12361165408442547,0.8591837798209141
-0.014893388926081164,-0.0045624748703768925,-0.013119519456958106,0.020365436440887782,4.371902839750419e-09,431.08984375,17.009950062986707,0.27683200100020455,0.062273745639925424,0.1621743892301455,189.86492919921875,108.8116683959961,2.0636453062176687,0.05838925631638245,-0.16500095771797582,0.8581195194569582
-0.014959253359146052,-0.004486655226265707,-0.013052676004819075,0.02035391085441025,7.1123000822126414e-09,415.06640625,23.425689555534962,0.2852462324282571,0.07193988214629285,0.16017996363161846,194.3519287109375,89.95716857910156,0.04544349175911413,0.09739263124999,-0.19766267332178147,0.8580526760048192
-0.014708780243293836,-0.004685642666366063,-0.013813096502547029,0.0207148521218728,1.491859258351269e-08,609.26953125,12.2608126144965,0.23541205621001837,0.05938799832627133,0.13021049411887586,190.91848754882812,116.50396728515625,2.641238221964943,0.003106758598368538,-0.1652988122528641,0.8588130965025471
-0.01496388616664135,-0.004642188903740407,-0.013416393551558325,0.020626861684621505,1.0134684202967037e-08,440.22265625,32.44838729998316,0.29105592891221255,0.08634144126365025,0.1438392392326332,179.92068481445312,51.55723190307617,0.8055148963649458,0.14238192844272482,-0.12504767792629154,0.8584163935515584
-0.015569802119076742,-0.004560532069219733,-0.012829173131586713,0.020683444442882688,9.604498529824923e-09,415.849609375,39.73412188273375,0.32655648762095224,0.09598807344940208,0.15014208406748009,176.27980041503906,15.795951843261719,2.3192643306607224,0.18522708183074227,-0.1099821413706507,0.8578291731315868
-0.015122169092402243,-0.0045856108686338215,-0.012993365150318015,0.020458136841541484,4.9928285505984604e-08,387.140625,21.986495950943876,0.2885023197051558,0.06848719493560713,0.1647439669657328,171.1873016357422,93.51475524902344,2.5029243369727694,0.11045917244088738,-0.1277168273142787,0.8579933651503181
-0.015140598045214615,-0.0044592894723068655,-0.013196543465655464,0.020573568752297627,6.748616665497309e-10,427.4765625,34.49638096094972,0.3036849393405619,0.08806022098905182,0.14811001902859,205.97702026367188,49.534461975097656,-1.2623083913087463,0.15677197646872412,-0.1611280447888432,0.8581965434656555
-0.015147510084785654,-0.00422539750721751,-0.013278262557265608,0.020581868292318967,2.939098919796379e-08,320.8125,45.16658189107027,0.37555097036643553,0.09368185523822002,0.16386330586592768,253.32968139648438,39.258872985839844,1.3593989257080257,0.1974982563127899,-0.2745122832157971,0.8582782625572657
-0.015195309753733566,-0.00465007505028027,-0.012909062412102656,0.020473507976033593,3.3295886048279044e-09,390.4375,28.70166917409897,0.297392637206607,0.08031879164268156,0.15910057520564236,172.03683471679688,67.14956665039062,-0.7325574509713373,0.1360308108921906,-0.10134472848574906,0.8579090624121027
-0.014800373862329921,-0.004364004878410849,-0.01311431539245056,0.0202504536555653,1.202417365675501e-08,452.36328125,23.43485281911928,0.2878921516801382,0.06589214312550286,0.1611348740821863,228.66647338867188,116.93368530273438,-0.3513980073535861,0.04336806723365236,-0.21789180560855514,0.8581143153924506
-0.014805169900542396,-0.0046695719939647135,-0.013208930164701482,0.02038317429859017,6.197286239739697e-08,446.53515625,5.554920129471192,0.2771742675544128,0.03316035208188309,0.17221943991631594,170.64239501953125,156.05648803710938,1.50391901971176,0.011791012337056038,-0.12087789595679015,0.8582089301647016
-0.015878824628427407,-0.0029112919750889366,-0.011818045085397744,0.020006970839811403,1.669021187922226e-08,331.0625,44.08286384200408,0.3830503138610992,0.08953699252923684,0.17104586775430286,281.1333923339844,70.13875579833984,-2.3087722217008126,0.1665875325081744,-0.30629590508220017,0.8568180450853978
-0.01484118269597981,-0.0047633946283252016,-0.01380843703723067,0.02082362998162836,8.669258590998652e-07,350.669921875,50.68176540409855,0.41235634091926243,0.09723408303612606,0.16313058439369843,307.1934509277344,40.67766189575195,-1.9005646710045105,0.19881604333646696,-0.35110636822285146,0.8588084370372308
-0.014847477737353898,-0.004326954024094498,-0.01333343444975732,0.020419368269214953,5.705235395225827e-09,479.3046875,34.463300814120565,0.3020462200702582,0.07951644606208241,0.14701254612945258,261.1544189453125,97.96324920654297,-1.0538382327072986,0.06744707642242107,-0.263900956216187,0.8583334344497574
-0.015443537403059093,-0.0034200899069946056,-0.012511392989672077,0.020167667615111746,1.7989961520470388e-08,355.94921875,46.078298094974336,0.38668386496677903,0.0924216449445891,0.16526705757887672,292.97406005859375,62.040443420410156,1.0663269071350021,0.1534770809023132,-0.3242661088041742,0.8575113929896722
-0.014971006353113714,-0.004340150414835542,-0.013264415187828282,0.0204673556455996,8.892397040938249e-09,466.4609375,34.17936537729771,0.2988078140009574,0.08470719438545922,0.1463106088971945,239.55902099609375,70.38394927978516,-2.344904420116855,0.11479233700320764,-0.21970846262730373,0.8582644151878284
-0.014780260407784185,-0.00465111531535678,-0.013686292651064691,0.020673741265896856,3.400301196165856e-08,379.654296875,38.566350036736054,0.32523578264506214,0.08989233528620312,0.15247810696458064,217.56976318359375,45.156490325927734,-1.339916470724445,0.17570656239039192,-0.18409539780191767,0.8586862926510648
-0.01511211809791295,-0.0040690454733366965,-0.013031615599261137,0.020365565290368353,4.736506742375468e-09,459.6484375,40.008492442867755,0.3208711276495361,0.08938722631037971,0.14436269500907317,265.40826416015625,63.79814147949219,0.7279201151754797,0.11455328930002028,-0.27888755482893857,0.8580316155992612
-0.016785398343839714,-0.002978524612179928,-0.011164945166409757,0.02037835142978144,2.5641259782105408e-08,295.392578125,43.308109086401934,0.3843387468360787,0.0915409322781928,0.17483182141959597,250.35044860839844,47.774009704589844,-2.7469965101359075,0.22125201137523226,-0.24938950486619796,0.8561649451664098
-0.014752947236969405,-0.004361954227633802,-0.013254933154330906,0.02030687937095595,6.94549395774402e-09,514.6796875,27.31143017766587,0.2822775129531925,0.06688533353573381,0.14814781090912232,246.55709838867188,126.9541244506836,1.393536790959329,0.03143331371167743,-0.21681298250803674,0.858254933154331
-0.015746142542865688,-0.0038613449937716926,-0.011857188486076753,0.020085913196454912,1.8957237557515327e-08,386.02734375,33.129036431626396,0.318121474602441,0.08411762597229358,0.16233688406106206,223.76455688476562,66.39460754394531,1.2437212755399845,0.135147078395256,-0.19546610832949599,0.8568571884860768
-0.015536437764256644,-0.003919506581739007,-0.01281124072484241,0.020515148528752504,9.260147315615086e-09,451.705078125,45.68754494677643,0.3473466187910581,0.09820413991155674,0.1414741384075059,261.52130126953125,18.3850040435791,2.278684232999317,0.1677377952671986,-0.28370220128479134,0.8578112407248425
-0.015339200249929269,-0.003919193542255395,-0.01299076244180064,0.020479527610479317,5.877978548340934e-09,434.91796875,46.60078960859485,0.35716753798913,0.09653862065800028,0.1431831092012913,282.3833312988281,35.040042877197266,-2.924939763887446,0.16713764360985814,-0.30692928095688937,0.8579907624418007
-0.01567644974051141,-0.00348298229046351,-0.012248523244013598,0.02019674636572941,1.3037847246266665e-08,360.8125,42.69245158378303,0.3630182770741737,0.09048131695633316,0.16383390440660328,270.1470031738281,60.65533447265625,0.44423794185673116,0.1596958745875237,-0.2899934962215844,0.8572485232440137
-0.014774644573539969,-0.0037299988784474936,-0.012489626917143282,0.01970263420045867,6.813631614477345e-08,389.3125,33.12330247313981,0.337746691376071,0.06967408564467142,0.17792617637031916,265.5925598144531,132.7256317138672,-0.8081411264164364,0.036803848589253646,-0.31593797397311435,0.8574896269171434
-0.0163395044687914,-0.0035615894924112823,-0.011610821520940506,0.02035867142986604,3.947403470760946e-08,360.92578125,41.36652801425471,0.345451763048835,0.09257294863644985,0.1563278158950242,232.23431396484375,38.41050338745117,-2.7960658499644793,0.18666825071139947,-0.23609381347877015,0.8566108215209406
-0.014721025869559503,-0.004667970476179756,-0.013291473860252534,0.02037552032210472,1.528397142180893e-08,457.4609375,4.856440011954168,0.2690769137263871,0.041986464870888425,0.16363658676562143,166.99139404296875,141.3955841064453,-0.8090121800716782,0.029669592673982333,-0.1024703157613358,0.8582914738602526
-0.015348865430638153,-0.004607104239713639,-0.012744337852239607,0.020475136795036403,4.556474308969882e-09,423.05859375,31.107020214992644,0.2977636066960535,0.08643254779875208,0.15275130970133188,171.7117919921875,50.81694412231445,2.86093214993865,0.1502480664534896,-0.10335418503780996,0.8577443378522397
-0.015290264539144005,-0.004207902327967861,-0.012975954567264969,0.020490827914226566,1.9505071335856883e-08,428.421875,39.19022190149121,0.3270054917424485,0.08922453661115233,0.15127043427285114,257.070556640625,61.32453918457031,1.6064153892517294,0.13544795602724158,-0.230548222763723,0.857975954567265
-0.015020452883714841,-0.004393946348261735,-0.013489784948965133,0.020661439139436206,9.179134119463583e-10,462.638671875,48.39946845369242,0.35966831962951595,0.097963000505278,0.13738924623085058,293.5339050292969,30.925140380859375,-0.5495565070642429,0.17064952461748786,-0.2835261802859625,0.8584897849489652
-0.014918556668143054,-0.004441315239936766,-0.012864459662836225,0.020193636040540853,1.1676948297179024e-08,447.6015625,19.102084332666344,0.276507496911336,0.06544012434315032,0.15882660662575232,201.5183563232422,106.00079345703125,-0.9278148228914638,0.06767170558701414,-0.16378885519286862,0.8578644596628363
-0.016169908400306826,-0.0027543359040322346,-0.011813491115687524,0.020214125662194306,2.0114944376814492e-08,354.8046875,48.41383406107391,0.3962191488558645,0.09707564493124414,0.1588737633586782,286.9317626953125,32.92082214355469,-2.0184486795145453,0.1881832044015502,-0.3305038170605212,0.8568134911156876
-0.015846341313788453,-0.0033205118372753306,-0.012145295107122811,0.020239578185665474,1.4768601452885832e-08,368.84375,44.96680095180087,0.36416160205928066,0.09211972594713104,0.1545304423018944,275.5975646972656,55.7048454284668,-0.7973865975865088,0.16914305137793667,-0.2844417480642589,0.8571452951071229
-0.014682121231795709,-0.004689481163738324,-0.01392062038240427,0.02076871660168755,6.127531371191708e-09,464.9140625,25.420348288137767,0.2940064216176917,0.05894666739784789,0.1632341711375337,240.7767333984375,142.93470764160156,-1.1972943810720738,0.004335081724802023,-0.24228168254278318,0.8589206203824044
-0.015401873891420226,-0.004714357616830395,-0.012981331335135127,0.020687142150116817,1.2831403717328271e-09,413.3125,37.515789879650036,0.31543676900737116,0.09301369706781482,0.14780889345209847,163.3671417236328,27.87192726135254,-0.8426416435610147,0.19008765481657433,-0.09474652137136363,0.8579813313351352
-0.014397074840153679,-0.005122264950404076,-0.01451507870168478,0.021076073445763736,3.4786634017791584e-08,434.4921875,43.72328473379977,0.3341663771921579,0.09513166988527684,0.14401237653881493,252.3390350341797,32.77350616455078,1.5232646377705932,0.16673115001304206,-0.2713137818624045,0.8595150787016849
-0.014726731371250981,-0.0046801868506175515,-0.013835539080988224,0.020741333310547654,5.780591116888445e-09,462.95703125,39.41856876230471,0.3212107065584582,0.08738751827424937,0.14822014429161934,271.16253662109375,75.59516906738281,-1.3934982742011528,0.10503775947935556,-0.25271819321035704,0.8588355390809883
-0.014841801003878746,-0.004744521253199352,-0.013766575616662169,0.020792021142016805,1.445823682999503e-09,493.36328125,28.715671796253876,0.2809273594001383,0.0794016939448116,0.14345034291787195,226.8282012939453,81.92015075683594,0.014129634876513926,0.07701921470369039,-0.21047060350546104,0.8587665756166623
-0.014846432430951774,-0.0045765551055294285,-0.01330949110959323,0.020457369482831982,2.7445550276894437e-09,442.421875,17.074955769731364,0.2717262980677469,0.060486212168406474,0.15733047897855001,186.10256958007812,111.76846313476562,-2.7966368078109487,0.058456917560314584,-0.1460616033976197,0.8583094911095933
-0.015365495209787028,-0.004522681434888681,-0.012977312346975634,0.020614648339334848,7.151332681587519e-08,391.0791015625,39.08608796113894,0.3265563391441369,0.09381533165054606,0.15335977669325984,186.50088500976562,25.579824447631836,1.4593995821215542,0.1915615551879814,-0.154625166407025,0.8579773123469757
-0.015500294488270297,-0.004255886704073231,-0.012045969351828889,0.020086738871360147,2.849474256549911e-08,382.69140625,27.006940585134767,0.3003611220680227,0.07699124961303813,0.16350950363185845,194.26687622070312,77.91148376464844,0.6113148631359653,0.11782639673242967,-0.16575844333581116,0.857045969351829
-0.01701405488289584,-0.004349980242970217,-0.011146793361019869,0.02080027389016067,3.774745138684921e-08,369.884765625,39.69162670226842,0.33793135075004027,0.09443237085688633,0.15407979902307456,186.64559936523438,22.880081176757812,-1.0227738543783067,0.21301481110686277,-0.12217387275552709,0.85614679336102
-0.015501394484746939,-0.004342481110091917,-0.011727194236553329,0.01991676323665815,1.7138267693894704e-08,342.23046875,23.88775871851571,0.3080927642496331,0.06874597152129298,0.17689483029308828,188.350830078125,94.89213562011719,0.9793123365608529,0.11712043080039818,-0.1328720864927283,0.8567271942365534
-0.01483388908451827,-0.004461723745533747,-0.013308723208591777,0.020422373946144445,4.5844181228993364e-10,481.0078125,24.500106146846118,0.276702121992374,0.06720107794723006,0.14927287436640102,225.18936157226562,112.22505187988281,-1.1127074204904692,0.05625582380350978,-0.1914748935565367,0.8583087232085919
-0.015190921667747548,-0.004479533048900364,-0.013044699523647285,0.020518150577332164,6.752824788236467e-08,416.359375,32.340414842283856,0.29856156337781853,0.08521190181880409,0.15007429320777843,192.76950073242188,56.03197479248047,2.086698080044509,0.1502262694004673,-0.13814986771287144,0.8580446995236474
-0.014763483929897701,-0.004539080074216606,-0.013590180723490608,0.02057320387702493,2.9583457905602017e-09,466.67578125,25.034549563258516,0.2827123009544045,0.06826433762066866,0.15347441677048923,227.85186767578125,110.71246337890625,-2.722228078997429,0.05725339085983169,-0.20820398974134083,0.8585901807234907
-0.014589785464872634,-0.004835018869180391,-0.014096521087361369,0.020855482591941213,9.371007081426797e-09,401.78125,43.89667640000389,0.3420773668055611,0.09538486812128372,0.14701007609963723,242.61819458007812,28.254344940185547,-1.2241416007395143,0.18577850479096678,-0.2405655981364679,0.8590965210873615
-0.014715617565431376,-0.0045696003510840855,-0.013168713598285087,0.020269328196423256,5.361870503151067e-09,471.015625,11.00484366298126,0.2660906407525632,0.05046724158255728,0.15749656706523618,188.45388793945312,131.18170166015625,0.5785865712256408,0.031673192195366635,-0.1362150466052125,0.8581687135982852
-0.0147049444924231,-0.004574709626760154,-0.013731824467408282,0.020633137519488625,1.2243168256986792e-08,525.7890625,34.31737052811833,0.30389341170339507,0.06939478681155128,0.14891346222719093,275.7291564941406,145.76510620117188,2.954524421800974,0.00979284502250917,-0.25523468513578446,0.8587318244674084
-0.014714973734584344,-0.004559042856838724,-0.013765814164028,0.02065945215581849,8.752929048227998e-09,541.515625,37.189780488127255,0.3070364595401215,0.07587459876411679,0.14348860872889546,287.7769775390625,132.6144256591797,2.032913601472536,0.0005149946908868802,-0.28756703799286104,0.8587658141640281
-0.014786029600142268,-0.0041782221942057995,-0.013007217548655303,0.020131366580500284,2.9704603221603065e-08,548.69921875,29.54042003786343,0.27977033731768625,0.07494602345512354,0.14140835929174322,254.60946655273438,108.82587432861328,2.859424527242876,0.024427042393154345,-0.23216569808687673,0.8580072175486554
-0.015365030732529095,-0.004261503239829573,-0.013064849731410644,0.02061394862172171,9.581171411809919e-08,395.4912109375,43.868198350594156,0.3475996124108285,0.09673563647220222,0.1493812340779661,233.46514892578125,19.099205017089844,-1.4331747701499935,0.19353214886233883,-0.23595188771558617,0.8580648497314107
-0.01476289380836672,-0.00418801755078918,-0.013181448673468044,0.020229510961318444,4.980540424526225e-09,541.5703125,32.0205826224505,0.2918680854716274,0.07111172092585548,0.14430858529457036,267.4083557128906,131.36624145507812,-0.8467689170507146,0.018291228912871396,-0.2404487764708558,0.8581814486734681
-0.014737700300216289,-0.004701808205424221,-0.013654876753807055,0.02063401244792806,5.8868305785608754e-08,420.3671875,16.786647898418995,0.27583606106746056,0.060952515880521384,0.1617523635475191,157.8684844970703,108.31832122802734,0.6601602935386036,0.07346962764792733,-0.0982012143021014,0.8586548767538071
-0.015307553137555593,-0.004593088686623406,-0.012194957842677323,0.020103100346139477,2.8698996512588337e-09,391.0859375,21.45667806211214,0.28989899109757256,0.0709050239980103,0.16622878370863514,171.05384826660156,88.74577331542969,-0.917959071246669,0.11009421777076099,-0.10954038824418195,0.8571949578426774
-0.015264351478777638,-0.004584278240738926,-0.013289059988002228,0.02075126859786879,4.054389179941609e-08,483.31640625,38.21086464737093,0.30456971484421175,0.09246896440528918,0.1379959743014595,228.6268768310547,38.6649055480957,1.5479936446904885,0.1472127480386868,-0.1924209799568026,0.8582890599880023
-0.015033398970345849,-0.003933281412155987,-0.01065400440976938,0.018840955316336613,2.107275021145938e-09,395.72265625,13.891157656288184,0.2927412533352951,0.050392240681143355,0.17702007154954613,197.1014862060547,133.24578857421875,0.45926515805108287,0.06065884734387674,-0.17629425223327863,0.8556540044097695
-0.015152491535513235,-0.004615426032653469,-0.013302603025314608,0.020684762615166868,6.224747384209195e-09,455.41064453125,38.69191365653418,0.3101814184465106,0.09490549869798584,0.1413732464741969,186.36915588378906,21.481185913085938,2.8463284398238233,0.17415116147670345,-0.12632679427015467,0.8583026030253147
-0.015447131642115058,-0.004205663861710812,-0.01289777794407898,0.020558554433162436,4.540460452062689e-09,446.22265625,40.75706426509931,0.32368945311746766,0.09477662858905421,0.14361271462438685,231.677734375,29.19272232055664,2.8420751304278165,0.16401148745526625,-0.192524141605497,0.8578977779440791
-0.014715293313604189,-0.004753561184289851,-0.013730226024645464,0.020679828527481625,1.5106071060699833e-08,592.39453125,33.599849217036265,0.2797458234286874,0.07718894972797405,0.13271759018766238,269.5492248535156,113.09695434570312,3.0723085789565987,0.025921386915638306,-0.24652234029370498,0.8587302260246455
-0.016485065775600383,-0.0029082361963152503,-0.011739043830655715,0.02044554673902083,7.126875800622656e-08,358.58154296875,49.194066601918436,0.39973559837441924,0.09946227498885132,0.15734274882772337,276.78387451171875,13.903636932373047,0.2835841017932698,0.21749899933600553,-0.3126008274584592,0.8567390438306558
-0.014905700711283665,-0.004617338632290358,-0.013658412651445406,0.02073769432450887,3.8092839105274834e-08,372.6025390625,43.810879897057234,0.34902798230608556,0.09499644258446856,0.15046148789479574,235.8992919921875,28.45510482788086,1.2881155111164813,0.1995305719754785,-0.2125972354482448,0.8586584126514455
-0.015716776360992335,-0.003124646575337231,-0.01230052475816168,0.02020107385087146,9.443656967533798e-10,349.267578125,48.60252777091436,0.39954395860204567,0.09595552065701457,0.16120653616250413,294.93157958984375,43.10346221923828,-1.0840251921964192,0.175406672454999,-0.3610671498427651,0.8573005247581618
-0.014695993944629837,-0.0051189849385822606,-0.014038032620863339,0.020958115485091976,2.2624828943662578e-07,457.33203125,46.255447484230324,0.3523357712552528,0.0913322879046448,0.14753195673209596,307.040283203125,76.15916442871094,1.3652396374601747,0.09378941675476532,-0.3369389149156272,0.8590380326208634
-0.0154762642222252,-0.003509789898571647,-0.012596712426327539,0.020261059778793358,8.06950684051344e-09,372.9140625,46.647671509687925,0.384467151762028,0.09376806186396605,0.16129493320355281,295.55352783203125,56.591590881347656,-0.7921862961413663,0.17027813556723045,-0.31426252413058164,0.8575967124263276
-0.014910954439476848,-0.0044819666998567875,-0.013251650969124618,0.020445802532605094,1.0584787213385738e-10,463.8515625,23.300118619424296,0.2767692501992987,0.07271175884355302,0.1525933428599442,207.9408416748047,92.55542755126953,1.1814911531868642,0.07758793612665331,-0.17689315983560777,0.8582516509691247
-0.014669841290206728,-0.004623274955584983,-0.013758187163601332,0.020636536260319416,4.269311987270541e-11,564.7265625,34.717738603269375,0.3032322030008523,0.07006000550582922,0.14690617381484983,282.6357421875,151.67791748046875,0.566781951815381,-5.596828941766864e-05,-0.2441324542228335,0.8587581871636014
-0.01537954471716968,-0.003957346607513984,-0.012624173501466607,0.020286959961378047,3.922705005265925e-08,420.390625,38.20003238468245,0.3224445658317676,0.08838356455551208,0.15114020939851391,248.1519775390625,60.65716552734375,1.0481864106113332,0.13536861515587387,-0.24790341727103518,0.8576241735014667
-0.01622767787450663,-0.004593416262689082,-0.011819564537726812,0.02059463784635646,7.899266307731523e-08,274.080078125,36.79647329898144,0.3516391410466698,0.08530020537562845,0.17784681098528077,165.80996704101562,52.27629089355469,1.9905740491521478,0.21090421873825144,-0.10922958026059865,0.8568195645377269
-0.01473918434736992,-0.004400956001371414,-0.013356607755668382,0.020371817289837994,4.538989628599666e-09,464.390625,27.76816303423106,0.2996061462588028,0.06346695196816501,0.1619479159663254,248.00701904296875,138.2141876220703,-1.942192257734596,0.03560670627735856,-0.2019359971084139,0.8583566077556685
-0.014706634103194643,-0.004771260024633961,-0.013932666911603664,0.020812717653819583,4.55609097116394e-08,504.3359375,21.990525688397813,0.26324935299864766,0.06800474683115418,0.14400259373317748,208.034912109375,103.7687759399414,-0.011664688816553623,0.045243677612492456,-0.15818019017719567,0.8589326669116037
-0.014702049434727665,-0.004748898608958219,-0.013934809904017298,0.020805797813120263,1.0435753949877835e-07,330.9443359375,51.350351850896715,0.4169585693851326,0.09866010522681257,0.16099735696914685,294.1049499511719,25.48444175720215,1.390941781467551,0.22210389880757353,-0.3305880164532783,0.8589348099040174
-0.014723354648423169,-0.0043610715695101,-0.01348119617174226,0.020433765378868173,7.264048473842877e-09,498.8671875,38.850749436680154,0.32420236369258665,0.07797735114300809,0.15017539237757405,293.68548583984375,128.4674530029297,1.067758251133408,0.012107563355395713,-0.3213263083664892,0.8584811961717423
-0.015231846582974412,-0.004181761230006686,-0.013036013329247642,0.020480085957641354,3.4356993694473204e-08,367.76953125,40.949590998971075,0.3448021682881866,0.09027261795778826,0.15880130009214355,248.6095733642578,52.57185745239258,1.708974995655657,0.15481592992985313,-0.26649431823801284,0.8580360133292477
-0.01467941973563606,-0.004594246533672852,-0.013466752325873133,0.020443724787659316,4.706589978864528e-11,527.125,25.55883996233432,0.28530282893965675,0.05809283462694771,0.1521181059478699,247.1450653076172,152.26312255859375,-0.1427939361190156,0.006211892579232501,-0.23398128242631888,0.8584667523258732
-0.015301672246402886,-0.0041960850616836465,-0.012934631408888952,0.020470783889852327,2.881876248750359e-08,386.67578125,37.04880346550765,0.32784019763536004,0.08859733463946601,0.15976954828586554,231.42417907714844,53.51805114746094,-2.202532904409554,0.15415427876607463,-0.23022992153203345,0.857934631408889
-0.015653367167734383,-0.0033643348636870907,-0.012204299223881998,0.020131854666398025,1.196933996361338e-09,389.6484375,44.20697076240111,0.35795596839108157,0.09346770972793075,0.15343728997670614,271.41497802734375,47.001991271972656,0.840259732187832,0.16113230109821458,-0.3062593674646583,0.8572042992238821
-0.014744247002700238,-0.004657059650132911,-0.013554463016842044,0.020562210288207584,4.111756712887882e-09,512.890625,13.888161235992355,0.2533979268457343,0.06288835162770597,0.144565438768394,176.13287353515625,106.43392944335938,-1.8501326382193308,0.046732561091261275,-0.1304146190436223,0.8585544630168421
-0.014991521956113849,-0.004303028441172141,-0.013313684612620058,0.020506486346775647,8.728054945450481e-10,474.87890625,42.5984476813293,0.33965419145073983,0.09195468705525223,0.1471635209006218,289.007080078125,63.37574768066406,1.4396516851755696,0.11526938188518353,-0.29178096727766906,0.8583136846126201
-0.014995265076449174,-0.004284319624350302,-0.012937438359624687,0.020263037301097228,1.75450551864742e-08,452.61328125,27.20480951015792,0.2864558296818087,0.07362229394019229,0.15170590038450604,225.12240600585938,96.35317993164062,-2.6848626174327626,0.07382541625968886,-0.20220583502019232,0.8579374383596248
-0.01521927147330758,-0.004109663092277227,-0.012429585709259228,0.02007511284685794,3.096811340697059e-08,371.58984375,28.88986001693442,0.3107668160295349,0.07595485991692083,0.16863582636044705,217.09788513183594,86.50255584716797,1.642535706693944,0.11665231435849302,-0.2048451592560255,0.8574295857092593
-0.014821176135976416,-0.0046057195184535105,-0.013484602810536206,0.02056002011901305,5.832124228000168e-10,552.4921875,22.881509355010326,0.2554865526298168,0.07732744908672202,0.13464886216294247,192.79969787597656,78.47952270507812,2.047107212570623,0.06666514892492387,-0.13335110682979492,0.8584846028105363
-0.014918818889843727,-0.004546680795506242,-0.013622076959139973,0.020707593872898788,1.2244824709739532e-08,465.56640625,27.62221080570204,0.2928327712419024,0.06549070338908645,0.1567904464273523,243.122314453125,128.1527862548828,0.0465520826238814,0.03978608262012304,-0.2157497517673768,0.8586220769591401
-0.014730637715806127,-0.004481333604951371,-0.012370500647866156,0.019751033508959813,1.6306174188684963e-08,487.6796875,7.115251437970788,0.26148658120050344,0.046402161436069615,0.15645991981191876,182.9534149169922,137.41407775878906,-0.7529287007023278,0.007810914488754164,-0.1357000398920334,0.8573705006478662
-0.014812871171931093,-0.004641150300021421,-0.013507857879747176,0.020577260579655983,7.45780059929757e-09,580.267578125,19.610863978929387,0.24730439269453902,0.07471780018666657,0.1324369925135931,187.00709533691406,84.31719970703125,-1.876904787501976,0.060725355322758676,-0.10488368493559296,0.8585078578797473
-0.014895468061716183,-0.004683452543158731,-0.013565550231192214,0.02068414488386276,1.1024297030814978e-08,402.91796875,29.048951254044113,0.29233090417836266,0.07988953798099585,0.15277781241979904,176.78909301757812,68.75604248046875,-0.9465785626717671,0.13468665775532984,-0.09973985837602474,0.8585655502311923
-0.014867776574097352,-0.004523321602105501,-0.01353605088955856,0.020609121579001646,1.1382224940348351e-08,464.0703125,32.098822527294736,0.29098578025462657,0.08372258575808265,0.14596628658573463,224.30111694335938,68.10745239257812,0.46880524878907665,0.10804644283928196,-0.23335400424174704,0.8585360508895586
-0.015381539771553626,-0.004645495588138579,-0.01244747647811617,0.02032515844161015,5.845807393711766e-09,409.044921875,26.41629302540247,0.2905699223823356,0.07909484359815984,0.15654450849740298,165.1966552734375,70.22380065917969,-1.3246778567837034,0.13071336595045774,-0.11698588994339341,0.8574474764781163
-0.014858728255100116,-0.004281510997898336,-0.013031408131804145,0.020222035992493094,1.300984298069352e-08,451.84375,24.387988273878264,0.2839063667123872,0.06928486303301037,0.1570760791154201,223.02899169921875,105.43895721435547,2.3206293249140146,0.053892347723311404,-0.22952157745225285,0.8580314081318042
-0.015302679065452032,-0.004181427769057888,-0.012449591062010601,0.020165531046301918,4.584942203678111e-08,453.396484375,28.07281181331627,0.2881347731446211,0.08042050649586215,0.15184851306308766,212.958251953125,74.19722747802734,2.3026519662598686,0.10296778805530102,-0.1822180925351827,0.8574495910620107
-0.015711695564704226,-0.004272372457206408,-0.012380810783697571,0.020454706538906013,1.1212392081461076e-07,413.1328125,35.40220962029245,0.3095145090858992,0.08896747895555993,0.14941863499220942,204.63088989257812,46.0007209777832,-2.1240731480072927,0.15179995631434678,-0.18953141611487215,0.8573808107836977
-0.01470884837094247,-0.0045094956104555495,-0.013662699570115122,0.020575595510296144,2.0074204520881267e-09,592.6640625,37.44262304219205,0.2967866729408897,0.08104980759452826,0.13553645238768197,290.3265380859375,113.17494201660156,-0.7596814978904214,0.006887169567691824,-0.28370737878865215,0.8586626995701152
-0.015222028909379959,-0.004081247021538115,-0.012657072616497289,0.020213070736236453,4.567149325396258e-09,420.0625,33.11109301867612,0.31080371965987974,0.08263998888749989,0.15727961569050364,237.36993408203125,76.41844177246094,0.40345046271985063,0.10989383337622598,-0.18941212747051164,0.8576570726164974
-0.014730227724000044,-0.0045183134632281186,-0.013589957418543852,0.020544627229295814,1.0480003531654347e-08,526.8359375,34.98894388313578,0.29847137250018013,0.07380523445731603,0.14463178600629345,274.7879943847656,128.620849609375,1.5102793917757433,0.006698866563369854,-0.27668316593154135,0.8585899574185439
-0.015051913270382203,-0.00426794716307502,-0.013033024804416149,0.020362593195328405,6.084338366463271e-08,364.984375,32.23996233584523,0.3223679492955246,0.08046692000338324,0.16959443969959553,228.09902954101562,77.92780303955078,-3.011119533409289,0.11690340632303368,-0.24583814635284126,0.8580330248044162
-0.015008822700615529,-0.004294816425787551,-0.013422619475300657,0.020588271432260823,2.928069564589464e-09,530.98046875,38.4602267683957,0.31413065728368,0.08414120155118239,0.14570337172436088,289.961181640625,100.14207458496094,-1.613475587769203,0.03255679507140294,-0.2889663884820622,0.8584226194753007
-0.014689012735451477,-0.004309917692654708,-0.013223160537918388,0.020228555565617527,1.0243388359754135e-08,496.59375,28.014845651041547,0.289935055985753,0.06490133385779764,0.15319799402327683,250.50987243652344,135.1589813232422,-1.3276139142200003,0.014500100122610242,-0.25749648475626624,0.8582231605379185
-0.016313490896545074,-0.004385376197015858,-0.011015405301841197,0.0201668208596408,7.937075707786789e-08,363.072265625,30.16556490852604,0.31120925274319017,0.08243928962811865,0.1634590098869374,176.55770874023438,61.697021484375,-2.941204525773367,0.1539268886824866,-0.12357916309170637,0.8560154053018413
-0.014779720588886665,-0.004120916146345632,-0.013253152198686946,0.020274815258648677,2.5548436699551758e-09,478.0625,42.041222263159675,0.3380449479516389,0.08265211268523223,0.1494175653362323,302.31939697265625,116.544677734375,-0.7887225331061328,0.05459486266035689,-0.30086437697610374,0.858253152198687
-0.016643298714067833,-0.004833376492042005,-0.010539642036670793,0.020284106454578527,1.0182527176993972e-07,320.853515625,31.69157368020174,0.3254123570018192,0.08174704190828988,0.17178849352315206,156.30953979492188,62.64275360107422,2.8722921698875337,0.18000955271699318,-0.08509281360923925,0.8555396420366709
-0.015389104662231728,-0.0039043038048475753,-0.012538179419737783,0.020230523316691677,9.686039526002332e-09,406.193359375,39.53696840736111,0.3303250834032406,0.09106228486815436,0.15268129678628317,242.83839416503906,47.44673156738281,0.7924765468062493,0.15712763232212495,-0.27117407176138214,0.8575381794197379
-0.015253249952543707,-0.004641159482524804,-0.012896846650311544,0.02050684395460834,3.114424984573816e-08,443.7109375,29.577039359912842,0.2883756021177078,0.08483070251522241,0.14891956954683927,165.37527465820312,55.50245666503906,0.5812145450117175,0.13015693328564132,-0.10306476826251634,0.8578968466503116
-0.014829118265647215,-0.004508426598368892,-0.013391897450212076,0.020483446395722294,2.0023056823692542e-10,495.046875,24.324634418372597,0.2687966103975216,0.07278571871269264,0.14265164444464473,210.82489013671875,93.01432800292969,1.2240641093661324,0.07356663007761537,-0.1870455475134086,0.8583918974502122
-0.014742254156679013,-0.004672023206939296,-0.013862587739479681,0.02076856271630445,8.632983772294267e-10,539.83203125,27.544938159210222,0.2681554837699622,0.07716067572013668,0.13669129885290654,227.79747009277344,89.03338623046875,-2.71482534391315,0.0747288051571377,-0.18129932338965138,0.8588625877394798
-0.015136427289439994,-0.003953278925124343,-0.012358034712640298,0.019936420624253458,1.7878761582323932e-08,456.56640625,28.750438975216806,0.2930175187046863,0.07517232594915513,0.15442978475914426,236.7080078125,98.5189208984375,1.0352525550673957,0.07929956377288999,-0.19743161857577543,0.8573580347126404
-0.015176113369485461,-0.004662341193991407,-0.013314446674795866,0.02072019142451747,3.85272080904997e-08,384.54833984375,39.86262400951955,0.33103484836156566,0.0947891889296555,0.15259172558650447,155.2663116455078,20.445058822631836,-2.670578552379161,0.19604585174050396,-0.11549718672457855,0.858314446674796
-0.014445818062923221,-0.0051035577558734,-0.01515653766325542,0.021551069467947395,4.6304837297839185e-08,384.28515625,27.354435882321084,0.30265848126459527,0.06883835259729015,0.16756030469736027,220.18614196777344,105.14790344238281,-1.6365684148356368,0.08620344848488885,-0.19224988401390922,0.8601565376632555
-0.016213562555925792,-0.00469379478260637,-0.012107056145419959,0.020772388613842483,3.589538621895372e-08,351.138671875,40.60752824480251,0.34829179829766227,0.09551334291376481,0.16225375839075962,159.47377014160156,17.09834098815918,2.257987790902293,0.22828059860924893,-0.08750850165952967,0.85710705614542
-0.014700385292556187,-0.00462255439282222,-0.013724798497650292,0.020635877269098737,8.020554886911668e-09,531.53125,24.564702736586174,0.271245272392206,0.06182153288158426,0.14606216196250543,236.93014526367188,134.0401611328125,2.654254190794716,0.01139009583036198,-0.21137569763035383,0.8587247984976504
-0.01605958747282854,-0.0048159182698182534,-0.012012974060390036,0.020625590036520276,1.1009542788542603e-07,314.65625,36.56293094360541,0.3369945301630851,0.08739841772792432,0.16537663507640954,152.7836151123047,46.51226806640625,-0.22156909564459895,0.21312512213058782,-0.10657535452541259,0.8570129740603901
-0.015106732753578073,-0.004551433600926552,-0.012392656554948034,0.020062573583679844,5.013660242525475e-08,391.4375,17.316476509386494,0.28686553389555464,0.061829227934316146,0.1688381137560102,176.83493041992188,107.16857147216797,2.9351144637458124,0.08700268432810913,-0.09739929547504939,0.8573926565549481
-0.01492014045050321,-0.00474169037303078,-0.01283754901380807,0.02024591028673098,6.717430522940049e-08,409.703125,14.850565269284788,0.2791666634067787,0.05650225442164698,0.16758778612335345,154.5076446533203,116.50225830078125,-1.554505489786281,0.05277361372520978,-0.08570965379972494,0.8578375490138082
-0.015310270023765116,-0.004003137843648585,-0.012862182257410648,0.02039277355385239,1.4436722040045424e-08,422.4609375,41.51360781726713,0.3410695784712776,0.0925417296849753,0.15386083469275025,263.5299377441406,49.159332275390625,-1.3596627643235994,0.14484005801055488,-0.25270141963665305,0.8578621822574107
-0.015054138789726376,-0.00391421782238055,-0.013077713354071818,0.020321780985746652,1.2694624240694452e-09,536.51171875,44.19055663562947,0.3286486943646911,0.0919414023165615,0.13484804197688538,302.544677734375,70.89402770996094,1.1959157005300227,0.08902609431512545,-0.3086074833037675,0.8580777133540719
-0.015251976852532878,-0.00394334120954104,-0.012793451088873864,0.020293967787706552,7.795843970370697e-09,380.28125,38.40553443630739,0.3421972683891552,0.08536161710861909,0.16564871702014183,261.7952575683594,77.88754272460938,-0.6372964955734767,0.13064114413176459,-0.23577562175509945,0.857793451088874
-0.015557985047633172,-0.004479573115239777,-0.0121657543608229,0.020251495085673005,4.692940702710757e-09,377.275390625,28.62309015534673,0.30203557434637984,0.07932340589410683,0.16075644151949453,183.29019165039062,70.50843048095703,-0.9034412655045092,0.15262621469575566,-0.1287702103952343,0.857165754360823
-0.014961549769863108,-0.00450964922444938,-0.013579781125285129,0.02070254484488122,3.895685196653176e-08,413.2109375,33.0757764097818,0.3066540976811698,0.0804946280526171,0.15406584266509882,233.9547119140625,80.73612976074219,-2.6184894027041,0.11702241960036767,-0.2281288465471705,0.8585797811252852
-0.015306446358535536,-0.004044854175939028,-0.012981434189195729,0.020473538508029257,3.785942226386396e-09,415.1953125,44.040858718313316,0.34609354141596055,0.09536935888636616,0.14716445864625127,257.8332214355469,33.079368591308594,-2.8622354842781865,0.1643476181005279,-0.2692795754539163,0.8579814341891958
-0.016950654384548458,-0.002330093206104278,-0.010902961791628085,0.02028863214322856,4.180076729198845e-09,339.81640625,47.070150572663145,0.3930014472400874,0.09718005642595808,0.1641389053031873,269.2794189453125,26.064924240112305,-0.38416509237426055,0.1966392015225086,-0.31975424105454636,0.8559029617916282
-0.01488450404056521,-0.00438828781285841,-0.013372582589793014,0.02048490897179968,1.3981376056904082e-09,458.8046875,33.72142257696999,0.30088494446728825,0.08119860349701251,0.1480078875049814,247.1728515625,85.07061767578125,2.0118913332727195,0.1034342411286892,-0.23117747132730962,0.8583725825897931
-0.015274117696369605,-0.004418952650070973,-0.01333157316052147,0.020749859200979093,3.592618424974603e-10,353.865234375,39.05451892301453,0.33974200751789274,0.08926797091220257,0.1614844704130537,229.7836151123047,50.48814392089844,-3.0938543213934095,0.18306231132211548,-0.19772045738046698,0.8583315731605216
-0.016737934887013445,-0.0048319673470766655,-0.011049477289191367,0.020630010205752995,1.0321800303358941e-08,320.7431640625,35.87704307302528,0.3396103405291202,0.08867659838563108,0.1697689852941212,156.96646118164062,42.601436614990234,-0.9464998073908013,0.2017438811825763,-0.0833442220753362,0.8560494772891915
-0.014811045656250271,-0.004528909024246436,-0.01352644609410103,0.020563142617753053,2.4819442501211597e-08,406.16015625,28.62812712069933,0.3029932647937616,0.06918122323017775,0.1630516721645936,233.7440185546875,110.94456481933594,2.841128837372278,0.06781316175206258,-0.24236992792961579,0.8585264460941011
-0.015117612652790074,-0.003783450123714116,-0.013009920774237793,0.020300609491105803,3.653140456805204e-09,412.8671875,47.779838730862984,0.3692171692021143,0.09357233957240607,0.146471030269541,304.0286865234375,62.20414733886719,0.6989731779879921,0.1332834397270277,-0.3597013868760632,0.8580099207742379
-0.016308065377922593,-0.002621021603736784,-0.011893554908964488,0.020353854646980404,3.5735517656121374e-08,313.173828125,51.876345845847545,0.43559282962795215,0.09835455357662279,0.16626504143995702,304.806884765625,31.782730102539062,-2.268225886635828,0.22532898096867413,-0.37086183093120645,0.8568935549089646
-0.015068654986088698,-0.003958989497621246,-0.012922257207521937,0.020241607946736934,4.359939076437058e-09,416.453125,39.82246284523264,0.33793067562954626,0.08687081387686393,0.15702151406727904,273.15350341796875,77.25189971923828,0.8673801852459117,0.11840621817996831,-0.29263395872604187,0.857922257207522
-0.016441172459400688,-0.0032261473712294764,-0.011234228624058318,0.02017245824083564,3.324942454696611e-08,320.765625,40.46154638495543,0.36200094190256965,0.08987518480992447,0.1699997302266748,239.91578674316406,50.746490478515625,1.2489385691516526,0.1918172285718886,-0.2415021376882647,0.8562342286240584
-0.015100464808812636,-0.00437111367869214,-0.013308030196584664,0.020596949772901996,5.617323139972541e-08,413.4921875,48.33372467478568,0.3703407842016083,0.09311974108621499,0.14474751564643984,307.21142578125,66.5357666015625,3.0384712109068106,0.1557821366139851,-0.3190576696131049,0.8583080301965847
-0.014676037155300288,-0.004604234519492129,-0.013648792064432591,0.020563914192399158,2.702839951851388e-09,527.015625,25.595882868800608,0.2775356910257355,0.0638241720189204,0.14876063908917814,243.79324340820312,132.8904266357422,0.6428493862801113,0.0031852084090447774,-0.2271629144517213,0.8586487920644327
-0.014963092009052603,-0.00442272459263493,-0.013364029407754607,0.020543901705980822,2.516758190740376e-10,444.080078125,35.69254284595838,0.3057127739773715,0.08621890636095289,0.14638662782313971,237.22848510742188,64.32054138183594,-2.810157139572859,0.13080877859421966,-0.22622658990586675,0.8583640294077547
-0.015273023870736618,-0.004521954286589566,-0.012631568178129382,0.020329039410774605,1.233992630300662e-10,407.73828125,26.310731128818972,0.2936946750981435,0.07954507810019268,0.16031846184116771,182.39584350585938,70.46481323242188,0.17388846831270227,0.12982440023355823,-0.11949527545086135,0.8576315681781295
-0.01563993846333467,-0.00395469190075623,-0.012618842512677975,0.020481270700973882,3.3674585342424734e-09,421.5849609375,43.343888415304484,0.33802242103825075,0.0956211122139959,0.14352469475065055,244.38990783691406,27.839242935180664,-1.724259214001751,0.18585966264639725,-0.23352025394559292,0.8576188425126781
-0.014723326384026243,-0.004740804495476508,-0.013793481163360433,0.02072466380134724,4.0732134332088776e-10,496.5390625,9.17479534150556,0.25915814817993693,0.046234213331342755,0.15514322288085858,141.58355712890625,138.054443359375,-1.270363042596267,0.010835181245860824,-0.08214024170138418,0.8587934811633605
-0.01478186813425731,-0.004817360473725718,-0.014399540833556435,0.021190973637132526,1.2578008634633875e-09,542.28125,15.233017069494537,0.2500030487270126,0.0571661980305576,0.1402580634085332,198.27056884765625,122.7161636352539,-3.0756552423880024,0.022624542692222117,-0.17232354471438008,0.8593995408335565
-0.014677105684069797,-0.004751733375618197,-0.013647983449167289,0.0205976662164203,6.960033438474511e-09,461.578125,7.659994617329803,0.27086107649172225,0.03884312460281434,0.16565517780576888,146.44033813476562,148.630615234375,1.6487245327027853,0.022833331739277735,-0.09448414325484779,0.8586479834491674
-0.015011165932587639,-0.00452225892276234,-0.013191843019475513,0.020489281360522825,1.4274817772275128e-08,429.07421875,29.462248447736698,0.29288249704053115,0.08120584791188806,0.15315877928969923,205.38592529296875,70.44468688964844,-1.1609066723279513,0.13300257401154283,-0.13430108086428305,0.8581918430194756
-0.015069754985053502,-0.00404701525249207,-0.013138187650856947,0.020398230867224205,2.9457682959588283e-09,406.5859375,43.26286400349637,0.3530037609314432,0.08877580695639128,0.15448219517716588,287.2442626953125,76.9759292602539,2.877698460938755,0.1342008850885497,-0.29819905039086,0.858138187650857
-0.014807633294439751,-0.00456671281720189,-0.01342290252267131,0.02050110196722441,1.5469863168249276e-09,449.87109375,21.309846835040787,0.27579430471058,0.06468626211167192,0.15387244964413893,205.33547973632812,109.31732177734375,-0.09382016752050926,0.06903393388565368,-0.16585711346072426,0.8584229025226714
-0.016112038071569884,-0.00463758129741236,-0.011842018779955055,0.020526527711589082,1.4811371684686492e-08,339.9306640625,36.37236850583164,0.3309579239865869,0.08913079601476354,0.16358260632165866,163.03591918945312,41.159515380859375,0.7556924794267841,0.20680267481428344,-0.11359057573912089,0.8568420187799551
-0.014687379519113745,-0.003302268323004065,-0.01204448040493089,0.019279356873100364,2.5095161504395946e-08,409.5,34.62766717439396,0.34223265533101505,0.066033140695497,0.17656635424822842,272.25103759765625,154.5938720703125,-0.5343645690423048,0.03567010517524057,-0.2857739721928706,0.857044480404931
-0.014683538527908782,-0.004767181829731876,-0.014003934928846995,0.02084328476487543,3.417295335594872e-09,520.205078125,18.905423215660207,0.253409469987823,0.06936727226797638,0.13970355443631477,174.20132446289062,93.5733642578125,2.24049942395448,0.0632372723499187,-0.12731167894733986,0.8590039349288471
-0.015258955111289343,-0.0042918713386268514,-0.012631585725884409,0.02026851816552055,5.840751438057623e-09,391.8828125,30.26397680711366,0.30357653838819304,0.07969735947846818,0.1584044007697485,210.22894287109375,74.60772705078125,-0.7687165639460509,0.12427116600633739,-0.20382155888541784,0.8576315857258845
-0.01521307903247282,-0.004668544481807466,-0.013169218282873874,0.020655783485717956,1.7637029614547828e-08,462.46484375,34.15890424491274,0.2920582821131611,0.0899734085922504,0.1410178364460749,161.85467529296875,39.41986083984375,2.460948518587982,0.14886408715682237,-0.11692600858331324,0.858169218282874
-0.015428163902540093,-0.004554790196831346,-0.012996308051141048,0.020680386314112842,1.9678236817810557e-09,359.103515625,40.06486014396493,0.3388402931162607,0.09386222880362556,0.15744259633631985,187.01101684570312,25.20136260986328,-0.4416886519695362,0.209279318904914,-0.11936606716861074,0.8579963080511411
-0.015145791318101343,-0.003698415384963516,-0.012527953839061912,0.020000572451929342,7.776853827579089e-09,374.875,36.2110786372807,0.3459891459356583,0.0793395074453784,0.1760156471303863,268.360595703125,102.87179565429688,-2.181643737072606,0.08775278976615035,-0.2772425156908097,0.857527953839062
-0.01571557269254123,-0.004438743846323312,-0.012707139000966317,0.020691859596897035,3.463476838660995e-09,350.12890625,42.29524589832674,0.34684128271974957,0.09529368057452137,0.1547398500521292,191.6226348876953,19.1243839263916,0.7251681598338018,0.22490182977818074,-0.14932713179288068,0.8577071390009664
-0.014886939785451275,-0.0046841704636203935,-0.013440540603887219,0.020596372516359446,1.3221378436512055e-09,541.486328125,23.22218762992042,0.2565591494195799,0.07874311720458191,0.13490286081224245,169.6669464111328,72.66256713867188,-1.3071683138799368,0.08636461965397678,-0.08648143247417821,0.8584405406038873
-0.01685131045503835,-0.0037356720058270843,-0.01052640308342756,0.020216999561309738,4.733874181539477e-09,301.916015625,34.70738656282665,0.34553492910064654,0.08395162070612051,0.17685759075816943,206.35003662109375,61.40460205078125,-1.155994825379988,0.19573886109455046,-0.1548483498493479,0.8555264030834276
-0.014771746756506922,-0.004676130671480094,-0.013495500976907548,0.02054748760585688,8.451078059579231e-09,466.56640625,14.231564436065321,0.2631263859537357,0.05975439544514685,0.1524440309414573,162.43161010742188,110.91346740722656,0.5251688830297774,0.05372169491602296,-0.09861222081512053,0.8584955009769076
-0.014729854382390523,-0.004474499206967353,-0.013494876915511544,0.020471967571398384,3.7144065601069087e-09,446.84375,27.771178458646105,0.2998944616343318,0.06690605009539854,0.1631865383470501,244.8774871826172,125.23363494873047,1.2054492421717502,0.0413662840115248,-0.23221916961873165,0.8584948769155116
-0.014871069388431218,-0.004441165827605009,-0.013373550354258468,0.020487179106497538,1.3481637495260657e-07,405.53125,30.19969100966039,0.30529162028646545,0.07440027804446275,0.16242558880232016,234.13214111328125,98.26504516601562,2.859899968316206,0.09264825334818612,-0.22810325071986046,0.8583735503542586
-0.014721961343646062,-0.004680535538785113,-0.013515882087362985,0.020526144970089706,1.3621221484072521e-08,555.33984375,6.8933126022380815,0.2426375971463586,0.05476158372776809,0.1394757378919489,164.6212615966797,120.8626937866211,2.3417305018672097,0.024260952078809933,-0.11590019357631284,0.8585158820873631
-0.015586194137193116,-0.003066404434806491,-0.012210775301130017,0.020035850800371836,1.8347709129784562e-08,361.32421875,46.98871211010862,0.3942236603749458,0.0935542990697636,0.16654625131719236,301.13983154296875,60.823570251464844,0.5561819507585437,0.15215236600981225,-0.3547227230488627,0.8572107753011301
-0.014834929571928564,-0.004098865518213313,-0.013143871674821783,0.020239495955795467,6.470075142317455e-09,517.4296875,38.51209961867177,0.31605248872527153,0.08008773120416711,0.14514320851021612,290.7174377441406,117.29891967773438,2.4351266811353556,0.03944488956103418,-0.2948901585491172,0.8581438716748219
-0.01478782160692442,-0.004649298467459484,-0.01311078739651328,0.02030242326113593,2.4484372307398417e-09,483.6328125,12.572564422568416,0.2596975365980323,0.059597916198255635,0.14988565740236626,172.40530395507812,111.704345703125,0.30239331259379076,0.05515412496662519,-0.12923797136320617,0.8581107873965134
-0.014762945427630132,-0.00417495271747631,-0.013267459268684445,0.020283004297651494,1.157300033582942e-09,497.8828125,38.39940180272214,0.3218404259484028,0.0804380859822884,0.15016229897821654,289.970703125,115.46559143066406,2.8840259465533835,0.03859165507482346,-0.2820319845127381,0.8582674592686845
-0.014937680917054871,-0.0047504541787685844,-0.013166256421860423,0.020470745815687957,1.788830950033571e-08,409.16015625,22.30222717060761,0.28519731037640544,0.07088008828297104,0.16143313997252384,140.52554321289062,90.4857177734375,2.7427126067075323,0.09453483489895977,-0.08786406021229916,0.8581662564218605
-0.014809688938054996,-0.004665959542340378,-0.01362557587297819,0.020658034339282892,3.644619328557752e-10,595.453125,25.42324615571794,0.25294335540488205,0.08286131449665969,0.1286127364369356,189.67959594726562,64.33612060546875,1.8202925095126996,0.09077130207568858,-0.12377094899586553,0.8586255758729783
-0.015062634914170175,-0.0046255545652872515,-0.013306592920207305,0.020623873078016632,3.148373561856488e-09,475.3828125,33.51297174476465,0.2874149143292494,0.08851654887333064,0.13790501600294214,190.1824951171875,46.1602897644043,2.537763145233787,0.13820695831216065,-0.118766923424741,0.8583065929202074
-0.01618682953168263,-0.0026032032030778307,-0.010633205271729729,0.019541114900511906,4.224805394414943e-09,363.1796875,37.07044053191638,0.34684393864184254,0.0851484867234955,0.17013089473528453,256.0198974609375,75.26628112792969,1.0262935203150665,0.14296391515603654,-0.25982137141218736,0.8556332052717298
-0.014724034638401155,-0.004656430433630232,-0.013841195623756297,0.020737845517583675,4.5673820281422195e-10,562.4921875,38.46476494836694,0.30082118165569866,0.08019022947069918,0.1351275137751069,288.52593994140625,116.10997009277344,1.5266827289069436,0.023441940440355934,-0.27252438378508576,0.8588411956237564
-0.015101678860008627,-0.004412279749561765,-0.013517221329524598,0.020742328448141473,6.433872545841268e-09,349.517578125,49.51713849024055,0.3887151694500228,0.09852073108537772,0.1512812429214856,268.8585205078125,18.295263290405273,-1.7105196719930589,0.22431786797880676,-0.27569015248939793,0.8585172213295247
-0.015667217566825015,-0.0035307435991872027,-0.012111873610042845,0.02011530111619222,3.686873029096205e-08,345.98828125,39.47676325427514,0.3531934240450574,0.08717209038069151,0.16888920872702262,254.1045684814453,66.68965148925781,2.70509205423392,0.15212353005319498,-0.26625264653519315,0.8571118736100429
-0.015753484772032145,-0.004165548686787118,-0.01246024319586736,0.02051296513975494,3.7106537842390708e-09,409.94140625,39.997341469322855,0.33257575635336317,0.09512655644277376,0.1543146601570261,214.6192626953125,23.95285987854004,0.828874227363971,0.17452143207483395,-0.18352349421126504,0.8574602431958674
-0.015069360669376017,-0.004028721360982868,-0.012998093414744338,0.020304350745753888,7.027697090933316e-09,449.25,38.933369305592066,0.32137962220227245,0.0854880109274149,0.147895451727029,269.7799072265625,81.62399291992188,2.215020633968151,0.09060049842477132,-0.27284728767552013,0.8579980934147444
-0.01492581109550907,-0.004490374618323384,-0.013390415339796236,0.020548638009463178,2.3142217031590917e-08,421.3046875,31.08090093981555,0.2991691334140032,0.08055022818689032,0.1546328647377564,221.618408203125,76.68878173828125,-0.3392416361819748,0.10579682695375262,-0.1837662885984651,0.8583904153397963
-0.01475559409454743,-0.0045326492816882835,-0.012964407011216816,0.020158083136705238,1.2065033416774895e-09,482.65234375,11.993548906210838,0.2643823098826519,0.0531726062244035,0.15612496994674285,193.72108459472656,128.25588989257812,-1.9339037948088817,0.028861926852549548,-0.1313689798119644,0.8579644070112169
-0.014720837114792218,-0.004675212048802904,-0.013571372142708427,0.020560709980382442,1.3460518033525659e-08,525.1875,7.75578745738488,0.2497581611445082,0.05201093101277086,0.14509071769776394,153.25872802734375,125.8587875366211,0.8821792033595135,0.01770681404945809,-0.10152844065239926,0.8585713721427085
-0.01470145646866268,-0.004656755129399004,-0.013716295067779938,0.02063867585436556,7.65274954517281e-09,526.84765625,10.783504347148728,0.24876636907760358,0.05417589975114356,0.1430075006094058,173.73194885253906,122.06437683105469,0.7769829575346705,0.031256500341797555,-0.12770919295085983,0.85871629506778
-0.01551247950900439,-0.004602874268032908,-0.012302307667825696,0.020326589630295672,4.064677838755415e-08,366.21875,28.198511540314737,0.30456006566997096,0.07923778165252286,0.16495887923756192,167.168212890625,69.6321792602539,2.6516885305120597,0.14327386639261383,-0.10800065839936354,0.8573023076678258
-0.01511781814569238,-0.004373535831540876,-0.012676785531396173,0.02020834314249966,9.855074090125981e-09,460.13671875,24.469834335060156,0.27705721255841814,0.07454259124902489,0.1499608245244224,203.00711059570312,86.62889099121094,2.5288035936259727,0.07945240274007594,-0.1535774471410821,0.8576767855313963
-0.015181972573826072,-0.004630513190219343,-0.012588193099764888,0.020258246448154656,7.740228014085915e-09,369.728515625,23.266357900298143,0.2957697005958845,0.07045273307943951,0.16803094851734668,171.154052734375,89.41385650634766,-0.6900238867526863,0.12428223030723402,-0.114244674345059,0.857588193099765
-0.014775314568537506,-0.00462523546960078,-0.013640313180026231,0.02063397362113481,3.735909359647849e-09,471.18359375,20.38787949708813,0.2695112292066343,0.06656271254204742,0.15116640321719832,201.5788116455078,104.38106536865234,-1.7960725374976851,0.06782026597918,-0.14342020640136,0.8586403131800263
-0.01597947369380945,-0.0036213776722234803,-0.012006664705505155,0.020312999609276076,3.9808210061664795e-08,360.6875,41.23482810224278,0.35007772562157113,0.09149767070142154,0.15920847106862324,245.49481201171875,46.993961334228516,2.1432664113221507,0.19071805011210993,-0.24191041746034112,0.8570066647055052
-0.014941330169143424,-0.004616364504988091,-0.013498547315617282,0.020658290057461868,1.3133139020737872e-08,427.33984375,35.150750698744,0.3063832849327114,0.0899383701597762,0.14865723589211022,197.08348083496094,41.788387298583984,-1.1382576654135772,0.16152680644907963,-0.13308382599036186,0.8584985473156174
-0.0162150481940512,-0.0027943850886643085,-0.011956899184273007,0.020339710274780733,8.787452543401741e-09,384.70703125,50.59130896808317,0.40660267584107534,0.0994571492340686,0.15462057402506968,303.7140808105469,23.564361572265625,0.13819681521073618,0.208899054582777,-0.330338952664109,0.8569568991842731
-0.01565022700622007,-0.004220470101744894,-0.012705917969437097,0.020595687040543393,9.733504668929527e-09,374.0673828125,41.68633925293055,0.34244587123524506,0.09440626842545999,0.1547345920381088,220.83486938476562,28.02620506286621,-2.3243234169402167,0.20098993302406526,-0.17802715534411265,0.8577059179694372
-0.013714779105498204,-0.00965656925777375,-0.018823547121630924,0.025212505269866597,3.2170637496165e-06,461.40625,46.50169364665746,0.3375824235739813,0.08625572258734165,0.14626950411648798,305.7278747558594,101.36407470703125,2.6347978762418722,0.06760361377273903,-0.31527081260986844,0.863823547121631
-0.016263805592517583,-0.004494602554448265,-0.011582236902705434,0.020466094794661015,3.346990951058615e-08,318.69921875,35.06662458469498,0.336478467278753,0.08696678848668284,0.16970363699571867,173.63783264160156,48.19046401977539,-2.6092682765680077,0.19498059470599144,-0.09746547859062092,0.8565822369027055
-0.014905800920505377,-0.004340841889881736,-0.012636711493803965,0.020017799248976603,4.065640268891002e-09,382.64453125,17.499536282963597,0.2949495510631527,0.0563606818298743,0.17626242808189596,198.09613037109375,122.19673156738281,0.9150060405117894,0.08131648081008895,-0.16857273082529595,0.857636711493804
-0.014728291174384268,-0.004565516492170157,-0.013481504029897451,0.02048212519895981,4.51575488114031e-09,522.08203125,17.177054021978794,0.26026525078772345,0.059081446689904435,0.1457268366909753,210.04067993164062,122.80874633789062,0.27288172378625153,0.03922393413231142,-0.16942937980234699,0.8584815040298975
-0.01696268938394488,-0.002060859445501384,-0.011089490317530593,0.020370487679309823,7.539595969774382e-08,342.232421875,50.36380102125044,0.40930078820044197,0.09925671627185584,0.15615147156103504,284.4172058105469,17.439861297607422,0.3331104568164972,0.21415336688258793,-0.3447549559595522,0.8560894903175307
-0.014736351595931264,-0.00475098898152318,-0.013656642239403327,0.02064547969693404,1.853312880939484e-08,434.30859375,10.229576495078845,0.28287452837014526,0.04123163487607048,0.17300779309108238,191.98709106445312,148.55128479003906,-0.07432039370251055,0.028499666597893637,-0.14426303515068234,0.8586566422394034
-0.014730139275120895,-0.004741787847250142,-0.013550450282562299,0.02056881761096104,7.364751919425316e-09,504.08203125,8.591575307927208,0.25440433560334225,0.05159035344640715,0.148547207294481,166.847412109375,125.79899597167969,-1.7830384823257048,0.02662486713975739,-0.0855059021315389,0.8585504502825624
-0.0157290254987425,-0.0038985983355144527,-0.012479118123911226,0.02045310981910324,2.24465921405681e-08,397.677734375,42.03380437301395,0.3472457623541642,0.09412450071052093,0.15610037329669713,250.54701232910156,37.49323272705078,0.3432344641844568,0.18265640194359617,-0.22332473903028247,0.8574791181239113
-0.014753059203883881,-0.004744181803727793,-0.01357825804737156,0.020604104165460223,1.1549436074176356e-08,498.1328125,10.747086582041566,0.2554140216495031,0.05188165529729013,0.14910362879540295,167.7837677001953,125.22444152832031,3.021443585580304,0.04116604422355176,-0.10480375231453326,0.8585782580473716
-0.01573332316654072,-0.004026293365516409,-0.012655198512958599,0.02058889374226789,2.4278687504875052e-08,406.142578125,43.949714415448064,0.3510715425387559,0.09772687825440586,0.1506096106145859,235.620361328125,14.550597190856934,-1.6508991971515548,0.19820330233139577,-0.22501699459637634,0.8576551985129587
-0.014864492160370425,-0.004218747574134263,-0.013240039307689022,0.020348208745467694,1.8539804358397305e-08,550.38671875,35.39762695409454,0.2904234205209759,0.08266327867615446,0.1358773475550048,267.8733215332031,91.76362609863281,0.0509421300182393,0.05165949334866061,-0.26680911908931576,0.8582400393076891
-0.015305287438862336,-0.0028745401224930522,-0.011331660566939905,0.019259318152685476,1.39966651602208e-08,382.90234375,35.607688754629194,0.3466326078668463,0.07641665217471187,0.17570871689639045,272.01629638671875,116.10526275634766,-1.1558147065065523,0.09167771149772676,-0.27685428849487487,0.85633166056694
-0.01563223737625924,-0.003748516178109451,-0.012060083912662,0.020096363922503826,7.266813639716929e-08,407.90625,35.53047198481327,0.3201362984799376,0.08708270962252199,0.1571885295058315,235.8185272216797,60.698387145996094,-2.698671928297323,0.13750675752824845,-0.22592687712719137,0.8570600839126621
-0.014950705868153502,-0.004533872354923418,-0.013676326783550241,0.020763465962532174,4.321278446184351e-09,384.716796875,51.2895140964133,0.40452704634080794,0.0998727586225953,0.15240618253329508,300.7919006347656,19.934232711791992,-2.5554047302709164,0.2263272496528502,-0.29042611615332303,0.8586763267835503
-0.014753617933495285,-0.004537730443182952,-0.013253915237477099,0.020345183922117063,2.6715849532621405e-09,503.4765625,14.265584627769227,0.26072177565932686,0.05726280151409564,0.15012552348262764,199.47157287597656,122.70576477050781,1.9402111449602053,0.03731729006868901,-0.1395110466343226,0.8582539152374772
-0.016195067415750608,-0.004213666355576934,-0.011998224133629165,0.02059107998910279,4.4865629433843424e-07,360.46826171875,44.04319962361867,0.34970943476663946,0.09698512315025061,0.1513217459062407,196.68418884277344,11.526390075683594,-0.2543392482637136,0.22869263895738087,-0.18824643025956922,0.8569982241336292
-0.014925305695369595,-0.0037576849111796706,-0.012573544426357053,0.019874077725356563,1.1509820652122471e-08,348.609375,33.26613648336753,0.3583957680725618,0.067208639661458,0.19436231502284584,264.4913330078125,141.06463623046875,2.53859485808519,0.06941885318764718,-0.2591288322611463,0.8575735444263571
-0.014787264140610601,-0.004669211830585135,-0.013353530208164432,0.02046415131158447,1.8865749851215696e-08,553.05078125,13.023356808697969,0.24564653559494706,0.06539960254485114,0.13805981637360087,170.818115234375,101.65979766845703,-3.0253896507511437,0.03486655967599897,-0.11358818784168467,0.8583535302081645
-0.015018065021220384,-0.004577274093473804,-0.013578045778029901,0.02075709619042763,1.832200879903212e-08,376.2333984375,42.49058773735051,0.33618011885108195,0.09546709336033496,0.14620737932874184,192.86996459960938,18.665706634521484,-2.7972808894084134,0.222849453035164,-0.13045654381313757,0.85857804577803
-0.014716195941299123,-0.004628779696057128,-0.01378625236416453,0.0206894364037731,3.496713585349198e-09,562.38671875,33.37578382815744,0.2826275387448251,0.0785894950574308,0.13497205034596815,263.93817138671875,103.2640151977539,1.7169803656192626,0.042243557876429125,-0.2535658721966847,0.8587862523641646
-0.015353098365420037,-0.0042339936025631575,-0.012548463435561152,0.02027580493688042,3.0138391338141446e-08,405.662109375,31.204004574055787,0.3040137318703345,0.08346336785532489,0.15747538073526512,207.4536895751953,63.92589569091797,2.7968495851079744,0.12700736279601826,-0.17295426282671741,0.8575484634355612
-0.01574972336688968,-0.003418174543165453,-0.01206747343504011,0.020133594275401845,8.272264651054684e-09,380.66796875,39.14299397074917,0.3454134280798319,0.08805297305926736,0.16330897866767236,260.017822265625,66.35557556152344,-2.7412308227320326,0.144092749648829,-0.2657399111398779,0.8570674734350402
-0.014773609903655588,-0.005114149992254652,-0.01469746614325973,0.02145762313866414,7.2864168032538146e-09,548.13671875,32.43569678266911,0.27879767202293987,0.07807869747380596,0.1364057962633557,254.1728973388672,99.15357971191406,3.1160919182338085,0.04584318580935917,-0.22370183720697437,0.8596974661432598
-0.014973736876141966,-0.004739471957682526,-0.013343732584094936,0.02060899293389732,3.297424111536884e-09,451.0625,27.078603983661413,0.2805572514661355,0.0805103235508669,0.14824226272400542,145.85211181640625,67.7371826171875,-1.343310273589277,0.10971647086087229,-0.10644112909827645,0.858343732584095
-0.014967217531603821,-0.00396019714903062,-0.01279932996960631,0.020087897096719737,1.1068475913589282e-08,455.828125,33.98195955039258,0.3091289247391406,0.07963550971555257,0.15319830950831725,259.494140625,96.31761169433594,-0.949394035027943,0.06619769595388698,-0.2680887914963795,0.8577993299696064
-0.014975674182930929,-0.0038751908000523305,-0.01303599038302472,0.02022930958378034,2.8183927414104915e-10,424.05859375,43.839176107094445,0.3586419299346389,0.08559326152964385,0.15490571498777594,304.0464782714844,102.76551818847656,1.7202650719659685,0.07876373007364224,-0.3299529517344635,0.8580359903830248
-0.015224702931566081,-0.004089930505615624,-0.013250227117036162,0.020593388005576998,4.53500703656573e-08,381.8720703125,50.5651137743949,0.3968960080758525,0.09936961563188343,0.15070491715034162,293.5030822753906,20.599864959716797,1.039476550696567,0.21328618404088953,-0.3145965315095411,0.8582502271170362
-0.014912833768919255,-0.004164832909512334,-0.012862769546019281,0.020129314061278304,1.1681220435377782e-08,465.203125,27.772424779925444,0.29256505260918964,0.07239471929670722,0.15593070077301696,240.6436004638672,107.89442443847656,0.8520882435179836,0.05984585613061511,-0.2062220581274411,0.8578627695460194
-0.015607241830365048,-0.004440219562687031,-0.012544852738017087,0.020510360248784026,2.486741479401644e-08,372.505859375,36.03476347984553,0.32195184066191296,0.08912128884582966,0.15756243811054294,195.65679931640625,43.95018768310547,-1.4791499725495996,0.17844904702617156,-0.15080692091443051,0.8575448527380172
-0.014877623791740041,-0.004534227042023942,-0.01369352496481202,0.02072234375062581,1.1120914678031113e-07,326.171875,43.52849664345375,0.37341672179604474,0.08933461027625048,0.17020815987230364,269.1435546875,64.99210357666016,-1.9597985845241657,0.16890672621008457,-0.2988693165274621,0.8586935249648121
-0.01584812184230916,-0.00325929580080464,-0.012186050325046605,0.020255512769870525,2.0606890416274837e-08,284.84765625,46.549527206317116,0.410672908349242,0.09155195131517882,0.17839811854234144,280.2781982421875,59.816314697265625,0.4217293591780097,0.21559020795824219,-0.31285917713912675,0.8571860503250467
-0.015408551580582242,-0.003967447605984886,-0.012222208939194346,0.020063561340674812,2.1128142790871607e-08,367.91796875,31.407608042028485,0.3210441020821033,0.07829870620375873,0.1681595873239946,230.22622680664062,85.0343017578125,-0.49039741347003357,0.1326857171369101,-0.21355778395218086,0.8572222089391944
-0.015278344771060104,-0.003964414878869893,-0.012978554643792162,0.02043495253033595,2.0452169735563075e-08,452.439453125,45.17808562513299,0.3532883940842895,0.09512292591400935,0.1480513851661388,289.45355224609375,46.84088897705078,-2.1731555233165687,0.13306106962136885,-0.29843514834879603,0.8579785546437922
-0.014802793138221602,-0.004702522624914274,-0.013374991606538655,0.020496995004287595,3.251292923778237e-08,429.796875,13.657190308499121,0.27397762005217924,0.05745981926155254,0.1624598925394497,176.88763427734375,115.67005157470703,1.5894595520007846,0.06064759025423156,-0.1440752967845055,0.8583749916065387
-0.014663908966184849,-0.004439065656199198,-0.012923788895656041,0.020043947951640814,3.756220934292287e-08,470.0703125,12.55050777810134,0.28063915959962055,0.03525566337006007,0.16851809404224705,197.5159454345703,164.55250549316406,2.0067978925482675,0.012173149798858396,-0.1324656485837099,0.8579237888956561
-0.015762993158293714,-0.0038789810066745256,-0.012392492135303912,0.020422837909608093,3.488086264269441e-09,435.796875,41.08055971883544,0.3326028117220367,0.09374107446706598,0.14756004001061807,249.36761474609375,39.126930236816406,-1.200770672401439,0.1674773575203613,-0.17546740266889763,0.857392492135304
-0.015650522583619736,-0.00351605674394595,-0.01253565600629758,0.020357902241519475,8.263133288721747e-09,423.32421875,47.0008853918288,0.3689410731687303,0.09598853344081837,0.149126899516961,293.68084716796875,43.54756164550781,1.471996795625818,0.16341544421258966,-0.28206962936423713,0.8575356560062977
-0.01706807400508903,-0.0044788870989960206,-0.011246379799548345,0.020925119796178896,2.6830591082216415e-08,345.4453125,42.094368661468835,0.35364936002570074,0.09634545645333671,0.15837106571787885,175.57518005371094,13.437750816345215,0.22225051266750454,0.23202994520491338,-0.10706274240592792,0.8562463797995484
-0.013806524012981367,-0.006108471436650442,-0.016348952277611017,0.022253578795083905,1.9665040440486337e-07,485.37109375,35.321858392124135,0.29650839007815016,0.08297461347776768,0.14418059091469615,251.603759765625,81.84984588623047,-1.5670144661961631,0.08925584842643695,-0.19875399869547947,0.8613489522776111
-0.015072933567299274,-0.004709911590011592,-0.013356334142676118,0.020682559204333456,1.3428749778832128e-10,435.005859375,35.03215549357259,0.30012878014578503,0.09003147034138237,0.14412443371407646,151.5452880859375,39.17060089111328,-1.3183029737318035,0.16366850911170613,-0.11030599874469953,0.8583563341426762
-0.014767188477225454,-0.0044545479505524455,-0.01323758307632139,0.02032600449346063,4.616700799431328e-09,530.375,18.857648377166605,0.2592189677233676,0.06617845764358697,0.14355987606739895,211.7337646484375,109.04578399658203,-1.4550118934820555,0.03603389879571632,-0.17972154574184443,0.8582375830763215
-0.014700689338030037,-0.004830743776217894,-0.014079079128419103,0.020920488081042094,2.1755825585501043e-08,402.41796875,41.369763964135664,0.340709695085228,0.09024750803117984,0.15435586750207075,264.1957702636719,59.025474548339844,-1.539854715613736,0.1315917107324632,-0.2982229291030875,0.8590790791284192
-0.015075752197998948,-0.004206942739310104,-0.0131968473640528,0.02047274900684838,1.0308168540973384e-08,429.2578125,41.6383046729354,0.3377558945876626,0.090032713344675,0.14989548082998327,273.1175537109375,64.37637329101562,-1.3531333691451173,0.13019436841796483,-0.2593183213426419,0.8581968473640529
-0.016281837152997886,-0.0025148795175591876,-0.011671721359075238,0.020190391763125204,1.0983067255665446e-07,341.3359375,49.03671812181804,0.41630974961362466,0.09737184047476781,0.16853001728437778,298.5252380371094,35.38884735107422,-2.4383554595251473,0.1908479649946163,-0.32960187604156566,0.8566717213590753
-0.01479555205594757,-0.0045770752164655815,-0.013689601648202876,0.020670345218789084,8.404850149190679e-09,445.8515625,34.22491199117652,0.30172958863739296,0.08405520738137741,0.14803270666696655,236.04373168945312,71.03314971923828,1.781981603410275,0.10741899502555172,-0.22273552893673906,0.858689601648203
-0.01483326462040803,-0.004469420065162738,-0.013352201949623499,0.02045196205554512,1.7669948837450988e-09,569.59765625,26.18018225185879,0.25849052460677063,0.07643186855359584,0.13091239658901022,223.0130157470703,88.93228912353516,-1.3412610283090993,0.055990674849528216,-0.2018907513496692,0.8583522019496236
-0.01257203009676125,-0.007265904953263125,-0.015994392957784598,0.021602544332364044,5.187980605114717e-06,440.0146484375,53.1054893032464,0.3701557557123908,0.09938746514890279,0.1346661042316981,306.3742370605469,25.523967742919922,-0.8639749395945134,0.1707164411051,-0.32975193882965764,0.8609943929577847
-0.014899943742801597,-0.0044389759459519396,-0.013573778345026821,0.02063880542927113,4.148388299540784e-09,459.421875,46.914130863149964,0.35734594275578635,0.09679517977045578,0.14354472260776996,292.0416564941406,37.74186325073242,-1.0773092049790303,0.15888893667284348,-0.29003659184464065,0.8585737783450269
-0.014374692905867265,-0.005032642457377945,-0.014570920446566937,0.021077737281358647,5.70456286652643e-08,431.3671875,40.223531771449785,0.3217952117917873,0.09209186289719137,0.14515203463333715,238.68292236328125,42.82184600830078,-1.5262084073005264,0.1685360735659329,-0.1826233146770699,0.859570920446567
-0.015398445103064068,-0.003911142505309939,-0.012773149121431349,0.020385349782803392,8.934840090013552e-10,475.5390625,44.010300838738786,0.3375140219837389,0.09325495845434287,0.1417500353460035,286.3241271972656,55.311073303222656,-0.06341408948972845,0.11633130410760716,-0.3013496129124089,0.8577731491214314
-0.016606432398470622,-0.004593321818855967,-0.011477383033704158,0.020702717783878354,6.491519854989747e-08,332.134765625,38.56326589261315,0.3394753939078272,0.09128490929834507,0.16176765481835087,168.39297485351562,33.69465255737305,-2.8521209612947387,0.22354221765834628,-0.11568268076749996,0.8564773830337042
-0.014784301148920195,-0.004709082348947277,-0.013479847306152482,0.020553766088683506,1.1255707477175747e-08,483.373046875,17.190345627703795,0.26104403372588314,0.06684802826091191,0.14690277879220837,157.7983856201172,97.74240112304688,1.6766645987941473,0.06923583050475651,-0.11520989137272912,0.8584798473061526
-0.01511300773929336,-0.004393336628933736,-0.01301441952508009,0.020422524947661534,1.3225188055798753e-08,457.6953125,31.905156257772482,0.29107153798143004,0.0835906518128629,0.14504460006828535,218.75592041015625,66.89037322998047,-0.4516264142573542,0.11916044392248541,-0.18742611887141158,0.8580144195250802
-0.014876364428953376,-0.004515510156676422,-0.013413875597968361,0.020533584907556895,1.2701728557829028e-09,459.23046875,30.342520931754184,0.2858460806530839,0.08043025696241424,0.14479359064602693,218.1451416015625,75.8156509399414,0.043151484702160146,0.10384648962923586,-0.19192744387565716,0.8584138755979684
-0.0164948119702249,-0.004590058078763171,-0.011657050420024073,0.02071314267788635,1.8759900299869514e-08,380.0234375,39.347373979728665,0.3335875234666519,0.09470118940433964,0.15409767319077017,170.12582397460938,20.90461540222168,-2.836510152755566,0.21221144734114894,-0.11231041963270808,0.8566570504200242
-0.01532536895368597,-0.00387069890156283,-0.012976649476767244,0.020450982255042056,6.931320228886761e-08,424.27734375,47.713979825972956,0.37055376064269185,0.09644210335064707,0.14713699346022224,295.8194885253906,41.18080139160156,-2.670500114860717,0.15223802599889716,-0.3007609174480777,0.8579766494767673
-0.014691104520794456,-0.004653663609088504,-0.01330006285248686,0.02035624741713371,6.342217773180892e-08,502.609375,7.388272272651659,0.2585622151805808,0.04234685740338994,0.15445394316939487,180.45663452148438,143.53512573242188,-0.656185920792687,0.012838081872808032,-0.12862877408507395,0.858300062852487
-0.015164643370092795,-0.0043205047187312995,-0.013335696527601693,0.020651246244306094,8.343167934299345e-08,406.6181640625,45.27562573540044,0.3455767358342307,0.0957166992071023,0.14252399751702016,254.1448211669922,30.07366371154785,-0.7983506782133818,0.18227568605242528,-0.2647412162148443,0.8583356965276018
-0.014801062704751455,-0.004521167582741292,-0.013166989014473884,0.020319498350315914,8.575471888150332e-09,460.296875,19.82736655869082,0.2737754485653986,0.06145117227340436,0.15409267047861086,207.86331176757812,116.75881958007812,-2.4916048314729733,0.06609026975784883,-0.17675905773459602,0.858166989014474
-0.014794479536755403,-0.004775977106386151,-0.013216276195381571,0.020404816552883013,4.2664511923362625e-09,416.66015625,14.122805829867149,0.27856362900551557,0.055200754802544105,0.16675797111734336,145.89674377441406,119.84510040283203,1.6870029403824773,0.06521710858580428,-0.09069618357522423,0.8582162761953817
-0.01512855848547806,-0.004541331767346196,-0.012961636456755965,0.020432841107069357,6.685112197146736e-08,322.3203125,28.963775605388243,0.32711249016805316,0.07452281756177978,0.1830089694906839,210.7926483154297,87.50241088867188,1.4739332757966208,0.13282345225331635,-0.19639383243768263,0.857961636456756
-0.015900888433192983,-0.0029120087960339824,-0.012025731917634896,0.020147860341680264,8.543931073745625e-08,371.90234375,47.63820096718362,0.38926222700431906,0.09566305362738789,0.1593328285184018,294.50677490234375,44.771244049072266,2.078857458699182,0.16702468910195414,-0.3374646433890897,0.857025731917635
-0.014777243476171362,-0.00418444294802961,-0.012783200733057498,0.019982159756167638,2.022270528811987e-08,435.734375,24.71250297567242,0.29625723909994234,0.06156825068128259,0.16558984413622924,233.4790802001953,131.0030975341797,-1.1025204345191046,0.034459391809833304,-0.2121156150437261,0.8577832007330576
-0.01487074737867397,-0.004761025339361943,-0.01340797180369524,0.020581064058281143,3.3124333498335545e-08,455.609375,21.700799878526116,0.2713557051761842,0.07158577783909398,0.15024455549757898,144.77452087402344,88.78526306152344,0.45668456460469375,0.08472310247991413,-0.09683966927097896,0.8584079718036953
-0.016594382913685285,-0.0027028004447058884,-0.01150366490125454,0.02037186738348422,7.67774324117454e-08,312.04296875,47.581496656038176,0.4029639900182288,0.09609000262300127,0.1690632855763815,272.08782958984375,33.36283493041992,-0.5739957192308216,0.2164424425214344,-0.3246636603695557,0.8565036649012546
-0.014715059988972143,-0.004311635793287721,-0.012554016143592417,0.019817328655159044,8.51702597337578e-10,442.4921875,14.507508239564519,0.2845968897686297,0.04508196185553201,0.17066135745332878,205.45645141601562,148.82431030273438,1.843337258172508,0.0168413693321946,-0.16662564217931278,0.8575540161435925
-0.014743863977953992,-0.004502034190577653,-0.01354217354173537,0.020519266582605163,1.5381573348349775e-08,516.921875,30.173325690181237,0.2834184560899186,0.07564301554290875,0.14469992417556654,250.0528564453125,103.63609313964844,0.21426396616705465,0.030205638584744218,-0.2637154622019601,0.8585421735417355
-0.015800928194436126,-0.004104784260513056,-0.012481461219989054,0.02055007201489019,3.865012487835884e-08,384.91796875,41.717103754230145,0.33789235689654534,0.09414728737833827,0.14947436563107186,223.4726104736328,29.28272247314453,-0.5670541994487535,0.19685954265162237,-0.19399294376252774,0.8574814612199891
-0.014722730593976177,-0.004572843007831645,-0.013674082836937274,0.020607043231587092,2.7616477993319677e-08,500.828125,22.863303008356144,0.2805115829549988,0.05617637436550275,0.15567864688268662,233.6613006591797,145.0294189453125,-2.0840995580750956,0.021121541770855623,-0.21397129323551126,0.8586740828369374
-0.01467287791599969,-0.004114576430380212,-0.01311147249646416,0.020103079280667624,1.682580972328651e-07,391.7578125,35.626218735620924,0.35943436059244116,0.07014259767000476,0.18726960799744985,282.1373291015625,148.5327911376953,0.448106508706407,0.024245764782239467,-0.3201081043789578,0.8581114724964642
-0.014882289761894887,-0.0038723381735746853,-0.012969554827374385,0.020116831358536445,2.3743660371167152e-09,475.3046875,40.01317065759992,0.3290188090420929,0.08377323892610516,0.15002331518196366,291.17254638671875,101.5845947265625,1.1297807263862065,0.05409744578622186,-0.331926367943667,0.8579695548273745
-0.015119965566359583,-0.004345180922960767,-0.013206079372781843,0.020540070311013438,4.3919790471136366e-08,434.5859375,37.158946073218345,0.31435581619196395,0.09003184659115426,0.14869212653654418,230.5757598876953,48.699214935302734,2.563335537872261,0.1467541751053657,-0.19384793027691774,0.8582060793727819
-0.015980075794530535,-0.0035921006208032846,-0.01239617913176505,0.020540965564834663,1.1687492751377704e-08,333.669921875,47.67999904926524,0.3834954312950882,0.09678117091019622,0.1544191461136556,259.2038269042969,25.30474090576172,2.675958129063195,0.2251173858708339,-0.2779520924040864,0.8573961791317651
-0.014982867121732357,-0.004785163342928375,-0.013560862126436257,0.02076730789048516,4.1036778419822895e-09,381.021484375,28.026132251124285,0.29748602019444315,0.07836746291156152,0.16178121178762928,169.47314453125,71.89018249511719,-1.5991481800596101,0.13479372085892077,-0.1208973479970069,0.8585608621264363
-0.014817159089077131,-0.004416934774852638,-0.013128661925626561,0.02028347308114959,1.3478862470606146e-08,422.0546875,21.414794563364115,0.2887352558202403,0.06181897912836848,0.16450062574715563,214.63502502441406,118.63629150390625,-3.083145635832376,0.06786184913925092,-0.1889569459247166,0.8581286619256266
-0.015082304373316494,-0.00441649993193205,-0.01305011416337265,0.020427600361647404,8.261891171201796e-11,469.8046875,30.624208468810462,0.28457562681440507,0.08245850640864918,0.14220051445474335,213.2930145263672,68.75479125976562,1.445355158184742,0.11546891215907819,-0.1632086085006866,0.8580501141633727
-0.014656683594032816,-0.004005997780831022,-0.012985702858101522,0.01998736778354068,1.2022947970535824e-08,532.390625,35.00005320945116,0.311847837411552,0.07068804943640727,0.15177796827862544,283.1665344238281,149.5903778076172,-2.0075592859963587,0.008960387862793937,-0.2495833640503564,0.8579857028581016
-0.015969452665397565,-0.00408605004169027,-0.012192312885968115,0.02050296848958498,6.355721637874012e-08,359.2900390625,41.52591471271368,0.3466298007977859,0.09373013945748837,0.1561522802245643,221.35948181152344,30.764549255371094,-0.5063467818106377,0.20406009440901002,-0.16971376286324605,0.8571923128859682
-0.015088168717565062,-0.00397170082935433,-0.01284571270351953,0.020209888114211958,1.2254295356228795e-08,415.859375,37.45716469723972,0.32850930011164525,0.08315129956009153,0.15765365924153352,265.4406433105469,87.50593566894531,1.7744735626695274,0.10174906941145148,-0.2691969947523101,0.8578457127035196
-0.015023254605377442,-0.004238031274353682,-0.012838663466060662,0.020211144638915313,3.6320602081474362e-09,413.52734375,27.98921067913813,0.3011335728018568,0.07372290281864245,0.16257114259274952,228.66558837890625,97.72540283203125,-0.07568035490201584,0.0940292532729786,-0.19052534388044806,0.8578386634660607
-0.014816850643128654,-0.004645212805752391,-0.01363741876406066,0.020666307254511188,1.2141068594928583e-08,429.796875,26.1255855266884,0.2936094668064921,0.06910210970166422,0.161680937814206,228.2299346923828,109.42401123046875,2.6513158127115033,0.06562565583618075,-0.19237517539875734,0.8586374187640607
-0.014695737892140646,-0.004579926934465767,-0.013645393335809386,0.02057029903060465,1.6608565633902117e-09,452.8515625,17.514755302175885,0.2749144670946308,0.05597104091413026,0.16010835650158606,204.4380340576172,126.75504302978516,-0.5434965663157982,0.045591726734752334,-0.15289974343709706,0.8586453933358095
-0.01540632463171604,-0.004755023361041208,-0.012963497708785243,0.02068858039275649,1.1116920717313405e-07,357.6904296875,39.2723540347462,0.3333189477881702,0.0927510391901577,0.15814431247985117,151.62144470214844,28.811721801757812,-1.7471927232608262,0.20196101544795625,-0.0814640759439985,0.8579634977087853
-0.014712388928214554,-0.004823263232685587,-0.014143829658767815,0.020970602604671783,3.828882544354428e-09,358.140625,35.63642813077722,0.3329564416407628,0.078984375387119,0.16808996409104715,247.88124084472656,91.36788940429688,-1.52331426855905,0.12131070080497182,-0.2489158964632768,0.8591438296587679
-0.01483412448744173,-0.004743951862959561,-0.013135676185890288,0.020374059915676136,4.329083314047466e-09,531.875,14.219475048972463,0.24998028946820605,0.0645371568977921,0.14066496143869012,149.86569213867188,103.48338317871094,2.5306309562366067,0.040701449465130865,-0.0883779687749622,0.8581356761858904
-0.014742139877106812,-0.00425138455849472,-0.01283893866988628,0.020006081700060397,1.0995168331362493e-08,421.08203125,22.145738096218874,0.30198481914786857,0.05661649898389968,0.1752216258160575,230.17041015625,140.2563018798828,-0.21396455833754296,0.026926936461281935,-0.21461081158595316,0.8578389386698864
-0.014738666920129762,-0.004493773835922643,-0.013318721389456223,0.020366900729392012,8.139589557920601e-10,491.3984375,19.084752991615616,0.2709482952439255,0.057151654489502955,0.15372781241535405,216.82382202148438,131.20443725585938,-2.856523585885455,0.02588793532696261,-0.17476066658180325,0.8583187213894563
-0.014694677680168577,-0.004710626833911935,-0.013903234492926742,0.02077073630514151,1.8725954120668575e-08,578.51953125,41.390680853592876,0.3129410060870755,0.08720284162408998,0.13532307278391598,302.3982238769531,95.08815002441406,0.5907514435967681,0.048761770281219835,-0.2908327851199068,0.8589032344929268
-0.015410525269643066,-0.004378779260199306,-0.013161724336599567,0.020733764356925068,2.655053954470077e-08,332.453125,44.182577805235006,0.3675295834898201,0.09522934207515546,0.16325792388554994,233.56375122070312,26.665605545043945,1.5606606206452198,0.22667646200749478,-0.22890813946093722,0.8581617243365997
-0.014715325383555786,-0.004659366139076027,-0.013856264143255137,0.02074238534907563,8.317107003108504e-09,570.03515625,37.72597454720513,0.2904221374628092,0.08788862907542055,0.12952518335443797,265.9034423828125,71.09483337402344,-2.7155497102264783,0.08815948070046924,-0.22706724398805825,0.8588562641432552
-0.014769611719597495,-0.0046709496855034255,-0.013731427517896355,0.020700514558614658,2.0722805416095724e-10,497.4296875,23.759928836418393,0.26538907908975384,0.07711083830694535,0.14302750934278807,182.36758422851562,77.26598358154297,0.7630492630961969,0.08391484787336798,-0.11816313685614861,0.8587314275178964
-0.015524999222085611,-0.003443603518169913,-0.012129897921174027,0.020000460735048405,2.7017808434948165e-08,386.98828125,39.06160606836946,0.34180540801601944,0.08700786155740271,0.1617613573254899,262.1736755371094,71.34680938720703,2.4912476558356627,0.13148776991111782,-0.2742947585618832,0.8571298979211741
-0.0151890186331399,-0.004304430191016534,-0.013119426307488413,0.02052690315037377,3.5692508504325815e-08,352.25,39.81814178602042,0.3423346620144724,0.0907346271553151,0.16113602154367346,226.9392852783203,43.901649475097656,-0.2919563361227745,0.18339146784825974,-0.24294032438038987,0.8581194263074885
-0.01469151188496761,-0.0045826717902586744,-0.013764559546346922,0.020647142700826848,4.892655169896898e-09,464.9609375,40.580020606458675,0.3421424394637988,0.0792542644321297,0.1573090185250524,300.0869140625,129.390869140625,0.16870049056999598,0.04501791186427841,-0.31348278303316157,0.858764559546347
-0.015003826926048403,-0.004253919874348033,-0.013359473556000978,0.020534999157966326,1.4994749886199088e-09,391.34765625,44.03039804975531,0.3628702102847814,0.09067419153557307,0.16007438005480024,286.75811767578125,68.85020446777344,-2.756819735435842,0.1447939699287634,-0.2681746681171557,0.8583594735560011
-0.015053549950148626,-0.004067598139294415,-0.01229281751483191,0.01985618501065523,1.9872417045263546e-09,424.203125,23.45292707146027,0.2935015412930902,0.06518122524255317,0.1651034050584277,223.52503967285156,116.02884674072266,1.840853124421798,0.07194217189893468,-0.18172049496593165,0.857292817514832
-0.014784887136764388,-0.004649557200836901,-0.01358334847717213,0.020608702668120808,1.4732841613351866e-08,489.6171875,17.868063773683378,0.2603986251612422,0.06751781141529739,0.1462784073782727,176.87725830078125,97.17134857177734,-0.3706763830805724,0.06474250121282177,-0.11101654279139739,0.8585833484771722
-0.015702782485472216,-0.004245877682933663,-0.0123320436592107,0.020412842915605016,2.0917322984814746e-08,371.26953125,36.4092264405467,0.3262943343887165,0.08918431781203073,0.15978515812340122,207.532470703125,45.61716079711914,0.7965750773744478,0.18514380596247662,-0.1556521924587125,0.8573320436592108
-0.014742647827036947,-0.004776266981870364,-0.013411571932079536,0.020494600579749923,3.2400464533566264e-09,446.8828125,8.42636429050773,0.2725219565312942,0.041075284430047224,0.16771564672598827,152.15798950195312,143.49383544921875,0.905603898805077,0.018773213140495928,-0.1285256944502322,0.8584115719320796
-0.015281014301872925,-0.004222373708522492,-0.012507440846843076,0.020193412647835075,9.939002154624177e-08,377.58203125,28.224385588295288,0.30720165839090086,0.07705259636413782,0.166673322031753,209.2777557373047,81.81758117675781,-0.19972901002855722,0.11968873939110236,-0.15417891959774171,0.8575074408468432
-0.01518161381368617,-0.003914672398986296,-0.012817424280815226,0.020250738830317368,4.720918322931311e-09,491.43359375,40.01788410225292,0.32003115832643947,0.0906202548638464,0.14330008070733713,272.0951232910156,61.38639450073242,2.2844869543554203,0.1126867813773475,-0.28285290951443814,0.8578174242808153
-0.015421737879429076,-0.003761478495524828,-0.012502491668926252,0.02020621235228621,1.8733835815964994e-08,444.154296875,39.77285351545964,0.3250558159936893,0.09085101085915322,0.14748995948157895,257.07745361328125,54.023460388183594,-1.2989031022319149,0.12830090386286802,-0.2675259391403773,0.8575024916689263
-0.014991540075067838,-0.004485531725198499,-0.013233315584918026,0.020493582167355747,1.6656335199982664e-09,429.49609375,29.948818181315684,0.2906427168716105,0.08025573738676774,0.14910454862430933,206.5817413330078,72.5541763305664,0.35922553017175135,0.1217070190839744,-0.17165302601199312,0.8582333155849181
-0.015129406103197768,-0.0045998785981210405,-0.012588170926013942,0.020211874218277547,2.482494032562954e-08,426.599609375,20.278467365232736,0.2795210039409235,0.07125463309403683,0.1594523684900444,173.48768615722656,88.68937683105469,-0.8705766955421528,0.09826398187235642,-0.10176866022784074,0.857588170926014
-0.015238196724518455,-0.003904572231267056,-0.013008263051288438,0.02041233037494305,9.278479318197697e-09,442.5859375,45.56309669342801,0.3531339507205213,0.09319497296150642,0.14519465648277186,293.8985900878906,59.616676330566406,2.0044637638405702,0.13708418705590752,-0.2902932220686153,0.8580082630512885
-0.01472799996142582,-0.004676593214124614,-0.013857124623306127,0.020755828332783836,2.279078969991133e-08,427.89453125,31.08040776869608,0.2972897213017116,0.07915784103108174,0.15358740440421792,226.19662475585938,82.25526428222656,-2.769180830010675,0.11809964943446868,-0.19249520213415977,0.8588571246233062
-0.015202469767809104,-0.0034138835931104006,-0.012469528139481656,0.019956423032442036,4.1572391751287796e-08,366.3359375,42.4455061196272,0.37451989488660475,0.08580580311545934,0.17347438858069286,292.9801330566406,93.28929901123047,0.19252270953522935,0.10519777632134399,-0.33820535160972615,0.8574695281394817
-0.015105453205507713,-0.003991851982113992,-0.013146526693499694,0.02041912737836244,1.1606283711884657e-09,445.39453125,45.821892081625805,0.359108724871368,0.09396735332120942,0.14796942412193426,299.0068664550781,57.36806869506836,-2.8184593149924426,0.1381939870779009,-0.3204159160706172,0.8581465266934998
-0.014696385888212026,-0.00469042454919405,-0.013832252637452802,0.020719919248231633,4.722460200667911e-09,570.55078125,8.433737513951122,0.23955064174864,0.056566227101391316,0.1370626456955505,163.42764282226562,118.00315856933594,-1.5215172361502254,0.014852859111518459,-0.09875184813039448,0.8588322526374529
-0.014918343980387369,-0.004306777976668563,-0.012077624784808227,0.019671663480755545,8.429419828814844e-09,462.30078125,12.646206225966106,0.2711020861565466,0.0508723368418243,0.16007310649196216,195.757568359375,132.85169982910156,0.09202557334635116,0.041738133741464,-0.15105694301315256,0.8570776247848083
-0.01557258816613627,-0.0045831300384995,-0.01279732196661465,0.020670801451784147,1.2543733163283832e-08,318.193359375,40.42829651754522,0.3473408751295865,0.09216172407195869,0.16228222868016562,176.9484100341797,30.584203720092773,0.6754505316551109,0.2237125854399809,-0.13498741431161893,0.8577973219666147
-0.01528136718821882,-0.0037807698806416323,-0.012997541112878874,0.020414467394779475,7.63853069685183e-09,292.94140625,48.52684130641543,0.4301928021141708,0.09429602201093872,0.18318114947746056,297.2235107421875,53.97440719604492,2.518588160821517,0.21151046976304017,-0.3408607759295283,0.857997541112879
-0.014526706638220283,-0.004806888963908129,-0.014125135816523637,0.020824285080153264,1.722808207205162e-08,462.4599609375,39.87556977678592,0.31173277161854185,0.09446702912909331,0.1393937317171401,216.93685913085938,27.134624481201172,0.19084850895365318,0.15958112764522273,-0.18783640717211633,0.8591251358165237
-0.014884203335563354,-0.004722825092301056,-0.013127417210860304,0.02040033500741728,1.0760736746107114e-09,495.5078125,16.66284539905974,0.2599895929265357,0.06884442765037146,0.14743125719082717,152.22622680664062,94.46192932128906,-1.031561102356527,0.0650627646508054,-0.09257946676059788,0.8581274172108604
-0.015690753145436637,-0.003999048020444623,-0.012423590205107415,0.020409255570091055,4.342598458606517e-08,360.515625,40.8397809864015,0.34517785156784436,0.09247282432979434,0.15879817739812996,229.3914794921875,37.829986572265625,-0.5706208316186169,0.1928741766590681,-0.22416585836548036,0.8574235902051075
-0.016774343561933774,-0.0026059485029127916,-0.011227467783766598,0.020352533070090793,4.102802364513991e-08,341.77734375,46.5618433291485,0.39156581040277594,0.09733966997387258,0.16528594452476297,264.7542724609375,23.652429580688477,1.2286386673777805,0.22166838279904583,-0.28528479043199767,0.8562274677837667
-0.01579429894501136,-0.003339947980364577,-0.012082376131035799,0.020164298764096707,2.4248240038104996e-07,356.7109375,43.621525557477035,0.37125936588402664,0.09293925463033048,0.16519616643740587,269.66363525390625,48.95317840576172,1.0694796922502396,0.16709658977621883,-0.30696863231093485,0.8570823761310359
-0.015519470120542223,-0.004232903610306399,-0.012513179288006548,0.020380163926974282,1.5029375077801888e-08,481.11328125,34.735865320561295,0.2917705361698735,0.08987069453882984,0.13730041187367648,205.66908264160156,43.286624908447266,-0.8479664671859449,0.1317292175255288,-0.21577497221062295,0.8575131792880066
-0.014843649916528825,-0.0043673357338352425,-0.013108383405792345,0.020278986162275286,2.9453730121531407e-08,488.703125,24.152038747442475,0.2755078963754222,0.0697808293694039,0.14937565071383363,225.05950927734375,106.10758972167969,-1.3939365200523735,0.04550842322661931,-0.20699533514756452,0.8581083834057924
-0.01643077281241373,-0.00388969050221899,-0.01103089404033053,0.020168802908085703,2.933430565121853e-08,311.83203125,33.63362754154805,0.33883253167052957,0.08387241619388558,0.17712733236408906,199.56015014648438,60.358009338378906,2.3319367778034783,0.1758537712930225,-0.1696657824077751,0.8560308940403306
-0.014741637620476943,-0.004342153629029538,-0.013208099251494576,0.020263861026687067,1.2595789300462457e-08,536.4453125,26.06341264074292,0.27585274146738287,0.06430649360619821,0.14456135181623808,243.646484375,132.27471923828125,1.3811048213620385,0.023786376752513626,-0.20145892422990874,0.8582080992514947
-0.016147817384346952,-0.004933422394984274,-0.011983586481275843,0.020704999583669812,5.160448957042263e-09,347.2861328125,38.19615032187824,0.33429415302299526,0.09118867454076968,0.15892456260402998,142.73582458496094,34.8488883972168,0.34316184756965024,0.20922307711918237,-0.08670130516743339,0.8569835864812759
-0.014717584381529938,-0.004343450942363103,-0.013476412157577666,0.02042269670628921,5.7362242955605325e-08,472.29296875,41.975574858266555,0.3430168368905282,0.0851518170336457,0.15348969982269167,304.2525634765625,104.1539077758789,-1.1406854945329017,0.035168738057269985,-0.3628670315147429,0.8584764121575778
-0.014877531163684177,-0.004068166656212069,-0.013185292096764778,0.020291447487700755,1.1410982381221402e-08,448.80078125,40.57182162904064,0.3365631019654099,0.08469461562202453,0.1534709139672984,288.78857421875,96.41583251953125,0.9380249125810607,0.0814162954904346,-0.29725835481148916,0.8581852920967649
-0.014904087526146761,-0.004638433270114123,-0.013519669635151388,0.020650141772684746,2.673964871746648e-08,474.822265625,29.206857740425704,0.2772539651102059,0.08228325385839283,0.14057727001999742,192.97482299804688,64.72529602050781,-2.5302978227214723,0.10690225246985517,-0.17855175816118313,0.8585196696351515
-0.016978789394612115,-0.0022373542517821754,-0.010961628488389996,0.020333281645421718,6.712533604513737e-07,432.45166015625,49.010384916537824,0.3870951495094796,0.10036928783996016,0.1514419478783432,292.31634521484375,12.807085037231445,-1.9036313930742668,0.20028291506098744,-0.2882706576431768,0.8559616284883901
-0.014952448954348996,-0.003649511942032113,-0.012359989954122463,0.01973990929091255,3.289244210336051e-09,482.140625,33.97292404848153,0.30616227596616497,0.0775213637652089,0.15084408234443536,267.177734375,108.66319274902344,-2.5858619642631795,0.03919809801434812,-0.27326228012430387,0.8573599899541225
-0.014910820926494955,-0.004636595649852832,-0.01350572236627734,0.020645462856453425,4.420737109711581e-09,518.0390625,29.84226319640385,0.27321812462040895,0.0857931407746103,0.13663678016287872,192.74850463867188,55.492462158203125,-0.4500675915401156,0.1082151232155693,-0.13346289640840397,0.8585057223662774
-0.014656679052073669,-0.0045964062720238175,-0.013311305545637753,0.0203257483695514,5.330506258616197e-09,534.19140625,7.574018585569793,0.2516323336961717,0.04564715367055584,0.14733783659104682,187.55465698242188,140.046630859375,2.4060049609130947,0.0023052481947398434,-0.15100315297176192,0.8583113055456378
-0.015387083991983047,-0.004600536676079056,-0.012927186073895536,0.02061648445476115,9.782205268038524e-09,428.767578125,35.53739772267229,0.3068753349077793,0.09150903758006053,0.1479174982356949,169.5245361328125,33.712867736816406,-0.2216983363781873,0.17458979407106018,-0.12283610338703636,0.8579271860738956
-0.014684689805414708,-0.004652559458250216,-0.013951358510366774,0.020782849383051104,1.8280907454482076e-08,371.06640625,30.287599425859035,0.30617718984871645,0.07662757359685635,0.1642731136978225,209.28836059570312,82.589111328125,-1.008391444334484,0.12811720505177537,-0.16171346407960407,0.8589513585103669
-0.014800831877399966,-0.004082766700901741,-0.013107901710472047,0.020187884868119472,1.4686905913663395e-08,475.15625,35.72784289849603,0.31494458463010766,0.07685184583915217,0.15332298399762723,275.1319274902344,117.82466125488281,0.9860060687647951,0.05408519938509325,-0.25124351655662197,0.8581079017104721
-0.015707942587809415,-0.004038460792437665,-0.011951327535354217,0.020146534584669615,1.0241019587908795e-08,386.1953125,32.795325237399986,0.3138153961214283,0.0838738780389454,0.1602775962937063,215.95199584960938,64.59820556640625,-2.7975367878352153,0.1479779676554318,-0.19117503074055478,0.8569513275353543
-0.014748320489262404,-0.004271045769259407,-0.01340075853349143,0.02037977228749255,4.218606353134646e-09,508.4609375,37.76875066848722,0.31346242699459975,0.07860802742729087,0.1458904471651935,286.00830078125,119.53164672851562,-1.2908536877003436,0.026412864698709,-0.30326700721901484,0.8584007585334915
-0.014714968958866037,-0.004627687111499579,-0.013819947083003381,0.020710787933812272,3.486157806875667e-09,593.98828125,35.801519777315185,0.28499115016185417,0.07950010152491344,0.13050127746602158,277.39642333984375,109.83024597167969,-2.1573098727946283,0.02743379971629563,-0.2609413754126914,0.8588199470830035
-0.014728847707387582,-0.004700731541577907,-0.013881579115445297,0.02077821143774817,2.113008790161075e-08,426.201171875,45.10977592278357,0.34353668796014,0.09726026528473118,0.14243751735794397,247.2799835205078,20.388996124267578,0.01383488856755443,0.19881510757388207,-0.20915486296263064,0.8588815791154454
-0.014686710471070088,-0.004518283379528948,-0.013364293771546132,0.020364643310673378,3.485236765854438e-09,517.34765625,17.700162770314407,0.265699411946817,0.051616121806705134,0.1502403662566606,215.19342041015625,142.532958984375,-0.9565456273739728,0.014287064522757697,-0.173771400174651,0.8583642937715462
-0.01479284951408838,-0.00460384752207349,-0.013509371893705269,0.020555460046308885,5.242354461643117e-08,449.87109375,22.193285006391683,0.27996958585811,0.06613007199395357,0.15789989493547685,214.32403564453125,109.72705078125,-1.7948357701896192,0.0641281948300906,-0.18477512596428144,0.8585093718937054
-0.015390934736390527,-0.003879620977086551,-0.012676894785269122,0.02031344363672654,6.148675346651089e-09,415.46875,39.54276862751532,0.3320228514166141,0.08998888768263587,0.1529251812187441,255.004638671875,56.57353973388672,-2.353450729822038,0.15074957612918127,-0.25567155234523625,0.8576768947852692
-0.014893458348515826,-0.004743912647479365,-0.013928501986014474,0.020936164318238897,3.0612492540882386e-09,422.29296875,48.00121291373553,0.37021539530934733,0.0944476203468815,0.14698936416913166,304.5296325683594,57.45319747924805,1.6526873846931915,0.14441557299602983,-0.304469032134916,0.8589285019860146
-0.014961635884704977,-0.004378928224937351,-0.01306822664167484,0.02034217560399636,9.322303345937755e-11,444.15625,26.215951800449616,0.2872546866826354,0.07407145517974377,0.15570056166903978,219.3111572265625,92.72964477539062,2.302274071523661,0.08228143094873268,-0.17742663275180998,0.8580682266416749
-0.01592147330810012,-0.0030919217938645827,-0.01138971067759842,0.019818647834787286,2.5615149112923064e-08,338.984375,37.87313679073557,0.34886374177420454,0.0855300075115069,0.17086562405926842,246.558837890625,68.78643798828125,-2.485546551121811,0.15004530916787978,-0.2906159157569486,0.8563897106775985
-0.014800795512179818,-0.00417678639580249,-0.013320508880634407,0.02034563956302635,4.913003337492228e-09,455.09375,41.13806396247514,0.3472259983042607,0.07969706844619888,0.15825698665678245,301.544189453125,128.93528747558594,-2.139258027811841,0.056312037206515425,-0.3101719445293462,0.8583205088806345
-0.01641707973596082,-0.002642906739601658,-0.010603775160162199,0.0197217015173235,1.1851115289118752e-07,313.921875,38.66553585008167,0.36649115123604376,0.0847760321652918,0.18141118807759693,254.56808471679688,75.58038330078125,-0.4700509958410423,0.15666028133288692,-0.2607774591016141,0.8556037751601623
-0.014787641432095239,-0.004509861559116868,-0.013721001063097704,0.020670729560906844,1.3901606088495555e-08,419.56640625,44.023863426630015,0.3504601182782561,0.09074545102982362,0.14991340589591495,287.0086669921875,67.56011199951172,-2.6695927384605476,0.13122629974224928,-0.3142922116115267,0.8587210010630978
-0.015196405404807808,-0.003785695188258803,-0.012098285862415126,0.01978966260688624,5.044129380848972e-08,384.98046875,30.228377760817587,0.31492674288745104,0.07583262667369736,0.16958921631035428,234.62303161621094,94.13893127441406,0.46130391159233164,0.097781132784121,-0.23480130178034675,0.8570982858624152
-0.014712477755864877,-0.004600696796238618,-0.013385543458669602,0.020415586849553743,3.3568430257702175e-09,567.3125,11.840707398926448,0.24476990183792205,0.057950070667510546,0.13830683904553054,194.341064453125,120.41004943847656,-1.4648547952874953,0.011477853172026408,-0.13471167235700066,0.8583855434586697
-0.015091266605373396,-0.0039722176398875875,-0.012648968051844012,0.020087837950104607,7.851418404314359e-10,455.90625,32.70259525689788,0.30375812629004323,0.08143371547931204,0.15261395759501262,248.1262969970703,84.26179504394531,2.493451825640759,0.07738577945921941,-0.2627226004125807,0.8576489680518441
-0.01543094842119258,-0.004332501687885404,-0.012690516615796343,0.02044343298051574,1.0351222101689928e-08,318.134765625,36.59357339730817,0.3418976109037775,0.08656372721781265,0.17027256170097727,208.11875915527344,53.8390998840332,-0.2928382081479259,0.1936007383881286,-0.1708390515484227,0.8576905166157964
-0.015447124895861308,-0.004229885358647156,-0.01246691175515191,0.020296046078149818,1.0137302802748493e-10,346.794921875,30.827125130202287,0.31789072463128293,0.07862575736764851,0.16898025238592262,207.47276306152344,76.33917999267578,-2.563001940676354,0.1422671391515164,-0.2004837332344537,0.857466911755152
-0.01531808037139315,-0.003808415361428452,-0.012834757306226185,0.02034400670810327,1.1827321344526354e-08,359.171875,44.50087340984144,0.37273404202621213,0.09255097328335751,0.16308895154774683,276.47760009765625,53.498008728027344,1.2236498509441063,0.16068284860844426,-0.301569212972764,0.8578347573062263
-0.01474369658391286,-0.004256523858240963,-0.012207969844648225,0.01960941386278791,1.627523538161313e-08,456.3359375,12.902994082736713,0.27871993129417455,0.04608260205776276,0.1663572340060645,202.18197631835938,145.51950073242188,-2.071106485506305,0.023493787797012496,-0.14246842162544143,0.8572079698446483
-0.015233227432705415,-0.00439040674057084,-0.013195817281682842,0.02062659649810744,1.633372548326406e-08,364.4189453125,42.31533255293462,0.35219956446493755,0.09574186468670708,0.159264038528954,218.3792724609375,21.436063766479492,2.187526245408214,0.21905901366439595,-0.14581221423748172,0.8581958172816829
-0.015735632939086364,-0.004149567407935456,-0.012498148148824884,0.020519082845406,1.2826958162293067e-08,480.7392578125,39.29959444506568,0.3104634467956352,0.0954863146043209,0.13913911339901686,211.81793212890625,21.714595794677734,-1.0097893493775272,0.1567198611456026,-0.197312678617548,0.857498148148825
-0.015382335495443489,-0.004125506485321284,-0.012980643539387104,0.020545879288836503,2.996034753621757e-09,436.9580078125,43.816802937726834,0.3371289386780846,0.0963647707341535,0.14203355896602143,247.864013671875,25.31594467163086,0.3410340773795506,0.17719955527203535,-0.2526528934355465,0.8579806435393872
-0.01542809583777402,-0.004314238850371577,-0.012741698991602934,0.02046923768072985,3.2968394236831955e-08,406.89453125,35.521560602486254,0.3127365940348573,0.08790827154679746,0.15010712438860818,215.6868896484375,51.587562561035156,0.4844472611920472,0.15424999087748567,-0.19375843022998346,0.857741698991603
-0.014606897359837334,-0.0048654782340699365,-0.014629365837693697,0.02123800070016268,2.1763140622965693e-08,558.953125,15.891493991972565,0.24799835435689663,0.05617539352204743,0.1376101694932973,202.2505645751953,125.96737670898438,-1.4591905099271285,0.01820531491702529,-0.1691926853199288,0.8596293658376938
-0.01472083369923699,-0.004657197954854753,-0.013841728587208113,0.02073610107694378,1.6905173927383998e-09,458.03125,32.88254201906047,0.2981981078760334,0.08028799343716247,0.1493245678158882,243.97796630859375,86.35142517089844,1.428343458582413,0.08355879542349862,-0.23249588638117438,0.8588417285872082
-0.014884208432506957,-0.004588637545750562,-0.013366999896445186,0.020524910265824516,1.476111499698618e-08,399.6640625,22.261340252462258,0.28948318925823563,0.06869676242127833,0.1661701279909945,195.67771911621094,97.24778747558594,-1.2326924107297488,0.09889873125132183,-0.14919226953777978,0.8583669998964453
-0.015100786912725539,-0.004193676398429769,-0.013076355279976415,0.020411069411631934,1.625218892797875e-08,368.828125,36.13227309304386,0.3336015130154802,0.08249600945478203,0.1666894118359047,248.33111572265625,80.81681060791016,-2.9590569122013672,0.12541352304767897,-0.237890006870927,0.8580763552799765
-0.015365116224925313,-0.003936444916732951,-0.013005629610140734,0.02051167464504313,2.3376831137511545e-08,448.4638671875,47.174178435022576,0.3631043030356224,0.09842297666661444,0.1460130443187484,283.945068359375,24.2674617767334,-2.2364291980895246,0.16905695854624858,-0.29948326865087666,0.8580056296101408
-0.01509158441698251,-0.004168512129520241,-0.013063099292344393,0.02039061001320253,2.0304351977529222e-08,426.630859375,37.71677371325503,0.32316766964988214,0.08778960384742646,0.15360149628409514,252.949462890625,64.344482421875,0.6063555809838295,0.12329045790388879,-0.25611115137798973,0.8580630992923445
-0.0146975760968579,-0.004801622545654846,-0.013962112190115783,0.02083302424045173,3.988537944366044e-09,348.71484375,30.78806840364307,0.31320836686313447,0.07985536106958087,0.16677137089666272,188.68951416015625,69.72187805175781,3.1109286949162436,0.15401972693611718,-0.11510445182134331,0.8589621121901159
-0.015336213348372763,-0.004148168824864185,-0.01277228107098205,0.020384746950172044,6.131770202699727e-09,384.70703125,36.00733839220084,0.32701209098631145,0.08656971255885769,0.1622835734658662,234.9668426513672,62.07734298706055,0.2819347755696626,0.1460430213006649,-0.20162156507480436,0.8577722810709821
-0.01570450736974724,-0.004105179371789197,-0.01265286235616947,0.0205810343570283,5.4711019714659415e-08,419.5908203125,41.73070727684471,0.3328315905790744,0.0953993366281082,0.14626030606537277,228.23110961914062,25.059865951538086,-1.9174643253108057,0.1834892844733062,-0.1978976233616598,0.8576528623561696
-0.014752307501099043,-0.0045757669800251255,-0.013532816634664213,0.020535465568861978,4.582553714271853e-08,436.109375,20.291751773484865,0.28839348580001545,0.05743501945862125,0.16732773774216858,218.60879516601562,131.699462890625,-0.3901591712211,0.042740087046914454,-0.14941060831415776,0.8585328166346643
-0.015684768529184656,-0.0032047676486955945,-0.012396425180271509,0.020247317272821523,2.4243471230533942e-08,358.701171875,48.50409211616379,0.39471057893191563,0.09474312624648452,0.1580620272270089,299.95208740234375,53.13835144042969,2.1476523419603737,0.18692333359818167,-0.33416013810595874,0.8573964251802716
-0.013454077251885882,-0.007709925283355901,-0.016542383535845806,0.02267389678951693,5.634186436509481e-06,473.97265625,49.9659073446486,0.35202085618308315,0.09671405882207756,0.1355788704077726,305.8247985839844,43.74213790893555,1.0992716545563628,0.11547773199823123,-0.33919930216021105,0.8615423835358459
-0.014934879812111695,-0.004709017686815267,-0.013238248136612119,0.020505528432680654,1.640004354541702e-09,495.0625,22.47520521165896,0.26401802064813573,0.07595980414319911,0.14224748411258226,158.49588012695312,78.44419860839844,0.04970862627610414,0.08040406452817563,-0.11284929359799968,0.8582382481366122
-0.014693870313407626,-0.004663625951039946,-0.0137461295742487,0.020654667997101524,1.9451016797233933e-08,586.55859375,16.27006604781047,0.24548475873378328,0.05532384177318715,0.1349519243819166,208.94390869140625,131.6935272216797,-1.632925936190259,0.0058750738507891784,-0.1484066110270567,0.8587461295742488
-0.014671504671605877,-0.0046289994267090795,-0.013811815629549251,0.02067478986606846,2.7987658857142605e-09,528.046875,20.549434187602973,0.25931847229370897,0.06329142572959605,0.14217885970327904,214.64064025878906,116.68518829345703,2.44555700374693,0.026944594313230368,-0.18143232490825992,0.8588118156295493
-0.01533819676728787,-0.003603436190000031,-0.012254454209242649,0.01996037776230367,3.4926279646185776e-09,399.15625,36.367873533084946,0.33109790735130357,0.08396823783047176,0.16170500286705825,257.58856201171875,80.01506805419922,2.3912339144915595,0.11475148610876874,-0.27341517457813613,0.8572544542092427
