res_x,res_y,res_z,res_norm,reproj,area_px,obliq_deg,cam_range,gripper_perp,gripper_dz,cx,cy,obj_yaw,det_x,det_y,det_z
-0.016086284315435184,-0.0015676016969183304,-0.010753693817607601,0.019413084476199275,4.277715603961951e-08,367.1484375,45.202901429540276,0.3817575167019012,0.08967400752649532,0.164511063498039,299.70343017578125,79.96232604980469,-3.06007632075999,0.12278896599915418,-0.3690210163392536,0.8557536938176077
-0.01491843913001592,-0.0043762037026791045,-0.013596948592528135,0.020654006777165182,8.935168577250963e-11,423.328125,47.98036016568259,0.37272595303380207,0.09678552620914845,0.14880919237164303,297.92669677734375,39.496456146240234,-1.8799304798067185,0.13331940027191147,-0.3570652587915573,0.8585969485925282
-0.015212069492967661,-0.0037243137194067355,-0.01226877126421777,0.01989473094246651,1.9725929689684563e-07,397.421875,33.28775493968228,0.3200088024866135,0.07713665860353879,0.1639084481438312,249.82122802734375,98.4776382446289,2.031930558602471,0.10172370094458241,-0.2449555412854729,0.8572687712642179
-0.015857505946563627,-0.004453077787263199,-0.012319576642880192,0.02056847989727284,1.2973935703541883e-08,352.7294921875,38.14695420698318,0.33361614121831973,0.09173523560370865,0.1598102488100237,178.47207641601562,32.65336990356445,0.8422399547886487,0.20363752016872982,-0.15380422947594224,0.8573195766428803
-0.014873746417707834,-0.004200927317102365,-0.013244358084291807,0.020354094032572396,2.1539716676954868e-09,501.7109375,36.91965626459426,0.30722950882901306,0.08201711102298866,0.1439955971751471,274.26971435546875,98.29986572265625,-2.8302185433686216,0.06556260521721537,-0.25523381971790354,0.8582443580842919
-0.014692261218112429,-0.004654169572488737,-0.01384979963620725,0.020720540149180885,9.190379124390802e-09,521.77734375,25.80622064887265,0.2661433116664075,0.0761636178217988,0.13922396722397956,216.18190002441406,86.9373779296875,-0.2906963000581257,0.06649041209315976,-0.2073118211843001,0.8588497996362073
-0.015081012519462866,-0.004599328260726884,-0.013193150797730868,0.020558452933861132,3.539953441489274e-09,454.876953125,29.98468702611754,0.2863041856395477,0.08495617715097926,0.1463221110988231,181.33522033691406,56.09062957763672,-1.8688402911485698,0.13124408076212826,-0.10788484979317191,0.858193150797731
-0.015704602319245975,-0.0033917291018692453,-0.012361996868425873,0.02027208245053043,6.425835152867876e-08,384.52734375,46.92422331116569,0.38357702002482136,0.09550380032870165,0.1598701302368163,293.2125549316406,45.87501525878906,1.443418249387335,0.17777232342756744,-0.30246175226222716,0.857361996868426
-0.01455784034548925,-0.005389180750846323,-0.014468511962196229,0.021220551903526508,1.2925913495109853e-07,437.8359375,44.60403280919084,0.353210437024009,0.08480489157930945,0.1546108117981384,307.26116943359375,108.5400390625,2.1672301962432257,0.05802997908011271,-0.3532845956579251,0.8594685119621963
-0.014792267197486449,-0.00442643434161305,-0.01301456432519077,0.020193646882051126,1.2963676354615927e-08,468.26171875,16.874316876891957,0.2714972608068223,0.05798869694868736,0.1563474349693641,205.152099609375,122.74758911132812,0.8741162646170233,0.0370944601555924,-0.181474656403976,0.8580145643251909
-0.01455032897590347,-0.0049908640802895365,-0.014206914360125222,0.020939369933473947,7.162157533713298e-09,365.9814453125,49.8343975461832,0.39326034090632156,0.09858485459487484,0.152317842929661,283.7050476074219,22.569355010986328,-1.4929557344973652,0.22920607887045735,-0.2626746601696384,0.8592069143601253
-0.01581571567949236,-0.0035233132127318045,-0.012539372532164306,0.020488691074589113,1.4366970724211114e-08,398.5068359375,47.762324158422246,0.3797838407237576,0.09827167960299962,0.15359990596061912,281.2993469238281,24.046342849731445,0.8853936904579413,0.19542048938249162,-0.27167253776263145,0.8575393725321644
-0.014686111307638923,-0.004667582488362965,-0.01387475913978653,0.020735889969160287,2.9319798144911147e-08,463.9140625,37.68465512120793,0.31943286260825865,0.0777960009369006,0.1507801533402945,279.0821533203125,116.50076293945312,2.886576446097567,0.0452481057820087,-0.2947976429610255,0.8588747591397866
-0.014857030202665059,-0.004607899132338181,-0.01314443016518918,0.020365169413099415,8.735159262585057e-09,441.75,14.964059135976195,0.27109744885296383,0.06141762173325209,0.16025552843003155,174.79153442382812,108.67566680908203,-0.21699115882883194,0.055682427881688173,-0.08394698238611122,0.8581444301651893
-0.014852115491556947,-0.004668231609077728,-0.01344558432138987,0.020570888621402415,1.2358147394309071e-08,491.873046875,21.117167807997514,0.26524209319293096,0.07519578793074512,0.14711404868552658,176.32887268066406,81.13057708740234,-2.03616184967366,0.07437975046523691,-0.11376099297950482,0.85844558432139
-0.014797654052304661,-0.004719313903229688,-0.013580462580637942,0.020631806830062483,8.813430540932643e-10,664.830078125,21.018180480678854,0.23542961397561848,0.07955621123127514,0.12073770719815435,151.42672729492188,71.88066101074219,-1.2636865583513976,0.053997160979495064,-0.10239554673939988,0.858580462580638
-0.014598352073246168,-0.0047671785545159995,-0.01408364904771664,0.0208371553990543,1.1240244290888768e-08,615.4599609375,35.02394839936595,0.2720372622946858,0.09275744005284829,0.12508926635142592,216.8072967529297,36.060203552246094,-2.9313017679297775,0.11677877559258244,-0.17878998052377323,0.8590836490477167
-0.014714302724009639,-0.004639388568584438,-0.013204963744561482,0.020307774334950953,7.639062160613719e-10,493.4765625,6.5116560827042544,0.2615894130457448,0.04033727613388674,0.15588687923181255,176.41925048828125,145.798583984375,0.3808872569813447,0.01665633206297169,-0.10881849593360333,0.8582049637445616
-0.014361292355944966,-0.005400885238580788,-0.014395681249392611,0.021039294620479966,6.213287520040467e-07,275.19921875,52.31008438376986,0.4513350804491658,0.09609547360173987,0.17934856174667513,309.1521301269531,48.59996032714844,-0.3104214965992749,0.20652182243711623,-0.4039426632425772,0.8593956812493927
-0.015334295093143546,-0.003545469113991173,-0.012669363342857398,0.02020454713066369,1.2546808925151254e-08,437.37890625,47.011523689827776,0.365761953769512,0.09487078953067837,0.1467207046984399,302.17205810546875,53.357322692871094,0.7499893284208101,0.13842849147703265,-0.3312043819729263,0.8576693633428575
-0.014312051296903577,-0.005019082926743912,-0.014588568352836173,0.021044056936249358,1.1031983326859063e-08,554.1171875,35.331851641831825,0.2815680923874791,0.09014533148027457,0.13171628736121155,229.40687561035156,48.63480758666992,0.06722861195017568,0.10243108860935926,-0.2013183135280482,0.8595885683528363
-0.015032231454801731,-0.004469721721952424,-0.013371269515404238,0.020609154355188924,1.8537755774872267e-09,487.560546875,38.057071752549184,0.30522516749894935,0.09292423568789655,0.13904952332269926,228.28964233398438,36.950599670410156,0.17861209646576529,0.1457106976621868,-0.1940676802531303,0.8583712695154043
-0.015412975441636001,-0.0035606827543783748,-0.012800393950220701,0.02034916113560087,2.1417099205223167e-08,376.666015625,49.47708705967915,0.39212131547853707,0.09625714876004746,0.15262827974925286,302.9263916015625,44.99940490722656,-2.9631786746502877,0.16691997052859847,-0.3686481683959472,0.8578003939502208
-0.015058035509639578,-0.004645560679825175,-0.013315614426494538,0.020630832629697077,1.1465359328610703e-08,490.658203125,34.92033572559348,0.289677239640577,0.09137382716056151,0.13664942084903597,183.7760009765625,35.858551025390625,-0.07005991872553544,0.1436809214932442,-0.09511694786784024,0.8583156144264946
-0.016079067007360365,-0.004017939255277492,-0.011853347208856002,0.020376017072528646,9.370467068947619e-09,319.66015625,35.63035688529823,0.33835379101172414,0.0865720802054844,0.17095332879743796,197.63116455078125,51.63694763183594,-2.723424606412557,0.18343284847114544,-0.20577400464924314,0.8568533472088561
-0.014679842562759511,-0.004453025627459584,-0.013519551150009468,0.020447627691346983,6.9176393502345945e-09,604.6875,32.73518667164231,0.27761950350562054,0.07505347600301208,0.1324471820696177,270.60150146484375,120.12190246582031,2.7010886434679837,0.004536417149803844,-0.2616158339515759,0.8585195511500096
-0.01471715874724528,-0.004434718448289687,-0.0135367183954348,0.020481802514049442,3.775706136632806e-10,560.2109375,38.12945819331028,0.3042687060759584,0.08015461985284764,0.13841133637372893,290.9686279296875,117.62388610839844,-0.32102457548207586,0.01871190074984539,-0.29789769839292546,0.8585367183954349
-0.014783583641498503,-0.004415492753618772,-0.013485094170022749,0.020491429582067316,3.766307710151295e-09,471.87890625,32.87313440137208,0.3067847256678984,0.07749285615985094,0.15577376893062822,262.4517517089844,105.55201721191406,-2.999739658268122,0.049244986576107395,-0.24877764357498908,0.8584850941700228
-0.014967651387301661,-0.004510302181746473,-0.013116473347801527,0.020406256072735343,2.7243912015251226e-08,471.703125,23.68597929878746,0.2733433068689689,0.0750065986626024,0.14880297458656433,198.79168701171875,84.50823974609375,-2.0444365003023655,0.08186336711636541,-0.17661234074644075,0.8581164733478016
-0.015087335292354884,-0.004033390764865669,-0.012961139317827719,0.020295000854944067,2.7594113660711628e-09,415.70703125,37.70502677431456,0.3308650275712976,0.08267339941335557,0.1585418557932189,268.5794677734375,91.94862365722656,-2.816071770221396,0.10383086923730175,-0.24510864345181063,0.8579611393178278
-0.015323693250464593,-0.004260583520516892,-0.012543441716273418,0.020256013350587583,2.3237099355810642e-08,381.56640625,30.87219197778046,0.3089239839952292,0.08180996879485337,0.16280258365670797,206.2242431640625,68.29938507080078,-0.7277227035702589,0.14221068807893308,-0.18422402987504155,0.8575434417162735
-0.014622366939833912,-0.004593191590171589,-0.012652723188084747,0.019874667996760804,4.568456279940847e-09,446.5859375,3.528619931200768,0.2797097782933398,0.031212316935830493,0.17460760891083038,172.8869171142578,159.85134887695312,-0.6943195065222413,0.009233556860702216,-0.10876746801916755,0.8576527231880848
-0.01487954821752066,-0.0046758547539951095,-0.013582992209973055,0.020682414032558424,9.137878898002327e-09,547.025390625,33.71917210305156,0.275758139734796,0.09142072791035959,0.1290084305098118,173.82798767089844,35.272804260253906,-1.883983925641013,0.1328923576379993,-0.11409364893682082,0.8585829922099731
-0.014755637648666463,-0.004344176485678669,-0.013203394500453935,0.020271416775649496,1.2079954814225857e-08,457.91796875,27.60842115035507,0.297965274919413,0.06565430816574137,0.16087542898855556,245.91549682617188,129.35508728027344,0.3152615730408464,0.035410421670679114,-0.22929680951200937,0.858203394500454
-0.014862341963198564,-0.004178710901823646,-0.013229071790876956,0.02033123640805569,1.8339548768508962e-09,435.5625,36.89277199751259,0.3284002112246265,0.08159840632840812,0.16011077994440026,273.8245849609375,98.41512298583984,1.9098841328657792,0.0751304298501287,-0.27477322903501744,0.858229071790877
-0.015004333528181812,-0.004214788142964276,-0.013410881034324085,0.020560792636272234,1.7642733496359142e-08,370.58203125,45.15602943696119,0.3760906954644624,0.09229796156113074,0.16398974720811943,287.84222412109375,60.57572937011719,-2.996267734178746,0.16510843622506996,-0.29200711977005533,0.8584108810343242
-0.015416268489059859,-0.004430246536865301,-0.012762914785584778,0.02049830266944767,1.5107600503938556e-08,418.384765625,34.415732512118886,0.3060239824012285,0.08854370650564639,0.15051033506497047,198.3341064453125,46.904144287109375,-1.7714283718581507,0.15882680569078195,-0.14494423609515247,0.8577629147855849
-0.015230565922561848,-0.004159158045133393,-0.012428955539740216,0.020093473312863038,2.0952507284732746e-08,399.08203125,27.332334710579477,0.30019952548900125,0.07562651290386398,0.16360990806318965,214.32672119140625,86.64253234863281,-0.8185321077746808,0.099614207487935,-0.19607640725421696,0.8574289555397403
-0.015193786423927491,-0.004561855611709464,-0.013104765276424457,0.02057660189312581,5.096288724359965e-09,376.611328125,34.584089118864384,0.3158942483808802,0.08743906946619337,0.1583738099816504,191.61428833007812,48.845245361328125,-0.6854995876221005,0.16471077236025614,-0.15726040041086534,0.8581047652764245
-0.014726726842219803,-0.004447015891642148,-0.013593510033789058,0.020528905203751096,7.619286535032188e-09,474.3203125,35.34597412744741,0.31827978257654016,0.07244498548564818,0.1562788577006764,277.0533752441406,135.1256103515625,-2.6741336805992555,0.02896319433237257,-0.2751662890102742,0.8585935100337891
-0.014779517162578588,-0.0045243697919993275,-0.013597509743646485,0.020586313919744647,4.251693663803735e-09,535.5,30.827416993072095,0.28001335602185984,0.07815299934840975,0.13993015213837323,249.1087188720703,96.34818267822266,-1.251286865338507,0.04273274653182888,-0.2212850635325729,0.8585975097436466
-0.01649093830908055,-0.004706149738570753,-0.011346349153669832,0.020563037975764527,2.9734628981259448e-08,304.638671875,36.21647809965929,0.3439288190192289,0.08784840811280734,0.17338279761633768,159.6141357421875,45.19251251220703,2.4028373881848393,0.21675147962176247,-0.10137592274130106,0.8563463491536699
-0.016383596142869522,-0.003158674487184099,-0.012030697260849932,0.020570297121598875,9.13516444711604e-08,279.09765625,47.77264401150549,0.4146960664494693,0.09476646449426583,0.17336954379938596,269.72613525390625,39.05598068237305,-0.05720413755246486,0.2278483547908407,-0.3118857791160604,0.85703069726085
-0.014787452522686463,-0.004491208418871129,-0.013431829649999782,0.02047568687294906,9.496448072354724e-09,540.3828125,22.65966751108073,0.262858624806909,0.06637878958461085,0.14006257757602336,225.60687255859375,114.78706359863281,2.9537332702269445,0.040236803403171366,-0.1958574459901643,0.8584318296499999
-0.01593790116851959,-0.004219779863223777,-0.012409437984003846,0.020635343147871434,2.2564959678561536e-08,365.18212890625,42.582630572593246,0.3453154826428528,0.09570274019597079,0.1514698894789298,204.97825622558594,19.01180648803711,0.6956361485324118,0.2203118574683254,-0.187978725965364,0.8574094379840039
-0.014677243342063578,-0.00468292445584606,-0.01386888611707171,0.020729140254955467,8.760820957576243e-10,459.984375,36.84156636537024,0.31501397914867757,0.08551168621976088,0.15091879955446663,262.80438232421875,77.411865234375,2.5302833016097663,0.08088139826526,-0.29231835034737963,0.8588688861170718
-0.014917137623196457,-0.004249783011655239,-0.012449625702387945,0.01988906309118394,4.135412901007385e-09,434.71875,17.85132537679708,0.2805554697127408,0.05908843988220736,0.1625119113812501,204.70358276367188,120.04512786865234,1.3940107690718992,0.051376621520071546,-0.18287141284215155,0.857449625702388
-0.014726307915342712,-0.004714003028462588,-0.013894990863469125,0.02078837993845914,2.164378898328323e-08,469.1015625,16.696793814118042,0.2639953500140504,0.06572190778120941,0.15236596676994452,167.97329711914062,99.98751831054688,-2.216688913185858,0.0646488013823521,-0.11892583984274926,0.8588949908634692
-0.015537177408656289,-0.0036570383989533717,-0.012782661216777846,0.020449309021636775,6.914402916891049e-08,334.22265625,46.82848502279093,0.3953721605577514,0.09422627171967847,0.16720445518162397,285.3214111328125,49.048561096191406,-2.7770459146287263,0.18688606231707489,-0.32783066099224606,0.8577826612167779
-0.014830319499836507,-0.0035810159397003383,-0.0124454765773504,0.019688878557830466,4.504506545544018e-09,488.296875,35.88129723029242,0.3117716077604944,0.07649401753120591,0.14967944630536945,277.3084411621094,120.54060363769531,-0.6691174261670937,0.0325529390001237,-0.28301732441225874,0.8574454765773505
-0.014708655337055149,-0.004605115190731562,-0.013731042172243413,0.02064202380775961,5.738544306410631e-09,514.5625,26.80537270560758,0.280363419543567,0.0626500445027042,0.14915181125750976,244.01255798339844,137.6128692626953,-2.522475825613346,0.006501074297642392,-0.22305632809021228,0.8587310421722435
-0.014845278174135168,-0.004465955036448588,-0.013544000209336549,0.02058560128161291,1.2335904520099916e-09,497.01953125,36.16750240434355,0.30372403407671655,0.08584739357023607,0.14448193067547488,260.12713623046875,75.81819915771484,0.2775076745292062,0.09716719044978105,-0.23387992361499335,0.8585440002093366
-0.014749187369922492,-0.0045107276476459846,-0.01348596303220062,0.02048795721613555,4.4922696673666e-09,488.5390625,25.415629902535237,0.2813572572201162,0.0670333363365634,0.1519675728305966,235.62252807617188,118.86024475097656,-0.5887046381034968,0.033552946503628014,-0.20474684860619088,0.8584859630322007
-0.014817174953070722,-0.00431446429753618,-0.012919689196783102,0.020126640174308645,2.1525718096881974e-08,490.99609375,18.99114408492751,0.27158556109135074,0.06021534247035279,0.15395698907605715,217.4075469970703,124.31790161132812,2.400352937112001,0.036567894893826,-0.1717113253291769,0.8579196891967832
-0.01525571786225477,-0.003939645399128278,-0.012774087763580244,0.02028386185013205,1.4680658466659224e-07,393.625,37.70268490412878,0.32929987474151245,0.08368132550784423,0.1577844247761383,255.8783721923828,80.84484100341797,-1.9342982846967676,0.13708927405928972,-0.2199629807408252,0.8577740877635803
-0.01603395275405836,-0.0035196639954268027,-0.012202892572646062,0.020454492482083732,5.335132158279521e-08,397.6796875,45.20335391903844,0.35975455235525605,0.0965603661335475,0.15069807018177606,260.3877258300781,27.444480895996094,-1.7571431933278434,0.20225408944299433,-0.24258864002188293,0.8572028925726461
-0.015577119753757834,-0.003558739238316899,-0.012590248175410101,0.020342704685160876,2.5033735084889486e-09,417.22265625,46.36932430724091,0.36540108779262703,0.0950120323740717,0.1504853891740242,290.5533752441406,47.85858917236328,2.4923345260061467,0.15964731726847928,-0.284160869634752,0.8575902481754102
-0.014838844597415732,-0.004651703448070477,-0.013550855826534702,0.020626568972724822,1.3047613656169688e-08,511.513671875,23.95813448231818,0.26143852047102095,0.0773285438804626,0.13745034054100258,177.573486328125,76.11939239501953,2.997629145093512,0.09884137886690465,-0.1256802951402922,0.8585508558265348
-0.015087111554395488,-0.004752115834931181,-0.012401709896633584,0.020099899211778075,1.2426582429725386e-08,440.74609375,14.500375307574222,0.26965197344231834,0.058561672564341326,0.15993817460122972,160.95132446289062,113.11203002929688,1.5531684479093133,0.06346414959869766,-0.09542599771946117,0.8574017098966337
-0.01450590601691125,-0.0047805450622653844,-0.015130838864892304,0.021499237317150283,2.7111106692956355e-09,507.9609375,15.747784336389044,0.25547332443337606,0.066123234017887,0.1455441502067517,151.00210571289062,100.19078826904297,-1.5802705428230401,0.050959418370309054,-0.10977959318974004,0.8601308388648924
-0.015918201516861852,-0.004593400809811826,-0.011768429146631898,0.02032201749606318,2.4025442968422794e-08,305.685546875,30.857690345396968,0.32858178944905103,0.07942322429739934,0.17738435073421943,158.74395751953125,68.08453369140625,0.9187757330950611,0.1704850413721809,-0.1495364391133927,0.856768429146632
-0.015997746762528464,-0.003326287634178471,-0.011887815380710709,0.020206737624592956,3.682767157897615e-08,340.509765625,43.0898007666989,0.36710006449471255,0.09203326346598839,0.16376414573279796,257.88690185546875,48.382179260253906,-0.3946363557490863,0.18361246322262534,-0.288253779765081,0.8568878153807108
-0.012448669100920934,-0.008979341765388782,-0.01788712769491574,0.023570050447508605,4.077470293850638e-06,455.333984375,50.97364304152061,0.35684979607714346,0.09664311263398294,0.13697211547530175,306.6875,44.78569030761719,-0.32919452893144874,0.14598681059633556,-0.3072163378406824,0.8628871276949158
-0.01571858623379349,-0.003156726879535554,-0.01235712604230843,0.020241972280553144,7.92592125264946e-09,377.255859375,49.22518542116678,0.39173007564126716,0.0968744669395295,0.15320064995881988,298.6549377441406,39.2125244140625,-0.6109041848441166,0.1723939565576083,-0.3514915168592312,0.8573571260423085
-0.014595292468690289,-0.004227832730885395,-0.013299010182466264,0.02019308801744534,2.1616118672795892e-08,473.625,32.36512643270624,0.3214437995289408,0.063989498691666,0.16736631413720926,270.5592041015625,159.93887329101562,2.490384633401803,0.000564361178056581,-0.27949779154998083,0.8582990101824663
-0.014709954055146642,-0.0038333164046541746,-0.012697891457701616,0.019806905624914953,2.1976571673576473e-09,459.90625,33.686014815820464,0.3206314689263064,0.06900718369189339,0.1625469400571461,272.2843322753906,142.64358520507812,1.8013172396125334,0.026409652736009002,-0.2858138984917232,0.8576978914577017
-0.014705233489902906,-0.00458061695829301,-0.013722047981281515,0.020628149323479207,1.7027443899308992e-09,526.65625,27.942906062933567,0.281178811398535,0.06475666945953289,0.14596250017881296,249.46319580078125,135.1400146484375,0.3211468864512467,0.0026381650240838005,-0.2382247046899539,0.8587220479812816
-0.015805770947374065,-0.004797419547743265,-0.012567871082060589,0.020755457429149037,5.670088398801454e-09,347.7626953125,40.3887948257861,0.33904773240289826,0.09346507311414896,0.15645578748409594,153.4540252685547,25.608612060546875,-0.8883991793490146,0.22156007330298505,-0.08315729531889979,0.8575678710820607
-0.015474004507509936,-0.004598660650530995,-0.012999162623504201,0.020726088009788257,1.2342620436811558e-07,362.7763671875,42.174280859482884,0.34580896059556754,0.0963601369270432,0.1553576986920523,179.7923583984375,13.588363647460938,-0.3263045711696053,0.22886345347129916,-0.12633935836393875,0.8579991626235043
-0.015024271355849883,-0.004370053892887027,-0.011628710565881217,0.019494948325809582,1.835249747728085e-07,406.9765625,10.505147901696446,0.28472343450421594,0.05350783580101673,0.17263176725625928,185.7080078125,124.1708984375,-1.75395509314399,0.0650610752275141,-0.1287707511161069,0.8566287105658813
-0.014707993243687814,-0.0045218672594165565,-0.01359456097703493,0.0205325214459031,1.5362376259986377e-08,465.8671875,32.86546742631543,0.31226345301569847,0.06715706184744126,0.16030869787528357,266.0986633300781,143.5812530517578,2.6518067991530954,0.014351861281850347,-0.2611250603778732,0.858594560977035
-0.014996353455079797,-0.004217676764053102,-0.013189789821996256,0.020412005530671237,2.9271385315610132e-09,413.1875,39.59279180181359,0.33506494336951115,0.08784550231514893,0.15731647847328256,265.6867980957031,70.41853332519531,-3.0547747034626553,0.127611964590436,-0.2518032348080062,0.8581897898219963
-0.015016493334844172,-0.00426376123997968,-0.01322115811298663,0.020456631048038305,1.564770979456398e-09,464.916015625,38.33799193998731,0.31728177700212634,0.08994741113793214,0.14728192631048465,256.20391845703125,57.46055603027344,-0.565235144457276,0.1100163832430913,-0.26514064639017404,0.8582211581129867
-0.015071404466339339,-0.004462547220404872,-0.013408882408681322,0.020660582947539984,1.084569323239748e-08,498.7001953125,41.50465189018363,0.3178747427321626,0.09682265223972195,0.13760436508626095,234.8994903564453,19.90479850769043,-1.9393751735329219,0.1719434863729306,-0.2010885203870316,0.8584088824086814
-0.014867832618871188,-0.004442743129066562,-0.013621281366785976,0.02064775337335249,4.6688811039530265e-08,473.33203125,41.189978760042116,0.3202423310709961,0.08990722069275942,0.1382159751141263,270.84674072265625,63.66889190673828,-1.0346297050524136,0.11766388186188532,-0.2819905023962769,0.8586212813667861
-0.015544746011510485,-0.003638264635027255,-0.01199976197122088,0.0199717396709155,7.725655848389579e-08,325.6484375,35.13150369507972,0.33917242916176216,0.08112424676438314,0.17409641270859033,231.55433654785156,76.9644775390625,0.6898879536034895,0.135882899629191,-0.2706499101654276,0.856999761971221
-0.014776197165204272,-0.004587569281733636,-0.01368301544773054,0.02065445971993771,5.7439461187414054e-08,385.953125,27.16018212834065,0.297305034138072,0.07814526071245613,0.16403939400805745,178.33816528320312,73.05463409423828,2.6359995819842084,0.12478824727981401,-0.12090727642908615,0.8586830154477306
-0.014437970970140587,-0.005345488731613002,-0.014367961234478144,0.0210586696054117,6.727715344823082e-07,460.1015625,46.9991763632562,0.3502595013231636,0.0915128561353947,0.14358865313620872,307.7398681640625,76.09130859375,0.706294407797717,0.10555891234665278,-0.31539296555695817,0.8593679612344782
-0.01502631937671206,-0.004247306461947875,-0.013117793660594512,0.02039378328595727,1.0114781012759977e-08,440.05859375,35.10943424597293,0.3085325388771431,0.08425264099492911,0.150081386359745,244.42453002929688,73.52718353271484,-2.014078138718402,0.11297660012331924,-0.22980998915547993,0.8581177936605946
-0.015381257477847882,-0.004044005285362695,-0.012628558762873165,0.020308066298277475,2.5591948560332867e-09,393.19140625,36.43095333465491,0.3230171990067258,0.08962572130026462,0.1579150535933599,218.9319610595703,46.53071975708008,-2.061579471306495,0.15288498099417241,-0.22852737769076978,0.8576285587628732
-0.015715009175023248,-0.0046667566965766655,-0.012323264744683815,0.020508607593000435,9.53117407220816e-09,351.201171875,32.91283010644654,0.3158744479738226,0.0841851532565629,0.16098856182475785,162.46627807617188,56.060306549072266,-2.4630136880898217,0.1715776415436246,-0.11716336783354168,0.8573232647446839
-0.01475473327666408,-0.004620587192399189,-0.013568871077581202,0.020571004894950597,3.529006420421865e-08,474.203125,14.244262702083878,0.2692873494172617,0.05334530157120378,0.1583310816871356,201.0929412841797,130.4376220703125,1.1322921643201385,0.02394726139497378,-0.14881350006824895,0.8585688710775813
-0.015605121642726039,-0.0036584034336285542,-0.012572946516962946,0.020371124693690144,1.2069356181143576e-08,346.93359375,42.76997934447259,0.3665150660447509,0.08892797940522006,0.16656065979289192,272.4104309082031,67.88479614257812,-1.5993585353986184,0.14805139575532406,-0.3148975537792539,0.857572946516963
-0.015013783705751502,-0.00370305089818046,-0.012926123698204561,0.020154675908555065,4.5918824298496475e-09,416.95703125,44.4429479591734,0.3583877992257166,0.08749749537263343,0.15289304522623215,301.32421875,91.6624755859375,2.283218086986636,0.09557605165769471,-0.3578651904016018,0.8579261236982046
-0.015592572744953376,-0.003666540585814504,-0.012766004813947629,0.020482742091424717,1.7816384811908392e-08,381.59375,52.471504226410445,0.40628536444170954,0.10000843176003775,0.14606789653396035,305.1869201660156,19.668392181396484,-0.7333779797762519,0.21101386656420246,-0.34501821646650593,0.8577660048139477
-0.015969550141253896,-0.004250660201086998,-0.012340151635403807,0.020624596632271053,5.421665250082697e-08,360.873046875,40.594068098167405,0.3368671885653053,0.09318363914469707,0.15323678478634595,201.16348266601562,29.507436752319336,2.420942346024048,0.215456806071729,-0.15427728087556572,0.8573401516354039
-0.014601012647768752,-0.004724039933536789,-0.014051922850563447,0.020807754790753866,7.318010375456652e-08,343.447265625,43.31826621873342,0.3501704981166623,0.09359545492026965,0.15397496342459682,224.54701232910156,31.843454360961914,1.5113840099142748,0.2122573662938665,-0.20741223708623144,0.8590519228505635
-0.014988622471862945,-0.0044164825596408885,-0.013041068805226708,0.020352729482462643,5.495940769151275e-08,415.6875,26.94110472903543,0.29386476809513595,0.07604665685317231,0.16012289280929914,211.61111450195312,85.50381469726562,-1.107715920575935,0.1015487305638671,-0.17965311435674539,0.8580410688052268
-0.015154041004658142,-0.003853211223550479,-0.013016505753441043,0.020345063714167118,1.733566956652055e-09,441.990234375,47.25261793345094,0.3672031250194309,0.09603507751069913,0.14755660130485249,301.42266845703125,45.677215576171875,-0.9682943727160055,0.12915892198962012,-0.3592128423520247,0.8580165057534411
-0.014808800047222848,-0.0045232580672731615,-0.013550706994947537,0.020576250446684867,3.1900684871466467e-10,491.43359375,31.415803131689188,0.2865989090457744,0.08063327590694667,0.14291169875935306,237.2929229736328,82.50104522705078,-0.4040975709261708,0.09969449974883698,-0.20029151364298028,0.8585507069949476
-0.015673392219551552,-0.004095010561878748,-0.012674089073555606,0.02056834628778452,5.971967365070441e-09,370.365234375,41.71423467614963,0.34782846235302006,0.0933394210103083,0.15632897620481923,238.29193115234375,36.783504486083984,-2.6281876076342203,0.19777141228216336,-0.23766957924535106,0.8576740890735557
-0.01466773900341439,-0.004637189348217885,-0.01341721454518896,0.02041244078191384,1.140773031593767e-09,490.015625,6.204676259923359,0.26247738878632515,0.04095848820329639,0.15852244467716992,181.01596069335938,146.4351806640625,-1.8205195528424025,0.005344442816750377,-0.11035734097356267,0.858417214545189
-0.014753367681645771,-0.0040084241381875,-0.012725588359711604,0.01989145346932349,3.742690779517943e-08,520.578125,28.12768906002747,0.28203395731355996,0.06423772429438657,0.1452213377240248,248.51548767089844,136.23480224609375,2.2350408190097837,0.017927352004838942,-0.23692379878565334,0.8577255883597117
-0.016086842037869975,-0.0035237595121470344,-0.011715954945941243,0.020210565755222006,3.550178817590677e-08,323.86328125,39.71952959147754,0.3571537059156043,0.08960321203994398,0.17051456421545108,234.63218688964844,50.157100677490234,0.629192910118336,0.1836025186740418,-0.2387706097462651,0.8567159549459413
-0.014860749138178225,-0.004376479407544903,-0.013505933093812983,0.02055250996075862,1.9699214703905454e-08,405.2890625,30.50213832775348,0.31068713797999203,0.07250748734434785,0.16394826068908352,242.1832275390625,107.39784240722656,0.49941126834012944,0.08798082465497963,-0.21623407098775246,0.8585059330938131
-0.015852236651770407,-0.004112077161991884,-0.012603305826861866,0.02066508899606577,2.5196726483045495e-08,384.9677734375,43.737658918847515,0.34356159385586027,0.09598103074263119,0.1467973007973673,224.24887084960938,20.858705520629883,-2.2177811995199894,0.20828924983997507,-0.20479491256946583,0.857603305826862
-0.014708863154407177,-0.005359867398660012,-0.014838786713281094,0.021570081709361765,9.653428278966203e-09,452.4609375,29.214553630095207,0.3016853056968681,0.0674433192914612,0.16042016370788648,250.2300262451172,127.63848876953125,3.094190614119524,0.03397961718112654,-0.2512851556751029,0.8598387867132812
-0.015718715010091838,-0.004143546371287027,-0.012667367393089934,0.020608473373130053,5.43154889953712e-08,345.646484375,43.18011742981471,0.3503862368651154,0.09461261828435771,0.15363858619988935,214.84039306640625,25.197473526000977,2.1420534796865267,0.22721423025955184,-0.2073319652374829,0.85766736739309
-0.014963209584581236,-0.0045748579812367185,-0.012750938013314617,0.020184483814058282,1.3517786001671084e-08,453.80859375,14.778375858346068,0.26745290024358936,0.05896420433259999,0.1559111916901731,178.096923828125,113.40906524658203,2.7685801879902407,0.06697301725713209,-0.13658206554217162,0.8577509380133147
-0.014812275665095291,-0.004419660758436417,-0.013514109566881594,0.020532122856249363,4.0441361370824325e-09,506.015625,37.074185500805825,0.31248286900177413,0.08253609388229617,0.1485216357271949,280.5953674316406,99.69637298583984,0.8349179370805485,0.05114139475640809,-0.2783461363935525,0.8585141095668817
-0.017788894527372506,-0.0009318777148200619,-0.00970250965209718,0.02028427613030351,2.2265496113504923e-09,269.623046875,47.73571642626367,0.4282968779437614,0.09339963210620467,0.18197961570368126,282.7779235839844,51.89363479614258,1.6691496939872759,0.22251862132111697,-0.34543388792696617,0.8547025096520973
-0.014616786053637284,-0.004417015261469953,-0.013371263452356175,0.020296579629833687,7.80232056740715e-09,492.890625,26.994461328967304,0.2941522821959302,0.05758194990400453,0.15901351681272258,247.7256622314453,155.03170776367188,1.295844368162264,0.0007771969933706175,-0.24921067732627947,0.8583712634523563
-0.01569008973100311,-0.0038410118045765773,-0.01265341464152292,0.02051928823181088,4.686715371349237e-08,420.869140625,45.09077073739326,0.3524505556986042,0.09702608685077191,0.14682811464560863,259.3714294433594,24.77623748779297,-1.9895689993300998,0.19113662558019529,-0.23389672709173506,0.857653414641523
-0.015516490839632996,-0.004074733575226974,-0.012508790992285967,0.020342929822771135,3.549426708104875e-08,352.01171875,34.151506527622956,0.32959145469365086,0.08383960925732134,0.16755287249470308,222.6657257080078,66.49979400634766,-2.844214344842832,0.14964541560481967,-0.19987768647915036,0.857508790992286
-0.015164609556982886,-0.004610617793382843,-0.01270571725571834,0.020313995924845854,4.012631649175091e-08,396.009765625,21.446599223330832,0.2870938750492807,0.0701089224130097,0.1646489532587162,166.52139282226562,90.35689544677734,2.545484461052244,0.11290461585656415,-0.09389747444152549,0.8577057172557184
-0.014708660260390312,-0.0044882156042030386,-0.013546784646319088,0.020494002542674368,9.370151321519415e-10,485.4609375,27.965397219807254,0.29342254865851697,0.06513525112064172,0.15582099134580074,250.02073669433594,134.32522583007812,-2.6841488550659176,0.024951666360524975,-0.23570697192777887,0.8585467846463192
-0.014785278081102344,-0.004254585179131409,-0.013439005571653673,0.020428235698095626,2.7954543124764086e-09,566.4765625,41.03363509893973,0.3132318339388395,0.0830691626051803,0.1365640231979539,302.8240966796875,115.98721313476562,2.41425943911692,0.010607887276338544,-0.2854135285678218,0.8584390055716538
-0.015872426808046985,-0.0036767002185271735,-0.012302782982277938,0.02041593804807298,2.0433507330608336e-08,359.775390625,43.66322505279221,0.3667031403787909,0.09469755772637192,0.16369264718860077,255.4473876953125,35.82575607299805,-1.9793310419361394,0.19114592593533397,-0.2570738808798595,0.857302782982278
-0.015210652375538508,-0.004563377302611998,-0.013085762344042462,0.02057730629164637,8.78096206857748e-10,430.921875,32.74802593355656,0.2963810006380383,0.08585829640147773,0.14721885955883196,198.54281616210938,55.3421745300293,-2.1220081813996257,0.13509225370113329,-0.1346019562641525,0.8580857623440425
-0.01487986961594967,-0.004584492877080876,-0.013243629931202427,0.020440690508940942,8.843270116187796e-09,515.29296875,19.761041526050224,0.2569165439930246,0.06966600469739435,0.1397992481229533,188.85838317871094,94.70125579833984,-0.79324386057404,0.06749487297282311,-0.13320122705766707,0.8582436299312025
-0.01578326230116961,-0.003553192661305049,-0.012248629964596747,0.020292005395364233,3.226201528150341e-08,342.32421875,43.17757403724171,0.36350927108892894,0.09271382955999817,0.16180164247284867,251.7269287109375,43.421485900878906,1.9084430171219104,0.19889111084982436,-0.279927667360558,0.8572486299645968
-0.014780777278796967,-0.004326587162116452,-0.01322373142339528,0.02029920703364748,2.6425006183217192e-08,437.609375,26.90379129209076,0.301968228526573,0.06327629401763409,0.1657606918717156,242.54075622558594,133.04376220703125,0.10333575066632686,0.03248370708122042,-0.23725772884688803,0.8582237314233954
-0.01518540723092518,-0.0038362306117454836,-0.012787620297227908,0.02021970551075369,7.510738697646957e-09,391.12109375,40.88054089335226,0.3409791053776928,0.08920807560329161,0.1549616431023294,261.2497863769531,62.001548767089844,2.0639136121266097,0.1366437247683683,-0.29358872724739543,0.857787620297228
-0.014867747957746535,-0.004010667304934545,-0.01315132933354246,0.020250749240589633,1.4877534759705213e-08,461.0703125,42.772710789138934,0.3456538148700132,0.08670245389809206,0.15128818908325115,302.59832763671875,96.5467529296875,-1.3025454118393025,0.06876540738464544,-0.3421013681967248,0.8581513293335425
-0.016985873652382744,-0.004623703580571542,-0.010133784056461481,0.020312363669418024,1.9024854580607098e-08,272.337890625,31.354215290267646,0.3462714467963151,0.07924115876570575,0.18891454735728186,165.04071044921875,68.3184814453125,-2.392453141114161,0.1945561825149684,-0.09671901021531037,0.8551337840564616
-0.014876317345499608,-0.004006451763076235,-0.012991504008146082,0.020152807493933566,1.4548652949031293e-08,501.6796875,36.25278795965509,0.30996786666069576,0.07953776169030805,0.14857331981791344,278.63983154296875,110.10611724853516,-1.4131198892496937,0.03397065512878448,-0.2948310635149943,0.8579915040081462
-0.014807836462635442,-0.004199100494719055,-0.01302245202993435,0.020161565478425698,2.7641105404541122e-08,485.6015625,29.167936937146543,0.29233909399618646,0.06801304053463617,0.15162557079614136,250.58641052246094,126.47736358642578,-2.658408881282776,0.0426737017865099,-0.24389888943424318,0.8580224520299344
-0.014783591002335728,-0.004443778380363056,-0.01313321285541047,0.020267782540861316,2.2991790693538405e-09,421.3203125,20.29177969868295,0.29172736938915433,0.054800047058738484,0.1694541431565354,216.71990966796875,135.47256469726562,-1.3387641627430225,0.037694855346390665,-0.1995752212478914,0.8581332128554106
-0.015364185998128416,-0.004272984250399764,-0.01274367986121927,0.020413671453084946,3.722233188341306e-08,354.5390625,31.93760075973384,0.31687462811198186,0.0798071813263733,0.164982291423602,209.98583984375,74.21846008300781,-2.8228875507574447,0.1517097191777238,-0.15282238604198817,0.8577436798612194
-0.015485287488728405,-0.004434231068657868,-0.0128730233777542,0.02061968148791405,8.748535407221425e-08,371.4580078125,38.68627359653204,0.3306174423768748,0.09202592096268047,0.1557194666983417,200.8499298095703,34.139015197753906,-1.936167854190274,0.18785798679694773,-0.17669555708980259,0.8578730233777543
-0.015280610179444487,-0.003672595270514889,-0.012812307064675066,0.02027659280541663,2.3094587575656078e-08,361.67578125,44.25441861835936,0.3836534414903838,0.08546260915128695,0.17084606264875013,302.20709228515625,102.09970092773438,1.5763328996139157,0.11297565107442444,-0.3542058831765753,0.8578123070646752
-0.014918133304582824,-0.004582834064794983,-0.012846397570204449,0.02021343612279969,1.0290304164328745e-09,514.46875,14.362894541346002,0.2540586776707742,0.06505957446647721,0.1436745192422676,175.777587890625,102.3409652709961,-0.39042364804131524,0.049986955769053494,-0.13886149814925478,0.8578463975702045
-0.017056484231731117,-0.002536661134094731,-0.010949418610546657,0.020426651021778007,6.843005273537983e-09,351.1376953125,46.9265455514765,0.3848815520264837,0.09745748249314365,0.15888055996951955,263.677490234375,22.977684020996094,-1.1127862329691962,0.21926859371288526,-0.28699074969261823,0.8559494186105467
-0.01478805113718959,-0.004537430154500088,-0.013624278479957397,0.0206129981551091,3.248695890079034e-08,543.740234375,33.3493494576295,0.28427594221728525,0.08620578358534166,0.13777747047021116,243.56192016601562,67.82041931152344,0.8956292884747523,0.08288503201874185,-0.20870127458454926,0.8586242784799575
-0.015518286518987484,-0.00411298332275245,-0.01279073379239759,0.020526488234635026,1.0962582308593483e-07,413.7802734375,41.24705142249505,0.33546687960788146,0.09493801166154642,0.15095831570621365,232.6772003173828,28.17011260986328,-0.5944588825206804,0.17890346292900883,-0.24202332242231997,0.8577907337923977
-0.015581099363874612,-0.004286429804019887,-0.01278739180604449,0.020607317318200775,1.8268812018717995e-09,403.349609375,40.04337738938557,0.32581799411725654,0.09358847074853201,0.14754495785767352,211.3565673828125,29.77176856994629,-2.372872643328068,0.1815486071297327,-0.18819691673167216,0.8577873918060446
-0.015230777229248635,-0.003926518272080515,-0.012738248923764739,0.020239987806117236,2.4111814767024953e-09,444.82421875,38.92647366892762,0.32428545132848996,0.08971578661524365,0.14989508239503668,259.1280822753906,59.61224365234375,-0.3302688110248749,0.11287092006137885,-0.27077947379059913,0.8577382489237648
-0.014708750664939998,-0.00465189717551906,-0.01368594648873811,0.02062262409945878,3.206298115898676e-09,527.296875,16.931872472685143,0.2550846840975708,0.06349122192960452,0.14275992561720474,200.07217407226562,110.68714141845703,-3.0403499953765984,0.04217099538450664,-0.155770185135739,0.8586859464887382
-0.015092651349111905,-0.003725208111609035,-0.012822556601762347,0.020151507586928734,3.5391796160411104e-08,401.26171875,42.52733853729538,0.36238380545758586,0.08689199364439569,0.16300787324589072,294.8489990234375,90.18379974365234,0.2783766315673929,0.11018486954524391,-0.3057464042315743,0.8578225566017624
-0.015920601420723546,-0.002926942960311707,-0.011961973808524373,0.020127626836919595,4.4526263565103363e-08,361.91015625,46.97251979761644,0.38694253858667343,0.09394413593127245,0.16027698139006674,293.0013732910156,54.117496490478516,-1.9689483675244774,0.18280132238678265,-0.3245069977973334,0.8569619738085245
-0.014758088140263411,-0.004611938879428262,-0.01459467546633808,0.021262071812292806,9.479996343486619e-09,592.9921875,11.69783236923506,0.23844748572858357,0.0512566853752837,0.1338183140312974,136.12405395507812,131.74969482421875,0.5833249803137323,0.007644735766223914,-0.08700971664664547,0.8595946754663382
-0.015037732689662131,-0.004487993565379378,-0.012995324193019409,0.020375326784380546,1.2371378943498712e-07,490.748046875,22.83113380390378,0.26795376121060616,0.07538080031946867,0.144672834528364,193.90966796875,82.59194946289062,-3.008886387133939,0.07941928056279297,-0.15298264381047613,0.8579953241930195
-0.01557207639605307,-0.004244158957916716,-0.012851754405123428,0.020631772581002034,1.530103155289453e-08,386.5849609375,42.03613160330713,0.34397158245189746,0.09562213890447151,0.15370549487616125,222.81878662109375,22.94964599609375,-2.2584772679927596,0.20285325407123628,-0.18860775931801685,0.8578517544051235
-0.014997673637097947,-0.004316010299929451,-0.013308726642324853,0.02051049400365889,2.0269451894705526e-08,402.7109375,39.123758360648885,0.32992604782934437,0.08830622968169459,0.15425849787078916,252.43966674804688,61.98442077636719,0.19588083494790876,0.13937202976458268,-0.2882405870033318,0.8583087266423249
-0.014872418250379202,-0.004387959660611007,-0.012664190706855094,0.020020607904280948,6.6806249421347275e-09,405.390625,17.640348546209683,0.28632553681407885,0.060985419304583205,0.1693323505832769,194.93966674804688,112.58776092529297,0.524844501597444,0.0699429194911834,-0.13994198650716747,0.8576641907068552
-0.014916803326640943,-0.004680668032567614,-0.013262644674621793,0.02050164428727756,1.0308610853826394e-08,425.271484375,23.762323208987443,0.2826132994840997,0.07569264131780046,0.15679407360597153,172.4970703125,78.98341369628906,0.1723474708398377,0.10889298907289675,-0.10253615938038138,0.8582626446746219
-0.01581108462761241,-0.003097454509670028,-0.01225658069385882,0.02024372475227989,1.6689167381400694e-08,262.1015625,49.777970430421156,0.4474576229927609,0.09471346687355726,0.18514205674971007,294.92584228515625,49.85850143432617,0.1358379343156138,0.21632660135839454,-0.39826664769944725,0.8572565806938589
-0.015413232109072805,-0.004629160864271495,-0.012132152210515224,0.020154055959398474,1.839241114964807e-08,425.25,23.53179338674337,0.282966848726891,0.07596976103564336,0.15451558375468633,165.10336303710938,77.60122680664062,-2.5513279752814775,0.10903562856056638,-0.12320810877079079,0.8571321522105153
-0.01502841212923614,-0.0037457038299200662,-0.01286440640467612,0.02013396186676437,3.26421663032761e-08,420.4296875,42.860406840256864,0.3541974070491306,0.08812062671111162,0.15696828961148912,294.7362976074219,84.22853088378906,-1.3779975346594318,0.08402729153167328,-0.3521274530021425,0.8578644064046762
-0.01472738399025493,-0.003941532903097511,-0.013082560049133218,0.020089422546748177,9.941436118765523e-09,385.140625,39.64654435180307,0.38450142118668584,0.07438976736704063,0.19082246222351085,300.796630859375,152.34112548828125,2.8046089268646974,0.03702722618921338,-0.3333271636524634,0.8580825600491333
-0.014745443381905698,-0.0046140182887629,-0.013849262162603737,0.02074895967865745,1.7297168142249575e-08,454.3125,42.645715919514465,0.32997399270006866,0.09479032271537846,0.14185643343132193,254.5446014404297,35.0835075378418,-2.4167469504489794,0.16409001969211162,-0.24362647310645622,0.8588492621626038
-0.015131456467169319,-0.004691111540641363,-0.013023120995554138,0.02050778346797678,2.74106799480478e-08,404.55859375,27.30404893291875,0.2911671243165983,0.07889074778349213,0.15670953133523802,171.71600341796875,70.95263671875,-0.9154630864308614,0.12469670344118497,-0.10765167133430348,0.8580231209955542
-0.015374568868688265,-0.004312112841692084,-0.012511981392812066,0.020285989338250168,1.734872384639985e-10,433.19921875,28.870444648964998,0.29429233544709366,0.0829840874562861,0.15481944567235384,201.15682983398438,64.42915344238281,-1.3169667718243796,0.12008529470430851,-0.13710903877010236,0.8575119813928122
-0.016573643240258645,-0.004619511503295454,-0.00905072257899342,0.019440707702816567,6.11961581853393e-07,387.357421875,20.388599613080487,0.2946282193241137,0.07335202994512036,0.1655120636104228,162.84133911132812,83.10102844238281,0.07511158598102004,0.12701235424231264,-0.08969335273577078,0.8540507225789935
-0.014845299495731587,-0.004238922650883714,-0.013274835676729158,0.020361057060042455,5.045604378750568e-09,523.0,36.94369143774999,0.3080394959604305,0.08223319905564262,0.1449821083322912,280.96588134765625,101.94438934326172,0.08543366255085415,0.05601813357130038,-0.25494823898965097,0.8582748356767292
-0.015656707905018746,-0.004377294609391402,-0.012122017771697191,0.020278967561930417,1.8119937550409304e-08,356.4609375,31.881442429961506,0.3148671005412827,0.08327997993111383,0.163601098583669,184.30503845214844,59.87284469604492,-0.1386209692168552,0.15387080621402793,-0.15346956787660268,0.8571220177716973
-0.014695273388089992,-0.00471911998105215,-0.0139229011512928,0.020786253385710034,7.839971338796659e-09,464.49609375,27.76625678547202,0.2936300028126304,0.06697272029211612,0.15838317705648763,244.7008056640625,124.97420501708984,-0.6676532923365933,0.027740005877969938,-0.24755451808009418,0.8589229011512929
-0.014775720145045856,-0.004540552288291255,-0.013104326733289762,0.020264794596053366,3.5622878868935004e-08,488.61328125,13.986812350820598,0.2627002240349076,0.05377994600420449,0.1515433740063642,195.24996948242188,127.1219482421875,0.7509016506927091,0.02854000081807291,-0.17671007859520924,0.8581043267332898
-0.014761729438660706,-0.004445777346448493,-0.013313786582128673,0.020369843037904987,5.976133810037254e-09,528.71484375,24.060745716725272,0.2687004017819612,0.06852118462431364,0.14337838202869102,231.30923461914062,112.10613250732422,-2.1904159968131385,0.024047495944912997,-0.22204829074214247,0.8583137865821288
-0.015339298201001023,-0.003947427703076073,-0.012211222510375652,0.019999755247706173,3.8777848487825395e-08,318.375,30.59531393007698,0.33435109148028486,0.07451056694001346,0.1842854073769521,223.28399658203125,92.00099182128906,-1.6992514044098341,0.13653822498879686,-0.22259471352471308,0.8572112225103757
-0.014845085656861531,-0.004795221754329573,-0.012770878276855524,0.020161003243762743,6.658139373172389e-09,472.97265625,13.666685035434508,0.26350367369275113,0.05864557815440205,0.15168099813472646,144.0669708251953,114.55131530761719,0.936999117024253,0.06241039878597676,-0.08658270889667076,0.8577708782768556
-0.015501851616570472,-0.004508532006781973,-0.012421505158617285,0.02036978288553665,1.6983128237058054e-09,364.337890625,31.124140792818423,0.31619194233729075,0.08396527349731814,0.1681570341450358,191.46604919433594,59.386600494384766,-1.300705148427999,0.15912231537361088,-0.13148559354306158,0.8574215051586174
-0.015708251732099054,-0.004663912141372836,-0.01250461393338087,0.02061229289924682,3.7235086125519956e-08,354.3271484375,36.76295221663401,0.32629034036460314,0.08973713096301235,0.15843407767390316,169.229736328125,39.484527587890625,-0.1137343438809312,0.1855297190036734,-0.1020702317258425,0.857504613933381
-0.013759762418170216,-0.006259883251328202,-0.015260820009048603,0.021480452217616998,2.9796497074130457e-06,472.83203125,47.105128839255364,0.3419357205371675,0.09134788573382731,0.14138395114815228,305.822021484375,75.97937774658203,0.5962174977602503,0.09250707928058995,-0.309594617519436,0.8602608200090487
-0.014737331591896174,-0.004283745861844546,-0.013281460806840117,0.020296221870633988,2.2217014006287172e-08,457.578125,35.27570258344393,0.3224473909532016,0.07116834143193945,0.16135778122315025,275.6844177246094,138.85440063476562,-1.5741586533742113,0.02820634345630697,-0.27490940028000244,0.8582814608068402
-0.014621944538030056,-0.004931968696931188,-0.014271959772175324,0.02101938184246451,2.7651902101410997e-08,495.30859375,33.76983850498555,0.29562526972180503,0.07981796622790673,0.14617099030033565,257.9509582519531,95.5957260131836,2.2650045060884483,0.05299886119583191,-0.25562925761521454,0.8592719597721754
-0.015688454019896395,-0.004421528557960255,-0.01196764658421523,0.020221327085232065,1.2278557726119743e-08,415.4765625,24.72186082764484,0.28820499901490076,0.07549636281830344,0.15739916992667213,190.7340545654297,81.4469985961914,-1.548311047989028,0.12188205048832834,-0.11558954461592931,0.8569676465842153
-0.014696501921613751,-0.004801754862982288,-0.013979349826844345,0.020843853772214576,1.3134730636465974e-07,503.83203125,42.291898440529785,0.33369584795830787,0.08653950973127958,0.1475220697775933,304.1016845703125,98.91931915283203,-2.0470313137046467,0.04524162817621382,-0.3176129553813627,0.8589793498268444
-0.015051859606426507,-0.004413623912016856,-0.012979406418819228,0.020359360123372902,1.0437298136878326e-08,452.51171875,27.11738912815284,0.2824794397349765,0.07815310852550461,0.14909183913259194,205.5770263671875,78.10334777832031,2.2846217455240323,0.09875956020461858,-0.17899813180580684,0.8579794064188193
-0.014745837874706062,-0.003765220020052973,-0.012605154771599958,0.01976123840356451,1.6187849283255673e-08,426.9453125,34.79537323425579,0.339821368665523,0.07085416858032192,0.17350186556193126,278.6219482421875,142.01559448242188,0.49809576871316275,0.023875041311930405,-0.29701778571884824,0.8576051547716
-0.01472135618529432,-0.004471670781675513,-0.013540776225111628,0.02049553093463407,1.5066530245633203e-09,589.9765625,32.43034665253533,0.27732316203251417,0.07581586528659541,0.13341558445482515,265.8321533203125,114.43033599853516,-0.2878385838060289,0.01612216532895234,-0.24591438628949178,0.8585407762251117
-0.014696852931289861,-0.004724459730068492,-0.014139208279736137,0.02093406832421164,8.34676772143439e-09,540.078125,10.630336652126806,0.24547216388646162,0.055330946001256535,0.1409904711657768,163.45999145507812,119.9469223022461,-0.22967941867692285,0.022649353429684674,-0.08750434614350006,0.8591392082797362
-0.014751577868465968,-0.004651969555267532,-0.013324373875491902,0.02041540618078519,3.1146156764805255e-09,536.40234375,9.539834192351583,0.24743031385190417,0.055832103683493346,0.14178851319854102,174.96676635742188,119.2154769897461,-0.718907278639891,0.0314471327843837,-0.13067230120417242,0.858324373875492
-0.01549032058420502,-0.003701066945820175,-0.0128073652334173,0.0204371361144617,1.433929153193958e-08,409.923828125,48.93174721960123,0.3825972564767239,0.09773724716884828,0.14947729484237693,298.5198974609375,34.001365661621094,0.2926913701988909,0.1779261891806036,-0.3377435685818969,0.8578073652334174
-0.01567465199078194,-0.004751004416399571,-0.012121693077464801,0.020376511012953874,4.266739850322665e-08,388.359375,29.7184088316827,0.30247610684540843,0.08293567367867968,0.1587896955098781,155.48666381835938,60.250553131103516,-0.6758392857485327,0.13834615474226644,-0.09817164333281002,0.8571216930774649
-0.01489911678627212,-0.004584395402412567,-0.013409917427900875,0.020562739302917712,1.420470630009163e-09,573.546875,25.078811242365518,0.25493339277416843,0.08086951340298229,0.13063803798741547,194.218505859375,69.97833251953125,-2.670366663141355,0.08269728475099375,-0.1494772152492195,0.858409917427901
-0.015221106057836359,-0.004175698356904622,-0.012866171603391985,0.020363125941752876,1.0394388461065773e-08,386.603515625,34.1841926536047,0.3141736451119133,0.084762231145634,0.15681625261746024,217.0637969970703,61.98786163330078,2.6094417762092754,0.14771790458773532,-0.1996326385798922,0.8578661716033921
-0.014702308412527829,-0.0046867930385488255,-0.01388241180205807,0.020756812353663494,2.4766963591105196e-08,530.625,37.65899537085179,0.2970573776820821,0.09161937008923829,0.13615456084875655,245.27728271484375,47.4479866027832,-0.1767553483912607,0.11584798649030274,-0.23697136635864757,0.8588824118020582
-0.015201358233474807,-0.003977535457807907,-0.012388597944589241,0.020009483738798264,7.36593648298367e-08,444.6640625,30.771432121077034,0.3001578093506148,0.07623981056474462,0.1535483482722152,242.09120178222656,97.90907287597656,-0.37018050203534536,0.08631464811337593,-0.1923470411791344,0.8573885979445893
-0.01494019059224172,-0.004446273436260584,-0.012946033402841173,0.02026273484182192,4.633118333430275e-09,434.9765625,19.26282040331986,0.2779790887238055,0.06403949754804333,0.15997952018701955,197.98187255859375,107.7058334350586,-1.042872502300425,0.06775429622773999,-0.17925011244664993,0.8579460334028413
-0.016263383208678928,-0.0034415858236372388,-0.012012113970326865,0.020509340028628965,3.457831354580776e-09,349.87109375,46.420801305800296,0.37705817508223033,0.09723899013601153,0.15706773443411992,252.8220672607422,21.055416107177734,-0.7548885453384488,0.20798881460395657,-0.2633862333630605,0.857012113970327
-0.015341558465285093,-0.004205829046895482,-0.012986386071677902,0.020535302221251585,3.7034666444668574e-09,457.1708984375,40.7529464598898,0.32064516065014415,0.09489470138259751,0.14111651599364483,232.67063903808594,28.543350219726562,-2.9867563619126516,0.16748627231934177,-0.23437287028195516,0.857986386071678
-0.016797285396944833,-0.0043479831527368645,-0.010888467415589576,0.02048444475359915,2.0642440645701754e-08,265.158203125,35.53547534814367,0.3586939000463446,0.08465544122926619,0.18706862725865625,176.45083618164062,54.708213806152344,2.0735171570543534,0.211906428570995,-0.1101573339955713,0.8558884674155897
-0.01488229832370818,-0.0046919806331189445,-0.013369815831397291,0.02054870947341687,7.260472756343006e-08,454.9375,15.670976732587455,0.2697318535640666,0.059476487193828975,0.15782298913809167,189.84754943847656,114.98208618164062,1.6093951933232806,0.04815083668802462,-0.12049227765649263,0.8583698158313974
-0.014730699979091426,-0.004567523465488943,-0.013642621852109516,0.020590699926944015,1.9561436914727892e-08,458.1640625,23.929026549469768,0.2798252904039376,0.06729523286039847,0.15429530212749298,219.82643127441406,109.58248901367188,2.525351111817603,0.04688951086049834,-0.19295478070175678,0.8586426218521096
-0.016208576815019582,-0.0021493769441957022,-0.011358629310954216,0.019908697683181053,1.5111552897906222e-08,331.2109375,48.44492643865226,0.40413381450523267,0.09436355864881198,0.164097602403939,296.57904052734375,53.06618881225586,0.7567784260158833,0.18664028996561266,-0.37406630842245997,0.8563586293109543
-0.014462071303010693,-0.004707388092113962,-0.014527404022054657,0.02103227226533433,1.0195460475870277e-07,380.44140625,25.003379322029367,0.2913313019375211,0.0716535192566278,0.1641094674756124,170.564453125,86.80975341796875,1.0239266312366313,0.12042479563254042,-0.14037201045502554,0.8595274040220547
-0.014848715783580005,-0.004387163801589378,-0.013561151590392395,0.020582429378018435,1.0796715343985852e-07,390.1328125,38.78357005610268,0.3373757660439652,0.08375112191613046,0.1612944706962368,265.87054443359375,85.40123748779297,2.7382893368673913,0.11913214791671696,-0.2748759190358448,0.8585611515903925
-0.014698996769034557,-0.004530104602889301,-0.013329703177417551,0.020353460161045413,1.037739894016454e-09,468.98046875,14.344871788641978,0.27064155656865196,0.05103997108930625,0.1591387886846688,201.40972900390625,134.6031036376953,0.08695901987292944,0.01988294265689717,-0.18273996331268125,0.8583297031774176
-0.014797623415778206,-0.0045425094179584735,-0.01340886730383195,0.02047930108522267,3.283743055249033e-08,469.46484375,18.76299739440538,0.2714000206524843,0.06357404894125436,0.15453079803491898,205.50918579101562,111.54328918457031,3.070762526396761,0.053940660408742284,-0.16042726921096415,0.858408867303832
-0.0159647395659607,-0.004140098527552233,-0.012150321410863918,0.020485205286110496,6.997145973741681e-09,353.470703125,37.722968334998654,0.3355583705045033,0.09056550708126145,0.1610550578106733,204.030029296875,39.99029541015625,1.1780934439723416,0.18973463754349437,-0.1547528004152412,0.857150321410864
-0.014688958448270442,-0.004530239028608968,-0.013341941176557182,0.02035426147788368,2.0163624103730626e-09,440.6640625,16.87042902192831,0.2928773524645959,0.046243802936278354,0.17613037434270196,216.50164794921875,154.13876342773438,0.2521612923727495,0.010595072828390941,-0.1802469966244624,0.8583419411765573
-0.01606451302662859,-0.003821542984791232,-0.011830969515605139,0.02031365573318857,9.867223838000427e-08,316.703125,38.02018033366644,0.3509150122181001,0.0882057112941602,0.17263111919737584,220.3922119140625,51.52583694458008,2.8147636783396357,0.19882213230075158,-0.20805930076481363,0.8568309695156052
-0.014871271402208813,-0.004474826213890171,-0.013341464547829807,0.020473726066441152,1.2727791443012393e-07,445.6484375,27.36533231654773,0.28763181425798345,0.07519173850393678,0.15302071799423833,221.30450439453125,90.11534881591797,-0.35039130953861514,0.07912113336865133,-0.2174029159947609,0.8583414645478299
-0.015829313585157906,-0.003026513496779737,-0.012126663161279194,0.020168859956640597,9.354016583529301e-08,376.5546875,47.67298462680383,0.388396458236299,0.09320917774258888,0.15808724117527628,305.2598876953125,64.97298431396484,2.652670271797325,0.15384666839978373,-0.31925663772142565,0.8571266631612793
-0.01476184108174454,-0.0043366447410962405,-0.013153998253146115,0.020242186388256814,9.546420320916127e-10,442.8515625,24.54129493027492,0.2955620341742786,0.06215366968976831,0.16557032207442746,234.7235870361328,130.71604919433594,0.2668983993432501,0.04737372005812515,-0.20511145243399942,0.8581539982531462
-0.014729995756331157,-0.004568312637728833,-0.01340993504708754,0.020436942366818808,1.3413459676314687e-08,496.73828125,14.375330786715127,0.26315087925334346,0.049302898509624854,0.1524721230644085,199.60723876953125,137.7972412109375,-0.7517021319382865,0.024215248430651173,-0.16985501155576813,0.8584099350470876
-0.01508111906180365,-0.004191073795965006,-0.01319955939796591,0.020475195237651633,5.4817970607246025e-08,375.9609375,45.3657648163897,0.368350416325688,0.09449803410256166,0.1585799289236801,273.4052734375,43.48627471923828,0.4986609880651335,0.18360057058948176,-0.2544334591885761,0.858199559397966
-0.01544709733867769,-0.004589830795987571,-0.012072136218391094,0.020134940670430826,1.8041232507925997e-08,397.9609375,23.526278330363557,0.29130291326754526,0.07542553969808406,0.16225977170041428,167.283447265625,78.79491424560547,1.8831048969587736,0.12122808615690468,-0.1082394679643848,0.8570721362183912
-0.014802528023106686,-0.003961078012704705,-0.01235020230467998,0.019680764006107947,5.2506145209463284e-08,421.953125,23.63263513886663,0.3056071736715056,0.05637752271281489,0.17345849499594068,234.10462951660156,144.7002410888672,2.8665582054881185,0.04043523439254015,-0.20508521045697986,0.8573502023046801
-0.016336115732855844,-0.0032593917543418116,-0.011606480413913989,0.020302775658616254,2.1544592498923265e-10,322.083984375,42.37558834124187,0.3683969558158703,0.09211324487165395,0.16814045027711033,244.39312744140625,43.504146575927734,-2.4912441079403345,0.2038658064458725,-0.27101381246433726,0.8566064804139141
-0.014691606934878945,-0.0046797541676901755,-0.013735422758657245,0.0206495823627994,1.8625730291432774e-08,508.28125,5.977431923955165,0.25348391518419555,0.04878470007279155,0.1507307226290272,169.22348022460938,131.3537139892578,-0.6405086533541884,0.01567898330701944,-0.09450066601691906,0.8587354227586573
-0.01477174768889155,-0.004627688428104126,-0.013567704589565244,0.020584038423049823,7.70975672192975e-10,444.265625,22.1928365061115,0.29065075555192427,0.05977100714421001,0.16533288791079548,227.58148193359375,130.4259033203125,-2.191494716057822,0.04163098254437372,-0.20915106118347151,0.8585677045895653
-0.015815108872019812,-0.003255656586766742,-0.012244395348898651,0.020264308177308406,1.4686403204677845e-08,324.05078125,47.41876418202088,0.40497381027397744,0.09315204549897034,0.17060064527740637,294.6474914550781,58.871124267578125,-0.06576537999165659,0.1758840643943571,-0.3513360106067943,0.8572443953488987
-0.0147457548521032,-0.004689449351869823,-0.013666264530386218,0.020644490974508666,1.8101709020612589e-09,651.44140625,10.878740382346404,0.2264115306749812,0.06308871443484362,0.12298773655296458,158.03851318359375,107.06858825683594,0.8319021013236219,0.023727892245027825,-0.08656599783196886,0.8586662645303863
-0.016863058970157913,-0.0021291758450398546,-0.010782387297636586,0.02012848785791817,2.209401372965658e-08,305.34765625,46.0897254388291,0.40060014007677947,0.09230633465912767,0.17246892933793578,279.39105224609375,56.093841552734375,-1.4308785403925361,0.20367217045344532,-0.3082823890101835,0.8557823872976367
-0.014702976792990324,-0.0046255143764980244,-0.013782832043788162,0.020677025147967387,4.847165779864326e-09,497.5390625,27.397211408356423,0.29077285961606447,0.05965666118537386,0.15605719023970854,247.64230346679688,149.18692016601562,-0.26633903308878176,0.004587729038159688,-0.2192905828206648,0.8587828320437882
-0.014708233956820999,-0.00479764831297505,-0.013328173425199652,0.02042032767405491,8.49705106276133e-09,482.703125,9.388364399682402,0.26275354107200793,0.04573554525753846,0.15515582174921372,144.6611328125,137.2777099609375,-1.368480567812756,0.041242507018026744,-0.0932430328805603,0.8583281734251997
-0.01564749840622881,-0.004576175505400168,-0.012411678828993189,0.020489884333085812,4.028818167967074e-09,348.21484375,34.26905197015586,0.32104982602881754,0.08598997289420222,0.1617764059975052,176.89227294921875,51.666770935058594,-0.05540552321520972,0.1776756924668364,-0.11310061583438129,0.8574116788289933
-0.014720323739983776,-0.004695994739852577,-0.013893299068261977,0.020778932999719262,4.369881678734089e-10,435.82421875,40.39951332167193,0.3215360322124121,0.09403886855934052,0.1447611567899787,225.75820922851562,31.04974937438965,1.838275629741597,0.16900229673167805,-0.18664796102038037,0.8588932990682621
-0.014780766732734707,-0.004491784580816699,-0.013341825884198744,0.02041204330419312,6.315358458408582e-09,447.875,23.335018077543154,0.28533335995537945,0.0641689172578419,0.1591208947079843,223.5479736328125,118.44414520263672,-0.8497268068382946,0.05673443667990587,-0.1963934075275842,0.8583418258841988
-0.014741300113317132,-0.004290037616928338,-0.013263581203571517,0.020288739195161425,5.406991299139463e-09,504.6171875,29.97477550735957,0.2951003322419363,0.06504363726317773,0.1534553778605684,258.0721435546875,142.53843688964844,-0.8904698195979313,0.009512175108619847,-0.24799111075851302,0.8582635812035716
-0.016053804712263947,-0.004583649721159738,-0.012227265814444443,0.020693973030882145,2.7282453629595693e-08,326.05078125,39.596799029622154,0.3443931942216593,0.09206446153001203,0.16273751297453465,173.5269775390625,31.085399627685547,0.6972990633060783,0.22255438755003,-0.0980542420201545,0.8572272658144445
-0.01616784105083069,-0.0030856098933030873,-0.012267715205306562,0.020528441465856237,2.6405103881188552e-08,385.45458984375,51.465539936375954,0.4076758120951723,0.10070421078228241,0.15261503018046463,298.4449462890625,11.958344459533691,-1.5631192209049845,0.21435528036274273,-0.3479258460479588,0.8572677152053066
-0.014785004667381758,-0.004637291893112905,-0.013610261340232466,0.020623773972429427,3.545548521444175e-09,454.70703125,15.208010925965544,0.26916984295354435,0.05772423457422107,0.15779919359600136,189.69151306152344,118.02510070800781,-2.659127150978782,0.04284695668198935,-0.1538719777294548,0.8586102613402326
-0.015407154518602542,-0.004083905589428838,-0.012070089026260167,0.01999364259771863,1.2020554329694733e-08,378.8828125,26.298194479038624,0.30317323407651053,0.07373049072296382,0.16746844962006924,207.1392822265625,88.64303588867188,0.6906602172031865,0.11974024690081854,-0.18052302631430803,0.8570700890262603
-0.01469648732814656,-0.004484636604377312,-0.013613770413861248,0.02052884434499461,4.623904370504306e-09,537.671875,36.01597839952845,0.30874441942865166,0.07388367885463187,0.14787578123329703,285.8822021484375,138.068603515625,-1.0435211152625017,0.005320668227286579,-0.28260845676831886,0.8586137704138613
-0.014914347234814121,-0.004147397722212232,-0.01322132817702093,0.0203578530319704,2.431944423619825e-08,429.00390625,39.2582341034106,0.33391409382042875,0.08190850984315133,0.15529295015258016,280.4913330078125,101.67745971679688,2.647297355819118,0.07875251763076471,-0.29541328658885513,0.858221328177021
-0.014873033206589364,-0.004147301732874253,-0.013153681739878742,0.0202836528204816,1.8687185132648665e-09,422.46484375,36.642712936142246,0.3337571368891551,0.07778282483380192,0.16354214423626046,275.93316650390625,114.27983856201172,-1.313345078932938,0.07972462614873756,-0.26282976760002985,0.8581536817398788
-0.014133149048920268,-0.008739535475374482,-0.017782621085188355,0.024338179780413128,8.924076610128395e-06,429.21484375,46.6347404236218,0.34899472484811134,0.08623369298014814,0.15122889325572986,306.304931640625,101.12555694580078,-0.7517540768915849,0.07544090513116221,-0.32628010296653326,0.8627826210851884
-0.015401724428263958,-0.004733896123485751,-0.013091883797379023,0.020761028617007675,9.451758131717725e-08,374.803955078125,42.06845231635251,0.3412610550210742,0.09651789833381917,0.1517724107999373,150.49502563476562,12.492067337036133,2.8289323410613303,0.21807682784942564,-0.11393971070854948,0.8580918837973791
-0.014769828996132148,-0.0042829589226063836,-0.013421569048017279,0.02041151884153688,1.3776943141863285e-08,517.0859375,38.91123243432238,0.32098795296826027,0.07791592168428359,0.14834310342534762,294.0955505371094,131.11912536621094,2.0575762880042694,0.036082763812782984,-0.2650035372244807,0.8584215690480174
-0.01583606393558834,-0.0035987853146412507,-0.012452524985934299,0.020464543856099925,6.0984830518862054e-09,430.740234375,45.82686350189116,0.3541322392241848,0.09729917932450916,0.14457700823765918,267.81317138671875,25.78682518005371,2.458325908781831,0.17961544820698377,-0.255177238147069,0.8574525249859344
-0.01469258984155994,-0.004634356240719839,-0.013666347766018716,0.0205941378863009,4.123713814863095e-09,541.99609375,12.63339781206231,0.25171411855887477,0.0526960739786683,0.14442557364958453,199.59774780273438,131.548583984375,2.653449778212953,-0.00029093697598375594,-0.17057137387996207,0.8586663477660188
-0.01484559855051644,-0.004540876389346915,-0.013512365851510388,0.02058143303104738,3.014596572370465e-09,520.0625,29.601716836118655,0.2762760790311926,0.08242687088286829,0.14009863928641342,223.7692413330078,72.69230651855469,2.8654951445981056,0.08757869327076358,-0.17024887264969926,0.8585123658515105
-0.015856506599043488,-0.00238969510593956,-0.011320999668926301,0.019629174147902672,1.4523776599162375e-06,445.466796875,47.325684919159755,0.36723341385720226,0.0953979952590219,0.1475028883919104,306.70025634765625,52.48825454711914,1.8181205175171975,0.11972908152959995,-0.3538255262725804,0.8563209996689264
-0.014780671783408583,-0.004666846735180211,-0.013637251602335199,0.0206451531378168,5.7523866558994996e-08,383.17578125,18.098308049481016,0.2887009581640325,0.05943755409196633,0.17147845006606355,179.08749389648438,111.6741943359375,-2.629668968510435,0.08856749611727437,-0.11797544996977317,0.8586372516023353
-0.014724917228637438,-0.004575340885104362,-0.013155652436790843,0.02026889544703342,3.514876611987461e-09,545.58203125,10.519715489241943,0.24825171600493917,0.057376564984286685,0.14337424608511118,190.64678955078125,120.20539855957031,2.6777980341073953,0.014745830047027736,-0.1330577151285293,0.8581556524367909
-0.01629882742675151,-0.00382288425973884,-0.011703097731010859,0.020426177225608754,3.479118859672781e-08,346.681640625,39.268238290514184,0.34009516323288963,0.09118849739933275,0.15895154119918897,210.22666931152344,38.49748992919922,-1.7882948534972862,0.1898899008068007,-0.20845704649566055,0.8567030977310109
-0.015295515719768171,-0.004221065880451513,-0.012641528733759122,0.02028739626041855,5.323802554357826e-08,384.32421875,33.23223799877914,0.3125463008010454,0.08208036284068215,0.1582700946725154,220.83648681640625,71.62553405761719,1.291305022495137,0.1387203537235492,-0.16846330110809696,0.8576415287337592
-0.01501798046540892,-0.004734114410935297,-0.012205297245533764,0.019922872718738712,9.58592067945574e-07,450.5625,47.44352169550229,0.33871498061664146,0.08359196863835747,0.14758147463730797,307.9256896972656,116.51239013671875,0.01780593592070104,0.04896040659954985,-0.3182731218608233,0.8572052972455338
-0.014971468264342383,-0.004309836197595035,-0.013248496781685937,0.020450971053098045,8.651013239102667e-09,471.15625,35.33986785540634,0.3046238034981887,0.08247695623300057,0.1462199876019611,257.0274353027344,86.65596008300781,2.8404067832569138,0.09927586093781035,-0.2173672654517194,0.858248496781686
-0.01438325905685292,-0.005285839868432035,-0.014961292955750327,0.021416314601701,1.0892767576820006e-08,497.25,33.785270624114894,0.2952073743708446,0.08263538674947583,0.14525045258669766,251.21728515625,83.49140930175781,1.6830796351165547,0.101307313919008,-0.18156326752777233,0.8599612929557504
-0.01420613087012669,-0.0046391713058933776,-0.01536224957062593,0.021432096877692288,3.2940108418699765e-09,533.599609375,22.911443367816165,0.25314269722587796,0.07340264361392634,0.13328878046871306,142.563720703125,85.906982421875,1.5393939845838505,0.06627493894888153,-0.08857327872812278,0.860362249570626
-0.015441793245153212,-0.004057987391764134,-0.012843167780239417,0.02049056365572104,3.3302689494973947e-09,422.7958984375,42.7160035727273,0.33739915621588035,0.09549585447391426,0.14585676776230028,242.45375061035156,27.67719268798828,2.4533626872437324,0.17993791824953664,-0.24268986098127449,0.8578431677802395
-0.014659150858881606,-0.0046474578072095984,-0.01353943974833971,0.02048916778866736,1.2475622757079918e-09,512.5234375,11.068871309396135,0.259476711711472,0.04395840111548044,0.15282055460860156,194.74856567382812,145.82154846191406,0.7252555248470701,0.0009162822036918507,-0.15874115719230172,0.8585394397483398
-0.014889926924937152,-0.004985905666182788,-0.013664921133930474,0.020815841293077293,6.070760036891443e-07,363.3125,46.273209507422266,0.3839866491619669,0.08400384620578924,0.17102585168735485,308.48968505859375,113.89119720458984,2.9450852842599877,0.09174746843215371,-0.35429614209485083,0.8586649211339306
-0.014907162085013775,-0.004574183379482011,-0.013617272111892231,0.020702094937163237,1.8055130723837465e-09,548.27734375,40.66137981773665,0.3018645039706193,0.0970842168251591,0.1293915949963793,224.47076416015625,16.443439483642578,-2.34780536882418,0.15837264805504103,-0.20436784027741142,0.8586172721118923
-0.015266710071513145,-0.004165966381560776,-0.012700846615027794,0.020291358186144134,4.27632649291354e-08,512.029296875,33.04061657243047,0.28864277789520565,0.08771234585759312,0.14057682167539454,229.15316772460938,57.663490295410156,-1.3909838632439264,0.10128020990805987,-0.1998887448369027,0.8577008466150279
-0.015184591165646244,-0.004676754291694493,-0.012766503758828707,0.020382037626225997,2.14101891771179e-09,389.607421875,26.050007410590474,0.2916926106666492,0.07504884759081168,0.1574093899656247,170.66421508789062,79.55195617675781,-0.16053101641231846,0.13912257280034057,-0.09537648376696183,0.8577665037588288
-0.014913277467950917,-0.004795399151796581,-0.013882582294963974,0.020931502312007876,2.373872209915362e-09,538.46484375,30.870033189847184,0.2799479103354045,0.08035649556864367,0.13870402411904925,245.08787536621094,88.11250305175781,1.6790509844593298,0.06728584662536705,-0.18656544198714853,0.8588825822949641
-0.014701763171381721,-0.004702347646502347,-0.013891874059819065,0.02076627262244806,4.86734597071603e-10,543.5595703125,36.54148372147778,0.28912413889547983,0.09488956444793557,0.1326326472259649,189.852783203125,22.469711303710938,-0.2981918120745886,0.14944952032614336,-0.13030599467200418,0.8588918740598191
-0.014703179605091085,-0.00477082818369412,-0.014013038707729963,0.020864073089457744,9.264861766666854e-09,492.9765625,35.48764306436223,0.305434398873312,0.0780718798967642,0.1458630480017501,270.5677795410156,109.16424560546875,2.7245670507257644,0.06446180386148827,-0.25479826470456146,0.85901303870773
-0.014714250273693913,-0.004445023007366378,-0.01349897815984169,0.020457023293060032,9.53857526297952e-09,489.90625,33.073486471500004,0.3040771337255701,0.07370523717465943,0.15314255577755675,267.569580078125,122.28824615478516,2.9201858482439547,0.03093212868406199,-0.2654557013525739,0.8584989781598418
-0.014828791159771343,-0.003999842367757217,-0.01258329105182221,0.019855251192616205,6.44219122492018e-09,481.26171875,27.064200723895134,0.28815173287929896,0.0666849475923223,0.1524138460852852,242.9587860107422,124.5333251953125,2.3103797429266453,0.025503434743743683,-0.23912632580860846,0.8575832910518223
-0.01478834169809929,-0.004003616713913638,-0.013141939132135239,0.02018500832609237,4.045612456149428e-10,503.7734375,39.796781520947754,0.3267541351937785,0.08192010088751246,0.14897355871894546,298.03167724609375,114.61011505126953,2.362858828666317,0.025369449861599204,-0.34504266700475955,0.8581419391321353
-0.01585112031713526,-0.003894155048075054,-0.011670609357443018,0.020065532178857932,2.605054660875794e-08,277.623046875,34.92826193207002,0.3539033127476032,0.08012853467003565,0.18655756190800543,214.52407836914062,73.50796508789062,-0.36924317912238314,0.1948768045996136,-0.194441735718729,0.8566706093574431
-0.014708590388834583,-0.004405198411369715,-0.013475104838799878,0.020428579360462128,1.623356027380396e-08,511.8125,32.90334865612307,0.29704129544161695,0.07151581206009422,0.14759068757437221,266.67462158203125,129.43641662597656,2.684557084190449,0.024051538408748616,-0.26052975190792244,0.8584751048388
-0.01475153648587043,-0.004581001250788086,-0.013579333638007118,0.020566762098249695,1.51080037369411e-08,520.15625,20.361476746685096,0.26065890957366716,0.06770453798599675,0.1425801275153975,209.03829956054688,104.03660583496094,-2.9792888862966858,0.047251670933875105,-0.18051973229893845,0.8585793336380072
-0.015413729642443308,-0.004505523357169708,-0.012173720504688235,0.020151483149847906,3.2415830020227077e-08,337.37109375,25.323309126353774,0.31027769658400334,0.07269485383381846,0.17594722699838727,175.84637451171875,84.56190490722656,0.9511464266235781,0.12729123508153453,-0.12121135561799341,0.8571737205046883
-0.01532305957563096,-0.003908139275205391,-0.012634423811974882,0.02024100719858912,1.0465535105197432e-08,441.5859375,36.20848066427415,0.3135135447894065,0.08481665730743908,0.15082946410190978,252.97889709472656,75.63035583496094,-1.8030506847443473,0.11915402761085662,-0.24464759617345136,0.857634423811975
-0.015030732032949454,-0.004457797480732606,-0.013156588887660026,0.02046681936658596,7.547302338650752e-09,466.95703125,29.5569416142496,0.2855791746851097,0.08258219406049556,0.14720004219698302,211.59457397460938,68.08030700683594,-2.009372601625827,0.10510727055994236,-0.18741864396065547,0.8581565888876601
-0.015203206685461448,-0.004753391724759817,-0.01217051795196511,0.020046289772149353,3.1181524029477714e-09,397.138671875,17.796381308790163,0.28487600262142676,0.06382403157836938,0.16598418702903273,152.86151123046875,102.80491638183594,-2.495498384934758,0.09100964843290522,-0.09148976128338944,0.8571705179519652
-0.015560324048915303,-0.004607890093478936,-0.01275693089090879,0.020642083745984953,3.6829730376553016e-09,378.7333984375,37.963798464446604,0.32250663834481436,0.09184671809621982,0.15184374403487222,159.83746337890625,31.97183609008789,0.31026353759988745,0.1970339959051424,-0.08780915269118776,0.8577569308909089
-0.014713624540629293,-0.0047071913208239224,-0.013930900218739994,0.020801884005011147,1.3610905735816914e-09,587.09765625,25.41998533496138,0.25301434162374026,0.07650052290023748,0.1291070464785602,218.30950927734375,87.533447265625,-2.0851615414523574,0.05830620365621122,-0.19754580388056853,0.8589309002187401
-0.015130259630628279,-0.004303783421147178,-0.013265400207604139,0.020577126886284807,6.965523713375887e-09,320.572265625,42.53517594246956,0.364398972541166,0.09239496028092894,0.16761438917300242,236.0394287109375,39.806480407714844,-0.31524640759161504,0.20742291296085985,-0.25742947971362734,0.8582654002076042
-0.014646976439352841,-0.004231532028251828,-0.01267450205744236,0.019826315455101304,2.438291790696212e-09,492.96875,18.03827698826855,0.2748961500486058,0.05311578570248208,0.157781345309446,220.0316925048828,141.8831024169922,0.9132612071206999,0.00399620119720712,-0.1812936126185615,0.8576745020574424
-0.01534988501873065,-0.0045917438386567505,-0.01220545474510426,0.020141405291162828,2.059000081544582e-08,508.20703125,22.82196227592221,0.26336857625682264,0.07779343021258363,0.14002391182965646,172.1692657470703,74.6419448852539,-0.8122066666348013,0.10037833086944316,-0.11354262490425955,0.8572054547451043
-0.015973493373158926,-0.004148727893905413,-0.012089340633295809,0.02045767803607922,4.586137691831027e-08,365.30859375,37.476188688485855,0.3340061022014205,0.0915313726004187,0.1610613359085803,202.2637939453125,36.20146942138672,2.6433704746166846,0.18730114957666566,-0.1601191305509264,0.8570893406332959
-0.01467320178382865,-0.004707632380352156,-0.013526746106631293,0.02050457298874466,5.1604884809819396e-09,506.25,1.1720377205279702,0.2578670352501595,0.03747302194117172,0.15555911330425387,162.3555450439453,149.4603729248047,-0.45467748458905305,0.0004485022660125886,-0.09438268203569242,0.8585267461066314
-0.014970541587954758,-0.004210010989877999,-0.013203046787799266,0.020400042952219317,3.2159170881840282e-09,504.5078125,37.654954825058,0.30745730106773994,0.08713522581534269,0.14186073085710837,267.25048828125,74.2232437133789,1.7224211583155276,0.09698472851103997,-0.2577646773220614,0.8582030467877994
-0.015420814657819984,-0.004108153557880245,-0.012247599754224958,0.020116713203345397,1.2426712991953082e-08,374.58203125,29.07949867529101,0.3078032572448476,0.07760205343602229,0.16586293036814803,209.55775451660156,80.04867553710938,2.2412004045132057,0.11558720466398,-0.19152434990886671,0.857247599754225
-0.015027133780607715,-0.004677319756512685,-0.013353794145853803,0.020640152321501525,1.2527557657904254e-08,404.3017578125,34.08293923020242,0.30355988632759084,0.08766884352771999,0.14989722720710774,162.3572998046875,46.28058624267578,0.3335908079482304,0.16462426520744952,-0.1200081170044157,0.8583537941458539
-0.015474496965575166,-0.0037407508998837657,-0.012079160212831175,0.019983978209551268,1.357155632319973e-08,400.291015625,34.15551376667814,0.31725545452420245,0.08500940495821112,0.16015267438287173,231.96200561523438,65.8757095336914,1.9416258636500494,0.11949260969764214,-0.2464426632328304,0.8570791602128313
-0.014747596627993485,-0.004606617614045017,-0.013095946854256635,0.02025379856109833,1.1766195129325752e-08,482.6953125,9.602536802473452,0.25963016230833275,0.051539920528974076,0.15312408819576528,171.35397338867188,126.05368041992188,-0.878384768800523,0.035834658158270936,-0.11057307974540556,0.8580959468542567
-0.015123555664796756,-0.004420616920025738,-0.013341327689223026,0.02064593941701498,3.623051192391813e-09,415.8740234375,41.61840221970459,0.33231609846219845,0.0951869798553193,0.14776038271689207,226.56820678710938,25.803192138671875,-2.9893489743952686,0.1895714804391095,-0.20299533776458897,0.8583413276892231
-0.014725734287024558,-0.0046577924486981,-0.013450933113296593,0.020480963903234107,9.019142765964716e-09,482.60546875,4.38884795868688,0.26334365667423526,0.039092100066658565,0.1598647633057798,166.0193634033203,146.58273315429688,3.069799895064422,0.010553818866111394,-0.08609655114278508,0.8584509331132967
-0.01513917990349914,-0.004194453394079561,-0.013050909258362609,0.02042337973734104,2.5730628294695634e-08,440.677734375,36.885343925425325,0.31500456558284484,0.08842722130014502,0.15042516251293436,243.87103271484375,58.871734619140625,-0.7516969621023728,0.12898887416772986,-0.22970305943262048,0.8580509092583627
-0.016200864913003155,-0.003467097616126319,-0.011458187281383703,0.020143953077397414,1.3252630104432228e-08,375.115234375,38.6529483717417,0.33412976914786074,0.08904960081980916,0.15765781452420058,236.75119018554688,53.49152374267578,-0.1412068599852786,0.1627870045977597,-0.24171606459577144,0.8564581872813838
-0.014712227046693852,-0.004504710192225814,-0.012676550914578866,0.019935821570211835,1.2734621357424203e-08,504.2265625,8.139219907537976,0.25575025852805927,0.05275831051232375,0.14892822043947573,179.41085815429688,125.10736846923828,2.233483380198141,0.04436902824057744,-0.12673643868391885,0.857676550914579
-0.014762379557573965,-0.0046764567892637054,-0.013721569456351057,0.020690059609609502,1.7506305738379524e-08,376.869140625,26.027821573742962,0.2971523255377359,0.07617690219745235,0.1665656837722772,163.8155517578125,76.92123413085938,1.7491520609487385,0.11987758179625689,-0.13919186011263582,0.8587215694563511
-0.015404549953250746,-0.004063862700105503,-0.012975913781212212,0.020547249883255892,1.2120993098108102e-08,445.080078125,43.964368045230714,0.3335473104218431,0.09508665852313013,0.13792378655666504,257.1294860839844,34.67840576171875,2.415268780486762,0.17208579177462227,-0.24271537326951734,0.8579759137812123
-0.014709686359565755,-0.0051509992693464235,-0.015215082440379724,0.021780872341050844,1.2359094192504472e-08,521.390625,17.151249151757042,0.25891711152664754,0.04976750599535927,0.1476344716658553,205.95046997070312,140.74903869628906,1.628557339090362,0.01774968588228819,-0.15049150122466745,0.8602150824403798
-0.014728367260810445,-0.0046371575539030235,-0.013740397148918948,0.02066945926140916,1.3802202936119556e-08,538.765625,10.155305109462972,0.2535054111520593,0.04312832200661651,0.1474469159946329,192.056884765625,146.52662658691406,-1.1420311080658503,0.002785568028796006,-0.12134635080914911,0.858740397148919
-0.014969774585023493,-0.004287625169689585,-0.012751042616122588,0.02012627557498767,6.000414831675016e-09,408.12109375,25.4108826392032,0.29889430224669167,0.06951799970801674,0.1655178026991092,223.27854919433594,105.1151123046875,-0.6440712550080702,0.08070854172276852,-0.1885181828920911,0.8577510426161227
-0.014734467324515804,-0.004644559009526955,-0.013726519113470226,0.020666247426726153,7.987868144709864e-10,502.65234375,13.879485275894885,0.25637861988555416,0.058243115803158815,0.14748546466378065,185.28948974609375,116.32770538330078,-2.8045734457568465,0.045214741991017715,-0.13462632198500624,0.8587265191134703
-0.016655996108168064,-0.0034850012507597894,-0.011481892256663073,0.02052806103524457,4.640732598204522e-08,315.4228515625,43.55240112118712,0.3737027659283835,0.09442585331617723,0.1659933796188705,232.77444458007812,29.818660736083984,-0.1808768498196128,0.2306556528838045,-0.21014444062413082,0.8564818922566632
-0.01565817583125234,-0.00493491701452782,-0.01188017900282512,0.020265007511517434,2.8725191114631343e-08,420.0859375,26.763249677596054,0.29258029312425415,0.08056847946806557,0.15709467638172947,136.01930236816406,68.65434265136719,-2.3270741733204434,0.12956012152755467,-0.09251883169954946,0.8568801790028252
-0.014955879970614191,-0.0038865230115434635,-0.012790352536492744,0.020059325133773617,1.810688932124549e-09,478.52734375,36.14103851338652,0.3174498963787839,0.07891803037272355,0.15348066053697063,277.68438720703125,112.078857421875,1.7616673452344596,0.06317274789419366,-0.2533478858969741,0.8577903525364928
-0.01516187276932321,-0.004254562718800536,-0.013339538323331124,0.02063799826729743,1.8259340706094918e-08,427.701171875,48.15979017637433,0.38088263067928513,0.09759574419641368,0.15351057755706132,302.4436340332031,36.71831512451172,-2.1255546391732274,0.16506634842074183,-0.3191645524074932,0.8583395383233312
-0.01492815989212326,-0.004302901214467109,-0.013245072142796022,0.020415603167531722,3.694683226029838e-09,469.84765625,33.92411008857783,0.30170918282351683,0.0804051872293765,0.14752771796901243,253.9073486328125,91.37865447998047,2.880049473505312,0.08810148101670069,-0.22308046372028087,0.8582450721427961
-0.014722183672440513,-0.004630246520230197,-0.01359731337024439,0.020568636459712266,6.23154416956595e-10,545.8359375,13.712563483086619,0.24928985406603665,0.057798753000838816,0.1414332744884652,197.1234588623047,120.67279052734375,0.346246973895996,0.009696818440655862,-0.1775916448818664,0.8585973133702445
-0.01605944181247082,-0.0036873128112420717,-0.012058166114758073,0.020418161453646746,1.4736018627559133e-08,309.97265625,41.43133252206182,0.36358739609329416,0.08979654071169821,0.16934954168016458,237.60577392578125,50.7546272277832,-2.3495325409696006,0.20456876845349514,-0.20946953147226716,0.8570581661147582
-0.015052961491867772,-0.004362808319280598,-0.013137063089981416,0.0204501386972458,3.1733753402818365e-09,410.646484375,31.25662229550738,0.30440848496779804,0.08223437004711769,0.15813543921318407,218.9160614013672,70.59613800048828,-1.678562767054488,0.1165296200152132,-0.20486456050247845,0.8581370630899815
-0.014858212642062774,-0.0043968575758120965,-0.013481139219462035,0.020538742758826493,1.4171094298021103e-09,399.44140625,37.01927607560901,0.32939284409775915,0.08012210638564059,0.15989111903930142,263.22259521484375,96.86845397949219,-1.3765026204162347,0.10477274821938816,-0.25866684310852467,0.8584811392194621
-0.016443088536164163,-0.004132953951521634,-0.011638546131141125,0.020564829807713743,3.4140950067040876e-09,293.41015625,40.1853232482256,0.36139665288149514,0.09009944052585314,0.1732078393951484,209.22238159179688,42.34897232055664,-1.3159935168296324,0.2266431675185071,-0.14133475923173486,0.8566385461311412
-0.015221848399795679,-0.0039012742482465446,-0.012991657512211319,0.020388913025980338,5.126808755306911e-09,409.38671875,42.788656957225385,0.3613296746765986,0.08606417130563179,0.16239187143932254,298.5347900390625,97.12372589111328,1.6821338154616807,0.11177272205487145,-0.3049435285855913,0.8579916575122114
-0.01487740825226129,-0.003941936815089253,-0.012998095673615984,0.020145139197808557,1.98910079518555e-08,425.640625,40.09776633311249,0.35123113094289937,0.08123047423212695,0.16449014231986958,294.7463684082031,115.3283462524414,0.3318251879897525,0.06641327270670268,-0.31399959196450367,0.8579980956736161
-0.014744586676083693,-0.004403204099349356,-0.01334464679050662,0.020368373537237833,1.3800240949990439e-09,511.83203125,27.25659820959606,0.28229737516296444,0.06662998840095043,0.1486338102551319,245.6980743408203,127.27719116210938,0.2572282805429457,0.03492135435370841,-0.21711029142345362,0.8583446467905067
-0.015079708745896564,-0.00396216114730466,-0.012873979673775016,0.020219685691401142,1.3627470263344321e-09,538.82421875,38.871842690333835,0.30636522653614634,0.08856350636258566,0.13712063566334798,276.1824035644531,73.34782409667969,-0.3771878029455791,0.09351600296160273,-0.2460843446967713,0.8578739796737751
-0.014735083779819344,-0.004660755313028786,-0.013868226469888056,0.020764706583680032,9.051880772714682e-11,600.810546875,27.820649843422967,0.2549114080338736,0.08388570231492083,0.12702047297597152,203.8717041015625,64.07170104980469,-0.6873973705485814,0.0816790530137478,-0.14177083892397876,0.8588682264698881
-0.01478551093787784,-0.00412752101272762,-0.013139238283299215,0.02020612149992989,5.39240438968136e-08,431.65625,34.708892037829145,0.33251427998468186,0.07265797740000869,0.16908939300765757,276.0599670410156,132.32278442382812,-2.264203103461514,0.02911199953787231,-0.30393429201072164,0.8581392382832993
-0.014976705355317338,-0.004089213770704814,-0.012824748034768296,0.020136969352854618,1.6485095954976714e-08,429.046875,32.36457071016562,0.31056341907984897,0.07503725352168235,0.15901301483703978,252.41665649414062,106.88339233398438,-0.7727340993005574,0.08362090285977887,-0.24114235397400693,0.8578247480347684
-0.01493609341322702,-0.004194286325806124,-0.013052356005091026,0.02027419348618148,1.8926764155935416e-08,439.546875,33.22291366450826,0.30799760447680496,0.07697468618754483,0.1541308993253977,253.39613342285156,101.47229766845703,-2.75806627714505,0.0794214099725007,-0.24935571419162503,0.8580523560050911
-0.01481052895884881,-0.00459353654428217,-0.013219918482980986,0.020376913179410105,5.422454929515652e-09,446.64453125,14.459209448302449,0.2694913682742332,0.057722818564371434,0.15737181507633746,178.11727905273438,115.53594970703125,1.8477140759772601,0.06268006508928856,-0.10935520614424103,0.8582199184829811
-0.015545989971097338,-0.0038572193063191873,-0.011779979581429068,0.019882752925522818,8.56521680248079e-08,409.84375,28.752443626116847,0.2996601959582575,0.07887232913271786,0.15745748169481855,214.463623046875,78.55865478515625,0.5060101246493487,0.12355947176660696,-0.19030486458786075,0.8567799795814292
-0.01475315789521972,-0.0046427887794232015,-0.013779333967162577,0.020714275273593867,5.747101683439837e-10,586.16796875,32.28283476654418,0.2695724917234306,0.08658241392854014,0.1281931871224825,230.08609008789062,62.25916290283203,-1.0165491022470683,0.08859246693035834,-0.15900439583200962,0.8587793339671627
-0.01480177177885024,-0.004527511221454811,-0.013638713390171309,0.020630203794262548,1.963709017616111e-08,442.32421875,32.11595159641799,0.30901430682565856,0.0749717603895856,0.15854435017929758,254.9552764892578,108.65160369873047,-1.4756393479996317,0.08008659961581557,-0.23515297649052794,0.8586387133901714
-0.014722936240829772,-0.004712501997735208,-0.013905080849874407,0.020792397650866073,1.6767915056448146e-08,472.578125,40.171587290450894,0.33404434746686107,0.07919362289417103,0.15429468673694846,296.73077392578125,126.16136169433594,1.041003211943178,0.015776963223168537,-0.3341892942968154,0.8589050808498745
-0.015144303384322322,-0.004652868023735851,-0.013273934006142851,0.02066873072644123,9.202842043976034e-09,443.2216796875,35.23158168174633,0.3019396315761345,0.09141973926288402,0.14519449867312972,165.51666259765625,34.135929107666016,2.8653154943229358,0.15811870516181595,-0.13284755375354323,0.8582739340061429
-0.014800573291020837,-0.004436910732495497,-0.013273020393973933,0.020369492310066566,4.531773623028812e-09,489.33203125,22.534899546400258,0.27320686029928015,0.06680285990111445,0.1507708634999897,221.71600341796875,111.72491455078125,0.9652178139138038,0.0446800423651555,-0.1960466497097725,0.858273020393974
-0.016673416626338478,-0.003196853284450518,-0.01164165431145947,0.020585208476604878,2.031776691335807e-10,350.2109375,46.94033776543882,0.38116242955987606,0.09730281084333231,0.15635277810338566,259.4717712402344,22.788705825805664,-2.6211540316660296,0.22395263284022568,-0.2510038201342608,0.8566416543114596
-0.015356156520988123,-0.004495471818849156,-0.013004626331627911,0.020618950409669816,1.0970405028842833e-08,420.5380859375,38.168112839146936,0.31701204253703735,0.0932289619159715,0.14820943127563713,198.38125610351562,29.61080551147461,-1.1979506710365124,0.15838264413934555,-0.17967035235930037,0.858004626331628
-0.014711143532969505,-0.004497468351387562,-0.01318225630698977,0.020258747418400152,1.3324231717959378e-09,489.19921875,15.71486705913752,0.2674499048446484,0.05417057986527549,0.15488566382547475,207.6053924560547,131.95159912109375,-0.5934364784985393,0.01608000603278014,-0.19177049273602362,0.8581822563069899
-0.015392921986328911,-0.004244367470398025,-0.0130871177431795,0.020645322795365167,9.447187032662896e-09,416.107421875,42.85230357038755,0.3417175056122487,0.09611602864125901,0.14888781962382291,239.0687713623047,24.393692016601562,-2.638468666753667,0.19266963340057033,-0.17995884696479067,0.8580871177431796
-0.014358006429176007,-0.00517068442056301,-0.01448216760866572,0.021038571829922276,1.8319884498296801e-09,526.447265625,43.08635998254689,0.31250926230748727,0.09628789891535498,0.12909274936707982,253.86573791503906,27.264129638671875,-1.7053840002140686,0.1379548237984391,-0.273819190188424,0.8594821676086658
-0.014704290200993224,-0.004583899340012826,-0.013411153214387128,0.020422715637597306,5.628341348540289e-09,516.53125,11.914086209911233,0.25753866644669504,0.050647743199563694,0.1499243933589116,197.12393188476562,134.34158325195312,-1.340434676306693,0.01211474154905099,-0.15246916262621996,0.8584111532143872
-0.014742639971337672,-0.004693006204628161,-0.013135487862381834,0.020295585282123354,8.786728677989686e-09,502.0546875,7.915786185395143,0.25481137970555684,0.053495815558534984,0.14943687985923826,166.08721923828125,122.54701232910156,0.9504080926182444,0.03300277182640537,-0.0969543850816967,0.8581354878623819
-0.01489366527284143,-0.004476035084596125,-0.013345020985221612,0.020492577691300414,2.2186004144941762e-08,460.4296875,29.462407427583173,0.2860087245529005,0.07874910482902717,0.14656404493153197,221.76783752441406,81.44723510742188,-0.4816566531106652,0.10168773024331985,-0.19218276752357527,0.8583450209852217
-0.014731528201240539,-0.004513959892819996,-0.013455325765799997,0.020455794986304836,8.301984100178572e-10,567.27734375,23.983306572595396,0.2621890782686184,0.061684272334869276,0.13775345539256623,234.41632080078125,133.27713012695312,-2.6377646447343697,0.018207413263706264,-0.18644467652429283,0.8584553257658001
-0.014714052650170721,-0.004786920678451254,-0.013832872407210317,0.020754910599854213,7.203302843095116e-09,566.09765625,9.304929449054232,0.2403602517043271,0.05381404991888039,0.13686000653606933,155.9326629638672,122.92516326904297,-0.799921502996973,0.021505429140819328,-0.10456559249016627,0.8588328724072104
-0.013711765955121719,-0.004823546914048543,-0.014622382009950918,0.020617788098751002,4.566323696053587e-06,413.01708984375,48.06165362103758,0.34882008494946165,0.09853258121348535,0.14147087474221343,248.0440216064453,12.919340133666992,0.5648080182320696,0.19855159731759672,-0.22885092559054074,0.859622382009951
-0.015007083991168853,-0.004482413916406011,-0.011716739433710877,0.019559820740320248,6.262727936245938e-08,417.9609375,9.586633044574219,0.2793622821062216,0.05649844522183031,0.1692491947958732,176.640869140625,117.11373901367188,-2.929078497379965,0.05816409505063212,-0.11628709006887199,0.856716739433711
-0.015765808446934176,-0.0036267825755282312,-0.012815365743519491,0.020638504475270224,5.034482608579083e-09,319.39453125,51.98528765806063,0.4248880737688928,0.09902244819780097,0.16143207727935593,294.68927001953125,22.8290958404541,3.07790951064369,0.2201699205168685,-0.3556208667092919,0.8578153657435196
-0.014673632184209418,-0.004720989648960561,-0.013943461815506764,0.020785171448500357,2.3236566448758822e-08,473.38671875,28.190487164999194,0.2863949828543522,0.06934969940685438,0.15029082606716393,239.4480743408203,115.11871337890625,-1.0614899352116123,0.0482574228506506,-0.219956314379777,0.8589434618155068
-0.015873351093152605,-0.003472750788398843,-0.01205173801780246,0.02023036485618979,2.4133631981726467e-08,377.640625,41.28622511543076,0.3533329667403542,0.09230602596031752,0.16281833159362968,255.61328125,47.300819396972656,1.1739922336430935,0.16664315630428722,-0.23922720762228417,0.8570517380178025
-0.01551088416332555,-0.004012066168252226,-0.012785478767184832,0.020497625954550725,9.687799895630178e-09,421.021484375,43.579924009211595,0.3477000155933434,0.09696107683567144,0.15044320715733173,247.37567138671875,21.57539176940918,1.6813981827942894,0.1897143493233037,-0.24250986751755552,0.8577854787671849
-0.015141537333913463,-0.004475950517694366,-0.012836144551296336,0.020348633684179347,1.7688831732698418e-08,535.568359375,25.839660378376916,0.26580522000385687,0.08164045356699867,0.13715209754898539,199.53323364257812,69.0150375366211,-1.3627633032758115,0.09335618568494829,-0.12777748303592168,0.8578361445512964
-0.01490176454462755,-0.004701312767983773,-0.013238120544772913,0.020479569425255615,1.4298437100990213e-08,374.8203125,20.937297580169876,0.29411785724290374,0.06876240544998491,0.17150835250832885,172.89552307128906,93.0339126586914,-2.774286234274586,0.10940077095159698,-0.13010630036468346,0.858238120544773
-0.015273681250101534,-0.0036567320125211467,-0.012617747753254416,0.020146081164977396,7.03796985135341e-08,391.1484375,41.70146016150185,0.3496383648040252,0.0900442781481302,0.15804255471473905,270.347412109375,62.28306198120117,2.6636846734334423,0.12792321079276153,-0.30139052926513016,0.8576177477532545
-0.016205144937713856,-0.0035263154574782796,-0.011627010396762838,0.02025411054389687,5.6153755423338225e-08,382.45703125,39.38644060045078,0.3374881003781453,0.09175591363990036,0.15652934431017418,232.33154296875,41.53599166870117,-1.9731065246000195,0.16877224518967265,-0.22766314729676246,0.8566270103967629
-0.01533898356715628,-0.0034363706183576648,-0.012310020907756902,0.019965712475381748,8.166985310253949e-08,353.45703125,40.007311577783234,0.3609531839828875,0.08367722937002506,0.1725031838453942,274.4100341796875,90.70066833496094,1.8596442599784293,0.1245596085558249,-0.28124300601129903,0.857310020907757
-0.014813653745534908,-0.004477915670560467,-0.013459509972211459,0.020509862864907486,1.2413383387865906e-07,385.2578125,30.558120906546012,0.3090282066612209,0.07404662302542346,0.16531206398276443,229.31951904296875,96.52132415771484,-1.100455907175664,0.10425711237730868,-0.20271188441324825,0.8584595099722115
-0.014981798339424424,-0.004514698957701291,-0.013002407479434819,0.020344517404527248,1.3914152496852239e-08,438.50390625,21.24941261845355,0.27782260728650016,0.07095185661832792,0.1567832395266281,190.16055297851562,91.60284423828125,-1.4732150492197615,0.08779084120095886,-0.16105016357824312,0.8580024074794349
-0.015119319641676343,-0.00436757536849397,-0.01278201473769458,0.020274354287653572,4.348749804705676e-09,400.59375,26.70722170175837,0.2939550017756696,0.07433150968342331,0.1590526384641089,204.1422119140625,86.85052490234375,-2.2496808788423794,0.11317262776200572,-0.1755868340801707,0.8577820147376947
-0.014841554605306922,-0.004508493369145494,-0.013688096439329556,0.02068724823881423,2.243400665236095e-08,498.638671875,46.078438367599986,0.34374594978844736,0.09711018198455657,0.13821842275668683,287.4586181640625,34.29948806762695,2.575610373920037,0.15314651679860705,-0.2632383977321607,0.8586880964393296
-0.01473383953514723,-0.0046524716537177935,-0.013842702505701077,0.020744925466182278,1.7043446653985939e-09,505.828125,43.750555883226184,0.3245654851767728,0.0950428345941221,0.13398106856882508,273.0877685546875,40.48269271850586,2.8934164713240276,0.13841844030998632,-0.2750959033277733,0.8588427025057012
-0.015143597120508084,-0.004423641269756001,-0.013277908995330323,0.020620378345705084,4.0761313768733487e-10,445.388671875,40.0100879270501,0.31574036188197563,0.09362441521314074,0.13982999273962238,222.89820861816406,31.990421295166016,0.12382184329545037,0.16354103687402954,-0.19867783157404625,0.8582779089953304
-0.015419559246862308,-0.004178174715799204,-0.012726533691139297,0.020425097579080113,1.07153717010533e-07,399.14453125,36.62643893187437,0.3170105447727786,0.08767705137070647,0.15250088963208797,224.78500366210938,54.98493194580078,1.1070246760820344,0.14118659757972707,-0.20910556947967593,0.8577265336911394
-0.015195091082135903,-0.004134771261869341,-0.01330808019467411,0.020617762362833265,7.522657341496597e-08,365.5224609375,51.484076425846766,0.4137280733585122,0.09981111284318224,0.15637651844534617,301.71514892578125,20.141422271728516,-1.052473670149412,0.21344971681201966,-0.33467319759974395,0.8583080801946742
-0.01478484065413864,-0.0046359665579700365,-0.013628252775105487,0.020635236194360793,1.6836194660641013e-08,417.02734375,20.165012724518014,0.2786600174614477,0.06713744443453916,0.16027008872177306,172.21221923828125,96.81355285644531,1.9135548696262785,0.09382471472986763,-0.12214471774100276,0.8586282527751056
-0.015523279186644007,-0.004371684749163773,-0.012685970145211556,0.020518714939726734,7.025323434106667e-09,417.25,36.91582954371891,0.31650916403877266,0.09136779427604491,0.15095440679124994,209.59506225585938,38.774925231933594,-1.6253267414641246,0.17355106609417054,-0.14300435316795854,0.8576859701452116
-0.015169911751305748,-0.004257582308205166,-0.013162303323379199,0.020530451978224565,2.8535028562259868e-08,427.75,40.293439556417894,0.3200231641248999,0.09155503171009073,0.14331865054936588,238.468017578125,44.447959899902344,-0.7501708992563882,0.15173870557574035,-0.25083626505398615,0.8581623033233793
-0.014670149698565567,-0.004524727545242052,-0.012997076191993306,0.02011493079971877,2.7919455192204623e-08,522.55078125,10.240005861968054,0.25836792711907736,0.042610744037367206,0.15143742697053442,193.91009521484375,148.30874633789062,-0.1884262963637454,0.0026851113561552134,-0.13291093863171805,0.8579970761919934
-0.015806678754201525,-0.0043271061130140676,-0.011917454037524089,0.02026328332941897,4.293015990697313e-06,414.78515625,45.49040561437986,0.33444825729161143,0.0977249948267317,0.14187511717952228,215.22096252441406,11.110264778137207,1.3516782244094248,0.2123049686746834,-0.13265689459844063,0.8569174540375242
-0.014889248620357239,-0.004628777615124646,-0.012359430693336115,0.019896503053362612,5.758048260418036e-09,448.796875,9.11261200126734,0.26840548002872755,0.05621551145632682,0.16157086503009277,162.28744506835938,117.23633575439453,0.8176892810259566,0.03364607244315148,-0.11708727137205058,0.8573594306933362
-0.014869113381580396,-0.004495769118433662,-0.013550722410325622,0.02061369812921146,7.140882019029959e-08,375.91015625,34.46488407371082,0.3217706936286331,0.08211021924761884,0.16273551888471172,234.109375,75.75871276855469,-2.6448105292760933,0.1374206155971638,-0.22150451326118836,0.8585507224103257
-0.01564128911407675,-0.0045741207220157815,-0.012858878470215829,0.020758691216969587,1.0716326714899083e-09,342.8037109375,41.62529509842538,0.34955653330245545,0.09522847937349341,0.15889611666003867,180.31173706054688,18.76749610900879,-2.9673208300755003,0.22795440925659663,-0.10200766691276635,0.8578588784702159
-0.014855167786587964,-0.004778325979910181,-0.01404556355408404,0.020994910447291248,1.1697304813651499e-07,416.83203125,33.18137560515138,0.2997002740075347,0.08634125245689411,0.15071926881735398,191.20912170410156,52.732913970947266,-0.00496752833920349,0.15273255163820945,-0.13873394708528194,0.8590455635540841
-0.015435160343665516,-0.004667964570979205,-0.012443291161541636,0.020368347085649385,1.989865161533544e-08,421.203125,27.41719278429279,0.2907730008415675,0.08179775169010188,0.15514545521327916,163.86883544921875,63.72991943359375,-2.2068705809499423,0.1257375890428516,-0.08408697551533295,0.8574432911615417
-0.015478626386456723,-0.0031028732734451614,-0.012226156932606536,0.01996733859840358,2.9518398392269773e-08,256.16796875,46.987025317368065,0.4403777500879783,0.08877658990062927,0.19609331354541337,295.4696044921875,80.43147277832031,-1.2446767133997625,0.16755308486002335,-0.40703383987214364,0.8572261569326066
-0.014603639919127508,-0.004016887402008895,-0.013123227043405294,0.020040478320656828,8.025864417504636e-09,511.375,38.566064962503376,0.3241231838925459,0.07373495427697066,0.15146497729247255,294.04302978515625,148.40257263183594,2.4563839632482782,0.007277102116707606,-0.3014937457378058,0.8581232270434054
-0.014757554224374567,-0.004714664992957349,-0.013987746768686415,0.020872722207370808,2.9350669450423084e-08,440.9765625,14.283313902944924,0.27150856392361333,0.052887191837249846,0.16243940868968465,143.26193237304688,124.93333435058594,-2.148826134449797,0.03990773924081002,-0.08792130709855565,0.8589877467686865
-0.014724570832401272,-0.00480680232957012,-0.013884869221875817,0.020801632823952965,2.401352006131674e-08,396.37890625,8.512229191393589,0.2895842807008955,0.03798168713576887,0.18270495192905345,165.02923583984375,146.90699768066406,1.672272373251741,0.03861622696202959,-0.10731703498880019,0.8588848692218759
-0.015263999517431015,-0.004299081458875198,-0.013123850967256212,0.020584150380060152,2.1825365126293406e-10,435.2890625,41.83259004195838,0.33066190216020935,0.09581179747960893,0.1453152253588733,232.23516845703125,23.90386199951172,-1.7719557573760554,0.17132604191063264,-0.2342180491094124,0.8581238509672563
-0.015507773053230228,-0.004308053824748859,-0.012714374162885123,0.020511110725196423,8.323907785268148e-09,359.05859375,37.24648519318035,0.3283101055358773,0.0894272350167615,0.15801730622028431,202.31808471679688,43.68620681762695,2.2400241581546227,0.18244052073328498,-0.1982213814029515,0.8577143741628852
-0.01485097010278591,-0.004139104240253544,-0.013305268006721382,0.0203645194796295,2.1555157658781354e-09,453.796875,43.624721893518824,0.3486373844542927,0.08743909745431924,0.15026135478590186,303.4512939453125,94.04769134521484,-0.28806176872478956,0.07441618901123809,-0.33498797556159676,0.8583052680067215
-0.015850597265935074,-0.004543260885904413,-0.012234343525980407,0.02053197055024081,5.120831314542329e-09,379.9609375,35.62270630384078,0.31835309499421804,0.08982556063905864,0.15524875085835788,173.9464874267578,39.4501953125,-0.7155626704034056,0.183044148973151,-0.12366271256222285,0.8572343435259805
-0.015840412623783745,-0.003893468490815094,-0.012224859531257293,0.020384429340544945,2.970322654505253e-08,349.849609375,38.29952679911611,0.33744675609923175,0.08885816693184506,0.16169320086183603,222.90228271484375,49.8835334777832,0.9114380843979096,0.17631840460986256,-0.21675237369625952,0.8572248595312574
-0.014673300022872086,-0.004756617471379218,-0.013278758110722544,0.020353293598170487,9.839902226360664e-09,476.390625,5.36596427493628,0.2657332905414137,0.04044807591953206,0.1612733911303278,148.35482788085938,145.6523895263672,-1.07187266066416,0.02075044169105931,-0.09981866759983836,0.8582787581107226
-0.014725495262747891,-0.00457466882622265,-0.01375091855881927,0.020660483218310845,1.763074486405003e-08,468.3046875,39.665247946270306,0.3278167283602959,0.08276964277364889,0.15088385357287604,288.37042236328125,103.77167510986328,0.1331558511739175,0.05059827948593797,-0.3278463400406714,0.8587509185588194
-0.015076956891104693,-0.004535034292508955,-0.012789307563657037,0.020284170012309515,3.888135680085725e-08,428.517578125,22.40849140485304,0.28084771230752276,0.07317621008642171,0.15745029237065822,183.0370635986328,85.40838623046875,-1.860298379448562,0.1047224016580762,-0.15044741110837537,0.8577893075636571
-0.014742109128938877,-0.00435097548827118,-0.013429205981139947,0.020410887843329218,1.0422986029823278e-08,523.546875,34.228235217083075,0.29575515103651717,0.07238147166810846,0.14368158131659503,270.2317810058594,130.09628295898438,2.5731837203583185,0.016102221412275228,-0.2519230350909955,0.85842920598114
-0.014696627090572664,-0.00469332109352312,-0.013886856484622512,0.02075723714155537,4.4950740352156515e-10,500.8203125,20.012108548684907,0.25781158428068796,0.06956039466024287,0.14070355004940083,174.75022888183594,93.00370788574219,1.6975142819849747,0.06792037962319863,-0.11363825684813524,0.8588868564846226
-0.014693506819790259,-0.004480712478265869,-0.013324772792230544,0.02033532632983001,3.303194606729676e-09,507.30859375,18.543487626260312,0.273678282228649,0.05060244209151486,0.15532535231368205,221.16246032714844,148.24966430664062,2.98862625773052,0.01287879732683199,-0.18258261427983608,0.8583247727922306
-0.014714857436688863,-0.0046593260951092175,-0.013988885594462874,0.02083087298260959,8.360767189685703e-09,469.90234375,13.747389359043353,0.2630767381926316,0.05565000541796516,0.15363651382421684,179.5294189453125,119.71297454833984,3.091817921900687,0.046844358391620586,-0.11942267222037165,0.858988885594463
-0.014676607189568988,-0.004278299011166609,-0.013218558387497081,0.020209822534340244,8.847771404418836e-09,477.578125,29.598624244102904,0.30213784809595373,0.06166047489012714,0.15976286442605614,254.82809448242188,150.45054626464844,1.9042820300497854,0.01085696278642131,-0.24434309989060957,0.8582185583874972
-0.015552820894622954,-0.004002654469477951,-0.012744924742703834,0.020502306877018414,9.937075162724796e-09,448.4638671875,43.071945032234396,0.33253647664011243,0.09574174824996903,0.1406983512431329,248.73138427734375,28.429344177246094,-2.7558233382005746,0.17552109347713585,-0.23811609305462964,0.8577449247427039
-0.015396411187570958,-0.0042647145884251725,-0.01259894731869271,0.020346270948669705,4.4789594255689735e-08,400.162109375,32.519109215796874,0.30778868537010823,0.08394980008795286,0.15468584813457176,212.60455322265625,63.68804931640625,-2.5810991702398476,0.14655312638110218,-0.1610718327643775,0.8575989473186928
-0.014787625360210006,-0.00439422565023484,-0.013432565012963193,0.020455241032229145,1.957273509933799e-10,501.58203125,34.20721969181408,0.3021235903663208,0.07536958061036461,0.14742226506805844,269.3084716796875,118.71835327148438,0.32482846790335757,0.04301383282714797,-0.2447246927530051,0.8584325650129633
-0.014780170189561355,-0.004008172838704582,-0.012767711710200635,0.0199382382033148,2.8814299835033808e-09,449.5859375,30.01472912231716,0.30887631748006933,0.06684314255220969,0.16373815255375357,256.0146179199219,134.36740112304688,1.7999683084216853,0.038570742037323004,-0.2608095746179371,0.8577677117102007
-0.014848257382637786,-0.004389346530001781,-0.013296152392394456,0.020408938696151572,2.440027202510464e-08,513.0078125,28.361370757157616,0.27570768239092897,0.07437631381331455,0.14000303128821345,235.57730102539062,99.49178314208984,-2.0826544938128575,0.05852122906662219,-0.21667182162551857,0.8582961523923945
-0.014965422867203482,-0.004718299468536774,-0.013461533545159998,0.020674600766556032,4.4403369869883136e-10,419.9375,33.52620971402001,0.2985892179224573,0.08760042854633705,0.14811324647888913,162.79766845703125,46.83427047729492,-0.8200452275943027,0.1536593372839756,-0.11952672526964492,0.8584615335451601
-0.014992583831187664,-0.004090268729624091,-0.012885467892983504,0.020187698012325207,1.8774575494262535e-07,339.8828125,35.59847911823716,0.34977183989878696,0.0769389078558669,0.18134031382284632,258.1866455078125,103.88020324707031,-0.5904815677386435,0.11209159578046904,-0.2642484965140183,0.8578854678929836
-0.016357802052739318,-0.0029177254888888005,-0.011602367204403996,0.02026587611653993,1.3162996026494511e-08,333.0,46.35475064724145,0.38701562391751704,0.09535568446767764,0.16410430614521077,268.3878479003906,36.27550506591797,-0.20500057937439184,0.20432358665410227,-0.2985223932852825,0.8566023672044041
-0.01583934726571004,-0.004863296658619093,-0.011407083247082173,0.020116116036634768,1.7367570492865525e-08,310.623046875,26.189728228647027,0.320829973612192,0.07240760746811703,0.18270423267060942,153.41644287109375,84.45791625976562,-0.7586316647687841,0.15166093812893938,-0.09185668643286271,0.8564070832470823
-0.015591637662566799,-0.004532752830238407,-0.012747624859663187,0.020643327076406762,6.647454586783397e-09,388.2568359375,35.84712632051137,0.31087710291789794,0.0888967320405783,0.14842289773118356,163.9767608642578,41.977142333984375,0.8969128718048741,0.180874200982242,-0.13647700719789838,0.8577476248596633
-0.01520904204281523,-0.004398324295441305,-0.012452895404863384,0.020142860284290763,8.56940918225746e-09,428.703125,22.940725819628263,0.2848849517549598,0.07399463202494219,0.15933440933429788,195.4071807861328,86.06350708007812,2.929366053758372,0.09026612422854965,-0.1207943447632744,0.8574528954048635
-0.014794552567650776,-0.004468090825221566,-0.013490729402048207,0.020514443718967844,3.1167635139439653e-09,508.9140625,31.237133180135267,0.28714072417780884,0.07788164652450198,0.14504841596958573,250.43548583984375,97.70860290527344,-1.3066931889593927,0.04768060262049495,-0.23349062973735082,0.8584907294020483
-0.014883193777786179,-0.0038781386973986975,-0.011925365330839544,0.019461853844312576,1.4715037188750557e-08,437.640625,21.55806801048541,0.2969497124721476,0.054196157695743895,0.17048497315978028,228.22222900390625,144.9510040283203,-1.5330375317873262,0.03574605406892822,-0.2047670268349959,0.8569253653308396
-0.014933011742775656,-0.0043396192317434745,-0.01330036730544315,0.02046281762725003,2.581479252583563e-09,416.34765625,33.64438681464853,0.30907023249745635,0.08091158288273366,0.1542674790438321,239.90521240234375,81.81085205078125,2.8096665018950224,0.10206766417356133,-0.25098223046825957,0.8583003673054432
-0.01496313070645719,-0.0045502324420895746,-0.013333579880786983,0.020551988912338726,7.541107294173344e-08,378.349609375,32.291318354023936,0.3099581210289628,0.08170801449466211,0.16094779392912673,210.10533142089844,69.24610137939453,0.2680186083204865,0.14488070530773045,-0.17307719494657992,0.8583335798807871
-0.014794499203019576,-0.004496530111650576,-0.01344878355679402,0.02049306636086021,5.758779675346659e-09,511.296875,25.7414334968641,0.2748104087465189,0.07095565077053141,0.14586730632200962,232.76348876953125,107.763427734375,-1.2235328893324646,0.052582751677543546,-0.17670627882467346,0.8584487835567941
-0.014790754876327611,-0.004295906110359071,-0.013480869983319987,0.020468392575573865,3.088007716200991e-08,445.1796875,43.60519536864265,0.35219878394585696,0.08707957206087696,0.15243587094730537,303.77642822265625,95.57855224609375,0.38238414890386957,0.09615883651065203,-0.33062477878762475,0.8584808699833201
-0.015671342146989675,-0.00348994522185031,-0.012572647826919248,0.02039220821096303,5.6683749249941684e-08,338.9521484375,49.5680436461183,0.41115255446414983,0.09820413357748338,0.16376357642653583,289.404052734375,26.480552673339844,0.5682040159535391,0.2026818331341342,-0.3416885266418452,0.8575726478269193
-0.01495953225683648,-0.004523264803713484,-0.013302751020938697,0.020523418685806948,1.6409174463660747e-07,351.41796875,27.444835030877623,0.30985828864001796,0.07276555050170748,0.17213163032654177,203.34539794921875,89.69580078125,-2.0007820378338756,0.12224893613388485,-0.16992892019446798,0.8583027510209388
-0.014905554130717688,-0.004365249920116665,-0.013275718489644706,0.020432220932270873,2.7542077507547447e-09,467.37109375,32.03647664393318,0.3024614022657415,0.07835067988289376,0.15308963370224027,252.88095092773438,97.18485260009766,-0.4195457183032034,0.08641858400389561,-0.2023729156494505,0.8582757184896448
-0.016145481072316364,-0.003080664856617621,-0.01128586221756811,0.01993834850255297,7.993226347480231e-08,359.66015625,39.34373219620986,0.3472570063450955,0.08804730686240286,0.1633766070738467,251.45916748046875,62.46826934814453,0.34355076713926763,0.15404449812772267,-0.2556222843371106,0.8562858622175682
-0.014722692330084265,-0.004454666589461254,-0.013062577873037662,0.020180006554973106,1.5096802030711842e-08,489.5703125,17.527691335036934,0.27158755660346146,0.052141819406056444,0.15684956986613763,214.01513671875,140.72779846191406,2.5210253974974695,0.0011952554616862406,-0.1582978417871784,0.8580625778730377
-0.01511569740933398,-0.0033667434070056568,-0.012509054693850441,0.019907177566719593,2.4125602848812377e-08,421.47265625,43.63911322151231,0.3631257114658577,0.08790536161963819,0.15894165708043573,303.8122863769531,91.09658813476562,0.8592354810803797,0.09096743969791139,-0.3458482980091135,0.8575090546938505
-0.01530981362174122,-0.004533484216972125,-0.01300748761456716,0.02059460138776923,8.145467633724479e-10,409.60546875,34.80918848944465,0.30580776407093657,0.08834646863443571,0.1482374149242066,189.83753967285156,46.04105758666992,-1.1174038601126093,0.1618407524602059,-0.12085304757843533,0.8580074876145672
-0.015347879635213946,-0.004086949604625162,-0.012732005071336538,0.020355945556625465,1.233792090715724e-08,411.9140625,37.281753006642504,0.3219520729518771,0.08817538632022275,0.15259059395945207,239.573974609375,57.85559844970703,-2.823079678032088,0.15352092726322858,-0.1901838253089053,0.8577320050713366
-0.016255100688301743,-0.0033969340465586917,-0.011626438757678548,0.020271693009947325,1.212810385453622e-08,378.03125,41.19645102147017,0.34451834850095975,0.0924197422225852,0.1534314696855955,242.2408447265625,41.620243072509766,-2.7496773307745417,0.17930002415771684,-0.22218768384493112,0.8566264387576786
-0.01477779345080444,-0.004179961759412598,-0.013220707424255629,0.0202643125810514,7.348679886831633e-09,447.3125,39.166604860708766,0.3426984816275413,0.07758936826636546,0.16130275681647188,293.6820373535156,130.58526611328125,-0.0711563495839707,0.03593383228336549,-0.30814558632795747,0.8582207074242557
-0.014749064564394803,-0.00440231997509144,-0.012326148092168698,0.01971926097696994,1.7890569026235426e-08,437.2578125,8.72859862417578,0.2800172851194104,0.04335674841804737,0.17177501463814937,190.0854949951172,144.1473846435547,-2.4731246665120654,0.014794853452440459,-0.13147050353310394,0.8573261480921688
-0.015022925242928906,-0.004710410599521028,-0.013070979024859763,0.020462813676008353,8.802797935025808e-10,418.98046875,23.355143006749817,0.283619926733314,0.07457921511632437,0.15775769516786353,151.4540252685547,81.27253723144531,-3.0357650784122745,0.103881353983669,-0.09668856176164646,0.8580709790248598
-0.01645884593499175,-0.0037293392248717028,-0.011720233976325267,0.020546665545186898,5.843772399316549e-08,287.78125,41.87859718162871,0.3709424044841421,0.09166955717610646,0.17181131843778918,217.39822387695312,37.72809982299805,2.8116335921794833,0.22919241796823495,-0.221478818476385,0.8567202339763254
-0.016201818263555573,-0.0032979010534677222,-0.011968972027438962,0.02041154961773757,3.202882936648166e-08,320.556640625,45.97748491314023,0.3864258875416826,0.09526956546543157,0.16521308040391058,258.22857666015625,32.89551544189453,2.419894266002312,0.20827247800794818,-0.27915986199579323,0.856968972027439
-0.014858455920972069,-0.004170162001833955,-0.01299300009258686,0.020173795252330977,1.050817766135026e-09,403.05859375,29.991487313322047,0.31257455193559297,0.06675834476853532,0.1665842375278107,245.07553100585938,125.03638458251953,-2.4540307431915545,0.07268588180562807,-0.26434974649362675,0.8579930000925869
-0.01614573627210175,-0.0030435847975233687,-0.01195690744890232,0.02032033080266149,4.0086622021817675e-08,370.072265625,46.95278420967403,0.3788205171063836,0.09503305052623873,0.15524858020008747,283.7903747558594,44.26985168457031,2.639248283833385,0.17946121268329862,-0.2876907481447573,0.8569569074489024
-0.015011566062416132,-0.0043943906013917955,-0.013184854186259698,0.020457227679155702,1.8528337974998976e-08,459.38671875,33.226802879780706,0.2930828285844046,0.08303105136327618,0.14347595937194613,229.80157470703125,72.05168914794922,-0.9895906653081984,0.11074668445057993,-0.21609260937516483,0.8581848541862598
-0.015061525484366317,-0.004443088336667345,-0.013010140220937494,0.020392506772147972,3.208723731162877e-09,415.1953125,26.63878100730537,0.2901013586252365,0.07552528152062274,0.15671796488139156,202.25045776367188,83.81208038330078,1.3577491867949087,0.10998667903222026,-0.1398877838790247,0.8580101402209376
-0.014869033679754645,-0.003906393931306318,-0.011574163319875375,0.01924342310170863,2.114770802918997e-09,429.9375,17.957700149791755,0.2889858980322468,0.05812797116944169,0.17038287375687078,216.21786499023438,127.7823715209961,1.0635151640346756,0.03404632379356258,-0.19278001636086708,0.8565741633198755
-0.014956162351706354,-0.004722281340173676,-0.013395047954559924,0.020625567702521816,1.2696989015736904e-09,471.595703125,28.968515019225286,0.27830194887820947,0.0837126902135463,0.142207316735932,156.66006469726562,58.920806884765625,-2.784798323255545,0.11679438302678914,-0.0870206406536538,0.85839504795456
-0.014846763635273486,-0.00468133744249051,-0.01347759178744945,0.0205909395385754,4.054172464407202e-08,473.130859375,21.408218237292417,0.2659795404323289,0.07214006725222093,0.14588318283607105,170.35760498046875,86.8912353515625,1.7583010422561571,0.08257909031961432,-0.12074096595420321,0.8584775917874495
-0.015997873753942904,-0.0035714257776801317,-0.011362302572184513,0.01994464756455837,3.05759968455277e-08,369.525390625,33.63877673400196,0.3211201447399526,0.08473457147335113,0.16372531550387903,216.3909454345703,61.73508071899414,1.1539712526492967,0.15165485612532328,-0.22608568356181907,0.8563623025721846
-0.014901199601976549,-0.004630150105328995,-0.012919397702744195,0.020258205166734197,2.2397586008082726e-08,453.9453125,11.725295742216595,0.2662522047441235,0.054402851930318095,0.1584974905782982,164.15061950683594,120.27291870117188,-2.27662896224885,0.04387739618582936,-0.11634431978911736,0.8579193977027443
-0.016409034153984814,-0.0028110835179014915,-0.011590569038973153,0.020285459892702966,2.8500210191850783e-08,368.4375,47.18372715051767,0.3777345818615146,0.09583926464653326,0.1515827873368194,278.44061279296875,37.382225036621094,0.10829482329889811,0.1997763245224111,-0.2935696987329714,0.8565905690389732
-0.015276365685308574,-0.003527546820479399,-0.012682159160268824,0.02016551750112895,2.2960842116503954e-08,327.4140625,46.18250299305575,0.4017011940031193,0.08939650366376987,0.17554569276609355,300.32220458984375,81.57256317138672,-1.8047269565824828,0.1512786373864892,-0.34896420797794747,0.8576821591602689
-0.016257581660155923,-0.003950738406073767,-0.011937093041675562,0.02055265154853465,2.382985364590695e-08,312.990234375,41.66423075376196,0.3610121814145677,0.09323769228571054,0.16701353860742085,209.24658203125,30.0543270111084,0.6621637063170589,0.21756113218940082,-0.214175864943461,0.8569370930416756
-0.014715590105659648,-0.004679547947305296,-0.013853322492131781,0.02074515136652229,6.522673068332097e-09,544.67578125,39.60982110315128,0.3052407551149446,0.088802939748329,0.13501779079952947,278.97601318359375,72.91818237304688,-1.2562049423493917,0.05800714921390968,-0.2989263166932004,0.8588533224921319
-0.015021174622250194,-0.0036482844653780433,-0.011841207984917501,0.019472027966149955,5.759679844175025e-09,457.3125,26.334776288018993,0.29299094074530097,0.06775748867717403,0.15834974452538775,239.7301483154297,118.71876525878906,-0.02996752399632396,0.03919005638647867,-0.24012940807219657,0.8568412079849176
-0.014796446645355843,-0.004467098130177816,-0.013174234378357297,0.020308871226372763,6.760612625278384e-10,507.03515625,19.500820193389757,0.2659558726874253,0.06400497492379724,0.14840857868939206,214.68313598632812,114.91889953613281,0.5210436117208357,0.04410142026372632,-0.17425747754913745,0.8581742343783574
-0.016618124335390894,-0.004250596609273155,-0.010853323194608078,0.020298380534611454,7.950896474540059e-08,298.630859375,32.763034640948796,0.33688383275170614,0.0819235145637516,0.17740230653113964,179.9781036376953,62.516082763671875,1.7903615512047897,0.19152647043829502,-0.13628666551285346,0.8558533231946082
-0.014982483954203415,-0.004595576516558758,-0.012823819166839279,0.02024955522922179,4.700411082581013e-08,429.88671875,19.26407876201257,0.27545013069910196,0.06588138258019595,0.15812916670376087,179.64114379882812,99.92803955078125,0.8735732856382534,0.0868105874833327,-0.14667693377443636,0.8578238191668394
-0.014612435401908971,-0.004776829872950222,-0.014108504142937295,0.020866031274810046,8.106221471848585e-09,632.966796875,33.46821403669066,0.2663411918494326,0.08844725571994946,0.12461270013802306,237.64427185058594,58.71553039550781,1.5297894959702738,0.08143933626531351,-0.16029536499152416,0.8591085041429374
-0.014676050909298383,-0.004626697288659609,-0.013797651161439939,0.020668042376238562,3.314979180046862e-09,487.125,31.41368656325284,0.2981842908007568,0.06933699475432825,0.15267061442733787,259.5565185546875,129.90115356445312,0.754013586963074,0.0211575148791234,-0.26132992244771674,0.85879765116144
-0.015763208673785056,-0.003221323426556233,-0.012395396041172568,0.020310133316383944,6.571159616441946e-09,395.162109375,48.027455318407206,0.3846863751926474,0.0962669149954003,0.15339366665075582,298.8026428222656,43.69947814941406,-2.9860969062916407,0.1793004776975981,-0.3061977532308288,0.8573953960411727
-0.014850185374814771,-0.0039031703600844736,-0.012839368696873965,0.020015297476192344,1.889304535040992e-08,431.328125,38.53382515421193,0.3482411661830789,0.0779869154107071,0.16580069560876975,291.908203125,126.37249755859375,1.4579969239578314,0.06096093578194539,-0.3029082744540929,0.857839368696874
-0.015347442078959689,-0.004286890369842367,-0.013095995452101938,0.02062586978266721,1.3210873284208446e-08,420.5048828125,42.69538527923162,0.34024310952625614,0.09666783680573443,0.14872662016785954,233.7648162841797,20.018306732177734,-1.2670962862973534,0.1861885368907883,-0.22395606999143633,0.858095995452102
-0.014723995054738072,-0.0046486653824880375,-0.013555240987592643,0.020546305712755404,3.595864273009397e-09,527.33984375,7.955811300716893,0.24930652332333228,0.053729980923210637,0.1442841648779083,173.19976806640625,122.53974914550781,2.9840459278455067,0.024693585143436066,-0.1374240083110471,0.8585552409875927
-0.014908477467356572,-0.004769937008536285,-0.013980204123736018,0.020987165287418123,1.2783621272660639e-08,500.875,32.22339594056276,0.3028767685615814,0.06877160375514692,0.1550890699039601,267.66253662109375,139.73358154296875,-0.015513252638378317,0.0008220489767369176,-0.2580265306040473,0.8589802041237361
-0.015967011436132772,-0.004622435714370501,-0.012098243798431163,0.020559179680652646,1.2082978173566516e-07,328.830078125,36.33364150884581,0.3346868046255715,0.08872305162410413,0.166824159475096,163.15509033203125,42.42194747924805,2.071977137963633,0.20022879379186492,-0.1080084477269705,0.8570982437984312
-0.015411110043409892,-0.004699406977107343,-0.012668255664806782,0.02049564442254704,1.4642531631636757e-08,436.421875,31.01355597626964,0.2940261154090218,0.08675698109848233,0.15078962885786773,161.51260375976562,49.77643966674805,2.026040674277131,0.13560272169558496,-0.11316334478015143,0.8576682556648069
-0.014959546506165815,-0.003777880813612966,-0.012635016896657913,0.01994251907585483,6.41541397783385e-09,475.359375,35.64918072745044,0.3143015733251151,0.07951062466509749,0.15321035005572559,273.4343566894531,106.94522857666016,2.7971515894697463,0.05351626432417982,-0.25433561992912324,0.857635016896658
-0.015152481412960328,-0.0038725141004846697,-0.01219458975015264,0.01983184503779436,2.0658015298380406e-09,380.45703125,28.545128747105025,0.31415437992904655,0.07333915304165872,0.17153535049883284,231.5331573486328,99.00579833984375,-2.549779158684054,0.0891463305379283,-0.23557705694671077,0.8571945897501527
-0.014698140731651228,-0.004349273447558644,-0.01345051062387459,0.02039283591195758,5.622567411656121e-10,486.890625,35.787176670245636,0.3239962214090974,0.07269564931246371,0.15879616981031663,284.58404541015625,141.09756469726562,-2.8884034511006464,0.01802001650406117,-0.2923537010717857,0.8584505106238747
-0.01556682458663175,-0.004513948977369842,-0.01255755260622382,0.020503509224992184,7.97836676724728e-08,428.9482421875,33.87308744925222,0.3033824833301938,0.08976353138933493,0.14881017426564436,179.08963012695312,40.6363639831543,0.9630505906497776,0.1604613233225185,-0.12692919826779261,0.8575575526062239
-0.015065958314240582,-0.004290028897409454,-0.013175078348651836,0.02046876003474948,5.958783688697622e-09,428.95703125,34.41076597976144,0.3062459910673444,0.08264885225102914,0.14929072267503174,238.47882080078125,76.46380615234375,-2.6329651505452136,0.11752290325603043,-0.2041560992612537,0.8581750783486519
-0.01516631870076629,-0.004605600691127587,-0.013593091061495644,0.02088063469498571,3.8994860673824405e-09,464.931640625,36.30230608909993,0.304227252567729,0.09254735593773196,0.14487256241823465,203.94131469726562,33.170654296875,-1.6471137676481638,0.15910096978142327,-0.17425925713169463,0.8585930910614957
-0.014830848017068576,-0.004549026557207958,-0.013611957693286936,0.02063814642276296,9.87311743472219e-09,504.7265625,38.22994783070371,0.31213835490512937,0.08702728900321934,0.14436364883381148,274.22222900390625,78.55889892578125,-0.8995624632161494,0.08379741272081902,-0.25664352656748207,0.858611957693287
-0.014723542343953441,-0.004548262333708308,-0.013633645894300273,0.020575366091070905,2.6998701052605156e-09,562.9765625,28.73381882638411,0.27386356532064265,0.07040623493380138,0.13928856368351472,251.70864868164062,121.8045654296875,1.2784514530169833,0.03192677719777569,-0.20431404353462576,0.8586336458943004
-0.014825208344920612,-0.004638784229695159,-0.013521338357128654,0.020594458297511272,8.229937620285455e-09,490.951171875,21.295575047448537,0.26526918889165163,0.07361101750020534,0.14639277684576835,187.25816345214844,85.68327331542969,-1.46677440511959,0.07582965563333546,-0.13759787687167155,0.8585213383571287
-0.01611687622055269,-0.004852430874620478,-0.012135091846505741,0.020749945508957774,3.241060397840556e-08,333.5419921875,36.717681878706905,0.33094192531324307,0.08852469992062248,0.16339319414624331,163.00912475585938,43.01519012451172,-1.640606602118701,0.19589027774738269,-0.11450313208417767,0.8571350918465058
-0.014811929541251719,-0.004074472922707906,-0.012664947656788161,0.01990968320898324,6.048693101945446e-09,457.42578125,25.41706580125976,0.29063242471581524,0.06313257805369396,0.1593108673878404,236.63287353515625,129.27810668945312,0.1981335588325104,0.021700348353653455,-0.23325488504815053,0.8576649476567882
-0.014689784709904792,-0.0045985064826465916,-0.013821942030523338,0.020687728686094156,1.5363363914389083e-08,482.875,38.79495700251015,0.3297547251729146,0.07600230963619373,0.15513394807899017,293.162841796875,137.0441131591797,1.7527258992629096,0.013966182852086027,-0.31492656295565263,0.8588219420305234
-0.01612815759562075,-0.003613018147725522,-0.012152824756703096,0.020514934002626207,4.7850022610873566e-08,376.9189453125,45.376320946397776,0.3664172239198142,0.09763443687880467,0.1552369517475113,248.0782470703125,17.74597930908203,-0.345539341729612,0.20478673060725305,-0.26318740065286206,0.8571528247567032
-0.015218627297138687,-0.003821724177740793,-0.012566420923196042,0.02010291340375525,9.943740053586225e-09,382.515625,37.06776970826945,0.33728008314901425,0.08315383579214311,0.1657235939003563,259.94384765625,84.58868408203125,-1.2794238467076742,0.11695042396098457,-0.26998626734165493,0.8575664209231961
-0.014777654068628868,-0.003498477919356424,-0.012236698263899282,0.019502697042358103,4.375546591717239e-09,486.78125,34.997025640450246,0.31821483433125647,0.07489150159050469,0.15713878598343134,280.0183410644531,128.967529296875,0.7952419910562996,0.040701436204036254,-0.2634818470342318,0.8572366982638994
-0.014693577555845062,-0.004475285953198682,-0.013280452411989385,0.020305167372362282,1.1034054780978408e-09,566.7890625,18.040181450014668,0.2558444997295856,0.054663933675400345,0.14084143033202068,219.21315002441406,138.876708984375,-0.6179808497219975,0.0013267479390190445,-0.15944633405919337,0.8582804524119895
-0.014842742979764734,-0.00457286959935671,-0.01363209742378202,0.020665242212651667,1.2676269811606744e-08,519.1015625,40.047310370572234,0.3114334372258863,0.09313923585167495,0.13841399897578632,260.492919921875,46.14813232421875,1.3204406430507052,0.11503904712397624,-0.24032728510278217,0.8586320974237821
-0.015191929759286155,-0.004412810671673484,-0.012774737914730716,0.020333754120308873,2.2156651624527512e-08,400.5859375,29.535753735417327,0.29925906127398594,0.07869054434719104,0.1563944903486364,208.12857055664062,77.03805541992188,-0.9656795882158201,0.12587963800199883,-0.14959910359726267,0.8577747379147308
-0.01559076829353627,-0.0033873120272165935,-0.011932279113286648,0.019922982296579968,2.2498772622725483e-08,388.93359375,37.91803071325034,0.3382107927925866,0.08555236582220169,0.16274239957663728,260.01446533203125,76.08131408691406,-2.860142139142169,0.124723907034666,-0.24033677019741131,0.8569322791132867
-0.01503018968977965,-0.003591144967148352,-0.012439308291300133,0.019837825360957326,3.244398172341789e-08,466.2734375,36.51381222900323,0.32120006948117075,0.07919958558879502,0.15393959806711555,278.09716796875,111.13662719726562,2.6502375501513318,0.06403443816933056,-0.27648973875025756,0.8574393082913002
-0.014698444659264391,-0.004934363239665618,-0.014168631952239275,0.0210033889498918,1.8345129859653753e-08,509.359375,38.92279023480929,0.33006006632858675,0.07719748800959586,0.15498351920143616,299.33453369140625,137.5711212158203,-0.5594866971770748,0.01353553746151643,-0.3114123809502814,0.8591686319522394
-0.015801010436575225,-0.003924649043215517,-0.012505260547957642,0.020529401898289133,1.6418832515796566e-08,428.5859375,43.03052453952439,0.3392645059205531,0.09621710419307389,0.1455557285194381,243.28289794921875,24.751739501953125,2.937445699424822,0.18488157183199283,-0.20865985380707341,0.8575052605479577
-0.014531437093520852,-0.005243063245978563,-0.015091525994207267,0.02159644723185086,5.634023025891111e-09,392.56640625,27.434307517502383,0.304347224135231,0.06861134515147901,0.1683271083105663,227.85789489746094,109.32223510742188,-1.6031926296592245,0.0761793774696567,-0.22342387996328042,0.8600915259942074
-0.01495600481395068,-0.0043494776608654084,-0.013465578453307647,0.020589362277629347,5.914066747436664e-08,410.0078125,43.00295085110034,0.34812713926565897,0.09067334723309302,0.1530100146592015,277.4244079589844,63.40552520751953,-2.8912218839763204,0.14395214939837175,-0.26584527813611386,0.8584655784533077
-0.015736798143089814,-0.003442305709659532,-0.012268430686173337,0.020248720352075318,1.3489149353063112e-08,368.07421875,46.720521942107844,0.3866274068805982,0.09467994988602411,0.16135373802075692,291.6993103027344,49.57073211669922,1.4291128232560208,0.16716421158447017,-0.3130910677875039,0.8572684306861734
-0.01570315501400174,-0.003761436660189077,-0.012326822327454856,0.020314724507977507,3.007095585871866e-07,342.73046875,41.50242280271568,0.3525043992885127,0.09048778454465388,0.1618702642222899,243.78607177734375,49.885498046875,2.6268259894892427,0.17371545054904627,-0.2643714579863632,0.8573268223274549
-0.015228993295044707,-0.0041036060749210235,-0.011856215959360705,0.019731489464144485,1.2614768785113029e-08,378.0390625,21.345567662286644,0.2983015950638359,0.06350821764614101,0.17379073924994193,203.51577758789062,110.67936706542969,0.9474625922255417,0.0870191187049183,-0.16546099976251025,0.8568562159593608
-0.016412725005316292,-0.0029715357358108263,-0.011875382682537072,0.02047516252892848,5.482751141983044e-09,311.73828125,49.27742345764901,0.4132239542287945,0.09742074936107446,0.1663191825572946,279.09246826171875,28.040668487548828,2.4336567459338423,0.22407822121256582,-0.31306465821210455,0.8568753826825372
-0.014956203521076926,-0.003762190877670213,-0.012676446736266556,0.019963326521932705,7.2261646666405e-10,505.3984375,34.44876823837816,0.30115055581899247,0.07908008225941002,0.1472431082488307,268.8770751953125,104.15719604492188,-2.4885116987970752,0.02753231683966815,-0.2768126058648072,0.8576764467362666
-0.014837444796750435,-0.004427241684462374,-0.013265102427290287,0.020389045574419624,7.270898105815604e-09,446.8828125,26.44297066521662,0.28931707543381213,0.06837643604907709,0.15539950662873137,230.09030151367188,112.02435302734375,1.890981516015763,0.06900736792003498,-0.19420828426517914,0.8582651024272904
-0.015085007779105986,-0.004385533039287098,-0.013244380617708718,0.020547602723459134,8.141646468118324e-09,471.240234375,36.73271791210189,0.3028705362865489,0.09064901422285336,0.14168113332058707,226.87977600097656,45.17076873779297,0.5117784140041578,0.14467852446412394,-0.22134416453007383,0.8582443806177088
-0.014701315656815254,-0.004711587644478932,-0.01389736484612425,0.020771723323769215,7.464373119603351e-09,560.6015625,32.53964876283689,0.28395428457201105,0.07810348333546206,0.13896382057228163,263.6442565917969,105.50629425048828,-3.0070577017424447,0.039484788551148446,-0.22837671093002906,0.8588973648461243
-0.01512337585654109,-0.003992899028783692,-0.011757795449185093,0.019567971120613127,2.3015395811398776e-08,396.0859375,19.571790274184035,0.29708331963605694,0.05692609774769022,0.17495793068749776,211.46791076660156,127.62397003173828,-0.13539779501191962,0.05436826149187154,-0.1789775339831365,0.8567577954491852
-0.014285914362336088,-0.005370179519419815,-0.014679872375142233,0.021176043780396295,1.9619801605585963e-07,369.08203125,45.16818405736174,0.3671290556797071,0.09186513024189671,0.1586477271845831,280.51434326171875,58.832576751708984,1.4776648707181266,0.1646944363034474,-0.28649259782285913,0.8596798723751423
-0.015229075359665209,-0.0040298630685121906,-0.012202596411929556,0.01992656246957203,3.099583878451995e-08,401.046875,26.402039652515608,0.30014951935292616,0.07162490006741916,0.1637338467889009,220.5665283203125,98.49889373779297,0.0443267039735508,0.10048986855821619,-0.19394887668339586,0.8572025964119296
-0.015107189504186463,-0.004310341602398848,-0.01323639331108295,0.02054284126722624,4.209818715850133e-09,391.513671875,41.17297316667241,0.34312650420003526,0.09035908222331501,0.1553626578777667,259.7786560058594,56.799476623535156,-1.9258028262633635,0.14958062323531743,-0.26071271748437025,0.858236393311083
-0.015192862747352515,-0.003913284084334168,-0.013033784507025636,0.020396480317941536,8.153302033520049e-09,306.12109375,45.40843105759366,0.4016163009728202,0.08775180280393097,0.17796658627491635,291.25079345703125,83.22968292236328,-1.680427688473311,0.1728743730729268,-0.33550891569558877,0.8580337845070257
-0.013205034607128435,-0.004797052312134814,-0.01470943874385977,0.020340900619691855,1.6576982488913927e-06,352.548828125,47.1251733109163,0.3476763088503698,0.09740268314742292,0.15009307889719026,199.21148681640625,10.062915802001953,1.6427240794585591,0.22061761996026044,-0.16772563942770793,0.8597094387438599
-0.015011019324541477,-0.004501760978422836,-0.013270342573043603,0.0205352999752753,1.18034915175258e-08,407.771484375,28.92975499738325,0.29522263306323665,0.0794732392723538,0.15674283078127738,200.11595153808594,73.24932861328125,-2.905644160353472,0.12251387310594052,-0.1647771044872028,0.8582703425730437
-0.015374523497397569,-0.004233741136962316,-0.012515775711074983,0.020271782813476753,1.2630672507896179e-08,443.330078125,31.378395841166597,0.2927830679804674,0.0839202644625066,0.14713504828621982,209.5140380859375,63.55003356933594,0.7239858425802512,0.12969263125154815,-0.17946840597146888,0.8575157757110751
-0.014689826021154703,-0.004630491669012582,-0.013779986633754682,0.020666893168907765,2.5262414382609677e-08,450.6640625,19.376396973019034,0.2943157265399744,0.04952500895888753,0.17431890630886315,225.14208984375,153.66204833984375,0.9706929429131458,7.857218483616965e-05,-0.19592135413913117,0.8587799866337548
-0.01461718518422711,-0.004737831801463366,-0.014004560887164286,0.02079030732171215,1.0258403015939166e-08,384.49609375,47.39834758459351,0.379332484328082,0.09397631670339623,0.15619720808728643,297.949951171875,56.083045959472656,-0.5264707934510642,0.15786214656569894,-0.33497850603359053,0.8590045608871644
-0.01573511410102188,-0.0036061407553995284,-0.01233990315820832,0.020319234160614687,6.141966046868674e-09,401.50390625,44.02923952314317,0.35749626982898497,0.09499559501574323,0.15419529454633218,266.5275573730469,38.06611251831055,0.8739087031688321,0.17407975653502933,-0.24041624587874175,0.8573399031582084
-0.014698346453087333,-0.004550446008779879,-0.013605465984802056,0.020539149252036013,6.354619608295309e-10,566.0859375,32.50179994958757,0.2847304991989004,0.07274157921316393,0.13923178877901254,267.9718017578125,126.78044128417969,-2.803087464324689,0.017330476472463982,-0.22784029976337503,0.8586054659848021
-0.01602189445321342,-0.0046952536584245474,-0.011439247952149234,0.020238648732008035,1.0721396215274126e-08,413.87109375,25.28689945731619,0.28635014415135324,0.07675764551154086,0.1536015398568492,165.18006896972656,75.6384048461914,3.075881209861706,0.12130434248329441,-0.11002048790391897,0.8564392479521493
-0.014863559669275578,-0.004705530271608291,-0.013521579809341211,0.020637357915186755,2.8862434664489456e-09,503.48046875,23.82814058042458,0.2644815486843897,0.07816326060485852,0.14123520794793576,150.68295288085938,73.97196197509766,1.2172271844564453,0.08738922003425004,-0.09508553916877381,0.8585215798093413
-0.017618650286499005,-0.002615631390195272,-0.009953597758946109,0.020404226861957385,5.9947833364049075e-09,286.146484375,41.763861883800175,0.38193639941561935,0.0904843149211539,0.17805909358255656,239.92062377929688,48.67041015625,0.29565564222201807,0.22369440028646248,-0.21129117707644146,0.8549535977589462
-0.015018256975553937,-0.004585449764383603,-0.013322127185807942,0.02059255848310994,4.714995505139541e-09,480.87890625,30.625855401864822,0.2836247357097657,0.08550547526925446,0.14324954188561734,200.18145751953125,57.61870193481445,-2.439552687450148,0.12027732069153936,-0.10606765761433568,0.858322127185808
-0.014965213273931577,-0.004626496693987792,-0.013435229311358987,0.02063655655972036,2.139744978424396e-11,470.390625,31.425155407724695,0.28393957159309136,0.08655502195710701,0.14055683295084476,179.57113647460938,50.92255783081055,1.5842519332269978,0.13104607822700307,-0.1287774883398665,0.8584352293113591
-0.014795416944389322,-0.004498909933957823,-0.013621985316060625,0.020608324461322866,4.3639247770954626e-10,510.94140625,36.57151480727979,0.3024689654618218,0.08321743138049069,0.14246012715291057,269.8908386230469,91.08171081542969,-0.4781544047585953,0.07506405337676454,-0.24109681889256177,0.8586219853160607
-0.014718434860024214,-0.004649623598033337,-0.013793006180151446,0.02070020154051309,3.4090448242096727e-09,578.44140625,18.67517314890241,0.24745917111669452,0.06746835114754089,0.1348559197994036,206.83352661132812,105.2027587890625,2.4720511644306056,0.023225150705935386,-0.1506614492864962,0.8587930061801515
-0.015048286876024747,-0.004206852391542559,-0.013156674003095059,0.02042661537727392,1.600271737345338e-08,417.3203125,39.178675678042744,0.3292043468839882,0.08812374298808016,0.15312226452451771,258.5151062011719,65.14226531982422,0.28394877173416627,0.12160222454538415,-0.2620022404648244,0.8581566740030951
-0.015435063933250281,-0.003634067577869049,-0.012217384803650977,0.0200177955136055,2.1116358439599026e-08,378.3046875,37.40086941011369,0.33994283632047184,0.08284679090844227,0.165153640452256,260.912353515625,85.89077758789062,1.3696240474408237,0.13870837563596086,-0.2424263326802285,0.8572173848036511
-0.014678504239887704,-0.004208076652869486,-0.013294683148054043,0.02024635759449039,1.554389683633417e-08,475.6484375,34.94472373338429,0.3248079339746667,0.07115420875703568,0.16291900034817386,281.0587158203125,143.994873046875,-1.2590022696085885,0.0025325425835745086,-0.3011146458479994,0.8582946831480541
-0.014679204371301317,-0.004617963500627764,-0.013700372865732335,0.020603515343932375,8.82246631306316e-09,484.0703125,22.895683048166678,0.2854973434960505,0.05539194321590879,0.16001824379726715,233.2646484375,146.65257263183594,1.2796744827067368,0.016020713385472958,-0.20337889072256735,0.8587003728657324
-0.015154347634792231,-0.004541167819652525,-0.01302893921955095,0.02049462648083964,5.430692340269161e-09,422.9375,25.92319358073872,0.28660774014019125,0.07702275307769156,0.156310971354791,190.67904663085938,77.88275909423828,-2.492353901077306,0.1118520933714351,-0.1273714624312776,0.858028939219551
-0.016124685338803235,-0.004046181548244682,-0.012170104708542961,0.020603118963246105,3.393935443796181e-08,337.9541015625,42.5677490546226,0.3564587964113724,0.09534821687778237,0.15809814139652378,206.1863555908203,20.3785400390625,-1.4068914779813517,0.2224094369474094,-0.2198162634923543,0.857170104708543
-0.015824738116630543,-0.004199894708212942,-0.012596363634405416,0.02065744003573981,5.000091451989874e-10,372.7041015625,42.83219177269501,0.3528190935371067,0.09620575020465671,0.15674253774167846,224.54190063476562,20.463281631469727,-2.7239501472780083,0.2083305609728168,-0.16383638121540625,0.8575963636344055
-0.014535151503144661,-0.004993722399213307,-0.014661366649613816,0.021240611211878566,8.615554492052979e-08,411.12109375,22.357133395151155,0.28774211523064835,0.0657455336450381,0.1644507750342522,205.51910400390625,106.26197814941406,-0.15261594088211547,0.08019177598208539,-0.17083946321595805,0.8596613666496139
-0.016170705991349954,-0.002934082844417374,-0.012036814372397897,0.020371192273211457,5.376866951678494e-08,365.435546875,49.79206779849531,0.4017216816603631,0.09782201110687706,0.15496391121742115,297.4674377441406,32.626747131347656,-1.9190216921223453,0.19560746477742227,-0.31125752487212527,0.857036814372398
-0.014962323897940624,-0.004452105583132138,-0.013313431311356094,0.020516818316504103,4.8133532715155525e-08,451.390625,28.199953816895952,0.28874360145042655,0.07793411385632215,0.15302784189563312,221.55682373046875,83.46531677246094,-2.0516419719041576,0.09394538279585797,-0.20362873999702696,0.8583134313113562
-0.014679087674351318,-0.0047441676791626225,-0.014014501321297446,0.020842000604643304,3.046196539457924e-08,428.376953125,28.64337835340012,0.28411217057019295,0.07757888401314775,0.14761268399777538,194.40631103515625,77.1238784790039,-0.8442872082014014,0.11944379033895954,-0.12153298916593112,0.8590145013212975
-0.014758169928541336,-0.004693146054234598,-0.013734957854039553,0.020699716586908196,1.4326640318529371e-08,517.06640625,6.444157465857254,0.25304509882831816,0.04495474516127194,0.1486019570116105,172.622802734375,137.48760986328125,-3.05066621732522,0.01481973546657809,-0.13736294593986112,0.8587349578540396
-0.016582313944048133,-0.0042234367574803255,-0.011561537403445232,0.020651384963596805,1.6002806857429164e-09,302.609375,39.86470957652099,0.35666919067242286,0.09184416751852714,0.17024471915082284,184.80636596679688,32.376564025878906,0.13558064975007592,0.22346079734795082,-0.15425639121979015,0.8565615374034453
-0.01522583400514392,-0.0047414725827595455,-0.012740255569701264,0.02041131292657485,1.5757610327682414e-08,389.76171875,25.116677467359267,0.29331907842887506,0.07566686489368875,0.1599938737891058,154.35516357421875,78.03053283691406,-0.491761364748086,0.12486849095551959,-0.12155531142142147,0.8577402555697013
-0.014687916286805214,-0.004839456889008276,-0.014104835809852778,0.020930877216487436,6.100297156308443e-09,495.44140625,14.582841764843351,0.2588969096004785,0.05802826392164555,0.1479939348490843,188.8146209716797,117.52021789550781,1.4916296451164464,0.038952781145674825,-0.1330569896685125,0.8591048358098529
-0.01503977490722433,-0.004226710722714133,-0.01333358600861867,0.020538851687538735,9.211053253466162e-09,428.0859375,43.85054146092328,0.35886240076663284,0.08940757700750979,0.15675460519137574,299.88360595703125,82.21869659423828,-2.601634586423319,0.10953595606917237,-0.302326179172043,0.8583335860086188
-0.016014161614510303,-0.00453811293663936,-0.012255332694724563,0.020669809401630525,1.2820845540773007e-07,320.47021484375,41.259615223637326,0.3545084812059888,0.09427376025964117,0.1628263567952074,159.93634033203125,21.767749786376953,1.847519881359483,0.22397076185625817,-0.15907583986233823,0.8572553326947246
-0.015348836111167649,-0.0043323888801974075,-0.01228514935109637,0.020131598494791358,7.22515114404132e-09,394.94921875,26.236603104515858,0.29649499851357775,0.0766512607236131,0.16274890783526308,194.9076690673828,79.03807067871094,0.655493564923128,0.12524751231534484,-0.14765576479245096,0.8572851493510965
-0.014840283163275347,-0.004492300285965423,-0.013517541401289801,0.02057033523696351,3.6376479606303747e-09,541.4453125,33.15434865459347,0.2813920537564067,0.084621361796198,0.13526031241011582,242.9676055908203,72.85115814208984,-2.145020390435161,0.09227816182930164,-0.21352958101783162,0.8585175414012899
-0.01532299686482863,-0.004713429710293773,-0.012962071115888874,0.02061615725994514,1.5964605637464047e-08,434.38671875,35.17958873153412,0.30237490033254233,0.09075038722371366,0.14478369935764313,162.43885803222656,36.58234405517578,-2.8530951967596505,0.16867500644464906,-0.08831264897109099,0.857962071115889
-0.014707547969785488,-0.004468435644834845,-0.013527739831539431,0.020476294326498393,1.1245555597838575e-08,478.4375,31.886530036919723,0.3165694417371745,0.06716742585040966,0.16520880549196038,270.4034118652344,147.30242919921875,-2.0620414209978897,0.013760631007638328,-0.25676088998872054,0.8585277398315395
-0.01570329515048574,-0.0033799154128414943,-0.011979155541213538,0.020037900944505627,8.87638833546589e-08,336.90234375,40.57033151888804,0.3641868813230311,0.08729003004158183,0.1717300878135397,263.0235595703125,70.16307067871094,2.6695574346232336,0.16519741653434553,-0.2614407502887807,0.8569791555412136
-0.014791872297402916,-0.0050392632542677895,-0.014279896018777327,0.021168587352858054,4.216488491692871e-08,486.1796875,36.817137013133966,0.323380819578175,0.07441882673843232,0.15650777020778406,286.2344970703125,136.16896057128906,0.055047947688688405,0.019752436952500643,-0.29477926710926133,0.8592798960187774
-0.01473391654622555,-0.004637211650653061,-0.013839531632007906,0.020739447062962862,3.876542820080431e-08,405.6015625,37.047053815228,0.34390546362459284,0.07688328862020444,0.17072195402833945,279.705322265625,120.23489379882812,-2.11389508552028,0.07196607259957315,-0.29282445092812776,0.858839531632008
-0.014581874800211392,-0.00478225098614124,-0.014105585270157595,0.020843908774439975,1.2722267683784594e-07,421.0234375,30.99446145865946,0.2972911656364906,0.08179698800184408,0.1565768141116426,213.0562744140625,70.46757507324219,1.5843001907357435,0.1294380588445427,-0.17778529391464895,0.8591055852701577
-0.01479817402956591,-0.00447539871305519,-0.011896726948449343,0.019507620570846047,9.467032491272676e-09,437.15625,5.2503985195582725,0.2759690883430261,0.045172230652682534,0.16886955182142482,179.65538024902344,137.6206817626953,2.431024867108436,0.03236397390750679,-0.13279402545544491,0.8568967269484494
-0.01624159247600518,-0.0036978544686698533,-0.011839464887910767,0.020436153812793675,1.5870691427721795e-08,329.6904296875,43.236762365339416,0.3661426766233994,0.09546618676902603,0.1631284992008345,220.90365600585938,22.494890213012695,1.9787169860665146,0.2194528220547181,-0.21434176512740913,0.8568394648879109
-0.015789161789286077,-0.00347619692433504,-0.012672652490932523,0.020542095711512644,4.35272511367657e-08,300.12109375,50.9485282014605,0.42556076521517106,0.09722952192555173,0.16760724074141664,291.5145263671875,34.061336517333984,-2.8834703695136596,0.22829214616599877,-0.3262119277957374,0.8576726524909326
-0.014732621205862198,-0.004587361937688286,-0.012875816691241049,0.02009678264322957,9.663099653778318e-09,426.07421875,7.472462296663293,0.2868200615090477,0.02992962596442145,0.1810270153855148,172.29830932617188,161.54151916503906,2.6745768728726866,-0.00012198217566412005,-0.11299421260012828,0.8578758166912411
-0.015097976389744847,-0.004460381614241449,-0.012953335872305627,0.02038707446964168,1.2951915095982258e-07,421.763671875,23.923140461043612,0.28235673751542567,0.0733224104984551,0.15388008623946403,184.5966339111328,84.98653411865234,2.517223164189132,0.10853371993302571,-0.15355552105227663,0.8579533358723057
-0.014807411510333893,-0.0046924340165194756,-0.013630173294039372,0.020665429989751044,3.6732759056690156e-09,519.173828125,25.303386195444006,0.26585646247927575,0.08224729932065261,0.14084560223792353,160.29388427734375,63.42997741699219,1.4915275135009112,0.09156126444398435,-0.11605675686776232,0.8586301732940395
-0.014759598482103078,-0.0039031486846861085,-0.012561158124789085,0.019770255700006036,7.863873441316116e-10,452.8515625,29.209972846525027,0.309250010842481,0.06532202519238098,0.16431000881236357,255.85174560546875,138.75294494628906,-2.0284813425475927,0.020419758419648618,-0.26369212576754425,0.8575611581247892
-0.01483823923728586,-0.0045793684565049175,-0.013748737446440784,0.02074058197096998,8.575145038491883e-09,417.1240234375,46.078499514437105,0.3550701584193269,0.0979518175594063,0.14596709381417328,256.54376220703125,18.226104736328125,-3.067244297800221,0.19771976625337298,-0.23504710540600224,0.8587487374464409
-0.014852904951521487,-0.0046287495029088965,-0.013709781395875309,0.02073625360045299,2.0724218785517223e-08,516.08984375,31.923242508278936,0.2859010491214348,0.08699652498331203,0.1423525628876633,227.02536010742188,59.17586898803711,1.5788207613152758,0.09832819477225714,-0.19910485953898246,0.8587097813958754
-0.016752027276125653,-0.0030045441770322756,-0.011567850165833615,0.020578456235368414,4.02228605977939e-09,345.3681640625,48.58949995296811,0.39130833907188955,0.09836169696309095,0.15689123145033024,266.3972473144531,18.371929168701172,-0.9433854194308874,0.2179743919385023,-0.28395860138372647,0.8565678501658337
-0.014683137550926118,-0.004273492148938407,-0.012967535016437992,0.02005029246392681,1.2330965581952569e-08,501.4609375,22.56286410418559,0.27881363793654135,0.05511668309078321,0.15345257579972282,231.2528076171875,145.27969360351562,-1.9729838943269826,0.015268935507034282,-0.22287286008015342,0.8579675350164381
-0.014951931134235999,-0.003759554357771311,-0.012529604069138056,0.019866692521437333,2.6487407822628484e-09,394.9375,33.16862963101335,0.3314639507720346,0.07155449156010227,0.1735702009624257,261.9377746582031,123.85600280761719,-2.5858801866624592,0.06853876872258811,-0.26651885518443585,0.8575296040691381
-0.01506890802142774,-0.004466166230650104,-0.013359045796602631,0.02062723283316924,3.9700576159873435e-09,461.689453125,38.34657288441381,0.3056018460080192,0.09214125059492165,0.13805424671660627,219.65658569335938,37.528648376464844,-1.4282984752986039,0.1556759494851756,-0.20359578363871791,0.8583590457966027
-0.016009248859824576,-0.003710323284516953,-0.012202468644583075,0.020468580530985932,6.355364234877925e-08,356.40625,43.51296676389207,0.3568697620401988,0.09416612107034655,0.1557824886141035,243.01405334472656,34.2741813659668,-1.1244133170398531,0.200834525365268,-0.24614624429177404,0.8572024686445832
-0.01586701079964925,-0.00422791120159971,-0.012163062274103575,0.02043470941140392,3.9814548102867775e-08,434.953125,36.3127460737707,0.3114579116596495,0.09148889783484937,0.14823758881804439,209.001953125,38.42414855957031,-0.9748041130537107,0.17242440385689883,-0.15895006425528338,0.8571630622741037
-0.014708301676478063,-0.004693748610608117,-0.013901133704380175,0.020775151804329314,3.4491897338284616e-08,501.6953125,34.98288928271402,0.3075870284060382,0.0727977460067634,0.15080503221274133,276.23150634765625,132.60757446289062,-2.2244061469813596,0.010939799350713765,-0.29174275534575644,0.8589011337043803
-0.014695477830787618,-0.0046212278358695735,-0.013688001312079034,0.020607624688587074,1.5763909066990323e-09,515.98046875,22.77369653053566,0.2689940376481219,0.06421227752629595,0.14725232176456104,227.27304077148438,121.0642318725586,0.3017534507795142,0.024802856927327352,-0.19608576774609254,0.8586880013120791
-0.01476600933721995,-0.004488203895227333,-0.013040935704394019,0.02020507386767342,2.5971811368208364e-08,488.64453125,14.168432476432459,0.2639676982007158,0.05299044473920379,0.15282203827028473,198.96498107910156,130.019775390625,-1.908717695681888,0.018959696917749687,-0.188373006378486,0.8580409357043941
-0.014671911810445783,-0.004734671867018925,-0.014156137252766765,0.020930320966984953,2.4374459783871316e-08,492.84375,15.091165041531756,0.2601766562146302,0.05517179635885486,0.14991486915368524,194.4844512939453,124.24203491210938,-0.4112280446006545,0.02573107580366315,-0.17989063144049003,0.8591561372527668
-0.014499896686238578,-0.005118087603883215,-0.01427104749125141,0.02097867062352066,5.8605884589724155e-09,494.94921875,45.70314491753793,0.3404197767072196,0.09453215402216017,0.13679196792356008,296.0259094238281,53.36824035644531,-1.6408329294116135,0.12214874944842738,-0.3004038139634985,0.8592710474912515
-0.014721268553360457,-0.00464460113836368,-0.013558099354457842,0.020545318825951543,1.4817730153993125e-08,540.19921875,11.563810472772207,0.24784868810301586,0.05931273919692993,0.14126962940395427,183.4285888671875,114.59461975097656,-1.8940418537865373,0.03418211775014814,-0.14101758139846918,0.8585580993544579
-0.015099056693621604,-0.004372337597881026,-0.013055413046296538,0.02043386059746061,6.466083668499323e-09,398.392578125,33.2295549131286,0.3126606471719672,0.0835713235676655,0.1603673539230831,225.40867614746094,68.66465759277344,-2.775203645481677,0.12810044079546565,-0.19701116250849754,0.8580554130462966
-0.01564513840379539,-0.004426876315314521,-0.012398704442272201,0.02044738275261229,4.750332394110046e-08,371.291015625,33.320250706413354,0.3107286346659243,0.08483418471085949,0.15677122477316618,184.68209838867188,55.70241928100586,-2.203362483153565,0.16267765676367818,-0.1527514610384085,0.8573987044422723
-0.01490277827050182,-0.003839525164336971,-0.012737987503090853,0.019977264059330466,1.1381969144963477e-08,519.75,35.85930389794019,0.30615258495343917,0.07752034978622317,0.14506442513361917,278.9464416503906,118.91825103759766,1.0452123451053237,0.04262794210521517,-0.24651924498351777,0.8577379875030909
-0.015136235246210536,-0.0038534954634362184,-0.012959383691652393,0.02029533617319052,2.511091246049091e-08,441.55078125,44.31937511360307,0.34753854388182964,0.09153569344379384,0.14595747578290885,291.08941650390625,65.81775665283203,-0.2859222862836136,0.11930748238731365,-0.3165699951059792,0.8579593836916525
-0.014769564591893332,-0.0045034149209792484,-0.013484454586148331,0.02050003169925609,8.860091327278496e-09,525.96484375,25.072491004005947,0.2682504227091939,0.07075270019163356,0.14123718833045096,228.76397705078125,105.73037719726562,0.35853785440725094,0.047609645132763785,-0.19627627599619163,0.8584844545861484
-0.015779462695457117,-0.0016951510148660587,-0.010844782265172492,0.01922171382316166,9.130366152021452e-08,339.2421875,45.331427298998236,0.40133793515451405,0.08820371326484581,0.1786351296484575,305.48150634765625,90.88672637939453,-1.3536340112172047,0.11564586265362008,-0.3810515408712447,0.8558447822651726
-0.014831621370358435,-0.004382142319927285,-0.013197248242691195,0.020330949927757594,2.725613068577104e-09,534.5078125,26.130890122951676,0.27154685780535465,0.07623611399934282,0.1416998728852551,231.3073272705078,92.41355895996094,2.4342886580206287,0.05657872338092368,-0.20826455018059295,0.8581972482426913
-0.014901053937154587,-0.004705762883202069,-0.013295965893612927,0.02051751256354022,2.3589850073335583e-09,518.353515625,20.64399666354574,0.2563015433437451,0.07330503525692299,0.13668862699316764,165.84402465820312,84.53072357177734,-0.640927352741993,0.07350657140780475,-0.11205411321510847,0.858295965893613
-0.014693570669764002,-0.004713668937500415,-0.014006081104701362,0.02083962575938392,4.666202713110579e-08,477.03515625,12.113900322227474,0.27275322165246224,0.04058324465678232,0.16358770203258055,198.41592407226562,153.63856506347656,-2.256627952956812,0.00019503234121812617,-0.1578195342533539,0.8590060811047014
-0.016639886180914554,-0.003665629093214079,-0.011337260841158603,0.020465974986383542,1.741858390857942e-08,307.5849609375,41.07077534420711,0.36450484401221367,0.0929850563784271,0.170768722819571,209.8413543701172,30.9522705078125,0.6372562272288504,0.22360763987117582,-0.2177599001172639,0.8563372608411587
-0.015211313912096125,-0.0039166206059777775,-0.012347573459589034,0.019979653606693144,4.403095843485971e-08,389.375,31.007957628509676,0.31540147108078576,0.07766489775553885,0.16606713117938765,235.84017944335938,89.5628662109375,-1.2603304707165262,0.11077768816585583,-0.23195507942951704,0.8573475734595891
-0.014766888901364489,-0.004902367654505357,-0.0140530683753608,0.020966233500744665,9.559350644394726e-08,317.423828125,47.706606669848135,0.39285351885188724,0.09521370379131877,0.16035192811643817,271.0610046386719,37.43622970581055,3.03051364229777,0.2157176344235675,-0.32480101857664967,0.8590530683753609
-0.01577052451447672,-0.00413394978389911,-0.011880943155060386,0.02017314538021493,7.058739726062413e-08,374.22265625,30.765942667078857,0.30772277910175466,0.08125041192299808,0.16000912335121453,196.62225341796875,67.39115905761719,-1.8777366103088946,0.1331233085484567,-0.159079125079928,0.8568809431550605
-0.01637188152393307,-0.0032506344763984507,-0.011425542822752988,0.020227411053503945,3.138720927609029e-08,308.53125,40.85191850650795,0.36525210961657234,0.08983345415832052,0.17078850934141043,237.27081298828125,49.9054069519043,-2.1082731892951463,0.19120115858083991,-0.26852394956383224,0.8564255428227531
-0.014902051865040511,-0.004564830014609472,-0.013260209587139249,0.020463185996943304,4.982929269203851e-08,486.232421875,23.157722153107752,0.2682407894355876,0.07502611647366998,0.1450355684006427,193.42965698242188,83.49424743652344,-0.8639255245316396,0.08955034317677164,-0.15332672180568457,0.8582602095871393
-0.01427131194465582,-0.005494472242802251,-0.01506395669258731,0.021465841727841616,4.447283430408788e-09,460.6015625,38.954769258570224,0.3166029523347216,0.08760972400502327,0.14626797644727008,263.6564025878906,69.93445587158203,-1.6167453910779401,0.10089598104416271,-0.2619757366466174,0.8600639566925874
-0.01481114533681821,-0.004580788241722783,-0.013759016514017453,0.02072834249371769,4.1358919067313593e-10,462.27734375,44.22858756827647,0.3344199094276933,0.09556811478961982,0.13882430880998142,264.3468322753906,34.48830795288086,-2.4571275601892455,0.16193869284748766,-0.24716083395407332,0.8587590165140175
-0.014796181974046203,-0.004467312102945792,-0.01345178008822212,0.020489857636794475,1.4839804940436352e-08,514.91015625,27.15706867222964,0.2747330093279881,0.0712368622800239,0.14235893118263998,236.03579711914062,108.42697143554688,-1.8516624178267127,0.044662435805633956,-0.2064894180749111,0.8584517800882222
-0.015454114683019604,-0.004290758417011709,-0.012583083429918651,0.020385638499526383,6.08170536153807e-09,410.3671875,32.6776915136769,0.30184295294426233,0.08328191625747773,0.1501947576182734,211.29246520996094,65.46961975097656,-1.2170496814855236,0.14304986059250704,-0.14726970772569184,0.8575830834299187
-0.015876402639952547,-0.004423990376537262,-0.012164173163415115,0.020484114830451792,3.4189849174026676e-08,343.1943359375,35.33036989855491,0.33001312536508276,0.08833410205608366,0.16747251571457622,182.08251953125,45.004737854003906,2.313004974274282,0.19131917529930176,-0.1019052686990462,0.8571641731634152
-0.015272179239958217,-0.004544690930645023,-0.012996691460801846,0.020562287404853028,1.8801117107614118e-08,410.2333984375,35.449964595224344,0.3077394036630015,0.08973512999852006,0.14803867720848696,180.8773193359375,40.276824951171875,1.6218150405349683,0.17204094460377067,-0.1379000337441277,0.8579966914608019
-0.015488499913590192,-0.004338147885950883,-0.01293899521712738,0.020642934720686127,3.865488817922369e-09,389.41259765625,42.44289931228296,0.3455464349622616,0.09674376887749234,0.15423210773217888,215.37136840820312,16.268722534179688,-2.4743102642804633,0.21412064863549435,-0.16773947204489162,0.8579389952171275
-0.014677097380973586,-0.004721137644052853,-0.013948992100108581,0.02079136139827227,1.86428006365702e-09,399.234375,37.91315550981199,0.3353205808773348,0.08354875765283083,0.16349133111492142,266.66607666015625,86.47499084472656,-1.7593383552373736,0.09743063210001178,-0.29094125247783503,0.8589489921001087
-0.01534376961294509,-0.0048118437378069645,-0.012552268178118386,0.020399621136374387,9.299423453512645e-09,460.81640625,25.930241378380877,0.279540160105248,0.08089601127501683,0.14882811944519414,145.33787536621094,67.19164276123047,-0.8150694532895587,0.10469954305916089,-0.0912353511486638,0.8575522681781185
-0.01586783911714415,-0.004249160689415138,-0.011984679672112808,0.02033411497103316,2.519194808314751e-08,323.5078125,35.078391155990914,0.3339876383184097,0.08434920806731953,0.17098517332717555,204.26416015625,59.976356506347656,-2.127727675539578,0.16925654552032854,-0.1290968244582122,0.8569846796721129
-0.015160324540780354,-0.0029505297121369956,-0.011808464872688829,0.01944173110639884,3.711589968702356e-08,342.69921875,39.575746754507136,0.37827295839223873,0.07986015970915333,0.1853725779708738,286.3052673339844,113.43122863769531,1.6330366590873624,0.09698077653274585,-0.3426879729105394,0.8568084648726889
-0.014897748452381204,-0.0036701129826032797,-0.012724274180514583,0.019932882171838816,1.8920816913237104e-08,410.90625,39.81951891337499,0.35713018517850814,0.07872222699774699,0.17049222178327272,294.3526611328125,126.39328002929688,-0.714228144933601,0.05853621725544886,-0.3210623294996157,0.8577242741805147
-0.01470065338602711,-0.004620042095406701,-0.013617720806914035,0.020564443073287926,9.087648855654606e-09,494.96875,11.034683367492171,0.2634501667398036,0.04304282739895671,0.15646454017551847,192.33880615234375,146.2886505126953,-0.3865657538110214,0.0078014141599886296,-0.15766335923000885,0.8586177208069141
-0.014830860599237924,-0.004419131557992173,-0.013189852825472137,0.02033360192878983,7.1924617373042565e-09,453.52734375,23.287969865668348,0.28130588689883274,0.065946900555518,0.1551015502914196,218.60647583007812,111.80818176269531,-3.0817866514521555,0.07676089408207856,-0.16972155781475165,0.8581898528254722
-0.014812467839347317,-0.004412412011387201,-0.013554551356679156,0.020557345298719516,2.0097346009606554e-09,531.83203125,37.563183166810475,0.30656098692368755,0.08485664408965128,0.14259180127079363,280.19598388671875,90.63277435302734,-2.5164806990593993,0.049460231995378766,-0.27194994811376993,0.8585545513566792
-0.014960129797574398,-0.004502086180808301,-0.013186370223396304,0.020443938544423654,5.162885119425198e-10,471.703125,24.66159442425785,0.276069961114438,0.07698875229411346,0.15001670472021844,201.55709838867188,80.83716583251953,-0.9880471309940593,0.08557108588035729,-0.1478012155510533,0.8581863702233964
-0.014788371167590526,-0.0050305091358589515,-0.01481942086131649,0.02153177137676335,5.470319752731712e-10,532.4921875,19.95293141099202,0.2632027139500073,0.053518760436332954,0.14568360735052122,219.1995391845703,141.05380249023438,1.6540333213231657,0.015659125540675896,-0.16745579295160729,0.8598194208613166
-0.01569102721599952,-0.004028789617364803,-0.0125961025794461,0.020520752448829765,2.1623375090484842e-08,371.7080078125,41.64688342239723,0.3417270086109674,0.09376815589377485,0.1524720150767921,224.54034423828125,31.02768898010254,0.8190060106250028,0.1871535773985484,-0.24071460383860585,0.8575961025794462
-0.015042528410127126,-0.003714505215028141,-0.012569109231955755,0.019951383832877066,5.193194851926819e-08,370.58203125,36.09956713237641,0.34265407773361944,0.08035384603223818,0.17224726987932837,262.51239013671875,95.62748718261719,0.43652278293185554,0.10158630862957284,-0.27547838465795,0.8575691092319558
-0.01623895952070259,-0.0035640924789400175,-0.011095294792299648,0.019987799479719764,5.803130775916543e-08,381.7890625,33.587430951717884,0.31796225302029835,0.08514951394502557,0.15857958989858312,216.91043090820312,60.90532684326172,-2.7140841983835045,0.14420470864400106,-0.1969026289284615,0.8560952947922997
-0.014844564872493124,-0.007999020395828449,-0.017208461132907527,0.0240930813328085,2.1673768060281873e-06,521.5859375,43.2145243623911,0.3259030329504621,0.07728770671652792,0.14576001011922524,305.87677001953125,143.94732666015625,-0.425001410771554,0.00940723986748429,-0.3031313661699028,0.8622084611329076
-0.014714358382285393,-0.004651975261956182,-0.013677859931974234,0.020621277088456257,2.9716005212065966e-09,542.26171875,14.496226000136097,0.25094870623150445,0.05818731201095548,0.14245778764559447,199.2496337890625,121.4205322265625,1.4588706736599073,0.015526529895901418,-0.1457943740209452,0.8586778599319743
-0.015150145187577652,-0.004248109974715947,-0.012263784135291056,0.01994927915687632,6.534107921396526e-09,364.55078125,21.89888261100851,0.30178835119698894,0.06446283619826731,0.17601348143904383,200.6575164794922,106.99067687988281,-0.9180222797722014,0.09612557810550156,-0.1926328347477947,0.8572637841352911
-0.014853401844055217,-0.0043413214072449136,-0.013515066948002752,0.020545745362750466,1.9198460599056943e-09,587.5546875,43.22973085358499,0.3153313917264159,0.0916265694950231,0.12999801874318995,301.9203796386719,73.19580078125,1.2944427487724446,0.07149638540880143,-0.2814454743605477,0.8585150669480028
-0.01478340710849034,-0.00443431656357357,-0.013515906383133824,0.020515652913787152,1.289234674572981e-08,497.3125,33.965883080060685,0.2964710137604078,0.07854643618386639,0.14438507109513143,261.11199951171875,101.33468627929688,0.25226321617771824,0.05656610866413751,-0.26908174787457934,0.8585159063831339
-0.015356704496720108,-0.0031196897844200655,-0.011276920862025142,0.01930621095603631,2.7751934084108143e-08,364.12109375,31.18617668443616,0.3319683789481399,0.07416151189589566,0.17694753214979453,247.38790893554688,105.06951904296875,1.6380419857156543,0.08189908386109547,-0.26887464971998015,0.8562769208620252
-0.01498756045267692,-0.0045423422228287325,-0.013276120023458682,0.020530835444989043,1.703405416719761e-08,425.83984375,27.664940928535312,0.28954088765988945,0.07863143589011974,0.15489455794800433,201.42491149902344,76.09342956542969,0.5436513939688944,0.11141544575551422,-0.15644262799625888,0.8582761200234588
-0.015498442869134127,-0.004445089970445515,-0.012847426003869566,0.02061593827935255,6.211105935127748e-11,428.3466796875,37.14020272601771,0.3114697429883429,0.0924993260546914,0.14630978617155066,191.92164611816406,31.6011962890625,-2.274088947389158,0.18195762388848635,-0.14716509199459163,0.8578474260038697
-0.015004793712170783,-0.004527903546712675,-0.013517245229199393,0.02069689985141366,7.192910267406205e-09,423.1904296875,41.79978522933306,0.3260189388918647,0.09481700644688558,0.14230850877486534,223.37890625,26.58576202392578,2.222830725240658,0.1809081326491837,-0.1923144514875599,0.8585172452291995
-0.014531792366169277,-0.0050339897587659554,-0.014579160985276896,0.021191176873865125,3.164227990737345e-08,365.09375,32.78555741104256,0.3198597811411348,0.07632001725767598,0.16743017783035752,234.16140747070312,93.11820983886719,1.6891219289208126,0.1217533765017773,-0.20289133226907294,0.859579160985277
-0.015116648081914208,-0.004648160240443164,-0.013410241478312379,0.020735308518561448,4.133395847816246e-09,440.0419921875,35.99627805630473,0.30554593242213873,0.09221420927558432,0.147410715697328,175.8201904296875,31.961273193359375,3.023072900321451,0.168528672406415,-0.10305598095041972,0.8584102414783125
-0.014669614898234581,-0.004149928474290965,-0.012615804547939313,0.01978833070261469,5.941765479633432e-08,420.6953125,23.440751007730622,0.30762951934909616,0.05558696503048664,0.17636862383982566,234.47879028320312,147.02357482910156,0.9156323510982836,0.03892976750227781,-0.20031047781389902,0.8576158045479394
-0.014764664944221642,-0.00470110417536089,-0.013525042522685604,0.020567510462454537,2.2039213121161083e-08,504.109375,10.20968419431228,0.25407766729649817,0.051797594383803124,0.14822431948259884,169.8057403564453,125.70091247558594,-0.20057380440712233,0.028812751444667994,-0.1136424125683345,0.8585250425226857
-0.014985449435914455,-0.00454140240654366,-0.013484154018932992,0.02066423093707618,8.7502556311847e-09,507.23974609375,41.05708663304613,0.3106968906013937,0.09710902631049653,0.13450665799389294,218.48834228515625,15.232013702392578,-0.38405373433838497,0.16024605291782928,-0.18052290198957185,0.8584841540189331
-0.015601620607553851,-0.003974664133370637,-0.012439595382145119,0.020345811702329256,3.083529431791021e-09,469.875,37.965193714206805,0.3100907354757665,0.09199088936004557,0.14121928909442816,234.12155151367188,41.97948455810547,0.12976967757704405,0.14794784716374615,-0.20936325937600267,0.8574395953821452
-0.016769122573533385,-6.556357470904883e-05,-0.009104227460980274,0.01908126641839537,2.3004131435300224e-06,362.62890625,47.956536228914295,0.39368302484123885,0.09308165441681426,0.16053327229559822,306.99908447265625,65.66178894042969,-1.4227585212014229,0.132950571753568,-0.3880367728554131,0.8541042274609804
-0.015139303781908864,-0.004562076362449152,-0.013331777692046298,0.020682053963953402,3.83234244338837e-08,418.29443359375,38.96428427235701,0.3244473885975856,0.09521966500649841,0.15115819718959955,187.40560913085938,19.892274856567383,2.052430383858188,0.19483543711186546,-0.13228917910271323,0.8583317776920464
-0.015157163167866305,-0.003962423220775835,-0.013128064895963742,0.020439825855190205,2.7818270353918706e-08,424.5234375,46.55352382827298,0.363249933753464,0.09581957087486037,0.14813847123374224,289.0594482421875,42.01172637939453,1.9209554183797242,0.15127336550978002,-0.3308286386440147,0.8581280648959638
-0.016916462365417995,-0.003164306083817986,-0.011227527476718957,0.020548403957319168,1.1321653659024378e-07,350.263671875,45.032350134779065,0.3731779964758789,0.09712776285813261,0.1599227498978757,241.47396850585938,18.97571563720703,1.8323773784587472,0.22209119956207296,-0.21921678422754642,0.856227527476719
-0.014030495831704431,-0.00553424987627954,-0.01491570180809998,0.0212122817114221,1.2884477484931267e-08,385.35546875,48.1577262829759,0.3726359005623425,0.0964435428833012,0.1484475414203248,282.13360595703125,35.8223876953125,-2.6619858739601248,0.18256405360363967,-0.2989467119239371,0.8599157018081001
-0.015063169254181635,-0.004154655458447787,-0.013253361162898214,0.02048930970220206,1.2298446705472088e-08,412.33984375,42.728652141887494,0.3448820233208449,0.09223414316509733,0.15111584758332708,268.30364990234375,52.27857971191406,-0.518108386881888,0.14745432429445998,-0.2602091893384381,0.8582533611628983
-0.014661151328915968,-0.0047915202054282235,-0.014203294679671852,0.020967632291844403,2.6414724629830744e-08,455.140625,24.18476309885783,0.2805863983809087,0.06602520220729821,0.15508972312421587,219.69003295898438,112.18868255615234,-0.10956755713288092,0.06058347106418483,-0.1750885590530617,0.8592032946796719
-0.01489233967231493,-0.00455527903029021,-0.013394715842891536,0.020541440077833307,2.066575888193256e-08,436.26953125,26.771435114078436,0.28369298805670073,0.07749645136734279,0.15078638420202417,195.52154541015625,77.63140869140625,2.9677138019468225,0.11439186025822447,-0.15235377368671105,0.8583947158428916
-0.014691535739697805,-0.004090120682136655,-0.013155081866361384,0.020140171014565146,8.898019210334951e-09,489.109375,37.07947137462174,0.3237031075406137,0.07631467554675071,0.15627551420166608,288.27862548828125,130.83447265625,-0.3229739373745884,0.014377616107680315,-0.30619082603511744,0.8581550818663615
-0.015214709102579466,-0.004388779502382645,-0.013149018105386823,0.02058264889980002,8.912464100063744e-10,404.609375,37.93351990749757,0.31775514232038643,0.09037243559752209,0.14828535822886135,215.84396362304688,43.205238342285156,2.857948792780917,0.17102538696603195,-0.18359453977207646,0.8581490181053869
-0.014776611044172855,-0.004623742159722916,-0.013759415075019876,0.020713491466120688,3.271806992000137e-10,443.240234375,36.873783362967615,0.3107024403020564,0.08959176265897266,0.14745897442541422,231.0297393798828,50.57436752319336,1.0148595624319143,0.14133129843589348,-0.1784653801470337,0.85875941507502
-0.015105583031651923,-0.004306147820237638,-0.013140273619542842,0.0204789730839298,5.402352343253369e-09,442.986328125,36.64749449275729,0.3135821477339553,0.08735056762263717,0.14994544775698238,246.749755859375,64.16117858886719,2.5755551366925697,0.12402123336686323,-0.2344956717929094,0.8581402736195429
-0.014730837542418246,-0.0047861684124204384,-0.013802149380541584,0.02074618784972204,1.5131718100747094e-08,472.2421875,32.28979585750583,0.2941822353267673,0.07887661122814305,0.14600921947762246,244.48936462402344,91.37779235839844,-1.566438243599227,0.08565148397248738,-0.19532385939096006,0.8588021493805417
-0.01490779457155711,-0.004145793682910404,-0.013184063464018125,0.02032853840472219,1.884797207196698e-08,469.95703125,38.62588980991542,0.32286108111836487,0.08690458870400553,0.15047226386231294,275.1994323730469,78.67338562011719,0.8204380294939264,0.09403627762106702,-0.2848118006814902,0.8581840634640182
-0.015006175487005918,-0.004067428286979979,-0.013210117465933369,0.02040187440115001,1.0320330146029733e-09,423.68359375,42.48848308397461,0.35655685108490864,0.08965199714661928,0.16084158800047088,293.2621154785156,76.49864196777344,-0.7647178340421138,0.10754314811439349,-0.32164715178845,0.8582101174659335
-0.016960327593253832,-0.002665181170543429,-0.01085985826400182,0.020314832616994787,3.8698821924754156e-10,277.3125,44.17823802029511,0.3962417090349553,0.09293461085411373,0.17833157654612364,245.92391967773438,39.954795837402344,1.7631080171242706,0.22831926420590848,-0.2846249304547474,0.8558598582640019
-0.015110844349916261,-0.003631201152132002,-0.012776568572335667,0.02011874606575262,2.3128830406449197e-08,455.23046875,43.74765226955349,0.3504010843697719,0.08980085496982705,0.15032617230304957,301.893310546875,81.04878997802734,0.05983214171757936,0.08301990601993488,-0.3370038988939898,0.8577765685723358
-0.015622245279147962,-0.004071578953682431,-0.012596543353670553,0.020476943307018075,5.040305239845111e-08,326.544921875,41.02318949845176,0.35904777347124417,0.09131385953868205,0.16942702400772836,233.58981323242188,43.85272979736328,2.0976592519920625,0.1961749876115086,-0.22140936950390136,0.8575965433536706
-0.014605462098287357,-0.004639524515538396,-0.013636074767732986,0.020513099373473394,2.7962210324972148e-08,501.7421875,2.0842615098891955,0.2565951870049904,0.044053444397401546,0.15342591587224064,155.0914306640625,138.91392517089844,2.2038737983935492,0.018967323807755725,-0.10037679585498929,0.8586360747677331
-0.014867656310326882,-0.004715411347341963,-0.013617638868967052,0.020705612685990395,4.6215539839522535e-08,322.26171875,33.454673540479035,0.3225465840912496,0.08178579747240086,0.16677742107921023,150.40704345703125,62.69225311279297,0.5335351916116332,0.17407623585057125,-0.10340522743549868,0.8586176388689671
-0.015071900332608926,-0.004828217545443589,-0.013164118978644446,0.02058562344905136,2.1886670253934426e-09,511.8984375,29.904492202352817,0.2758211623368291,0.08606313177686427,0.1379907497322076,131.7658233642578,54.68916702270508,-2.589064387845925,0.11452742805674236,-0.08520173404656066,0.8581641189786445
-0.015876635682240264,-0.004485838856126398,-0.012503799338291044,0.020701094384644635,1.7410339836487765e-09,377.07666015625,40.81731632404453,0.3362078866330829,0.09530646934106854,0.15210397825152155,179.923828125,18.58719253540039,-2.8861287765540085,0.2257156564714466,-0.10741252484080681,0.8575037993382911
-0.015395857823077896,-0.004792846453608404,-0.013033915115504557,0.020733710677890576,1.3830550038562706e-08,323.73046875,36.538263153457414,0.3364504707317165,0.08808057013773626,0.1670955965218378,141.65911865234375,45.308685302734375,-2.062283139205373,0.2068727797043055,-0.10446573844425795,0.8580339151155046
-0.014797313221267469,-0.004280709403333999,-0.01320261693218272,0.020287780692378528,1.9039232412865204e-09,444.984375,30.766725799860097,0.31020563660321115,0.06705472446854935,0.16233360213461578,256.3497314453125,133.9648895263672,1.7779017020915502,0.04212985836981742,-0.24854149390456762,0.8582026169321828
-0.014721455574689506,-0.004710654390939595,-0.01413151097437948,0.02094304470337212,8.954014418804945e-09,460.76171875,14.292413022347791,0.2652975168066297,0.05468819794640202,0.1556709432950032,179.72354125976562,121.37437438964844,0.22511180704975076,0.048394193074088564,-0.12957059500114024,0.8591315109743796
-0.014954926937855315,-0.004238808840096475,-0.012854185996117096,0.020170459531756918,4.817110266230884e-09,439.19921875,24.39074433499437,0.2849574672542438,0.07037781237792781,0.1564180879452267,216.42556762695312,100.47761535644531,2.013567873765488,0.07609439938438464,-0.21319541943911952,0.8578541859961172
-0.014818543240331758,-0.004533932003225827,-0.013534348269184537,0.020574847417345186,4.87629936429812e-10,480.75,29.39883874493159,0.2822755995570291,0.07723785951842523,0.1438821868999446,229.29965209960938,88.86211395263672,-2.992007710979961,0.07954306055982484,-0.1951735225562599,0.8585343482691846
-0.016120188092942744,-0.0029608205732785664,-0.010744962878906472,0.019597988414326625,1.9854859090173704e-08,306.140625,34.97714709934923,0.3557141526269618,0.08031944884742731,0.1845751343950327,240.01377868652344,83.2331314086914,2.837940632546188,0.1590806096380181,-0.2500093478155963,0.8557449628789066
