res_x,res_y,res_z,res_norm,reproj,area_px,obliq_deg,cam_range,gripper_perp,gripper_dz,cx,cy,obj_yaw,det_x,det_y,det_z
-0.014704322920277707,-0.004668088024009309,-0.013855746857427187,0.020736197320646976,1.7577264088686206e-09,544.390625,30.26466691913856,0.27374507804531084,0.08020523851357976,0.13628650322479785,237.85003662109375,84.99052429199219,-2.572539467461962,0.06375639792931202,-0.18716779432254738,0.8588557468574273
-0.015323686914965245,-0.004338819809746208,-0.012922593270392024,0.020509367490034996,5.1539252865495655e-09,426.2109375,29.864891466304563,0.2947427338138144,0.0791098743042404,0.15235521782264738,217.5528564453125,79.0486068725586,1.6574421464263123,0.12475821178771263,-0.17729158192364755,0.8579225932703921
-0.016643645300740362,-0.0038289548384640437,-0.010758760442627358,0.02018471576004223,2.0340635842330812e-08,319.744140625,34.43789420437125,0.3386819755102136,0.08577718290880364,0.17599482964674984,200.0303497314453,54.82856369018555,3.010014056243385,0.16970651385041918,-0.19630053091580815,0.8557587604426274
-0.014791169533581297,-0.004649582199920663,-0.013562891547717948,0.02059974121051334,3.7322969603792444e-08,449.58984375,21.998797851856327,0.2715293823266128,0.07174574039149118,0.1500009724140866,167.253662109375,87.30592346191406,0.9645774935969336,0.09629520357065854,-0.12087044494845471,0.858562891547718
-0.014933395905083413,-0.004562690423231097,-0.013504063367809183,0.02064422884483731,1.0833239194596445e-08,472.0234375,31.508488022685274,0.28652497102620167,0.0854133354284737,0.14351140784243388,206.29603576660156,58.70856475830078,1.4506574807559642,0.12292241608588723,-0.15469793061326412,0.8585040633678093
-0.014724979795345046,-0.004196709749610117,-0.01331070935583134,0.020288232703988992,1.6074434228130485e-08,456.1875,39.42801535128868,0.3401400749060806,0.07728954021641539,0.15960809568429057,294.8000183105469,132.6702423095703,-1.2636456999507555,0.03589125122392637,-0.319885493357271,0.8583107093558314
-0.014675755452709657,-0.004569573975163138,-0.013423113914432516,0.020406831982991806,1.5349694848509898e-08,532.6171875,13.735433941477929,0.25883126578700705,0.04698181199671465,0.14804274837274278,205.3687286376953,145.3434600830078,2.6049485591725428,0.012756447483914229,-0.17451782422786602,0.8584231139144326
-0.014721070475770575,-0.004585085634891767,-0.013630989997372112,0.020580010071434698,6.569027988234666e-09,503.75390625,21.945925656039524,0.2719592480104196,0.059934733838451534,0.15006430437091323,226.44386291503906,130.2980194091797,-2.6571745489004304,0.019059627123407263,-0.20211491726202668,0.8586309899973722
-0.015497490407648112,-0.0031289486458596083,-0.01214658861001694,0.019937455791162653,2.4882425009309372e-08,396.0546875,44.10508206789066,0.3655549541224122,0.09130946714454097,0.15948467049352766,290.4212951660156,66.10142517089844,-0.4961903273161825,0.13225545392378038,-0.3470382743246983,0.857146588610017
-0.014895745792252689,-0.004663561548297279,-0.013712404807704526,0.020776479360866913,2.4482218474730644e-09,582.5546875,38.03868947925306,0.2947620072649153,0.08090723330893461,0.13169058249177568,287.0889892578125,111.48197937011719,3.0827553952915068,0.019266725058600297,-0.2903372620682284,0.8587124048077046
-0.015006998037463554,-0.004749981727370359,-0.01341594594522888,0.020682357750316824,2.0993949689795954e-08,449.0732421875,32.894434924978334,0.29376424267693363,0.08870281406133988,0.14466414676599149,158.77105712890625,43.70231628417969,0.9884608640320681,0.15329756612640497,-0.093702751564981,0.858415945945229
-0.01485929103111603,-0.004496465827320439,-0.012194130477008347,0.019741163921460397,1.5227975325160514e-08,475.375,8.992989816928235,0.2671959573513486,0.04739244802402474,0.15882689262992244,190.0198974609375,136.9622344970703,3.135243125753421,0.024665043375584526,-0.15155390457163256,0.8571941304770084
-0.014770709527823944,-0.004445390862939602,-0.013618054432808835,0.020576364266181726,6.3618643686425e-10,496.49609375,40.115930227656634,0.3239443633403182,0.08514215680608969,0.14664871410837887,290.8197021484375,96.17999267578125,2.0234805416288157,0.0677187518530244,-0.2978337522261937,0.8586180544328089
-0.015006929369831931,-0.00415802402556853,-0.012200993662350834,0.019782854679167374,1.7212590242010606e-09,417.78515625,19.100001311097476,0.2888416662872351,0.06133220072898574,0.16788506308928486,209.44287109375,117.3541259765625,-1.9219297830657056,0.06685468882583548,-0.16315274774436808,0.8572009936623509
-0.014824493556332731,-0.004703010699672758,-0.012714031694682992,0.02008806911518354,4.687345622755856e-09,410.9765625,8.45171064517909,0.28195724792842364,0.044191770746006685,0.1742463575121035,157.4845733642578,137.05929565429688,0.802882783320483,0.05045283918485557,-0.08710015550077636,0.8577140316946831
-0.016435707662550897,-0.004416407774256836,-0.011690648528545844,0.02064723727318843,3.560920669443135e-09,365.080078125,38.33711601547948,0.3292960061267923,0.09212811994361132,0.15339652169748752,174.96432495117188,30.9310245513916,2.5252531701736958,0.20306739290410233,-0.14552610159313514,0.8566906485285459
-0.014737285371055724,-0.004599343982453874,-0.013765829350121939,0.02068428395844406,7.866500340014682e-09,458.6484375,37.95682822661943,0.337511612481962,0.0740361200728856,0.16321206430289903,289.5462646484375,141.99215698242188,-2.078586347230394,0.033322170709120115,-0.2705337742940881,0.858765829350122
-0.01474887767463165,-0.004397195854196123,-0.013477210578620502,0.02045727081068948,1.3418359756656173e-09,531.46484375,36.09543140249817,0.2952321696388503,0.08158356704101842,0.13781076272026138,270.5408630371094,97.0913314819336,2.3403698032393843,0.0421069974533268,-0.27591592158995737,0.8584772105786206
-0.015512046718189704,-0.003899486134270852,-0.012216626227585126,0.0201264885631645,1.0782532200437345e-08,319.6484375,35.58175680088989,0.3463091474491506,0.08284105542620476,0.17856224662931897,232.31736755371094,72.47074127197266,0.531784256011678,0.15801281821491991,-0.22338955935201743,0.8572166262275852
-0.015458066634715634,-0.004154139876994728,-0.012483563581143886,0.020298967015230318,6.749774628111993e-10,382.21875,33.76176969963053,0.3163955246903365,0.08528322560934652,0.15897122923495188,213.35052490234375,59.43085861206055,0.32613685215786403,0.15882260110038526,-0.19390186525377215,0.857483563581144
-0.016184089578486383,-0.0031639830909407918,-0.012140307123717609,0.020477368032596848,1.2821988804034845e-08,309.009765625,49.0792891854944,0.41236087376972264,0.09671644445258992,0.16829067404313192,280.8829345703125,33.24620819091797,-2.5126799845591794,0.23084980930620275,-0.31630725607546,0.8571403071237177
-0.01519127186999028,-0.00466084437067045,-0.012787751227142041,0.02039668582693868,2.4666439557563535e-08,495.080078125,26.777390059863084,0.2743657875170977,0.08388726327547488,0.1430091457940379,163.75677490234375,58.59775161743164,-2.757516463950199,0.11587721504556002,-0.10691749527539386,0.8577877512271421
-0.016310130739027623,-0.0038913202151100446,-0.011785487358508484,0.020495376308286246,3.124196368275989e-08,339.7451171875,40.588316693459355,0.3543207736483998,0.09295363323269666,0.16643208780781893,221.712646484375,34.266822814941406,-0.7008375925387186,0.21028806613077267,-0.1694739002216046,0.8567854873585086
-0.01654293884859076,-0.0048349326972682155,-0.01192525143024814,0.02095845942835403,1.823667261646733e-08,358.31982421875,42.23139939183687,0.34708818502139094,0.09626972244191713,0.15270061997646656,146.92034912109375,13.731094360351562,-2.2475382471532743,0.22214286226136026,-0.08235403679379084,0.8569252514302482
-0.014768488317904449,-0.004684564399776492,-0.013778985257503096,0.020734363398431627,1.495727808276115e-08,528.76953125,24.11746869828937,0.2627152772854455,0.07380282791321868,0.13921136090717967,213.33993530273438,92.3723373413086,2.2869386973288033,0.06950345500609809,-0.15910342336343383,0.8587789852575032
-0.01484460951572214,-0.004448147075370529,-0.013038572680152405,0.020252230040516832,3.936978743013242e-09,433.73828125,18.903997064087644,0.28087007409621095,0.06009436132143119,0.16194119088685643,205.46800231933594,118.29196166992188,-1.4603875900556607,0.06048754866833971,-0.16653391078419813,0.8580385726801525
-0.014954114499692722,-0.0044452453456664265,-0.013213326025865113,0.020444503694609303,6.395227458710906e-09,442.154296875,29.825764171264932,0.29185359536999395,0.08134851112566363,0.151139736301236,214.3924102783203,72.0247802734375,-2.2437305022545795,0.11249142449944685,-0.19465239098976306,0.8582133260258652
-0.01518476923345441,-0.004390389945381656,-0.012872175519292539,0.020384936672583658,3.4222757960833405e-08,418.87890625,30.88191272589039,0.2986179783533458,0.08396228575891974,0.15384976561755792,201.2429962158203,61.326751708984375,-2.117848084546709,0.13517987289541736,-0.1792837903515801,0.8578721755192926
-0.014990475666012568,-0.004701335604877968,-0.012820053880074678,0.02027734446743523,1.0182755261212151e-07,392.1484375,17.422998867708294,0.285191799453646,0.06119203343241862,0.1681482375776523,168.1957244873047,107.66551208496094,1.910518765320931,0.09351561057323048,-0.08267648679140117,0.8578200538800748
-0.01467322695758151,-0.004650781967234702,-0.013757756905055984,0.020644835608792524,3.1555605350952476e-10,549.19140625,14.99977317371249,0.2559238356809025,0.046751883815470886,0.14474194349676484,206.98074340820312,147.59146118164062,-2.995155022929084,0.009087309840818803,-0.1543720216720748,0.8587577569050561
-0.015041596832188628,-0.0042930497705951365,-0.013103819111491166,0.020405636155278156,2.988638669876309e-08,451.25,32.452326276161024,0.29959759918923723,0.08338897481543547,0.15089646893992537,233.41868591308594,72.29237365722656,2.0535018668179466,0.10598720938247294,-0.20923304523345676,0.8581038191114913
-0.014806126993836433,-0.003977094163450379,-0.013051850801480191,0.020134286277061375,2.7218418630070573e-09,539.453125,38.778230449943074,0.30824836789279525,0.08123757488678647,0.13813486879603565,289.8698425292969,112.34285736083984,2.5694248097652737,0.03259572458932858,-0.29910737371039026,0.8580518508014803
-0.014928983154481934,-0.004461174610967844,-0.013126352106039185,0.020373456666654993,1.3886719552047566e-09,416.81640625,23.34595249868873,0.28886646622235773,0.06785007150391305,0.16160744182376308,209.97006225585938,103.6475830078125,1.7242619910053807,0.07633773723018841,-0.1492496967579323,0.8581263521060393
-0.014924790734935939,-0.0047496285232360574,-0.013502858857898037,0.020679350737551762,6.496191140570318e-09,412.48828125,32.82218378673691,0.29894520447233736,0.08622624671656987,0.14950965021392404,148.42388916015625,51.492340087890625,-0.22991777764128674,0.15203744642576103,-0.08734889551045459,0.8585028588578981
-0.014733316728862314,-0.004576504651275182,-0.013776410710404363,0.02068343561205105,3.76830833204167e-09,584.92578125,34.30392612045424,0.28055158767879673,0.08548013171771271,0.1322137804442649,257.9649963378906,76.82156372070312,-1.2610044867007248,0.059012335656985236,-0.2382962634959586,0.8587764107104044
-0.014836962322858,-0.004514625962380309,-0.013623105276178049,0.020642342306917024,5.515894851981784e-09,413.203125,39.91409374240194,0.33096637455597644,0.08633773045722891,0.15157974403830998,265.34197998046875,75.82343292236328,2.8524471207453668,0.1288092631005528,-0.24744418342018124,0.8586231052761781
-0.015295525977806756,-0.0030453019910731127,-0.01217037026284229,0.01978243896715648,1.2808117233475969e-08,356.75390625,43.65093678815662,0.38291111924038407,0.08675031860211793,0.1731274296358627,297.47894287109375,91.98771667480469,2.2414510930284353,0.09947933177485259,-0.3754982637420504,0.8571703702628424
-0.014761776981699705,-0.004545683447525428,-0.01299291237168576,0.02018388142951823,3.40688828259772e-08,498.54296875,10.491550353430615,0.25893282446329585,0.05327631891004124,0.15114383423919708,188.15164184570312,126.34364318847656,2.9785823401252833,0.028437614816099792,-0.13187244815521634,0.8579929123716858
-0.015744671020112094,-0.003401348383969216,-0.012551681332179099,0.02042078697370062,2.5286613691832827e-08,359.58984375,50.74577202945653,0.40831826235121427,0.09881933151070552,0.15658981904684122,298.4659423828125,26.117368698120117,-1.0062573845524672,0.2043006501449055,-0.34867766558750857,0.8575516813321792
-0.014703201787921477,-0.004361405656975265,-0.012960731616746601,0.020079506123467483,2.1705348629552645e-09,484.51171875,18.886840795842904,0.2764212810271882,0.05430049561068523,0.1573995070206312,220.17462158203125,139.09422302246094,-0.29030070445803025,0.01740428144436887,-0.18772865001338343,0.8579607316167467
-0.015066004633728924,-0.004417319814410098,-0.013297457161194237,0.02057473151514054,1.2825090989210253e-09,402.181640625,37.99086642970183,0.3173626036969154,0.08954454871256864,0.1481724162441338,219.99359130859375,47.38313293457031,-2.499563985784815,0.16534482471957265,-0.18172321327436722,0.8582974571611943
-0.014848365436847958,-0.0043745127685708984,-0.012818242512863454,0.02009770283458164,1.0744157918907149e-07,531.53125,16.992278038425287,0.26378230163632443,0.05233325213083696,0.14911491316000358,216.37269592285156,141.32022094726562,-0.054756538264076705,0.01502551270956814,-0.1625079878893774,0.8578182425128635
-0.014657749100996584,-0.004796331064164161,-0.014079576714535413,0.02088274121961291,1.014844652758029e-08,402.5,30.374654899982676,0.30282288169989635,0.07833480186744603,0.1592681467650917,222.00723266601562,81.92741394042969,-1.0903134180221181,0.09315094511600454,-0.24462072120582648,0.8590795767145355
-0.014855409886075893,-0.004259751263596179,-0.013401098446370718,0.020455271283469946,1.4347602217412714e-08,460.11328125,43.52377107228504,0.34781115053953954,0.08776287844389744,0.14968203380022715,303.2989196777344,92.36793518066406,-1.4448276504469784,0.08976838641284952,-0.30924742181408704,0.8584010984463708
-0.014720162522554842,-0.00468702356008735,-0.013846810575014246,0.020745735408598278,4.2476937522906155e-09,473.083984375,33.91209964021508,0.2947471680023662,0.08673186847432471,0.1443813397456003,226.42649841308594,59.857643127441406,-2.6967403885831676,0.12764755379059856,-0.18251520721856754,0.8588468105750143
-0.015354694600577423,-0.004343336782969498,-0.012646965881912386,0.02036116319628015,1.253752213159487e-08,418.5703125,31.11523215238372,0.2985158650868904,0.08344074574182017,0.15212752250687578,203.9840545654297,63.4643669128418,-2.8342127759162783,0.1387864618347825,-0.15242656711270233,0.8576469658819125
-0.014966819247353352,-0.0047050732794998995,-0.013464297245596057,0.02067439704722187,5.019877846734744e-09,437.833984375,34.54633626301642,0.3041969845396064,0.09103236216032685,0.14949627841810476,146.81863403320312,36.188636779785156,-0.6708308313551485,0.15923087534087932,-0.08464361931257619,0.8584642972455961
-0.014739610331701576,-0.003907256107759882,-0.012758285929553859,0.019882067872388998,3.9178608801648807e-08,459.0546875,32.790247137296205,0.32250337992041667,0.06917751843311877,0.167333731151308,271.90704345703125,142.09939575195312,0.6755704527140738,0.03182578251535146,-0.2518116106200746,0.8577582859295539
-0.014930391354003383,-0.004405340193102486,-0.013093271420486774,0.02034102663808292,1.3866006121077135e-08,451.9375,32.27481005724044,0.3037358733668196,0.07601357594674416,0.15347662819400398,252.51486206054688,104.36166381835938,1.5228791650167433,0.07617629499359391,-0.22487908858192204,0.8580932714204869
-0.01486059495898126,-0.004407666027998802,-0.01359533059794682,0.02061790038817588,3.282174532159843e-08,431.630859375,46.559506223536054,0.36502270266189824,0.09578866228757085,0.1499782699743316,293.94342041015625,44.04185485839844,-1.3692803813587158,0.1331649684167165,-0.34421575117186726,0.8585953305979469
-0.015817398333396626,-0.004379896032544461,-0.012277187015601099,0.02049641188865215,2.2907853391984645e-08,373.7421875,34.92131927844613,0.32006945263047965,0.0891048070989402,0.15951339820786903,181.16119384765625,42.42753601074219,-2.8557951623264173,0.1672772153588342,-0.1394315850710802,0.8572771870156012
-0.014874802215638624,-0.004794941013709544,-0.01303565579651822,0.020351400991691474,1.2444924257781764e-10,414.56640625,16.810694405258623,0.28094681320405146,0.06169365946928963,0.16494308017716874,140.00584411621094,109.06269836425781,2.2329566520981494,0.07738474452830214,-0.08428279255881761,0.8580356557965183
-0.014815979005023877,-0.004545255936408588,-0.013516985327414521,0.02056408222475064,1.5503451855636285e-09,488.65625,26.8137586476235,0.2768640351409319,0.0760211264882012,0.14627151321845644,221.31915283203125,89.39305877685547,-1.9678913635315585,0.07225407476216185,-0.17276758678066015,0.8585169853274146
-0.015111571756782516,-0.004910509058195026,-0.01356175110832325,0.020890040528804853,6.625932691406433e-09,432.888671875,28.081559520994688,0.2858682407539456,0.081262962063327,0.15143712687383937,150.25775146484375,65.42080688476562,3.0980476845274167,0.12803257073608343,-0.0864133602639023,0.8585617511083233
-0.015469492416497671,-0.004195585905947957,-0.01272032297372383,0.02046252069697461,1.7137925567567436e-07,408.291015625,37.57639415799119,0.31890653756341547,0.0901403082263978,0.1498343954731346,221.7014923095703,45.451805114746094,1.9757114354917447,0.1667719999890972,-0.18913104274493556,0.8577203229737239
-0.014700893696538105,-0.0042070290594037885,-0.013292138722998614,0.020260708793500313,2.6193056057444153e-10,480.46875,37.82172946336889,0.3320239230155182,0.07655598931256617,0.15946158514033026,292.8470458984375,133.46826171875,-2.487164944808433,0.01766628519413769,-0.3169991445886126,0.8582921387229987
-0.0146974429045824,-0.004677511677328189,-0.013905293093653626,0.020766586610355884,2.5251820190419494e-08,545.625,11.928743700478162,0.25013464564279614,0.051820012409350705,0.14420531465457753,197.01644897460938,132.9852294921875,-2.3412283852142326,-0.00024053614858772498,-0.14364270893227166,0.8589052930936537
-0.014720490875711586,-0.00465072506649275,-0.01322349829022984,0.020326903411432926,2.341025684415854e-08,489.5859375,4.749214201478591,0.2610980311442718,0.041841526499578674,0.15791276168631896,173.01986694335938,142.7550811767578,0.6239805775912648,0.0035559340545565886,-0.09855141450628702,0.8582234982902299
-0.014699155874940525,-0.004615096421689557,-0.013781517785375952,0.020671103765544888,9.77027880821879e-09,560.3203125,32.86928055994042,0.2902799038773343,0.0739775573789975,0.14255886302568432,272.355224609375,125.13133239746094,-1.2136634324242717,0.014861199274298586,-0.26115097061647635,0.858781517785376
-0.014788743978976088,-0.004479479371718609,-0.01356818508426072,0.020563762554506145,6.117906181657418e-09,455.8046875,34.723954780628304,0.30598518256482343,0.07944384759309989,0.15109724319726925,257.6444091796875,96.6048583984375,-0.11595453235601114,0.07434161311301239,-0.2633640316425982,0.8585681850842608
-0.015191761703405873,-0.0041901443195197785,-0.012662106572306708,0.0202157333757627,9.877217266307525e-09,353.6484375,27.677942281761,0.3128772658693962,0.07201363272093575,0.1735243370830165,213.8494873046875,94.45944213867188,-2.557131436782884,0.10781245524393471,-0.2291169338506681,0.8576621065723068
-0.014678508160948033,-0.0046536212811587735,-0.01346002374322186,0.020452066693309214,4.188978941499499e-09,455.80859375,2.9540325667466156,0.2696101477663899,0.04116053811358761,0.16540968390821498,164.41650390625,142.7772674560547,0.560620813534944,0.01652483561300499,-0.08427271043438585,0.858460023743222
-0.015385528960566525,-0.004319086133820288,-0.012631671127288246,0.02036978453238417,8.020250241713711e-09,483.95703125,33.05200344493197,0.28992737211694686,0.08853951544149813,0.14140505417041893,207.39828491210938,48.81076431274414,-2.4856851888407396,0.13404508411563867,-0.16811818842855392,0.8576316711272883
-0.015723748402520388,-0.00344949593602617,-0.012014306591364154,0.020086782940772763,4.459149494095982e-09,396.2734375,40.73228315700744,0.33988022330887235,0.09111177625683807,0.1544752484868155,253.95065307617188,51.14204406738281,-1.1296907676973058,0.14317658927686724,-0.27822312958939266,0.8570143065913642
-0.015242197010817998,-0.004721006596651506,-0.01316506444829424,0.02068650272351412,8.865648482014876e-08,384.326171875,36.53909019967072,0.31662842486045367,0.09033026716139501,0.15257478381087797,156.0509033203125,37.60099792480469,-2.558674422655835,0.1843215664622054,-0.09615405833644747,0.8581650644482943
-0.015378490713418458,-0.0037893877287053512,-0.012909866692179195,0.020433357384213646,2.387961828276275e-08,466.08984375,47.62347866087272,0.3658686065556155,0.09700329304368265,0.14405192211414886,303.8695068359375,41.34477996826172,2.820253664534182,0.16449600172676856,-0.2843908090148077,0.8579098666921793
-0.01469545781246711,-0.004752014398888615,-0.01405630239876654,0.02088343262710456,3.835759709858166e-09,563.9921875,21.986876184251265,0.2512312511413847,0.07260982003582464,0.13368665855636208,204.48626708984375,92.5079345703125,1.2670761641872077,0.05602350751087933,-0.17529466319947448,0.8590563023987666
-0.014663416187715099,-0.004774101512714318,-0.013978283525182711,0.020813462707061522,1.0645190506863855e-08,525.7265625,30.532160285070077,0.2840290680287682,0.0733325322929765,0.1448963714732242,255.39395141601562,114.86419677734375,0.9200252359638402,0.021126297628690983,-0.2464885723734502,0.8589782835251828
-0.01536209345955411,-0.003884400356713308,-0.012460124013367047,0.02015780672642229,1.678389871528907e-08,360.46484375,34.622092278449834,0.3301778854030075,0.08043550514293057,0.1669712182074915,240.84619140625,83.58894348144531,-2.9654447341390697,0.14226072391282835,-0.23869892217906055,0.8574601240133671
-0.014794611278643406,-0.004736153261136716,-0.01332877092948137,0.020468703063206677,5.4489399659019e-09,549.37109375,14.127801425628087,0.2456500646416858,0.06374042238107029,0.13631330839300482,151.93853759765625,104.97013854980469,-0.09864400398733247,0.049435365835901614,-0.08357874764265277,0.8583287709294815
-0.015232609186276655,-0.00369272926709327,-0.012302324504727236,0.019925255839800385,2.7287303527856466e-09,426.3515625,35.05527497735512,0.3186605503452494,0.08205011461164961,0.15725872722956424,256.3861083984375,86.46693420410156,-0.8068321269819082,0.10331383178370006,-0.2491207854806611,0.8573023245047273
-0.013364554038411997,-0.0054510239752515455,-0.015429633219651961,0.021128145879782942,1.4579860589947202e-06,449.9755859375,44.92643895519489,0.3316743507888634,0.09791808200808354,0.14141616604812823,233.87100219726562,13.201618194580078,1.9132999366311303,0.18141293754553212,-0.21241947362943617,0.860429633219652
-0.014893614014217682,-0.004626611672064823,-0.013401557628949567,0.020562758104170853,1.2050573872102177e-09,561.54296875,23.686734210831546,0.2536501568347473,0.07917386131161888,0.1317847556502627,182.96426391601562,72.51445007324219,-1.8254963216760816,0.06956998938862552,-0.14222641228707422,0.8584015576289497
-0.014687414398152892,-0.004658980637515381,-0.013670217241128935,0.020598569894618193,9.361413866315615e-09,545.29296875,10.084270597358904,0.24714656958131945,0.0539104262881821,0.1419649654971472,186.9611053466797,125.41678619384766,-2.5060778236002967,0.007755583355478057,-0.14326943131050324,0.858670217241129
-0.014519868617316078,-0.004830132591351288,-0.014238858734151316,0.02090219757741447,4.451532475968634e-09,417.107421875,40.72297140930896,0.326878780602062,0.09317028182030924,0.1471663707745322,233.48095703125,36.0898323059082,-0.5042857984060661,0.16023058704532608,-0.24516704178000948,0.8592388587341514
-0.015199975727741538,-0.004385494040823945,-0.01291017615944512,0.020419218118574944,3.171158446946265e-09,419.17578125,31.16725958685892,0.29839737451818404,0.08252710688442877,0.15217331656661592,209.68067932128906,67.28558349609375,1.274657719058782,0.13380048389069557,-0.16499644330200972,0.8579101761594452
-0.015494807092477025,-0.003427999164877349,-0.011729533651650192,0.019733782830280426,5.0930122341696915e-09,317.46484375,33.71149183532101,0.348385163011365,0.07478662279158146,0.18448703488018614,244.53587341308594,101.33320617675781,-2.340279942496143,0.12574492839500906,-0.2649053055637531,0.8567295336516503
-0.01515345055454495,-0.0034096460103112958,-0.012403290291240987,0.01987698064781126,1.8629581433060594e-08,380.70703125,41.34888326208765,0.3626387082118976,0.08418152328350022,0.16886019279628373,289.19940185546875,97.85673522949219,-2.4671338258240603,0.09570007247971797,-0.33686477933678305,0.8574032902912411
-0.014908687252303016,-0.0045342113445896726,-0.013127160092979873,0.020375238899485608,8.99736196657841e-09,482.35546875,19.768341345389008,0.2660381425968874,0.06957023318927293,0.14837352818352512,192.98974609375,95.67192840576172,-1.3885842356372735,0.07205360793821523,-0.15275225246028956,0.85812716009298
-0.0146855798477954,-0.004250297368604938,-0.013337442691641721,0.02028838733710424,5.09911846080513e-09,447.984375,36.32792806212655,0.3370474875829058,0.07137046028553208,0.16818593997014342,284.47283935546875,146.47952270507812,1.8727141609844091,0.01327438237217047,-0.30795380733321154,0.8583374426916418
-0.014732510341942416,-0.004342527381855754,-0.013490081442609547,0.020442277328268633,3.960336503183726e-09,501.9609375,36.65078686094115,0.3092596494155576,0.07463352836569062,0.14667667710374033,279.53448486328125,130.10690307617188,2.7278253388357663,0.020964844573077117,-0.28859580406624746,0.8584900814426096
-0.016090132786382688,-0.004638131255407893,-0.012066316680218181,0.020639782771461775,2.3381366176522533e-08,283.0537109375,38.38884856338843,0.35866824615057424,0.08953525250122739,0.17733361614983945,167.5777587890625,39.475372314453125,1.078601373368049,0.23070598607162465,-0.11446030368885539,0.8570663166802183
-0.014385457395258233,-0.004756734336495649,-0.01461118275693063,0.021048861431802277,1.3529687237223698e-07,378.392578125,31.767985129409162,0.30788664989491676,0.0847293409418012,0.15984824403143072,167.43490600585938,55.31719970703125,-1.5733311415412037,0.15706657777607708,-0.09097652636804984,0.8596111827569307
-0.014869442039255202,-0.0050125559756133975,-0.01422797594304348,0.021181627024458048,6.753562153960502e-09,497.8515625,21.533662376093094,0.2759695051778657,0.054188471788410755,0.1543899149150919,226.46566772460938,144.00267028808594,1.5535853778146629,0.006423901641589758,-0.20845724116154135,0.8592279759430436
-0.014907215948090274,-0.00438431658112956,-0.012806940544016099,0.020136162626094575,1.5829130006750347e-08,492.65625,19.186634315948346,0.26778744012799743,0.0647121560388724,0.15005427512128933,210.31951904296875,111.103271484375,1.9502421784753046,0.054970283869218275,-0.16404938540558828,0.8578069405440162
-0.014765341207969386,-0.004487122880862809,-0.013429455726810202,0.020457268973498803,1.1217524686912839e-08,498.29296875,23.281645479352473,0.2751387190182861,0.06613795364025157,0.15053634601719257,228.41392517089844,117.1313247680664,2.9027759723583086,0.03765416144454769,-0.18163097113235468,0.8584294557268103
-0.014687473084200424,-0.004698318742849206,-0.014018534205839761,0.02084023430503648,1.2143023475630343e-08,544.39453125,13.613247387972777,0.2460297653108645,0.06283535350082313,0.13933668987477166,176.19522094726562,106.97972106933594,-0.17357572871323051,0.032662031285289723,-0.1439244619415824,0.8590185342058398
-0.01487191235746882,-0.004641971300338665,-0.013550636047495956,0.020648036517138826,4.208106751946161e-09,472.642578125,29.74805336471213,0.27779164653964933,0.08323558621313405,0.1392274933461226,184.05770874023438,61.116127014160156,-3.007185100356538,0.12918289181859877,-0.13154854976893962,0.858550636047496
-0.015149175408957244,-0.004624718780182918,-0.013040581599402579,0.0205168786080585,1.3974889689905012e-08,375.28515625,30.877045112423684,0.3067172998834252,0.08302365614129943,0.16107825754917504,177.42947387695312,60.492645263671875,1.3430184005833357,0.1467257298983197,-0.13070290262234152,0.8580405815994027
-0.015105874656203208,-0.004058956356572774,-0.012959354605759255,0.02031274101718669,2.5234994538436695e-08,432.52734375,38.616275325981604,0.32398081103141885,0.08662737871017068,0.15103641730484196,262.3939208984375,73.33855438232422,1.1699142199747576,0.11763349003314483,-0.2614292574968215,0.8579593546057593
-0.014682900821260447,-0.004838429605663275,-0.014043037692202942,0.020885518552350144,6.16771700379104e-08,380.78125,44.234525367934594,0.3731354956339737,0.08803628289810886,0.16499434242340805,298.5692443847656,87.45303344726562,-1.211679253535822,0.11199609559265343,-0.3385109705819383,0.859043037692203
-0.015114633208535094,-0.004215730492388603,-0.013162984745757167,0.02048142299817185,8.828851538744686e-10,486.7890625,39.91537154169958,0.31191902685182404,0.09320242292332107,0.1380901847565167,245.57595825195312,39.7835578918457,-0.7084058256625886,0.12975065475978936,-0.2573790988429336,0.8581629847457573
-0.015950731521751166,-0.003879738841229552,-0.012294805807793407,0.020509521189108294,6.849460021385312e-08,344.4921875,42.413312118796405,0.3588515864888088,0.09275236745785818,0.16217863095947604,242.11141967773438,40.682945251464844,-0.3377610563732928,0.21330854854732784,-0.1880591904269112,0.8572948058077935
-0.014708234383675571,-0.004936443670519375,-0.014706067333814188,0.02137683445283758,1.8622726472017348e-08,435.1953125,18.468753549846795,0.2818405012914281,0.056229707139442996,0.16530849235316813,207.91204833984375,127.87909698486328,-1.494211919209086,0.041001932504723775,-0.15498193392411627,0.8597060673338143
-0.014801830368083552,-0.004741870969973153,-0.013511040103613814,0.02059436153957814,3.277699178738658e-08,541.796875,19.534208296595992,0.2501145799550317,0.07156544035234313,0.13406788414407922,154.66265869140625,88.80052947998047,-1.8358096451729888,0.0625115548688437,-0.10603117196997226,0.8585110401036139
-0.016064059638353223,-0.002533949807240754,-0.01169307628078331,0.0200300510882624,3.5042830859310925e-08,299.1328125,48.48678160581812,0.42644315338099464,0.09269673151119505,0.1779612147503522,302.978515625,65.44817352294922,1.8969877897190128,0.19047608183207498,-0.35331665312219335,0.8566930762807834
-0.01638760594685512,-0.0026567726730650776,-0.0114239671568932,0.020152396763351035,1.383937018317738e-07,254.109375,46.13448212731101,0.42669078898966367,0.09135347478279562,0.19162685378992073,274.43438720703125,57.6047477722168,-1.385406009307596,0.20645807659201793,-0.3712423972586992,0.8564239671568933
-0.016752788579055267,-0.0015873470756531116,-0.01039545051666324,0.019779812621900723,2.2157530921163016e-08,384.015625,45.14824627070361,0.3723991453904599,0.09235872017901092,0.15650456422867276,290.46685791015625,61.67877197265625,-2.0252247684942044,0.1556186711216848,-0.3117876995293535,0.8553954505166633
-0.014754937174834483,-0.00464967972074401,-0.01325062852450376,0.02036926235368388,2.271547172583155e-09,556.3671875,10.644211785461707,0.24336437805261865,0.06041191778712397,0.13777591004075518,169.4704132080078,110.90911102294922,-0.9342915922879981,0.032075157721244786,-0.1160577251857956,0.8582506285245038
-0.014783986008508276,-0.004586700428502732,-0.013589645767024816,0.020598119700443805,9.71374589653351e-08,430.7578125,21.78081092550081,0.2830971587643916,0.06597886176193818,0.16063379767728458,206.80300903320312,107.05948638916016,0.5983059141195161,0.0710485825585027,-0.1336150145831911,0.8585896457670249
-0.014788388351991033,-0.004735458954428284,-0.013818344563791607,0.02078623698609366,6.883313918848444e-09,337.1630859375,51.364445290632354,0.4210981807299908,0.09905512075346441,0.1604412170847319,298.6670227050781,24.31943702697754,-1.1946658981950413,0.20421846514552652,-0.3448882410180667,0.8588183445637917
-0.014820805497000641,-0.004679283759135455,-0.013552585670134398,0.020620973556667144,8.781985805228487e-09,508.7265625,25.82626895762104,0.2675526986906544,0.08186681098790148,0.14059913284079573,169.1038818359375,64.30558776855469,-2.416161242074987,0.09590792544942328,-0.11178901153638363,0.8585525856701345
-0.015450743611157475,-0.0043240625793312115,-0.012657590176432976,0.020436183215126757,1.0824964036260099e-08,444.2021484375,34.77292567506045,0.30499946336098815,0.09072172535150204,0.14898836406564542,201.03985595703125,39.685279846191406,-2.6910374339255996,0.14929652961002282,-0.16997091749970897,0.8576575901764331
-0.015053028126054108,-0.00398864849935171,-0.01317246096421032,0.020396487454186846,1.2460383835843913e-09,381.38671875,46.17801554562296,0.3776343742817366,0.09218341993023357,0.16005877693710258,298.10467529296875,66.46378326416016,1.6926942852097402,0.13473414981871737,-0.3450959291778833,0.8581724609642104
-0.015319696968459973,-0.004673660116408712,-0.013123512505396673,0.020706588192371384,3.675411264225659e-08,338.95703125,39.40901828504758,0.3382785608144938,0.09214349155824933,0.15906315968271723,159.53724670410156,30.600452423095703,1.7616787612758273,0.20882971419486485,-0.10539106357391226,0.8581235125053968
-0.01508274126392073,-0.0045140541173990245,-0.013078661788953783,0.020467465959395754,1.9695750808068624e-08,429.6328125,30.580961481070787,0.2958876456535755,0.08432459346924685,0.15227983560765812,199.62518310546875,60.33892822265625,-0.2098347421774812,0.13448930088291688,-0.15500874375041743,0.8580786617889539
-0.01651916598256878,-0.004730857292267868,-0.011707206331178277,0.020792367242818754,4.5619771071869764e-08,334.0126953125,39.39661044192522,0.3476162093219156,0.09343752448244429,0.16450245048106538,153.22406005859375,25.7442684173584,-1.9391405263066845,0.21511004072117113,-0.09479245540363158,0.8567072063311784
-0.014795549128191532,-0.004405132240540316,-0.012555285479270317,0.0198984586721523,2.6240648764996877e-08,427.390625,15.00837449178774,0.2854507854580513,0.048843565871766505,0.17116135495671647,202.927734375,139.13575744628906,1.4250043903829595,0.04331648087547038,-0.16611467646451825,0.8575552854792704
-0.014721992007883808,-0.004797196400112641,-0.01367408830217598,0.02065746433803419,5.1678012980005406e-09,475.4140625,22.287708714359013,0.28302873255409505,0.05735311089201,0.1582172976930979,228.39431762695312,137.86837768554688,1.5045249110871357,0.03724259927075492,-0.1922879762769618,0.8586740883021761
-0.014736829078477256,-0.004583962397019303,-0.013677316781792737,0.020621732150695998,2.4200952353226057e-08,457.5546875,23.103640307579063,0.2892893544540602,0.057429778884805334,0.16361524048003073,231.04656982421875,139.18008422851562,-0.7092419371228562,0.014238774503139564,-0.22233203636897028,0.8586773167817928
-0.014983222798017448,-0.0045201331929433375,-0.01345835921984273,0.020641124058231514,3.499785705685099e-08,424.84765625,39.207458534312494,0.31730315759915695,0.09135106626210006,0.14500364201241578,228.21803283691406,43.07664108276367,0.48680344649401197,0.16648863233735908,-0.18975801543956874,0.8584583592198428
-0.015245630114751468,-0.004587821091547345,-0.01271790157030539,0.02037700567590439,5.447651929557651e-08,382.015625,25.506875892149576,0.2927797564890943,0.07357256084918525,0.1596042143943136,171.60379028320312,82.5654067993164,1.947985637510757,0.1270025684708728,-0.14707741837017496,0.8577179015703055
-0.014722292799112899,-0.004653127457864392,-0.013742926213636819,0.020670402059839308,8.131386119991646e-10,504.12109375,8.1716303603452,0.25511422819981333,0.0495168411066355,0.15173837444971106,177.65907287597656,130.6607666015625,1.2769355851347577,0.011194520610399397,-0.13264021553058344,0.8587429262136369
-0.014747736063296324,-0.004625447695816576,-0.01378530702797709,0.020710508811590804,2.2170765223705757e-09,595.95703125,37.12378563110641,0.27979622802282905,0.09089965476219256,0.12372654604126843,246.1602325439453,50.99916076660156,0.8969544510149486,0.09890029520716313,-0.23202712845186335,0.8587853070279772
-0.014717883493522849,-0.004829199565691555,-0.01396588730568138,0.0208562525686946,3.248820545920239e-09,367.109375,29.013634266909797,0.3058818901779583,0.07795780595256233,0.16526406842135544,195.19924926757812,75.57505798339844,-1.7138238866088618,0.14073007483620095,-0.1772712582360145,0.8589658873056815
-0.01755608248235116,-0.0018838043600828969,-0.010105609987833386,0.02034424007478241,1.2209426358822384e-07,308.62890625,45.28785691692138,0.396868458946169,0.09538359664223166,0.17314519517727167,258.9541320800781,32.714725494384766,-3.0689287074733227,0.21828613388226603,-0.2961881120952295,0.8551056099878335
-0.015519089357425714,-0.004008274774629866,-0.012632638397505391,0.020408134506486028,9.601152584082229e-08,338.12890625,40.227306946441445,0.3465412739968469,0.08965682399272393,0.16145196153749874,231.41424560546875,49.28239440917969,-0.2709510639001893,0.18811271776098293,-0.24111784031271202,0.8576326383975055
-0.014973916490146566,-0.004020266971096531,-0.012942365216351837,0.02019617634519482,6.965966292682424e-08,425.3125,36.00089548588149,0.3259184382540471,0.07971304241124443,0.15975336728183842,268.14312744140625,101.06458282470703,-1.9715190809587697,0.09352939881513497,-0.27659052094854736,0.8579423652163519
-0.01577424825152776,-0.0029178630240768166,-0.012112072175344935,0.020100823985818746,2.531615166390111e-07,336.78125,47.88660141349065,0.4022964158924897,0.09223625416699868,0.16765681504760555,303.2066650390625,68.702880859375,1.4813766013801333,0.15896393885046534,-0.35827364033680065,0.857112072175345
-0.014739314170689077,-0.004676811140681358,-0.013899172985426311,0.020791992553545264,1.0769027625201488e-07,384.01171875,40.89037349358065,0.3339208914101846,0.09154305036604224,0.15196348413908767,235.5569610595703,43.538970947265625,-2.864402121011396,0.1721786734037992,-0.2532076949979433,0.8588991729854264
-0.014825633718744263,-0.004787667737663717,-0.013691042600779912,0.020740439364319244,3.8721395867469255e-08,372.380859375,30.862934508117345,0.30754844591211206,0.08324018506166872,0.16261217537423767,157.50706481933594,59.35912322998047,-0.18015034736063046,0.1398593678010318,-0.09034179600475974,0.85869104260078
-0.016063016304215277,-0.0038009337424144696,-0.012280619943762838,0.02057379926768161,1.1422564227814291e-08,336.466796875,44.49511477468063,0.36461292137778467,0.09496666672973736,0.15654804381581722,236.35975646972656,28.554683685302734,2.4713595045386145,0.21115879213540423,-0.22880341715741478,0.8572806199437629
-0.014932030925859152,-0.004323891559662202,-0.013191336949356036,0.02038805915976256,2.0065980876893263e-08,495.14453125,29.959879204662407,0.28536467379697383,0.07792617399597693,0.14476273282730778,239.86257934570312,92.06379699707031,-1.9593998281091274,0.07101346639800846,-0.19891931711421587,0.8581913369493561
-0.014721189584360974,-0.004483458411176866,-0.013313136433995343,0.020348327297682847,1.6593625362659736e-09,522.36328125,18.41142706621904,0.26263976385996307,0.061744532179883765,0.1479968613489716,216.2171173095703,120.6480712890625,0.17055253636284803,0.010384702976390619,-0.1706143930462062,0.8583131364339954
-0.014713885390293321,-0.004682417355060642,-0.013859346733192668,0.020748613144895216,2.1908954650484702e-09,670.8046875,30.842822493481673,0.2540601787863789,0.08768592421709437,0.11983931126123959,224.744873046875,57.09601593017578,1.130368723450565,0.07182694188497891,-0.18919365392256288,0.8588593467331928
-0.014787868912836982,-0.00464270102680539,-0.013792597015667818,0.02074780644415595,1.924985726375894e-09,425.328125,41.09212020677984,0.3241619324916338,0.09479413710277544,0.14436538775573415,217.6173095703125,25.87759780883789,2.023265884928831,0.18004463767222523,-0.16844112452507745,0.8587925970156679
-0.014744029949494475,-0.00440572984435722,-0.013529828097426644,0.020490317785699798,1.3409030330535643e-08,467.953125,38.7098091466664,0.3319092850093576,0.07587379266579088,0.15645652096517448,290.7726745605469,135.13381958007812,2.507395625045235,0.035796607207762315,-0.30492569061141067,0.8585298280974267
-0.015468434229893913,-0.003519780894042701,-0.012371739968882967,0.020117685376908497,2.044552305235925e-09,389.23828125,41.901449704188614,0.35466131353012853,0.09014907650250532,0.16034307788916735,274.9316101074219,64.35822296142578,-1.2691282266894461,0.13020085537147877,-0.30949562991378554,0.857371739968883
-0.015912761467904712,-0.0038760000483376578,-0.012317379279813134,0.02049285695631325,4.9007716995674855e-08,408.2412109375,41.591889769256746,0.33659349059468424,0.09554363192050665,0.1484035789907796,225.58285522460938,23.519615173339844,-1.8135002759981154,0.1924457802259152,-0.24253601568673075,0.8573173792798132
-0.01588037651023602,-0.00465243355073286,-0.011412501836659539,0.02010165899179961,7.323012751747626e-10,381.478515625,25.99933906024811,0.29762373407088316,0.07731861135426456,0.16272152321843014,163.28074645996094,74.09928131103516,-0.5701140996347863,0.13091720129920148,-0.13043807267647642,0.8564125018366596
-0.015981447149677308,-0.004673432216403373,-0.011761853468018502,0.020385995650994942,1.0727334398552557e-07,393.3974609375,32.50778694086935,0.30913852483350845,0.08744408499660399,0.15723168649121932,163.71780395507812,47.05140686035156,1.980073100891912,0.1578313923556386,-0.11706475301782429,0.8567618534680186
-0.014635065133999023,-0.004729130247670993,-0.014331492339183072,0.021022404168978714,4.317152502153476e-08,504.841796875,16.2318145847377,0.2550447466307424,0.06521097752003922,0.14554455777934694,155.2115478515625,101.48905181884766,-2.2681676110612563,0.05517899178200192,-0.10605736277639788,0.8593314923391832
-0.014637349530097045,-0.003933257221450437,-0.012855667169980878,0.019874372745363522,3.188338126847157e-08,465.828125,35.203141128352115,0.33172444764388653,0.06867342448413764,0.16634231216154693,281.7782897949219,154.59027099609375,-2.47412164719686,0.0082490458764678,-0.3011875763796602,0.857855667169981
-0.01460090376554895,-0.004466142804025769,-0.012834347347163266,0.019946260154334934,1.7015086228866494e-08,505.703125,11.12301724869456,0.263451091864381,0.04313962082778288,0.15561352892591385,197.7270050048828,148.4161834716797,0.6405479059437077,0.006609072968990418,-0.17687634357279863,0.8578343473471634
-0.015808138510062214,-0.0042370167816837,-0.012528144033392419,0.020610772602767887,4.254885777044137e-09,378.43359375,40.582944274349785,0.33354678980734087,0.09339656363295316,0.15032454968306463,210.0003662109375,30.082670211791992,2.4031574106032654,0.1933161817052378,-0.16192631842422683,0.8575281440333925
-0.015237333392531166,-0.0038250828192766817,-0.012829556877512638,0.020283123949796363,3.129162928772189e-09,360.3046875,43.231885670649135,0.364538228110814,0.08927612753324853,0.16148534975855355,277.2042541503906,68.66873168945312,-0.34705162330095696,0.14380517822315242,-0.325161182979208,0.8578295568775127
-0.014838696725598094,-0.00440026204380331,-0.013355285517250515,0.020442917546565926,7.047799233106389e-09,441.35546875,28.964885562144314,0.30080021736029716,0.07324138714708951,0.16086360789112064,242.98890686035156,106.30046844482422,2.5857183703162394,0.06838486076586305,-0.22969704737586247,0.8583552855172506
-0.01475382876678192,-0.003594700188396416,-0.012685651766604078,0.01978694249922216,1.094057622275102e-09,404.34375,40.71236317150035,0.37427779779554693,0.07619788602587083,0.17827846033017758,303.21197509765625,145.99842834472656,2.9078766216954812,0.046788333744457795,-0.34851356709812115,0.8576856517666042
-0.015859547035429772,-0.00351389561591392,-0.012584614960371887,0.020548606479987012,5.973396888236948e-09,380.3076171875,50.651589145085765,0.3917154972666068,0.09962691764131913,0.14645177680400867,285.3228454589844,15.615789413452148,-0.8571763010665486,0.21135175696782404,-0.3103269924859161,0.857584614960372
-0.014984032395979702,-0.004534410864405869,-0.012955554795843538,0.02032064243076768,3.6393483782148905e-08,407.66015625,19.49617975137834,0.28336281390996043,0.06522357756102737,0.1642597157153679,185.59564208984375,101.89832305908203,-2.2663297945185006,0.07495445475156501,-0.1543604786171043,0.8579555547958436
-0.01473746766226669,-0.004718915352813824,-0.01370700176268902,0.020672276423406744,1.047039965840213e-08,534.666015625,12.83724568071706,0.2489204475415674,0.05889306792005578,0.14262322344348088,141.99569702148438,115.57083892822266,1.3550575610225195,0.02824826720172212,-0.0879755122477425,0.8587070017626891
-0.014969485774278785,-0.004543252766169181,-0.013614587641750386,0.02073845815625022,3.979430118761229e-08,371.4970703125,47.0989711011415,0.36942023812495417,0.09806808192608771,0.15131042217967428,251.86618041992188,16.4532413482666,2.876907353230717,0.22136540921567674,-0.2530338343446595,0.8586145876417505
-0.01549144583970044,-0.004009261259738828,-0.012835851577540858,0.02051385277742513,7.984596983590109e-09,400.626953125,44.072037793163496,0.35498985908893443,0.09650283282256292,0.15309364796817848,252.64479064941406,25.565181732177734,-1.2976283859324744,0.19271112638661855,-0.26590851472801597,0.8578358515775409
-0.01465226234357965,-0.004616517563709288,-0.01339593159762087,0.020382639906774976,1.5588582868986123e-07,501.0625,9.297409107913786,0.25777049129481827,0.05227116750253693,0.15039182937849815,187.03213500976562,127.90714263916016,1.765485256814406,0.022087972725485683,-0.13849429395622934,0.858395931597621
-0.016000660603944394,-0.004262106730941767,-0.011898304131461201,0.020390103843612565,1.1417451872830497e-08,345.78515625,35.336673887947974,0.3304783994628617,0.08827785386523128,0.16537820309227746,190.921875,45.780494689941406,0.16274698208137472,0.19296414478737095,-0.16634334470279424,0.8568983041314613
-0.014716468748260159,-0.004059252948823644,-0.013015574220493153,0.020061334930911685,1.1274926769999638e-08,430.328125,35.11012673895208,0.34011540691987585,0.0693473892408345,0.17361917894897527,278.71295166015625,148.80606079101562,2.1417400419916257,0.033952820168656694,-0.2753033067584209,0.8580155742204932
-0.01490423584767031,-0.004539285627293971,-0.013517958543903807,0.02062708325003417,1.742033362006623e-08,362.142578125,36.54873180478484,0.32578193482062895,0.085842633774726,0.15957479562823573,222.5316162109375,59.919212341308594,-0.3897237740634004,0.1610149911533415,-0.2049087954993992,0.8585179585439039
-0.01580824268818226,-0.004616739218491789,-0.012683120155279282,0.020786446420042067,3.366311007724221e-09,372.6650390625,41.080447799881135,0.33976022771117576,0.09585395294340811,0.15486306324944976,169.47909545898438,15.746325492858887,-2.1932728981569634,0.21263503202662287,-0.10886860756044275,0.8576831201552794
-0.015299181530618766,-0.00440193117844806,-0.013174084593715163,0.020663941020264812,3.255425040649129e-09,427.427734375,42.30560422067022,0.33322592493233816,0.0969276705653756,0.14517112127208198,218.0836181640625,15.614642143249512,-2.795934993899064,0.1861599572929184,-0.17343884864048706,0.8581740845937152
-0.015581996508405499,-0.0036278425071261666,-0.012343355365338704,0.02020688689827081,1.065544208422864e-09,327.1796875,39.352872993675255,0.3620790789682025,0.08420435921595817,0.17723907007053719,260.86224365234375,80.81946563720703,-3.0557404643076165,0.1463923139668643,-0.2836443851472406,0.8573433553653388
-0.01523250405940274,-0.004506152502048888,-0.013234508597815164,0.02067575411241597,7.777012456244847e-08,428.07861328125,42.02754794231255,0.32694426577047203,0.09642982535696717,0.14134571705504329,208.5125732421875,16.429275512695312,-1.130383789999457,0.18974912649621004,-0.17308527362482443,0.8582345085978152
-0.015302647125238683,-0.004317982144817767,-0.012624873522396163,0.020302793164957388,8.413019827457902e-07,406.296875,47.142725944241626,0.3622896881130611,0.08823924021791824,0.15693967737865033,307.40374755859375,92.13420867919922,2.886842225169666,0.07963013360747508,-0.36394647015246423,0.8576248735223962
-0.01499439825835705,-0.0038355021334946504,-0.012416129535756992,0.019841958784226926,5.112566814347019e-09,411.30078125,30.282420458416784,0.31281840353547624,0.07526776109291772,0.16666866279682202,245.39645385742188,101.19727325439453,1.8142513279979582,0.07515683857741218,-0.26389912112600394,0.8574161295357571
-0.016267655580151225,-0.0035343607487838824,-0.01192707654271985,0.020478854431653825,2.6856659118834614e-08,376.5107421875,43.97914100095108,0.35996315908051457,0.0961323315557158,0.156295730836983,246.6231689453125,25.494773864746094,-2.1057006599123427,0.19414139111368414,-0.24355712394246917,0.8569270765427199
-0.01484701389529186,-0.004623847702806758,-0.013432061388994665,0.020548334782737557,7.542327651322012e-09,420.17578125,17.72999047937193,0.27884971492416327,0.06251057776459047,0.16226907595664686,185.0205078125,107.47537231445312,2.017708135778811,0.08532283562965405,-0.12309604908413367,0.8584320613889947
-0.015667507226777455,-0.003597080280629328,-0.011903220972019457,0.020002410823576743,4.9858947193115455e-08,377.248046875,35.92091726149029,0.32508708331539726,0.08476201855066354,0.15901666779679569,235.3896026611328,67.52713775634766,1.8632967406095902,0.13885102215233472,-0.25213347423682436,0.8569032209720195
-0.014804791889233768,-0.004290914168024629,-0.01346106114480461,0.02046445636768895,2.0174644177473056e-09,500.1796875,38.91146930538716,0.3178191396566503,0.08400202389033634,0.14525658693545718,285.53594970703125,97.39256286621094,1.6992246633045391,0.06225502467010414,-0.28965316580586864,0.8584610611448047
-0.01509335772793724,-0.0038366564739186204,-0.012958949508278472,0.020259905053095766,9.725951599648397e-09,384.2265625,44.68317167379951,0.36793124746644823,0.09016880535021916,0.15918650254952993,292.37237548828125,72.80077362060547,-2.085048233473952,0.13566330554099312,-0.3423501950778814,0.8579589495082786
-0.01469371756930668,-0.0048823105088501295,-0.014086115838770397,0.020932294459390696,1.1492719970140897e-10,556.5625,41.944489503592,0.31592981109484525,0.08368165695847149,0.1339718712452227,304.52813720703125,112.54368591308594,2.986177814694051,0.03255770297672071,-0.3158921631044085,0.8590861158387705
-0.015445637333503626,-0.004548454895820606,-0.013065424871808062,0.02073551257283736,3.421851602070092e-08,383.2529296875,41.45545980785074,0.3357417451649605,0.09566842476962194,0.15081217721624507,188.26229858398438,17.613300323486328,2.4914078185970174,0.21847800609282134,-0.11942388595314456,0.8580654248718081
-0.014790007464504276,-0.00461526524855399,-0.013689178767225307,0.02067458849495328,4.384202334506426e-09,561.78515625,30.210426693326184,0.2672825389364213,0.08537872757284842,0.13136355623380402,215.2630157470703,61.04729461669922,2.0330882850807517,0.07520790912794559,-0.219142864360226,0.8586891787672254
-0.01514957601137612,-0.004165516377435119,-0.012945457655861192,0.02035794817595423,2.6331610225582835e-09,460.8125,35.74788420032718,0.30114470315783454,0.08680876685621676,0.14225648500588017,236.42068481445312,62.297149658203125,-2.151403642870841,0.11937524170914118,-0.22478013813208075,0.8579454576558613
-0.01488385243764772,-0.004522616122226569,-0.013079474015659232,0.020323773284038588,1.238690927607422e-08,471.53125,15.9323644000164,0.26805318841061654,0.05882645812830171,0.1554456799680627,198.92868041992188,119.31919860839844,-2.1802182612143755,0.049186095310403154,-0.1525424612141867,0.8580794740156593
-0.01468017933389731,-0.00434267372725089,-0.013439506368374321,0.020371225093310286,1.4467381959093473e-08,509.109375,38.11843794537219,0.3207526533047039,0.07433292686430229,0.1505634891665918,290.96002197265625,142.1787109375,-0.7295801654760239,0.008945249285604816,-0.2914836042707669,0.8584395063683744
-0.01502726206020627,-0.0044920205705926974,-0.013309953643912187,0.020570651905951694,2.0927310995233483e-09,496.34375,36.06245349484405,0.2961956567744344,0.08912566730302912,0.13984696548710907,236.05857849121094,54.36275100708008,-0.07879952207995693,0.10767791739966064,-0.1999574486336905,0.8583099536439123
-0.014746679461872227,-0.0046863553666440655,-0.013714308549520937,0.020676284500972142,1.703693963683861e-09,500.796875,12.814239466020423,0.25447412867390823,0.05832484219271682,0.14653302077038544,166.66134643554688,113.9588394165039,2.1487267421734426,0.05010017843112697,-0.1222313320646659,0.858714308549521
-0.016033497123925156,-0.0032300491997548364,-0.011866357947236006,0.02020684781918457,3.4783051994224934e-09,411.90234375,43.46179566063664,0.34599891966062635,0.0947607244759521,0.1475089625755398,257.7843933105469,35.587135314941406,1.242157248496833,0.16882977279748151,-0.27307502789203203,0.8568663579472361
-0.016249813798302315,-0.002573437573935966,-0.011623931605207583,0.02014434946551974,4.235072026403941e-08,275.5078125,47.89883163783457,0.4340709286813274,0.09148105327475421,0.18716219982699023,297.4653625488281,69.6883773803711,-2.645328610228016,0.20219011747430268,-0.3326976340626252,0.8566239316052077
-0.015174305110022185,-0.003532516649077999,-0.012613825845959048,0.020046117128268086,7.512057642600212e-09,367.21875,44.318169814433425,0.3785953309392155,0.08887688458636764,0.1683127992181428,295.99163818359375,81.4850082397461,0.7515545058247869,0.12828044002708192,-0.3276540601634252,0.8576138258459591
-0.01593576808251862,-0.0034700218211852207,-0.011795597528896362,0.020127738990831204,1.6660411716884482e-08,371.70703125,39.3282078017245,0.34139227158076885,0.09078228426706324,0.1603221701995966,238.42715454101562,47.43472671508789,-2.72265013183782,0.1642253394121846,-0.2583891744878471,0.8567955975288964
-0.014952229392949129,-0.004436440307217571,-0.013427796755642873,0.02058049785913183,5.948195713756377e-09,477.091796875,41.01687641868571,0.31994724946329633,0.09098388722021912,0.14150839087261258,268.3357849121094,58.37013244628906,-0.13848941837674933,0.11853017321847288,-0.27956232285847477,0.858427796755643
-0.014987671529740565,-0.004603074057114714,-0.01345780047690881,0.020662308252829966,8.275744534103069e-08,421.123046875,35.346039986036196,0.305888349120766,0.08938924861524727,0.14790596484005747,197.41506958007812,43.092227935791016,1.087704081830808,0.14972816339398357,-0.19750106424953176,0.8584578004769089
-0.01479944614395317,-0.004148586102675794,-0.013208734007276957,0.02026585865178379,2.435957824342694e-10,566.3125,36.91481685687033,0.29928078403237685,0.08056604915140919,0.13755620706021787,284.6711120605469,111.16508483886719,-2.425901474232695,0.039279488378072984,-0.2497041182493915,0.858208734007277
-0.014374245753875275,-0.004885518952342183,-0.014719554783633404,0.02114598140202722,5.3440366798440664e-08,383.82421875,28.996169913988652,0.2990136976721923,0.07921985244809324,0.15944716926518232,183.90127563476562,70.78095245361328,1.485178652861214,0.13372804092002316,-0.1356767365055215,0.8597195547836335
-0.015056372349243355,-0.0042931917840867695,-0.013248377198173178,0.020509640230854487,7.849972338824784e-10,505.34375,33.27118036740331,0.2958392458465242,0.07934897262598141,0.14449751459786864,259.92120361328125,98.00069427490234,-1.5279886420755528,0.07045399153624207,-0.23303220413884415,0.8582483771981733
-0.01618799409974589,-0.004226296882014258,-0.010810508220469472,0.01991933297811875,3.051696229050549e-09,324.16015625,26.717548259325685,0.31989263420872466,0.0755888101613878,0.18080153087973716,182.31747436523438,78.90887451171875,-2.2258113133403543,0.14934668255002687,-0.14217978149015478,0.8558105082204696
-0.01479440896883652,-0.004712510969263381,-0.013749447832012152,0.020739566342087335,2.820634614764117e-09,553.8994140625,35.34284651811482,0.2807219709329318,0.09352623050017192,0.12945774912644437,146.1600341796875,27.528297424316406,-0.26018741200247575,0.13633890858699887,-0.09122603925662663,0.8587494478320122
-0.016655513123540883,-0.003737516974734595,-0.010022698389559936,0.019794687003157164,2.7565091542669506e-08,370.439453125,28.804604968020023,0.3083996602747815,0.08005798737507888,0.16252364829004173,193.19619750976562,69.83488464355469,2.0056326959348008,0.14632421444431887,-0.16260499909913032,0.85502269838956
-0.0147272930683462,-0.004751003864591319,-0.013578929740573842,0.0205876791247037,9.993122773721552e-09,518.130859375,14.399471128446608,0.2537943998807352,0.06067210374738781,0.14335754748357554,138.18954467773438,112.62140655517578,0.46902677150319516,0.04037888712388684,-0.08910966261105843,0.8585789297405739
-0.015786547671075818,-0.0044315315366040275,-0.012129445761238422,0.020395514546240067,3.313910035274148e-09,376.064453125,33.32827990105579,0.3156208426271001,0.08741442924289618,0.16052232313838666,180.38595581054688,47.781803131103516,0.11331775128234665,0.18009719545231612,-0.15203070503730895,0.8571294457612385
-0.016013605349607968,-0.0038008894485546396,-0.012234769299475867,0.020507849636286202,3.099334122680375e-08,377.51953125,44.22223623264483,0.3583827455443494,0.09619996539487799,0.15467967534805593,244.6707763671875,24.804227828979492,-1.7492120037532293,0.20829560421192372,-0.21330489938175698,0.857234769299476
-0.014329406985718052,-0.005051666904097196,-0.014344205311236369,0.020895154200991146,1.5819496468338912e-07,446.298828125,42.53700238048472,0.3275398350742806,0.09504670750641812,0.14362915106786522,243.65744018554688,31.08100128173828,1.5761442307966758,0.1833049741565782,-0.19690521865346092,0.8593442053112365
-0.015285146461396198,-0.003959734140096316,-0.012847206402381683,0.020355979690301666,2.4592281988589093e-08,466.193359375,41.54475416255347,0.32974374734121914,0.09166277756283614,0.14489792025361858,273.2037353515625,57.96537780761719,-2.0388740011741655,0.12959978099355893,-0.2519237529488831,0.8578472064023818
-0.014756567471583784,-0.004366162127058093,-0.013544875027196035,0.020500812051368108,1.103729374563045e-08,485.80859375,39.59040677853334,0.3230548744836656,0.08091266980083903,0.14634469877702616,289.29876708984375,113.26436614990234,0.7196659482240341,0.06701853091611812,-0.28439584540280677,0.8585448750271961
-0.015335300105282279,-0.004607941240434954,-0.012021525993030968,0.02002302771799238,1.5845721179630345e-08,491.279296875,21.203513631844395,0.2659002140668732,0.07594520621652702,0.14436069899926884,169.1991729736328,78.80830383300781,2.246286364081204,0.08411979924484589,-0.11416467335284455,0.857021525993031
-0.015543838783964661,-0.002984984739377694,-0.011943172670608737,0.01982827353745598,2.112363617357005e-08,414.46875,42.62090070033506,0.3548522507331032,0.0896797992954775,0.1578534550948819,288.340576171875,73.91070556640625,-2.6964338734430626,0.11308595789071003,-0.300838854970848,0.8569431726706088
-0.015425840203373953,-0.0043411398578185045,-0.012555208958954123,0.020357684378341522,1.817930694869574e-08,363.96875,32.65671022493901,0.3127977703647429,0.08172051639149958,0.15978088495134335,203.4052734375,67.51785278320312,-0.6590136247313376,0.14460416187069441,-0.14771718693439378,0.8575552089589542
-0.0147014027137842,-0.00471894787816976,-0.013576719944611626,0.02056032673096805,1.7951936825966186e-08,479.25,17.44487994433858,0.2765852766887089,0.05173624927435015,0.15930450536842677,215.57012939453125,141.68630981445312,1.51610253695394,0.025087179235738707,-0.17324827979438642,0.8585767199446117
-0.015395458727449629,-0.004674876571638134,-0.012921601245138081,0.020635949193749486,3.5531176223457805e-08,385.55078125,36.999693164569784,0.3160323719066027,0.09050415093191781,0.1513791634416869,169.65594482421875,36.960243225097656,-0.6955806210540443,0.18441328711234675,-0.10966988997204831,0.8579216012451382
-0.01563913275392098,-0.004092502601890424,-0.01277188457629852,0.02060223498729048,1.4842808759851778e-08,408.2822265625,45.63269746453799,0.3578497773194678,0.0982364941126518,0.14995728954504484,250.05104064941406,15.444459915161133,-0.5742871703638706,0.21167463032671235,-0.21304003526079027,0.8577718845762986
-0.01486531685348813,-0.004576133816943773,-0.01341634509832168,0.020540617363225353,1.3438578250202227e-08,462.0234375,24.217465321988893,0.2759418287369525,0.0755948637878753,0.1498186989381547,196.6488037109375,82.64924621582031,-2.94278627867185,0.0968943460370003,-0.1465858830645215,0.8584163450983218
-0.01550983754909574,-0.003899753783913884,-0.012830134958065842,0.020503060830438805,9.359499841821162e-09,404.3798828125,46.05133935077333,0.3507276931132179,0.09642742955880132,0.14108871281489455,257.8187255859375,26.76055145263672,-0.9661578319655465,0.1800272966461175,-0.29332385612496564,0.8578301349580659
-0.01577261267132196,-0.004622560231220499,-0.012489873491991377,0.020643166264329615,7.780831090542506e-09,396.8984375,38.46693017663358,0.32179203110706145,0.09341201228118731,0.14876852446600763,168.23944091796875,26.181415557861328,1.4073411453900322,0.19622874784150635,-0.09397386236201456,0.8574898734919915
-0.015692597247795453,-0.0037239880726861463,-0.012553390639458706,0.020438035915759507,2.2421549061846235e-08,365.017578125,45.83378850745916,0.37098831672307875,0.09571565414640593,0.15594475234697125,264.78533935546875,33.45056915283203,0.8593755641093109,0.19583745424146343,-0.26938662659289425,0.8575533906394588
-0.013884232744657297,-0.010720918015451053,-0.01941590460126641,0.026166531170319748,6.497042704722844e-06,542.7109375,47.17566487946091,0.3055405848586634,0.08001933597132357,0.12899317580571212,306.05242919921875,133.14695739746094,0.4130144567753113,0.01713784688309273,-0.2851499083571543,0.8644159046012665
-0.014763755222769508,-0.00473832105066703,-0.013834017582171176,0.020779802624685092,1.544903405203968e-08,455.375,13.629231475503053,0.2659327857629106,0.05805050101545484,0.15721617797198373,168.68026733398438,114.24876403808594,2.635390776029816,0.047255144661315245,-0.11465723586561284,0.8588340175821713
-0.014857863808219018,-0.0044898504805952755,-0.013409280981235172,0.020511550178263012,2.319969993891391e-08,464.609375,30.37662755274837,0.2875370272820599,0.07924151817001994,0.14696641646440833,228.4936981201172,82.5591049194336,0.43565863544342104,0.0862153449140121,-0.22524323740818625,0.8584092809812353
-0.014881689740462167,-0.004027542859783961,-0.013126391252701985,0.02024815888760716,4.5354888733584175e-09,458.921875,40.256134422332586,0.33158558245185527,0.08204366199361503,0.1501129728220384,289.51837158203125,108.21492004394531,2.8059655986646455,0.06531158167086643,-0.3029063551948045,0.8581263912527021
-0.015216099309169728,-0.004441173846743085,-0.013121234386343827,0.020577183848740865,1.862583332012946e-08,430.6953125,37.821436876552916,0.3140049061300678,0.09164412419535209,0.14604507828958624,217.6400146484375,38.837364196777344,-1.9494452126121677,0.16032733534614071,-0.2065886343399738,0.8581212343863439
-0.014686622739650518,-0.004659375243871,-0.013871904715341832,0.020732496366611054,7.547672709051767e-09,517.93359375,37.71931588783305,0.3003903480644503,0.08703163261046486,0.13746103733655557,263.01861572265625,73.22382354736328,1.19053929085883,0.1000471771326051,-0.20521637107426155,0.8588719047153419
-0.015966528413371678,-0.0031947725176878494,-0.012172137556185292,0.02032972045310695,1.191126930422115e-08,369.3671875,47.96566403581295,0.3877020740343779,0.09618101650852881,0.15692922816380528,289.434326171875,40.1130256652832,0.7696076326737001,0.19079903818629,-0.29103070998422464,0.8571721375561854
-0.014668197966142653,-0.005054533819593782,-0.01438922302576029,0.02116020044783222,4.748233806139979e-09,613.44921875,34.531630102103534,0.2820415222210666,0.07738801795272474,0.13273608825024164,277.35516357421875,118.17398834228516,2.4863728793100446,0.025349157118310324,-0.22916564988115257,0.8593892230257604
-0.01716937753126979,-0.004387665547196898,-0.01092662988688431,0.020818990716417643,4.320595081708234e-08,315.796875,39.23386980112843,0.3545777563434096,0.09277334407824171,0.17053290355448758,177.144775390625,28.434900283813477,-0.5326870747370392,0.22424883273096344,-0.1042221788543898,0.8559266298868844
-0.01692495310058148,-0.0023937668979434057,-0.011265145792350828,0.02047163078852029,8.968389586527792e-09,364.5380859375,49.48346999181685,0.40382083586213313,0.09962817510316709,0.1587618152864807,284.22137451171875,15.294393539428711,-1.905804393367278,0.22688194243473742,-0.2975369923670785,0.8562651457923509
-0.016097229464371837,-0.003099433696365006,-0.011809299212864555,0.02020363416729196,9.432352676697064e-09,418.04296875,43.75191420771281,0.34692950074479245,0.09337650957405333,0.14678410581420942,271.2091979980469,47.67329788208008,-1.531688810255082,0.1545974963069719,-0.2930972799210947,0.8568092992128646
-0.015136673282641983,-0.004257986747207565,-0.013237463975955821,0.020554312971237228,6.020271836604252e-09,458.28515625,42.15602857077702,0.3271834582169222,0.09432974357869833,0.14143865104566733,253.9866485595703,37.3361930847168,-0.3820800633715186,0.15029389180581165,-0.24064141419302632,0.8582374639759559
-0.01786296304434773,-0.00261631420016481,-0.009787969811625441,0.02053618518009145,8.87728049292491e-07,389.69873046875,45.770937079570764,0.3594409173325628,0.09842399358694391,0.14850020010458664,237.88087463378906,10.95876407623291,-1.65487736786498,0.2161773428451203,-0.23216589652458516,0.8547879698116255
-0.014910199753185666,-0.004454631062022291,-0.013588959790448607,0.020659564921969215,1.129644044972622e-09,536.1416015625,46.30285982541275,0.33758662483804586,0.0985027243038301,0.13359599437216618,285.38140869140625,25.006858825683594,2.1092955946835104,0.15030211926446158,-0.2489568739011324,0.8585889597904487
-0.014893084350379386,-0.003902392913706698,-0.012920830047846388,0.020099265684243136,1.5120345864261253e-08,433.68359375,36.94659240823863,0.3325719957219963,0.0776432139415426,0.1630219138784752,279.00250244140625,117.3968276977539,2.298430993895993,0.05632418373634724,-0.27239716895437016,0.8579208300478465
-0.014688318267672204,-0.004726027774898667,-0.013950093197349966,0.02080113295655543,6.484880410440041e-10,508.6875,30.723598168741034,0.291986569928146,0.06826267757234916,0.14932617139813564,258.4815673828125,132.40956115722656,-2.1758257262729304,0.013804448525535593,-0.2541654316066528,0.85895009319735
-0.014673639748313464,-0.002946170124328129,-0.011802734784648994,0.019060434681862106,5.465609476118516e-08,388.390625,37.98192155786261,0.3782643582347052,0.07090859759786826,0.19242466352517218,293.60498046875,160.0757598876953,-0.8769218194953435,0.014257398504538674,-0.3285838960381653,0.8568027347846491
-0.01483790751956894,-0.004664290756747888,-0.013438979624906366,0.020555419752012187,5.7401399189416225e-09,491.5390625,21.683114497651477,0.2630554762257793,0.07323531377132333,0.14241177627061974,177.72727966308594,85.47509765625,1.3652879302271121,0.08544071517716839,-0.10228722818247275,0.8584389796249065
-0.014748998052861416,-0.004260076188876971,-0.01337729343077576,0.020362543363524672,4.497723971041978e-09,574.1484375,38.11020453180679,0.3007126356838986,0.08190067376032407,0.13571758908063614,290.01824951171875,109.7977066040039,2.789200340467145,0.0250057500598208,-0.28554211402875723,0.8583772934307758
-0.015283220880420723,-0.0036479395229354616,-0.012600166870397889,0.02014071767352383,2.219688433058309e-09,405.65625,41.00932772338393,0.34893792769163046,0.08792343725471241,0.15936832265062117,279.63177490234375,76.52168273925781,2.7850721933658487,0.12531297103785705,-0.28948985079398526,0.857600166870398
-0.015475481730396451,-0.004234559459684539,-0.012840797178408359,0.02055013627162745,1.3328969927783874e-08,404.31640625,40.69399027942423,0.33170116358002494,0.09368201675637303,0.14928244485946263,227.28558349609375,32.76203536987305,-0.13122145367912885,0.18470652844199364,-0.1901941542335916,0.8578407971784084
-0.014474437698373824,-0.004864970617243003,-0.014630518024238648,0.02114779760278396,4.166264666594088e-09,435.93359375,20.860856009287627,0.2747694672841074,0.06960706018762472,0.15561702721702386,175.635498046875,92.11515808105469,-0.024934051148847166,0.08132428486073022,-0.13469887531570393,0.8596305180242387
-0.014694312988939827,-0.004605228769792746,-0.01372038948341503,0.020624743727272302,7.104491300813365e-11,562.078125,24.215123068663214,0.2622236754095509,0.06559295195536086,0.1377316157829055,234.0033416748047,122.07986450195312,-2.6713175613529074,0.01954157355340421,-0.20252928445011356,0.8587203894834151
-0.015108098852843671,-0.0041402109172462565,-0.013287238206541652,0.020541341157382143,1.0858568266769453e-08,445.4375,49.08003995798918,0.3647596592883791,0.09781720269288789,0.13648541569275985,295.764404296875,32.333614349365234,-1.0039287800283583,0.16761717497138123,-0.3142154405767477,0.8582872382065417
-0.014793186266117628,-0.004379757896874947,-0.013251092302110856,0.02033745525719359,5.705119932031266e-09,493.16796875,27.915922574264986,0.2799737928543082,0.07097891904426533,0.14534297145251296,237.29409790039062,109.7460708618164,-1.1205203851036536,0.04804202680858896,-0.22783023390035004,0.8582510923021109
-0.015251608830168767,-0.004157042265382244,-0.012575128710220485,0.02019966421461673,1.8234798560001764e-08,356.9296875,30.20708352802898,0.31584575697591766,0.07724064137016752,0.16913469546960969,215.26980590820312,82.22952270507812,2.9268615439605807,0.12755553316256613,-0.20993305651559993,0.8575751287102206
-0.015145112527535032,-0.0042030540509393755,-0.013194503641192123,0.020521574578093383,1.691857498542504e-08,348.7578125,41.758031718840115,0.35852162110372493,0.08999016333032868,0.1655459117157958,257.8143310546875,57.496131896972656,-1.9078297930553572,0.16846745285709835,-0.2469651133564594,0.8581945036411922
-0.014746695899722695,-0.0046164825632037665,-0.013015900618728482,0.02020372787709929,8.82302941818125e-09,451.98828125,5.696727698575059,0.272211779725155,0.03814666535162774,0.16782020422172972,169.49464416503906,147.85035705566406,-2.3504874060374377,0.011478561156688901,-0.1324056107678882,0.8580159006187286
-0.014318367427882214,-0.005733760759294104,-0.01515053366199759,0.021620137106132822,1.0029713726211753e-09,416.6953125,42.25020450802999,0.34448850160206623,0.08636805936962846,0.15414681815637765,286.6393737792969,87.49014282226562,-1.1066954499349342,0.08825009822342673,-0.32328257897161466,0.8601505336619977
-0.015096550220704094,-0.003528066270135799,-0.012371262845084496,0.019834344570841732,1.0346865586541298e-09,514.5,37.264383640927235,0.3059590235355015,0.08289736967435031,0.14120420636251152,277.250732421875,96.04222106933594,0.004084169155794459,0.048382565857696666,-0.29473635663065684,0.8573712628450846
-0.01475590778094743,-0.0045309320982411805,-0.013648199023486463,0.020604356255495924,2.187060310632205e-08,515.68359375,32.00250277054347,0.28816311118423915,0.07899294994442209,0.14347624466288955,253.47540283203125,95.66922760009766,0.35667828924175293,0.05477011873087718,-0.22960576660810092,0.8586481990234865
-0.014753935283566035,-0.004670499233326603,-0.01349538400530581,0.02053332800329316,7.269401747223014e-10,484.51953125,12.375479940950681,0.25924536343837695,0.05882866097729576,0.15085355504609022,171.53350830078125,113.12294006347656,1.9730102185213012,0.048423635498657004,-0.10533257142142755,0.8584953840053059
-0.01475211264059606,-0.004486919479210538,-0.013480106221584354,0.020480979896453935,2.888487449226318e-09,501.96875,30.149962698236315,0.2882116799202253,0.07205410444635069,0.14623837839312437,251.67347717285156,115.65440368652344,-0.6517848038830582,0.04129202527720577,-0.22983019537617097,0.8584801062215844
-0.01569196584871141,-0.004605699799969276,-0.012577913996320245,0.02063138830382946,2.4481270344267614e-08,358.7451171875,38.11268474877918,0.32796842520950326,0.09128747045343605,0.15541010254665133,163.75204467773438,33.77980422973633,1.6322561023850146,0.19258877217316367,-0.12924868391874364,0.8575779139963203
-0.01541608354720507,-0.002852747317574178,-0.011602091969217687,0.019503905692309913,3.4710578855623453e-09,406.578125,38.088689009564725,0.34515775754589667,0.07999160838966014,0.16621867694038606,281.4508056640625,109.55892181396484,1.5545427816864164,0.07713648675529367,-0.28801680669903745,0.8566020919692178
-0.01485725716389058,-0.004341940121829702,-0.013573563589092785,0.020587184435047885,2.986535463378459e-08,433.0859375,43.68662061018319,0.3577574992881791,0.08857944439603074,0.15658252923939842,302.37066650390625,87.31253051757812,-2.5837738945112547,0.09534850371695562,-0.3245052466931954,0.8585735635890929
-0.014732978826478331,-0.004615504764717976,-0.013455678606819732,0.02047971767638947,7.181208072637446e-09,508.09375,19.351276780107742,0.2639476141645769,0.06065104912428465,0.1484246056151992,213.5165557861328,121.93067169189453,-0.050488581871538374,0.029533429142804317,-0.17407576241343556,0.8584556786068198
-0.015198945139410225,-0.00466220742183697,-0.013010585039799905,0.020543111606397376,1.5275557485594504e-09,427.02734375,29.51341882533348,0.29248705958604815,0.08389304861033975,0.15326724228794764,180.07879638671875,58.839317321777344,-2.105880124144905,0.13875824437674408,-0.11515270523399988,0.8580105850398
-0.015308385121874546,-0.004040103679994633,-0.012943658839793537,0.020450119729373262,1.5814258791380098e-09,419.826171875,42.757712994622295,0.3388770270044851,0.09324255353060487,0.14694991991151485,259.6930847167969,44.39056396484375,-3.0531361143299303,0.15114290361788368,-0.2570731281665931,0.8579436588397936
-0.016246152607483216,-0.003972750461242902,-0.012020144750866213,0.020596215686497263,9.000372003242774e-09,342.681640625,40.74631881678983,0.3482939482117331,0.09355363895357659,0.1625282316410488,206.66934204101562,28.54501724243164,1.6083851897197685,0.20188686645219955,-0.2109562618236402,0.8570201447508663
-0.014946477363308036,-0.004527699131927965,-0.013631212052936381,0.02072937980339158,8.96124490168404e-08,410.2314453125,45.78764494611083,0.3526199690139531,0.09689364656843436,0.1453517903098953,258.0857849121094,24.776493072509766,-2.0902702341715247,0.17526057637305126,-0.2614904508738054,0.8586312120529365
-0.014899899081538659,-0.004757926754266381,-0.013876094789883164,0.020909109647635,1.321622455918714e-08,419.830078125,38.971319997041505,0.31538557135614287,0.09378146983757253,0.14375797027389647,181.73043823242188,25.466644287109375,1.5852407699563296,0.18597989879615986,-0.11646958013005108,0.8588760947898832
-0.014725272026483008,-0.0045964065994100745,-0.013706843475981056,0.020635846189484646,6.546851061273173e-09,529.640625,37.528747569419146,0.30761996512869483,0.08198170748371114,0.14216767506992356,284.21600341796875,104.22119140625,-1.4779564602515836,0.040243987089498987,-0.2915518177353749,0.8587068434759811
-0.014725114104635832,-0.004295074132492638,-0.013276474913557545,0.020286484006068556,1.6062767116409304e-08,466.84375,32.5202410004392,0.31006948217639824,0.06891783778541234,0.15841454392865728,265.22967529296875,136.0745849609375,-1.8162604516158378,0.02157349296858955,-0.2793207213200362,0.8582764749135576
-0.01615668082903854,-0.00424119924161126,-0.01214117282323901,0.020650282902232184,4.0624161812274906e-08,312.841796875,40.516534568877184,0.3571512943372311,0.09261439255097936,0.16893759946776365,198.5614013671875,31.300159454345703,2.926110135799389,0.22753765357496214,-0.1267170653779556,0.8571411728232391
-0.014985820935329963,-0.004810508149029891,-0.01350717691337433,0.02074029040121785,2.7338225017103923e-09,451.75390625,18.5637127458843,0.27003123497351184,0.06466521390507414,0.1529271955596584,184.7204132080078,103.39302825927734,1.601672380179194,0.08488630079297581,-0.12647704356570397,0.8585071769133744
-0.01711399151718493,-0.0026518377951332273,-0.01079571353983888,0.02040755693796382,2.2214663886188646e-08,351.484375,44.55129715745271,0.37101955808275394,0.09518933911430193,0.1604652693431442,254.92681884765625,32.58767318725586,-0.2601562086668289,0.20902008098175934,-0.2572994893597827,0.855795713539839
-0.015315440339921688,-0.0038641047053800948,-0.01259909417432925,0.020204731920851076,1.0687751128557466e-08,382.1328125,37.48427550450349,0.335829171766031,0.08493464620967191,0.1629802408611164,254.37217712402344,75.65849304199219,2.179115722379343,0.14489925181755084,-0.22248165420097277,0.8575990941743293
-0.015179635705493216,-0.004714965968045756,-0.013251263389657875,0.02069415921590924,1.3920518426857598e-07,392.8935546875,36.44855869364287,0.31446334143412163,0.09038769155205191,0.15115671922583163,147.01174926757812,37.92863082885742,-2.775251733317797,0.17859118028917287,-0.09313817539360013,0.858251263389658
-0.014804431250993545,-0.004323742872077707,-0.013342281726029581,0.02039319540302549,2.9547353452841207e-09,437.59375,30.693342870878443,0.31639212148679635,0.06876502847363175,0.16849064221721222,259.5367736816406,131.23739624023438,-2.2535892709705156,0.05053060057091486,-0.2318430569535529,0.8583422817260297
-0.016927272210160688,-0.0020955939966572634,-0.010737759162477767,0.020154987732744455,8.798591721870253e-08,287.40234375,46.166854894262194,0.40715156827402554,0.09344805574194,0.17643589917451996,270.0625305175781,45.831642150878906,-2.979743781573821,0.20656622535925376,-0.33619259885648084,0.8557377591624779
-0.015038973256029625,-0.004363860668401304,-0.013399955815323494,0.0206100172824143,2.149025135622651e-08,551.9658203125,44.24893596268528,0.32532283852217503,0.09801204380161617,0.13325777771083314,271.67645263671875,23.61919403076172,2.757449871644982,0.15525927410509505,-0.2294452163698457,0.8583999558153236
-0.014783681238868994,-0.004228041192231469,-0.01340477700895426,0.020399059045835468,3.214194244094415e-09,519.796875,40.9934674036093,0.32580898065514596,0.08430641324515831,0.1441659473425373,301.46441650390625,107.18274688720703,-1.4538450832670267,0.040301002918859234,-0.31827738570518194,0.8584047770089543
-0.014658180944905876,-0.00476308949293669,-0.014042394975058103,0.02085037521885068,1.1307378366964826e-09,488.828125,25.599879943790224,0.2735911356755138,0.07000477021804714,0.1457031268839536,223.85330200195312,105.22175598144531,-0.13710093250938207,0.057358520583968876,-0.21017634177694602,0.8590423949750582
-0.015054497528257507,-0.004374372263961035,-0.01311495231029891,0.020439545069140794,8.196018086437107e-09,434.125,30.826640922039005,0.29356702902008397,0.08075259081148162,0.14817720084193786,217.45657348632812,74.1318359375,-1.2235614847690797,0.11103552368840752,-0.20718478678397587,0.858114952310299
-0.0152674649158758,-0.004717347850579992,-0.013082432193364912,0.02065184950058616,5.403912428647573e-09,445.43994140625,38.11489335557623,0.311435887518813,0.09466701457423483,0.14454163555531985,154.7770538330078,21.61315155029297,1.7585630206114937,0.17714699053116184,-0.08204148360481707,0.858082432193365
-0.014967001476545005,-0.004579836694766137,-0.013649854809036355,0.020767873594987996,1.549161368075147e-07,401.689453125,36.13076548964834,0.31500316363672526,0.08947687925793388,0.15280660078143415,206.58509826660156,44.824745178222656,-1.499862421557894,0.16232665336177504,-0.15208085664465779,0.8586498548090364
-0.014629764387831451,-0.004690953809928622,-0.013950531280216394,0.02075216559038216,2.748034830801771e-07,467.2138671875,47.26439495305951,0.3460987176049136,0.09910289151904153,0.13684620910702427,264.92120361328125,13.841512680053711,2.0376107654361477,0.1846116951796047,-0.25966064382832116,0.8589505312802165
-0.01600351771864783,-0.003513315190505323,-0.011604911760741965,0.020078096024611438,1.9035681475543242e-08,358.076171875,36.631388853239685,0.3373135002082462,0.08705150857372469,0.165767569126276,233.50343322753906,59.71687698364258,1.709227560619093,0.1617929882374054,-0.22244246338676174,0.856604911760742
-0.015444830257189679,-0.0033512108706166277,-0.011636874994967572,0.01962626443369299,1.8573771853880316e-08,420.9921875,32.38010057668214,0.31511474003644374,0.07962038393821369,0.16200689218316822,248.99903869628906,90.66949462890625,-2.6318053261032825,0.08789803724013298,-0.22940213858398553,0.8566368749949677
-0.015221020130889662,-0.004217834167917017,-0.012944465365790747,0.020421282097340333,4.32815294715283e-09,472.044921875,37.00005085110932,0.3076411164043249,0.08986000826054576,0.14338174144632587,240.88421630859375,52.612518310546875,1.8387139220042195,0.14246132646960805,-0.20195721697946345,0.8579444653657908
-0.015621793314339799,-0.0031826683146757295,-0.012199229453585758,0.020074635817828097,9.513060561516795e-09,341.2734375,45.856092575036385,0.38965336710285625,0.09212693393535117,0.1677853634069867,288.978515625,61.2689323425293,0.5293307727464361,0.16069469411394688,-0.3320504025297537,0.8571992294535858
-0.014698274802843372,-0.004467359105808422,-0.01361912938416232,0.02052991146456076,1.0840520481281146e-08,515.765625,36.0091409314511,0.3036240403646213,0.07769545260770572,0.14417786378142872,277.49102783203125,115.8306655883789,1.3887288831373117,0.035929355236149374,-0.29187054306167864,0.8586191293841624
-0.015152121967689836,-0.004510701902271624,-0.01324517431480432,0.020624448463036724,5.09550446281537e-09,463.060546875,36.61029006886016,0.3018802374299481,0.09205864925458067,0.14175975209043,202.2236328125,35.04479217529297,-2.462996736028895,0.15365269055756672,-0.14366313394566999,0.8582451743148044
-0.015234101255807236,-0.004731945535424914,-0.013133041241964905,0.020662669766648413,3.880206733697378e-08,408.0302734375,35.079600207636915,0.3084965294112388,0.08976198423729886,0.15040035187559897,149.53199768066406,40.11052322387695,-2.737127767550083,0.1674917397282196,-0.08573818237872599,0.858133041241965
-0.014758701039761221,-0.004181738679524427,-0.01325384277157271,0.02027240841583579,6.259846530021207e-10,448.6328125,37.25690402396435,0.3369161804071653,0.07718360627858595,0.16475603740465583,287.4027099609375,125.74634552001953,-3.0466081771444418,0.04309296693901689,-0.29903664456678514,0.8582538427715728
-0.01540474609695651,-0.0036914789443510954,-0.012277946242456483,0.020041985506454585,5.850454787292847e-09,366.8359375,33.95604648230598,0.3313138141799502,0.07902726776315033,0.1691572468575796,246.861083984375,90.90626525878906,2.540538473454336,0.11861005952732807,-0.24021486186712834,0.8572779462424566
-0.014652448907726368,-0.004037316131912605,-0.012792547658276199,0.019865635054832787,1.1895954443730261e-08,450.9296875,29.455193728080204,0.31542652140473354,0.06180342110030015,0.17104675276828052,257.5481872558594,152.891845703125,-0.7263946974651103,0.00715225418408619,-0.24128958090360078,0.8577925476582763
-0.015073724466833305,-0.004469992587164184,-0.01312631568180389,0.020481654386540225,9.871052952803439e-08,371.99609375,31.962710125791478,0.30966777756822755,0.08224151203660658,0.16107582683325283,198.6159210205078,65.30390930175781,-0.06614847584387346,0.1527244882913269,-0.15004067526427087,0.858126315681804
-0.014703439402710747,-0.004725606792884918,-0.01392609668053546,0.02079564037450561,7.90767362701672e-09,478.1484375,37.12154449738852,0.3268412076678914,0.0697523697277231,0.15805927438378709,285.30181884765625,154.03469848632812,-1.3880673453853218,0.0014665144961607344,-0.33837907392986655,0.8589260966805355
-0.01592738461525922,-0.003102846070665577,-0.012188113968577663,0.02029431833128866,1.0222687478744774e-06,386.658203125,49.79134994525959,0.39368439567270486,0.09707160566104996,0.15322357738618297,305.66229248046875,41.20808029174805,-0.6958979574093637,0.1803791805563287,-0.33606765097317237,0.8571881139685777
-0.016058166949075525,-0.004195197875777323,-0.012039778766116171,0.020504162594905697,4.006394771494115e-09,369.71484375,37.228263105967876,0.3277759518596738,0.08937621734431561,0.15941324879214058,211.8916473388672,45.9047966003418,-0.01459778063168507,0.17285270267320163,-0.16658688831927934,0.8570397787661163
-0.015060758740649091,-0.00428118041749892,-0.013242182099636235,0.020506348928347545,1.3644410934432472e-08,447.3046875,37.39466577457002,0.31332661480630886,0.08629525284749481,0.1468321655119439,253.28652954101562,70.6073226928711,-1.3378101852162037,0.12179372010434007,-0.22101982334587375,0.8582421820996363
-0.014745163040812748,-0.0046355086991621,-0.013771068765771055,0.020701451856132043,8.142248653086881e-09,695.650390625,32.596804787460265,0.25637758325554594,0.08770357310679618,0.11744070596814693,243.07913208007812,63.120094299316406,1.4491362344109986,0.06775920903457186,-0.1863708005146631,0.8587710687657711
-0.01474639235709655,-0.004515637740968859,-0.013462050991857266,0.020471294259632514,1.1811481570589422e-08,485.23046875,22.130728123855704,0.2763256490439516,0.062254696585869525,0.15320215430816886,224.81103515625,123.85330963134766,2.046430170480926,0.039240557906155056,-0.1865847678013061,0.8584620509918574
-0.015032725868875066,-0.004670834870605101,-0.012646836218911828,0.020192622706948847,3.505917334223341e-08,378.39453125,17.959074837399353,0.28993485263557195,0.061752847482593944,0.1725375744334584,169.26290893554688,106.51051330566406,-0.21736132294079297,0.09211969834330143,-0.08593875789634284,0.8576468362189119
-0.015486597231560761,-0.004544803145808143,-0.011903051003539389,0.020054240265828898,8.086585623345854e-09,448.49609375,21.80185951938304,0.27445173669239614,0.07349607500610678,0.1536094485068341,176.60406494140625,84.5191879272461,-0.018969965203521226,0.09575901401705923,-0.12306677411041546,0.8569030510035395
-0.014946431666258711,-0.0037341477397442313,-0.01266773987544334,0.019945207756458076,1.3107994689676161e-08,425.30859375,38.758346495894976,0.34381823593489297,0.08104433237687572,0.1637426951643811,286.913818359375,110.12147521972656,0.1791250508801326,0.07133699208807007,-0.2942314012006021,0.8576677398754434
-0.014701364111621783,-0.004471048865247185,-0.013057154888864941,0.020164564921904927,4.899723404783174e-10,460.390625,14.97979787241846,0.2787815910376965,0.04752150125803943,0.16530123054356405,207.71115112304688,145.16213989257812,0.3123248166902708,0.01863477303109507,-0.17841802210540397,0.858057154888865
-0.01490088601265488,-0.003916481125427085,-0.012912417666221643,0.020102381907498256,8.057286393636787e-09,463.24609375,38.042934091112,0.3248519998722212,0.08088420630675354,0.152571444680205,282.1317138671875,107.41696166992188,0.4548700467350606,0.06894738567246396,-0.27849093209759224,0.8579124176662217
-0.015768673459730875,-0.004529714453194333,-0.012450495821837215,0.020595733099763276,8.27015043114443e-08,354.828125,34.875401757932714,0.3231256423953396,0.0874555286626594,0.16192459711710272,185.54605102539062,47.94514083862305,-1.0423603300854252,0.17694271665376846,-0.14544709988920482,0.8574504958218373
-0.014763711753630615,-0.004294477040345329,-0.013075429136727434,0.020183571658750708,4.183920765399307e-08,455.21875,24.896457833736903,0.29047647810679067,0.0639974822958729,0.16100863670585797,235.03945922851562,125.8482666015625,-1.8278678380005846,0.027777263584087664,-0.23321824041794878,0.8580754291367275
-0.014779212030745163,-0.004713104711107363,-0.013906099577652764,0.020833100338912097,1.0886465062753814e-08,554.87890625,18.109015166689012,0.24578296406163483,0.06817763115134547,0.1344646860229638,148.17257690429688,96.61260223388672,0.09093994137849172,0.05570672423403226,-0.09588389807738143,0.8589060995776528
-0.014873363264560485,-0.004093239235759993,-0.013217588567978611,0.020314433041389593,2.6984903200855115e-08,451.8203125,41.26686961281273,0.3420034111806552,0.08371152570424864,0.1539123644355892,296.3306884765625,106.05374145507812,-2.8820904163854477,0.07350601727331545,-0.3129476194766484,0.8582175885679787
-0.01526141298329814,-0.003724068447169826,-0.012509242229779671,0.020081348391213425,1.108092106960612e-08,474.8359375,37.62089971609412,0.3124498972891177,0.08649639911488041,0.1450839095897164,264.2028503417969,75.07002258300781,-2.2224228479468846,0.10090779451612304,-0.2665059258224523,0.8575092422297798
-0.016532014195845712,-0.003925398614303133,-0.01152321470952633,0.020530482821761915,8.705376330908621e-08,348.662109375,39.868748742492535,0.34606188496837365,0.09288545157896737,0.16227687661713752,210.8929443359375,32.40359115600586,-2.7566447268760275,0.20254232575399028,-0.17727279090005707,0.8565232147095264
-0.015821115039575284,-0.0035342875556408915,-0.012536172265955603,0.02049279104229455,2.1933473703938944e-08,395.0869140625,48.82801813640397,0.38068250379242446,0.09842374921840356,0.14945374549966106,283.877197265625,23.88469123840332,-2.646883407892487,0.19270182335400052,-0.30002329092645813,0.8575361722659557
-0.014709830201827603,-0.00456790877708696,-0.013740931930789735,0.02064117500262484,1.5850007417661516e-10,511.7109375,38.25354378344104,0.31855677627343604,0.0773672219763442,0.1478469934445058,290.8232421875,128.51206970214844,2.548459637370754,0.04288685186921576,-0.28931306026540166,0.8587409319307898
-0.014894825619987034,-0.003934309209070674,-0.013106404089048174,0.020226528306850365,4.032299827372299e-09,433.53125,42.79701124001775,0.3547194816169854,0.08497262102967745,0.1576323374212707,302.582275390625,105.11233520507812,1.8742762105438189,0.0818339815201584,-0.32754983150101624,0.8581064040890483
-0.01517845518391156,-0.004102596232336941,-0.013011084214905155,0.02040845682708399,1.3385744068727945e-08,464.876953125,42.0426359655136,0.33120063757609,0.0924171384322475,0.1447151640870178,272.8125305175781,53.5346794128418,0.6308969279059302,0.13354561443858254,-0.2650902084851295,0.8580110842149052
-0.014706776339722977,-0.004669459517162092,-0.014288011820367874,0.021029512696874916,1.661924903251233e-10,431.6484375,14.268769716091454,0.2729921707533689,0.05753746569204996,0.16347217423624982,175.97372436523438,115.52142333984375,0.9646754997825594,0.06175159719022984,-0.12436332769870274,0.859288011820368
-0.015654061052478047,-0.004264924391230301,-0.012563055590590233,0.020519979855494055,2.822112987743708e-09,482.244140625,37.92914583790737,0.30875585070040384,0.09519052396347315,0.14208083423624907,204.63946533203125,22.32293701171875,0.7874568036279641,0.15562152832464463,-0.1740770557531724,0.8575630555905903
-0.01670338714149175,-0.0021532332666724385,-0.011290445445653163,0.020275939284297707,4.214428805937587e-09,332.208984375,49.49090400685213,0.41632107712667765,0.09715640831117564,0.16618181911879049,296.7092590332031,36.54717254638672,2.394382244826814,0.20988423244471316,-0.329073508663075,0.8562904454456532
-0.01471162305130549,-0.004475594170516767,-0.013573003309632847,0.0205107097592007,2.356826556138003e-08,468.171875,31.499813808155203,0.3127735991440527,0.060272682015415975,0.16320298237484188,259.8701171875,161.6338348388672,1.1529582989530425,0.014893970836683154,-0.24803874134494777,0.8585730033096329
-0.015198995809234797,-0.004345473747965067,-0.012765773007239245,0.020318897021633545,1.3346260097080176e-08,449.1328125,29.843077551234163,0.2882540398820939,0.08215151792050063,0.14766830377009066,207.07286071777344,67.71337890625,0.8199009696327397,0.10646639234918574,-0.1807948504681984,0.8577657730072393
-0.014827249052211867,-0.004096734655589185,-0.013027496422148732,0.020158030963457745,3.7152812382146294e-08,467.7578125,38.02364657570271,0.3277365193170727,0.07857183141907464,0.1565094564107965,286.513671875,119.97270965576172,-1.7633458281655425,0.0526373557741205,-0.28268836279030835,0.8580274964221488
-0.015590231272169242,-0.0037603528933269903,-0.012575988818200212,0.02038016338888315,3.57859931909843e-07,332.619140625,44.846530728504746,0.3760628246207459,0.09302386685625401,0.1631223112027983,264.2865295410156,46.61857986450195,-0.5043587141558584,0.19953556024083405,-0.27894818024130186,0.8575759888182003
-0.015618965934146245,-0.004643467370950172,-0.012352771101328264,0.02044761208451761,2.6626134186358286e-08,392.958984375,31.459558041935058,0.3037929735577287,0.0851086150141812,0.15642662348875247,160.9127655029297,54.17811584472656,-2.813874171532404,0.14469021321622832,-0.10146286691245818,0.8573527711013283
-0.01567736808864101,-0.0032569383062852064,-0.011786749526592422,0.019882529560403376,3.090708489139615e-08,342.6796875,38.218162782759805,0.3512370081884196,0.08396606977374399,0.17156309804349756,255.7548828125,78.86345672607422,2.3080514397961336,0.14769521872607058,-0.274622748387753,0.8567867495265925
-0.015370519018536644,-0.004004233932057011,-0.012315478747632613,0.020098700482001915,3.678953319763423e-08,399.958984375,32.389573778956034,0.31109985339511853,0.08256428412053568,0.16012078605230395,225.6682891845703,71.7385025024414,0.5853135190880278,0.13224901164318054,-0.20696916023142528,0.8573154787476327
-0.014670188422711589,-0.004985314592574952,-0.01401446218307989,0.020891934812883612,1.769868518408657e-08,341.30859375,47.183858204722014,0.39493147899413955,0.08981303697460943,0.16952364574897194,303.5593566894531,81.73381042480469,1.4578224952395338,0.1335331382626623,-0.36134830025530706,0.85901446218308
-0.016640485389502746,-0.003384212939799708,-0.011475834881675473,0.020495205230776335,7.488459630167199e-09,271.716796875,43.076073121745175,0.3850468551950643,0.09136038944370238,0.17699080022037206,231.45855712890625,42.17497634887695,-2.0276842084431483,0.23075642275791333,-0.2444250400038083,0.8564758348816756
-0.015342978245322422,-0.0032590694767687944,-0.012079300415172467,0.01979742442366756,1.4061799724629509e-08,385.37890625,40.030336412205685,0.3551214143072824,0.08324399353563826,0.16710978134595844,282.65191650390625,98.10157012939453,-0.25657549584701445,0.0999784601835823,-0.28891273896315484,0.8570793004151726
-0.014842618084418793,-0.00452721819852997,-0.01326692621651071,0.020415933665922703,6.84692302854728e-09,437.84375,21.521941168761842,0.2815987515985464,0.0662590584786241,0.15962017763738312,207.70188903808594,106.79907989501953,-0.8402821308707044,0.07029865390865798,-0.14809709592663825,0.8582669262165108
-0.016324172162776013,-0.0027922336687210003,-0.011984240315576544,0.020442533639502238,1.8407241952900222e-08,339.75390625,51.20305022262532,0.4196397938188928,0.09791467075556609,0.15992141299600127,304.9176025390625,35.15342712402344,2.270185360178531,0.2235618284972679,-0.32295291640130386,0.8569842403155766
-0.014488143077676208,-0.004732631069939458,-0.014207675446682444,0.020836557495940555,8.902304671210004e-08,329.1845703125,42.00653014391751,0.34985720320283004,0.09405280980730708,0.15784453320107683,190.04090881347656,23.921070098876953,-0.1245432181465,0.2260199048753323,-0.1939109422511912,0.8592076754466825
-0.014716515259281228,-0.004715171401852,-0.013627115941245549,0.020603566477715666,3.017534888627438e-09,509.5703125,11.692875359483624,0.2549714889100591,0.05616139909902563,0.1476057521766948,140.8346405029297,120.47513580322266,1.0976268263133513,0.024554388735159118,-0.08115223784246005,0.8586271159412456
-0.015272211108989672,-0.00420580174306906,-0.012444728385926807,0.020144489694679354,1.7624648407377208e-08,467.734375,28.14236824146763,0.2841605760289195,0.07993734633877976,0.1473650205616902,215.09976196289062,76.75465393066406,-1.2958371510197024,0.10425902045361694,-0.14838655387946045,0.8574447283859269
-0.014693889269233932,-0.004267332990957606,-0.013366979650063282,0.020317397906164783,1.59045594472218e-08,476.359375,39.34436968253961,0.33776256963589774,0.0770746044420942,0.15833169478316333,298.0262145996094,136.6774139404297,-1.380930591999683,0.008151253560832118,-0.3305766626618289,0.8583669796500634
-0.01481359020966945,-0.0046863798415161945,-0.013545429827371835,0.02061269706096799,2.568464607666243e-10,520.271484375,18.723572201760422,0.25533738485448204,0.0719871343402649,0.14134938783934836,165.10821533203125,87.70487976074219,-1.7167643411020608,0.06705254185316546,-0.10334322747719497,0.8585454298273719
-0.015336502267455587,-0.00460478184789781,-0.013090321261310156,0.020682573060204774,5.748902687230384e-09,379.5068359375,39.62501133799976,0.3312719456545244,0.09426533782396342,0.15473920544667474,176.93939208984375,23.014408111572266,2.3497636027787445,0.19282449513761696,-0.13224060152247882,0.8580903212613102
-0.014715151973972827,-0.004483801341724797,-0.01307020788317148,0.02018589869682515,3.72767239298355e-09,481.2578125,10.609555585273801,0.2700970964191538,0.04245008224381411,0.16312125593936322,196.48794555664062,149.13946533203125,2.3534712541297167,0.005671773928622238,-0.14735180977840412,0.8580702078831716
-0.01536940141974158,-0.0038968257317294475,-0.012762228628307337,0.020353825938771573,7.72771269197392e-09,396.888671875,42.332613833920064,0.34135701620244924,0.09156927434243523,0.14990418127214433,259.31121826171875,51.35542297363281,-0.7913501459051109,0.14487301386607182,-0.2986970422556724,0.8577622286283074
-0.014745146687236955,-0.004509541447322629,-0.013653586907690363,0.020595527435322197,3.4780911484233457e-09,561.859375,36.800337576751524,0.29656666520592423,0.0787194718008098,0.13656057628080653,282.5731201171875,116.77313232421875,3.0344891758881283,0.019775792431258772,-0.2709434311189575,0.8586535869076904
-0.014958922126056401,-0.004590977062057383,-0.01355723797120989,0.0207037465924835,1.814607664130108e-08,481.025390625,41.481875678603565,0.315814804611615,0.09664672530810434,0.1361799994629732,220.87025451660156,17.852336883544922,-0.7872505451826687,0.16953846300899977,-0.19600163709203336,0.85855723797121
-0.01548920069932197,-0.004463320686815653,-0.012649616283048726,0.020490226010603303,2.3802508408721224e-08,395.3046875,34.71359634734806,0.3149906776509033,0.08795045633702715,0.15677689183749333,206.68992614746094,50.04999542236328,-0.5009714439655568,0.16241572288662376,-0.1538584770843969,0.8576496162830488
-0.01509391988040712,-0.004337934822968986,-0.0133426112501136,0.020607507633290695,1.9209571433531636e-11,424.41796875,44.05525260608736,0.34425465899500723,0.09651167407572836,0.14671871312842988,251.00616455078125,25.28015899658203,-0.2990860381829076,0.17878031962156807,-0.2444588711346661,0.8583426112501137
-0.014609679015417765,-0.00484772938369149,-0.014306877271266893,0.021014993180254363,3.0627850255982025e-10,459.375,30.624117314692977,0.29120414336941763,0.08190148131362186,0.14892583931693204,223.18902587890625,73.58692932128906,-1.4526701704391771,0.10619082757689811,-0.15783648061314434,0.859306877271267
-0.017529632977494713,-0.003006031448149593,-0.010591071924330953,0.020700122267737594,7.3603354522333575e-09,287.875,41.60652206647409,0.3786786371095998,0.09219244383482937,0.17565667809426622,225.23788452148438,37.29579162597656,-3.1353586846260746,0.2229437335755156,-0.24596972260862185,0.855591071924331
-0.01512513324595563,-0.004269205033298473,-0.01326113320140676,0.020563400037681173,1.7034368582358184e-08,423.26171875,41.04288599271339,0.33323858516043847,0.0905043544727101,0.14824027849850163,261.64312744140625,57.53953552246094,-1.715490533186061,0.15253673715342345,-0.22700303253205192,0.8582611332014068
-0.014760958162912258,-0.004689071784845705,-0.013904436077476712,0.02081361628173533,1.4810479953553113e-08,386.01953125,32.35492994256043,0.31298970994610037,0.0827085430272585,0.1629880503962532,218.6943359375,68.90475463867188,0.033024599584778574,0.13356181323268357,-0.1939091708995881,0.8589044360774768
-0.015353475287609358,-0.004647907929012124,-0.01298274691250656,0.02063695638697731,6.727008949880542e-10,483.5595703125,36.90809325106392,0.2972384075986104,0.0938004936214119,0.13600736977236272,163.21926879882812,24.949718475341797,-3.116447664649962,0.1608356671760986,-0.14083603889948476,0.8579827469125066
-0.015647965375930523,-0.003638855434466459,-0.012464300321037847,0.020333688100595295,3.4912220336913435e-10,311.0078125,44.708382035603336,0.38542409826586277,0.09144335733308913,0.17057483297326959,267.5171203613281,55.102073669433594,0.3547967610745951,0.2004463905487167,-0.28381563941206905,0.8574643003210379
-0.01473301899435071,-0.004228895482968287,-0.013297130686248604,0.020291847874970445,2.9352524855141837e-09,491.515625,36.723709420844436,0.32618362246885285,0.07471104528711275,0.1593714969389507,288.90899658203125,138.40921020507812,2.7908576470456796,0.01753655504832875,-0.2780601939509831,0.8582971306862487
-0.014884893176965092,-0.004406007452394861,-0.01347929443729412,0.020558801645219723,4.287542765268881e-09,533.94921875,37.582367098703145,0.29965822803413444,0.0874172150012856,0.13695146797659286,267.14593505859375,73.81867980957031,0.4860613401973974,0.08478580389181743,-0.2472314924273493,0.8584792944372942
-0.015603350646215444,-0.004251821096113939,-0.0116350900038793,0.01992279732920263,1.6530385948954063e-08,414.24609375,24.890791495369232,0.2900231839101675,0.07605726803507266,0.15960534748162203,194.93849182128906,80.87930297851562,3.047185520020232,0.1064874980680801,-0.15144218401392381,0.8566350900038794
-0.01586633904491519,-0.0048171666694458715,-0.012359773852094191,0.02068114646445723,3.2938591854048127e-09,400.939453125,37.31294272167619,0.31609655876259274,0.09195558289454328,0.14873460196324417,150.76434326171875,32.03917694091797,0.608068312948639,0.1841558112279469,-0.08084252800155475,0.8573597738520943
-0.015670332400658987,-0.0037120613069394903,-0.012017947529667339,0.020094023477627804,4.128908415168553e-08,423.072265625,35.54072067523601,0.31462401683785063,0.08652619957988406,0.1518275616380188,237.45384216308594,63.200008392333984,2.112868964686787,0.13858818458374977,-0.20347122962850106,0.8570179475296674
-0.014723009097574326,-0.004658499077554085,-0.01355108211999112,0.020545083041097003,5.413446135804634e-09,579.71484375,10.18860510412544,0.23931269704899139,0.05883335571774275,0.134765314068804,179.31622314453125,115.22674560546875,-1.0582297296615624,0.020666587971968443,-0.11208654725639355,0.8585510821199912
-0.015003184686067067,-0.004299339683987741,-0.013080883101686869,0.020363923373518823,5.205797570795312e-09,412.09375,32.10685459591536,0.3113047922913575,0.07948004079576816,0.16092982569778902,239.6663360595703,86.95465850830078,0.3121174979473234,0.10989500732165738,-0.19039722446784757,0.858080883101687
-0.016332737637872435,-0.00493386121771433,-0.011952862584686974,0.02083200012556764,1.346235389831918e-08,342.24267578125,41.94527899843966,0.35436691345419885,0.09598619428824069,0.16233589466549458,140.69607543945312,15.49095344543457,1.044598711478116,0.2305650259087728,-0.09542583677228064,0.8569528625846871
-0.015005223628657166,-0.004522077691203941,-0.01337221400415145,0.020601505531492592,4.453741819787638e-09,504.517578125,34.845849512586945,0.2909941510860178,0.09058617202101861,0.1382762209045082,214.3487548828125,43.30042266845703,1.3550168730416212,0.14268305570956982,-0.15552515184645485,0.8583722140041515
-0.014729529904181887,-0.004648196347280198,-0.01373643609149322,0.020670134420867587,1.057649079427847e-09,593.96875,16.964719805421623,0.24211741286220592,0.0666634528806103,0.1317457394022895,198.32766723632812,104.66157531738281,0.19053328647952225,0.033611588320866775,-0.11019126669517151,0.8587364360914933
-0.014698618524280721,-0.004787075075685113,-0.013277115335490475,0.02037761678740893,5.158795168824781e-09,524.1484375,7.153429041604481,0.2542545797685941,0.04221747457112476,0.15001788625144596,143.3770751953125,144.62481689453125,-3.0589406486436435,0.001979144722174137,-0.09521009319175001,0.8582771153354906
-0.01476729553105359,-0.004913546118741924,-0.014189008387642588,0.021060482230639232,2.952252886601059e-09,415.11328125,15.55790040265884,0.27896295975711266,0.061620507743161475,0.1663019028269218,174.91217041015625,107.51113891601562,1.5107903401676663,0.07168051050964207,-0.12796385772470448,0.8591890083876427
-0.015137344549419576,-0.0036676041095261014,-0.012795152925539566,0.02015704488014052,2.3181790709259076e-08,503.10546875,43.62855597215018,0.33823714208799105,0.09074594268359377,0.14295741705896314,303.05584716796875,77.98342895507812,1.4269128517630578,0.08962494794917607,-0.29853274020885007,0.8577951529255397
-0.014712191710475393,-0.004646313286779072,-0.013567957712171008,0.020545712169792056,1.4915627843947732e-08,485.6484375,15.83481677138944,0.26082248157708626,0.05785522238549683,0.1493385821864307,188.65447998046875,117.92599487304688,0.8481285549315831,0.044673196671671626,-0.12344705628390808,0.8585679577121711
-0.01469027403656456,-0.004769922555101863,-0.013993258649419138,0.0208414874728407,9.029200720434005e-10,570.7265625,34.44876687906706,0.29094828327563105,0.07380205191401973,0.13946317372319428,276.65521240234375,131.0738983154297,-0.8638136670905381,0.02166018035560692,-0.2419661344155243,0.8589932586494192
-0.01502786816795472,-0.00468474891130885,-0.013157973521278454,0.020516236526763407,1.2795508652629906e-08,388.498046875,25.489533987659183,0.2930168091189738,0.07565168674703579,0.1622057071594163,165.00390625,78.23282623291016,2.866625520130427,0.11098646493399027,-0.08434701007792483,0.8581579735212785
-0.015296680734413828,-0.0030207196937540592,-0.012048417665084021,0.01970475975979229,1.0456520982415896e-08,385.453125,42.83895557819103,0.3742924898631668,0.08737937489612974,0.16878668351388582,299.05938720703125,90.24684143066406,-1.1345377505685392,0.10007704190211149,-0.35565872669610604,0.8570484176650841
-0.014798202491357916,-0.004681163708811942,-0.014174211171836149,0.02101923768807362,3.0028772357582056e-08,464.5546875,9.225933903217955,0.2661418228976335,0.042372133010422815,0.16148287455145105,158.49893188476562,141.05804443359375,0.5365158451383898,0.025927443340433766,-0.09053789260950343,0.8591742111718362
-0.014982640900175731,-0.004513781715937831,-0.013535582567435145,0.02068974985741992,1.7200145308038373e-08,477.4326171875,41.3713582354814,0.3172582418914643,0.09514705691816448,0.13744277386561,238.62261962890625,29.317523956298828,-1.1047287175508609,0.16373251023576582,-0.20858666109979776,0.8585355825674352
-0.015051938952718662,-0.0028905652284815786,-0.011743209734571325,0.019308526832635543,7.668022306006606e-08,447.75,39.258128824122664,0.344819375868647,0.07722317614162626,0.16283912889574814,295.0429382324219,133.08596801757812,-1.5521995417335668,0.046687518824248896,-0.3079998692364931,0.8567432097345714
-0.01515851607916631,-0.0036111350585525392,-0.012597181911381483,0.020037711901359587,3.556530847603767e-09,400.62890625,40.13867039416286,0.347845374349747,0.08480700590128308,0.16257903024897746,281.14093017578125,90.25129699707031,-1.4578993337702797,0.09431243747212956,-0.31205184393585395,0.8575971819113816
-0.015412445424569043,-0.00423956713801768,-0.013152022357311832,0.02070007477209464,9.9950888454714e-08,374.982421875,46.47112721406274,0.36363447552160333,0.09755076133823465,0.14695973330548207,247.01205444335938,17.81707000732422,-1.2856344459656945,0.22464998042818238,-0.20636450631138956,0.8581520223573119
-0.014763336300280039,-0.0046553896004734585,-0.013589281119327667,0.020598478399810948,2.4408844723211587e-08,440.76171875,11.733246557123842,0.27045528287092047,0.052599456093259424,0.1625249187205956,171.111083984375,123.63081359863281,2.7694467680207304,0.04515382395489792,-0.11234149525684597,0.8585892811193278
-0.014712009986778959,-0.0044636285599224945,-0.013525832047678876,0.020477190978111636,5.424052318403483e-09,520.40625,32.38440401505276,0.29700014813727915,0.07238868668326807,0.14894091987009372,268.6252136230469,127.23370361328125,-1.0254263881373455,0.018227484721896083,-0.276341381779337,0.858525832047679
-0.01478013930444852,-0.00449422551761991,-0.013647641023366575,0.020613313328157804,3.8415439718164635e-09,567.48046875,41.198634126022704,0.3111082681909685,0.08922057678962347,0.13440076346096708,294.0528259277344,79.85572052001953,0.06358564501449974,0.06491876037284347,-0.296310234263198,0.8586476410233667
-0.015071745179643908,-0.0041943618116696,-0.013393695522873061,0.020594689935193044,6.542327213310273e-08,386.74609375,45.89270707504871,0.36355872986801874,0.09468063072908477,0.15185352027236976,275.01312255859375,42.49872589111328,-2.7559824496314462,0.17681469642262265,-0.2867488239226304,0.8583936955228731
-0.016523358227571644,-0.0032293801178658044,-0.01124610545863547,0.02024660838385227,9.845351200965524e-09,388.26171875,39.90665895121404,0.3387652497206566,0.09279456950449723,0.1561373524636761,233.21507263183594,37.655635833740234,2.6589754808920008,0.1749734480058745,-0.23343856448535388,0.8562461054586356
-0.014752262282653812,-0.0045508407031944476,-0.013440148422053433,0.020468927259846496,3.822298477729191e-09,480.8671875,17.03540722058658,0.2670784995447505,0.05791145125768565,0.15236551834619816,202.59207153320312,122.15399169921875,1.3144117159587594,0.04116267408243294,-0.13511112783834225,0.8584401484220535
-0.015066156904536193,-0.00428872181301293,-0.01336922283602382,0.02059413357975463,3.977867368831767e-09,481.44140625,45.337517290588174,0.3419032832774978,0.09696714111325884,0.13906260974873808,277.4658203125,31.091346740722656,-1.2695858794672414,0.14471678881288358,-0.2863684891473616,0.8583692228360239
-0.014760239106186207,-0.004549494832808393,-0.013398436057150631,0.020447020577167057,6.1513514282296455e-09,544.14453125,16.05698504201591,0.252533527480305,0.05969375051239068,0.141251734066,204.80404663085938,120.13178253173828,-2.6102185037798025,0.01948361076205868,-0.16904165600869567,0.8583984360571507
-0.014707250746292547,-0.00480091319580328,-0.014081374607583519,0.020919777792009615,5.099130451213796e-09,588.7265625,34.090591570765945,0.2835751627575782,0.07791642695751853,0.1352097553491265,273.927490234375,112.7756576538086,0.6806466841203004,0.004896283433392559,-0.2786856416114601,0.8590813746075836
-0.014718140441821383,-0.0036928946693611797,-0.012307714012157911,0.019538192170956925,1.9632421910387166e-08,413.0546875,28.975431415994233,0.328095264870287,0.06305486519744305,0.18096454345945545,257.2418518066406,146.6826629638672,1.2363386633545579,0.02723964288486142,-0.2685933301796378,0.857307714012158
-0.01496708586085159,-0.003695370306476764,-0.01278260552038435,0.020026592939335792,3.7647229333970245e-08,397.8046875,41.12860939572209,0.36845522169648165,0.08310509471844063,0.17342557244752566,299.2071838378906,110.27838134765625,-2.636436795400179,0.07890945393891273,-0.32082187455724315,0.8577826055203844
-0.014501306538963546,-0.004651510233880163,-0.014518114182624942,0.0210404391164399,9.069160533670129e-09,405.8984375,24.05862830866597,0.28246807305997634,0.07101401753769111,0.1581942456082276,163.6236114501953,88.38130950927734,-2.109603293906463,0.10697970813679618,-0.10203054487022103,0.859518114182625
-0.014800043195199009,-0.004610078402889267,-0.013532679693541327,0.02057735457119132,3.591381059209198e-08,419.5625,23.30288016742345,0.2897616153127369,0.06535149959042165,0.16262356021623103,216.590576171875,111.45803833007812,1.0940115179081418,0.0780278051453458,-0.20992602015441905,0.8585326796935414
-0.016617438304231708,-0.004516819586855569,-0.01167121153018913,0.020802838593748905,1.3484731553603524e-08,374.83447265625,40.63154281492329,0.34192410604632417,0.09618203770981486,0.15543077152473195,169.3522186279297,14.106614112854004,2.1000685518544553,0.21925524921464418,-0.13122963308840016,0.8566712115301892
-0.01473495967622808,-0.004188284403303905,-0.012629734700455808,0.019853739232369397,4.6020890209774734e-08,451.734375,24.38122432410107,0.3019942264791016,0.05937854389577224,0.16936284603465201,242.37680053710938,143.96974182128906,1.5073147606695552,0.005575547407464257,-0.23202191705752417,0.8576297347004559
-0.014992580027773678,-0.004554405809804235,-0.013461074441866838,0.020657216494461624,3.552240057658196e-09,495.20703125,38.02210350574765,0.3008539225692315,0.0949471694121764,0.1363745629794968,193.8781280517578,21.85730743408203,-1.760036682211254,0.1548418090185164,-0.15656675604585946,0.8584610744418669
-0.014934334464984045,-0.004459346396953445,-0.013140127244777755,0.020385854414494933,1.1173259650831824e-08,503.0546875,24.759947327687513,0.26663986594423816,0.07516333816443882,0.13993430003502205,205.1015625,85.35203552246094,0.8583209519460635,0.08053248081635275,-0.18363023449104435,0.8581401272447778
-0.014986038553535808,-0.004187214480506629,-0.013359646985023232,0.020508395456453103,2.349122452116603e-09,520.53125,45.94204388389006,0.33979519652045326,0.09564519681610428,0.13570490847380257,300.2598571777344,48.448360443115234,-1.4032400809396017,0.12349363481417604,-0.3200072430490527,0.8583596469850233
-0.014728897500164574,-0.00458280109915063,-0.013496950832488364,0.02049658921038666,3.962720374062201e-09,540.16796875,16.610392414877523,0.2520862016693282,0.06114559358768169,0.13965185889328735,202.01644897460938,115.48393249511719,-0.6094857464713385,0.03092290953894892,-0.19012131210268252,0.8584969508324884
-0.014704133023855925,-0.004696005641564693,-0.013887653501928998,0.020763692271811837,1.0549398687942357e-08,558.13671875,18.649816013043534,0.2509067132726038,0.0652181480060045,0.1376851130734722,207.78819274902344,109.74043273925781,1.270060530320206,0.023730861387174146,-0.17712043910445005,0.8588876535019291
-0.014927721752064194,-0.004443753642699166,-0.013578089458325504,0.020662728195529813,3.3127594001314264e-09,503.501953125,47.252580883143665,0.35213317982828174,0.0993188953307687,0.1396825686398634,287.589599609375,19.53832244873047,0.05690796361037999,0.16148376639881085,-0.3003566164759904,0.8585780894583256
-0.014883766663245826,-0.004522957867718225,-0.013512207365472206,0.020604936443644355,1.0400088790163409e-08,421.689453125,32.19617679115355,0.29710720265139284,0.08352258715231431,0.14912426544412227,208.1003875732422,63.561622619628906,1.7948428365101208,0.11785910144602578,-0.2115003885143831,0.8585122073654723
-0.015374910728665855,-0.0036668214872676297,-0.01203969507742253,0.01986926564549491,7.022721959515366e-09,384.29296875,32.50505830469194,0.3231358705015258,0.07928909250805738,0.16732580815638265,242.58596801757812,88.23980712890625,1.801763920687232,0.11508116900933801,-0.2390971174788725,0.8570396950774226
-0.015303101830063781,-0.00414701370402959,-0.012983505078016044,0.020492780494446795,1.4571032158627872e-09,383.53125,41.37402101967602,0.35028767088675683,0.09295568995540693,0.16026951724482574,251.85084533691406,42.365211486816406,-1.822046315413081,0.1671571711784034,-0.2640968392623575,0.8579835050780161
-0.015861099749466923,-0.004193360319101003,-0.012037648014666225,0.020348555864074195,1.6197028163134064e-09,360.54296875,34.69810660789929,0.32519021696562217,0.08719730528402823,0.16357786424251886,202.83026123046875,51.20294189453125,-1.4787142597542198,0.1701665466856283,-0.16931442409739259,0.8570376480146663
-0.014720639454548545,-0.0044781785682205255,-0.013673492189626435,0.02058435565907896,2.122160402961981e-08,491.3203125,41.09195089004402,0.33680081637565956,0.0808493095182617,0.15156732998653488,303.574462890625,125.36502838134766,2.69408796375071,0.03697062115282565,-0.30067345561408226,0.8586734921896265
-0.014911614470844992,-0.004373863791684446,-0.013278769252495826,0.02044046583266513,8.544400742493963e-09,352.7109375,35.08456000544212,0.3376941400151744,0.08062084512033475,0.1723792232624325,246.11399841308594,85.45094299316406,-1.790797160675032,0.13017537023657647,-0.23439943984319328,0.8582787692524959
-0.015822845478770248,-0.003265312160863232,-0.012055438178885436,0.020158330591540808,5.712338158048169e-09,431.98046875,43.79035629420762,0.3485273358907673,0.09299404965981245,0.14862440817066513,280.5162048339844,54.33384704589844,2.1560210717479498,0.14848250974641225,-0.2563715333997134,0.8570554381788855
-0.01478987228158353,-0.004664420170374967,-0.013541391667894476,0.020588016561453305,8.926124728247942e-09,444.7265625,15.860631694880464,0.26958123567184467,0.05931023269714688,0.15662067035377136,148.80494689941406,112.25759887695312,1.908141929657415,0.05855798890174686,-0.08134965049001558,0.8585413916678946
-0.014920405591314842,-0.004336320814080363,-0.013345562896287855,0.02048233947162142,2.637999685362047e-08,396.91796875,36.464992215319214,0.32574180276828685,0.08151636729803433,0.1591119113024777,255.583740234375,87.52085876464844,-2.860979934192832,0.1164141305495316,-0.2594882891626273,0.8583455628962879
-0.015173974866212386,-0.004560822841445683,-0.012742419539683691,0.020332729132037604,1.1172822667049331e-07,324.73046875,26.791687356441827,0.31588858604670933,0.07306026754191422,0.1780442127693892,182.42718505859375,84.23186492919922,-2.0405859494456977,0.13423088578228093,-0.15601541243690137,0.8577424195396838
-0.015515197131767855,-0.004446308631031459,-0.01290891625253554,0.020667150778348197,4.1365687764027825e-08,419.84326171875,40.95090069300311,0.3330089657647894,0.09672167382656593,0.1508975591252032,204.49856567382812,14.662009239196777,-2.775954618983676,0.18635747456368768,-0.1393930303873366,0.8579089162525356
-0.015051256903937493,-0.004478612705098806,-0.013056412105071358,0.0204222477511182,2.099982587822069e-08,337.013671875,31.697940096524373,0.32241563635675363,0.08001056072159735,0.17126811385382001,203.93182373046875,72.02679443359375,-0.23730312434614495,0.15616071531212786,-0.16495489317382575,0.8580564121050714
-0.014885671156001035,-0.004608512008111507,-0.013482588711445365,0.020605867782151354,6.613403158439723e-10,459.353515625,24.492434667274782,0.27501273772601026,0.07633977400908289,0.14890824366044952,187.20443725585938,79.24490356445312,-2.831587425342377,0.09027850295963837,-0.11422494304560653,0.8584825887114454
-0.014719132566520993,-0.004261834244667029,-0.013339338746928164,0.020316349397594403,2.903138285326179e-10,536.6875,34.717388045273466,0.2991350394345912,0.07425135669939618,0.14365429488890746,277.2153625488281,128.34463500976562,1.8436745976269993,0.002601235330176671,-0.2906019449173593,0.8583393387469282
-0.01602855261148975,-0.003409222166883219,-0.012167823160226243,0.020410615254347453,5.921819479226542e-08,327.841796875,46.63314518814667,0.385396967970735,0.0954250914737197,0.1622045782390441,263.84423828125,34.17716979980469,0.5933811003450745,0.2099391929909885,-0.3009735929296073,0.8571678231602263
-0.014829425462418493,-0.0040859216063448,-0.01306024002242323,0.020178614530287423,1.7604330437848148e-08,473.25390625,35.22933223867572,0.3149488691872424,0.07994542032503345,0.15470849288534194,272.5179443359375,103.64820098876953,1.8907314157908428,0.04844805848271921,-0.2655858490845946,0.8580602400224233
-0.015138027359966333,-0.004501809981226401,-0.013308609321873166,0.020652971881557586,3.029452244618369e-09,522.029296875,30.074005522380507,0.2725822841726219,0.08343662449378086,0.13573838730022514,213.72515869140625,66.39020538330078,-0.05830823599171805,0.09218780302518265,-0.19573131050144804,0.8583086093218733
-0.015027067582573411,-0.004150964021344683,-0.013170532558917869,0.020408483293063263,9.257289690367543e-08,376.85546875,38.17184834642049,0.34448919137810524,0.08651352565547221,0.16800604676111264,259.24169921875,71.7551498413086,1.006304775037288,0.1372618073368948,-0.2562391856939664,0.858170532558918
-0.014801405782674956,-0.004349899442797567,-0.013464286089430955,0.020476577795224916,4.087544080988437e-09,541.76953125,39.173093084174056,0.30510010047726294,0.08648236294273258,0.13528479387118975,282.08831787109375,84.62396240234375,0.48057952134815074,0.057407271610665174,-0.2892940309891268,0.858464286089431
-0.014770147769297332,-0.00450568114555,-0.013598681843324023,0.02057626242999914,6.165151500425736e-09,465.59375,32.14828943294234,0.3007893833035553,0.07524196311025992,0.1528252782650953,255.5521697998047,108.02307891845703,-2.4627297909081047,0.05295410326480343,-0.2663777873932283,0.8585986818433241
-0.014810904716398517,-0.004660623723292637,-0.012983022207678996,0.020239643713599306,1.613626388063949e-08,449.0859375,9.77911149767089,0.26834123723385284,0.05130037089328032,0.16152893208972452,167.23226928710938,125.82225036621094,0.35411323384627336,0.03705770269815597,-0.10694666765829754,0.8579830222076791
-0.01580920446728651,-0.004612324070507712,-0.011765188219696632,0.02023917323076081,2.9406428403433438e-09,333.80859375,27.382080152877368,0.311807953787154,0.07489800762264663,0.17194980725497233,165.6978759765625,79.11680603027344,-2.257231563517288,0.15295487086672377,-0.10260800000380318,0.8567651882196967
-0.01517823602971366,-0.004045847163794136,-0.012948187078008488,0.02035689752525136,1.6431371818725893e-08,454.291015625,40.47745306696233,0.32815123705341753,0.09056880027385913,0.14753250430795672,268.1904602050781,60.05738067626953,1.1962796111246112,0.12360352126274643,-0.2555018398671293,0.8579481870780086
-0.014735448812352628,-0.00437267263351665,-0.013502310394037265,0.020458888132992386,2.2865405568950337e-08,431.1015625,34.477788293568594,0.33418667139263025,0.06937003709842467,0.17011576163361186,274.9203796386719,143.67083740234375,1.410219596203188,0.04136974540938451,-0.2931199977089562,0.8585023103940373
-0.01477587823033457,-0.004641461677000053,-0.013773020416304904,0.02072597007053438,3.455289032672226e-08,466.4609375,16.730672717837237,0.2729668107457085,0.057558406345722,0.1585326985340757,207.342041015625,124.66705322265625,2.905696210492721,0.027108047166604553,-0.16899400320430083,0.858773020416305
-0.01450705774662489,-0.00575734069771866,-0.01510449030985217,0.02171974502368605,6.171068656080081e-10,450.625,41.7465573402768,0.33782555093219063,0.08533391781619523,0.15196210162605772,292.6793212890625,95.93584442138672,3.140410878751302,0.06351787404845687,-0.3251119305917831,0.8601044903098523
-0.014854201110437476,-0.004140645848337343,-0.01319753993506323,0.02029697758308522,6.427904319927791e-10,550.65625,38.121848783515915,0.3031469524427156,0.08331903854109089,0.13638207719776363,284.7834167480469,99.70823669433594,-0.4921691104303442,0.044555272539657825,-0.27333319436066156,0.8581975399350633
-0.014979089961458442,-0.004568095532524158,-0.01317586893174505,0.020465682372553733,3.283104454965269e-09,327.02734375,24.73322556520784,0.312137165276022,0.06786867240466941,0.18094967442717258,185.6090850830078,95.93377685546875,-1.0353264608927593,0.12971249340341143,-0.1452448809790588,0.8581758689317451
-0.015289746267984267,-0.004759668017113444,-0.012798011799996734,0.020499265513801393,1.1523089682441423e-07,374.923828125,30.780606974748192,0.30372574357900406,0.08179862164021348,0.1576414552222407,153.875732421875,63.12721252441406,-1.368086307823314,0.15851881236861004,-0.08189156622442795,0.8577980117999968
-0.015157443628732448,-0.004437806153390594,-0.013041348089103955,0.020482162502881592,5.5824195044351654e-08,350.82421875,34.5840134016721,0.32091497205894953,0.08309587065084047,0.16383466215848363,210.11962890625,65.31663513183594,-2.7435936042747984,0.15977760473244415,-0.17037030389361338,0.858041348089104
-0.014803282521621074,-0.004102504996114642,-0.013200841992467516,0.020254134145111496,4.208640991265611e-09,583.15625,37.876352583818694,0.30199886831843403,0.07961636636345006,0.13543841523114852,292.3570861816406,121.03338623046875,0.814625734042323,0.030184376596820585,-0.25197184059103245,0.8582008419924676
-0.015187324570155897,-0.0046815307123078825,-0.012864161742760616,0.02044647193902774,3.5322724745157075e-09,399.029296875,26.986025306464768,0.2929483270990112,0.07878907083997495,0.15767137705284529,160.2548828125,70.87310791015625,-3.0045037019755627,0.13706134408377948,-0.09736766503390483,0.8578641617427607
-0.016032471452204156,-0.003345991981340002,-0.011913031482577496,0.0202523115300406,2.3279749239435432e-09,378.642578125,43.08266833797538,0.35069993384009857,0.09228181341604766,0.1516069043999696,258.6856689453125,48.05096435546875,-0.15696896089037246,0.1731112312782434,-0.2684044813555338,0.8569130314825776
-0.015817879742141994,-0.004630370860126978,-0.012081855795111007,0.020435676971733444,6.038133548713631e-09,397.833984375,32.20174565374284,0.30715423094067346,0.08724062829498282,0.15749516601716496,162.2239227294922,47.87628936767578,-0.7125278199685356,0.1609039798266294,-0.11776437758074189,0.8570818557951111
-0.01596600028276976,-0.0042691526229192145,-0.012079841589705986,0.020470989277012786,6.341481650906644e-08,336.4375,35.188044246078256,0.32884117544213887,0.08557468638258156,0.1643553480223272,199.24237060546875,55.25984191894531,-1.1363757939842853,0.18447729610541444,-0.15466392253497227,0.8570798415897061
-0.015176628496097355,-0.004456297781012503,-0.013218743638490627,0.02061368054961917,8.766648740277105e-09,396.76953125,36.76112464943657,0.32499420993829975,0.08583540877205463,0.1579457863442002,243.9329376220703,68.0786361694336,1.5612366985871664,0.14069677510142503,-0.2195452251179091,0.8582187436384907
-0.014802093075912445,-0.004256127668355036,-0.013312888811601864,0.02035803503944785,2.399039011891091e-08,511.3203125,35.89343909779063,0.3018970802142492,0.08059956381087244,0.1423935450204169,271.87371826171875,101.26261901855469,-1.778666953529391,0.05058778803283029,-0.2753197424527531,0.858312888811602
-0.01415433236526073,-0.004858579214782749,-0.014510693448789969,0.020844930823999932,3.370048773376766e-08,447.8603515625,42.48914763859005,0.3236127961916819,0.09722895344734593,0.14093900336574572,208.26438903808594,12.603456497192383,-3.052764175366595,0.19531449581448457,-0.16948645855858172,0.85951069344879
-0.015000921421768287,-0.00449814378232985,-0.013139102438142536,0.020442528069409188,2.8563682530347023e-09,459.013671875,26.83303754379151,0.2829961667608588,0.07999546712821916,0.15123115568079992,203.23709106445312,73.46214294433594,-0.20862480956683124,0.1016394130799151,-0.1552088939714456,0.8581391024381426
-0.014839594561792555,-0.004558448792188197,-0.013603580134260218,0.020640988702545826,1.788033721084048e-08,562.255859375,33.69517122581662,0.27779764554191505,0.08895176007405094,0.1317607519553533,226.93885803222656,52.393699645996094,-1.9545865790008519,0.11418231774433431,-0.17587016499128502,0.8586035801342603
-0.015648033567456004,-0.0040233146781244455,-0.012335181555559682,0.020327437603792103,1.73773031519886e-08,355.728515625,37.996014013896215,0.33500077259918815,0.08827108545870103,0.1625645349448942,225.15399169921875,52.80427551269531,0.9900510092478121,0.18369160909272153,-0.18465848859053408,0.8573351815555598
-0.014748929287312012,-0.004594344933797095,-0.013518934212281453,0.020528041862993923,7.4224892898655526e-09,477.10546875,17.28044286246334,0.27403336831991015,0.053329263401060305,0.15879134486699764,213.30621337890625,136.35997009277344,0.5434634354114241,0.01720596373535607,-0.1837588308546411,0.8585189342122815
-0.015084647897215725,-0.004341282774583011,-0.013392331490386322,0.020633658935347826,1.2704883811665013e-09,460.712890625,46.42336411077861,0.34661736353241207,0.09822129011933328,0.13765252860996213,267.3321838378906,20.069713592529297,-0.8472988085526846,0.17936940982836558,-0.25066078598286085,0.8583923314903864
-0.015605295279984777,-0.004743212896800561,-0.012462057564706974,0.020526231707402132,5.697929594816742e-08,316.14453125,34.03883231065213,0.3305403987976111,0.08420137920742285,0.17029286200691762,154.380615234375,55.98968505859375,0.5554780145450477,0.17868155760256066,-0.08367329294064867,0.8574620575647071
-0.014839155509169463,-0.004446341625365946,-0.013364120295611182,0.020458988277780088,2.6521618234909283e-09,443.5234375,25.015215555709286,0.2837882277413242,0.07112768771996646,0.15523182084239162,215.80120849609375,98.33975219726562,2.910420009328177,0.07995166747181982,-0.17960587281644627,0.8583641202956113
-0.01493559711472861,-0.004698011606491484,-0.013136619161695728,0.02043805610197921,6.451190159850739e-08,388.609375,24.385506058087127,0.29202814874223215,0.07401852041721142,0.16166295586066892,155.18260192871094,81.81997680664062,1.3575125103664025,0.1106301852324247,-0.09678491661094986,0.8581366191616958
-0.01583736286835777,-0.0042188836346595815,-0.012084630967398424,0.020363186080892173,3.3980512625930714e-08,330.12109375,34.31089707308125,0.33213011198208287,0.08492372524286725,0.1707978529315124,200.89566040039062,57.71609115600586,-1.8402375313981725,0.1826343069458261,-0.1637350658097653,0.8570846309673985
-0.015034685981377777,-0.004177377248048064,-0.013333580831215941,0.02052502475062372,8.958287445182123e-09,431.947265625,43.68773280007007,0.34172659675270073,0.0936282044286678,0.1454451621368884,270.82293701171875,46.30193328857422,2.1083287384644094,0.13825492231278172,-0.3014337664070697,0.858333580831216
-0.01483261592643803,-0.004391330828760642,-0.01334482089844935,0.020429746118846834,4.002512543621606e-09,468.98828125,30.329288677909968,0.291097363766333,0.07766105850150137,0.14867746318231267,238.481201171875,91.1028823852539,-1.244152581731191,0.07716030340334076,-0.2221473465740359,0.8583448208984494
-0.016256376406436568,-0.002554773767248608,-0.0115247000968004,0.020090180566405078,5.5724257208566996e-08,388.0625,46.928531212682444,0.37403335601071996,0.09595228675381964,0.1506591644611378,283.45703125,38.564971923828125,1.0791939958599186,0.17731289403618158,-0.31881007381828336,0.8565247000968005
-0.01460930308527662,-0.004294814976390893,-0.012519431316279861,0.019713278083615452,1.2727295883863121e-09,412.8125,15.813687452989923,0.29816158424548533,0.04118528200896882,0.1819646209688459,207.28274536132812,158.33201599121094,-0.7053926295036356,0.01656148046238091,-0.18639292371159014,0.85751943131628
-0.014589027703558383,-0.005057386984449269,-0.014640022004532627,0.0212778555484069,1.540468730354405e-08,441.71875,29.69230684094616,0.29377222305087775,0.07521485845842261,0.15256929451883539,233.1827392578125,95.1041030883789,-0.04003315684228911,0.09342206756676984,-0.23623229758379258,0.8596400220045327
-0.01550358739846025,-0.0029091781309628084,-0.011980529443345489,0.019808019218544692,6.659395701547055e-09,379.421875,44.854481479866664,0.371738114303179,0.09062938679109828,0.15999560548803926,293.2967529296875,70.75724792480469,2.6947597563869095,0.12546229801810402,-0.3733274237563251,0.8569805294433456
-0.01526351549484481,-0.0039691842691967905,-0.012699165978092175,0.020248410939215467,1.680558092687079e-08,435.98828125,36.47549399000337,0.3139045682819954,0.08586413917254594,0.14952420376687459,248.24708557128906,69.75083923339844,0.6394209636439694,0.12768297335627618,-0.22293928633437143,0.8576991659780923
-0.014858392030428783,-0.004493742691953989,-0.01321610467089429,0.020387029204458243,8.005142326794612e-09,460.66796875,24.133956064139195,0.2789298168861389,0.07117807571024064,0.15241604117273255,214.65713500976562,98.34063720703125,0.5791651549697673,0.07167556815431858,-0.17187408309555727,0.8582161046708944
-0.014626140326052774,-0.004739346217296381,-0.013737398130749479,0.02061798949479575,3.195839681779944e-08,482.3359375,3.918917243611445,0.26311015046529296,0.040788916999556446,0.158463772384279,153.72186279296875,144.00755310058594,-1.5533372478306533,0.01523101905946114,-0.11356297222390235,0.8587373981307496
-0.014869957837379634,-0.004655661757770324,-0.013330255600234153,0.020505768623872333,7.357352060921585e-09,466.90625,14.27487685840182,0.26442044541213927,0.061396039718643276,0.1543968435615325,176.2546844482422,108.6132583618164,2.1537745052905377,0.04870013801966159,-0.1284789880436881,0.8583302556002342
-0.014328400748265684,-0.006182179989212777,-0.015216350887588659,0.021795865473895358,7.211868933154619e-07,587.46484375,44.8608867800186,0.30898041771815327,0.08841892731034663,0.12664766817120354,307.3193664550781,92.78736114501953,0.6718313069537647,0.04592039618184612,-0.2903788903087663,0.8602163508875887
-0.015106865845947184,-0.0035561230148521417,-0.012368705193744223,0.01984561096953082,2.6320471135932166e-08,401.2578125,36.26670452238852,0.33522117609618346,0.0805202501027005,0.1665106618733504,268.1839599609375,98.55704498291016,2.3283297466227233,0.08339287591685582,-0.29059608547031573,0.8573687051937443
-0.01470396620583446,-0.004628242353653472,-0.013610194112161467,0.020563672659259784,2.967858458990946e-10,560.0078125,18.87435637230538,0.2546210704144346,0.05900360356369244,0.14098353428478239,218.45648193359375,128.7802734375,1.170570048151277,0.004348191328355927,-0.16803019117554854,0.8586101941121616
-0.01477157608252802,-0.004421542995313887,-0.013510999602258322,0.02050113686295342,1.1511255282314892e-09,506.55078125,36.18017220905522,0.3046238122477963,0.0789156929555512,0.14409959070303624,274.8543701171875,110.02598571777344,1.2059662416911838,0.04869672998558702,-0.2706529910038907,0.8585109996022584
-0.015137050678726116,-0.003944640029989344,-0.012990599045272333,0.020333375316743348,3.890957245289428e-08,451.00390625,41.46437216150914,0.3333932805312083,0.08971004658096582,0.14743218083056442,278.25531005859375,68.42229461669922,2.459722862665974,0.11840614964596251,-0.2850206939932518,0.8579905990452724
-0.014992655728748,-0.004197426020483397,-0.013313663154589594,0.02048540303709126,2.600638993044413e-08,464.181640625,45.09768497275019,0.3427851202371633,0.09575292002338644,0.14172475607428192,279.38232421875,38.41531753540039,0.6326905207158174,0.13049968951029103,-0.32611074934487433,0.8583136631545897
-0.01468899814327411,-0.00476938766267225,-0.014385790035862822,0.02110603421028902,4.639809958462138e-08,440.3046875,15.380483835779104,0.2720279121454478,0.05271806887859955,0.16135964516187873,183.63784790039062,125.74246978759766,-2.621102886345137,0.052601687416170266,-0.09711970072806524,0.8593857900358629
-0.015090465749780707,-0.0038066381669532023,-0.0127024394742965,0.020088917822460608,1.9129391404248963e-08,410.40234375,38.19567619170919,0.332842549744797,0.08408670222133736,0.1596755794279653,268.5050048828125,85.80027770996094,0.8853592948560711,0.10127209893747026,-0.3045172416569938,0.8577024394742966
-0.015827799165045564,-0.004083016701750264,-0.01242209627879165,0.02053043418331327,1.8237962251532736e-08,398.8134765625,40.69951285075133,0.33296841394159316,0.0941754089987421,0.14976810324533907,219.7591552734375,28.74997329711914,2.9177163547200453,0.19824054883112913,-0.16887347583005555,0.8574220962787917
-0.015139828239905867,-0.004089737740233135,-0.013179367381327745,0.02048502083205541,2.0808219147738782e-08,453.9453125,45.517186280462866,0.3476142133940786,0.09577830153460494,0.14287272169213283,281.4303894042969,39.644779205322266,0.21139107280867672,0.14281014268573228,-0.30526422115467666,0.8581793673813278
-0.01525960186460043,-0.0038064637572854942,-0.01285846467150109,0.020314643218867678,9.86108474876346e-08,362.19140625,45.28133755532362,0.3754405084676052,0.0930370213028064,0.1613848483187289,281.59552001953125,53.1566276550293,-1.324290499597527,0.15116482652513763,-0.3391073495489548,0.8578584646715012
-0.014874466025889876,-0.004594556456818527,-0.013218143470772103,0.020422512220688232,1.0078793799550567e-08,456.93359375,20.018497967410916,0.2709974731577511,0.06713680244620819,0.15133757054259667,192.4865264892578,100.14334869384766,-0.846996308337332,0.08376758675258446,-0.1481234840489753,0.8582181434707722
-0.014691193908495324,-0.004428046963668303,-0.01346302757432527,0.02041303235280111,1.8927739375840247e-09,519.9140625,27.707970728998085,0.28788507139096,0.06018230376779017,0.15284956654451942,249.93458557128906,151.41712951660156,2.3318918122521244,0.006016709195672014,-0.1898764991580552,0.8584630275743254
-0.01477878464542444,-0.004625831624584853,-0.013645528013668806,0.02064003945215858,5.8446186779193e-10,459.90234375,25.079889767006723,0.273290192297281,0.07407853449748238,0.14536327489548806,193.71844482421875,85.216552734375,-2.702969668898496,0.09613422365425409,-0.14385461723318668,0.8586455280136689
-0.014622904057173744,-0.004863672404315733,-0.014067815009644269,0.02086595436272646,3.367608769622166e-08,393.58984375,40.90415964726113,0.346896495656468,0.08761015608633663,0.1627522429111622,273.5546875,75.24945068359375,0.19017261176393915,0.12478258934319232,-0.2717753783247758,0.8590678150096444
-0.015177104094093424,-0.004677626107030833,-0.013208187760126444,0.02065625567683741,1.595040899360356e-08,433.025390625,35.81056374643011,0.3013657016753093,0.09056951595273638,0.1424330015602958,169.97763061523438,37.314186096191406,-0.225620172640727,0.15852796695619556,-0.09521251943740568,0.8582081877601265
-0.017367156536485878,-0.003925952748403072,-0.010179284282051393,0.02050973085245919,5.4987271624895584e-08,316.15625,36.50338503919306,0.34502937566866965,0.0892987199896607,0.1707204693680625,183.95944213867188,41.2664794921875,-1.4427487884209464,0.20622790532787683,-0.16625633537699672,0.8551792842820515
-0.015583632677025366,-0.00401830079388929,-0.012854722111865224,0.02059709273795457,1.629002821523784e-09,346.04296875,41.235203944439284,0.3512096274497054,0.08891780669345827,0.1621389284572159,250.30548095703125,58.69774627685547,-3.1234798249945808,0.16962564991602752,-0.24777736851703205,0.8578547221118653
-0.015040903130724259,-0.004682120241932541,-0.01239344708884138,0.02004366602424956,5.13083930897551e-09,391.21875,14.930078357828545,0.28547665243198833,0.05760040265206456,0.16971089963788744,157.7049560546875,113.54370880126953,-1.3913633450779757,0.0797614586061219,-0.1350179374265605,0.8573934470888415
-0.015122055597065767,-0.004662064817174835,-0.012469057744485368,0.020146682478155008,9.233283471132836e-09,374.921875,17.64135385060386,0.29123489390333185,0.0620518919024977,0.17277550630905125,161.79684448242188,105.64990234375,-2.2284369424854815,0.0921940813540933,-0.10335098071339958,0.8574690577444855
-0.014779123848303252,-0.0047124527883806305,-0.013721199810612816,0.02070992605609599,2.911092478186106e-09,540.123046875,29.51670018665229,0.26725676043203805,0.08658911437189819,0.13233306590158855,154.045166015625,51.36473846435547,1.5034298134392003,0.11012530815409811,-0.08991730443006764,0.8587211998106129
-0.015141659951234593,-0.004242674824995074,-0.013257290644937525,0.020567593709372434,8.605772094938402e-09,420.021484375,42.465425424318404,0.3357521310536709,0.0934996060632101,0.1461141636723421,253.20423889160156,40.46363830566406,0.535756163951151,0.1687125271957326,-0.26539065121706795,0.8582572906449376
-0.014781367220764598,-0.004507273079013163,-0.013476820044843407,0.020504365536270174,1.8794750200612498e-09,454.875,25.730469884476733,0.291088663196862,0.0641159649738941,0.15905261159129058,235.85009765625,125.9826431274414,-1.4124508739644168,0.04693665408713955,-0.2220906767059932,0.8584768200448435
-0.014937784553092318,-0.004723403459160516,-0.013186415596904477,0.020477536567832046,2.0822759072558483e-09,474.28125,18.778684438749725,0.2658085586972382,0.07090852011404644,0.14989540393723333,165.15615844726562,89.64862060546875,1.1234900065980191,0.076406067127538,-0.09158752932183119,0.8581864155969046
-0.015641182754151634,-0.00405368212316598,-0.011789132049644935,0.020001564218540793,1.6747870645872354e-08,320.1484375,28.187557780460168,0.32323321579221054,0.07233547541733552,0.18154861183337911,204.03829956054688,90.41077423095703,0.31634355244244766,0.13783050611632316,-0.15956995066241644,0.856789132049645
-0.01500411192495818,-0.004708246250347034,-0.013353394238131866,0.020630174383401426,2.1595297994281282e-08,397.1015625,29.68547542911232,0.29551369267439165,0.08142723733688137,0.15578996948427648,162.65420532226562,64.1627197265625,-2.5306759917224633,0.1402164069850814,-0.1231352932638025,0.858353394238132
-0.015458072429240577,-0.0041935189811861395,-0.012434991778962567,0.0202772440241785,1.4716947305259964e-07,339.759765625,33.30738368200366,0.32731851132009615,0.08242764049255949,0.1695173271652065,211.8893280029297,67.32221221923828,-0.36276287157740733,0.15422618897401508,-0.19647964163357043,0.8574349917789627
-0.014883185464471954,-0.004508330424670665,-0.013603381661384861,0.020661225651281735,3.540370840937612e-08,465.400390625,41.19463001494548,0.32408220789266634,0.09200812300635047,0.1437274596717133,263.38885498046875,51.943260192871094,1.1964111891688771,0.14358997199679105,-0.2368615875719746,0.858603381661385
-0.014819924917640476,-0.0036492267600118367,-0.012607655096419479,0.019796464268670797,3.436141682300331e-08,501.4765625,36.61905154655567,0.32121247376513107,0.07664057197027921,0.15357474561538909,287.8023376464844,129.17401123046875,2.274065982217117,0.029318602784329073,-0.27723952901899146,0.8576076550964196
-0.015042539842988423,-0.004596455250539033,-0.013493761795674741,0.020724068451839113,1.4817780780163048e-08,342.671875,44.29316130705403,0.3626956088189603,0.09487456083490668,0.15683543368820063,237.59512329101562,29.262847900390625,3.0857850145345846,0.22092688525571147,-0.19832414589457178,0.8584937617956748
-0.014762230474915351,-0.004256701244180816,-0.013225720049316658,0.020272213122883912,2.436289392448998e-08,424.64453125,32.4218625580408,0.32081330243520073,0.07260257563121317,0.16730131279000549,262.2245788574219,120.1722412109375,-2.416865108755649,0.05916834280814497,-0.29093777423057837,0.8582257200493167
-0.01783188041533157,-0.0033264799260088462,-0.00942477082499682,0.02044181334785485,1.5031922657726682e-06,427.79638671875,44.202093652421574,0.3313919017856414,0.09761534531064718,0.140503184644451,214.02798461914062,11.416254997253418,3.0496291166389655,0.2066744874318596,-0.1843973844248155,0.8544247708249969
-0.015432265518414506,-0.004243918092186605,-0.012730669438650088,0.020450809376653372,1.5149195675689953e-08,396.75390625,38.30217675868756,0.3248593273284577,0.09043245518385312,0.15176422067001427,225.18917846679688,45.18302536010742,0.8454372433052344,0.1695301925082075,-0.18619481141581415,0.8577306694386502
-0.014793336595992038,-0.00468894904668464,-0.01357869858894123,0.02062062332166602,2.013505806530702e-08,526.5,19.92959118473688,0.25431123792160165,0.07256610122256077,0.13857966940072586,152.78338623046875,86.67127990722656,0.8505755993626111,0.06596979918244712,-0.10348721394254294,0.8585786985889413
-0.01615475681726325,-0.0033862934371737263,-0.01222484053357098,0.02053995806078482,1.496512602727762e-08,375.83935546875,49.72225064477254,0.39483058469237375,0.09976634597320226,0.1539336930058014,280.25537109375,13.475303649902344,0.8960827227204082,0.22439583196115237,-0.26971068495287925,0.8572248405335711
-0.015893537735622965,-0.003686596640482598,-0.01243781466343219,0.020515720073767275,2.2823476442113133e-10,343.41796875,45.73506124829344,0.37282759325978015,0.09504831511184647,0.15724109364303884,257.6597900390625,34.28703308105469,-2.526810322890875,0.21032039324146387,-0.2618445668344154,0.8574378146634323
-0.014560970994033098,-0.005354179296859274,-0.014953195102375916,0.021547323638951284,3.2376914482767916e-09,494.140625,33.75600951269303,0.2943498464999669,0.07879646710032065,0.14360925409078895,256.7006530761719,97.56047821044922,-0.018346286050948457,0.06072555395112854,-0.250546550532272,0.859953195102376
-0.014984078939303619,-0.004493272589448066,-0.013552704600581666,0.020697534206107624,1.1923734888341642e-08,372.654296875,39.30972169852667,0.3359717279348465,0.0907329316388002,0.1562971459193795,230.4423828125,44.83595657348633,1.5329913531602049,0.16334689485269838,-0.24825361189744724,0.8585527046005818
-0.015505365350836492,-0.003977635905252741,-0.012827291439684751,0.020512858107447785,1.9260837369472483e-09,464.0166015625,45.11648924328329,0.3465481391857974,0.098324698736411,0.1435066754803046,262.92425537109375,18.642105102539062,1.7641212364206291,0.1858813705837457,-0.2539747744176421,0.8578272914396848
-0.014714978562484451,-0.0040009498019416,-0.013046478126548466,0.02006860196721588,2.7947859582155843e-09,403.8203125,37.82049753651256,0.3539929656162939,0.0767633337311129,0.1752159598104589,288.1630554199219,127.59483337402344,-2.6325935902152042,0.03380564640159568,-0.3416592079175425,0.8580464781265486
-0.014564673273713136,-0.005302327885389702,-0.014755194617679823,0.021400003663079186,1.337299604386999e-09,526.3828125,35.7538932755592,0.2947124703146492,0.08461579095855491,0.1393956064805636,263.0511474609375,80.95005798339844,-0.06762320089826457,0.0516733267716902,-0.2871699220504396,0.8597551946176799
-0.015624224573861173,-0.0037730497768100335,-0.012402888427689662,0.020302313649001973,9.075260543056629e-09,292.921875,41.85005748221282,0.3758622723839748,0.08908386504141497,0.17737889911095162,246.1663360595703,55.734527587890625,-1.3939111588469044,0.18658116941401548,-0.2845170168879827,0.8574028884276897
-0.01490012254767023,-0.004152490721651969,-0.013259330528375468,0.02037318524899104,9.626138108842497e-09,534.0546875,40.905088432981785,0.317189481640841,0.0871833824516498,0.13759635101277867,293.78143310546875,88.8877182006836,0.6337280983732568,0.07038985648028026,-0.3036137088894902,0.8582593305283756
-0.016481664590682704,-0.002645790343201948,-0.011558690761820811,0.020303911109619904,9.267944633961633e-09,336.986328125,47.90530397408763,0.39632611110920823,0.09637036851223292,0.16207093250915194,279.92840576171875,34.55292510986328,-2.439600755406743,0.2009280788038944,-0.32091261140517086,0.8565586907618209
-0.013835767352580852,-0.004723937674002143,-0.014725315898539426,0.02075039695269411,1.3530822116081254e-06,364.33935546875,44.97094884264622,0.34564783404740185,0.0970173127955793,0.1517843895000922,197.21966552734375,12.249117851257324,-1.0809047737642865,0.21743409193324562,-0.11584338034033706,0.8597253158985395
-0.015031791089327798,-0.0035881196665027426,-0.01246732805534212,0.01985607249518039,4.181391677349211e-09,399.59765625,37.707619073546276,0.34555588060214565,0.07920179483941463,0.16942400122244883,279.4310302734375,111.34840393066406,-0.810375138714713,0.07698269743593246,-0.28909810075511044,0.8574673280553422
-0.017073730536298598,-0.0015562769189609305,-0.010740009278019214,0.02023072098484294,1.180079589602201e-08,310.783203125,49.885763521309464,0.4227534250540395,0.09570080292931728,0.1680384014893629,299.74652099609375,46.66535568237305,0.0478917670795003,0.1986490592328473,-0.36446987645361467,0.8557400092780193
-0.015862417821129904,-0.0032558569555714567,-0.012377461338281548,0.020381816720496163,2.5110058032851157e-08,400.337890625,49.40288387129432,0.3843612522646226,0.09956345612340238,0.1476743954338282,283.3099670410156,15.489502906799316,2.6717543546479123,0.19633644851940774,-0.30971237778738087,0.8573774613382816
-0.014720796710546762,-0.0047036629873407065,-0.013895808140170107,0.020782679932100697,1.5980123890813047e-09,506.21484375,17.719815468654875,0.2638515765515366,0.05416797040742189,0.1488237536446192,209.34674072265625,133.45101928710938,0.1538400533636836,0.02365817851919034,-0.15369265227905263,0.8588958081401702
-0.01529371115552039,-0.004670830593951805,-0.013057906646431139,0.02064517341493637,1.2444879571305023e-09,486.1650390625,37.59675583305121,0.29881811258850194,0.09448667061552565,0.13521159970664487,156.5958709716797,22.227636337280273,0.9681856462560509,0.16190962716251808,-0.12242480354216191,0.8580579066464312
-0.014764744912378433,-0.004399712701204289,-0.013347247233666426,0.020383919468477087,2.894259587549186e-08,416.609375,25.01179315737751,0.3042074723516063,0.05856954394148326,0.17239161097698819,233.75833129882812,139.2478790283203,2.4665713180725266,0.03977618405700992,-0.1994022456398231,0.8583472472336665
-0.014774687210784149,-0.004361544366554948,-0.013519242520248165,0.020495959839910448,1.4632603573261349e-08,495.0859375,41.22225893967349,0.33363267195066937,0.08545936850389318,0.1493197657764992,300.5940856933594,101.14315795898438,1.7864071349778476,0.05465191632984691,-0.31128905660830064,0.8585192425202482
-0.015085169528206127,-0.004128554324450057,-0.013111349602492384,0.02040869395388718,1.8165257742452923e-08,419.98046875,39.59370082137463,0.33466874752443565,0.08679487439177833,0.15511143715642628,270.317138671875,76.67213439941406,-1.3960804540317722,0.12561126952039794,-0.24986899909067453,0.8581113496024925
-0.01616171932878263,-0.0028368059651013855,-0.011988088553003706,0.020321488796361337,5.792320578734689e-08,332.3515625,49.46226207911233,0.4155151460362843,0.0973975071903599,0.16693137171246375,294.5707702636719,34.05427932739258,2.4739705455450083,0.20745488135796922,-0.32702350559912036,0.8569880885530038
-0.014965134575430125,-0.0046815366079506066,-0.013397789326216603,0.02062456779430782,2.491838912987987e-08,452.83984375,29.70867399518021,0.282627669974344,0.08346872911107961,0.14372942569240754,173.7454833984375,59.65910339355469,-2.7343237124693007,0.12122855304991004,-0.11247239919706208,0.8583977893262167
-0.016961771878681642,-0.004482990771466688,-0.01069741914438116,0.020548325670770924,5.581784368047238e-09,372.359375,34.202324511524424,0.32145052415360387,0.08933096683015862,0.15963505604367512,167.74322509765625,40.7534065246582,-0.13499885586725782,0.17162799549938215,-0.15311515272515716,0.8556974191443812
-0.014783242648748723,-0.004161262117089948,-0.01329454153103693,0.020312685694889705,2.1828027385595306e-08,521.34375,39.60981851764767,0.3158945686260252,0.08419454274175955,0.14114114600959948,291.052978515625,100.1552963256836,0.03664609070519416,0.045212150508466276,-0.30159149601253626,0.858294541531037
-0.01595948329789504,-0.0027636289502936395,-0.011380646232738822,0.019795501023854994,2.6586564061403806e-09,366.984375,39.74600855823899,0.35304917173628875,0.08717518921515623,0.1663359419075331,266.1673889160156,71.73955535888672,-1.6575695598742175,0.1308776710571125,-0.31532523541287977,0.8563806462327389
-0.014738127529881712,-0.004678620924837257,-0.013853604511822604,0.020761123640481837,9.87221304704633e-10,495.724609375,36.949088403292,0.3007561586892834,0.08997295386500252,0.1402758866052224,242.41212463378906,52.68266677856445,0.886087436269737,0.11193025272666961,-0.24912949547074884,0.8588536045118227
-0.01619362383653189,-0.00395762184412099,-0.01206007065245962,0.020575264949994575,1.46886103280508e-08,351.3427734375,42.442533171136844,0.3523707272278651,0.09531468323722425,0.1568425181242451,212.20932006835938,21.706226348876953,-0.18252113901910907,0.22668002048911368,-0.213725503505699,0.8570600706524597
-0.015120648643491844,-0.004025371082229334,-0.013035729108948568,0.02036585036651966,8.4172855352449e-09,467.390625,40.986907341404354,0.328329018665038,0.09083987017407653,0.14615612664477462,274.1838684082031,61.87453842163086,1.960689707899174,0.11713843321138413,-0.26537315716973353,0.8580357291089487
-0.014703331096422023,-0.004700821146089523,-0.01394921959539741,0.020805441406015694,8.505586457374648e-09,545.1171875,14.117116698022569,0.24986818114923354,0.0559563452777854,0.1423996896790859,199.3273162841797,125.36947631835938,-1.9331953951351404,0.001571089401217085,-0.1596596859155876,0.8589492195953975
-0.016842836076918805,-0.003915887093497772,-0.010869463546886227,0.020424508234962932,5.849305040328545e-09,368.439453125,36.48645143633813,0.3299392796275494,0.09017126933856705,0.16227925560765166,204.968994140625,41.7500114440918,-0.08248420859244011,0.1705850391314926,-0.15941607051265191,0.8558694635468863
-0.015068051220381573,-0.004164179098690268,-0.01308827011555358,0.02038846168213052,7.086510933618229e-09,471.3046875,37.33429041250807,0.30743356649176967,0.08693746502621054,0.14225217171702975,253.93838500976562,68.637939453125,0.941081687000179,0.11296988582034384,-0.23444967468245684,0.8580882701155537
-0.015017091315420686,-0.004566771933114888,-0.01333076030430147,0.020593144678642674,4.508101891786964e-09,491.970703125,30.040482660747237,0.27589402200121455,0.084295411308077,0.1377224817983157,191.79290771484375,59.57821273803711,-2.0353778037352304,0.11758958717119626,-0.1332666021898273,0.8583307603043016
-0.015445681111038417,-0.004416144080006845,-0.012911155833373766,0.020609933005056806,3.016850058656928e-08,374.4892578125,39.50768893899023,0.33006383713403076,0.09202577110364135,0.1521876719850641,207.01620483398438,35.356422424316406,1.8113706296362997,0.19642429406005907,-0.13611876050689345,0.8579111558333739
-0.015450927821109878,-0.00405467053390135,-0.013036439842909253,0.02061844532086323,7.021835557452505e-09,369.15673828125,48.590938598280026,0.37362832035376364,0.09882119818969105,0.14531622646400788,255.15390014648438,11.89399242401123,1.7646029836363988,0.21994396385830212,-0.28619696715195503,0.8580364398429093
-0.014723227282368842,-0.004491237124603531,-0.013280568121789682,0.0203302268102253,3.790804892211952e-10,524.6953125,18.476548480425926,0.2614564055871855,0.057207769032936624,0.14571575488369604,215.1082763671875,130.0445098876953,-1.8809490089451217,0.012189668072677198,-0.18112736160806633,0.8582805681217898
-0.014800800253606153,-0.004473579601197569,-0.013175624762115312,0.020314371525288817,2.571197832423877e-08,509.8515625,18.462817083474274,0.2623848494191178,0.06116851340600574,0.14646732531583784,209.66845703125,118.83238220214844,-2.8697858264980582,0.029573990275539294,-0.18246113782575438,0.8581756247621154
-0.017392717097324595,-0.005279584181208302,-0.010276797677587046,0.020880449891228177,9.302196346538949e-09,317.57421875,37.346446896905654,0.34645441529257015,0.08943447335658833,0.1694579575410461,129.04815673828125,42.192039489746094,-0.504640211702392,0.20928885594661192,-0.08299572552926654,0.8552767976775871
-0.014781800458996984,-0.0035768324960070985,-0.012408679915338672,0.019628313548428585,1.9729014866243233e-08,430.484375,34.2800809470054,0.33290987688758683,0.07087313899064937,0.17050823386607894,274.50030517578125,138.32354736328125,2.5497328829616253,0.04603787249901959,-0.2824090307196427,0.8574086799153388
-0.014691940727824211,-0.004614589300855926,-0.013746464864231145,0.020642501133075305,1.1305223424074029e-08,484.78125,22.505812185605063,0.27539180411530356,0.06133458535324753,0.15271673726097734,224.88934326171875,126.33491516113281,-0.4535499458919941,0.02628127078705659,-0.20866091341754703,0.8587464648642312
-0.014680641410671469,-0.004503593010015239,-0.01272783510646569,0.019944958478922952,1.1216597428642672e-08,474.14453125,7.689344089237438,0.27128894650161356,0.03856643531083269,0.16410754842105602,188.55380249023438,152.1974334716797,-1.5098611787369713,0.011754996207170553,-0.1441882185623045,0.8577278351064658
-0.01475636117634066,-0.004378576824955516,-0.013494323073620418,0.020469950791193806,1.1394853949298067e-08,486.59375,36.99303069078993,0.31921176354438513,0.07640330194766048,0.15307807999347445,283.66082763671875,126.27889251708984,0.7337479504301104,0.03503471045082064,-0.28018415257737156,0.8584943230736205
-0.014804430953097997,-0.0048508647153192586,-0.013801867644955723,0.020813303793973965,2.1618720147387194e-09,410.861328125,43.48724786296205,0.3386335924387425,0.09559302095988534,0.14485629634944286,239.3503875732422,26.250240325927734,-0.10629861856391438,0.1852832820191519,-0.2604416742739458,0.8588018676449558
-0.014762325266199389,-0.0050594609229684395,-0.014193042983167703,0.021094237630645947,5.475246367403486e-10,418.44140625,44.54059557976694,0.35922003409452813,0.09200252698272714,0.15399204124019006,292.0220947265625,64.32232666015625,-1.5768363832012178,0.13856985044322215,-0.3043281846476036,0.8591930429831678
-0.014961602910255986,-0.00382483542908868,-0.012831591304915846,0.020078064227414563,3.4596041587064974e-08,481.5625,40.247150694044485,0.3343792586654215,0.08175907771122581,0.15189000983251555,296.96771240234375,116.04341888427734,-0.9711488685316622,0.06490515988102678,-0.27293033114661064,0.8578315913049159
-0.014768660406016543,-0.004749093119920694,-0.01383947053692125,0.02078937614244906,7.145671077068982e-08,401.31640625,30.61992414294023,0.29970113852822666,0.08177578085881472,0.15736343525439622,200.0344696044922,67.26425170898438,-2.6680691746929526,0.1312357675771501,-0.15698967421938403,0.8588394705369213
-0.01470044685356247,-0.0046900544921449905,-0.013810471623365794,0.020708183775828722,1.2953379480151739e-09,542.07421875,13.784009562806583,0.24840225828097415,0.05776137745957115,0.1399160438120659,192.66249084472656,119.18592834472656,2.4309876360975395,0.023035898321138663,-0.19058321410245824,0.8588104716233659
-0.015758645915895847,-0.002619688490069827,-0.011638803591883962,0.019765106575428227,6.804057193221524e-07,402.7890625,47.992787367576746,0.3808137419204054,0.09487783084726542,0.15272903576639563,306.0927429199219,55.32200241088867,-2.8887482984970347,0.1402262971367099,-0.35889290263646156,0.856638803591884
-0.014743335293449289,-0.004670352605329081,-0.013772162355797146,0.020708707950705365,5.8757407828125e-09,465.076171875,36.73469028269679,0.30458058182238706,0.0924713546991495,0.143663099412359,208.9234619140625,34.396728515625,0.0480004778816229,0.15161220374669773,-0.18633458230396768,0.8587721623557972
-0.014825765056487174,-0.003953660595073599,-0.011968409175168171,0.019459639251420965,1.1496713581138351e-09,392.53125,20.50991227260889,0.30457163070060755,0.05673620424685157,0.18015008656896747,221.31150817871094,132.68287658691406,0.486437456053074,0.041559556571687924,-0.24336323773930202,0.8569684091751683
-0.015552636454001373,-0.004559464965484011,-0.012841806898890806,0.020678134003584755,9.132140377232645e-09,382.9169921875,40.562308512272324,0.32763388040600516,0.09407881929425006,0.14940609075550593,183.03152465820312,24.104122161865234,0.5825440613196253,0.20451484927269817,-0.1488053304604443,0.8578418068988909
-0.014798498103035407,-0.004524469982133045,-0.01292688454889479,0.020163598856980377,3.716462160241463e-08,539.8359375,16.322310699428517,0.25066662839178927,0.060518358374945826,0.13982151094777362,198.03948974609375,115.9707260131836,-0.0073475396513314065,0.03778742300770743,-0.1496642511214567,0.8579268845488949
-0.015015329250300427,-0.004222536383121617,-0.012661259535227787,0.02008973416997124,2.5609404374904443e-08,446.67578125,23.50812555188607,0.2830828950834391,0.06981266141239578,0.15660179617131542,215.35047912597656,101.92236328125,0.756913887320517,0.07530470200249939,-0.17406191671209317,0.8576612595352279
-0.014782942940113515,-0.004804858963877001,-0.01262417674650107,0.020024782399823964,2.2509847319440723e-09,477.7109375,9.478719864860034,0.2632722961961895,0.053680038125406664,0.1551473307973561,142.03883361816406,124.18148803710938,1.372525408457345,0.03893289564992503,-0.0830093955890566,0.8576241767465012
-0.014814943106425681,-0.002721577996461,-0.011696783700856361,0.019071032352289415,4.716920898317767e-08,426.609375,40.347610258916106,0.3628177248299736,0.0757557470450501,0.17089430780483028,301.7974548339844,147.30738830566406,-0.03737869703683647,0.024641004640648192,-0.3495167644422322,0.8566967837008564
-0.015105240684751997,-0.003782178082194665,-0.01286815830550403,0.020200561016101334,1.1648152664633926e-08,428.05078125,44.19921476157499,0.3582376848448041,0.09171952086255683,0.15431697961161106,295.07928466796875,66.87535095214844,0.5754733628959822,0.12135083364290088,-0.32196360396010665,0.8578681583055041
-0.015048878716614408,-0.0032228585039854596,-0.012177796361340532,0.019625348195187776,4.651266038990798e-08,393.40625,39.818637118655346,0.3631695883057912,0.0790728057300228,0.17370605068056377,293.1290588378906,123.60859680175781,-1.9163200360140111,0.06859571512325803,-0.31300250240163224,0.8571777963613406
-0.015293407431306583,-0.003960738323144364,-0.012637153675203239,0.02023050696188977,1.1585213677278716e-08,380.12109375,36.457703123450244,0.3326164709548462,0.08497485338465499,0.16540160698641426,247.32272338867188,72.28327941894531,0.8965201316226942,0.13654701288167825,-0.22829296441190994,0.8576371536752033
-0.016592741018541662,-0.0029907892111297185,-0.011658141371259534,0.02049819833170901,1.2402728089000448e-07,350.431640625,48.60205102909538,0.3902881920182157,0.0981086057369056,0.15623950954831833,271.70904541015625,21.532745361328125,2.9134803089029853,0.2064839566777958,-0.3210049660478121,0.8566581413712596
-0.014689643380566058,-0.00447528030032357,-0.013477450292664672,0.020431725889065746,7.447848116015621e-09,522.3046875,27.629191929133697,0.2856251697988975,0.06251421377608789,0.15074999230889963,250.7800750732422,144.050048828125,-2.2341012344258377,0.0034788712748775926,-0.22022673996970896,0.8584774502926648
-0.015895494083571382,-0.004671918818481766,-0.01214307444559759,0.020541368372108567,3.926964531331123e-09,402.146484375,35.106306495095424,0.31033611863143845,0.08987352077516646,0.1509981246329104,161.62142944335938,39.226715087890625,-0.6776447115282962,0.16748477157503616,-0.106600676023181,0.8571430744455977
-0.015371095411005703,-0.004560190039723466,-0.012873324360784144,0.020561818680033928,8.496651382472464e-09,366.21484375,35.28109625732114,0.3196599108011077,0.08854278872933216,0.15885821965055025,174.0650634765625,43.60479736328125,0.7968053377112627,0.1842891830649284,-0.12774081385328181,0.8578733243607842
-0.014840920447429191,-0.0044111125891543035,-0.013230189638780643,0.020365381211242185,6.1269629370031e-09,452.671875,26.12777676937883,0.28707600834470864,0.07334763318367017,0.15479839742724288,225.73806762695312,96.82450103759766,1.824617108827234,0.061278253084348755,-0.2381352005333124,0.8582301896387807
-0.014832652961068588,-0.004687775513316672,-0.013721712272594777,0.020742907723331032,2.0624193908247435e-08,481.4775390625,38.609452558027634,0.30224774479413247,0.09527748187523027,0.1362410564534864,161.18670654296875,18.87610626220703,-2.6559747077249005,0.1797508439614664,-0.1148691629528614,0.8587217122725949
-0.014947862443911414,-0.004186797171358447,-0.013282925502059229,0.02043046676141903,1.1861407855917605e-08,489.41796875,41.14045719447894,0.32440109745493084,0.08907725076451126,0.14297887201730541,283.5794372558594,74.68263244628906,1.268562819164313,0.09419549740555555,-0.2711658965298291,0.8582829255020593
-0.014785331015927397,-0.004685199872644513,-0.013558176567095348,0.02060051608386805,4.222854954605282e-08,399.1796875,12.933165834687953,0.2830730261813784,0.051828642180593895,0.17299842730507875,169.37960815429688,124.36458587646484,2.929325708353555,0.06171936775989211,-0.10790378316979571,0.8585581765670954
-0.014708552470085574,-0.004591227524323199,-0.013698669094448057,0.020617333021139026,4.620805515997972e-09,497.51953125,28.51045643018229,0.28452105901217367,0.06953335911466346,0.1479590686080915,245.0923614501953,118.19923400878906,2.689982743098841,0.055910782187623874,-0.22242276613845138,0.8586986690944481
-0.01529614757679279,-0.004678313205448023,-0.012946866329350826,0.020578631948926326,4.326670222098983e-08,402.908203125,32.11885898800568,0.2988883438819566,0.08491112219388894,0.15027432841258392,162.3863525390625,54.67888259887695,-2.340271761390044,0.14610285419482333,-0.09828336107883788,0.8579468663293509
-0.014888820847532902,-0.004722372514908854,-0.01325707548798527,0.020487260404789043,3.192537434415499e-08,392.78515625,17.793350477934634,0.2846530817260721,0.061646571022076824,0.16734380241469748,158.3615264892578,106.63531494140625,-2.952124235356741,0.092572268092016,-0.1020222091923632,0.8582570754879854
-0.014844325369777374,-0.004817510370727002,-0.01345188748566939,0.020603778264750062,3.098586986993723e-08,491.92578125,12.917158213530158,0.2575659442906383,0.05781122321561624,0.15052708202217668,180.11053466796875,116.27437591552734,-1.5414932269667618,0.02612644237280181,-0.1443767459958782,0.8584518874856695
-0.014690566694751578,-0.004762438547711592,-0.014024929289679466,0.020861261043239515,9.725950889105661e-08,458.564453125,35.992514210024886,0.2972883199074418,0.09169295285917291,0.13722778584272677,159.34059143066406,33.12900924682617,-3.120241772720892,0.16346471994572043,-0.09088351696318382,0.8590249292896796
-0.01566756584413001,-0.003470954334808707,-0.012618707593501588,0.02041450280572053,1.1833793500670708e-08,347.240234375,50.588022345198624,0.4179252316076201,0.0982910430520005,0.16266125300805567,303.13104248046875,31.503618240356445,0.5380203655672495,0.2095811789598119,-0.3357762864451678,0.8576187075935017
-0.015153106015188572,-0.004751201322782103,-0.013276744938432006,0.020699335546759234,5.272832837022179e-09,472.3515625,36.90790336132727,0.29982975314766236,0.09353995695091369,0.13886625434099809,150.57977294921875,26.568527221679688,-0.920583879370042,0.16484873150486581,-0.09430409402262611,0.8582767449384321
-0.014858257087215138,-0.004383814039850054,-0.013086412871947006,0.020279049066976133,2.1956747531248766e-08,478.6484375,21.31914072639611,0.2726914392339064,0.06517498990361885,0.15202910816137327,215.435546875,112.36750793457031,2.30119972485095,0.04791878992436428,-0.19005650003563881,0.8580864128719471
-0.014683805592666216,-0.004315214610538409,-0.012293237062969808,0.019630560392016178,2.4259186659492116e-08,437.77734375,12.372588164394973,0.28588044902504245,0.04141585751488934,0.17441865619506258,199.76724243164062,152.61036682128906,2.177264775035912,0.022546222921002654,-0.14932117964677769,0.8572932370629699
-0.015429151751410991,-0.003725836614766165,-0.012744173073808263,0.020355700174230818,7.937168078342438e-08,477.095703125,46.06826599130213,0.35283818798453165,0.09521570040931941,0.14432362031614787,299.789794921875,50.78363800048828,3.0913680818675653,0.12487997662059712,-0.2905243780710971,0.8577441730738083
-0.01610500322187916,-0.004112839016194331,-0.011804675122092045,0.020387175583881336,6.0687077585441784e-09,360.474609375,36.938608179308034,0.3285019600427988,0.08922049679339748,0.15939225185934824,204.35482788085938,45.128395080566406,0.8827217162832383,0.18739194046521324,-0.1652566637585273,0.8568046751220921
-0.014901967119383658,-0.004283235216102799,-0.013253126234055057,0.020397550904935946,1.7624650183734047e-08,418.0390625,40.49801644764424,0.33782406921532215,0.08751153542885405,0.1550928539114631,273.4189758300781,75.56277465820312,0.5645545776311904,0.12809712785014069,-0.26737006518286416,0.8582531262340551
-0.014927480769865997,-0.004237113183624519,-0.011240969600229134,0.0191609552950483,1.235039093216983e-07,412.4296875,10.910588655586572,0.2868322428627624,0.047659807099031455,0.1761543697043123,192.68353271484375,136.88409423828125,-2.372872727239708,0.04305321171646599,-0.15854411623639444,0.8562409696002292
-0.01634677208502286,-0.0031830858194227263,-0.011207844968440961,0.020073982708224594,3.1837206204698987e-09,309.30859375,40.391617585964646,0.3640149509717632,0.08899075158325839,0.1732885850006426,239.1855010986328,53.685279846191406,0.09095164996306086,0.17674261426558263,-0.27745497364181076,0.856207844968441
-0.015620871289289545,-0.0036729780944763646,-0.012772279691353638,0.020509351926212057,1.8295745363161586e-08,390.6162109375,48.825235781366594,0.382724317291023,0.09796196200184895,0.1494466093349428,286.89453125,27.71673011779785,2.533793211401619,0.19843874823136837,-0.2843907953024459,0.8577722796913537
-0.014838932215921002,-0.004615282938181475,-0.01347617954934699,0.020569447273915877,3.288245370436371e-11,527.73828125,21.376488987180615,0.2597948532204534,0.07681651618973401,0.14234325911180756,186.212890625,78.86958312988281,1.8375020796049806,0.07131633246874924,-0.12634166071148997,0.8584761795493471
-0.015148174486323412,-0.004247235862900017,-0.01266032279479079,0.02019381033909903,6.878539515753346e-09,499.109375,29.389132361320918,0.27896220837047697,0.07909831359810915,0.1411846077566009,228.1168212890625,83.41996765136719,3.0129939994081747,0.0935847518688605,-0.19834026618645365,0.8576603227947909
-0.01471849185102899,-0.0041714495331928725,-0.013154914499424852,0.02017639137863756,5.070545761043377e-09,467.7265625,32.58584038698227,0.3183128300690288,0.06628797865410024,0.1633857759267885,269.05694580078125,149.62440490722656,-2.8042369016462794,0.03007659625085398,-0.2601874584321045,0.8581549144994249
-0.015323941290183385,-0.0044149110829223015,-0.012438510871893849,0.020224519011470182,8.689736152867056e-10,439.634765625,27.172736202804668,0.284679917095,0.07896468024221484,0.15082986714208435,195.9541015625,74.0537109375,-0.9184263819089649,0.12340169211400713,-0.1402509760021379,0.8574385108718939
-0.016067263923738473,-0.00262570759022579,-0.011819379490399684,0.02011837572674588,1.5500900119036487e-08,363.013671875,48.65578360191971,0.397946657477777,0.096316070503848,0.1589389041853395,298.427490234375,42.35466003417969,2.645349912520434,0.17125123426170427,-0.36180213105591336,0.8568193794903998
-0.01522483926477608,-0.004270301568265578,-0.013103601088983341,0.02053620139220991,6.036692479227668e-09,380.068359375,39.742953899952894,0.3342677156291983,0.09105674006254945,0.15548591697596137,232.41102600097656,44.73236846923828,-2.4105993227303992,0.17244077212541006,-0.23523981779482228,0.8581036010889834
-0.020170413114797447,0.002952956292337605,-0.0062195936045259526,0.021313114758089894,1.0486223800398875e-06,285.8046875,50.47883900613319,0.4488996650909202,0.09563872264109195,0.1782205155077411,308.75616455078125,51.740089416503906,0.28264196890030086,0.2227844410927264,-0.3607887878218347,0.851219593604526
-0.01569510754855377,-0.0034607013816929655,-0.012680078436348663,0.020471864696843704,3.3439174984550846e-08,366.0224609375,52.00984824032597,0.4110608503700058,0.09972306301817352,0.1525925124938392,302.63153076171875,21.086851119995117,2.462143171031793,0.20849210553446357,-0.35018720619205673,0.8576800784363487
-0.01467571036242899,-0.004682199935792622,-0.01404122408192654,0.020843594809905414,5.703849836891095e-08,487.359375,7.627884789720892,0.26096555389793047,0.04340747660832707,0.15662882546985923,178.4534149169922,141.26132202148438,-0.7673321505628043,0.010087145239133294,-0.11941389733473963,0.8590412240819266
-0.015013311090538148,-0.003954141406431855,-0.012787960505931784,0.020113842946205128,1.5354949950419083e-11,496.90625,34.43325739672138,0.29992775246779046,0.0818046841312447,0.1457178549306687,261.23651123046875,91.03343963623047,1.0754992175266622,0.06532467268575905,-0.2501664763303037,0.8577879605059319
-0.014415077484040001,-0.004937570070396302,-0.014465078040650114,0.02100982007997804,1.5811489006978263e-08,407.22265625,35.16667495829555,0.3054134428985259,0.08342278544046816,0.1489971656525776,224.55587768554688,68.64153289794922,1.8418637166960214,0.13576053184544926,-0.20214073975035943,0.8594650780406502
-0.014804894319511777,-0.003981655540696738,-0.013007569864325164,0.020105604950659238,1.0044757914329239e-08,512.4453125,37.28984710313752,0.31318187768385536,0.07824319517326779,0.1462737418962563,284.9114685058594,120.57174682617188,-1.8842551991092826,0.04224123503733933,-0.2551699150220653,0.8580075698643252
-0.015685903722513495,-0.0034286547295773184,-0.01248940359394457,0.020341790751530486,2.1526604943034044e-09,373.77734375,47.58792433978537,0.3820425496471835,0.09558008614064098,0.1541850538919436,288.45855712890625,42.78099060058594,-2.887061059567296,0.18447706807346348,-0.3137381585066524,0.8574894035939447
-0.01469082797565541,-0.004042777223600413,-0.01319321328454337,0.020155032896559948,2.4903751949523212e-08,451.2890625,40.125300326024195,0.35539484137323196,0.07418566340586065,0.1687303602508613,301.2712097167969,155.38351440429688,1.8781273625048858,0.016625057338655037,-0.3066113642135298,0.8581932132845435
-0.015309861301698924,-0.004474930506223579,-0.012901105262508539,0.020514759884217856,7.492232945160993e-10,411.05078125,33.800737507201916,0.3052328940082863,0.0866439640297301,0.15205128103169507,202.98526000976562,53.59815979003906,-0.8189620926359266,0.14799570223767072,-0.15104000762844616,0.8579011052625086
-0.015776321832266016,-0.00436011546484158,-0.01245512958664341,0.02056777067263402,8.37744984494293e-09,320.9765625,37.60708629018006,0.339614619369631,0.08834335211706736,0.16602243594621346,194.52159118652344,45.9905891418457,2.2533852914695753,0.20479838758739655,-0.11895364761238919,0.8574551295866435
-0.014709048418983711,-0.004255930043195549,-0.013173964780970548,0.020199564202596897,1.1921584608387548e-08,487.421875,30.359206678942954,0.3013887893453593,0.06619280146651563,0.15676678991197612,259.73565673828125,140.58779907226562,-0.8302620184630045,0.019614522351885336,-0.23732532850522478,0.8581739647809706
-0.01472613855680853,-0.00460721858678681,-0.013787659830451826,0.020692635972756383,2.0216786023041777e-09,543.15234375,37.155971185316936,0.29970611563894956,0.08281965386386905,0.13861026406284682,278.5964050292969,97.66368865966797,-2.0666202268302407,0.04406508775377453,-0.27616871459967196,0.8587876598304519
-0.01564685463706106,-0.004485662797763634,-0.012600164943579073,0.020584202374004167,6.201029467689523e-09,397.705078125,37.319318433139,0.3156459199625874,0.09143142935855383,0.1491746884957268,180.67788696289062,34.20687484741211,-0.7716050367549747,0.17668647782255464,-0.13934455115142,0.8576001649435792
-0.014744900184502613,-0.004885652676295621,-0.013083753406251453,0.020309266031049378,2.2560313617248084e-09,416.2578125,6.406328546303915,0.28297170849967157,0.0383653542489955,0.17736948279991416,163.46615600585938,146.6774139404297,1.5244756102547767,0.02948603731134615,-0.09511259449931564,0.8580837534062515
-0.014742200740259163,-0.004688013588860437,-0.012576598219042223,0.019936919943628555,3.985300089937027e-09,402.75,6.108390478783301,0.2859284856501301,0.04169917195522828,0.17913870233926021,165.11477661132812,140.97146606445312,2.3108120583506238,0.045877915239050514,-0.1030639519124089,0.8575765982190423
-0.01599679993532252,-0.002824919259714176,-0.011938752891189619,0.020159652715052587,1.6085945908628219e-09,345.853515625,48.3574025295247,0.3996391981387072,0.0957492882691948,0.1615072387782247,292.71331787109375,43.12178421020508,0.7288797753299896,0.19162114583023004,-0.3310964522876691,0.8569387528911897
-0.016018834878460952,-0.004035328951210115,-0.01236828751085639,0.020636411668676264,9.51038003904614e-09,383.6884765625,43.78376465221002,0.3508861541314909,0.09699156802742064,0.15049466938466416,225.14398193359375,16.170379638671875,0.6945728095882243,0.2124946595776814,-0.20081109789337928,0.8573682875108565
-0.01463509236516336,-0.004866921670167779,-0.014019199873161137,0.020842524323220854,1.064678585294132e-07,373.576171875,38.58449370253154,0.3357852716231673,0.08723060823812917,0.16051443216189087,245.93643188476562,63.42707824707031,1.4623766820560398,0.14604307083287676,-0.24460369740980625,0.8590191998731612
-0.015844952765762338,-0.00307868782183357,-0.01220765150159342,0.020237776608063987,4.935763353586253e-09,383.25390625,46.657037885527686,0.38143861859036077,0.09349958366799731,0.15821744257666082,298.7729187011719,59.425506591796875,-3.1093922222626733,0.14679698015223727,-0.336392570694306,0.8572076515015935
-0.015352772587285318,-0.004396489439510931,-0.012858040414814531,0.020502827824903435,3.812880322584533e-08,368.0,35.68167949759049,0.32122798712551925,0.08804911491844954,0.1584985365837015,198.52713012695312,47.61565399169922,-0.22618045077682253,0.16735743302215556,-0.18884045103607958,0.8578580404148146
-0.015204323256601732,-0.004707375578078529,-0.013273413807198375,0.02072472785397808,1.4967513894958984e-09,415.89013671875,40.42840708041818,0.3231313264187942,0.0957277131501933,0.14495522283154505,156.4438934326172,16.482187271118164,-0.780005826087817,0.20199125486462158,-0.09023230372365769,0.8582734138071985
-0.015014067265631856,-0.0048122939797341086,-0.013194443893907337,0.02055903059178063,2.0022897229132752e-10,432.72265625,25.03800989801835,0.28394709803747403,0.07493307134354564,0.15589105951566917,126.71871185302734,84.42111206054688,-2.525988386375868,0.10136966233254223,-0.09465297369327359,0.8581944438939074
-0.01463432060981501,-0.004939279833499066,-0.014164452217949819,0.02095689699404591,3.831451778069095e-08,402.67578125,45.049170257673396,0.36920703095792995,0.08825821400906284,0.1612223817823103,304.7455139160156,90.73422241210938,1.4609023539277497,0.10508544429649232,-0.3335102084496961,0.8591644522179499
-0.01470914563220277,-0.004752726883871405,-0.013991754280681667,0.020849857695269713,5.425317528562346e-09,479.369140625,40.275586868061346,0.3112147526087175,0.09305931056774912,0.13546132200529004,241.8102264404297,39.60185241699219,0.06038922070254292,0.15452812021010084,-0.21379943679915606,0.8589917542806818
-0.014789207383517758,-0.004738979470308463,-0.013585858072559298,0.02063381014307406,1.256980475261571e-08,511.05859375,18.403676999488916,0.2567253568115407,0.07100635495030894,0.14280646306775124,161.43988037109375,89.68675231933594,-1.8115345994678111,0.06258015473795517,-0.114381682910761,0.8585858580725594
-0.014809780512594628,-0.0044004328566646655,-0.013444918098964198,0.020480703865958724,2.4757991212709385e-09,531.0,32.54122212264843,0.28428247121717515,0.07931768913514083,0.13868237025732777,254.4542999267578,95.52899932861328,-2.682388011484001,0.05580255672964374,-0.24625747299693948,0.8584449180989643
-0.015367477367371055,-0.0030971579835892826,-0.012091667499348091,0.019797984016731687,1.6667566882233587e-08,412.59765625,43.58112165924459,0.3620994070193903,0.08903884243146999,0.1588773139277192,297.696533203125,82.47409057617188,0.969093489037852,0.10610970551990291,-0.31448786145009816,0.8570916674993482
-0.015367852725810913,-0.0032700191966665293,-0.011814752348844992,0.019658389964931508,4.6309516221754166e-08,404.34375,36.35969858778873,0.3337630015687067,0.0802278620898896,0.16357166518698996,267.63214111328125,99.57545471191406,-0.5252981507038923,0.10219553147999534,-0.2617425298278387,0.8568147523488451
-0.014900408675246932,-0.00434550345944601,-0.012308632779330364,0.0198092912518807,4.853744517419045e-09,379.453125,15.059515010684022,0.29798061698981726,0.048984150604904145,0.18229116979863158,195.64938354492188,135.665771484375,-2.8005266883313613,0.05082739990654807,-0.14132811194624892,0.8573086327793304
-0.014821600426892428,-0.004791282666471233,-0.01385383278117125,0.020846220557528904,6.062963819886136e-08,384.09765625,41.187943527069294,0.332144432642241,0.0954608190498556,0.14737705199418094,163.37725830078125,17.296043395996094,-0.015189861666152316,0.21756743867779918,-0.10873422987902782,0.8588538327811713
-0.014678123293644063,-0.0044650727051868955,-0.013408730631042642,0.02037592291951171,4.683819554429647e-09,473.6796875,22.407113328581826,0.2910610788220383,0.051081515066440375,0.16556362373050415,231.39279174804688,156.80372619628906,2.5835459730066974,0.013578500473238159,-0.19963842772238585,0.8584087306310427
