ep,step,phase,res_x,res_y,res_z,res_norm,reproj,area_px,obliq_deg,cam_range,gripper_perp,gripper_dz,det_x,det_y,det_z,obj_yaw,cx,cy
0,0,0,-0.0013465218320720604,-0.0012545551282406864,-0.002501221843664414,0.0031053406134055107,0.1452028900384903,592.5,50.101762230938846,1.3219663193704425,0.20278885578816513,0.15969680025572697,0.05544690196516839,-0.20226307119431883,0.8475012218436645,2.0201196922781843,456.5,437.75
0,3,0,-0.0027818905743322714,-0.0013067456387053367,-0.0032905163324413733,0.004502665551192713,0.24207192659378052,592.5,50.10558464702156,1.3215989111271196,0.14665347630899742,0.13215939708850255,0.05688227070561853,-0.20221088068014212,0.8465270395205181,2.0206109924996682,456.5,439.25
0,6,0,-0.0027818905762824614,-0.0013067456347059803,-0.0032901919342321895,0.004502428488751249,0.24207192659378052,592.5,50.10558464702156,1.3215989111271196,0.10374749926906807,0.11167487522518627,0.05688227070561853,-0.20221088068014212,0.8465270395205181,2.0206109924996682,456.5,439.25
0,9,0,-0.0027818905782422895,-0.0013067456306867509,-0.003290191903469908,0.004502428466315825,0.24207192659378052,592.5,50.10558464702156,1.3215989111271196,0.05461571551014267,0.06941153852951987,0.05688227070561853,-0.20221088068014212,0.8465270395205181,2.0206109924996682,456.5,439.25
0,12,0,-0.0027818905802118737,-0.0013067456266475097,-0.003290191899208428,0.00450242846324633,0.24207192659378052,592.5,50.10558464702156,1.3215989111271196,0.019261782050543887,0.024483589032101682,0.05688227070561853,-0.20221088068014212,0.8465270395205181,2.0206109924996682,456.5,439.25
0,123,6,0.002829306968604367,-0.011352452685765652,-0.002820430618296177,0.012034865548802925,0.32593879103660583,671.0,62.54203416158562,1.050210361188736,0.3515343255167994,0.46272076485900016,0.21425813287503542,0.16725605208303143,1.0735556681908347,2.105123060318494,822.0,373.0
1,0,0,0.0019924199600847015,0.0005470219041767699,0.001145136885227549,0.0023622677127924673,0.08524959534406662,618.5,49.11701335413779,1.3224491423858025,0.2632906882471439,0.17407364365091393,0.07249567072479786,-0.2598238716360644,0.8438548631147725,-0.1625712908944803,403.75,450.5
1,3,0,-0.007190823720506737,-0.0017043260681118833,-0.00702966372727265,0.010199453183596701,0.27209657430648804,632.0,48.85694562382069,1.3111743421814697,0.18442984980565902,0.16543414252773125,0.08167891440944015,-0.25757252366457933,0.8502661869153494,-0.19305602113420087,403.75,452.0
1,6,0,-0.007190823716142353,-0.0017043260689777462,-0.0070293393290634665,0.010199229601746932,0.27209657430648804,632.0,48.85694562382069,1.3111743421814697,0.1382876000653418,0.1579866266400869,0.08167891440944015,-0.25757252366457933,0.8502661869153494,-0.19305602113420087,403.75,452.0
1,9,0,-0.007190823711756222,-0.00170432606984805,-0.007029339298301185,0.010199229577598527,0.27209657430648804,632.0,48.85694562382069,1.3111743421814697,0.08469693284003163,0.11232055876733205,0.08167891440944015,-0.25757252366457933,0.8502661869153494,-0.19305602113420087,403.75,452.0
1,12,0,-0.00719082370734829,-0.0017043260707226837,-0.007029339294039705,0.010199229571699907,0.27209657430648804,632.0,48.85694562382069,1.3111743421814697,0.03606611625973145,0.04985124313820988,0.08167891440944015,-0.25757252366457933,0.8502661869153494,-0.19305602113420087,403.75,452.0
1,147,6,0.02290343768654407,-0.008493592951653,0.02397333944655,0.034226153498593544,0.04803461208939552,685.0,48.75127608180319,1.2393904471954362,0.35202872108044625,0.5184430857856143,0.19438813417576178,0.13860288655481798,0.8184059671288327,-0.009949797587680139,766.25,547.0
2,0,0,0.0046226687426482865,-0.0005316307949777277,0.004652800933660273,0.006580292860860833,0.13232426345348358,690.0,45.14303881700848,1.2740372409765568,0.23737485052941534,0.1682678283720198,0.1188465027966636,-0.13882070276091169,0.8403471990663398,0.5233965366162362,508.75,482.0
2,3,0,-0.015580826891961483,-0.004390348172435332,-0.015060077705055464,0.02210980018441562,0.09596935659646988,676.0,48.44239285865712,1.2468298178468038,0.1942644573985987,0.13022076723794695,0.13904999843482307,-0.1349619853813435,0.8582966008931322,0.536063331696768,509.5,483.5
2,6,0,-0.015580826888137,-0.004390348170161318,-0.01505975330684628,0.022109579218890604,0.09596935659646988,676.0,48.44239285865712,1.2468298178468038,0.14033361047199247,0.12153271161627777,0.13904999843482307,-0.1349619853813435,0.8582966008931322,0.536063331696768,509.5,483.5
2,9,0,-0.015580826884293464,-0.004390348167876007,-0.015059753276083998,0.02210957919477476,0.09596935659646988,676.0,48.44239285865712,1.2468298178468038,0.0846106756275448,0.08551487202068797,0.13904999843482307,-0.1349619853813435,0.8582966008931322,0.536063331696768,509.5,483.5
2,12,0,-0.015580826880430845,-0.004390348165579289,-0.015059753271822518,0.022109579188694002,0.09596935659646988,676.0,48.44239285865712,1.2468298178468038,0.03889333162162898,0.041203256093135576,0.13904999843482307,-0.1349619853813435,0.8582966008931322,0.536063331696768,509.5,483.5
2,120,6,0.024337623079666026,-0.01658898972013828,0.009038873454177532,0.030809344530894865,0.19930142164230347,570.0,70.51191953869723,0.9893310611638728,0.290789813418008,0.35999006100794695,0.202882769815727,0.184333356160745,1.193761486650283,0.6077820509602809,857.25,251.75
2,123,6,0.0382297455357537,-0.014205562036159441,0.04748938358912691,0.06259834654499183,0.1078738123178482,757.5,41.374628611387045,1.2688211949350932,0.4890835081754381,0.7741876246232859,0.19340066225251135,0.1738682993060719,0.7861148680686871,0.5778468904123518,796.5,566.25
3,0,0,0.010843274348645973,0.004426687995512213,0.01100460373499057,0.016070888854502856,0.09660068899393082,690.0,45.771554870309295,1.3099183552326752,0.29754945171673536,0.1710348436967526,0.11483248142374343,-0.3054506954801917,0.8339953962650095,2.9904712593862377,358.0,483.5
3,3,0,0.0025054399758923512,0.0021534827280937363,0.0028059851066645214,0.004334543776664462,0.32028961181640625,679.5,47.36987449333618,1.2992549756432898,0.21128986326545415,0.16045841175896414,0.12317031579240385,-0.3031774902122247,0.8404305380814122,3.0162124537400516,357.75,484.75
3,6,0,0.0025054399714822956,0.00215348272868493,0.0028063095048737052,0.00433475378200308,0.32028961181640625,679.5,47.36987449333618,1.2992549756432898,0.15441876914163072,0.15930372513774937,0.12317031579240385,-0.3031774902122247,0.8404305380814122,3.0162124537400516,357.75,484.75
3,9,0,0.002505439967050313,0.0021534827292792325,0.002806309535635987,0.004334753799652118,0.32028961181640625,679.5,47.36987449333618,1.2992549756432898,0.10029797548742218,0.11811992209703204,0.12317031579240385,-0.3031774902122247,0.8404305380814122,3.0162124537400516,357.75,484.75
3,12,0,0.0025054399625962925,0.002153482729876033,0.002806309539897467,0.004334753800133102,0.32028961181640625,679.5,47.36987449333618,1.2992549756432898,0.049189846372687966,0.0695200960883029,0.12317031579240385,-0.3031774902122247,0.8404305380814122,3.0162124537400516,357.75,484.75
4,0,0,-0.016645818881319434,-0.00463374244524567,-0.016106418974540904,0.023621422215057523,0.25683724880218506,561.5,52.39909712546718,1.357109657545584,0.2624669510023122,0.14575391960836548,0.0240944556975003,-0.3149971314391134,0.861106418974541,1.1044459919748337,359.25,410.25
4,3,0,-0.017695802021544946,-0.005282311429798514,-0.01728142063608984,0.025292127676978186,0.18007676303386688,561.5,52.463564608887864,1.3565901046738083,0.1689568050618295,0.13426733973189042,0.025144438839716017,-0.3143485624509418,0.8605179438241666,1.1040236681318925,359.75,411.25
4,6,0,-0.017695802019400693,-0.005282311425899855,-0.017281096237880655,0.0252919060233291,0.18007676303386688,561.5,52.463564608887864,1.3565901046738083,0.10236161997115903,0.10984725717232635,0.025144438839716017,-0.3143485624509418,0.8605179438241666,1.1040236681318925,359.75,411.25
4,9,0,-0.017695802017245767,-0.005282311421981822,-0.017281096207118374,0.025291905999984262,0.18007676303386688,561.5,52.463564608887864,1.3565901046738083,0.05763936497611926,0.06320338971395056,0.025144438839716017,-0.3143485624509418,0.8605179438241666,1.1040236681318925,359.75,411.25
5,0,0,0.0031445020074598092,-0.001465453911011133,0.0006923542490132606,0.0035376266685934105,0.2089870572090149,549.5,50.23034595390916,1.3596425542948125,0.15572985322057512,0.1538844117750744,-0.004574719016203035,-0.1384877930278285,0.8443076457509868,-1.4430653343495734,517.25,404.75
5,3,0,0.0038361505750619763,-0.0012269748546694936,0.0014731502562316257,0.0042885533931589165,0.08090055733919144,534.0,51.39791371157464,1.361873422572617,0.12802051820308405,0.13486752647834477,-0.00526636758324355,-0.1387262720882616,0.8417633729318451,-1.4420710437337931,517.25,406.0
5,6,0,0.0038361505756671025,-0.001226974859077662,0.0014734746544408095,0.004288664839000496,0.08090055733919144,534.0,51.39791371157464,1.361873422572617,0.09681884088603447,0.12257496990556538,-0.00526636758324355,-0.1387262720882616,0.8417633729318451,-1.4420710437337931,517.25,406.0
5,9,0,0.003836150576275242,-0.0012269748635077293,0.001473474685203091,0.004288664851381025,0.08090055733919144,534.0,51.39791371157464,1.361873422572617,0.055589165734490076,0.08206568717722218,-0.00526636758324355,-0.1387262720882616,0.8417633729318451,-1.4420710437337931,517.25,406.0
5,12,0,0.003836150576886403,-0.0012269748679598347,0.0014734746894645712,0.00428866485466557,0.08090055733919144,534.0,51.39791371157464,1.361873422572617,0.02520737487206433,0.0401385714199044,-0.00526636758324355,-0.1387262720882616,0.8417633729318451,-1.4420710437337931,517.25,406.0
6,0,0,0.0008158317938435911,-0.00021364357668540723,0.0015349199677645586,0.0017513435988255814,0.32364052534103394,732.5,45.49429317487102,1.2553986861000974,0.3076061043073424,0.1657155320438496,0.164439511357579,-0.2367677549002994,0.8434650800322355,-0.1696436214435952,413.0,510.25
6,3,0,0.006630426175652904,0.00197830827037504,0.007825801685043987,0.01044602445416699,0.08732708543539047,743.5,43.871010543985896,1.2654988424008589,0.23142945866961395,0.17812187377749755,0.15862491697983744,-0.2389597067480736,0.8354107215030327,-0.1936284689123782,412.75,511.5
6,6,0,0.006630426180035398,0.001978308269605933,0.007826126083253171,0.010446267486976659,0.08732708543539047,743.5,43.871010543985896,1.2654988424008589,0.178269857269649,0.18410082799784988,0.15862491697983744,-0.2389597067480736,0.8354107215030327,-0.1936284689123782,412.75,511.5
6,9,0,0.006630426184439764,0.0019783082688330234,0.007826126114015453,0.010446267512672273,0.08732708543539047,743.5,43.871010543985896,1.2654988424008589,0.1240380163595887,0.15019603008534843,0.15862491697983744,-0.2389597067480736,0.8354107215030327,-0.1936284689123782,412.75,511.5
6,12,0,0.006630426188865973,0.0019783082680563113,0.007826126118276933,0.010446267518527183,0.08732708543539047,743.5,43.871010543985896,1.2654988424008589,0.07059941358697489,0.1021268045750281,0.15862491697983744,-0.2389597067480736,0.8354107215030327,-0.1936284689123782,412.75,511.5
6,15,0,0.0066304261933142206,0.001978308267275769,0.007826126122556398,0.010446267524408831,0.08732708543539047,743.5,43.871010543985896,1.2654988424008589,0.020619577199059314,0.04695059867603979,0.15862491697983744,-0.2389597067480736,0.8354107215030327,-0.1936284689123782,412.75,511.5
7,0,0,-0.018707005352647466,-0.005465157757311517,-0.0190259647338481,0.02723614019331511,0.1227726861834526,810.0,45.651389430489594,1.1988108196911043,0.3386039348864402,0.15590211159170964,0.22834615886979542,-0.23821784087609787,0.8640259647338482,-1.6820468990360546,400.0,542.0
7,3,0,-0.010733217271986839,-0.0032929994093365555,-0.010409768510538098,0.01531042385306684,0.12224260717630386,808.0,44.58220695457943,1.2120464357211096,0.26755850334713716,0.1734827344490163,0.22037237078867028,-0.24038999922817647,0.8536462916986148,-1.6573839026145325,400.5,543.0
7,6,0,-0.010733217272487328,-0.0032929994137577967,-0.010409444112328914,0.015310203293396486,0.12224260717630386,808.0,44.58220695457943,1.2120464357211096,0.21426189444549093,0.17940723785281298,0.22037237078867028,-0.24038999922817647,0.8536462916986148,-1.6573839026145325,400.5,543.0
7,9,0,-0.010733217272990231,-0.003292999418201048,-0.010409444081566632,0.015310203273789375,0.12224260717630386,808.0,44.58220695457943,1.2120464357211096,0.1601271508601616,0.15332343790795788,0.22037237078867028,-0.24038999922817647,0.8536462916986148,-1.6573839026145325,400.5,543.0
7,12,0,-0.010733217273495577,-0.003292999422666365,-0.010409444077305152,0.01531020327220668,0.12224260717630386,808.0,44.58220695457943,1.2120464357211096,0.10539816398552662,0.11407619949058423,0.22037237078867028,-0.24038999922817647,0.8536462916986148,-1.6573839026145325,400.5,543.0
7,15,0,0.01968132119555585,0.0066258193895419315,0.023417431051236837,0.031299072887625554,0.24357986450195312,782.0,42.09346679586626,1.2585939518344482,0.0513708425162813,0.09834522937010381,0.18995783231911084,-0.25030881804487226,0.8198194165743522,-1.64082062372429,400.0,543.0
8,0,0,0.00398648021770228,0.001920699856548691,0.003135676041530866,0.005423428500727973,0.11707121133804321,606.0,49.575038914910735,1.3470544819385082,0.2615893879079461,0.17283847480324266,0.05601591553290237,-0.31422829198534896,0.8418643239584692,2.2542570058585345,358.0,441.75
8,3,0,-0.0011873311717172305,0.0005337488847258487,-0.001533548745672575,0.0020115702668888867,0.07882290333509445,600.0,50.432266986161615,1.3411471418726617,0.16945839308115626,0.15040885150688965,0.06118972691964681,-0.31284134101037975,0.8447700719337493,2.256894015988045,358.0,443.0
8,6,0,-0.0011873311745993625,0.0005337488881156927,-0.001533224347463391,0.0020113229709310195,0.07882290333509445,600.0,50.432266986161615,1.3411471418726617,0.11211519875559578,0.13261360503721198,0.06118972691964681,-0.31284134101037975,0.8447700719337493,2.256894015988045,358.0,443.0
8,9,0,-0.0011873311774958442,0.000533748891522412,-0.0015332243167011095,0.0020113229500949505,0.07882290333509445,600.0,50.432266986161615,1.3411471418726617,0.06367752498037133,0.08079327191665397,0.06118972691964681,-0.31284134101037975,0.8447700719337493,2.256894015988045,358.0,443.0
8,12,0,-0.001187331180406731,0.0005337488949460067,-0.0015332243124396294,0.002011322949473331,0.07882290333509445,600.0,50.432266986161615,1.3411471418726617,0.024816265952420327,0.03285266000801923,0.06118972691964681,-0.31284134101037975,0.8447700719337493,2.256894015988045,358.0,443.0
8,129,6,-0.011225482257996189,-0.00653077783964548,-0.012808176243986003,0.018240391712142562,0.0701008141040802,907.5,63.07937532487159,0.9268785904573191,0.213650040235922,0.24058495819631887,0.23112094218788787,0.1645925143869049,1.259247292300998,2.9487109013184285,847.75,200.5
8,132,6,0.0055520637252954586,-0.01003004406713201,0.006893384088800691,0.013377067682944655,0.1930222511291504,753.5,46.53456711118012,1.214943902061692,0.4423156343264638,0.6672720814990905,0.21335070206618106,0.17097619564208702,0.840033677688631,2.975578452898782,800.5,546.75
9,0,0,0.005594157883095148,-0.001626923926469001,0.004200202604080716,0.007182143537888903,0.0986897349357605,603.0,47.568884057634364,1.3282546685679908,0.1761470102411057,0.1749923071406012,0.03772091318638255,-0.10786294655029853,0.8407997973959194,1.5319264199055482,541.5,431.5
9,3,0,0.003371406684949292,-0.0017643887456900431,0.0023328918419879274,0.004463388290038442,0.19943472743034363,586.5,49.04105405684098,1.32656291010567,0.149030444286135,0.13666508329078875,0.0399436643847449,-0.10772548172695334,0.8409036313460888,1.5341065633576298,541.5,432.75
9,6,0,0.003371406685182536,-0.0017643887412466808,0.0023332162401971113,0.004463557851159889,0.19943472743034363,586.5,49.04105405684098,1.32656291010567,0.09884483755893947,0.11387790998565894,0.0399436643847449,-0.10772548172695334,0.8409036313460888,1.5341065633576298,541.5,432.75
9,9,0,0.003371406685416939,-0.0017643887367811972,0.002333216270959393,0.004463557865652022,0.19943472743034363,586.5,49.04105405684098,1.32656291010567,0.05049495464903491,0.07236740763193605,0.0399436643847449,-0.10772548172695334,0.8409036313460888,1.5341065633576298,541.5,432.75
9,12,0,0.003371406685652535,-0.0017643887322935647,0.002333216275220873,0.004463557866283652,0.19943472743034363,586.5,49.04105405684098,1.32656291010567,0.020769869471710382,0.028631206112853524,0.0399436643847449,-0.10772548172695334,0.8409036313460888,1.5341065633576298,541.5,432.75
10,0,0,-0.019225847614542657,-0.004880934795440883,-0.01919579925741466,0.027603178260952526,0.15563493967056274,681.0,48.49834987391593,1.2444316612965103,0.24200413989036493,0.13492293895402363,0.13928246399846506,-0.15207366900100935,0.8641957992574147,0.3787101317457496,493.0,479.75
10,3,0,0.009110833115702668,-0.00018496269517612185,0.009237967024192772,0.012976190735376245,0.09857039898633957,672.0,45.82764406691819,1.2860998272926447,0.20568351306728844,0.15735248212181518,0.11094578327201639,-0.156769641099649,0.833998556163884,0.38275810086671413,493.5,481.0
10,6,0,0.009110833119793174,-0.00018496269342527238,0.009238291422401956,0.012976421684728996,0.09857039898633957,672.0,45.82764406691819,1.2860998272926447,0.15477673204780223,0.15129975926592143,0.11094578327201639,-0.156769641099649,0.833998556163884,0.38275810086671413,493.5,481.0
10,9,0,0.009110833123904052,-0.00018496269166573542,0.009238291453164238,0.012976421709490753,0.09857039898633957,672.0,45.82764406691819,1.2860998272926447,0.09791642918668797,0.11658682148961652,0.11094578327201639,-0.156769641099649,0.833998556163884,0.38275810086671413,493.5,481.0
10,12,0,0.009110833128035373,-0.0001849626898974277,0.009238291457425718,0.012976421715400048,0.09857039898633957,672.0,45.82764406691819,1.2860998272926447,0.04752478217704201,0.07587719211070831,0.11094578327201639,-0.156769641099649,0.833998556163884,0.38275810086671413,493.5,481.0
10,141,6,0.010282988708815166,-0.011215653668628173,0.004133275812726933,0.01576752082428643,0.15717312693595886,524.0,63.701141579422895,1.1531567996808998,0.3223539923417444,0.44494400758219954,0.19531767170061182,0.15034423227958366,0.9378094022994155,0.03274050543714677,787.5,467.0
11,0,0,0.010604033076546454,0.0021568459325413958,0.008007729120223961,0.013461843392644798,0.06153217330574989,564.0,49.76458599765904,1.3735245722001561,0.21291213459427527,0.16689465567099382,0.00603211135479482,-0.25497935866761257,0.8369922708797761,2.4472767758713974,417.0,415.5
11,3,0,0.013260045321751917,0.0027584049599860827,0.010177620423427292,0.016941710578969146,0.1785828024148941,565.5,49.28342949128545,1.378173349444799,0.1381217814146467,0.14419191016952582,0.0033760991064598154,-0.2555809176923627,0.8330589027646494,2.469791473949563,417.25,416.5
11,6,0,0.013260045318380155,0.002758404962889427,0.010177944821636475,0.016941905458863392,0.1785828024148941,565.5,49.28342949128545,1.378173349444799,0.09165099909248496,0.11979584334796622,0.0033760991064598154,-0.2555809176923627,0.8330589027646494,2.469791473949563,417.25,416.5
11,9,0,0.06257820864272379,0.015454123823315846,0.054257421263977035,0.08425396075138139,0.18549469113349915,538.5,47.01007877299893,1.4455198713261055,0.04721930712878822,0.1184477849438611,-0.04594206422127239,-0.2682766365498715,0.7889794263530712,2.413690548480041,417.25,416.5
12,0,0,-0.021849700992055382,-0.006687792683048033,-0.022168472152522267,0.03183672662179345,0.20393319427967072,755.0,47.65866188991984,1.2257336416953233,0.31160408128665307,0.13450710728351867,0.19481655261296987,-0.27333325790343366,0.8671684721525224,1.4606369454633557,370.25,515.75
12,3,0,0.00585156080210511,0.0027689260525907144,0.0074011658232124855,0.009832851613247153,0.10483402758836746,743.0,44.92284974976434,1.268607150979494,0.24069732825033033,0.16407558800460498,0.1671152908193902,-0.28278997663498373,0.8358353573648643,1.424714573261964,370.5,517.0
12,6,0,0.005851560802730749,0.0027689260569959684,0.007401490221421669,0.00983309579099923,0.10483402758836746,743.0,44.92284974976434,1.268607150979494,0.18523257933893028,0.17001622021815943,0.1671152908193902,-0.28278997663498373,0.8358353573648643,1.424714573261964,370.5,517.0
12,9,0,0.005851560803359607,0.0027689260614231492,0.007401490252183951,0.009833095815775258,0.10483402758836746,743.0,44.92284974976434,1.268607150979494,0.13241031603669018,0.13536704423444856,0.1671152908193902,-0.28278997663498373,0.8358353573648643,1.424714573261964,370.5,517.0
12,12,0,0.00585156080399149,0.0027689260658723125,0.007401490256445431,0.009833095820611802,0.10483402758836746,743.0,44.92284974976434,1.268607150979494,0.07842898365968896,0.09487733958326694,0.1671152908193902,-0.28278997663498373,0.8358353573648643,1.424714573261964,370.5,517.0
12,15,0,0.005851560804626621,0.002768926070343569,0.007401490260724786,0.009833095825469956,0.10483402758836746,743.0,44.92284974976434,1.268607150979494,0.027676371772276196,0.04503764855405212,0.1671152908193902,-0.28278997663498373,0.8358353573648643,1.424714573261964,370.5,517.0
13,0,0,0.010226246821939108,0.004879689581361313,0.010420609187943963,0.015394043988553756,0.26419928669929504,692.0,46.03159577736019,1.3060176608483238,0.3201436689312382,0.19580123942076766,0.12121439005169073,-0.3089062810456906,0.8345793908120561,-1.979813518417883,353.75,487.25
13,3,0,-0.0048120091436212875,-0.0008811824318369355,-0.004616197576788994,0.006726157487334467,0.08544748276472092,702.0,46.97230985679514,1.2852339646796633,0.22646023328099377,0.16508258127970932,0.13625264601558212,-0.3031454090362699,0.8478527207648657,-1.9811619169137717,354.5,488.5
13,6,0,-0.004812009145419516,-0.000881182435906902,-0.00461587317857981,0.006725934857080044,0.08544748276472092,702.0,46.97230985679514,1.2852339646796633,0.16309393194231558,0.16299200762303145,0.13625264601558212,-0.3031454090362699,0.8478527207648657,-1.9811619169137717,354.5,488.5
13,9,0,-0.0048120091472266535,-0.0008811824399970747,-0.0046158731478175286,0.006725934837797277,0.08544748276472092,702.0,46.97230985679514,1.2852339646796633,0.1111721527030238,0.12834976795606934,0.13625264601558212,-0.3031454090362699,0.8478527207648657,-1.9811619169137717,354.5,488.5
13,12,0,0.01415539491996455,0.006044728525927856,0.014583094318903478,0.021203315500325864,0.12865881621837616,687.5,45.82406191699945,1.313091190237568,0.05659950060024779,0.09343078409297956,0.11728524194657482,-0.31007132000630533,0.8286537533024062,-1.9801829191582383,354.25,488.5
14,0,0,0.009306008441859574,0.006416638182179302,0.007633568076428232,0.013639882706916037,0.07571298629045486,601.0,50.15682887277402,1.3861157539169167,0.33151116657234864,0.18915960626590733,0.04493498898651444,-0.4198424447510763,0.8373664319235719,1.652932495926705,267.75,438.0
14,3,0,-0.0009156767892661982,0.001439298174637671,-0.002072620691952576,0.002684362075172826,0.10641034692525864,612.0,50.20048179394195,1.3723365150552125,0.2338911305797152,0.16479548257306065,0.055156674217179465,-0.41486510473943067,0.8453091438800293,1.6714740224705815,268.5,439.0
14,6,0,-0.0009156767897626136,0.0014392981790593562,-0.002072296293743392,0.0026841116147835846,0.10641034692525864,612.0,50.20048179394195,1.3723365150552125,0.14421287786666862,0.16008209139177865,0.055156674217179465,-0.41486510473943067,0.8453091438800293,1.6714740224705815,268.5,439.0
14,9,0,-0.0009156767902614993,0.0014392981835030794,-0.0020722962629811104,0.0026841115935862915,0.10641034692525864,612.0,50.20048179394195,1.3723365150552125,0.08890015075949105,0.11539400526051569,0.055156674217179465,-0.41486510473943067,0.8453091438800293,1.6714740224705815,268.5,439.0
14,12,0,-0.0009156767907628552,0.0014392981879688405,-0.0020722962587196303,0.0026841115928618775,0.10641034692525864,612.0,50.20048179394195,1.3723365150552125,0.04086812527442209,0.05154259227235758,0.055156674217179465,-0.41486510473943067,0.8453091438800293,1.6714740224705815,268.5,439.0
14,144,6,0.008456258587160509,-0.0020815087123391696,-0.0038091511535858213,0.00950529433123109,0.27824440598487854,654.0,72.83037516433974,0.9004672614856014,0.11698796076406574,0.12972379883305352,0.23383220221767614,0.2035115201361433,1.3229036925696513,1.8167193806723436,912.75,125.75
14,147,6,-0.014305135393271357,0.003912155483910357,-0.018721002167529255,0.023883420636641433,0.20471793413162231,678.0,61.88372734752739,1.0575072650630595,0.33937611474971446,0.43754426980277494,0.25740627800129173,0.19625902364060147,1.0231172203519368,1.75963170474313,853.5,447.25
15,0,0,-0.007666927160884768,-0.0018835025245974024,-0.007120225986875561,0.010631414391070241,0.35486119985580444,697.5,47.53632113538483,1.259455456775687,0.2835654582736292,0.1565200431924798,0.14760515509968547,-0.23122064658581845,0.8521202259868756,-1.444900980418585,419.25,493.25
15,3,0,-0.00958281884717957,-0.0032646287217144576,-0.009314297899686408,0.013756611614514875,0.16357794404029846,700.5,47.4952539642912,1.2575991745081707,0.215818490828286,0.14554718672355937,0.14952104678657835,-0.22983952039278763,0.8525508210877631,-1.414583667145,420.25,494.25
15,6,0,-0.009582818846535224,-0.003264628726117047,-0.009313973501477224,0.013756391974319401,0.16357794404029846,700.5,47.4952539642912,1.2575991745081707,0.16233385136555928,0.1456673702931468,0.14952104678657835,-0.22983952039278763,0.8525508210877631,-1.414583667145,420.25,494.25
15,9,0,-0.009582818845887547,-0.0032646287305415356,-0.009313973470714942,0.013756391954090163,0.16357794404029846,700.5,47.4952539642912,1.2575991745081707,0.10900783674736898,0.11431023097649828,0.14952104678657835,-0.22983952039278763,0.8525508210877631,-1.414583667145,420.25,494.25
15,12,0,-0.009582818845236846,-0.003264628734987979,-0.009313973466453462,0.013756391951806796,0.16357794404029846,700.5,47.4952539642912,1.2575991745081707,0.05584202296893456,0.06979050179137836,0.14952104678657835,-0.22983952039278763,0.8525508210877631,-1.414583667145,420.25,494.25
16,0,0,-0.013474961551015102,-0.0038141435298160165,-0.01371370926957527,0.019600716864385533,0.06977206468582153,724.5,47.76851871516614,1.2597456495335044,0.3242814249951239,0.14889617408933553,0.16476557076092863,-0.30814168443797785,0.8587137092695754,-1.7042208167537496,343.25,500.5
16,3,0,0.01366216683754276,0.006266980129729316,0.014523460159855728,0.020901213784328215,0.17705093324184418,713.5,45.16934039271281,1.301430013192072,0.24034548643926598,0.17462642410056362,0.13762844237173272,-0.31822280810160336,0.828713063028221,-1.743043435372739,343.5,501.75
16,6,0,0.013662166836855227,0.006266980125333388,0.014523784558064912,0.0209014391958658,0.17705093324184418,713.5,45.16934039271281,1.301430013192072,0.18014194399622266,0.18474510617362105,0.13762844237173272,-0.31822280810160336,0.828713063028221,-1.743043435372739,343.5,501.75
16,9,0,0.013662166836164419,0.006266980120915366,0.014523784588827193,0.02090143921546537,0.17705093324184418,713.5,45.16934039271281,1.301430013192072,0.1303196276941468,0.15620337300330767,0.13762844237173272,-0.31822280810160336,0.828713063028221,-1.743043435372739,343.5,501.75
16,12,0,0.013662166835470141,0.0062669801164754735,0.014523784593088673,0.020901439216641497,0.17705093324184418,713.5,45.16934039271281,1.301430013192072,0.0738490305131422,0.10901125881334262,0.13762844237173272,-0.31822280810160336,0.828713063028221,-1.743043435372739,343.5,501.75
16,15,0,0.013662166834772338,0.006266980112013543,0.014523784597368028,0.02090143921782113,0.17705093324184418,713.5,45.16934039271281,1.301430013192072,0.02360309630106763,0.05650564901966659,0.13762844237173272,-0.31822280810160336,0.828713063028221,-1.743043435372739,343.5,501.75
16,105,5,0.050624421010581344,-0.012850245978267782,0.029776020718562224,0.06012131264527434,0.22073489427566528,510.0,68.25077451788891,1.079562438523341,0.0024461923187325115,0.03946777636373522,0.15897868176754276,0.16653317894632635,1.0939474858983975,-1.2396530956815692,817.0,317.0
16,108,6,0.005367186366670246,-0.00494267836986817,-0.0019269133562597185,0.007546506081960428,0.18807637691497803,543.0,64.3565892545591,1.1203680670234937,0.11534578065250763,0.16388597712757003,0.208496862434344,0.16169788963760265,0.9737260913076962,-1.265152093721618,804.0,449.75
17,0,0,-0.016384541844841068,-0.005023643071225825,-0.0164688521487516,0.0237679046672159,0.1563917100429535,577.0,52.44611123396192,1.3359926353452483,0.27161263590466644,0.1488416854898582,0.050717856252180345,-0.3070051018410418,0.8614688521487517,2.0629180003811727,362.25,425.75
17,3,0,-0.0014716608139217838,-0.00016442298225949337,-0.0027648198621751385,0.003136407074760256,0.08817023783922195,583.0,50.551053629427344,1.3579929944110478,0.1756207206024477,0.1485462694563916,0.0358049752192628,-0.31186432192639385,0.8460013430502519,2.0768918503866853,362.5,427.0
17,6,0,-0.001471660816074763,-0.00016442297836566366,-0.0027644954639659547,0.0031361211143182614,0.08817023783922195,583.0,50.551053629427344,1.3579929944110478,0.10755143262523913,0.12794080846054967,0.0358049752192628,-0.31186432192639385,0.8460013430502519,2.0768918503866853,362.5,427.0
17,9,0,-0.0014716608182384558,-0.00016442297445234955,-0.002764495433203673,0.0031361210880114314,0.08817023783922195,583.0,50.551053629427344,1.3579929944110478,0.059544458202741755,0.07679235261552708,0.0358049752192628,-0.31186432192639385,0.8460013430502519,2.0768918503866853,362.5,427.0
17,12,0,0.010310784245825919,0.003933855056234392,0.007959581352365519,0.013606705063032628,0.12736566364765167,579.0,49.75998308332511,1.3744388185082936,0.021795186050321384,0.03838911820348789,0.024022530153023976,-0.3159625999531479,0.8352772662689442,2.0960159564412506,362.25,427.0
17,129,6,-0.022894924917881365,-0.002947354976329697,-0.020277936188916712,0.030725546121000005,0.1782396137714386,892.5,64.98810985557348,0.9050815172448525,0.21207543195721096,0.22985806040664047,0.24302981190443768,0.1612819247648858,1.2807912746581251,3.0224054652191903,849.0,183.75
17,132,6,0.003139838668758582,-0.0084830401072499,0.003508045148677641,0.00970190378699989,0.16545435786247253,752.0,47.70117640415544,1.2011625517315725,0.4436782191290706,0.661433879281495,0.21543948177403544,0.1684190686104764,0.8561928137166898,3.0495803023209964,799.75,537.75
18,0,0,-0.007724811942888599,-0.0006023116641540316,-0.006784802929209355,0.010298982944057056,0.23094184696674347,808.5,46.29689443001572,1.2547097142785155,0.4141295327735578,0.17844265224192046,0.220418242092626,-0.399697647721379,0.8517848029292094,-0.539899283194596,245.25,544.25
18,3,0,-0.008560185818465404,-0.0011715657996195228,-0.007947987547837099,0.011739670086082826,0.1734875738620758,808.5,46.33289280637829,1.2544395915891997,0.3103784039919955,0.17882275262892555,0.22125361597167797,-0.3991283935881445,0.8511845107359138,-0.5401802380122832,245.75,545.25
18,6,0,-0.008560185814721094,-0.0011715658020232111,-0.007947663149627915,0.011739450462052133,0.1734875738620758,808.5,46.33289280637829,1.2544395915891997,0.2302112600592771,0.19573076850916127,0.22125361597167797,-0.3991283935881445,0.8511845107359138,-0.5401802380122832,245.75,545.25
18,9,0,-0.008560185810958132,-0.0011715658044387789,-0.007947663118865633,0.01173945043872311,0.1734875738620758,808.5,46.33289280637829,1.2544395915891997,0.1789114756976744,0.17801801284766372,0.22125361597167797,-0.3991283935881445,0.8511845107359138,-0.5401802380122832,245.75,545.25
18,12,0,-0.008560185807176462,-0.001171565806866337,-0.007947663114604153,0.01173945043332281,0.1734875738620758,808.5,46.33289280637829,1.2544395915891997,0.12271740262423093,0.12449720947563436,0.22125361597167797,-0.3991283935881445,0.8511845107359138,-0.5401802380122832,245.75,545.25
18,15,0,-0.008560185803376003,-0.0011715658093061077,-0.007947663110324799,0.011739450427897926,0.1734875738620758,808.5,46.33289280637829,1.2544395915891997,0.06469573951319552,0.07608806107828081,0.22125361597167797,-0.3991283935881445,0.8511845107359138,-0.5401802380122832,245.75,545.25
18,18,0,-0.008560185799556641,-0.0011715658117579797,-0.007947663106025238,0.011739450422446786,0.1734875738620758,808.5,46.33289280637829,1.2544395915891997,0.016724706719649707,0.018325998196291327,0.22125361597167797,-0.3991283935881445,0.8511845107359138,-0.5401802380122832,245.75,545.25
19,0,0,0.004992664192498594,0.0037110114429650953,0.003984480638827392,0.007387447978163086,0.30155497789382935,640.0,49.06492128395446,1.344082999250257,0.3327206873542796,0.1711909841287097,0.0852772163840317,-0.378930801024649,0.8410155193611727,-0.10915531727965323,295.5,460.25
19,3,0,-0.013767015055701201,-0.0038312378076651443,-0.013587451684326513,0.019718720292064944,0.2068149894475937,651.5,49.986043367791694,1.318500190607854,0.2215816830215718,0.15599602684483205,0.10403689563632375,-0.3713885517745743,0.8568239748724019,-0.11445603402748619,295.75,461.75
19,6,0,-0.013767015051292214,-0.0038312378082644982,-0.013587127286119105,0.019718496759519578,0.2068149894475937,651.5,49.986043367791694,1.318500190607854,0.1468897595634134,0.1577111688282059,0.10403689563632375,-0.3713885517745743,0.8568239748724019,-0.11445603402748619,295.75,461.75
19,9,0,-0.013767015046861258,-0.0038312378088664056,-0.013587127255353715,0.01971849673534389,0.2068149894475937,651.5,49.986043367791694,1.318500190607854,0.09387702793676962,0.11711656051739305,0.10403689563632375,-0.3713885517745743,0.8568239748724019,-0.11445603402748619,295.75,461.75
19,12,0,-0.013767015042408293,-0.003831237809470811,-0.013587127251092235,0.019718496729415967,0.2068149894475937,651.5,49.986043367791694,1.318500190607854,0.042612021666969695,0.04966374974342902,0.10403689563632375,-0.3713885517745743,0.8568239748724019,-0.11445603402748619,295.75,461.75
19,162,6,0.03935538777818898,-0.015957976282693326,0.035995699113560486,0.05567040424574451,0.08109807223081589,457.0,62.71451681331082,1.2650379860273588,0.3070523396176185,0.4964446775854624,0.16552619828886556,0.1859414147448264,0.8175835851763361,-0.7330089893790983,808.0,527.5
20,0,0,-0.007024951320018458,-0.003005288908194098,-0.0069606987653375585,0.010336006471172285,0.08552464097738266,700.5,46.394979910039616,1.248788479079465,0.24768918652395117,0.15868759020661027,0.14181862892977676,-0.12854109563713356,0.8519606987653376,-1.2888498143131852,515.75,489.5
20,3,0,-0.0077745800135119725,-0.003004152864345966,-0.007957105754297311,0.011523218335340578,0.08548007160425186,700.5,46.39445654262239,1.2488255245684445,0.22432838377583067,0.1487934996581025,0.14256825762436293,-0.1285422316849643,0.851193628942374,-1.28880313063955,515.75,490.5
20,6,0,-0.007774580012334831,-0.003004152868636867,-0.007956781356088127,0.011522994331983635,0.08548007160425186,700.5,46.39445654262239,1.2488255245684445,0.1738315355929516,0.1462079781572403,0.14256825762436293,-0.1285422316849643,0.851193628942374,-1.28880313063955,515.75,490.5
20,9,0,-0.007774580011151833,-0.0030041528729491673,-0.007956781325325846,0.011522994311067956,0.08548007160425186,700.5,46.39445654262239,1.2488255245684445,0.11488882300041738,0.12406474916458499,0.14256825762436293,-0.1285422316849643,0.851193628942374,-1.28880313063955,515.75,490.5
20,12,0,-0.007774580009962978,-0.003004152877282923,-0.007956781321064366,0.011522994308453077,0.08548007160425186,700.5,46.39445654262239,1.2488255245684445,0.06276484901685994,0.08337690369649631,0.14256825762436293,-0.1285422316849643,0.851193628942374,-1.28880313063955,515.75,490.5
20,15,0,-0.007774580008768156,-0.003004152881638189,-0.007956781316785011,0.011522994305827436,0.08548007160425186,700.5,46.39445654262239,1.2488255245684445,0.021348372567112712,0.027937449392972047,0.14256825762436293,-0.1285422316849643,0.851193628942374,-1.28880313063955,515.75,490.5
20,132,6,0.015117147756767119,-0.013801274756231136,0.007848648325759267,0.02192269649788446,0.18019326031208038,552.0,65.08465709632512,1.0996523582252604,0.4275861295378731,0.5904436613181595,0.21396918956791616,0.16523283744224354,0.9989414247659222,-1.294881490272015,811.0,434.25
21,0,0,-0.023106246133175967,-0.008182727870669204,-0.02308422547204869,0.03367101292531482,0.09098170697689056,667.0,51.53732421223425,1.2879399706477388,0.34392313576723105,0.14524963700093074,0.1405475887537176,-0.3773002616402657,0.8680842254720488,1.9726957442503632,280.75,478.0
21,3,0,-0.02379586825048083,-0.008156009379744367,-0.024033795936385993,0.03479061916535208,0.09097819775342941,667.0,51.53106564632122,1.2880453669906262,0.23640102922771766,0.13653588628229751,0.1412372108694177,-0.3773269801273853,0.8672703191244627,1.9728343172171345,280.75,479.0
21,6,0,-0.02379586825220982,-0.008156009375644535,-0.02403347153817681,0.03479039506801387,0.09097819775342941,667.0,51.53106564632122,1.2880453669906262,0.1599972393580485,0.13909235094679262,0.1412372108694177,-0.3773269801273853,0.8672703191244627,1.9728343172171345,280.75,479.0
21,9,0,-0.02379586825394743,-0.008156009371524331,-0.024033471507414528,0.034790395046985625,0.09097819775342941,667.0,51.53106564632122,1.2880453669906262,0.10818166961029677,0.10344152726149147,0.1412372108694177,-0.3773269801273853,0.8672703191244627,1.9728343172171345,280.75,479.0
21,12,0,-0.023795868255693728,-0.008156009367383643,-0.024033471503153048,0.034790395044265475,0.09097819775342941,667.0,51.53106564632122,1.2880453669906262,0.05750634711644275,0.046485344995561784,0.1412372108694177,-0.3773269801273853,0.8672703191244627,1.9728343172171345,280.75,479.0
21,171,5,-0.012359092712858316,-0.005370420337265008,-0.013996936652227898,0.01942943187358853,0.1016131341457367,798.0,66.15334433862206,0.9383073059482283,0.011221436941633132,0.003777401741269504,0.21289081748613786,0.17019055804427477,1.2684245550791027,2.158278238448005,853.5,177.5
21,174,6,-0.022962903968418047,-0.0033613366411803236,-0.022560268190842336,0.03236601989001526,0.23273099958896637,794.5,58.99372892429296,1.0252705532493835,0.14247158942603383,0.17240774920335133,0.2213120959827713,0.16759332095435403,1.104448039063436,2.1665192706026244,827.25,350.75
22,0,0,1.89829444232556e-05,-0.0012091082283452737,-0.0009520602206387618,0.0015390652110141242,0.13363556563854218,588.5,50.531931047433815,1.31610049759941,0.20525872164334064,0.1550180990544484,0.0616310348727433,-0.1851527143957351,0.8459520602206388,0.5669692696879113,471.25,442.5
22,3,0,0.006178089487580418,-6.60408179964933e-05,0.004979793283991452,0.007935457911014316,0.1255551129579544,606.5,48.41568872449773,1.3259393602461698,0.1634906665063276,0.13896000499062044,0.05547192833301901,-0.18629578180378803,0.8382567299040853,0.5845002165381015,471.5,443.75
22,6,0,0.006178089491279001,-6.604081552294416e-05,0.0049801176822006354,0.007935661489764692,0.1255551129579544,606.5,48.41568872449773,1.3259393602461698,0.11384292472326428,0.12469408802882076,0.05547192833301901,-0.18629578180378803,0.8382567299040853,0.5845002165381015,471.5,443.75
22,9,0,0.006178089494995986,-6.604081303707154e-05,0.004980117712962917,0.007935661511942993,0.1255551129579544,606.5,48.41568872449773,1.3259393602461698,0.06291029721693536,0.08679395808384649,0.05547192833301901,-0.18629578180378803,0.8382567299040853,0.5845002165381015,471.5,443.75
22,12,0,0.006178089498731443,-6.604081053887545e-05,0.004980117717224397,0.007935661517504682,0.1255551129579544,606.5,48.41568872449773,1.3259393602461698,0.0228976868342121,0.041275016470814996,0.05547192833301901,-0.18629578180378803,0.8382567299040853,0.5845002165381015,471.5,443.75
22,129,6,-0.006297517264364755,-0.009274635912559448,-0.010781541158614516,0.015553752754895149,0.044241201132535934,614.5,67.25705224827895,1.0119370154377934,0.06679616460843656,0.0716005019674637,0.20503843114257542,0.16515131971325014,1.146031731918089,1.4628979885947062,827.75,300.5
22,132,6,0.024527277671653996,-0.015502778077922802,0.023328950489347355,0.037231215519375145,0.05116065964102745,586.0,55.28625789114285,1.2481283852740648,0.25402828279505635,0.3941838086808189,0.17305339891487764,0.17286339516434257,0.8312497446569802,1.5040280099055543,797.75,524.0
23,0,0,-0.01674130950336325,-0.0050067898418792445,-0.016857781440874464,0.02428011910012876,0.07864494621753693,672.0,48.90971075446697,1.2857782486813425,0.29606589349859763,0.15091870329465218,0.11895872524457625,-0.29697706405086727,0.8618577814408745,-1.7252971957967516,360.75,468.0
23,3,0,0.0064974200268473475,0.0025353644151993593,0.005633876100270663,0.008965773789045603,0.08807654678821564,651.0,47.88155085507643,1.3201981707586765,0.19703781488982103,0.1604327515655778,0.09571999571371066,-0.3045192183120232,0.8376026470878061,-1.7394058330567994,361.25,469.0
23,6,0,0.006497420026141676,0.0025353644108060958,0.005634200498479847,0.008965977634857205,0.08807654678821564,651.0,47.88155085507643,1.3201981707586765,0.13642333682595564,0.15980573509720197,0.09571999571371066,-0.3045192183120232,0.8376026470878061,-1.7394058330567994,361.25,469.0
23,9,0,0.0064974200254324516,0.002535364406391072,0.005634200529242128,0.008965977652425733,0.08807654678821564,651.0,47.88155085507643,1.3201981707586765,0.08536331849966391,0.11741403478014689,0.09571999571371066,-0.3045192183120232,0.8376026470878061,-1.7394058330567994,361.25,469.0
23,12,0,0.006497420024719772,0.0025353644019541766,0.005634200533503608,0.008965977653332529,0.08807654678821564,651.0,47.88155085507643,1.3201981707586765,0.03563669494670117,0.06361773015030281,0.09571999571371066,-0.3045192183120232,0.8376026470878061,-1.7394058330567994,361.25,469.0
23,138,6,0.050361659644016815,-0.013704188052657024,0.06102053773361493,0.08029699594369583,0.2734285891056061,804.0,34.15431754721593,1.2877384655098896,0.4623742091884818,0.7567880035011729,0.17513960746745977,0.14124761658963364,0.7712636722831954,-1.3494460388448601,764.0,562.5
24,0,0,-0.013441778040973879,-0.003990272778886278,-0.013336505124332931,0.01935112510124636,0.14791935682296753,792.5,45.36371528357933,1.1866226719935473,0.30667848630745254,0.1445462141507281,0.22493167190593527,-0.11080913491535038,0.858336505124333,1.975632331508522,526.5,543.25
24,3,0,0.0016203762461464988,-0.0019136627184734578,0.0035973745318649275,0.004385068722569972,0.10479136556386948,787.5,43.47572395151334,1.2107048567953387,0.26970521986587725,0.16856850001161083,0.20986951761715028,-0.11288574497198371,0.8396391486562118,1.9638240876692101,526.75,544.5
24,6,0,0.0016203762443531278,-0.0019136627144014234,0.0035976989300741113,0.004385334850294852,0.10479136556386948,787.5,43.47572395151334,1.2107048567953387,0.22085823014577421,0.17015645073466845,0.20986951761715028,-0.11288574497198371,0.8396391486562118,1.9638240876692101,526.75,544.5
24,9,0,0.0016203762425507917,-0.0019136627103091136,0.003597698960836393,0.0043853348730802655,0.10479136556386948,787.5,43.47572395151334,1.2107048567953387,0.15894550160454488,0.14474470652001692,0.20986951761715028,-0.11288574497198371,0.8396391486562118,1.9638240876692101,526.75,544.5
24,12,0,0.0016203762407395461,-0.001913662706196459,0.003597698965097873,0.00438533487411243,0.10479136556386948,787.5,43.47572395151334,1.2107048567953387,0.10425904299239545,0.12100571810611871,0.20986951761715028,-0.11288574497198371,0.8396391486562118,1.9638240876692101,526.75,544.5
24,15,0,0.00162037623891928,-0.0019136627020633484,0.0035976989693772277,0.004385334875146999,0.10479136556386948,787.5,43.47572395151334,1.2107048567953387,0.05265636259345164,0.06939752831179569,0.20986951761715028,-0.11288574497198371,0.8396391486562118,1.9638240876692101,526.75,544.5
25,0,0,0.017187197726705454,0.004335266083387801,0.014028238857842656,0.022604994650813975,0.08371860533952713,586.5,47.93563053832196,1.3767774144132174,0.23503058306437724,0.16379810101252756,0.011511969450825063,-0.2716515387057657,0.8309717611421574,1.5954838930887016,402.75,422.5
25,3,0,0.005639187247800933,0.0017721884946391153,0.004163877407134642,0.007230419070699721,0.10141964256763458,567.0,50.54030728741728,1.362574419025993,0.151877639475363,0.14136429178537246,0.02305997992948234,-0.2690884611128946,0.8390726457809421,1.6214744670215195,402.5,424.0
25,6,0,0.005639187247534556,0.0017721884990805625,0.004164201805343826,0.007230605891946992,0.10141964256763458,567.0,50.54030728741728,1.362574419025993,0.10034355798736683,0.12078187269413632,0.02305997992948234,-0.2690884611128946,0.8390726457809421,1.6214744670215195,402.5,424.0
25,9,0,0.005639187247266853,0.0017721885035442142,0.004164201836106107,0.007230605910548636,0.10141964256763458,567.0,50.54030728741728,1.362574419025993,0.05457222230125818,0.07612173747318707,0.02305997992948234,-0.2690884611128946,0.8390726457809421,1.6214744670215195,402.5,424.0
26,0,0,-0.006906019360438914,-0.0027965334376146844,-0.006129647236175262,0.009648123025459674,0.10761117935180664,732.0,45.49804913712987,1.2327888741545332,0.25982435430327266,0.17852391971277015,0.16625798597975056,-0.12913075241357924,0.8511296472361753,-1.8022046531325056,513.5,506.5
26,3,0,-0.01485796184041216,-0.004199992882781167,-0.014679998257044469,0.021304959964604134,0.07764873653650284,740.5,45.7917400916875,1.2223160132865156,0.2302674847110874,0.14783979199901465,0.1742099284588116,-0.12772729297244056,0.8579165214451212,-1.7834158825999373,513.75,507.5
26,6,0,-0.014857961841394901,-0.0041999928871207515,-0.014679673858835285,0.021304736443663975,0.07764873653650284,740.5,45.7917400916875,1.2223160132865156,0.17521893868048385,0.14124827910020032,0.1742099284588116,-0.12772729297244056,0.8579165214451212,-1.7834158825999373,513.75,507.5
26,9,0,-0.014857961842382611,-0.0041999928914819296,-0.014679673828073003,0.021304736424016327,0.07764873653650284,740.5,45.7917400916875,1.2223160132865156,0.11756312641974292,0.12008202923496847,0.1742099284588116,-0.12772729297244056,0.8579165214451212,-1.7834158825999373,513.75,507.5
26,12,0,-0.014857961843375261,-0.004199992895864785,-0.014679673823811523,0.02130473642263633,0.07764873653650284,740.5,45.7917400916875,1.2223160132865156,0.06548988245206644,0.0760889097687405,0.1742099284588116,-0.12772729297244056,0.8579165214451212,-1.7834158825999373,513.75,507.5
26,15,0,-0.014857961844372741,-0.004199992900269428,-0.014679673819532169,0.021304736421251684,0.07764873653650284,740.5,45.7917400916875,1.2223160132865156,0.02427688464069648,0.023317239675372026,0.1742099284588116,-0.12772729297244056,0.8579165214451212,-1.7834158825999373,513.75,507.5
27,0,0,-0.004331393923335314,-0.0027751035286377596,-0.0028460816503829145,0.005878975563345212,0.2608059346675873,814.0,42.3739983486341,1.1996798669263382,0.3043642896558865,0.16223302998857458,0.2155029968569196,-0.0995717970830844,0.847846081650383,-0.4874729189838457,538.75,543.25
27,3,0,-0.0050534641925277235,-0.0027744587952017313,-0.003874613022441742,0.0069460598921336145,0.26084262132644653,814.0,42.37615038544233,1.199760858221582,0.27156302641271013,0.17028485249561898,0.21622506712971495,-0.09957244181853891,0.8471111362105185,-0.48742736061674713,538.75,544.25
27,6,0,-0.00505346418864594,-0.00277445879737645,-0.003874288624232558,0.006945878941366913,0.26084262132644653,814.0,42.37615038544233,1.199760858221582,0.22398854878115018,0.17630452085798753,0.21622506712971495,-0.09957244181853891,0.8471111362105185,-0.48742736061674713,538.75,544.25
27,9,0,-0.0050534641847447825,-0.0027744587995620212,-0.0038742885934702764,0.006945878922242978,0.26084262132644653,814.0,42.37615038544233,1.199760858221582,0.16035607881238684,0.15533568543701037,0.21622506712971495,-0.09957244181853891,0.8471111362105185,-0.48742736061674713,538.75,544.25
27,12,0,-0.005053464180824335,-0.002774458801758431,-0.0038742885892087964,0.006945878917891017,0.26084262132644653,814.0,42.37615038544233,1.199760858221582,0.10750107035262979,0.13154199416785906,0.21622506712971495,-0.09957244181853891,0.8471111362105185,-0.48742736061674713,538.75,544.25
27,15,0,-0.0050534641768844035,-0.0027744588039657903,-0.0038742885849293307,0.006945878913519222,0.26084262132644653,814.0,42.37615038544233,1.199760858221582,0.05807429886583759,0.08071017223331478,0.21622506712971495,-0.09957244181853891,0.8471111362105185,-0.48742736061674713,538.75,544.25
27,18,0,-0.006125032137383718,-0.002890010530898615,-0.004684007591425399,0.00823456778885322,0.3691674768924713,791.0,44.18191213378539,1.1984419109271354,0.013184886544149963,0.01502096242765516,0.2172966350941738,-0.09945689009382438,0.847920855221314,-0.48626345567123214,538.75,544.5
28,0,0,0.004329745915921224,0.0023845315690689817,0.006063139887082847,0.007822682135345786,0.07656749337911606,787.5,43.986763827290424,1.2503643502925048,0.35139670979984505,0.2025592829137408,0.19660429853804334,-0.2965304545808716,0.8389368601129172,-1.716804928133906,352.25,535.5
28,3,0,-0.008027486564872566,-0.0018384609049566514,-0.007352973136968477,0.011040230658878629,0.16941192746162415,787.5,45.563086123963686,1.2329333988239288,0.27075012281921346,0.1835431448190833,0.20896153101827458,-0.29230746211093733,0.8505894963250452,-1.6741963977786143,352.25,536.75
28,6,0,-0.00802748656547883,-0.0018384609093645699,-0.007352648738759293,0.011040014608223276,0.16941192746162415,787.5,45.563086123963686,1.2329333988239288,0.21350607582380024,0.19075567280240013,0.20896153101827458,-0.29230746211093733,0.8505894963250452,-1.6741963977786143,352.25,536.75
28,9,0,-0.008027486566087899,-0.0018384609137945263,-0.0073526487079970115,0.011040014588916177,0.16941192746162415,787.5,45.563086123963686,1.2329333988239288,0.1617256757419535,0.1625330000509032,0.20896153101827458,-0.29230746211093733,0.8505894963250452,-1.6741963977786143,352.25,536.75
28,12,0,-0.00802748656670016,-0.0018384609182465206,-0.0073526487037355315,0.011040014587264599,0.16941192746162415,787.5,45.563086123963686,1.2329333988239288,0.10577251065410895,0.11643537753436628,0.20896153101827458,-0.29230746211093733,0.8505894963250452,-1.6741963977786143,352.25,536.75
28,15,0,0.007091933690879987,0.004000315773266372,0.009281949698060843,0.012347171334318405,0.289931058883667,774.5,44.4244037201378,1.2561529967044003,0.05268083935517787,0.08504550175270653,0.19384211076007923,-0.29814623880692426,0.8339548979275282,-1.6678207238246396,352.0,536.75
29,0,0,0.005784237602028917,-0.002192679542395354,0.004575608270193432,0.0076942471532065355,0.0916513055562973,614.0,47.401105501505064,1.3160159187747469,0.19094122172013558,0.18602187712835994,0.05322824951723144,-0.0905172016593715,0.8404243917298067,-2.7883336644262084,556.0,441.0
29,3,0,-0.017373134810330287,-0.004387927115350354,-0.016888647734099704,0.02462328450459134,0.16460655629634857,607.0,50.19692413097431,1.2855899417721712,0.17544433149270944,0.1289470312155525,0.07638562192568106,-0.08832195408774701,0.8601251709221764,-2.8254665864979653,556.0,442.25
29,6,0,-0.017373134814542494,-0.004387927116783943,-0.01688832333589052,0.02462306201031993,0.16460655629634857,607.0,50.19692413097431,1.2855899417721712,0.11447096294708574,0.1101535262254405,0.07638562192568106,-0.08832195408774701,0.8601251709221764,-2.8254665864979653,556.0,442.25
29,9,0,-0.017373134818775657,-0.004387927118224638,-0.01688832330512824,0.024623061992464376,0.16460655629634857,607.0,50.19692413097431,1.2855899417721712,0.059964500421372836,0.06635452464082281,0.07638562192568106,-0.08832195408774701,0.8601251709221764,-2.8254665864979653,556.0,442.25
29,12,0,-0.017373134823029872,-0.004387927119672508,-0.01688832330086676,0.024623061992801173,0.16460655629634857,607.0,50.19692413097431,1.2855899417721712,0.02486244251920174,0.015888225353381635,0.07638562192568106,-0.08832195408774701,0.8601251709221764,-2.8254665864979653,556.0,442.25
29,135,5,0.037473896508493726,-0.015501324776543729,0.012308314007414722,0.042380167331693114,0.22209547460079193,560.0,71.89355855455314,0.9825548586332198,0.06170700217217341,0.0936242795747102,0.1621276338438737,0.16912349391610018,1.265457749972934,-2.767912300307731,843.5,148.0
29,138,6,-0.0006572039264869101,-0.008086014020285331,-0.005994220247904858,0.010086932939086754,0.47614723443984985,626.5,61.30059305941037,1.1010883348065619,0.26065288372158046,0.35269787081133064,0.1997324082188197,0.1596039591162392,1.0107477569690715,-2.788578257464985,804.75,414.75
30,0,0,0.0007856819033357984,-0.0021194450251466324,-0.0004361785467150714,0.002302084922947597,0.22630007565021515,567.0,50.14776700583981,1.337453786132942,0.17297623438668588,0.16292828019451455,0.023678541000106086,-0.13169408360093365,0.8454361785467152,0.7432408658201285,521.25,420.25
30,3,0,-0.022107887460104822,-0.00544389437097384,-0.02128603746337221,0.031168735373175886,0.11188048124313354,580.5,51.145809157864385,1.3075067110054808,0.13545380098361579,0.11158149902431969,0.046572110366460535,-0.12836963425217976,0.864522560651449,0.7481376338027602,521.5,421.25
30,6,0,-0.022107887456965476,-0.005443894367820695,-0.021285713065163026,0.031168513830311086,0.11188048124313354,580.5,51.145809157864385,1.3075067110054808,0.0990154190830298,0.09231502050965712,0.046572110366460535,-0.12836963425217976,0.864522560651449,0.7481376338027602,521.5,421.25
30,9,0,-0.022107887453810485,-0.005443894364651841,-0.021285713034400744,0.03116851380651148,0.11188048124313354,580.5,51.145809157864385,1.3075067110054808,0.050091224709188885,0.052124863710395375,0.046572110366460535,-0.12836963425217976,0.864522560651449,0.7481376338027602,521.5,421.25
30,12,0,-0.02210788745063981,-0.005443894361467305,-0.021285713030139264,0.03116851380079604,0.11188048124313354,580.5,51.145809157864385,1.3075067110054808,0.01845898380547029,0.007935390123582908,0.046572110366460535,-0.12836963425217976,0.864522560651449,0.7481376338027602,521.5,421.25
30,63,0,-0.023032889333891943,-0.003421551576996293,-0.02569294190789162,0.03467489394567275,0.14977504312992096,805.0,48.038689555554896,1.1465921410541728,0.2955752910295886,0.21506452024401934,0.26928867483748836,0.07797295008667039,0.8698552867504006,1.5208239986819136,714.5,569.0
30,66,0,0.010168346045528603,-0.0065299408421728294,0.013927011048105897,0.01843900825527115,0.055063460022211075,838.0,40.8580405991492,1.1983744768853275,0.29560356885408196,0.20535621687718486,0.23716335039930364,0.0810171555157349,0.8293383610748702,1.5101397055261556,714.25,571.0
30,69,0,0.010168257540543707,-0.006530041691615696,0.013929927788301932,0.018441198282442752,0.055063460022211075,838.0,40.8580405991492,1.1983744768853275,0.30175932358773366,0.18904753795729745,0.23716335039930364,0.0810171555157349,0.8293383610748702,1.5101397055261556,714.25,571.0
30,72,0,0.010168170249181901,-0.006530140641421753,0.013930089260454803,0.01844130716129782,0.055063460022211075,838.0,40.8580405991492,1.1983744768853275,0.2927113968863335,0.20422454173818816,0.23716335039930364,0.0810171555157349,0.8293383610748702,1.5101397055261556,714.25,571.0
30,75,0,0.010168082460118633,-0.006530240057403422,0.013930251341167543,0.018441416392218593,0.055063460022211075,838.0,40.8580405991492,1.1983744768853275,0.24956032357609426,0.20420024605135623,0.23716335039930364,0.0810171555157349,0.8293383610748702,1.5101397055261556,714.25,571.0
30,78,0,0.010167994170362848,-0.006530339941951693,0.013930414260371227,0.01844152614811303,0.055063460022211075,838.0,40.8580405991492,1.1983744768853275,0.2052964312007665,0.20359532399344216,0.23716335039930364,0.0810171555157349,0.8293383610748702,1.5101397055261556,714.25,571.0
30,81,0,0.010167905377050063,-0.006530440297273732,0.013930578022459228,0.018441636431529723,0.055063460022211075,838.0,40.8580405991492,1.1983744768853275,0.16187281061717446,0.17279570146017253,0.23716335039930364,0.0810171555157349,0.8293383610748702,1.5101397055261556,714.25,571.0
30,84,0,0.010167816077299496,-0.0065305411255869306,0.01393074263182914,0.018441747245015433,0.055063460022211075,838.0,40.8580405991492,1.1983744768853275,0.1327348241210752,0.1414280709546587,0.23716335039930364,0.0810171555157349,0.8293383610748702,1.5101397055261556,714.25,571.0
30,87,0,0.0101677262682138,-0.006530642429119257,0.013930908092901984,0.01844185859112957,0.055063460022211075,838.0,40.8580405991492,1.1983744768853275,0.12852890570255213,0.0996973768761642,0.23716335039930364,0.0810171555157349,0.8293383610748702,1.5101397055261556,714.25,571.0
30,90,0,0.010167635946878972,-0.0065307442101091295,0.013931074410121869,0.018441970472443874,0.055063460022211075,838.0,40.8580405991492,1.1983744768853275,0.1302242183896879,0.12158296901025822,0.23716335039930364,0.0810171555157349,0.8293383610748702,1.5101397055261556,714.25,571.0
30,93,0,0.010167545110364523,-0.006530846470805582,0.013931241587956555,0.01844208289154296,0.055063460022211075,838.0,40.8580405991492,1.1983744768853275,0.14309752742581325,0.11756329217368788,0.23716335039930364,0.0810171555157349,0.8293383610748702,1.5101397055261556,714.25,571.0
30,96,0,0.010167453755722783,-0.006530949213468182,0.013931409630896896,0.01844219585102351,0.055063460022211075,838.0,40.8580405991492,1.1983744768853275,0.15268871699127035,0.13505494905026283,0.23716335039930364,0.0810171555157349,0.8293383610748702,1.5101397055261556,714.25,571.0
30,99,0,0.010167361879989179,-0.0065310524403672104,0.013931578543457723,0.018442309353495164,0.055063460022211075,838.0,40.8580405991492,1.1983744768853275,0.15534784960487202,0.1280386024846275,0.23716335039930364,0.0810171555157349,0.8293383610748702,1.5101397055261556,714.25,571.0
30,102,0,0.010167269480182456,-0.006531156153783635,0.013931748330177518,0.018442423401580376,0.055063460022211075,838.0,40.8580405991492,1.1983744768853275,0.15862981638755075,0.13342599291787793,0.23716335039930364,0.0810171555157349,0.8293383610748702,1.5101397055261556,714.25,571.0
30,105,0,0.010167176553303986,-0.0065312603560090665,0.013931918995618076,0.018442537997913785,0.055063460022211075,838.0,40.8580405991492,1.1983744768853275,0.1524758102476204,0.1327708515578231,0.23716335039930364,0.0810171555157349,0.8293383610748702,1.5101397055261556,714.25,571.0
30,108,0,0.010167083096338042,-0.006531365049345983,0.013932090544366171,0.018442653145143685,0.055063460022211075,838.0,40.8580405991492,1.1983744768853275,0.15732963975026124,0.12114714677174387,0.23716335039930364,0.0810171555157349,0.8293383610748702,1.5101397055261556,714.25,571.0
30,111,0,0.01016698910625119,-0.006531470236107922,0.013932262981032006,0.018442768845930615,0.055063460022211075,838.0,40.8580405991492,1.1983744768853275,0.15195380095100733,0.14046201937001068,0.23716335039930364,0.0810171555157349,0.8293383610748702,1.5101397055261556,714.25,571.0
30,114,0,0.010166894579993285,-0.006531575918619081,0.013932436310250318,0.01844288510294859,0.055063460022211075,838.0,40.8580405991492,1.1983744768853275,0.15414216933453556,0.11748716167890472,0.23716335039930364,0.0810171555157349,0.8293383610748702,1.5101397055261556,714.25,571.0
30,117,0,0.010166799514495922,-0.006531682099214675,0.013932610536679935,0.01844300191888405,0.055063460022211075,838.0,40.8580405991492,1.1983744768853275,0.15314508963715973,0.1323922368641821,0.23716335039930364,0.0810171555157349,0.8293383610748702,1.5101397055261556,714.25,571.0
30,120,0,0.010166703906673541,-0.006531788780240869,0.013932785665004555,0.018443119296437032,0.055063460022211075,838.0,40.8580405991492,1.1983744768853275,0.1514254732578229,0.13276622993531095,0.23716335039930364,0.0810171555157349,0.8293383610748702,1.5101397055261556,714.25,571.0
30,123,0,0.010166607753422818,-0.006531895964055068,0.013932961699932078,0.018443237238320448,0.055063460022211075,838.0,40.8580405991492,1.1983744768853275,0.15858765907044592,0.11897973830853203,0.23716335039930364,0.0810171555157349,0.8293383610748702,1.5101397055261556,714.25,571.0
30,126,0,0.010166511051622334,-0.00653200365302567,0.013933138646195609,0.018443355747260567,0.055063460022211075,838.0,40.8580405991492,1.1983744768853275,0.1531241046434235,0.14038828135105474,0.23716335039930364,0.0810171555157349,0.8293383610748702,1.5101397055261556,714.25,571.0
30,129,0,0.0101664137981331,-0.006532111849532202,0.013933316508553006,0.018443474825997022,0.055063460022211075,838.0,40.8580405991492,1.1983744768853275,0.15635652090139399,0.12465433500108503,0.23716335039930364,0.0810171555157349,0.8293383610748702,1.5101397055261556,714.25,571.0
30,132,0,0.010166315989797808,-0.006532220555965626,0.01393349529178689,0.01844359447728251,0.055063460022211075,838.0,40.8580405991492,1.1983744768853275,0.15653746069278796,0.14200584169801023,0.23716335039930364,0.0810171555157349,0.8293383610748702,1.5101397055261556,714.25,571.0
30,135,0,0.010166217623441137,-0.006532329774727896,0.013933675000705525,0.018443714703883486,0.055063460022211075,838.0,40.8580405991492,1.1983744768853275,0.15619985664149652,0.13820865922169234,0.23716335039930364,0.0810171555157349,0.8293383610748702,1.5101397055261556,714.25,571.0
30,138,0,0.010166118695869641,-0.006532439508232402,0.013933855640142045,0.018443835508579667,0.055063460022211075,838.0,40.8580405991492,1.1983744768853275,0.15462112523213103,0.13373583327154326,0.23716335039930364,0.0810171555157349,0.8293383610748702,1.5101397055261556,714.25,571.0
30,141,0,0.010166019203871252,-0.006532549758903938,0.01393403721495512,0.018443956894164257,0.055063460022211075,838.0,40.8580405991492,1.1983744768853275,0.15824739184745992,0.12624416961551077,0.23716335039930364,0.0810171555157349,0.8293383610748702,1.5101397055261556,714.25,571.0
30,144,0,0.010165919144215552,-0.006532660529178794,0.013934219730029285,0.018444078863444395,0.055063460022211075,838.0,40.8580405991492,1.1983744768853275,0.15537483086672463,0.14231623813184513,0.23716335039930364,0.0810171555157349,0.8293383610748702,1.5101397055261556,714.25,571.0
30,147,0,0.010165818513653724,-0.006532771821504704,0.01393440319027428,0.018444201419240594,0.055063460022211075,838.0,40.8580405991492,1.1983744768853275,0.1566762833917079,0.1196910281673279,0.23716335039930364,0.0810171555157349,0.8293383610748702,1.5101397055261556,714.25,571.0
30,150,0,0.010165717308918076,-0.0065328836383408,0.013934587600625825,0.018444324564387077,0.055063460022211075,838.0,40.8580405991492,1.1983744768853275,0.15685408240480972,0.14841314143574835,0.23716335039930364,0.0810171555157349,0.8293383610748702,1.5101397055261556,714.25,571.0
30,153,0,0.010165615526722432,-0.006532995982158049,0.013934772966045839,0.018444448301732294,0.055063460022211075,838.0,40.8580405991492,1.1983744768853275,0.150843710168155,0.13116991485289942,0.23716335039930364,0.0810171555157349,0.8293383610748702,1.5101397055261556,714.25,571.0
30,156,0,0.010165513163761297,-0.006533108855438938,0.013934959291522553,0.018444572634138467,0.055063460022211075,838.0,40.8580405991492,1.1983744768853275,0.15584286477034753,0.1319783699133963,0.23716335039930364,0.0810171555157349,0.8293383610748702,1.5101397055261556,714.25,571.0
30,159,0,0.01016541021671058,-0.006533222260677693,0.013935146582069624,0.01844469756448137,0.055063460022211075,838.0,40.8580405991492,1.1983744768853275,0.15249880751662312,0.13716850698334804,0.23716335039930364,0.0810171555157349,0.8293383610748702,1.5101397055261556,714.25,571.0
30,162,0,0.010165306682226871,-0.00653333620038031,0.013935334842727576,0.018444823095651076,0.055063460022211075,838.0,40.8580405991492,1.1983744768853275,0.159292720211403,0.13688912143076715,0.23716335039930364,0.0810171555157349,0.8293383610748702,1.5101397055261556,714.25,571.0
30,165,0,0.010165202556947417,-0.006533450677064595,0.013935524078563799,0.018444949230551913,0.055063460022211075,838.0,40.8580405991492,1.1983744768853275,0.15495104137143728,0.14210904327546436,0.23716335039930364,0.0810171555157349,0.8293383610748702,1.5101397055261556,714.25,571.0
30,168,0,0.010165097837490755,-0.006533565693260218,0.013935714294671664,0.01844507597210221,0.055063460022211075,838.0,40.8580405991492,1.1983744768853275,0.15612500498059165,0.12714054725998147,0.23716335039930364,0.0810171555157349,0.8293383610748702,1.5101397055261556,714.25,571.0
30,171,0,0.010164992520455385,-0.0065336812515087855,0.013935905496171852,0.018445203323234585,0.055063460022211075,838.0,40.8580405991492,1.1983744768853275,0.15643720510608353,0.1299790369430266,0.23716335039930364,0.0810171555157349,0.8293383610748702,1.5101397055261556,714.25,571.0
30,174,0,0.010164886602420403,-0.006533797354363879,0.01393609768821158,0.018445331286895725,0.055063460022211075,838.0,40.8580405991492,1.1983744768853275,0.15270382440465025,0.12846098358902414,0.23716335039930364,0.0810171555157349,0.8293383610748702,1.5101397055261556,714.25,571.0
30,177,0,0.010164780079945396,-0.0065339140043911975,0.013936290875965707,0.01844545986604723,0.055063460022211075,838.0,40.8580405991492,1.1983744768853275,0.15551737628841442,0.1319444517143965,0.23716335039930364,0.0810171555157349,0.8293383610748702,1.5101397055261556,714.25,571.0
30,180,0,0.01016467294957002,-0.006534031204168497,0.01393648506463574,0.0184455890636646,0.055063460022211075,838.0,40.8580405991492,1.1983744768853275,0.1530467657305044,0.13422768868895707,0.23716335039930364,0.0810171555157349,0.8293383610748702,1.5101397055261556,714.25,571.0
30,183,0,0.010164565207814114,-0.006534148956285624,0.01393668025945105,0.018445718882738247,0.055063460022211075,838.0,40.8580405991492,1.1983744768853275,0.15707945835088155,0.13774500051826044,0.23716335039930364,0.0810171555157349,0.8293383610748702,1.5101397055261556,714.25,571.0
30,186,0,0.010164456851177422,-0.006534267263344773,0.013936876465668324,0.01844584932627301,0.055063460022211075,838.0,40.8580405991492,1.1983744768853275,0.15510576085255223,0.13868686575365052,0.23716335039930364,0.0810171555157349,0.8293383610748702,1.5101397055261556,714.25,571.0
30,189,0,0.010164347876139707,-0.006534386127960298,0.013937073688571777,0.018445980397288335,0.055063460022211075,838.0,40.8580405991492,1.1983744768853275,0.15575809205902916,0.12237910400544483,0.23716335039930364,0.0810171555157349,0.8293383610748702,1.5101397055261556,714.25,571.0
30,192,0,0.010164238279160409,-0.006534505552759001,0.013937271933473494,0.018446112098818437,0.055063460022211075,838.0,40.8580405991492,1.1983744768853275,0.15594231665025515,0.1358649659032859,0.23716335039930364,0.0810171555157349,0.8293383610748702,1.5101397055261556,714.25,571.0
30,195,0,0.010164128056678545,-0.006534625540379896,0.013937471205713647,0.018446244433912348,0.055063460022211075,838.0,40.8580405991492,1.1983744768853275,0.15061023957290143,0.13359109806260905,0.23716335039930364,0.0810171555157349,0.8293383610748702,1.5101397055261556,714.25,571.0
30,198,0,0.01016401720511309,-0.00653474609347468,0.013937671510660499,0.01844637740563428,0.055063460022211075,838.0,40.8580405991492,1.1983744768853275,0.15729916039100317,0.1194838127164567,0.23716335039930364,0.0810171555157349,0.8293383610748702,1.5101397055261556,714.25,571.0
30,201,0,0.010163905720861899,-0.006534867214707418,0.013937872853710731,0.01844651101706319,0.055063460022211075,838.0,40.8580405991492,1.1983744768853275,0.15443246978643443,0.14172336944067887,0.23716335039930364,0.0810171555157349,0.8293383610748702,1.5101397055261556,714.25,571.0
30,204,0,0.010163793600302229,-0.0065349889067547184,0.013938075240288894,0.018446645271292722,0.055063460022211075,838.0,40.8580405991492,1.1983744768853275,0.15714262220454459,0.12691253125299296,0.23716335039930364,0.0810171555157349,0.8293383610748702,1.5101397055261556,714.25,571.0
30,207,0,0.010163680839790828,-0.0065351111723059435,0.013938278675848514,0.018446780171432156,0.055063460022211075,838.0,40.8580405991492,1.1983744768853275,0.15438605514291562,0.14167367779249374,0.23716335039930364,0.0810171555157349,0.8293383610748702,1.5101397055261556,714.25,571.0
30,210,0,0.010163567435663212,-0.006535234014063057,0.013938483165871873,0.018446915720605816,0.055063460022211075,838.0,40.8580405991492,1.1983744768853275,0.15253423629988855,0.12757039629699896,0.23716335039930364,0.0810171555157349,0.8293383610748702,1.5101397055261556,714.25,571.0
30,213,0,0.010163453384233911,-0.006535357434740902,0.013938688715869563,0.01844705192195296,0.055063460022211075,838.0,40.8580405991492,1.1983744768853275,0.1567923850583686,0.12367110918025803,0.23716335039930364,0.0810171555157349,0.8293383610748702,1.5101397055261556,714.25,571.0
30,216,0,0.010163338681796086,-0.006535481437066851,0.013938895331382373,0.01844718877862888,0.055063460022211075,838.0,40.8580405991492,1.1983744768853275,0.15077269088470113,0.13946360060695617,0.23716335039930364,0.0810171555157349,0.8293383610748702,1.5101397055261556,714.25,571.0
30,219,0,0.010163223324621995,-0.006535606023781365,0.01393910301797896,0.01844732629380361,0.055063460022211075,838.0,40.8580405991492,1.1983744768853275,0.15669130750487623,0.11850963891598887,0.23716335039930364,0.0810171555157349,0.8293383610748702,1.5101397055261556,714.25,571.0
30,222,0,0.010163107308962027,-0.0065357311976378535,0.013939311781257846,0.018447464470662842,0.055063460022211075,838.0,40.8580405991492,1.1983744768853275,0.15472572172748666,0.1339792263842633,0.23716335039930364,0.0810171555157349,0.8293383610748702,1.5101397055261556,714.25,571.0
30,225,0,0.010162990631045393,-0.006535856961402631,0.013939521626847085,0.01844760331240807,0.055063460022211075,838.0,40.8580405991492,1.1983744768853275,0.15303761948182149,0.1339234931429314,0.23716335039930364,0.0810171555157349,0.8293383610748702,1.5101397055261556,714.25,571.0
30,228,0,0.010162873287079321,-0.006535983317855154,0.013939732560404261,0.018447742822256225,0.055063460022211075,838.0,40.8580405991492,1.1983744768853275,0.15974966389226733,0.12021949196746307,0.23716335039930364,0.0810171555157349,0.8293383610748702,1.5101397055261556,714.25,571.0
30,231,0,0.010162755273249391,-0.0065361102697878565,0.013939944587616937,0.018447883003440132,0.055063460022211075,838.0,40.8580405991492,1.1983744768853275,0.1529326525624959,0.1409984615727995,0.23716335039930364,0.0810171555157349,0.8293383610748702,1.5101397055261556,714.25,571.0
30,234,0,0.010162636585719281,-0.0065362378200064936,0.013940157714202428,0.018448023859208355,0.055063460022211075,838.0,40.8580405991492,1.1983744768853275,0.1543851303763948,0.12673547319253298,0.23716335039930364,0.0810171555157349,0.8293383610748702,1.5101397055261556,714.25,571.0
30,237,0,0.010162517220630385,-0.006536365971329866,0.013940371945908026,0.018448165392825046,0.055063460022211075,838.0,40.8580405991492,1.1983744768853275,0.1567149757361325,0.13781579559292467,0.23716335039930364,0.0810171555157349,0.8293383610748702,1.5101397055261556,714.25,571.0
30,240,0,0.010162397174101861,-0.006536494726590417,0.013940587288511663,0.018448307607570696,0.055063460022211075,838.0,40.8580405991492,1.1983744768853275,0.15470333553895071,0.13379096034089144,0.23716335039930364,0.0810171555157349,0.8293383610748702,1.5101397055261556,714.25,571.0
30,243,0,0.01016227644223125,-0.0065366240886335775,0.01394080374782114,0.018448450506741668,0.055063460022211075,838.0,40.8580405991492,1.1983744768853275,0.16014599581097974,0.12697486500636357,0.23716335039930364,0.0810171555157349,0.8293383610748702,1.5101397055261556,714.25,571.0
30,246,0,0.010162155021092856,-0.006536754060318478,0.013941021329675563,0.018448594093650655,0.055063460022211075,838.0,40.8580405991492,1.1983744768853275,0.15411291110096406,0.13938179263662853,0.23716335039930364,0.0810171555157349,0.8293383610748702,1.5101397055261556,714.25,571.0
30,249,0,0.010162032906738644,-0.0065368846445177375,0.013941240039944458,0.018448738371626427,0.055063460022211075,838.0,40.8580405991492,1.1983744768853275,0.15708423353516066,0.12314235424638986,0.23716335039930364,0.0810171555157349,0.8293383610748702,1.5101397055261556,714.25,571.0
30,252,0,0.01016191009519804,-0.006537015844117353,0.013941459884527663,0.018448883344013622,0.055063460022211075,838.0,40.8580405991492,1.1983744768853275,0.1577294244546324,0.14247210774554941,0.23716335039930364,0.0810171555157349,0.8293383610748702,1.5101397055261556,714.25,571.0
30,255,0,0.010161786582477406,-0.006537147662017073,0.01394168086935721,0.018449029014173994,0.055063460022211075,838.0,40.8580405991492,1.1983744768853275,0.15485636045353457,0.12537722431614273,0.23716335039930364,0.0810171555157349,0.8293383610748702,1.5101397055261556,714.25,571.0
30,258,0,0.010161662364560287,-0.006537280101130291,0.01394190300039555,0.018449175385485215,0.055063460022211075,838.0,40.8580405991492,1.1983744768853275,0.1568878650541707,0.1456822771240025,0.23716335039930364,0.0810171555157349,0.8293383610748702,1.5101397055261556,714.25,571.0
30,261,0,0.010161537437407137,-0.006537413164384165,0.01394212628363678,0.018449322461341656,0.055063460022211075,838.0,40.8580405991492,1.1983744768853275,0.15304380254101202,0.13213290284704682,0.23716335039930364,0.0810171555157349,0.8293383610748702,1.5101397055261556,714.25,571.0
30,264,0,0.010161411796955011,-0.006537546854719661,0.013942350725106745,0.018449470245154358,0.055063460022211075,838.0,40.8580405991492,1.1983744768853275,0.15775573361018028,0.1231445958380244,0.23716335039930364,0.0810171555157349,0.8293383610748702,1.5101397055261556,714.25,571.0
30,267,0,0.010161285439117651,-0.0065376811750917085,0.013942576330862377,0.01844961874035062,0.055063460022211075,838.0,40.8580405991492,1.1983744768853275,0.15273827584109834,0.1348199679549278,0.23716335039930364,0.0810171555157349,0.8293383610748702,1.5101397055261556,714.25,571.0
30,270,0,0.010161158359785483,-0.006537816128469182,0.013942803106993584,0.018449767950375423,0.055063460022211075,838.0,40.8580405991492,1.1983744768853275,0.15520085493578015,0.1252590833029289,0.23716335039930364,0.0810171555157349,0.8293383610748702,1.5101397055261556,714.25,571.0
30,273,0,0.010161030554825062,-0.006537951717834889,0.013943031059621247,0.018449917878689635,0.055063460022211075,838.0,40.8580405991492,1.1983744768853275,0.16119427184314317,0.15002911297157295,0.23716335039930364,0.0810171555157349,0.8293383610748702,1.5101397055261556,714.25,571.0
30,276,0,0.010160902020079188,-0.006538087946185697,0.013943260194899332,0.018450068528771707,0.055063460022211075,838.0,40.8580405991492,1.1983744768853275,0.1575598699518746,0.14000399467589586,0.23716335039930364,0.0810171555157349,0.8293383610748702,1.5101397055261556,714.25,571.0
30,279,0,0.010160772751366731,-0.00653822481653267,0.013943490519014001,0.018450219904116962,0.055063460022211075,838.0,40.8580405991492,1.1983744768853275,0.15113938986658704,0.13464020239636876,0.23716335039930364,0.0810171555157349,0.8293383610748702,1.5101397055261556,714.25,571.0
30,282,0,0.010160642744482806,-0.006538362331901165,0.013943722038183504,0.01845037200823765,0.055063460022211075,838.0,40.8580405991492,1.1983744768853275,0.15539397801172908,0.11893714192128924,0.23716335039930364,0.0810171555157349,0.8293383610748702,1.5101397055261556,714.25,571.0
30,285,0,0.01016051199519788,-0.006538500495330737,0.01394395475865906,0.018450524844663117,0.055063460022211075,838.0,40.8580405991492,1.1983744768853275,0.15787616963547224,0.1429836631783219,0.23716335039930364,0.0810171555157349,0.8293383610748702,1.5101397055261556,714.25,571.0
30,288,0,0.010160380499258326,-0.006538639309875333,0.013944188686725534,0.018450678416940668,0.055063460022211075,838.0,40.8580405991492,1.1983744768853275,0.15719746157302095,0.1437372483962478,0.23716335039930364,0.0810171555157349,0.8293383610748702,1.5101397055261556,714.25,571.0
30,291,0,0.010160248252386123,-0.00653877877860333,0.013944423828700092,0.01845083272863443,0.055063460022211075,838.0,40.8580405991492,1.1983744768853275,0.15510976151382577,0.1277678851394286,0.23716335039930364,0.0810171555157349,0.8293383610748702,1.5101397055261556,714.25,571.0
30,294,0,0.010160115250278351,-0.006538918904597457,0.013944660190933211,0.01845098778332581,0.055063460022211075,838.0,40.8580405991492,1.1983744768853275,0.15560926644997544,0.1288463490334727,0.23716335039930364,0.0810171555157349,0.8293383610748702,1.5101397055261556,714.25,571.0
30,297,0,0.010159981488607556,-0.006539059690955251,0.013944897779809451,0.01845114358461444,0.055063460022211075,838.0,40.8580405991492,1.1983744768853275,0.15208692029036425,0.12620705193695259,0.23716335039930364,0.0810171555157349,0.8293383610748702,1.5101397055261556,714.25,571.0
30,300,0,0.010159846963021302,-0.006539201140788695,0.013945136601746122,0.018451300136116823,0.055063460022211075,838.0,40.8580405991492,1.1983744768853275,0.15516711830077123,0.1330791084047399,0.23716335039930364,0.0810171555157349,0.8293383610748702,1.5101397055261556,714.25,571.0
30,303,0,0.010159711669142174,-0.00653934325722462,0.013945376663195064,0.01845145744146782,0.055063460022211075,838.0,40.8580405991492,1.1983744768853275,0.1520231715462243,0.13294783842796132,0.23716335039930364,0.0810171555157349,0.8293383610748702,1.5101397055261556,714.25,571.0
30,306,0,0.010159575602567639,-0.006539486043404416,0.013945617970641977,0.018451615504319972,0.055063460022211075,838.0,40.8580405991492,1.1983744768853275,0.15712868883824363,0.13296831639663143,0.23716335039930364,0.0810171555157349,0.8293383610748702,1.5101397055261556,714.25,571.0
31,0,0,0.004686018909750483,0.00031888760038267794,0.006398677885895987,0.0079374770054263,0.08747522532939911,734.0,45.719540848206194,1.2433081444731977,0.2977256144323115,0.17916798269565282,0.17770572281523384,-0.1974834518900513,0.8386013221141041,1.036666759848409,449.0,522.5
31,3,0,0.003951584290797172,0.0003220092590963952,0.005398828142037071,0.006698212722620136,0.0875459536910057,734.0,45.71957970558979,1.243383123668093,0.24945785309104557,0.1685166702624873,0.17844015743645686,-0.19748657354531482,0.8378376950460397,1.0367593865725342,449.0,523.5
31,6,0,0.003951584293242605,0.00032200926281358844,0.005399152540246255,0.006698474195276637,0.0875459536910057,734.0,45.71957970558979,1.243383123668093,0.19782160642948673,0.16671700849305793,0.17844015743645686,-0.19748657354531482,0.8378376950460397,1.0367593865725342,449.0,523.5
31,9,0,0.0039515842957001945,0.0003220092665492946,0.005399152571008536,0.006698474221701245,0.0875459536910057,734.0,45.71957970558979,1.243383123668093,0.14073441336646852,0.13216577110498873,0.17844015743645686,-0.19748657354531482,0.8378376950460397,1.0367593865725342,449.0,523.5
31,12,0,0.003951584298170052,0.0003220092703035693,0.0053991525752700165,0.006698474226773617,0.0875459536910057,734.0,45.71957970558979,1.243383123668093,0.08545113357338059,0.10026725851529716,0.17844015743645686,-0.19748657354531482,0.8378376950460397,1.0367593865725342,449.0,523.5
31,15,0,0.003951584300652178,0.0003220092740764957,0.005399152579549482,0.0066984742318686175,0.0875459536910057,734.0,45.71957970558979,1.243383123668093,0.03357007586750906,0.04963002070051281,0.17844015743645686,-0.19748657354531482,0.8378376950460397,1.0367593865725342,449.0,523.5
32,0,0,0.008111904175394757,0.004418721193136077,0.007158570633144179,0.011686454545462925,0.3582981526851654,632.0,48.50629379269167,1.3492938944656554,0.32077528784690745,0.15715709160969626,0.07268035773727917,-0.35866284549216126,0.8378414293668559,0.8932393013781376,316.5,454.5
32,3,0,0.006317454667018649,0.003268356048454324,0.005620786478999107,0.009065628790757034,0.29818084836006165,632.0,48.65545227379425,1.347908416740938,0.21296031150055586,0.1501816860781141,0.07447480724819584,-0.35751248034422367,0.8376157367090776,0.916323433492279,317.25,455.75
32,6,0,0.006317454669755848,0.0032683560519622956,0.005621110877208291,0.009065829927849291,0.29818084836006165,632.0,48.65545227379425,1.347908416740938,0.13022780541214668,0.14717278667438005,0.07447480724819584,-0.35751248034422367,0.8376157367090776,0.916323433492279,317.25,455.75
32,9,0,0.006317454672506662,0.003268356055487698,0.005621110907970572,0.009065829950110751,0.29818084836006165,632.0,48.65545227379425,1.347908416740938,0.08113838025822812,0.11285816981191965,0.07447480724819584,-0.35751248034422367,0.8376157367090776,0.916323433492279,317.25,455.75
32,12,0,0.0063174546752711586,0.003268356059030586,0.005621110912232052,0.009065829955956686,0.29818084836006165,632.0,48.65545227379425,1.347908416740938,0.03739336133366994,0.0549045249121225,0.07447480724819584,-0.35751248034422367,0.8376157367090776,0.916323433492279,317.25,455.75
32,153,6,-0.007906604171060844,-0.004489051730448335,-0.01460205170346951,0.01720133392813693,0.12711331248283386,494.0,67.9915422265686,1.0929651576445223,0.1701065630535437,0.21857757419967871,0.21273144257836812,0.17102905692613973,1.0113998943899793,1.0368524354977284,818.5,423.5
33,0,0,0.006316065034541102,-0.0015148053252436317,0.008006477393212585,0.010309752322047477,0.10373199731111526,758.0,42.54181143506625,1.2383804720922957,0.2779694823991351,0.16830837187220005,0.16820459225274415,-0.09012083858992477,0.8369935226067875,2.913382721816294,551.0,517.0
33,3,0,0.012974801481678094,-0.0009484597104571779,0.014891358613963734,0.019773659516664804,0.094031922519207,749.0,42.20781698968049,1.2492706484050073,0.2533230670557868,0.17126312321886694,0.16154585580156783,-0.0906871842038515,0.828345164574113,2.893603423160035,551.25,518.0
33,6,0,0.012974801477326076,-0.0009484597095309466,0.014891683012172918,0.019773903816183235,0.094031922519207,749.0,42.20781698968049,1.2492706484050073,0.20408917453358216,0.1718714866203418,0.16154585580156783,-0.0906871842038515,0.828345164574113,2.893603423160035,551.25,518.0
33,9,0,0.012974801472952407,-0.0009484597086001217,0.0148916830429352,0.019773903836435777,0.094031922519207,749.0,42.20781698968049,1.2492706484050073,0.13741376179152917,0.15258736928494,0.16154585580156783,-0.0906871842038515,0.828345164574113,2.893603423160035,551.25,518.0
33,12,0,0.012974801468556979,-0.0009484597076646339,0.01489168304719668,0.019773903836716122,0.094031922519207,749.0,42.20781698968049,1.2492706484050073,0.08386432245675596,0.12405878951715832,0.16154585580156783,-0.0906871842038515,0.828345164574113,2.893603423160035,551.25,518.0
33,15,0,0.030446031859630907,0.0012785802472262409,0.03350115605066284,0.045287118258696045,0.26911088824272156,735.0,40.81704982249518,1.2748875517561054,0.03782583713683676,0.08906024343220675,0.14407462540607668,-0.09291422415780227,0.8097356915749262,2.902892014409171,551.0,518.0
33,18,0,0.004425584766493296,-0.0016195889787858908,0.006173939920880334,0.007767007347251714,0.17245425283908844,738.0,44.234419625659825,1.2370526315898998,0.007665599124908818,0.02506105236888445,0.17009507249477512,-0.09001605493084532,0.8370629077090083,2.9149899251848863,551.0,518.25
33,129,5,0.058541177330313915,-0.01803198902041761,0.04434261739934042,0.07562069683014042,0.022417282685637474,512.5,63.810185892848864,1.1707505440838784,0.05606366993026731,0.13212224882910362,0.13925716008678796,0.1746769815219224,0.9758769140910304,3.0848578024939934,810.25,400.5
34,0,0,0.004999797311672299,0.0034645681219966917,0.00623441513803169,0.008710289176777079,0.2034754455089569,732.5,46.0408791214965,1.2843140244308258,0.3504467282108253,0.164421367658927,0.16070521984479197,-0.3386718559638142,0.8387655848619684,-1.665337045347587,318.75,510.75
34,3,0,-0.0069579559490315634,-0.0015699026543817274,-0.00657647412628759,0.009701946055644128,0.20760363340377808,735.0,47.231668375296216,1.2673346443118814,0.25308865020803323,0.15998284583441869,0.17266297310495465,-0.33363738519153,0.8498129973143643,-1.6901936142885674,319.25,511.75
34,6,0,-0.006957955949614764,-0.00156990265879281,-0.0065761497280784065,0.009701726166047458,0.20760363340377808,735.0,47.231668375296216,1.2673346443118814,0.18402834780382488,0.17167585104922745,0.17266297310495465,-0.33363738519153,0.8498129973143643,-1.6901936142885674,319.25,511.75
34,9,0,-0.006957955950200767,-0.0015699026632258195,-0.006576149697316125,0.00970172614633338,0.20760363340377808,735.0,47.231668375296216,1.2673346443118814,0.13360503902205534,0.14177342372027624,0.17266297310495465,-0.33363738519153,0.8498129973143643,-1.6901936142885674,319.25,511.75
34,12,0,-0.006957955950789602,-0.001569902667680978,-0.006576149693054645,0.009701726144588032,0.20760363340377808,735.0,47.231668375296216,1.2673346443118814,0.07715029883885076,0.09044611541043768,0.17266297310495465,-0.33363738519153,0.8498129973143643,-1.6901936142885674,319.25,511.75
34,15,0,-0.0069579559513815725,-0.0015699026721582299,-0.00657614968877529,0.009701726142836393,0.20760363340377808,735.0,47.231668375296216,1.2673346443118814,0.026525496673542488,0.03867321146682956,0.17266297310495465,-0.33363738519153,0.8498129973143643,-1.6901936142885674,319.25,511.75
34,165,6,-0.0056214714642162655,-0.0019735462561332184,-0.010384504258766025,0.011972207605467963,0.20013733208179474,687.5,61.95412088229391,1.0478548957992815,0.26083118832928176,0.3293454123719757,0.2089326078844565,0.1662827351514649,1.0832449356978353,-1.9066913656911901,821.5,360.75
35,0,0,-0.017641563583275427,-0.004304655662845838,-0.01770278379802437,0.025360271690934515,0.11746843159198761,672.0,48.28268039375049,1.2456539964675952,0.22873124080696483,0.1717152997701622,0.12980537711487233,-0.08437326198344376,0.8627027837980245,-1.5788918989543121,557.0,474.5
35,3,0,-0.006267177162055215,-0.0033512770120514568,-0.006698771921959112,0.009766376628746139,0.06432963907718658,661.5,47.71748715071805,1.2627592909025762,0.20344798994451202,0.1544047704374396,0.11843099069358727,-0.08532664063836747,0.8499352951100358,-1.5955433779811332,557.25,475.5
35,6,0,-0.006267177162124951,-0.003351277016500384,-0.006698447523749929,0.009766154127967457,0.06432963907718658,661.5,47.71748715071805,1.2627592909025762,0.1402935063295199,0.13977430495910548,0.11843099069358727,-0.08532664063836747,0.8499352951100358,-1.5955433779811332,557.25,475.5
35,9,0,-0.006267177162194992,-0.0033512770209714465,-0.006698447492987647,0.009766154108447308,0.06432963907718658,661.5,47.71748715071805,1.2627592909025762,0.08845370798105165,0.11026479423192892,0.11843099069358727,-0.08532664063836747,0.8499352951100358,-1.5955433779811332,557.25,475.5
35,12,0,-0.006267177162265769,-0.0033512770254647273,-0.006698447488726167,0.009766154107111725,0.06432963907718658,661.5,47.71748715071805,1.2627592909025762,0.04095867118056475,0.05694077342799053,0.11843099069358727,-0.08532664063836747,0.8499352951100358,-1.5955433779811332,557.25,475.5
35,15,0,-0.006267177162336546,-0.0033512770299803235,-0.006698447484446701,0.009766154105771465,0.06432963907718658,661.5,47.71748715071805,1.2627592909025762,0.014212256479977429,0.015553175150982201,0.11843099069358727,-0.08532664063836747,0.8499352951100358,-1.5955433779811332,557.25,475.5
35,120,5,0.04867236427187521,-0.019366548644515535,0.019583043066969452,0.05592457264903579,0.1402817666530609,485.0,73.4107840256279,1.0054378811224125,0.010724838253797287,0.038116903383825784,0.15008143536017587,0.17437647883288834,1.2419285385830545,-1.72336857039656,844.5,166.5
35,123,6,-0.0017518838654627111,-0.008898281271373515,-0.00841862369340518,0.012374236604886313,0.15818962454795837,585.0,67.39097147872819,1.0296299180436825,0.12643660087769623,0.1589617722494565,0.20006363922564202,0.16337809590979496,1.122666608079399,-1.7350899896679848,822.0,319.0
35,126,6,0.004141885287392177,-0.008009617513839551,0.007764365805176365,0.011899351360831105,0.07461824268102646,825.0,39.08564805518389,1.2327566724022843,0.30822142556067433,0.4638672464247998,0.19891645776775607,0.15922541727336859,0.8266358041319152,-1.7301130205334905,786.75,545.0
36,0,0,0.007664608542981281,0.0013777602149195878,0.004885326959918723,0.009192979214175653,0.08190096169710159,530.0,51.54109406687599,1.3933598546719115,0.19100774342251645,0.1632723161906392,-0.021419333452333315,-0.2650715406152893,0.8401146730400814,-1.4438766513846215,411.25,398.0
36,3,0,0.006855953887190616,0.0013840122991371495,0.003977863869023546,0.008046303170272048,0.08183997124433517,530.0,51.53636621664987,1.3933277372830897,0.12545046184254083,0.14379912380428073,-0.020610678796019348,-0.2650777927036033,0.8392586593190532,-1.4437932455373808,411.25,399.0
36,6,0,0.006855953887754425,0.0013840122947235134,0.0039781882672327296,0.008046463548199856,0.08183997124433517,530.0,51.53636621664987,1.3933277372830897,0.08930488530442073,0.12128800174851473,-0.020610678796019348,-0.2650777927036033,0.8392586593190532,-1.4437932455373808,411.25,399.0
36,9,0,0.006855953888321036,0.0013840122902878949,0.003978188297995011,0.008046463563128632,0.08183997124433517,530.0,51.53636621664987,1.3933277372830897,0.04717923688909189,0.07100602634024133,-0.020610678796019348,-0.2650777927036033,0.8392586593190532,-1.4437932455373808,411.25,399.0
36,12,0,0.025684394035586068,0.006590799288256455,0.020303562278026543,0.033397026415701046,0.2629360854625702,522.0,50.57541097738178,1.418781212675045,0.02164405315416746,0.04713651485981363,-0.03943911894271495,-0.2702845797060294,0.8229332853432831,-1.4290730536980865,411.0,399.0
36,123,6,-0.00047353413811254685,-0.009208549243457292,-0.007123164541956273,0.011651655969900544,0.3438936471939087,639.0,67.03362729903276,0.9973525387016807,0.20536340328265398,0.24615015442237387,0.21918817809553176,0.17107656885748027,1.1535288835015862,-1.7766304446450505,837.75,303.25
37,0,0,-0.0014425346019686439,0.0011014613718988153,-0.002946241197415045,0.0034604133315266966,0.07697516679763794,572.0,51.6341146831845,1.3924063197563374,0.3142592672820939,0.17519242742567676,0.02089342561082281,-0.4079763369552286,0.8479462411974151,-2.9999780530600346,280.75,417.0
37,3,0,-0.002190725417555592,0.0011275725962561767,-0.0038398996925244067,0.004562403693624781,0.07691885530948639,572.0,51.62657890551832,1.3924518341960104,0.22290954860104809,0.16374441694422437,0.021641616422322048,-0.4080024481801744,0.8470764228806011,-2.999825821116255,280.75,418.0
37,6,0,-0.0021907254219597078,0.0011275725956229055,-0.003839575294315223,0.004562130672562563,0.07691885530948639,572.0,51.62657890551832,1.3924518341960104,0.13962656284802202,0.16068256101551892,0.021641616422322048,-0.4080024481801744,0.8470764228806011,-2.999825821116255,280.75,418.0
37,9,0,-0.0021907254263857437,0.001127572594985915,-0.003839575263552941,0.004562130648640381,0.07691885530948639,572.0,51.62657890551832,1.3924518341960104,0.08402055059819064,0.11049221626960948,0.021641616422322048,-0.4080024481801744,0.8470764228806011,-2.999825821116255,280.75,418.0
37,12,0,-0.00219072543083379,0.0011275725943456494,-0.003839575259291461,0.004562130647031534,0.07691885530948639,572.0,51.62657890551832,1.3924518341960104,0.033641207569522866,0.04712862969580278,0.021641616422322048,-0.4080024481801744,0.8470764228806011,-2.999825821116255,280.75,418.0
37,141,5,-0.006573270799219488,-0.0037874506943944286,-0.012932784722555546,0.014993651738062564,0.04488641023635864,525.0,70.33075387482273,1.013438709485288,0.03415017599669542,0.02971411353144915,0.20550764618605516,0.16042962746004155,1.1416397019467692,3.035361951993861,821.75,305.0
37,144,6,-0.005815772624444382,-0.004264435704155439,-0.011872251472908601,0.013890967501585081,0.16431924700737,560.0,61.692125559266316,1.1568118495146733,0.18334147220024707,0.24611295207700112,0.20365639632247529,0.16146228347424998,0.9266043168228695,3.0152672662911852,798.5,481.0
38,0,0,-0.015518184280474967,-0.004503807186790665,-0.015442583755822636,0.022351100992885446,0.2727738320827484,786.0,47.41426097116411,1.2243366153591106,0.376203494857225,0.149044261632439,0.22204024589236432,-0.3201036892989105,0.8604425837558227,0.5650966324627019,321.0,539.75
38,3,0,-0.0180244217038196,-0.005679284124480433,-0.01808572563926647,0.026157742980282513,0.11435635387897491,777.0,48.212034500795035,1.221798472171438,0.2871496872880355,0.151965497873365,0.22454648331914068,-0.31892821235892294,0.8613222488273432,0.5961796360134894,321.5,541.0
38,6,0,-0.018024421700122334,-0.005679284122004968,-0.018085401241057286,0.02615751868607447,0.11435635387897491,777.0,48.212034500795035,1.221798472171438,0.2174414033888961,0.16473197588807775,0.22454648331914068,-0.31892821235892294,0.8613222488273432,0.5961796360134894,321.5,541.0
38,9,0,-0.018024421696406667,-0.005679284119517181,-0.018085401210295005,0.02615751866170481,0.11435635387897491,777.0,48.212034500795035,1.221798472171438,0.16519172478081226,0.1362854916340841,0.22454648331914068,-0.31892821235892294,0.8613222488273432,0.5961796360134894,321.5,541.0
38,12,0,-0.018024421692672488,-0.005679284117017014,-0.018085401206033525,0.026157518655642455,0.11435635387897491,777.0,48.212034500795035,1.221798472171438,0.11021344679019789,0.0920347359304784,0.22454648331914068,-0.31892821235892294,0.8613222488273432,0.5961796360134894,321.5,541.0
38,15,0,-0.018024421688919795,-0.005679284114504413,-0.01808540120175406,0.02615751864955221,0.11435635387897491,777.0,48.212034500795035,1.221798472171438,0.05643342789809787,0.05109273555285598,0.22454648331914068,-0.31892821235892294,0.8613222488273432,0.5961796360134894,321.5,541.0
38,111,6,0.0055961547922270816,-0.0029020591780893057,-0.0013985915478733624,0.006457163018654656,0.3723279535770416,669.5,61.0718502511844,1.0780978589176617,0.1448062209852532,0.19421461420288155,0.20289412735460838,0.1852437967996071,1.0481439200631364,1.3238835216833003,837.25,386.5
39,0,0,-0.015259292894538617,-0.004136437372195628,-0.015527978251247632,0.02216019499793792,0.17299388349056244,647.0,49.45352958418034,1.2643462505434517,0.23485410471357082,0.14919982029652512,0.11488540177653557,-0.15486481782892886,0.8605279782512477,-2.4600809669507124,492.75,466.25
39,3,0,0.002950303026773668,-0.001042635511688289,0.001990153599283895,0.0037083807933875946,0.3332444429397583,632.5,48.47994667014406,1.2910378329288394,0.18831686917601795,0.14984090772635872,0.09667580585206777,-0.1579586196921004,0.8412463695887928,-2.467047970145321,493.0,467.25
39,6,0,0.0029503030233738875,-0.0010426355145587152,0.0019904779974930786,0.003708554894356058,0.3332444429397583,632.5,48.47994667014406,1.2910378329288394,0.13675136911598598,0.13595666513021332,0.09667580585206777,-0.1579586196921004,0.8412463695887928,-2.467047970145321,493.0,467.25
39,9,0,0.002950303019957176,-0.0010426355174434077,0.0019904780282553602,0.0037085549089598585,0.3332444429397583,632.5,48.47994667014406,1.2910378329288394,0.07957298933929327,0.10174113455722722,0.09667580585206777,-0.1579586196921004,0.8412463695887928,-2.467047970145321,493.0,467.25
39,12,0,0.0029503030165234784,-0.0010426355203424498,0.0019904780325168403,0.003708554909330509,0.3332444429397583,632.5,48.47994667014406,1.2910378329288394,0.03198970889865765,0.0532686181004447,0.09667580585206777,-0.1579586196921004,0.8412463695887928,-2.467047970145321,493.0,467.25
39,123,6,0.028520518258665778,-0.016411319206971753,0.022380190526542054,0.03979477714299115,0.135888010263443,476.0,65.24390933039922,1.181859345113059,0.4312499959175319,0.6348919180550625,0.19201003562871305,0.1796897295779268,0.9064033367831719,-1.5038271852758929,813.5,487.0
40,0,0,0.010905610437381093,0.005002267877021682,0.009301664079403804,0.015181435293524437,0.20039649307727814,588.5,50.77211817917052,1.3597062296770317,0.3029294253443571,0.18368310968887225,0.054402547107186124,-0.34452714721308253,0.8356983359205963,3.107644671828857,332.5,444.75
40,3,0,-0.0029448496380679035,4.472718910680795e-05,-0.0035416914270560707,0.00460626943162865,0.0719967857003212,610.0,50.36224295361316,1.3413685436527965,0.20878295866531657,0.15964474486248958,0.06825300717851109,-0.3395696065249499,0.8467782146151328,3.1255596820501013,332.75,446.0
40,6,0,-0.0029448496425111548,4.4727189341231544e-05,-0.003541367028846887,0.004606020014227931,0.0719967857003212,610.0,50.36224295361316,1.3413685436527965,0.13021225260932145,0.15077188715994672,0.06825300717851109,-0.3395696065249499,0.8467782146151328,3.1255596820501013,332.75,446.0
40,9,0,-0.002944849646976541,4.4727189578541715e-05,-0.003541366998084605,0.0046060199934334,0.0719967857003212,610.0,50.36224295361316,1.3413685436527965,0.07613670636888738,0.09879975885859948,0.06825300717851109,-0.3395696065249499,0.8467782146151328,3.1255596820501013,332.75,446.0
40,12,0,-0.0029448496514641598,4.4727189815851887e-05,-0.003541366993823125,0.004606019993028389,0.0719967857003212,610.0,50.36224295361316,1.3413685436527965,0.030359165251490433,0.04070080155305589,0.06825300717851109,-0.3395696065249499,0.8467782146151328,3.1255596820501013,332.75,446.0
40,156,5,-0.03543315782256323,-0.0032892006155561815,-0.023113561934875237,0.04243305620957984,0.09456741809844971,920.0,69.84010980014017,0.8520604366917688,0.06454397666657787,0.0556737972747845,0.2390988347232274,0.16221598941213397,1.40254874120985,2.9527083714831934,872.5,21.0
40,159,6,-0.0308758023400392,-0.004231055672877293,-0.026824148324069874,0.041118754061375176,0.1759081780910492,907.0,56.68289209644358,0.9948124042186376,0.2747982780999295,0.3267442316954552,0.23436104964282317,0.16068519559805727,1.1354847559263963,2.947178737876851,825.0,331.5
41,0,0,0.016828424211661003,-0.00064480730247303,0.02041305654799397,0.026463267287629853,0.09908697009086609,767.0,43.070465971980816,1.2281180684705202,0.30180159578103927,0.2003666767936314,0.1974318632003062,-0.0881422184207374,0.8245869434520061,2.497986315412046,552.0,545.25
41,3,0,-1.617976247478281e-05,-0.002436564781809092,0.0021653529136144156,0.0032597335721136116,0.3906174600124359,803.5,42.48474072269173,1.2045619492792496,0.2653588504104233,0.17294292838687964,0.2142764671712734,-0.0863504609387526,0.8410711702744623,2.475228465170545,552.0,546.75
41,6,0,-1.617976588860759e-05,-0.002436564778955333,0.0021656773118235995,0.003259949067979031,0.3906174600124359,803.5,42.48474072269173,1.2045619492792496,0.20993675213798155,0.16682672215834027,0.2142764671712734,-0.0863504609387526,0.8410711702744623,2.475228465170545,552.0,546.75
41,9,0,-1.617976931936327e-05,-0.002436564776087363,0.002165677342585881,0.0032599490862887316,0.3906174600124359,803.5,42.48474072269173,1.2045619492792496,0.14859802834363375,0.14380139265809966,0.2142764671712734,-0.0863504609387526,0.8410711702744623,2.475228465170545,552.0,546.75
41,12,0,-1.6179772767188627e-05,-0.002436564773205155,0.002165677346847361,0.0032599490869826345,0.3906174600124359,803.5,42.48474072269173,1.2045619492792496,0.09657041620930071,0.11833222950090005,0.2142764671712734,-0.0863504609387526,0.8410711702744623,2.475228465170545,552.0,546.75
41,15,0,-1.617977623216693e-05,-0.0024365647703086385,0.0021656773511267158,0.0032599490876778032,0.3906174600124359,803.5,42.48474072269173,1.2045619492792496,0.047954899658065646,0.06612979851556555,0.2142764671712734,-0.0863504609387526,0.8410711702744623,2.475228465170545,552.0,546.75
41,18,0,-1.6179779714353693e-05,-0.002436564767397731,0.0021656773554262765,0.0032599490883757237,0.3906174600124359,803.5,42.48474072269173,1.2045619492792496,0.012667087152892522,0.024679770465314776,0.2142764671712734,-0.0863504609387526,0.8410711702744623,2.475228465170545,552.0,546.75
42,0,0,0.027468604314516358,0.008412585751098378,0.022928373175788774,0.03675603513023787,0.08368923515081406,557.5,49.372991235644946,1.402487582077322,0.23314954758637502,0.21027466953654417,-0.00537917394301062,-0.3084364906072179,0.8220716268242113,-1.4586827580404642,374.75,418.5
42,3,0,-0.007141620781061276,-0.0018431015313361554,-0.0075785753532048306,0.010575186760502325,0.07705174386501312,578.0,50.762424371352175,1.356406145124098,0.15686794587554045,0.154033885612347,0.02923105115313957,-0.29818080332887337,0.8508150985412816,-1.4201754271450406,374.75,420.0
42,6,0,-0.007141620780444408,-0.0018431015357427416,-0.007578250954995647,0.010574954287353921,0.07705174386501312,578.0,50.762424371352175,1.356406145124098,0.11009393721851217,0.13514673806296085,0.02923105115313957,-0.29818080332887337,0.8508150985412816,-1.4201754271450406,374.75,420.0
42,9,0,-0.007141620779824467,-0.0018431015401711437,-0.007578250924233365,0.010574954265662132,0.07705174386501312,578.0,50.762424371352175,1.356406145124098,0.060575897354187995,0.08064555172905596,0.02923105115313957,-0.29818080332887337,0.8508150985412816,-1.4201754271450406,374.75,420.0
42,144,5,-0.008799365215675148,-0.004287040463367392,-0.01376732572863082,0.016892211277733982,0.2821224629878998,611.5,64.37291941196618,1.0607839003095014,0.0690019522230411,0.06451231699512405,0.2078093978539241,0.1614116867464987,1.063237449762346,-0.2692530194386279,813.5,377.25
43,0,0,0.005158353153750142,0.0025394751108827607,0.004187004421325691,0.0071125626269156975,0.09317798912525177,624.0,48.56507464396931,1.3374892956410427,0.28348723827178246,0.17221222365102917,0.06683420399427838,-0.30242057488001156,0.8408129955786744,2.9484229105188122,367.0,449.0
43,3,0,-0.015300743869340883,-0.004665990658216546,-0.015404081441924622,0.02220743021709588,0.08767567574977875,636.0,49.637335131739064,1.3094682320455209,0.18523663306312285,0.13525897815696464,0.08729330101331963,-0.2952151091101032,0.8586406046300014,2.941781587539222,367.75,450.0
43,6,0,-0.015300743873704128,-0.0046659906573447985,-0.015403757043715438,0.022207205203828243,0.08767567574977875,636.0,49.637335131739064,1.3094682320455209,0.12378832277812252,0.12231352566948384,0.08729330101331963,-0.2952151091101032,0.8586406046300014,2.941781587539222,367.75,450.0
43,9,0,-0.015300743878089093,-0.0046659906564687215,-0.015403757012953156,0.022207205185327525,0.08767567574977875,636.0,49.637335131739064,1.3094682320455209,0.07257052828408009,0.07574892989487869,0.08729330101331963,-0.2952151091101032,0.8586406046300014,2.941781587539222,367.75,450.0
43,12,0,-0.01530074388249586,-0.004665990655588315,-0.015403757008691676,0.02220720518522288,0.08767567574977875,636.0,49.637335131739064,1.3094682320455209,0.029021086592646423,0.02705719768452186,0.08729330101331963,-0.2952151091101032,0.8586406046300014,2.941781587539222,367.75,450.0
43,132,6,-0.021502019235960568,-0.007631977172219195,-0.02431533334288194,0.033343955109680065,0.015386233106255531,642.0,61.51377426546608,1.0814962470936411,0.4092450519070681,0.5461182280530275,0.23072072555477724,0.136057561477308,1.0021150687762788,-3.0672648093784063,781.75,444.0
44,0,0,0.015877820101422142,0.00875195896460823,0.01451799598732062,0.02322658314042703,0.22692926228046417,613.5,49.403313061141915,1.3708633410815094,0.3202030302129818,0.16839431290110363,0.06209631616297657,-0.39254252613132434,0.8304820040126795,2.5504329036156674,289.75,452.75
44,3,0,0.014943878520952178,0.008129422337959491,0.01343073730742439,0.02167467917683978,0.1940772831439972,613.5,49.4300602279694,1.3705002618681266,0.20869661140587079,0.15625018666242962,0.06303025774015188,-0.39191998950218543,0.8298057858806523,2.550090109205425,290.25,453.75
44,6,0,0.014943878517402504,0.0081294223406424,0.013431061705633573,0.021674880190579057,0.1940772831439972,613.5,49.4300602279694,1.3705002618681266,0.13079230381377133,0.15570146402241025,0.06303025774015188,-0.39191998950218543,0.8298057858806523,2.550090109205425,290.25,453.75
44,9,0,0.014943878513835177,0.008129422343338577,0.013431061736395855,0.02167488020819294,0.1940772831439972,613.5,49.4300602279694,1.3705002618681266,0.08405491514468152,0.12144396841144245,0.06303025774015188,-0.39191998950218543,0.8298057858806523,2.550090109205425,290.25,453.75
44,12,0,0.014943878510250128,0.008129422346048076,0.013431061740657335,0.021674880209378106,0.1940772831439972,613.5,49.4300602279694,1.3705002618681266,0.038337647649962295,0.06520753657311973,0.06303025774015188,-0.39191998950218543,0.8298057858806523,2.550090109205425,290.25,453.75
44,135,6,0.03602965691164228,-0.013279708598467777,0.03453486322650534,0.051644395782159194,0.2191091924905777,514.0,58.82520038626808,1.269019573315838,0.5240644253664055,0.8352571052405439,0.1760939306113905,0.17679094361657943,0.8011404590043462,2.982004091722453,799.0,545.0
45,0,0,-0.004502116487947412,-0.002812425831059062,-0.005130627639377994,0.007382555919206139,0.09845166653394699,605.5,48.316099080012314,1.315832682439291,0.17476672666803095,0.15384660109388726,0.04622023703561868,-0.1093385779232994,0.8501306276393781,-2.8295505810561394,539.25,430.5
45,3,0,-0.005296266521822815,-0.0028118401883924365,-0.006087901102062587,0.008545140381745336,0.09840813279151917,605.5,48.31371171035471,1.3158089237537072,0.15104087192104754,0.12975475707863793,0.04701438706556799,-0.10933916356724704,0.8493244242901393,-2.829495686921004,539.25,431.5
45,6,0,-0.005296266526052813,-0.002811840189772624,-0.0060875767038534034,0.008544909273544498,0.09840813279151917,605.5,48.31371171035471,1.3158089237537072,0.10325667638131174,0.1112178911848476,0.04701438706556799,-0.10933916356724704,0.8493244242901393,-2.829495686921004,539.25,431.5
45,9,0,-0.005296266530303871,-0.0028118401911596813,-0.006087576673091122,0.008544909254720094,0.09840813279151917,605.5,48.31371171035471,1.3158089237537072,0.05030765129636873,0.06776840751256719,0.04701438706556799,-0.10933916356724704,0.8493244242901393,-2.829495686921004,539.25,431.5
46,0,0,0.05519252242779998,0.025898220786655324,0.050972131954783007,0.07946754436795792,0.12269803136587143,567.0,49.09318407014633,1.4392247388983017,0.3550971768853857,0.19805930199742106,0.012602336543817103,-0.42723645231181107,0.7940278680452171,1.0072310705837935,276.0,446.25
46,3,0,0.005812777053971908,0.005319923265331095,0.004680510554126327,0.009164995345087816,0.35081255435943604,613.0,50.04059990673253,1.3696636855811442,0.24227806067460744,0.16319737876664586,0.061982081919986394,-0.40665815478708484,0.8385560126339504,0.98886750034073,275.75,447.5
46,6,0,0.005812777056494307,0.005319923268996496,0.004680834952335511,0.009165161021363605,0.35081255435943604,613.0,50.04059990673253,1.3696636855811442,0.14705900302429442,0.16411433739861403,0.061982081919986394,-0.40665815478708484,0.8385560126339504,0.98886750034073,275.75,447.5
46,9,0,0.005812777059029266,0.005319923272680216,0.0046808349830977924,0.009165161040820484,0.35081255435943604,613.0,50.04059990673253,1.3696636855811442,0.09086613531627875,0.126202345333579,0.061982081919986394,-0.40665815478708484,0.8385560126339504,0.98886750034073,275.75,447.5
46,12,0,0.005812777061576825,0.005319923276382088,0.0046808349873592725,0.009165161046761388,0.35081255435943604,613.0,50.04059990673253,1.3696636855811442,0.04296278805017475,0.06175070217355305,0.061982081919986394,-0.40665815478708484,0.8385560126339504,0.98886750034073,275.75,447.5
46,156,6,0.004022450916364856,-0.006070071572061048,-0.003969653047990462,0.008293613542113481,0.12235405296087265,569.5,66.503105121822,1.0578531563232783,0.05231175942882177,0.06778618556147786,0.1986736630868105,0.16778486154920796,1.080091317904205,0.9080608776989094,821.5,356.25
47,0,0,0.00019696010013325882,0.002052353944240637,-0.00048046560845527164,0.002117025553552176,0.17019230127334595,637.0,49.64780143886281,1.353796464416104,0.3743993322485931,0.1673593728645526,0.0810862829941041,-0.41256134049139265,0.8454804656084554,0.15209314459762466,265.25,454.75
47,3,0,0.0025213029424902694,0.0035307786303754307,0.0019068466071999746,0.004739138133449578,0.2858864665031433,624.0,50.27024687002481,1.358598633414505,0.2651182706729917,0.1607538281196813,0.0787619401558138,-0.414039765176808,0.8413296765808768,0.18620033237524566,265.25,456.0
47,6,0,0.002521302946871737,0.0035307786311502554,0.0019071710054091584,0.0047392686710045,0.2858864665031433,624.0,50.27024687002481,1.358598633414505,0.1646794866507841,0.1669762493553698,0.0787619401558138,-0.414039765176808,0.8413296765808768,0.18620033237524566,265.25,456.0
47,9,0,0.0025213029512750063,0.003530778631928966,0.00190717103617144,0.004739268686306515,0.2858864665031433,624.0,50.27024687002481,1.358598633414505,0.10328903091938874,0.13913567874304023,0.0787619401558138,-0.414039765176808,0.8413296765808768,0.18620033237524566,265.25,456.0
47,12,0,0.002521302955700161,0.003530778632711673,0.00190717104043292,0.004739268690958729,0.2858864665031433,624.0,50.27024687002481,1.358598633414505,0.0534738174292644,0.07410095409081274,0.0787619401558138,-0.414039765176808,0.8413296765808768,0.18620033237524566,265.25,456.0
47,81,2,-0.015610990409452019,-0.0042398977289988815,-0.015592534421941195,0.022467907869131783,0.17411765456199646,751.5,46.41701030243112,1.2345384669141537,0.02789483166660722,-0.026501660795339776,0.18298514448183284,-0.24829758011525946,0.8584169899205775,-0.21595586753775728,397.5,513.25
47,84,0,0.0018282678003052055,0.0004514817194744003,0.0027349492319130864,0.003320594253111087,0.22484421730041504,738.0,45.22250816746553,1.2593496869810654,0.03314118735913555,-0.00856511053332043,0.16657152267416814,-0.2526086447260279,0.840303633132828,-0.21036533331482363,398.25,513.75
47,87,0,0.0018676658658187129,0.00046243869727846665,0.00294511714877832,0.003517917047787385,0.22484421730041504,738.0,45.22250816746553,1.2593496869810654,0.06601461990435857,0.0032392463668774463,0.16657152267416814,-0.2526086447260279,0.840303633132828,-0.21036533331482363,398.25,513.75
47,90,0,0.001867713827269496,0.0004624138594562788,0.0029452055472691807,0.003518013250921047,0.22484421730041504,738.0,45.22250816746553,1.2593496869810654,0.10956984809677463,0.047156232897664685,0.16657152267416814,-0.2526086447260279,0.840303633132828,-0.21036533331482363,398.25,513.75
47,93,0,0.001867762001394907,0.00046238889558214424,0.0029452645851533177,0.0035180849707149952,0.22484421730041504,738.0,45.22250816746553,1.2593496869810654,0.1336217605226771,0.11053054903460036,0.16657152267416814,-0.2526086447260279,0.840303633132828,-0.21036533331482363,398.25,513.75
47,96,0,0.001867810401658232,0.00046236379917607984,0.0029453239128935937,0.0035181570361759087,0.22484421730041504,738.0,45.22250816746553,1.2593496869810654,0.09079937137288205,0.11733084940251826,0.16657152267416814,-0.2526086447260279,0.840303633132828,-0.21036533331482363,398.25,513.75
47,99,0,0.0018678590291194286,0.0004623385695273208,0.0029453835343700163,0.0035182294510269726,0.22484421730041504,738.0,45.22250816746553,1.2593496869810654,0.038550031966832904,0.0619383709179927,0.16657152267416814,-0.2526086447260279,0.840303633132828,-0.21036533331482363,398.25,513.75
48,0,0,-0.009347684153286254,-0.0020271282571167615,-0.009428793377886935,0.0134309565021738,0.22836147248744965,601.0,50.84325110723179,1.3588818034230612,0.3008338203830351,0.17558703013744392,0.050080717562769723,-0.3770481751681891,0.854428793377887,2.2669425187807306,301.25,430.0
48,3,0,0.008839799724649391,0.005209093273251086,0.007003624421313748,0.01242286065832518,0.07635724544525146,587.0,50.17796257971196,1.3855957288582306,0.20451733788457147,0.1786737081358446,0.03189323368214498,-0.3842843966954226,0.836232898766763,2.257861608451705,301.5,431.0
48,6,0,0.008839799721752105,0.005209093276627996,0.007003948819522932,0.012423043546240842,0.07635724544525146,587.0,50.17796257971196,1.3855957288582306,0.12654465670355752,0.1638039249350315,0.03189323368214498,-0.3842843966954226,0.836232898766763,2.257861608451705,301.5,431.0
48,9,0,0.008839799718840385,0.0052090932800216705,0.007003948850285213,0.012423043562935334,0.07635724544525146,587.0,50.17796257971196,1.3855957288582306,0.07304894583992425,0.10776617600759586,0.03189323368214498,-0.3842843966954226,0.836232898766763,2.257861608451705,301.5,431.0
48,12,0,0.008839799715914198,0.00520909328343222,0.007003948854546693,0.012423043564685803,0.07635724544525146,587.0,50.17796257971196,1.3855957288582306,0.028912774437803986,0.04720173424240026,0.03189323368214498,-0.3842843966954226,0.836232898766763,2.257861608451705,301.5,431.0
48,15,0,0.05951946742981521,0.025491806912838255,0.053043519114083226,0.08370193631461804,0.18315692245960236,513.0,51.776865683454965,1.4569932023042402,0.00766857922933484,0.062439527349005264,-0.018786434034696757,-0.4045671103214011,0.7901933285115058,2.2726354133300974,301.25,430.75
48,147,5,0.007006902101542756,-0.012354801447209851,4.554317923144424e-05,0.014203516115446816,0.13272728025913239,881.0,59.5650522442723,0.9889960109491621,0.01251705607698787,0.01442226193709506,0.1921720700845007,0.16857698384816006,1.2049229909100443,2.49418773847863,838.25,233.0
48,150,6,0.0042881760130029645,-0.011161232159917128,0.0008062316947288206,0.011983804337173052,0.1256338208913803,841.5,53.88457827340656,1.0662186568034404,0.11431288493559358,0.14776692973278682,0.193810309600359,0.16317752963092597,1.071580143987065,2.5139313619557897,814.75,360.25
49,0,0,-0.0031024790536488198,-0.0031500772516830783,-0.003966469957946472,0.0059398019240705984,0.10123548656702042,600.0,49.30259870448379,1.3057666762777358,0.19180299738927434,0.14534826954681068,0.0590932190093077,-0.08865449849327837,0.8489664699579466,1.8213432978475943,557.0,439.0
49,3,0,-0.0038927903991820903,-0.003149710947127307,-0.00492986854345645,0.007026955243786549,0.10130912810564041,600.0,49.3007021759582,1.3057497917113479,0.17107116100453784,0.12423767388536822,0.05988353035376998,-0.08865486479384568,0.8481663917315332,1.8213754368784587,557.0,440.0
49,6,0,-0.003892790400335966,-0.0031497109428300363,-0.004929544145247267,0.007026727659748364,0.10130912810564041,600.0,49.3007021759582,1.3057497917113479,0.11144904619334851,0.10620190476000257,0.05988353035376998,-0.08865486479384568,0.8481663917315332,1.8213754368784587,557.0,440.0
49,9,0,-0.003892790401495587,-0.0031497109385113936,-0.004929544114484985,0.007026727636873942,0.10130912810564041,600.0,49.3007021759582,1.3057497917113479,0.05731926162700701,0.0700223721622627,0.05988353035376998,-0.08865486479384568,0.8481663917315332,1.8213754368784587,557.0,440.0
49,12,0,-0.003892790402660974,-0.003149710934171296,-0.004929544110223505,0.00702672763258452,0.10130912810564041,600.0,49.3007021759582,1.3057497917113479,0.025563473301873762,0.028543011221256243,0.05988353035376998,-0.08865486479384568,0.8481663917315332,1.8213754368784587,557.0,440.0
50,0,0,-0.006456586124475028,-0.002187136126418604,-0.006501276908595033,0.009420067423351056,0.25613123178482056,728.0,46.48176640905436,1.2415110334229726,0.2880489763353407,0.1621096819528508,0.16953697724952038,-0.2106676495293678,0.8515012769085951,0.3452039177723952,436.0,508.5
50,3,0,0.0031302913676583832,-0.00025826621151914253,0.004102070681067604,0.0051664697187657534,0.40638479590415955,721.5,45.57413831451952,1.2572021160418219,0.2311787243238428,0.16259987452845792,0.15995009976125235,-0.21259651944281338,0.8391344525070091,0.3609231449336837,436.75,510.0
50,6,0,0.0031302913718229686,-0.0002582662099526456,0.004102395079276788,0.0051667272904796354,0.40638479590415955,721.5,45.57413831451952,1.2572021160418219,0.1787648907868032,0.15901680561292153,0.15995009976125235,-0.21259651944281338,0.8391344525070091,0.3609231449336837,436.75,510.0
50,9,0,0.0031302913760082596,-0.00025826620837829384,0.00410239511003907,0.005166727317361954,0.40638479590415955,721.5,45.57413831451952,1.2572021160418219,0.12209228760715339,0.12374402786714478,0.15995009976125235,-0.21259651944281338,0.8391344525070091,0.3609231449336837,436.75,510.0
50,12,0,0.0031302913802143395,-0.0002582662067961705,0.00410239511430055,0.005166727323214774,0.40638479590415955,721.5,45.57413831451952,1.2572021160418219,0.06844937836976099,0.08671756625456783,0.15995009976125235,-0.21259651944281338,0.8391344525070091,0.3609231449336837,436.75,510.0
50,15,0,0.003130291384441375,-0.0002582662052061646,0.004102395118579905,0.005166727329094087,0.40638479590415955,721.5,45.57413831451952,1.2572021160418219,0.018534563312271036,0.03423371503905803,0.15995009976125235,-0.21259651944281338,0.8391344525070091,0.3609231449336837,436.75,510.0
51,0,0,-0.0015825708135785987,0.0006131118790403955,-0.0002971769928231671,0.001723006303318329,0.11358801275491714,774.5,45.05943506518032,1.244331115611859,0.3591823422670685,0.1504255365255046,0.19428395794322056,-0.28406757452243053,0.8452971769928233,-2.077605140042312,363.5,529.75
51,3,0,-0.0019767617135518223,0.00046947102302474786,-0.000947259817434154,0.0022417161005242447,0.16237761080265045,779.0,44.68514909266428,1.2448530447546022,0.271238580685361,0.1634162925073731,0.19467814884112605,-0.2839239336699898,0.8441837830055109,-2.057996433852388,363.75,530.75
51,6,0,-0.0019767617157797623,0.00046947101917321765,-0.0009469354192249702,0.002241579043219056,0.16237761080265045,779.0,44.68514909266428,1.2448530447546022,0.20672658974309216,0.18040660566906686,0.19467814884112605,-0.2839239336699898,0.8441837830055109,-2.057996433852388,363.75,530.75
51,9,0,-0.001976761718018666,0.0004694710153024251,-0.0009469353884626885,0.0022415790313875124,0.16237761080265045,779.0,44.68514909266428,1.2448530447546022,0.15255473348677284,0.1501711833138425,0.19467814884112605,-0.2839239336699898,0.8441837830055109,-2.057996433852388,363.75,530.75
51,12,0,-0.0019767617202686993,0.00046947101141253667,-0.0009469353842012085,0.0022415790307568164,0.16237761080265045,779.0,44.68514909266428,1.2448530447546022,0.09756274861869348,0.11071750018606241,0.19467814884112605,-0.2839239336699898,0.8441837830055109,-2.057996433852388,363.75,530.75
52,0,0,0.005036622739986091,0.0031307275547754476,0.0069047335143586075,0.009101888186056903,0.16826704144477844,784.5,44.75314441822568,1.2509190662217535,0.36852611259407736,0.16981424298316827,0.20288727701294135,-0.31279318100522463,0.8380952664856415,-0.5549368200352653,335.75,540.5
52,3,0,-0.003910999469101173,-0.00021492478613988064,-0.0024572023231586027,0.004623846101238985,0.09027103334665298,784.0,45.86131347968703,1.2388429428932453,0.27845252939269727,0.17106084720867365,0.21183489922552484,-0.3094475286665074,0.8456937255112353,-0.5098349907913174,336.0,542.0
52,6,0,-0.0039109994653342695,-0.00021492478850815289,-0.002456877924949419,0.004623673714770969,0.09027103334665298,784.0,45.86131347968703,1.2388429428932453,0.2162446342628389,0.1896516043065739,0.21183489922552484,-0.3094475286665074,0.8456937255112353,-0.5098349907913174,336.0,542.0
52,9,0,-0.003910999461548631,-0.0002149247908881935,-0.002456877894187137,0.004623673695333337,0.09027103334665298,784.0,45.86131347968703,1.2388429428932453,0.1647072900479436,0.16429127285805967,0.21183489922552484,-0.3094475286665074,0.8456937255112353,-0.5098349907913174,336.0,542.0
52,12,0,-0.00391099945774423,-0.00021492479328005798,-0.002456877889925657,0.004623673689962094,0.09027103334665298,784.0,45.86131347968703,1.2388429428932453,0.10889307175538114,0.12142520030338977,0.21183489922552484,-0.3094475286665074,0.8456937255112353,-0.5098349907913174,336.0,542.0
52,15,0,-0.003910999453920899,-0.00021492479568380185,-0.0024568778856463025,0.004623673684565894,0.09027103334665298,784.0,45.86131347968703,1.2388429428932453,0.054265821034573516,0.07028371055859683,0.21183489922552484,-0.3094475286665074,0.8456937255112353,-0.5098349907913174,336.0,542.0
53,0,0,-0.0072548827408588645,-0.0018627763402712105,-0.006797614755940873,0.010114881395630456,0.10986586660146713,742.0,46.413682328995705,1.251630232042114,0.32435109758709874,0.13770557812988482,0.17418391614202605,-0.2789955349914379,0.851797614755941,-1.7707719871670407,370.5,511.5
53,3,0,-0.00315174955705419,-0.00048613095894273206,-0.002702587613755303,0.004180170856515011,0.0851573795080185,733.5,46.414168843911646,1.2588489018638316,0.2462772303402914,0.1534458712580986,0.1700807829573076,-0.28037218037679384,0.845939110801832,-1.7899406719734687,370.75,512.5
53,6,0,-0.00315174955803868,-0.00048613096328198324,-0.002702263215546119,0.004179961133330325,0.0851573795080185,733.5,46.414168843911646,1.2588489018638316,0.185735518631074,0.16413507281189033,0.1700807829573076,-0.28037218037679384,0.845939110801832,-1.7899406719734687,370.75,512.5
53,9,0,-0.0031517495590279443,-0.00048613096764277275,-0.0027022631847838374,0.004179961114696191,0.0851573795080185,733.5,46.414168843911646,1.2588489018638316,0.13501896021954263,0.13830978725544152,0.1700807829573076,-0.28037218037679384,0.845939110801832,-1.7899406719734687,370.75,512.5
53,12,0,-0.0031517495600223155,-0.0004861309720252116,-0.0027022631805223574,0.0041799611132006765,0.0851573795080185,733.5,46.414168843911646,1.2588489018638316,0.07906127554562041,0.09467994519944967,0.1700807829573076,-0.28037218037679384,0.845939110801832,-1.7899406719734687,370.75,512.5
53,15,0,-0.003151749561021544,-0.0004861309764293553,-0.0027022631762428917,0.004179961111699722,0.0851573795080185,733.5,46.414168843911646,1.2588489018638316,0.03018322111623779,0.04476713585870706,0.1700807829573076,-0.28037218037679384,0.845939110801832,-1.7899406719734687,370.75,512.5
54,0,0,-0.0016664529453523508,-0.0016427114992052794,-0.0018606642702141407,0.0029895882684989085,0.08135073632001877,648.0,48.49590043777291,1.2838497397354798,0.2415955062213661,0.14700514572327028,0.10831406857396315,-0.19366386904454264,0.8468606642702142,-2.060041414255327,459.0,471.0
54,3,0,-0.0009027273590452994,-0.0009857687491405531,-0.0009513105499396879,0.0016406244158787785,0.2498963624238968,666.0,46.88338550349865,1.2863602328863064,0.1799357847221178,0.14432045615094846,0.10755034298556317,-0.19432081179816757,0.8441878337380164,-2.0845940571613735,458.75,472.25
54,6,0,-0.0009027273613002318,-0.0009857687529762904,-0.000950986151730504,0.0016404363395047378,0.2498963624238968,666.0,46.88338550349865,1.2863602328863064,0.12969287097771123,0.13675470216449515,0.10755034298556317,-0.19432081179816757,0.8441878337380164,-2.0845940571613735,458.75,472.25
54,9,0,-0.000902727363566419,-0.0009857687568311513,-0.0009509861209682224,0.0016404363252349047,0.2498963624238968,666.0,46.88338550349865,1.2863602328863064,0.07686017927949028,0.09729242552278983,0.10755034298556317,-0.19432081179816757,0.8441878337380164,-2.0845940571613735,458.75,472.25
54,12,0,-0.0009027273658438473,-0.0009857687607051635,-0.0009509861167067424,0.0016404363263456876,0.2498963624238968,666.0,46.88338550349865,1.2863602328863064,0.029548729635289345,0.04723826909862083,0.10755034298556317,-0.19432081179816757,0.8441878337380164,-2.0845940571613735,458.75,472.25
55,0,0,0.011864922699439728,-0.001682907395152658,0.009386461027509396,0.01522216208642164,0.11380274593830109,567.0,49.864089064419126,1.3360963547626399,0.1821807635511264,0.19378665034376497,0.02994248470317335,-0.08966206620276164,0.8356135389724907,-0.8270356905856963,558.0,430.25
55,3,0,0.01598004182598782,-0.0009088153040358454,0.013347757907085422,0.02084107298493365,0.1809418946504593,568.5,49.21176900037287,1.3430546171460007,0.16061077282338224,0.16636917009538943,0.02582736557960192,-0.09043615829674112,0.8298887652809913,-0.8050244799994288,557.75,431.5
55,6,0,0.01598004182919488,-0.0009088153071201005,0.013348082305294606,0.02084128075129244,0.1809418946504593,568.5,49.21176900037287,1.3430546171460007,0.1205959767697444,0.1549803656542491,0.02582736557960192,-0.09043615829674112,0.8298887652809913,-0.8050244799994288,557.75,431.5
55,9,0,0.0159800418324179,-0.0009088153102197044,0.013348082336056888,0.020841280773600975,0.1809418946504593,568.5,49.21176900037287,1.3430546171460007,0.07111015683575483,0.11763473437501104,0.02582736557960192,-0.09043615829674112,0.8298887652809913,-0.8050244799994288,557.75,431.5
55,12,0,0.015980041835656947,-0.0009088153133347127,0.013348082340318368,0.020841280778949672,0.1809418946504593,568.5,49.21176900037287,1.3430546171460007,0.0328678312976893,0.06331808706295505,0.02582736557960192,-0.09043615829674112,0.8298887652809913,-0.8050244799994288,557.75,431.5
56,0,0,0.005762127559581741,-0.0008410131808613552,0.0039028245599235234,0.007010096770288995,0.08106640726327896,562.0,50.57589739808259,1.3395621575363539,0.16886549951459287,0.16727660330310556,0.02700651164842511,-0.14699013924708743,0.8410971754400766,-2.6070894058580234,508.0,425.0
56,3,0,-0.0009445634558638977,-0.0025777693223327514,-0.002018937469660531,0.0034078150342576794,0.2517942786216736,589.5,48.82511057072091,1.3316799170546731,0.1420975232797284,0.13184503872821163,0.03371320266039996,-0.14525338310785407,0.8452554606577373,-2.5588690505984135,508.75,426.25
56,6,0,-0.00094456345960333,-0.002577769324744128,-0.0020186130714513473,0.0034076228595670403,0.2517942786216736,589.5,48.82511057072091,1.3316799170546731,0.09766442426278608,0.11510616087570347,0.03371320266039996,-0.14525338310785407,0.8452554606577373,-2.5588690505984135,508.75,426.25
56,9,0,-0.0009445634633613795,-0.002577769327167523,-0.0020186130406890657,0.003407622844218958,0.2517942786216736,589.5,48.82511057072091,1.3316799170546731,0.04777584956575599,0.06659109956453968,0.03371320266039996,-0.14525338310785407,0.8452554606577373,-2.5588690505984135,508.75,426.25
56,93,6,0.033303065944075255,-0.005474234281834411,0.028308836877188548,0.044050558311865995,0.1335800588130951,468.0,62.90021874623505,1.2424207054346585,0.20010660716278877,0.3200347896883914,0.16791212164831343,0.18019224888334118,0.8451410466623498,-1.6977100477857707,805.5,511.5
57,0,0,0.00799304365438512,0.001957254742519454,0.007821146780400134,0.011352970093706075,0.06841082125902176,658.5,47.49600318354313,1.301844551190473,0.2700941048082722,0.18885965974735608,0.10710932009567038,-0.25358040775033047,0.8371788532196,-3.041896208593938,405.75,476.5
57,3,0,0.0038139322870848757,0.0010477344240961695,0.003847836709071628,0.005518122348551523,0.17614732682704926,673.5,46.672171042717316,1.2972524017041371,0.19709447017596976,0.16667725498882968,0.11128843145887442,-0.2526708874324327,0.8393886864790051,-3.0437327898181175,405.75,477.75
57,6,0,0.003813932282671559,0.0010477344235299557,0.003848161107280812,0.005518348556102869,0.17614732682704926,673.5,46.672171042717316,1.2972524017041371,0.14507726160479964,0.15499007119419284,0.11128843145887442,-0.2526708874324327,0.8393886864790051,-3.0437327898181175,405.75,477.75
57,9,0,0.0038139322782362733,0.0010477344229608554,0.0038481611380430936,0.0055183485743811765,0.17614732682704926,673.5,46.672171042717316,1.2972524017041371,0.09066019994335928,0.11204107569698218,0.11128843145887442,-0.2526708874324327,0.8393886864790051,-3.0437327898181175,405.75,477.75
57,12,0,0.003813932273778936,0.0010477344223895346,0.0038481611423045736,0.005518348574163772,0.17614732682704926,673.5,46.672171042717316,1.2972524017041371,0.04130895645359073,0.06260601244771158,0.11128843145887442,-0.2526708874324327,0.8393886864790051,-3.0437327898181175,405.75,477.75
57,129,6,0.002880976799770063,-0.012561117780906572,-0.005752393913070586,0.014112821934600894,0.12483513355255127,498.0,73.71519362127657,0.9683276337480734,0.2379788466516101,0.29944253901543116,0.20133704758505605,0.16216947323435205,1.2270306350550917,-2.588562164919662,835.0,215.75
57,132,6,0.027424436463122426,-0.014634033233305449,0.03258686964591817,0.04503508318315167,0.28212136030197144,734.0,42.800496284997614,1.2702501228707157,0.44895279028373225,0.73590432214922,0.17606534055574258,0.16310909833761233,0.7970768794603443,-2.5835060014323705,786.0,547.5
58,0,0,0.0008734372864779155,0.002577896244491118,0.001022424273346978,0.0029075407366880367,0.14350701868534088,657.5,49.66540015285512,1.3280745168308883,0.378995098949682,0.17524483463411367,0.11357804522375121,-0.3964358801371274,0.8439775757266531,0.4825930620172408,273.5,476.25
58,3,0,-0.008223776009901998,-0.0013196260281618244,-0.00784802517358385,0.01144392431993709,0.2733694612979889,673.5,49.34696962252271,1.3159916616733893,0.2650004948478139,0.17152376937925162,0.12267525852380852,-0.392538357862595,0.8510845483616606,0.4627454372309139,273.75,477.5
58,6,0,-0.008223776005939973,-0.0013196260261371107,-0.007847700775374666,0.011443701853183198,0.2733694612979889,673.5,49.34696962252271,1.3159916616733893,0.17059828654062686,0.1740458402067554,0.12267525852380852,-0.392538357862595,0.8510845483616606,0.4627454372309139,273.75,477.5
58,9,0,-0.008223776001958241,-0.0013196260241020163,-0.007847700744612385,0.01144370182899141,0.2733694612979889,673.5,49.34696962252271,1.3159916616733893,0.1108009739881527,0.13359663418638823,0.12267525852380852,-0.392538357862595,0.8510845483616606,0.4627454372309139,273.75,477.5
58,12,0,-0.00822377599795672,-0.001319626022057041,-0.007847700740350905,0.011443701822957609,0.2733694612979889,673.5,49.34696962252271,1.3159916616733893,0.057936679511700555,0.06680642739463405,0.12267525852380852,-0.392538357862595,0.8510845483616606,0.4627454372309139,273.75,477.5
58,15,0,-0.008223775993935312,-0.0013196260200016297,-0.00784770073607155,0.011443701816896053,0.2733694612979889,673.5,49.34696962252271,1.3159916616733893,0.014832213861022406,0.009175364576559208,0.12267525852380852,-0.392538357862595,0.8510845483616606,0.4627454372309139,273.75,477.5
58,279,5,-0.0019556590941529894,-0.005111580509305769,-0.004736686453273409,0.007238028485180321,0.09486974030733109,786.0,53.77539796084859,1.0932896635004603,0.01038844554270333,0.003571075367267973,0.20604571837453406,0.1440638492222337,1.012324939859823,0.8051435486276994,789.0,418.0
59,0,0,-0.009046743461966739,-0.003354113887711771,-0.008752774626855087,0.01302707606897638,0.1204010620713234,709.5,46.62656093222484,1.2376101348020327,0.2582316162960688,0.14651747922429403,0.15552865421751955,-0.12364425958357987,0.8537527746268552,2.7203444917567685,519.25,497.5
59,3,0,-0.009790171764907929,-0.0033530748977024377,-0.009756279105745058,0.014222361141709213,0.12036444991827011,709.5,46.62640570905628,1.2376537768441362,0.225534627599791,0.14393951100857183,0.15627208251674302,-0.12364529857179087,0.8529928022936415,2.7203858103198035,519.25,498.5
59,6,0,-0.009790171768913336,-0.003353074895764821,-0.00975595470887769,0.014222138615662157,0.12036444991827011,709.5,46.62640570905628,1.2376537768441362,0.17416278176761807,0.138187142333124,0.15627208251674302,-0.12364529857179087,0.8529928022936415,2.7203858103198035,519.25,498.5
59,9,0,-0.0097901717729387,-0.003353074893817601,-0.009755954678316803,0.014222138597010195,0.12036444991827011,709.5,46.62640570905628,1.2376537768441362,0.11507692500993483,0.11096326770501219,0.15627208251674302,-0.12364529857179087,0.8529928022936415,2.7203858103198035,519.25,498.5
59,12,0,-0.009790171776984102,-0.003353074891860666,-0.009755954674434242,0.014222138596670257,0.12036444991827011,709.5,46.62640570905628,1.2376537768441362,0.0625750876684925,0.07193212412738459,0.15627208251674302,-0.12364529857179087,0.8529928022936415,2.7203858103198035,519.25,498.5
59,15,0,-0.0097901717810496,-0.003353074889894017,-0.00975595467057322,0.014222138596356635,0.12036444991827011,709.5,46.62640570905628,1.2376537768441362,0.02118062097226737,0.021286481085292075,0.15627208251674302,-0.12364529857179087,0.8529928022936415,2.7203858103198035,519.25,498.5
