ep,step,phase,res_x,res_y,res_z,res_norm,reproj,area_px,obliq_deg,cam_range,gripper_perp,gripper_dz,det_x,det_y,det_z,obj_yaw,cx,cy
0,0,0,-0.010974560343851839,-0.003337106825791303,-0.01142831538981004,0.016192086010040747,0.08079148083925247,567.0,50.851877559325246,1.3629879817845443,0.21955596942997302,0.1401492422746744,0.009700476564052549,-0.2803082889151663,0.8564283153898101,-1.6325366056242834,392.25,405.0
0,3,0,0.001891277327962303,0.00031115555107114057,1.5540039262518235e-05,0.00191676529628614,0.3203412890434265,547.0,51.14377493431608,1.3817453637167358,0.1421044355503845,0.1420248900041995,-0.0031653611080727975,-0.28395655129614694,0.8432209831488142,-1.6507832833208267,392.5,406.25
0,6,0,0.0018912773276270106,0.0003111555466344118,1.5864437471702075e-05,0.0019167679527197913,0.3203412890434265,547.0,51.14377493431608,1.3817453637167358,0.10219435981982136,0.12884024514425585,-0.0031653611080727975,-0.28395655129614694,0.8432209831488142,-1.6507832833208267,392.5,406.25
0,9,0,0.0018912773272900492,0.0003111555421755341,1.5864468233983686e-05,0.0019167679519180953,0.3203412890434265,547.0,51.14377493431608,1.3817453637167358,0.05608115130926368,0.08105502350240501,-0.0031653611080727975,-0.28395655129614694,0.8432209831488142,-1.6507832833208267,392.5,406.25
0,12,0,0.0018912773269514128,0.0003111555376943964,1.5864472495463744e-05,0.0019167679508917946,0.3203412890434265,547.0,51.14377493431608,1.3817453637167358,0.026879877961804896,0.0363279355310403,-0.0031653611080727975,-0.28395655129614694,0.8432209831488142,-1.6507832833208267,392.5,406.25
0,147,5,0.0206485743026521,-0.012082803288196053,0.0036095020673976297,0.024194756894995534,0.2298353612422943,594.0,71.48105836314953,0.9647298930211284,0.02668818806455756,0.03725783081829337,0.17795811969455427,0.1665748817474202,1.2733410839150512,-1.8422779740050748,844.0,149.0
0,150,6,-0.003999246673795864,-0.007302184300959608,-0.008737508602969513,0.01206896541174986,0.3538602292537689,681.0,61.949440017414936,1.0519908529485502,0.18893136295786953,0.2334052836765066,0.20267638836023544,0.15686195762118357,1.081902597475196,-1.8346340949343947,810.0,357.5
1,0,0,0.008330306450011524,0.0013365377352678176,0.007836671497067238,0.011514936335987467,0.07798322290182114,654.0,46.67216948101057,1.304549402842555,0.24157040956325518,0.16966932856243278,0.09209212900338588,-0.21043206364387113,0.8371633285029328,0.6988317294555765,446.5,467.0
1,3,0,-0.01704274768765858,-0.004901565335570013,-0.01678265171308224,0.024415937213358732,0.11014151573181152,648.0,49.772754505478915,1.2698932024149887,0.18284120766885115,0.13317457190468207,0.11746518314414318,-0.20419396057029013,0.860019174901159,0.6894850765231504,447.0,468.25
1,6,0,-0.01704274768433245,-0.004901565332614599,-0.016782327314873058,0.024415714231724672,0.11014151573181152,648.0,49.772754505478915,1.2698932024149887,0.1289165888428456,0.1174307618605841,0.11746518314414318,-0.20419396057029013,0.860019174901159,0.6894850765231504,447.0,468.25
1,9,0,-0.017042747680989748,-0.004901565329644447,-0.016782327284110776,0.024415714207650426,0.11014151573181152,648.0,49.772754505478915,1.2698932024149887,0.07651621091586595,0.07768699802665668,0.11746518314414318,-0.20419396057029013,0.860019174901159,0.6894850765231504,447.0,468.25
1,12,0,-0.017042747677630435,-0.004901565326659557,-0.016782327279849296,0.024415714201777152,0.11014151573181152,648.0,49.772754505478915,1.2698932024149887,0.030995551401316164,0.02748519395925786,0.11746518314414318,-0.20419396057029013,0.860019174901159,0.6894850765231504,447.0,468.25
2,0,0,0.004196300938559189,0.00043070104728773484,0.005361151928244712,0.006821758934234591,0.07514183968305588,762.5,44.190555312730964,1.239903351701238,0.2968791692100798,0.17517543755751253,0.18442886910472295,-0.20843854027036907,0.8396388480717554,-1.7376799978775075,437.75,526.5
2,3,0,-0.013862199991531154,-0.003927048926885501,-0.0136429235016442,0.01984216882175622,0.06252527236938477,773.0,45.71053381496747,1.2146356188873784,0.23983867624183874,0.1477346088299094,0.2024873700341268,-0.20408079030026816,0.8568794466897209,-1.6971522365386,437.75,528.0
2,6,0,-0.01386219999227098,-0.0039270489312730195,-0.013642599103435016,0.019841945777351978,0.06252527236938477,773.0,45.71053381496747,1.2146356188873784,0.18901278774901584,0.15054819271007647,0.2024873700341268,-0.20408079030026816,0.8568794466897209,-1.6971522365386,437.75,528.0
2,9,0,-0.01386219999301444,-0.003927048935682381,-0.013642599072672734,0.019841945757593044,0.06252527236938477,773.0,45.71053381496747,1.2146356188873784,0.13475524890533014,0.12509102672148975,0.2024873700341268,-0.20408079030026816,0.8568794466897209,-1.6971522365386,437.75,528.0
2,12,0,-0.013862199993761537,-0.003927048940113725,-0.013642599068411254,0.019841945756061987,0.06252527236938477,773.0,45.71053381496747,1.2146356188873784,0.08045401390821735,0.08714270446168149,0.2024873700341268,-0.20408079030026816,0.8568794466897209,-1.6971522365386,437.75,528.0
2,15,0,-0.01386219999451227,-0.003927048944567024,-0.013642599064131788,0.01984194575452545,0.06252527236938477,773.0,45.71053381496747,1.2146356188873784,0.03126775930730083,0.033145623926711276,0.2024873700341268,-0.20408079030026816,0.8568794466897209,-1.6971522365386,437.75,528.0
3,0,0,0.011931765898139704,0.004287377361338496,0.00938675825087043,0.015775293104941395,0.23854109644889832,556.5,50.562540117826735,1.3884362493748372,0.2612584751631812,0.15700555731998478,0.0031740727545988643,-0.31303377722679687,0.8356132417491297,-2.1147563179586943,367.75,414.75
3,3,0,0.012280972855522427,0.004361385601801937,0.009496813837645557,0.016125552756807437,0.12797239422798157,560.0,50.21014656723874,1.3899380035887665,0.1720463619983698,0.15495987898028107,0.0028248657950376652,-0.3131077854707687,0.8337397093504312,-2.0922701252501494,368.0,415.75
3,6,0,0.012280972853175321,0.00436138559802185,0.00949713823585474,0.016125743803806252,0.12797239422798157,560.0,50.21014656723874,1.3899380035887665,0.11242010335830226,0.14960934018581662,0.0028248657950376652,-0.3131077854707687,0.8337397093504312,-2.0922701252501494,368.0,415.75
3,9,0,0.012280972850816531,0.0043613855942229995,0.009497138266617022,0.016125743819099633,0.12797239422798157,560.0,50.21014656723874,1.3899380035887665,0.06536328763523831,0.10485772875758137,0.0028248657950376652,-0.3131077854707687,0.8337397093504312,-2.0922701252501494,368.0,415.75
3,12,0,0.01228097284844602,0.00436138559040522,0.009497138270878502,0.016125743818771514,0.12797239422798157,560.0,50.21014656723874,1.3899380035887665,0.0276093423474049,0.05597649141213723,0.0028248657950376652,-0.3131077854707687,0.8337397093504312,-2.0922701252501494,368.0,415.75
4,0,0,-0.009452684575463915,-0.0036699768426192297,-0.00914077491395926,0.013651950107447717,0.1044674813747406,754.0,45.65366059265241,1.2084580849052526,0.29032105681689163,0.14195886057281037,0.1936015099852148,-0.08676789212020743,0.8541407749139593,0.49437186412478457,552.0,523.5
4,3,0,-0.01018215499291747,-0.0036694989048360466,-0.010163428020726784,0.01484711324281193,0.10454495251178741,754.0,45.65487510734983,1.2085209831308827,0.26271623103050623,0.14690320543748725,0.1943309804062951,-0.08676837005601547,0.8533999512088035,0.494440166175518,552.0,524.5
4,6,0,-0.01018215498900979,-0.0036694989027080543,-0.0101631036225176,0.014846891178264321,0.10454495251178741,754.0,45.65487510734983,1.2085209831308827,0.2120271838510048,0.14363404516219092,0.1943309804062951,-0.08676837005601547,0.8533999512088035,0.494440166175518,552.0,524.5
4,9,0,-0.010182154985082764,-0.0036694989005694734,-0.010163103591755318,0.014846891153984939,0.10454495251178741,754.0,45.65487510734983,1.2085209831308827,0.14734000660634644,0.11490522795007563,0.1943309804062951,-0.08676837005601547,0.8533999512088035,0.494440166175518,552.0,524.5
4,12,0,-0.010182154981136227,-0.003669498898420262,-0.010163103587493838,0.01484689114783007,0.10454495251178741,754.0,45.65487510734983,1.2085209831308827,0.09344556140794646,0.09654250335313064,0.1943309804062951,-0.08676837005601547,0.8533999512088035,0.494440166175518,552.0,524.5
4,15,0,-0.010182154977169983,-0.0036694988962603647,-0.010163103583214483,0.014846891141646812,0.10454495251178741,754.0,45.65487510734983,1.2085209831308827,0.043269253022938894,0.049726420161187335,0.1943309804062951,-0.08676837005601547,0.8533999512088035,0.494440166175518,552.0,524.5
4,18,0,0.004855513179086335,-0.0016666029136721827,0.0066074090917249695,0.008367283215569525,0.2725817859172821,760.0,43.09192970123476,1.231140749779437,0.014882956883392851,0.03341683159933628,0.1815043883886564,-0.08768047782540864,0.8345303864416059,0.4829487396656782,552.75,527.75
4,144,5,-0.012178435154394956,-0.011440745433245025,-0.011925431579639212,0.020528537630303236,0.16622641682624817,739.0,53.63650912998935,1.1351196972464719,0.19604097833810583,0.2991364056989151,0.2023460962624291,0.16739381749117938,0.959921341387539,0.6876059475384776,807.75,455.75
5,0,0,-0.011833720383143308,-0.003371069571710017,-0.011942073348206739,0.017146841225650872,0.0943097397685051,557.0,51.59939559484113,1.3465549087392783,0.19173488782870737,0.16018795821611376,0.01636167791726135,-0.21934747143402644,0.8569420733482068,-1.1753421362716048,444.5,408.5
5,3,0,0.009629652283001042,0.0012921889091077332,0.006381899515092382,0.011624482641780861,0.16711150109767914,555.0,49.78147207309081,1.3763156259411844,0.13455622114595872,0.15233181228027015,-0.005101694747246579,-0.224010729918636,0.8368546236729844,-1.1911796105511012,444.75,409.25
5,6,0,0.009629652284764128,0.0012921889050224455,0.006382223913301566,0.01162466074219994,0.16711150109767914,555.0,49.78147207309081,1.3763156259411844,0.0954524266574742,0.12909858086185788,-0.005101694747246579,-0.224010729918636,0.8368546236729844,-1.1911796105511012,444.75,409.25
5,9,0,0.009629652286535992,0.0012921889009168408,0.006382223944063847,0.01162466076010059,0.16711150109767914,555.0,49.78147207309081,1.3763156259411844,0.04980275364136973,0.0783543056027447,-0.005101694747246579,-0.224010729918636,0.8368546236729844,-1.1911796105511012,444.75,409.25
5,12,0,0.009629652288316663,0.0012921888967908357,0.006382223948325327,0.011624660763456678,0.16711150109767914,555.0,49.78147207309081,1.3763156259411844,0.02308125685068773,0.03558429519884565,-0.005101694747246579,-0.224010729918636,0.8368546236729844,-1.1911796105511012,444.75,409.25
5,135,6,-0.005383690564727789,-0.005451711229656694,-0.007434982305356441,0.01067634025821898,0.09318875521421432,733.0,48.93325021043477,1.1926570512184067,0.5488714012230116,0.8039496032673611,0.23264211172751864,0.10336679983357426,0.8428572230243195,-1.0084406799561385,736.5,559.0
6,0,0,-0.005496372916206138,-0.0009861000641595563,-0.005370312812683742,0.007747436238951245,0.1637001633644104,721.5,46.745188589872605,1.2672288476551135,0.3161549360509621,0.15553053765559555,0.1555806122405044,-0.2889485695351976,0.8503703128126838,-2.0328348300535386,364.25,499.75
6,3,0,0.008137601227679508,0.003470654249214944,0.008882275307611653,0.012536379433414277,0.1461867392063141,705.0,46.17248663577322,1.2887006631939468,0.2340432290307603,0.16683917739752752,0.14194663809459246,-0.2934053238521707,0.8343542478804651,-2.0529770846048208,364.75,501.0
6,6,0,0.008137601225496477,0.0034706542453378786,0.008882599705820837,0.012536609275626805,0.1461867392063141,705.0,46.17248663577322,1.2887006631939468,0.1743851706593196,0.17170669540492067,0.14194663809459246,-0.2934053238521707,0.8343542478804651,-2.0529770846048208,364.75,501.0
6,9,0,0.00813760122330262,0.003470654241441329,0.008882599736583119,0.012536609294920118,0.1461867392063141,705.0,46.17248663577322,1.2887006631939468,0.12140525401983308,0.14248568565715847,0.14194663809459246,-0.2934053238521707,0.8343542478804651,-2.0529770846048208,364.75,501.0
6,12,0,0.008137601221097773,0.0034706542375255722,0.008882599740844599,0.01253660929542429,0.1461867392063141,705.0,46.17248663577322,1.2887006631939468,0.0677434517709366,0.0972568729963591,0.14194663809459246,-0.2934053238521707,0.8343542478804651,-2.0529770846048208,364.75,501.0
6,15,0,0.008137601218882018,0.0034706542335903867,0.008882599745124065,0.012536609295928746,0.1461867392063141,705.0,46.17248663577322,1.2887006631939468,0.020818318681294926,0.043207520556501566,0.14194663809459246,-0.2934053238521707,0.8343542478804651,-2.0529770846048208,364.75,501.0
6,144,6,-0.013987286340120142,0.0010308531304536739,-0.018266265147981686,0.02302961744783113,0.15863148868083954,623.0,67.07406286881643,0.9990758093923063,0.3789162155769931,0.47082454484967684,0.2389697722246325,0.1641699384335935,1.1238740568864964,-1.5133032642450608,828.25,345.75
7,0,0,-0.009014926642104931,-0.0032856109316547477,-0.00877343508719386,0.013001434720289402,0.14807094633579254,769.0,45.37976774519974,1.2030091858849756,0.2944164064057416,0.1581240761087892,0.2048863632180356,-0.10864322469248636,0.8537734350871939,0.5560068874455186,530.25,531.75
7,3,0,-0.010155014306825222,-0.0032920206242500194,-0.009490432409830607,0.01428390782271699,0.2789873480796814,769.0,45.34734879326552,1.2030356896101453,0.2725043503912415,0.15336564424923016,0.20602645088622468,-0.1086368149976499,0.8527269555979073,0.5559732570249809,530.25,533.25
7,6,0,-0.010155014303087961,-0.0032920206218353815,-0.009490108011621423,0.014283692286756657,0.2789873480796814,769.0,45.34734879326552,1.2030356896101453,0.22671634326439266,0.15640543175958044,0.20602645088622468,-0.1086368149976499,0.8527269555979073,0.5559732570249809,530.25,533.25
7,9,0,-0.010155014299332105,-0.0032920206194087115,-0.009490107980859142,0.01428369226308863,0.2789873480796814,769.0,45.34734879326552,1.2030356896101453,0.15946083905678066,0.12981608915966358,0.20602645088622468,-0.1086368149976499,0.8527269555979073,0.5559732570249809,530.25,533.25
7,12,0,-0.01015501429555754,-0.003292020616969968,-0.009490107976597661,0.014283692257011697,0.2789873480796814,769.0,45.34734879326552,1.2030356896101453,0.10445619151130883,0.10868188424386882,0.20602645088622468,-0.1086368149976499,0.8527269555979073,0.5559732570249809,530.25,533.25
7,15,0,-0.010155014291764242,-0.003292020614519109,-0.009490107972318307,0.014283692250906775,0.2789873480796814,769.0,45.34734879326552,1.2030356896101453,0.053330265496150844,0.06065909162283423,0.20602645088622468,-0.1086368149976499,0.8527269555979073,0.5559732570249809,530.25,533.25
7,96,6,0.05433224689390509,-0.005761167167836603,0.037418395562164086,0.06622175191070226,0.24040843546390533,472.0,68.24240944847584,1.1065170555364072,0.08984797284826969,0.17012906800052008,0.1622813911359457,0.1290696465321515,1.0386993934348854,0.38022479554531136,771.5,366.25
8,0,0,0.00232651557660013,0.0024534003610220956,0.001402836146262687,0.0036605733584901055,0.3399781882762909,628.0,49.424868026936956,1.341244827399243,0.3152914836191872,0.16424524072516178,0.07709303506860328,-0.35442110508878316,0.8435971638537374,-0.19263136453709095,318.5,453.5
8,3,0,0.0024924308297547965,0.0029704845572225413,0.002114631641249032,0.0044167473239909655,0.09406939893960953,628.0,49.29019188504713,1.3431694146174007,0.2077448787032261,0.16776594678983203,0.07692711981949259,-0.3549381892858212,0.8411218915468277,-0.19187379949762634,318.5,455.0
8,6,0,0.0024924308341117973,0.002970484556320152,0.0021149560394582156,0.004416902649030035,0.09406939893960953,628.0,49.29019188504713,1.3431694146174007,0.13921519509724642,0.16718428996538992,0.07692711981949259,-0.3549381892858212,0.8411218915468277,-0.19187379949762634,318.5,455.0
8,9,0,0.002492430838490489,0.002970484555413322,0.002114956070213947,0.004416902665617877,0.09406939893960953,628.0,49.29019188504713,1.3431694146174007,0.08677244931246163,0.12329567500977523,0.07692711981949259,-0.3549381892858212,0.8411218915468277,-0.19187379949762634,318.5,455.0
8,12,0,0.0024924308428909275,0.0029704845545019953,0.0021149560744819773,0.004416902669531797,0.09406939893960953,628.0,49.29019188504713,1.3431694146174007,0.037111591960019175,0.05771180198397541,0.07692711981949259,-0.3549381892858212,0.8411218915468277,-0.19187379949762634,318.5,455.0
9,0,0,0.0012661505200772805,-0.0025857544210403094,0.00128467870418425,0.0031527230196143137,0.342239111661911,700.0,46.02521704084324,1.2477859088003975,0.26233128023615043,0.16794432390522973,0.14726354900689004,-0.09196901921061715,0.8437153212958158,-0.8385183496838832,550.0,498.5
9,3,0,-0.0011614231659367036,-0.0032662770672929192,-0.0006704055008346366,0.003530851623368987,0.27628421783447266,700.0,46.31041735463248,1.2459387747019834,0.24108955481522118,0.16274356492611664,0.14969112269576273,-0.09128849656734499,0.8439069286889114,-0.8383636883095616,550.5,500.0
9,6,0,-0.0011614231628566951,-0.003266277070504059,-0.0006700811026254527,0.0035307900459552065,0.27628421783447266,700.0,46.31041735463248,1.2459387747019834,0.18891882144557573,0.15665926189586776,0.14969112269576273,-0.09128849656734499,0.8439069286889114,-0.8383636883095616,550.5,500.0
9,9,0,-0.0011614231597613656,-0.003266277073731172,-0.0006700810718631711,0.0035307900420842417,0.27628421783447266,700.0,46.31041735463248,1.2459387747019834,0.12631124897667526,0.13774232572917855,0.14969112269576273,-0.09128849656734499,0.8439069286889114,-0.8383636883095616,550.5,500.0
9,12,0,-0.001161423156650604,-0.0032662770769743416,-0.0006700810676016911,0.003530790043252434,0.27628421783447266,700.0,46.31041735463248,1.2459387747019834,0.07305368318234547,0.10250156962398183,0.14969112269576273,-0.09128849656734499,0.8439069286889114,-0.8383636883095616,550.5,500.0
9,15,0,0.01790099319607144,-0.0008750094136642794,0.019011904446500694,0.02612783400059542,0.3413757085800171,684.5,45.13747620642535,1.273437002873728,0.02757327400725785,0.06381793227504484,0.1306287063461668,-0.09367976423391433,0.8242249431790883,-0.8417453188313911,550.25,500.0
10,0,0,-0.02028248913881306,-0.006048365177625414,-0.021075897977569702,0.029868973242294553,0.13540665805339813,778.0,47.45629014960221,1.1980366850168003,0.3226456473922283,0.16942722484007144,0.22338053461098556,-0.22546016607987612,0.8660758979775698,-3.1091994890806816,413.0,537.0
10,3,0,-0.00036328734717863687,-0.00044650603003826284,0.0014033706846502403,0.0015168370413516101,0.12028026580810547,788.0,43.955469749445186,1.2298904547619645,0.264353256247721,0.17690589039874605,0.20346133281522133,-0.23106202522747774,0.8418331525034265,-3.121354169564996,413.5,538.5
10,6,0,-0.0003632873516280499,-0.0004465060300549162,0.0014036950828594241,0.0015171371791542283,0.12028026580810547,788.0,43.955469749445186,1.2298904547619645,0.2164759921515292,0.18270852419656725,0.20346133281522133,-0.23106202522747774,0.8418331525034265,-3.121354169564996,413.5,538.5
10,9,0,-0.00036328735609966745,-0.0004465060300715695,0.0014036951136217057,0.001517137208691954,0.12028026580810547,788.0,43.955469749445186,1.2298904547619645,0.16053056180631955,0.15356928782401003,0.20346133281522133,-0.23106202522747774,0.8418331525034265,-3.121354169564996,413.5,538.5
10,12,0,-0.00036328736059340616,-0.00044650603008822287,0.0014036951178831858,0.0015171372137157402,0.12028026580810547,788.0,43.955469749445186,1.2298904547619645,0.10585764133045668,0.11944888004139864,0.20346133281522133,-0.23106202522747774,0.8418331525034265,-3.121354169564996,413.5,538.5
10,15,0,-0.0003632873651094881,-0.0004465060301048762,0.0014036951221626515,0.0015171372187615174,0.12028026580810547,788.0,43.955469749445186,1.2298904547619645,0.05421514945432846,0.07027207267001112,0.20346133281522133,-0.23106202522747774,0.8418331525034265,-3.121354169564996,413.5,538.5
11,0,0,-0.017528077763484085,-0.005540079255354657,-0.017886503599480852,0.025648645173821514,0.1706567406654358,692.0,49.41925766132882,1.270374394423953,0.3048708587647736,0.16559194894927065,0.14849483392283497,-0.3190919908991304,0.8628865035994809,1.3299615551742408,335.0,486.75
11,3,0,-0.01107624442126931,-0.0026265513342352276,-0.010477115865501152,0.015471002528931611,0.09482874721288681,699.0,48.0652263900898,1.2818373562264034,0.22313007377637797,0.1564243708966503,0.14204300058174452,-0.3220055188162761,0.8537136390535779,1.2859297103785343,335.0,488.5
11,6,0,-0.01107624442005789,-0.002626551329953819,-0.010476791467291968,0.015470782843504317,0.09482874721288681,699.0,48.0652263900898,1.2818373562264034,0.16387396277559854,0.15402163124311918,0.14204300058174452,-0.3220055188162761,0.8537136390535779,1.2859297103785343,335.0,488.5
11,9,0,-0.011076244418840447,-0.0026265513256511497,-0.010476791436529687,0.015470782821070036,0.09482874721288681,699.0,48.0652263900898,1.2818373562264034,0.11109894082340854,0.11320641261469966,0.14204300058174452,-0.3220055188162761,0.8537136390535779,1.2859297103785343,335.0,488.5
11,12,0,-0.011076244417616954,-0.002626551321327053,-0.010476791432268207,0.01547078281657409,0.09482874721288681,699.0,48.0652263900898,1.2818373562264034,0.06008425453538563,0.06271262009973555,0.14204300058174452,-0.3220055188162761,0.8537136390535779,1.2859297103785343,335.0,488.5
11,156,5,0.02920804473423111,-0.017058022462336342,0.012257120130648502,0.035976700813437096,0.32145774364471436,501.0,71.21829415542106,1.0291114926680625,0.011185871885392535,0.021552592075436916,0.17103020460721569,0.1758257860124547,1.1660780568937015,0.9787907932820732,838.25,258.0
11,159,6,0.008785592317322483,-0.013027430498949,0.0017876475207041498,0.015814432061551312,0.14470194280147552,559.0,65.06315558060102,1.0973154260887614,0.11158087598070904,0.1607222470075511,0.19135296522220097,0.17245389670508465,1.0285772591686166,1.0030264886747007,819.5,394.5
12,0,0,-0.007854809106014271,-0.0022851069808620394,-0.008573308980472705,0.011849952188956842,0.08721703290939331,597.0,50.35352650978975,1.3426361732588545,0.2692799145260286,0.15695906109818913,0.047474799703315425,-0.30296340401230476,0.8535733089804728,-0.2634893041075597,367.5,429.0
12,3,0,-7.772795764466461e-05,0.00022298619789917762,-0.0013063392283998443,0.001327511453626462,0.23446498811244965,583.0,50.58387073881947,1.3547493994605793,0.1801010493505167,0.15839691322519212,0.03969771855890209,-0.3054714971922505,0.8445428624164766,-0.284585461504984,367.75,430.25
12,6,0,-7.772795338216454e-05,0.00022298619662297625,-0.0013060148301906604,0.001327192229972471,0.23446498811244965,583.0,50.58387073881947,1.3547493994605793,0.12276427431387539,0.1462559358342861,0.03969771855890209,-0.3054714971922505,0.8445428624164766,-0.284585461504984,367.75,430.25
12,9,0,-7.77279490984592e-05,0.00022298619534022457,-0.0013060147994283788,0.0013271921992346512,0.23446498811244965,583.0,50.58387073881947,1.3547493994605793,0.07259136844474509,0.10150629601914218,0.03969771855890209,-0.3054714971922505,0.8445428624164766,-0.284585461504984,367.75,430.25
12,12,0,-7.77279447934584e-05,0.00022298619405136666,-0.0013060147951668988,0.0013271921945724988,0.23446498811244965,583.0,50.58387073881947,1.3547493994605793,0.028121972426853513,0.0429743794728239,0.03969771855890209,-0.3054714971922505,0.8445428624164766,-0.284585461504984,367.75,430.25
13,0,0,-0.0013503045919899537,-0.0032242670542852736,-0.0021244101795214743,0.00409051819936705,0.2872401177883148,607.0,48.91376230845253,1.3050736626693569,0.19812363047012926,0.17849036707104038,0.06288363651623637,-0.09922628477626172,0.8471244101795216,-2.412163353507651,547.5,442.5
13,3,0,-0.006809825717379231,-0.00342578133879895,-0.007078761593965477,0.010402815474021604,0.18530018627643585,605.0,49.46639856021124,1.2989314700503547,0.1714409200212087,0.1441961510999762,0.06834315763857386,-0.0990247704945305,0.8503152847820422,-2.433682777798381,547.25,443.75
13,6,0,-0.006809825720667184,-0.003425781341796774,-0.007078437195756293,0.010402594737945406,0.18530018627643585,605.0,49.46639856021124,1.2989314700503547,0.11284341953029224,0.12329836184604526,0.06834315763857386,-0.0990247704945305,0.8503152847820422,-2.433682777798381,547.25,443.75
13,9,0,-0.006809825723971506,-0.0034257813448095586,-0.007078437164994011,0.010402594720168508,0.18530018627643585,605.0,49.46639856021124,1.2989314700503547,0.059255642523430976,0.07718938297328182,0.06834315763857386,-0.0990247704945305,0.8503152847820422,-2.433682777798381,547.25,443.75
13,12,0,-0.006809825727292253,-0.003425781347837331,-0.007078437160732531,0.010402594720439744,0.18530018627643585,605.0,49.46639856021124,1.2989314700503547,0.021876686600831856,0.023585782281256962,0.06834315763857386,-0.0990247704945305,0.8503152847820422,-2.433682777798381,547.25,443.75
13,129,6,0.08546222942008526,-0.019970574769854615,0.07501573566770037,0.11545552005796836,0.23465117812156677,363.0,68.1204729622747,1.2653791011626236,0.06736000458855337,0.1735490179134962,0.11710828541925396,0.16396276813939162,0.8584829218417249,-1.350536303010529,787.0,469.0
14,0,0,-0.01646979278053423,-0.004873821487514918,-0.016186792454324972,0.023601280899249757,0.1790367215871811,638.0,50.25044115517795,1.2913509555822846,0.2604863507377459,0.13123026653431558,0.10306019203116497,-0.27036522235020943,0.8611867924543251,2.3174054878089625,387.75,458.25
14,3,0,-0.017204008167764726,-0.0048630652804161345,-0.01714370176035751,0.024769614672137907,0.17901210486888885,638.0,50.24606818060064,1.2913988454856582,0.17750875981218014,0.12269636409119011,0.10379440741553099,-0.27037597855433326,0.8603802249484342,2.3175033585207703,387.75,459.25
14,6,0,-0.017204008170850937,-0.004863065277210976,-0.017143377362148327,0.024769390150226563,0.17901210486888885,638.0,50.24606818060064,1.2913988454856582,0.12538419047692825,0.11545782069994948,0.10379440741553099,-0.27037597855433326,0.8603802249484342,2.3175033585207703,387.75,459.25
14,9,0,-0.017204008173952526,-0.004863065273989886,-0.017143377331386045,0.02476939013045724,0.17901210486888885,638.0,50.24606818060064,1.2913988454856582,0.07532645003367641,0.07344984034142665,0.10379440741553099,-0.27037597855433326,0.8603802249484342,2.3175033585207703,387.75,459.25
14,12,0,-0.017204008177069532,-0.004863065270752753,-0.017143377327124565,0.0247693901290372,0.17901210486888885,638.0,50.24606818060064,1.2913988454856582,0.030808755382715047,0.025956338228121156,0.10379440741553099,-0.27037597855433326,0.8603802249484342,2.3175033585207703,387.75,459.25
15,0,0,-0.0025520738956041136,-7.036760495710004e-05,-0.0038957692442637137,0.004657794625464118,0.07569333910942078,546.0,53.14106347686554,1.380259971563751,0.29138493341740523,0.1472676245106448,0.01851317828299221,-0.3602948420545677,0.8488957692442638,-2.4577035799325704,322.5,415.0
15,3,0,0.028835742548499375,0.011893569208507815,0.02470231267099643,0.03978895937488908,0.3932580053806305,558.0,49.19334500529296,1.4255245168216906,0.1899089908683345,0.1774718756797431,-0.012874638164248544,-0.3722587788707184,0.8185342105170803,-2.4567116817949337,322.5,416.5
15,6,0,0.02883574254511928,0.01189356920561424,0.024702637069205613,0.039789160769611975,0.3932580053806305,558.0,49.19334500529296,1.4255245168216906,0.11517239837338544,0.16953729530237072,-0.012874638164248544,-0.3722587788707184,0.8185342105170803,-2.4567116817949337,322.5,416.5
15,9,0,0.02883574254172236,0.011893569202706233,0.024702637099967895,0.03978916078537934,0.3932580053806305,558.0,49.19334500529296,1.4255245168216906,0.06441309616317392,0.12131158667474107,-0.012874638164248544,-0.3722587788707184,0.8185342105170803,-2.4567116817949337,322.5,416.5
15,126,6,-0.01179706422938187,-0.00827198005475957,-0.014753613199415039,0.020621965980392246,0.03387019410729408,614.0,71.1527082589689,0.9343922110756843,0.27143555407479875,0.31002622807497415,0.2283099845873296,0.14583805379632228,1.243724791939997,-1.446698921618393,820.75,216.0
15,129,6,0.028947781615166368,-0.009807141006362013,0.03703234629548102,0.048016130074241284,0.296443909406662,803.5,37.36507873725143,1.2616559020556832,0.48841201778519855,0.7675023127883274,0.19243705213576218,0.13953563734657087,0.7907568054246887,-1.3920937047544877,765.0,562.75
16,0,0,-0.0036069543223134215,-0.0003460458654286347,-0.0023843930855129702,0.004337648857443141,0.12457805126905441,759.0,46.58386189121319,1.2375803680119852,0.33542040602991235,0.16367268212439823,0.20008562157766435,-0.27753778235815235,0.847384393085513,-1.5762467996741858,368.5,532.5
16,3,0,-0.010935678236060287,-0.0030841238613827926,-0.010245208943999495,0.015299189023644378,0.21014316380023956,779.0,46.02135554415254,1.227783328553435,0.26108465079883253,0.16331873432472044,0.20741434549127152,-0.27479970436632556,0.8534817321320762,-1.6068473265647354,369.0,533.75
16,6,0,-0.010935678236210167,-0.0030841238658297354,-0.010244884545790311,0.015298971791015055,0.21014316380023956,779.0,46.02135554415254,1.227783328553435,0.20724994249002843,0.17474015011085742,0.20741434549127152,-0.27479970436632556,0.8534817321320762,-1.6068473265647354,369.0,533.75
16,9,0,-0.010935678236362018,-0.003084123870298827,-0.01024488451502803,0.015298971771424707,0.21014316380023956,779.0,46.02135554415254,1.227783328553435,0.15529188034051866,0.1485792075202812,0.20741434549127152,-0.27479970436632556,0.8534817321320762,-1.6068473265647354,369.0,533.75
16,12,0,-0.01093567823651398,-0.003084123874789957,-0.01024488451076655,0.015298971769585017,0.21014316380023956,779.0,46.02135554415254,1.227783328553435,0.09940875418015156,0.10672162578262734,0.20741434549127152,-0.27479970436632556,0.8534817321320762,-1.6068473265647354,369.0,533.75
16,15,0,-0.01093567823666633,-0.003084123879303513,-0.010244884506487195,0.015298971767738154,0.21014316380023956,779.0,46.02135554415254,1.227783328553435,0.04670771920307007,0.060002895062190476,0.20741434549127152,-0.27479970436632556,0.8534817321320762,-1.6068473265647354,369.0,533.75
17,0,0,0.014412236639101336,0.009111780290042892,0.01450415453677567,0.022385432848666103,0.0992095097899437,650.0,48.40130048060949,1.3573977139436373,0.3544861321768519,0.17538422935197107,0.09085292356449877,-0.4129070803677303,0.8304958454632244,-0.0927398475848408,266.0,470.5
17,3,0,-0.00499855800152349,0.0004096222508265246,-0.004772898614325061,0.0069234336615289944,0.2805668115615845,661.5,49.470141054002625,1.329886940129524,0.2436036363609948,0.15758458992601143,0.11026371820922883,-0.4042049223289639,0.8480094218024018,-0.0983384973574529,266.25,471.5
17,6,0,-0.0049985579971005,0.0004096222503418012,-0.004772574216115877,0.006923210027630717,0.2805668115615845,661.5,49.470141054002625,1.329886940129524,0.16345011312140584,0.165686818572918,0.11026371820922883,-0.4042049223289639,0.8480094218024018,-0.0983384973574529,266.25,471.5
17,9,0,-0.004998557992655514,0.00040962224985469087,-0.004772574185353595,0.006923210003186374,0.2805668115615845,661.5,49.470141054002625,1.329886940129524,0.11211564312735672,0.14293581697955926,0.11026371820922883,-0.4042049223289639,0.8480094218024018,-0.0983384973574529,266.25,471.5
17,12,0,-0.0049985579881884346,0.0004096222493646384,-0.004772574181092115,0.00692320999699446,0.2805668115615845,661.5,49.470141054002625,1.329886940129524,0.06002920072271116,0.07702562602402507,0.11026371820922883,-0.4042049223289639,0.8480094218024018,-0.0983384973574529,266.25,471.5
18,0,0,0.035758175688779224,0.003997907438816534,0.0292032289660501,0.046340683794291314,0.09359131008386612,546.0,47.3847615293175,1.4096504537617087,0.15245509674847488,0.19576882783428995,-0.04215799067111819,-0.16818279121341367,0.81579677103395,-3.003591949451228,496.75,402.0
18,3,0,0.01842565567752012,0.0010293439837465723,0.014299251154208825,0.02334594011288787,0.3084162175655365,541.5,49.26510820403143,1.3877750304800756,0.12320911935536698,0.14588147052273992,-0.024825470663929865,-0.1652142277590395,0.8289372720338679,-2.982775178494551,497.0,403.25
18,6,0,0.018425655673134245,0.0010293439829969775,0.014299575552418009,0.023346138802798785,0.3084162175655365,541.5,49.26510820403143,1.3877750304800756,0.08488483412201187,0.1216596625826959,-0.024825470663929865,-0.1652142277590395,0.8289372720338679,-2.982775178494551,497.0,403.25
18,9,0,0.018425655668726535,0.0010293439822436912,0.01429957558318029,0.023346138818128824,0.3084162175655365,541.5,49.26510820403143,1.3877750304800756,0.039224057522729616,0.07315991473738714,-0.024825470663929865,-0.1652142277590395,0.8289372720338679,-2.982775178494551,497.0,403.25
19,0,0,0.006905970245353804,0.002622019500189643,0.0065884712899172415,0.009898250614484894,0.07510537654161453,628.0,48.578499257684854,1.3273557938333287,0.26081841489359964,0.1704229403497186,0.07814074327553706,-0.2847022536363891,0.8384115287100828,0.7413063213687143,381.5,457.5
19,3,0,-0.017090176398045512,-0.004887555501440544,-0.01706331183051224,0.02463978365816698,0.17970749735832214,638.0,50.20895990785312,1.2940480397165204,0.18274846237190626,0.12268019568764588,0.10213688992191401,-0.2771926786318973,0.860299835018589,0.7510859256255458,381.75,458.25
19,6,0,-0.01709017639483741,-0.004887555498357399,-0.017062987432303056,0.02463955900723699,0.17970749735832214,638.0,50.20895990785312,1.2940480397165204,0.12759438246110852,0.1110685116611414,0.10213688992191401,-0.2771926786318973,0.860299835018589,0.7510859256255458,381.75,458.25
19,9,0,-0.017090176391613338,-0.004887555495258822,-0.017062987401540775,0.024639558983083114,0.17970749735832214,638.0,50.20895990785312,1.2940480397165204,0.08075538694619985,0.0774297298796337,0.10213688992191401,-0.2771926786318973,0.860299835018589,0.7510859256255458,381.75,458.25
19,12,0,-0.017090176388373235,-0.004887555492144924,-0.017062987397279294,0.024639558977266985,0.17970749735832214,638.0,50.20895990785312,1.2940480397165204,0.034878852577664585,0.029350730573491468,0.10213688992191401,-0.2771926786318973,0.860299835018589,0.7510859256255458,381.75,458.25
20,0,0,0.007114328998570778,0.0016695181696461114,0.005192149565703907,0.008964339637213823,0.3054909408092499,582.0,49.04217010377606,1.363633354047898,0.22730678767749213,0.1707460741398893,0.019145411172002365,-0.2626222586071931,0.8398078504342962,1.6482329585668636,408.5,421.25
20,3,0,-0.00956907359479148,-0.00282641278358986,-0.009694879474435258,0.013912097854371273,0.281840443611145,576.5,50.98278390834382,1.3420086980794161,0.14928844238632274,0.13183149071953415,0.0358288137650204,-0.25812632764984167,0.852931402662512,1.6691343372935312,408.75,422.5
20,6,0,-0.009569073595162347,-0.002826412779155907,-0.009694555076226075,0.013911871793320617,0.281840443611145,576.5,50.98278390834382,1.3420086980794161,0.09825611513646744,0.1052122470621416,0.0358288137650204,-0.25812632764984167,0.852931402662512,1.6691343372935312,408.75,422.5
20,9,0,-0.00956907359553506,-0.002826412774699749,-0.009694555045463793,0.0139118717712348,0.281840443611145,576.5,50.98278390834382,1.3420086980794161,0.05200965300131624,0.05913086564114234,0.0358288137650204,-0.25812632764984167,0.852931402662512,1.6691343372935312,408.75,422.5
20,123,6,0.026982299245988828,-0.012117757496542536,0.0027372795620064228,0.029704834938872833,0.07340622693300247,528.0,76.47234618337242,0.905567232749138,0.11829210746232748,0.13832203767257134,0.19753977999216404,0.1764146022156062,1.3692277630144019,1.6312497120019354,877.5,42.0
20,126,6,-0.0054172406168971066,-0.005453761985925731,-0.010252845218082784,0.012814478169884692,0.2458534687757492,715.0,60.55351548424512,1.0497466352279805,0.3532411258077018,0.4564161539560896,0.22842582852233256,0.17083699937514288,1.0590180785827208,1.6435362683674992,826.0,395.75
21,0,0,0.0037545632438527807,0.0021888581548965003,0.0017072333557670571,0.00466931375101212,0.21437682211399078,565.0,51.29916130244867,1.3805434003432355,0.2962446536805312,0.15102788550137392,0.019144689691730617,-0.3488623416931986,0.843292766644233,-2.1162217549529965,333.25,419.0
21,3,0,-0.003454038721899748,-6.3944033603102746e-06,-0.004606683624152508,0.005757773735899324,0.22609972953796387,580.5,50.64808067923081,1.3718793178910544,0.19625087588675902,0.14541668113695339,0.0263532916551737,-0.34666708913836547,0.8478432068122292,-2.1652105088218674,333.25,420.25
21,6,0,-0.003454038724387952,-6.394407049026274e-06,-0.004606359225943324,0.005757514195939619,0.22609972953796387,580.5,50.64808067923081,1.3718793178910544,0.1240949688683734,0.14547824019497713,0.0263532916551737,-0.34666708913836547,0.8478432068122292,-2.1652105088218674,333.25,420.25
21,9,0,-0.0034540387268885385,-6.394410756060953e-06,-0.004606359195181042,0.0057575141728322,0.22609972953796387,580.5,50.64808067923081,1.3718793178910544,0.07316212562786376,0.10004044539468826,0.0263532916551737,-0.34666708913836547,0.8478432068122292,-2.1652105088218674,333.25,420.25
21,12,0,-0.0034540387294015595,-6.394414481580846e-06,-0.004606359190919562,0.005757514170934504,0.22609972953796387,580.5,50.64808067923081,1.3718793178910544,0.028189004656434452,0.043997331962758124,0.0263532916551737,-0.34666708913836547,0.8478432068122292,-2.1652105088218674,333.25,420.25
21,129,6,0.000895115998462731,-0.010630252818008723,-0.005253692619585859,0.011891374763524075,0.16245214641094208,640.0,65.7508405107685,1.0139330263855402,0.3461997721991655,0.4370787888813883,0.2201622192981469,0.15028413658169248,1.1196604914197077,-1.3944446663942711,809.0,336.0
22,0,0,0.001103824428544134,0.00125666883457759,0.0005137354029586261,0.0017497339778098967,0.16885781288146973,637.0,49.33058271028281,1.3243874528366728,0.30037424853974676,0.1547322145795611,0.09127160892053528,-0.3290284356615985,0.8444862645970415,-0.3241296124000903,338.75,461.75
22,3,0,0.00036480815193895566,0.0012722612475968287,-0.0004234258867905627,0.0013896125904230032,0.16880185902118683,637.0,49.32547957090127,1.3244496838579178,0.1976933741695481,0.1557581288014157,0.09201062520101384,-0.32904402807605054,0.8436599490748673,-0.32400820610676256,338.75,462.75
22,6,0,0.0003648081561120897,0.0012722612460533411,-0.00042310148858137886,0.0013895137777708004,0.16880185902118683,637.0,49.32547957090127,1.3244496838579178,0.1386975564590574,0.15831124420536757,0.09201062520101384,-0.32904402807605054,0.8436599490748673,-0.32400820610676256,338.75,462.75
22,9,0,0.0003648081603060266,0.001272261244502193,-0.00042310145781909725,0.0013895137680846425,0.16880185902118683,637.0,49.32547957090127,1.3244496838579178,0.08654378392660744,0.11611982827417189,0.09201062520101384,-0.32904402807605054,0.8436599490748673,-0.32400820610676256,338.75,462.75
22,12,0,0.000364808164520794,0.0012722612429431068,-0.0004231014535576172,0.001389513766466075,0.16880185902118683,637.0,49.32547957090127,1.3244496838579178,0.03748335757369772,0.05488812742045468,0.09201062520101384,-0.32904402807605054,0.8436599490748673,-0.32400820610676256,338.75,462.75
23,0,0,0.006795536168990276,0.0010239134328365873,0.004419791536399265,0.008170818059853297,0.10784351080656052,537.0,51.05348276739174,1.3831677965996998,0.19923484590417673,0.16618281415014124,-0.01550715646551575,-0.2342093326058623,0.8405802084636008,-1.1855271078425431,436.75,401.0
23,3,0,-0.008333272603472027,-0.0025837723771754695,-0.008973818827220481,0.012515939290545045,0.09331320226192474,542.0,51.87353124026378,1.3638035885056494,0.13359395918164305,0.13558581567404504,-0.0003783476914535535,-0.23060164679965753,0.8522103420152972,-1.2038176048746045,437.0,402.0
23,6,0,-0.008333272601748296,-0.0025837723812774938,-0.008973494429011297,0.012515706701612898,0.09331320226192474,542.0,51.87353124026378,1.3638035885056494,0.09550101434766724,0.11395675521526027,-0.0003783476914535535,-0.23060164679965753,0.8522103420152972,-1.2038176048746045,437.0,402.0
23,9,0,-0.008333272600015982,-0.002583772385399946,-0.008973494398249016,0.012515706679254628,0.09331320226192474,542.0,51.87353124026378,1.3638035885056494,0.05035046127630005,0.0632903052021292,-0.0003783476914535535,-0.23060164679965753,0.8522103420152972,-1.2038176048746045,437.0,402.0
23,12,0,0.005987584998333446,0.0010290035552271426,0.003508212487084883,0.007015524020590061,0.10781601071357727,537.0,51.04890142416547,1.3831358684989452,0.02265072469285486,0.03203235133524818,-0.014699205288062058,-0.23421442274442755,0.8397286351342248,-1.1854453890032586,436.75,402.0
23,129,6,0.017642539345626485,-0.012359729027663413,0.012676870535793583,0.024994502251105454,0.49883508682250977,527.5,63.41844523711564,1.1594825690159907,0.5101028750807811,0.7027930329583094,0.2361175529121065,0.16596458903695954,0.8936477418324127,-0.6873222550703557,803.0,527.75
24,0,0,-0.003743102757452599,0.00023913382900636604,-0.0027462188534203014,0.0046486257358391,0.20737755298614502,729.0,46.89279134394395,1.2756792452723211,0.34729728579234515,0.18770922810824664,0.16228232097125767,-0.33395320251190286,0.8477462188534204,2.4034052176155214,321.25,506.0
24,3,0,0.01215259059492066,0.006592204054144346,0.013638664553169533,0.019420499047478525,0.07981372624635696,713.0,46.06296995506222,1.3006168731048078,0.25508203611031,0.18360799442786313,0.14638662761578186,-0.3403062727343148,0.8295978586349072,2.3973543218062354,321.5,507.0
24,6,0,0.012152590591578027,0.006592204057081219,0.013638988951378717,0.019420726866740585,0.07981372624635696,713.0,46.06296995506222,1.3006168731048078,0.18669813674928398,0.18841155805093013,0.14638662761578186,-0.3403062727343148,0.8295978586349072,2.3973543218062354,321.5,507.0
24,9,0,0.01215259058821877,0.00659220406003258,0.013638988982140998,0.019420726887244385,0.07981372624635696,713.0,46.06296995506222,1.3006168731048078,0.13427337309181625,0.15465754162680623,0.14638662761578186,-0.3403062727343148,0.8295978586349072,2.3973543218062354,321.5,507.0
24,12,0,0.012152590584842804,0.006592204062998708,0.013638988986402478,0.019420726889131486,0.07981372624635696,713.0,46.06296995506222,1.3006168731048078,0.08091735625741821,0.10769095150396601,0.14638662761578186,-0.3403062727343148,0.8295978586349072,2.3973543218062354,321.5,507.0
24,15,0,0.012152590581450073,0.00659220406597949,0.013638988990681833,0.019420726891025624,0.07981372624635696,713.0,46.06296995506222,1.3006168731048078,0.030772057965665994,0.05707927458688655,0.14638662761578186,-0.3403062727343148,0.8295978586349072,2.3973543218062354,321.5,507.0
25,0,0,-0.02114636091933511,-0.005352258971337467,-0.021715472712820705,0.03077949010897202,0.052474942058324814,771.5,45.60561023420933,1.1982023530081791,0.27351465777843686,0.14127807217118993,0.1982752741217964,-0.1128485113987804,0.8667154727128208,-3.0531845297612032,525.75,518.5
25,3,0,-0.009544413684907938,-0.0038109563597352875,-0.009202644080306688,0.013795212177899566,0.2826596200466156,742.5,45.9964208011926,1.2166350131433985,0.23707151904111046,0.15513537641273822,0.1866733268832546,-0.11438981401073707,0.8524391672683834,-3.066692741672337,526.0,519.75
25,6,0,-0.009544413689341003,-0.003810956360117246,-0.009202319682097504,0.013794995780482034,0.2826596200466156,742.5,45.9964208011926,1.2166350131433985,0.1859582953228958,0.15083529972323684,0.1866733268832546,-0.11438981401073707,0.8524391672683834,-3.066692741672337,526.0,519.75
25,9,0,-0.00954441369379605,-0.0038109563605010915,-0.009202319651335222,0.01379499576314961,0.2826596200466156,742.5,45.9964208011926,1.2166350131433985,0.1273290787079618,0.12668259470415355,0.1866733268832546,-0.11438981401073707,0.8524391672683834,-3.066692741672337,526.0,519.75
25,12,0,-0.009544413698273413,-0.0038109563608868247,-0.009202319647073742,0.013794995763511213,0.2826596200466156,742.5,45.9964208011926,1.2166350131433985,0.07498766673077317,0.08815234455529641,0.1866733268832546,-0.11438981401073707,0.8524391672683834,-3.066692741672337,526.0,519.75
25,15,0,-0.009544413702772786,-0.0038109563612745284,-0.009202319642794388,0.013794995763876666,0.2826596200466156,742.5,45.9964208011926,1.2166350131433985,0.02728389441721159,0.03406795302622612,0.1866733268832546,-0.11438981401073707,0.8524391672683834,-3.066692741672337,526.0,519.75
25,132,6,0.0029791277934044236,0.0010853419140870735,-0.003733711729922873,0.004898343879524237,0.04124060645699501,442.0,65.86268931371846,1.2118308384665126,0.1746233619202698,0.26328100253309505,0.1872676143009579,0.19382182842802925,0.8722567863439726,-3.0902539033014156,823.25,507.0
26,0,0,-0.011188037004561974,-0.00305081861203238,-0.011148425629858627,0.016086238225373264,0.06269915401935577,803.0,46.7133020121222,1.2500152266083844,0.42544728269519266,0.15182358551783637,0.21850129345866204,-0.39093119781241026,0.8561484256298587,3.042651519862169,253.25,540.0
26,3,0,-0.005771337250746494,0.00010192798381192247,-0.004998823315363721,0.00763589926033352,0.1683005839586258,803.0,45.908549814395656,1.260046626997181,0.31776823059724757,0.16947442872776275,0.2130845937007348,-0.39408394440787003,0.8482353465034405,2.999943334449358,253.25,541.25
26,6,0,-0.005771337255176562,0.00010192798422681282,-0.004998498917154537,0.007635686901108016,0.1683005839586258,803.0,45.908549814395656,1.260046626997181,0.2335806685275326,0.18984804374146158,0.2130845937007348,-0.39408394440787003,0.8482353465034405,2.999943334449358,253.25,541.25
26,9,0,-0.005771337259628723,0.00010192798464314645,-0.004998498886392255,0.007635686884340976,0.1683005839586258,803.0,45.908549814395656,1.260046626997181,0.178293979959463,0.1698416759168826,0.2130845937007348,-0.39408394440787003,0.8482353465034405,2.999943334449358,253.25,541.25
26,12,0,-0.005771337264103088,0.00010192798506214462,-0.004998498882130775,0.007635686884938798,0.1683005839586258,803.0,45.908549814395656,1.260046626997181,0.12253905546504733,0.11912166086906728,0.2130845937007348,-0.39408394440787003,0.8482353465034405,2.999943334449358,253.25,541.25
26,15,0,-0.005771337268599491,0.00010192798548264159,-0.0049984988778513095,0.007635686885541522,0.1683005839586258,803.0,45.908549814395656,1.260046626997181,0.06824740495307859,0.07707659127176703,0.2130845937007348,-0.39408394440787003,0.8482353465034405,2.999943334449358,253.25,541.25
27,0,0,-0.019182446884794216,-0.004820210373256306,-0.01888024672633959,0.027343452835694615,0.18762004375457764,663.5,48.600406994533415,1.2610365676718387,0.23284908855719147,0.12813089190277605,0.11755260423706611,-0.1621468518812959,0.8638802467263397,2.988152673854971,485.5,465.75
27,3,0,0.004530226267834586,-0.0007744093651881889,0.0043685758045035605,0.006340908015604988,0.09827009588479996,654.0,46.60402260618366,1.2957267017714988,0.1884134547826408,0.15140909300615024,0.09383993108036255,-0.1661926528886921,0.8388679473835732,2.9767677454892487,486.0,467.0
27,6,0,0.00453022626344439,-0.0007744093644644068,0.004368900202712744,0.006341131511255301,0.09827009588479996,654.0,46.60402260618366,1.2957267017714988,0.13774159811169806,0.13857554695033192,0.09383993108036255,-0.1661926528886921,0.8388679473835732,2.9767677454892487,486.0,467.0
27,9,0,0.0045302262590323356,-0.0007744093637369054,0.004368900233475026,0.006341131529208934,0.09827009588479996,654.0,46.60402260618366,1.2957267017714988,0.08259484924554009,0.10298130902341718,0.09383993108036255,-0.1661926528886921,0.8388679473835732,2.9767677454892487,486.0,467.0
27,12,0,0.004530226254598355,-0.0007744093630057403,0.004368900237736506,0.006341131528887987,0.09827009588479996,654.0,46.60402260618366,1.2957267017714988,0.03484053359241892,0.05513732082142753,0.09383993108036255,-0.1661926528886921,0.8388679473835732,2.9767677454892487,486.0,467.0
28,0,0,-0.004659900496057912,-0.0012757485523711698,-0.0044278264731764105,0.006553461244151807,0.10503482073545456,698.0,46.336545577790815,1.2805026441569605,0.2869064156024058,0.1612149891640735,0.12638733780227512,-0.2558470214990673,0.8494278264731765,1.4667426136323756,399.5,481.0
28,3,0,0.0014907438565966852,0.0004857161809230237,0.0014979555460081784,0.0021684345210791736,0.0801292359828949,688.0,46.281631662949046,1.2904590025403324,0.20382759613850893,0.15329109286371556,0.12023669345005324,-0.2576084862282544,0.8417385676420686,1.4469347680972116,399.75,482.0
28,6,0,0.0014907438570628956,0.0004857161853478731,0.0014982799442173622,0.002168658629504337,0.0801292359828949,688.0,46.281631662949046,1.2904590025403324,0.14725900094712366,0.14752711384751827,0.12023669345005324,-0.2576084862282544,0.8417385676420686,1.4469347680972116,399.75,482.0
28,9,0,0.0014907438575313958,0.0004857161897949269,0.0014982799749796438,0.0021686586520753997,0.0801292359828949,688.0,46.281631662949046,1.2904590025403324,0.09469089009425329,0.10947351434240504,0.12023669345005324,-0.2576084862282544,0.8417385676420686,1.4469347680972116,399.75,482.0
28,12,0,0.0014907438580021998,0.0004857161942641297,0.0014982799792411239,0.0021686586563441686,0.0801292359828949,688.0,46.281631662949046,1.2904590025403324,0.045112785248541086,0.060923196720034434,0.12023669345005324,-0.2576084862282544,0.8417385676420686,1.4469347680972116,399.75,482.0
29,0,0,-0.003168148228210231,-0.0031803925055582105,-0.004137470918453512,0.006104975453379891,0.1848677396774292,574.0,50.108524382391856,1.3249132114066298,0.17238332412785815,0.14769984167349048,0.03290265132342813,-0.09254425773312003,0.8491374709184536,0.6760384664695489,554.75,423.25
29,3,0,-0.003967600429374246,-0.003179816692052792,-0.005087817692689955,0.007192981039616134,0.18482910096645355,574.0,50.105939540854195,1.3248830760450185,0.14300403791659166,0.12170624609456426,0.03370210352773179,-0.09254483354394259,0.8483243408807667,0.6761078574342917,554.75,424.25
29,6,0,-0.0039676004259915736,-0.003179816689162243,-0.005087493294480772,0.007192751583253106,0.18482910096645355,574.0,50.105939540854195,1.3248830760450185,0.09476202084675557,0.10105697964447335,0.03370210352773179,-0.09254483354394259,0.8483243408807667,0.6761078574342917,554.75,424.25
29,9,0,-0.003967600422592053,-0.003179816686257303,-0.00508749326371849,0.00719275155833524,0.18482910096645355,574.0,50.105939540854195,1.3248830760450185,0.048241719854932766,0.06405574647317946,0.03370210352773179,-0.09254483354394259,0.8483243408807667,0.6761078574342917,554.75,424.25
29,12,0,-0.003967600419175644,-0.003179816683337916,-0.00508749325945701,0.00719275155214591,0.18482910096645355,574.0,50.105939540854195,1.3248830760450185,0.025817492760463242,0.029051876062344495,0.03370210352773179,-0.09254483354394259,0.8483243408807667,0.6761078574342917,554.75,424.25
29,132,5,-0.007240116144668823,-0.013930516649446556,-0.010061730507496813,0.018647171279159044,0.5082014799118042,620.0,72.09610944632288,0.9325377788142744,0.03395032385753467,0.005412211535816613,0.2076525864554894,0.16984528109611866,1.2885188349947905,0.8555356171073911,855.5,150.5
29,135,5,-0.015429299199031465,-0.012422623896725521,-0.014711072050744622,0.02467388293590874,0.05364249274134636,673.0,68.73958997167763,0.954263136783093,0.09349578277686746,0.07052493778042224,0.22310718430375526,0.17066640202014963,1.2228105972573373,0.9232593529661159,848.25,235.25
29,138,5,0.016166608961240225,-0.01920321392934851,0.01611598940203951,0.029830316540872096,0.13956208527088165,660.0,56.0480612690434,1.167274390812644,0.28641496773383995,0.3741203389396972,0.20029238672762778,0.1802461579980818,0.9190315533979851,0.861193128100966,816.25,484.0
30,0,0,0.006694775845975304,0.005567149290778783,0.006151009174580113,0.01066058575873961,0.2443235218524933,637.0,49.459009059656836,1.3573273429810568,0.34072506559714427,0.1614727058694443,0.08383407253852189,-0.4156697581528029,0.83884899082542,1.0633692274777025,263.25,460.75
30,3,0,0.005742610789669436,0.004935089835600315,0.005018772277790684,0.009084094095912572,0.181256964802742,637.0,49.50413862568786,1.356915396030385,0.22936975151320077,0.15907032855565084,0.08478623759696964,-0.4150376986940934,0.838217750910286,1.0631129643149277,263.75,461.75
30,6,0,0.005742610791977104,0.0049350898394046605,0.005019096675999868,0.009084273326698176,0.181256964802742,637.0,49.50413862568786,1.356915396030385,0.14534977629088075,0.15967008125659155,0.08478623759696964,-0.4150376986940934,0.838217750910286,1.0631129643149277,263.75,461.75
30,9,0,0.005742610794296249,0.004935089843227769,0.0050190967067621495,0.009084273347237428,0.181256964802742,637.0,49.50413862568786,1.356915396030385,0.09333378694952338,0.12888260927838413,0.08478623759696964,-0.4150376986940934,0.838217750910286,1.0631129643149277,263.75,461.75
30,12,0,0.005742610796626912,0.004935089847070084,0.0050190967110236295,0.009084273353152603,0.181256964802742,637.0,49.50413862568786,1.356915396030385,0.04666733608020398,0.06609903425568964,0.08478623759696964,-0.4150376986940934,0.838217750910286,1.0631129643149277,263.75,461.75
30,162,6,0.025283008793802575,-0.008483818836584722,0.008194342663716991,0.02789897789184938,0.14661939442157745,468.0,73.01833068405315,1.0101983963779733,0.04566248261513314,0.0676316495665037,0.1799981125043128,0.16966925587086984,1.1849247411535657,0.9520996057002753,835.0,245.25
30,165,6,0.0034682929194659873,-0.004180392706898323,-0.003297473213753843,0.006354373970308223,0.08502210676670074,542.0,63.2746401459575,1.144933947985594,0.23248328237423463,0.31924917371589445,0.20761463536941366,0.16848807372885402,0.9409196899069463,0.9176815318153155,807.5,473.5
31,0,0,0.021302582823529023,0.009889964292697506,0.021963758234273767,0.03215615189101106,0.10356900095939636,677.0,46.069014737313076,1.3326241026492267,0.32024636576083343,0.19938100257975055,0.10704930669338038,-0.3453465639109143,0.8230362417657263,-3.111422459135652,325.0,485.5
31,3,0,-0.004554414975764753,-0.0003349113270112447,-0.004303906083076292,0.006275226604702957,0.11338259279727936,699.0,47.30025895733729,1.2956046077253245,0.22340459439740765,0.1637978027193543,0.13290630448855018,-0.33512168829142375,0.847540429271153,-3.10196739891898,325.5,486.5
31,6,0,-0.0045544149802079215,-0.00033491132724838835,-0.004303581684867108,0.006275004121702648,0.11338259279727936,699.0,47.30025895733729,1.2956046077253245,0.15885016831090387,0.16457932868231673,0.13290630448855018,-0.33512168829142375,0.847540429271153,-3.10196739891898,325.5,486.5
31,9,0,-0.004554414984673266,-0.0003349113274856985,-0.004303581654104827,0.006275004103858599,0.11338259279727936,699.0,47.30025895733729,1.2956046077253245,0.10370913467868421,0.11995923250788287,0.13290630448855018,-0.33512168829142375,0.847540429271153,-3.10196739891898,325.5,486.5
31,12,0,-0.00455441498916076,-0.0003349113277230087,-0.004303581649843347,0.006275004104205652,0.11338259279727936,699.0,47.30025895733729,1.2956046077253245,0.05197111614067821,0.06560365162437487,0.13290630448855018,-0.33512168829142375,0.847540429271153,-3.10196739891898,325.5,486.5
31,159,6,0.0008360064884900542,-0.0074117629399294005,-0.005047916659768781,0.009006364379175406,0.15366633236408234,878.0,59.83559849818239,0.9833445989190241,0.16813031126428618,0.20708661485140967,0.19835242373564993,0.1639323115862902,1.2046065998651203,3.064470185872649,833.5,237.5
31,162,6,0.03239862226886778,-0.013664524217903623,0.039338382898240654,0.052762660244447895,0.4343350827693939,788.5,36.42029357633374,1.2846006157153786,0.39075157121999754,0.6340738978929364,0.16786161703880415,0.16999806579839183,0.7862338918991486,3.0419495879330243,790.75,548.5
32,0,0,-0.0007900592846253,0.00012090735001218933,-0.002381799450720812,0.0025123257917641917,0.09215974062681198,558.0,50.605866041617176,1.3866060631827428,0.21529104783486833,0.1705639937920791,-0.005919624618325228,-0.3099717201617812,0.8473817994507209,3.071459567696398,370.0,402.0
32,3,0,0.00736346243469007,0.002600662770283202,0.0045175243087173245,0.009021754361080823,0.08997970819473267,549.0,50.546880344504,1.3987148865040866,0.1418343037662603,0.1558239752077013,-0.014073146341760647,-0.3124514755817687,0.8387189988793594,3.0504358585595335,370.25,403.0
32,6,0,0.007363462430251112,0.00260066277058818,0.004517848706926508,0.009021916800033157,0.08997970819473267,549.0,50.546880344504,1.3987148865040866,0.09154641382727251,0.12755606437899725,-0.014073146341760647,-0.3124514755817687,0.8387189988793594,3.0504358585595335,370.25,403.0
32,9,0,0.007363462425790052,0.002600662770896267,0.00451784873768879,0.009021916811885597,0.08997970819473267,549.0,50.546880344504,1.3987148865040866,0.045132844900064806,0.07134131667563981,-0.014073146341760647,-0.3124514755817687,0.8387189988793594,3.0504358585595335,370.25,403.0
33,0,0,0.02271134457805972,0.009861097643990235,0.019335744581561842,0.03141524212561588,0.21930807828903198,581.5,49.18651574768302,1.401008856572652,0.2969027342697301,0.18457973031917063,0.016485474740028212,-0.37567063511340815,0.8256642554184382,-2.976542208643037,313.5,428.75
33,3,0,0.009370235700978412,0.004949339929900043,0.0077278813229122445,0.0131155416424412,0.17243577539920807,593.0,49.406558497277096,1.3838327381364413,0.19669428595911323,0.1646393046118415,0.029826583613056963,-0.370758877400113,0.8355086418651645,-2.9577493905751875,313.75,430.25
33,6,0,0.00937023569661214,0.004949339929043561,0.007728205721121428,0.013115732782092784,0.17243577539920807,593.0,49.406558497277096,1.3838327381364413,0.12141409894708956,0.1562935599637274,0.029826583613056963,-0.370758877400113,0.8355086418651645,-2.9577493905751875,313.75,430.25
33,9,0,0.009370235692224144,0.0049493399281828054,0.00772820575188371,0.013115732796759177,0.17243577539920807,593.0,49.406558497277096,1.3838327381364413,0.06852376494362213,0.10511828085384323,0.029826583613056963,-0.370758877400113,0.8355086418651645,-2.9577493905751875,313.75,430.25
33,117,5,-0.006935495369991496,-0.00238763883517748,-0.008087601054675986,0.010918388436670371,0.19555029273033142,1285.0,55.453275318854786,0.8932975742629703,0.1419259347875803,0.14984604974040727,0.22222215609127455,0.12926898647252366,1.330081304482442,-2.3959638571573896,810.25,109.0
33,120,5,0.008020182116530217,-0.004237482734356132,0.010544820988087733,0.013909451131410362,0.18898433446884155,971.0,40.39651143643694,1.1170008229343995,0.36879460501534156,0.5068113913883764,0.20728915003199938,0.12853436226663914,0.9736113959518443,-2.3925871198447854,769.25,449.0
33,123,5,0.0021055129350302515,-0.0068943842394187105,0.004599451173585067,0.008551062498807844,0.21985958516597748,802.0,42.490116898965844,1.21253765138456,0.4313066847937566,0.6428732839731476,0.21170724180485928,0.13211523562143423,0.8381953893958555,-2.475331442546896,762.75,546.75
34,0,0,0.0008325809034267547,0.001502414854237688,-0.0014097428600196027,0.002222119773180828,0.12713123857975006,514.0,54.56989295612634,1.4086875832798884,0.2940275589227178,0.17737714774940438,-0.008361613721953256,-0.38875726419025886,0.8464097428600197,0.6688741912084981,303.0,401.25
34,3,0,0.00647138498686789,0.0037777009580027276,0.003676387970648176,0.00834659671285731,0.3666767477989197,533.0,52.50115621874979,1.417746116226648,0.19935265991854698,0.16918514355372738,-0.014000417802199674,-0.3910325502914069,0.8395601352174286,0.6832822107085671,303.25,402.5
34,6,0,0.006471384990309887,0.003777700960822472,0.00367671236885736,0.00834673960810542,0.3666767477989197,533.0,52.50115621874979,1.417746116226648,0.11912503667925028,0.15539670065664846,-0.014000417802199674,-0.3910325502914069,0.8395601352174286,0.6832822107085671,303.25,402.5
34,9,0,0.006471384993769021,0.0037777009636560943,0.0036767123996196416,0.008346739625620526,0.3666767477989197,533.0,52.50115621874979,1.417746116226648,0.0681490447409824,0.1044765209567704,-0.014000417802199674,-0.3910325502914069,0.8395601352174286,0.6832822107085671,303.25,402.5
34,12,0,0.006471384997245351,0.0037777009665039274,0.0036767124038811216,0.008346739631481876,0.3666767477989197,533.0,52.50115621874979,1.417746116226648,0.025711931763126722,0.04067572871275926,-0.014000417802199674,-0.3910325502914069,0.8395601352174286,0.6832822107085671,303.25,402.5
35,0,0,0.005785151269967084,0.0007313154880108919,0.0034253879812234933,0.006762845583134124,0.0824933722615242,557.5,49.787386522159636,1.3787585407533496,0.1908790402339464,0.14218160529153012,-0.0081393808602132,-0.2437076464337045,0.8415746120187766,1.651175512077117,427.75,404.5
35,3,0,0.004986401745557645,0.0007380029538862354,0.0025148859727591732,0.005633249700130999,0.08242670446634293,557.5,49.78221940757928,1.3787381785949635,0.12716713831816148,0.12842100821875269,-0.007340631336218919,-0.24371433389547092,0.8407216372153176,1.6512872514606562,427.75,405.5
35,6,0,0.004986401745110353,0.0007380029583131664,0.002515210370968357,0.005633394530861951,0.08242670446634293,557.5,49.78221940757928,1.3787381785949635,0.08286979840123283,0.10336933443810092,-0.007340631336218919,-0.24371433389547092,0.8407216372153176,1.6512872514606562,427.75,405.5
35,9,0,0.0049864017446608335,0.0007380029627621076,0.0025152104017306387,0.005633394544781703,0.08242670446634293,557.5,49.78221940757928,1.3787381785949635,0.04281076990940038,0.061439977467936835,-0.007340631336218919,-0.24371433389547092,0.8407216372153176,1.6512872514606562,427.75,405.5
36,0,0,-0.008546062793080567,-0.0023327062515391683,-0.00833541847374486,0.012163712790578911,0.11063666641712189,704.0,47.71686677496756,1.2510838725684241,0.2869371843308754,0.16654874231831718,0.15697501737984604,-0.22474955642990782,0.8533354184737449,2.5811404366298283,424.0,498.75
36,3,0,0.009347392265672494,0.0021159883891248565,0.009894271467280613,0.013774895894325605,0.11610293388366699,692.5,46.35875584091381,1.2782698549658496,0.21752045743259013,0.1738633749856776,0.13908156231767838,-0.22919825106824898,0.8333422517207961,2.6023702951029932,424.5,499.75
36,6,0,0.009347392261993492,0.002115988391627438,0.009894595865489797,0.013775128903732468,0.11610293388366699,692.5,46.35875584091381,1.2782698549658496,0.16521468760987967,0.16812504086272806,0.13908156231767838,-0.22919825106824898,0.8333422517207961,2.6023702951029932,424.5,499.75
36,9,0,0.009347392258296228,0.0021159883941425095,0.009894595896252079,0.013775128923706323,0.11610293388366699,692.5,46.35875584091381,1.2782698549658496,0.10929954017047978,0.1302483025580451,0.13908156231767838,-0.22919825106824898,0.8333422517207961,2.6023702951029932,424.5,499.75
36,12,0,0.009347392254580561,0.002115988396670071,0.009894595900513559,0.013775128924634237,0.11610293388366699,692.5,46.35875584091381,1.2782698549658496,0.05736768584926072,0.08566381070239804,0.13908156231767838,-0.22919825106824898,0.8333422517207961,2.6023702951029932,424.5,499.75
36,15,0,0.009347392250846409,0.0021159883992101503,0.009894595904793024,0.013775128925564447,0.11610293388366699,692.5,46.35875584091381,1.2782698549658496,0.01736078929129723,0.034836426511608565,0.13908156231767838,-0.22919825106824898,0.8333422517207961,2.6023702951029932,424.5,499.75
37,0,0,-0.009243305198840335,-0.0025357494079643605,-0.01009159753619171,0.013917940109490736,0.19136463105678558,548.5,51.65689615197382,1.3774725023007215,0.20361695922287987,0.1541889699138982,-0.005443517806951339,-0.292664959115826,0.8550915975361918,3.1176015806784227,383.75,397.25
37,3,0,0.02693786075795576,0.00771975295073607,0.021404192597146876,0.0352616277073417,0.08623814582824707,518.5,50.98344844859875,1.4276687327074975,0.13097032234667463,0.16175198373281197,-0.04162468376787414,-0.30292046147436663,0.8218323305909299,3.110491902999937,384.25,398.5
37,6,0,0.026937860753509638,0.007719752950907377,0.02140451699535606,0.03526182461817602,0.08623814582824707,518.5,50.98344844859875,1.4276687327074975,0.08333566542570986,0.1303940056173577,-0.04162468376787414,-0.30292046147436663,0.8218323305909299,3.110491902999937,384.25,398.5
37,9,0,0.02693786074904138,0.007719752951082237,0.02140451702611834,0.03526182463347405,0.08623814582824707,518.5,50.98344844859875,1.4276687327074975,0.041500509021151044,0.07985682121028237,-0.04162468376787414,-0.30292046147436663,0.8218323305909299,3.110491902999937,384.25,398.5
38,0,0,0.010053636709207947,-0.0017450803024982031,0.00947269004883644,0.013923102136529265,0.1478165090084076,651.5,46.14000791781065,1.292716858266983,0.21393741302616323,0.17159188506694167,0.0912120412340562,-0.09466266848411395,0.8355273099511636,-2.1166722247722616,550.75,467.5
38,3,0,0.00927172298245918,-0.0017446430293117376,0.00850167941165103,0.01269988894367501,0.14779891073703766,651.5,46.13901911047987,1.2927282729255407,0.18697600596327668,0.15213601564795987,0.09199395495855041,-0.09466310576076047,0.8347348437764257,-2.116621676290977,550.75,468.5
38,6,0,0.009271722980030109,-0.0017446430330396306,0.008502003809860215,0.012700106106408312,0.14779891073703766,651.5,46.13901911047987,1.2927282729255407,0.1273274495464687,0.13798222755432188,0.09199395495855041,-0.09466310576076047,0.8347348437764257,-2.116621676290977,550.75,468.5
38,9,0,0.009271722977588923,-0.0017446430367860921,0.008502003840622496,0.012700106125734394,0.14779891073703766,651.5,46.13901911047987,1.2927282729255407,0.07309435220936385,0.10473742451855905,0.09199395495855041,-0.09466310576076047,0.8347348437764257,-2.116621676290977,550.75,468.5
38,12,0,0.009271722975135607,-0.0017446430405511915,0.008502003844883976,0.012700106127313388,0.14779891073703766,651.5,46.13901911047987,1.2927282729255407,0.029908611113810143,0.05477347593382276,0.09199395495855041,-0.09466310576076047,0.8347348437764257,-2.116621676290977,550.75,468.5
38,123,6,-0.005768998203278031,-0.00869019435770546,-0.012321544472623791,0.016143768966228638,0.38179802894592285,456.5,69.04638769319456,1.1075614192740535,0.1858424050232486,0.24671026360817783,0.20365604229984807,0.1633520606590921,0.9977735030077427,-1.6679830460629843,807.75,427.75
39,0,0,-0.004525798545213483,-0.0027755133264759646,-0.004365217746294059,0.0068732417875310295,0.15683616697788239,721.0,45.977745281028795,1.2362557391340026,0.2672908678197691,0.14866100330688714,0.1627321576924931,-0.1271526711253456,0.8493652177462941,-0.9930554820919322,515.75,505.25
39,3,0,-0.005265453790890884,-0.0027740448714524135,-0.005367186927798917,0.008014176444948925,0.1567722111940384,721.0,45.97757476337944,1.2363101772513354,0.22934497156286301,0.15818386132893592,0.16347181294048968,-0.1271541395837863,0.8486037101158757,-0.9930050236964514,515.75,506.25
39,6,0,-0.00526545378839216,-0.002774044875134024,-0.005366862529589733,0.00801395919495882,0.1567722111940384,721.0,45.97757476337944,1.2363101772513354,0.17698501174904024,0.1501317052186124,0.16347181294048968,-0.1271541395837863,0.8486037101158757,-0.9930050236964514,515.75,506.25
39,9,0,-0.0052654537858810024,-0.002774044878834009,-0.005366862498827452,0.008013959173988486,0.1567722111940384,721.0,45.97757476337944,1.2363101772513354,0.12050621770257865,0.12523589125273293,0.16347181294048968,-0.1271541395837863,0.8486037101158757,-0.9930050236964514,515.75,506.25
39,12,0,-0.0052654537833573545,-0.00277404488255234,-0.0053668624945659715,0.008013959170763599,0.1567722111940384,721.0,45.97757476337944,1.2363101772513354,0.0679024685343473,0.08868760433676526,0.16347181294048968,-0.1271541395837863,0.8486037101158757,-0.9930050236964514,515.75,506.25
39,15,0,-0.005265453780821189,-0.0027740448862891287,-0.005366862490286617,0.008013959167524906,0.1567722111940384,721.0,45.97757476337944,1.2363101772513354,0.02080355751136705,0.02995973364805926,0.16347181294048968,-0.1271541395837863,0.8486037101158757,-0.9930050236964514,515.75,506.25
40,0,0,-0.00704137739959209,-0.003191735969874057,-0.00767342728178011,0.01089264249085783,0.17384696006774902,601.5,48.79053979210738,1.3128167427550717,0.1761460603084336,0.15080343965996534,0.046907706432173187,-0.09953844429881777,0.8526734272817802,1.379727112217922,547.75,429.25
40,3,0,0.013630150074246797,-0.0011492556700890277,0.011405934816960839,0.017810028879552138,0.09416104853153229,579.0,48.50523294028501,1.3422256635381944,0.1506644843858087,0.14604988643095695,0.026236178959121843,-0.1015809245945487,0.8318305883711159,1.391062072242365,548.0,430.5
40,6,0,0.013630150075095313,-0.00114925566572123,0.011406259215170023,0.017810236633421357,0.09416104853153229,579.0,48.50523294028501,1.3422256635381944,0.1006255549786516,0.12655386981425243,0.026236178959121843,-0.1015809245945487,0.8318305883711159,1.391062072242365,548.0,430.5
40,9,0,0.013630150075948061,-0.0011492556613316718,0.011406259245932304,0.01781023665349189,0.09416104853153229,579.0,48.50523294028501,1.3422256635381944,0.05084980226943458,0.08461423203631391,0.026236178959121843,-0.1015809245945487,0.8318305883711159,1.391062072242365,548.0,430.5
40,12,0,0.013630150076805049,-0.0011492556569202839,0.011406259250193784,0.017810236656592277,0.09416104853153229,579.0,48.50523294028501,1.3422256635381944,0.025101995182621024,0.04559352111491133,0.026236178959121843,-0.1015809245945487,0.8318305883711159,1.391062072242365,548.0,430.5
40,15,0,0.024553194461317124,-0.00028731125683818803,0.021552966756551495,0.03267219432518382,0.22253118455410004,582.0,47.249454119169165,1.3540415502615348,0.010532160326819803,0.03221887283851088,0.01809675974394826,-0.09412146258806067,0.8224032681765145,1.365912088087352,555.25,431.75
41,0,0,5.469988926304348e-05,0.001496816557323588,-0.000814226440028154,0.001704821568318617,0.10774185508489609,615.0,50.232297139290914,1.3579209465700373,0.33736021922605375,0.15222052009256515,0.06476992758698903,-0.3895408780600258,0.8458142264400282,0.05916042028848856,289.0,444.5
41,3,0,0.008300603268696423,0.004972259247017774,0.006712075883744673,0.01177604939328102,0.07335242629051208,604.5,50.15748273026611,1.3707831085324276,0.22748218489341823,0.16873052899317909,0.05652402421167719,-0.393016320749459,0.8365244473043321,0.03971586384589592,289.25,445.5
41,6,0,0.008300603273136982,0.004972259247300881,0.006712400281953856,0.01177623429902597,0.07335242629051208,604.5,50.15748273026611,1.3707831085324276,0.13917663355364127,0.16806912603715296,0.05652402421167719,-0.393016320749459,0.8365244473043321,0.03971586384589592,289.25,445.5
41,9,0,0.008300603277599634,0.004972259247583988,0.006712400312716138,0.011776234319825416,0.07335242629051208,604.5,50.15748273026611,1.3707831085324276,0.08436232007812905,0.12977563857295682,0.05652402421167719,-0.393016320749459,0.8365244473043321,0.03971586384589592,289.25,445.5
41,12,0,0.008300603282084436,0.004972259247867372,0.006712400316977618,0.011776234325535253,0.07335242629051208,604.5,50.15748273026611,1.3707831085324276,0.03978196753796951,0.06836804016835796,0.05652402421167719,-0.393016320749459,0.8365244473043321,0.03971586384589592,289.25,445.5
41,189,2,-0.015764499811935034,-0.006204046068911114,-0.021645973558404474,0.02748741190503058,0.11274822056293488,655.0,58.786719778602595,1.1054153153911077,0.026424477697639337,-0.021265512499490047,0.25816353903272754,-0.02579517134633461,0.930880781683162,-0.9852776999191082,608.0,518.25
41,297,5,-0.0021539301402230815,-0.010410789439899926,-0.00702943614228646,0.012745074510938583,0.2947988510131836,609.5,63.19446450877427,1.0910589428576156,0.06875504799631434,0.0671679466199886,0.20412463390948826,0.19008130369317564,1.0282929150783024,-1.392431559194731,840.0,403.75
41,300,5,-0.006916819580443628,-0.005270923120996307,-0.005534570188411747,0.01030807891055932,0.0680231899023056,827.5,42.44555922449554,1.2100792420466078,0.1920888403500683,0.2480871410780905,0.22228966907016773,0.20468990713206736,0.8458095028616099,-1.4060192394913062,834.75,549.5
41,303,5,-0.0022220128932343985,-0.007041479988600302,-0.000948232374448299,0.007444388918071803,0.24694272875785828,808.0,43.409732611501,1.214872501720883,0.19028438807421405,0.2492476288796306,0.2174050788514899,0.20727815345501951,0.8441875735394266,-1.3910775586287225,836.5,547.0
42,0,0,-0.007835539237908813,-0.0022192313733149227,-0.00865457237957723,0.011883698334712764,0.12982575595378876,574.5,50.945855120648645,1.3649677582164315,0.272611256720749,0.1523535224780096,0.021272580186484542,-0.31905249263958296,0.8536545723795773,-0.39773749117162605,357.25,413.5
42,3,0,-0.014439636482666019,-0.004050177382544762,-0.014387615008175758,0.020782456645091332,0.17374375462532043,564.5,52.24730975357132,1.3571985641947089,0.1868594637181677,0.15143723295827616,0.027876677435074777,-0.31722154663189034,0.8576241381962525,-0.3492988317272245,357.25,414.75
42,6,0,-0.014439636478536296,-0.004050177384201048,-0.014387290609966574,0.020782232064227416,0.17374375462532043,564.5,52.24730975357132,1.3571985641947089,0.12947814488640197,0.14383940413131213,0.027876677435074777,-0.31722154663189034,0.8576241381962525,-0.3492988317272245,357.25,414.75
42,9,0,-0.01443963647438601,-0.00405017738586555,-0.014387290579204293,0.020782232040371797,0.17374375462532043,564.5,52.24730975357132,1.3571985641947089,0.07922691566959374,0.09780955042197614,0.027876677435074777,-0.31722154663189034,0.8576241381962525,-0.3492988317272245,357.25,414.75
42,12,0,-0.0144396364702151,-0.004050177387538323,-0.014387290574942813,0.02078223203484965,0.17374375462532043,564.5,52.24730975357132,1.3571985641947089,0.031894896062328724,0.036732570876776505,0.027876677435074777,-0.31722154663189034,0.8576241381962525,-0.3492988317272245,357.25,414.75
43,0,0,-0.007056834914232521,-0.0012796502551715716,-0.0072408167398086976,0.010191459701229536,0.09923982620239258,630.0,49.6176108172888,1.3212347841832446,0.2782964435752341,0.14816056033845504,0.08214762463729915,-0.3118281912348322,0.8522408167398088,-2.670591948335973,354.5,451.0
43,3,0,-0.01720487797824026,-0.005221718457068758,-0.016739871207295476,0.024566185253878332,0.14910262823104858,614.5,51.635380853306884,1.3079996323284524,0.18115509780952918,0.12618789565508992,0.09229566769762339,-0.30788612303480245,0.8599763943953722,-2.68303092250776,355.25,452.25
43,6,0,-0.017204877982208877,-0.005221718459080482,-0.016739546809086292,0.024565964207052586,0.14910262823104858,614.5,51.635380853306884,1.3079996323284524,0.12187854300918145,0.11836171997760037,0.09229566769762339,-0.30788612303480245,0.8599763943953722,-2.68303092250776,355.25,452.25
43,9,0,-0.01720487798619727,-0.005221718461102531,-0.01673954677832401,0.024565964189313883,0.14910262823104858,614.5,51.635380853306884,1.3079996323284524,0.07080800090404282,0.07314194076502045,0.09229566769762339,-0.30788612303480245,0.8599763943953722,-2.68303092250776,355.25,452.25
43,12,0,-0.017204877990205494,-0.0052217184631344615,-0.01673954677406253,0.024565964189649143,0.14910262823104858,614.5,51.635380853306884,1.3079996323284524,0.02693669855304199,0.024496738443437804,0.09229566769762339,-0.30788612303480245,0.8599763943953722,-2.68303092250776,355.25,452.25
43,123,6,-0.02074132872179496,-0.006582455069723131,-0.01750981551202546,0.027930719130656978,0.13181424140930176,990.0,62.39770794004599,0.9050859033903074,0.11902963247253033,0.1339576477264195,0.23657596507764628,0.15435823585210337,1.288981811157794,3.0158042817933177,840.0,169.5
43,126,6,0.0027296813135749276,-0.011628258582342121,0.00392317982017909,0.01257214769372973,0.3729483485221863,820.5,47.57693814009551,1.1475094729067616,0.33756431591911834,0.4990289583769777,0.2123880597271262,0.15950027609491138,0.9308510001983766,2.998062617650397,797.75,484.25
44,0,0,-0.01639474975464176,-0.004814407759449135,-0.01627622689692343,0.023598345357073315,0.08388170599937439,566.5,52.17026983895244,1.3375346131703596,0.2073984411021619,0.14705374164133123,0.034948496845883144,-0.2604697541178141,0.8612762268969235,-2.8754417334657747,405.75,416.5
44,3,0,-0.004858359540228247,-0.0017016945808836503,-0.005810872407348233,0.007763096032074875,0.17018480598926544,577.0,50.20970061385725,1.3545904273734448,0.13824462108195582,0.13477310287787714,0.023412106627493552,-0.26358246729749596,0.849047395595425,-2.862355099721517,406.0,417.75
44,6,0,-0.004858359544512077,-0.001701694582086244,-0.005810548009139049,0.007762853217790675,0.17018480598926544,577.0,50.20970061385725,1.3545904273734448,0.09290635128031864,0.1134867509545584,0.023412106627493552,-0.26358246729749596,0.849047395595425,-2.862355099721517,406.0,417.75
44,9,0,-0.004858359548817238,-0.0017016945832951658,-0.005810547978376768,0.00776285319772428,0.17018480598926544,577.0,50.20970061385725,1.3545904273734448,0.04550299368237118,0.05921060486543017,0.023412106627493552,-0.26358246729749596,0.849047395595425,-2.862355099721517,406.0,417.75
44,132,5,-0.006006444754943163,-0.00906750292009359,-0.009418720548021176,0.014387817227147636,0.1849939525127411,755.0,61.50330390309883,1.0176976593508462,0.01262977009144916,0.002543249357537025,0.20450291365671686,0.1655790216866282,1.1372386279759166,3.139730175373387,827.0,308.5
44,135,6,-0.007310317804105265,-0.00816878699363116,-0.010110133367699281,0.014912565978295031,0.2494080811738968,724.5,56.688406990319265,1.1003602679765476,0.10837445962394025,0.1352379608265597,0.2068451718537428,0.16116786851038706,1.0045316531941015,3.108087658825769,806.5,424.75
45,0,0,-0.011894067565891397,-0.003954485364968008,-0.012214119934106815,0.017501186346316106,0.09705308079719543,647.5,49.06315580130994,1.268526058531778,0.21626691516969665,0.15172852723355235,0.1118727433203885,-0.15271447040763428,0.8572141199341069,-2.775377434447139,495.25,466.5
45,3,0,8.310044511468384e-05,-0.0014253721409900888,-0.00038145788326104935,0.0014778706103684884,0.35263893008232117,652.5,47.19041990526395,1.286785494886778,0.1719899800964069,0.14520385136461467,0.09989557530552746,-0.15524358363309382,0.8436179810713378,-2.7594805548801666,495.0,467.75
45,6,0,8.310044096138114e-05,-0.0014253721425862842,-0.0003811334850518655,0.0014777869134542944,0.35263893008232117,652.5,47.19041990526395,1.286785494886778,0.12504086540800252,0.13476601965163393,0.09989557530552746,-0.15524358363309382,0.8436179810713378,-2.7594805548801666,495.0,467.75
45,9,0,8.310043678740053e-05,-0.00142537214419039,-0.0003811334542895839,0.0014777869068329428,0.35263893008232117,652.5,47.19041990526395,1.286785494886778,0.07016366149758935,0.093218112878378,0.09989557530552746,-0.15524358363309382,0.8436179810713378,-2.7594805548801666,495.0,467.75
45,12,0,8.310043259268651e-05,-0.0014253721458025448,-0.00038113345002810384,0.0014777869070529647,0.35263893008232117,652.5,47.19041990526395,1.286785494886778,0.027511528250925055,0.04274312901760513,0.09989557530552746,-0.15524358363309382,0.8436179810713378,-2.7594805548801666,495.0,467.75
45,144,6,0.004580022145742435,-0.007094642744813695,-0.005389797962806808,0.010018007816522463,0.17936594784259796,597.0,70.07301867525788,0.9736745939490943,0.10360644338076824,0.11889477796652637,0.19887753017377002,0.15644902731317867,1.2191810995318506,-2.8601563862932537,826.5,222.5
45,147,6,0.0025191470357211754,-0.006766182144099325,-0.001634931256133343,0.007402724012618131,0.1283760964870453,624.0,56.790025356193915,1.1790659604136229,0.32137963150451293,0.45265324230765414,0.20408281473458706,0.14803671091015178,0.8927966953935693,-2.8806971620663866,782.0,505.0
46,0,0,0.007648240855305528,0.00026150429674429154,0.005883607968734883,0.009653021050828646,0.06879381835460663,564.0,50.25701325843853,1.3472562488759319,0.18949826472735778,0.13730579966767498,0.0231086577952267,-0.17627750393758126,0.8391163920312652,2.5976608984284058,483.0,424.0
46,3,0,-0.017931724310547,-0.004828710613888648,-0.01752637110930355,0.02553501257495624,0.0749114453792572,580.0,51.26210723377161,1.3134081826196577,0.13873905808241904,0.11016114808458488,0.04868862295761706,-0.17118728902469696,0.8607628942973803,2.617837774136284,483.5,425.0
46,6,0,-0.017931724314277146,-0.004828710611463033,-0.017526046711094367,0.02553478992222093,0.0749114453792572,580.0,51.26210723377161,1.3134081826196577,0.09484148439952941,0.08942178734550055,0.04868862295761706,-0.17118728902469696,0.8607628942973803,2.617837774136284,483.5,425.0
46,9,0,-0.017931724318025862,-0.004828710609025316,-0.017526046680332086,0.02553478990327849,0.0749114453792572,580.0,51.26210723377161,1.3134081826196577,0.04796732372716228,0.04637653404467712,0.04868862295761706,-0.17118728902469696,0.8607628942973803,2.617837774136284,483.5,425.0
47,0,0,0.016941925046986266,0.006872086603881888,0.014824923393240819,0.023537900335510224,0.27179011702537537,590.0,49.30303505059869,1.3811094763844944,0.3063753342019316,0.17904812341260867,0.0321014972702613,-0.35292773265528593,0.8301750766067593,-1.597188751858583,329.75,435.0
47,3,0,-0.011215499890778198,-0.003094351531550521,-0.011400072709026987,0.01628877242065702,0.07280381768941879,610.0,50.398140417491035,1.3425391496109758,0.20173957496922934,0.13983723034098505,0.060258922207892925,-0.342961294523981,0.8546365958971037,-1.5859491888151058,329.75,436.0
47,6,0,-0.01121549989092134,-0.0030943515359977414,-0.011399748310817803,0.016288545385686887,0.07280381768941879,610.0,50.398140417491035,1.3425391496109758,0.1276013439776109,0.13855296758912217,0.060258922207892925,-0.342961294523981,0.8546365958971037,-1.5859491888151058,329.75,436.0
47,9,0,-0.011215499891065205,-0.0030943515404669997,-0.011399748280055522,0.016288545365105593,0.07280381768941879,610.0,50.398140417491035,1.3425391496109758,0.07854443563589977,0.094425559990018,0.060258922207892925,-0.342961294523981,0.8546365958971037,-1.5859491888151058,329.75,436.0
47,12,0,-0.011215499891209728,-0.003094351544958407,-0.011399748275794042,0.01628854536307589,0.07280381768941879,610.0,50.398140417491035,1.3425391496109758,0.035616176698078615,0.03808076464831023,0.060258922207892925,-0.342961294523981,0.8546365958971037,-1.5859491888151058,329.75,436.0
47,165,6,-0.005631632425576044,-0.009962060269706113,-0.010363109491613898,0.015438651719927962,0.16694176197052002,610.0,66.29819477161311,1.0294477323807651,0.3464955426867173,0.4362671806823566,0.20679624748471298,0.15801902153150837,1.1131166279970945,-1.584750380065032,815.5,332.5
48,0,0,-0.007364326390380829,-0.003320007365445729,-0.0074173332113054435,0.010966885795804028,0.10816467553377151,672.0,46.927397067003945,1.2676746860824457,0.21893511168282515,0.157740486827736,0.11358234768899574,-0.1249328286967472,0.8524173332113055,-0.8902807000171952,521.0,470.75
48,3,0,-0.010409367525678712,-0.0036155781864576214,-0.010265953953981444,0.01506044981042432,0.08181198686361313,668.0,47.4550498365432,1.2647487595220985,0.20074125286491798,0.14533547947432668,0.11662738882695096,-0.12463725787889664,0.8535024771420582,-0.8888625766192518,521.0,472.0
48,6,0,-0.010409367522815682,-0.0036155781898635914,-0.01026562955577226,0.01506022868512999,0.08181198686361313,668.0,47.4550498365432,1.2647487595220985,0.14370450223739437,0.1382747771881343,0.11662738882695096,-0.12463725787889664,0.8535024771420582,-0.8888625766192518,521.0,472.0
48,9,0,-0.010409367519938345,-0.003615578193286492,-0.010265629525009978,0.015060228662994222,0.08181198686361313,668.0,47.4550498365432,1.2647487595220985,0.08805789811393132,0.10435623896872148,0.11662738882695096,-0.12463725787889664,0.8535024771420582,-0.8888625766192518,521.0,472.0
48,12,0,-0.010409367517046714,-0.003615578196726435,-0.010265629520748498,0.015060228658916633,0.08181198686361313,668.0,47.4550498365432,1.2647487595220985,0.04329088521798218,0.05424410995720974,0.11662738882695096,-0.12463725787889664,0.8535024771420582,-0.8888625766192518,521.0,472.0
49,0,0,-0.010413635650787484,-0.0024424453811033864,-0.009750055607430252,0.014473179721644013,0.10356911271810532,796.0,46.20994655590185,1.2308460400772765,0.3750950180936087,0.1541100704835099,0.21861566875295418,-0.3208551672026187,0.8547500556074303,-0.8795272323410057,322.0,541.0
49,3,0,-0.017792344454294534,-0.005680650835775791,-0.01817851601646403,0.026063302930732033,0.10182900726795197,812.0,46.031198157482415,1.2204705938750815,0.2834331309317464,0.15907719892698702,0.22599437755920188,-0.3176169617510359,0.8614150392045408,-0.8548368897937211,322.5,542.0
49,6,0,-0.01779234445134173,-0.00568065083910424,-0.018178191618254846,0.026063076670665673,0.10182900726795197,812.0,46.031198157482415,1.2204705938750815,0.2223517411462717,0.1789679329280176,0.22599437755920188,-0.3176169617510359,0.8614150392045408,-0.8548368897937211,322.5,542.0
49,9,0,-0.017792344448374214,-0.005680650842449286,-0.018178191587492565,0.026063076647913193,0.10182900726795197,812.0,46.031198157482415,1.2204705938750815,0.17114978575874887,0.15399262886611909,0.22599437755920188,-0.3176169617510359,0.8614150392045408,-0.8548368897937211,322.5,542.0
49,12,0,-0.01779234444539196,-0.005680650845810931,-0.018178191583231085,0.02606307664363776,0.10182900726795197,812.0,46.031198157482415,1.2204705938750815,0.1148572694796598,0.10984579062076594,0.22599437755920188,-0.3176169617510359,0.8614150392045408,-0.8548368897937211,322.5,542.0
49,15,0,-0.01779234444239486,-0.005680650849189284,-0.01817819157895173,0.026063076639343364,0.10182900726795197,812.0,46.031198157482415,1.2204705938750815,0.05958316524589698,0.061273220564154296,0.22599437755920188,-0.3176169617510359,0.8614150392045408,-0.8548368897937211,322.5,542.0
50,0,0,-0.0004652853019856962,-0.001626252533609207,-0.00011611791877219613,0.0016954855016703245,0.213999405503273,693.5,46.82625322085497,1.2572989854315322,0.2621880120028243,0.1867372135456491,0.14375284163424512,-0.16978428227411677,0.8451161179187723,-2.3408628554183233,477.75,495.25
50,3,0,0.005413156383910073,6.576009678599393e-06,0.006078878215999728,0.008139721472232677,0.07756564021110535,696.0,45.836751353058865,1.2672511752940188,0.2142658045458553,0.17997861949011562,0.1378743999456385,-0.1714171108205201,0.837157644972077,-2.320244752849724,477.5,496.5
50,6,0,0.005413156380989409,6.5760063219233444e-06,0.006079202614208912,0.008139963739078325,0.07756564021110535,696.0,45.836751353058865,1.2672511752940188,0.16149572365315795,0.16687991018618864,0.1378743999456385,-0.1714171108205201,0.837157644972077,-2.320244752849724,477.5,496.5
50,9,0,0.005413156378054201,6.576002948510684e-06,0.006079202644971193,0.008139963760097978,0.07756564021110535,696.0,45.836751353058865,1.2672511752940188,0.10526321797518512,0.13163146325232744,0.1378743999456385,-0.1714171108205201,0.837157644972077,-2.320244752849724,477.5,496.5
50,12,0,0.0054131563751043665,6.575999558333656e-06,0.006079202649232673,0.008139963761316189,0.07756564021110535,696.0,45.836751353058865,1.2672511752940188,0.05411163461341137,0.08179703666173332,0.1378743999456385,-0.1714171108205201,0.837157644972077,-2.320244752849724,477.5,496.5
50,15,0,0.007981802929338921,0.0007911374625523826,0.008715525656035394,0.01184463861620389,0.19655874371528625,696.5,45.45808080933962,1.271003841847034,0.015540120697718781,0.03322345859680109,0.13530575338843948,-0.17220167228692118,0.8345213219695536,-2.2988324008353964,477.25,496.5
50,156,6,0.02452266012255938,-0.013501707004899194,0.018092643710883816,0.03333167724525263,0.22678345441818237,534.0,61.76792194095575,1.1826598056714268,0.3425827478797564,0.5014038795701636,0.17608226233347507,0.15705595125126134,0.9162271258395283,-1.4233483921421588,790.5,469.0
51,0,0,0.006066919618507074,9.114286102754332e-05,0.0040310914666399356,0.007284608369086125,0.2989608943462372,564.0,49.88903871233162,1.3665504520765481,0.19341540176483302,0.1634326005791814,0.007441526959443065,-0.23653813733304355,0.8409689085333601,-2.2976704305077957,432.25,413.75
51,3,0,0.035705522471198375,0.008234656750837982,0.0298311747745037,0.047250321640940805,0.2974834740161896,532.0,49.96824010322451,1.407822969622724,0.13030294661939013,0.16614270173010404,-0.02219707589603897,-0.24468165122589822,0.813405348413573,-2.250105576350982,431.5,414.5
51,6,0,0.03570552246819164,0.008234656747558161,0.02983149917271255,0.04725052644540792,0.2974834740161896,532.0,49.96824010322451,1.407822969622724,0.08774153661910021,0.14419604067745762,-0.02219707589603897,-0.24468165122589822,0.813405348413573,-2.250105576350982,431.5,414.5
51,147,6,0.006093662676183609,-0.00574676552581721,-0.0014359795118087382,0.008498239581123187,0.2777490019798279,481.5,65.91198271512263,1.1498919838323665,0.31237498250530565,0.4244638048117957,0.2069158643499786,0.14940766322205679,0.9308867731304065,-1.4321178365602496,787.0,480.25
52,0,0,0.0005171793988443252,-0.0012499392736253778,0.0010705392667541558,0.0017250730535263254,0.14966261386871338,733.5,44.68483759178225,1.2477137337186532,0.2667454502104034,0.1802899052789022,0.15899296938062174,-0.1689168837972446,0.8439294607332459,0.33556842506638673,477.25,506.25
52,3,0,-0.0024601549659301336,-0.0016596801666491634,-0.0018776548865595544,0.0035117643122767033,0.09201793372631073,721.5,45.85057020264567,1.2447918620110263,0.23121963078061317,0.15144908635768572,0.16197030374929028,-0.16850714290284532,0.8451141780746363,0.3370599548189487,477.25,507.5
52,6,0,-0.0024601549617347673,-0.00165968016516721,-0.0018773304883503705,0.0035115908715121543,0.09201793372631073,721.5,45.85057020264567,1.2447918620110263,0.1789722464041669,0.14983968816637327,0.16197030374929028,-0.16850714290284532,0.8451141780746363,0.3370599548189487,477.25,507.5
52,9,0,-0.0024601549575184734,-0.001659680163677818,-0.001877330457588089,0.003511590851408554,0.09201793372631073,721.5,45.85057020264567,1.2447918620110263,0.12101462991782519,0.11615352683711355,0.16197030374929028,-0.16850714290284532,0.8451141780746363,0.3370599548189487,477.25,507.5
52,12,0,-0.002460154953281224,-0.0016596801621810708,-0.0018773304533266089,0.003511590845454381,0.09201793372631073,721.5,45.85057020264567,1.2447918620110263,0.06807903230052689,0.08306056639560777,0.16197030374929028,-0.16850714290284532,0.8451141780746363,0.3370599548189487,477.25,507.5
52,15,0,-0.002460154949022908,-0.001659680160676913,-0.0018773304490472542,0.0035115908394723915,0.09201793372631073,721.5,45.85057020264567,1.2447918620110263,0.022183028303440547,0.029434140178116075,0.16197030374929028,-0.16850714290284532,0.8451141780746363,0.3370599548189487,477.25,507.5
52,150,6,0.029077445719181694,-0.013659960760518702,0.024916749483949063,0.04065632524437919,0.0469057559967041,522.5,59.753222007011075,1.2365296995101578,0.42535792688761026,0.63947568455174,0.17221483142534982,0.1578509315839508,0.8450908908312404,0.09574043472102857,784.75,514.5
53,0,0,0.01358860197520366,0.0009394390938585462,0.013775277758943605,0.01937242697205554,0.07860643416643143,664.0,45.64646657719804,1.2964127443690905,0.23072272569806318,0.18988104739840406,0.09952570548312074,-0.16026240250258922,0.8312247222410565,2.6541859291092136,491.5,475.5
53,3,0,0.012816635240697094,0.0009416521093743302,0.012810721834613625,0.018145727913534197,0.07867414504289627,664.0,45.64480883266332,1.2964434937268414,0.1878226676563766,0.16497390483031393,0.10029767221400594,-0.1602646155161198,0.8304258013533695,2.654255681128325,491.5,476.5
53,6,0,0.01281663523679541,0.0009416521115131748,0.012811046232422796,0.018145956934299642,0.07867414504289627,664.0,45.64480883266332,1.2964434937268414,0.1361030952989876,0.15190574280114655,0.10029767221400594,-0.1602646155161198,0.8304258013533695,2.654255681128325,491.5,476.5
53,9,0,0.012816635232874282,0.0009416521136626499,0.012811046261060333,0.018145956951859762,0.07867414504289627,664.0,45.64480883266332,1.2964434937268414,0.08115915312832661,0.11276556026350504,0.10029767221400594,-0.1602646155161198,0.8304258013533695,2.654255681128325,491.5,476.5
53,12,0,0.012816635228933768,0.0009416521158228386,0.012811046266918535,0.018145956953324535,0.07867414504289627,664.0,45.64480883266332,1.2964434937268414,0.0347888800319576,0.062965613263953,0.10029767221400594,-0.1602646155161198,0.8304258013533695,2.654255681128325,491.5,476.5
54,0,0,0.0069852246050648905,0.004029372726906122,0.0049578932972781375,0.009466251280350333,0.16301508247852325,565.0,50.739899807117794,1.3952773108393357,0.2989527806723381,0.1538231523752407,0.0072723988966930195,-0.3650579633108982,0.840042106702722,-1.1564182568573451,321.75,414.25
54,3,0,0.0014086385429191838,0.001781893640936727,0.00016284630545271295,0.0022772629210101817,0.26368847489356995,553.5,52.01939452423593,1.3887454516659608,0.2042784002014584,0.16845501782772343,0.012848984960541607,-0.3628104842286912,0.843073676882624,-1.153158224050569,322.25,415.5
54,6,0,0.0014086385447538673,0.0017818936368831362,0.0001631707036618968,0.002277286139567099,0.26368847489356995,553.5,52.01939452423593,1.3887454516659608,0.1392675874658647,0.17038584721011796,0.012848984960541607,-0.3628104842286912,0.843073676882624,-1.153158224050569,322.25,415.5
54,9,0,0.0014086385465976944,0.0017818936328093948,0.0001631707344241784,0.0022772861397242234,0.26368847489356995,553.5,52.01939452423593,1.3887454516659608,0.08762131468734018,0.12204701500396187,0.012848984960541607,-0.3628104842286912,0.843073676882624,-1.153158224050569,322.25,415.5
54,12,0,0.001408638548450681,0.0017818936287153364,0.00016317073868565846,0.002277286137972296,0.26368847489356995,553.5,52.01939452423593,1.3887454516659608,0.03957291427015678,0.06060447122438395,0.012848984960541607,-0.3628104842286912,0.843073676882624,-1.153158224050569,322.25,415.5
55,0,0,-0.017481606900239338,-0.00498912298304427,-0.017904352080215347,0.025515950920291953,0.13349774479866028,802.0,44.936719917975374,1.1912190444855615,0.3070247059157577,0.13326284047747405,0.22049817097857477,-0.15633624640218494,0.8629043520802154,1.0967599779103687,481.75,537.0
55,3,0,-0.003213462501594544,-0.002418483305172997,-0.0020373979343147886,0.0045084801307430575,0.27935484051704407,785.5,43.95789097867201,1.2140228362530894,0.26241534641950304,0.1580088727729031,0.2062300265818539,-0.15890688607640197,0.8452739211223915,1.0784811977512594,482.25,538.25
55,6,0,-0.0032134624995216743,-0.0024184833012358964,-0.0020370735361056047,0.00450833353975621,0.27935484051704407,785.5,43.95789097867201,1.2140228362530894,0.2128556859478084,0.1603144391907102,0.2062300265818539,-0.15890688607640197,0.8452739211223915,1.0784811977512594,482.25,538.25
55,9,0,-0.0032134624974384796,-0.0024184832972792003,-0.002037073505343323,0.004508333522248964,0.27935484051704407,785.5,43.95789097867201,1.2140228362530894,0.1561818990155853,0.12939824168382474,0.2062300265818539,-0.15890688607640197,0.8452739211223915,1.0784811977512594,482.25,538.25
55,12,0,-0.003213462495344932,-0.0024184832933027978,-0.002037073501081843,0.004508333516698056,0.27935484051704407,785.5,43.95789097867201,1.2140228362530894,0.10013871208210937,0.103422407315511,0.2062300265818539,-0.15890688607640197,0.8452739211223915,1.0784811977512594,482.25,538.25
55,15,0,-0.003213462493241004,-0.002418483289306661,-0.0020370734968024884,0.004508333511121085,0.27935484051704407,785.5,43.95789097867201,1.2140228362530894,0.04730760500906243,0.05663231971501348,0.2062300265818539,-0.15890688607640197,0.8452739211223915,1.0784811977512594,482.25,538.25
56,0,0,-0.028631925025897564,-0.00916057172956719,-0.029117845356383065,0.041851548636811564,0.05896028131246567,705.5,49.84243657085999,1.2393866811080023,0.30165579357124434,0.14724762224411414,0.16806603116027957,-0.27712031317706587,0.8741178453563831,-1.3797750155114916,369.75,492.5
56,3,0,0.005592714266473758,0.002355032551235592,0.006326191510818813,0.008766146828302292,0.11219962686300278,704.0,45.87322204632203,1.2912297122072403,0.21880026050913678,0.16867726018881912,0.13384139186868854,-0.28863591746192413,0.8369103316772579,-1.404931720748958,370.0,494.0
56,6,0,0.005592714267314419,0.0023550325468662536,0.0063265159090279965,0.008766380936270449,0.11219962686300278,704.0,45.87322204632203,1.2912297122072403,0.16141949702643596,0.17195282440456072,0.13384139186868854,-0.28863591746192413,0.8369103316772579,-1.404931720748958,370.0,494.0
56,9,0,0.005592714268159271,0.0023550325424752105,0.006326515939790278,0.00876638095783032,0.11219962686300278,704.0,45.87322204632203,1.2912297122072403,0.10920749241414013,0.13568823672029628,0.13384139186868854,-0.28863591746192413,0.8369103316772579,-1.404931720748958,370.0,494.0
56,12,0,0.005592714269008314,0.0023550325380623516,0.006326515944051758,0.00876638096026192,0.11219962686300278,704.0,45.87322204632203,1.2912297122072403,0.05630909709464121,0.0821337602502149,0.13384139186868854,-0.28863591746192413,0.8369103316772579,-1.404931720748958,370.0,494.0
56,165,6,5.6843698799075026e-05,-0.012713027251509995,-0.0051064603816388665,0.01370037337932716,0.34070178866386414,565.5,66.17507404713712,1.0670405647565446,0.30497888988134625,0.4005495534155221,0.1968960697028514,0.16005182276906363,1.0659071276460055,-0.8885943562620194,811.0,367.25
57,0,0,0.002021501467968617,0.0015170712448879797,0.002098812332641642,0.003285268110019925,0.2699412703514099,665.5,47.575127147537664,1.3103273760903646,0.2987173730633809,0.16033294949101284,0.10506645153089118,-0.30532527085234884,0.8429011876673584,1.3739328079735427,358.25,471.5
57,3,0,0.0015643705911067424,0.001075888662511737,0.0014294083689043724,0.002376552133982087,0.08981805294752121,665.5,47.566733706010766,1.3106703191871114,0.2022897633346334,0.1522648782365591,0.10552358240855415,-0.3048840882659213,0.8418071148191724,1.3736026735217444,358.75,472.5
57,6,0,0.001564370591969802,0.0010758886668767453,0.0014297327671135562,0.0023767472642020554,0.08981805294752121,665.5,47.566733706010766,1.3106703191871114,0.1406739931853298,0.14665147748811402,0.10552358240855415,-0.3048840882659213,0.8418071148191724,1.3736026735217444,358.75,472.5
57,9,0,0.0015643705928371637,0.001075888671263403,0.0014297327978758378,0.0023767472852637282,0.08981805294752121,665.5,47.566733706010766,1.3106703191871114,0.09006606536367673,0.1076082443290256,0.10552358240855415,-0.3048840882659213,0.8418071148191724,1.3736026735217444,358.75,472.5
57,12,0,0.0015643705937088276,0.0010758886756718211,0.001429732802137318,0.0023767472903965204,0.08981805294752121,665.5,47.566733706010766,1.3106703191871114,0.04199343194648803,0.056738871581996086,0.10552358240855415,-0.3048840882659213,0.8418071148191724,1.3736026735217444,358.75,472.5
58,0,0,-0.01005310590827746,-0.0023051402382048836,-0.009601146806450522,0.014091154314670232,0.2330937534570694,769.5,48.65135844134875,1.2474502206640763,0.41365577682950194,0.15936624213491346,0.21917030086044892,-0.3803918081086487,0.8546011468064506,-0.7926485691908571,263.75,541.5
58,3,0,-0.02635173800796864,-0.010020225245292336,-0.027574339958972516,0.03943555799250217,0.09075004607439041,810.0,48.067597289574316,1.2232617180181198,0.31043317377797985,0.14995248928242133,0.23546893296311738,-0.3726767231044234,0.8708108631470493,-0.789349423580125,264.0,542.75
58,6,0,-0.026351738004760844,-0.010020225248375758,-0.027574015560763332,0.03943533116438814,0.09075004607439041,810.0,48.067597289574316,1.2232617180181198,0.22998462551742677,0.17048919317387878,0.23546893296311738,-0.3726767231044234,0.8708108631470493,-0.789349423580125,264.0,542.75
58,9,0,-0.026351738001537117,-0.010020225251474668,-0.02757401553000105,0.03943533114151173,0.09075004607439041,810.0,48.067597289574316,1.2232617180181198,0.17975062896029248,0.15271994346721152,0.23546893296311738,-0.3726767231044234,0.8708108631470493,-0.789349423580125,264.0,542.75
58,12,0,-0.02635173799829732,-0.0100202252545889,-0.02757401552573957,0.0394353311371584,0.09075004607439041,810.0,48.067597289574316,1.2232617180181198,0.12275245683386563,0.10290891312126504,0.23546893296311738,-0.3726767231044234,0.8708108631470493,-0.789349423580125,264.0,542.75
58,15,0,-0.026351737995041452,-0.010020225257718507,-0.027574015521460216,0.03943533113278574,0.09075004607439041,810.0,48.067597289574316,1.2232617180181198,0.06483001582415582,0.056447762461712236,0.23546893296311738,-0.3726767231044234,0.8708108631470493,-0.789349423580125,264.0,542.75
58,18,0,-0.026351737991769403,-0.010020225260863824,-0.027574015517160655,0.03943533112839213,0.09075004607439041,810.0,48.067597289574316,1.2232617180181198,0.012629848576949288,-0.006098186701974262,0.23546893296311738,-0.3726767231044234,0.8708108631470493,-0.789349423580125,264.0,542.75
59,0,0,-0.014005698201291522,-0.0041177699935842915,-0.014036008783555487,0.020251546963078414,0.09583178907632828,780.0,46.323310747062315,1.205310692384766,0.318947163727899,0.14777122188405456,0.21629410731920645,-0.2115705681566036,0.8590360087835556,-0.837799617184958,428.5,536.5
59,3,0,0.004786240713036544,0.0007026891531073387,0.006810723332084656,0.008353910731820492,0.09473250061273575,786.0,43.19971764214544,1.2350893350595233,0.26024543342797984,0.17612095393089167,0.19750216840770624,-0.21639102730630497,0.8364257998559921,-0.8273829138382641,429.0,537.75
59,6,0,0.004786240716083273,0.000702689149864627,0.00681104773029384,0.00835417520871879,0.09473250061273575,786.0,43.19971764214544,1.2350893350595233,0.20989742255713648,0.18475051859537683,0.19750216840770624,-0.21639102730630497,0.8364257998559921,-0.8273829138382641,429.0,537.75
59,9,0,0.0047862407191451295,0.0007026891466057339,0.0068110477610561215,0.008354175235278944,0.09473250061273575,786.0,43.19971764214544,1.2350893350595233,0.15655505150335294,0.15809087674512123,0.19750216840770624,-0.21639102730630497,0.8364257998559921,-0.8273829138382641,429.0,537.75
59,12,0,0.004786240722222279,0.0007026891433306592,0.006811047765317602,0.008354175240240744,0.09473250061273575,786.0,43.19971764214544,1.2350893350595233,0.1011140828796267,0.12446838852228703,0.19750216840770624,-0.21639102730630497,0.8364257998559921,-0.8273829138382641,429.0,537.75
59,15,0,0.004786240725314667,0.0007026891400393198,0.006811047769596956,0.008354175245224481,0.09473250061273575,786.0,43.19971764214544,1.2350893350595233,0.04813956346854189,0.07768602594107421,0.19750216840770624,-0.21639102730630497,0.8364257998559921,-0.8273829138382641,429.0,537.75
